ISO-10303-21;
HEADER;
FILE_DESCRIPTION (( 'STEP AP203' ),
    '1' );
FILE_NAME ('Headplate for current headclamp MT1M.STEP',
    '2019-12-12T16:25:56',
    ( '' ),
    ( '' ),
    'SwSTEP 2.0',
    'SolidWorks 2018',
    '' );
FILE_SCHEMA (( 'CONFIG_CONTROL_DESIGN' ));
ENDSEC;

DATA;
#1 = CARTESIAN_POINT ( 'NONE',  ( -31.44852205358110453, 18.15130111949715541, 23.48120123309918839 ) ) ;
#2 = ORIENTED_EDGE ( 'NONE', *, *, #1158, .F. ) ;
#3 = AXIS2_PLACEMENT_3D ( 'NONE', #1562, #168, #1171 ) ;
#4 = DIRECTION ( 'NONE',  ( -0.0000000000000000000, 1.000000000000000000, -0.0000000000000000000 ) ) ;
#5 = FACE_BOUND ( 'NONE', #1369, .T. ) ;
#6 = VERTEX_POINT ( 'NONE', #1912 ) ;
#7 = CIRCLE ( 'NONE', #2173, 2.999999999999999112 ) ;
#8 = CARTESIAN_POINT ( 'NONE',  ( 22.54366636062952622, 13.98360090365681430, 19.93153440711836666 ) ) ;
#9 = VERTEX_POINT ( 'NONE', #2283 ) ;
#10 = VECTOR ( 'NONE', #53, 1000.000000000000000 ) ;
#11 = CARTESIAN_POINT ( 'NONE',  ( -30.56902533691646795, 17.48360090365682140, 22.64981832127110195 ) ) ;
#12 = CARTESIAN_POINT ( 'NONE',  ( 24.48005539907789796, 23.46360090365681117, 22.43153440711835955 ) ) ;
#13 = VERTEX_POINT ( 'NONE', #1286 ) ;
#14 = CIRCLE ( 'NONE', #2156, 2.999999999999999112 ) ;
#15 = CARTESIAN_POINT ( 'NONE',  ( -32.55994460092210119, 23.46360090365682183, 47.43153440711836311 ) ) ;
#16 = DIRECTION ( 'NONE',  ( -0.0000000000000000000, 1.000000000000000000, -0.0000000000000000000 ) ) ;
#17 = VERTEX_POINT ( 'NONE', #1702 ) ;
#18 = EDGE_CURVE ( 'NONE', #742, #1214, #1677, .T. ) ;
#19 = DIRECTION ( 'NONE',  ( 1.000000000000000000, -0.0000000000000000000, -0.0000000000000000000 ) ) ;
#20 = ORIENTED_EDGE ( 'NONE', *, *, #390, .T. ) ;
#21 = APPROVAL_STATUS ( 'not_yet_approved' ) ;
#22 = CARTESIAN_POINT ( 'NONE',  ( 0.3765470721816093214, 8.983600903656814296, 52.93254298832367510 ) ) ;
#23 = ORIENTED_EDGE ( 'NONE', *, *, #1399, .T. ) ;
#24 = AXIS2_PLACEMENT_3D ( 'NONE', #69, #2296, #1690 ) ;
#25 = CARTESIAN_POINT ( 'NONE',  ( -32.55994460092210119, 20.48360090365682495, 17.92824671921744084 ) ) ;
#26 = ORIENTED_EDGE ( 'NONE', *, *, #184, .F. ) ;
#27 = CARTESIAN_POINT ( 'NONE',  ( 21.46343028543363474, 13.98360090365681430, 25.93153440711837021 ) ) ;
#28 = CARTESIAN_POINT ( 'NONE',  ( -1.555765139312076162, 7.500212476809483775, 54.78549606802712901 ) ) ;
#29 = DIRECTION ( 'NONE',  ( -0.0000000000000000000, -1.000000000000000000, 0.0000000000000000000 ) ) ;
#30 = APPLICATION_PROTOCOL_DEFINITION ( 'international standard', 'config_control_design', 1994, #411 ) ;
#31 = DIRECTION ( 'NONE',  ( 0.0000000000000000000, 0.0000000000000000000, 1.000000000000000000 ) ) ;
#32 = CARTESIAN_POINT ( 'NONE',  ( -32.55994460092210119, 48.46360090365682538, 25.48153440711836382 ) ) ;
#33 = VECTOR ( 'NONE', #2447, 1000.000000000000000 ) ;
#34 = DIRECTION ( 'NONE',  ( 0.0000000000000000000, 0.0000000000000000000, 1.000000000000000000 ) ) ;
#35 = EDGE_CURVE ( 'NONE', #2518, #2397, #2050, .T. ) ;
#36 = FACE_OUTER_BOUND ( 'NONE', #2436, .T. ) ;
#37 = DIRECTION ( 'NONE',  ( -0.0000000000000000000, 1.000000000000000000, -0.0000000000000000000 ) ) ;
#38 = EDGE_LOOP ( 'NONE', ( #418, #2562, #2457, #599 ) ) ;
#39 = DIRECTION ( 'NONE',  ( -0.0000000000000000000, 1.000000000000000000, -0.0000000000000000000 ) ) ;
#40 = CARTESIAN_POINT ( 'NONE',  ( -31.81760860924398671, 18.50520392921861657, 24.57872697489791491 ) ) ;
#41 = LINE ( 'NONE', #1979, #1361 ) ;
#42 = AXIS2_PLACEMENT_3D ( 'NONE', #1118, #713, #919 ) ;
#43 = CARTESIAN_POINT ( 'NONE',  ( 18.54366636062952622, 11.98360090365681430, 23.13153440711835529 ) ) ;
#44 = ORIENTED_EDGE ( 'NONE', *, *, #840, .F. ) ;
#45 = VECTOR ( 'NONE', #547, 1000.000000000000000 ) ;
#46 = ADVANCED_FACE ( 'NONE', ( #907 ), #252, .F. ) ;
#47 = ORIENTED_EDGE ( 'NONE', *, *, #2553, .F. ) ;
#48 = DIRECTION ( 'NONE',  ( -1.000000000000000000, 1.994306155430570670E-32, 9.340818716798195839E-17 ) ) ;
#49 = LINE ( 'NONE', #2152, #856 ) ;
#50 = ORIENTED_EDGE ( 'NONE', *, *, #97, .F. ) ;
#51 = DIRECTION ( 'NONE',  ( -1.000000000000000000, 0.0000000000000000000, 0.0000000000000000000 ) ) ;
#52 = ORIENTED_EDGE ( 'NONE', *, *, #2568, .T. ) ;
#53 = DIRECTION ( 'NONE',  ( -1.133806193448892702E-16, 2.267612386897785405E-16, -1.000000000000000000 ) ) ;
#54 = ADVANCED_FACE ( 'NONE', ( #472 ), #1294, .F. ) ;
#55 = ORIENTED_EDGE ( 'NONE', *, *, #2369, .F. ) ;
#56 = EDGE_CURVE ( 'NONE', #600, #864, #2232, .T. ) ;
#57 = DIRECTION ( 'NONE',  ( 0.0000000000000000000, -1.000000000000000000, 0.0000000000000000000 ) ) ;
#58 = ORIENTED_EDGE ( 'NONE', *, *, #527, .T. ) ;
#59 = DIRECTION ( 'NONE',  ( 0.0000000000000000000, 0.0000000000000000000, 1.000000000000000000 ) ) ;
#60 = ORIENTED_EDGE ( 'NONE', *, *, #1181, .F. ) ;
#61 = CARTESIAN_POINT ( 'NONE',  ( -31.33378140122401589, 18.06360090365681614, 47.43153440714037572 ) ) ;
#62 = CARTESIAN_POINT ( 'NONE',  ( 25.14174257198285289, 11.98360090365681430, 28.43153440711835600 ) ) ;
#63 = CYLINDRICAL_SURFACE ( 'NONE', #2304, 8.000000000000000000 ) ;
#64 = CARTESIAN_POINT ( 'NONE',  ( 22.54366636062952622, 13.98360090365681430, 49.93153440711836311 ) ) ;
#65 = VECTOR ( 'NONE', #48, 1000.000000000000000 ) ;
#66 = VERTEX_POINT ( 'NONE', #310 ) ;
#67 = EDGE_CURVE ( 'NONE', #1787, #6, #1706, .T. ) ;
#68 = PRODUCT ( 'Headplate for current headclamp MT1M', 'Headplate for current headclamp MT1M', '', ( #1024 ) ) ;
#69 = CARTESIAN_POINT ( 'NONE',  ( 22.77492153665584240, 9.983600903656814296, 25.85126492544785393 ) ) ;
#70 = AXIS2_PLACEMENT_3D ( 'NONE', #711, #1511, #1527 ) ;
#71 = ORIENTED_EDGE ( 'NONE', *, *, #2351, .F. ) ;
#72 = DIRECTION ( 'NONE',  ( -0.0000000000000000000, 1.000000000000000000, -0.0000000000000000000 ) ) ;
#73 = ORIENTED_EDGE ( 'NONE', *, *, #354, .F. ) ;
#74 = VECTOR ( 'NONE', #531, 1000.000000000000000 ) ;
#75 = CARTESIAN_POINT ( 'NONE',  ( -1.126617636356200158, 8.307857953342466573, 53.68251346792146705 ) ) ;
#76 = EDGE_LOOP ( 'NONE', ( #1196, #309, #1116, #1217 ) ) ;
#77 = VECTOR ( 'NONE', #2006, 1000.000000000000000 ) ;
#78 = DIRECTION ( 'NONE',  ( -0.0000000000000000000, 1.000000000000000000, -0.0000000000000000000 ) ) ;
#79 = EDGE_LOOP ( 'NONE', ( #253, #1204, #2091, #1849 ) ) ;
#80 = ORIENTED_EDGE ( 'NONE', *, *, #1657, .F. ) ;
#81 = DIRECTION ( 'NONE',  ( 0.0000000000000000000, 1.000000000000000000, 0.0000000000000000000 ) ) ;
#82 = EDGE_CURVE ( 'NONE', #458, #461, #968, .T. ) ;
#83 = ORIENTED_EDGE ( 'NONE', *, *, #2286, .T. ) ;
#84 = DIRECTION ( 'NONE',  ( -0.0000000000000000000, 1.000000000000000000, -0.0000000000000000000 ) ) ;
#85 = CARTESIAN_POINT ( 'NONE',  ( 0.4400553990779043634, 13.98360090365681430, 52.93153440711837021 ) ) ;
#86 = B_SPLINE_CURVE_WITH_KNOTS ( 'NONE', 3,
 ( #2566, #2009, #569, #2396, #1576, #802, #995, #1982, #1193, #2600, #2174, #1401, #965, #561, #2378, #580, #2610, #781, #2405, #2384 ),
 .UNSPECIFIED., .F., .F.,
 ( 4, 2, 2, 2, 2, 2, 2, 2, 2, 4 ),
 ( 0.0000000000000000000, 0.0002204504274726719977, 0.0004409008549453439954, 0.0008818017098906848466, 0.001322702564836025644, 0.001763603419781366441, 0.002204504274726707454, 0.002645405129672048251, 0.003086305984617389048, 0.003527206839562729845 ),
 .UNSPECIFIED. ) ;
#87 = EDGE_CURVE ( 'NONE', #424, #297, #2388, .T. ) ;
#88 = AXIS2_PLACEMENT_3D ( 'NONE', #1063, #453, #1855 ) ;
#89 = CARTESIAN_POINT ( 'NONE',  ( -43.55994460092210119, 66.44360090365681515, 4.331534407118368790 ) ) ;
#90 = CARTESIAN_POINT ( 'NONE',  ( 25.54366636062952622, 13.98360090365681430, 39.93153440711836311 ) ) ;
#91 = CIRCLE ( 'NONE', #2488, 1.399999999999998579 ) ;
#92 = FACE_OUTER_BOUND ( 'NONE', #1472, .T. ) ;
#93 = CARTESIAN_POINT ( 'NONE',  ( -1.559944600922101854, -9.658581096285732679E-32, 1.632625958225976418E-16 ) ) ;
#94 = CYLINDRICAL_SURFACE ( 'NONE', #112, 2.000000000000000000 ) ;
#95 = CYLINDRICAL_SURFACE ( 'NONE', #2373, 1.399999999999998579 ) ;
#96 = DIRECTION ( 'NONE',  ( 0.0000000000000000000, 1.000000000000000000, 0.0000000000000000000 ) ) ;
#97 = EDGE_CURVE ( 'NONE', #1483, #1710, #1168, .T. ) ;
#98 = LINE ( 'NONE', #2434, #2326 ) ;
#99 = EDGE_LOOP ( 'NONE', ( #428, #166 ) ) ;
#100 = CARTESIAN_POINT ( 'NONE',  ( -29.56076137877645493, 17.48360090365682495, 22.43153440711836666 ) ) ;
#101 = CIRCLE ( 'NONE', #1254, 3.000000000000009770 ) ;
#102 = AXIS2_PLACEMENT_3D ( 'NONE', #1712, #2520, #923 ) ;
#103 = EDGE_LOOP ( 'NONE', ( #2004, #1805 ) ) ;
#104 = CIRCLE ( 'NONE', #760, 1.399999999999998579 ) ;
#105 = DIRECTION ( 'NONE',  ( 1.421904488505584338E-16, 0.0000000000000000000, 1.000000000000000000 ) ) ;
#106 = EDGE_LOOP ( 'NONE', ( #2280, #1580, #866, #1428 ) ) ;
#107 = VERTEX_POINT ( 'NONE', #198 ) ;
#108 = ORIENTED_EDGE ( 'NONE', *, *, #222, .F. ) ;
#109 = ORIENTED_EDGE ( 'NONE', *, *, #1513, .T. ) ;
#110 = EDGE_CURVE ( 'NONE', #1664, #180, #852, .T. ) ;
#111 = ORIENTED_EDGE ( 'NONE', *, *, #641, .T. ) ;
#112 = AXIS2_PLACEMENT_3D ( 'NONE', #860, #1045, #51 ) ;
#113 = CARTESIAN_POINT ( 'NONE',  ( 25.54366636062952622, 13.98360090365681430, 49.93153440711836311 ) ) ;
#114 = CC_DESIGN_PERSON_AND_ORGANIZATION_ASSIGNMENT ( #849, #433, ( #691 ) ) ;
#115 = DIRECTION ( 'NONE',  ( -9.637352644315595243E-17, 2.135044278125300603E-16, -1.000000000000000000 ) ) ;
#116 = VECTOR ( 'NONE', #1865, 1000.000000000000000 ) ;
#117 = VECTOR ( 'NONE', #540, 1000.000000000000000 ) ;
#118 = ORIENTED_EDGE ( 'NONE', *, *, #67, .T. ) ;
#119 = CARTESIAN_POINT ( 'NONE',  ( 22.54366636062951557, 8.983600903656814296, 49.93153440711835600 ) ) ;
#120 = ORIENTED_EDGE ( 'NONE', *, *, #1584, .T. ) ;
#121 = LINE ( 'NONE', #1357, #502 ) ;
#122 = EDGE_CURVE ( 'NONE', #1868, #1342, #1512, .T. ) ;
#123 = CARTESIAN_POINT ( 'NONE',  ( -43.55994460092209408, 23.46360090365682183, 44.38153440711838016 ) ) ;
#124 = ORIENTED_EDGE ( 'NONE', *, *, #2008, .T. ) ;
#125 = DIRECTION ( 'NONE',  ( 1.000000000000000000, 0.0000000000000000000, 0.0000000000000000000 ) ) ;
#126 = CARTESIAN_POINT ( 'NONE',  ( -29.55994460092210829, 17.48360090365682495, 4.331534407118363461 ) ) ;
#127 = EDGE_CURVE ( 'NONE', #640, #654, #1611, .T. ) ;
#128 = EDGE_LOOP ( 'NONE', ( #1721, #1929, #579, #2209 ) ) ;
#129 = CIRCLE ( 'NONE', #1810, 1.399999999999998579 ) ;
#130 = ADVANCED_FACE ( 'NONE', ( #1003 ), #1917, .F. ) ;
#131 = CARTESIAN_POINT ( 'NONE',  ( -32.55994460092210829, 20.48360090365682495, 4.331534407118365237 ) ) ;
#132 = ORIENTED_EDGE ( 'NONE', *, *, #1314, .F. ) ;
#133 = CIRCLE ( 'NONE', #2100, 3.049999999999997158 ) ;
#134 = AXIS2_PLACEMENT_3D ( 'NONE', #157, #1569, #365 ) ;
#135 = EDGE_LOOP ( 'NONE', ( #1400, #1296 ) ) ;
#136 = CARTESIAN_POINT ( 'NONE',  ( 25.54366636062952622, 8.983600903656814296, 26.93153440711836666 ) ) ;
#137 = DIRECTION ( 'NONE',  ( 9.637352644315595243E-17, -2.135044278125300603E-16, 1.000000000000000000 ) ) ;
#138 = VERTEX_POINT ( 'NONE', #1134 ) ;
#139 = DIRECTION ( 'NONE',  ( -1.000000000000000000, 1.994306155430570670E-32, 9.340818716798195839E-17 ) ) ;
#140 = DIRECTION ( 'NONE',  ( 0.0000000000000000000, 0.0000000000000000000, 1.000000000000000000 ) ) ;
#141 = ORIENTED_EDGE ( 'NONE', *, *, #1663, .F. ) ;
#142 = CARTESIAN_POINT ( 'NONE',  ( 18.54366636062952622, 9.983600903656814296, 47.73153440711835316 ) ) ;
#143 = CARTESIAN_POINT ( 'NONE',  ( -32.55994460092210119, 35.96360090365681828, 47.43153440711836311 ) ) ;
#144 = ORIENTED_EDGE ( 'NONE', *, *, #641, .F. ) ;
#145 = DIRECTION ( 'NONE',  ( -1.000000000000000000, 1.994306155430570396E-32, 9.340818716798195839E-17 ) ) ;
#146 = ADVANCED_FACE ( 'NONE', ( #1390 ), #95, .F. ) ;
#147 = EDGE_CURVE ( 'NONE', #2121, #13, #446, .T. ) ;
#148 = CARTESIAN_POINT ( 'NONE',  ( 22.77492153665584240, 9.983600903656814296, 25.85126492544785393 ) ) ;
#149 = CARTESIAN_POINT ( 'NONE',  ( -31.56064314068440169, 18.24101095223128866, 21.00624565971090263 ) ) ;
#150 = FACE_BOUND ( 'NONE', #313, .T. ) ;
#151 = AXIS2_PLACEMENT_3D ( 'NONE', #1850, #1857, #1248 ) ;
#152 = DIRECTION ( 'NONE',  ( 1.000000000000000000, -1.309225264888156377E-16, -9.637352644315598941E-17 ) ) ;
#153 = VECTOR ( 'NONE', #2001, 1000.000000000000000 ) ;
#154 = DIRECTION ( 'NONE',  ( 9.920804192677813919E-17, -1.275531967630004999E-16, 1.000000000000000000 ) ) ;
#155 = CARTESIAN_POINT ( 'NONE',  ( -1.559944600922101854, 70.48360090365682140, 4.331534407118366126 ) ) ;
#156 = CIRCLE ( 'NONE', #2407, 3.000000000000002665 ) ;
#157 = CARTESIAN_POINT ( 'NONE',  ( 22.77492153665584240, 8.983600903656814296, 25.85126492544785393 ) ) ;
#158 = VERTEX_POINT ( 'NONE', #322 ) ;
#159 = CARTESIAN_POINT ( 'NONE',  ( -1.559944600922087643, 17.48360090365680009, 218.3315344071183972 ) ) ;
#160 = DIRECTION ( 'NONE',  ( 0.0000000000000000000, 1.000000000000000000, 0.0000000000000000000 ) ) ;
#161 = FACE_BOUND ( 'NONE', #807, .T. ) ;
#162 = ORIENTED_EDGE ( 'NONE', *, *, #2336, .F. ) ;
#163 = EDGE_CURVE ( 'NONE', #371, #1376, #1098, .T. ) ;
#164 = FACE_OUTER_BOUND ( 'NONE', #1629, .T. ) ;
#165 = CARTESIAN_POINT ( 'NONE',  ( 19.13398304242149095, 13.98360090365681430, 29.18325326674063547 ) ) ;
#166 = ORIENTED_EDGE ( 'NONE', *, *, #1584, .F. ) ;
#167 = CYLINDRICAL_SURFACE ( 'NONE', #360, 1.399999999999998579 ) ;
#168 = DIRECTION ( 'NONE',  ( 0.0000000000000000000, 1.000000000000000000, 0.0000000000000000000 ) ) ;
#169 = AXIS2_PLACEMENT_3D ( 'NONE', #906, #881, #1101 ) ;
#170 = ORIENTED_EDGE ( 'NONE', *, *, #1756, .T. ) ;
#171 = DIRECTION ( 'NONE',  ( 0.0000000000000000000, 0.0000000000000000000, 1.000000000000000000 ) ) ;
#172 = ORIENTED_EDGE ( 'NONE', *, *, #2196, .F. ) ;
#173 = AXIS2_PLACEMENT_3D ( 'NONE', #1384, #389, #2159 ) ;
#174 = CARTESIAN_POINT ( 'NONE',  ( 0.3765470721816057686, 8.983600903656814296, 16.93052582591306532 ) ) ;
#175 = ORIENTED_EDGE ( 'NONE', *, *, #2071, .T. ) ;
#176 = DIRECTION ( 'NONE',  ( 1.421904488505580887E-16, 0.0000000000000000000, 1.000000000000000000 ) ) ;
#177 = ADVANCED_FACE ( 'NONE', ( #1861 ), #1578, .F. ) ;
#178 = CARTESIAN_POINT ( 'NONE',  ( -32.01696087659817636, 18.75821041693715330, 19.77534509051873357 ) ) ;
#179 = ORIENTED_EDGE ( 'NONE', *, *, #1056, .T. ) ;
#180 = VERTEX_POINT ( 'NONE', #1442 ) ;
#181 = CARTESIAN_POINT ( 'NONE',  ( -30.58422190682281894, 17.48360090365681785, 46.78184217228718467 ) ) ;
#182 = CARTESIAN_POINT ( 'NONE',  ( 22.81779402615708108, 11.98360090365681430, 44.89748280292795357 ) ) ;
#183 = DIRECTION ( 'NONE',  ( 0.0000000000000000000, 1.000000000000000000, 0.0000000000000000000 ) ) ;
#184 = EDGE_CURVE ( 'NONE', #2497, #775, #2385, .T. ) ;
#185 = CARTESIAN_POINT ( 'NONE',  ( 22.54366636062952622, 9.983600903656814296, 42.93153440711837021 ) ) ;
#186 = CIRCLE ( 'NONE', #2571, 3.049999999999997158 ) ;
#187 = ADVANCED_FACE ( 'NONE', ( #2099 ), #998, .F. ) ;
#188 = AXIS2_PLACEMENT_3D ( 'NONE', #8, #1005, #964 ) ;
#189 = DIRECTION ( 'NONE',  ( -1.008066619464473042E-32, -1.000000000000000000, -1.200962406445482005E-16 ) ) ;
#190 = LINE ( 'NONE', #678, #1766 ) ;
#191 = DIRECTION ( 'NONE',  ( 0.0000000000000000000, -1.000000000000000000, 0.0000000000000000000 ) ) ;
#192 = VERTEX_POINT ( 'NONE', #233 ) ;
#193 = ORIENTED_EDGE ( 'NONE', *, *, #18, .T. ) ;
#194 = DIRECTION ( 'NONE',  ( -0.0000000000000000000, 1.000000000000000000, -0.0000000000000000000 ) ) ;
#195 = LINE ( 'NONE', #206, #1679 ) ;
#196 = DIRECTION ( 'NONE',  ( -0.0000000000000000000, 1.000000000000000000, -0.0000000000000000000 ) ) ;
#197 = ORIENTED_EDGE ( 'NONE', *, *, #1328, .F. ) ;
#198 = CARTESIAN_POINT ( 'NONE',  ( 22.81779402615708108, 13.98360090365681430, 46.29748280292795215 ) ) ;
#199 = VECTOR ( 'NONE', #926, 1000.000000000000000 ) ;
#200 = CARTESIAN_POINT ( 'NONE',  ( 19.13398304242149806, 13.98360090365681430, 40.67981554749609074 ) ) ;
#201 = VERTEX_POINT ( 'NONE', #406 ) ;
#202 = LINE ( 'NONE', #934, #798 ) ;
#203 = EDGE_CURVE ( 'NONE', #864, #2181, #307, .T. ) ;
#204 = ORIENTED_EDGE ( 'NONE', *, *, #2403, .F. ) ;
#205 = DIRECTION ( 'NONE',  ( 1.000000000000000000, 0.0000000000000000000, -0.0000000000000000000 ) ) ;
#206 = CARTESIAN_POINT ( 'NONE',  ( 0.4400553990778974245, 13.98360090365681430, 16.93153440711836666 ) ) ;
#207 = LINE ( 'NONE', #850, #10 ) ;
#208 = ORIENTED_EDGE ( 'NONE', *, *, #715, .T. ) ;
#209 = EDGE_CURVE ( 'NONE', #1372, #1112, #1470, .T. ) ;
#210 = VERTEX_POINT ( 'NONE', #2228 ) ;
#211 = CARTESIAN_POINT ( 'NONE',  ( 15.01606318754601332, 8.983600903656814296, 42.00260221898383861 ) ) ;
#212 = ORIENTED_EDGE ( 'NONE', *, *, #2547, .T. ) ;
#213 = CARTESIAN_POINT ( 'NONE',  ( 25.54366636062952622, 9.983600903656814296, 23.13153440711835529 ) ) ;
#214 = ORIENTED_EDGE ( 'NONE', *, *, #2071, .F. ) ;
#215 = DIRECTION ( 'NONE',  ( 0.0000000000000000000, -1.000000000000000000, 0.0000000000000000000 ) ) ;
#216 = CARTESIAN_POINT ( 'NONE',  ( 25.54366636062952622, 13.98360090365681430, 29.93153440711837021 ) ) ;
#217 = DIRECTION ( 'NONE',  ( 0.0000000000000000000, 0.0000000000000000000, 1.000000000000000000 ) ) ;
#218 = EDGE_CURVE ( 'NONE', #1542, #623, #1035, .T. ) ;
#219 = FACE_OUTER_BOUND ( 'NONE', #245, .T. ) ;
#220 = CARTESIAN_POINT ( 'NONE',  ( 24.48005539907789796, 23.46360090365681117, 22.43153440711835955 ) ) ;
#221 = FACE_OUTER_BOUND ( 'NONE', #1172, .T. ) ;
#222 = EDGE_CURVE ( 'NONE', #2546, #1554, #1291, .T. ) ;
#223 = DIRECTION ( 'NONE',  ( 1.000000000000000000, -1.309225264888156377E-16, -9.637352644315598941E-17 ) ) ;
#224 = VECTOR ( 'NONE', #2248, 1000.000000000000000 ) ;
#225 = AXIS2_PLACEMENT_3D ( 'NONE', #2083, #868, #1507 ) ;
#226 = CARTESIAN_POINT ( 'NONE',  ( -6.851447223051278179, 17.48360090365680009, 218.3315344071183972 ) ) ;
#227 = ORIENTED_EDGE ( 'NONE', *, *, #35, .F. ) ;
#228 = CIRCLE ( 'NONE', #1775, 3.049999999999990052 ) ;
#229 = DIRECTION ( 'NONE',  ( -2.891205793294679312E-16, 1.200962406445481759E-16, -1.000000000000000000 ) ) ;
#230 = APPROVAL_ROLE ( '' ) ;
#231 = VERTEX_POINT ( 'NONE', #1414 ) ;
#232 = FACE_BOUND ( 'NONE', #1046, .T. ) ;
#233 = CARTESIAN_POINT ( 'NONE',  ( 22.77492153665584240, 8.983600903656814296, 27.25126492544785251 ) ) ;
#234 = ORIENTED_EDGE ( 'NONE', *, *, #1068, .F. ) ;
#235 = CARTESIAN_POINT ( 'NONE',  ( -32.55994460092210119, 20.48360090365682140, 51.93482209501928537 ) ) ;
#236 = EDGE_LOOP ( 'NONE', ( #2379, #1770, #2308, #1307 ) ) ;
#237 = EDGE_CURVE ( 'NONE', #2404, #2497, #2540, .T. ) ;
#238 = ORIENTED_EDGE ( 'NONE', *, *, #1230, .T. ) ;
#239 = CARTESIAN_POINT ( 'NONE',  ( -32.55994460092210119, 20.14259281046548722, 51.70916382307708403 ) ) ;
#240 = ORIENTED_EDGE ( 'NONE', *, *, #982, .F. ) ;
#241 = CARTESIAN_POINT ( 'NONE',  ( -32.01732969143959906, 18.75872256331214061, 25.08864990891047597 ) ) ;
#242 = ADVANCED_FACE ( 'NONE', ( #1827 ), #2166, .F. ) ;
#243 = VERTEX_POINT ( 'NONE', #637 ) ;
#244 = CC_DESIGN_PERSON_AND_ORGANIZATION_ASSIGNMENT ( #1957, #624, ( #68 ) ) ;
#245 = EDGE_LOOP ( 'NONE', ( #364, #2370, #1715, #976, #1623, #1187, #284, #1965, #1151 ) ) ;
#246 = DIRECTION ( 'NONE',  ( -0.0000000000000000000, 1.000000000000000000, -0.0000000000000000000 ) ) ;
#247 = ADVANCED_FACE ( 'NONE', ( #251 ), #1165, .F. ) ;
#248 = FACE_BOUND ( 'NONE', #1233, .T. ) ;
#249 = CARTESIAN_POINT ( 'NONE',  ( -6.851447223051292390, 17.48360090365682495, 65.53153440711840005 ) ) ;
#250 = EDGE_CURVE ( 'NONE', #1735, #458, #1259, .T. ) ;
#251 = FACE_OUTER_BOUND ( 'NONE', #2588, .T. ) ;
#252 = CYLINDRICAL_SURFACE ( 'NONE', #1109, 1.399999999999998579 ) ;
#253 = ORIENTED_EDGE ( 'NONE', *, *, #2218, .T. ) ;
#254 = DIRECTION ( 'NONE',  ( -1.000000000000000000, 1.994306155430570670E-32, 9.340818716798195839E-17 ) ) ;
#255 = PERSON_AND_ORGANIZATION ( #1659, #1733 ) ;
#256 = ORIENTED_EDGE ( 'NONE', *, *, #517, .F. ) ;
#257 = FACE_BOUND ( 'NONE', #648, .T. ) ;
#258 = VERTEX_POINT ( 'NONE', #627 ) ;
#259 = CYLINDRICAL_SURFACE ( 'NONE', #1443, 3.050000000000010925 ) ;
#260 = ORIENTED_EDGE ( 'NONE', *, *, #468, .T. ) ;
#261 = FACE_OUTER_BOUND ( 'NONE', #128, .T. ) ;
#262 = CARTESIAN_POINT ( 'NONE',  ( -1.559944600922095193, 15.48360090365680541, 65.53153440711842848 ) ) ;
#263 = EDGE_CURVE ( 'NONE', #2093, #1135, #1510, .T. ) ;
#264 = VERTEX_POINT ( 'NONE', #25 ) ;
#265 = ORIENTED_EDGE ( 'NONE', *, *, #869, .F. ) ;
#266 = EDGE_CURVE ( 'NONE', #2220, #2310, #410, .T. ) ;
#267 = CARTESIAN_POINT ( 'NONE',  ( -32.55994460092210829, 35.96360090365681828, 22.43153440711836666 ) ) ;
#268 = ORIENTED_EDGE ( 'NONE', *, *, #456, .T. ) ;
#269 = AXIS2_PLACEMENT_3D ( 'NONE', #1413, #1832, #1234 ) ;
#270 = ORIENTED_EDGE ( 'NONE', *, *, #266, .F. ) ;
#271 = CARTESIAN_POINT ( 'NONE',  ( 2.440055399077913467, 23.46360090365682183, 50.48153440711835316 ) ) ;
#272 = DIRECTION ( 'NONE',  ( -9.920804192677813919E-17, 1.275531967630004999E-16, -1.000000000000000000 ) ) ;
#273 = CYLINDRICAL_SURFACE ( 'NONE', #1903, 1.399999999999998579 ) ;
#274 = LINE ( 'NONE', #2318, #1001 ) ;
#275 = DIRECTION ( 'NONE',  ( -0.0000000000000000000, 1.000000000000000000, -0.0000000000000000000 ) ) ;
#276 = CIRCLE ( 'NONE', #887, 7.071067811865471064 ) ;
#277 = EDGE_CURVE ( 'NONE', #1376, #371, #2572, .T. ) ;
#278 = B_SPLINE_CURVE_WITH_KNOTS ( 'NONE', 3,
 ( #1251, #239, #1034, #2443, #1652, #1242, #442, #646, #2338, #1146, #1746, #716, #1947, #1541 ),
 .UNSPECIFIED., .F., .F.,
 ( 4, 2, 2, 2, 2, 2, 4 ),
 ( 1.962615573354718958E-17, 0.001201719734002729004, 0.001802579601004081905, 0.002403439468005434589, 0.003004299335006787707, 0.003605159202008140825, 0.004806878936010844025 ),
 .UNSPECIFIED. ) ;
#279 = PERSON_AND_ORGANIZATION ( #1659, #1733 ) ;
#280 = CARTESIAN_POINT ( 'NONE',  ( -43.55994460092209408, 66.44360090365680094, 65.53153440711842848 ) ) ;
#281 = AXIS2_PLACEMENT_3D ( 'NONE', #535, #575, #1543 ) ;
#282 = DIRECTION ( 'NONE',  ( 1.133806193448892702E-16, -2.267612386897785405E-16, 1.000000000000000000 ) ) ;
#283 = ADVANCED_FACE ( 'NONE', ( #753 ), #1914, .T. ) ;
#284 = ORIENTED_EDGE ( 'NONE', *, *, #1638, .T. ) ;
#285 = CIRCLE ( 'NONE', #2317, 4.000000000000000000 ) ;
#286 = AXIS2_PLACEMENT_3D ( 'NONE', #1348, #137, #551 ) ;
#287 = DIRECTION ( 'NONE',  ( 0.0000000000000000000, -1.000000000000000000, 0.0000000000000000000 ) ) ;
#288 = ORIENTED_EDGE ( 'NONE', *, *, #1936, .T. ) ;
#289 = CIRCLE ( 'NONE', #578, 1.399999999999998579 ) ;
#290 = CARTESIAN_POINT ( 'NONE',  ( -0.5625332598309915610, 14.21281310095913142, 16.66732401469020530 ) ) ;
#291 = ORIENTED_EDGE ( 'NONE', *, *, #390, .F. ) ;
#292 = ORIENTED_EDGE ( 'NONE', *, *, #2587, .F. ) ;
#293 = CARTESIAN_POINT ( 'NONE',  ( 0.4400553990779043634, 13.98360090365681430, 54.93153440711837021 ) ) ;
#294 = EDGE_CURVE ( 'NONE', #2464, #1441, #966, .T. ) ;
#295 = ORIENTED_EDGE ( 'NONE', *, *, #471, .F. ) ;
#296 = CARTESIAN_POINT ( 'NONE',  ( -31.38529777743346472, 18.10282670583799103, 48.08122664194955576 ) ) ;
#297 = VERTEX_POINT ( 'NONE', #865 ) ;
#298 = AXIS2_PLACEMENT_3D ( 'NONE', #293, #762, #733 ) ;
#299 = CARTESIAN_POINT ( 'NONE',  ( -0.9653369027459207663, 14.49615064483522175, 16.35960659873998324 ) ) ;
#300 = ORIENTED_EDGE ( 'NONE', *, *, #1819, .F. ) ;
#301 = AXIS2_PLACEMENT_3D ( 'NONE', #185, #582, #553 ) ;
#302 = DIRECTION ( 'NONE',  ( -1.000000000000000000, -0.0000000000000000000, -0.0000000000000000000 ) ) ;
#303 = CARTESIAN_POINT ( 'NONE',  ( 18.54366636062952622, 11.98360090365681430, 23.13153440711835529 ) ) ;
#304 = FACE_OUTER_BOUND ( 'NONE', #1277, .T. ) ;
#305 = CARTESIAN_POINT ( 'NONE',  ( 2.440055399077912579, 35.96360090365681828, 44.38153440711836595 ) ) ;
#306 = CARTESIAN_POINT ( 'NONE',  ( -1.555765139312083489, 15.46698933050416080, 15.07757274620960786 ) ) ;
#307 = LINE ( 'NONE', #1243, #379 ) ;
#308 = CARTESIAN_POINT ( 'NONE',  ( -43.55994460092209408, 48.46360090365682538, 50.48153440711836026 ) ) ;
#309 = ORIENTED_EDGE ( 'NONE', *, *, #2314, .F. ) ;
#310 = CARTESIAN_POINT ( 'NONE',  ( -32.55994460092210119, 23.46360090365682183, 44.38153440711837305 ) ) ;
#311 = EDGE_CURVE ( 'NONE', #297, #854, #714, .T. ) ;
#312 = LOCAL_TIME ( 16, 25, 56.00000000000000000, #412 ) ;
#313 = EDGE_LOOP ( 'NONE', ( #2502, #603 ) ) ;
#314 = DIRECTION ( 'NONE',  ( 0.0000000000000000000, -1.000000000000000000, 0.0000000000000000000 ) ) ;
#315 = CIRCLE ( 'NONE', #2191, 2.000000000000001776 ) ;
#316 = AXIS2_PLACEMENT_3D ( 'NONE', #1256, #2255, #2219 ) ;
#317 = ORIENTED_EDGE ( 'NONE', *, *, #1163, .T. ) ;
#318 = CIRCLE ( 'NONE', #1846, 3.049999999999990052 ) ;
#319 = DIRECTION ( 'NONE',  ( -0.0000000000000000000, 1.000000000000000000, -0.0000000000000000000 ) ) ;
#320 = DIRECTION ( 'NONE',  ( 0.0000000000000000000, 1.000000000000000000, 0.0000000000000000000 ) ) ;
#321 = ORIENTED_EDGE ( 'NONE', *, *, #2612, .F. ) ;
#322 = CARTESIAN_POINT ( 'NONE',  ( -32.55994460092210829, 20.48360090365682140, 4.331534407118363461 ) ) ;
#323 = LINE ( 'NONE', #1591, #77 ) ;
#324 = ORIENTED_EDGE ( 'NONE', *, *, #1246, .T. ) ;
#325 = CARTESIAN_POINT ( 'NONE',  ( -31.38529777743347893, 18.10282670583800169, 21.78184217228707098 ) ) ;
#326 = CARTESIAN_POINT ( 'NONE',  ( 22.81779402615708108, 7.983600903656813408, 46.29748280292795215 ) ) ;
#327 = ORIENTED_EDGE ( 'NONE', *, *, #2167, .T. ) ;
#328 = CARTESIAN_POINT ( 'NONE',  ( 22.81779402615708108, 13.98360090365681430, 43.49748280292795499 ) ) ;
#329 = ORIENTED_EDGE ( 'NONE', *, *, #1842, .F. ) ;
#330 = CARTESIAN_POINT ( 'NONE',  ( -29.55994460092210474, 17.48360090365682140, 46.99840642170317295 ) ) ;
#331 = EDGE_CURVE ( 'NONE', #243, #2121, #1320, .T. ) ;
#332 = CARTESIAN_POINT ( 'NONE',  ( 18.54366636062952622, 9.983600903656814296, 23.13153440711835529 ) ) ;
#333 = PLANE ( 'NONE',  #677 ) ;
#334 = ORIENTED_EDGE ( 'NONE', *, *, #967, .T. ) ;
#335 = AXIS2_PLACEMENT_3D ( 'NONE', #1086, #2491, #2498 ) ;
#336 = CARTESIAN_POINT ( 'NONE',  ( -1.559944600922101854, 5.483600903656821401, 4.331534407118359020 ) ) ;
#337 = CARTESIAN_POINT ( 'NONE',  ( 18.54366636062952622, 11.98360090365681430, 42.43153440711835600 ) ) ;
#338 = APPROVAL ( #2016, 'UNSPECIFIED' ) ;
#339 = DIRECTION ( 'NONE',  ( 9.637352644315598941E-17, -1.200962406445482005E-16, 1.000000000000000000 ) ) ;
#340 = CARTESIAN_POINT ( 'NONE',  ( -32.55994460092210119, 23.46360090365681828, 47.43153440711835600 ) ) ;
#341 = LINE ( 'NONE', #326, #1062 ) ;
#342 = DIRECTION ( 'NONE',  ( -0.0000000000000000000, -0.0000000000000000000, 1.000000000000000000 ) ) ;
#343 = DIRECTION ( 'NONE',  ( 0.0000000000000000000, -1.000000000000000000, 0.0000000000000000000 ) ) ;
#344 = LINE ( 'NONE', #2164, #2611 ) ;
#345 = CARTESIAN_POINT ( 'NONE',  ( 2.440055399077905918, 48.46360090365682538, 22.43153440711836311 ) ) ;
#346 = VECTOR ( 'NONE', #1474, 1000.000000000000000 ) ;
#347 = CARTESIAN_POINT ( 'NONE',  ( 25.54366636062952622, 13.98360090365681430, 39.93153440711836311 ) ) ;
#348 = CIRCLE ( 'NONE', #2598, 2.000000000000000000 ) ;
#349 = CARTESIAN_POINT ( 'NONE',  ( 25.54366636062952622, 8.983600903656814296, 26.93153440711836666 ) ) ;
#350 = CARTESIAN_POINT ( 'NONE',  ( -29.55994460092210474, 20.48360090365681785, 65.53153440711840005 ) ) ;
#351 = VERTEX_POINT ( 'NONE', #1252 ) ;
#352 = VECTOR ( 'NONE', #416, 1000.000000000000000 ) ;
#353 = CARTESIAN_POINT ( 'NONE',  ( -1.206042841931867171, 14.73973520681362537, 53.77071821740352675 ) ) ;
#354 = EDGE_CURVE ( 'NONE', #2298, #2340, #276, .T. ) ;
#355 = ORIENTED_EDGE ( 'NONE', *, *, #1366, .F. ) ;
#356 = FACE_OUTER_BOUND ( 'NONE', #2150, .T. ) ;
#357 = CARTESIAN_POINT ( 'NONE',  ( -43.55994460092210119, 48.46360090365682538, 19.38153440711836950 ) ) ;
#358 = EDGE_LOOP ( 'NONE', ( #529, #884 ) ) ;
#359 = LINE ( 'NONE', #2103, #1402 ) ;
#360 = AXIS2_PLACEMENT_3D ( 'NONE', #894, #680, #140 ) ;
#361 = VERTEX_POINT ( 'NONE', #848 ) ;
#362 = DIRECTION ( 'NONE',  ( -0.0000000000000000000, -0.0000000000000000000, -1.000000000000000000 ) ) ;
#363 = ADVANCED_FACE ( 'NONE', ( #2047 ), #94, .F. ) ;
#364 = ORIENTED_EDGE ( 'NONE', *, *, #1953, .F. ) ;
#365 = DIRECTION ( 'NONE',  ( 0.0000000000000000000, 0.0000000000000000000, 1.000000000000000000 ) ) ;
#366 = ORIENTED_EDGE ( 'NONE', *, *, #1280, .F. ) ;
#367 = DIRECTION ( 'NONE',  ( 0.0000000000000000000, 0.0000000000000000000, 1.000000000000000000 ) ) ;
#368 = ORIENTED_EDGE ( 'NONE', *, *, #2187, .F. ) ;
#369 = DIRECTION ( 'NONE',  ( 0.0000000000000000000, 1.000000000000000000, 0.0000000000000000000 ) ) ;
#370 = DIRECTION ( 'NONE',  ( 0.0000000000000000000, 0.0000000000000000000, -1.000000000000000000 ) ) ;
#371 = VERTEX_POINT ( 'NONE', #1465 ) ;
#372 = EDGE_CURVE ( 'NONE', #2078, #2324, #1987, .T. ) ;
#373 = CARTESIAN_POINT ( 'NONE',  ( -43.55994460092209408, 48.46360090365682538, 47.43153440711837021 ) ) ;
#374 = CARTESIAN_POINT ( 'NONE',  ( -30.57395482612239590, 17.48360090365617836, 47.86857778732306912 ) ) ;
#375 = CIRCLE ( 'NONE', #24, 1.399999999999998579 ) ;
#376 = AXIS2_PLACEMENT_3D ( 'NONE', #398, #1991, #1232 ) ;
#377 = CARTESIAN_POINT ( 'NONE',  ( -29.55994460092209053, 20.48360090365680009, 218.3315344071183972 ) ) ;
#378 = PLANE ( 'NONE',  #1013 ) ;
#379 = VECTOR ( 'NONE', #1448, 1000.000000000000000 ) ;
#380 = EDGE_LOOP ( 'NONE', ( #861, #120, #726, #2212 ) ) ;
#381 = CARTESIAN_POINT ( 'NONE',  ( -31.33378140122285060, 18.06360090365593152, 47.21497032885597633 ) ) ;
#382 = CIRCLE ( 'NONE', #559, 7.071067811865471064 ) ;
#383 = ORIENTED_EDGE ( 'NONE', *, *, #2268, .T. ) ;
#384 = EDGE_CURVE ( 'NONE', #2090, #180, #2316, .T. ) ;
#385 = DIRECTION ( 'NONE',  ( 0.0000000000000000000, 0.0000000000000000000, 1.000000000000000000 ) ) ;
#386 = ADVANCED_FACE ( 'NONE', ( #36 ), #786, .F. ) ;
#387 = ORIENTED_EDGE ( 'NONE', *, *, #56, .F. ) ;
#388 = LINE ( 'NONE', #2178, #1332 ) ;
#389 = DIRECTION ( 'NONE',  ( 9.637352644315596475E-17, -1.200962406445482005E-16, 1.000000000000000000 ) ) ;
#390 = EDGE_CURVE ( 'NONE', #2524, #243, #1794, .T. ) ;
#391 = VERTEX_POINT ( 'NONE', #1693 ) ;
#392 = FACE_OUTER_BOUND ( 'NONE', #2531, .T. ) ;
#393 = DIRECTION ( 'NONE',  ( 0.0000000000000000000, 1.000000000000000000, 0.0000000000000000000 ) ) ;
#394 = DIRECTION ( 'NONE',  ( -1.000000000000000000, 1.994306155430570396E-32, 9.340818716798195839E-17 ) ) ;
#395 = EDGE_LOOP ( 'NONE', ( #2306, #2179 ) ) ;
#396 = CARTESIAN_POINT ( 'NONE',  ( -43.55994460092209408, 48.46360090365682538, 44.38153440711838016 ) ) ;
#397 = ORIENTED_EDGE ( 'NONE', *, *, #2328, .T. ) ;
#398 = CARTESIAN_POINT ( 'NONE',  ( 0.0000000000000000000, 0.0000000000000000000, 0.0000000000000000000 ) ) ;
#399 = DIRECTION ( 'NONE',  ( 9.637352644315595243E-17, -2.135044278125300603E-16, 1.000000000000000000 ) ) ;
#400 = VERTEX_POINT ( 'NONE', #2075 ) ;
#401 = ORIENTED_EDGE ( 'NONE', *, *, #2218, .F. ) ;
#402 = EDGE_CURVE ( 'NONE', #210, #698, #190, .T. ) ;
#403 = CARTESIAN_POINT ( 'NONE',  ( 2.440055399077912579, 23.46360090365682183, 44.38153440711837305 ) ) ;
#404 = EDGE_CURVE ( 'NONE', #788, #201, #2019, .T. ) ;
#405 = CYLINDRICAL_SURFACE ( 'NONE', #1007, 5.400000000000002132 ) ;
#406 = CARTESIAN_POINT ( 'NONE',  ( -1.559944600922100300, 7.483600903656823178, 14.93153440711836843 ) ) ;
#407 = CARTESIAN_POINT ( 'NONE',  ( 22.81779402615708108, 13.98360090365681430, 44.89748280292795357 ) ) ;
#408 = LINE ( 'NONE', #1741, #497 ) ;
#409 = DIRECTION ( 'NONE',  ( 0.0000000000000000000, 0.0000000000000000000, 1.000000000000000000 ) ) ;
#410 = CIRCLE ( 'NONE', #1915, 3.049999999999997158 ) ;
#411 = APPLICATION_CONTEXT ( 'configuration controlled 3d designs of mechanical parts and assemblies' ) ;
#412 = COORDINATED_UNIVERSAL_TIME_OFFSET ( 0, 0, .AHEAD. ) ;
#413 = CARTESIAN_POINT ( 'NONE',  ( -30.56902504379660002, 17.48360090365682140, 22.21326983255129761 ) ) ;
#414 = CARTESIAN_POINT ( 'NONE',  ( -32.55994460092209408, 48.46360090365682538, 47.43153440711836311 ) ) ;
#415 = LINE ( 'NONE', #1559, #199 ) ;
#416 = DIRECTION ( 'NONE',  ( -0.0000000000000000000, 1.000000000000000000, -0.0000000000000000000 ) ) ;
#417 = CARTESIAN_POINT ( 'NONE',  ( -31.38529777743345761, 18.10282670583798748, 46.78184217228718467 ) ) ;
#418 = ORIENTED_EDGE ( 'NONE', *, *, #1716, .F. ) ;
#419 = CIRCLE ( 'NONE', #1920, 3.049999999999990052 ) ;
#420 = EDGE_CURVE ( 'NONE', #1872, #2220, #1388, .T. ) ;
#421 = EDGE_LOOP ( 'NONE', ( #2549, #2452, #693, #1249 ) ) ;
#422 = CARTESIAN_POINT ( 'NONE',  ( 22.81779402615708108, 7.983600903656813408, 44.89748280292795357 ) ) ;
#423 = VECTOR ( 'NONE', #1848, 1000.000000000000000 ) ;
#424 = VERTEX_POINT ( 'NONE', #1709 ) ;
#425 = CARTESIAN_POINT ( 'NONE',  ( 18.54366636062952622, 9.983600903656814296, 47.73153440711835316 ) ) ;
#426 = AXIS2_PLACEMENT_3D ( 'NONE', #615, #2190, #217 ) ;
#427 = CARTESIAN_POINT ( 'NONE',  ( -32.55994460092210119, 20.48360090365682495, 26.93482209501929248 ) ) ;
#428 = ORIENTED_EDGE ( 'NONE', *, *, #514, .F. ) ;
#429 = DIRECTION ( 'NONE',  ( -1.309225264888156377E-16, -1.000000000000000000, 0.0000000000000000000 ) ) ;
#430 = PLANE ( 'NONE',  #88 ) ;
#431 = ORIENTED_EDGE ( 'NONE', *, *, #2200, .T. ) ;
#432 = DIRECTION ( 'NONE',  ( -1.000000000000000000, -0.0000000000000000000, -0.0000000000000000000 ) ) ;
#433 = PERSON_AND_ORGANIZATION_ROLE ( 'design_supplier' ) ;
#434 = ORIENTED_EDGE ( 'NONE', *, *, #2236, .T. ) ;
#435 = DIRECTION ( 'NONE',  ( 0.0000000000000000000, 0.0000000000000000000, 1.000000000000000000 ) ) ;
#436 = ORIENTED_EDGE ( 'NONE', *, *, #1688, .F. ) ;
#437 = CARTESIAN_POINT ( 'NONE',  ( 24.48005539907789796, 18.06360090365680904, 47.43153440711834889 ) ) ;
#438 = CARTESIAN_POINT ( 'NONE',  ( 15.01606318754601332, 8.983600903656814296, 42.00260221898384572 ) ) ;
#439 = EDGE_CURVE ( 'NONE', #2090, #201, #1482, .T. ) ;
#440 = DIRECTION ( 'NONE',  ( -1.000000000000000000, 1.994306155430570396E-32, 9.340818716798195839E-17 ) ) ;
#441 = CIRCLE ( 'NONE', #2043, 2.999999999999999112 ) ;
#442 = CARTESIAN_POINT ( 'NONE',  ( -32.14531656858608955, 18.95723313640504415, 50.41294221779818230 ) ) ;
#443 = VECTOR ( 'NONE', #2063, 1000.000000000000000 ) ;
#444 = AXIS2_PLACEMENT_3D ( 'NONE', #562, #2593, #1596 ) ;
#445 = DIRECTION ( 'NONE',  ( 0.0000000000000000000, 1.000000000000000000, 0.0000000000000000000 ) ) ;
#446 = LINE ( 'NONE', #332, #1768 ) ;
#447 = APPROVAL_DATE_TIME ( #1264, #338 ) ;
#448 = EDGE_LOOP ( 'NONE', ( #212, #1921, #1691, #512, #1520, #2081, #500, #838, #268, #73, #1812, #1503, #434, #676, #1579, #1102, #1713, #956 ) ) ;
#449 = ADVANCED_FACE ( 'NONE', ( #938 ), #490, .F. ) ;
#450 = ORIENTED_EDGE ( 'NONE', *, *, #122, .T. ) ;
#451 = EDGE_CURVE ( 'NONE', #1322, #1531, #845, .T. ) ;
#452 = CIRCLE ( 'NONE', #301, 3.000000000000002665 ) ;
#453 = DIRECTION ( 'NONE',  ( 1.000000000000000000, 0.0000000000000000000, 0.0000000000000000000 ) ) ;
#454 = VERTEX_POINT ( 'NONE', #496 ) ;
#455 = VECTOR ( 'NONE', #1767, 1000.000000000000000 ) ;
#456 = EDGE_CURVE ( 'NONE', #1531, #2340, #1952, .T. ) ;
#457 = DIRECTION ( 'NONE',  ( 1.000000000000000000, 2.118135622597826445E-32, -9.920804192677813919E-17 ) ) ;
#458 = VERTEX_POINT ( 'NONE', #1909 ) ;
#459 = ORIENTED_EDGE ( 'NONE', *, *, #789, .T. ) ;
#460 = AXIS2_PLACEMENT_3D ( 'NONE', #182, #369, #975 ) ;
#461 = VERTEX_POINT ( 'NONE', #308 ) ;
#462 = CARTESIAN_POINT ( 'NONE',  ( 22.77492153665584240, 7.983600903656813408, 24.45126492544785535 ) ) ;
#463 = EDGE_LOOP ( 'NONE', ( #83, #132, #1900, #2252, #1305, #720, #2262, #912 ) ) ;
#464 = ADVANCED_FACE ( 'NONE', ( #2419 ), #1450, .F. ) ;
#465 = DIRECTION ( 'NONE',  ( -9.920804192677813919E-17, 1.200962406445481512E-16, -1.000000000000000000 ) ) ;
#466 = DIRECTION ( 'NONE',  ( 0.0000000000000000000, -1.000000000000000000, 0.0000000000000000000 ) ) ;
#467 = VECTOR ( 'NONE', #509, 1000.000000000000000 ) ;
#468 = EDGE_CURVE ( 'NONE', #2005, #1542, #877, .T. ) ;
#469 = CIRCLE ( 'NONE', #572, 3.000000000000002665 ) ;
#470 = DIRECTION ( 'NONE',  ( 0.0000000000000000000, 0.0000000000000000000, 1.000000000000000000 ) ) ;
#471 = EDGE_CURVE ( 'NONE', #210, #1506, #1423, .T. ) ;
#472 = FACE_OUTER_BOUND ( 'NONE', #463, .T. ) ;
#473 = DIRECTION ( 'NONE',  ( 1.000000000000000000, -0.0000000000000000000, -0.0000000000000000000 ) ) ;
#474 = PERSON_AND_ORGANIZATION ( #1659, #1733 ) ;
#475 = AXIS2_PLACEMENT_3D ( 'NONE', #1203, #1411, #1180 ) ;
#476 = CARTESIAN_POINT ( 'NONE',  ( 2.440055399077913467, 35.96360090365681828, 50.48153440711836026 ) ) ;
#477 = LINE ( 'NONE', #2036, #605 ) ;
#478 = ORIENTED_EDGE ( 'NONE', *, *, #1657, .T. ) ;
#479 = CARTESIAN_POINT ( 'NONE',  ( -43.55994460092210119, 48.46360090365682538, 22.43153440711836666 ) ) ;
#480 = ORIENTED_EDGE ( 'NONE', *, *, #1836, .F. ) ;
#481 = CIRCLE ( 'NONE', #2089, 3.050000000000014477 ) ;
#482 = EDGE_CURVE ( 'NONE', #400, #2217, #156, .T. ) ;
#483 = ORIENTED_EDGE ( 'NONE', *, *, #2196, .T. ) ;
#484 = CARTESIAN_POINT ( 'NONE',  ( 22.54366636062952622, 9.983600903656814296, 26.93153440711836666 ) ) ;
#485 = CARTESIAN_POINT ( 'NONE',  ( -32.55994460092209408, 70.48360090365680719, 65.53153440711838584 ) ) ;
#486 = ORIENTED_EDGE ( 'NONE', *, *, #2418, .F. ) ;
#487 = AXIS2_PLACEMENT_3D ( 'NONE', #827, #1616, #1008 ) ;
#488 = EDGE_LOOP ( 'NONE', ( #675, #1892, #170, #1466, #1835, #2125, #1241, #943, #317, #828 ) ) ;
#489 = AXIS2_PLACEMENT_3D ( 'NONE', #1429, #2018, #31 ) ;
#490 = PLANE ( 'NONE',  #1734 ) ;
#491 = VERTEX_POINT ( 'NONE', #704 ) ;
#492 = ADVANCED_FACE ( 'NONE', ( #1229 ), #1508, .F. ) ;
#493 = PLANE ( 'NONE',  #875 ) ;
#494 = DIRECTION ( 'NONE',  ( 0.0000000000000000000, -1.000000000000000000, 0.0000000000000000000 ) ) ;
#495 = PLANE ( 'NONE',  #501 ) ;
#496 = CARTESIAN_POINT ( 'NONE',  ( -29.55994460092211185, 17.48360090365682495, 21.78184217228707098 ) ) ;
#497 = VECTOR ( 'NONE', #154, 1000.000000000000000 ) ;
#498 = VECTOR ( 'NONE', #660, 1000.000000000000000 ) ;
#499 = EDGE_CURVE ( 'NONE', #788, #180, #688, .T. ) ;
#500 = ORIENTED_EDGE ( 'NONE', *, *, #2145, .T. ) ;
#501 = AXIS2_PLACEMENT_3D ( 'NONE', #694, #2098, #1517 ) ;
#502 = VECTOR ( 'NONE', #1132, 1000.000000000000000 ) ;
#503 = EDGE_LOOP ( 'NONE', ( #1412, #1409, #1801, #857 ) ) ;
#504 = FACE_OUTER_BOUND ( 'NONE', #488, .T. ) ;
#505 = AXIS2_PLACEMENT_3D ( 'NONE', #513, #915, #176 ) ;
#506 = CARTESIAN_POINT ( 'NONE',  ( -32.55994460092209408, 48.46360090365682538, 44.38153440711837305 ) ) ;
#507 = ORIENTED_EDGE ( 'NONE', *, *, #1871, .T. ) ;
#508 = CIRCLE ( 'NONE', #134, 1.399999999999998579 ) ;
#509 = DIRECTION ( 'NONE',  ( -1.000000000000000000, 1.994306155430570670E-32, 9.340818716798195839E-17 ) ) ;
#510 = VERTEX_POINT ( 'NONE', #1699 ) ;
#511 = VECTOR ( 'NONE', #1096, 1000.000000000000000 ) ;
#512 = ORIENTED_EDGE ( 'NONE', *, *, #517, .T. ) ;
#513 = CARTESIAN_POINT ( 'NONE',  ( 2.440055399077913023, 35.96360090365681828, 47.43153440711836311 ) ) ;
#514 = EDGE_CURVE ( 'NONE', #2337, #1872, #935, .T. ) ;
#515 = ORIENTED_EDGE ( 'NONE', *, *, #122, .F. ) ;
#516 = EDGE_LOOP ( 'NONE', ( #401, #959 ) ) ;
#517 = EDGE_CURVE ( 'NONE', #1582, #2305, #274, .T. ) ;
#518 = CARTESIAN_POINT ( 'NONE',  ( 0.4400553990779043634, 8.983600903656814296, 52.93153440711837021 ) ) ;
#519 = ORIENTED_EDGE ( 'NONE', *, *, #56, .T. ) ;
#520 = CARTESIAN_POINT ( 'NONE',  ( 15.01606318754601332, 8.983600903656814296, 34.93153440711837021 ) ) ;
#521 = CARTESIAN_POINT ( 'NONE',  ( -29.56076137877644783, 17.48360090365682140, 47.43153440711836311 ) ) ;
#522 = DIRECTION ( 'NONE',  ( 0.0000000000000000000, -1.000000000000000000, 0.0000000000000000000 ) ) ;
#523 = DIRECTION ( 'NONE',  ( -0.0000000000000000000, 0.0000000000000000000, -1.000000000000000000 ) ) ;
#524 = FACE_OUTER_BOUND ( 'NONE', #1066, .T. ) ;
#525 = CARTESIAN_POINT ( 'NONE',  ( -30.58422190682281894, 17.48360090365681785, 48.08122664194955576 ) ) ;
#526 = LINE ( 'NONE', #1828, #1191 ) ;
#527 = EDGE_CURVE ( 'NONE', #454, #2007, #1162, .T. ) ;
#528 = CARTESIAN_POINT ( 'NONE',  ( 22.77492153665584240, 11.98360090365681430, 27.25126492544785251 ) ) ;
#529 = ORIENTED_EDGE ( 'NONE', *, *, #2328, .F. ) ;
#530 = UNCERTAINTY_MEASURE_WITH_UNIT (LENGTH_MEASURE( 1.000000000000000082E-05 ), #1418, 'distance_accuracy_value', 'NONE');
#531 = DIRECTION ( 'NONE',  ( 1.000000000000000000, -0.0000000000000000000, -0.0000000000000000000 ) ) ;
#532 = EDGE_CURVE ( 'NONE', #1664, #1582, #563, .T. ) ;
#533 = EDGE_LOOP ( 'NONE', ( #2057, #2146, #124, #162 ) ) ;
#534 = DIRECTION ( 'NONE',  ( 1.421904488505580887E-16, 0.0000000000000000000, 1.000000000000000000 ) ) ;
#535 = CARTESIAN_POINT ( 'NONE',  ( 2.440055399077905918, 35.96360090365681828, 22.43153440711836311 ) ) ;
#536 = FACE_OUTER_BOUND ( 'NONE', #1049, .T. ) ;
#537 = AXIS2_PLACEMENT_3D ( 'NONE', #159, #189, #970 ) ;
#538 = ORIENTED_EDGE ( 'NONE', *, *, #1842, .T. ) ;
#539 = VECTOR ( 'NONE', #639, 1000.000000000000000 ) ;
#540 = DIRECTION ( 'NONE',  ( -0.0000000000000000000, 1.000000000000000000, 0.0000000000000000000 ) ) ;
#541 = DIRECTION ( 'NONE',  ( -0.0000000000000000000, 1.000000000000000000, -0.0000000000000000000 ) ) ;
#542 = EDGE_LOOP ( 'NONE', ( #292, #2485, #2, #1023, #2271, #979 ) ) ;
#543 = CARTESIAN_POINT ( 'NONE',  ( 2.440055399077913467, 48.46360090365682538, 50.48153440711835316 ) ) ;
#544 = FACE_OUTER_BOUND ( 'NONE', #2521, .T. ) ;
#545 = DIRECTION ( 'NONE',  ( 1.000000000000000000, -0.0000000000000000000, -0.0000000000000000000 ) ) ;
#546 = ORIENTED_EDGE ( 'NONE', *, *, #163, .T. ) ;
#547 = DIRECTION ( 'NONE',  ( -1.000000000000000000, 0.0000000000000000000, 8.393823270855518755E-17 ) ) ;
#548 = ORIENTED_EDGE ( 'NONE', *, *, #1260, .T. ) ;
#549 = CARTESIAN_POINT ( 'NONE',  ( -43.55994460092209408, 23.46360090365682183, 50.48153440711836026 ) ) ;
#550 = ORIENTED_EDGE ( 'NONE', *, *, #147, .F. ) ;
#551 = DIRECTION ( 'NONE',  ( 0.0000000000000000000, 1.000000000000000000, 0.0000000000000000000 ) ) ;
#552 = EDGE_CURVE ( 'NONE', #1270, #2409, #469, .T. ) ;
#553 = DIRECTION ( 'NONE',  ( 0.0000000000000000000, 0.0000000000000000000, -1.000000000000000000 ) ) ;
#554 = ORIENTED_EDGE ( 'NONE', *, *, #250, .T. ) ;
#555 = ADVANCED_FACE ( 'NONE', ( #1419 ), #1289, .T. ) ;
#556 = AXIS2_PLACEMENT_3D ( 'NONE', #220, #2049, #1231 ) ;
#557 = CARTESIAN_POINT ( 'NONE',  ( -31.37262906238949967, 18.09254767195566060, 47.21190686180185025 ) ) ;
#558 = CARTESIAN_POINT ( 'NONE',  ( -43.55994460092210119, 35.96360090365681828, 22.43153440711836666 ) ) ;
#559 = AXIS2_PLACEMENT_3D ( 'NONE', #1528, #183, #385 ) ;
#560 = CARTESIAN_POINT ( 'NONE',  ( 22.54366636062952267, 8.983600903656814296, 39.93153440711836311 ) ) ;
#561 = CARTESIAN_POINT ( 'NONE',  ( -0.6749766529089243905, 8.689287396345322989, 16.59666804717630839 ) ) ;
#562 = CARTESIAN_POINT ( 'NONE',  ( 2.440055399077905918, 35.96360090365681828, 22.43153440711836311 ) ) ;
#563 = CIRCLE ( 'NONE', #298, 2.000000000000001776 ) ;
#564 = CARTESIAN_POINT ( 'NONE',  ( 25.54366636062952622, 9.983600903656814296, 23.13153440711835529 ) ) ;
#565 = VECTOR ( 'NONE', #2110, 1000.000000000000000 ) ;
#566 = CARTESIAN_POINT ( 'NONE',  ( 18.54366636062952622, 11.98360090365681430, 42.43153440711835600 ) ) ;
#567 = EDGE_LOOP ( 'NONE', ( #144, #2276, #1073, #387, #1247, #227, #265, #1563 ) ) ;
#568 = CARTESIAN_POINT ( 'NONE',  ( 22.54366636062952622, 13.98360090365681430, 42.93153440711837021 ) ) ;
#569 = CARTESIAN_POINT ( 'NONE',  ( -1.555765139312082823, 7.500212476809477558, 15.07757274620960253 ) ) ;
#570 = ADVANCED_FACE ( 'NONE', ( #874 ), #1942, .T. ) ;
#571 = CARTESIAN_POINT ( 'NONE',  ( -31.95046898046132711, 18.66796944177275108, 19.94192536785691061 ) ) ;
#572 = AXIS2_PLACEMENT_3D ( 'NONE', #2359, #362, #751 ) ;
#573 = VERTEX_POINT ( 'NONE', #1727 ) ;
#574 = CARTESIAN_POINT ( 'NONE',  ( -30.56902504379629448, 17.48360090365668995, 47.21326983255459453 ) ) ;
#575 = DIRECTION ( 'NONE',  ( -1.000000000000000000, 1.994306155430570396E-32, 9.340818716798195839E-17 ) ) ;
#576 = ORIENTED_EDGE ( 'NONE', *, *, #1899, .F. ) ;
#577 = FACE_OUTER_BOUND ( 'NONE', #503, .T. ) ;
#578 = AXIS2_PLACEMENT_3D ( 'NONE', #805, #1027, #1223 ) ;
#579 = ORIENTED_EDGE ( 'NONE', *, *, #2471, .T. ) ;
#580 = CARTESIAN_POINT ( 'NONE',  ( -0.3206860989291080988, 8.862810103628623537, 16.78610226889565382 ) ) ;
#581 = ORIENTED_EDGE ( 'NONE', *, *, #1480, .T. ) ;
#582 = DIRECTION ( 'NONE',  ( 0.0000000000000000000, 1.000000000000000000, 0.0000000000000000000 ) ) ;
#583 = ADVANCED_FACE ( 'NONE', ( #1064 ), #2342, .F. ) ;
#584 = DIRECTION ( 'NONE',  ( -1.000000000000000000, -0.0000000000000000000, -0.0000000000000000000 ) ) ;
#585 = CARTESIAN_POINT ( 'NONE',  ( -29.55994460092210474, 17.48360090365681785, 65.53153440711842848 ) ) ;
#586 = EDGE_CURVE ( 'NONE', #231, #2464, #1764, .T. ) ;
#587 = ORIENTED_EDGE ( 'NONE', *, *, #2533, .T. ) ;
#588 = DIRECTION ( 'NONE',  ( 0.0000000000000000000, 1.000000000000000000, 0.0000000000000000000 ) ) ;
#589 = ORIENTED_EDGE ( 'NONE', *, *, #2268, .F. ) ;
#590 = EDGE_CURVE ( 'NONE', #2093, #1500, #344, .T. ) ;
#591 = CARTESIAN_POINT ( 'NONE',  ( -31.35106533519669370, 18.07658049683846713, 22.86466256367990724 ) ) ;
#592 = CARTESIAN_POINT ( 'NONE',  ( 22.54366636062952622, 13.98360090365681430, 52.93153440711837021 ) ) ;
#593 = DIRECTION ( 'NONE',  ( 0.0000000000000000000, 0.0000000000000000000, 1.000000000000000000 ) ) ;
#594 = LINE ( 'NONE', #280, #1352 ) ;
#595 = DIRECTION ( 'NONE',  ( 0.0000000000000000000, -1.000000000000000000, -1.200962406445481759E-16 ) ) ;
#596 = DIRECTION ( 'NONE',  ( 0.0000000000000000000, 0.0000000000000000000, -1.000000000000000000 ) ) ;
#597 = APPROVAL_PERSON_ORGANIZATION ( #632, #1878, #1438 ) ;
#598 = CARTESIAN_POINT ( 'NONE',  ( -30.57395482612235327, 17.48360090365682140, 22.86857778732075985 ) ) ;
#599 = ORIENTED_EDGE ( 'NONE', *, *, #2471, .F. ) ;
#600 = VERTEX_POINT ( 'NONE', #136 ) ;
#601 = DIRECTION ( 'NONE',  ( 0.0000000000000000000, -2.267612386897785405E-16, 1.000000000000000000 ) ) ;
#602 = APPROVAL_PERSON_ORGANIZATION ( #474, #338, #230 ) ;
#603 = ORIENTED_EDGE ( 'NONE', *, *, #1716, .T. ) ;
#604 = EDGE_CURVE ( 'NONE', #2240, #1270, #2538, .T. ) ;
#605 = VECTOR ( 'NONE', #2401, 1000.000000000000000 ) ;
#606 = CARTESIAN_POINT ( 'NONE',  ( -31.33378140122285060, 18.06360090365593152, 22.21497032885594791 ) ) ;
#607 = VERTEX_POINT ( 'NONE', #328 ) ;
#608 = LINE ( 'NONE', #2335, #2586 ) ;
#609 = CARTESIAN_POINT ( 'NONE',  ( -29.55994460573114324, 17.48360090365682495, 22.86466369461775727 ) ) ;
#610 = EDGE_CURVE ( 'NONE', #920, #1531, #2417, .T. ) ;
#611 = CARTESIAN_POINT ( 'NONE',  ( -32.20685249798624739, 19.06547922308028475, 25.57065516666039073 ) ) ;
#612 = ORIENTED_EDGE ( 'NONE', *, *, #404, .T. ) ;
#613 = FACE_OUTER_BOUND ( 'NONE', #1182, .T. ) ;
#614 = DIRECTION ( 'NONE',  ( 0.0000000000000000000, 1.000000000000000000, 0.0000000000000000000 ) ) ;
#615 = CARTESIAN_POINT ( 'NONE',  ( 22.81779402615708108, 13.98360090365681430, 44.89748280292795357 ) ) ;
#616 = ORIENTED_EDGE ( 'NONE', *, *, #2500, .T. ) ;
#617 = CC_DESIGN_APPROVAL ( #338, ( #1557 ) ) ;
#618 = CARTESIAN_POINT ( 'NONE',  ( 25.54366636062952622, 11.98360090365681430, 47.73153440711835316 ) ) ;
#619 = VERTEX_POINT ( 'NONE', #123 ) ;
#620 = PERSON_AND_ORGANIZATION_ROLE ( 'creator' ) ;
#621 = ORIENTED_EDGE ( 'NONE', *, *, #1547, .F. ) ;
#622 = CARTESIAN_POINT ( 'NONE',  ( -32.14531656858610376, 18.95723313640507968, 25.41294221779824980 ) ) ;
#623 = VERTEX_POINT ( 'NONE', #2126 ) ;
#624 = PERSON_AND_ORGANIZATION_ROLE ( 'design_owner' ) ;
#625 = AXIS2_PLACEMENT_3D ( 'NONE', #414, #2449, #466 ) ;
#626 = CYLINDRICAL_SURFACE ( 'NONE', #2222, 3.049999999999997158 ) ;
#627 = CARTESIAN_POINT ( 'NONE',  ( 22.81779402615708108, 11.98360090365681430, 43.49748280292795499 ) ) ;
#628 = AXIS2_PLACEMENT_3D ( 'NONE', #1604, #399, #813 ) ;
#629 = DIRECTION ( 'NONE',  ( 0.0000000000000000000, -1.000000000000000000, -2.135044278125300850E-16 ) ) ;
#630 = FACE_OUTER_BOUND ( 'NONE', #1299, .T. ) ;
#631 = CARTESIAN_POINT ( 'NONE',  ( -29.55994460092210829, 17.48360090365682495, 65.53153440711837163 ) ) ;
#632 = PERSON_AND_ORGANIZATION ( #1659, #1733 ) ;
#633 = CARTESIAN_POINT ( 'NONE',  ( 21.46343028543363829, 8.983600903656814296, 39.93153440711836311 ) ) ;
#634 = DIRECTION ( 'NONE',  ( 1.000000000000000000, -1.309225264888156377E-16, -9.637352644315598941E-17 ) ) ;
#635 = CALENDAR_DATE ( 2019, 12, 12 ) ;
#636 = CARTESIAN_POINT ( 'NONE',  ( 22.54366636062952622, 13.98360090365681430, 26.93153440711836666 ) ) ;
#637 = CARTESIAN_POINT ( 'NONE',  ( 18.54366636062952622, 11.98360090365681430, 28.43153440711835600 ) ) ;
#638 = CARTESIAN_POINT ( 'NONE',  ( 22.81779402615708108, 9.983600903656814296, 44.89748280292795357 ) ) ;
#639 = DIRECTION ( 'NONE',  ( 1.000000000000000000, 0.0000000000000000000, 0.0000000000000000000 ) ) ;
#640 = VERTEX_POINT ( 'NONE', #165 ) ;
#641 = EDGE_CURVE ( 'NONE', #2064, #1554, #1355, .T. ) ;
#642 = VERTEX_POINT ( 'NONE', #549 ) ;
#643 = APPROVAL_ROLE ( '' ) ;
#644 = LINE ( 'NONE', #305, #1107 ) ;
#645 = ORIENTED_EDGE ( 'NONE', *, *, #1749, .T. ) ;
#646 = CARTESIAN_POINT ( 'NONE',  ( -32.01732969143958485, 18.75872256331211574, 50.08864990891041202 ) ) ;
#647 = AXIS2_PLACEMENT_3D ( 'NONE', #758, #160, #1960 ) ;
#648 = EDGE_LOOP ( 'NONE', ( #1773, #321 ) ) ;
#649 = DIRECTION ( 'NONE',  ( -0.0000000000000000000, 1.000000000000000000, -0.0000000000000000000 ) ) ;
#650 = PRODUCT_RELATED_PRODUCT_CATEGORY ( 'detail', '', ( #68 ) ) ;
#651 = ORIENTED_EDGE ( 'NONE', *, *, #936, .F. ) ;
#652 = ADVANCED_FACE ( 'NONE', ( #2076 ), #1825, .F. ) ;
#653 = CARTESIAN_POINT ( 'NONE',  ( -29.55994460092211185, 20.48360090365682495, 23.08122664194966234 ) ) ;
#654 = VERTEX_POINT ( 'NONE', #2330 ) ;
#655 = VERTEX_POINT ( 'NONE', #560 ) ;
#656 = CARTESIAN_POINT ( 'NONE',  ( -6.851447223051284396, 13.48360090365682140, 4.331534407118360797 ) ) ;
#657 = EDGE_CURVE ( 'NONE', #2237, #600, #1640, .T. ) ;
#658 = VECTOR ( 'NONE', #78, 1000.000000000000000 ) ;
#659 = AXIS2_PLACEMENT_3D ( 'NONE', #893, #1318, #1081 ) ;
#660 = DIRECTION ( 'NONE',  ( 0.0000000000000000000, -1.000000000000000000, 0.0000000000000000000 ) ) ;
#661 = VECTOR ( 'NONE', #339, 1000.000000000000000 ) ;
#662 = ORIENTED_EDGE ( 'NONE', *, *, #482, .F. ) ;
#663 = ORIENTED_EDGE ( 'NONE', *, *, #931, .T. ) ;
#664 = CYLINDRICAL_SURFACE ( 'NONE', #505, 3.049999999999997158 ) ;
#665 = DIRECTION ( 'NONE',  ( 1.000000000000000000, -1.156482317317871725E-15, 0.0000000000000000000 ) ) ;
#666 = ORIENTED_EDGE ( 'NONE', *, *, #1769, .T. ) ;
#667 = VECTOR ( 'NONE', #1139, 1000.000000000000000 ) ;
#668 = DIRECTION ( 'NONE',  ( 0.0000000000000000000, 0.0000000000000000000, 1.000000000000000000 ) ) ;
#669 = ORIENTED_EDGE ( 'NONE', *, *, #936, .T. ) ;
#670 = CYLINDRICAL_SURFACE ( 'NONE', #1167, 8.000000000000000000 ) ;
#671 = ORIENTED_EDGE ( 'NONE', *, *, #2056, .F. ) ;
#672 = LINE ( 'NONE', #2070, #2062 ) ;
#673 = EDGE_CURVE ( 'NONE', #889, #2102, #408, .T. ) ;
#674 = DIRECTION ( 'NONE',  ( -1.000000000000000000, 1.994306155430570396E-32, 9.340818716798195839E-17 ) ) ;
#675 = ORIENTED_EDGE ( 'NONE', *, *, #812, .T. ) ;
#676 = ORIENTED_EDGE ( 'NONE', *, *, #2418, .T. ) ;
#677 = AXIS2_PLACEMENT_3D ( 'NONE', #303, #523, #2535 ) ;
#678 = CARTESIAN_POINT ( 'NONE',  ( 25.54366636062952622, 8.983600903656814296, 49.93153440711836311 ) ) ;
#679 = ORIENTED_EDGE ( 'NONE', *, *, #1570, .F. ) ;
#680 = DIRECTION ( 'NONE',  ( -0.0000000000000000000, 1.000000000000000000, -0.0000000000000000000 ) ) ;
#681 = EDGE_LOOP ( 'NONE', ( #890, #1817, #515, #1336 ) ) ;
#682 = ADVANCED_FACE ( 'NONE', ( #2570 ), #1227, .F. ) ;
#683 = VECTOR ( 'NONE', #1581, 1000.000000000000000 ) ;
#684 = EDGE_CURVE ( 'NONE', #1014, #1664, #1674, .T. ) ;
#685 = VECTOR ( 'NONE', #790, 1000.000000000000000 ) ;
#686 = CARTESIAN_POINT ( 'NONE',  ( -32.55994460092210119, 18.06360090365681614, 47.43153440711835600 ) ) ;
#687 = AXIS2_PLACEMENT_3D ( 'NONE', #2058, #846, #57 ) ;
#688 = LINE ( 'NONE', #891, #565 ) ;
#689 = EDGE_LOOP ( 'NONE', ( #589, #366, #1779, #851 ) ) ;
#690 = VERTEX_POINT ( 'NONE', #2532 ) ;
#691 = PRODUCT_DEFINITION_FORMATION_WITH_SPECIFIED_SOURCE ( 'ANY', '', #68, .NOT_KNOWN. ) ;
#692 = CIRCLE ( 'NONE', #1905, 1.399999999999998579 ) ;
#693 = ORIENTED_EDGE ( 'NONE', *, *, #110, .F. ) ;
#694 = CARTESIAN_POINT ( 'NONE',  ( -1.559944600922095637, 70.48360090365680719, 65.53153440711838584 ) ) ;
#695 = ORIENTED_EDGE ( 'NONE', *, *, #209, .T. ) ;
#696 = CIRCLE ( 'NONE', #1304, 3.049999999999990052 ) ;
#697 = CARTESIAN_POINT ( 'NONE',  ( 21.46343028543363829, 13.98360090365681430, 43.93153440711836311 ) ) ;
#698 = VERTEX_POINT ( 'NONE', #1169 ) ;
#699 = DIRECTION ( 'NONE',  ( 1.000000000000000000, -1.309225264888156377E-16, -9.637352644315598941E-17 ) ) ;
#700 = ORIENTED_EDGE ( 'NONE', *, *, #2482, .T. ) ;
#701 = AXIS2_PLACEMENT_3D ( 'NONE', #148, #1935, #1549 ) ;
#702 = DIRECTION ( 'NONE',  ( 0.0000000000000000000, -1.000000000000000000, 0.0000000000000000000 ) ) ;
#703 = ORIENTED_EDGE ( 'NONE', *, *, #2453, .F. ) ;
#704 = CARTESIAN_POINT ( 'NONE',  ( -1.559944600922095637, 7.483600903656808967, 65.53153440711837163 ) ) ;
#705 = ORIENTED_EDGE ( 'NONE', *, *, #1756, .F. ) ;
#706 = CARTESIAN_POINT ( 'NONE',  ( 22.77492153665584240, 7.983600903656813408, 25.85126492544785393 ) ) ;
#707 = EDGE_LOOP ( 'NONE', ( #2105, #1588, #1845, #1851, #723, #2429 ) ) ;
#708 = CARTESIAN_POINT ( 'NONE',  ( 18.54366636062952622, 11.98360090365681430, 47.73153440711835316 ) ) ;
#709 = CARTESIAN_POINT ( 'NONE',  ( -29.55994460092210474, 17.48360090365681785, 65.53153440711842848 ) ) ;
#710 = EDGE_CURVE ( 'NONE', #2005, #925, #1885, .T. ) ;
#711 = CARTESIAN_POINT ( 'NONE',  ( -32.55994460092210119, 48.46360090365682538, 22.43153440711836666 ) ) ;
#712 = CYLINDRICAL_SURFACE ( 'NONE', #2523, 1.399999999999998579 ) ;
#713 = DIRECTION ( 'NONE',  ( 1.000000000000000000, -1.309225264888156377E-16, -9.637352644315598941E-17 ) ) ;
#714 = LINE ( 'NONE', #2474, #820 ) ;
#715 = EDGE_CURVE ( 'NONE', #2108, #2007, #1484, .T. ) ;
#716 = CARTESIAN_POINT ( 'NONE',  ( -31.56072166146395830, 18.24103774471955219, 48.85718269601472485 ) ) ;
#717 = EDGE_LOOP ( 'NONE', ( #1978, #882, #334, #2243 ) ) ;
#718 = CARTESIAN_POINT ( 'NONE',  ( -1.530840302231360583, 15.38073621630447185, 15.27717574342646323 ) ) ;
#719 = AXIS2_PLACEMENT_3D ( 'NONE', #2072, #879, #1496 ) ;
#720 = ORIENTED_EDGE ( 'NONE', *, *, #2084, .F. ) ;
#721 = COORDINATED_UNIVERSAL_TIME_OFFSET ( 0, 0, .AHEAD. ) ;
#722 = DIRECTION ( 'NONE',  ( -0.0000000000000000000, 1.000000000000000000, -0.0000000000000000000 ) ) ;
#723 = ORIENTED_EDGE ( 'NONE', *, *, #1620, .F. ) ;
#724 = CARTESIAN_POINT ( 'NONE',  ( 18.54366636062952622, 11.98360090365681430, 47.73153440711835316 ) ) ;
#725 = CARTESIAN_POINT ( 'NONE',  ( 18.54366636062952622, 9.983600903656814296, 23.13153440711835529 ) ) ;
#726 = ORIENTED_EDGE ( 'NONE', *, *, #1140, .T. ) ;
#727 = LINE ( 'NONE', #725, #74 ) ;
#728 = DIRECTION ( 'NONE',  ( -9.637352644315597708E-17, 1.200962406445482005E-16, -1.000000000000000000 ) ) ;
#729 = CARTESIAN_POINT ( 'NONE',  ( -0.3206860989291071551, 14.10439170368500683, 16.78610226889565027 ) ) ;
#730 = ORIENTED_EDGE ( 'NONE', *, *, #1705, .T. ) ;
#731 = VECTOR ( 'NONE', #16, 1000.000000000000000 ) ;
#732 = VERTEX_POINT ( 'NONE', #213 ) ;
#733 = DIRECTION ( 'NONE',  ( 4.439807896328136871E-14, 0.0000000000000000000, 1.000000000000000000 ) ) ;
#734 = EDGE_CURVE ( 'NONE', #2305, #1273, #1479, .T. ) ;
#735 = ORIENTED_EDGE ( 'NONE', *, *, #1125, .F. ) ;
#736 = CARTESIAN_POINT ( 'NONE',  ( -0.8861228179479894163, 14.41597293229467347, 53.41549186746274813 ) ) ;
#737 = CARTESIAN_POINT ( 'NONE',  ( -32.37158757110702112, 19.42750079342305725, 43.83861708863233275 ) ) ;
#738 = ORIENTED_EDGE ( 'NONE', *, *, #2056, .T. ) ;
#739 = EDGE_CURVE ( 'NONE', #1735, #800, #1608, .T. ) ;
#740 = DIRECTION ( 'NONE',  ( -0.0000000000000000000, 1.000000000000000000, -0.0000000000000000000 ) ) ;
#741 = DIRECTION ( 'NONE',  ( 9.637352644315596475E-17, -1.200962406445482005E-16, 1.000000000000000000 ) ) ;
#742 = VERTEX_POINT ( 'NONE', #2599 ) ;
#743 = AXIS2_PLACEMENT_3D ( 'NONE', #340, #2122, #2148 ) ;
#744 = CARTESIAN_POINT ( 'NONE',  ( 25.54366636062952622, 13.98360090365681430, 26.93153440711836666 ) ) ;
#745 = CARTESIAN_POINT ( 'NONE',  ( 22.81779402615708108, 7.983600903656813408, 46.29748280292795215 ) ) ;
#746 = CARTESIAN_POINT ( 'NONE',  ( 2.440055399077906362, 35.96360090365681828, 25.48153440711837447 ) ) ;
#747 = LINE ( 'NONE', #1371, #1224 ) ;
#748 = CARTESIAN_POINT ( 'NONE',  ( -43.55994460092210119, 66.44360090365681515, 4.331534407118368790 ) ) ;
#749 = DIRECTION ( 'NONE',  ( 0.0000000000000000000, -1.000000000000000000, 0.0000000000000000000 ) ) ;
#750 = VECTOR ( 'NONE', #2198, 1000.000000000000000 ) ;
#751 = DIRECTION ( 'NONE',  ( -1.000000000000000000, 0.0000000000000000000, 0.0000000000000000000 ) ) ;
#752 = CARTESIAN_POINT ( 'NONE',  ( 22.77492153665584240, 11.98360090365681430, 24.45126492544785535 ) ) ;
#753 = FACE_OUTER_BOUND ( 'NONE', #2492, .T. ) ;
#754 = DIRECTION ( 'NONE',  ( 0.0000000000000000000, 0.0000000000000000000, 1.000000000000000000 ) ) ;
#755 = CARTESIAN_POINT ( 'NONE',  ( -6.851447223051284396, 13.48360090365682140, 4.331534407118360797 ) ) ;
#756 = EDGE_CURVE ( 'NONE', #775, #17, #2260, .T. ) ;
#757 = CALENDAR_DATE ( 2019, 12, 12 ) ;
#758 = CARTESIAN_POINT ( 'NONE',  ( 15.01606318754601332, 8.983600903656814296, 34.93153440711837021 ) ) ;
#759 = LINE ( 'NONE', #211, #352 ) ;
#760 = AXIS2_PLACEMENT_3D ( 'NONE', #942, #2124, #1732 ) ;
#761 = ORIENTED_EDGE ( 'NONE', *, *, #1899, .T. ) ;
#762 = DIRECTION ( 'NONE',  ( -0.0000000000000000000, -1.000000000000000000, -0.0000000000000000000 ) ) ;
#763 = DIRECTION ( 'NONE',  ( 1.000000000000000000, 2.118135622597826445E-32, -9.920804192677813919E-17 ) ) ;
#764 = ORIENTED_EDGE ( 'NONE', *, *, #147, .T. ) ;
#765 = CIRCLE ( 'NONE', #1354, 7.071067811865471064 ) ;
#766 = EDGE_LOOP ( 'NONE', ( #671, #1398, #2561, #897 ) ) ;
#767 = ADVANCED_FACE ( 'NONE', ( #1130 ), #2227, .F. ) ;
#768 = CARTESIAN_POINT ( 'NONE',  ( 18.54366636062952622, 11.98360090365681430, 47.73153440711835316 ) ) ;
#769 = ORIENTED_EDGE ( 'NONE', *, *, #1068, .T. ) ;
#770 = CARTESIAN_POINT ( 'NONE',  ( 2.440055399077912579, 48.46360090365682538, 44.38153440711837305 ) ) ;
#771 = ORIENTED_EDGE ( 'NONE', *, *, #1936, .F. ) ;
#772 = CARTESIAN_POINT ( 'NONE',  ( 22.54366636062951557, 8.983600903656814296, 42.93153440711837732 ) ) ;
#773 = EDGE_CURVE ( 'NONE', #391, #2093, #1540, .T. ) ;
#774 = CARTESIAN_POINT ( 'NONE',  ( -32.50378502862307784, 19.83820329385512693, 18.40995163412121727 ) ) ;
#775 = VERTEX_POINT ( 'NONE', #1202 ) ;
#776 = AXIS2_PLACEMENT_3D ( 'NONE', #1798, #2391, #409 ) ;
#777 = ORIENTED_EDGE ( 'NONE', *, *, #1163, .F. ) ;
#778 = CARTESIAN_POINT ( 'NONE',  ( 22.54366636062951557, 8.983600903656814296, 49.93153440711835600 ) ) ;
#779 = DIRECTION ( 'NONE',  ( -1.000000000000000000, 0.0000000000000000000, 0.0000000000000000000 ) ) ;
#780 = ADVANCED_BREP_SHAPE_REPRESENTATION ( 'Headplate for current headclamp MT1M', ( #999, #376 ), #1648 ) ;
#781 = CARTESIAN_POINT ( 'NONE',  ( 0.08722203971078251739, 8.967596280378428375, 16.90530355254794870 ) ) ;
#782 = ADVANCED_FACE ( 'NONE', ( #630 ), #2609, .T. ) ;
#783 = DIRECTION ( 'NONE',  ( 0.0000000000000000000, 0.0000000000000000000, -1.000000000000000000 ) ) ;
#784 = LINE ( 'NONE', #1661, #1317 ) ;
#785 = CARTESIAN_POINT ( 'NONE',  ( -29.55994460092209764, 17.48360090365682140, 46.78184217228717756 ) ) ;
#786 = CYLINDRICAL_SURFACE ( 'NONE', #2012, 7.071067811865471064 ) ;
#787 = DIRECTION ( 'NONE',  ( 9.920804192677813919E-17, -1.200962406445482005E-16, 1.000000000000000000 ) ) ;
#788 = VERTEX_POINT ( 'NONE', #2383 ) ;
#789 = EDGE_CURVE ( 'NONE', #258, #361, #2353, .T. ) ;
#790 = DIRECTION ( 'NONE',  ( 9.920804192677813919E-17, -0.0000000000000000000, 1.000000000000000000 ) ) ;
#791 = DIRECTION ( 'NONE',  ( 0.0000000000000000000, -1.000000000000000000, 0.0000000000000000000 ) ) ;
#792 = CIRCLE ( 'NONE', #1610, 3.050000000000014477 ) ;
#793 = AXIS2_PLACEMENT_3D ( 'NONE', #90, #1501, #1731 ) ;
#794 = ORIENTED_EDGE ( 'NONE', *, *, #1328, .T. ) ;
#795 = ADVANCED_FACE ( 'NONE', ( #221 ), #2194, .T. ) ;
#796 = DIRECTION ( 'NONE',  ( 0.0000000000000000000, 0.0000000000000000000, 1.000000000000000000 ) ) ;
#797 = ORIENTED_EDGE ( 'NONE', *, *, #2282, .F. ) ;
#798 = VECTOR ( 'NONE', #2346, 1000.000000000000000 ) ;
#799 = AXIS2_PLACEMENT_3D ( 'NONE', #772, #791, #596 ) ;
#800 = VERTEX_POINT ( 'NONE', #396 ) ;
#801 = DIRECTION ( 'NONE',  ( 0.0000000000000000000, 0.0000000000000000000, 1.000000000000000000 ) ) ;
#802 = CARTESIAN_POINT ( 'NONE',  ( -1.492747002747383256, 7.699163179591695716, 15.46055810291569443 ) ) ;
#803 = CYLINDRICAL_SURFACE ( 'NONE', #1235, 2.999999999999999112 ) ;
#804 = ORIENTED_EDGE ( 'NONE', *, *, #1351, .T. ) ;
#805 = CARTESIAN_POINT ( 'NONE',  ( 22.81779402615708108, 9.983600903656814296, 44.89748280292795357 ) ) ;
#806 = CARTESIAN_POINT ( 'NONE',  ( -32.32047972792314994, 19.30180721224741802, 25.87784065153280721 ) ) ;
#807 = EDGE_LOOP ( 'NONE', ( #1245, #1647 ) ) ;
#808 = DIRECTION ( 'NONE',  ( 1.000000000000000000, -0.0000000000000000000, -0.0000000000000000000 ) ) ;
#809 = ORIENTED_EDGE ( 'NONE', *, *, #87, .F. ) ;
#810 = DIRECTION ( 'NONE',  ( -1.000000000000000000, 1.994306155430570396E-32, 9.340818716798195839E-17 ) ) ;
#811 = VERTEX_POINT ( 'NONE', #174 ) ;
#812 = EDGE_CURVE ( 'NONE', #351, #1372, #2044, .T. ) ;
#813 = DIRECTION ( 'NONE',  ( 8.673617379884033500E-16, 1.000000000000000000, 0.0000000000000000000 ) ) ;
#814 = DIRECTION ( 'NONE',  ( 1.421904488505584338E-16, 0.0000000000000000000, 1.000000000000000000 ) ) ;
#815 = LINE ( 'NONE', #1300, #116 ) ;
#816 = APPLICATION_CONTEXT ( 'configuration controlled 3d designs of mechanical parts and assemblies' ) ;
#817 = VECTOR ( 'NONE', #595, 1000.000000000000000 ) ;
#818 = CARTESIAN_POINT ( 'NONE',  ( -29.55994460092210474, 17.48360090365682495, 23.08122664194966944 ) ) ;
#819 = CARTESIAN_POINT ( 'NONE',  ( 22.77492153665584240, 7.983600903656813408, 27.25126492544785251 ) ) ;
#820 = VECTOR ( 'NONE', #473, 1000.000000000000000 ) ;
#821 = PLANE ( 'NONE',  #1940 ) ;
#822 = COORDINATED_UNIVERSAL_TIME_OFFSET ( 0, 0, .AHEAD. ) ;
#823 = EDGE_CURVE ( 'NONE', #66, #619, #2290, .T. ) ;
#824 = ORIENTED_EDGE ( 'NONE', *, *, #1215, .T. ) ;
#825 = CARTESIAN_POINT ( 'NONE',  ( -1.559944600922095637, 5.483600903656813408, 65.53153440711837163 ) ) ;
#826 = AXIS2_PLACEMENT_3D ( 'NONE', #2206, #191, #593 ) ;
#827 = CARTESIAN_POINT ( 'NONE',  ( 11.19227060832788467, 13.98360090365681430, 29.93153440711837021 ) ) ;
#828 = ORIENTED_EDGE ( 'NONE', *, *, #2421, .T. ) ;
#829 = CIRCLE ( 'NONE', #269, 1.399999999999998579 ) ;
#830 = DIRECTION ( 'NONE',  ( -0.0000000000000000000, 1.000000000000000000, 2.267612386897785405E-16 ) ) ;
#831 = CARTESIAN_POINT ( 'NONE',  ( -1.492747002747374596, 7.699163179591701045, 54.40251071132104244 ) ) ;
#832 = VERTEX_POINT ( 'NONE', #2210 ) ;
#833 = ORIENTED_EDGE ( 'NONE', *, *, #1417, .F. ) ;
#834 = CARTESIAN_POINT ( 'NONE',  ( -31.39462738657476493, 18.11000888394707786, 23.08122664194967300 ) ) ;
#835 = ORIENTED_EDGE ( 'NONE', *, *, #1215, .F. ) ;
#836 = ORIENTED_EDGE ( 'NONE', *, *, #372, .F. ) ;
#837 = CARTESIAN_POINT ( 'NONE',  ( -1.371191145779738996, 7.960767104146364126, 54.07553991202915711 ) ) ;
#838 = ORIENTED_EDGE ( 'NONE', *, *, #451, .T. ) ;
#839 = DIRECTION ( 'NONE',  ( -2.312964634635743450E-15, 0.0000000000000000000, 1.000000000000000000 ) ) ;
#840 = EDGE_CURVE ( 'NONE', #642, #619, #2096, .T. ) ;
#841 = CARTESIAN_POINT ( 'NONE',  ( -30.58422190682283315, 17.48360090365682140, 21.78184217228707098 ) ) ;
#842 = DIRECTION ( 'NONE',  ( 0.0000000000000000000, 0.0000000000000000000, -1.000000000000000000 ) ) ;
#843 = ADVANCED_FACE ( 'NONE', ( #92 ), #2477, .T. ) ;
#844 = FACE_OUTER_BOUND ( 'NONE', #1309, .T. ) ;
#845 = LINE ( 'NONE', #2095, #2479 ) ;
#846 = DIRECTION ( 'NONE',  ( 1.000000000000000000, -1.309225264888156377E-16, -9.637352644315598941E-17 ) ) ;
#847 = VECTOR ( 'NONE', #2363, 1000.000000000000000 ) ;
#848 = CARTESIAN_POINT ( 'NONE',  ( 22.81779402615708108, 11.98360090365681430, 46.29748280292795215 ) ) ;
#849 = PERSON_AND_ORGANIZATION ( #1659, #1733 ) ;
#850 = CARTESIAN_POINT ( 'NONE',  ( -32.55994460092210119, 66.44360090365681515, 4.331534407118368790 ) ) ;
#851 = ORIENTED_EDGE ( 'NONE', *, *, #756, .T. ) ;
#852 = B_SPLINE_CURVE_WITH_KNOTS ( 'NONE', 3,
 ( #2151, #1561, #2130, #1154, #1539, #952, #736, #353, #2139, #927, #2541, #2550, #2321, #1349 ),
 .UNSPECIFIED., .F., .F.,
 ( 4, 2, 2, 2, 2, 2, 4 ),
 ( 0.0000000000000000000, 0.0004402060588557366429, 0.0008804121177114731774, 0.001760824235422952860, 0.002641236353134433085, 0.003081442411990172655, 0.003521648470845912659 ),
 .UNSPECIFIED. ) ;
#853 = EDGE_CURVE ( 'NONE', #924, #2005, #2163, .T. ) ;
#854 = VERTEX_POINT ( 'NONE', #618 ) ;
#855 = CARTESIAN_POINT ( 'NONE',  ( 0.3765470721816060462, 15.98360090365681607, 1.830669308896180019E-15 ) ) ;
#856 = VECTOR ( 'NONE', #2113, 1000.000000000000000 ) ;
#857 = ORIENTED_EDGE ( 'NONE', *, *, #1140, .F. ) ;
#858 = FACE_OUTER_BOUND ( 'NONE', #2347, .T. ) ;
#859 = AXIS2_PLACEMENT_3D ( 'NONE', #2287, #1284, #888 ) ;
#860 = CARTESIAN_POINT ( 'NONE',  ( 0.4400553990778974245, 13.98360090365681430, 14.93153440711836843 ) ) ;
#861 = ORIENTED_EDGE ( 'NONE', *, *, #420, .F. ) ;
#862 = CARTESIAN_POINT ( 'NONE',  ( 11.19227060832788467, 13.98360090365681430, 39.93153440711836311 ) ) ;
#863 = EDGE_LOOP ( 'NONE', ( #329, #1345, #60, #58, #2399 ) ) ;
#864 = VERTEX_POINT ( 'NONE', #1222 ) ;
#865 = CARTESIAN_POINT ( 'NONE',  ( 18.54366636062952622, 11.98360090365681430, 47.73153440711835316 ) ) ;
#866 = ORIENTED_EDGE ( 'NONE', *, *, #1688, .T. ) ;
#867 = ADVANCED_FACE ( 'NONE', ( #1574 ), #1033, .F. ) ;
#868 = DIRECTION ( 'NONE',  ( -1.000000000000000000, 1.994306155430570396E-32, 9.340818716798195839E-17 ) ) ;
#869 = EDGE_CURVE ( 'NONE', #1011, #2518, #2017, .T. ) ;
#870 = B_SPLINE_CURVE_WITH_KNOTS ( 'NONE', 3,
 ( #2131, #1955, #1144, #1530, #2542, #2508, #1550, #1522, #1945, #1350, #737, #1924, #1754, #928 ),
 .UNSPECIFIED., .F., .F.,
 ( 4, 2, 2, 2, 2, 2, 4 ),
 ( 7.757919228897728493E-18, 0.001205444059777560032, 0.001808166089666346987, 0.002410888119555133942, 0.003013610149443920246, 0.003616332179332707418, 0.004821776239110261812 ),
 .UNSPECIFIED. ) ;
#871 = LINE ( 'NONE', #2564, #683 ) ;
#872 = AXIS2_PLACEMENT_3D ( 'NONE', #12, #1422, #215 ) ;
#873 = CARTESIAN_POINT ( 'NONE',  ( 22.81779402615708108, 7.983600903656813408, 43.49748280292795499 ) ) ;
#874 = FACE_OUTER_BOUND ( 'NONE', #1729, .T. ) ;
#875 = AXIS2_PLACEMENT_3D ( 'NONE', #1059, #1707, #2387 ) ;
#876 = DIRECTION ( 'NONE',  ( 2.118135622597826445E-32, -1.000000000000000000, 0.0000000000000000000 ) ) ;
#877 = LINE ( 'NONE', #89, #1888 ) ;
#878 = FACE_OUTER_BOUND ( 'NONE', #2186, .T. ) ;
#879 = DIRECTION ( 'NONE',  ( 0.0000000000000000000, -1.000000000000000000, 0.0000000000000000000 ) ) ;
#880 = FACE_BOUND ( 'NONE', #1137, .T. ) ;
#881 = DIRECTION ( 'NONE',  ( 9.920804192677812687E-17, -1.275531967630004752E-16, 1.000000000000000000 ) ) ;
#882 = ORIENTED_EDGE ( 'NONE', *, *, #2612, .T. ) ;
#883 = CARTESIAN_POINT ( 'NONE',  ( -32.55994460092210119, 23.46360090365681828, 22.43153440711836666 ) ) ;
#884 = ORIENTED_EDGE ( 'NONE', *, *, #1351, .F. ) ;
#885 = DATE_AND_TIME ( #1160, #1385 ) ;
#886 =( BOUNDED_SURFACE ( )  B_SPLINE_SURFACE ( 3, 2, ( 
 ( #834, #1814, #818 ),
 ( #1807, #598, #609 ),
 ( #2213, #11, #2011 ),
 ( #1420, #413, #1822 ),
 ( #2025, #1017, #1852 ),
 ( #2051, #841, #2246 ) ),
 .UNSPECIFIED., .F., .F., .F. ) 
 B_SPLINE_SURFACE_WITH_KNOTS ( ( 4, 2, 4 ),
 ( 3, 3 ),
 ( 0.006180973341502184366, 0.006828470729354597230, 0.007475968117207010960 ),
 ( 0.5769763928479816339, 1.000000000000000000 ),
 .UNSPECIFIED. ) 
 GEOMETRIC_REPRESENTATION_ITEM ( )  RATIONAL_B_SPLINE_SURFACE ( (
 ( 0.8570243890810003151, 0.8760992540671677098, 1.000000000000000000),
 ( 0.8596304099916762809, 0.8783575968199902606, 1.000000000000000000),
 ( 0.8610281537000719077, 0.8795688627623421407, 1.000000000000000000),
 ( 0.8610282347903448485, 0.8795689330340845657, 1.000000000000000000),
 ( 0.8596304842754778353, 0.8783576611933359146, 1.000000000000000000),
 ( 0.8570243890810003151, 0.8760992540671677098, 1.000000000000000000) ) ) 
 REPRESENTATION_ITEM ( '' )  SURFACE ( )  );
#887 = AXIS2_PLACEMENT_3D ( 'NONE', #1867, #81, #2068 ) ;
#888 = DIRECTION ( 'NONE',  ( 0.0000000000000000000, -0.0000000000000000000, -1.000000000000000000 ) ) ;
#889 = VERTEX_POINT ( 'NONE', #1461 ) ;
#890 = ORIENTED_EDGE ( 'NONE', *, *, #1875, .F. ) ;
#891 = CARTESIAN_POINT ( 'NONE',  ( -1.559944600922096303, -9.658581096285722826E-32, 54.93153440711837021 ) ) ;
#892 = ORIENTED_EDGE ( 'NONE', *, *, #456, .F. ) ;
#893 = CARTESIAN_POINT ( 'NONE',  ( -6.851447223051298607, 9.483600903656830283, 4.331534407118365237 ) ) ;
#894 = CARTESIAN_POINT ( 'NONE',  ( 22.77492153665584240, 7.983600903656813408, 25.85126492544785393 ) ) ;
#895 = ORIENTED_EDGE ( 'NONE', *, *, #372, .T. ) ;
#896 = CARTESIAN_POINT ( 'NONE',  ( 18.54366636062952622, 9.983600903656814296, 47.73153440711835316 ) ) ;
#897 = ORIENTED_EDGE ( 'NONE', *, *, #277, .T. ) ;
#898 = DIRECTION ( 'NONE',  ( 0.0000000000000000000, 0.0000000000000000000, 1.000000000000000000 ) ) ;
#899 = CARTESIAN_POINT ( 'NONE',  ( -0.9653369027459116625, 8.471051162478412166, 53.50346221549675363 ) ) ;
#900 = EDGE_CURVE ( 'NONE', #1525, #1458, #962, .T. ) ;
#901 = FACE_OUTER_BOUND ( 'NONE', #1327, .T. ) ;
#902 = DIRECTION ( 'NONE',  ( -1.000000000000000000, 1.994306155430570396E-32, 9.340818716798195839E-17 ) ) ;
#903 = CARTESIAN_POINT ( 'NONE',  ( -1.492747002747383034, 15.26803862772193732, 15.46055810291568910 ) ) ;
#904 = AXIS2_PLACEMENT_3D ( 'NONE', #2539, #1347, #2147 ) ;
#905 = VECTOR ( 'NONE', #2101, 1000.000000000000000 ) ;
#906 = CARTESIAN_POINT ( 'NONE',  ( 0.3765470721816041033, 6.983600903656813408, 9.257042672863755353E-16 ) ) ;
#907 = FACE_OUTER_BOUND ( 'NONE', #1937, .T. ) ;
#908 = CARTESIAN_POINT ( 'NONE',  ( 19.79940950566628288, 13.98360090365681430, 29.24616957003273754 ) ) ;
#909 = CALENDAR_DATE ( 2019, 12, 12 ) ;
#910 = ORIENTED_EDGE ( 'NONE', *, *, #2386, .F. ) ;
#911 = CARTESIAN_POINT ( 'NONE',  ( -29.55994460092211185, 17.48360090365682495, 21.99840642170309835 ) ) ;
#912 = ORIENTED_EDGE ( 'NONE', *, *, #1730, .F. ) ;
#913 = FACE_OUTER_BOUND ( 'NONE', #1630, .T. ) ;
#914 = DIRECTION ( 'NONE',  ( -0.0000000000000000000, -1.000000000000000000, -0.0000000000000000000 ) ) ;
#915 = DIRECTION ( 'NONE',  ( -1.000000000000000000, 1.994306155430570396E-32, 9.340818716798195839E-17 ) ) ;
#916 = EDGE_CURVE ( 'NONE', #1972, #1311, #1726, .T. ) ;
#917 = ORIENTED_EDGE ( 'NONE', *, *, #2145, .F. ) ;
#918 = CIRCLE ( 'NONE', #2473, 4.000000000000000000 ) ;
#919 = DIRECTION ( 'NONE',  ( 0.0000000000000000000, 1.000000000000000000, 0.0000000000000000000 ) ) ;
#920 = VERTEX_POINT ( 'NONE', #633 ) ;
#921 = EDGE_CURVE ( 'NONE', #6, #1311, #1194, .T. ) ;
#922 = DIRECTION ( 'NONE',  ( 0.0000000000000000000, 0.0000000000000000000, 1.000000000000000000 ) ) ;
#923 = DIRECTION ( 'NONE',  ( 0.0000000000000000000, 1.000000000000000000, 0.0000000000000000000 ) ) ;
#924 = VERTEX_POINT ( 'NONE', #1631 ) ;
#925 = VERTEX_POINT ( 'NONE', #1452 ) ;
#926 = DIRECTION ( 'NONE',  ( -0.0000000000000000000, -1.000000000000000000, -0.0000000000000000000 ) ) ;
#927 = CARTESIAN_POINT ( 'NONE',  ( -1.458117675747397479, 15.18144488229876998, 54.29098665661819467 ) ) ;
#928 = CARTESIAN_POINT ( 'NONE',  ( -32.55994460092210119, 20.48360090365682140, 42.92824671921743374 ) ) ;
#929 = ORIENTED_EDGE ( 'NONE', *, *, #1260, .F. ) ;
#930 = PLANE ( 'NONE',  #2354 ) ;
#931 = EDGE_CURVE ( 'NONE', #2240, #1112, #441, .T. ) ;
#932 = CARTESIAN_POINT ( 'NONE',  ( 25.54366636062952622, 11.98360090365681430, 23.13153440711835529 ) ) ;
#933 = VECTOR ( 'NONE', #1084, 1000.000000000000000 ) ;
#934 = CARTESIAN_POINT ( 'NONE',  ( -32.55994460092210119, 70.48360090365682140, 4.331534407118368790 ) ) ;
#935 = CIRCLE ( 'NONE', #70, 3.049999999999997158 ) ;
#936 = EDGE_CURVE ( 'NONE', #2121, #2518, #526, .T. ) ;
#937 = CARTESIAN_POINT ( 'NONE',  ( 25.54366636062952622, 13.98360090365681430, 19.93153440711836666 ) ) ;
#938 = FACE_OUTER_BOUND ( 'NONE', #1904, .T. ) ;
#939 = CARTESIAN_POINT ( 'NONE',  ( -1.559944600922101854, 15.48360090365681607, 4.331534407118359908 ) ) ;
#940 = AXIS2_PLACEMENT_3D ( 'NONE', #638, #993, #2605 ) ;
#941 = CARTESIAN_POINT ( 'NONE',  ( 0.3765470721816093214, 8.983600903656814296, 49.93153440711835600 ) ) ;
#942 = CARTESIAN_POINT ( 'NONE',  ( 22.81779402615708108, 8.983600903656814296, 44.89748280292795357 ) ) ;
#943 = ORIENTED_EDGE ( 'NONE', *, *, #2039, .T. ) ;
#944 = VECTOR ( 'NONE', #629, 1000.000000000000000 ) ;
#945 = ADVANCED_FACE ( 'NONE', ( #1094 ), #712, .F. ) ;
#946 = ORIENTED_EDGE ( 'NONE', *, *, #1620, .T. ) ;
#947 = CIRCLE ( 'NONE', #826, 3.000000000000012879 ) ;
#948 = ORIENTED_EDGE ( 'NONE', *, *, #1514, .F. ) ;
#949 = DIRECTION ( 'NONE',  ( -0.0000000000000000000, 1.000000000000000000, -0.0000000000000000000 ) ) ;
#950 = EDGE_CURVE ( 'NONE', #1554, #1011, #1478, .T. ) ;
#951 = ORIENTED_EDGE ( 'NONE', *, *, #1346, .T. ) ;
#952 = CARTESIAN_POINT ( 'NONE',  ( -0.6840353299869754711, 14.26750314089192528, 53.25564920102181077 ) ) ;
#953 = DIRECTION ( 'NONE',  ( -1.000000000000000000, 1.309225264888156377E-16, 9.637352644315600173E-17 ) ) ;
#954 = EDGE_LOOP ( 'NONE', ( #450, #179 ) ) ;
#955 = CARTESIAN_POINT ( 'NONE',  ( -29.55994460573043625, 17.48360090365682140, 46.99840738166511755 ) ) ;
#956 = ORIENTED_EDGE ( 'NONE', *, *, #590, .T. ) ;
#957 = CARTESIAN_POINT ( 'NONE',  ( 18.54366636062952622, 11.98360090365681430, 47.73153440711835316 ) ) ;
#958 = ADVANCED_FACE ( 'NONE', ( #1257 ), #273, .F. ) ;
#959 = ORIENTED_EDGE ( 'NONE', *, *, #1911, .F. ) ;
#960 = CARTESIAN_POINT ( 'NONE',  ( -31.33378140122401589, 18.06360090365681614, 22.43153440714038638 ) ) ;
#961 = CARTESIAN_POINT ( 'NONE',  ( 22.54366636062952622, 13.98360090365681430, 42.93153440711837021 ) ) ;
#962 = CIRCLE ( 'NONE', #316, 3.049999999999997158 ) ;
#963 = EDGE_CURVE ( 'NONE', #2033, #1483, #2414, .T. ) ;
#964 = DIRECTION ( 'NONE',  ( 0.0000000000000000000, 0.0000000000000000000, 1.000000000000000000 ) ) ;
#965 = CARTESIAN_POINT ( 'NONE',  ( -0.8756780288927541456, 8.547890151848333673, 16.44309388749984890 ) ) ;
#966 = LINE ( 'NONE', #873, #443 ) ;
#967 = EDGE_CURVE ( 'NONE', #1787, #1972, #784, .T. ) ;
#968 = LINE ( 'NONE', #543, #2169 ) ;
#969 = ADVANCED_FACE ( 'NONE', ( #1792, #844 ), #2472, .F. ) ;
#970 = DIRECTION ( 'NONE',  ( 0.0000000000000000000, 1.200962406445482005E-16, -1.000000000000000000 ) ) ;
#971 = DIRECTION ( 'NONE',  ( 0.0000000000000000000, -1.000000000000000000, 0.0000000000000000000 ) ) ;
#972 = DATE_AND_TIME ( #757, #1831 ) ;
#973 = AXIS2_PLACEMENT_3D ( 'NONE', #1725, #1927, #922 ) ;
#974 = EDGE_LOOP ( 'NONE', ( #1684, #2115, #2515, #1598, #1262, #1324 ) ) ;
#975 = DIRECTION ( 'NONE',  ( 0.0000000000000000000, 0.0000000000000000000, 1.000000000000000000 ) ) ;
#976 = ORIENTED_EDGE ( 'NONE', *, *, #1977, .T. ) ;
#977 = FACE_OUTER_BOUND ( 'NONE', #863, .T. ) ;
#978 = CARTESIAN_POINT ( 'NONE',  ( -32.55994460092210119, 20.48360090365682495, 17.92824671921744084 ) ) ;
#979 = ORIENTED_EDGE ( 'NONE', *, *, #2129, .F. ) ;
#980 = LINE ( 'NONE', #1791, #731 ) ;
#981 = CARTESIAN_POINT ( 'NONE',  ( -30.57395481651835922, 17.48360090365681785, 46.99449320883891090 ) ) ;
#982 = EDGE_CURVE ( 'NONE', #2172, #1338, #1858, .T. ) ;
#983 = ORIENTED_EDGE ( 'NONE', *, *, #1103, .T. ) ;
#984 = DIRECTION ( 'NONE',  ( 0.0000000000000000000, 1.000000000000000000, 0.0000000000000000000 ) ) ;
#985 = ORIENTED_EDGE ( 'NONE', *, *, #2299, .T. ) ;
#986 = DIRECTION ( 'NONE',  ( -1.000000000000000000, 0.0000000000000000000, -0.0000000000000000000 ) ) ;
#987 = ADVANCED_FACE ( 'NONE', ( #997 ), #1416, .T. ) ;
#988 = EDGE_CURVE ( 'NONE', #1483, #2033, #2128, .T. ) ;
#989 = CARTESIAN_POINT ( 'NONE',  ( -43.55994460092209408, 48.46360090365682538, 47.43153440711837021 ) ) ;
#990 = EDGE_LOOP ( 'NONE', ( #80, #240, #204, #2061, #2085 ) ) ;
#991 = AXIS2_PLACEMENT_3D ( 'NONE', #2094, #674, #2279 ) ;
#992 = ORIENTED_EDGE ( 'NONE', *, *, #869, .T. ) ;
#993 = DIRECTION ( 'NONE',  ( -0.0000000000000000000, -1.000000000000000000, -0.0000000000000000000 ) ) ;
#994 = DIRECTION ( 'NONE',  ( -0.0000000000000000000, 1.000000000000000000, -0.0000000000000000000 ) ) ;
#995 = CARTESIAN_POINT ( 'NONE',  ( -1.457689823815521590, 7.786730825440786319, 15.57333164212877996 ) ) ;
#996 = CARTESIAN_POINT ( 'NONE',  ( 19.13398304242149095, 8.983600903656814296, 29.18325326674063547 ) ) ;
#997 = FACE_OUTER_BOUND ( 'NONE', #567, .T. ) ;
#998 = PLANE ( 'NONE',  #487 ) ;
#999 = MANIFOLD_SOLID_BREP ( 'Cut-Extrude14', #1667 ) ;
#1000 = CARTESIAN_POINT ( 'NONE',  ( -43.55994460092210119, 48.46360090365682538, 25.48153440711836382 ) ) ;
#1001 = VECTOR ( 'NONE', #1326, 1000.000000000000000 ) ;
#1002 = DIRECTION ( 'NONE',  ( 9.637352644315598941E-17, -1.200962406445482005E-16, 1.000000000000000000 ) ) ;
#1003 = FACE_OUTER_BOUND ( 'NONE', #1278, .T. ) ;
#1004 = EDGE_CURVE ( 'NONE', #2310, #2220, #186, .T. ) ;
#1005 = DIRECTION ( 'NONE',  ( 0.0000000000000000000, 1.000000000000000000, 0.0000000000000000000 ) ) ;
#1006 = CARTESIAN_POINT ( 'NONE',  ( 2.440055399077905918, 23.46360090365682183, 22.43153440711836311 ) ) ;
#1007 = AXIS2_PLACEMENT_3D ( 'NONE', #1323, #1908, #702 ) ;
#1008 = DIRECTION ( 'NONE',  ( -1.000000000000000000, 0.0000000000000000000, -0.0000000000000000000 ) ) ;
#1009 = DIRECTION ( 'NONE',  ( 0.0000000000000000000, 0.0000000000000000000, 1.000000000000000000 ) ) ;
#1010 = DIRECTION ( 'NONE',  ( -1.000000000000000000, 1.994306155430570396E-32, 9.340818716798195839E-17 ) ) ;
#1011 = VERTEX_POINT ( 'NONE', #62 ) ;
#1012 = FACE_BOUND ( 'NONE', #99, .T. ) ;
#1013 = AXIS2_PLACEMENT_3D ( 'NONE', #1785, #763, #1170 ) ;
#1014 = VERTEX_POINT ( 'NONE', #1265 ) ;
#1015 = CYLINDRICAL_SURFACE ( 'NONE', #1720, 7.071067811865471064 ) ;
#1016 = ORIENTED_EDGE ( 'NONE', *, *, #739, .T. ) ;
#1017 = CARTESIAN_POINT ( 'NONE',  ( -30.57395481651906266, 17.48360090365669706, 21.99449320884148307 ) ) ;
#1018 = DIRECTION ( 'NONE',  ( 0.0000000000000000000, -1.000000000000000000, -2.135044278125300850E-16 ) ) ;
#1019 = ORIENTED_EDGE ( 'NONE', *, *, #1346, .F. ) ;
#1020 = CARTESIAN_POINT ( 'NONE',  ( 0.4400553990779043634, 8.983600903656814296, 54.93153440711837021 ) ) ;
#1021 = CARTESIAN_POINT ( 'NONE',  ( 25.54366636062952622, 13.98360090365681430, 29.93153440711837021 ) ) ;
#1022 = EDGE_CURVE ( 'NONE', #491, #788, #2288, .T. ) ;
#1023 = ORIENTED_EDGE ( 'NONE', *, *, #2547, .F. ) ;
#1024 = MECHANICAL_CONTEXT ( 'NONE', #411, 'mechanical' ) ;
#1025 = ORIENTED_EDGE ( 'NONE', *, *, #739, .F. ) ;
#1026 = EDGE_CURVE ( 'NONE', #1469, #1518, #2350, .T. ) ;
#1027 = DIRECTION ( 'NONE',  ( -0.0000000000000000000, -1.000000000000000000, -0.0000000000000000000 ) ) ;
#1028 = CARTESIAN_POINT ( 'NONE',  ( -32.50381110260067885, 19.83906431152536243, 26.45365271646517868 ) ) ;
#1029 = AXIS2_PLACEMENT_3D ( 'NONE', #336, #1120, #2348 ) ;
#1030 = DIRECTION ( 'NONE',  ( -0.0000000000000000000, 1.000000000000000000, -0.0000000000000000000 ) ) ;
#1031 = CARTESIAN_POINT ( 'NONE',  ( -1.530840302231352146, 7.586465591009167397, 54.58589307081026476 ) ) ;
#1032 = SECURITY_CLASSIFICATION_LEVEL ( 'unclassified' ) ;
#1033 = CYLINDRICAL_SURFACE ( 'NONE', #556, 5.400000000000002132 ) ;
#1034 = CARTESIAN_POINT ( 'NONE',  ( -32.50381110260067885, 19.83906431152532335, 51.45365271646513605 ) ) ;
#1035 = LINE ( 'NONE', #2034, #2229 ) ;
#1036 = DIRECTION ( 'NONE',  ( 1.000000000000000000, 0.0000000000000000000, -0.0000000000000000000 ) ) ;
#1037 = ORIENTED_EDGE ( 'NONE', *, *, #203, .T. ) ;
#1038 = B_SPLINE_CURVE_WITH_KNOTS ( 'NONE', 3,
 ( #2451, #2468, #28, #2037, #1031, #831, #2231, #837, #2438, #2242, #75, #899, #1906, #1880, #2494, #1696, #1687, #1105, #1295, #2307 ),
 .UNSPECIFIED., .F., .F.,
 ( 4, 2, 2, 2, 2, 2, 2, 2, 2, 4 ),
 ( 0.0000000000000000000, 0.0002204504274726782590, 0.0004409008549453565179, 0.0008818017098906953634, 0.001322702564836034317, 0.001763603419781373163, 0.002204504274726712225, 0.002645405129672051287, 0.003086305984617390783, 0.003527206839562729845 ),
 .UNSPECIFIED. ) ;
#1039 = EDGE_CURVE ( 'NONE', #832, #654, #1605, .T. ) ;
#1040 = ADVANCED_FACE ( 'NONE', ( #1672 ), #1882, .T. ) ;
#1041 = CIRCLE ( 'NONE', #940, 1.399999999999998579 ) ;
#1042 = PERSON_AND_ORGANIZATION_ROLE ( 'classification_officer' ) ;
#1043 = ORIENTED_EDGE ( 'NONE', *, *, #1663, .T. ) ;
#1044 = AXIS2_PLACEMENT_3D ( 'NONE', #957, #2548, #1567 ) ;
#1045 = DIRECTION ( 'NONE',  ( -2.118135622597826445E-32, 1.000000000000000000, 0.0000000000000000000 ) ) ;
#1046 = EDGE_LOOP ( 'NONE', ( #835, #1854 ) ) ;
#1047 = CIRCLE ( 'NONE', #2065, 3.049999999999990052 ) ;
#1048 = CARTESIAN_POINT ( 'NONE',  ( -43.55994460092209408, 66.44360090365680094, 65.53153440711842848 ) ) ;
#1049 = EDGE_LOOP ( 'NONE', ( #645, #109, #1862, #2030, #1491, #1556, #1069, #214, #193 ) ) ;
#1050 = CIRCLE ( 'NONE', #2505, 5.400000000000002132 ) ;
#1051 = DIRECTION ( 'NONE',  ( 1.000000000000000000, 2.312964634635743450E-15, 0.0000000000000000000 ) ) ;
#1052 = EDGE_LOOP ( 'NONE', ( #2554, #2320, #2118, #1367 ) ) ;
#1053 = ORIENTED_EDGE ( 'NONE', *, *, #263, .F. ) ;
#1054 = CARTESIAN_POINT ( 'NONE',  ( 15.01606318754601332, 8.983600903656814296, 34.93153440711837021 ) ) ;
#1055 = ADVANCED_FACE ( 'NONE', ( #901 ), #2313, .F. ) ;
#1056 = EDGE_CURVE ( 'NONE', #1342, #1868, #375, .T. ) ;
#1057 = B_SPLINE_CURVE_WITH_KNOTS ( 'NONE', 3,
 ( #296, #2476, #1884, #2293 ),
 .UNSPECIFIED., .F., .F.,
 ( 4, 4 ),
 ( 6.938893903907227607E-18, 0.0006496922348091724309 ),
 .UNSPECIFIED. ) ;
#1058 = ORIENTED_EDGE ( 'NONE', *, *, #1089, .T. ) ;
#1059 = CARTESIAN_POINT ( 'NONE',  ( 18.54366636062952622, 11.98360090365681430, 23.13153440711835529 ) ) ;
#1060 = AXIS2_PLACEMENT_3D ( 'NONE', #2604, #1529, #125 ) ;
#1061 = DIRECTION ( 'NONE',  ( -1.000000000000000000, 1.994306155430570396E-32, 9.340818716798195839E-17 ) ) ;
#1062 = VECTOR ( 'NONE', #1128, 1000.000000000000000 ) ;
#1063 = CARTESIAN_POINT ( 'NONE',  ( 18.54366636062952622, 0.0000000000000000000, 0.0000000000000000000 ) ) ;
#1064 = FACE_OUTER_BOUND ( 'NONE', #1585, .T. ) ;
#1065 = VERTEX_POINT ( 'NONE', #686 ) ;
#1066 = EDGE_LOOP ( 'NONE', ( #1925, #700, #1331, #2602, #1755, #1714, #519, #1037, #2197, #666, #587, #1742, #327, #1493, #52, #1907, #1777, #431 ) ) ;
#1067 = CIRCLE ( 'NONE', #286, 8.000000000000000000 ) ;
#1068 = EDGE_CURVE ( 'NONE', #2033, #2010, #815, .T. ) ;
#1069 = ORIENTED_EDGE ( 'NONE', *, *, #1485, .T. ) ;
#1070 = LINE ( 'NONE', #2410, #1891 ) ;
#1071 = B_SPLINE_CURVE_WITH_KNOTS ( 'NONE', 3,
 ( #1375, #2185, #149, #2192, #1788, #571, #178, #1359, #2168, #1994, #1983, #774, #1161, #978 ),
 .UNSPECIFIED., .F., .F.,
 ( 4, 2, 2, 2, 2, 2, 4 ),
 ( 0.0000000000000000000, 0.001205444059777542902, 0.001808166089666310991, 0.002410888119555079298, 0.003013610149443847388, 0.003616332179332615478, 0.004821776239110144718 ),
 .UNSPECIFIED. ) ;
#1072 = EDGE_CURVE ( 'NONE', #1542, #2430, #594, .T. ) ;
#1073 = ORIENTED_EDGE ( 'NONE', *, *, #2594, .F. ) ;
#1074 = LINE ( 'NONE', #1668, #539 ) ;
#1075 = EDGE_LOOP ( 'NONE', ( #1435, #288, #548, #2111 ) ) ;
#1076 = LINE ( 'NONE', #1997, #2144 ) ;
#1077 = AXIS2_PLACEMENT_3D ( 'NONE', #862, #34, #1036 ) ;
#1078 = CARTESIAN_POINT ( 'NONE',  ( 2.440055399077905918, 48.46360090365682538, 19.38153440711836595 ) ) ;
#1079 = ADVANCED_FACE ( 'NONE', ( #1823 ), #2536, .F. ) ;
#1080 = ORIENTED_EDGE ( 'NONE', *, *, #1056, .F. ) ;
#1081 = DIRECTION ( 'NONE',  ( 0.0000000000000000000, 1.000000000000000000, 1.084202172485504187E-16 ) ) ;
#1082 = DIRECTION ( 'NONE',  ( -1.000000000000000000, 1.994306155430570670E-32, 9.340818716798195839E-17 ) ) ;
#1083 = ORIENTED_EDGE ( 'NONE', *, *, #673, .F. ) ;
#1084 = DIRECTION ( 'NONE',  ( -1.000000000000000000, -1.493432028836256092E-33, 9.637352644315596475E-17 ) ) ;
#1085 = ORIENTED_EDGE ( 'NONE', *, *, #163, .F. ) ;
#1086 = CARTESIAN_POINT ( 'NONE',  ( -29.55994460092210829, 20.48360090365682495, 21.78184217228707098 ) ) ;
#1087 = ORIENTED_EDGE ( 'NONE', *, *, #610, .T. ) ;
#1088 = DIRECTION ( 'NONE',  ( 1.000000000000000000, -1.309225264888156377E-16, -9.637352644315598941E-17 ) ) ;
#1089 = EDGE_CURVE ( 'NONE', #201, #1404, #1126, .T. ) ;
#1090 = ADVANCED_FACE ( 'NONE', ( #1724 ), #63, .T. ) ;
#1091 = DIRECTION ( 'NONE',  ( 9.920804192677813919E-17, -1.200962406445481512E-16, 1.000000000000000000 ) ) ;
#1092 = FACE_OUTER_BOUND ( 'NONE', #2459, .T. ) ;
#1093 = AXIS2_PLACEMENT_3D ( 'NONE', #2021, #394, #2606 ) ;
#1094 = FACE_OUTER_BOUND ( 'NONE', #1689, .T. ) ;
#1095 = SECURITY_CLASSIFICATION ( '', '', #1032 ) ;
#1096 = DIRECTION ( 'NONE',  ( 1.309225264888156623E-16, 1.000000000000000000, 2.135044278125300603E-16 ) ) ;
#1097 = VECTOR ( 'NONE', #254, 1000.000000000000000 ) ;
#1098 = CIRCLE ( 'NONE', #2503, 3.049999999999997158 ) ;
#1099 = CARTESIAN_POINT ( 'NONE',  ( -29.55994460092211185, 17.48360090365682495, 21.78184217228707098 ) ) ;
#1100 = EDGE_LOOP ( 'NONE', ( #1302, #47, #892, #2188 ) ) ;
#1101 = DIRECTION ( 'NONE',  ( 0.0000000000000000000, -1.000000000000000000, -1.275531967630004506E-16 ) ) ;
#1102 = ORIENTED_EDGE ( 'NONE', *, *, #2282, .T. ) ;
#1103 = EDGE_CURVE ( 'NONE', #361, #107, #341, .T. ) ;
#1104 = VECTOR ( 'NONE', #2189, 1000.000000000000000 ) ;
#1105 = CARTESIAN_POINT ( 'NONE',  ( 0.08722203971078637541, 8.967596280378417717, 52.95776526168879883 ) ) ;
#1106 = ORIENTED_EDGE ( 'NONE', *, *, #1800, .T. ) ;
#1107 = VECTOR ( 'NONE', #1315, 1000.000000000000000 ) ;
#1108 = ADVANCED_FACE ( 'NONE', ( #2475, #150, #524 ), #930, .F. ) ;
#1109 = AXIS2_PLACEMENT_3D ( 'NONE', #706, #84, #1117 ) ;
#1110 = PLANE ( 'NONE',  #1029 ) ;
#1111 = CARTESIAN_POINT ( 'NONE',  ( -1.541231169143491897, 15.41540673147365048, 15.21283558473643360 ) ) ;
#1112 = VERTEX_POINT ( 'NONE', #1344 ) ;
#1113 = ORIENTED_EDGE ( 'NONE', *, *, #2386, .T. ) ;
#1114 = AXIS2_PLACEMENT_3D ( 'NONE', #961, #2366, #367 ) ;
#1115 = CARTESIAN_POINT ( 'NONE',  ( 25.54366636062952622, 13.98360090365681430, 16.93153440711836666 ) ) ;
#1116 = ORIENTED_EDGE ( 'NONE', *, *, #1480, .F. ) ;
#1117 = DIRECTION ( 'NONE',  ( 0.0000000000000000000, 0.0000000000000000000, 1.000000000000000000 ) ) ;
#1118 = CARTESIAN_POINT ( 'NONE',  ( -32.55994460092210119, 23.46360090365681828, 22.43153440711836666 ) ) ;
#1119 = ORIENTED_EDGE ( 'NONE', *, *, #2587, .T. ) ;
#1120 = DIRECTION ( 'NONE',  ( -1.229275138114810384E-32, -1.000000000000000000, -1.275531967630004999E-16 ) ) ;
#1121 = CARTESIAN_POINT ( 'NONE',  ( -29.55994460092210829, 17.48360090365682140, 23.08122664194966234 ) ) ;
#1122 = ORIENTED_EDGE ( 'NONE', *, *, #1513, .F. ) ;
#1123 = DIRECTION ( 'NONE',  ( 0.0000000000000000000, 1.000000000000000000, 0.0000000000000000000 ) ) ;
#1124 = DIRECTION ( 'NONE',  ( -0.0000000000000000000, 1.000000000000000000, -0.0000000000000000000 ) ) ;
#1125 = EDGE_CURVE ( 'NONE', #2172, #1518, #1287, .T. ) ;
#1126 = LINE ( 'NONE', #2478, #1883 ) ;
#1127 = CARTESIAN_POINT ( 'NONE',  ( 22.54366636062952622, 13.98360090365681430, 16.93153440711836666 ) ) ;
#1128 = DIRECTION ( 'NONE',  ( -0.0000000000000000000, 1.000000000000000000, -0.0000000000000000000 ) ) ;
#1129 = AXIS2_PLACEMENT_3D ( 'NONE', #855, #1091, #2261 ) ;
#1130 = FACE_OUTER_BOUND ( 'NONE', #1239, .T. ) ;
#1131 = CARTESIAN_POINT ( 'NONE',  ( -43.55994460092210119, 70.48360090365682140, 4.331534407118369678 ) ) ;
#1132 = DIRECTION ( 'NONE',  ( 9.920804192677813919E-17, -1.200962406445482005E-16, 1.000000000000000000 ) ) ;
#1133 = LOCAL_TIME ( 16, 25, 56.00000000000000000, #721 ) ;
#1134 = CARTESIAN_POINT ( 'NONE',  ( 18.54366636062952622, 9.983600903656814296, 42.43153440711835600 ) ) ;
#1135 = VERTEX_POINT ( 'NONE', #2302 ) ;
#1136 = CARTESIAN_POINT ( 'NONE',  ( -1.197520581991353472, 14.74524479956432543, 16.08552287307524509 ) ) ;
#1137 = EDGE_LOOP ( 'NONE', ( #1866, #1633 ) ) ;
#1138 = VECTOR ( 'NONE', #740, 1000.000000000000000 ) ;
#1139 = DIRECTION ( 'NONE',  ( 0.0000000000000000000, -1.000000000000000000, 0.0000000000000000000 ) ) ;
#1140 = EDGE_CURVE ( 'NONE', #2337, #2310, #2193, .T. ) ;
#1141 = ORIENTED_EDGE ( 'NONE', *, *, #1192, .F. ) ;
#1142 = DIRECTION ( 'NONE',  ( 0.0000000000000000000, 0.0000000000000000000, 1.000000000000000000 ) ) ;
#1143 = CYLINDRICAL_SURFACE ( 'NONE', #1093, 3.049999999999990052 ) ;
#1144 = CARTESIAN_POINT ( 'NONE',  ( -31.56064314068438037, 18.24101095223127444, 46.00624565971099145 ) ) ;
#1145 = ORIENTED_EDGE ( 'NONE', *, *, #1856, .F. ) ;
#1146 = CARTESIAN_POINT ( 'NONE',  ( -31.81760860924396539, 18.50520392921858814, 49.57872697489784741 ) ) ;
#1147 = CARTESIAN_POINT ( 'NONE',  ( 22.54366636062952267, 13.98360090365681430, 39.93153440711836311 ) ) ;
#1148 = ORIENTED_EDGE ( 'NONE', *, *, #2466, .F. ) ;
#1149 = CC_DESIGN_APPROVAL ( #1740, ( #691 ) ) ;
#1150 = CARTESIAN_POINT ( 'NONE',  ( -29.55994460092210474, 17.48360090365681785, 65.53153440711842848 ) ) ;
#1151 = ORIENTED_EDGE ( 'NONE', *, *, #218, .T. ) ;
#1152 = CARTESIAN_POINT ( 'NONE',  ( -31.38529777743345761, 18.10282670583798748, 46.78184217228718467 ) ) ;
#1153 = ADVANCED_FACE ( 'NONE', ( #2608 ), #405, .F. ) ;
#1154 = CARTESIAN_POINT ( 'NONE',  ( -0.1900619066226524323, 14.06039477039530894, 53.02810911296524665 ) ) ;
#1155 = DIRECTION ( 'NONE',  ( -1.000000000000000000, 1.994306155430570396E-32, 9.340818716798195839E-17 ) ) ;
#1156 = DIRECTION ( 'NONE',  ( 0.0000000000000000000, -1.000000000000000000, 0.0000000000000000000 ) ) ;
#1157 = PLANE ( 'NONE',  #1958 ) ;
#1158 = EDGE_CURVE ( 'NONE', #1014, #2090, #2484, .T. ) ;
#1159 = DIRECTION ( 'NONE',  ( -9.637352644315595243E-17, 1.200962406445481759E-16, -1.000000000000000000 ) ) ;
#1160 = CALENDAR_DATE ( 2019, 12, 12 ) ;
#1161 = CARTESIAN_POINT ( 'NONE',  ( -32.55994460092210119, 20.14286256373903328, 18.15372648496350649 ) ) ;
#1162 = CIRCLE ( 'NONE', #335, 3.000000000000002665 ) ;
#1163 = EDGE_CURVE ( 'NONE', #2300, #1065, #1538, .T. ) ;
#1164 = ADVANCED_FACE ( 'NONE', ( #219 ), #495, .F. ) ;
#1165 = CYLINDRICAL_SURFACE ( 'NONE', #872, 5.400000000000002132 ) ;
#1166 = DIRECTION ( 'NONE',  ( -0.0000000000000000000, 0.0000000000000000000, -1.000000000000000000 ) ) ;
#1167 = AXIS2_PLACEMENT_3D ( 'NONE', #755, #2364, #2579 ) ;
#1168 = LINE ( 'NONE', #746, #847 ) ;
#1169 = CARTESIAN_POINT ( 'NONE',  ( 25.54366636062952622, 8.983600903656814296, 49.93153440711836311 ) ) ;
#1170 = DIRECTION ( 'NONE',  ( -9.920804192677813919E-17, 0.0000000000000000000, -1.000000000000000000 ) ) ;
#1171 = DIRECTION ( 'NONE',  ( 0.0000000000000000000, 0.0000000000000000000, 1.000000000000000000 ) ) ;
#1172 = EDGE_LOOP ( 'NONE', ( #917, #1934, #662, #910, #300, #295, #2020, #1148 ) ) ;
#1173 = LINE ( 'NONE', #592, #2082 ) ;
#1174 = CARTESIAN_POINT ( 'NONE',  ( -29.55994460092210474, 17.48360090365682140, 48.08122664194954865 ) ) ;
#1175 = CARTESIAN_POINT ( 'NONE',  ( 2.440055399077905918, 48.46360090365682538, 22.43153440711836311 ) ) ;
#1176 = ORIENTED_EDGE ( 'NONE', *, *, #1192, .T. ) ;
#1177 = CIRCLE ( 'NONE', #3, 7.071067811865471064 ) ;
#1178 = EDGE_LOOP ( 'NONE', ( #118, #2000, #794, #1941 ) ) ;
#1179 = DIRECTION ( 'NONE',  ( 0.0000000000000000000, -1.000000000000000000, 0.0000000000000000000 ) ) ;
#1180 = DIRECTION ( 'NONE',  ( 0.0000000000000000000, 0.0000000000000000000, 1.000000000000000000 ) ) ;
#1181 = EDGE_CURVE ( 'NONE', #454, #2240, #2270, .T. ) ;
#1182 = EDGE_LOOP ( 'NONE', ( #797, #111, #108, #1898, #368, #2303, #1830, #2184 ) ) ;
#1183 = ORIENTED_EDGE ( 'NONE', *, *, #82, .T. ) ;
#1184 = AXIS2_PLACEMENT_3D ( 'NONE', #896, #1380, #1772 ) ;
#1185 = CARTESIAN_POINT ( 'NONE',  ( -29.55994460092209764, 17.48360090365682140, 48.08122664194955576 ) ) ;
#1186 = ORIENTED_EDGE ( 'NONE', *, *, #2023, .F. ) ;
#1187 = ORIENTED_EDGE ( 'NONE', *, *, #2440, .T. ) ;
#1188 = CARTESIAN_POINT ( 'NONE',  ( -31.38529777743347893, 18.10282670583800524, 23.08122664194966944 ) ) ;
#1189 = ADVANCED_FACE ( 'NONE', ( #248, #2073 ), #2315, .F. ) ;
#1190 = DIRECTION ( 'NONE',  ( 1.000000000000000000, -1.309225264888156377E-16, -9.637352644315598941E-17 ) ) ;
#1191 = VECTOR ( 'NONE', #19, 1000.000000000000000 ) ;
#1192 = EDGE_CURVE ( 'NONE', #2010, #1710, #2014, .T. ) ;
#1193 = CARTESIAN_POINT ( 'NONE',  ( -1.319494133618493548, 8.048804662890150396, 15.88930782255875584 ) ) ;
#1194 = LINE ( 'NONE', #1436, #65 ) ;
#1195 = AXIS2_PLACEMENT_3D ( 'NONE', #1753, #1763, #1923 ) ;
#1196 = ORIENTED_EDGE ( 'NONE', *, *, #1526, .T. ) ;
#1197 = ORIENTED_EDGE ( 'NONE', *, *, #527, .F. ) ;
#1198 = CARTESIAN_POINT ( 'NONE',  ( -32.55994460092207987, 70.48360090365679298, 218.3315344071183972 ) ) ;
#1199 = DIRECTION ( 'NONE',  ( 0.0000000000000000000, 0.0000000000000000000, 1.000000000000000000 ) ) ;
#1200 = ORIENTED_EDGE ( 'NONE', *, *, #1434, .F. ) ;
#1201 = LINE ( 'NONE', #2331, #667 ) ;
#1202 = CARTESIAN_POINT ( 'NONE',  ( 22.77492153665584240, 13.98360090365681430, 27.25126492544785251 ) ) ;
#1203 = CARTESIAN_POINT ( 'NONE',  ( 21.46343028543363829, 8.983600903656814296, 43.93153440711836311 ) ) ;
#1204 = ORIENTED_EDGE ( 'NONE', *, *, #823, .T. ) ;
#1205 = FACE_BOUND ( 'NONE', #358, .T. ) ;
#1206 = CARTESIAN_POINT ( 'NONE',  ( -31.56072166146399383, 18.24103774471957706, 23.85718269601483144 ) ) ;
#1207 = ORIENTED_EDGE ( 'NONE', *, *, #1022, .T. ) ;
#1208 = VECTOR ( 'NONE', #2411, 1000.000000000000000 ) ;
#1209 = CARTESIAN_POINT ( 'NONE',  ( 25.54366636062952622, 9.983600903656814296, 47.73153440711835316 ) ) ;
#1210 = DIRECTION ( 'NONE',  ( 0.0000000000000000000, 0.0000000000000000000, 1.000000000000000000 ) ) ;
#1211 = EDGE_CURVE ( 'NONE', #889, #925, #747, .T. ) ;
#1212 = ORIENTED_EDGE ( 'NONE', *, *, #1749, .F. ) ;
#1213 = DIRECTION ( 'NONE',  ( -1.000000000000000000, 1.994306155430570670E-32, 9.340818716798195839E-17 ) ) ;
#1214 = VERTEX_POINT ( 'NONE', #939 ) ;
#1215 = EDGE_CURVE ( 'NONE', #1458, #1525, #1449, .T. ) ;
#1216 = DIRECTION ( 'NONE',  ( 0.0000000000000000000, 1.000000000000000000, 0.0000000000000000000 ) ) ;
#1217 = ORIENTED_EDGE ( 'NONE', *, *, #1675, .T. ) ;
#1218 = DIRECTION ( 'NONE',  ( 0.0000000000000000000, 0.0000000000000000000, 1.000000000000000000 ) ) ;
#1219 = EDGE_LOOP ( 'NONE', ( #44, #71 ) ) ;
#1220 = DIRECTION ( 'NONE',  ( 0.0000000000000000000, -1.000000000000000000, 0.0000000000000000000 ) ) ;
#1221 = CARTESIAN_POINT ( 'NONE',  ( 22.77492153665584240, 9.983600903656814296, 24.45126492544785535 ) ) ;
#1222 = CARTESIAN_POINT ( 'NONE',  ( 22.54366636062952267, 8.983600903656814296, 29.93153440711837021 ) ) ;
#1223 = DIRECTION ( 'NONE',  ( 0.0000000000000000000, 0.0000000000000000000, -1.000000000000000000 ) ) ;
#1224 = VECTOR ( 'NONE', #1572, 1000.000000000000000 ) ;
#1225 = DIRECTION ( 'NONE',  ( -1.000000000000000000, 1.994306155430570396E-32, 9.340818716798195839E-17 ) ) ;
#1226 = DIRECTION ( 'NONE',  ( 0.0000000000000000000, 0.0000000000000000000, 1.000000000000000000 ) ) ;
#1227 = CYLINDRICAL_SURFACE ( 'NONE', #1268, 7.071067811865471064 ) ;
#1228 = CARTESIAN_POINT ( 'NONE',  ( -32.55994460092210829, 20.48360090365682495, 4.331534407118365237 ) ) ;
#1229 = FACE_OUTER_BOUND ( 'NONE', #79, .T. ) ;
#1230 = EDGE_CURVE ( 'NONE', #258, #607, #871, .T. ) ;
#1231 = DIRECTION ( 'NONE',  ( 0.0000000000000000000, -1.000000000000000000, 0.0000000000000000000 ) ) ;
#1232 = DIRECTION ( 'NONE',  ( 1.000000000000000000, 0.0000000000000000000, 0.0000000000000000000 ) ) ;
#1233 = EDGE_LOOP ( 'NONE', ( #507, #985 ) ) ;
#1234 = DIRECTION ( 'NONE',  ( 0.0000000000000000000, 0.0000000000000000000, 1.000000000000000000 ) ) ;
#1235 = AXIS2_PLACEMENT_3D ( 'NONE', #1948, #741, #2142 ) ;
#1236 = DIRECTION ( 'NONE',  ( 0.0000000000000000000, 0.0000000000000000000, 1.000000000000000000 ) ) ;
#1237 = ORIENTED_EDGE ( 'NONE', *, *, #1819, .T. ) ;
#1238 = FACE_OUTER_BOUND ( 'NONE', #990, .T. ) ;
#1239 = EDGE_LOOP ( 'NONE', ( #2557, #1998, #436, #2495, #1808, #663 ) ) ;
#1240 = LINE ( 'NONE', #271, #1999 ) ;
#1241 = ORIENTED_EDGE ( 'NONE', *, *, #1638, .F. ) ;
#1242 = CARTESIAN_POINT ( 'NONE',  ( -32.20685249798622607, 19.06547922308024923, 50.57065516666031613 ) ) ;
#1243 = CARTESIAN_POINT ( 'NONE',  ( 14.19227060832788467, 8.983600903656814296, 29.93153440711837021 ) ) ;
#1244 = ADVANCED_FACE ( 'NONE', ( #304 ), #1157, .F. ) ;
#1245 = ORIENTED_EDGE ( 'NONE', *, *, #1280, .T. ) ;
#1246 = EDGE_CURVE ( 'NONE', #424, #400, #1984, .T. ) ;
#1247 = ORIENTED_EDGE ( 'NONE', *, *, #1298, .F. ) ;
#1248 = DIRECTION ( 'NONE',  ( 0.0000000000000000000, 0.0000000000000000000, 1.000000000000000000 ) ) ;
#1249 = ORIENTED_EDGE ( 'NONE', *, *, #684, .F. ) ;
#1250 = AXIS2_PLACEMENT_3D ( 'NONE', #1330, #522, #1142 ) ;
#1251 = CARTESIAN_POINT ( 'NONE',  ( -32.55994460092210119, 20.48360090365682140, 51.93482209501928537 ) ) ;
#1252 = CARTESIAN_POINT ( 'NONE',  ( -32.55994460092210119, 20.48360090365682140, 42.92824671921743374 ) ) ;
#1253 = ORIENTED_EDGE ( 'NONE', *, *, #2133, .F. ) ;
#1254 = AXIS2_PLACEMENT_3D ( 'NONE', #778, #1156, #2380 ) ;
#1255 = ADVANCED_FACE ( 'NONE', ( #1946 ), #626, .F. ) ;
#1256 = CARTESIAN_POINT ( 'NONE',  ( -32.55994460092210119, 35.96360090365681828, 47.43153440711836311 ) ) ;
#1257 = FACE_OUTER_BOUND ( 'NONE', #1378, .T. ) ;
#1258 = DIRECTION ( 'NONE',  ( 9.920804192677813919E-17, -1.200962406445482005E-16, 1.000000000000000000 ) ) ;
#1259 = CIRCLE ( 'NONE', #625, 3.049999999999990052 ) ;
#1260 = EDGE_CURVE ( 'NONE', #138, #424, #2226, .T. ) ;
#1261 = CARTESIAN_POINT ( 'NONE',  ( 25.54366636062952622, 11.98360090365681430, 23.13153440711835529 ) ) ;
#1262 = ORIENTED_EDGE ( 'NONE', *, *, #1977, .F. ) ;
#1263 = EDGE_CURVE ( 'NONE', #1475, #2176, #1698, .T. ) ;
#1264 = DATE_AND_TIME ( #1426, #312 ) ;
#1265 = CARTESIAN_POINT ( 'NONE',  ( 0.3765470721816077115, 13.98360090365681430, 16.93052582591306532 ) ) ;
#1266 = ORIENTED_EDGE ( 'NONE', *, *, #35, .T. ) ;
#1267 = VECTOR ( 'NONE', #2416, 1000.000000000000000 ) ;
#1268 = AXIS2_PLACEMENT_3D ( 'NONE', #520, #949, #1933 ) ;
#1269 = CARTESIAN_POINT ( 'NONE',  ( 18.54366636062952622, 9.983600903656814296, 47.73153440711835316 ) ) ;
#1270 = VERTEX_POINT ( 'NONE', #2376 ) ;
#1271 = LINE ( 'NONE', #425, #1806 ) ;
#1272 = DIRECTION ( 'NONE',  ( 0.0000000000000000000, 0.0000000000000000000, 1.000000000000000000 ) ) ;
#1273 = VERTEX_POINT ( 'NONE', #2584 ) ;
#1274 = CYLINDRICAL_SURFACE ( 'NONE', #281, 3.050000000000010925 ) ;
#1275 = DIRECTION ( 'NONE',  ( -1.000000000000000000, 1.994306155430570396E-32, 9.340818716798195839E-17 ) ) ;
#1276 = ORIENTED_EDGE ( 'NONE', *, *, #950, .T. ) ;
#1277 = EDGE_LOOP ( 'NONE', ( #1113, #1447, #929, #1362 ) ) ;
#1278 = EDGE_LOOP ( 'NONE', ( #478, #2069, #777, #1627 ) ) ;
#1279 = CARTESIAN_POINT ( 'NONE',  ( -32.55994460092210119, 18.06360090365681614, 22.43153440711836666 ) ) ;
#1280 = EDGE_CURVE ( 'NONE', #2497, #2404, #91, .T. ) ;
#1281 =( BOUNDED_SURFACE ( )  B_SPLINE_SURFACE ( 3, 2, ( 
 ( #1533, #525, #1185 ),
 ( #1396, #374, #1996 ),
 ( #1387, #2162, #1780 ),
 ( #557, #574, #1986 ),
 ( #1765, #981, #955 ),
 ( #1370, #181, #785 ) ),
 .UNSPECIFIED., .F., .F., .F. ) 
 B_SPLINE_SURFACE_WITH_KNOTS ( ( 4, 2, 4 ),
 ( 3, 3 ),
 ( 0.006180973341502263296, 0.006828470729354564270, 0.007475968117206865243 ),
 ( 0.5769763928479862969, 1.000000000000000000 ),
 .UNSPECIFIED. ) 
 GEOMETRIC_REPRESENTATION_ITEM ( )  RATIONAL_B_SPLINE_SURFACE ( (
 ( 0.8570243890810005372, 0.8760992540671689310, 1.000000000000000000),
 ( 0.8596304099916627361, 0.8783575968199794914, 1.000000000000000000),
 ( 0.8610281537000883390, 0.8795688627623574618, 1.000000000000000000),
 ( 0.8610282347903259748, 0.8795689330340692447, 1.000000000000000000),
 ( 0.8596304842754912690, 0.8783576611933485712, 1.000000000000000000),
 ( 0.8570243890810005372, 0.8760992540671689310, 1.000000000000000000) ) ) 
 REPRESENTATION_ITEM ( '' )  SURFACE ( )  );
#1282 = ORIENTED_EDGE ( 'NONE', *, *, #2594, .T. ) ;
#1283 = ADVANCED_FACE ( 'NONE', ( #1092 ), #1274, .F. ) ;
#1284 = DIRECTION ( 'NONE',  ( 0.0000000000000000000, -1.000000000000000000, 0.0000000000000000000 ) ) ;
#1285 = AXIS2_PLACEMENT_3D ( 'NONE', #143, #152, #971 ) ;
#1286 = CARTESIAN_POINT ( 'NONE',  ( 18.54366636062952622, 9.983600903656814296, 23.13153440711835529 ) ) ;
#1287 = LINE ( 'NONE', #709, #1761 ) ;
#1288 = DIRECTION ( 'NONE',  ( 0.0000000000000000000, 0.0000000000000000000, 1.000000000000000000 ) ) ;
#1289 = CYLINDRICAL_SURFACE ( 'NONE', #1771, 4.000000000000000000 ) ;
#1290 = CARTESIAN_POINT ( 'NONE',  ( 15.01606318754601332, 8.983600903656814296, 27.86046659525289115 ) ) ;
#1291 = LINE ( 'NONE', #1833, #1643 ) ;
#1292 = DIRECTION ( 'NONE',  ( 0.0000000000000000000, 0.0000000000000000000, 1.000000000000000000 ) ) ;
#1293 = ADVANCED_FACE ( 'NONE', ( #2160 ), #803, .F. ) ;
#1294 = PLANE ( 'NONE',  #793 ) ;
#1295 = CARTESIAN_POINT ( 'NONE',  ( 0.2294888479729461916, 8.983600903656812520, 52.93721505529104832 ) ) ;
#1296 = ORIENTED_EDGE ( 'NONE', *, *, #250, .F. ) ;
#1297 = LINE ( 'NONE', #2230, #1617 ) ;
#1298 = EDGE_CURVE ( 'NONE', #2397, #600, #1637, .T. ) ;
#1299 = EDGE_LOOP ( 'NONE', ( #20, #2267, #764, #581 ) ) ;
#1300 = CARTESIAN_POINT ( 'NONE',  ( 2.440055399077905918, 35.96360090365681828, 19.38153440711835174 ) ) ;
#1301 = CIRCLE ( 'NONE', #1114, 3.000000000000002665 ) ;
#1302 = ORIENTED_EDGE ( 'NONE', *, *, #2167, .F. ) ;
#1303 = VECTOR ( 'NONE', #728, 1000.000000000000000 ) ;
#1304 = AXIS2_PLACEMENT_3D ( 'NONE', #373, #1587, #1778 ) ;
#1305 = ORIENTED_EDGE ( 'NONE', *, *, #471, .T. ) ;
#1306 = CARTESIAN_POINT ( 'NONE',  ( -32.55994460092210119, 23.46360090365682183, 50.48153440711835316 ) ) ;
#1307 = ORIENTED_EDGE ( 'NONE', *, *, #840, .T. ) ;
#1308 = CARTESIAN_POINT ( 'NONE',  ( -29.56076137877645493, 17.48360090365682495, 22.64809865653439402 ) ) ;
#1309 = EDGE_LOOP ( 'NONE', ( #1266, #1393, #2463, #550, #669 ) ) ;
#1310 = CARTESIAN_POINT ( 'NONE',  ( 2.440055399077913023, 23.46360090365682183, 47.43153440711836311 ) ) ;
#1311 = VERTEX_POINT ( 'NONE', #2155 ) ;
#1312 = CARTESIAN_POINT ( 'NONE',  ( -43.55994460092210119, 35.96360090365681828, 25.48153440711838158 ) ) ;
#1313 = ORIENTED_EDGE ( 'NONE', *, *, #439, .T. ) ;
#1314 = EDGE_CURVE ( 'NONE', #1273, #2573, #2086, .T. ) ;
#1315 = DIRECTION ( 'NONE',  ( -1.000000000000000000, 1.994306155430570670E-32, 9.340818716798195839E-17 ) ) ;
#1316 = CARTESIAN_POINT ( 'NONE',  ( -1.559944600922100300, 15.48360090365681252, 14.93153440711837021 ) ) ;
#1317 = VECTOR ( 'NONE', #2031, 1000.000000000000000 ) ;
#1318 = DIRECTION ( 'NONE',  ( -9.637352644315595243E-17, 1.200962406445481759E-16, -1.000000000000000000 ) ) ;
#1319 = PLANE ( 'NONE',  #2377 ) ;
#1320 = LINE ( 'NONE', #1853, #224 ) ;
#1321 = DIRECTION ( 'NONE',  ( 0.0000000000000000000, 0.0000000000000000000, 1.000000000000000000 ) ) ;
#1322 = VERTEX_POINT ( 'NONE', #1147 ) ;
#1323 = CARTESIAN_POINT ( 'NONE',  ( 24.48005539907789796, 23.46360090365681117, 47.43153440711834889 ) ) ;
#1324 = ORIENTED_EDGE ( 'NONE', *, *, #1439, .F. ) ;
#1325 = PERSON_AND_ORGANIZATION ( #1659, #1733 ) ;
#1326 = DIRECTION ( 'NONE',  ( 1.000000000000000000, -0.0000000000000000000, -0.0000000000000000000 ) ) ;
#1327 = EDGE_LOOP ( 'NONE', ( #2577, #1016, #1106, #1879 ) ) ;
#1328 = EDGE_CURVE ( 'NONE', #1311, #1972, #1625, .T. ) ;
#1329 = VECTOR ( 'NONE', #314, 1000.000000000000000 ) ;
#1330 = CARTESIAN_POINT ( 'NONE',  ( 22.54366636062951912, 8.983600903656814296, 26.93153440711836311 ) ) ;
#1331 = ORIENTED_EDGE ( 'NONE', *, *, #2129, .T. ) ;
#1332 = VECTOR ( 'NONE', #953, 1000.000000000000000 ) ;
#1333 = AXIS2_PLACEMENT_3D ( 'NONE', #484, #2292, #2493 ) ;
#1334 = DIRECTION ( 'NONE',  ( 0.0000000000000000000, 1.000000000000000000, 0.0000000000000000000 ) ) ;
#1335 = CARTESIAN_POINT ( 'NONE',  ( -1.126617636356209928, 14.65934385397116202, 16.18055534631526271 ) ) ;
#1336 = ORIENTED_EDGE ( 'NONE', *, *, #1399, .F. ) ;
#1337 = LINE ( 'NONE', #226, #423 ) ;
#1338 = VERTEX_POINT ( 'NONE', #2597 ) ;
#1339 = DIRECTION ( 'NONE',  ( -9.920804192677812687E-17, -0.0000000000000000000, -1.000000000000000000 ) ) ;
#1340 = VERTEX_POINT ( 'NONE', #2556 ) ;
#1341 = CARTESIAN_POINT ( 'NONE',  ( 18.54366636062952622, 11.98360090365681430, 28.43153440711835600 ) ) ;
#1342 = VERTEX_POINT ( 'NONE', #1221 ) ;
#1343 = CARTESIAN_POINT ( 'NONE',  ( -43.55994460092210119, 35.96360090365681828, 19.38153440711835174 ) ) ;
#1344 = CARTESIAN_POINT ( 'NONE',  ( -31.38529777743347893, 18.10282670583800524, 23.08122664194966944 ) ) ;
#1345 = ORIENTED_EDGE ( 'NONE', *, *, #931, .F. ) ;
#1346 = EDGE_CURVE ( 'NONE', #1710, #2010, #481, .T. ) ;
#1347 = DIRECTION ( 'NONE',  ( 1.000000000000000000, 2.118135622597826445E-32, -9.920804192677813919E-17 ) ) ;
#1348 = CARTESIAN_POINT ( 'NONE',  ( -6.851447223051278179, 13.48360090365681430, 65.53153440711837163 ) ) ;
#1349 = CARTESIAN_POINT ( 'NONE',  ( -1.559944600922096303, 15.48360090365680719, 54.93153440711837021 ) ) ;
#1350 = CARTESIAN_POINT ( 'NONE',  ( -32.31940363044866871, 19.29936725526761165, 43.98822550978843537 ) ) ;
#1351 = EDGE_CURVE ( 'NONE', #607, #107, #2002, .T. ) ;
#1352 = VECTOR ( 'NONE', #2496, 1000.000000000000000 ) ;
#1353 = ADVANCED_FACE ( 'NONE', ( #2400 ), #1464, .F. ) ;
#1354 = AXIS2_PLACEMENT_3D ( 'NONE', #2134, #1334, #1321 ) ;
#1355 = LINE ( 'NONE', #744, #2132 ) ;
#1356 = DIRECTION ( 'NONE',  ( 0.0000000000000000000, -1.000000000000000000, 0.0000000000000000000 ) ) ;
#1357 = CARTESIAN_POINT ( 'NONE',  ( -1.559944600922095193, 15.48360090365680541, 65.53153440711842848 ) ) ;
#1358 = VECTOR ( 'NONE', #319, 1000.000000000000000 ) ;
#1359 = CARTESIAN_POINT ( 'NONE',  ( -32.14479334738489769, 18.95636213106443790, 19.45146058840682812 ) ) ;
#1360 = CARTESIAN_POINT ( 'NONE',  ( -8.559944600922095859, 8.983600903656814296, 52.93153440711837021 ) ) ;
#1361 = VECTOR ( 'NONE', #39, 1000.000000000000000 ) ;
#1362 = ORIENTED_EDGE ( 'NONE', *, *, #1468, .T. ) ;
#1363 = FACE_BOUND ( 'NONE', #1874, .T. ) ;
#1364 = CARTESIAN_POINT ( 'NONE',  ( -29.56076137877644783, 17.48360090365682140, 47.21497015770237482 ) ) ;
#1365 = ADVANCED_FACE ( 'NONE', ( #1589 ), #1015, .F. ) ;
#1366 = EDGE_CURVE ( 'NONE', #1135, #2237, #947, .T. ) ;
#1367 = ORIENTED_EDGE ( 'NONE', *, *, #2553, .T. ) ;
#1368 = FACE_OUTER_BOUND ( 'NONE', #76, .T. ) ;
#1369 = EDGE_LOOP ( 'NONE', ( #1019, #1141 ) ) ;
#1370 = CARTESIAN_POINT ( 'NONE',  ( -31.39462738657474361, 18.11000888394705655, 46.78184217228718467 ) ) ;
#1371 = CARTESIAN_POINT ( 'NONE',  ( -1.559944600922101854, 5.483600903656821401, 4.331534407118359020 ) ) ;
#1372 = VERTEX_POINT ( 'NONE', #1397 ) ;
#1373 = EDGE_LOOP ( 'NONE', ( #2249, #197 ) ) ;
#1374 = CARTESIAN_POINT ( 'NONE',  ( 25.54366636062952622, 13.98360090365681430, 52.93153440711837021 ) ) ;
#1375 = CARTESIAN_POINT ( 'NONE',  ( -31.38529777743347893, 18.10282670583800169, 21.78184217228707098 ) ) ;
#1376 = VERTEX_POINT ( 'NONE', #1415 ) ;
#1377 = ADVANCED_FACE ( 'NONE', ( #392 ), #1143, .F. ) ;
#1378 = EDGE_LOOP ( 'NONE', ( #2527, #576, #983, #397 ) ) ;
#1379 = DIRECTION ( 'NONE',  ( 0.0000000000000000000, -1.000000000000000000, 0.0000000000000000000 ) ) ;
#1380 = DIRECTION ( 'NONE',  ( 0.0000000000000000000, -1.000000000000000000, -0.0000000000000000000 ) ) ;
#1381 = EDGE_CURVE ( 'NONE', #1515, #2409, #2285, .T. ) ;
#1382 = CARTESIAN_POINT ( 'NONE',  ( -32.55994460092210829, 20.48360090365682495, 4.331534407118365237 ) ) ;
#1383 = DIRECTION ( 'NONE',  ( -2.118135622597826445E-32, 1.000000000000000000, 0.0000000000000000000 ) ) ;
#1384 = CARTESIAN_POINT ( 'NONE',  ( -29.55994460092209053, 20.48360090365680009, 218.3315344071183972 ) ) ;
#1385 = LOCAL_TIME ( 16, 25, 56.00000000000000000, #1910 ) ;
#1386 = AXIS2_PLACEMENT_3D ( 'NONE', #1628, #1844, #1218 ) ;
#1387 = CARTESIAN_POINT ( 'NONE',  ( -31.37262949617424468, 18.09254802565412845, 47.65118141592608225 ) ) ;
#1388 = LINE ( 'NONE', #1078, #1097 ) ;
#1389 = DIRECTION ( 'NONE',  ( -1.000000000000000000, 0.0000000000000000000, 0.0000000000000000000 ) ) ;
#1390 = FACE_OUTER_BOUND ( 'NONE', #681, .T. ) ;
#1391 = CARTESIAN_POINT ( 'NONE',  ( 22.54366636062952622, 13.98360090365681430, 49.93153440711836311 ) ) ;
#1392 = ADVANCED_FACE ( 'NONE', ( #613 ), #821, .F. ) ;
#1393 = ORIENTED_EDGE ( 'NONE', *, *, #2187, .T. ) ;
#1394 = ORIENTED_EDGE ( 'NONE', *, *, #1485, .F. ) ;
#1395 = CIRCLE ( 'NONE', #973, 2.000000000000000000 ) ;
#1396 = CARTESIAN_POINT ( 'NONE',  ( -31.38006476111558740, 18.09873174044942346, 47.87134503481215120 ) ) ;
#1397 = CARTESIAN_POINT ( 'NONE',  ( -32.55994460092210119, 20.48360090365682495, 26.93482209501929248 ) ) ;
#1398 = ORIENTED_EDGE ( 'NONE', *, *, #900, .T. ) ;
#1399 = EDGE_CURVE ( 'NONE', #192, #1868, #323, .T. ) ;
#1400 = ORIENTED_EDGE ( 'NONE', *, *, #2182, .F. ) ;
#1401 = CARTESIAN_POINT ( 'NONE',  ( -0.9653369027459212104, 8.471051162478408614, 16.35960659873998679 ) ) ;
#1402 = VECTOR ( 'NONE', #876, 1000.000000000000000 ) ;
#1403 = EDGE_CURVE ( 'NONE', #1956, #640, #980, .T. ) ;
#1404 = VERTEX_POINT ( 'NONE', #2428 ) ;
#1405 = DIRECTION ( 'NONE',  ( 0.0000000000000000000, 0.0000000000000000000, -1.000000000000000000 ) ) ;
#1406 = CARTESIAN_POINT ( 'NONE',  ( 22.77492153665584240, 7.983600903656813408, 25.85126492544785393 ) ) ;
#1407 = ORIENTED_EDGE ( 'NONE', *, *, #1072, .T. ) ;
#1408 = AXIS2_PLACEMENT_3D ( 'NONE', #1820, #29, #839 ) ;
#1409 = ORIENTED_EDGE ( 'NONE', *, *, #420, .T. ) ;
#1410 = CARTESIAN_POINT ( 'NONE',  ( 18.54366636062952622, 0.0000000000000000000, 0.0000000000000000000 ) ) ;
#1411 = DIRECTION ( 'NONE',  ( -0.0000000000000000000, 1.000000000000000000, -0.0000000000000000000 ) ) ;
#1412 = ORIENTED_EDGE ( 'NONE', *, *, #514, .T. ) ;
#1413 = CARTESIAN_POINT ( 'NONE',  ( 22.77492153665584240, 13.98360090365681430, 25.85126492544785393 ) ) ;
#1414 = CARTESIAN_POINT ( 'NONE',  ( 22.81779402615708108, 8.983600903656814296, 46.29748280292795215 ) ) ;
#1415 = CARTESIAN_POINT ( 'NONE',  ( -43.55994460092209408, 35.96360090365681828, 50.48153440711836737 ) ) ;
#1416 = CYLINDRICAL_SURFACE ( 'NONE', #719, 2.999999999999999112 ) ;
#1417 = EDGE_CURVE ( 'NONE', #1669, #454, #1873, .T. ) ;
#1418 =( LENGTH_UNIT ( ) NAMED_UNIT ( * ) SI_UNIT ( .MILLI., .METRE. ) );
#1419 = FACE_OUTER_BOUND ( 'NONE', #1813, .T. ) ;
#1420 = CARTESIAN_POINT ( 'NONE',  ( -31.37262906238984428, 18.09254767195580982, 22.21190686179906493 ) ) ;
#1421 = AXIS2_PLACEMENT_3D ( 'NONE', #1950, #145, #1575 ) ;
#1422 = DIRECTION ( 'NONE',  ( -1.000000000000000000, 1.309225264888156377E-16, 9.637352644315600173E-17 ) ) ;
#1423 = LINE ( 'NONE', #1722, #1358 ) ;
#1424 = DIRECTION ( 'NONE',  ( -1.000000000000000000, 1.309225264888156377E-16, 9.637352644315597708E-17 ) ) ;
#1425 = CARTESIAN_POINT ( 'NONE',  ( -31.35106533519439154, 18.07658049683668722, 46.99840625057156984 ) ) ;
#1426 = CALENDAR_DATE ( 2019, 12, 12 ) ;
#1427 = CC_DESIGN_PERSON_AND_ORGANIZATION_ASSIGNMENT ( #1325, #620, ( #1557 ) ) ;
#1428 = ORIENTED_EDGE ( 'NONE', *, *, #2421, .F. ) ;
#1429 = CARTESIAN_POINT ( 'NONE',  ( 22.81779402615708108, 11.98360090365681430, 44.89748280292795357 ) ) ;
#1430 = CARTESIAN_POINT ( 'NONE',  ( 22.54366636062952622, 13.98360090365681430, 16.93153440711836666 ) ) ;
#1431 = ORIENTED_EDGE ( 'NONE', *, *, #97, .T. ) ;
#1432 = VECTOR ( 'NONE', #1082, 1000.000000000000000 ) ;
#1433 = DIRECTION ( 'NONE',  ( 0.0000000000000000000, 1.000000000000000000, 0.0000000000000000000 ) ) ;
#1434 = EDGE_CURVE ( 'NONE', #9, #1135, #1743, .T. ) ;
#1435 = ORIENTED_EDGE ( 'NONE', *, *, #2133, .T. ) ;
#1436 = CARTESIAN_POINT ( 'NONE',  ( 2.440055399077905918, 23.46360090365682183, 19.38153440711835174 ) ) ;
#1437 = EDGE_LOOP ( 'NONE', ( #992, #651, #2489, #1043 ) ) ;
#1438 = APPROVAL_ROLE ( '' ) ;
#1439 = EDGE_CURVE ( 'NONE', #180, #690, #1076, .T. ) ;
#1440 = DIRECTION ( 'NONE',  ( 9.920804192677817617E-17, -1.275531967630004999E-16, 1.000000000000000000 ) ) ;
#1441 = VERTEX_POINT ( 'NONE', #1600 ) ;
#1442 = CARTESIAN_POINT ( 'NONE',  ( -1.559944600922096303, 15.48360090365680719, 54.93153440711837021 ) ) ;
#1443 = AXIS2_PLACEMENT_3D ( 'NONE', #1006, #2042, #2603 ) ;
#1444 = PRODUCT_DEFINITION_SHAPE ( 'NONE', 'NONE',  #1557 ) ;
#1445 = CARTESIAN_POINT ( 'NONE',  ( 15.01606318754601332, 13.98360090365681430, 42.00260221898384572 ) ) ;
#1446 = CARTESIAN_POINT ( 'NONE',  ( -32.55994460092210119, 35.96360090365681828, 50.48153440711836026 ) ) ;
#1447 = ORIENTED_EDGE ( 'NONE', *, *, #1246, .F. ) ;
#1448 = DIRECTION ( 'NONE',  ( -1.000000000000000000, -0.0000000000000000000, -0.0000000000000000000 ) ) ;
#1449 = CIRCLE ( 'NONE', #1285, 3.049999999999997158 ) ;
#1450 = CYLINDRICAL_SURFACE ( 'NONE', #169, 2.000000000000000000 ) ;
#1451 = EDGE_CURVE ( 'NONE', #264, #158, #2591, .T. ) ;
#1452 = CARTESIAN_POINT ( 'NONE',  ( -43.55994460092210119, 5.483600903656821401, 4.331534407118362573 ) ) ;
#1453 = ORIENTED_EDGE ( 'NONE', *, *, #1992, .F. ) ;
#1454 = AXIS2_PLACEMENT_3D ( 'NONE', #267, #1487, #1670 ) ;
#1455 = DIRECTION ( 'NONE',  ( 0.0000000000000000000, 0.0000000000000000000, 1.000000000000000000 ) ) ;
#1456 = CYLINDRICAL_SURFACE ( 'NONE', #475, 4.000000000000003553 ) ;
#1457 = DIRECTION ( 'NONE',  ( -9.637352644315595243E-17, 1.200962406445481759E-16, -1.000000000000000000 ) ) ;
#1458 = VERTEX_POINT ( 'NONE', #1446 ) ;
#1459 = LINE ( 'NONE', #113, #1329 ) ;
#1460 = ORIENTED_EDGE ( 'NONE', *, *, #237, .F. ) ;
#1461 = CARTESIAN_POINT ( 'NONE',  ( -6.851447223051284396, 5.483600903656821401, 4.331534407118359908 ) ) ;
#1462 = CIRCLE ( 'NONE', #42, 5.400000000000002132 ) ;
#1463 = ORIENTED_EDGE ( 'NONE', *, *, #2114, .F. ) ;
#1464 = CYLINDRICAL_SURFACE ( 'NONE', #1590, 1.399999999999998579 ) ;
#1465 = CARTESIAN_POINT ( 'NONE',  ( -43.55994460092209408, 35.96360090365681828, 44.38153440711837305 ) ) ;
#1466 = ORIENTED_EDGE ( 'NONE', *, *, #1451, .T. ) ;
#1467 = DIRECTION ( 'NONE',  ( 0.0000000000000000000, 1.000000000000000000, 1.084202172485504434E-16 ) ) ;
#1468 = EDGE_CURVE ( 'NONE', #138, #510, #672, .T. ) ;
#1469 = VERTEX_POINT ( 'NONE', #249 ) ;
#1470 = B_SPLINE_CURVE_WITH_KNOTS ( 'NONE', 3,
 ( #427, #2408, #1028, #2415, #806, #611, #622, #241, #2026, #40, #2223, #1206, #1, #1642 ),
 .UNSPECIFIED., .F., .F.,
 ( 4, 2, 2, 2, 2, 2, 4 ),
 ( 4.906538933386797396E-18, 0.001201719734002691274, 0.001802579601004038103, 0.002403439468005384282, 0.003004299335006731329, 0.003605159202008077941, 0.004806878936010772034 ),
 .UNSPECIFIED. ) ;
#1471 = ADVANCED_FACE ( 'NONE', ( #544 ), #2446, .F. ) ;
#1472 = EDGE_LOOP ( 'NONE', ( #1497, #1186, #355, #1053 ) ) ;
#1473 = AXIS2_PLACEMENT_3D ( 'NONE', #1665, #1061, #668 ) ;
#1474 = DIRECTION ( 'NONE',  ( -9.920804192677813919E-17, 1.275531967630004999E-16, -1.000000000000000000 ) ) ;
#1475 = VERTEX_POINT ( 'NONE', #438 ) ;
#1476 = CC_DESIGN_PERSON_AND_ORGANIZATION_ASSIGNMENT ( #1993, #2235, ( #691 ) ) ;
#1477 = DIRECTION ( 'NONE',  ( 0.0000000000000000000, 0.0000000000000000000, 1.000000000000000000 ) ) ;
#1478 = CIRCLE ( 'NONE', #1408, 2.999999999999999112 ) ;
#1479 = CIRCLE ( 'NONE', #1692, 3.000000000000002665 ) ;
#1480 = EDGE_CURVE ( 'NONE', #13, #2524, #2028, .T. ) ;
#1481 = CARTESIAN_POINT ( 'NONE',  ( 22.81779402615708108, 7.983600903656813408, 44.89748280292795357 ) ) ;
#1482 = LINE ( 'NONE', #1499, #905 ) ;
#1483 = VERTEX_POINT ( 'NONE', #1656 ) ;
#1484 = B_SPLINE_CURVE_WITH_KNOTS ( 'NONE', 3,
 ( #1981, #606, #1784, #1802 ),
 .UNSPECIFIED., .F., .F.,
 ( 4, 4 ),
 ( 0.0006496922348092765143, 0.001299384469662594188 ),
 .UNSPECIFIED. ) ;
#1485 = EDGE_CURVE ( 'NONE', #158, #1669, #14, .T. ) ;
#1486 = VECTOR ( 'NONE', #194, 1000.000000000000000 ) ;
#1487 = DIRECTION ( 'NONE',  ( 1.000000000000000000, -1.309225264888156377E-16, -9.637352644315598941E-17 ) ) ;
#1488 = LINE ( 'NONE', #941, #1548 ) ;
#1489 = AXIS2_PLACEMENT_3D ( 'NONE', #656, #1457, #1467 ) ;
#1490 = DIRECTION ( 'NONE',  ( -0.0000000000000000000, -0.0000000000000000000, 1.000000000000000000 ) ) ;
#1491 = ORIENTED_EDGE ( 'NONE', *, *, #853, .F. ) ;
#1492 = DIRECTION ( 'NONE',  ( 1.000000000000000000, 0.0000000000000000000, -0.0000000000000000000 ) ) ;
#1493 = ORIENTED_EDGE ( 'NONE', *, *, #1514, .T. ) ;
#1494 = VECTOR ( 'NONE', #1673, 1000.000000000000000 ) ;
#1495 = ADVANCED_FACE ( 'NONE', ( #1555 ), #430, .T. ) ;
#1496 = DIRECTION ( 'NONE',  ( 0.0000000000000000000, 0.0000000000000000000, -1.000000000000000000 ) ) ;
#1497 = ORIENTED_EDGE ( 'NONE', *, *, #773, .F. ) ;
#1498 = ORIENTED_EDGE ( 'NONE', *, *, #590, .F. ) ;
#1499 = CARTESIAN_POINT ( 'NONE',  ( -1.559944600922100300, -9.658581096285730489E-32, 14.93153440711836843 ) ) ;
#1500 = VERTEX_POINT ( 'NONE', #2250 ) ;
#1501 = DIRECTION ( 'NONE',  ( -1.000000000000000000, 0.0000000000000000000, 0.0000000000000000000 ) ) ;
#1502 = EDGE_CURVE ( 'NONE', #1469, #742, #1337, .T. ) ;
#1503 = ORIENTED_EDGE ( 'NONE', *, *, #127, .F. ) ;
#1504 = CARTESIAN_POINT ( 'NONE',  ( 0.2294888479729447206, 13.98360090365681252, 16.92585375894568500 ) ) ;
#1505 = AXIS2_PLACEMENT_3D ( 'NONE', #568, #1612, #2589 ) ;
#1506 = VERTEX_POINT ( 'NONE', #2259 ) ;
#1507 = DIRECTION ( 'NONE',  ( 1.421904488505580887E-16, 0.0000000000000000000, 1.000000000000000000 ) ) ;
#1508 = CYLINDRICAL_SURFACE ( 'NONE', #2537, 3.049999999999990052 ) ;
#1509 = CARTESIAN_POINT ( 'NONE',  ( -29.55994460092211185, 17.48360090365682495, 22.86466239253363497 ) ) ;
#1510 = LINE ( 'NONE', #1430, #498 ) ;
#1511 = DIRECTION ( 'NONE',  ( 1.000000000000000000, -1.309225264888156377E-16, -9.637352644315598941E-17 ) ) ;
#1512 = CIRCLE ( 'NONE', #701, 1.399999999999998579 ) ;
#1513 = EDGE_CURVE ( 'NONE', #1404, #889, #1621, .T. ) ;
#1514 = EDGE_CURVE ( 'NONE', #920, #655, #1074, .T. ) ;
#1515 = VERTEX_POINT ( 'NONE', #61 ) ;
#1516 = CARTESIAN_POINT ( 'NONE',  ( 18.54366636062952622, 9.983600903656814296, 28.43153440711835600 ) ) ;
#1517 = DIRECTION ( 'NONE',  ( 0.0000000000000000000, 1.000000000000000000, 2.135044278125300603E-16 ) ) ;
#1518 = VERTEX_POINT ( 'NONE', #631 ) ;
#1519 = CIRCLE ( 'NONE', #2289, 2.999999999999999112 ) ;
#1520 = ORIENTED_EDGE ( 'NONE', *, *, #734, .T. ) ;
#1521 = CYLINDRICAL_SURFACE ( 'NONE', #1980, 1.399999999999998579 ) ;
#1522 = CARTESIAN_POINT ( 'NONE',  ( -32.14479334738489769, 18.95636213106442369, 44.45146058840686010 ) ) ;
#1523 = ORIENTED_EDGE ( 'NONE', *, *, #263, .T. ) ;
#1524 = CARTESIAN_POINT ( 'NONE',  ( -1.559944600922100300, 15.48360090365681252, 14.93153440711837021 ) ) ;
#1525 = VERTEX_POINT ( 'NONE', #2045 ) ;
#1526 = EDGE_CURVE ( 'NONE', #732, #2546, #1930, .T. ) ;
#1527 = DIRECTION ( 'NONE',  ( 0.0000000000000000000, -1.000000000000000000, 0.0000000000000000000 ) ) ;
#1528 = CARTESIAN_POINT ( 'NONE',  ( 15.01606318754601332, 8.983600903656814296, 34.93153440711837021 ) ) ;
#1529 = DIRECTION ( 'NONE',  ( 2.118135622597826445E-32, -1.000000000000000000, 0.0000000000000000000 ) ) ;
#1530 = CARTESIAN_POINT ( 'NONE',  ( -31.74989525066005669, 18.43125657678990237, 45.46373512126507421 ) ) ;
#1531 = VERTEX_POINT ( 'NONE', #2066 ) ;
#1532 = EDGE_CURVE ( 'NONE', #2430, #924, #207, .T. ) ;
#1533 = CARTESIAN_POINT ( 'NONE',  ( -31.39462738657474361, 18.11000888394705655, 48.08122664194955576 ) ) ;
#1534 = DIRECTION ( 'NONE',  ( 0.0000000000000000000, 0.0000000000000000000, 1.000000000000000000 ) ) ;
#1535 = AXIS2_PLACEMENT_3D ( 'NONE', #93, #457, #2486 ) ;
#1536 = CARTESIAN_POINT ( 'NONE',  ( 0.3765470721816113198, 13.98360090365681430, 52.93153440711837021 ) ) ;
#1537 = CARTESIAN_POINT ( 'NONE',  ( -29.56076137877644783, 17.48360090365682140, 47.64809865653435139 ) ) ;
#1538 = CIRCLE ( 'NONE', #102, 5.400000000000002132 ) ;
#1539 = CARTESIAN_POINT ( 'NONE',  ( -0.3224702585896397355, 14.10508249489139665, 53.07772820926638957 ) ) ;
#1540 = CIRCLE ( 'NONE', #188, 2.999999999999999112 ) ;
#1541 = CARTESIAN_POINT ( 'NONE',  ( -31.38529777743346472, 18.10282670583799103, 48.08122664194955576 ) ) ;
#1542 = VERTEX_POINT ( 'NONE', #1048 ) ;
#1543 = DIRECTION ( 'NONE',  ( 1.421904488505574477E-16, 0.0000000000000000000, 1.000000000000000000 ) ) ;
#1544 = SHAPE_DEFINITION_REPRESENTATION ( #1444, #780 ) ;
#1545 = DIRECTION ( 'NONE',  ( 0.0000000000000000000, 0.0000000000000000000, 1.000000000000000000 ) ) ;
#1546 = CARTESIAN_POINT ( 'NONE',  ( 22.81779402615708108, 8.983600903656814296, 43.49748280292795499 ) ) ;
#1547 = EDGE_CURVE ( 'NONE', #788, #1881, #1038, .T. ) ;
#1548 = VECTOR ( 'NONE', #1339, 1000.000000000000000 ) ;
#1549 = DIRECTION ( 'NONE',  ( 0.0000000000000000000, 0.0000000000000000000, -1.000000000000000000 ) ) ;
#1550 = CARTESIAN_POINT ( 'NONE',  ( -32.01696087659814083, 18.75821041693712132, 44.77534509051877620 ) ) ;
#1551 = ORIENTED_EDGE ( 'NONE', *, *, #451, .F. ) ;
#1552 = VECTOR ( 'NONE', #584, 1000.000000000000000 ) ;
#1553 = DIRECTION ( 'NONE',  ( -1.000000000000000000, 1.994306155430570396E-32, 9.340818716798195839E-17 ) ) ;
#1554 = VERTEX_POINT ( 'NONE', #2501 ) ;
#1555 = FACE_OUTER_BOUND ( 'NONE', #1075, .T. ) ;
#1556 = ORIENTED_EDGE ( 'NONE', *, *, #1701, .F. ) ;
#1557 = PRODUCT_DEFINITION ( 'UNKNOWN', '', #691, #1897 ) ;
#1558 = CARTESIAN_POINT ( 'NONE',  ( 21.46343028543363474, 8.983600903656814296, 25.93153440711837021 ) ) ;
#1559 = CARTESIAN_POINT ( 'NONE',  ( 21.46343028543363474, 13.98360090365681430, 29.93153440711837021 ) ) ;
#1560 = ORIENTED_EDGE ( 'NONE', *, *, #1451, .F. ) ;
#1561 = CARTESIAN_POINT ( 'NONE',  ( 0.2296759361442071712, 13.98360090365681252, 52.93720911146528607 ) ) ;
#1562 = CARTESIAN_POINT ( 'NONE',  ( 15.01606318754601332, 8.983600903656814296, 34.93153440711837021 ) ) ;
#1563 = ORIENTED_EDGE ( 'NONE', *, *, #950, .F. ) ;
#1564 = ADVANCED_FACE ( 'NONE', ( #261 ), #2460, .F. ) ;
#1565 = VERTEX_POINT ( 'NONE', #1279 ) ;
#1566 = EDGE_CURVE ( 'NONE', #1738, #1342, #2490, .T. ) ;
#1567 = DIRECTION ( 'NONE',  ( 1.000000000000000000, 0.0000000000000000000, -0.0000000000000000000 ) ) ;
#1568 = CARTESIAN_POINT ( 'NONE',  ( -29.55994460092210474, 17.48360090365682140, 47.86466239253355326 ) ) ;
#1569 = DIRECTION ( 'NONE',  ( -0.0000000000000000000, 1.000000000000000000, -0.0000000000000000000 ) ) ;
#1570 = EDGE_CURVE ( 'NONE', #1458, #1376, #1967, .T. ) ;
#1571 = CARTESIAN_POINT ( 'NONE',  ( 21.46343028543363829, 8.983600903656814296, 43.93153440711836311 ) ) ;
#1572 = DIRECTION ( 'NONE',  ( -1.000000000000000000, -0.0000000000000000000, 9.637352644315595243E-17 ) ) ;
#1573 = AXIS2_PLACEMENT_3D ( 'NONE', #345, #902, #534 ) ;
#1574 = FACE_OUTER_BOUND ( 'NONE', #1694, .T. ) ;
#1575 = DIRECTION ( 'NONE',  ( 1.421904488505574477E-16, 0.0000000000000000000, 1.000000000000000000 ) ) ;
#1576 = CARTESIAN_POINT ( 'NONE',  ( -1.530840302231360806, 7.586465591009162068, 15.27717574342646678 ) ) ;
#1577 = ADVANCED_FACE ( 'NONE', ( #2275 ), #1521, .F. ) ;
#1578 = CYLINDRICAL_SURFACE ( 'NONE', #1060, 2.000000000000000000 ) ;
#1579 = ORIENTED_EDGE ( 'NONE', *, *, #1886, .T. ) ;
#1580 = ORIENTED_EDGE ( 'NONE', *, *, #1381, .T. ) ;
#1581 = DIRECTION ( 'NONE',  ( -0.0000000000000000000, 1.000000000000000000, -0.0000000000000000000 ) ) ;
#1582 = VERTEX_POINT ( 'NONE', #85 ) ;
#1583 = CARTESIAN_POINT ( 'NONE',  ( -43.55994460092209408, 23.46360090365682183, 47.43153440711837021 ) ) ;
#1584 = EDGE_CURVE ( 'NONE', #1872, #2337, #133, .T. ) ;
#1585 = EDGE_LOOP ( 'NONE', ( #730, #836, #1253, #1961 ) ) ;
#1586 = LINE ( 'NONE', #937, #1138 ) ;
#1587 = DIRECTION ( 'NONE',  ( -1.000000000000000000, 1.994306155430570396E-32, 9.340818716798195839E-17 ) ) ;
#1588 = ORIENTED_EDGE ( 'NONE', *, *, #499, .F. ) ;
#1589 = FACE_OUTER_BOUND ( 'NONE', #533, .T. ) ;
#1590 = AXIS2_PLACEMENT_3D ( 'NONE', #2195, #994, #1811 ) ;
#1591 = CARTESIAN_POINT ( 'NONE',  ( 22.77492153665584240, 7.983600903656813408, 27.25126492544785251 ) ) ;
#1592 = EDGE_LOOP ( 'NONE', ( #260, #1407, #2202, #2456 ) ) ;
#1593 = DIRECTION ( 'NONE',  ( 9.637352644315596475E-17, -1.200962406445482005E-16, 1.000000000000000000 ) ) ;
#1594 = ORIENTED_EDGE ( 'NONE', *, *, #2200, .F. ) ;
#1595 = DIRECTION ( 'NONE',  ( 0.0000000000000000000, 0.0000000000000000000, 1.000000000000000000 ) ) ;
#1596 = DIRECTION ( 'NONE',  ( 1.421904488505574477E-16, 0.0000000000000000000, 1.000000000000000000 ) ) ;
#1597 = ORIENTED_EDGE ( 'NONE', *, *, #789, .F. ) ;
#1598 = ORIENTED_EDGE ( 'NONE', *, *, #1502, .F. ) ;
#1599 = CARTESIAN_POINT ( 'NONE',  ( -32.55994460092209408, 48.46360090365682538, 47.43153440711836311 ) ) ;
#1600 = CARTESIAN_POINT ( 'NONE',  ( 22.81779402615708108, 9.983600903656814296, 43.49748280292795499 ) ) ;
#1601 = EDGE_CURVE ( 'NONE', #2181, #1956, #918, .T. ) ;
#1602 = PLANE ( 'NONE',  #1963 ) ;
#1603 = ADVANCED_FACE ( 'NONE', ( #2211 ), #2481, .F. ) ;
#1604 = CARTESIAN_POINT ( 'NONE',  ( -6.851447223051292390, 9.483600903656823178, 65.53153440711840005 ) ) ;
#1605 = LINE ( 'NONE', #1290, #658 ) ;
#1606 = AXIS2_PLACEMENT_3D ( 'NONE', #2424, #1225, #814 ) ;
#1607 = CARTESIAN_POINT ( 'NONE',  ( 25.54366636062952622, 8.983600903656814296, 19.93153440711837021 ) ) ;
#1608 = LINE ( 'NONE', #770, #750 ) ;
#1609 = CARTESIAN_POINT ( 'NONE',  ( -8.559944600922099411, 8.983600903656814296, 16.93153440711837021 ) ) ;
#1610 = AXIS2_PLACEMENT_3D ( 'NONE', #1829, #634, #1624 ) ;
#1611 = CIRCLE ( 'NONE', #2097, 7.071067811865471064 ) ;
#1612 = DIRECTION ( 'NONE',  ( 0.0000000000000000000, -1.000000000000000000, 0.0000000000000000000 ) ) ;
#1613 = FACE_BOUND ( 'NONE', #1219, .T. ) ;
#1614 = DIRECTION ( 'NONE',  ( -1.000000000000000000, -0.0000000000000000000, 9.637352644315595243E-17 ) ) ;
#1615 = VERTEX_POINT ( 'NONE', #1306 ) ;
#1616 = DIRECTION ( 'NONE',  ( 0.0000000000000000000, 0.0000000000000000000, -1.000000000000000000 ) ) ;
#1617 = VECTOR ( 'NONE', #1030, 1000.000000000000000 ) ;
#1618 = DIRECTION ( 'NONE',  ( 0.0000000000000000000, 0.0000000000000000000, 1.000000000000000000 ) ) ;
#1619 = ORIENTED_EDGE ( 'NONE', *, *, #2084, .T. ) ;
#1620 = EDGE_CURVE ( 'NONE', #1582, #2055, #359, .T. ) ;
#1621 = CIRCLE ( 'NONE', #1489, 8.000000000000000000 ) ;
#1622 = FACE_BOUND ( 'NONE', #395, .T. ) ;
#1623 = ORIENTED_EDGE ( 'NONE', *, *, #1026, .T. ) ;
#1624 = DIRECTION ( 'NONE',  ( 0.0000000000000000000, -1.000000000000000000, 0.0000000000000000000 ) ) ;
#1625 = CIRCLE ( 'NONE', #776, 3.050000000000014477 ) ;
#1626 = EDGE_CURVE ( 'NONE', #1372, #1565, #1050, .T. ) ;
#1627 = ORIENTED_EDGE ( 'NONE', *, *, #1992, .T. ) ;
#1628 = CARTESIAN_POINT ( 'NONE',  ( 22.77492153665584240, 11.98360090365681430, 25.85126492544785393 ) ) ;
#1629 = EDGE_LOOP ( 'NONE', ( #1717, #2402, #2274, #809, #324 ) ) ;
#1630 = EDGE_LOOP ( 'NONE', ( #234, #2365, #1431, #951 ) ) ;
#1631 = CARTESIAN_POINT ( 'NONE',  ( -32.55994460092210119, 66.44360090365681515, 4.331534407118368790 ) ) ;
#1632 =( NAMED_UNIT ( * ) PLANE_ANGLE_UNIT ( ) SI_UNIT ( $, .RADIAN. ) );
#1633 = ORIENTED_EDGE ( 'NONE', *, *, #963, .F. ) ;
#1634 = DIRECTION ( 'NONE',  ( 0.0000000000000000000, -1.000000000000000000, 0.0000000000000000000 ) ) ;
#1635 = PLANE ( 'NONE',  #2029 ) ;
#1636 = DIRECTION ( 'NONE',  ( 1.000000000000000000, -0.0000000000000000000, -0.0000000000000000000 ) ) ;
#1637 = LINE ( 'NONE', #2349, #2551 ) ;
#1638 = EDGE_CURVE ( 'NONE', #1932, #2430, #2334, .T. ) ;
#1639 = APPROVAL_STATUS ( 'not_yet_approved' ) ;
#1640 = LINE ( 'NONE', #349, #2507 ) ;
#1641 = AXIS2_PLACEMENT_3D ( 'NONE', #1583, #440, #2420 ) ;
#1642 = CARTESIAN_POINT ( 'NONE',  ( -31.38529777743347893, 18.10282670583800524, 23.08122664194966944 ) ) ;
#1643 = VECTOR ( 'NONE', #1236, 1000.000000000000000 ) ;
#1644 = ADVANCED_FACE ( 'NONE', ( #1809 ), #2398, .F. ) ;
#1645 = CARTESIAN_POINT ( 'NONE',  ( 22.54366636062952622, 13.98360090365681430, 52.93153440711837021 ) ) ;
#1646 = CARTESIAN_POINT ( 'NONE',  ( -29.55994460092211185, 20.48360090365682495, 4.331534407118365237 ) ) ;
#1647 = ORIENTED_EDGE ( 'NONE', *, *, #237, .T. ) ;
#1648 =( GEOMETRIC_REPRESENTATION_CONTEXT ( 3 ) GLOBAL_UNCERTAINTY_ASSIGNED_CONTEXT ( ( #530 ) ) GLOBAL_UNIT_ASSIGNED_CONTEXT ( ( #1418, #1632, #1840 ) ) REPRESENTATION_CONTEXT ( 'NONE', 'WORKASPACE' ) );
#1649 = DIRECTION ( 'NONE',  ( 0.0000000000000000000, 0.0000000000000000000, 1.000000000000000000 ) ) ;
#1650 = EDGE_LOOP ( 'NONE', ( #2445, #1085 ) ) ;
#1651 = CIRCLE ( 'NONE', #1759, 3.049999999999990052 ) ;
#1652 = CARTESIAN_POINT ( 'NONE',  ( -32.32047972792312862, 19.30180721224737539, 50.87784065153274327 ) ) ;
#1653 = DIRECTION ( 'NONE',  ( -1.000000000000000000, 1.994306155430570396E-32, 9.340818716798195839E-17 ) ) ;
#1654 = EDGE_LOOP ( 'NONE', ( #486, #2332, #2143, #1282 ) ) ;
#1655 = LINE ( 'NONE', #131, #1303 ) ;
#1656 = CARTESIAN_POINT ( 'NONE',  ( -32.55994460092210829, 35.96360090365681828, 25.48153440711838158 ) ) ;
#1657 = EDGE_CURVE ( 'NONE', #1338, #1515, #1057, .T. ) ;
#1658 = ORIENTED_EDGE ( 'NONE', *, *, #1953, .T. ) ;
#1659 = PERSON ( 'UNSPECIFIED', 'UNSPECIFIED', 'UNSPECIFIED', ('UNSPECIFIED'), ('UNSPECIFIED'), ('UNSPECIFIED') ) ;
#1660 = ADVANCED_FACE ( 'NONE', ( #858 ), #167, .F. ) ;
#1661 = CARTESIAN_POINT ( 'NONE',  ( 2.440055399077906362, 23.46360090365682183, 25.48153440711837447 ) ) ;
#1662 = EDGE_LOOP ( 'NONE', ( #824, #738, #546, #679 ) ) ;
#1663 = EDGE_CURVE ( 'NONE', #243, #1011, #1685, .T. ) ;
#1664 = VERTEX_POINT ( 'NONE', #2516 ) ;
#1665 = CARTESIAN_POINT ( 'NONE',  ( -43.55994460092209408, 35.96360090365681828, 47.43153440711837021 ) ) ;
#1666 = AXIS2_PLACEMENT_3D ( 'NONE', #1571, #1379, #1970 ) ;
#1667 = CLOSED_SHELL ( 'NONE', ( #247, #130, #492, #2567, #1055, #2003, #1283, #1944, #1365, #682, #945, #1577, #1660, #146, #1293, #1985, #767, #2149, #1796, #570, #1164, #2461, #2555, #2254, #1392, #54, #987, #795, #187, #449, #2582, #1471, #1762, #843, #283, #1108, #583, #2161, #1244, #1189, #1495, #2361, #1718, #969, #1603, #782, #46, #1353, #1564, #958, #386, #2601, #555, #1040, #2048, #652, #1863, #1255, #1377, #1644, #242, #2175, #2291, #363, #1079, #464, #177, #1786, #1090, #1153, #867 ) ) ;
#1668 = CARTESIAN_POINT ( 'NONE',  ( 14.19227060832788467, 8.983600903656814296, 39.93153440711836311 ) ) ;
#1669 = VERTEX_POINT ( 'NONE', #126 ) ;
#1670 = DIRECTION ( 'NONE',  ( 0.0000000000000000000, -1.000000000000000000, 0.0000000000000000000 ) ) ;
#1671 = EDGE_CURVE ( 'NONE', #1615, #642, #1240, .T. ) ;
#1672 = FACE_OUTER_BOUND ( 'NONE', #2067, .T. ) ;
#1673 = DIRECTION ( 'NONE',  ( -0.0000000000000000000, 1.000000000000000000, -0.0000000000000000000 ) ) ;
#1674 = LINE ( 'NONE', #1536, #685 ) ;
#1675 = EDGE_CURVE ( 'NONE', #13, #732, #727, .T. ) ;
#1676 = CARTESIAN_POINT ( 'NONE',  ( -6.851447223051278179, 9.483600903656803638, 218.3315344071183972 ) ) ;
#1677 = CIRCLE ( 'NONE', #659, 8.000000000000001776 ) ;
#1678 = AXIS2_PLACEMENT_3D ( 'NONE', #558, #1747, #171 ) ;
#1679 = VECTOR ( 'NONE', #1383, 1000.000000000000000 ) ;
#1680 = CARTESIAN_POINT ( 'NONE',  ( 22.81779402615708108, 7.983600903656813408, 44.89748280292795357 ) ) ;
#1681 = ORIENTED_EDGE ( 'NONE', *, *, #1783, .T. ) ;
#1682 = ORIENTED_EDGE ( 'NONE', *, *, #1181, .T. ) ;
#1683 = CIRCLE ( 'NONE', #628, 8.000000000000001776 ) ;
#1684 = ORIENTED_EDGE ( 'NONE', *, *, #384, .F. ) ;
#1685 = LINE ( 'NONE', #1341, #1739 ) ;
#1686 = ORIENTED_EDGE ( 'NONE', *, *, #1804, .T. ) ;
#1687 = CARTESIAN_POINT ( 'NONE',  ( -0.1887210956158420216, 8.907248097853777580, 53.02761840617379363 ) ) ;
#1688 = EDGE_CURVE ( 'NONE', #2409, #351, #870, .T. ) ;
#1689 = EDGE_LOOP ( 'NONE', ( #1597, #238, #804, #2592 ) ) ;
#1690 = DIRECTION ( 'NONE',  ( 0.0000000000000000000, 0.0000000000000000000, -1.000000000000000000 ) ) ;
#1691 = ORIENTED_EDGE ( 'NONE', *, *, #532, .T. ) ;
#1692 = AXIS2_PLACEMENT_3D ( 'NONE', #1391, #984, #1990 ) ;
#1693 = CARTESIAN_POINT ( 'NONE',  ( 25.54366636062952622, 13.98360090365681430, 19.93153440711837021 ) ) ;
#1694 = EDGE_LOOP ( 'NONE', ( #2343, #208, #2439, #705 ) ) ;
#1695 = CC_DESIGN_PERSON_AND_ORGANIZATION_ASSIGNMENT ( #255, #1042, ( #1095 ) ) ;
#1696 = CARTESIAN_POINT ( 'NONE',  ( -0.3206860989291028252, 8.862810103628614655, 53.07696654534106528 ) ) ;
#1697 = CARTESIAN_POINT ( 'NONE',  ( -1.559944600922095637, 17.48360090365682495, 65.53153440711837163 ) ) ;
#1698 = CIRCLE ( 'NONE', #647, 7.071067811865471064 ) ;
#1699 = CARTESIAN_POINT ( 'NONE',  ( 25.50170625217933207, 9.983600903656814296, 42.43153440711835600 ) ) ;
#1700 = VECTOR ( 'NONE', #1213, 1000.000000000000000 ) ;
#1701 = EDGE_CURVE ( 'NONE', #158, #924, #202, .T. ) ;
#1702 = CARTESIAN_POINT ( 'NONE',  ( 22.77492153665584240, 13.98360090365681430, 24.45126492544785535 ) ) ;
#1703 = CARTESIAN_POINT ( 'NONE',  ( 18.54366636062952622, 11.98360090365681430, 28.43153440711835600 ) ) ;
#1704 = DATE_AND_TIME ( #635, #1133 ) ;
#1705 = EDGE_CURVE ( 'NONE', #854, #2324, #608, .T. ) ;
#1706 = CIRCLE ( 'NONE', #1789, 3.050000000000014477 ) ;
#1707 = DIRECTION ( 'NONE',  ( 0.0000000000000000000, 1.000000000000000000, -0.0000000000000000000 ) ) ;
#1708 = AXIS2_PLACEMENT_3D ( 'NONE', #1703, #2092, #1492 ) ;
#1709 = CARTESIAN_POINT ( 'NONE',  ( 18.54366636062952622, 11.98360090365681430, 42.43153440711835600 ) ) ;
#1710 = VERTEX_POINT ( 'NONE', #1312 ) ;
#1711 = EDGE_LOOP ( 'NONE', ( #1895, #1876 ) ) ;
#1712 = CARTESIAN_POINT ( 'NONE',  ( -32.55994460092210119, 23.46360090365681828, 47.43153440711835600 ) ) ;
#1713 = ORIENTED_EDGE ( 'NONE', *, *, #773, .T. ) ;
#1714 = ORIENTED_EDGE ( 'NONE', *, *, #657, .T. ) ;
#1715 = ORIENTED_EDGE ( 'NONE', *, *, #2253, .F. ) ;
#1716 = EDGE_CURVE ( 'NONE', #2464, #231, #104, .T. ) ;
#1717 = ORIENTED_EDGE ( 'NONE', *, *, #482, .T. ) ;
#1718 = ADVANCED_FACE ( 'NONE', ( #1368 ), #333, .F. ) ;
#1719 = DIRECTION ( 'NONE',  ( -0.0000000000000000000, 1.000000000000000000, 0.0000000000000000000 ) ) ;
#1720 = AXIS2_PLACEMENT_3D ( 'NONE', #2225, #2013, #1210 ) ;
#1721 = ORIENTED_EDGE ( 'NONE', *, *, #294, .F. ) ;
#1722 = CARTESIAN_POINT ( 'NONE',  ( 25.54366636062952622, 13.98360090365681430, 42.93153440711837021 ) ) ;
#1723 = DIRECTION ( 'NONE',  ( 0.0000000000000000000, 1.000000000000000000, 0.0000000000000000000 ) ) ;
#1724 = FACE_OUTER_BOUND ( 'NONE', #974, .T. ) ;
#1725 = CARTESIAN_POINT ( 'NONE',  ( 0.4400553990778974245, 8.983600903656814296, 14.93153440711836843 ) ) ;
#1726 = CIRCLE ( 'NONE', #151, 3.050000000000014477 ) ;
#1727 = CARTESIAN_POINT ( 'NONE',  ( 22.54366636062952267, 13.98360090365681430, 29.93153440711837021 ) ) ;
#1728 = CARTESIAN_POINT ( 'NONE',  ( 25.54366636062952622, 9.983600903656814296, 26.93153440711836666 ) ) ;
#1729 = EDGE_LOOP ( 'NONE', ( #1207, #1745, #1974, #2263 ) ) ;
#1730 = EDGE_CURVE ( 'NONE', #2217, #854, #2458, .T. ) ;
#1731 = DIRECTION ( 'NONE',  ( 0.0000000000000000000, 0.0000000000000000000, 1.000000000000000000 ) ) ;
#1732 = DIRECTION ( 'NONE',  ( 0.0000000000000000000, 0.0000000000000000000, 1.000000000000000000 ) ) ;
#1733 = ORGANIZATION ( 'UNSPECIFIED', 'UNSPECIFIED', '' ) ;
#1734 = AXIS2_PLACEMENT_3D ( 'NONE', #1115, #2297, #2514 ) ;
#1735 = VERTEX_POINT ( 'NONE', #506 ) ;
#1736 = CARTESIAN_POINT ( 'NONE',  ( -6.851447223051278179, 5.483600903656814296, 65.53153440711837163 ) ) ;
#1737 = DIRECTION ( 'NONE',  ( 0.0000000000000000000, 1.000000000000000000, 0.0000000000000000000 ) ) ;
#1738 = VERTEX_POINT ( 'NONE', #1913 ) ;
#1739 = VECTOR ( 'NONE', #545, 1000.000000000000000 ) ;
#1740 = APPROVAL ( #21, 'UNSPECIFIED' ) ;
#1741 = CARTESIAN_POINT ( 'NONE',  ( -6.851447223051278179, 5.483600903656813408, 65.53153440711837163 ) ) ;
#1742 = ORIENTED_EDGE ( 'NONE', *, *, #1263, .T. ) ;
#1743 = LINE ( 'NONE', #1609, #1208 ) ;
#1744 = DIRECTION ( 'NONE',  ( -1.000000000000000000, 1.994306155430570670E-32, 9.340818716798195839E-17 ) ) ;
#1745 = ORIENTED_EDGE ( 'NONE', *, *, #499, .T. ) ;
#1746 = CARTESIAN_POINT ( 'NONE',  ( -31.75050741160210421, 18.43189815607883375, 49.40102094126798704 ) ) ;
#1747 = DIRECTION ( 'NONE',  ( -1.000000000000000000, 1.994306155430570396E-32, 9.340818716798195839E-17 ) ) ;
#1748 = ORIENTED_EDGE ( 'NONE', *, *, #988, .T. ) ;
#1749 = EDGE_CURVE ( 'NONE', #1214, #1404, #49, .T. ) ;
#1750 = CARTESIAN_POINT ( 'NONE',  ( 21.46343028543363829, 13.98360090365681430, 39.93153440711836311 ) ) ;
#1751 = EDGE_LOOP ( 'NONE', ( #1276, #141, #291, #2157, #2027 ) ) ;
#1752 = CARTESIAN_POINT ( 'NONE',  ( 11.19227060832788467, 13.98360090365681430, 29.93153440711837021 ) ) ;
#1753 = CARTESIAN_POINT ( 'NONE',  ( 24.48005539907789796, 23.46360090365681117, 47.43153440711834889 ) ) ;
#1754 = CARTESIAN_POINT ( 'NONE',  ( -32.55994460092211540, 20.14286256373904038, 43.15372648496349228 ) ) ;
#1755 = ORIENTED_EDGE ( 'NONE', *, *, #1366, .T. ) ;
#1756 = EDGE_CURVE ( 'NONE', #1565, #264, #1462, .T. ) ;
#1757 = CARTESIAN_POINT ( 'NONE',  ( -32.55994460092210829, 35.96360090365681828, 19.38153440711835174 ) ) ;
#1758 = DIRECTION ( 'NONE',  ( -0.0000000000000000000, 1.000000000000000000, -0.0000000000000000000 ) ) ;
#1759 = AXIS2_PLACEMENT_3D ( 'NONE', #1599, #1190, #2596 ) ;
#1760 = CARTESIAN_POINT ( 'NONE',  ( 22.81779402615708108, 9.983600903656814296, 46.29748280292795215 ) ) ;
#1761 = VECTOR ( 'NONE', #1918, 1000.000000000000000 ) ;
#1762 = ADVANCED_FACE ( 'NONE', ( #2141, #1205, #1622 ), #1319, .T. ) ;
#1763 = DIRECTION ( 'NONE',  ( -1.000000000000000000, 1.309225264888156377E-16, 9.637352644315600173E-17 ) ) ;
#1764 = CIRCLE ( 'NONE', #1859, 1.399999999999998579 ) ;
#1765 = CARTESIAN_POINT ( 'NONE',  ( -31.38006468013289307, 18.09873159272684617, 46.99172591008777999 ) ) ;
#1766 = VECTOR ( 'NONE', #1490, 1000.000000000000000 ) ;
#1767 = DIRECTION ( 'NONE',  ( -0.0000000000000000000, -0.0000000000000000000, -1.000000000000000000 ) ) ;
#1768 = VECTOR ( 'NONE', #2528, 1000.000000000000000 ) ;
#1769 = EDGE_CURVE ( 'NONE', #1956, #832, #1177, .T. ) ;
#1770 = ORIENTED_EDGE ( 'NONE', *, *, #1911, .T. ) ;
#1771 = AXIS2_PLACEMENT_3D ( 'NONE', #1558, #722, #1964 ) ;
#1772 = DIRECTION ( 'NONE',  ( 0.0000000000000000000, 0.0000000000000000000, -1.000000000000000000 ) ) ;
#1773 = ORIENTED_EDGE ( 'NONE', *, *, #67, .F. ) ;
#1774 = ORIENTED_EDGE ( 'NONE', *, *, #2403, .T. ) ;
#1775 = AXIS2_PLACEMENT_3D ( 'NONE', #2506, #810, #2431 ) ;
#1776 = DIRECTION ( 'NONE',  ( 0.0000000000000000000, -1.000000000000000000, 0.0000000000000000000 ) ) ;
#1777 = ORIENTED_EDGE ( 'NONE', *, *, #2153, .T. ) ;
#1778 = DIRECTION ( 'NONE',  ( 0.0000000000000000000, 0.0000000000000000000, -1.000000000000000000 ) ) ;
#1779 = ORIENTED_EDGE ( 'NONE', *, *, #184, .T. ) ;
#1780 = CARTESIAN_POINT ( 'NONE',  ( -29.56076136251783026, 17.48360090365682140, 47.64810807058110953 ) ) ;
#1781 = DIRECTION ( 'NONE',  ( 1.421904488505580887E-16, 0.0000000000000000000, 1.000000000000000000 ) ) ;
#1782 = ORIENTED_EDGE ( 'NONE', *, *, #673, .T. ) ;
#1783 = EDGE_CURVE ( 'NONE', #461, #800, #1047, .T. ) ;
#1784 = CARTESIAN_POINT ( 'NONE',  ( -31.35106533519439864, 18.07658049683669077, 21.99840625057150945 ) ) ;
#1785 = CARTESIAN_POINT ( 'NONE',  ( -43.55994460092210119, -9.658581096285732679E-32, 4.210950706435147225E-15 ) ) ;
#1786 = ADVANCED_FACE ( 'NONE', ( #2177 ), #670, .T. ) ;
#1787 = VERTEX_POINT ( 'NONE', #2372 ) ;
#1788 = CARTESIAN_POINT ( 'NONE',  ( -31.81705835279354133, 18.50457035167750064, 20.28578272737523136 ) ) ;
#1789 = AXIS2_PLACEMENT_3D ( 'NONE', #2345, #1954, #2333 ) ;
#1790 = CARTESIAN_POINT ( 'NONE',  ( 25.54366636062952622, 11.98360090365681430, 42.93153440711837021 ) ) ;
#1791 = CARTESIAN_POINT ( 'NONE',  ( 19.13398304242149450, 8.983600903656814296, 29.18325326674063547 ) ) ;
#1792 = FACE_BOUND ( 'NONE', #954, .T. ) ;
#1793 = CARTESIAN_POINT ( 'NONE',  ( 0.4400553990778974245, 13.98360090365681430, 14.93153440711836843 ) ) ;
#1794 = LINE ( 'NONE', #2053, #2294 ) ;
#1795 = ORIENTED_EDGE ( 'NONE', *, *, #404, .F. ) ;
#1796 = ADVANCED_FACE ( 'NONE', ( #2368 ), #2208, .F. ) ;
#1797 = PLANE ( 'NONE',  #537 ) ;
#1798 = CARTESIAN_POINT ( 'NONE',  ( -43.55994460092210119, 23.46360090365682183, 22.43153440711836666 ) ) ;
#1799 = FACE_BOUND ( 'NONE', #1373, .T. ) ;
#1800 = EDGE_CURVE ( 'NONE', #800, #461, #696, .T. ) ;
#1801 = ORIENTED_EDGE ( 'NONE', *, *, #266, .T. ) ;
#1802 = CARTESIAN_POINT ( 'NONE',  ( -31.38529777743347893, 18.10282670583800169, 21.78184217228707098 ) ) ;
#1803 = CARTESIAN_POINT ( 'NONE',  ( 19.13398304242149450, 8.983600903656814296, 40.67981554749609785 ) ) ;
#1804 = EDGE_CURVE ( 'NONE', #2108, #1565, #388, .T. ) ;
#1805 = ORIENTED_EDGE ( 'NONE', *, *, #1875, .T. ) ;
#1806 = VECTOR ( 'NONE', #1405, 1000.000000000000000 ) ;
#1807 = CARTESIAN_POINT ( 'NONE',  ( -31.38006476111553766, 18.09873174045050703, 22.87134503481015813 ) ) ;
#1808 = ORIENTED_EDGE ( 'NONE', *, *, #604, .F. ) ;
#1809 = FACE_OUTER_BOUND ( 'NONE', #766, .T. ) ;
#1810 = AXIS2_PLACEMENT_3D ( 'NONE', #2423, #196, #2221 ) ;
#1811 = DIRECTION ( 'NONE',  ( 0.0000000000000000000, 0.0000000000000000000, 1.000000000000000000 ) ) ;
#1812 = ORIENTED_EDGE ( 'NONE', *, *, #2008, .F. ) ;
#1813 = EDGE_LOOP ( 'NONE', ( #2137, #703, #2024, #1843 ) ) ;
#1814 = CARTESIAN_POINT ( 'NONE',  ( -30.58422190682283315, 17.48360090365682140, 23.08122664194967300 ) ) ;
#1815 = ORIENTED_EDGE ( 'NONE', *, *, #2369, .T. ) ;
#1816 = DIRECTION ( 'NONE',  ( -0.0000000000000000000, 1.000000000000000000, -0.0000000000000000000 ) ) ;
#1817 = ORIENTED_EDGE ( 'NONE', *, *, #1566, .T. ) ;
#1818 = CARTESIAN_POINT ( 'NONE',  ( -43.55994460092210119, 35.96360090365681828, 22.43153440711836666 ) ) ;
#1819 = EDGE_CURVE ( 'NONE', #1506, #510, #452, .T. ) ;
#1820 = CARTESIAN_POINT ( 'NONE',  ( 22.54366636062952622, 11.98360090365681430, 26.93153440711836666 ) ) ;
#1821 = DATE_TIME_ROLE ( 'creation_date' ) ;
#1822 = CARTESIAN_POINT ( 'NONE',  ( -29.56076139503434064, 17.48360090365682495, 22.21497991441128050 ) ) ;
#1823 = FACE_OUTER_BOUND ( 'NONE', #421, .T. ) ;
#1824 = AXIS2_PLACEMENT_3D ( 'NONE', #2015, #1179, #2576 ) ;
#1825 = CYLINDRICAL_SURFACE ( 'NONE', #1421, 3.050000000000010925 ) ;
#1826 = CC_DESIGN_APPROVAL ( #1878, ( #1095 ) ) ;
#1827 = FACE_OUTER_BOUND ( 'NONE', #236, .T. ) ;
#1828 = CARTESIAN_POINT ( 'NONE',  ( 18.54366636062952622, 9.983600903656814296, 28.43153440711835600 ) ) ;
#1829 = CARTESIAN_POINT ( 'NONE',  ( -32.55994460092210829, 23.46360090365682183, 22.43153440711836666 ) ) ;
#1830 = ORIENTED_EDGE ( 'NONE', *, *, #657, .F. ) ;
#1831 = LOCAL_TIME ( 16, 25, 56.00000000000000000, #2265 ) ;
#1832 = DIRECTION ( 'NONE',  ( 0.0000000000000000000, 1.000000000000000000, 0.0000000000000000000 ) ) ;
#1833 = CARTESIAN_POINT ( 'NONE',  ( 25.54366636062952622, 11.98360090365681430, 23.13153440711835529 ) ) ;
#1834 = DIRECTION ( 'NONE',  ( -0.0000000000000000000, 1.000000000000000000, -0.0000000000000000000 ) ) ;
#1835 = ORIENTED_EDGE ( 'NONE', *, *, #1701, .T. ) ;
#1836 = EDGE_CURVE ( 'NONE', #2007, #264, #1071, .T. ) ;
#1837 = LINE ( 'NONE', #2510, #2107 ) ;
#1838 = VERTEX_POINT ( 'NONE', #2552 ) ;
#1839 = CARTESIAN_POINT ( 'NONE',  ( 22.81779402615708108, 7.983600903656813408, 44.89748280292795357 ) ) ;
#1840 =( NAMED_UNIT ( * ) SI_UNIT ( $, .STERADIAN. ) SOLID_ANGLE_UNIT ( ) );
#1841 = APPROVAL_DATE_TIME ( #885, #1878 ) ;
#1842 = EDGE_CURVE ( 'NONE', #1112, #2108, #2251, .T. ) ;
#1843 = ORIENTED_EDGE ( 'NONE', *, *, #1403, .F. ) ;
#1844 = DIRECTION ( 'NONE',  ( 0.0000000000000000000, 1.000000000000000000, -0.0000000000000000000 ) ) ;
#1845 = ORIENTED_EDGE ( 'NONE', *, *, #1547, .T. ) ;
#1846 = AXIS2_PLACEMENT_3D ( 'NONE', #2201, #223, #1634 ) ;
#1847 = CARTESIAN_POINT ( 'NONE',  ( -29.55994460092210829, 17.48360090365682140, 23.08122664194966234 ) ) ;
#1848 = DIRECTION ( 'NONE',  ( -9.920804192677816385E-17, 1.200962406445482005E-16, -1.000000000000000000 ) ) ;
#1849 = ORIENTED_EDGE ( 'NONE', *, *, #1671, .F. ) ;
#1850 = CARTESIAN_POINT ( 'NONE',  ( -43.55994460092210119, 23.46360090365682183, 22.43153440711836666 ) ) ;
#1851 = ORIENTED_EDGE ( 'NONE', *, *, #2233, .F. ) ;
#1852 = CARTESIAN_POINT ( 'NONE',  ( -29.55994460573044336, 17.48360090365682495, 21.99840738166730603 ) ) ;
#1853 = CARTESIAN_POINT ( 'NONE',  ( 18.54366636062952622, 11.98360090365681430, 28.43153440711835600 ) ) ;
#1854 = ORIENTED_EDGE ( 'NONE', *, *, #900, .F. ) ;
#1855 = DIRECTION ( 'NONE',  ( 0.0000000000000000000, 0.0000000000000000000, -1.000000000000000000 ) ) ;
#1856 = EDGE_CURVE ( 'NONE', #192, #1738, #508, .T. ) ;
#1857 = DIRECTION ( 'NONE',  ( -1.000000000000000000, 1.994306155430570396E-32, 9.340818716798195839E-17 ) ) ;
#1858 = CIRCLE ( 'NONE', #2444, 2.999999999999999112 ) ;
#1859 = AXIS2_PLACEMENT_3D ( 'NONE', #1973, #2558, #1545 ) ;
#1860 = DIRECTION ( 'NONE',  ( 1.000000000000000000, -0.0000000000000000000, -0.0000000000000000000 ) ) ;
#1861 = FACE_OUTER_BOUND ( 'NONE', #707, .T. ) ;
#1862 = ORIENTED_EDGE ( 'NONE', *, *, #1211, .T. ) ;
#1863 = ADVANCED_FACE ( 'NONE', ( #913 ), #2059, .F. ) ;
#1864 = LINE ( 'NONE', #1803, #1889 ) ;
#1865 = DIRECTION ( 'NONE',  ( -1.000000000000000000, 1.994306155430570670E-32, 9.340818716798195839E-17 ) ) ;
#1866 = ORIENTED_EDGE ( 'NONE', *, *, #988, .F. ) ;
#1867 = CARTESIAN_POINT ( 'NONE',  ( 15.01606318754601332, 13.98360090365681430, 34.93153440711837021 ) ) ;
#1868 = VERTEX_POINT ( 'NONE', #1968 ) ;
#1869 = FACE_OUTER_BOUND ( 'NONE', #1178, .T. ) ;
#1870 = DIRECTION ( 'NONE',  ( -9.637352644315597708E-17, 1.200962406445482005E-16, -1.000000000000000000 ) ) ;
#1871 = EDGE_CURVE ( 'NONE', #2406, #1441, #289, .T. ) ;
#1872 = VERTEX_POINT ( 'NONE', #1975 ) ;
#1873 = LINE ( 'NONE', #585, #2522 ) ;
#1874 = EDGE_LOOP ( 'NONE', ( #761, #459 ) ) ;
#1875 = EDGE_CURVE ( 'NONE', #1738, #192, #129, .T. ) ;
#1876 = ORIENTED_EDGE ( 'NONE', *, *, #1800, .F. ) ;
#1877 = DIRECTION ( 'NONE',  ( -1.000000000000000000, 1.994306155430570396E-32, 9.340818716798195839E-17 ) ) ;
#1878 = APPROVAL ( #1639, 'UNSPECIFIED' ) ;
#1879 = ORIENTED_EDGE ( 'NONE', *, *, #82, .F. ) ;
#1880 = CARTESIAN_POINT ( 'NONE',  ( -0.6749766529089166189, 8.689287396345315884, 53.26640076706043914 ) ) ;
#1881 = VERTEX_POINT ( 'NONE', #22 ) ;
#1882 = PLANE ( 'NONE',  #1535 ) ;
#1883 = VECTOR ( 'NONE', #2462, 1000.000000000000000 ) ;
#1884 = CARTESIAN_POINT ( 'NONE',  ( -31.33378140122519540, 18.06360090365770077, 47.64809848541009529 ) ) ;
#1885 = LINE ( 'NONE', #1131, #817 ) ;
#1886 = EDGE_CURVE ( 'NONE', #573, #2064, #1519, .T. ) ;
#1887 = CARTESIAN_POINT ( 'NONE',  ( -29.55994460092210474, 20.48360090365682140, 48.08122664194954865 ) ) ;
#1888 = VECTOR ( 'NONE', #282, 1000.000000000000000 ) ;
#1889 = VECTOR ( 'NONE', #1776, 1000.000000000000000 ) ;
#1890 = CARTESIAN_POINT ( 'NONE',  ( 21.46343028543363474, 8.983600903656814296, 25.93153440711837021 ) ) ;
#1891 = VECTOR ( 'NONE', #808, 1000.000000000000000 ) ;
#1892 = ORIENTED_EDGE ( 'NONE', *, *, #1626, .T. ) ;
#1893 = CARTESIAN_POINT ( 'NONE',  ( -1.559944600922101854, 7.483600903656824954, 1.117819814382505047E-15 ) ) ;
#1894 = LINE ( 'NONE', #564, #1104 ) ;
#1895 = ORIENTED_EDGE ( 'NONE', *, *, #1783, .F. ) ;
#1896 = VECTOR ( 'NONE', #649, 1000.000000000000000 ) ;
#1897 = DESIGN_CONTEXT ( 'detailed design', #816, 'design' ) ;
#1898 = ORIENTED_EDGE ( 'NONE', *, *, #1526, .F. ) ;
#1899 = EDGE_CURVE ( 'NONE', #361, #258, #2241, .T. ) ;
#1900 = ORIENTED_EDGE ( 'NONE', *, *, #2114, .T. ) ;
#1901 = CARTESIAN_POINT ( 'NONE',  ( 2.440055399077906362, 48.46360090365682538, 25.48153440711836026 ) ) ;
#1902 = EDGE_LOOP ( 'NONE', ( #1995, #2499, #1815, #2140 ) ) ;
#1903 = AXIS2_PLACEMENT_3D ( 'NONE', #1839, #37, #1649 ) ;
#1904 = EDGE_LOOP ( 'NONE', ( #1200, #1989, #1498, #1523 ) ) ;
#1905 = AXIS2_PLACEMENT_3D ( 'NONE', #407, #614, #1009 ) ;
#1906 = CARTESIAN_POINT ( 'NONE',  ( -0.8756780288927464850, 8.547890151848333673, 53.41997492673689152 ) ) ;
#1907 = ORIENTED_EDGE ( 'NONE', *, *, #402, .T. ) ;
#1908 = DIRECTION ( 'NONE',  ( -1.000000000000000000, 1.309225264888156377E-16, 9.637352644315600173E-17 ) ) ;
#1909 = CARTESIAN_POINT ( 'NONE',  ( -32.55994460092209408, 48.46360090365682538, 50.48153440711835316 ) ) ;
#1910 = COORDINATED_UNIVERSAL_TIME_OFFSET ( 0, 0, .AHEAD. ) ;
#1911 = EDGE_CURVE ( 'NONE', #66, #1615, #318, .T. ) ;
#1912 = CARTESIAN_POINT ( 'NONE',  ( -32.55994460092210829, 23.46360090365682183, 19.38153440711835174 ) ) ;
#1913 = CARTESIAN_POINT ( 'NONE',  ( 22.77492153665584240, 8.983600903656814296, 24.45126492544785535 ) ) ;
#1914 = CYLINDRICAL_SURFACE ( 'NONE', #2060, 3.000000000000002665 ) ;
#1915 = AXIS2_PLACEMENT_3D ( 'NONE', #2264, #1877, #2257 ) ;
#1916 = CARTESIAN_POINT ( 'NONE',  ( -31.33378140122401589, 18.06360090365681614, 22.43153440714038638 ) ) ;
#1917 = CYLINDRICAL_SURFACE ( 'NONE', #1195, 5.400000000000002132 ) ;
#1918 = DIRECTION ( 'NONE',  ( 9.637352644315598941E-17, -1.200962406445482005E-16, 1.000000000000000000 ) ) ;
#1919 = FACE_OUTER_BOUND ( 'NONE', #1662, .T. ) ;
#1920 = AXIS2_PLACEMENT_3D ( 'NONE', #15, #2224, #1220 ) ;
#1921 = ORIENTED_EDGE ( 'NONE', *, *, #684, .T. ) ;
#1922 = VECTOR ( 'NONE', #2116, 1000.000000000000000 ) ;
#1923 = DIRECTION ( 'NONE',  ( 0.0000000000000000000, -1.000000000000000000, 0.0000000000000000000 ) ) ;
#1924 = CARTESIAN_POINT ( 'NONE',  ( -32.50378502862307784, 19.83820329385511627, 43.40995163412121371 ) ) ;
#1925 = ORIENTED_EDGE ( 'NONE', *, *, #2233, .T. ) ;
#1926 = LINE ( 'NONE', #825, #2329 ) ;
#1927 = DIRECTION ( 'NONE',  ( -0.0000000000000000000, 1.000000000000000000, -0.0000000000000000000 ) ) ;
#1928 = CARTESIAN_POINT ( 'NONE',  ( -1.371191145779748322, 15.00643470316727424, 15.78752890220758864 ) ) ;
#1929 = ORIENTED_EDGE ( 'NONE', *, *, #586, .F. ) ;
#1930 = LINE ( 'NONE', #1261, #1494 ) ;
#1931 = EDGE_CURVE ( 'NONE', #17, #775, #829, .T. ) ;
#1932 = VERTEX_POINT ( 'NONE', #2239 ) ;
#1933 = DIRECTION ( 'NONE',  ( 0.0000000000000000000, 0.0000000000000000000, 1.000000000000000000 ) ) ;
#1934 = ORIENTED_EDGE ( 'NONE', *, *, #2286, .F. ) ;
#1935 = DIRECTION ( 'NONE',  ( 0.0000000000000000000, -1.000000000000000000, 0.0000000000000000000 ) ) ;
#1936 = EDGE_CURVE ( 'NONE', #2078, #138, #1271, .T. ) ;
#1937 = EDGE_LOOP ( 'NONE', ( #2543, #1145, #23, #1080 ) ) ;
#1938 = DIRECTION ( 'NONE',  ( 0.0000000000000000000, 0.0000000000000000000, -1.000000000000000000 ) ) ;
#1939 = CARTESIAN_POINT ( 'NONE',  ( -0.1887210956158461572, 14.05995370945983858, 16.83545040806292548 ) ) ;
#1940 = AXIS2_PLACEMENT_3D ( 'NONE', #1021, #1389, #1199 ) ;
#1941 = ORIENTED_EDGE ( 'NONE', *, *, #967, .F. ) ;
#1942 = PLANE ( 'NONE',  #904 ) ;
#1943 = CARTESIAN_POINT ( 'NONE',  ( -29.55994460092210474, 17.48360090365682140, 46.78184217228718467 ) ) ;
#1944 = ADVANCED_FACE ( 'NONE', ( #1869 ), #259, .F. ) ;
#1945 = CARTESIAN_POINT ( 'NONE',  ( -32.20617097912177229, 19.06426675521495540, 44.29416654676764864 ) ) ;
#1946 = FACE_OUTER_BOUND ( 'NONE', #380, .T. ) ;
#1947 = CARTESIAN_POINT ( 'NONE',  ( -31.44852205358107611, 18.15130111949714120, 48.48120123309908536 ) ) ;
#1948 = CARTESIAN_POINT ( 'NONE',  ( -29.55994460092209053, 20.48360090365680009, 218.3315344071183972 ) ) ;
#1949 = VECTOR ( 'NONE', #432, 1000.000000000000000 ) ;
#1950 = CARTESIAN_POINT ( 'NONE',  ( 2.440055399077905918, 23.46360090365682183, 22.43153440711836311 ) ) ;
#1951 = DIRECTION ( 'NONE',  ( 1.000000000000000000, 0.0000000000000000000, 0.0000000000000000000 ) ) ;
#1952 = CIRCLE ( 'NONE', #2273, 4.000000000000003553 ) ;
#1953 = EDGE_CURVE ( 'NONE', #2102, #623, #1926, .T. ) ;
#1954 = DIRECTION ( 'NONE',  ( 1.000000000000000000, -1.309225264888156377E-16, -9.637352644315598941E-17 ) ) ;
#1955 = CARTESIAN_POINT ( 'NONE',  ( -31.44855091097194233, 18.15132324462548041, 46.38168502113533975 ) ) ;
#1956 = VERTEX_POINT ( 'NONE', #996 ) ;
#1957 = PERSON_AND_ORGANIZATION ( #1659, #1733 ) ;
#1958 = AXIS2_PLACEMENT_3D ( 'NONE', #2171, #1166, #779 ) ;
#1959 = CARTESIAN_POINT ( 'NONE',  ( 25.54366636062952622, 13.98360090365681430, 26.93153440711836666 ) ) ;
#1960 = DIRECTION ( 'NONE',  ( 0.0000000000000000000, 0.0000000000000000000, 1.000000000000000000 ) ) ;
#1961 = ORIENTED_EDGE ( 'NONE', *, *, #311, .T. ) ;
#1962 = LINE ( 'NONE', #708, #1922 ) ;
#1963 = AXIS2_PLACEMENT_3D ( 'NONE', #1374, #370, #986 ) ;
#1964 = DIRECTION ( 'NONE',  ( 0.0000000000000000000, 0.0000000000000000000, 1.000000000000000000 ) ) ;
#1965 = ORIENTED_EDGE ( 'NONE', *, *, #1072, .F. ) ;
#1966 = DIRECTION ( 'NONE',  ( 0.0000000000000000000, 1.000000000000000000, 0.0000000000000000000 ) ) ;
#1967 = LINE ( 'NONE', #476, #1432 ) ;
#1968 = CARTESIAN_POINT ( 'NONE',  ( 22.77492153665584240, 9.983600903656814296, 27.25126492544785251 ) ) ;
#1969 = ORIENTED_EDGE ( 'NONE', *, *, #1004, .F. ) ;
#1970 = DIRECTION ( 'NONE',  ( 0.0000000000000000000, 0.0000000000000000000, 1.000000000000000000 ) ) ;
#1971 = DIRECTION ( 'NONE',  ( 1.000000000000000000, -0.0000000000000000000, -0.0000000000000000000 ) ) ;
#1972 = VERTEX_POINT ( 'NONE', #2413 ) ;
#1973 = CARTESIAN_POINT ( 'NONE',  ( 22.81779402615708108, 8.983600903656814296, 44.89748280292795357 ) ) ;
#1974 = ORIENTED_EDGE ( 'NONE', *, *, #1439, .T. ) ;
#1975 = CARTESIAN_POINT ( 'NONE',  ( -32.55994460092210119, 48.46360090365682538, 19.38153440711836950 ) ) ;
#1976 = ORIENTED_EDGE ( 'NONE', *, *, #734, .F. ) ;
#1977 = EDGE_CURVE ( 'NONE', #690, #1469, #1683, .T. ) ;
#1978 = ORIENTED_EDGE ( 'NONE', *, *, #921, .F. ) ;
#1979 = CARTESIAN_POINT ( 'NONE',  ( 25.50170625217933207, 13.98360090365681430, 42.43153440711835600 ) ) ;
#1980 = AXIS2_PLACEMENT_3D ( 'NONE', #1481, #2284, #1272 ) ;
#1981 = CARTESIAN_POINT ( 'NONE',  ( -31.33378140122401589, 18.06360090365681614, 22.43153440714038638 ) ) ;
#1982 = CARTESIAN_POINT ( 'NONE',  ( -1.371191145779748100, 7.960767104146360573, 15.78752890220758864 ) ) ;
#1983 = CARTESIAN_POINT ( 'NONE',  ( -32.37158757110704244, 19.42750079342307146, 18.83861708863231499 ) ) ;
#1984 = LINE ( 'NONE', #566, #2448 ) ;
#1985 = ADVANCED_FACE ( 'NONE', ( #977 ), #886, .F. ) ;
#1986 = CARTESIAN_POINT ( 'NONE',  ( -29.56076139503433353, 17.48360090365682140, 47.21497991441432163 ) ) ;
#1987 = LINE ( 'NONE', #1269, #2450 ) ;
#1988 = CARTESIAN_POINT ( 'NONE',  ( 22.77492153665584240, 11.98360090365681430, 25.85126492544785393 ) ) ;
#1989 = ORIENTED_EDGE ( 'NONE', *, *, #2607, .T. ) ;
#1990 = DIRECTION ( 'NONE',  ( 0.0000000000000000000, 0.0000000000000000000, 1.000000000000000000 ) ) ;
#1991 = DIRECTION ( 'NONE',  ( 0.0000000000000000000, 0.0000000000000000000, 1.000000000000000000 ) ) ;
#1992 = EDGE_CURVE ( 'NONE', #2300, #1338, #278, .T. ) ;
#1993 = PERSON_AND_ORGANIZATION ( #1659, #1733 ) ;
#1994 = CARTESIAN_POINT ( 'NONE',  ( -32.31940363044868292, 19.29936725526762942, 18.98822550978842116 ) ) ;
#1995 = ORIENTED_EDGE ( 'NONE', *, *, #468, .F. ) ;
#1996 = CARTESIAN_POINT ( 'NONE',  ( -29.55994460573113614, 17.48360090365682140, 47.86466369461994219 ) ) ;
#1997 = CARTESIAN_POINT ( 'NONE',  ( -1.559944600922095193, 15.48360090365680541, 65.53153440711842848 ) ) ;
#1998 = ORIENTED_EDGE ( 'NONE', *, *, #812, .F. ) ;
#1999 = VECTOR ( 'NONE', #1744, 1000.000000000000000 ) ;
#2000 = ORIENTED_EDGE ( 'NONE', *, *, #921, .T. ) ;
#2001 = DIRECTION ( 'NONE',  ( -9.637352644315597708E-17, 1.200962406445482005E-16, -1.000000000000000000 ) ) ;
#2003 = ADVANCED_FACE ( 'NONE', ( #577 ), #2519, .F. ) ;
#2002 = CIRCLE ( 'NONE', #426, 1.399999999999998579 ) ;
#2004 = ORIENTED_EDGE ( 'NONE', *, *, #1856, .T. ) ;
#2005 = VERTEX_POINT ( 'NONE', #748 ) ;
#2006 = DIRECTION ( 'NONE',  ( -0.0000000000000000000, 1.000000000000000000, -0.0000000000000000000 ) ) ;
#2007 = VERTEX_POINT ( 'NONE', #325 ) ;
#2008 = EDGE_CURVE ( 'NONE', #654, #2298, #765, .T. ) ;
#2009 = CARTESIAN_POINT ( 'NONE',  ( -1.559944600922102520, 7.483600903656813408, 15.00526065620065630 ) ) ;
#2010 = VERTEX_POINT ( 'NONE', #1343 ) ;
#2011 = CARTESIAN_POINT ( 'NONE',  ( -29.56076136251783737, 17.48360090365682495, 22.64810807058416131 ) ) ;
#2012 = AXIS2_PLACEMENT_3D ( 'NONE', #1054, #72, #59 ) ;
#2013 = DIRECTION ( 'NONE',  ( -0.0000000000000000000, 1.000000000000000000, -0.0000000000000000000 ) ) ;
#2014 = CIRCLE ( 'NONE', #1678, 3.050000000000014477 ) ;
#2015 = CARTESIAN_POINT ( 'NONE',  ( 22.54366636062952622, 13.98360090365681430, 19.93153440711836666 ) ) ;
#2016 = APPROVAL_STATUS ( 'not_yet_approved' ) ;
#2017 = LINE ( 'NONE', #2244, #33 ) ;
#2018 = DIRECTION ( 'NONE',  ( 0.0000000000000000000, 1.000000000000000000, 0.0000000000000000000 ) ) ;
#2019 = LINE ( 'NONE', #2080, #346 ) ;
#2020 = ORIENTED_EDGE ( 'NONE', *, *, #2568, .F. ) ;
#2021 = CARTESIAN_POINT ( 'NONE',  ( 2.440055399077913023, 48.46360090365682538, 47.43153440711836311 ) ) ;
#2022 = VECTOR ( 'NONE', #541, 1000.000000000000000 ) ;
#2023 = EDGE_CURVE ( 'NONE', #2237, #391, #1586, .T. ) ;
#2024 = ORIENTED_EDGE ( 'NONE', *, *, #2236, .F. ) ;
#2025 = CARTESIAN_POINT ( 'NONE',  ( -31.38006468013373862, 18.09873159272705934, 21.99172591009006794 ) ) ;
#2026 = CARTESIAN_POINT ( 'NONE',  ( -31.95084124806583858, 18.66846603659730164, 24.92208014770532998 ) ) ;
#2027 = ORIENTED_EDGE ( 'NONE', *, *, #222, .T. ) ;
#2028 = LINE ( 'NONE', #43, #1896 ) ;
#2029 = AXIS2_PLACEMENT_3D ( 'NONE', #1198, #1424, #429 ) ;
#2030 = ORIENTED_EDGE ( 'NONE', *, *, #710, .F. ) ;
#2031 = DIRECTION ( 'NONE',  ( -1.000000000000000000, 1.994306155430570670E-32, 9.340818716798195839E-17 ) ) ;
#2032 = ORIENTED_EDGE ( 'NONE', *, *, #2440, .F. ) ;
#2033 = VERTEX_POINT ( 'NONE', #1757 ) ;
#2034 = CARTESIAN_POINT ( 'NONE',  ( -43.55994460092209408, 70.48360090365680719, 65.53153440711838584 ) ) ;
#2035 = ORIENTED_EDGE ( 'NONE', *, *, #1769, .F. ) ;
#2036 = CARTESIAN_POINT ( 'NONE',  ( 22.77492153665584240, 7.983600903656813408, 24.45126492544785535 ) ) ;
#2037 = CARTESIAN_POINT ( 'NONE',  ( -1.541231169143485236, 7.551795075839985216, 54.65023322950031570 ) ) ;
#2038 = ORIENTED_EDGE ( 'NONE', *, *, #127, .T. ) ;
#2039 = EDGE_CURVE ( 'NONE', #1932, #2300, #1655, .T. ) ;
#2040 = CARTESIAN_POINT ( 'NONE',  ( -43.55994460092210119, 66.44360090365681515, 4.331534407118368790 ) ) ;
#2041 = APPLICATION_PROTOCOL_DEFINITION ( 'international standard', 'config_control_design', 1994, #816 ) ;
#2042 = DIRECTION ( 'NONE',  ( -1.000000000000000000, 1.994306155430570396E-32, 9.340818716798195839E-17 ) ) ;
#2043 = AXIS2_PLACEMENT_3D ( 'NONE', #653, #229, #1051 ) ;
#2044 = LINE ( 'NONE', #1382, #153 ) ;
#2045 = CARTESIAN_POINT ( 'NONE',  ( -32.55994460092210119, 35.96360090365681828, 44.38153440711836595 ) ) ;
#2046 = AXIS2_PLACEMENT_3D ( 'NONE', #155, #1159, #2526 ) ;
#2047 = FACE_OUTER_BOUND ( 'NONE', #542, .T. ) ;
#2048 = ADVANCED_FACE ( 'NONE', ( #2301 ), #1110, .T. ) ;
#2049 = DIRECTION ( 'NONE',  ( -1.000000000000000000, 1.309225264888156377E-16, 9.637352644315600173E-17 ) ) ;
#2050 = CIRCLE ( 'NONE', #1333, 2.999999999999999112 ) ;
#2051 = CARTESIAN_POINT ( 'NONE',  ( -31.39462738657476493, 18.11000888394707786, 21.78184217228707453 ) ) ;
#2052 = ORIENTED_EDGE ( 'NONE', *, *, #1468, .F. ) ;
#2053 = CARTESIAN_POINT ( 'NONE',  ( 18.54366636062952622, 11.98360090365681430, 23.13153440711835529 ) ) ;
#2054 = FACE_BOUND ( 'NONE', #1711, .T. ) ;
#2055 = VERTEX_POINT ( 'NONE', #518 ) ;
#2056 = EDGE_CURVE ( 'NONE', #1525, #371, #644, .T. ) ;
#2057 = ORIENTED_EDGE ( 'NONE', *, *, #2533, .F. ) ;
#2058 = CARTESIAN_POINT ( 'NONE',  ( -32.55994460092210829, 35.96360090365681828, 22.43153440711836666 ) ) ;
#2059 = CYLINDRICAL_SURFACE ( 'NONE', #444, 3.050000000000010925 ) ;
#2060 = AXIS2_PLACEMENT_3D ( 'NONE', #64, #2465, #842 ) ;
#2061 = ORIENTED_EDGE ( 'NONE', *, *, #552, .T. ) ;
#2062 = VECTOR ( 'NONE', #1636, 1000.000000000000000 ) ;
#2063 = DIRECTION ( 'NONE',  ( -0.0000000000000000000, 1.000000000000000000, -0.0000000000000000000 ) ) ;
#2064 = VERTEX_POINT ( 'NONE', #1959 ) ;
#2065 = AXIS2_PLACEMENT_3D ( 'NONE', #989, #1155, #783 ) ;
#2066 = CARTESIAN_POINT ( 'NONE',  ( 21.46343028543363474, 13.98360090365681430, 39.93153440711836311 ) ) ;
#2067 = EDGE_LOOP ( 'NONE', ( #616, #1313, #1058, #1212 ) ) ;
#2068 = DIRECTION ( 'NONE',  ( 0.0000000000000000000, 0.0000000000000000000, 1.000000000000000000 ) ) ;
#2069 = ORIENTED_EDGE ( 'NONE', *, *, #2311, .T. ) ;
#2070 = CARTESIAN_POINT ( 'NONE',  ( 18.54366636062952622, 9.983600903656814296, 42.43153440711835600 ) ) ;
#2071 = EDGE_CURVE ( 'NONE', #742, #1669, #2109, .T. ) ;
#2072 = CARTESIAN_POINT ( 'NONE',  ( 22.54366636062952622, 13.98360090365681430, 26.93153440711836666 ) ) ;
#2073 = FACE_OUTER_BOUND ( 'NONE', #2585, .T. ) ;
#2074 = AXIS2_PLACEMENT_3D ( 'NONE', #768, #393, #2375 ) ;
#2075 = CARTESIAN_POINT ( 'NONE',  ( 25.50170625217933207, 11.98360090365681430, 42.43153440711835600 ) ) ;
#2076 = FACE_OUTER_BOUND ( 'NONE', #717, .T. ) ;
#2077 = CARTESIAN_POINT ( 'NONE',  ( -32.55994460092210119, 48.46360090365682538, 22.43153440711836666 ) ) ;
#2078 = VERTEX_POINT ( 'NONE', #142 ) ;
#2079 = LINE ( 'NONE', #1752, #2104 ) ;
#2080 = CARTESIAN_POINT ( 'NONE',  ( -1.559944600922101854, 7.483600903656824954, 1.117819814382505047E-15 ) ) ;
#2081 = ORIENTED_EDGE ( 'NONE', *, *, #1314, .T. ) ;
#2082 = VECTOR ( 'NONE', #2355, 1000.000000000000000 ) ;
#2083 = CARTESIAN_POINT ( 'NONE',  ( 2.440055399077913023, 35.96360090365681828, 47.43153440711836311 ) ) ;
#2084 = EDGE_CURVE ( 'NONE', #2324, #1506, #1837, .T. ) ;
#2085 = ORIENTED_EDGE ( 'NONE', *, *, #1381, .F. ) ;
#2086 = LINE ( 'NONE', #347, #455 ) ;
#2087 = DIRECTION ( 'NONE',  ( -2.168404344971009608E-16, 1.200962406445481759E-16, -1.000000000000000000 ) ) ;
#2088 = EDGE_LOOP ( 'NONE', ( #2580, #621, #612, #1119 ) ) ;
#2089 = AXIS2_PLACEMENT_3D ( 'NONE', #1818, #1010, #1618 ) ;
#2090 = VERTEX_POINT ( 'NONE', #1524 ) ;
#2091 = ORIENTED_EDGE ( 'NONE', *, *, #2351, .T. ) ;
#2092 = DIRECTION ( 'NONE',  ( 0.0000000000000000000, 0.0000000000000000000, 1.000000000000000000 ) ) ;
#2093 = VERTEX_POINT ( 'NONE', #1127 ) ;
#2094 = CARTESIAN_POINT ( 'NONE',  ( 2.440055399077913023, 48.46360090365682538, 47.43153440711836311 ) ) ;
#2095 = CARTESIAN_POINT ( 'NONE',  ( 11.19227060832788467, 13.98360090365681430, 39.93153440711836311 ) ) ;
#2096 = CIRCLE ( 'NONE', #1641, 3.049999999999990052 ) ;
#2097 = AXIS2_PLACEMENT_3D ( 'NONE', #2534, #1966, #754 ) ;
#2098 = DIRECTION ( 'NONE',  ( -9.637352644315595243E-17, 2.135044278125300603E-16, -1.000000000000000000 ) ) ;
#2099 = FACE_OUTER_BOUND ( 'NONE', #1654, .T. ) ;
#2100 = AXIS2_PLACEMENT_3D ( 'NONE', #2077, #1088, #287 ) ;
#2101 = DIRECTION ( 'NONE',  ( 2.118135622597826445E-32, -1.000000000000000000, -0.0000000000000000000 ) ) ;
#2102 = VERTEX_POINT ( 'NONE', #1736 ) ;
#2103 = CARTESIAN_POINT ( 'NONE',  ( 0.4400553990779043634, 13.98360090365681430, 52.93153440711837021 ) ) ;
#2104 = VECTOR ( 'NONE', #1951, 1000.000000000000000 ) ;
#2105 = ORIENTED_EDGE ( 'NONE', *, *, #110, .T. ) ;
#2106 = CARTESIAN_POINT ( 'NONE',  ( -1.457689823815521590, 15.18047098187285116, 15.57333164212878174 ) ) ;
#2107 = VECTOR ( 'NONE', #1938, 1000.000000000000000 ) ;
#2108 = VERTEX_POINT ( 'NONE', #1916 ) ;
#2109 = LINE ( 'NONE', #2529, #45 ) ;
#2110 = DIRECTION ( 'NONE',  ( -2.118135622597826445E-32, 1.000000000000000000, -0.0000000000000000000 ) ) ;
#2111 = ORIENTED_EDGE ( 'NONE', *, *, #87, .T. ) ;
#2112 = VECTOR ( 'NONE', #1834, 1000.000000000000000 ) ;
#2113 = DIRECTION ( 'NONE',  ( 0.0000000000000000000, -1.000000000000000000, -1.200962406445481759E-16 ) ) ;
#2114 = EDGE_CURVE ( 'NONE', #1273, #698, #1459, .T. ) ;
#2115 = ORIENTED_EDGE ( 'NONE', *, *, #2500, .F. ) ;
#2116 = DIRECTION ( 'NONE',  ( 0.0000000000000000000, -1.000000000000000000, 0.0000000000000000000 ) ) ;
#2117 = CARTESIAN_POINT ( 'NONE',  ( -1.319494133618493104, 14.91839714442348175, 15.88930782255875940 ) ) ;
#2118 = ORIENTED_EDGE ( 'NONE', *, *, #354, .T. ) ;
#2119 = AXIS2_PLACEMENT_3D ( 'NONE', #1410, #205, #2395 ) ;
#2120 = CARTESIAN_POINT ( 'NONE',  ( 22.54366636062952622, 11.98360090365681430, 42.93153440711837021 ) ) ;
#2121 = VERTEX_POINT ( 'NONE', #1516 ) ;
#2122 = DIRECTION ( 'NONE',  ( 1.000000000000000000, -1.309225264888156377E-16, -9.637352644315598941E-17 ) ) ;
#2123 = DIRECTION ( 'NONE',  ( 0.0000000000000000000, 0.0000000000000000000, 1.000000000000000000 ) ) ;
#2124 = DIRECTION ( 'NONE',  ( -0.0000000000000000000, 1.000000000000000000, -0.0000000000000000000 ) ) ;
#2125 = ORIENTED_EDGE ( 'NONE', *, *, #1532, .F. ) ;
#2126 = CARTESIAN_POINT ( 'NONE',  ( -43.55994460092209408, 5.483600903656813408, 65.53153440711837163 ) ) ;
#2127 = PLANE ( 'NONE',  #2046 ) ;
#2128 = CIRCLE ( 'NONE', #1454, 3.050000000000010925 ) ;
#2129 = EDGE_CURVE ( 'NONE', #811, #9, #1395, .T. ) ;
#2130 = CARTESIAN_POINT ( 'NONE',  ( 0.08457844178504206334, 14.00003797681515749, 52.95828535993779695 ) ) ;
#2131 = CARTESIAN_POINT ( 'NONE',  ( -31.38529777743345761, 18.10282670583798748, 46.78184217228718467 ) ) ;
#2132 = VECTOR ( 'NONE', #1356, 1000.000000000000000 ) ;
#2133 = EDGE_CURVE ( 'NONE', #297, #2078, #1962, .T. ) ;
#2134 = CARTESIAN_POINT ( 'NONE',  ( 15.01606318754601332, 13.98360090365681430, 34.93153440711837021 ) ) ;
#2135 = VECTOR ( 'NONE', #342, 1000.000000000000000 ) ;
#2136 = LOCAL_TIME ( 16, 25, 56.00000000000000000, #822 ) ;
#2137 = ORIENTED_EDGE ( 'NONE', *, *, #1601, .F. ) ;
#2138 = VECTOR ( 'NONE', #2427, 1000.000000000000000 ) ;
#2139 = CARTESIAN_POINT ( 'NONE',  ( -1.328460470734492693, 14.92023579318125570, 53.96934867199647812 ) ) ;
#2140 = ORIENTED_EDGE ( 'NONE', *, *, #218, .F. ) ;
#2141 = FACE_OUTER_BOUND ( 'NONE', #448, .T. ) ;
#2142 = DIRECTION ( 'NONE',  ( 0.0000000000000000000, -1.000000000000000000, 0.0000000000000000000 ) ) ;
#2143 = ORIENTED_EDGE ( 'NONE', *, *, #203, .F. ) ;
#2144 = VECTOR ( 'NONE', #787, 1000.000000000000000 ) ;
#2145 = EDGE_CURVE ( 'NONE', #2573, #1322, #1301, .T. ) ;
#2146 = ORIENTED_EDGE ( 'NONE', *, *, #1039, .T. ) ;
#2147 = DIRECTION ( 'NONE',  ( -9.920804192677813919E-17, 0.0000000000000000000, -1.000000000000000000 ) ) ;
#2148 = DIRECTION ( 'NONE',  ( 0.0000000000000000000, 1.000000000000000000, 0.0000000000000000000 ) ) ;
#2149 = ADVANCED_FACE ( 'NONE', ( #1238 ), #1281, .F. ) ;
#2150 = EDGE_LOOP ( 'NONE', ( #175, #2470, #1682, #2247, #1774, #2442, #2371, #2281 ) ) ;
#2151 = CARTESIAN_POINT ( 'NONE',  ( 0.3765470721816113198, 13.98360090365681430, 52.93254298832367510 ) ) ;
#2152 = CARTESIAN_POINT ( 'NONE',  ( -1.559944600922101854, 70.48360090365682140, 4.331534407118366126 ) ) ;
#2153 = EDGE_CURVE ( 'NONE', #698, #1340, #101, .T. ) ;
#2154 = EDGE_LOOP ( 'NONE', ( #480, #1197, #833, #1394, #1560 ) ) ;
#2155 = CARTESIAN_POINT ( 'NONE',  ( -43.55994460092210119, 23.46360090365682183, 19.38153440711835174 ) ) ;
#2156 = AXIS2_PLACEMENT_3D ( 'NONE', #1646, #2266, #445 ) ;
#2157 = ORIENTED_EDGE ( 'NONE', *, *, #2314, .T. ) ;
#2158 = DIRECTION ( 'NONE',  ( -0.0000000000000000000, -0.0000000000000000000, 1.000000000000000000 ) ) ;
#2159 = DIRECTION ( 'NONE',  ( 0.0000000000000000000, -1.000000000000000000, 0.0000000000000000000 ) ) ;
#2160 = FACE_OUTER_BOUND ( 'NONE', #2154, .T. ) ;
#2161 = ADVANCED_FACE ( 'NONE', ( #1363, #164 ), #2563, .F. ) ;
#2162 = CARTESIAN_POINT ( 'NONE',  ( -30.56902533691674151, 17.48360090365694219, 47.64981832126777306 ) ) ;
#2163 = LINE ( 'NONE', #2040, #1949 ) ;
#2164 = CARTESIAN_POINT ( 'NONE',  ( 25.54366636062952622, 13.98360090365681430, 16.93153440711836666 ) ) ;
#2165 = DIRECTION ( 'NONE',  ( -0.0000000000000000000, -1.000000000000000000, -0.0000000000000000000 ) ) ;
#2166 = CYLINDRICAL_SURFACE ( 'NONE', #1606, 3.049999999999990052 ) ;
#2167 = EDGE_CURVE ( 'NONE', #2176, #920, #2238, .T. ) ;
#2168 = CARTESIAN_POINT ( 'NONE',  ( -32.20617097912178650, 19.06426675521498026, 19.29416654676762022 ) ) ;
#2169 = VECTOR ( 'NONE', #139, 1000.000000000000000 ) ;
#2170 = CARTESIAN_POINT ( 'NONE',  ( 19.13398304242149806, 8.983600903656814296, 40.67981554749609074 ) ) ;
#2171 = CARTESIAN_POINT ( 'NONE',  ( 18.54366636062952622, 11.98360090365681430, 42.43153440711835600 ) ) ;
#2172 = VERTEX_POINT ( 'NONE', #1174 ) ;
#2173 = AXIS2_PLACEMENT_3D ( 'NONE', #350, #115, #320 ) ;
#2174 = CARTESIAN_POINT ( 'NONE',  ( -1.126617636356209928, 8.307857953342466573, 16.18055534631526626 ) ) ;
#2175 = ADVANCED_FACE ( 'NONE', ( #356 ), #1797, .F. ) ;
#2176 = VERTEX_POINT ( 'NONE', #2170 ) ;
#2177 = FACE_OUTER_BOUND ( 'NONE', #2207, .T. ) ;
#2178 = CARTESIAN_POINT ( 'NONE',  ( 24.48005539907789796, 18.06360090365680904, 22.43153440711835955 ) ) ;
#2179 = ORIENTED_EDGE ( 'NONE', *, *, #1931, .F. ) ;
#2180 = DIRECTION ( 'NONE',  ( 0.0000000000000000000, 1.000000000000000000, -0.0000000000000000000 ) ) ;
#2181 = VERTEX_POINT ( 'NONE', #2583 ) ;
#2182 = EDGE_CURVE ( 'NONE', #458, #1735, #1651, .T. ) ;
#2183 = CARTESIAN_POINT ( 'NONE',  ( 22.77492153665584240, 13.98360090365681430, 25.85126492544785393 ) ) ;
#2184 = ORIENTED_EDGE ( 'NONE', *, *, #2023, .T. ) ;
#2185 = CARTESIAN_POINT ( 'NONE',  ( -31.44855091097197786, 18.15132324462550883, 21.38168502113526515 ) ) ;
#2186 = EDGE_LOOP ( 'NONE', ( #256, #946, #1594, #483 ) ) ;
#2187 = EDGE_CURVE ( 'NONE', #2397, #732, #1894, .T. ) ;
#2188 = ORIENTED_EDGE ( 'NONE', *, *, #610, .F. ) ;
#2189 = DIRECTION ( 'NONE',  ( -0.0000000000000000000, -0.0000000000000000000, -1.000000000000000000 ) ) ;
#2190 = DIRECTION ( 'NONE',  ( 0.0000000000000000000, 1.000000000000000000, 0.0000000000000000000 ) ) ;
#2191 = AXIS2_PLACEMENT_3D ( 'NONE', #1020, #4, #1226 ) ;
#2192 = CARTESIAN_POINT ( 'NONE',  ( -31.74989525066006379, 18.43125657678992724, 20.46373512126501737 ) ) ;
#2193 = LINE ( 'NONE', #1901, #467 ) ;
#2194 = CYLINDRICAL_SURFACE ( 'NONE', #1505, 3.000000000000002665 ) ;
#2195 = CARTESIAN_POINT ( 'NONE',  ( 22.77492153665584240, 7.983600903656813408, 25.85126492544785393 ) ) ;
#2196 = EDGE_CURVE ( 'NONE', #1340, #2305, #1173, .T. ) ;
#2197 = ORIENTED_EDGE ( 'NONE', *, *, #1601, .T. ) ;
#2198 = DIRECTION ( 'NONE',  ( -1.000000000000000000, 1.994306155430570670E-32, 9.340818716798195839E-17 ) ) ;
#2199 = CARTESIAN_POINT ( 'NONE',  ( 22.54366636062952622, 13.98360090365681430, 29.93153440711837021 ) ) ;
#2200 = EDGE_CURVE ( 'NONE', #1340, #2055, #2581, .T. ) ;
#2201 = CARTESIAN_POINT ( 'NONE',  ( -32.55994460092210119, 23.46360090365682183, 47.43153440711836311 ) ) ;
#2202 = ORIENTED_EDGE ( 'NONE', *, *, #1532, .T. ) ;
#2203 = CARTESIAN_POINT ( 'NONE',  ( -43.55994460092209408, 35.96360090365681828, 47.43153440711837021 ) ) ;
#2204 = FACE_BOUND ( 'NONE', #516, .T. ) ;
#2205 = CARTESIAN_POINT ( 'NONE',  ( -8.312774546286787528E-32, 66.44360090365681515, 1.512039075986659279E-14 ) ) ;
#2206 = CARTESIAN_POINT ( 'NONE',  ( 22.54366636062951201, 8.983600903656814296, 19.93153440711838087 ) ) ;
#2207 = EDGE_LOOP ( 'NONE', ( #1795, #2511, #2214, #1083, #1122, #2278 ) ) ;
#2208 = CYLINDRICAL_SURFACE ( 'NONE', #173, 2.999999999999999112 ) ;
#2209 = ORIENTED_EDGE ( 'NONE', *, *, #2299, .F. ) ;
#2210 = CARTESIAN_POINT ( 'NONE',  ( 15.01606318754601332, 8.983600903656814296, 27.86046659525289115 ) ) ;
#2211 = FACE_OUTER_BOUND ( 'NONE', #1437, .T. ) ;
#2212 = ORIENTED_EDGE ( 'NONE', *, *, #1004, .T. ) ;
#2213 = CARTESIAN_POINT ( 'NONE',  ( -31.37262949617393559, 18.09254802565399700, 22.65118141592889600 ) ) ;
#2214 = ORIENTED_EDGE ( 'NONE', *, *, #2517, .F. ) ;
#2215 = CARTESIAN_POINT ( 'NONE',  ( -1.559944600922095637, 70.48360090365680719, 65.53153440711838584 ) ) ;
#2216 = CARTESIAN_POINT ( 'NONE',  ( -31.33378140122401589, 18.06360090365681614, 47.43153440714037572 ) ) ;
#2217 = VERTEX_POINT ( 'NONE', #1790 ) ;
#2218 = EDGE_CURVE ( 'NONE', #1615, #66, #419, .T. ) ;
#2219 = DIRECTION ( 'NONE',  ( 0.0000000000000000000, -1.000000000000000000, 0.0000000000000000000 ) ) ;
#2220 = VERTEX_POINT ( 'NONE', #357 ) ;
#2221 = DIRECTION ( 'NONE',  ( 0.0000000000000000000, 0.0000000000000000000, 1.000000000000000000 ) ) ;
#2222 = AXIS2_PLACEMENT_3D ( 'NONE', #1175, #1553, #1781 ) ;
#2223 = CARTESIAN_POINT ( 'NONE',  ( -31.75050741160212553, 18.43189815607886217, 24.40102094126806520 ) ) ;
#2224 = DIRECTION ( 'NONE',  ( 1.000000000000000000, -1.309225264888156377E-16, -9.637352644315598941E-17 ) ) ;
#2225 = CARTESIAN_POINT ( 'NONE',  ( 15.01606318754601332, 8.983600903656814296, 34.93153440711837021 ) ) ;
#2226 = LINE ( 'NONE', #337, #2382 ) ;
#2227 = CYLINDRICAL_SURFACE ( 'NONE', #2389, 2.999999999999999112 ) ;
#2228 = CARTESIAN_POINT ( 'NONE',  ( 25.54366636062952622, 8.983600903656814296, 42.93153440711837021 ) ) ;
#2229 = VECTOR ( 'NONE', #1018, 1000.000000000000000 ) ;
#2230 = CARTESIAN_POINT ( 'NONE',  ( 25.54366636062952622, 13.98360090365681430, 42.93153440711837021 ) ) ;
#2231 = CARTESIAN_POINT ( 'NONE',  ( -1.457689823815511820, 7.786730825440791648, 54.28973717210794803 ) ) ;
#2232 = CIRCLE ( 'NONE', #1250, 3.000000000000006217 ) ;
#2233 = EDGE_CURVE ( 'NONE', #2055, #1881, #315, .T. ) ;
#2234 = FACE_OUTER_BOUND ( 'NONE', #1751, .T. ) ;
#2235 = PERSON_AND_ORGANIZATION_ROLE ( 'creator' ) ;
#2236 = EDGE_CURVE ( 'NONE', #640, #1838, #285, .T. ) ;
#2237 = VERTEX_POINT ( 'NONE', #1607 ) ;
#2238 = CIRCLE ( 'NONE', #1666, 4.000000000000003553 ) ;
#2239 = CARTESIAN_POINT ( 'NONE',  ( -32.55994460092210119, 20.48360090365682140, 65.53153440711837163 ) ) ;
#2240 = VERTEX_POINT ( 'NONE', #1847 ) ;
#2241 = CIRCLE ( 'NONE', #489, 1.399999999999998579 ) ;
#2242 = CARTESIAN_POINT ( 'NONE',  ( -1.197520581991345257, 8.221957007749303159, 53.77754594116147047 ) ) ;
#2243 = ORIENTED_EDGE ( 'NONE', *, *, #916, .T. ) ;
#2244 = CARTESIAN_POINT ( 'NONE',  ( 25.14174257198285289, 13.98360090365681430, 28.43153440711835600 ) ) ;
#2245 = ORIENTED_EDGE ( 'NONE', *, *, #1403, .T. ) ;
#2246 = CARTESIAN_POINT ( 'NONE',  ( -29.55994460092210474, 17.48360090365682495, 21.78184217228707098 ) ) ;
#2247 = ORIENTED_EDGE ( 'NONE', *, *, #604, .T. ) ;
#2248 = DIRECTION ( 'NONE',  ( 0.0000000000000000000, -1.000000000000000000, 0.0000000000000000000 ) ) ;
#2249 = ORIENTED_EDGE ( 'NONE', *, *, #916, .F. ) ;
#2250 = CARTESIAN_POINT ( 'NONE',  ( 0.4400553990778974245, 13.98360090365681430, 16.93153440711836666 ) ) ;
#2251 = B_SPLINE_CURVE_WITH_KNOTS ( 'NONE', 3,
 ( #1188, #591, #2569, #960 ),
 .UNSPECIFIED., .F., .F.,
 ( 4, 4 ),
 ( 6.938893903907228378E-18, 0.0006496922348092765143 ),
 .UNSPECIFIED. ) ;
#2252 = ORIENTED_EDGE ( 'NONE', *, *, #402, .F. ) ;
#2253 = EDGE_CURVE ( 'NONE', #690, #491, #2394, .T. ) ;
#2254 = ADVANCED_FACE ( 'NONE', ( #504, #1012, #232, #2487, #880, #2204, #257 ), #1635, .F. ) ;
#2255 = DIRECTION ( 'NONE',  ( 1.000000000000000000, -1.309225264888156377E-16, -9.637352644315598941E-17 ) ) ;
#2256 = AXIS2_PLACEMENT_3D ( 'NONE', #2183, #588, #801 ) ;
#2257 = DIRECTION ( 'NONE',  ( 0.0000000000000000000, 0.0000000000000000000, 1.000000000000000000 ) ) ;
#2258 = VECTOR ( 'NONE', #272, 1000.000000000000000 ) ;
#2259 = CARTESIAN_POINT ( 'NONE',  ( 25.54366636062952622, 9.983600903656814296, 42.93153440711837021 ) ) ;
#2260 = CIRCLE ( 'NONE', #2256, 1.399999999999998579 ) ;
#2261 = DIRECTION ( 'NONE',  ( 0.0000000000000000000, -1.000000000000000000, -1.200962406445481512E-16 ) ) ;
#2262 = ORIENTED_EDGE ( 'NONE', *, *, #1705, .F. ) ;
#2263 = ORIENTED_EDGE ( 'NONE', *, *, #2253, .T. ) ;
#2264 = CARTESIAN_POINT ( 'NONE',  ( -43.55994460092210119, 48.46360090365682538, 22.43153440711836666 ) ) ;
#2265 = COORDINATED_UNIVERSAL_TIME_OFFSET ( 0, 0, .AHEAD. ) ;
#2266 = DIRECTION ( 'NONE',  ( 9.637352644315595243E-17, -1.200962406445481759E-16, 1.000000000000000000 ) ) ;
#2267 = ORIENTED_EDGE ( 'NONE', *, *, #331, .T. ) ;
#2268 = EDGE_CURVE ( 'NONE', #2404, #17, #477, .T. ) ;
#2269 = LINE ( 'NONE', #437, #1267 ) ;
#2270 = B_SPLINE_CURVE_WITH_KNOTS ( 'NONE', 3,
 ( #1099, #911, #2504, #100, #1308, #1509, #1121 ),
 .UNSPECIFIED., .F., .F.,
 ( 4, 3, 4 ),
 ( 0.0000000000000000000, 0.0006496927482480842602, 0.001299385496496168520 ),
 .UNSPECIFIED. ) ;
#2271 = ORIENTED_EDGE ( 'NONE', *, *, #2607, .F. ) ;
#2272 = VECTOR ( 'NONE', #2352, 1000.000000000000000 ) ;
#2273 = AXIS2_PLACEMENT_3D ( 'NONE', #697, #1123, #898 ) ;
#2274 = ORIENTED_EDGE ( 'NONE', *, *, #311, .F. ) ;
#2275 = FACE_OUTER_BOUND ( 'NONE', #38, .T. ) ;
#2276 = ORIENTED_EDGE ( 'NONE', *, *, #1886, .F. ) ;
#2277 = CC_DESIGN_DATE_AND_TIME_ASSIGNMENT ( #2454, #1821, ( #1557 ) ) ;
#2278 = ORIENTED_EDGE ( 'NONE', *, *, #1089, .F. ) ;
#2279 = DIRECTION ( 'NONE',  ( 1.421904488505584338E-16, 0.0000000000000000000, 1.000000000000000000 ) ) ;
#2280 = ORIENTED_EDGE ( 'NONE', *, *, #2311, .F. ) ;
#2281 = ORIENTED_EDGE ( 'NONE', *, *, #1502, .T. ) ;
#2282 = EDGE_CURVE ( 'NONE', #2064, #391, #2362, .T. ) ;
#2283 = CARTESIAN_POINT ( 'NONE',  ( 0.4400553990778974245, 8.983600903656814296, 16.93153440711837021 ) ) ;
#2284 = DIRECTION ( 'NONE',  ( -0.0000000000000000000, 1.000000000000000000, -0.0000000000000000000 ) ) ;
#2285 = B_SPLINE_CURVE_WITH_KNOTS ( 'NONE', 3,
 ( #2216, #381, #1425, #417 ),
 .UNSPECIFIED., .F., .F.,
 ( 4, 4 ),
 ( 0.0006496922348091724309, 0.001299384469662365205 ),
 .UNSPECIFIED. ) ;
#2286 = EDGE_CURVE ( 'NONE', #2217, #2573, #1297, .T. ) ;
#2287 = CARTESIAN_POINT ( 'NONE',  ( 18.54366636062952622, 9.983600903656814296, 23.13153440711835529 ) ) ;
#2288 = LINE ( 'NONE', #1893, #2258 ) ;
#2289 = AXIS2_PLACEMENT_3D ( 'NONE', #636, #1216, #435 ) ;
#2290 = LINE ( 'NONE', #403, #1700 ) ;
#2291 = ADVANCED_FACE ( 'NONE', ( #2483 ), #2437, .T. ) ;
#2292 = DIRECTION ( 'NONE',  ( -0.0000000000000000000, 1.000000000000000000, -0.0000000000000000000 ) ) ;
#2293 = CARTESIAN_POINT ( 'NONE',  ( -31.33378140122401589, 18.06360090365681614, 47.43153440714037572 ) ) ;
#2294 = VECTOR ( 'NONE', #1455, 1000.000000000000000 ) ;
#2295 = ORIENTED_EDGE ( 'NONE', *, *, #1211, .F. ) ;
#2296 = DIRECTION ( 'NONE',  ( 0.0000000000000000000, -1.000000000000000000, 0.0000000000000000000 ) ) ;
#2297 = DIRECTION ( 'NONE',  ( 0.0000000000000000000, -0.0000000000000000000, 1.000000000000000000 ) ) ;
#2298 = VERTEX_POINT ( 'NONE', #1445 ) ;
#2299 = EDGE_CURVE ( 'NONE', #1441, #2406, #1041, .T. ) ;
#2300 = VERTEX_POINT ( 'NONE', #235 ) ;
#2301 = FACE_OUTER_BOUND ( 'NONE', #2390, .T. ) ;
#2302 = CARTESIAN_POINT ( 'NONE',  ( 22.54366636062955820, 8.983600903656814296, 16.93153440711836666 ) ) ;
#2303 = ORIENTED_EDGE ( 'NONE', *, *, #1298, .T. ) ;
#2304 = AXIS2_PLACEMENT_3D ( 'NONE', #1676, #465, #1737 ) ;
#2305 = VERTEX_POINT ( 'NONE', #1645 ) ;
#2306 = ORIENTED_EDGE ( 'NONE', *, *, #756, .F. ) ;
#2307 = CARTESIAN_POINT ( 'NONE',  ( 0.3765470721816093214, 8.983600903656814296, 52.93254298832367510 ) ) ;
#2308 = ORIENTED_EDGE ( 'NONE', *, *, #1671, .T. ) ;
#2309 = CARTESIAN_POINT ( 'NONE',  ( -1.559944600922102076, 15.48360090365681607, 15.00526065620064742 ) ) ;
#2310 = VERTEX_POINT ( 'NONE', #1000 ) ;
#2311 = EDGE_CURVE ( 'NONE', #1515, #1065, #2269, .T. ) ;
#2312 = CARTESIAN_POINT ( 'NONE',  ( 25.54366636062952622, 11.98360090365681430, 47.73153440711835316 ) ) ;
#2313 = CYLINDRICAL_SURFACE ( 'NONE', #991, 3.049999999999990052 ) ;
#2314 = EDGE_CURVE ( 'NONE', #2524, #2546, #1070, .T. ) ;
#2315 = PLANE ( 'NONE',  #1184 ) ;
#2316 = LINE ( 'NONE', #262, #2509 ) ;
#2317 = AXIS2_PLACEMENT_3D ( 'NONE', #27, #1433, #796 ) ;
#2318 = CARTESIAN_POINT ( 'NONE',  ( 25.54366636062952622, 13.98360090365681430, 52.93153440711837021 ) ) ;
#2319 = CARTESIAN_POINT ( 'NONE',  ( -29.55994460092210474, 17.48360090365682140, 48.08122664194954865 ) ) ;
#2320 = ORIENTED_EDGE ( 'NONE', *, *, #2336, .T. ) ;
#2321 = CARTESIAN_POINT ( 'NONE',  ( -1.559944600922096747, 15.48360090365681074, 54.78363426336660780 ) ) ;
#2322 = DIRECTION ( 'NONE',  ( 0.0000000000000000000, -0.0000000000000000000, 1.000000000000000000 ) ) ;
#2323 = FACE_BOUND ( 'NONE', #2467, .T. ) ;
#2324 = VERTEX_POINT ( 'NONE', #1209 ) ;
#2325 = CARTESIAN_POINT ( 'NONE',  ( 0.08722203971078341944, 13.99960552693520022, 16.90530355254794515 ) ) ;
#2326 = VECTOR ( 'NONE', #1440, 1000.000000000000000 ) ;
#2327 = EDGE_LOOP ( 'NONE', ( #1453, #2374, #2032, #735, #2595 ) ) ;
#2328 = EDGE_CURVE ( 'NONE', #107, #607, #692, .T. ) ;
#2329 = VECTOR ( 'NONE', #1614, 1000.000000000000000 ) ;
#2330 = CARTESIAN_POINT ( 'NONE',  ( 15.01606318754601332, 13.98360090365681430, 27.86046659525289115 ) ) ;
#2331 = CARTESIAN_POINT ( 'NONE',  ( 22.54366636062952622, 13.98360090365681430, 39.93153440711836311 ) ) ;
#2332 = ORIENTED_EDGE ( 'NONE', *, *, #2453, .T. ) ;
#2333 = DIRECTION ( 'NONE',  ( 0.0000000000000000000, -1.000000000000000000, 0.0000000000000000000 ) ) ;
#2334 = LINE ( 'NONE', #485, #511 ) ;
#2335 = CARTESIAN_POINT ( 'NONE',  ( 25.54366636062952622, 11.98360090365681430, 47.73153440711835316 ) ) ;
#2336 = EDGE_CURVE ( 'NONE', #1475, #2298, #759, .T. ) ;
#2337 = VERTEX_POINT ( 'NONE', #32 ) ;
#2338 = CARTESIAN_POINT ( 'NONE',  ( -31.95084124806581727, 18.66846603659728032, 49.92208014770525182 ) ) ;
#2339 = CARTESIAN_POINT ( 'NONE',  ( 0.3765470721816077115, 13.98360090365681430, 16.93052582591306532 ) ) ;
#2340 = VERTEX_POINT ( 'NONE', #200 ) ;
#2341 = AXIS2_PLACEMENT_3D ( 'NONE', #1680, #275, #1288 ) ;
#2342 = PLANE ( 'NONE',  #1044 ) ;
#2343 = ORIENTED_EDGE ( 'NONE', *, *, #1804, .F. ) ;
#2344 = CARTESIAN_POINT ( 'NONE',  ( -32.55994460092209408, 66.44360090365680094, 65.53153440711838584 ) ) ;
#2345 = CARTESIAN_POINT ( 'NONE',  ( -32.55994460092210829, 23.46360090365682183, 22.43153440711836666 ) ) ;
#2346 = DIRECTION ( 'NONE',  ( 1.309225264888156377E-16, 1.000000000000000000, 1.145572106777136737E-16 ) ) ;
#2347 = EDGE_LOOP ( 'NONE', ( #1460, #383, #2574, #26 ) ) ;
#2348 = DIRECTION ( 'NONE',  ( 0.0000000000000000000, 1.275531967630004999E-16, -1.000000000000000000 ) ) ;
#2349 = CARTESIAN_POINT ( 'NONE',  ( 25.54366636062952622, 13.98360090365681430, 26.93153440711836666 ) ) ;
#2350 = LINE ( 'NONE', #1697, #933 ) ;
#2351 = EDGE_CURVE ( 'NONE', #619, #642, #228, .T. ) ;
#2352 = DIRECTION ( 'NONE',  ( -0.0000000000000000000, -0.0000000000000000000, 1.000000000000000000 ) ) ;
#2353 = CIRCLE ( 'NONE', #460, 1.399999999999998579 ) ;
#2354 = AXIS2_PLACEMENT_3D ( 'NONE', #119, #1719, #1534 ) ;
#2355 = DIRECTION ( 'NONE',  ( -0.0000000000000000000, 1.000000000000000000, -0.0000000000000000000 ) ) ;
#2356 = VECTOR ( 'NONE', #1816, 1000.000000000000000 ) ;
#2357 = APPROVAL_PERSON_ORGANIZATION ( #279, #1740, #643 ) ;
#2358 = CC_DESIGN_DATE_AND_TIME_ASSIGNMENT ( #1704, #2441, ( #1095 ) ) ;
#2359 = CARTESIAN_POINT ( 'NONE',  ( -29.55994460092210829, 20.48360090365682140, 46.78184217228718467 ) ) ;
#2360 = CARTESIAN_POINT ( 'NONE',  ( 25.14174257198285289, 9.983600903656814296, 28.43153440711835600 ) ) ;
#2361 = ADVANCED_FACE ( 'NONE', ( #161, #2234 ), #493, .F. ) ;
#2362 = LINE ( 'NONE', #216, #2138 ) ;
#2363 = DIRECTION ( 'NONE',  ( -1.000000000000000000, 1.994306155430570670E-32, 9.340818716798195839E-17 ) ) ;
#2364 = DIRECTION ( 'NONE',  ( -9.920804192677815152E-17, 1.275531967630004752E-16, -1.000000000000000000 ) ) ;
#2365 = ORIENTED_EDGE ( 'NONE', *, *, #963, .T. ) ;
#2366 = DIRECTION ( 'NONE',  ( 0.0000000000000000000, 1.000000000000000000, 0.0000000000000000000 ) ) ;
#2367 = ORIENTED_EDGE ( 'NONE', *, *, #2466, .T. ) ;
#2368 = FACE_OUTER_BOUND ( 'NONE', #2327, .T. ) ;
#2369 = EDGE_CURVE ( 'NONE', #925, #623, #98, .T. ) ;
#2370 = ORIENTED_EDGE ( 'NONE', *, *, #2517, .T. ) ;
#2371 = ORIENTED_EDGE ( 'NONE', *, *, #1026, .F. ) ;
#2372 = CARTESIAN_POINT ( 'NONE',  ( -32.55994460092210829, 23.46360090365682183, 25.48153440711838158 ) ) ;
#2373 = AXIS2_PLACEMENT_3D ( 'NONE', #1406, #1124, #2123 ) ;
#2374 = ORIENTED_EDGE ( 'NONE', *, *, #2039, .F. ) ;
#2375 = DIRECTION ( 'NONE',  ( 0.0000000000000000000, -0.0000000000000000000, 1.000000000000000000 ) ) ;
#2376 = CARTESIAN_POINT ( 'NONE',  ( -29.55994460092210474, 17.48360090365682140, 46.78184217228718467 ) ) ;
#2377 = AXIS2_PLACEMENT_3D ( 'NONE', #908, #1723, #2322 ) ;
#2378 = CARTESIAN_POINT ( 'NONE',  ( -0.5625332598309921162, 8.754388706354497174, 16.66732401469020175 ) ) ;
#2379 = ORIENTED_EDGE ( 'NONE', *, *, #823, .F. ) ;
#2380 = DIRECTION ( 'NONE',  ( 0.0000000000000000000, 0.0000000000000000000, 1.000000000000000000 ) ) ;
#2381 = DIRECTION ( 'NONE',  ( 0.0000000000000000000, 0.0000000000000000000, 1.000000000000000000 ) ) ;
#2382 = VECTOR ( 'NONE', #1758, 1000.000000000000000 ) ;
#2383 = CARTESIAN_POINT ( 'NONE',  ( -1.559944600922096303, 7.483600903656817849, 54.93153440711837021 ) ) ;
#2384 = CARTESIAN_POINT ( 'NONE',  ( 0.3765470721816057686, 8.983600903656814296, 16.93052582591306532 ) ) ;
#2385 = LINE ( 'NONE', #819, #2356 ) ;
#2386 = EDGE_CURVE ( 'NONE', #510, #400, #41, .T. ) ;
#2387 = DIRECTION ( 'NONE',  ( 0.0000000000000000000, 0.0000000000000000000, 1.000000000000000000 ) ) ;
#2388 = LINE ( 'NONE', #724, #2135 ) ;
#2389 = AXIS2_PLACEMENT_3D ( 'NONE', #377, #1593, #2412 ) ;
#2390 = EDGE_LOOP ( 'NONE', ( #2295, #1782, #1658, #55 ) ) ;
#2391 = DIRECTION ( 'NONE',  ( -1.000000000000000000, 1.994306155430570396E-32, 9.340818716798195839E-17 ) ) ;
#2392 = FACE_BOUND ( 'NONE', #1650, .T. ) ;
#2393 = ORIENTED_EDGE ( 'NONE', *, *, #2153, .F. ) ;
#2394 = LINE ( 'NONE', #2215, #944 ) ;
#2395 = DIRECTION ( 'NONE',  ( -0.0000000000000000000, 0.0000000000000000000, -1.000000000000000000 ) ) ;
#2396 = CARTESIAN_POINT ( 'NONE',  ( -1.541231169143491897, 7.551795075839983440, 15.21283558473643360 ) ) ;
#2397 = VERTEX_POINT ( 'NONE', #1728 ) ;
#2398 = CYLINDRICAL_SURFACE ( 'NONE', #225, 3.049999999999997158 ) ;
#2399 = ORIENTED_EDGE ( 'NONE', *, *, #715, .F. ) ;
#2400 = FACE_OUTER_BOUND ( 'NONE', #689, .T. ) ;
#2401 = DIRECTION ( 'NONE',  ( -0.0000000000000000000, 1.000000000000000000, -0.0000000000000000000 ) ) ;
#2402 = ORIENTED_EDGE ( 'NONE', *, *, #1730, .T. ) ;
#2403 = EDGE_CURVE ( 'NONE', #1270, #2172, #2469, .T. ) ;
#2404 = VERTEX_POINT ( 'NONE', #752 ) ;
#2405 = CARTESIAN_POINT ( 'NONE',  ( 0.2294888479729425002, 8.983600903656814296, 16.92585375894568145 ) ) ;
#2406 = VERTEX_POINT ( 'NONE', #1760 ) ;
#2407 = AXIS2_PLACEMENT_3D ( 'NONE', #2120, #914, #1292 ) ;
#2408 = CARTESIAN_POINT ( 'NONE',  ( -32.55994460092210829, 20.14259281046550498, 26.70916382307713377 ) ) ;
#2409 = VERTEX_POINT ( 'NONE', #1152 ) ;
#2410 = CARTESIAN_POINT ( 'NONE',  ( 18.54366636062952622, 11.98360090365681430, 23.13153440711835529 ) ) ;
#2411 = DIRECTION ( 'NONE',  ( 1.000000000000000000, 0.0000000000000000000, -1.115448285487600817E-16 ) ) ;
#2412 = DIRECTION ( 'NONE',  ( 0.0000000000000000000, -1.000000000000000000, 0.0000000000000000000 ) ) ;
#2413 = CARTESIAN_POINT ( 'NONE',  ( -43.55994460092210119, 23.46360090365682183, 25.48153440711838158 ) ) ;
#2414 = CIRCLE ( 'NONE', #687, 3.050000000000010925 ) ;
#2415 = CARTESIAN_POINT ( 'NONE',  ( -32.37272036684667142, 19.43063516812555847, 26.02790239114774806 ) ) ;
#2416 = DIRECTION ( 'NONE',  ( -1.000000000000000000, 1.309225264888156377E-16, 9.637352644315600173E-17 ) ) ;
#2417 = LINE ( 'NONE', #1750, #117 ) ;
#2418 = EDGE_CURVE ( 'NONE', #1838, #573, #2079, .T. ) ;
#2419 = FACE_OUTER_BOUND ( 'NONE', #2088, .T. ) ;
#2420 = DIRECTION ( 'NONE',  ( 0.0000000000000000000, 0.0000000000000000000, -1.000000000000000000 ) ) ;
#2421 = EDGE_CURVE ( 'NONE', #1065, #351, #2425, .T. ) ;
#2422 = CIRCLE ( 'NONE', #799, 3.000000000000009770 ) ;
#2423 = CARTESIAN_POINT ( 'NONE',  ( 22.77492153665584240, 8.983600903656814296, 25.85126492544785393 ) ) ;
#2424 = CARTESIAN_POINT ( 'NONE',  ( 2.440055399077913023, 23.46360090365682183, 47.43153440711836311 ) ) ;
#2425 = CIRCLE ( 'NONE', #743, 5.400000000000002132 ) ;
#2426 = AXIS2_PLACEMENT_3D ( 'NONE', #2205, #830, #601 ) ;
#2427 = DIRECTION ( 'NONE',  ( 0.0000000000000000000, 0.0000000000000000000, -1.000000000000000000 ) ) ;
#2428 = CARTESIAN_POINT ( 'NONE',  ( -1.559944600922101854, 7.483600903656823178, 4.331534407118359020 ) ) ;
#2429 = ORIENTED_EDGE ( 'NONE', *, *, #532, .F. ) ;
#2430 = VERTEX_POINT ( 'NONE', #2344 ) ;
#2431 = DIRECTION ( 'NONE',  ( 0.0000000000000000000, 0.0000000000000000000, -1.000000000000000000 ) ) ;
#2432 = VECTOR ( 'NONE', #1870, 1000.000000000000000 ) ;
#2433 = ORIENTED_EDGE ( 'NONE', *, *, #1626, .F. ) ;
#2434 = CARTESIAN_POINT ( 'NONE',  ( -43.55994460092210119, 5.483600903656821401, 4.331534407118362573 ) ) ;
#2435 = DIRECTION ( 'NONE',  ( 0.0000000000000000000, 0.0000000000000000000, 1.000000000000000000 ) ) ;
#2436 = EDGE_LOOP ( 'NONE', ( #2559, #2035, #2245, #2038 ) ) ;
#2437 = PLANE ( 'NONE',  #2426 ) ;
#2438 = CARTESIAN_POINT ( 'NONE',  ( -1.319494133618484444, 8.048804662890153949, 53.97376099167796326 ) ) ;
#2439 = ORIENTED_EDGE ( 'NONE', *, *, #1836, .T. ) ;
#2440 = EDGE_CURVE ( 'NONE', #1518, #1932, #7, .T. ) ;
#2441 = DATE_TIME_ROLE ( 'classification_date' ) ;
#2442 = ORIENTED_EDGE ( 'NONE', *, *, #1125, .T. ) ;
#2443 = CARTESIAN_POINT ( 'NONE',  ( -32.37272036684665721, 19.43063516812551939, 51.02790239114770543 ) ) ;
#2444 = AXIS2_PLACEMENT_3D ( 'NONE', #1887, #2087, #665 ) ;
#2445 = ORIENTED_EDGE ( 'NONE', *, *, #277, .F. ) ;
#2446 = PLANE ( 'NONE',  #1077 ) ;
#2447 = DIRECTION ( 'NONE',  ( 0.0000000000000000000, -1.000000000000000000, 0.0000000000000000000 ) ) ;
#2448 = VECTOR ( 'NONE', #1971, 1000.000000000000000 ) ;
#2449 = DIRECTION ( 'NONE',  ( 1.000000000000000000, -1.309225264888156377E-16, -9.637352644315598941E-17 ) ) ;
#2450 = VECTOR ( 'NONE', #1860, 1000.000000000000000 ) ;
#2451 = CARTESIAN_POINT ( 'NONE',  ( -1.559944600922096303, 7.483600903656817849, 54.93153440711837021 ) ) ;
#2452 = ORIENTED_EDGE ( 'NONE', *, *, #384, .T. ) ;
#2453 = EDGE_CURVE ( 'NONE', #1838, #2181, #415, .T. ) ;
#2454 = DATE_AND_TIME ( #909, #2136 ) ;
#2455 = DIRECTION ( 'NONE',  ( 0.0000000000000000000, 0.0000000000000000000, 1.000000000000000000 ) ) ;
#2456 = ORIENTED_EDGE ( 'NONE', *, *, #853, .T. ) ;
#2457 = ORIENTED_EDGE ( 'NONE', *, *, #1871, .F. ) ;
#2458 = LINE ( 'NONE', #2312, #2272 ) ;
#2459 = EDGE_LOOP ( 'NONE', ( #1748, #769, #1176, #50 ) ) ;
#2460 = CYLINDRICAL_SURFACE ( 'NONE', #2341, 1.399999999999998579 ) ;
#2461 = ADVANCED_FACE ( 'NONE', ( #536 ), #2127, .T. ) ;
#2462 = DIRECTION ( 'NONE',  ( -9.920804192677813919E-17, 1.275531967630004999E-16, -1.000000000000000000 ) ) ;
#2463 = ORIENTED_EDGE ( 'NONE', *, *, #1675, .F. ) ;
#2464 = VERTEX_POINT ( 'NONE', #1546 ) ;
#2465 = DIRECTION ( 'NONE',  ( 0.0000000000000000000, -1.000000000000000000, 0.0000000000000000000 ) ) ;
#2466 = EDGE_CURVE ( 'NONE', #1322, #655, #1201, .T. ) ;
#2467 = EDGE_LOOP ( 'NONE', ( #1969, #270 ) ) ;
#2468 = CARTESIAN_POINT ( 'NONE',  ( -1.559944600922095193, 7.483600903656819625, 54.85780815803607169 ) ) ;
#2469 = B_SPLINE_CURVE_WITH_KNOTS ( 'NONE', 3,
 ( #1943, #330, #1364, #521, #1537, #1568, #2319 ),
 .UNSPECIFIED., .F., .F.,
 ( 4, 3, 4 ),
 ( 0.0000000000000000000, 0.0006496927482479697685, 0.001299385496495939537 ),
 .UNSPECIFIED. ) ;
#2470 = ORIENTED_EDGE ( 'NONE', *, *, #1417, .T. ) ;
#2471 = EDGE_CURVE ( 'NONE', #231, #2406, #2545, .T. ) ;
#2472 = PLANE ( 'NONE',  #859 ) ;
#2473 = AXIS2_PLACEMENT_3D ( 'NONE', #1890, #494, #1477 ) ;
#2474 = CARTESIAN_POINT ( 'NONE',  ( 18.54366636062952622, 11.98360090365681430, 47.73153440711835316 ) ) ;
#2475 = FACE_BOUND ( 'NONE', #103, .T. ) ;
#2476 = CARTESIAN_POINT ( 'NONE',  ( -31.35106533519669370, 18.07658049683846713, 47.86466256367982908 ) ) ;
#2477 = CYLINDRICAL_SURFACE ( 'NONE', #1824, 2.999999999999999112 ) ;
#2478 = CARTESIAN_POINT ( 'NONE',  ( -1.559944600922101854, 7.483600903656824954, 1.117819814382505047E-15 ) ) ;
#2479 = VECTOR ( 'NONE', #302, 1000.000000000000000 ) ;
#2480 = FACE_OUTER_BOUND ( 'NONE', #1902, .T. ) ;
#2481 = PLANE ( 'NONE',  #1708 ) ;
#2482 = EDGE_CURVE ( 'NONE', #1881, #811, #1488, .T. ) ;
#2483 = FACE_OUTER_BOUND ( 'NONE', #1592, .T. ) ;
#2484 = B_SPLINE_CURVE_WITH_KNOTS ( 'NONE', 3,
 ( #2339, #1504, #2325, #1939, #729, #290, #2512, #2530, #299, #1335, #1136, #2117, #1928, #2106, #903, #718, #1111, #306, #2309, #1316 ),
 .UNSPECIFIED., .F., .F.,
 ( 4, 2, 2, 2, 2, 2, 2, 2, 2, 4 ),
 ( 0.0000000000000000000, 0.0004337024888013790410, 0.0008674049776027580819, 0.001301107466404137231, 0.001734809955205516164, 0.002168512444006895096, 0.002602214932808274463, 0.003035917421609653395, 0.003252768666010345464, 0.003469619910411037098 ),
 .UNSPECIFIED. ) ;
#2485 = ORIENTED_EDGE ( 'NONE', *, *, #439, .F. ) ;
#2486 = DIRECTION ( 'NONE',  ( -9.920804192677813919E-17, 0.0000000000000000000, -1.000000000000000000 ) ) ;
#2487 = FACE_BOUND ( 'NONE', #135, .T. ) ;
#2488 = AXIS2_PLACEMENT_3D ( 'NONE', #1988, #2180, #2381 ) ;
#2489 = ORIENTED_EDGE ( 'NONE', *, *, #331, .F. ) ;
#2490 = LINE ( 'NONE', #462, #2112 ) ;
#2491 = DIRECTION ( 'NONE',  ( -0.0000000000000000000, -0.0000000000000000000, -1.000000000000000000 ) ) ;
#2492 = EDGE_LOOP ( 'NONE', ( #1976, #172, #2393, #1463 ) ) ;
#2493 = DIRECTION ( 'NONE',  ( 0.0000000000000000000, 0.0000000000000000000, -1.000000000000000000 ) ) ;
#2494 = CARTESIAN_POINT ( 'NONE',  ( -0.5625332598309862320, 8.754388706354493621, 53.19574479954654578 ) ) ;
#2495 = ORIENTED_EDGE ( 'NONE', *, *, #552, .F. ) ;
#2496 = DIRECTION ( 'NONE',  ( 1.000000000000000000, 0.0000000000000000000, 0.0000000000000000000 ) ) ;
#2497 = VERTEX_POINT ( 'NONE', #528 ) ;
#2498 = DIRECTION ( 'NONE',  ( -1.000000000000000000, 0.0000000000000000000, 0.0000000000000000000 ) ) ;
#2499 = ORIENTED_EDGE ( 'NONE', *, *, #710, .T. ) ;
#2500 = EDGE_CURVE ( 'NONE', #1214, #2090, #121, .T. ) ;
#2501 = CARTESIAN_POINT ( 'NONE',  ( 25.54366636062952622, 11.98360090365681430, 26.93153440711836666 ) ) ;
#2502 = ORIENTED_EDGE ( 'NONE', *, *, #586, .T. ) ;
#2503 = AXIS2_PLACEMENT_3D ( 'NONE', #2203, #1653, #2435 ) ;
#2504 = CARTESIAN_POINT ( 'NONE',  ( -29.56076137877645493, 17.48360090365682495, 22.21497015770233929 ) ) ;
#2505 = AXIS2_PLACEMENT_3D ( 'NONE', #883, #699, #96 ) ;
#2506 = CARTESIAN_POINT ( 'NONE',  ( -43.55994460092209408, 23.46360090365682183, 47.43153440711837021 ) ) ;
#2507 = VECTOR ( 'NONE', #2158, 1000.000000000000000 ) ;
#2508 = CARTESIAN_POINT ( 'NONE',  ( -31.95046898046130579, 18.66796944177272266, 44.94192536785694614 ) ) ;
#2509 = VECTOR ( 'NONE', #1258, 1000.000000000000000 ) ;
#2510 = CARTESIAN_POINT ( 'NONE',  ( 25.54366636062952622, 9.983600903656814296, 47.73153440711835316 ) ) ;
#2511 = ORIENTED_EDGE ( 'NONE', *, *, #1022, .F. ) ;
#2512 = CARTESIAN_POINT ( 'NONE',  ( -0.6749766529089240574, 14.27791441096830916, 16.59666804717630129 ) ) ;
#2513 = APPROVAL_DATE_TIME ( #972, #1740 ) ;
#2514 = DIRECTION ( 'NONE',  ( 1.000000000000000000, 0.0000000000000000000, -0.0000000000000000000 ) ) ;
#2515 = ORIENTED_EDGE ( 'NONE', *, *, #18, .F. ) ;
#2516 = CARTESIAN_POINT ( 'NONE',  ( 0.3765470721816113198, 13.98360090365681430, 52.93254298832367510 ) ) ;
#2517 = EDGE_CURVE ( 'NONE', #2102, #491, #1067, .T. ) ;
#2518 = VERTEX_POINT ( 'NONE', #2360 ) ;
#2519 = CYLINDRICAL_SURFACE ( 'NONE', #1573, 3.049999999999997158 ) ;
#2520 = DIRECTION ( 'NONE',  ( 1.000000000000000000, -1.309225264888156377E-16, -9.637352644315598941E-17 ) ) ;
#2521 = EDGE_LOOP ( 'NONE', ( #948, #1087, #1551, #2367 ) ) ;
#2522 = VECTOR ( 'NONE', #1002, 1000.000000000000000 ) ;
#2523 = AXIS2_PLACEMENT_3D ( 'NONE', #422, #246, #2455 ) ;
#2524 = VERTEX_POINT ( 'NONE', #2560 ) ;
#2525 = DIRECTION ( 'NONE',  ( -1.000000000000000000, 1.994306155430570396E-32, 9.340818716798195839E-17 ) ) ;
#2526 = DIRECTION ( 'NONE',  ( 0.0000000000000000000, 1.000000000000000000, 1.200962406445481759E-16 ) ) ;
#2527 = ORIENTED_EDGE ( 'NONE', *, *, #1230, .F. ) ;
#2528 = DIRECTION ( 'NONE',  ( -0.0000000000000000000, -0.0000000000000000000, -1.000000000000000000 ) ) ;
#2529 = CARTESIAN_POINT ( 'NONE',  ( -1.559944600922108293, 17.48360090365682495, 4.331534407118360797 ) ) ;
#2530 = CARTESIAN_POINT ( 'NONE',  ( -0.8756780288927542566, 14.41931165546529847, 16.44309388749984535 ) ) ;
#2531 = EDGE_LOOP ( 'NONE', ( #1025, #554, #1183, #1681 ) ) ;
#2532 = CARTESIAN_POINT ( 'NONE',  ( -1.559944600922095637, 15.48360090365680186, 65.53153440711837163 ) ) ;
#2533 = EDGE_CURVE ( 'NONE', #832, #1475, #382, .T. ) ;
#2534 = CARTESIAN_POINT ( 'NONE',  ( 15.01606318754601332, 13.98360090365681430, 34.93153440711837021 ) ) ;
#2535 = DIRECTION ( 'NONE',  ( -1.000000000000000000, 0.0000000000000000000, 0.0000000000000000000 ) ) ;
#2536 = CYLINDRICAL_SURFACE ( 'NONE', #1129, 2.000000000000000000 ) ;
#2537 = AXIS2_PLACEMENT_3D ( 'NONE', #1310, #2525, #105 ) ;
#2538 = LINE ( 'NONE', #1150, #661 ) ;
#2539 = CARTESIAN_POINT ( 'NONE',  ( -1.559944600922101854, -9.658581096285732679E-32, 1.632625958225976418E-16 ) ) ;
#2540 = CIRCLE ( 'NONE', #1386, 1.399999999999998579 ) ;
#2541 = CARTESIAN_POINT ( 'NONE',  ( -1.493036075466646295, 15.26882058800646114, 54.40361584392868366 ) ) ;
#2542 = CARTESIAN_POINT ( 'NONE',  ( -31.81705835279351291, 18.50457035167747222, 45.28578272737528465 ) ) ;
#2543 = ORIENTED_EDGE ( 'NONE', *, *, #1566, .F. ) ;
#2544 = LINE ( 'NONE', #2199, #1486 ) ;
#2545 = LINE ( 'NONE', #745, #2022 ) ;
#2546 = VERTEX_POINT ( 'NONE', #932 ) ;
#2547 = EDGE_CURVE ( 'NONE', #1500, #1014, #348, .T. ) ;
#2548 = DIRECTION ( 'NONE',  ( 0.0000000000000000000, 0.0000000000000000000, 1.000000000000000000 ) ) ;
#2549 = ORIENTED_EDGE ( 'NONE', *, *, #1158, .T. ) ;
#2550 = CARTESIAN_POINT ( 'NONE',  ( -1.543630229047094682, 15.41864853623312825, 54.64775282370003140 ) ) ;
#2551 = VECTOR ( 'NONE', #749, 1000.000000000000000 ) ;
#2552 = CARTESIAN_POINT ( 'NONE',  ( 21.46343028543363118, 13.98360090365681430, 29.93153440711837021 ) ) ;
#2553 = EDGE_CURVE ( 'NONE', #2340, #2176, #1864, .T. ) ;
#2554 = ORIENTED_EDGE ( 'NONE', *, *, #1263, .F. ) ;
#2555 = ADVANCED_FACE ( 'NONE', ( #1799, #5, #2323, #2054, #2392, #1613, #2480 ), #378, .F. ) ;
#2556 = CARTESIAN_POINT ( 'NONE',  ( 22.54366636062952622, 8.983600903656814296, 52.93153440711837021 ) ) ;
#2557 = ORIENTED_EDGE ( 'NONE', *, *, #209, .F. ) ;
#2558 = DIRECTION ( 'NONE',  ( -0.0000000000000000000, 1.000000000000000000, -0.0000000000000000000 ) ) ;
#2559 = ORIENTED_EDGE ( 'NONE', *, *, #1039, .F. ) ;
#2560 = CARTESIAN_POINT ( 'NONE',  ( 18.54366636062952622, 11.98360090365681430, 23.13153440711835529 ) ) ;
#2561 = ORIENTED_EDGE ( 'NONE', *, *, #1570, .T. ) ;
#2562 = ORIENTED_EDGE ( 'NONE', *, *, #294, .T. ) ;
#2563 = PLANE ( 'NONE',  #2074 ) ;
#2564 = CARTESIAN_POINT ( 'NONE',  ( 22.81779402615708108, 7.983600903656813408, 43.49748280292795499 ) ) ;
#2565 = DIRECTION ( 'NONE',  ( -1.000000000000000000, 0.0000000000000000000, 0.0000000000000000000 ) ) ;
#2566 = CARTESIAN_POINT ( 'NONE',  ( -1.559944600922100300, 7.483600903656823178, 14.93153440711836843 ) ) ;
#2567 = ADVANCED_FACE ( 'NONE', ( #1919 ), #664, .F. ) ;
#2568 = EDGE_CURVE ( 'NONE', #655, #210, #2422, .T. ) ;
#2569 = CARTESIAN_POINT ( 'NONE',  ( -31.33378140122519540, 18.06360090365770077, 22.64809848541014503 ) ) ;
#2570 = FACE_OUTER_BOUND ( 'NONE', #1052, .T. ) ;
#2571 = AXIS2_PLACEMENT_3D ( 'NONE', #479, #1275, #470 ) ;
#2572 = CIRCLE ( 'NONE', #1473, 3.049999999999997158 ) ;
#2573 = VERTEX_POINT ( 'NONE', #2590 ) ;
#2574 = ORIENTED_EDGE ( 'NONE', *, *, #1931, .T. ) ;
#2575 = CC_DESIGN_SECURITY_CLASSIFICATION ( #1095, ( #691 ) ) ;
#2576 = DIRECTION ( 'NONE',  ( 0.0000000000000000000, 0.0000000000000000000, -1.000000000000000000 ) ) ;
#2577 = ORIENTED_EDGE ( 'NONE', *, *, #2182, .T. ) ;
#2578 = FACE_OUTER_BOUND ( 'NONE', #1100, .T. ) ;
#2579 = DIRECTION ( 'NONE',  ( 0.0000000000000000000, 1.000000000000000000, 1.084202172485504434E-16 ) ) ;
#2580 = ORIENTED_EDGE ( 'NONE', *, *, #2482, .F. ) ;
#2581 = LINE ( 'NONE', #1360, #1552 ) ;
#2582 = ADVANCED_FACE ( 'NONE', ( #878 ), #1602, .F. ) ;
#2583 = CARTESIAN_POINT ( 'NONE',  ( 21.46343028543363474, 8.983600903656814296, 29.93153440711837021 ) ) ;
#2584 = CARTESIAN_POINT ( 'NONE',  ( 25.54366636062952622, 13.98360090365681430, 49.93153440711836311 ) ) ;
#2585 = EDGE_LOOP ( 'NONE', ( #1237, #2052, #771, #895, #1619 ) ) ;
#2586 = VECTOR ( 'NONE', #343, 1000.000000000000000 ) ;
#2587 = EDGE_CURVE ( 'NONE', #201, #811, #86, .T. ) ;
#2588 = EDGE_LOOP ( 'NONE', ( #538, #1686, #2433, #695 ) ) ;
#2589 = DIRECTION ( 'NONE',  ( 0.0000000000000000000, 0.0000000000000000000, -1.000000000000000000 ) ) ;
#2590 = CARTESIAN_POINT ( 'NONE',  ( 25.54366636062952622, 13.98360090365681430, 42.93153440711837021 ) ) ;
#2591 = LINE ( 'NONE', #1228, #2432 ) ;
#2592 = ORIENTED_EDGE ( 'NONE', *, *, #1103, .F. ) ;
#2593 = DIRECTION ( 'NONE',  ( -1.000000000000000000, 1.994306155430570396E-32, 9.340818716798195839E-17 ) ) ;
#2594 = EDGE_CURVE ( 'NONE', #864, #573, #2544, .T. ) ;
#2595 = ORIENTED_EDGE ( 'NONE', *, *, #982, .T. ) ;
#2596 = DIRECTION ( 'NONE',  ( 0.0000000000000000000, -1.000000000000000000, 0.0000000000000000000 ) ) ;
#2597 = CARTESIAN_POINT ( 'NONE',  ( -31.38529777743346472, 18.10282670583799103, 48.08122664194955576 ) ) ;
#2598 = AXIS2_PLACEMENT_3D ( 'NONE', #1793, #2165, #1595 ) ;
#2599 = CARTESIAN_POINT ( 'NONE',  ( -6.851447223051298607, 17.48360090365682495, 4.331534407118365237 ) ) ;
#2600 = CARTESIAN_POINT ( 'NONE',  ( -1.197520581991355026, 8.221957007749304935, 16.08552287307525575 ) ) ;
#2601 = ADVANCED_FACE ( 'NONE', ( #2578 ), #1456, .T. ) ;
#2602 = ORIENTED_EDGE ( 'NONE', *, *, #1434, .T. ) ;
#2603 = DIRECTION ( 'NONE',  ( 1.421904488505574477E-16, 0.0000000000000000000, 1.000000000000000000 ) ) ;
#2604 = CARTESIAN_POINT ( 'NONE',  ( 0.4400553990779043634, 13.98360090365681430, 54.93153440711837021 ) ) ;
#2605 = DIRECTION ( 'NONE',  ( 0.0000000000000000000, 0.0000000000000000000, -1.000000000000000000 ) ) ;
#2606 = DIRECTION ( 'NONE',  ( 1.421904488505584338E-16, 0.0000000000000000000, 1.000000000000000000 ) ) ;
#2607 = EDGE_CURVE ( 'NONE', #9, #1500, #195, .T. ) ;
#2608 = FACE_OUTER_BOUND ( 'NONE', #106, .T. ) ;
#2609 = PLANE ( 'NONE',  #2119 ) ;
#2610 = CARTESIAN_POINT ( 'NONE',  ( -0.1887210956158471009, 8.907248097853784685, 16.83545040806292903 ) ) ;
#2611 = VECTOR ( 'NONE', #2565, 1000.000000000000000 ) ;
#2612 = EDGE_CURVE ( 'NONE', #6, #1787, #792, .T. ) ;
ENDSEC;
END-ISO-10303-21;
