ISO-10303-21;
HEADER;
FILE_DESCRIPTION (( 'STEP AP203' ),
    '1' );
FILE_NAME ('Headplate for current headclamp MT1M (Symmetric).STEP',
    '2019-12-12T16:25:17',
    ( '' ),
    ( '' ),
    'SwSTEP 2.0',
    'SolidWorks 2018',
    '' );
FILE_SCHEMA (( 'CONFIG_CONTROL_DESIGN' ));
ENDSEC;

DATA;
#1 = ORIENTED_EDGE ( 'NONE', *, *, #494, .T. ) ;
#2 = EDGE_CURVE ( 'NONE', #425, #2073, #901, .T. ) ;
#3 = ORIENTED_EDGE ( 'NONE', *, *, #2341, .T. ) ;
#4 = CARTESIAN_POINT ( 'NONE',  ( 11.19227060832788467, 13.98360090365681430, 29.93153440711837021 ) ) ;
#5 = EDGE_LOOP ( 'NONE', ( #1803, #1376, #1137, #1885 ) ) ;
#6 = AXIS2_PLACEMENT_3D ( 'NONE', #525, #1725, #2100 ) ;
#7 = DIRECTION ( 'NONE',  ( 0.0000000000000000000, 1.000000000000000000, 1.084202172485504187E-16 ) ) ;
#8 = CARTESIAN_POINT ( 'NONE',  ( 2.440055399077906362, 35.96360090365681828, 25.48153440711837447 ) ) ;
#9 = VECTOR ( 'NONE', #292, 1000.000000000000000 ) ;
#10 = DIRECTION ( 'NONE',  ( 0.0000000000000000000, 0.0000000000000000000, -1.000000000000000000 ) ) ;
#11 = CC_DESIGN_PERSON_AND_ORGANIZATION_ASSIGNMENT ( #1709, #141, ( #2164 ) ) ;
#12 = ORIENTED_EDGE ( 'NONE', *, *, #334, .T. ) ;
#13 = FACE_OUTER_BOUND ( 'NONE', #1492, .T. ) ;
#14 = CIRCLE ( 'NONE', #2289, 3.050000000000014477 ) ;
#15 = EDGE_LOOP ( 'NONE', ( #1310, #2105 ) ) ;
#16 = FACE_OUTER_BOUND ( 'NONE', #1748, .T. ) ;
#17 = DIRECTION ( 'NONE',  ( -0.0000000000000000000, 1.000000000000000000, -0.0000000000000000000 ) ) ;
#18 = DIRECTION ( 'NONE',  ( -0.0000000000000000000, 1.000000000000000000, -0.0000000000000000000 ) ) ;
#19 = CIRCLE ( 'NONE', #1170, 1.399999999999998579 ) ;
#20 = ORIENTED_EDGE ( 'NONE', *, *, #1484, .F. ) ;
#21 = FACE_BOUND ( 'NONE', #1595, .T. ) ;
#22 = EDGE_CURVE ( 'NONE', #414, #2139, #200, .T. ) ;
#23 = CARTESIAN_POINT ( 'NONE',  ( 0.4400553990778974245, 8.983600903656814296, 16.93153440711837021 ) ) ;
#24 = EDGE_LOOP ( 'NONE', ( #1453, #361, #2169, #324 ) ) ;
#25 = DIRECTION ( 'NONE',  ( 0.0000000000000000000, -1.000000000000000000, 0.0000000000000000000 ) ) ;
#26 = AXIS2_PLACEMENT_3D ( 'NONE', #1010, #415, #1409 ) ;
#27 = B_SPLINE_CURVE_WITH_KNOTS ( 'NONE', 3,
 ( #2554, #1552, #1145, #2545, #552, #2150, #1743, #2161, #2167, #2346, #1775, #1348, #1169, #1135, #2352, #1562, #1159, #150, #2538, #366 ),
 .UNSPECIFIED., .F., .F.,
 ( 4, 2, 2, 2, 2, 2, 2, 2, 2, 4 ),
 ( 0.0000000000000000000, 0.0004337024888013790410, 0.0008674049776027580819, 0.001301107466404137231, 0.001734809955205516164, 0.002168512444006895096, 0.002602214932808274463, 0.003035917421609653395, 0.003252768666010345464, 0.003469619910411037098 ),
 .UNSPECIFIED. ) ;
#28 = CARTESIAN_POINT ( 'NONE',  ( 21.46343028543363474, 13.98360090365681430, 39.93153440711836311 ) ) ;
#29 = AXIS2_PLACEMENT_3D ( 'NONE', #1927, #521, #1112 ) ;
#30 = CARTESIAN_POINT ( 'NONE',  ( 25.54366636062952622, 13.98360090365681430, 39.93153440711836311 ) ) ;
#31 = DIRECTION ( 'NONE',  ( -1.000000000000000000, 1.994306155430570396E-32, 9.340818716798195839E-17 ) ) ;
#32 = ORIENTED_EDGE ( 'NONE', *, *, #1103, .F. ) ;
#33 = VERTEX_POINT ( 'NONE', #968 ) ;
#34 = ORIENTED_EDGE ( 'NONE', *, *, #2472, .T. ) ;
#35 = EDGE_CURVE ( 'NONE', #1878, #2069, #1962, .T. ) ;
#36 = ORIENTED_EDGE ( 'NONE', *, *, #280, .F. ) ;
#37 = DIRECTION ( 'NONE',  ( -0.0000000000000000000, -0.0000000000000000000, -1.000000000000000000 ) ) ;
#38 = ORIENTED_EDGE ( 'NONE', *, *, #1667, .T. ) ;
#39 = CARTESIAN_POINT ( 'NONE',  ( -31.38006476111558740, 18.09873174044942346, 47.87134503481215120 ) ) ;
#40 = EDGE_CURVE ( 'NONE', #1512, #752, #370, .T. ) ;
#41 = DIRECTION ( 'NONE',  ( -0.0000000000000000000, -0.0000000000000000000, -1.000000000000000000 ) ) ;
#42 = AXIS2_PLACEMENT_3D ( 'NONE', #1854, #2422, #2053 ) ;
#43 = ORIENTED_EDGE ( 'NONE', *, *, #738, .T. ) ;
#44 = LOCAL_TIME ( 16, 25, 17.00000000000000000, #1489 ) ;
#45 = CARTESIAN_POINT ( 'NONE',  ( 25.54366636062952622, 8.983600903656814296, 26.93153440711836666 ) ) ;
#46 = DIRECTION ( 'NONE',  ( -1.000000000000000000, 1.994306155430570396E-32, 9.340818716798195839E-17 ) ) ;
#47 = ORIENTED_EDGE ( 'NONE', *, *, #1026, .T. ) ;
#48 = LINE ( 'NONE', #259, #2115 ) ;
#49 = VECTOR ( 'NONE', #1757, 1000.000000000000000 ) ;
#50 = DIRECTION ( 'NONE',  ( 0.0000000000000000000, 0.0000000000000000000, 1.000000000000000000 ) ) ;
#51 = ORIENTED_EDGE ( 'NONE', *, *, #1955, .F. ) ;
#52 = CIRCLE ( 'NONE', #519, 1.399999999999998579 ) ;
#53 = ORIENTED_EDGE ( 'NONE', *, *, #1921, .T. ) ;
#54 = DIRECTION ( 'NONE',  ( -2.891205793294679312E-16, 1.200962406445481759E-16, -1.000000000000000000 ) ) ;
#55 = EDGE_CURVE ( 'NONE', #1727, #940, #2205, .T. ) ;
#56 = DIRECTION ( 'NONE',  ( 0.0000000000000000000, 1.000000000000000000, 0.0000000000000000000 ) ) ;
#57 = DIRECTION ( 'NONE',  ( -1.000000000000000000, 1.994306155430570396E-32, 9.340818716798195839E-17 ) ) ;
#58 = AXIS2_PLACEMENT_3D ( 'NONE', #2588, #978, #2382 ) ;
#59 = CYLINDRICAL_SURFACE ( 'NONE', #1859, 2.999999999999999112 ) ;
#60 = CARTESIAN_POINT ( 'NONE',  ( 22.81779402615708463, 7.983600903656813408, 45.85653440711836737 ) ) ;
#61 = CC_DESIGN_APPROVAL ( #931, ( #793 ) ) ;
#62 = CARTESIAN_POINT ( 'NONE',  ( -43.55994460092209408, 35.96360090365681828, 47.43153440711837021 ) ) ;
#63 = ORIENTED_EDGE ( 'NONE', *, *, #2193, .T. ) ;
#64 = CARTESIAN_POINT ( 'NONE',  ( -43.55994460092209408, 48.46360090365682538, 47.43153440711837021 ) ) ;
#65 = EDGE_LOOP ( 'NONE', ( #20, #349, #1860, #1007 ) ) ;
#66 = ORIENTED_EDGE ( 'NONE', *, *, #1778, .F. ) ;
#67 = ORIENTED_EDGE ( 'NONE', *, *, #1445, .F. ) ;
#68 = EDGE_CURVE ( 'NONE', #2185, #1060, #745, .T. ) ;
#69 = ORIENTED_EDGE ( 'NONE', *, *, #1424, .T. ) ;
#70 = AXIS2_PLACEMENT_3D ( 'NONE', #789, #17, #1449 ) ;
#71 = FACE_OUTER_BOUND ( 'NONE', #24, .T. ) ;
#72 = CARTESIAN_POINT ( 'NONE',  ( 0.08722203971078251739, 8.967596280378428375, 16.90530355254794870 ) ) ;
#73 = ORIENTED_EDGE ( 'NONE', *, *, #1515, .T. ) ;
#74 =( GEOMETRIC_REPRESENTATION_CONTEXT ( 3 ) GLOBAL_UNCERTAINTY_ASSIGNED_CONTEXT ( ( #1580 ) ) GLOBAL_UNIT_ASSIGNED_CONTEXT ( ( #318, #1697, #1714 ) ) REPRESENTATION_CONTEXT ( 'NONE', 'WORKASPACE' ) );
#75 = ORIENTED_EDGE ( 'NONE', *, *, #1456, .T. ) ;
#76 = CYLINDRICAL_SURFACE ( 'NONE', #2274, 3.049999999999990052 ) ;
#77 = CARTESIAN_POINT ( 'NONE',  ( 25.37209348537571074, 13.98360090365681430, 41.93153440711834889 ) ) ;
#78 = CARTESIAN_POINT ( 'NONE',  ( -32.55994460092210829, 20.48360090365682495, 4.331534407118365237 ) ) ;
#79 = LINE ( 'NONE', #1082, #2151 ) ;
#80 = CIRCLE ( 'NONE', #2229, 3.049999999999997158 ) ;
#81 = CARTESIAN_POINT ( 'NONE',  ( -29.55994460092209764, 17.48360090365682140, 46.78184217228717756 ) ) ;
#82 = FACE_OUTER_BOUND ( 'NONE', #5, .T. ) ;
#83 = ORIENTED_EDGE ( 'NONE', *, *, #1351, .T. ) ;
#84 = CIRCLE ( 'NONE', #338, 3.000000000000012879 ) ;
#85 = DIRECTION ( 'NONE',  ( -1.229275138114810384E-32, -1.000000000000000000, -1.275531967630004999E-16 ) ) ;
#86 = EDGE_CURVE ( 'NONE', #907, #2360, #1930, .T. ) ;
#87 = EDGE_CURVE ( 'NONE', #2300, #1800, #1031, .T. ) ;
#88 = DIRECTION ( 'NONE',  ( -0.0000000000000000000, 1.000000000000000000, -0.0000000000000000000 ) ) ;
#89 = DIRECTION ( 'NONE',  ( -1.000000000000000000, 1.309225264888156377E-16, 9.637352644315600173E-17 ) ) ;
#90 = CARTESIAN_POINT ( 'NONE',  ( -1.559944600922095637, 7.483600903656808967, 65.53153440711837163 ) ) ;
#91 = AXIS2_PLACEMENT_3D ( 'NONE', #1577, #2349, #2175 ) ;
#92 = DIRECTION ( 'NONE',  ( 1.421904488505574477E-16, 0.0000000000000000000, 1.000000000000000000 ) ) ;
#93 = EDGE_LOOP ( 'NONE', ( #1428, #1370, #2137, #1646 ) ) ;
#94 = CARTESIAN_POINT ( 'NONE',  ( 25.54366636062952622, 13.98360090365681430, 29.93153440711837021 ) ) ;
#95 = ADVANCED_FACE ( 'NONE', ( #2055 ), #1606, .F. ) ;
#96 = ORIENTED_EDGE ( 'NONE', *, *, #803, .T. ) ;
#97 = DIRECTION ( 'NONE',  ( 0.0000000000000000000, 1.000000000000000000, 0.0000000000000000000 ) ) ;
#98 = ORIENTED_EDGE ( 'NONE', *, *, #2303, .F. ) ;
#99 = EDGE_LOOP ( 'NONE', ( #773, #1240, #312, #261, #834, #823, #1951, #1782 ) ) ;
#100 = DIRECTION ( 'NONE',  ( 1.000000000000000000, 0.0000000000000000000, -0.0000000000000000000 ) ) ;
#101 = CARTESIAN_POINT ( 'NONE',  ( -1.559944600922101854, -9.658581096285732679E-32, 1.632625958225976418E-16 ) ) ;
#102 = EDGE_CURVE ( 'NONE', #2566, #705, #2398, .T. ) ;
#103 = APPROVAL_PERSON_ORGANIZATION ( #198, #1019, #1741 ) ;
#104 = CARTESIAN_POINT ( 'NONE',  ( 21.46343028543363474, 13.98360090365681430, 29.93153440711837021 ) ) ;
#105 = PLANE ( 'NONE',  #729 ) ;
#106 = ORIENTED_EDGE ( 'NONE', *, *, #1625, .T. ) ;
#107 = LOCAL_TIME ( 16, 25, 17.00000000000000000, #2591 ) ;
#108 = AXIS2_PLACEMENT_3D ( 'NONE', #2157, #1360, #984 ) ;
#109 = DIRECTION ( 'NONE',  ( 9.637352644315595243E-17, -2.135044278125300603E-16, 1.000000000000000000 ) ) ;
#110 = EDGE_LOOP ( 'NONE', ( #2232, #966, #98, #2209 ) ) ;
#111 = CIRCLE ( 'NONE', #999, 3.050000000000010925 ) ;
#112 = CC_DESIGN_SECURITY_CLASSIFICATION ( #2035, ( #793 ) ) ;
#113 = CIRCLE ( 'NONE', #1707, 8.000000000000001776 ) ;
#114 = VERTEX_POINT ( 'NONE', #190 ) ;
#115 = VECTOR ( 'NONE', #128, 1000.000000000000000 ) ;
#116 = CARTESIAN_POINT ( 'NONE',  ( -32.55994460092210119, 48.46360090365682538, 19.38153440711836950 ) ) ;
#117 = CARTESIAN_POINT ( 'NONE',  ( -31.39462738657474361, 18.11000888394705655, 46.78184217228718467 ) ) ;
#118 = CARTESIAN_POINT ( 'NONE',  ( 22.81366636062952580, 11.98360090365681430, 24.00653440711836950 ) ) ;
#119 = CARTESIAN_POINT ( 'NONE',  ( -32.55994460092210119, 20.48360090365682495, 17.92824671921744084 ) ) ;
#120 = EDGE_CURVE ( 'NONE', #1415, #429, #1087, .T. ) ;
#121 = CARTESIAN_POINT ( 'NONE',  ( 25.54366636062952622, 8.983600903656814296, 49.93153440711836311 ) ) ;
#122 = DIRECTION ( 'NONE',  ( 0.0000000000000000000, 1.000000000000000000, 1.084202172485504434E-16 ) ) ;
#123 = EDGE_CURVE ( 'NONE', #2043, #1920, #1866, .T. ) ;
#124 = DIRECTION ( 'NONE',  ( -0.0000000000000000000, -1.000000000000000000, -0.0000000000000000000 ) ) ;
#125 = DIRECTION ( 'NONE',  ( 1.421904488505580887E-16, 0.0000000000000000000, 1.000000000000000000 ) ) ;
#126 = CARTESIAN_POINT ( 'NONE',  ( -43.55994460092209408, 48.46360090365682538, 50.48153440711836026 ) ) ;
#127 = EDGE_LOOP ( 'NONE', ( #1261, #2449, #1168, #106 ) ) ;
#128 = DIRECTION ( 'NONE',  ( 1.000000000000000000, -0.0000000000000000000, -0.0000000000000000000 ) ) ;
#129 = VERTEX_POINT ( 'NONE', #1593 ) ;
#130 = VERTEX_POINT ( 'NONE', #607 ) ;
#131 = ORIENTED_EDGE ( 'NONE', *, *, #2070, .T. ) ;
#132 = VERTEX_POINT ( 'NONE', #2017 ) ;
#133 = MANIFOLD_SOLID_BREP ( 'Cut-Extrude14', #766 ) ;
#134 = DIRECTION ( 'NONE',  ( 0.0000000000000000000, 0.0000000000000000000, 1.000000000000000000 ) ) ;
#135 = VECTOR ( 'NONE', #1490, 1000.000000000000000 ) ;
#136 = CALENDAR_DATE ( 2019, 12, 12 ) ;
#137 = EDGE_CURVE ( 'NONE', #429, #770, #1476, .T. ) ;
#138 = EDGE_LOOP ( 'NONE', ( #1165, #2042, #2515, #776 ) ) ;
#139 = EDGE_LOOP ( 'NONE', ( #665, #36 ) ) ;
#140 = FACE_OUTER_BOUND ( 'NONE', #99, .T. ) ;
#141 = PERSON_AND_ORGANIZATION_ROLE ( 'creator' ) ;
#142 = CIRCLE ( 'NONE', #321, 5.400000000000002132 ) ;
#143 = AXIS2_PLACEMENT_3D ( 'NONE', #2135, #923, #1711 ) ;
#144 = LINE ( 'NONE', #1659, #2062 ) ;
#145 = DIRECTION ( 'NONE',  ( 0.0000000000000000000, 0.0000000000000000000, 1.000000000000000000 ) ) ;
#146 = CIRCLE ( 'NONE', #707, 5.400000000000002132 ) ;
#147 = VERTEX_POINT ( 'NONE', #798 ) ;
#148 = LINE ( 'NONE', #2317, #1497 ) ;
#149 = DIRECTION ( 'NONE',  ( 0.0000000000000000000, -1.000000000000000000, 0.0000000000000000000 ) ) ;
#150 = CARTESIAN_POINT ( 'NONE',  ( -1.555765139312083489, 15.46698933050416080, 15.07757274620960786 ) ) ;
#151 = EDGE_CURVE ( 'NONE', #386, #2607, #2589, .T. ) ;
#152 = CARTESIAN_POINT ( 'NONE',  ( -29.55994460092210474, 17.48360090365682495, 23.08122664194966944 ) ) ;
#153 = DIRECTION ( 'NONE',  ( -1.000000000000000000, 1.994306155430570670E-32, 9.340818716798195839E-17 ) ) ;
#154 = AXIS2_PLACEMENT_3D ( 'NONE', #230, #829, #2223 ) ;
#155 = DIRECTION ( 'NONE',  ( 0.0000000000000000000, -1.000000000000000000, -2.135044278125300850E-16 ) ) ;
#156 = VERTEX_POINT ( 'NONE', #1210 ) ;
#157 = ORIENTED_EDGE ( 'NONE', *, *, #889, .T. ) ;
#158 = DIRECTION ( 'NONE',  ( 1.000000000000000000, 0.0000000000000000000, 0.0000000000000000000 ) ) ;
#159 = CARTESIAN_POINT ( 'NONE',  ( -32.31940363044866871, 19.29936725526761165, 43.98822550978843537 ) ) ;
#160 = AXIS2_PLACEMENT_3D ( 'NONE', #1313, #1127, #2325 ) ;
#161 = ORIENTED_EDGE ( 'NONE', *, *, #2578, .F. ) ;
#162 = VERTEX_POINT ( 'NONE', #1579 ) ;
#163 = CARTESIAN_POINT ( 'NONE',  ( 21.46343028543363474, 13.98360090365681430, 25.93153440711837021 ) ) ;
#164 = CARTESIAN_POINT ( 'NONE',  ( 21.46343028543363474, 8.983600903656814296, 25.93153440711837021 ) ) ;
#165 = EDGE_CURVE ( 'NONE', #1218, #1400, #1517, .T. ) ;
#166 = CARTESIAN_POINT ( 'NONE',  ( -31.75050741160212553, 18.43189815607886217, 24.40102094126806520 ) ) ;
#167 = CARTESIAN_POINT ( 'NONE',  ( 18.54366636062952622, 11.98360090365681430, 22.63153440711835529 ) ) ;
#168 = ORIENTED_EDGE ( 'NONE', *, *, #1586, .T. ) ;
#169 = ORGANIZATION ( 'UNSPECIFIED', 'UNSPECIFIED', '' ) ;
#170 = DIRECTION ( 'NONE',  ( -1.000000000000000000, 1.994306155430570396E-32, 9.340818716798195839E-17 ) ) ;
#171 = ORIENTED_EDGE ( 'NONE', *, *, #2059, .F. ) ;
#172 = CYLINDRICAL_SURFACE ( 'NONE', #2143, 1.399999999999998579 ) ;
#173 = EDGE_CURVE ( 'NONE', #660, #2576, #268, .T. ) ;
#174 = CYLINDRICAL_SURFACE ( 'NONE', #2530, 3.049999999999997158 ) ;
#175 = CIRCLE ( 'NONE', #2006, 3.000000000000009770 ) ;
#176 = LINE ( 'NONE', #371, #2246 ) ;
#177 = CARTESIAN_POINT ( 'NONE',  ( -31.33378140122519540, 18.06360090365770077, 47.64809848541009529 ) ) ;
#178 = CARTESIAN_POINT ( 'NONE',  ( -1.559944600922100300, 15.48360090365681252, 14.93153440711837021 ) ) ;
#179 = AXIS2_PLACEMENT_3D ( 'NONE', #647, #246, #847 ) ;
#180 = DIRECTION ( 'NONE',  ( -0.0000000000000000000, 1.000000000000000000, -0.0000000000000000000 ) ) ;
#181 = DIRECTION ( 'NONE',  ( 1.000000000000000000, 0.0000000000000000000, 0.0000000000000000000 ) ) ;
#182 = DIRECTION ( 'NONE',  ( 0.0000000000000000000, 0.0000000000000000000, 1.000000000000000000 ) ) ;
#183 = CARTESIAN_POINT ( 'NONE',  ( -29.55994460092210474, 17.48360090365682140, 47.86466239253355326 ) ) ;
#184 = CARTESIAN_POINT ( 'NONE',  ( 22.54366636062952622, 13.98360090365681430, 52.93153440711837021 ) ) ;
#185 = PLANE ( 'NONE',  #1341 ) ;
#186 = ORIENTED_EDGE ( 'NONE', *, *, #1856, .F. ) ;
#187 = EDGE_CURVE ( 'NONE', #2008, #420, #2521, .T. ) ;
#188 = DIRECTION ( 'NONE',  ( 1.421904488505584338E-16, 0.0000000000000000000, 1.000000000000000000 ) ) ;
#189 = AXIS2_PLACEMENT_3D ( 'NONE', #1737, #933, #122 ) ;
#190 = CARTESIAN_POINT ( 'NONE',  ( -32.55994460092210119, 35.96360090365681828, 44.38153440711836595 ) ) ;
#191 = EDGE_LOOP ( 'NONE', ( #850, #1635 ) ) ;
#192 = ORIENTED_EDGE ( 'NONE', *, *, #1625, .F. ) ;
#193 = CARTESIAN_POINT ( 'NONE',  ( -31.95084124806583858, 18.66846603659730164, 24.92208014770532998 ) ) ;
#194 = ORIENTED_EDGE ( 'NONE', *, *, #2356, .T. ) ;
#195 = CARTESIAN_POINT ( 'NONE',  ( 0.4400553990778974245, 13.98360090365681430, 16.93153440711836666 ) ) ;
#196 = CARTESIAN_POINT ( 'NONE',  ( 25.54366636062952622, 13.98360090365681430, 26.93153440711836666 ) ) ;
#197 = LINE ( 'NONE', #1454, #1897 ) ;
#198 = PERSON_AND_ORGANIZATION ( #1882, #169 ) ;
#199 = CARTESIAN_POINT ( 'NONE',  ( -43.55994460092210119, 35.96360090365681828, 22.43153440711836666 ) ) ;
#200 = LINE ( 'NONE', #1740, #2268 ) ;
#201 = ORIENTED_EDGE ( 'NONE', *, *, #1872, .T. ) ;
#202 = CYLINDRICAL_SURFACE ( 'NONE', #1610, 2.999999999999999112 ) ;
#203 = EDGE_CURVE ( 'NONE', #1900, #854, #1990, .T. ) ;
#204 = CARTESIAN_POINT ( 'NONE',  ( -31.81760860924398671, 18.50520392921861657, 24.57872697489791491 ) ) ;
#205 = DIRECTION ( 'NONE',  ( 0.0000000000000000000, 1.000000000000000000, 0.0000000000000000000 ) ) ;
#206 = CYLINDRICAL_SURFACE ( 'NONE', #1945, 1.399999999999998579 ) ;
#207 = VERTEX_POINT ( 'NONE', #417 ) ;
#208 = VECTOR ( 'NONE', #481, 1000.000000000000000 ) ;
#209 = VECTOR ( 'NONE', #180, 1000.000000000000000 ) ;
#210 = AXIS2_PLACEMENT_3D ( 'NONE', #547, #1128, #1957 ) ;
#211 = ORIENTED_EDGE ( 'NONE', *, *, #996, .T. ) ;
#212 = CIRCLE ( 'NONE', #1814, 1.399999999999998579 ) ;
#213 = DIRECTION ( 'NONE',  ( 0.0000000000000000000, 1.000000000000000000, 0.0000000000000000000 ) ) ;
#214 = DIRECTION ( 'NONE',  ( -1.000000000000000000, 1.994306155430570396E-32, 9.340818716798195839E-17 ) ) ;
#215 = CARTESIAN_POINT ( 'NONE',  ( -1.559944600922101854, -9.658581096285732679E-32, 1.632625958225976418E-16 ) ) ;
#216 = CARTESIAN_POINT ( 'NONE',  ( 2.440055399077905918, 35.96360090365681828, 19.38153440711835174 ) ) ;
#217 = DIRECTION ( 'NONE',  ( 0.0000000000000000000, 0.0000000000000000000, 1.000000000000000000 ) ) ;
#218 = CARTESIAN_POINT ( 'NONE',  ( -32.55994460092210119, 20.14259281046548722, 51.70916382307708403 ) ) ;
#219 = EDGE_CURVE ( 'NONE', #925, #809, #1462, .T. ) ;
#220 = VERTEX_POINT ( 'NONE', #1630 ) ;
#221 = CARTESIAN_POINT ( 'NONE',  ( 22.54366636062952622, 8.983600903656814296, 52.93153440711837021 ) ) ;
#222 = DIRECTION ( 'NONE',  ( 0.0000000000000000000, 0.0000000000000000000, 1.000000000000000000 ) ) ;
#223 = EDGE_CURVE ( 'NONE', #1229, #2409, #1676, .T. ) ;
#224 = ORIENTED_EDGE ( 'NONE', *, *, #673, .F. ) ;
#225 = CARTESIAN_POINT ( 'NONE',  ( -1.559944600922100300, -9.658581096285730489E-32, 14.93153440711836843 ) ) ;
#226 = VERTEX_POINT ( 'NONE', #434 ) ;
#227 = B_SPLINE_CURVE_WITH_KNOTS ( 'NONE', 3,
 ( #651, #1017, #2605, #1622, #635, #2612, #1613 ),
 .UNSPECIFIED., .F., .F.,
 ( 4, 3, 4 ),
 ( 0.0000000000000000000, 0.0006496927482480842602, 0.001299385496496168520 ),
 .UNSPECIFIED. ) ;
#228 = AXIS2_PLACEMENT_3D ( 'NONE', #426, #1221, #2431 ) ;
#229 = CARTESIAN_POINT ( 'NONE',  ( 25.54366636062952622, 13.98360090365681430, 16.93153440711836666 ) ) ;
#230 = CARTESIAN_POINT ( 'NONE',  ( 22.54366636062952622, 11.98360090365681430, 26.93153440711836666 ) ) ;
#231 = CARTESIAN_POINT ( 'NONE',  ( -1.493036075466646295, 15.26882058800646114, 54.40361584392868366 ) ) ;
#232 = ORIENTED_EDGE ( 'NONE', *, *, #55, .T. ) ;
#233 = SHAPE_DEFINITION_REPRESENTATION ( #1402, #2049 ) ;
#234 = DIRECTION ( 'NONE',  ( -9.637352644315597708E-17, 1.200962406445482005E-16, -1.000000000000000000 ) ) ;
#235 = EDGE_LOOP ( 'NONE', ( #845, #975, #1971, #1538, #2509, #258 ) ) ;
#236 = FACE_BOUND ( 'NONE', #2107, .T. ) ;
#237 = CARTESIAN_POINT ( 'NONE',  ( 22.81366636062952580, 11.98360090365681430, 25.40653440711836808 ) ) ;
#238 = CARTESIAN_POINT ( 'NONE',  ( -32.14531656858608955, 18.95723313640504415, 50.41294221779818230 ) ) ;
#239 = VECTOR ( 'NONE', #1443, 1000.000000000000000 ) ;
#240 = FACE_BOUND ( 'NONE', #1237, .T. ) ;
#241 = EDGE_CURVE ( 'NONE', #1967, #2197, #807, .T. ) ;
#242 = DIRECTION ( 'NONE',  ( 0.0000000000000000000, 0.0000000000000000000, 1.000000000000000000 ) ) ;
#243 = DIRECTION ( 'NONE',  ( -1.000000000000000000, 1.994306155430570670E-32, 9.340818716798195839E-17 ) ) ;
#244 = AXIS2_PLACEMENT_3D ( 'NONE', #2096, #1125, #1494 ) ;
#245 = CARTESIAN_POINT ( 'NONE',  ( -32.55994460092210119, 48.46360090365682538, 22.43153440711836666 ) ) ;
#246 = DIRECTION ( 'NONE',  ( 1.000000000000000000, -1.309225264888156377E-16, -9.637352644315598941E-17 ) ) ;
#247 = CC_DESIGN_PERSON_AND_ORGANIZATION_ASSIGNMENT ( #2458, #2109, ( #483 ) ) ;
#248 = CARTESIAN_POINT ( 'NONE',  ( 18.54366636062952622, 11.98360090365681430, 27.93153440711835245 ) ) ;
#249 = FACE_BOUND ( 'NONE', #1730, .T. ) ;
#250 = DIRECTION ( 'NONE',  ( 9.920804192677817617E-17, -1.275531967630004999E-16, 1.000000000000000000 ) ) ;
#251 = ORIENTED_EDGE ( 'NONE', *, *, #2303, .T. ) ;
#252 = CARTESIAN_POINT ( 'NONE',  ( 22.54366636062952622, 13.98360090365681430, 49.93153440711836311 ) ) ;
#253 = ORIENTED_EDGE ( 'NONE', *, *, #2120, .F. ) ;
#254 = CARTESIAN_POINT ( 'NONE',  ( -32.20685249798622607, 19.06547922308024923, 50.57065516666031613 ) ) ;
#255 = EDGE_CURVE ( 'NONE', #373, #1512, #1144, .T. ) ;
#256 = VECTOR ( 'NONE', #1946, 1000.000000000000000 ) ;
#257 = ORIENTED_EDGE ( 'NONE', *, *, #2601, .F. ) ;
#258 = ORIENTED_EDGE ( 'NONE', *, *, #1297, .T. ) ;
#259 = CARTESIAN_POINT ( 'NONE',  ( 22.54366636062952622, 13.98360090365681430, 29.93153440711837021 ) ) ;
#260 = EDGE_CURVE ( 'NONE', #705, #1205, #563, .T. ) ;
#261 = ORIENTED_EDGE ( 'NONE', *, *, #527, .F. ) ;
#262 = ORIENTED_EDGE ( 'NONE', *, *, #859, .T. ) ;
#263 = CARTESIAN_POINT ( 'NONE',  ( 2.440055399077906362, 23.46360090365682183, 25.48153440711837447 ) ) ;
#264 = B_SPLINE_CURVE_WITH_KNOTS ( 'NONE', 3,
 ( #320, #1746, #1717, #939, #533, #1147, #1349, #1544, #359, #159, #1388, #1769, #1567, #1364 ),
 .UNSPECIFIED., .F., .F.,
 ( 4, 2, 2, 2, 2, 2, 4 ),
 ( 7.757919228897728493E-18, 0.001205444059777560032, 0.001808166089666346987, 0.002410888119555133942, 0.003013610149443920246, 0.003616332179332707418, 0.004821776239110261812 ),
 .UNSPECIFIED. ) ;
#265 = AXIS2_PLACEMENT_3D ( 'NONE', #819, #1989, #1190 ) ;
#266 = DIRECTION ( 'NONE',  ( -1.000000000000000000, 0.0000000000000000000, -0.0000000000000000000 ) ) ;
#267 = DIRECTION ( 'NONE',  ( -1.000000000000000000, 1.994306155430570670E-32, 9.340818716798195839E-17 ) ) ;
#268 = LINE ( 'NONE', #2395, #433 ) ;
#269 = CARTESIAN_POINT ( 'NONE',  ( -31.37262949617424468, 18.09254802565412845, 47.65118141592608225 ) ) ;
#270 = EDGE_LOOP ( 'NONE', ( #960, #1679, #1919, #2420 ) ) ;
#271 = ORIENTED_EDGE ( 'NONE', *, *, #260, .T. ) ;
#272 = LINE ( 'NONE', #1785, #1933 ) ;
#273 = CIRCLE ( 'NONE', #2240, 3.049999999999997158 ) ;
#274 = LINE ( 'NONE', #879, #1527 ) ;
#275 = LINE ( 'NONE', #982, #239 ) ;
#276 = CARTESIAN_POINT ( 'NONE',  ( 25.54366636062952622, 13.98360090365681430, 52.93153440711837021 ) ) ;
#277 = ORIENTED_EDGE ( 'NONE', *, *, #151, .T. ) ;
#278 = CIRCLE ( 'NONE', #2206, 2.000000000000000000 ) ;
#279 = DIRECTION ( 'NONE',  ( 0.0000000000000000000, 1.000000000000000000, 0.0000000000000000000 ) ) ;
#280 = EDGE_CURVE ( 'NONE', #1542, #2210, #936, .T. ) ;
#281 = DIRECTION ( 'NONE',  ( 0.0000000000000000000, -1.000000000000000000, 0.0000000000000000000 ) ) ;
#282 = DIRECTION ( 'NONE',  ( -0.0000000000000000000, 1.000000000000000000, -0.0000000000000000000 ) ) ;
#283 = AXIS2_PLACEMENT_3D ( 'NONE', #724, #1345, #1718 ) ;
#284 = DIRECTION ( 'NONE',  ( 0.0000000000000000000, -1.000000000000000000, 0.0000000000000000000 ) ) ;
#285 = DIRECTION ( 'NONE',  ( -1.000000000000000000, 1.994306155430570670E-32, 9.340818716798195839E-17 ) ) ;
#286 = CC_DESIGN_PERSON_AND_ORGANIZATION_ASSIGNMENT ( #1581, #2351, ( #793 ) ) ;
#287 = DIRECTION ( 'NONE',  ( 1.000000000000000000, 0.0000000000000000000, 0.0000000000000000000 ) ) ;
#288 = DIRECTION ( 'NONE',  ( 1.000000000000000000, 2.118135622597826445E-32, -9.920804192677813919E-17 ) ) ;
#289 = VERTEX_POINT ( 'NONE', #667 ) ;
#290 = DIRECTION ( 'NONE',  ( 1.000000000000000000, -1.309225264888156377E-16, -9.637352644315598941E-17 ) ) ;
#291 = VERTEX_POINT ( 'NONE', #863 ) ;
#292 = DIRECTION ( 'NONE',  ( -1.000000000000000000, 1.994306155430570670E-32, 9.340818716798195839E-17 ) ) ;
#293 = DIRECTION ( 'NONE',  ( 1.000000000000000000, 0.0000000000000000000, -0.0000000000000000000 ) ) ;
#294 = EDGE_CURVE ( 'NONE', #770, #893, #197, .T. ) ;
#295 = ORIENTED_EDGE ( 'NONE', *, *, #1474, .F. ) ;
#296 = AXIS2_PLACEMENT_3D ( 'NONE', #2425, #1046, #1637 ) ;
#297 = ADVANCED_FACE ( 'NONE', ( #1807 ), #1469, .F. ) ;
#298 = DIRECTION ( 'NONE',  ( 0.0000000000000000000, -0.0000000000000000000, -1.000000000000000000 ) ) ;
#299 = AXIS2_PLACEMENT_3D ( 'NONE', #1912, #1311, #1704 ) ;
#300 = VERTEX_POINT ( 'NONE', #1850 ) ;
#301 = PLANE ( 'NONE',  #2089 ) ;
#302 = CARTESIAN_POINT ( 'NONE',  ( -29.55994460092210474, 17.48360090365681785, 65.53153440711842848 ) ) ;
#303 = CYLINDRICAL_SURFACE ( 'NONE', #1894, 2.000000000000000000 ) ;
#304 = EDGE_LOOP ( 'NONE', ( #800, #703, #865, #364, #2550, #2304, #2254, #2297, #83 ) ) ;
#305 = FACE_OUTER_BOUND ( 'NONE', #1864, .T. ) ;
#306 = CARTESIAN_POINT ( 'NONE',  ( 22.81779402615708463, 7.983600903656813408, 43.05653440711837021 ) ) ;
#307 = DIRECTION ( 'NONE',  ( 0.0000000000000000000, 1.000000000000000000, 0.0000000000000000000 ) ) ;
#308 = VECTOR ( 'NONE', #441, 1000.000000000000000 ) ;
#309 = ORIENTED_EDGE ( 'NONE', *, *, #2564, .F. ) ;
#310 = LINE ( 'NONE', #1098, #1820 ) ;
#311 = CARTESIAN_POINT ( 'NONE',  ( 0.2294888479729425002, 8.983600903656814296, 16.92585375894568145 ) ) ;
#312 = ORIENTED_EDGE ( 'NONE', *, *, #2454, .F. ) ;
#313 = EDGE_CURVE ( 'NONE', #1920, #400, #1267, .T. ) ;
#314 = CARTESIAN_POINT ( 'NONE',  ( 22.81779402615708463, 8.983600903656814296, 43.05653440711837021 ) ) ;
#315 = CARTESIAN_POINT ( 'NONE',  ( 21.46343028543363829, 8.983600903656814296, 43.93153440711836311 ) ) ;
#316 = ADVANCED_FACE ( 'NONE', ( #71 ), #301, .T. ) ;
#317 = EDGE_CURVE ( 'NONE', #2599, #2185, #2265, .T. ) ;
#318 =( LENGTH_UNIT ( ) NAMED_UNIT ( * ) SI_UNIT ( .MILLI., .METRE. ) );
#319 = CARTESIAN_POINT ( 'NONE',  ( -1.559944600922101854, 70.48360090365682140, 4.331534407118366126 ) ) ;
#320 = CARTESIAN_POINT ( 'NONE',  ( -31.38529777743345761, 18.10282670583798748, 46.78184217228718467 ) ) ;
#321 = AXIS2_PLACEMENT_3D ( 'NONE', #2478, #501, #2075 ) ;
#322 = FACE_BOUND ( 'NONE', #2269, .T. ) ;
#323 = CARTESIAN_POINT ( 'NONE',  ( 25.54366636062952622, 11.98360090365681430, 22.63153440711835529 ) ) ;
#324 = ORIENTED_EDGE ( 'NONE', *, *, #1047, .T. ) ;
#325 = DIRECTION ( 'NONE',  ( -0.0000000000000000000, 1.000000000000000000, -0.0000000000000000000 ) ) ;
#326 = VECTOR ( 'NONE', #1546, 1000.000000000000000 ) ;
#327 = ORIENTED_EDGE ( 'NONE', *, *, #515, .T. ) ;
#328 = CARTESIAN_POINT ( 'NONE',  ( 22.81366636062952580, 7.983600903656813408, 25.40653440711836808 ) ) ;
#329 = DIRECTION ( 'NONE',  ( 0.0000000000000000000, 0.0000000000000000000, -1.000000000000000000 ) ) ;
#330 = ORIENTED_EDGE ( 'NONE', *, *, #2318, .T. ) ;
#331 = ORIENTED_EDGE ( 'NONE', *, *, #1825, .F. ) ;
#332 = DIRECTION ( 'NONE',  ( 0.0000000000000000000, 1.000000000000000000, 0.0000000000000000000 ) ) ;
#333 = ORIENTED_EDGE ( 'NONE', *, *, #546, .F. ) ;
#334 = EDGE_CURVE ( 'NONE', #1923, #1060, #684, .T. ) ;
#335 = VECTOR ( 'NONE', #2553, 1000.000000000000000 ) ;
#336 = DIRECTION ( 'NONE',  ( 0.0000000000000000000, 0.0000000000000000000, -1.000000000000000000 ) ) ;
#337 = LINE ( 'NONE', #875, #1091 ) ;
#338 = AXIS2_PLACEMENT_3D ( 'NONE', #353, #149, #995 ) ;
#339 = ADVANCED_FACE ( 'NONE', ( #2331 ), #490, .F. ) ;
#340 = CARTESIAN_POINT ( 'NONE',  ( 25.54366636062952622, 11.98360090365681430, 22.63153440711835529 ) ) ;
#341 = CARTESIAN_POINT ( 'NONE',  ( -31.56064314068440169, 18.24101095223128866, 21.00624565971090263 ) ) ;
#342 = EDGE_LOOP ( 'NONE', ( #542, #38, #1980, #2437 ) ) ;
#343 = CYLINDRICAL_SURFACE ( 'NONE', #1477, 8.000000000000000000 ) ;
#344 = CC_DESIGN_PERSON_AND_ORGANIZATION_ASSIGNMENT ( #653, #2149, ( #2035 ) ) ;
#345 = FACE_OUTER_BOUND ( 'NONE', #110, .T. ) ;
#346 = LINE ( 'NONE', #614, #1752 ) ;
#347 = CARTESIAN_POINT ( 'NONE',  ( 22.81366636062952580, 7.983600903656813408, 25.40653440711836808 ) ) ;
#348 = CIRCLE ( 'NONE', #26, 1.399999999999998579 ) ;
#349 = ORIENTED_EDGE ( 'NONE', *, *, #2564, .T. ) ;
#350 = DATE_TIME_ROLE ( 'creation_date' ) ;
#351 = DIRECTION ( 'NONE',  ( -0.0000000000000000000, -0.0000000000000000000, 1.000000000000000000 ) ) ;
#352 = EDGE_CURVE ( 'NONE', #811, #648, #1615, .T. ) ;
#353 = CARTESIAN_POINT ( 'NONE',  ( 22.54366636062951201, 8.983600903656814296, 19.93153440711838087 ) ) ;
#354 = ORIENTED_EDGE ( 'NONE', *, *, #2507, .T. ) ;
#355 = AXIS2_PLACEMENT_3D ( 'NONE', #1174, #170, #788 ) ;
#356 = APPROVAL_STATUS ( 'not_yet_approved' ) ;
#357 = CARTESIAN_POINT ( 'NONE',  ( -1.559944600922096303, 7.483600903656817849, 54.93153440711837021 ) ) ;
#358 = CARTESIAN_POINT ( 'NONE',  ( 25.54366636062952622, 13.98360090365681430, 42.93153440711837021 ) ) ;
#359 = CARTESIAN_POINT ( 'NONE',  ( -32.20617097912177229, 19.06426675521495540, 44.29416654676764864 ) ) ;
#360 = AXIS2_PLACEMENT_3D ( 'NONE', #498, #1302, #1481 ) ;
#361 = ORIENTED_EDGE ( 'NONE', *, *, #604, .T. ) ;
#362 = PLANE ( 'NONE',  #1486 ) ;
#363 = EDGE_LOOP ( 'NONE', ( #1244, #1668, #2201, #1035, #612, #2491, #2057, #2582 ) ) ;
#364 = ORIENTED_EDGE ( 'NONE', *, *, #806, .T. ) ;
#365 = ORIENTED_EDGE ( 'NONE', *, *, #1719, .F. ) ;
#366 = CARTESIAN_POINT ( 'NONE',  ( -1.559944600922100300, 15.48360090365681252, 14.93153440711837021 ) ) ;
#367 = ADVANCED_FACE ( 'NONE', ( #1202 ), #1204, .F. ) ;
#368 = DIRECTION ( 'NONE',  ( 0.0000000000000000000, -1.000000000000000000, 0.0000000000000000000 ) ) ;
#369 = DIRECTION ( 'NONE',  ( 0.0000000000000000000, 0.0000000000000000000, 1.000000000000000000 ) ) ;
#370 = LINE ( 'NONE', #2148, #2457 ) ;
#371 = CARTESIAN_POINT ( 'NONE',  ( 2.440055399077913467, 35.96360090365681828, 50.48153440711836026 ) ) ;
#372 = EDGE_CURVE ( 'NONE', #2114, #912, #1810, .T. ) ;
#373 = VERTEX_POINT ( 'NONE', #1862 ) ;
#374 = VECTOR ( 'NONE', #730, 1000.000000000000000 ) ;
#375 = VECTOR ( 'NONE', #1950, 1000.000000000000000 ) ;
#376 = AXIS2_PLACEMENT_3D ( 'NONE', #2332, #750, #1944 ) ;
#377 = ORIENTED_EDGE ( 'NONE', *, *, #187, .T. ) ;
#378 = FACE_OUTER_BOUND ( 'NONE', #138, .T. ) ;
#379 = CARTESIAN_POINT ( 'NONE',  ( -1.541231169143485236, 7.551795075839985216, 54.65023322950031570 ) ) ;
#380 = DIRECTION ( 'NONE',  ( 4.439807896328136871E-14, 0.0000000000000000000, 1.000000000000000000 ) ) ;
#381 = CIRCLE ( 'NONE', #376, 3.000000000000009770 ) ;
#382 = EDGE_LOOP ( 'NONE', ( #1647, #1607, #676, #194, #1196, #1033, #1157, #69, #2513, #2218 ) ) ;
#383 = FACE_OUTER_BOUND ( 'NONE', #1982, .T. ) ;
#384 = CARTESIAN_POINT ( 'NONE',  ( -31.39462738657476493, 18.11000888394707786, 23.08122664194967300 ) ) ;
#385 = ADVANCED_FACE ( 'NONE', ( #1745 ), #59, .F. ) ;
#386 = VERTEX_POINT ( 'NONE', #2064 ) ;
#387 = DIRECTION ( 'NONE',  ( -0.0000000000000000000, 1.000000000000000000, -0.0000000000000000000 ) ) ;
#388 = CARTESIAN_POINT ( 'NONE',  ( -6.851447223051292390, 17.48360090365682495, 65.53153440711840005 ) ) ;
#389 = CARTESIAN_POINT ( 'NONE',  ( 25.54366636062952622, 13.98360090365681430, 29.93153440711837021 ) ) ;
#390 = EDGE_CURVE ( 'NONE', #2139, #1063, #2510, .T. ) ;
#391 = CARTESIAN_POINT ( 'NONE',  ( 0.3765470721816093214, 8.983600903656814296, 49.93153440711835600 ) ) ;
#392 = CYLINDRICAL_SURFACE ( 'NONE', #355, 3.049999999999997158 ) ;
#393 = DIRECTION ( 'NONE',  ( -1.000000000000000000, -1.493432028836256092E-33, 9.637352644315596475E-17 ) ) ;
#394 = ORIENTED_EDGE ( 'NONE', *, *, #1473, .T. ) ;
#395 = DIRECTION ( 'NONE',  ( 0.0000000000000000000, -1.000000000000000000, 0.0000000000000000000 ) ) ;
#396 = ORIENTED_EDGE ( 'NONE', *, *, #1047, .F. ) ;
#397 = VERTEX_POINT ( 'NONE', #500 ) ;
#398 = VERTEX_POINT ( 'NONE', #895 ) ;
#399 = DIRECTION ( 'NONE',  ( 0.0000000000000000000, 0.0000000000000000000, -1.000000000000000000 ) ) ;
#400 = VERTEX_POINT ( 'NONE', #2484 ) ;
#401 = CARTESIAN_POINT ( 'NONE',  ( -29.56076137877644783, 17.48360090365682140, 47.43153440711836311 ) ) ;
#402 = DIRECTION ( 'NONE',  ( -1.000000000000000000, 1.994306155430570396E-32, 9.340818716798195839E-17 ) ) ;
#403 = EDGE_CURVE ( 'NONE', #2178, #156, #2514, .T. ) ;
#404 = CARTESIAN_POINT ( 'NONE',  ( -31.44852205358110453, 18.15130111949715541, 23.48120123309918839 ) ) ;
#405 = VECTOR ( 'NONE', #2227, 1000.000000000000000 ) ;
#406 = CARTESIAN_POINT ( 'NONE',  ( 0.2296759361442071712, 13.98360090365681252, 52.93720911146528607 ) ) ;
#407 = EDGE_LOOP ( 'NONE', ( #1928, #1575, #2261, #1133 ) ) ;
#408 = CIRCLE ( 'NONE', #1833, 2.999999999999999112 ) ;
#409 = EDGE_CURVE ( 'NONE', #2008, #2099, #736, .T. ) ;
#410 = LINE ( 'NONE', #2609, #2403 ) ;
#411 = VECTOR ( 'NONE', #2412, 1000.000000000000000 ) ;
#412 = AXIS2_PLACEMENT_3D ( 'NONE', #2314, #558, #134 ) ;
#413 = LINE ( 'NONE', #1362, #2088 ) ;
#414 = VERTEX_POINT ( 'NONE', #484 ) ;
#415 = DIRECTION ( 'NONE',  ( 0.0000000000000000000, 1.000000000000000000, 0.0000000000000000000 ) ) ;
#416 = CARTESIAN_POINT ( 'NONE',  ( 2.440055399077905918, 48.46360090365682538, 19.38153440711836595 ) ) ;
#417 = CARTESIAN_POINT ( 'NONE',  ( -32.55994460092210829, 23.46360090365682183, 19.38153440711835174 ) ) ;
#418 = CARTESIAN_POINT ( 'NONE',  ( -8.559944600922099411, 8.983600903656814296, 16.93153440711837021 ) ) ;
#419 = DIRECTION ( 'NONE',  ( -1.000000000000000000, 0.0000000000000000000, 0.0000000000000000000 ) ) ;
#420 = VERTEX_POINT ( 'NONE', #314 ) ;
#421 = EDGE_CURVE ( 'NONE', #648, #2197, #2387, .T. ) ;
#422 = CARTESIAN_POINT ( 'NONE',  ( 25.37209348537571074, 9.983600903656814296, 41.93153440711834889 ) ) ;
#423 = EDGE_LOOP ( 'NONE', ( #171, #1641, #2021, #516, #457, #1039 ) ) ;
#424 = AXIS2_PLACEMENT_3D ( 'NONE', #2568, #1934, #564 ) ;
#425 = VERTEX_POINT ( 'NONE', #1470 ) ;
#426 = CARTESIAN_POINT ( 'NONE',  ( 24.48005539907789796, 23.46360090365681117, 47.43153440711834889 ) ) ;
#427 = ORIENTED_EDGE ( 'NONE', *, *, #1266, .T. ) ;
#428 = DIRECTION ( 'NONE',  ( 0.0000000000000000000, -1.000000000000000000, 0.0000000000000000000 ) ) ;
#429 = VERTEX_POINT ( 'NONE', #1915 ) ;
#430 = CARTESIAN_POINT ( 'NONE',  ( -1.543630229047094682, 15.41864853623312825, 54.64775282370003140 ) ) ;
#431 = CC_DESIGN_DATE_AND_TIME_ASSIGNMENT ( #2364, #2537, ( #2035 ) ) ;
#432 = DIRECTION ( 'NONE',  ( -0.0000000000000000000, 1.000000000000000000, -0.0000000000000000000 ) ) ;
#433 = VECTOR ( 'NONE', #1417, 1000.000000000000000 ) ;
#434 = CARTESIAN_POINT ( 'NONE',  ( -43.55994460092210119, 35.96360090365681828, 19.38153440711835174 ) ) ;
#435 = DIRECTION ( 'NONE',  ( 0.0000000000000000000, 0.0000000000000000000, 1.000000000000000000 ) ) ;
#436 = ORIENTED_EDGE ( 'NONE', *, *, #1825, .T. ) ;
#437 = FACE_OUTER_BOUND ( 'NONE', #1141, .T. ) ;
#438 = ORIENTED_EDGE ( 'NONE', *, *, #2578, .T. ) ;
#439 = LINE ( 'NONE', #104, #1991 ) ;
#440 = EDGE_CURVE ( 'NONE', #2535, #1923, #958, .T. ) ;
#441 = DIRECTION ( 'NONE',  ( -1.000000000000000000, 1.994306155430570670E-32, 9.340818716798195839E-17 ) ) ;
#442 = CARTESIAN_POINT ( 'NONE',  ( -32.55994460092210119, 35.96360090365681828, 47.43153440711836311 ) ) ;
#443 = VECTOR ( 'NONE', #2282, 1000.000000000000000 ) ;
#444 = ORIENTED_EDGE ( 'NONE', *, *, #40, .F. ) ;
#445 = LINE ( 'NONE', #2439, #508 ) ;
#446 = CIRCLE ( 'NONE', #759, 1.399999999999998579 ) ;
#447 = CARTESIAN_POINT ( 'NONE',  ( -32.55994460092210119, 66.44360090365681515, 4.331534407118368790 ) ) ;
#448 = AXIS2_PLACEMENT_3D ( 'NONE', #2235, #1037, #649 ) ;
#449 = ORIENTED_EDGE ( 'NONE', *, *, #1131, .F. ) ;
#450 = FACE_OUTER_BOUND ( 'NONE', #2386, .T. ) ;
#451 = DIRECTION ( 'NONE',  ( 0.0000000000000000000, -1.000000000000000000, -2.135044278125300850E-16 ) ) ;
#452 = AXIS2_PLACEMENT_3D ( 'NONE', #4, #399, #795 ) ;
#453 = DIRECTION ( 'NONE',  ( 0.0000000000000000000, -1.000000000000000000, 0.0000000000000000000 ) ) ;
#454 = CIRCLE ( 'NONE', #1551, 3.050000000000014477 ) ;
#455 = CARTESIAN_POINT ( 'NONE',  ( -31.56072166146395830, 18.24103774471955219, 48.85718269601472485 ) ) ;
#456 = EDGE_CURVE ( 'NONE', #2369, #398, #1665, .T. ) ;
#457 = ORIENTED_EDGE ( 'NONE', *, *, #988, .F. ) ;
#458 = CARTESIAN_POINT ( 'NONE',  ( 14.19227060832788467, 8.983600903656814296, 39.93153440711836311 ) ) ;
#459 = EDGE_CURVE ( 'NONE', #373, #425, #1393, .T. ) ;
#460 = EDGE_LOOP ( 'NONE', ( #1861, #2482, #985, #2293 ) ) ;
#461 = CARTESIAN_POINT ( 'NONE',  ( -1.319494133618493548, 8.048804662890150396, 15.88930782255875584 ) ) ;
#462 = EDGE_LOOP ( 'NONE', ( #1325, #627, #449, #1083, #608, #504 ) ) ;
#463 = EDGE_LOOP ( 'NONE', ( #1801, #1429 ) ) ;
#464 = AXIS2_PLACEMENT_3D ( 'NONE', #1076, #2292, #485 ) ;
#465 = DIRECTION ( 'NONE',  ( 1.000000000000000000, -1.309225264888156377E-16, -9.637352644315598941E-17 ) ) ;
#466 = CARTESIAN_POINT ( 'NONE',  ( -43.55994460092209408, 70.48360090365680719, 65.53153440711838584 ) ) ;
#467 = ORIENTED_EDGE ( 'NONE', *, *, #673, .T. ) ;
#468 = DIRECTION ( 'NONE',  ( 1.000000000000000000, -1.309225264888156377E-16, -9.637352644315598941E-17 ) ) ;
#469 = FACE_OUTER_BOUND ( 'NONE', #2277, .T. ) ;
#470 = VECTOR ( 'NONE', #1022, 1000.000000000000000 ) ;
#471 = ORIENTED_EDGE ( 'NONE', *, *, #515, .F. ) ;
#472 = VERTEX_POINT ( 'NONE', #1710 ) ;
#473 = VECTOR ( 'NONE', #518, 1000.000000000000000 ) ;
#474 = DIRECTION ( 'NONE',  ( 1.421904488505574477E-16, 0.0000000000000000000, 1.000000000000000000 ) ) ;
#475 = DIRECTION ( 'NONE',  ( 0.0000000000000000000, 0.0000000000000000000, 1.000000000000000000 ) ) ;
#476 = FACE_OUTER_BOUND ( 'NONE', #1611, .T. ) ;
#477 = FACE_OUTER_BOUND ( 'NONE', #1437, .T. ) ;
#478 = EDGE_CURVE ( 'NONE', #2370, #207, #454, .T. ) ;
#479 = CARTESIAN_POINT ( 'NONE',  ( 2.440055399077905918, 48.46360090365682538, 22.43153440711836311 ) ) ;
#480 = VERTEX_POINT ( 'NONE', #2302 ) ;
#481 = DIRECTION ( 'NONE',  ( -0.0000000000000000000, 1.000000000000000000, 0.0000000000000000000 ) ) ;
#482 = AXIS2_PLACEMENT_3D ( 'NONE', #2574, #1981, #1154 ) ;
#483 = PRODUCT ( 'Headplate for current headclamp MT1M (Symmetric)', 'Headplate for current headclamp MT1M (Symmetric)', '', ( #726 ) ) ;
#484 = CARTESIAN_POINT ( 'NONE',  ( -1.559944600922095637, 15.48360090365680186, 65.53153440711837163 ) ) ;
#485 = DIRECTION ( 'NONE',  ( 0.0000000000000000000, -1.000000000000000000, 0.0000000000000000000 ) ) ;
#486 = CC_DESIGN_APPROVAL ( #1019, ( #2035 ) ) ;
#487 = CARTESIAN_POINT ( 'NONE',  ( -30.56902504379629448, 17.48360090365668995, 47.21326983255459453 ) ) ;
#488 = VERTEX_POINT ( 'NONE', #1143 ) ;
#489 = CARTESIAN_POINT ( 'NONE',  ( 21.46343028543363474, 8.983600903656814296, 25.93153440711837021 ) ) ;
#490 = PLANE ( 'NONE',  #2041 ) ;
#491 = EDGE_LOOP ( 'NONE', ( #1363, #930 ) ) ;
#492 = VECTOR ( 'NONE', #1870, 1000.000000000000000 ) ;
#493 = CARTESIAN_POINT ( 'NONE',  ( 25.54366636062952622, 13.98360090365681430, 19.93153440711837021 ) ) ;
#494 = EDGE_CURVE ( 'NONE', #289, #650, #1383, .T. ) ;
#495 = ORIENTED_EDGE ( 'NONE', *, *, #1688, .F. ) ;
#496 = ORIENTED_EDGE ( 'NONE', *, *, #1925, .T. ) ;
#497 = EDGE_LOOP ( 'NONE', ( #1767, #643, #1587, #583 ) ) ;
#498 = CARTESIAN_POINT ( 'NONE',  ( 18.54366636062952622, 11.98360090365681430, 22.63153440711835529 ) ) ;
#499 = AXIS2_PLACEMENT_3D ( 'NONE', #167, #1574, #2573 ) ;
#500 = CARTESIAN_POINT ( 'NONE',  ( -43.55994460092210119, 23.46360090365682183, 19.38153440711835174 ) ) ;
#501 = DIRECTION ( 'NONE',  ( 1.000000000000000000, -1.309225264888156377E-16, -9.637352644315598941E-17 ) ) ;
#502 = PERSON_AND_ORGANIZATION ( #1882, #169 ) ;
#503 = APPROVAL_STATUS ( 'not_yet_approved' ) ;
#504 = ORIENTED_EDGE ( 'NONE', *, *, #1012, .F. ) ;
#505 = VERTEX_POINT ( 'NONE', #2522 ) ;
#506 = LINE ( 'NONE', #78, #2024 ) ;
#507 = EDGE_LOOP ( 'NONE', ( #2447, #327, #75, #1028, #1096, #63, #866, #1708, #2583, #2400, #1984, #1293, #427, #354, #1004, #1670, #211, #1322 ) ) ;
#508 = VECTOR ( 'NONE', #250, 1000.000000000000000 ) ;
#509 = CIRCLE ( 'NONE', #1050, 3.049999999999990052 ) ;
#510 = DIRECTION ( 'NONE',  ( 9.637352644315596475E-17, -1.200962406445482005E-16, 1.000000000000000000 ) ) ;
#511 = ORIENTED_EDGE ( 'NONE', *, *, #2020, .T. ) ;
#512 = CIRCLE ( 'NONE', #1220, 3.049999999999997158 ) ;
#513 = CARTESIAN_POINT ( 'NONE',  ( 22.54366636062955820, 8.983600903656814296, 16.93153440711836666 ) ) ;
#514 = ADVANCED_FACE ( 'NONE', ( #2007, #1478, #1389, #322, #249, #1914, #1048 ), #917, .F. ) ;
#515 = EDGE_CURVE ( 'NONE', #681, #147, #1238, .T. ) ;
#516 = ORIENTED_EDGE ( 'NONE', *, *, #1872, .F. ) ;
#517 = CARTESIAN_POINT ( 'NONE',  ( -43.55994460092209408, 35.96360090365681828, 50.48153440711836737 ) ) ;
#518 = DIRECTION ( 'NONE',  ( 0.0000000000000000000, -1.000000000000000000, 0.0000000000000000000 ) ) ;
#519 = AXIS2_PLACEMENT_3D ( 'NONE', #2402, #1013, #182 ) ;
#520 = DIRECTION ( 'NONE',  ( -1.000000000000000000, 1.994306155430570396E-32, 9.340818716798195839E-17 ) ) ;
#521 = DIRECTION ( 'NONE',  ( 0.0000000000000000000, -1.000000000000000000, 0.0000000000000000000 ) ) ;
#522 = ORIENTED_EDGE ( 'NONE', *, *, #1230, .F. ) ;
#523 = PLANE ( 'NONE',  #360 ) ;
#524 = EDGE_LOOP ( 'NONE', ( #295, #1480, #161, #1110, #589, #928, #1770, #916 ) ) ;
#525 = CARTESIAN_POINT ( 'NONE',  ( 22.81366636062952580, 9.983600903656814296, 25.40653440711836808 ) ) ;
#526 = ORIENTED_EDGE ( 'NONE', *, *, #947, .F. ) ;
#527 = EDGE_CURVE ( 'NONE', #816, #907, #1501, .T. ) ;
#528 = EDGE_LOOP ( 'NONE', ( #2451, #777 ) ) ;
#529 = ORIENTED_EDGE ( 'NONE', *, *, #562, .T. ) ;
#530 = CARTESIAN_POINT ( 'NONE',  ( -1.559944600922096303, -9.658581096285722826E-32, 54.93153440711837021 ) ) ;
#531 = AXIS2_PLACEMENT_3D ( 'NONE', #1231, #89, #540 ) ;
#532 = ADVANCED_FACE ( 'NONE', ( #469 ), #392, .F. ) ;
#533 = CARTESIAN_POINT ( 'NONE',  ( -31.81705835279351291, 18.50457035167747222, 45.28578272737528465 ) ) ;
#534 = VECTOR ( 'NONE', #758, 1000.000000000000000 ) ;
#535 = APPROVAL_PERSON_ORGANIZATION ( #2238, #1224, #949 ) ;
#536 = DIRECTION ( 'NONE',  ( -0.0000000000000000000, -0.0000000000000000000, 1.000000000000000000 ) ) ;
#537 = ORIENTED_EDGE ( 'NONE', *, *, #2283, .T. ) ;
#538 = CIRCLE ( 'NONE', #862, 1.399999999999998579 ) ;
#539 = DIRECTION ( 'NONE',  ( 1.000000000000000000, 0.0000000000000000000, -0.0000000000000000000 ) ) ;
#540 = DIRECTION ( 'NONE',  ( 0.0000000000000000000, -1.000000000000000000, 0.0000000000000000000 ) ) ;
#541 = VECTOR ( 'NONE', #955, 1000.000000000000000 ) ;
#542 = ORIENTED_EDGE ( 'NONE', *, *, #403, .F. ) ;
#543 = FACE_OUTER_BOUND ( 'NONE', #1390, .T. ) ;
#544 = CARTESIAN_POINT ( 'NONE',  ( -29.55994460092210474, 20.48360090365681785, 65.53153440711840005 ) ) ;
#545 = ORIENTED_EDGE ( 'NONE', *, *, #1703, .F. ) ;
#546 = EDGE_CURVE ( 'NONE', #2576, #2336, #744, .T. ) ;
#547 = CARTESIAN_POINT ( 'NONE',  ( -43.55994460092210119, -9.658581096285732679E-32, 4.210950706435147225E-15 ) ) ;
#548 = ADVANCED_FACE ( 'NONE', ( #2144 ), #1002, .F. ) ;
#549 = CARTESIAN_POINT ( 'NONE',  ( -43.55994460092210119, 48.46360090365682538, 22.43153440711836666 ) ) ;
#550 = ADVANCED_FACE ( 'NONE', ( #689 ), #981, .F. ) ;
#551 = EDGE_CURVE ( 'NONE', #1063, #681, #678, .T. ) ;
#552 = CARTESIAN_POINT ( 'NONE',  ( -0.3206860989291071551, 14.10439170368500683, 16.78610226889565027 ) ) ;
#553 = AXIS2_PLACEMENT_3D ( 'NONE', #489, #282, #1485 ) ;
#554 = DIRECTION ( 'NONE',  ( 9.637352644315598941E-17, -1.200962406445482005E-16, 1.000000000000000000 ) ) ;
#555 = ORIENTED_EDGE ( 'NONE', *, *, #1367, .F. ) ;
#556 = ADVANCED_FACE ( 'NONE', ( #1695 ), #1357, .F. ) ;
#557 = VERTEX_POINT ( 'NONE', #2540 ) ;
#558 = DIRECTION ( 'NONE',  ( 0.0000000000000000000, 1.000000000000000000, 0.0000000000000000000 ) ) ;
#559 = VERTEX_POINT ( 'NONE', #358 ) ;
#560 = ORIENTED_EDGE ( 'NONE', *, *, #1336, .F. ) ;
#561 = DIRECTION ( 'NONE',  ( 2.118135622597826445E-32, -1.000000000000000000, 0.0000000000000000000 ) ) ;
#562 = EDGE_CURVE ( 'NONE', #927, #1142, #1124, .T. ) ;
#563 = CIRCLE ( 'NONE', #2252, 3.000000000000002665 ) ;
#564 = DIRECTION ( 'NONE',  ( 1.000000000000000000, -1.156482317317871725E-15, 0.0000000000000000000 ) ) ;
#565 = CARTESIAN_POINT ( 'NONE',  ( -1.530840302231352146, 7.586465591009167397, 54.58589307081026476 ) ) ;
#566 = ORIENTED_EDGE ( 'NONE', *, *, #924, .F. ) ;
#567 = FACE_OUTER_BOUND ( 'NONE', #127, .T. ) ;
#568 = CYLINDRICAL_SURFACE ( 'NONE', #1014, 3.049999999999990052 ) ;
#569 = ADVANCED_FACE ( 'NONE', ( #437 ), #174, .F. ) ;
#570 = CIRCLE ( 'NONE', #2226, 1.399999999999998579 ) ;
#571 = ORIENTED_EDGE ( 'NONE', *, *, #1500, .T. ) ;
#572 = LINE ( 'NONE', #1350, #1185 ) ;
#573 = DIRECTION ( 'NONE',  ( 0.0000000000000000000, 0.0000000000000000000, 1.000000000000000000 ) ) ;
#574 = DIRECTION ( 'NONE',  ( 1.000000000000000000, -1.309225264888156377E-16, -9.637352644315598941E-17 ) ) ;
#575 = EDGE_CURVE ( 'NONE', #1642, #779, #1917, .T. ) ;
#576 = DIRECTION ( 'NONE',  ( 9.920804192677812687E-17, -1.275531967630004752E-16, 1.000000000000000000 ) ) ;
#577 = AXIS2_PLACEMENT_3D ( 'NONE', #852, #1054, #1242 ) ;
#578 = CARTESIAN_POINT ( 'NONE',  ( -43.55994460092210119, 23.46360090365682183, 22.43153440711836666 ) ) ;
#579 = ADVANCED_FACE ( 'NONE', ( #1728 ), #640, .T. ) ;
#580 = CARTESIAN_POINT ( 'NONE',  ( -1.371191145779738996, 7.960767104146364126, 54.07553991202915711 ) ) ;
#581 = DIRECTION ( 'NONE',  ( -9.920804192677816385E-17, 1.200962406445482005E-16, -1.000000000000000000 ) ) ;
#582 = AXIS2_PLACEMENT_3D ( 'NONE', #64, #2474, #2288 ) ;
#583 = ORIENTED_EDGE ( 'NONE', *, *, #1790, .T. ) ;
#584 = ORIENTED_EDGE ( 'NONE', *, *, #255, .F. ) ;
#585 = DIRECTION ( 'NONE',  ( 1.000000000000000000, -1.309225264888156377E-16, -9.637352644315598941E-17 ) ) ;
#586 = EDGE_CURVE ( 'NONE', #713, #2392, #1724, .T. ) ;
#587 = CARTESIAN_POINT ( 'NONE',  ( -32.01732969143959906, 18.75872256331214061, 25.08864990891047597 ) ) ;
#588 = EDGE_CURVE ( 'NONE', #1446, #740, #2343, .T. ) ;
#589 = ORIENTED_EDGE ( 'NONE', *, *, #1217, .F. ) ;
#590 = PERSON_AND_ORGANIZATION ( #1882, #169 ) ;
#591 = CARTESIAN_POINT ( 'NONE',  ( -29.55994460092209053, 20.48360090365680009, 218.3315344071183972 ) ) ;
#592 = AXIS2_PLACEMENT_3D ( 'NONE', #347, #2119, #1321 ) ;
#593 = VERTEX_POINT ( 'NONE', #1139 ) ;
#594 = VECTOR ( 'NONE', #1596, 1000.000000000000000 ) ;
#595 = CARTESIAN_POINT ( 'NONE',  ( 21.46343028543363829, 8.983600903656814296, 39.93153440711836311 ) ) ;
#596 = CARTESIAN_POINT ( 'NONE',  ( 25.54366636062952622, 13.98360090365681430, 39.93153440711836311 ) ) ;
#597 = CIRCLE ( 'NONE', #1673, 2.999999999999999112 ) ;
#598 = CYLINDRICAL_SURFACE ( 'NONE', #810, 5.400000000000002132 ) ;
#599 = ORIENTED_EDGE ( 'NONE', *, *, #317, .F. ) ;
#600 = CARTESIAN_POINT ( 'NONE',  ( 15.01606318754601332, 8.983600903656814296, 42.00260221898383861 ) ) ;
#601 = DIRECTION ( 'NONE',  ( 0.0000000000000000000, 0.0000000000000000000, 1.000000000000000000 ) ) ;
#602 = CARTESIAN_POINT ( 'NONE',  ( -1.206042841931867171, 14.73973520681362537, 53.77071821740352675 ) ) ;
#603 = CARTESIAN_POINT ( 'NONE',  ( -29.56076136251783737, 17.48360090365682495, 22.64810807058416131 ) ) ;
#604 = EDGE_CURVE ( 'NONE', #156, #1878, #413, .T. ) ;
#605 = CARTESIAN_POINT ( 'NONE',  ( 18.54366636062952622, 11.98360090365681430, 47.23153440711835316 ) ) ;
#606 = AXIS2_PLACEMENT_3D ( 'NONE', #1236, #1059, #1251 ) ;
#607 = CARTESIAN_POINT ( 'NONE',  ( 19.13398304242149806, 8.983600903656814296, 40.67981554749609074 ) ) ;
#608 = ORIENTED_EDGE ( 'NONE', *, *, #806, .F. ) ;
#609 = CARTESIAN_POINT ( 'NONE',  ( 22.81779402615708463, 7.983600903656813408, 44.45653440711836879 ) ) ;
#610 = CARTESIAN_POINT ( 'NONE',  ( 0.4400553990779043634, 8.983600903656814296, 52.93153440711837021 ) ) ;
#611 = PRODUCT_RELATED_PRODUCT_CATEGORY ( 'detail', '', ( #483 ) ) ;
#612 = ORIENTED_EDGE ( 'NONE', *, *, #1150, .T. ) ;
#613 = ORIENTED_EDGE ( 'NONE', *, *, #2120, .T. ) ;
#614 = CARTESIAN_POINT ( 'NONE',  ( -1.559944600922101854, 7.483600903656824954, 1.117819814382505047E-15 ) ) ;
#615 = ORIENTED_EDGE ( 'NONE', *, *, #2524, .F. ) ;
#616 = EDGE_LOOP ( 'NONE', ( #1874, #1954, #1111, #622 ) ) ;
#617 = DIRECTION ( 'NONE',  ( 0.0000000000000000000, 0.0000000000000000000, 1.000000000000000000 ) ) ;
#618 = EDGE_CURVE ( 'NONE', #809, #925, #754, .T. ) ;
#619 = CARTESIAN_POINT ( 'NONE',  ( -32.55994460092209408, 48.46360090365682538, 44.38153440711837305 ) ) ;
#620 = VECTOR ( 'NONE', #2378, 1000.000000000000000 ) ;
#621 = CARTESIAN_POINT ( 'NONE',  ( -43.55994460092209408, 23.46360090365682183, 50.48153440711836026 ) ) ;
#622 = ORIENTED_EDGE ( 'NONE', *, *, #1943, .F. ) ;
#623 = CYLINDRICAL_SURFACE ( 'NONE', #848, 7.071067811865471064 ) ;
#624 = DIRECTION ( 'NONE',  ( -0.0000000000000000000, 1.000000000000000000, -0.0000000000000000000 ) ) ;
#625 = AXIS2_PLACEMENT_3D ( 'NONE', #2117, #746, #932 ) ;
#626 = CIRCLE ( 'NONE', #464, 3.049999999999997158 ) ;
#627 = ORIENTED_EDGE ( 'NONE', *, *, #856, .F. ) ;
#628 = VECTOR ( 'NONE', #1427, 1000.000000000000000 ) ;
#629 = CARTESIAN_POINT ( 'NONE',  ( -31.81760860924396539, 18.50520392921858814, 49.57872697489784741 ) ) ;
#630 = AXIS2_PLACEMENT_3D ( 'NONE', #2455, #693, #659 ) ;
#631 = LINE ( 'NONE', #2212, #721 ) ;
#632 = ORIENTED_EDGE ( 'NONE', *, *, #1569, .F. ) ;
#633 = LINE ( 'NONE', #1568, #1848 ) ;
#634 = CARTESIAN_POINT ( 'NONE',  ( -1.559944600922095637, 70.48360090365680719, 65.53153440711838584 ) ) ;
#635 = CARTESIAN_POINT ( 'NONE',  ( -29.56076137877645493, 17.48360090365682495, 22.64809865653439402 ) ) ;
#636 = CARTESIAN_POINT ( 'NONE',  ( 22.54366636062952622, 13.98360090365681430, 52.93153440711837021 ) ) ;
#637 = DIRECTION ( 'NONE',  ( 1.000000000000000000, 0.0000000000000000000, -1.115448285487600817E-16 ) ) ;
#638 = DIRECTION ( 'NONE',  ( 0.0000000000000000000, 1.000000000000000000, 0.0000000000000000000 ) ) ;
#639 = CARTESIAN_POINT ( 'NONE',  ( 25.54366636062952622, 13.98360090365681430, 49.93153440711836311 ) ) ;
#640 = CYLINDRICAL_SURFACE ( 'NONE', #2445, 2.999999999999999112 ) ;
#641 = EDGE_CURVE ( 'NONE', #2290, #480, #2460, .T. ) ;
#642 = DIRECTION ( 'NONE',  ( 2.118135622597826445E-32, -1.000000000000000000, -0.0000000000000000000 ) ) ;
#643 = ORIENTED_EDGE ( 'NONE', *, *, #1739, .T. ) ;
#644 = AXIS2_PLACEMENT_3D ( 'NONE', #2196, #1793, #2393 ) ;
#645 = DIRECTION ( 'NONE',  ( 0.0000000000000000000, 1.000000000000000000, 0.0000000000000000000 ) ) ;
#646 = ORIENTED_EDGE ( 'NONE', *, *, #120, .T. ) ;
#647 = CARTESIAN_POINT ( 'NONE',  ( -32.55994460092209408, 48.46360090365682538, 47.43153440711836311 ) ) ;
#648 = VERTEX_POINT ( 'NONE', #1961 ) ;
#649 = DIRECTION ( 'NONE',  ( 0.0000000000000000000, 0.0000000000000000000, 1.000000000000000000 ) ) ;
#650 = VERTEX_POINT ( 'NONE', #340 ) ;
#651 = CARTESIAN_POINT ( 'NONE',  ( -29.55994460092211185, 17.48360090365682495, 21.78184217228707098 ) ) ;
#652 = CARTESIAN_POINT ( 'NONE',  ( 15.01606318754601332, 8.983600903656814296, 42.00260221898384572 ) ) ;
#653 = PERSON_AND_ORGANIZATION ( #1882, #169 ) ;
#654 = DIRECTION ( 'NONE',  ( 0.0000000000000000000, -1.000000000000000000, 0.0000000000000000000 ) ) ;
#655 = EDGE_LOOP ( 'NONE', ( #1760, #1755, #682, #2557 ) ) ;
#656 = ORIENTED_EDGE ( 'NONE', *, *, #1640, .F. ) ;
#657 = CIRCLE ( 'NONE', #2548, 8.000000000000000000 ) ;
#658 = EDGE_CURVE ( 'NONE', #291, #1570, #570, .T. ) ;
#659 = DIRECTION ( 'NONE',  ( 1.421904488505584338E-16, 0.0000000000000000000, 1.000000000000000000 ) ) ;
#660 = VERTEX_POINT ( 'NONE', #1194 ) ;
#661 = FACE_OUTER_BOUND ( 'NONE', #462, .T. ) ;
#662 = LINE ( 'NONE', #1996, #2275 ) ;
#663 = DIRECTION ( 'NONE',  ( 0.0000000000000000000, -1.000000000000000000, 0.0000000000000000000 ) ) ;
#664 = AXIS2_PLACEMENT_3D ( 'NONE', #855, #1839, #2243 ) ;
#665 = ORIENTED_EDGE ( 'NONE', *, *, #1391, .F. ) ;
#666 = LINE ( 'NONE', #302, #696 ) ;
#667 = CARTESIAN_POINT ( 'NONE',  ( 25.54366636062952622, 9.983600903656814296, 22.63153440711835529 ) ) ;
#668 = CARTESIAN_POINT ( 'NONE',  ( -31.39462738657474361, 18.11000888394705655, 48.08122664194955576 ) ) ;
#669 = CARTESIAN_POINT ( 'NONE',  ( -1.371191145779748100, 7.960767104146360573, 15.78752890220758864 ) ) ;
#670 = DIRECTION ( 'NONE',  ( -1.000000000000000000, 1.994306155430570396E-32, 9.340818716798195839E-17 ) ) ;
#671 = EDGE_CURVE ( 'NONE', #809, #912, #1846, .T. ) ;
#672 = CARTESIAN_POINT ( 'NONE',  ( -30.57395482612239590, 17.48360090365617836, 47.86857778732306912 ) ) ;
#673 = EDGE_CURVE ( 'NONE', #420, #2008, #446, .T. ) ;
#674 = ORIENTED_EDGE ( 'NONE', *, *, #241, .T. ) ;
#675 = CARTESIAN_POINT ( 'NONE',  ( 24.48005539907789796, 23.46360090365681117, 22.43153440711835955 ) ) ;
#676 = ORIENTED_EDGE ( 'NONE', *, *, #575, .T. ) ;
#677 = VERTEX_POINT ( 'NONE', #1784 ) ;
#678 = B_SPLINE_CURVE_WITH_KNOTS ( 'NONE', 3,
 ( #2256, #1404, #836, #379, #565, #1566, #1328, #580, #2353, #1952, #1776, #2333, #763, #2362, #2533, #1768, #1146, #734, #2572, #1163 ),
 .UNSPECIFIED., .F., .F.,
 ( 4, 2, 2, 2, 2, 2, 2, 2, 2, 4 ),
 ( 0.0000000000000000000, 0.0002204504274726782590, 0.0004409008549453565179, 0.0008818017098906953634, 0.001322702564836034317, 0.001763603419781373163, 0.002204504274726712225, 0.002645405129672051287, 0.003086305984617390783, 0.003527206839562729845 ),
 .UNSPECIFIED. ) ;
#679 = AXIS2_PLACEMENT_3D ( 'NONE', #2335, #1939, #1140 ) ;
#680 = CARTESIAN_POINT ( 'NONE',  ( 22.54366636062952622, 11.98360090365681430, 42.93153440711837021 ) ) ;
#681 = VERTEX_POINT ( 'NONE', #813 ) ;
#682 = ORIENTED_EDGE ( 'NONE', *, *, #671, .T. ) ;
#683 = CARTESIAN_POINT ( 'NONE',  ( -31.38006468013289307, 18.09873159272684617, 46.99172591008777999 ) ) ;
#684 = LINE ( 'NONE', #77, #135 ) ;
#685 = ORIENTED_EDGE ( 'NONE', *, *, #1297, .F. ) ;
#686 = LINE ( 'NONE', #2019, #2401 ) ;
#687 = DIRECTION ( 'NONE',  ( -0.0000000000000000000, 1.000000000000000000, -0.0000000000000000000 ) ) ;
#688 = DIRECTION ( 'NONE',  ( 1.000000000000000000, 0.0000000000000000000, 0.0000000000000000000 ) ) ;
#689 = FACE_OUTER_BOUND ( 'NONE', #715, .T. ) ;
#690 = CIRCLE ( 'NONE', #2072, 3.000000000000002665 ) ;
#691 = CYLINDRICAL_SURFACE ( 'NONE', #2025, 2.000000000000000000 ) ;
#692 = EDGE_CURVE ( 'NONE', #805, #1323, #662, .T. ) ;
#693 = DIRECTION ( 'NONE',  ( -1.000000000000000000, 1.994306155430570396E-32, 9.340818716798195839E-17 ) ) ;
#694 = VECTOR ( 'NONE', #37, 1000.000000000000000 ) ;
#695 = ORIENTED_EDGE ( 'NONE', *, *, #1413, .T. ) ;
#696 = VECTOR ( 'NONE', #554, 1000.000000000000000 ) ;
#697 = DIRECTION ( 'NONE',  ( -1.000000000000000000, 1.994306155430570396E-32, 9.340818716798195839E-17 ) ) ;
#698 = AXIS2_PLACEMENT_3D ( 'NONE', #1886, #1871, #293 ) ;
#699 = DIRECTION ( 'NONE',  ( -1.000000000000000000, 1.994306155430570396E-32, 9.340818716798195839E-17 ) ) ;
#700 = CARTESIAN_POINT ( 'NONE',  ( 25.54366636062952622, 9.983600903656814296, 26.93153440711836666 ) ) ;
#701 = ADVANCED_FACE ( 'NONE', ( #1715 ), #1418, .F. ) ;
#702 = CARTESIAN_POINT ( 'NONE',  ( -32.55994460092210829, 35.96360090365681828, 19.38153440711835174 ) ) ;
#703 = ORIENTED_EDGE ( 'NONE', *, *, #2203, .T. ) ;
#704 = EDGE_CURVE ( 'NONE', #1023, #2015, #1786, .T. ) ;
#705 = VERTEX_POINT ( 'NONE', #184 ) ;
#706 = CARTESIAN_POINT ( 'NONE',  ( 25.54366636062952622, 11.98360090365681430, 22.63153440711835529 ) ) ;
#707 = AXIS2_PLACEMENT_3D ( 'NONE', #1253, #2417, #638 ) ;
#708 = ORIENTED_EDGE ( 'NONE', *, *, #219, .T. ) ;
#709 = ORIENTED_EDGE ( 'NONE', *, *, #1217, .T. ) ;
#710 = CARTESIAN_POINT ( 'NONE',  ( -31.44855091097197786, 18.15132324462550883, 21.38168502113526515 ) ) ;
#711 = AXIS2_PLACEMENT_3D ( 'NONE', #1101, #100, #1699 ) ;
#712 = CARTESIAN_POINT ( 'NONE',  ( 25.54366636062952622, 13.98360090365681430, 19.93153440711836666 ) ) ;
#713 = VERTEX_POINT ( 'NONE', #2381 ) ;
#714 = CARTESIAN_POINT ( 'NONE',  ( -29.55994460092210829, 17.48360090365682495, 65.53153440711837163 ) ) ;
#715 = EDGE_LOOP ( 'NONE', ( #613, #1932, #1270, #2077 ) ) ;
#716 = VECTOR ( 'NONE', #2104, 1000.000000000000000 ) ;
#717 = DIRECTION ( 'NONE',  ( -0.0000000000000000000, 1.000000000000000000, -0.0000000000000000000 ) ) ;
#718 = ORIENTED_EDGE ( 'NONE', *, *, #2486, .T. ) ;
#719 = LINE ( 'NONE', #1826, #1371 ) ;
#720 = EDGE_CURVE ( 'NONE', #2489, #2311, #348, .T. ) ;
#721 = VECTOR ( 'NONE', #1027, 1000.000000000000000 ) ;
#722 = DIRECTION ( 'NONE',  ( 0.0000000000000000000, 0.0000000000000000000, -1.000000000000000000 ) ) ;
#723 = CIRCLE ( 'NONE', #6, 1.399999999999998579 ) ;
#724 = CARTESIAN_POINT ( 'NONE',  ( 0.3765470721816060462, 15.98360090365681607, 1.830669308896180019E-15 ) ) ;
#725 = EDGE_CURVE ( 'NONE', #1304, #2369, #175, .T. ) ;
#726 = MECHANICAL_CONTEXT ( 'NONE', #2480, 'mechanical' ) ;
#727 = CARTESIAN_POINT ( 'NONE',  ( 22.81779402615708463, 9.983600903656814296, 44.45653440711836879 ) ) ;
#728 = CARTESIAN_POINT ( 'NONE',  ( -32.50378502862307784, 19.83820329385512693, 18.40995163412121727 ) ) ;
#729 = AXIS2_PLACEMENT_3D ( 'NONE', #1104, #97, #1913 ) ;
#730 = DIRECTION ( 'NONE',  ( 0.0000000000000000000, 0.0000000000000000000, 1.000000000000000000 ) ) ;
#731 = CARTESIAN_POINT ( 'NONE',  ( 22.81366636062952580, 13.98360090365681430, 26.80653440711836666 ) ) ;
#732 = ADVANCED_FACE ( 'NONE', ( #1818 ), #2468, .F. ) ;
#733 = ORIENTED_EDGE ( 'NONE', *, *, #137, .T. ) ;
#734 = CARTESIAN_POINT ( 'NONE',  ( 0.08722203971078637541, 8.967596280378417717, 52.95776526168879883 ) ) ;
#735 = CARTESIAN_POINT ( 'NONE',  ( -6.851447223051278179, 13.48360090365681430, 65.53153440711837163 ) ) ;
#736 = LINE ( 'NONE', #60, #492 ) ;
#737 = DIRECTION ( 'NONE',  ( 9.920804192677813919E-17, -0.0000000000000000000, 1.000000000000000000 ) ) ;
#738 = EDGE_CURVE ( 'NONE', #1063, #1773, #1246, .T. ) ;
#739 = VERTEX_POINT ( 'NONE', #595 ) ;
#740 = VERTEX_POINT ( 'NONE', #1975 ) ;
#741 = ORIENTED_EDGE ( 'NONE', *, *, #2222, .F. ) ;
#742 = AXIS2_PLACEMENT_3D ( 'NONE', #1634, #2244, #1439 ) ;
#743 = CARTESIAN_POINT ( 'NONE',  ( -1.559944600922108293, 17.48360090365682495, 4.331534407118360797 ) ) ;
#744 = LINE ( 'NONE', #2180, #326 ) ;
#745 = LINE ( 'NONE', #2592, #2430 ) ;
#746 = DIRECTION ( 'NONE',  ( -1.000000000000000000, 1.994306155430570396E-32, 9.340818716798195839E-17 ) ) ;
#747 = CARTESIAN_POINT ( 'NONE',  ( 18.54366636062952622, 11.98360090365681430, 27.93153440711835245 ) ) ;
#748 = ORIENTED_EDGE ( 'NONE', *, *, #2083, .T. ) ;
#749 = CYLINDRICAL_SURFACE ( 'NONE', #1034, 3.049999999999997158 ) ;
#750 = DIRECTION ( 'NONE',  ( 0.0000000000000000000, -1.000000000000000000, 0.0000000000000000000 ) ) ;
#751 = CIRCLE ( 'NONE', #1572, 3.050000000000014477 ) ;
#752 = VERTEX_POINT ( 'NONE', #1172 ) ;
#753 = FACE_OUTER_BOUND ( 'NONE', #65, .T. ) ;
#754 = CIRCLE ( 'NONE', #2124, 1.399999999999998579 ) ;
#755 = ORIENTED_EDGE ( 'NONE', *, *, #1977, .F. ) ;
#756 = VECTOR ( 'NONE', #536, 1000.000000000000000 ) ;
#757 = EDGE_CURVE ( 'NONE', #1712, #386, #275, .T. ) ;
#758 = DIRECTION ( 'NONE',  ( -9.920804192677812687E-17, -0.0000000000000000000, -1.000000000000000000 ) ) ;
#759 = AXIS2_PLACEMENT_3D ( 'NONE', #1806, #1791, #2388 ) ;
#760 = CARTESIAN_POINT ( 'NONE',  ( -43.55994460092210119, 66.44360090365681515, 4.331534407118368790 ) ) ;
#761 = ADVANCED_FACE ( 'NONE', ( #1754 ), #857, .T. ) ;
#762 = ADVANCED_FACE ( 'NONE', ( #2307 ), #2012, .F. ) ;
#763 = CARTESIAN_POINT ( 'NONE',  ( -0.8756780288927464850, 8.547890151848333673, 53.41997492673689152 ) ) ;
#764 = DIRECTION ( 'NONE',  ( -1.008066619464473042E-32, -1.000000000000000000, -1.200962406445482005E-16 ) ) ;
#765 = AXIS2_PLACEMENT_3D ( 'NONE', #328, #1099, #1720 ) ;
#766 = CLOSED_SHELL ( 'NONE', ( #1960, #1326, #1315, #532, #2525, #2367, #550, #367, #914, #2342, #1355, #732, #1531, #1346, #385, #548, #1738, #2532, #1162, #761, #762, #934, #514, #1722, #701, #2313, #2322, #2487, #1887, #1309, #339, #1373, #1132, #579, #2570, #2516, #297, #951, #95, #2168, #2287, #2312, #2106, #2093, #556, #2129, #2551, #1901, #1937, #2365, #1327, #1563, #2078, #1529, #2128, #1171, #1758, #2539, #2112, #569, #1759, #2160, #316, #1693, #1547, #1744, #1726, #1565, #2320, #897, #1536 ) ) ;
#767 = CARTESIAN_POINT ( 'NONE',  ( 22.81366636062952580, 7.983600903656813408, 24.00653440711836950 ) ) ;
#768 = ORIENTED_EDGE ( 'NONE', *, *, #546, .T. ) ;
#769 = CARTESIAN_POINT ( 'NONE',  ( 18.54366636062952622, 9.983600903656814296, 27.93153440711835245 ) ) ;
#770 = VERTEX_POINT ( 'NONE', #1835 ) ;
#771 = CARTESIAN_POINT ( 'NONE',  ( 18.54366636062952622, 11.98360090365681430, 27.93153440711835245 ) ) ;
#772 = EDGE_LOOP ( 'NONE', ( #2321, #1892, #2465, #2594 ) ) ;
#773 = ORIENTED_EDGE ( 'NONE', *, *, #1888, .F. ) ;
#774 = EDGE_CURVE ( 'NONE', #1908, #2136, #146, .T. ) ;
#775 = CARTESIAN_POINT ( 'NONE',  ( 25.37209348537571074, 11.98360090365681430, 41.93153440711834889 ) ) ;
#776 = ORIENTED_EDGE ( 'NONE', *, *, #1166, .T. ) ;
#777 = ORIENTED_EDGE ( 'NONE', *, *, #1120, .F. ) ;
#778 = EDGE_LOOP ( 'NONE', ( #471, #1359, #43, #2174 ) ) ;
#779 = VERTEX_POINT ( 'NONE', #1215 ) ;
#780 = VECTOR ( 'NONE', #858, 1000.000000000000000 ) ;
#781 = DIRECTION ( 'NONE',  ( 0.0000000000000000000, -1.000000000000000000, 0.0000000000000000000 ) ) ;
#782 = CYLINDRICAL_SURFACE ( 'NONE', #2162, 7.071067811865471064 ) ;
#783 = CYLINDRICAL_SURFACE ( 'NONE', #880, 2.000000000000000000 ) ;
#784 = DIRECTION ( 'NONE',  ( -0.0000000000000000000, -0.0000000000000000000, -1.000000000000000000 ) ) ;
#785 = CARTESIAN_POINT ( 'NONE',  ( -32.20685249798624739, 19.06547922308028475, 25.57065516666039073 ) ) ;
#786 = CARTESIAN_POINT ( 'NONE',  ( -31.38529777743347893, 18.10282670583800524, 23.08122664194966944 ) ) ;
#787 = EDGE_CURVE ( 'NONE', #226, #593, #1183, .T. ) ;
#788 = DIRECTION ( 'NONE',  ( 1.421904488505580887E-16, 0.0000000000000000000, 1.000000000000000000 ) ) ;
#789 = CARTESIAN_POINT ( 'NONE',  ( 22.81779402615708463, 8.983600903656814296, 44.45653440711836879 ) ) ;
#790 = CARTESIAN_POINT ( 'NONE',  ( -31.35106533519439864, 18.07658049683669077, 21.99840625057150945 ) ) ;
#791 = DIRECTION ( 'NONE',  ( 0.0000000000000000000, 0.0000000000000000000, 1.000000000000000000 ) ) ;
#792 = CARTESIAN_POINT ( 'NONE',  ( -0.3224702585896397355, 14.10508249489139665, 53.07772820926638957 ) ) ;
#793 = PRODUCT_DEFINITION_FORMATION_WITH_SPECIFIED_SOURCE ( 'ANY', '', #483, .NOT_KNOWN. ) ;
#794 = EDGE_LOOP ( 'NONE', ( #1074, #708 ) ) ;
#795 = DIRECTION ( 'NONE',  ( -1.000000000000000000, 0.0000000000000000000, -0.0000000000000000000 ) ) ;
#796 = ORIENTED_EDGE ( 'NONE', *, *, #478, .F. ) ;
#797 = VECTOR ( 'NONE', #2463, 1000.000000000000000 ) ;
#798 = CARTESIAN_POINT ( 'NONE',  ( 0.3765470721816057686, 8.983600903656814296, 16.93052582591306532 ) ) ;
#799 = ORIENTED_EDGE ( 'NONE', *, *, #2, .T. ) ;
#800 = ORIENTED_EDGE ( 'NONE', *, *, #165, .F. ) ;
#801 = DIRECTION ( 'NONE',  ( -9.637352644315595243E-17, 1.200962406445481759E-16, -1.000000000000000000 ) ) ;
#802 = ORIENTED_EDGE ( 'NONE', *, *, #1943, .T. ) ;
#803 = EDGE_CURVE ( 'NONE', #1250, #1712, #1374, .T. ) ;
#804 = CARTESIAN_POINT ( 'NONE',  ( -32.37272036684667142, 19.43063516812555847, 26.02790239114774806 ) ) ;
#805 = VERTEX_POINT ( 'NONE', #1691 ) ;
#806 = EDGE_CURVE ( 'NONE', #414, #1081, #883, .T. ) ;
#807 = LINE ( 'NONE', #1992, #405 ) ;
#808 = CARTESIAN_POINT ( 'NONE',  ( 22.54366636062952622, 13.98360090365681430, 26.93153440711836666 ) ) ;
#809 = VERTEX_POINT ( 'NONE', #1644 ) ;
#810 = AXIS2_PLACEMENT_3D ( 'NONE', #675, #1868, #663 ) ;
#811 = VERTEX_POINT ( 'NONE', #619 ) ;
#812 = VECTOR ( 'NONE', #1883, 1000.000000000000000 ) ;
#813 = CARTESIAN_POINT ( 'NONE',  ( 0.3765470721816093214, 8.983600903656814296, 52.93254298832367510 ) ) ;
#814 = CARTESIAN_POINT ( 'NONE',  ( 21.46343028543363474, 8.983600903656814296, 29.93153440711837021 ) ) ;
#815 = VECTOR ( 'NONE', #637, 1000.000000000000000 ) ;
#816 = VERTEX_POINT ( 'NONE', #45 ) ;
#817 = CIRCLE ( 'NONE', #582, 3.049999999999990052 ) ;
#818 = CIRCLE ( 'NONE', #1303, 1.399999999999998579 ) ;
#819 = CARTESIAN_POINT ( 'NONE',  ( 22.81366636062952580, 7.983600903656813408, 25.40653440711836808 ) ) ;
#820 = VERTEX_POINT ( 'NONE', #839 ) ;
#821 = VECTOR ( 'NONE', #1771, 1000.000000000000000 ) ;
#822 = CARTESIAN_POINT ( 'NONE',  ( 18.54366636062952622, 11.98360090365681430, 41.93153440711834889 ) ) ;
#823 = ORIENTED_EDGE ( 'NONE', *, *, #151, .F. ) ;
#824 = DIRECTION ( 'NONE',  ( -0.0000000000000000000, 1.000000000000000000, -0.0000000000000000000 ) ) ;
#825 = DIRECTION ( 'NONE',  ( -9.920804192677813919E-17, 0.0000000000000000000, -1.000000000000000000 ) ) ;
#826 = EDGE_CURVE ( 'NONE', #1507, #896, #631, .T. ) ;
#827 = CARTESIAN_POINT ( 'NONE',  ( -31.44852205358107611, 18.15130111949714120, 48.48120123309908536 ) ) ;
#828 = ORIENTED_EDGE ( 'NONE', *, *, #313, .F. ) ;
#829 = DIRECTION ( 'NONE',  ( -0.0000000000000000000, -1.000000000000000000, 0.0000000000000000000 ) ) ;
#830 = CARTESIAN_POINT ( 'NONE',  ( 22.81779402615708463, 7.983600903656813408, 44.45653440711836879 ) ) ;
#831 = CC_DESIGN_DATE_AND_TIME_ASSIGNMENT ( #1116, #350, ( #2164 ) ) ;
#832 = ORIENTED_EDGE ( 'NONE', *, *, #1604, .T. ) ;
#833 = CARTESIAN_POINT ( 'NONE',  ( 18.54366636062952622, 11.98360090365681430, 22.63153440711835529 ) ) ;
#834 = ORIENTED_EDGE ( 'NONE', *, *, #1254, .F. ) ;
#835 = DIRECTION ( 'NONE',  ( 0.0000000000000000000, 0.0000000000000000000, 1.000000000000000000 ) ) ;
#836 = CARTESIAN_POINT ( 'NONE',  ( -1.555765139312076162, 7.500212476809483775, 54.78549606802712901 ) ) ;
#837 = CARTESIAN_POINT ( 'NONE',  ( -31.38529777743346472, 18.10282670583799103, 48.08122664194955576 ) ) ;
#838 = EDGE_CURVE ( 'NONE', #559, #805, #2216, .T. ) ;
#839 = CARTESIAN_POINT ( 'NONE',  ( 0.3765470721816113198, 13.98360090365681430, 52.93254298832367510 ) ) ;
#840 = ORIENTED_EDGE ( 'NONE', *, *, #1012, .T. ) ;
#841 = LINE ( 'NONE', #706, #374 ) ;
#842 = EDGE_CURVE ( 'NONE', #300, #593, #1877, .T. ) ;
#843 = FACE_OUTER_BOUND ( 'NONE', #235, .T. ) ;
#844 = B_SPLINE_CURVE_WITH_KNOTS ( 'NONE', 3,
 ( #1903, #710, #341, #2142, #2132, #2520, #1319, #2534, #956, #2113, #964, #728, #1953, #119 ),
 .UNSPECIFIED., .F., .F.,
 ( 4, 2, 2, 2, 2, 2, 4 ),
 ( 0.0000000000000000000, 0.001205444059777542902, 0.001808166089666310991, 0.002410888119555079298, 0.003013610149443847388, 0.003616332179332615478, 0.004821776239110144718 ),
 .UNSPECIFIED. ) ;
#845 = ORIENTED_EDGE ( 'NONE', *, *, #641, .F. ) ;
#846 = CIRCLE ( 'NONE', #1398, 3.049999999999997158 ) ;
#847 = DIRECTION ( 'NONE',  ( 0.0000000000000000000, -1.000000000000000000, 0.0000000000000000000 ) ) ;
#848 = AXIS2_PLACEMENT_3D ( 'NONE', #2427, #2040, #1808 ) ;
#849 = LINE ( 'NONE', #2490, #1041 ) ;
#850 = ORIENTED_EDGE ( 'NONE', *, *, #2280, .T. ) ;
#851 = LINE ( 'NONE', #1130, #115 ) ;
#852 = CARTESIAN_POINT ( 'NONE',  ( 0.4400553990779043634, 8.983600903656814296, 54.93153440711837021 ) ) ;
#853 = DIRECTION ( 'NONE',  ( -9.920804192677813919E-17, 1.200962406445481512E-16, -1.000000000000000000 ) ) ;
#854 = VERTEX_POINT ( 'NONE', #1222 ) ;
#855 = CARTESIAN_POINT ( 'NONE',  ( -43.55994460092209408, 23.46360090365682183, 47.43153440711837021 ) ) ;
#856 = EDGE_CURVE ( 'NONE', #1277, #1271, #1212, .T. ) ;
#857 = PLANE ( 'NONE',  #2543 ) ;
#858 = DIRECTION ( 'NONE',  ( 1.309225264888156377E-16, 1.000000000000000000, 1.145572106777136737E-16 ) ) ;
#859 = EDGE_CURVE ( 'NONE', #805, #1304, #2565, .T. ) ;
#860 = CARTESIAN_POINT ( 'NONE',  ( -32.55994460092209408, 48.46360090365682538, 50.48153440711835316 ) ) ;
#861 = ORIENTED_EDGE ( 'NONE', *, *, #1794, .F. ) ;
#862 = AXIS2_PLACEMENT_3D ( 'NONE', #2191, #1381, #1979 ) ;
#863 = CARTESIAN_POINT ( 'NONE',  ( 22.81779402615708463, 11.98360090365681430, 43.05653440711837021 ) ) ;
#864 = DIRECTION ( 'NONE',  ( -1.000000000000000000, 1.994306155430570396E-32, 9.340818716798195839E-17 ) ) ;
#865 = ORIENTED_EDGE ( 'NONE', *, *, #22, .F. ) ;
#866 = ORIENTED_EDGE ( 'NONE', *, *, #527, .T. ) ;
#867 = CARTESIAN_POINT ( 'NONE',  ( -30.56902533691674151, 17.48360090365694219, 47.64981832126777306 ) ) ;
#868 = ORIENTED_EDGE ( 'NONE', *, *, #390, .T. ) ;
#869 = CARTESIAN_POINT ( 'NONE',  ( -1.197520581991355026, 8.221957007749304935, 16.08552287307525575 ) ) ;
#870 = DIRECTION ( 'NONE',  ( 0.0000000000000000000, 1.000000000000000000, 0.0000000000000000000 ) ) ;
#871 = CARTESIAN_POINT ( 'NONE',  ( 2.440055399077906362, 48.46360090365682538, 25.48153440711836026 ) ) ;
#872 = VECTOR ( 'NONE', #2187, 1000.000000000000000 ) ;
#873 = APPROVAL_DATE_TIME ( #1585, #1224 ) ;
#874 = EDGE_CURVE ( 'NONE', #2355, #681, #2245, .T. ) ;
#875 = CARTESIAN_POINT ( 'NONE',  ( 18.54366636062952622, 11.98360090365681430, 27.93153440711835245 ) ) ;
#876 = ORIENTED_EDGE ( 'NONE', *, *, #1921, .F. ) ;
#877 = FACE_OUTER_BOUND ( 'NONE', #1179, .T. ) ;
#878 = FACE_OUTER_BOUND ( 'NONE', #1455, .T. ) ;
#879 = CARTESIAN_POINT ( 'NONE',  ( -6.851447223051278179, 5.483600903656813408, 65.53153440711837163 ) ) ;
#880 = AXIS2_PLACEMENT_3D ( 'NONE', #1948, #1161, #2357 ) ;
#881 = CYLINDRICAL_SURFACE ( 'NONE', #265, 1.399999999999998579 ) ;
#882 = B_SPLINE_CURVE_WITH_KNOTS ( 'NONE', 3,
 ( #1372, #2183, #1753, #1361 ),
 .UNSPECIFIED., .F., .F.,
 ( 4, 4 ),
 ( 0.0006496922348091724309, 0.001299384469662365205 ),
 .UNSPECIFIED. ) ;
#883 = CIRCLE ( 'NONE', #296, 8.000000000000001776 ) ;
#884 = DIRECTION ( 'NONE',  ( 0.0000000000000000000, 0.0000000000000000000, 1.000000000000000000 ) ) ;
#885 = ORIENTED_EDGE ( 'NONE', *, *, #2315, .T. ) ;
#886 = DIRECTION ( 'NONE',  ( 0.0000000000000000000, 0.0000000000000000000, 1.000000000000000000 ) ) ;
#887 = DIRECTION ( 'NONE',  ( 0.0000000000000000000, 0.0000000000000000000, 1.000000000000000000 ) ) ;
#888 = DIRECTION ( 'NONE',  ( -0.0000000000000000000, -1.000000000000000000, -0.0000000000000000000 ) ) ;
#889 = EDGE_CURVE ( 'NONE', #1205, #559, #2408, .T. ) ;
#890 = CARTESIAN_POINT ( 'NONE',  ( -30.58422190682281894, 17.48360090365681785, 48.08122664194955576 ) ) ;
#891 = AXIS2_PLACEMENT_3D ( 'NONE', #2579, #1576, #92 ) ;
#892 = VERTEX_POINT ( 'NONE', #221 ) ;
#893 = VERTEX_POINT ( 'NONE', #714 ) ;
#894 = AXIS2_PLACEMENT_3D ( 'NONE', #1997, #2177, #380 ) ;
#895 = CARTESIAN_POINT ( 'NONE',  ( 25.54366636062952622, 8.983600903656814296, 49.93153440711836311 ) ) ;
#896 = VERTEX_POINT ( 'NONE', #1511 ) ;
#897 = ADVANCED_FACE ( 'NONE', ( #1414 ), #1626, .F. ) ;
#898 = ORIENTED_EDGE ( 'NONE', *, *, #165, .T. ) ;
#899 = DIRECTION ( 'NONE',  ( -2.118135622597826445E-32, 1.000000000000000000, 0.0000000000000000000 ) ) ;
#900 = DIRECTION ( 'NONE',  ( 0.0000000000000000000, -1.000000000000000000, 0.0000000000000000000 ) ) ;
#901 = CIRCLE ( 'NONE', #1781, 4.000000000000000000 ) ;
#902 = VERTEX_POINT ( 'NONE', #2123 ) ;
#903 = CYLINDRICAL_SURFACE ( 'NONE', #765, 1.399999999999998579 ) ;
#904 = DIRECTION ( 'NONE',  ( -0.0000000000000000000, 1.000000000000000000, 2.267612386897785405E-16 ) ) ;
#905 = CARTESIAN_POINT ( 'NONE',  ( 25.54366636062952622, 11.98360090365681430, 42.93153440711837021 ) ) ;
#906 = CIRCLE ( 'NONE', #424, 2.999999999999999112 ) ;
#907 = VERTEX_POINT ( 'NONE', #919 ) ;
#908 = FACE_OUTER_BOUND ( 'NONE', #1257, .T. ) ;
#909 = EDGE_CURVE ( 'NONE', #1063, #677, #974, .T. ) ;
#910 = CARTESIAN_POINT ( 'NONE',  ( 18.54366636062952622, 9.983600903656814296, 47.23153440711835316 ) ) ;
#911 = VECTOR ( 'NONE', #899, 1000.000000000000000 ) ;
#912 = VERTEX_POINT ( 'NONE', #731 ) ;
#913 = FACE_OUTER_BOUND ( 'NONE', #2121, .T. ) ;
#914 = ADVANCED_FACE ( 'NONE', ( #82 ), #782, .F. ) ;
#915 = CARTESIAN_POINT ( 'NONE',  ( 22.81366636062952580, 13.98360090365681430, 24.00653440711836950 ) ) ;
#916 = ORIENTED_EDGE ( 'NONE', *, *, #2601, .T. ) ;
#917 = PLANE ( 'NONE',  #210 ) ;
#918 = CARTESIAN_POINT ( 'NONE',  ( 0.3765470721816113198, 13.98360090365681430, 52.93153440711837021 ) ) ;
#919 = CARTESIAN_POINT ( 'NONE',  ( 22.54366636062952267, 8.983600903656814296, 29.93153440711837021 ) ) ;
#920 = CARTESIAN_POINT ( 'NONE',  ( 2.440055399077913023, 48.46360090365682538, 47.43153440711836311 ) ) ;
#921 = DIRECTION ( 'NONE',  ( 0.0000000000000000000, -1.000000000000000000, 0.0000000000000000000 ) ) ;
#922 = EDGE_LOOP ( 'NONE', ( #2076, #1964 ) ) ;
#923 = DIRECTION ( 'NONE',  ( -1.000000000000000000, 1.309225264888156377E-16, 9.637352644315600173E-17 ) ) ;
#924 = EDGE_CURVE ( 'NONE', #425, #752, #2154, .T. ) ;
#925 = VERTEX_POINT ( 'NONE', #118 ) ;
#926 = APPLICATION_CONTEXT ( 'configuration controlled 3d designs of mechanical parts and assemblies' ) ;
#927 = VERTEX_POINT ( 'NONE', #2528 ) ;
#928 = ORIENTED_EDGE ( 'NONE', *, *, #1254, .T. ) ;
#929 = CARTESIAN_POINT ( 'NONE',  ( 18.54366636062952622, 11.98360090365681430, 22.63153440711835529 ) ) ;
#930 = ORIENTED_EDGE ( 'NONE', *, *, #223, .F. ) ;
#931 = APPROVAL ( #356, 'UNSPECIFIED' ) ;
#932 = DIRECTION ( 'NONE',  ( 0.0000000000000000000, 0.0000000000000000000, -1.000000000000000000 ) ) ;
#933 = DIRECTION ( 'NONE',  ( -9.920804192677815152E-17, 1.275531967630004752E-16, -1.000000000000000000 ) ) ;
#934 = ADVANCED_FACE ( 'NONE', ( #2499 ), #1312, .T. ) ;
#935 = CARTESIAN_POINT ( 'NONE',  ( -6.851447223051284396, 13.48360090365682140, 4.331534407118360797 ) ) ;
#936 = CIRCLE ( 'NONE', #1375, 3.049999999999997158 ) ;
#937 = VECTOR ( 'NONE', #88, 1000.000000000000000 ) ;
#938 = DIRECTION ( 'NONE',  ( 0.0000000000000000000, 0.0000000000000000000, -1.000000000000000000 ) ) ;
#939 = CARTESIAN_POINT ( 'NONE',  ( -31.74989525066005669, 18.43125657678990237, 45.46373512126507421 ) ) ;
#940 = VERTEX_POINT ( 'NONE', #1929 ) ;
#941 = VECTOR ( 'NONE', #2259, 1000.000000000000000 ) ;
#942 = EDGE_CURVE ( 'NONE', #2099, #1333, #818, .T. ) ;
#943 = LINE ( 'NONE', #2361, #1274 ) ;
#944 = CARTESIAN_POINT ( 'NONE',  ( -31.39462738657476493, 18.11000888394707786, 21.78184217228707453 ) ) ;
#945 = LINE ( 'NONE', #2298, #1209 ) ;
#946 = CARTESIAN_POINT ( 'NONE',  ( 25.54366636062952622, 8.983600903656814296, 19.93153440711837021 ) ) ;
#947 = EDGE_CURVE ( 'NONE', #2576, #2599, #1906, .T. ) ;
#948 = ORIENTED_EDGE ( 'NONE', *, *, #459, .F. ) ;
#949 = APPROVAL_ROLE ( '' ) ;
#950 = PLANE ( 'NONE',  #1535 ) ;
#951 = ADVANCED_FACE ( 'NONE', ( #1557, #1155 ), #105, .F. ) ;
#952 = DIRECTION ( 'NONE',  ( 0.0000000000000000000, 1.200962406445482005E-16, -1.000000000000000000 ) ) ;
#953 = AXIS2_PLACEMENT_3D ( 'NONE', #735, #109, #2126 ) ;
#954 = DIRECTION ( 'NONE',  ( 0.0000000000000000000, 1.000000000000000000, 0.0000000000000000000 ) ) ;
#955 = DIRECTION ( 'NONE',  ( -1.000000000000000000, -0.0000000000000000000, -0.0000000000000000000 ) ) ;
#956 = CARTESIAN_POINT ( 'NONE',  ( -32.20617097912178650, 19.06426675521498026, 19.29416654676762022 ) ) ;
#957 = VERTEX_POINT ( 'NONE', #2087 ) ;
#958 = CIRCLE ( 'NONE', #1284, 3.000000000000002665 ) ;
#959 = EDGE_CURVE ( 'NONE', #2311, #2489, #19, .T. ) ;
#960 = ORIENTED_EDGE ( 'NONE', *, *, #1845, .F. ) ;
#961 = ORIENTED_EDGE ( 'NONE', *, *, #1794, .T. ) ;
#962 = CARTESIAN_POINT ( 'NONE',  ( 25.54366636062952622, 13.98360090365681430, 42.93153440711837021 ) ) ;
#963 = AXIS2_PLACEMENT_3D ( 'NONE', #315, #325, #1109 ) ;
#964 = CARTESIAN_POINT ( 'NONE',  ( -32.37158757110704244, 19.42750079342307146, 18.83861708863231499 ) ) ;
#965 = CARTESIAN_POINT ( 'NONE',  ( 0.3765470721816041033, 6.983600903656813408, 9.257042672863755353E-16 ) ) ;
#966 = ORIENTED_EDGE ( 'NONE', *, *, #1735, .T. ) ;
#967 = FACE_BOUND ( 'NONE', #2016, .T. ) ;
#968 = CARTESIAN_POINT ( 'NONE',  ( -43.55994460092209408, 35.96360090365681828, 44.38153440711837305 ) ) ;
#969 = VECTOR ( 'NONE', #784, 1000.000000000000000 ) ;
#970 = ORIENTED_EDGE ( 'NONE', *, *, #1078, .F. ) ;
#971 = CIRCLE ( 'NONE', #1239, 2.999999999999999112 ) ;
#972 = CARTESIAN_POINT ( 'NONE',  ( -32.55994460092210829, 20.14259281046550498, 26.70916382307713377 ) ) ;
#973 = CARTESIAN_POINT ( 'NONE',  ( 18.54366636062952622, 0.0000000000000000000, 0.0000000000000000000 ) ) ;
#974 = LINE ( 'NONE', #530, #1684 ) ;
#975 = ORIENTED_EDGE ( 'NONE', *, *, #1988, .F. ) ;
#976 = FACE_OUTER_BOUND ( 'NONE', #423, .T. ) ;
#977 = EDGE_CURVE ( 'NONE', #2409, #1229, #509, .T. ) ;
#978 = DIRECTION ( 'NONE',  ( 1.000000000000000000, -1.309225264888156377E-16, -9.637352644315598941E-17 ) ) ;
#979 = EDGE_CURVE ( 'NONE', #892, #2355, #1440, .T. ) ;
#980 = CARTESIAN_POINT ( 'NONE',  ( -1.559944600922101854, 5.483600903656821401, 4.331534407118359020 ) ) ;
#981 = CYLINDRICAL_SURFACE ( 'NONE', #891, 3.050000000000010925 ) ;
#982 = CARTESIAN_POINT ( 'NONE',  ( 25.37209348537572140, 13.98360090365681430, 27.93153440711835245 ) ) ;
#983 = CARTESIAN_POINT ( 'NONE',  ( 22.81366636062952580, 7.983600903656813408, 24.00653440711836950 ) ) ;
#984 = DIRECTION ( 'NONE',  ( 0.0000000000000000000, 0.0000000000000000000, 1.000000000000000000 ) ) ;
#985 = ORIENTED_EDGE ( 'NONE', *, *, #720, .T. ) ;
#986 = DIRECTION ( 'NONE',  ( 0.0000000000000000000, -1.000000000000000000, 0.0000000000000000000 ) ) ;
#987 = ORIENTED_EDGE ( 'NONE', *, *, #909, .T. ) ;
#988 = EDGE_CURVE ( 'NONE', #2358, #2392, #1495, .T. ) ;
#989 = DIRECTION ( 'NONE',  ( -1.000000000000000000, -0.0000000000000000000, -0.0000000000000000000 ) ) ;
#990 = CARTESIAN_POINT ( 'NONE',  ( -31.35106533519669370, 18.07658049683846713, 22.86466256367990724 ) ) ;
#991 = CARTESIAN_POINT ( 'NONE',  ( -31.37262906238984428, 18.09254767195580982, 22.21190686179906493 ) ) ;
#992 = ORIENTED_EDGE ( 'NONE', *, *, #219, .F. ) ;
#993 = ORIENTED_EDGE ( 'NONE', *, *, #2054, .F. ) ;
#994 = CARTESIAN_POINT ( 'NONE',  ( -30.58422190682283315, 17.48360090365682140, 23.08122664194967300 ) ) ;
#995 = DIRECTION ( 'NONE',  ( 0.0000000000000000000, 0.0000000000000000000, 1.000000000000000000 ) ) ;
#996 = EDGE_CURVE ( 'NONE', #398, #892, #381, .T. ) ;
#997 = ORIENTED_EDGE ( 'NONE', *, *, #1473, .F. ) ;
#998 = DIRECTION ( 'NONE',  ( -0.0000000000000000000, 1.000000000000000000, -0.0000000000000000000 ) ) ;
#999 = AXIS2_PLACEMENT_3D ( 'NONE', #1463, #468, #1258 ) ;
#1000 = VECTOR ( 'NONE', #2608, 1000.000000000000000 ) ;
#1001 = CARTESIAN_POINT ( 'NONE',  ( -0.6840353299869754711, 14.26750314089192528, 53.25564920102181077 ) ) ;
#1002 =( BOUNDED_SURFACE ( )  B_SPLINE_SURFACE ( 3, 2, ( 
 ( #384, #994, #152 ),
 ( #1187, #1560, #1723 ),
 ( #2192, #2375, #603 ),
 ( #991, #2606, #1195 ),
 ( #1602, #1182, #1018 ),
 ( #944, #1369, #2452 ) ),
 .UNSPECIFIED., .F., .F., .F. ) 
 B_SPLINE_SURFACE_WITH_KNOTS ( ( 4, 2, 4 ),
 ( 3, 3 ),
 ( 0.006180973341502184366, 0.006828470729354597230, 0.007475968117207010960 ),
 ( 0.5769763928479816339, 1.000000000000000000 ),
 .UNSPECIFIED. ) 
 GEOMETRIC_REPRESENTATION_ITEM ( )  RATIONAL_B_SPLINE_SURFACE ( (
 ( 0.8570243890810003151, 0.8760992540671677098, 1.000000000000000000),
 ( 0.8596304099916762809, 0.8783575968199902606, 1.000000000000000000),
 ( 0.8610281537000719077, 0.8795688627623421407, 1.000000000000000000),
 ( 0.8610282347903448485, 0.8795689330340845657, 1.000000000000000000),
 ( 0.8596304842754778353, 0.8783576611933359146, 1.000000000000000000),
 ( 0.8570243890810003151, 0.8760992540671677098, 1.000000000000000000) ) ) 
 REPRESENTATION_ITEM ( '' )  SURFACE ( )  );
#1003 = APPROVAL_DATE_TIME ( #1519, #931 ) ;
#1004 = ORIENTED_EDGE ( 'NONE', *, *, #725, .T. ) ;
#1005 = CYLINDRICAL_SURFACE ( 'NONE', #2010, 3.000000000000002665 ) ;
#1006 = CIRCLE ( 'NONE', #1849, 4.000000000000000000 ) ;
#1007 = ORIENTED_EDGE ( 'NONE', *, *, #2454, .T. ) ;
#1008 = VECTOR ( 'NONE', #2600, 1000.000000000000000 ) ;
#1009 = ORIENTED_EDGE ( 'NONE', *, *, #1636, .T. ) ;
#1010 = CARTESIAN_POINT ( 'NONE',  ( 22.81779402615708463, 13.98360090365681430, 44.45653440711836879 ) ) ;
#1011 = PLANE ( 'NONE',  #499 ) ;
#1012 = EDGE_CURVE ( 'NONE', #677, #414, #849, .T. ) ;
#1013 = DIRECTION ( 'NONE',  ( 0.0000000000000000000, 1.000000000000000000, 0.0000000000000000000 ) ) ;
#1014 = AXIS2_PLACEMENT_3D ( 'NONE', #1020, #1403, #188 ) ;
#1015 = CARTESIAN_POINT ( 'NONE',  ( -29.55994460092210474, 17.48360090365681785, 65.53153440711842848 ) ) ;
#1016 = ORIENTED_EDGE ( 'NONE', *, *, #2555, .T. ) ;
#1017 = CARTESIAN_POINT ( 'NONE',  ( -29.55994460092211185, 17.48360090365682495, 21.99840642170309835 ) ) ;
#1018 = CARTESIAN_POINT ( 'NONE',  ( -29.55994460573044336, 17.48360090365682495, 21.99840738166730603 ) ) ;
#1019 = APPROVAL ( #1541, 'UNSPECIFIED' ) ;
#1020 = CARTESIAN_POINT ( 'NONE',  ( 2.440055399077913023, 23.46360090365682183, 47.43153440711836311 ) ) ;
#1021 = ORIENTED_EDGE ( 'NONE', *, *, #2222, .T. ) ;
#1022 = DIRECTION ( 'NONE',  ( 9.637352644315598941E-17, -1.200962406445482005E-16, 1.000000000000000000 ) ) ;
#1023 = VERTEX_POINT ( 'NONE', #769 ) ;
#1024 = CARTESIAN_POINT ( 'NONE',  ( 2.440055399077905918, 23.46360090365682183, 22.43153440711836311 ) ) ;
#1025 = EDGE_LOOP ( 'NONE', ( #2260, #832, #2045, #2549 ) ) ;
#1026 = EDGE_CURVE ( 'NONE', #1108, #472, #2338, .T. ) ;
#1027 = DIRECTION ( 'NONE',  ( -0.0000000000000000000, -0.0000000000000000000, 1.000000000000000000 ) ) ;
#1028 = ORIENTED_EDGE ( 'NONE', *, *, #1282, .T. ) ;
#1029 = CARTESIAN_POINT ( 'NONE',  ( -31.33378140122401589, 18.06360090365681614, 47.43153440714037572 ) ) ;
#1030 = AXIS2_PLACEMENT_3D ( 'NONE', #1226, #1430, #217 ) ;
#1031 = B_SPLINE_CURVE_WITH_KNOTS ( 'NONE', 3,
 ( #2414, #1804, #177, #2603 ),
 .UNSPECIFIED., .F., .F.,
 ( 4, 4 ),
 ( 6.938893903907227607E-18, 0.0006496922348091724309 ),
 .UNSPECIFIED. ) ;
#1032 = CARTESIAN_POINT ( 'NONE',  ( -31.95084124806581727, 18.66846603659728032, 49.92208014770525182 ) ) ;
#1033 = ORIENTED_EDGE ( 'NONE', *, *, #35, .F. ) ;
#1034 = AXIS2_PLACEMENT_3D ( 'NONE', #2004, #1632, #2418 ) ;
#1035 = ORIENTED_EDGE ( 'NONE', *, *, #456, .F. ) ;
#1036 = LINE ( 'NONE', #712, #716 ) ;
#1037 = DIRECTION ( 'NONE',  ( 0.0000000000000000000, 1.000000000000000000, 0.0000000000000000000 ) ) ;
#1038 = CARTESIAN_POINT ( 'NONE',  ( -6.851447223051278179, 9.483600903656803638, 218.3315344071183972 ) ) ;
#1039 = ORIENTED_EDGE ( 'NONE', *, *, #1456, .F. ) ;
#1040 = CIRCLE ( 'NONE', #2604, 3.000000000000002665 ) ;
#1041 = VECTOR ( 'NONE', #2306, 1000.000000000000000 ) ;
#1042 = DIRECTION ( 'NONE',  ( 0.0000000000000000000, 0.0000000000000000000, 1.000000000000000000 ) ) ;
#1043 = ORIENTED_EDGE ( 'NONE', *, *, #87, .T. ) ;
#1044 = CYLINDRICAL_SURFACE ( 'NONE', #189, 8.000000000000000000 ) ;
#1045 = DIRECTION ( 'NONE',  ( 1.421904488505584338E-16, 0.0000000000000000000, 1.000000000000000000 ) ) ;
#1046 = DIRECTION ( 'NONE',  ( 9.637352644315595243E-17, -2.135044278125300603E-16, 1.000000000000000000 ) ) ;
#1047 = EDGE_CURVE ( 'NONE', #2069, #2178, #2116, .T. ) ;
#1048 = FACE_OUTER_BOUND ( 'NONE', #342, .T. ) ;
#1049 = CARTESIAN_POINT ( 'NONE',  ( 22.54366636062952622, 13.98360090365681430, 19.93153440711836666 ) ) ;
#1050 = AXIS2_PLACEMENT_3D ( 'NONE', #1100, #2296, #1291 ) ;
#1051 = EDGE_LOOP ( 'NONE', ( #2323, #685, #1213, #1334, #522 ) ) ;
#1052 = CARTESIAN_POINT ( 'NONE',  ( 22.81366636062952580, 7.983600903656813408, 25.40653440711836808 ) ) ;
#1053 = ORIENTED_EDGE ( 'NONE', *, *, #2054, .T. ) ;
#1054 = DIRECTION ( 'NONE',  ( -0.0000000000000000000, 1.000000000000000000, -0.0000000000000000000 ) ) ;
#1055 = ORIENTED_EDGE ( 'NONE', *, *, #1790, .F. ) ;
#1056 = CARTESIAN_POINT ( 'NONE',  ( -1.541231169143491897, 7.551795075839983440, 15.21283558473643360 ) ) ;
#1057 = ORIENTED_EDGE ( 'NONE', *, *, #704, .F. ) ;
#1058 = ORIENTED_EDGE ( 'NONE', *, *, #1569, .T. ) ;
#1059 = DIRECTION ( 'NONE',  ( -0.0000000000000000000, 1.000000000000000000, -0.0000000000000000000 ) ) ;
#1060 = VERTEX_POINT ( 'NONE', #775 ) ;
#1061 = EDGE_CURVE ( 'NONE', #2336, #2535, #2214, .T. ) ;
#1062 = PLANE ( 'NONE',  #1286 ) ;
#1063 = VERTEX_POINT ( 'NONE', #357 ) ;
#1064 = LINE ( 'NONE', #458, #1780 ) ;
#1065 = AXIS2_PLACEMENT_3D ( 'NONE', #2028, #670, #1643 ) ;
#1066 = B_SPLINE_CURVE_WITH_KNOTS ( 'NONE', 3,
 ( #786, #990, #1164, #1792 ),
 .UNSPECIFIED., .F., .F.,
 ( 4, 4 ),
 ( 6.938893903907228378E-18, 0.0006496922348092765143 ),
 .UNSPECIFIED. ) ;
#1067 = ORIENTED_EDGE ( 'NONE', *, *, #1658, .F. ) ;
#1068 = VECTOR ( 'NONE', #2473, 1000.000000000000000 ) ;
#1069 = CYLINDRICAL_SURFACE ( 'NONE', #2108, 3.050000000000010925 ) ;
#1070 = ORIENTED_EDGE ( 'NONE', *, *, #1386, .T. ) ;
#1071 = FACE_OUTER_BOUND ( 'NONE', #2081, .T. ) ;
#1072 = DESIGN_CONTEXT ( 'detailed design', #926, 'design' ) ;
#1073 = DIRECTION ( 'NONE',  ( -0.0000000000000000000, 1.000000000000000000, 0.0000000000000000000 ) ) ;
#1074 = ORIENTED_EDGE ( 'NONE', *, *, #618, .T. ) ;
#1075 = CARTESIAN_POINT ( 'NONE',  ( -0.9653369027459212104, 8.471051162478408614, 16.35960659873998679 ) ) ;
#1076 = CARTESIAN_POINT ( 'NONE',  ( -32.55994460092210119, 48.46360090365682538, 22.43153440711836666 ) ) ;
#1077 = EDGE_CURVE ( 'NONE', #902, #1271, #27, .T. ) ;
#1078 = EDGE_CURVE ( 'NONE', #2360, #373, #1006, .T. ) ;
#1079 = DIRECTION ( 'NONE',  ( -1.000000000000000000, 1.994306155430570670E-32, 9.340818716798195839E-17 ) ) ;
#1080 = AXIS2_PLACEMENT_3D ( 'NONE', #1583, #1181, #2399 ) ;
#1081 = VERTEX_POINT ( 'NONE', #388 ) ;
#1082 = CARTESIAN_POINT ( 'NONE',  ( 2.440055399077912579, 23.46360090365682183, 44.38153440711837305 ) ) ;
#1083 = ORIENTED_EDGE ( 'NONE', *, *, #2249, .F. ) ;
#1084 = DIRECTION ( 'NONE',  ( 0.0000000000000000000, 0.0000000000000000000, 1.000000000000000000 ) ) ;
#1085 = ORIENTED_EDGE ( 'NONE', *, *, #1911, .F. ) ;
#1086 = CARTESIAN_POINT ( 'NONE',  ( 2.440055399077912579, 35.96360090365681828, 44.38153440711836595 ) ) ;
#1087 = LINE ( 'NONE', #1015, #470 ) ;
#1088 = EDGE_CURVE ( 'NONE', #400, #130, #1092, .T. ) ;
#1089 = DIRECTION ( 'NONE',  ( 0.0000000000000000000, 1.000000000000000000, 1.084202172485504434E-16 ) ) ;
#1090 = ORIENTED_EDGE ( 'NONE', *, *, #2356, .F. ) ;
#1091 = VECTOR ( 'NONE', #1865, 1000.000000000000000 ) ;
#1092 = LINE ( 'NONE', #1337, #375 ) ;
#1093 = AXIS2_PLACEMENT_3D ( 'NONE', #1817, #654, #435 ) ;
#1094 = FACE_OUTER_BOUND ( 'NONE', #655, .T. ) ;
#1095 = VECTOR ( 'NONE', #329, 1000.000000000000000 ) ;
#1096 = ORIENTED_EDGE ( 'NONE', *, *, #1688, .T. ) ;
#1097 = CYLINDRICAL_SURFACE ( 'NONE', #283, 2.000000000000000000 ) ;
#1098 = CARTESIAN_POINT ( 'NONE',  ( 18.54366636062952622, 9.983600903656814296, 41.93153440711834889 ) ) ;
#1099 = DIRECTION ( 'NONE',  ( -0.0000000000000000000, 1.000000000000000000, -0.0000000000000000000 ) ) ;
#1100 = CARTESIAN_POINT ( 'NONE',  ( -43.55994460092209408, 23.46360090365682183, 47.43153440711837021 ) ) ;
#1101 = CARTESIAN_POINT ( 'NONE',  ( 18.54366636062952622, 0.0000000000000000000, 0.0000000000000000000 ) ) ;
#1102 = CARTESIAN_POINT ( 'NONE',  ( 0.4400553990778974245, 8.983600903656814296, 14.93153440711836843 ) ) ;
#1103 = EDGE_CURVE ( 'NONE', #770, #2300, #906, .T. ) ;
#1104 = CARTESIAN_POINT ( 'NONE',  ( 18.54366636062952622, 11.98360090365681430, 47.23153440711835316 ) ) ;
#1105 = AXIS2_PLACEMENT_3D ( 'NONE', #822, #2207, #1394 ) ;
#1106 = ORIENTED_EDGE ( 'NONE', *, *, #1654, .T. ) ;
#1107 = CARTESIAN_POINT ( 'NONE',  ( 21.46343028543363118, 13.98360090365681430, 29.93153440711837021 ) ) ;
#1108 = VERTEX_POINT ( 'NONE', #1765 ) ;
#1109 = DIRECTION ( 'NONE',  ( 0.0000000000000000000, 0.0000000000000000000, 1.000000000000000000 ) ) ;
#1110 = ORIENTED_EDGE ( 'NONE', *, *, #494, .F. ) ;
#1111 = ORIENTED_EDGE ( 'NONE', *, *, #2189, .F. ) ;
#1112 = DIRECTION ( 'NONE',  ( 0.0000000000000000000, 0.0000000000000000000, -1.000000000000000000 ) ) ;
#1113 = CARTESIAN_POINT ( 'NONE',  ( -1.559944600922101854, 5.483600903656821401, 4.331534407118359020 ) ) ;
#1114 = EDGE_CURVE ( 'NONE', #1800, #1908, #943, .T. ) ;
#1115 = ORIENTED_EDGE ( 'NONE', *, *, #2153, .F. ) ;
#1116 = DATE_AND_TIME ( #2179, #107 ) ;
#1117 = DIRECTION ( 'NONE',  ( -9.920804192677813919E-17, 0.0000000000000000000, -1.000000000000000000 ) ) ;
#1118 = ORIENTED_EDGE ( 'NONE', *, *, #1599, .T. ) ;
#1119 = FACE_OUTER_BOUND ( 'NONE', #2404, .T. ) ;
#1120 = EDGE_CURVE ( 'NONE', #397, #488, #751, .T. ) ;
#1121 = LINE ( 'NONE', #2001, #969 ) ;
#1122 = LINE ( 'NONE', #1662, #2118 ) ;
#1123 = DIRECTION ( 'NONE',  ( -0.0000000000000000000, 1.000000000000000000, -0.0000000000000000000 ) ) ;
#1124 = LINE ( 'NONE', #743, #1858 ) ;
#1125 = DIRECTION ( 'NONE',  ( 0.0000000000000000000, 1.000000000000000000, 0.0000000000000000000 ) ) ;
#1126 = DIRECTION ( 'NONE',  ( 1.000000000000000000, 0.0000000000000000000, -0.0000000000000000000 ) ) ;
#1127 = DIRECTION ( 'NONE',  ( -0.0000000000000000000, 1.000000000000000000, -0.0000000000000000000 ) ) ;
#1128 = DIRECTION ( 'NONE',  ( 1.000000000000000000, 2.118135622597826445E-32, -9.920804192677813919E-17 ) ) ;
#1129 = ORIENTED_EDGE ( 'NONE', *, *, #1809, .T. ) ;
#1130 = CARTESIAN_POINT ( 'NONE',  ( 18.54366636062952622, 9.983600903656814296, 22.63153440711835529 ) ) ;
#1131 = EDGE_CURVE ( 'NONE', #927, #1277, #113, .T. ) ;
#1132 = ADVANCED_FACE ( 'NONE', ( #476, #1590, #1623 ), #950, .T. ) ;
#1133 = ORIENTED_EDGE ( 'NONE', *, *, #774, .F. ) ;
#1134 = SECURITY_CLASSIFICATION_LEVEL ( 'unclassified' ) ;
#1135 = CARTESIAN_POINT ( 'NONE',  ( -1.457689823815521590, 15.18047098187285116, 15.57333164212878174 ) ) ;
#1136 = AXIS2_PLACEMENT_3D ( 'NONE', #1805, #585, #986 ) ;
#1137 = ORIENTED_EDGE ( 'NONE', *, *, #1460, .T. ) ;
#1138 = EDGE_LOOP ( 'NONE', ( #251, #1843 ) ) ;
#1139 = CARTESIAN_POINT ( 'NONE',  ( -43.55994460092210119, 35.96360090365681828, 25.48153440711838158 ) ) ;
#1140 = DIRECTION ( 'NONE',  ( 0.0000000000000000000, 0.0000000000000000000, -1.000000000000000000 ) ) ;
#1141 = EDGE_LOOP ( 'NONE', ( #1152, #1685, #2014, #1841 ) ) ;
#1142 = VERTEX_POINT ( 'NONE', #1422 ) ;
#1143 = CARTESIAN_POINT ( 'NONE',  ( -43.55994460092210119, 23.46360090365682183, 25.48153440711838158 ) ) ;
#1144 = CIRCLE ( 'NONE', #1030, 7.071067811865471064 ) ;
#1145 = CARTESIAN_POINT ( 'NONE',  ( 0.08722203971078341944, 13.99960552693520022, 16.90530355254794515 ) ) ;
#1146 = CARTESIAN_POINT ( 'NONE',  ( -0.1887210956158420216, 8.907248097853777580, 53.02761840617379363 ) ) ;
#1147 = CARTESIAN_POINT ( 'NONE',  ( -31.95046898046130579, 18.66796944177272266, 44.94192536785694614 ) ) ;
#1148 = ORIENTED_EDGE ( 'NONE', *, *, #294, .T. ) ;
#1149 = FACE_OUTER_BOUND ( 'NONE', #2561, .T. ) ;
#1150 = EDGE_CURVE ( 'NONE', #2369, #2535, #1998, .T. ) ;
#1151 = CYLINDRICAL_SURFACE ( 'NONE', #606, 1.399999999999998579 ) ;
#1152 = ORIENTED_EDGE ( 'NONE', *, *, #1500, .F. ) ;
#1153 = LINE ( 'NONE', #605, #628 ) ;
#1154 = DIRECTION ( 'NONE',  ( 0.0000000000000000000, 0.0000000000000000000, 1.000000000000000000 ) ) ;
#1155 = FACE_OUTER_BOUND ( 'NONE', #2085, .T. ) ;
#1156 = AXIS2_PLACEMENT_3D ( 'NONE', #2500, #699, #474 ) ;
#1157 = ORIENTED_EDGE ( 'NONE', *, *, #1198, .F. ) ;
#1158 = FACE_BOUND ( 'NONE', #2319, .T. ) ;
#1159 = CARTESIAN_POINT ( 'NONE',  ( -1.541231169143491897, 15.41540673147365048, 15.21283558473643360 ) ) ;
#1160 = DIRECTION ( 'NONE',  ( 0.0000000000000000000, 1.000000000000000000, -0.0000000000000000000 ) ) ;
#1161 = DIRECTION ( 'NONE',  ( -2.118135622597826445E-32, 1.000000000000000000, 0.0000000000000000000 ) ) ;
#1162 = ADVANCED_FACE ( 'NONE', ( #2184 ), #2529, .F. ) ;
#1163 = CARTESIAN_POINT ( 'NONE',  ( 0.3765470721816093214, 8.983600903656814296, 52.93254298832367510 ) ) ;
#1164 = CARTESIAN_POINT ( 'NONE',  ( -31.33378140122519540, 18.06360090365770077, 22.64809848541014503 ) ) ;
#1165 = ORIENTED_EDGE ( 'NONE', *, *, #1764, .F. ) ;
#1166 = EDGE_CURVE ( 'NONE', #593, #226, #14, .T. ) ;
#1167 = ORIENTED_EDGE ( 'NONE', *, *, #2173, .T. ) ;
#1168 = ORIENTED_EDGE ( 'NONE', *, *, #1445, .T. ) ;
#1169 = CARTESIAN_POINT ( 'NONE',  ( -1.371191145779748322, 15.00643470316727424, 15.78752890220758864 ) ) ;
#1170 = AXIS2_PLACEMENT_3D ( 'NONE', #1503, #307, #2285 ) ;
#1171 = ADVANCED_FACE ( 'NONE', ( #1813 ), #1069, .F. ) ;
#1172 = CARTESIAN_POINT ( 'NONE',  ( 15.01606318754601332, 13.98360090365681430, 27.86046659525289115 ) ) ;
#1173 = CARTESIAN_POINT ( 'NONE',  ( 22.81779402615708463, 13.98360090365681430, 45.85653440711836737 ) ) ;
#1174 = CARTESIAN_POINT ( 'NONE',  ( 2.440055399077913023, 35.96360090365681828, 47.43153440711836311 ) ) ;
#1175 = DIRECTION ( 'NONE',  ( -1.000000000000000000, 1.309225264888156377E-16, 9.637352644315597708E-17 ) ) ;
#1176 = EDGE_LOOP ( 'NONE', ( #12, #2446, #599, #2237 ) ) ;
#1177 = CIRCLE ( 'NONE', #299, 7.071067811865471064 ) ;
#1178 = DIRECTION ( 'NONE',  ( -0.0000000000000000000, -0.0000000000000000000, -1.000000000000000000 ) ) ;
#1179 = EDGE_LOOP ( 'NONE', ( #96, #1700, #186, #718, #438 ) ) ;
#1180 = LINE ( 'NONE', #2048, #780 ) ;
#1181 = DIRECTION ( 'NONE',  ( 1.000000000000000000, -1.309225264888156377E-16, -9.637352644315598941E-17 ) ) ;
#1182 = CARTESIAN_POINT ( 'NONE',  ( -30.57395481651906266, 17.48360090365669706, 21.99449320884148307 ) ) ;
#1183 = CIRCLE ( 'NONE', #2493, 3.050000000000014477 ) ;
#1184 = ORIENTED_EDGE ( 'NONE', *, *, #1856, .T. ) ;
#1185 = VECTOR ( 'NONE', #1969, 1000.000000000000000 ) ;
#1186 = EDGE_CURVE ( 'NONE', #505, #114, #273, .T. ) ;
#1187 = CARTESIAN_POINT ( 'NONE',  ( -31.38006476111553766, 18.09873174045050703, 22.87134503481015813 ) ) ;
#1188 = CARTESIAN_POINT ( 'NONE',  ( 25.54366636062952622, 11.98360090365681430, 26.93153440711836666 ) ) ;
#1189 = DIRECTION ( 'NONE',  ( 0.0000000000000000000, 1.000000000000000000, 0.0000000000000000000 ) ) ;
#1190 = DIRECTION ( 'NONE',  ( 0.0000000000000000000, 0.0000000000000000000, 1.000000000000000000 ) ) ;
#1191 = CARTESIAN_POINT ( 'NONE',  ( -29.56076137877644783, 17.48360090365682140, 47.64809865653435139 ) ) ;
#1192 = EDGE_LOOP ( 'NONE', ( #1664, #1689, #615, #73 ) ) ;
#1193 = EDGE_CURVE ( 'NONE', #1967, #811, #1466, .T. ) ;
#1194 = CARTESIAN_POINT ( 'NONE',  ( 18.54366636062952622, 11.98360090365681430, 47.23153440711835316 ) ) ;
#1195 = CARTESIAN_POINT ( 'NONE',  ( -29.56076139503434064, 17.48360090365682495, 22.21497991441128050 ) ) ;
#1196 = ORIENTED_EDGE ( 'NONE', *, *, #2428, .T. ) ;
#1197 = ORIENTED_EDGE ( 'NONE', *, *, #2506, .F. ) ;
#1198 = EDGE_CURVE ( 'NONE', #220, #1878, #2494, .T. ) ;
#1199 = ORIENTED_EDGE ( 'NONE', *, *, #2595, .F. ) ;
#1200 = ORIENTED_EDGE ( 'NONE', *, *, #2376, .F. ) ;
#1201 = CARTESIAN_POINT ( 'NONE',  ( -1.559944600922095637, 5.483600903656813408, 65.53153440711837163 ) ) ;
#1202 = FACE_OUTER_BOUND ( 'NONE', #772, .T. ) ;
#1203 = CARTESIAN_POINT ( 'NONE',  ( -1.458117675747397479, 15.18144488229876998, 54.29098665661819467 ) ) ;
#1204 = CYLINDRICAL_SURFACE ( 'NONE', #1156, 3.050000000000010925 ) ;
#1205 = VERTEX_POINT ( 'NONE', #1617 ) ;
#1206 = CIRCLE ( 'NONE', #412, 4.000000000000003553 ) ;
#1207 = CYLINDRICAL_SURFACE ( 'NONE', #2512, 3.049999999999990052 ) ;
#1208 = ORIENTED_EDGE ( 'NONE', *, *, #334, .F. ) ;
#1209 = VECTOR ( 'NONE', #717, 1000.000000000000000 ) ;
#1210 = CARTESIAN_POINT ( 'NONE',  ( -43.55994460092209408, 66.44360090365680094, 65.53153440711842848 ) ) ;
#1211 = CARTESIAN_POINT ( 'NONE',  ( -31.33378140122285060, 18.06360090365593152, 22.21497032885594791 ) ) ;
#1212 = LINE ( 'NONE', #2046, #1970 ) ;
#1213 = ORIENTED_EDGE ( 'NONE', *, *, #2372, .F. ) ;
#1214 = CYLINDRICAL_SURFACE ( 'NONE', #963, 4.000000000000003553 ) ;
#1215 = CARTESIAN_POINT ( 'NONE',  ( -32.55994460092210119, 20.48360090365682495, 17.92824671921744084 ) ) ;
#1216 = CARTESIAN_POINT ( 'NONE',  ( 25.54366636062952622, 8.983600903656814296, 42.93153440711837021 ) ) ;
#1217 = EDGE_CURVE ( 'NONE', #2607, #289, #1121, .T. ) ;
#1218 = VERTEX_POINT ( 'NONE', #1986 ) ;
#1219 = CARTESIAN_POINT ( 'NONE',  ( -31.38529777743347893, 18.10282670583800169, 21.78184217228707098 ) ) ;
#1220 = AXIS2_PLACEMENT_3D ( 'NONE', #549, #520, #1910 ) ;
#1221 = DIRECTION ( 'NONE',  ( -1.000000000000000000, 1.309225264888156377E-16, 9.637352644315600173E-17 ) ) ;
#1222 = CARTESIAN_POINT ( 'NONE',  ( -43.55994460092210119, 48.46360090365682538, 25.48153440711836382 ) ) ;
#1223 = CARTESIAN_POINT ( 'NONE',  ( -1.559944600922096747, 15.48360090365681074, 54.78363426336660780 ) ) ;
#1224 = APPROVAL ( #503, 'UNSPECIFIED' ) ;
#1225 = ORIENTED_EDGE ( 'NONE', *, *, #1809, .F. ) ;
#1226 = CARTESIAN_POINT ( 'NONE',  ( 15.01606318754601332, 8.983600903656814296, 34.93153440711837021 ) ) ;
#1227 = VERTEX_POINT ( 'NONE', #1993 ) ;
#1228 = CARTESIAN_POINT ( 'NONE',  ( -32.37272036684665721, 19.43063516812551939, 51.02790239114770543 ) ) ;
#1229 = VERTEX_POINT ( 'NONE', #2199 ) ;
#1230 = EDGE_CURVE ( 'NONE', #557, #1829, #1895, .T. ) ;
#1231 = CARTESIAN_POINT ( 'NONE',  ( 24.48005539907789796, 23.46360090365681117, 47.43153440711834889 ) ) ;
#1232 = EDGE_LOOP ( 'NONE', ( #2140, #1671, #1881, #1318 ) ) ;
#1233 = CARTESIAN_POINT ( 'NONE',  ( -1.559944600922096303, 15.48360090365680719, 54.93153440711837021 ) ) ;
#1234 = AXIS2_PLACEMENT_3D ( 'NONE', #237, #1249, #835 ) ;
#1235 = DATE_AND_TIME ( #1645, #1268 ) ;
#1236 = CARTESIAN_POINT ( 'NONE',  ( 22.81779402615708463, 7.983600903656813408, 44.45653440711836879 ) ) ;
#1237 = EDGE_LOOP ( 'NONE', ( #253, #2440 ) ) ;
#1238 = LINE ( 'NONE', #391, #534 ) ;
#1239 = AXIS2_PLACEMENT_3D ( 'NONE', #1049, #1459, #50 ) ;
#1240 = ORIENTED_EDGE ( 'NONE', *, *, #55, .F. ) ;
#1241 = LINE ( 'NONE', #306, #937 ) ;
#1242 = DIRECTION ( 'NONE',  ( 0.0000000000000000000, 0.0000000000000000000, 1.000000000000000000 ) ) ;
#1243 = CARTESIAN_POINT ( 'NONE',  ( 25.54366636062952622, 9.983600903656814296, 42.93153440711837021 ) ) ;
#1244 = ORIENTED_EDGE ( 'NONE', *, *, #2018, .T. ) ;
#1245 = VECTOR ( 'NONE', #351, 1000.000000000000000 ) ;
#1246 = LINE ( 'NONE', #2170, #1276 ) ;
#1247 = CARTESIAN_POINT ( 'NONE',  ( 21.46343028543363829, 13.98360090365681430, 39.93153440711836311 ) ) ;
#1248 = VECTOR ( 'NONE', #688, 1000.000000000000000 ) ;
#1249 = DIRECTION ( 'NONE',  ( 0.0000000000000000000, 1.000000000000000000, -0.0000000000000000000 ) ) ;
#1250 = VERTEX_POINT ( 'NONE', #1188 ) ;
#1251 = DIRECTION ( 'NONE',  ( 0.0000000000000000000, 0.0000000000000000000, 1.000000000000000000 ) ) ;
#1252 = EDGE_CURVE ( 'NONE', #429, #1458, #1655, .T. ) ;
#1253 = CARTESIAN_POINT ( 'NONE',  ( -32.55994460092210119, 23.46360090365681828, 47.43153440711835600 ) ) ;
#1254 = EDGE_CURVE ( 'NONE', #2607, #816, #410, .T. ) ;
#1255 = DIRECTION ( 'NONE',  ( 0.0000000000000000000, 0.0000000000000000000, 1.000000000000000000 ) ) ;
#1256 = DIRECTION ( 'NONE',  ( 1.000000000000000000, 0.0000000000000000000, -0.0000000000000000000 ) ) ;
#1257 = EDGE_LOOP ( 'NONE', ( #885, #1831, #555, #1259 ) ) ;
#1258 = DIRECTION ( 'NONE',  ( 0.0000000000000000000, -1.000000000000000000, 0.0000000000000000000 ) ) ;
#1259 = ORIENTED_EDGE ( 'NONE', *, *, #641, .T. ) ;
#1260 = CARTESIAN_POINT ( 'NONE',  ( -0.6749766529089243905, 8.689287396345322989, 16.59666804717630839 ) ) ;
#1261 = ORIENTED_EDGE ( 'NONE', *, *, #2456, .F. ) ;
#1262 = ORIENTED_EDGE ( 'NONE', *, *, #1739, .F. ) ;
#1263 = PLANE ( 'NONE',  #698 ) ;
#1264 = EDGE_LOOP ( 'NONE', ( #2586, #1605, #2111, #67 ) ) ;
#1265 = EDGE_LOOP ( 'NONE', ( #1836, #2257, #1584, #1426 ) ) ;
#1266 = EDGE_CURVE ( 'NONE', #130, #739, #2060, .T. ) ;
#1267 = CIRCLE ( 'NONE', #1959, 7.071067811865471064 ) ;
#1268 = LOCAL_TIME ( 16, 25, 17.00000000000000000, #2266 ) ;
#1269 = AXIS2_PLACEMENT_3D ( 'NONE', #591, #2208, #1384 ) ;
#1270 = ORIENTED_EDGE ( 'NONE', *, *, #787, .T. ) ;
#1271 = VERTEX_POINT ( 'NONE', #178 ) ;
#1272 = LINE ( 'NONE', #929, #1408 ) ;
#1273 = DIRECTION ( 'NONE',  ( -0.0000000000000000000, 1.000000000000000000, -0.0000000000000000000 ) ) ;
#1274 = VECTOR ( 'NONE', #2131, 1000.000000000000000 ) ;
#1275 = VECTOR ( 'NONE', #2429, 1000.000000000000000 ) ;
#1276 = VECTOR ( 'NONE', #2003, 1000.000000000000000 ) ;
#1277 = VERTEX_POINT ( 'NONE', #2453 ) ;
#1278 = CIRCLE ( 'NONE', #1629, 7.071067811865471064 ) ;
#1279 = DIRECTION ( 'NONE',  ( 0.0000000000000000000, -1.000000000000000000, 0.0000000000000000000 ) ) ;
#1280 = CARTESIAN_POINT ( 'NONE',  ( -29.55994460092209053, 20.48360090365680009, 218.3315344071183972 ) ) ;
#1281 = CARTESIAN_POINT ( 'NONE',  ( -29.55994460092210829, 17.48360090365682140, 23.08122664194966234 ) ) ;
#1282 = EDGE_CURVE ( 'NONE', #2358, #1482, #1682, .T. ) ;
#1283 = APPLICATION_PROTOCOL_DEFINITION ( 'international standard', 'config_control_design', 1994, #926 ) ;
#1284 = AXIS2_PLACEMENT_3D ( 'NONE', #2328, #1942, #722 ) ;
#1285 = PLANE ( 'NONE',  #2416 ) ;
#1286 = AXIS2_PLACEMENT_3D ( 'NONE', #1657, #1073, #886 ) ;
#1287 = DIRECTION ( 'NONE',  ( 0.0000000000000000000, 0.0000000000000000000, -1.000000000000000000 ) ) ;
#1288 = ORIENTED_EDGE ( 'NONE', *, *, #1186, .T. ) ;
#1289 = ORIENTED_EDGE ( 'NONE', *, *, #372, .F. ) ;
#1290 = DIRECTION ( 'NONE',  ( -1.000000000000000000, 1.994306155430570396E-32, 9.340818716798195839E-17 ) ) ;
#1291 = DIRECTION ( 'NONE',  ( 0.0000000000000000000, 0.0000000000000000000, -1.000000000000000000 ) ) ;
#1292 = EDGE_LOOP ( 'NONE', ( #1526, #1070, #2580, #51 ) ) ;
#1293 = ORIENTED_EDGE ( 'NONE', *, *, #2542, .T. ) ;
#1294 = CARTESIAN_POINT ( 'NONE',  ( -0.5625332598309921162, 8.754388706354497174, 16.66732401469020175 ) ) ;
#1295 = CARTESIAN_POINT ( 'NONE',  ( 18.54366636062952622, 11.98360090365681430, 41.93153440711834889 ) ) ;
#1296 = DIRECTION ( 'NONE',  ( 0.0000000000000000000, 0.0000000000000000000, -1.000000000000000000 ) ) ;
#1297 = EDGE_CURVE ( 'NONE', #1415, #480, #597, .T. ) ;
#1298 = CARTESIAN_POINT ( 'NONE',  ( 18.54366636062952622, 9.983600903656814296, 47.23153440711835316 ) ) ;
#1299 = ORIENTED_EDGE ( 'NONE', *, *, #421, .F. ) ;
#1300 = DIRECTION ( 'NONE',  ( 0.0000000000000000000, 1.000000000000000000, 1.200962406445481759E-16 ) ) ;
#1301 = ORIENTED_EDGE ( 'NONE', *, *, #738, .F. ) ;
#1302 = DIRECTION ( 'NONE',  ( -0.0000000000000000000, 0.0000000000000000000, -1.000000000000000000 ) ) ;
#1303 = AXIS2_PLACEMENT_3D ( 'NONE', #727, #124, #336 ) ;
#1304 = VERTEX_POINT ( 'NONE', #1609 ) ;
#1305 = FACE_OUTER_BOUND ( 'NONE', #1698, .T. ) ;
#1306 = VECTOR ( 'NONE', #2397, 1000.000000000000000 ) ;
#1307 = LINE ( 'NONE', #1675, #1248 ) ;
#1308 = CARTESIAN_POINT ( 'NONE',  ( 22.81779402615708463, 11.98360090365681430, 45.85653440711836737 ) ) ;
#1309 = ADVANCED_FACE ( 'NONE', ( #1553 ), #1461, .F. ) ;
#1310 = ORIENTED_EDGE ( 'NONE', *, *, #1166, .F. ) ;
#1311 = DIRECTION ( 'NONE',  ( 0.0000000000000000000, 1.000000000000000000, 0.0000000000000000000 ) ) ;
#1312 = PLANE ( 'NONE',  #1448 ) ;
#1313 = CARTESIAN_POINT ( 'NONE',  ( 22.81366636062952580, 8.983600903656814296, 25.40653440711836808 ) ) ;
#1314 = EDGE_CURVE ( 'NONE', #1619, #2300, #2239, .T. ) ;
#1315 = ADVANCED_FACE ( 'NONE', ( #2598 ), #1207, .F. ) ;
#1316 = EDGE_LOOP ( 'NONE', ( #1184, #2050, #2294, #1167 ) ) ;
#1317 = AXIS2_PLACEMENT_3D ( 'NONE', #389, #419, #791 ) ;
#1318 = ORIENTED_EDGE ( 'NONE', *, *, #241, .F. ) ;
#1319 = CARTESIAN_POINT ( 'NONE',  ( -32.01696087659817636, 18.75821041693715330, 19.77534509051873357 ) ) ;
#1320 = ORIENTED_EDGE ( 'NONE', *, *, #942, .F. ) ;
#1321 = DIRECTION ( 'NONE',  ( 0.0000000000000000000, 0.0000000000000000000, 1.000000000000000000 ) ) ;
#1322 = ORIENTED_EDGE ( 'NONE', *, *, #979, .T. ) ;
#1323 = VERTEX_POINT ( 'NONE', #28 ) ;
#1324 = ORIENTED_EDGE ( 'NONE', *, *, #203, .F. ) ;
#1325 = ORIENTED_EDGE ( 'NONE', *, *, #1604, .F. ) ;
#1326 = ADVANCED_FACE ( 'NONE', ( #2272 ), #2464, .F. ) ;
#1327 = ADVANCED_FACE ( 'NONE', ( #2084 ), #1873, .F. ) ;
#1328 = CARTESIAN_POINT ( 'NONE',  ( -1.457689823815511820, 7.786730825440791648, 54.28973717210794803 ) ) ;
#1329 = CARTESIAN_POINT ( 'NONE',  ( -43.55994460092210119, 66.44360090365681515, 4.331534407118368790 ) ) ;
#1330 = EDGE_CURVE ( 'NONE', #1512, #2043, #1524, .T. ) ;
#1331 = VECTOR ( 'NONE', #998, 1000.000000000000000 ) ;
#1332 = LOCAL_TIME ( 16, 25, 17.00000000000000000, #1433 ) ;
#1333 = VERTEX_POINT ( 'NONE', #1653 ) ;
#1334 = ORIENTED_EDGE ( 'NONE', *, *, #2002, .T. ) ;
#1335 = CIRCLE ( 'NONE', #894, 2.000000000000001776 ) ;
#1336 = EDGE_CURVE ( 'NONE', #811, #1967, #1411, .T. ) ;
#1337 = CARTESIAN_POINT ( 'NONE',  ( 19.13398304242149450, 8.983600903656814296, 40.67981554749609785 ) ) ;
#1338 = VECTOR ( 'NONE', #1598, 1000.000000000000000 ) ;
#1339 = CYLINDRICAL_SURFACE ( 'NONE', #1431, 1.399999999999998579 ) ;
#1340 = DIRECTION ( 'NONE',  ( -1.000000000000000000, 0.0000000000000000000, 8.393823270855518755E-17 ) ) ;
#1341 = AXIS2_PLACEMENT_3D ( 'NONE', #596, #1799, #369 ) ;
#1342 = VERTEX_POINT ( 'NONE', #1840 ) ;
#1343 = VECTOR ( 'NONE', #2552, 1000.000000000000000 ) ;
#1344 = DIRECTION ( 'NONE',  ( 1.000000000000000000, -1.309225264888156377E-16, -9.637352644315598941E-17 ) ) ;
#1345 = DIRECTION ( 'NONE',  ( 9.920804192677813919E-17, -1.200962406445481512E-16, 1.000000000000000000 ) ) ;
#1346 = ADVANCED_FACE ( 'NONE', ( #345 ), #206, .F. ) ;
#1347 = ORIENTED_EDGE ( 'NONE', *, *, #692, .F. ) ;
#1348 = CARTESIAN_POINT ( 'NONE',  ( -1.319494133618493104, 14.91839714442348175, 15.88930782255875940 ) ) ;
#1349 = CARTESIAN_POINT ( 'NONE',  ( -32.01696087659814083, 18.75821041693712132, 44.77534509051877620 ) ) ;
#1350 = CARTESIAN_POINT ( 'NONE',  ( -43.55994460092210119, 70.48360090365682140, 4.331534407118369678 ) ) ;
#1351 = EDGE_CURVE ( 'NONE', #156, #1400, #1966, .T. ) ;
#1352 = DIRECTION ( 'NONE',  ( 0.0000000000000000000, 0.0000000000000000000, 1.000000000000000000 ) ) ;
#1353 = ORIENTED_EDGE ( 'NONE', *, *, #2098, .T. ) ;
#1354 = DIRECTION ( 'NONE',  ( 0.0000000000000000000, -1.000000000000000000, 0.0000000000000000000 ) ) ;
#1355 = ADVANCED_FACE ( 'NONE', ( #1935 ), #1151, .F. ) ;
#1356 = ORIENTED_EDGE ( 'NONE', *, *, #390, .F. ) ;
#1357 = PLANE ( 'NONE',  #2394 ) ;
#1358 = CARTESIAN_POINT ( 'NONE',  ( 0.3765470721816113198, 13.98360090365681430, 52.93254298832367510 ) ) ;
#1359 = ORIENTED_EDGE ( 'NONE', *, *, #551, .F. ) ;
#1360 = DIRECTION ( 'NONE',  ( 0.0000000000000000000, -1.000000000000000000, 0.0000000000000000000 ) ) ;
#1361 = CARTESIAN_POINT ( 'NONE',  ( -31.38529777743345761, 18.10282670583798748, 46.78184217228718467 ) ) ;
#1362 = CARTESIAN_POINT ( 'NONE',  ( -43.55994460092209408, 66.44360090365680094, 65.53153440711842848 ) ) ;
#1363 = ORIENTED_EDGE ( 'NONE', *, *, #977, .F. ) ;
#1364 = CARTESIAN_POINT ( 'NONE',  ( -32.55994460092210119, 20.48360090365682140, 42.92824671921743374 ) ) ;
#1365 = ORIENTED_EDGE ( 'NONE', *, *, #1513, .F. ) ;
#1366 = FACE_BOUND ( 'NONE', #2031, .T. ) ;
#1367 = EDGE_CURVE ( 'NONE', #2290, #1642, #142, .T. ) ;
#1368 = LINE ( 'NONE', #2563, #821 ) ;
#1369 = CARTESIAN_POINT ( 'NONE',  ( -30.58422190682283315, 17.48360090365682140, 21.78184217228707098 ) ) ;
#1370 = ORIENTED_EDGE ( 'NONE', *, *, #2264, .T. ) ;
#1371 = VECTOR ( 'NONE', #2202, 1000.000000000000000 ) ;
#1372 = CARTESIAN_POINT ( 'NONE',  ( -31.33378140122401589, 18.06360090365681614, 47.43153440714037572 ) ) ;
#1373 = ADVANCED_FACE ( 'NONE', ( #878 ), #1263, .F. ) ;
#1374 = CIRCLE ( 'NONE', #154, 2.999999999999999112 ) ;
#1375 = AXIS2_PLACEMENT_3D ( 'NONE', #245, #465, #1853 ) ;
#1376 = ORIENTED_EDGE ( 'NONE', *, *, #40, .T. ) ;
#1377 = LINE ( 'NONE', #1086, #2345 ) ;
#1378 = CARTESIAN_POINT ( 'NONE',  ( 25.54366636062952622, 9.983600903656814296, 47.23153440711835316 ) ) ;
#1379 = ORIENTED_EDGE ( 'NONE', *, *, #1925, .F. ) ;
#1380 = CARTESIAN_POINT ( 'NONE',  ( 22.54366636062951557, 8.983600903656814296, 42.93153440711837732 ) ) ;
#1381 = DIRECTION ( 'NONE',  ( 0.0000000000000000000, -1.000000000000000000, 0.0000000000000000000 ) ) ;
#1382 = AXIS2_PLACEMENT_3D ( 'NONE', #1893, #290, #900 ) ;
#1383 = LINE ( 'NONE', #323, #2094 ) ;
#1384 = DIRECTION ( 'NONE',  ( 0.0000000000000000000, -1.000000000000000000, 0.0000000000000000000 ) ) ;
#1385 = ORIENTED_EDGE ( 'NONE', *, *, #2542, .F. ) ;
#1386 = EDGE_CURVE ( 'NONE', #740, #1229, #79, .T. ) ;
#1387 = DIRECTION ( 'NONE',  ( 0.0000000000000000000, 0.0000000000000000000, 1.000000000000000000 ) ) ;
#1388 = CARTESIAN_POINT ( 'NONE',  ( -32.37158757110702112, 19.42750079342305725, 43.83861708863233275 ) ) ;
#1389 = FACE_BOUND ( 'NONE', #1918, .T. ) ;
#1390 = EDGE_LOOP ( 'NONE', ( #970, #309, #1582, #948 ) ) ;
#1391 = EDGE_CURVE ( 'NONE', #2210, #1542, #626, .T. ) ;
#1392 = ORIENTED_EDGE ( 'NONE', *, *, #2555, .F. ) ;
#1393 = LINE ( 'NONE', #2253, #1564 ) ;
#1394 = DIRECTION ( 'NONE',  ( -1.000000000000000000, 0.0000000000000000000, 0.0000000000000000000 ) ) ;
#1395 = EDGE_LOOP ( 'NONE', ( #1385, #2172, #1578, #1638 ) ) ;
#1396 = ORIENTED_EDGE ( 'NONE', *, *, #102, .T. ) ;
#1397 = CARTESIAN_POINT ( 'NONE',  ( -31.33378140122401589, 18.06360090365681614, 22.43153440714038638 ) ) ;
#1398 = AXIS2_PLACEMENT_3D ( 'NONE', #442, #2013, #1842 ) ;
#1399 = CARTESIAN_POINT ( 'NONE',  ( -31.56072166146399383, 18.24103774471957706, 23.85718269601483144 ) ) ;
#1400 = VERTEX_POINT ( 'NONE', #2503 ) ;
#1401 = CARTESIAN_POINT ( 'NONE',  ( -32.55994460092210119, 20.48360090365682495, 26.93482209501929248 ) ) ;
#1402 = PRODUCT_DEFINITION_SHAPE ( 'NONE', 'NONE',  #2164 ) ;
#1403 = DIRECTION ( 'NONE',  ( -1.000000000000000000, 1.994306155430570396E-32, 9.340818716798195839E-17 ) ) ;
#1404 = CARTESIAN_POINT ( 'NONE',  ( -1.559944600922095193, 7.483600903656819625, 54.85780815803607169 ) ) ;
#1405 = FACE_OUTER_BOUND ( 'NONE', #1834, .T. ) ;
#1406 = CARTESIAN_POINT ( 'NONE',  ( -29.56076137877644783, 17.48360090365682140, 47.21497015770237482 ) ) ;
#1407 = ORIENTED_EDGE ( 'NONE', *, *, #2203, .F. ) ;
#1408 = VECTOR ( 'NONE', #1123, 1000.000000000000000 ) ;
#1409 = DIRECTION ( 'NONE',  ( 0.0000000000000000000, 0.0000000000000000000, 1.000000000000000000 ) ) ;
#1410 = CARTESIAN_POINT ( 'NONE',  ( 25.54366636062952622, 9.983600903656814296, 47.23153440711835316 ) ) ;
#1411 = CIRCLE ( 'NONE', #179, 3.049999999999990052 ) ;
#1412 = LINE ( 'NONE', #225, #1875 ) ;
#1413 = EDGE_CURVE ( 'NONE', #1060, #1507, #690, .T. ) ;
#1414 = FACE_OUTER_BOUND ( 'NONE', #407, .T. ) ;
#1415 = VERTEX_POINT ( 'NONE', #1281 ) ;
#1416 = AXIS2_PLACEMENT_3D ( 'NONE', #2593, #1178, #2584 ) ;
#1417 = DIRECTION ( 'NONE',  ( 0.0000000000000000000, -1.000000000000000000, 0.0000000000000000000 ) ) ;
#1418 = PLANE ( 'NONE',  #1317 ) ;
#1419 = DIRECTION ( 'NONE',  ( 0.0000000000000000000, -1.000000000000000000, 0.0000000000000000000 ) ) ;
#1420 = CARTESIAN_POINT ( 'NONE',  ( -32.55994460092210119, 18.06360090365681614, 47.43153440711835600 ) ) ;
#1421 = DIRECTION ( 'NONE',  ( 1.000000000000000000, -0.0000000000000000000, -0.0000000000000000000 ) ) ;
#1422 = CARTESIAN_POINT ( 'NONE',  ( -29.55994460092210829, 17.48360090365682495, 4.331534407118363461 ) ) ;
#1423 = EDGE_LOOP ( 'NONE', ( #1815, #560 ) ) ;
#1424 = EDGE_CURVE ( 'NONE', #220, #1619, #506, .T. ) ;
#1425 = CARTESIAN_POINT ( 'NONE',  ( 22.54366636062952622, 13.98360090365681430, 39.93153440711836311 ) ) ;
#1426 = ORIENTED_EDGE ( 'NONE', *, *, #575, .F. ) ;
#1427 = DIRECTION ( 'NONE',  ( 1.000000000000000000, -0.0000000000000000000, -0.0000000000000000000 ) ) ;
#1428 = ORIENTED_EDGE ( 'NONE', *, *, #1386, .F. ) ;
#1429 = ORIENTED_EDGE ( 'NONE', *, *, #2264, .F. ) ;
#1430 = DIRECTION ( 'NONE',  ( 0.0000000000000000000, 1.000000000000000000, 0.0000000000000000000 ) ) ;
#1431 = AXIS2_PLACEMENT_3D ( 'NONE', #1614, #624, #1255 ) ;
#1432 = CARTESIAN_POINT ( 'NONE',  ( -1.328460470734492693, 14.92023579318125570, 53.96934867199647812 ) ) ;
#1433 = COORDINATED_UNIVERSAL_TIME_OFFSET ( 0, 0, .AHEAD. ) ;
#1434 = ORIENTED_EDGE ( 'NONE', *, *, #1103, .T. ) ;
#1435 = DIRECTION ( 'NONE',  ( 0.0000000000000000000, 0.0000000000000000000, 1.000000000000000000 ) ) ;
#1436 = VECTOR ( 'NONE', #824, 1000.000000000000000 ) ;
#1437 = EDGE_LOOP ( 'NONE', ( #1392, #2558, #1734, #997 ) ) ;
#1438 = LINE ( 'NONE', #216, #1275 ) ;
#1439 = DIRECTION ( 'NONE',  ( 0.0000000000000000000, 0.0000000000000000000, 1.000000000000000000 ) ) ;
#1440 = LINE ( 'NONE', #1705, #2030 ) ;
#1441 = ORIENTED_EDGE ( 'NONE', *, *, #2134, .T. ) ;
#1442 = CIRCLE ( 'NONE', #482, 1.399999999999998579 ) ;
#1443 = DIRECTION ( 'NONE',  ( 0.0000000000000000000, -1.000000000000000000, 0.0000000000000000000 ) ) ;
#1444 = DIRECTION ( 'NONE',  ( 0.0000000000000000000, 0.0000000000000000000, 1.000000000000000000 ) ) ;
#1445 = EDGE_CURVE ( 'NONE', #2210, #854, #2560, .T. ) ;
#1446 = VERTEX_POINT ( 'NONE', #1472 ) ;
#1447 = CARTESIAN_POINT ( 'NONE',  ( -43.55994460092209408, 35.96360090365681828, 47.43153440711837021 ) ) ;
#1448 = AXIS2_PLACEMENT_3D ( 'NONE', #319, #2504, #1300 ) ;
#1449 = DIRECTION ( 'NONE',  ( 0.0000000000000000000, 0.0000000000000000000, 1.000000000000000000 ) ) ;
#1450 = DIRECTION ( 'NONE',  ( -1.000000000000000000, 1.994306155430570396E-32, 9.340818716798195839E-17 ) ) ;
#1451 = DIRECTION ( 'NONE',  ( 0.0000000000000000000, -1.000000000000000000, 0.0000000000000000000 ) ) ;
#1452 = DIRECTION ( 'NONE',  ( -1.000000000000000000, 0.0000000000000000000, 0.0000000000000000000 ) ) ;
#1453 = ORIENTED_EDGE ( 'NONE', *, *, #403, .T. ) ;
#1454 = CARTESIAN_POINT ( 'NONE',  ( -29.55994460092210474, 17.48360090365681785, 65.53153440711842848 ) ) ;
#1455 = EDGE_LOOP ( 'NONE', ( #2165, #802, #1347, #262 ) ) ;
#1456 = EDGE_CURVE ( 'NONE', #147, #2358, #278, .T. ) ;
#1457 = DIRECTION ( 'NONE',  ( -9.637352644315595243E-17, 2.135044278125300603E-16, -1.000000000000000000 ) ) ;
#1458 = VERTEX_POINT ( 'NONE', #1687 ) ;
#1459 = DIRECTION ( 'NONE',  ( 0.0000000000000000000, 1.000000000000000000, 0.0000000000000000000 ) ) ;
#1460 = EDGE_CURVE ( 'NONE', #752, #1920, #1278, .T. ) ;
#1461 = PLANE ( 'NONE',  #2380 ) ;
#1462 = CIRCLE ( 'NONE', #1234, 1.399999999999998579 ) ;
#1463 = CARTESIAN_POINT ( 'NONE',  ( -32.55994460092210829, 35.96360090365681828, 22.43153440711836666 ) ) ;
#1464 = EDGE_LOOP ( 'NONE', ( #2326, #1751, #2517, #1208, #1797, #2047, #2090, #2432 ) ) ;
#1465 = LINE ( 'NONE', #2495, #473 ) ;
#1466 = CIRCLE ( 'NONE', #1136, 3.049999999999990052 ) ;
#1467 = CARTESIAN_POINT ( 'NONE',  ( 25.54366636062952622, 13.98360090365681430, 42.93153440711837021 ) ) ;
#1468 = LINE ( 'NONE', #1467, #2086 ) ;
#1469 = PLANE ( 'NONE',  #1591 ) ;
#1470 = CARTESIAN_POINT ( 'NONE',  ( 19.13398304242149095, 13.98360090365681430, 29.18325326674063547 ) ) ;
#1471 = ORIENTED_EDGE ( 'NONE', *, *, #947, .T. ) ;
#1472 = CARTESIAN_POINT ( 'NONE',  ( -32.55994460092210119, 23.46360090365682183, 50.48153440711835316 ) ) ;
#1473 = EDGE_CURVE ( 'NONE', #1333, #2099, #212, .T. ) ;
#1474 = EDGE_CURVE ( 'NONE', #940, #1488, #2502, .T. ) ;
#1475 = PLANE ( 'NONE',  #2063 ) ;
#1476 = B_SPLINE_CURVE_WITH_KNOTS ( 'NONE', 3,
 ( #2383, #1616, #1406, #401, #1191, #183, #2220 ),
 .UNSPECIFIED., .F., .F.,
 ( 4, 3, 4 ),
 ( 0.0000000000000000000, 0.0006496927482479697685, 0.001299385496495939537 ),
 .UNSPECIFIED. ) ;
#1477 = AXIS2_PLACEMENT_3D ( 'NONE', #1038, #853, #205 ) ;
#1478 = FACE_BOUND ( 'NONE', #15, .T. ) ;
#1479 = CARTESIAN_POINT ( 'NONE',  ( 18.54366636062952622, 11.98360090365681430, 22.63153440711835529 ) ) ;
#1480 = ORIENTED_EDGE ( 'NONE', *, *, #1888, .T. ) ;
#1481 = DIRECTION ( 'NONE',  ( -1.000000000000000000, 0.0000000000000000000, 0.0000000000000000000 ) ) ;
#1482 = VERTEX_POINT ( 'NONE', #513 ) ;
#1483 = ORIENTED_EDGE ( 'NONE', *, *, #2173, .F. ) ;
#1484 = EDGE_CURVE ( 'NONE', #2073, #1727, #1307, .T. ) ;
#1485 = DIRECTION ( 'NONE',  ( 0.0000000000000000000, 0.0000000000000000000, 1.000000000000000000 ) ) ;
#1486 = AXIS2_PLACEMENT_3D ( 'NONE', #1539, #1175, #1763 ) ;
#1487 = ORIENTED_EDGE ( 'NONE', *, *, #1026, .F. ) ;
#1488 = VERTEX_POINT ( 'NONE', #493 ) ;
#1489 = COORDINATED_UNIVERSAL_TIME_OFFSET ( 0, 0, .AHEAD. ) ;
#1490 = DIRECTION ( 'NONE',  ( -0.0000000000000000000, 1.000000000000000000, -0.0000000000000000000 ) ) ;
#1491 = VECTOR ( 'NONE', #2141, 1000.000000000000000 ) ;
#1492 = EDGE_LOOP ( 'NONE', ( #2000, #32, #2426, #2181, #545 ) ) ;
#1493 = CIRCLE ( 'NONE', #644, 2.000000000000000000 ) ;
#1494 = DIRECTION ( 'NONE',  ( 0.0000000000000000000, 0.0000000000000000000, 1.000000000000000000 ) ) ;
#1495 = LINE ( 'NONE', #1721, #911 ) ;
#1496 = ORIENTED_EDGE ( 'NONE', *, *, #2595, .T. ) ;
#1497 = VECTOR ( 'NONE', #1702, 1000.000000000000000 ) ;
#1498 = CARTESIAN_POINT ( 'NONE',  ( -43.55994460092210119, 66.44360090365681515, 4.331534407118368790 ) ) ;
#1499 = CARTESIAN_POINT ( 'NONE',  ( 15.01606318754601332, 13.98360090365681430, 34.93153440711837021 ) ) ;
#1500 = EDGE_CURVE ( 'NONE', #114, #33, #1377, .T. ) ;
#1501 = CIRCLE ( 'NONE', #108, 3.000000000000006217 ) ;
#1502 = DIRECTION ( 'NONE',  ( 0.0000000000000000000, 0.0000000000000000000, 1.000000000000000000 ) ) ;
#1503 = CARTESIAN_POINT ( 'NONE',  ( 22.81779402615708463, 13.98360090365681430, 44.45653440711836879 ) ) ;
#1504 = CARTESIAN_POINT ( 'NONE',  ( -0.3206860989291080988, 8.862810103628623537, 16.78610226889565382 ) ) ;
#1505 = ORIENTED_EDGE ( 'NONE', *, *, #260, .F. ) ;
#1506 = AXIS2_PLACEMENT_3D ( 'NONE', #2171, #1189, #2597 ) ;
#1507 = VERTEX_POINT ( 'NONE', #905 ) ;
#1508 = DIRECTION ( 'NONE',  ( 1.000000000000000000, 2.118135622597826445E-32, -9.920804192677813919E-17 ) ) ;
#1509 = EDGE_LOOP ( 'NONE', ( #224, #1016, #1320, #1949 ) ) ;
#1510 = APPLICATION_PROTOCOL_DEFINITION ( 'international standard', 'config_control_design', 1994, #2480 ) ;
#1511 = CARTESIAN_POINT ( 'NONE',  ( 25.54366636062952622, 11.98360090365681430, 47.23153440711835316 ) ) ;
#1512 = VERTEX_POINT ( 'NONE', #2066 ) ;
#1513 = EDGE_CURVE ( 'NONE', #2599, #1923, #310, .T. ) ;
#1514 = ORIENTED_EDGE ( 'NONE', *, *, #173, .F. ) ;
#1515 = EDGE_CURVE ( 'NONE', #2481, #1712, #2091, .T. ) ;
#1516 = CARTESIAN_POINT ( 'NONE',  ( 0.0000000000000000000, 0.0000000000000000000, 0.0000000000000000000 ) ) ;
#1517 = LINE ( 'NONE', #1201, #1000 ) ;
#1518 = DIRECTION ( 'NONE',  ( -0.0000000000000000000, 1.000000000000000000, -0.0000000000000000000 ) ) ;
#1519 = DATE_AND_TIME ( #2056, #44 ) ;
#1520 = CARTESIAN_POINT ( 'NONE',  ( -32.55994460092210119, 48.46360090365682538, 25.48153440711836382 ) ) ;
#1521 = AXIS2_PLACEMENT_3D ( 'NONE', #479, #1290, #2508 ) ;
#1522 = ORIENTED_EDGE ( 'NONE', *, *, #996, .F. ) ;
#1523 = VECTOR ( 'NONE', #453, 1000.000000000000000 ) ;
#1524 = CIRCLE ( 'NONE', #42, 7.071067811865471064 ) ;
#1525 = DIRECTION ( 'NONE',  ( -0.0000000000000000000, 1.000000000000000000, -0.0000000000000000000 ) ) ;
#1526 = ORIENTED_EDGE ( 'NONE', *, *, #588, .T. ) ;
#1527 = VECTOR ( 'NONE', #2310, 1000.000000000000000 ) ;
#1528 = CARTESIAN_POINT ( 'NONE',  ( 18.54366636062952622, 9.983600903656814296, 27.93153440711835245 ) ) ;
#1529 = ADVANCED_FACE ( 'NONE', ( #450 ), #1916, .T. ) ;
#1530 = ORIENTED_EDGE ( 'NONE', *, *, #909, .F. ) ;
#1531 = ADVANCED_FACE ( 'NONE', ( #913 ), #1559, .F. ) ;
#1532 = CARTESIAN_POINT ( 'NONE',  ( 25.54366636062952622, 13.98360090365681430, 16.93153440711836666 ) ) ;
#1533 = DIRECTION ( 'NONE',  ( 1.000000000000000000, -0.0000000000000000000, -0.0000000000000000000 ) ) ;
#1534 = EDGE_CURVE ( 'NONE', #129, #957, #723, .T. ) ;
#1535 = AXIS2_PLACEMENT_3D ( 'NONE', #2009, #2194, #2385 ) ;
#1536 = ADVANCED_FACE ( 'NONE', ( #2567 ), #1716, .F. ) ;
#1537 = CARTESIAN_POINT ( 'NONE',  ( -32.55994460092210119, 20.48360090365682495, 26.93482209501929248 ) ) ;
#1538 = ORIENTED_EDGE ( 'NONE', *, *, #1252, .F. ) ;
#1539 = CARTESIAN_POINT ( 'NONE',  ( -32.55994460092207987, 70.48360090365679298, 218.3315344071183972 ) ) ;
#1540 = ORIENTED_EDGE ( 'NONE', *, *, #2486, .F. ) ;
#1541 = APPROVAL_STATUS ( 'not_yet_approved' ) ;
#1542 = VERTEX_POINT ( 'NONE', #116 ) ;
#1543 = DIRECTION ( 'NONE',  ( -1.000000000000000000, 1.994306155430570396E-32, 9.340818716798195839E-17 ) ) ;
#1544 = CARTESIAN_POINT ( 'NONE',  ( -32.14479334738489769, 18.95636213106442369, 44.45146058840686010 ) ) ;
#1545 = EDGE_CURVE ( 'NONE', #902, #820, #2156, .T. ) ;
#1546 = DIRECTION ( 'NONE',  ( 1.000000000000000000, -0.0000000000000000000, -0.0000000000000000000 ) ) ;
#1547 = ADVANCED_FACE ( 'NONE', ( #2374 ), #1097, .F. ) ;
#1548 = DIRECTION ( 'NONE',  ( 1.000000000000000000, 0.0000000000000000000, 0.0000000000000000000 ) ) ;
#1549 = ORIENTED_EDGE ( 'NONE', *, *, #1735, .F. ) ;
#1550 = FACE_OUTER_BOUND ( 'NONE', #2469, .T. ) ;
#1551 = AXIS2_PLACEMENT_3D ( 'NONE', #1907, #1344, #921 ) ;
#1552 = CARTESIAN_POINT ( 'NONE',  ( 0.2294888479729447206, 13.98360090365681252, 16.92585375894568500 ) ) ;
#1553 = FACE_OUTER_BOUND ( 'NONE', #2166, .T. ) ;
#1554 = ORIENTED_EDGE ( 'NONE', *, *, #440, .T. ) ;
#1555 = DIRECTION ( 'NONE',  ( 0.0000000000000000000, 0.0000000000000000000, 1.000000000000000000 ) ) ;
#1556 = AXIS2_PLACEMENT_3D ( 'NONE', #2034, #31, #1444 ) ;
#1557 = FACE_BOUND ( 'NONE', #191, .T. ) ;
#1558 = EDGE_LOOP ( 'NONE', ( #1115, #2433, #632, #331, #1090 ) ) ;
#1559 = CYLINDRICAL_SURFACE ( 'NONE', #592, 1.399999999999998579 ) ;
#1560 = CARTESIAN_POINT ( 'NONE',  ( -30.57395482612235327, 17.48360090365682140, 22.86857778732075985 ) ) ;
#1561 = CARTESIAN_POINT ( 'NONE',  ( 25.37209348537572140, 11.98360090365681430, 27.93153440711835245 ) ) ;
#1562 = CARTESIAN_POINT ( 'NONE',  ( -1.530840302231360583, 15.38073621630447185, 15.27717574342646323 ) ) ;
#1563 = ADVANCED_FACE ( 'NONE', ( #1756 ), #1214, .T. ) ;
#1564 = VECTOR ( 'NONE', #1701, 1000.000000000000000 ) ;
#1565 = ADVANCED_FACE ( 'NONE', ( #383 ), #1044, .T. ) ;
#1566 = CARTESIAN_POINT ( 'NONE',  ( -1.492747002747374596, 7.699163179591701045, 54.40251071132104244 ) ) ;
#1567 = CARTESIAN_POINT ( 'NONE',  ( -32.55994460092211540, 20.14286256373904038, 43.15372648496349228 ) ) ;
#1568 = CARTESIAN_POINT ( 'NONE',  ( -1.559944600922095637, 17.48360090365682495, 65.53153440711837163 ) ) ;
#1569 = EDGE_CURVE ( 'NONE', #1142, #1342, #666, .T. ) ;
#1570 = VERTEX_POINT ( 'NONE', #1308 ) ;
#1571 = DIRECTION ( 'NONE',  ( 0.0000000000000000000, 0.0000000000000000000, 1.000000000000000000 ) ) ;
#1572 = AXIS2_PLACEMENT_3D ( 'NONE', #578, #1973, #1571 ) ;
#1573 = ORIENTED_EDGE ( 'NONE', *, *, #2236, .T. ) ;
#1574 = DIRECTION ( 'NONE',  ( 0.0000000000000000000, 1.000000000000000000, -0.0000000000000000000 ) ) ;
#1575 = ORIENTED_EDGE ( 'NONE', *, *, #1703, .T. ) ;
#1576 = DIRECTION ( 'NONE',  ( -1.000000000000000000, 1.994306155430570396E-32, 9.340818716798195839E-17 ) ) ;
#1577 = CARTESIAN_POINT ( 'NONE',  ( 2.440055399077905918, 35.96360090365681828, 22.43153440711836311 ) ) ;
#1578 = ORIENTED_EDGE ( 'NONE', *, *, #313, .T. ) ;
#1579 = CARTESIAN_POINT ( 'NONE',  ( -32.55994460092210829, 20.48360090365682140, 4.331534407118363461 ) ) ;
#1580 = UNCERTAINTY_MEASURE_WITH_UNIT (LENGTH_MEASURE( 1.000000000000000082E-05 ), #318, 'distance_accuracy_value', 'NONE');
#1581 = PERSON_AND_ORGANIZATION ( #1882, #169 ) ;
#1582 = ORIENTED_EDGE ( 'NONE', *, *, #2, .F. ) ;
#1583 = CARTESIAN_POINT ( 'NONE',  ( -32.55994460092210119, 23.46360090365682183, 47.43153440711836311 ) ) ;
#1584 = ORIENTED_EDGE ( 'NONE', *, *, #2153, .T. ) ;
#1585 = DATE_AND_TIME ( #2022, #2301 ) ;
#1586 = EDGE_CURVE ( 'NONE', #2185, #660, #1972, .T. ) ;
#1587 = ORIENTED_EDGE ( 'NONE', *, *, #979, .F. ) ;
#1588 = LINE ( 'NONE', #416, #1068 ) ;
#1589 = PLANE ( 'NONE',  #452 ) ;
#1590 = FACE_BOUND ( 'NONE', #922, .T. ) ;
#1591 = AXIS2_PLACEMENT_3D ( 'NONE', #2102, #1926, #539 ) ;
#1592 = LINE ( 'NONE', #263, #2273 ) ;
#1593 = CARTESIAN_POINT ( 'NONE',  ( 22.81366636062952580, 9.983600903656814296, 24.00653440711836950 ) ) ;
#1594 = CARTESIAN_POINT ( 'NONE',  ( -6.851447223051298607, 9.483600903656830283, 4.331534407118365237 ) ) ;
#1595 = EDGE_LOOP ( 'NONE', ( #1787, #1200 ) ) ;
#1596 = DIRECTION ( 'NONE',  ( -0.0000000000000000000, 1.000000000000000000, -0.0000000000000000000 ) ) ;
#1597 = CARTESIAN_POINT ( 'NONE',  ( 25.54366636062952622, 13.98360090365681430, 52.93153440711837021 ) ) ;
#1598 = DIRECTION ( 'NONE',  ( 1.309225264888156623E-16, 1.000000000000000000, 2.135044278125300603E-16 ) ) ;
#1599 = EDGE_CURVE ( 'NONE', #1023, #386, #2309, .T. ) ;
#1600 = DIRECTION ( 'NONE',  ( 0.0000000000000000000, 0.0000000000000000000, -1.000000000000000000 ) ) ;
#1601 = CARTESIAN_POINT ( 'NONE',  ( 22.54366636062952622, 13.98360090365681430, 26.93153440711836666 ) ) ;
#1602 = CARTESIAN_POINT ( 'NONE',  ( -31.38006468013373862, 18.09873159272705934, 21.99172591009006794 ) ) ;
#1603 = CARTESIAN_POINT ( 'NONE',  ( -32.55994460092209408, 66.44360090365680094, 65.53153440711838584 ) ) ;
#1604 = EDGE_CURVE ( 'NONE', #1271, #677, #148, .T. ) ;
#1605 = ORIENTED_EDGE ( 'NONE', *, *, #2456, .T. ) ;
#1606 = PLANE ( 'NONE',  #1105 ) ;
#1607 = ORIENTED_EDGE ( 'NONE', *, *, #1367, .T. ) ;
#1608 = ORIENTED_EDGE ( 'NONE', *, *, #1061, .T. ) ;
#1609 = CARTESIAN_POINT ( 'NONE',  ( 22.54366636062952267, 8.983600903656814296, 39.93153440711836311 ) ) ;
#1610 = AXIS2_PLACEMENT_3D ( 'NONE', #1601, #1419, #10 ) ;
#1611 = EDGE_LOOP ( 'NONE', ( #201, #2390, #1573, #1396, #271, #157, #1941, #1772, #1956, #828, #2092, #566, #799, #1612, #232, #2384, #496, #2479 ) ) ;
#1612 = ORIENTED_EDGE ( 'NONE', *, *, #1484, .T. ) ;
#1613 = CARTESIAN_POINT ( 'NONE',  ( -29.55994460092210829, 17.48360090365682140, 23.08122664194966234 ) ) ;
#1614 = CARTESIAN_POINT ( 'NONE',  ( 22.81779402615708463, 7.983600903656813408, 44.45653440711836879 ) ) ;
#1615 = LINE ( 'NONE', #2074, #9 ) ;
#1616 = CARTESIAN_POINT ( 'NONE',  ( -29.55994460092210474, 17.48360090365682140, 46.99840642170317295 ) ) ;
#1617 = CARTESIAN_POINT ( 'NONE',  ( 25.54366636062952622, 13.98360090365681430, 49.93153440711836311 ) ) ;
#1618 = ORIENTED_EDGE ( 'NONE', *, *, #551, .T. ) ;
#1619 = VERTEX_POINT ( 'NONE', #1922 ) ;
#1620 = CIRCLE ( 'NONE', #1660, 5.400000000000002132 ) ;
#1621 = DIRECTION ( 'NONE',  ( 9.920804192677813919E-17, -1.200962406445482005E-16, 1.000000000000000000 ) ) ;
#1622 = CARTESIAN_POINT ( 'NONE',  ( -29.56076137877645493, 17.48360090365682495, 22.43153440711836666 ) ) ;
#1623 = FACE_BOUND ( 'NONE', #2519, .T. ) ;
#1624 = LINE ( 'NONE', #2097, #812 ) ;
#1625 = EDGE_CURVE ( 'NONE', #854, #1900, #512, .T. ) ;
#1626 = CYLINDRICAL_SURFACE ( 'NONE', #531, 5.400000000000002132 ) ;
#1627 = VERTEX_POINT ( 'NONE', #946 ) ;
#1628 = VECTOR ( 'NONE', #737, 1000.000000000000000 ) ;
#1629 = AXIS2_PLACEMENT_3D ( 'NONE', #1499, #279, #475 ) ;
#1630 = CARTESIAN_POINT ( 'NONE',  ( -32.55994460092210119, 20.48360090365682140, 65.53153440711837163 ) ) ;
#1631 = CARTESIAN_POINT ( 'NONE',  ( -32.50381110260067885, 19.83906431152532335, 51.45365271646513605 ) ) ;
#1632 = DIRECTION ( 'NONE',  ( -1.000000000000000000, 1.994306155430570396E-32, 9.340818716798195839E-17 ) ) ;
#1633 = CARTESIAN_POINT ( 'NONE',  ( -1.559944600922100300, 7.483600903656823178, 14.93153440711836843 ) ) ;
#1634 = CARTESIAN_POINT ( 'NONE',  ( 15.01606318754601332, 8.983600903656814296, 34.93153440711837021 ) ) ;
#1635 = ORIENTED_EDGE ( 'NONE', *, *, #658, .T. ) ;
#1636 = EDGE_CURVE ( 'NONE', #2015, #289, #851, .T. ) ;
#1637 = DIRECTION ( 'NONE',  ( 8.673617379884033500E-16, 1.000000000000000000, 0.0000000000000000000 ) ) ;
#1638 = ORIENTED_EDGE ( 'NONE', *, *, #1088, .T. ) ;
#1639 = CARTESIAN_POINT ( 'NONE',  ( 18.54366636062952622, 9.983600903656814296, 22.63153440711835529 ) ) ;
#1640 = EDGE_CURVE ( 'NONE', #207, #2370, #2219, .T. ) ;
#1641 = ORIENTED_EDGE ( 'NONE', *, *, #2020, .F. ) ;
#1642 = VERTEX_POINT ( 'NONE', #2536 ) ;
#1643 = DIRECTION ( 'NONE',  ( 0.0000000000000000000, 0.0000000000000000000, 1.000000000000000000 ) ) ;
#1644 = CARTESIAN_POINT ( 'NONE',  ( 22.81366636062952580, 11.98360090365681430, 26.80653440711836666 ) ) ;
#1645 = CALENDAR_DATE ( 2019, 12, 12 ) ;
#1646 = ORIENTED_EDGE ( 'NONE', *, *, #977, .T. ) ;
#1647 = ORIENTED_EDGE ( 'NONE', *, *, #1988, .T. ) ;
#1648 = FACE_OUTER_BOUND ( 'NONE', #507, .T. ) ;
#1649 = CARTESIAN_POINT ( 'NONE',  ( -1.457689823815521590, 7.786730825440786319, 15.57333164212877996 ) ) ;
#1650 = ORIENTED_EDGE ( 'NONE', *, *, #68, .T. ) ;
#1651 = LINE ( 'NONE', #2067, #2527 ) ;
#1652 = DIRECTION ( 'NONE',  ( 9.637352644315598941E-17, -1.200962406445482005E-16, 1.000000000000000000 ) ) ;
#1653 = CARTESIAN_POINT ( 'NONE',  ( 22.81779402615708463, 9.983600903656814296, 43.05653440711837021 ) ) ;
#1654 = EDGE_CURVE ( 'NONE', #2571, #2368, #1442, .T. ) ;
#1655 = CIRCLE ( 'NONE', #1416, 3.000000000000002665 ) ;
#1656 = VECTOR ( 'NONE', #25, 1000.000000000000000 ) ;
#1657 = CARTESIAN_POINT ( 'NONE',  ( 22.54366636062951557, 8.983600903656814296, 49.93153440711835600 ) ) ;
#1658 = EDGE_CURVE ( 'NONE', #1081, #893, #633, .T. ) ;
#1659 = CARTESIAN_POINT ( 'NONE',  ( -32.55994460092210829, 20.48360090365682495, 4.331534407118365237 ) ) ;
#1660 = AXIS2_PLACEMENT_3D ( 'NONE', #2071, #2279, #56 ) ;
#1661 = DIRECTION ( 'NONE',  ( 1.000000000000000000, 0.0000000000000000000, 0.0000000000000000000 ) ) ;
#1662 = CARTESIAN_POINT ( 'NONE',  ( -1.559944600922101854, 70.48360090365682140, 4.331534407118366126 ) ) ;
#1663 = ORIENTED_EDGE ( 'NONE', *, *, #2411, .F. ) ;
#1664 = ORIENTED_EDGE ( 'NONE', *, *, #757, .T. ) ;
#1665 = LINE ( 'NONE', #121, #2577 ) ;
#1666 = ORIENTED_EDGE ( 'NONE', *, *, #1314, .F. ) ;
#1667 = EDGE_CURVE ( 'NONE', #2178, #472, #572, .T. ) ;
#1668 = ORIENTED_EDGE ( 'NONE', *, *, #889, .F. ) ;
#1669 = CARTESIAN_POINT ( 'NONE',  ( -31.37262906238949967, 18.09254767195566060, 47.21190686180185025 ) ) ;
#1670 = ORIENTED_EDGE ( 'NONE', *, *, #456, .T. ) ;
#1671 = ORIENTED_EDGE ( 'NONE', *, *, #352, .T. ) ;
#1672 = DIRECTION ( 'NONE',  ( 1.421904488505584338E-16, 0.0000000000000000000, 1.000000000000000000 ) ) ;
#1673 = AXIS2_PLACEMENT_3D ( 'NONE', #1832, #54, #2248 ) ;
#1674 = B_SPLINE_CURVE_WITH_KNOTS ( 'NONE', 3,
 ( #1633, #1847, #1837, #1056, #2037, #2444, #1649, #669, #461, #869, #2251, #1075, #2459, #1260, #1294, #1504, #2079, #72, #311, #1694 ),
 .UNSPECIFIED., .F., .F.,
 ( 4, 2, 2, 2, 2, 2, 2, 2, 2, 4 ),
 ( 0.0000000000000000000, 0.0002204504274726719977, 0.0004409008549453439954, 0.0008818017098906848466, 0.001322702564836025644, 0.001763603419781366441, 0.002204504274726707454, 0.002645405129672048251, 0.003086305984617389048, 0.003527206839562729845 ),
 .UNSPECIFIED. ) ;
#1675 = CARTESIAN_POINT ( 'NONE',  ( 11.19227060832788467, 13.98360090365681430, 29.93153440711837021 ) ) ;
#1676 = CIRCLE ( 'NONE', #664, 3.049999999999990052 ) ;
#1677 = APPROVAL_DATE_TIME ( #1235, #1019 ) ;
#1678 = CARTESIAN_POINT ( 'NONE',  ( 22.81779402615708463, 13.98360090365681430, 43.05653440711837021 ) ) ;
#1679 = ORIENTED_EDGE ( 'NONE', *, *, #1640, .T. ) ;
#1680 = ORIENTED_EDGE ( 'NONE', *, *, #22, .T. ) ;
#1681 = FACE_OUTER_BOUND ( 'NONE', #363, .T. ) ;
#1682 = LINE ( 'NONE', #418, #815 ) ;
#1683 = LINE ( 'NONE', #1827, #1008 ) ;
#1684 = VECTOR ( 'NONE', #1899, 1000.000000000000000 ) ;
#1685 = ORIENTED_EDGE ( 'NONE', *, *, #2376, .T. ) ;
#1686 = VECTOR ( 'NONE', #1533, 1000.000000000000000 ) ;
#1687 = CARTESIAN_POINT ( 'NONE',  ( -31.38529777743345761, 18.10282670583798748, 46.78184217228718467 ) ) ;
#1688 = EDGE_CURVE ( 'NONE', #1482, #1627, #84, .T. ) ;
#1689 = ORIENTED_EDGE ( 'NONE', *, *, #1599, .F. ) ;
#1690 = CARTESIAN_POINT ( 'NONE',  ( -30.57395481651835922, 17.48360090365681785, 46.99449320883891090 ) ) ;
#1691 = CARTESIAN_POINT ( 'NONE',  ( 22.54366636062952267, 13.98360090365681430, 39.93153440711836311 ) ) ;
#1692 = AXIS2_PLACEMENT_3D ( 'NONE', #2324, #574, #1938 ) ;
#1693 = ADVANCED_FACE ( 'NONE', ( #976 ), #783, .F. ) ;
#1694 = CARTESIAN_POINT ( 'NONE',  ( 0.3765470721816057686, 8.983600903656814296, 16.93052582591306532 ) ) ;
#1695 = FACE_OUTER_BOUND ( 'NONE', #1192, .T. ) ;
#1696 = DIRECTION ( 'NONE',  ( 2.312964634635740689E-15, 0.0000000000000000000, 1.000000000000000000 ) ) ;
#1697 =( NAMED_UNIT ( * ) PLANE_ANGLE_UNIT ( ) SI_UNIT ( $, .RADIAN. ) );
#1698 = EDGE_LOOP ( 'NONE', ( #2286, #2377, #674, #748 ) ) ;
#1699 = DIRECTION ( 'NONE',  ( -0.0000000000000000000, 0.0000000000000000000, -1.000000000000000000 ) ) ;
#1700 = ORIENTED_EDGE ( 'NONE', *, *, #1515, .F. ) ;
#1701 = DIRECTION ( 'NONE',  ( -0.0000000000000000000, 1.000000000000000000, -0.0000000000000000000 ) ) ;
#1702 = DIRECTION ( 'NONE',  ( 9.920804192677813919E-17, -1.200962406445482005E-16, 1.000000000000000000 ) ) ;
#1703 = EDGE_CURVE ( 'NONE', #1800, #1458, #882, .T. ) ;
#1704 = DIRECTION ( 'NONE',  ( 0.0000000000000000000, 0.0000000000000000000, 1.000000000000000000 ) ) ;
#1705 = CARTESIAN_POINT ( 'NONE',  ( -8.559944600922095859, 8.983600903656814296, 52.93153440711837021 ) ) ;
#1706 = CARTESIAN_POINT ( 'NONE',  ( 22.81779402615708463, 9.983600903656814296, 45.85653440711836737 ) ) ;
#1707 = AXIS2_PLACEMENT_3D ( 'NONE', #1594, #801, #7 ) ;
#1708 = ORIENTED_EDGE ( 'NONE', *, *, #86, .T. ) ;
#1709 = PERSON_AND_ORGANIZATION ( #1882, #169 ) ;
#1710 = CARTESIAN_POINT ( 'NONE',  ( -43.55994460092210119, 5.483600903656821401, 4.331534407118362573 ) ) ;
#1711 = DIRECTION ( 'NONE',  ( 0.0000000000000000000, -1.000000000000000000, 0.0000000000000000000 ) ) ;
#1712 = VERTEX_POINT ( 'NONE', #1561 ) ;
#1713 = CIRCLE ( 'NONE', #1747, 3.049999999999997158 ) ;
#1714 =( NAMED_UNIT ( * ) SI_UNIT ( $, .STERADIAN. ) SOLID_ANGLE_UNIT ( ) );
#1715 = FACE_OUTER_BOUND ( 'NONE', #524, .T. ) ;
#1716 = CYLINDRICAL_SURFACE ( 'NONE', #143, 5.400000000000002132 ) ;
#1717 = CARTESIAN_POINT ( 'NONE',  ( -31.56064314068438037, 18.24101095223127444, 46.00624565971099145 ) ) ;
#1718 = DIRECTION ( 'NONE',  ( 0.0000000000000000000, -1.000000000000000000, -1.200962406445481512E-16 ) ) ;
#1719 = EDGE_CURVE ( 'NONE', #505, #2610, #176, .T. ) ;
#1720 = DIRECTION ( 'NONE',  ( 0.0000000000000000000, 0.0000000000000000000, 1.000000000000000000 ) ) ;
#1721 = CARTESIAN_POINT ( 'NONE',  ( 0.4400553990778974245, 13.98360090365681430, 16.93153440711836666 ) ) ;
#1722 = ADVANCED_FACE ( 'NONE', ( #2441, #2436, #21, #1909, #240, #1788, #1158 ), #362, .F. ) ;
#1723 = CARTESIAN_POINT ( 'NONE',  ( -29.55994460573114324, 17.48360090365682495, 22.86466369461775727 ) ) ;
#1724 = LINE ( 'NONE', #1532, #256 ) ;
#1725 = DIRECTION ( 'NONE',  ( 0.0000000000000000000, -1.000000000000000000, 0.0000000000000000000 ) ) ;
#1726 = ADVANCED_FACE ( 'NONE', ( #1902 ), #303, .F. ) ;
#1727 = VERTEX_POINT ( 'NONE', #2145 ) ;
#1728 = FACE_OUTER_BOUND ( 'NONE', #2258, .T. ) ;
#1729 = DIRECTION ( 'NONE',  ( 0.0000000000000000000, 0.0000000000000000000, 1.000000000000000000 ) ) ;
#1730 = EDGE_LOOP ( 'NONE', ( #2526, #876 ) ) ;
#1731 = EDGE_LOOP ( 'NONE', ( #1053, #1496, #47, #2546, #396, #2036, #436, #1811, #1774 ) ) ;
#1732 = DIRECTION ( 'NONE',  ( 1.000000000000000000, -1.309225264888156377E-16, -9.637352644315598941E-17 ) ) ;
#1733 = PLANE ( 'NONE',  #679 ) ;
#1734 = ORIENTED_EDGE ( 'NONE', *, *, #409, .T. ) ;
#1735 = EDGE_CURVE ( 'NONE', #2571, #129, #2410, .T. ) ;
#1736 = EDGE_LOOP ( 'NONE', ( #330, #1530, #1618, #2080, #1262, #1838 ) ) ;
#1737 = CARTESIAN_POINT ( 'NONE',  ( -6.851447223051284396, 13.48360090365682140, 4.331534407118360797 ) ) ;
#1738 = ADVANCED_FACE ( 'NONE', ( #843 ), #1968, .F. ) ;
#1739 = EDGE_CURVE ( 'NONE', #2566, #2355, #1368, .T. ) ;
#1740 = CARTESIAN_POINT ( 'NONE',  ( -1.559944600922095637, 70.48360090365680719, 65.53153440711838584 ) ) ;
#1741 = APPROVAL_ROLE ( '' ) ;
#1742 = VECTOR ( 'NONE', #687, 1000.000000000000000 ) ;
#1743 = CARTESIAN_POINT ( 'NONE',  ( -0.6749766529089240574, 14.27791441096830916, 16.59666804717630129 ) ) ;
#1744 = ADVANCED_FACE ( 'NONE', ( #1879 ), #691, .F. ) ;
#1745 = FACE_OUTER_BOUND ( 'NONE', #1558, .T. ) ;
#1746 = CARTESIAN_POINT ( 'NONE',  ( -31.44855091097194233, 18.15132324462548041, 46.38168502113533975 ) ) ;
#1747 = AXIS2_PLACEMENT_3D ( 'NONE', #62, #46, #1084 ) ;
#1748 = EDGE_LOOP ( 'NONE', ( #1, #1540, #1483, #1009 ) ) ;
#1749 = CIRCLE ( 'NONE', #1382, 3.050000000000010925 ) ;
#1750 = VECTOR ( 'NONE', #451, 1000.000000000000000 ) ;
#1751 = ORIENTED_EDGE ( 'NONE', *, *, #2018, .F. ) ;
#1752 = VECTOR ( 'NONE', #2217, 1000.000000000000000 ) ;
#1753 = CARTESIAN_POINT ( 'NONE',  ( -31.35106533519439154, 18.07658049683668722, 46.99840625057156984 ) ) ;
#1754 = FACE_OUTER_BOUND ( 'NONE', #2241, .T. ) ;
#1755 = ORIENTED_EDGE ( 'NONE', *, *, #618, .F. ) ;
#1756 = FACE_OUTER_BOUND ( 'NONE', #616, .T. ) ;
#1757 = DIRECTION ( 'NONE',  ( -1.000000000000000000, -0.0000000000000000000, 9.637352644315595243E-17 ) ) ;
#1758 = ADVANCED_FACE ( 'NONE', ( #378 ), #2215, .F. ) ;
#1759 = ADVANCED_FACE ( 'NONE', ( #2466 ), #568, .F. ) ;
#1760 = ORIENTED_EDGE ( 'NONE', *, *, #2283, .F. ) ;
#1761 = CARTESIAN_POINT ( 'NONE',  ( -32.55994460092210119, 23.46360090365681828, 22.43153440711836666 ) ) ;
#1762 = DIRECTION ( 'NONE',  ( -9.637352644315595243E-17, 2.135044278125300603E-16, -1.000000000000000000 ) ) ;
#1763 = DIRECTION ( 'NONE',  ( -1.309225264888156377E-16, -1.000000000000000000, 0.0000000000000000000 ) ) ;
#1764 = EDGE_CURVE ( 'NONE', #2103, #226, #1438, .T. ) ;
#1765 = CARTESIAN_POINT ( 'NONE',  ( -6.851447223051284396, 5.483600903656821401, 4.331534407118359908 ) ) ;
#1766 = AXIS2_PLACEMENT_3D ( 'NONE', #2005, #2023, #2419 ) ;
#1767 = ORIENTED_EDGE ( 'NONE', *, *, #102, .F. ) ;
#1768 = CARTESIAN_POINT ( 'NONE',  ( -0.3206860989291028252, 8.862810103628614655, 53.07696654534106528 ) ) ;
#1769 = CARTESIAN_POINT ( 'NONE',  ( -32.50378502862307784, 19.83820329385511627, 43.40995163412121371 ) ) ;
#1770 = ORIENTED_EDGE ( 'NONE', *, *, #2193, .F. ) ;
#1771 = DIRECTION ( 'NONE',  ( 2.118135622597826445E-32, -1.000000000000000000, 0.0000000000000000000 ) ) ;
#1772 = ORIENTED_EDGE ( 'NONE', *, *, #692, .T. ) ;
#1773 = VERTEX_POINT ( 'NONE', #1802 ) ;
#1774 = ORIENTED_EDGE ( 'NONE', *, *, #1131, .T. ) ;
#1775 = CARTESIAN_POINT ( 'NONE',  ( -1.197520581991353472, 14.74524479956432543, 16.08552287307524509 ) ) ;
#1776 = CARTESIAN_POINT ( 'NONE',  ( -1.126617636356200158, 8.307857953342466573, 53.68251346792146705 ) ) ;
#1777 = PLANE ( 'NONE',  #2363 ) ;
#1778 = EDGE_CURVE ( 'NONE', #912, #2114, #52, .T. ) ;
#1779 = ORIENTED_EDGE ( 'NONE', *, *, #2372, .T. ) ;
#1780 = VECTOR ( 'NONE', #1661, 1000.000000000000000 ) ;
#1781 = AXIS2_PLACEMENT_3D ( 'NONE', #163, #954, #1352 ) ;
#1782 = ORIENTED_EDGE ( 'NONE', *, *, #803, .F. ) ;
#1783 = FACE_OUTER_BOUND ( 'NONE', #2590, .T. ) ;
#1784 = CARTESIAN_POINT ( 'NONE',  ( -1.559944600922096303, 15.48360090365680719, 54.93153440711837021 ) ) ;
#1785 = CARTESIAN_POINT ( 'NONE',  ( -6.851447223051278179, 17.48360090365680009, 218.3315344071183972 ) ) ;
#1786 = LINE ( 'NONE', #2176, #1306 ) ;
#1787 = ORIENTED_EDGE ( 'NONE', *, *, #1186, .F. ) ;
#1788 = FACE_BOUND ( 'NONE', #463, .T. ) ;
#1789 = CARTESIAN_POINT ( 'NONE',  ( -32.55994460092210119, 35.96360090365681828, 47.43153440711836311 ) ) ;
#1790 = EDGE_CURVE ( 'NONE', #892, #705, #2438, .T. ) ;
#1791 = DIRECTION ( 'NONE',  ( -0.0000000000000000000, 1.000000000000000000, -0.0000000000000000000 ) ) ;
#1792 = CARTESIAN_POINT ( 'NONE',  ( -31.33378140122401589, 18.06360090365681614, 22.43153440714038638 ) ) ;
#1793 = DIRECTION ( 'NONE',  ( -0.0000000000000000000, -1.000000000000000000, -0.0000000000000000000 ) ) ;
#1794 = EDGE_CURVE ( 'NONE', #1773, #1227, #346, .T. ) ;
#1795 = CARTESIAN_POINT ( 'NONE',  ( 14.19227060832788467, 8.983600903656814296, 29.93153440711837021 ) ) ;
#1796 = ORIENTED_EDGE ( 'NONE', *, *, #2159, .F. ) ;
#1797 = ORIENTED_EDGE ( 'NONE', *, *, #440, .F. ) ;
#1798 = CARTESIAN_POINT ( 'NONE',  ( 22.81779402615708463, 11.98360090365681430, 44.45653440711836879 ) ) ;
#1799 = DIRECTION ( 'NONE',  ( -1.000000000000000000, 0.0000000000000000000, 0.0000000000000000000 ) ) ;
#1800 = VERTEX_POINT ( 'NONE', #1029 ) ;
#1801 = ORIENTED_EDGE ( 'NONE', *, *, #588, .F. ) ;
#1802 = CARTESIAN_POINT ( 'NONE',  ( -1.559944600922100300, 7.483600903656823178, 14.93153440711836843 ) ) ;
#1803 = ORIENTED_EDGE ( 'NONE', *, *, #1330, .F. ) ;
#1804 = CARTESIAN_POINT ( 'NONE',  ( -31.35106533519669370, 18.07658049683846713, 47.86466256367982908 ) ) ;
#1805 = CARTESIAN_POINT ( 'NONE',  ( -32.55994460092209408, 48.46360090365682538, 47.43153440711836311 ) ) ;
#1806 = CARTESIAN_POINT ( 'NONE',  ( 22.81779402615708463, 8.983600903656814296, 44.45653440711836879 ) ) ;
#1807 = FACE_OUTER_BOUND ( 'NONE', #2344, .T. ) ;
#1808 = DIRECTION ( 'NONE',  ( 0.0000000000000000000, 0.0000000000000000000, 1.000000000000000000 ) ) ;
#1809 = EDGE_CURVE ( 'NONE', #660, #896, #1153, .T. ) ;
#1810 = CIRCLE ( 'NONE', #2138, 1.399999999999998579 ) ;
#1811 = ORIENTED_EDGE ( 'NONE', *, *, #562, .F. ) ;
#1812 = FACE_BOUND ( 'NONE', #794, .T. ) ;
#1813 = FACE_OUTER_BOUND ( 'NONE', #270, .T. ) ;
#1814 = AXIS2_PLACEMENT_3D ( 'NONE', #1896, #888, #1296 ) ;
#1815 = ORIENTED_EDGE ( 'NONE', *, *, #1193, .F. ) ;
#1816 = VECTOR ( 'NONE', #1042, 1000.000000000000000 ) ;
#1817 = CARTESIAN_POINT ( 'NONE',  ( 21.46343028543363829, 8.983600903656814296, 43.93153440711836311 ) ) ;
#1818 = FACE_OUTER_BOUND ( 'NONE', #1509, .T. ) ;
#1819 = EDGE_LOOP ( 'NONE', ( #444, #584, #1985, #2026 ) ) ;
#1820 = VECTOR ( 'NONE', #2485, 1000.000000000000000 ) ;
#1821 = DIRECTION ( 'NONE',  ( -0.0000000000000000000, 1.000000000000000000, -0.0000000000000000000 ) ) ;
#1822 = CARTESIAN_POINT ( 'NONE',  ( 15.01606318754601332, 13.98360090365681430, 42.00260221898384572 ) ) ;
#1823 = CARTESIAN_POINT ( 'NONE',  ( 22.54366636062952622, 9.983600903656814296, 26.93153440711836666 ) ) ;
#1824 = CARTESIAN_POINT ( 'NONE',  ( -32.01732969143958485, 18.75872256331211574, 50.08864990891041202 ) ) ;
#1825 = EDGE_CURVE ( 'NONE', #162, #1142, #2405, .T. ) ;
#1826 = CARTESIAN_POINT ( 'NONE',  ( -32.55994460092210829, 20.48360090365682495, 4.331534407118365237 ) ) ;
#1827 = CARTESIAN_POINT ( 'NONE',  ( 2.440055399077905918, 23.46360090365682183, 19.38153440711835174 ) ) ;
#1828 = AXIS2_PLACEMENT_3D ( 'NONE', #1823, #2581, #2406 ) ;
#1829 = VERTEX_POINT ( 'NONE', #1219 ) ;
#1830 = B_SPLINE_CURVE_WITH_KNOTS ( 'NONE', 3,
 ( #1358, #406, #2373, #1987, #792, #1001, #2389, #602, #1432, #1203, #231, #430, #1223, #1233 ),
 .UNSPECIFIED., .F., .F.,
 ( 4, 2, 2, 2, 2, 2, 4 ),
 ( 0.0000000000000000000, 0.0004402060588557366429, 0.0008804121177114731774, 0.001760824235422952860, 0.002641236353134433085, 0.003081442411990172655, 0.003521648470845912659 ),
 .UNSPECIFIED. ) ;
#1831 = ORIENTED_EDGE ( 'NONE', *, *, #2101, .T. ) ;
#1832 = CARTESIAN_POINT ( 'NONE',  ( -29.55994460092211185, 20.48360090365682495, 23.08122664194966234 ) ) ;
#1833 = AXIS2_PLACEMENT_3D ( 'NONE', #544, #1762, #332 ) ;
#1834 = EDGE_LOOP ( 'NONE', ( #1549, #741, #3, #2327 ) ) ;
#1835 = CARTESIAN_POINT ( 'NONE',  ( -29.55994460092210474, 17.48360090365682140, 48.08122664194954865 ) ) ;
#1836 = ORIENTED_EDGE ( 'NONE', *, *, #2101, .F. ) ;
#1837 = CARTESIAN_POINT ( 'NONE',  ( -1.555765139312082823, 7.500212476809477558, 15.07757274620960253 ) ) ;
#1838 = ORIENTED_EDGE ( 'NONE', *, *, #2236, .F. ) ;
#1839 = DIRECTION ( 'NONE',  ( -1.000000000000000000, 1.994306155430570396E-32, 9.340818716798195839E-17 ) ) ;
#1840 = CARTESIAN_POINT ( 'NONE',  ( -29.55994460092211185, 17.48360090365682495, 21.78184217228707098 ) ) ;
#1841 = ORIENTED_EDGE ( 'NONE', *, *, #2423, .T. ) ;
#1842 = DIRECTION ( 'NONE',  ( 0.0000000000000000000, -1.000000000000000000, 0.0000000000000000000 ) ) ;
#1843 = ORIENTED_EDGE ( 'NONE', *, *, #1534, .T. ) ;
#1844 = FACE_OUTER_BOUND ( 'NONE', #1464, .T. ) ;
#1845 = EDGE_CURVE ( 'NONE', #207, #397, #1683, .T. ) ;
#1846 = LINE ( 'NONE', #2200, #209 ) ;
#1847 = CARTESIAN_POINT ( 'NONE',  ( -1.559944600922102520, 7.483600903656813408, 15.00526065620065630 ) ) ;
#1848 = VECTOR ( 'NONE', #393, 1000.000000000000000 ) ;
#1849 = AXIS2_PLACEMENT_3D ( 'NONE', #164, #1354, #573 ) ;
#1850 = CARTESIAN_POINT ( 'NONE',  ( -32.55994460092210829, 35.96360090365681828, 25.48153440711838158 ) ) ;
#1851 = DIRECTION ( 'NONE',  ( 0.0000000000000000000, 0.0000000000000000000, -1.000000000000000000 ) ) ;
#1852 = CARTESIAN_POINT ( 'NONE',  ( -29.55994460092210829, 20.48360090365682495, 21.78184217228707098 ) ) ;
#1853 = DIRECTION ( 'NONE',  ( 0.0000000000000000000, -1.000000000000000000, 0.0000000000000000000 ) ) ;
#1854 = CARTESIAN_POINT ( 'NONE',  ( 15.01606318754601332, 8.983600903656814296, 34.93153440711837021 ) ) ;
#1855 = ORIENTED_EDGE ( 'NONE', *, *, #2083, .F. ) ;
#1856 = EDGE_CURVE ( 'NONE', #132, #2481, #2497, .T. ) ;
#1857 = DIRECTION ( 'NONE',  ( -0.0000000000000000000, 1.000000000000000000, -0.0000000000000000000 ) ) ;
#1858 = VECTOR ( 'NONE', #1340, 1000.000000000000000 ) ;
#1859 = AXIS2_PLACEMENT_3D ( 'NONE', #1280, #510, #284 ) ;
#1860 = ORIENTED_EDGE ( 'NONE', *, *, #86, .F. ) ;
#1861 = ORIENTED_EDGE ( 'NONE', *, *, #658, .F. ) ;
#1862 = CARTESIAN_POINT ( 'NONE',  ( 19.13398304242149095, 8.983600903656814296, 29.18325326674063547 ) ) ;
#1863 = DIRECTION ( 'NONE',  ( 0.0000000000000000000, 0.0000000000000000000, -1.000000000000000000 ) ) ;
#1864 = EDGE_LOOP ( 'NONE', ( #1085, #2198, #1353, #2133 ) ) ;
#1865 = DIRECTION ( 'NONE',  ( 0.0000000000000000000, -1.000000000000000000, 0.0000000000000000000 ) ) ;
#1866 = LINE ( 'NONE', #600, #1331 ) ;
#1867 = FACE_OUTER_BOUND ( 'NONE', #1232, .T. ) ;
#1868 = DIRECTION ( 'NONE',  ( -1.000000000000000000, 1.309225264888156377E-16, 9.637352644315600173E-17 ) ) ;
#1869 = FACE_OUTER_BOUND ( 'NONE', #1395, .T. ) ;
#1870 = DIRECTION ( 'NONE',  ( -0.0000000000000000000, 1.000000000000000000, -0.0000000000000000000 ) ) ;
#1871 = DIRECTION ( 'NONE',  ( 0.0000000000000000000, 0.0000000000000000000, 1.000000000000000000 ) ) ;
#1872 = EDGE_CURVE ( 'NONE', #2392, #902, #1493, .T. ) ;
#1873 = CYLINDRICAL_SURFACE ( 'NONE', #742, 7.071067811865471064 ) ;
#1874 = ORIENTED_EDGE ( 'NONE', *, *, #1266, .F. ) ;
#1875 = VECTOR ( 'NONE', #642, 1000.000000000000000 ) ;
#1876 = CARTESIAN_POINT ( 'NONE',  ( -29.56076139503433353, 17.48360090365682140, 47.21497991441432163 ) ) ;
#1877 = LINE ( 'NONE', #8, #308 ) ;
#1878 = VERTEX_POINT ( 'NONE', #1603 ) ;
#1879 = FACE_OUTER_BOUND ( 'NONE', #778, .T. ) ;
#1880 = DIRECTION ( 'NONE',  ( 0.0000000000000000000, 1.275531967630004999E-16, -1.000000000000000000 ) ) ;
#1881 = ORIENTED_EDGE ( 'NONE', *, *, #421, .T. ) ;
#1882 = PERSON ( 'UNSPECIFIED', 'UNSPECIFIED', 'UNSPECIFIED', ('UNSPECIFIED'), ('UNSPECIFIED'), ('UNSPECIFIED') ) ;
#1883 = DIRECTION ( 'NONE',  ( -1.000000000000000000, 1.309225264888156377E-16, 9.637352644315600173E-17 ) ) ;
#1884 = DIRECTION ( 'NONE',  ( -9.920804192677813919E-17, 1.275531967630004999E-16, -1.000000000000000000 ) ) ;
#1885 = ORIENTED_EDGE ( 'NONE', *, *, #123, .F. ) ;
#1886 = CARTESIAN_POINT ( 'NONE',  ( 11.19227060832788467, 13.98360090365681430, 39.93153440711836311 ) ) ;
#1887 = ADVANCED_FACE ( 'NONE', ( #753 ), #1589, .F. ) ;
#1888 = EDGE_CURVE ( 'NONE', #940, #1250, #2186, .T. ) ;
#1889 = ORIENTED_EDGE ( 'NONE', *, *, #1586, .F. ) ;
#1890 = CARTESIAN_POINT ( 'NONE',  ( 18.54366636062952622, 9.983600903656814296, 41.93153440711834889 ) ) ;
#1891 = CARTESIAN_POINT ( 'NONE',  ( 15.01606318754601332, 8.983600903656814296, 34.93153440711837021 ) ) ;
#1892 = ORIENTED_EDGE ( 'NONE', *, *, #1845, .T. ) ;
#1893 = CARTESIAN_POINT ( 'NONE',  ( -32.55994460092210829, 35.96360090365681828, 22.43153440711836666 ) ) ;
#1894 = AXIS2_PLACEMENT_3D ( 'NONE', #2158, #561, #1548 ) ;
#1895 = B_SPLINE_CURVE_WITH_KNOTS ( 'NONE', 3,
 ( #1397, #1211, #790, #2407 ),
 .UNSPECIFIED., .F., .F.,
 ( 4, 4 ),
 ( 0.0006496922348092765143, 0.001299384469662594188 ),
 .UNSPECIFIED. ) ;
#1896 = CARTESIAN_POINT ( 'NONE',  ( 22.81779402615708463, 9.983600903656814296, 44.45653440711836879 ) ) ;
#1897 = VECTOR ( 'NONE', #1652, 1000.000000000000000 ) ;
#1898 = CARTESIAN_POINT ( 'NONE',  ( 0.4400553990779043634, 13.98360090365681430, 52.93153440711837021 ) ) ;
#1899 = DIRECTION ( 'NONE',  ( -2.118135622597826445E-32, 1.000000000000000000, -0.0000000000000000000 ) ) ;
#1900 = VERTEX_POINT ( 'NONE', #2204 ) ;
#1901 = ADVANCED_FACE ( 'NONE', ( #1094 ), #881, .F. ) ;
#1902 = FACE_OUTER_BOUND ( 'NONE', #1736, .T. ) ;
#1903 = CARTESIAN_POINT ( 'NONE',  ( -31.38529777743347893, 18.10282670583800169, 21.78184217228707098 ) ) ;
#1904 = ORIENTED_EDGE ( 'NONE', *, *, #1424, .F. ) ;
#1905 = CIRCLE ( 'NONE', #1506, 1.399999999999998579 ) ;
#1906 = LINE ( 'NONE', #910, #1095 ) ;
#1907 = CARTESIAN_POINT ( 'NONE',  ( -32.55994460092210829, 23.46360090365682183, 22.43153440711836666 ) ) ;
#1908 = VERTEX_POINT ( 'NONE', #1420 ) ;
#1909 = FACE_BOUND ( 'NONE', #1423, .T. ) ;
#1910 = DIRECTION ( 'NONE',  ( 0.0000000000000000000, 0.0000000000000000000, 1.000000000000000000 ) ) ;
#1911 = EDGE_CURVE ( 'NONE', #291, #2489, #2531, .T. ) ;
#1912 = CARTESIAN_POINT ( 'NONE',  ( 15.01606318754601332, 8.983600903656814296, 34.93153440711837021 ) ) ;
#1913 = DIRECTION ( 'NONE',  ( 0.0000000000000000000, -0.0000000000000000000, 1.000000000000000000 ) ) ;
#1914 = FACE_BOUND ( 'NONE', #491, .T. ) ;
#1915 = CARTESIAN_POINT ( 'NONE',  ( -29.55994460092210474, 17.48360090365682140, 46.78184217228718467 ) ) ;
#1916 = PLANE ( 'NONE',  #2475 ) ;
#1917 = CIRCLE ( 'NONE', #2308, 5.400000000000002132 ) ;
#1918 = EDGE_LOOP ( 'NONE', ( #192, #1324 ) ) ;
#1919 = ORIENTED_EDGE ( 'NONE', *, *, #2039, .T. ) ;
#1920 = VERTEX_POINT ( 'NONE', #1822 ) ;
#1921 = EDGE_CURVE ( 'NONE', #33, #2610, #80, .T. ) ;
#1922 = CARTESIAN_POINT ( 'NONE',  ( -32.55994460092210119, 20.48360090365682140, 51.93482209501928537 ) ) ;
#1923 = VERTEX_POINT ( 'NONE', #422 ) ;
#1924 = ORIENTED_EDGE ( 'NONE', *, *, #1114, .T. ) ;
#1925 = EDGE_CURVE ( 'NONE', #1488, #713, #971, .T. ) ;
#1926 = DIRECTION ( 'NONE',  ( 0.0000000000000000000, 0.0000000000000000000, 1.000000000000000000 ) ) ;
#1927 = CARTESIAN_POINT ( 'NONE',  ( 22.54366636062952622, 13.98360090365681430, 49.93153440711836311 ) ) ;
#1928 = ORIENTED_EDGE ( 'NONE', *, *, #1114, .F. ) ;
#1929 = CARTESIAN_POINT ( 'NONE',  ( 25.54366636062952622, 13.98360090365681430, 26.93153440711836666 ) ) ;
#1930 = LINE ( 'NONE', #1795, #872 ) ;
#1931 = APPROVAL_PERSON_ORGANIZATION ( #590, #931, #2130 ) ;
#1932 = ORIENTED_EDGE ( 'NONE', *, *, #1764, .T. ) ;
#1933 = VECTOR ( 'NONE', #581, 1000.000000000000000 ) ;
#1934 = DIRECTION ( 'NONE',  ( -2.168404344971009608E-16, 1.200962406445481759E-16, -1.000000000000000000 ) ) ;
#1935 = FACE_OUTER_BOUND ( 'NONE', #460, .T. ) ;
#1936 = VECTOR ( 'NONE', #243, 1000.000000000000000 ) ;
#1937 = ADVANCED_FACE ( 'NONE', ( #477 ), #1339, .F. ) ;
#1938 = DIRECTION ( 'NONE',  ( 0.0000000000000000000, -1.000000000000000000, 0.0000000000000000000 ) ) ;
#1939 = DIRECTION ( 'NONE',  ( 0.0000000000000000000, -1.000000000000000000, -0.0000000000000000000 ) ) ;
#1940 = VECTOR ( 'NONE', #428, 1000.000000000000000 ) ;
#1941 = ORIENTED_EDGE ( 'NONE', *, *, #838, .T. ) ;
#1942 = DIRECTION ( 'NONE',  ( 0.0000000000000000000, 1.000000000000000000, 0.0000000000000000000 ) ) ;
#1943 = EDGE_CURVE ( 'NONE', #739, #1323, #2562, .T. ) ;
#1944 = DIRECTION ( 'NONE',  ( 0.0000000000000000000, 0.0000000000000000000, 1.000000000000000000 ) ) ;
#1945 = AXIS2_PLACEMENT_3D ( 'NONE', #1052, #18, #2442 ) ;
#1946 = DIRECTION ( 'NONE',  ( -1.000000000000000000, 0.0000000000000000000, 0.0000000000000000000 ) ) ;
#1947 = CARTESIAN_POINT ( 'NONE',  ( -1.559944600922087643, 17.48360090365680009, 218.3315344071183972 ) ) ;
#1948 = CARTESIAN_POINT ( 'NONE',  ( 0.4400553990778974245, 13.98360090365681430, 14.93153440711836843 ) ) ;
#1949 = ORIENTED_EDGE ( 'NONE', *, *, #409, .F. ) ;
#1950 = DIRECTION ( 'NONE',  ( 0.0000000000000000000, -1.000000000000000000, 0.0000000000000000000 ) ) ;
#1951 = ORIENTED_EDGE ( 'NONE', *, *, #757, .F. ) ;
#1952 = CARTESIAN_POINT ( 'NONE',  ( -1.197520581991345257, 8.221957007749303159, 53.77754594116147047 ) ) ;
#1953 = CARTESIAN_POINT ( 'NONE',  ( -32.55994460092210119, 20.14286256373903328, 18.15372648496350649 ) ) ;
#1954 = ORIENTED_EDGE ( 'NONE', *, *, #1088, .F. ) ;
#1955 = EDGE_CURVE ( 'NONE', #1446, #2409, #2340, .T. ) ;
#1956 = ORIENTED_EDGE ( 'NONE', *, *, #2189, .T. ) ;
#1957 = DIRECTION ( 'NONE',  ( -9.920804192677813919E-17, 0.0000000000000000000, -1.000000000000000000 ) ) ;
#1958 = DIRECTION ( 'NONE',  ( 9.637352644315596475E-17, -1.200962406445482005E-16, 1.000000000000000000 ) ) ;
#1959 = AXIS2_PLACEMENT_3D ( 'NONE', #2471, #2082, #884 ) ;
#1960 = ADVANCED_FACE ( 'NONE', ( #908 ), #598, .F. ) ;
#1961 = CARTESIAN_POINT ( 'NONE',  ( -43.55994460092209408, 48.46360090365682538, 44.38153440711838016 ) ) ;
#1962 = LINE ( 'NONE', #2350, #335 ) ;
#1963 = CARTESIAN_POINT ( 'NONE',  ( -31.38529777743346472, 18.10282670583799103, 48.08122664194955576 ) ) ;
#1964 = ORIENTED_EDGE ( 'NONE', *, *, #720, .F. ) ;
#1965 = CYLINDRICAL_SURFACE ( 'NONE', #29, 3.000000000000002665 ) ;
#1966 = LINE ( 'NONE', #466, #1750 ) ;
#1967 = VERTEX_POINT ( 'NONE', #860 ) ;
#1968 = CYLINDRICAL_SURFACE ( 'NONE', #2569, 2.999999999999999112 ) ;
#1969 = DIRECTION ( 'NONE',  ( 0.0000000000000000000, -1.000000000000000000, -1.200962406445481759E-16 ) ) ;
#1970 = VECTOR ( 'NONE', #1621, 1000.000000000000000 ) ;
#1971 = ORIENTED_EDGE ( 'NONE', *, *, #2234, .F. ) ;
#1972 = LINE ( 'NONE', #2523, #756 ) ;
#1973 = DIRECTION ( 'NONE',  ( -1.000000000000000000, 1.994306155430570396E-32, 9.340818716798195839E-17 ) ) ;
#1974 =( BOUNDED_SURFACE ( )  B_SPLINE_SURFACE ( 3, 2, ( 
 ( #668, #890, #2247 ),
 ( #39, #672, #2467 ),
 ( #269, #867, #2250 ),
 ( #1669, #487, #1876 ),
 ( #683, #1690, #2518 ),
 ( #117, #2284, #81 ) ),
 .UNSPECIFIED., .F., .F., .F. ) 
 B_SPLINE_SURFACE_WITH_KNOTS ( ( 4, 2, 4 ),
 ( 3, 3 ),
 ( 0.006180973341502263296, 0.006828470729354564270, 0.007475968117206865243 ),
 ( 0.5769763928479862969, 1.000000000000000000 ),
 .UNSPECIFIED. ) 
 GEOMETRIC_REPRESENTATION_ITEM ( )  RATIONAL_B_SPLINE_SURFACE ( (
 ( 0.8570243890810005372, 0.8760992540671689310, 1.000000000000000000),
 ( 0.8596304099916627361, 0.8783575968199794914, 1.000000000000000000),
 ( 0.8610281537000883390, 0.8795688627623574618, 1.000000000000000000),
 ( 0.8610282347903259748, 0.8795689330340692447, 1.000000000000000000),
 ( 0.8596304842754912690, 0.8783576611933485712, 1.000000000000000000),
 ( 0.8570243890810005372, 0.8760992540671689310, 1.000000000000000000) ) ) 
 REPRESENTATION_ITEM ( '' )  SURFACE ( )  );
#1975 = CARTESIAN_POINT ( 'NONE',  ( -32.55994460092210119, 23.46360090365682183, 44.38153440711837305 ) ) ;
#1976 = CARTESIAN_POINT ( 'NONE',  ( -29.55994460092209053, 20.48360090365680009, 218.3315344071183972 ) ) ;
#1977 = EDGE_CURVE ( 'NONE', #472, #1400, #445, .T. ) ;
#1978 = CARTESIAN_POINT ( 'NONE',  ( -32.32047972792314994, 19.30180721224741802, 25.87784065153280721 ) ) ;
#1979 = DIRECTION ( 'NONE',  ( 0.0000000000000000000, 0.0000000000000000000, -1.000000000000000000 ) ) ;
#1980 = ORIENTED_EDGE ( 'NONE', *, *, #1977, .T. ) ;
#1981 = DIRECTION ( 'NONE',  ( -0.0000000000000000000, 1.000000000000000000, -0.0000000000000000000 ) ) ;
#1982 = EDGE_LOOP ( 'NONE', ( #1301, #1356, #1407, #2602, #1199, #861 ) ) ;
#1983 = DIRECTION ( 'NONE',  ( 0.0000000000000000000, 0.0000000000000000000, 1.000000000000000000 ) ) ;
#1984 = ORIENTED_EDGE ( 'NONE', *, *, #1330, .T. ) ;
#1985 = ORIENTED_EDGE ( 'NONE', *, *, #459, .T. ) ;
#1986 = CARTESIAN_POINT ( 'NONE',  ( -6.851447223051278179, 5.483600903656814296, 65.53153440711837163 ) ) ;
#1987 = CARTESIAN_POINT ( 'NONE',  ( -0.1900619066226524323, 14.06039477039530894, 53.02810911296524665 ) ) ;
#1988 = EDGE_CURVE ( 'NONE', #2136, #2290, #144, .T. ) ;
#1989 = DIRECTION ( 'NONE',  ( -0.0000000000000000000, 1.000000000000000000, -0.0000000000000000000 ) ) ;
#1990 = CIRCLE ( 'NONE', #1065, 3.049999999999997158 ) ;
#1991 = VECTOR ( 'NONE', #2488, 1000.000000000000000 ) ;
#1992 = CARTESIAN_POINT ( 'NONE',  ( 2.440055399077913467, 48.46360090365682538, 50.48153440711835316 ) ) ;
#1993 = CARTESIAN_POINT ( 'NONE',  ( -1.559944600922101854, 7.483600903656823178, 4.331534407118359020 ) ) ;
#1994 = ORIENTED_EDGE ( 'NONE', *, *, #2134, .F. ) ;
#1995 = LINE ( 'NONE', #1479, #941 ) ;
#1996 = CARTESIAN_POINT ( 'NONE',  ( 11.19227060832788467, 13.98360090365681430, 39.93153440711836311 ) ) ;
#1997 = CARTESIAN_POINT ( 'NONE',  ( 0.4400553990779043634, 13.98360090365681430, 54.93153440711837021 ) ) ;
#1998 = LINE ( 'NONE', #962, #1436 ) ;
#1999 = VECTOR ( 'NONE', #432, 1000.000000000000000 ) ;
#2000 = ORIENTED_EDGE ( 'NONE', *, *, #87, .F. ) ;
#2001 = CARTESIAN_POINT ( 'NONE',  ( 25.54366636062952622, 9.983600903656814296, 22.63153440711835529 ) ) ;
#2002 = EDGE_CURVE ( 'NONE', #1342, #1829, #1040, .T. ) ;
#2003 = DIRECTION ( 'NONE',  ( -9.920804192677813919E-17, 1.275531967630004999E-16, -1.000000000000000000 ) ) ;
#2004 = CARTESIAN_POINT ( 'NONE',  ( 2.440055399077905918, 48.46360090365682538, 22.43153440711836311 ) ) ;
#2005 = CARTESIAN_POINT ( 'NONE',  ( -29.55994460092211185, 20.48360090365682495, 4.331534407118365237 ) ) ;
#2006 = AXIS2_PLACEMENT_3D ( 'NONE', #1380, #2575, #1600 ) ;
#2007 = FACE_BOUND ( 'NONE', #528, .T. ) ;
#2008 = VERTEX_POINT ( 'NONE', #2061 ) ;
#2009 = CARTESIAN_POINT ( 'NONE',  ( 19.79940950566628288, 13.98360090365681430, 29.24616957003273754 ) ) ;
#2010 = AXIS2_PLACEMENT_3D ( 'NONE', #2267, #281, #1851 ) ;
#2011 = ORIENTED_EDGE ( 'NONE', *, *, #671, .F. ) ;
#2012 = PLANE ( 'NONE',  #2359 ) ;
#2013 = DIRECTION ( 'NONE',  ( 1.000000000000000000, -1.309225264888156377E-16, -9.637352644315598941E-17 ) ) ;
#2014 = ORIENTED_EDGE ( 'NONE', *, *, #1719, .T. ) ;
#2015 = VERTEX_POINT ( 'NONE', #1639 ) ;
#2016 = EDGE_LOOP ( 'NONE', ( #377, #467 ) ) ;
#2017 = CARTESIAN_POINT ( 'NONE',  ( 18.54366636062952622, 11.98360090365681430, 22.63153440711835529 ) ) ;
#2018 = EDGE_CURVE ( 'NONE', #1507, #559, #1468, .T. ) ;
#2019 = CARTESIAN_POINT ( 'NONE',  ( 22.81366636062952580, 7.983600903656813408, 26.80653440711836666 ) ) ;
#2020 = EDGE_CURVE ( 'NONE', #1271, #1773, #1412, .T. ) ;
#2021 = ORIENTED_EDGE ( 'NONE', *, *, #1077, .F. ) ;
#2022 = CALENDAR_DATE ( 2019, 12, 12 ) ;
#2023 = DIRECTION ( 'NONE',  ( 9.637352644315595243E-17, -1.200962406445481759E-16, 1.000000000000000000 ) ) ;
#2024 = VECTOR ( 'NONE', #2263, 1000.000000000000000 ) ;
#2025 = AXIS2_PLACEMENT_3D ( 'NONE', #965, #576, #2366 ) ;
#2026 = ORIENTED_EDGE ( 'NONE', *, *, #924, .T. ) ;
#2027 = CYLINDRICAL_SURFACE ( 'NONE', #553, 4.000000000000000000 ) ;
#2028 = CARTESIAN_POINT ( 'NONE',  ( -43.55994460092210119, 48.46360090365682538, 22.43153440711836666 ) ) ;
#2029 = CARTESIAN_POINT ( 'NONE',  ( -32.55994460092210119, 20.48360090365682140, 51.93482209501928537 ) ) ;
#2030 = VECTOR ( 'NONE', #2110, 1000.000000000000000 ) ;
#2031 = EDGE_LOOP ( 'NONE', ( #1021, #1106 ) ) ;
#2032 = VECTOR ( 'NONE', #1863, 1000.000000000000000 ) ;
#2033 = CARTESIAN_POINT ( 'NONE',  ( -43.55994460092210119, 35.96360090365681828, 22.43153440711836666 ) ) ;
#2034 = CARTESIAN_POINT ( 'NONE',  ( -43.55994460092210119, 23.46360090365682183, 22.43153440711836666 ) ) ;
#2035 = SECURITY_CLASSIFICATION ( '', '', #1134 ) ;
#2036 = ORIENTED_EDGE ( 'NONE', *, *, #2428, .F. ) ;
#2037 = CARTESIAN_POINT ( 'NONE',  ( -1.530840302231360806, 7.586465591009162068, 15.27717574342646678 ) ) ;
#2038 = DIRECTION ( 'NONE',  ( 0.0000000000000000000, -0.0000000000000000000, 1.000000000000000000 ) ) ;
#2039 = EDGE_CURVE ( 'NONE', #2370, #488, #1592, .T. ) ;
#2040 = DIRECTION ( 'NONE',  ( -0.0000000000000000000, 1.000000000000000000, -0.0000000000000000000 ) ) ;
#2041 = AXIS2_PLACEMENT_3D ( 'NONE', #276, #1287, #266 ) ;
#2042 = ORIENTED_EDGE ( 'NONE', *, *, #2443, .T. ) ;
#2043 = VERTEX_POINT ( 'NONE', #652 ) ;
#2044 = CARTESIAN_POINT ( 'NONE',  ( -31.75050741160210421, 18.43189815607883375, 49.40102094126798704 ) ) ;
#2045 = ORIENTED_EDGE ( 'NONE', *, *, #2318, .F. ) ;
#2046 = CARTESIAN_POINT ( 'NONE',  ( -1.559944600922095193, 15.48360090365680541, 65.53153440711842848 ) ) ;
#2047 = ORIENTED_EDGE ( 'NONE', *, *, #1150, .F. ) ;
#2048 = CARTESIAN_POINT ( 'NONE',  ( -32.55994460092210119, 70.48360090365682140, 4.331534407118368790 ) ) ;
#2049 = ADVANCED_BREP_SHAPE_REPRESENTATION ( 'Headplate for current headclamp MT1M (Symmetric)', ( #133, #2498 ), #74 ) ;
#2050 = ORIENTED_EDGE ( 'NONE', *, *, #2524, .T. ) ;
#2051 = DIRECTION ( 'NONE',  ( -0.0000000000000000000, 1.000000000000000000, -0.0000000000000000000 ) ) ;
#2052 = DIRECTION ( 'NONE',  ( 0.0000000000000000000, 0.0000000000000000000, 1.000000000000000000 ) ) ;
#2053 = DIRECTION ( 'NONE',  ( 0.0000000000000000000, 0.0000000000000000000, 1.000000000000000000 ) ) ;
#2054 = EDGE_CURVE ( 'NONE', #1277, #1227, #1122, .T. ) ;
#2055 = FACE_OUTER_BOUND ( 'NONE', #1176, .T. ) ;
#2056 = CALENDAR_DATE ( 2019, 12, 12 ) ;
#2057 = ORIENTED_EDGE ( 'NONE', *, *, #2472, .F. ) ;
#2058 = FACE_OUTER_BOUND ( 'NONE', #1316, .T. ) ;
#2059 = EDGE_CURVE ( 'NONE', #1773, #147, #1674, .T. ) ;
#2060 = CIRCLE ( 'NONE', #1093, 4.000000000000003553 ) ;
#2061 = CARTESIAN_POINT ( 'NONE',  ( 22.81779402615708463, 8.983600903656814296, 45.85653440711836737 ) ) ;
#2062 = VECTOR ( 'NONE', #234, 1000.000000000000000 ) ;
#2063 = AXIS2_PLACEMENT_3D ( 'NONE', #2483, #1279, #298 ) ;
#2064 = CARTESIAN_POINT ( 'NONE',  ( 25.37209348537572140, 9.983600903656814296, 27.93153440711835245 ) ) ;
#2065 = ORIENTED_EDGE ( 'NONE', *, *, #173, .T. ) ;
#2066 = CARTESIAN_POINT ( 'NONE',  ( 15.01606318754601332, 8.983600903656814296, 27.86046659525289115 ) ) ;
#2067 = CARTESIAN_POINT ( 'NONE',  ( 25.54366636062952622, 11.98360090365681430, 47.23153440711835316 ) ) ;
#2068 = DIRECTION ( 'NONE',  ( -0.0000000000000000000, -1.000000000000000000, -0.0000000000000000000 ) ) ;
#2069 = VERTEX_POINT ( 'NONE', #447 ) ;
#2070 = EDGE_CURVE ( 'NONE', #1108, #1218, #274, .T. ) ;
#2071 = CARTESIAN_POINT ( 'NONE',  ( -32.55994460092210119, 23.46360090365681828, 47.43153440711835600 ) ) ;
#2072 = AXIS2_PLACEMENT_3D ( 'NONE', #680, #2068, #1696 ) ;
#2073 = VERTEX_POINT ( 'NONE', #1107 ) ;
#2074 = CARTESIAN_POINT ( 'NONE',  ( 2.440055399077912579, 48.46360090365682538, 44.38153440711837305 ) ) ;
#2075 = DIRECTION ( 'NONE',  ( 0.0000000000000000000, 1.000000000000000000, 0.0000000000000000000 ) ) ;
#2076 = ORIENTED_EDGE ( 'NONE', *, *, #959, .F. ) ;
#2077 = ORIENTED_EDGE ( 'NONE', *, *, #842, .F. ) ;
#2078 = ADVANCED_FACE ( 'NONE', ( #543 ), #2027, .T. ) ;
#2079 = CARTESIAN_POINT ( 'NONE',  ( -0.1887210956158471009, 8.907248097853784685, 16.83545040806292903 ) ) ;
#2080 = ORIENTED_EDGE ( 'NONE', *, *, #874, .F. ) ;
#2081 = EDGE_LOOP ( 'NONE', ( #277, #709, #2316, #1057, #1118 ) ) ;
#2082 = DIRECTION ( 'NONE',  ( 0.0000000000000000000, 1.000000000000000000, 0.0000000000000000000 ) ) ;
#2083 = EDGE_CURVE ( 'NONE', #2197, #648, #817, .T. ) ;
#2084 = FACE_OUTER_BOUND ( 'NONE', #1819, .T. ) ;
#2085 = EDGE_LOOP ( 'NONE', ( #695, #2233, #1225, #1889, #1650 ) ) ;
#2086 = VECTOR ( 'NONE', #2051, 1000.000000000000000 ) ;
#2087 = CARTESIAN_POINT ( 'NONE',  ( 22.81366636062952580, 9.983600903656814296, 26.80653440711836666 ) ) ;
#2088 = VECTOR ( 'NONE', #158, 1000.000000000000000 ) ;
#2089 = AXIS2_PLACEMENT_3D ( 'NONE', #2291, #904, #2276 ) ;
#2090 = ORIENTED_EDGE ( 'NONE', *, *, #725, .F. ) ;
#2091 = LINE ( 'NONE', #747, #2278 ) ;
#2092 = ORIENTED_EDGE ( 'NONE', *, *, #1460, .F. ) ;
#2093 = ADVANCED_FACE ( 'NONE', ( #2152, #1071 ), #1475, .F. ) ;
#2094 = VECTOR ( 'NONE', #1525, 1000.000000000000000 ) ;
#2095 = DIRECTION ( 'NONE',  ( -9.637352644315595243E-17, 1.200962406445481759E-16, -1.000000000000000000 ) ) ;
#2096 = CARTESIAN_POINT ( 'NONE',  ( 15.01606318754601332, 13.98360090365681430, 34.93153440711837021 ) ) ;
#2097 = CARTESIAN_POINT ( 'NONE',  ( 24.48005539907789796, 18.06360090365680904, 22.43153440711835955 ) ) ;
#2098 = EDGE_CURVE ( 'NONE', #1570, #2311, #945, .T. ) ;
#2099 = VERTEX_POINT ( 'NONE', #1706 ) ;
#2100 = DIRECTION ( 'NONE',  ( 0.0000000000000000000, 0.0000000000000000000, -1.000000000000000000 ) ) ;
#2101 = EDGE_CURVE ( 'NONE', #557, #1642, #1624, .T. ) ;
#2102 = CARTESIAN_POINT ( 'NONE',  ( 18.54366636062952622, 11.98360090365681430, 47.23153440711835316 ) ) ;
#2103 = VERTEX_POINT ( 'NONE', #702 ) ;
#2104 = DIRECTION ( 'NONE',  ( -0.0000000000000000000, 1.000000000000000000, -0.0000000000000000000 ) ) ;
#2105 = ORIENTED_EDGE ( 'NONE', *, *, #787, .F. ) ;
#2106 = ADVANCED_FACE ( 'NONE', ( #16 ), #523, .F. ) ;
#2107 = EDGE_LOOP ( 'NONE', ( #2146, #394 ) ) ;
#2108 = AXIS2_PLACEMENT_3D ( 'NONE', #1024, #214, #2415 ) ;
#2109 = PERSON_AND_ORGANIZATION_ROLE ( 'design_owner' ) ;
#2110 = DIRECTION ( 'NONE',  ( -1.000000000000000000, -0.0000000000000000000, -0.0000000000000000000 ) ) ;
#2111 = ORIENTED_EDGE ( 'NONE', *, *, #203, .T. ) ;
#2112 = ADVANCED_FACE ( 'NONE', ( #1305 ), #76, .F. ) ;
#2113 = CARTESIAN_POINT ( 'NONE',  ( -32.31940363044868292, 19.29936725526762942, 18.98822550978842116 ) ) ;
#2114 = VERTEX_POINT ( 'NONE', #915 ) ;
#2115 = VECTOR ( 'NONE', #1857, 1000.000000000000000 ) ;
#2116 = LINE ( 'NONE', #760, #541 ) ;
#2117 = CARTESIAN_POINT ( 'NONE',  ( -43.55994460092209408, 48.46360090365682538, 47.43153440711837021 ) ) ;
#2118 = VECTOR ( 'NONE', #2262, 1000.000000000000000 ) ;
#2119 = DIRECTION ( 'NONE',  ( -0.0000000000000000000, 1.000000000000000000, -0.0000000000000000000 ) ) ;
#2120 = EDGE_CURVE ( 'NONE', #300, #2103, #1749, .T. ) ;
#2121 = EDGE_LOOP ( 'NONE', ( #992, #537, #2544, #2011 ) ) ;
#2122 = CARTESIAN_POINT ( 'NONE',  ( 22.81366636062952580, 8.983600903656814296, 24.00653440711836950 ) ) ;
#2123 = CARTESIAN_POINT ( 'NONE',  ( 0.3765470721816077115, 13.98360090365681430, 16.93052582591306532 ) ) ;
#2124 = AXIS2_PLACEMENT_3D ( 'NONE', #2347, #1160, #1555 ) ;
#2125 = CARTESIAN_POINT ( 'NONE',  ( 22.54366636062952622, 13.98360090365681430, 19.93153440711836666 ) ) ;
#2126 = DIRECTION ( 'NONE',  ( 0.0000000000000000000, 1.000000000000000000, 0.0000000000000000000 ) ) ;
#2127 = CC_DESIGN_APPROVAL ( #1224, ( #2164 ) ) ;
#2128 = ADVANCED_FACE ( 'NONE', ( #1149 ), #1285, .T. ) ;
#2129 = ADVANCED_FACE ( 'NONE', ( #2058 ), #2511, .T. ) ;
#2130 = APPROVAL_ROLE ( '' ) ;
#2131 = DIRECTION ( 'NONE',  ( -1.000000000000000000, 1.309225264888156377E-16, 9.637352644315600173E-17 ) ) ;
#2132 = CARTESIAN_POINT ( 'NONE',  ( -31.81705835279354133, 18.50457035167750064, 20.28578272737523136 ) ) ;
#2133 = ORIENTED_EDGE ( 'NONE', *, *, #959, .T. ) ;
#2134 = EDGE_CURVE ( 'NONE', #713, #1482, #1465, .T. ) ;
#2135 = CARTESIAN_POINT ( 'NONE',  ( 24.48005539907789796, 23.46360090365681117, 22.43153440711835955 ) ) ;
#2136 = VERTEX_POINT ( 'NONE', #2505 ) ;
#2137 = ORIENTED_EDGE ( 'NONE', *, *, #1955, .T. ) ;
#2138 = AXIS2_PLACEMENT_3D ( 'NONE', #2476, #870, #887 ) ;
#2139 = VERTEX_POINT ( 'NONE', #90 ) ;
#2140 = ORIENTED_EDGE ( 'NONE', *, *, #1193, .T. ) ;
#2141 = DIRECTION ( 'NONE',  ( 0.0000000000000000000, 0.0000000000000000000, -1.000000000000000000 ) ) ;
#2142 = CARTESIAN_POINT ( 'NONE',  ( -31.74989525066006379, 18.43125657678992724, 20.46373512126501737 ) ) ;
#2143 = AXIS2_PLACEMENT_3D ( 'NONE', #830, #2224, #222 ) ;
#2144 = FACE_OUTER_BOUND ( 'NONE', #1051, .T. ) ;
#2145 = CARTESIAN_POINT ( 'NONE',  ( 22.54366636062952267, 13.98360090365681430, 29.93153440711837021 ) ) ;
#2146 = ORIENTED_EDGE ( 'NONE', *, *, #942, .T. ) ;
#2147 = CIRCLE ( 'NONE', #1080, 3.049999999999990052 ) ;
#2148 = CARTESIAN_POINT ( 'NONE',  ( 15.01606318754601332, 8.983600903656814296, 27.86046659525289115 ) ) ;
#2149 = PERSON_AND_ORGANIZATION_ROLE ( 'classification_officer' ) ;
#2150 = CARTESIAN_POINT ( 'NONE',  ( -0.5625332598309915610, 14.21281310095913142, 16.66732401469020530 ) ) ;
#2151 = VECTOR ( 'NONE', #267, 1000.000000000000000 ) ;
#2152 = FACE_BOUND ( 'NONE', #1138, .T. ) ;
#2153 = EDGE_CURVE ( 'NONE', #1829, #779, #844, .T. ) ;
#2154 = CIRCLE ( 'NONE', #244, 7.071067811865471064 ) ;
#2155 = ORIENTED_EDGE ( 'NONE', *, *, #2249, .T. ) ;
#2156 = LINE ( 'NONE', #918, #1628 ) ;
#2157 = CARTESIAN_POINT ( 'NONE',  ( 22.54366636062951912, 8.983600903656814296, 26.93153440711836311 ) ) ;
#2158 = CARTESIAN_POINT ( 'NONE',  ( 0.4400553990779043634, 13.98360090365681430, 54.93153440711837021 ) ) ;
#2159 = EDGE_CURVE ( 'NONE', #893, #220, #408, .T. ) ;
#2160 = ADVANCED_FACE ( 'NONE', ( #1119 ), #2354, .F. ) ;
#2161 = CARTESIAN_POINT ( 'NONE',  ( -0.8756780288927542566, 14.41931165546529847, 16.44309388749984535 ) ) ;
#2162 = AXIS2_PLACEMENT_3D ( 'NONE', #1891, #1518, #1729 ) ;
#2163 = CARTESIAN_POINT ( 'NONE',  ( 2.440055399077913023, 35.96360090365681828, 47.43153440711836311 ) ) ;
#2164 = PRODUCT_DEFINITION ( 'UNKNOWN', '', #793, #1072 ) ;
#2165 = ORIENTED_EDGE ( 'NONE', *, *, #2507, .F. ) ;
#2166 = EDGE_LOOP ( 'NONE', ( #2461, #2231, #2477, #1441 ) ) ;
#2167 = CARTESIAN_POINT ( 'NONE',  ( -0.9653369027459207663, 14.49615064483522175, 16.35960659873998324 ) ) ;
#2168 = ADVANCED_FACE ( 'NONE', ( #236, #2305 ), #1733, .F. ) ;
#2169 = ORIENTED_EDGE ( 'NONE', *, *, #35, .T. ) ;
#2170 = CARTESIAN_POINT ( 'NONE',  ( -1.559944600922101854, 7.483600903656824954, 1.117819814382505047E-15 ) ) ;
#2171 = CARTESIAN_POINT ( 'NONE',  ( 22.81779402615708463, 11.98360090365681430, 44.45653440711836879 ) ) ;
#2172 = ORIENTED_EDGE ( 'NONE', *, *, #123, .T. ) ;
#2173 = EDGE_CURVE ( 'NONE', #2015, #132, #1272, .T. ) ;
#2174 = ORIENTED_EDGE ( 'NONE', *, *, #2059, .T. ) ;
#2175 = DIRECTION ( 'NONE',  ( 1.421904488505574477E-16, 0.0000000000000000000, 1.000000000000000000 ) ) ;
#2176 = CARTESIAN_POINT ( 'NONE',  ( 18.54366636062952622, 9.983600903656814296, 22.63153440711835529 ) ) ;
#2177 = DIRECTION ( 'NONE',  ( -0.0000000000000000000, -1.000000000000000000, -0.0000000000000000000 ) ) ;
#2178 = VERTEX_POINT ( 'NONE', #1329 ) ;
#2179 = CALENDAR_DATE ( 2019, 12, 12 ) ;
#2180 = CARTESIAN_POINT ( 'NONE',  ( 18.54366636062952622, 9.983600903656814296, 47.23153440711835316 ) ) ;
#2181 = ORIENTED_EDGE ( 'NONE', *, *, #1252, .T. ) ;
#2182 = CIRCLE ( 'NONE', #160, 1.399999999999998579 ) ;
#2183 = CARTESIAN_POINT ( 'NONE',  ( -31.33378140122285060, 18.06360090365593152, 47.21497032885597633 ) ) ;
#2184 = FACE_OUTER_BOUND ( 'NONE', #2501, .T. ) ;
#2185 = VERTEX_POINT ( 'NONE', #2541 ) ;
#2186 = LINE ( 'NONE', #196, #1656 ) ;
#2187 = DIRECTION ( 'NONE',  ( -1.000000000000000000, -0.0000000000000000000, -0.0000000000000000000 ) ) ;
#2188 = CARTESIAN_POINT ( 'NONE',  ( -32.55994460092209408, 70.48360090365680719, 65.53153440711838584 ) ) ;
#2189 = EDGE_CURVE ( 'NONE', #1323, #400, #1206, .T. ) ;
#2190 = CARTESIAN_POINT ( 'NONE',  ( -32.14531656858610376, 18.95723313640507968, 25.41294221779824980 ) ) ;
#2191 = CARTESIAN_POINT ( 'NONE',  ( 22.81366636062952580, 9.983600903656814296, 25.40653440711836808 ) ) ;
#2192 = CARTESIAN_POINT ( 'NONE',  ( -31.37262949617393559, 18.09254802565399700, 22.65118141592889600 ) ) ;
#2193 = EDGE_CURVE ( 'NONE', #1627, #816, #2270, .T. ) ;
#2194 = DIRECTION ( 'NONE',  ( 0.0000000000000000000, 1.000000000000000000, 0.0000000000000000000 ) ) ;
#2195 = AXIS2_PLACEMENT_3D ( 'NONE', #1947, #764, #952 ) ;
#2196 = CARTESIAN_POINT ( 'NONE',  ( 0.4400553990778974245, 13.98360090365681430, 14.93153440711836843 ) ) ;
#2197 = VERTEX_POINT ( 'NONE', #126 ) ;
#2198 = ORIENTED_EDGE ( 'NONE', *, *, #2280, .F. ) ;
#2199 = CARTESIAN_POINT ( 'NONE',  ( -43.55994460092209408, 23.46360090365682183, 44.38153440711838016 ) ) ;
#2200 = CARTESIAN_POINT ( 'NONE',  ( 22.81366636062952580, 7.983600903656813408, 26.80653440711836666 ) ) ;
#2201 = ORIENTED_EDGE ( 'NONE', *, *, #2411, .T. ) ;
#2202 = DIRECTION ( 'NONE',  ( -9.637352644315597708E-17, 1.200962406445482005E-16, -1.000000000000000000 ) ) ;
#2203 = EDGE_CURVE ( 'NONE', #1218, #2139, #2337, .T. ) ;
#2204 = CARTESIAN_POINT ( 'NONE',  ( -43.55994460092210119, 48.46360090365682538, 19.38153440711836950 ) ) ;
#2205 = CIRCLE ( 'NONE', #2271, 2.999999999999999112 ) ;
#2206 = AXIS2_PLACEMENT_3D ( 'NONE', #1102, #1273, #2255 ) ;
#2207 = DIRECTION ( 'NONE',  ( -0.0000000000000000000, 0.0000000000000000000, -1.000000000000000000 ) ) ;
#2208 = DIRECTION ( 'NONE',  ( 9.637352644315596475E-17, -1.200962406445482005E-16, 1.000000000000000000 ) ) ;
#2209 = ORIENTED_EDGE ( 'NONE', *, *, #2341, .F. ) ;
#2210 = VERTEX_POINT ( 'NONE', #1520 ) ;
#2211 = LINE ( 'NONE', #639, #1523 ) ;
#2212 = CARTESIAN_POINT ( 'NONE',  ( 25.54366636062952622, 11.98360090365681430, 47.23153440711835316 ) ) ;
#2213 = DIRECTION ( 'NONE',  ( -0.0000000000000000000, 1.000000000000000000, -0.0000000000000000000 ) ) ;
#2214 = LINE ( 'NONE', #1378, #1491 ) ;
#2215 = CYLINDRICAL_SURFACE ( 'NONE', #91, 3.050000000000010925 ) ;
#2216 = CIRCLE ( 'NONE', #448, 3.000000000000002665 ) ;
#2217 = DIRECTION ( 'NONE',  ( -9.920804192677813919E-17, 1.275531967630004999E-16, -1.000000000000000000 ) ) ;
#2218 = ORIENTED_EDGE ( 'NONE', *, *, #774, .T. ) ;
#2219 = CIRCLE ( 'NONE', #58, 3.050000000000014477 ) ;
#2220 = CARTESIAN_POINT ( 'NONE',  ( -29.55994460092210474, 17.48360090365682140, 48.08122664194954865 ) ) ;
#2221 = CARTESIAN_POINT ( 'NONE',  ( -32.32047972792312862, 19.30180721224737539, 50.87784065153274327 ) ) ;
#2222 = EDGE_CURVE ( 'NONE', #2368, #2571, #2182, .T. ) ;
#2223 = DIRECTION ( 'NONE',  ( 0.0000000000000000000, 0.0000000000000000000, 1.000000000000000000 ) ) ;
#2224 = DIRECTION ( 'NONE',  ( -0.0000000000000000000, 1.000000000000000000, -0.0000000000000000000 ) ) ;
#2225 = CARTESIAN_POINT ( 'NONE',  ( 22.81779402615708463, 7.983600903656813408, 43.05653440711837021 ) ) ;
#2226 = AXIS2_PLACEMENT_3D ( 'NONE', #1798, #2596, #601 ) ;
#2227 = DIRECTION ( 'NONE',  ( -1.000000000000000000, 1.994306155430570670E-32, 9.340818716798195839E-17 ) ) ;
#2228 = CARTESIAN_POINT ( 'NONE',  ( 2.440055399077913023, 23.46360090365682183, 47.43153440711836311 ) ) ;
#2229 = AXIS2_PLACEMENT_3D ( 'NONE', #1447, #57, #1435 ) ;
#2230 = CARTESIAN_POINT ( 'NONE',  ( -32.55994460092210829, 23.46360090365682183, 25.48153440711838158 ) ) ;
#2231 = ORIENTED_EDGE ( 'NONE', *, *, #988, .T. ) ;
#2232 = ORIENTED_EDGE ( 'NONE', *, *, #1654, .F. ) ;
#2233 = ORIENTED_EDGE ( 'NONE', *, *, #826, .T. ) ;
#2234 = EDGE_CURVE ( 'NONE', #1458, #2136, #264, .T. ) ;
#2235 = CARTESIAN_POINT ( 'NONE',  ( 22.54366636062952622, 13.98360090365681430, 42.93153440711837021 ) ) ;
#2236 = EDGE_CURVE ( 'NONE', #820, #2566, #1335, .T. ) ;
#2237 = ORIENTED_EDGE ( 'NONE', *, *, #1513, .T. ) ;
#2238 = PERSON_AND_ORGANIZATION ( #1882, #169 ) ;
#2239 = B_SPLINE_CURVE_WITH_KNOTS ( 'NONE', 3,
 ( #2029, #218, #1631, #1228, #2221, #254, #238, #1824, #1032, #629, #2044, #455, #827, #837 ),
 .UNSPECIFIED., .F., .F.,
 ( 4, 2, 2, 2, 2, 2, 4 ),
 ( 1.962615573354718958E-17, 0.001201719734002729004, 0.001802579601004081905, 0.002403439468005434589, 0.003004299335006787707, 0.003605159202008140825, 0.004806878936010844025 ),
 .UNSPECIFIED. ) ;
#2240 = AXIS2_PLACEMENT_3D ( 'NONE', #1789, #2396, #395 ) ;
#2241 = EDGE_LOOP ( 'NONE', ( #868, #987, #840, #1680 ) ) ;
#2242 = FACE_OUTER_BOUND ( 'NONE', #1264, .T. ) ;
#2243 = DIRECTION ( 'NONE',  ( 0.0000000000000000000, 0.0000000000000000000, -1.000000000000000000 ) ) ;
#2244 = DIRECTION ( 'NONE',  ( -0.0000000000000000000, 1.000000000000000000, -0.0000000000000000000 ) ) ;
#2245 = CIRCLE ( 'NONE', #577, 2.000000000000001776 ) ;
#2246 = VECTOR ( 'NONE', #153, 1000.000000000000000 ) ;
#2247 = CARTESIAN_POINT ( 'NONE',  ( -29.55994460092209764, 17.48360090365682140, 48.08122664194955576 ) ) ;
#2248 = DIRECTION ( 'NONE',  ( 1.000000000000000000, 2.312964634635743450E-15, 0.0000000000000000000 ) ) ;
#2249 = EDGE_CURVE ( 'NONE', #1081, #927, #272, .T. ) ;
#2250 = CARTESIAN_POINT ( 'NONE',  ( -29.56076136251783026, 17.48360090365682140, 47.64810807058110953 ) ) ;
#2251 = CARTESIAN_POINT ( 'NONE',  ( -1.126617636356209928, 8.307857953342466573, 16.18055534631526626 ) ) ;
#2252 = AXIS2_PLACEMENT_3D ( 'NONE', #252, #645, #2052 ) ;
#2253 = CARTESIAN_POINT ( 'NONE',  ( 19.13398304242149450, 8.983600903656814296, 29.18325326674063547 ) ) ;
#2254 = ORIENTED_EDGE ( 'NONE', *, *, #1198, .T. ) ;
#2255 = DIRECTION ( 'NONE',  ( 0.0000000000000000000, 0.0000000000000000000, 1.000000000000000000 ) ) ;
#2256 = CARTESIAN_POINT ( 'NONE',  ( -1.559944600922096303, 7.483600903656817849, 54.93153440711837021 ) ) ;
#2257 = ORIENTED_EDGE ( 'NONE', *, *, #1230, .T. ) ;
#2258 = EDGE_LOOP ( 'NONE', ( #1379, #257, #495, #1994 ) ) ;
#2259 = DIRECTION ( 'NONE',  ( 1.000000000000000000, -0.0000000000000000000, -0.0000000000000000000 ) ) ;
#2260 = ORIENTED_EDGE ( 'NONE', *, *, #1077, .T. ) ;
#2261 = ORIENTED_EDGE ( 'NONE', *, *, #2234, .T. ) ;
#2262 = DIRECTION ( 'NONE',  ( 0.0000000000000000000, -1.000000000000000000, -1.200962406445481759E-16 ) ) ;
#2263 = DIRECTION ( 'NONE',  ( -9.637352644315597708E-17, 1.200962406445482005E-16, -1.000000000000000000 ) ) ;
#2264 = EDGE_CURVE ( 'NONE', #740, #1446, #2147, .T. ) ;
#2265 = LINE ( 'NONE', #1295, #1742 ) ;
#2266 = COORDINATED_UNIVERSAL_TIME_OFFSET ( 0, 0, .AHEAD. ) ;
#2267 = CARTESIAN_POINT ( 'NONE',  ( 22.54366636062952622, 13.98360090365681430, 42.93153440711837021 ) ) ;
#2268 = VECTOR ( 'NONE', #155, 1000.000000000000000 ) ;
#2269 = EDGE_LOOP ( 'NONE', ( #1855, #1299 ) ) ;
#2270 = LINE ( 'NONE', #2348, #1245 ) ;
#2271 = AXIS2_PLACEMENT_3D ( 'NONE', #808, #213, #1983 ) ;
#2272 = FACE_OUTER_BOUND ( 'NONE', #2421, .T. ) ;
#2273 = VECTOR ( 'NONE', #1079, 1000.000000000000000 ) ;
#2274 = AXIS2_PLACEMENT_3D ( 'NONE', #920, #697, #1672 ) ;
#2275 = VECTOR ( 'NONE', #989, 1000.000000000000000 ) ;
#2276 = DIRECTION ( 'NONE',  ( 0.0000000000000000000, -2.267612386897785405E-16, 1.000000000000000000 ) ) ;
#2277 = EDGE_LOOP ( 'NONE', ( #1288, #571, #53, #365 ) ) ;
#2278 = VECTOR ( 'NONE', #2329, 1000.000000000000000 ) ;
#2279 = DIRECTION ( 'NONE',  ( 1.000000000000000000, -1.309225264888156377E-16, -9.637352644315598941E-17 ) ) ;
#2280 = EDGE_CURVE ( 'NONE', #1570, #291, #1905, .T. ) ;
#2281 = CARTESIAN_POINT ( 'NONE',  ( -1.559944600922101854, 7.483600903656824954, 1.117819814382505047E-15 ) ) ;
#2282 = DIRECTION ( 'NONE',  ( -1.000000000000000000, 1.994306155430570670E-32, 9.340818716798195839E-17 ) ) ;
#2283 = EDGE_CURVE ( 'NONE', #925, #2114, #2462, .T. ) ;
#2284 = CARTESIAN_POINT ( 'NONE',  ( -30.58422190682281894, 17.48360090365681785, 46.78184217228718467 ) ) ;
#2285 = DIRECTION ( 'NONE',  ( 0.0000000000000000000, 0.0000000000000000000, 1.000000000000000000 ) ) ;
#2286 = ORIENTED_EDGE ( 'NONE', *, *, #352, .F. ) ;
#2287 = ADVANCED_FACE ( 'NONE', ( #1783 ), #1777, .T. ) ;
#2288 = DIRECTION ( 'NONE',  ( 0.0000000000000000000, 0.0000000000000000000, -1.000000000000000000 ) ) ;
#2289 = AXIS2_PLACEMENT_3D ( 'NONE', #199, #402, #617 ) ;
#2290 = VERTEX_POINT ( 'NONE', #1401 ) ;
#2291 = CARTESIAN_POINT ( 'NONE',  ( -8.312774546286787528E-32, 66.44360090365681515, 1.512039075986659279E-14 ) ) ;
#2292 = DIRECTION ( 'NONE',  ( 1.000000000000000000, -1.309225264888156377E-16, -9.637352644315598941E-17 ) ) ;
#2293 = ORIENTED_EDGE ( 'NONE', *, *, #2098, .F. ) ;
#2294 = ORIENTED_EDGE ( 'NONE', *, *, #704, .T. ) ;
#2295 = CC_DESIGN_PERSON_AND_ORGANIZATION_ASSIGNMENT ( #502, #2330, ( #793 ) ) ;
#2296 = DIRECTION ( 'NONE',  ( -1.000000000000000000, 1.994306155430570396E-32, 9.340818716798195839E-17 ) ) ;
#2297 = ORIENTED_EDGE ( 'NONE', *, *, #604, .F. ) ;
#2298 = CARTESIAN_POINT ( 'NONE',  ( 22.81779402615708463, 7.983600903656813408, 45.85653440711836737 ) ) ;
#2299 = ORIENTED_EDGE ( 'NONE', *, *, #294, .F. ) ;
#2300 = VERTEX_POINT ( 'NONE', #1963 ) ;
#2301 = LOCAL_TIME ( 16, 25, 17.00000000000000000, #2559 ) ;
#2302 = CARTESIAN_POINT ( 'NONE',  ( -31.38529777743347893, 18.10282670583800524, 23.08122664194966944 ) ) ;
#2303 = EDGE_CURVE ( 'NONE', #957, #129, #538, .T. ) ;
#2304 = ORIENTED_EDGE ( 'NONE', *, *, #2159, .T. ) ;
#2305 = FACE_OUTER_BOUND ( 'NONE', #2450, .T. ) ;
#2306 = DIRECTION ( 'NONE',  ( 9.920804192677813919E-17, -1.200962406445482005E-16, 1.000000000000000000 ) ) ;
#2307 = FACE_OUTER_BOUND ( 'NONE', #304, .T. ) ;
#2308 = AXIS2_PLACEMENT_3D ( 'NONE', #1761, #1732, #2556 ) ;
#2309 = LINE ( 'NONE', #1528, #1686 ) ;
#2310 = DIRECTION ( 'NONE',  ( 9.920804192677813919E-17, -1.275531967630004999E-16, 1.000000000000000000 ) ) ;
#2311 = VERTEX_POINT ( 'NONE', #1173 ) ;
#2312 = ADVANCED_FACE ( 'NONE', ( #1812, #877 ), #1011, .F. ) ;
#2313 = ADVANCED_FACE ( 'NONE', ( #1681 ), #185, .F. ) ;
#2314 = CARTESIAN_POINT ( 'NONE',  ( 21.46343028543363829, 13.98360090365681430, 43.93153440711836311 ) ) ;
#2315 = EDGE_CURVE ( 'NONE', #480, #557, #1066, .T. ) ;
#2316 = ORIENTED_EDGE ( 'NONE', *, *, #1636, .F. ) ;
#2317 = CARTESIAN_POINT ( 'NONE',  ( -1.559944600922095193, 15.48360090365680541, 65.53153440711842848 ) ) ;
#2318 = EDGE_CURVE ( 'NONE', #820, #677, #1830, .T. ) ;
#2319 = EDGE_LOOP ( 'NONE', ( #796, #656 ) ) ;
#2320 = ADVANCED_FACE ( 'NONE', ( #661 ), #343, .T. ) ;
#2321 = ORIENTED_EDGE ( 'NONE', *, *, #478, .T. ) ;
#2322 = ADVANCED_FACE ( 'NONE', ( #140 ), #202, .T. ) ;
#2323 = ORIENTED_EDGE ( 'NONE', *, *, #2315, .F. ) ;
#2324 = CARTESIAN_POINT ( 'NONE',  ( -32.55994460092210119, 23.46360090365682183, 47.43153440711836311 ) ) ;
#2325 = DIRECTION ( 'NONE',  ( 0.0000000000000000000, 0.0000000000000000000, 1.000000000000000000 ) ) ;
#2326 = ORIENTED_EDGE ( 'NONE', *, *, #838, .F. ) ;
#2327 = ORIENTED_EDGE ( 'NONE', *, *, #1534, .F. ) ;
#2328 = CARTESIAN_POINT ( 'NONE',  ( 22.54366636062952622, 9.983600903656814296, 42.93153440711837021 ) ) ;
#2329 = DIRECTION ( 'NONE',  ( 1.000000000000000000, -0.0000000000000000000, -0.0000000000000000000 ) ) ;
#2330 = PERSON_AND_ORGANIZATION_ROLE ( 'design_supplier' ) ;
#2331 = FACE_OUTER_BOUND ( 'NONE', #497, .T. ) ;
#2332 = CARTESIAN_POINT ( 'NONE',  ( 22.54366636062951557, 8.983600903656814296, 49.93153440711835600 ) ) ;
#2333 = CARTESIAN_POINT ( 'NONE',  ( -0.9653369027459116625, 8.471051162478412166, 53.50346221549675363 ) ) ;
#2334 = ORIENTED_EDGE ( 'NONE', *, *, #1314, .T. ) ;
#2335 = CARTESIAN_POINT ( 'NONE',  ( 18.54366636062952622, 9.983600903656814296, 47.23153440711835316 ) ) ;
#2336 = VERTEX_POINT ( 'NONE', #1410 ) ;
#2337 = CIRCLE ( 'NONE', #953, 8.000000000000000000 ) ;
#2338 = LINE ( 'NONE', #980, #49 ) ;
#2339 = DIRECTION ( 'NONE',  ( -0.0000000000000000000, -0.0000000000000000000, 1.000000000000000000 ) ) ;
#2340 = LINE ( 'NONE', #2470, #1936 ) ;
#2341 = EDGE_CURVE ( 'NONE', #2368, #957, #686, .T. ) ;
#2342 = ADVANCED_FACE ( 'NONE', ( #1869 ), #623, .F. ) ;
#2343 = CIRCLE ( 'NONE', #1692, 3.049999999999990052 ) ;
#2344 = EDGE_LOOP ( 'NONE', ( #34, #333, #1514, #1129 ) ) ;
#2345 = VECTOR ( 'NONE', #285, 1000.000000000000000 ) ;
#2346 = CARTESIAN_POINT ( 'NONE',  ( -1.126617636356209928, 14.65934385397116202, 16.18055534631526271 ) ) ;
#2347 = CARTESIAN_POINT ( 'NONE',  ( 22.81366636062952580, 11.98360090365681430, 25.40653440711836808 ) ) ;
#2348 = CARTESIAN_POINT ( 'NONE',  ( 25.54366636062952622, 8.983600903656814296, 26.93153440711836666 ) ) ;
#2349 = DIRECTION ( 'NONE',  ( -1.000000000000000000, 1.994306155430570396E-32, 9.340818716798195839E-17 ) ) ;
#2350 = CARTESIAN_POINT ( 'NONE',  ( -32.55994460092210119, 66.44360090365681515, 4.331534407118368790 ) ) ;
#2351 = PERSON_AND_ORGANIZATION_ROLE ( 'creator' ) ;
#2352 = CARTESIAN_POINT ( 'NONE',  ( -1.492747002747383034, 15.26803862772193732, 15.46055810291568910 ) ) ;
#2353 = CARTESIAN_POINT ( 'NONE',  ( -1.319494133618484444, 8.048804662890153949, 53.97376099167796326 ) ) ;
#2354 = PLANE ( 'NONE',  #2195 ) ;
#2355 = VERTEX_POINT ( 'NONE', #610 ) ;
#2356 = EDGE_CURVE ( 'NONE', #779, #162, #719, .T. ) ;
#2357 = DIRECTION ( 'NONE',  ( -1.000000000000000000, 0.0000000000000000000, 0.0000000000000000000 ) ) ;
#2358 = VERTEX_POINT ( 'NONE', #23 ) ;
#2359 = AXIS2_PLACEMENT_3D ( 'NONE', #634, #1457, #2448 ) ;
#2360 = VERTEX_POINT ( 'NONE', #814 ) ;
#2361 = CARTESIAN_POINT ( 'NONE',  ( 24.48005539907789796, 18.06360090365680904, 47.43153440711834889 ) ) ;
#2362 = CARTESIAN_POINT ( 'NONE',  ( -0.6749766529089166189, 8.689287396345315884, 53.26640076706043914 ) ) ;
#2363 = AXIS2_PLACEMENT_3D ( 'NONE', #973, #181, #2587 ) ;
#2364 = DATE_AND_TIME ( #136, #1332 ) ;
#2365 = ADVANCED_FACE ( 'NONE', ( #305 ), #172, .F. ) ;
#2366 = DIRECTION ( 'NONE',  ( 0.0000000000000000000, -1.000000000000000000, -1.275531967630004506E-16 ) ) ;
#2367 = ADVANCED_FACE ( 'NONE', ( #2242 ), #749, .F. ) ;
#2368 = VERTEX_POINT ( 'NONE', #2435 ) ;
#2369 = VERTEX_POINT ( 'NONE', #1216 ) ;
#2370 = VERTEX_POINT ( 'NONE', #2230 ) ;
#2371 = CIRCLE ( 'NONE', #1556, 3.050000000000014477 ) ;
#2372 = EDGE_CURVE ( 'NONE', #1342, #1415, #227, .T. ) ;
#2373 = CARTESIAN_POINT ( 'NONE',  ( 0.08457844178504206334, 14.00003797681515749, 52.95828535993779695 ) ) ;
#2374 = FACE_OUTER_BOUND ( 'NONE', #1025, .T. ) ;
#2375 = CARTESIAN_POINT ( 'NONE',  ( -30.56902533691646795, 17.48360090365682140, 22.64981832127110195 ) ) ;
#2376 = EDGE_CURVE ( 'NONE', #114, #505, #846, .T. ) ;
#2377 = ORIENTED_EDGE ( 'NONE', *, *, #1336, .T. ) ;
#2378 = DIRECTION ( 'NONE',  ( 1.000000000000000000, -0.0000000000000000000, -0.0000000000000000000 ) ) ;
#2379 = DIRECTION ( 'NONE',  ( 0.0000000000000000000, -1.000000000000000000, 0.0000000000000000000 ) ) ;
#2380 = AXIS2_PLACEMENT_3D ( 'NONE', #229, #2038, #1256 ) ;
#2381 = CARTESIAN_POINT ( 'NONE',  ( 22.54366636062952622, 13.98360090365681430, 16.93153440711836666 ) ) ;
#2382 = DIRECTION ( 'NONE',  ( 0.0000000000000000000, -1.000000000000000000, 0.0000000000000000000 ) ) ;
#2383 = CARTESIAN_POINT ( 'NONE',  ( -29.55994460092210474, 17.48360090365682140, 46.78184217228718467 ) ) ;
#2384 = ORIENTED_EDGE ( 'NONE', *, *, #1474, .T. ) ;
#2385 = DIRECTION ( 'NONE',  ( 0.0000000000000000000, -0.0000000000000000000, 1.000000000000000000 ) ) ;
#2386 = EDGE_LOOP ( 'NONE', ( #2496, #511, #961, #993 ) ) ;
#2387 = CIRCLE ( 'NONE', #625, 3.049999999999990052 ) ;
#2388 = DIRECTION ( 'NONE',  ( 0.0000000000000000000, 0.0000000000000000000, 1.000000000000000000 ) ) ;
#2389 = CARTESIAN_POINT ( 'NONE',  ( -0.8861228179479894163, 14.41597293229467347, 53.41549186746274813 ) ) ;
#2390 = ORIENTED_EDGE ( 'NONE', *, *, #1545, .T. ) ;
#2391 = EDGE_CURVE ( 'NONE', #488, #397, #2371, .T. ) ;
#2392 = VERTEX_POINT ( 'NONE', #195 ) ;
#2393 = DIRECTION ( 'NONE',  ( 0.0000000000000000000, 0.0000000000000000000, 1.000000000000000000 ) ) ;
#2394 = AXIS2_PLACEMENT_3D ( 'NONE', #771, #145, #1126 ) ;
#2395 = CARTESIAN_POINT ( 'NONE',  ( 18.54366636062952622, 11.98360090365681430, 47.23153440711835316 ) ) ;
#2396 = DIRECTION ( 'NONE',  ( 1.000000000000000000, -1.309225264888156377E-16, -9.637352644315598941E-17 ) ) ;
#2397 = DIRECTION ( 'NONE',  ( -0.0000000000000000000, -0.0000000000000000000, -1.000000000000000000 ) ) ;
#2398 = LINE ( 'NONE', #1597, #620 ) ;
#2399 = DIRECTION ( 'NONE',  ( 0.0000000000000000000, -1.000000000000000000, 0.0000000000000000000 ) ) ;
#2400 = ORIENTED_EDGE ( 'NONE', *, *, #255, .T. ) ;
#2401 = VECTOR ( 'NONE', #2213, 1000.000000000000000 ) ;
#2402 = CARTESIAN_POINT ( 'NONE',  ( 22.81366636062952580, 13.98360090365681430, 25.40653440711836808 ) ) ;
#2403 = VECTOR ( 'NONE', #2379, 1000.000000000000000 ) ;
#2404 = EDGE_LOOP ( 'NONE', ( #529, #1058, #1779, #646, #733, #1148, #1067, #2155 ) ) ;
#2405 = CIRCLE ( 'NONE', #1766, 2.999999999999999112 ) ;
#2406 = DIRECTION ( 'NONE',  ( 2.312964634635743450E-15, 0.0000000000000000000, -1.000000000000000000 ) ) ;
#2407 = CARTESIAN_POINT ( 'NONE',  ( -31.38529777743347893, 18.10282670583800169, 21.78184217228707098 ) ) ;
#2408 = LINE ( 'NONE', #30, #694 ) ;
#2409 = VERTEX_POINT ( 'NONE', #621 ) ;
#2410 = LINE ( 'NONE', #767, #1343 ) ;
#2411 = EDGE_CURVE ( 'NONE', #1205, #398, #2211, .T. ) ;
#2412 = DIRECTION ( 'NONE',  ( -0.0000000000000000000, 1.000000000000000000, -0.0000000000000000000 ) ) ;
#2413 = AXIS2_PLACEMENT_3D ( 'NONE', #609, #1821, #1387 ) ;
#2414 = CARTESIAN_POINT ( 'NONE',  ( -31.38529777743346472, 18.10282670583799103, 48.08122664194955576 ) ) ;
#2415 = DIRECTION ( 'NONE',  ( 1.421904488505574477E-16, 0.0000000000000000000, 1.000000000000000000 ) ) ;
#2416 = AXIS2_PLACEMENT_3D ( 'NONE', #1113, #85, #1880 ) ;
#2417 = DIRECTION ( 'NONE',  ( 1.000000000000000000, -1.309225264888156377E-16, -9.637352644315598941E-17 ) ) ;
#2418 = DIRECTION ( 'NONE',  ( 1.421904488505580887E-16, 0.0000000000000000000, 1.000000000000000000 ) ) ;
#2419 = DIRECTION ( 'NONE',  ( 0.0000000000000000000, 1.000000000000000000, 0.0000000000000000000 ) ) ;
#2420 = ORIENTED_EDGE ( 'NONE', *, *, #2391, .T. ) ;
#2421 = EDGE_LOOP ( 'NONE', ( #1043, #1924, #1197, #2334 ) ) ;
#2422 = DIRECTION ( 'NONE',  ( 0.0000000000000000000, 1.000000000000000000, 0.0000000000000000000 ) ) ;
#2423 = EDGE_CURVE ( 'NONE', #2610, #33, #1713, .T. ) ;
#2424 = ORIENTED_EDGE ( 'NONE', *, *, #317, .T. ) ;
#2425 = CARTESIAN_POINT ( 'NONE',  ( -6.851447223051292390, 9.483600903656823178, 65.53153440711840005 ) ) ;
#2426 = ORIENTED_EDGE ( 'NONE', *, *, #137, .F. ) ;
#2427 = CARTESIAN_POINT ( 'NONE',  ( 15.01606318754601332, 8.983600903656814296, 34.93153440711837021 ) ) ;
#2428 = EDGE_CURVE ( 'NONE', #162, #2069, #1180, .T. ) ;
#2429 = DIRECTION ( 'NONE',  ( -1.000000000000000000, 1.994306155430570670E-32, 9.340818716798195839E-17 ) ) ;
#2430 = VECTOR ( 'NONE', #1421, 1000.000000000000000 ) ;
#2431 = DIRECTION ( 'NONE',  ( 0.0000000000000000000, -1.000000000000000000, 0.0000000000000000000 ) ) ;
#2432 = ORIENTED_EDGE ( 'NONE', *, *, #859, .F. ) ;
#2433 = ORIENTED_EDGE ( 'NONE', *, *, #2002, .F. ) ;
#2434 = CYLINDRICAL_SURFACE ( 'NONE', #1521, 3.049999999999997158 ) ;
#2435 = CARTESIAN_POINT ( 'NONE',  ( 22.81366636062952580, 8.983600903656814296, 26.80653440711836666 ) ) ;
#2436 = FACE_BOUND ( 'NONE', #139, .T. ) ;
#2437 = ORIENTED_EDGE ( 'NONE', *, *, #1351, .F. ) ;
#2438 = LINE ( 'NONE', #636, #1999 ) ;
#2439 = CARTESIAN_POINT ( 'NONE',  ( -43.55994460092210119, 5.483600903656821401, 4.331534407118362573 ) ) ;
#2440 = ORIENTED_EDGE ( 'NONE', *, *, #2443, .F. ) ;
#2441 = FACE_OUTER_BOUND ( 'NONE', #382, .T. ) ;
#2442 = DIRECTION ( 'NONE',  ( 0.0000000000000000000, 0.0000000000000000000, 1.000000000000000000 ) ) ;
#2443 = EDGE_CURVE ( 'NONE', #2103, #300, #111, .T. ) ;
#2444 = CARTESIAN_POINT ( 'NONE',  ( -1.492747002747383256, 7.699163179591695716, 15.46055810291569443 ) ) ;
#2445 = AXIS2_PLACEMENT_3D ( 'NONE', #2125, #368, #938 ) ;
#2446 = ORIENTED_EDGE ( 'NONE', *, *, #68, .F. ) ;
#2447 = ORIENTED_EDGE ( 'NONE', *, *, #874, .T. ) ;
#2448 = DIRECTION ( 'NONE',  ( 0.0000000000000000000, 1.000000000000000000, 2.135044278125300603E-16 ) ) ;
#2449 = ORIENTED_EDGE ( 'NONE', *, *, #280, .T. ) ;
#2450 = EDGE_LOOP ( 'NONE', ( #1554, #1365, #526, #768, #1608 ) ) ;
#2451 = ORIENTED_EDGE ( 'NONE', *, *, #2391, .F. ) ;
#2452 = CARTESIAN_POINT ( 'NONE',  ( -29.55994460092210474, 17.48360090365682495, 21.78184217228707098 ) ) ;
#2453 = CARTESIAN_POINT ( 'NONE',  ( -1.559944600922101854, 15.48360090365681607, 4.331534407118359908 ) ) ;
#2454 = EDGE_CURVE ( 'NONE', #907, #1727, #48, .T. ) ;
#2455 = CARTESIAN_POINT ( 'NONE',  ( 2.440055399077913023, 48.46360090365682538, 47.43153440711836311 ) ) ;
#2456 = EDGE_CURVE ( 'NONE', #1542, #1900, #1588, .T. ) ;
#2457 = VECTOR ( 'NONE', #387, 1000.000000000000000 ) ;
#2458 = PERSON_AND_ORGANIZATION ( #1882, #169 ) ;
#2459 = CARTESIAN_POINT ( 'NONE',  ( -0.8756780288927541456, 8.547890151848333673, 16.44309388749984890 ) ) ;
#2460 = B_SPLINE_CURVE_WITH_KNOTS ( 'NONE', 3,
 ( #1537, #972, #2547, #804, #1978, #785, #2190, #587, #193, #204, #166, #1399, #404, #2585 ),
 .UNSPECIFIED., .F., .F.,
 ( 4, 2, 2, 2, 2, 2, 4 ),
 ( 4.906538933386797396E-18, 0.001201719734002691274, 0.001802579601004038103, 0.002403439468005384282, 0.003004299335006731329, 0.003605159202008077941, 0.004806878936010772034 ),
 .UNSPECIFIED. ) ;
#2461 = ORIENTED_EDGE ( 'NONE', *, *, #1282, .F. ) ;
#2462 = LINE ( 'NONE', #983, #594 ) ;
#2463 = DIRECTION ( 'NONE',  ( 1.133806193448892702E-16, -2.267612386897785405E-16, 1.000000000000000000 ) ) ;
#2464 = CYLINDRICAL_SURFACE ( 'NONE', #228, 5.400000000000002132 ) ;
#2465 = ORIENTED_EDGE ( 'NONE', *, *, #1120, .T. ) ;
#2466 = FACE_OUTER_BOUND ( 'NONE', #93, .T. ) ;
#2467 = CARTESIAN_POINT ( 'NONE',  ( -29.55994460573113614, 17.48360090365682140, 47.86466369461994219 ) ) ;
#2468 = CYLINDRICAL_SURFACE ( 'NONE', #2413, 1.399999999999998579 ) ;
#2469 = EDGE_LOOP ( 'NONE', ( #1505, #1055, #1522, #1663 ) ) ;
#2470 = CARTESIAN_POINT ( 'NONE',  ( 2.440055399077913467, 23.46360090365682183, 50.48153440711835316 ) ) ;
#2471 = CARTESIAN_POINT ( 'NONE',  ( 15.01606318754601332, 13.98360090365681430, 34.93153440711837021 ) ) ;
#2472 = EDGE_CURVE ( 'NONE', #896, #2336, #1651, .T. ) ;
#2473 = DIRECTION ( 'NONE',  ( -1.000000000000000000, 1.994306155430570670E-32, 9.340818716798195839E-17 ) ) ;
#2474 = DIRECTION ( 'NONE',  ( -1.000000000000000000, 1.994306155430570396E-32, 9.340818716798195839E-17 ) ) ;
#2475 = AXIS2_PLACEMENT_3D ( 'NONE', #101, #1508, #1117 ) ;
#2476 = CARTESIAN_POINT ( 'NONE',  ( 22.81366636062952580, 13.98360090365681430, 25.40653440711836808 ) ) ;
#2477 = ORIENTED_EDGE ( 'NONE', *, *, #586, .F. ) ;
#2478 = CARTESIAN_POINT ( 'NONE',  ( -32.55994460092210119, 23.46360090365681828, 22.43153440711836666 ) ) ;
#2479 = ORIENTED_EDGE ( 'NONE', *, *, #586, .T. ) ;
#2480 = APPLICATION_CONTEXT ( 'configuration controlled 3d designs of mechanical parts and assemblies' ) ;
#2481 = VERTEX_POINT ( 'NONE', #248 ) ;
#2482 = ORIENTED_EDGE ( 'NONE', *, *, #1911, .T. ) ;
#2483 = CARTESIAN_POINT ( 'NONE',  ( 18.54366636062952622, 9.983600903656814296, 22.63153440711835529 ) ) ;
#2484 = CARTESIAN_POINT ( 'NONE',  ( 19.13398304242149806, 13.98360090365681430, 40.67981554749609074 ) ) ;
#2485 = DIRECTION ( 'NONE',  ( 1.000000000000000000, -0.0000000000000000000, -0.0000000000000000000 ) ) ;
#2486 = EDGE_CURVE ( 'NONE', #132, #650, #1995, .T. ) ;
#2487 = ADVANCED_FACE ( 'NONE', ( #1844 ), #1005, .T. ) ;
#2488 = DIRECTION ( 'NONE',  ( -0.0000000000000000000, -1.000000000000000000, -0.0000000000000000000 ) ) ;
#2489 = VERTEX_POINT ( 'NONE', #1678 ) ;
#2490 = CARTESIAN_POINT ( 'NONE',  ( -1.559944600922095193, 15.48360090365680541, 65.53153440711842848 ) ) ;
#2491 = ORIENTED_EDGE ( 'NONE', *, *, #1061, .F. ) ;
#2492 = CYLINDRICAL_SURFACE ( 'NONE', #630, 3.049999999999990052 ) ;
#2493 = AXIS2_PLACEMENT_3D ( 'NONE', #2033, #1450, #242 ) ;
#2494 = LINE ( 'NONE', #2188, #1338 ) ;
#2495 = CARTESIAN_POINT ( 'NONE',  ( 22.54366636062952622, 13.98360090365681430, 16.93153440711836666 ) ) ;
#2496 = ORIENTED_EDGE ( 'NONE', *, *, #856, .T. ) ;
#2497 = LINE ( 'NONE', #833, #1816 ) ;
#2498 = AXIS2_PLACEMENT_3D ( 'NONE', #1516, #1502, #287 ) ;
#2499 = FACE_OUTER_BOUND ( 'NONE', #1731, .T. ) ;
#2500 = CARTESIAN_POINT ( 'NONE',  ( 2.440055399077905918, 23.46360090365682183, 22.43153440711836311 ) ) ;
#2501 = EDGE_LOOP ( 'NONE', ( #1666, #1904, #1796, #2299, #1434 ) ) ;
#2502 = LINE ( 'NONE', #94, #2032 ) ;
#2503 = CARTESIAN_POINT ( 'NONE',  ( -43.55994460092209408, 5.483600903656813408, 65.53153440711837163 ) ) ;
#2504 = DIRECTION ( 'NONE',  ( -9.637352644315595243E-17, 1.200962406445481759E-16, -1.000000000000000000 ) ) ;
#2505 = CARTESIAN_POINT ( 'NONE',  ( -32.55994460092210119, 20.48360090365682140, 42.92824671921743374 ) ) ;
#2506 = EDGE_CURVE ( 'NONE', #1619, #1908, #1620, .T. ) ;
#2507 = EDGE_CURVE ( 'NONE', #739, #1304, #1064, .T. ) ;
#2508 = DIRECTION ( 'NONE',  ( 1.421904488505580887E-16, 0.0000000000000000000, 1.000000000000000000 ) ) ;
#2509 = ORIENTED_EDGE ( 'NONE', *, *, #120, .F. ) ;
#2510 = LINE ( 'NONE', #2281, #2611 ) ;
#2511 = PLANE ( 'NONE',  #711 ) ;
#2512 = AXIS2_PLACEMENT_3D ( 'NONE', #2228, #864, #1045 ) ;
#2513 = ORIENTED_EDGE ( 'NONE', *, *, #2506, .T. ) ;
#2514 = LINE ( 'NONE', #1498, #797 ) ;
#2515 = ORIENTED_EDGE ( 'NONE', *, *, #842, .T. ) ;
#2516 = ADVANCED_FACE ( 'NONE', ( #1366, #967, #1648 ), #1062, .F. ) ;
#2517 = ORIENTED_EDGE ( 'NONE', *, *, #1413, .F. ) ;
#2518 = CARTESIAN_POINT ( 'NONE',  ( -29.55994460573043625, 17.48360090365682140, 46.99840738166511755 ) ) ;
#2519 = EDGE_LOOP ( 'NONE', ( #66, #1289 ) ) ;
#2520 = CARTESIAN_POINT ( 'NONE',  ( -31.95046898046132711, 18.66796944177275108, 19.94192536785691061 ) ) ;
#2521 = CIRCLE ( 'NONE', #70, 1.399999999999998579 ) ;
#2522 = CARTESIAN_POINT ( 'NONE',  ( -32.55994460092210119, 35.96360090365681828, 50.48153440711836026 ) ) ;
#2523 = CARTESIAN_POINT ( 'NONE',  ( 18.54366636062952622, 11.98360090365681430, 47.23153440711835316 ) ) ;
#2524 = EDGE_CURVE ( 'NONE', #2481, #1023, #337, .T. ) ;
#2525 = ADVANCED_FACE ( 'NONE', ( #1867 ), #2492, .F. ) ;
#2526 = ORIENTED_EDGE ( 'NONE', *, *, #2423, .F. ) ;
#2527 = VECTOR ( 'NONE', #1451, 1000.000000000000000 ) ;
#2528 = CARTESIAN_POINT ( 'NONE',  ( -6.851447223051298607, 17.48360090365682495, 4.331534407118365237 ) ) ;
#2529 = CYLINDRICAL_SURFACE ( 'NONE', #1269, 2.999999999999999112 ) ;
#2530 = AXIS2_PLACEMENT_3D ( 'NONE', #2163, #1543, #125 ) ;
#2531 = LINE ( 'NONE', #2225, #411 ) ;
#2532 = ADVANCED_FACE ( 'NONE', ( #13 ), #1974, .F. ) ;
#2533 = CARTESIAN_POINT ( 'NONE',  ( -0.5625332598309862320, 8.754388706354493621, 53.19574479954654578 ) ) ;
#2534 = CARTESIAN_POINT ( 'NONE',  ( -32.14479334738489769, 18.95636213106443790, 19.45146058840682812 ) ) ;
#2535 = VERTEX_POINT ( 'NONE', #1243 ) ;
#2536 = CARTESIAN_POINT ( 'NONE',  ( -32.55994460092210119, 18.06360090365681614, 22.43153440711836666 ) ) ;
#2537 = DATE_TIME_ROLE ( 'classification_date' ) ;
#2538 = CARTESIAN_POINT ( 'NONE',  ( -1.559944600922102076, 15.48360090365681607, 15.00526065620064742 ) ) ;
#2539 = ADVANCED_FACE ( 'NONE', ( #567 ), #2434, .F. ) ;
#2540 = CARTESIAN_POINT ( 'NONE',  ( -31.33378140122401589, 18.06360090365681614, 22.43153440714038638 ) ) ;
#2541 = CARTESIAN_POINT ( 'NONE',  ( 18.54366636062952622, 11.98360090365681430, 41.93153440711834889 ) ) ;
#2542 = EDGE_CURVE ( 'NONE', #2043, #130, #1177, .T. ) ;
#2543 = AXIS2_PLACEMENT_3D ( 'NONE', #215, #288, #825 ) ;
#2544 = ORIENTED_EDGE ( 'NONE', *, *, #372, .T. ) ;
#2545 = CARTESIAN_POINT ( 'NONE',  ( -0.1887210956158461572, 14.05995370945983858, 16.83545040806292548 ) ) ;
#2546 = ORIENTED_EDGE ( 'NONE', *, *, #1667, .F. ) ;
#2547 = CARTESIAN_POINT ( 'NONE',  ( -32.50381110260067885, 19.83906431152536243, 26.45365271646517868 ) ) ;
#2548 = AXIS2_PLACEMENT_3D ( 'NONE', #935, #2095, #1089 ) ;
#2549 = ORIENTED_EDGE ( 'NONE', *, *, #1545, .F. ) ;
#2550 = ORIENTED_EDGE ( 'NONE', *, *, #1658, .T. ) ;
#2551 = ADVANCED_FACE ( 'NONE', ( #1405 ), #903, .F. ) ;
#2552 = DIRECTION ( 'NONE',  ( -0.0000000000000000000, 1.000000000000000000, -0.0000000000000000000 ) ) ;
#2553 = DIRECTION ( 'NONE',  ( -1.133806193448892702E-16, 2.267612386897785405E-16, -1.000000000000000000 ) ) ;
#2554 = CARTESIAN_POINT ( 'NONE',  ( 0.3765470721816077115, 13.98360090365681430, 16.93052582591306532 ) ) ;
#2555 = EDGE_CURVE ( 'NONE', #420, #1333, #1241, .T. ) ;
#2556 = DIRECTION ( 'NONE',  ( 0.0000000000000000000, 1.000000000000000000, 0.0000000000000000000 ) ) ;
#2557 = ORIENTED_EDGE ( 'NONE', *, *, #1778, .T. ) ;
#2558 = ORIENTED_EDGE ( 'NONE', *, *, #187, .F. ) ;
#2559 = COORDINATED_UNIVERSAL_TIME_OFFSET ( 0, 0, .AHEAD. ) ;
#2560 = LINE ( 'NONE', #871, #443 ) ;
#2561 = EDGE_LOOP ( 'NONE', ( #1487, #131, #898, #755 ) ) ;
#2562 = LINE ( 'NONE', #1247, #208 ) ;
#2563 = CARTESIAN_POINT ( 'NONE',  ( 0.4400553990779043634, 13.98360090365681430, 52.93153440711837021 ) ) ;
#2564 = EDGE_CURVE ( 'NONE', #2073, #2360, #439, .T. ) ;
#2565 = LINE ( 'NONE', #1425, #1940 ) ;
#2566 = VERTEX_POINT ( 'NONE', #1898 ) ;
#2567 = FACE_OUTER_BOUND ( 'NONE', #1265, .T. ) ;
#2568 = CARTESIAN_POINT ( 'NONE',  ( -29.55994460092210474, 20.48360090365682140, 48.08122664194954865 ) ) ;
#2569 = AXIS2_PLACEMENT_3D ( 'NONE', #1976, #1958, #781 ) ;
#2570 = ADVANCED_FACE ( 'NONE', ( #1550 ), #1965, .T. ) ;
#2571 = VERTEX_POINT ( 'NONE', #2122 ) ;
#2572 = CARTESIAN_POINT ( 'NONE',  ( 0.2294888479729461916, 8.983600903656812520, 52.93721505529104832 ) ) ;
#2573 = DIRECTION ( 'NONE',  ( 0.0000000000000000000, 0.0000000000000000000, 1.000000000000000000 ) ) ;
#2574 = CARTESIAN_POINT ( 'NONE',  ( 22.81366636062952580, 8.983600903656814296, 25.40653440711836808 ) ) ;
#2575 = DIRECTION ( 'NONE',  ( 0.0000000000000000000, -1.000000000000000000, 0.0000000000000000000 ) ) ;
#2576 = VERTEX_POINT ( 'NONE', #1298 ) ;
#2577 = VECTOR ( 'NONE', #2339, 1000.000000000000000 ) ;
#2578 = EDGE_CURVE ( 'NONE', #650, #1250, #841, .T. ) ;
#2579 = CARTESIAN_POINT ( 'NONE',  ( 2.440055399077905918, 35.96360090365681828, 22.43153440711836311 ) ) ;
#2580 = ORIENTED_EDGE ( 'NONE', *, *, #223, .T. ) ;
#2581 = DIRECTION ( 'NONE',  ( -0.0000000000000000000, 1.000000000000000000, -0.0000000000000000000 ) ) ;
#2582 = ORIENTED_EDGE ( 'NONE', *, *, #826, .F. ) ;
#2583 = ORIENTED_EDGE ( 'NONE', *, *, #1078, .T. ) ;
#2584 = DIRECTION ( 'NONE',  ( -1.000000000000000000, 0.0000000000000000000, 0.0000000000000000000 ) ) ;
#2585 = CARTESIAN_POINT ( 'NONE',  ( -31.38529777743347893, 18.10282670583800524, 23.08122664194966944 ) ) ;
#2586 = ORIENTED_EDGE ( 'NONE', *, *, #1391, .T. ) ;
#2587 = DIRECTION ( 'NONE',  ( 0.0000000000000000000, 0.0000000000000000000, -1.000000000000000000 ) ) ;
#2588 = CARTESIAN_POINT ( 'NONE',  ( -32.55994460092210829, 23.46360090365682183, 22.43153440711836666 ) ) ;
#2589 = CIRCLE ( 'NONE', #1828, 2.999999999999999112 ) ;
#2590 = EDGE_LOOP ( 'NONE', ( #2065, #1471, #2424, #168 ) ) ;
#2591 = COORDINATED_UNIVERSAL_TIME_OFFSET ( 0, 0, .AHEAD. ) ;
#2592 = CARTESIAN_POINT ( 'NONE',  ( 18.54366636062952622, 11.98360090365681430, 41.93153440711834889 ) ) ;
#2593 = CARTESIAN_POINT ( 'NONE',  ( -29.55994460092210829, 20.48360090365682140, 46.78184217228718467 ) ) ;
#2594 = ORIENTED_EDGE ( 'NONE', *, *, #2039, .F. ) ;
#2595 = EDGE_CURVE ( 'NONE', #1227, #1108, #657, .T. ) ;
#2596 = DIRECTION ( 'NONE',  ( 0.0000000000000000000, 1.000000000000000000, 0.0000000000000000000 ) ) ;
#2597 = DIRECTION ( 'NONE',  ( 0.0000000000000000000, 0.0000000000000000000, 1.000000000000000000 ) ) ;
#2598 = FACE_OUTER_BOUND ( 'NONE', #1292, .T. ) ;
#2599 = VERTEX_POINT ( 'NONE', #1890 ) ;
#2600 = DIRECTION ( 'NONE',  ( -1.000000000000000000, 1.994306155430570670E-32, 9.340818716798195839E-17 ) ) ;
#2601 = EDGE_CURVE ( 'NONE', #1627, #1488, #1036, .T. ) ;
#2602 = ORIENTED_EDGE ( 'NONE', *, *, #2070, .F. ) ;
#2603 = CARTESIAN_POINT ( 'NONE',  ( -31.33378140122401589, 18.06360090365681614, 47.43153440714037572 ) ) ;
#2604 = AXIS2_PLACEMENT_3D ( 'NONE', #1852, #41, #1452 ) ;
#2605 = CARTESIAN_POINT ( 'NONE',  ( -29.56076137877645493, 17.48360090365682495, 22.21497015770233929 ) ) ;
#2606 = CARTESIAN_POINT ( 'NONE',  ( -30.56902504379660002, 17.48360090365682140, 22.21326983255129761 ) ) ;
#2607 = VERTEX_POINT ( 'NONE', #700 ) ;
#2608 = DIRECTION ( 'NONE',  ( -1.000000000000000000, -0.0000000000000000000, 9.637352644315595243E-17 ) ) ;
#2609 = CARTESIAN_POINT ( 'NONE',  ( 25.54366636062952622, 13.98360090365681430, 26.93153440711836666 ) ) ;
#2610 = VERTEX_POINT ( 'NONE', #517 ) ;
#2611 = VECTOR ( 'NONE', #1884, 1000.000000000000000 ) ;
#2612 = CARTESIAN_POINT ( 'NONE',  ( -29.55994460092211185, 17.48360090365682495, 22.86466239253363497 ) ) ;
ENDSEC;
END-ISO-10303-21;
