ISO-10303-21;
HEADER;
FILE_DESCRIPTION (( 'STEP AP203' ),
    '1' );
FILE_NAME ('Case inverted2.STEP',
    '2019-12-12T17:07:08',
    ( '' ),
    ( '' ),
    'SwSTEP 2.0',
    'SolidWorks 2018',
    '' );
FILE_SCHEMA (( 'CONFIG_CONTROL_DESIGN' ));
ENDSEC;

DATA;
#1 = CARTESIAN_POINT ( 'NONE',  ( 24.11378052206964639, -3.297729289241948969, -0.2142461457301583772 ) ) ;
#2 = LINE ( 'NONE', #2207, #2797 ) ;
#3 = EDGE_LOOP ( 'NONE', ( #1552, #100, #13, #1826 ) ) ;
#4 = PLANE ( 'NONE',  #1516 ) ;
#5 = DIRECTION ( 'NONE',  ( 0.0000000000000000000, 1.000000000000000000, 0.0000000000000000000 ) ) ;
#6 = DIRECTION ( 'NONE',  ( -1.000000000000000000, 0.0000000000000000000, 0.0000000000000000000 ) ) ;
#7 = ADVANCED_FACE ( 'NONE', ( #448 ), #2119, .F. ) ;
#8 = ORIENTED_EDGE ( 'NONE', *, *, #2365, .T. ) ;
#9 = EDGE_CURVE ( 'NONE', #1504, #423, #3251, .T. ) ;
#10 = VERTEX_POINT ( 'NONE', #253 ) ;
#11 = CARTESIAN_POINT ( 'NONE',  ( 50.11378052206963929, -18.29772928924194275, 20.88575385426984710 ) ) ;
#12 = PERSON ( 'UNSPECIFIED', 'UNSPECIFIED', 'UNSPECIFIED', ('UNSPECIFIED'), ('UNSPECIFIED'), ('UNSPECIFIED') ) ;
#13 = ORIENTED_EDGE ( 'NONE', *, *, #2350, .T. ) ;
#14 = EDGE_CURVE ( 'NONE', #3984, #845, #2944, .T. ) ;
#15 = CARTESIAN_POINT ( 'NONE',  ( 5.721549381366891396, -22.79772928924193920, 15.78575385426982791 ) ) ;
#16 = CARTESIAN_POINT ( 'NONE',  ( 30.61378052206964639, -9.797729289241951633, 9.785753854269843899 ) ) ;
#17 = ORIENTED_EDGE ( 'NONE', *, *, #3926, .T. ) ;
#18 = CARTESIAN_POINT ( 'NONE',  ( 49.11378052206964639, -27.79772928924194630, 37.28575385426984212 ) ) ;
#19 = DIRECTION ( 'NONE',  ( -0.0000000000000000000, -1.000000000000000000, -0.0000000000000000000 ) ) ;
#20 = CARTESIAN_POINT ( 'NONE',  ( 8.521549381366881448, 3.202270710758043037, 43.28575385426984212 ) ) ;
#21 = ORIENTED_EDGE ( 'NONE', *, *, #133, .F. ) ;
#22 = PLANE ( 'NONE',  #183 ) ;
#23 = CARTESIAN_POINT ( 'NONE',  ( 24.11378052206964639, -9.797729289241951633, 47.78575385426984212 ) ) ;
#24 = ORIENTED_EDGE ( 'NONE', *, *, #1393, .F. ) ;
#25 = ADVANCED_FACE ( 'NONE', ( #3689 ), #163, .F. ) ;
#26 = CARTESIAN_POINT ( 'NONE',  ( 14.61378052206964462, -9.797729289241951633, -0.2142461457301583772 ) ) ;
#27 = LINE ( 'NONE', #2583, #987 ) ;
#28 = ORIENTED_EDGE ( 'NONE', *, *, #909, .F. ) ;
#29 = CARTESIAN_POINT ( 'NONE',  ( 14.61378052206964462, -9.797729289241951633, 9.785753854269843899 ) ) ;
#30 = DIRECTION ( 'NONE',  ( 0.0000000000000000000, 0.0000000000000000000, -1.000000000000000000 ) ) ;
#31 = CIRCLE ( 'NONE', #420, 2.899999999999986144 ) ;
#32 = EDGE_CURVE ( 'NONE', #688, #787, #208, .T. ) ;
#33 = LINE ( 'NONE', #1590, #800 ) ;
#34 = CARTESIAN_POINT ( 'NONE',  ( 4.863780522069649948, -9.797729289241948081, 44.78575385426984212 ) ) ;
#35 = ORIENTED_EDGE ( 'NONE', *, *, #1454, .T. ) ;
#36 = DIRECTION ( 'NONE',  ( 1.000000000000000000, 0.0000000000000000000, 0.0000000000000000000 ) ) ;
#37 = DIRECTION ( 'NONE',  ( 0.0000000000000000000, 1.000000000000000000, 0.0000000000000000000 ) ) ;
#38 = CYLINDRICAL_SURFACE ( 'NONE', #2862, 1.400000000000001910 ) ;
#39 = ORIENTED_EDGE ( 'NONE', *, *, #2794, .F. ) ;
#40 = CARTESIAN_POINT ( 'NONE',  ( 5.721549381366891396, -22.79772928924194630, 31.78575385426983502 ) ) ;
#41 = EDGE_CURVE ( 'NONE', #423, #2062, #3293, .T. ) ;
#42 = FACE_OUTER_BOUND ( 'NONE', #805, .T. ) ;
#43 = ORIENTED_EDGE ( 'NONE', *, *, #9, .F. ) ;
#44 = CARTESIAN_POINT ( 'NONE',  ( 27.01378052206963076, -3.297729289241948969, 40.78575385426984212 ) ) ;
#45 = DIRECTION ( 'NONE',  ( -1.000000000000000000, 0.0000000000000000000, 0.0000000000000000000 ) ) ;
#46 = CIRCLE ( 'NONE', #1283, 1.399999999999998579 ) ;
#47 = AXIS2_PLACEMENT_3D ( 'NONE', #1200, #2453, #3965 ) ;
#48 = CARTESIAN_POINT ( 'NONE',  ( 0.1137805220696452846, 8.202270710758053696, 44.78575385426984212 ) ) ;
#49 = EDGE_LOOP ( 'NONE', ( #2751, #1866, #2476, #1346 ) ) ;
#50 = CARTESIAN_POINT ( 'NONE',  ( 16.21378052206965137, -9.797729289241951633, 42.28575385426986344 ) ) ;
#51 = DIRECTION ( 'NONE',  ( 1.000000000000000000, 0.0000000000000000000, 0.0000000000000000000 ) ) ;
#52 = DIRECTION ( 'NONE',  ( 0.0000000000000000000, 0.0000000000000000000, 1.000000000000000000 ) ) ;
#53 = LINE ( 'NONE', #2569, #3737 ) ;
#54 = ADVANCED_FACE ( 'NONE', ( #1154 ), #2680, .F. ) ;
#55 = ORIENTED_EDGE ( 'NONE', *, *, #3406, .T. ) ;
#56 = DIRECTION ( 'NONE',  ( 0.0000000000000000000, 0.0000000000000000000, 1.000000000000000000 ) ) ;
#57 = CC_DESIGN_DATE_AND_TIME_ASSIGNMENT ( #3134, #1696, ( #1148 ) ) ;
#58 = CARTESIAN_POINT ( 'NONE',  ( 8.521549381366886777, -22.89100495761040577, 31.78575385426982791 ) ) ;
#59 = AXIS2_PLACEMENT_3D ( 'NONE', #2229, #2254, #395 ) ;
#60 = CIRCLE ( 'NONE', #3938, 1.399999999999995026 ) ;
#61 = VERTEX_POINT ( 'NONE', #3003 ) ;
#62 = CARTESIAN_POINT ( 'NONE',  ( 3.470368733927285287, -8.574911603973598417, 31.09161109326553785 ) ) ;
#63 = LINE ( 'NONE', #110, #2744 ) ;
#64 = CARTESIAN_POINT ( 'NONE',  ( 24.11378052206964639, -16.29772928924195341, -18.21424614573016143 ) ) ;
#65 = ORIENTED_EDGE ( 'NONE', *, *, #105, .F. ) ;
#66 = CARTESIAN_POINT ( 'NONE',  ( 0.1137805220696452846, 3.202270710758049699, 31.78575385426983502 ) ) ;
#67 = CARTESIAN_POINT ( 'NONE',  ( 2.613780522069647283, 8.202270710758053696, 3.735753854269850738 ) ) ;
#68 = ORIENTED_EDGE ( 'NONE', *, *, #521, .F. ) ;
#69 = CARTESIAN_POINT ( 'NONE',  ( 22.11378052206963574, -22.79772928924194630, 39.78575385426984212 ) ) ;
#70 = EDGE_CURVE ( 'NONE', #138, #198, #1394, .T. ) ;
#71 = ORIENTED_EDGE ( 'NONE', *, *, #320, .F. ) ;
#72 = DIRECTION ( 'NONE',  ( 0.0000000000000000000, 0.0000000000000000000, 1.000000000000000000 ) ) ;
#73 = CARTESIAN_POINT ( 'NONE',  ( 6.414013344340390610, -24.01971033154545410, 31.97624778787949751 ) ) ;
#74 = EDGE_CURVE ( 'NONE', #2963, #3693, #2843, .T. ) ;
#75 = VERTEX_POINT ( 'NONE', #3035 ) ;
#76 = ADVANCED_FACE ( 'NONE', ( #1106 ), #2701, .F. ) ;
#77 = DIRECTION ( 'NONE',  ( 0.0000000000000000000, 0.0000000000000000000, -1.000000000000000000 ) ) ;
#78 = CARTESIAN_POINT ( 'NONE',  ( 56.11378052206963929, 8.202270710758053696, 44.78575385426984212 ) ) ;
#79 = DIRECTION ( 'NONE',  ( 0.0000000000000000000, 0.0000000000000000000, -1.000000000000000000 ) ) ;
#80 = ORIENTED_EDGE ( 'NONE', *, *, #601, .T. ) ;
#81 = DIRECTION ( 'NONE',  ( 0.0000000000000000000, 0.0000000000000000000, 1.000000000000000000 ) ) ;
#82 = DIRECTION ( 'NONE',  ( 1.000000000000000000, 0.0000000000000000000, 0.0000000000000000000 ) ) ;
#83 = CARTESIAN_POINT ( 'NONE',  ( 4.039792813885867417, -11.45848359211285405, 40.34282103446528112 ) ) ;
#84 = AXIS2_PLACEMENT_3D ( 'NONE', #1367, #3906, #778 ) ;
#85 = CYLINDRICAL_SURFACE ( 'NONE', #2829, 4.000000000000003553 ) ;
#86 = AXIS2_PLACEMENT_3D ( 'NONE', #362, #1577, #955 ) ;
#87 = ORIENTED_EDGE ( 'NONE', *, *, #679, .T. ) ;
#88 = DIRECTION ( 'NONE',  ( 0.0000000000000000000, -1.000000000000000000, 0.0000000000000000000 ) ) ;
#89 = DIRECTION ( 'NONE',  ( 0.0000000000000000000, 0.0000000000000000000, 1.000000000000000000 ) ) ;
#90 = LINE ( 'NONE', #2672, #274 ) ;
#91 = LINE ( 'NONE', #3031, #3956 ) ;
#92 = DIRECTION ( 'NONE',  ( -1.000000000000000000, 0.0000000000000000000, 0.0000000000000000000 ) ) ;
#93 = CYLINDRICAL_SURFACE ( 'NONE', #1932, 2.999999999999999112 ) ;
#94 = VERTEX_POINT ( 'NONE', #2732 ) ;
#95 = DIRECTION ( 'NONE',  ( 1.000000000000000000, 0.0000000000000000000, -0.0000000000000000000 ) ) ;
#96 = EDGE_CURVE ( 'NONE', #3649, #3299, #1692, .T. ) ;
#97 = VECTOR ( 'NONE', #1664, 1000.000000000000000 ) ;
#98 = CARTESIAN_POINT ( 'NONE',  ( 24.11378052206964639, -16.29772928924195341, 9.785753854269843899 ) ) ;
#99 = CARTESIAN_POINT ( 'NONE',  ( 3.932168040564376188, -11.40057212537622711, 40.36378926740706419 ) ) ;
#100 = ORIENTED_EDGE ( 'NONE', *, *, #2635, .F. ) ;
#101 = ADVANCED_FACE ( 'NONE', ( #1303 ), #3795, .F. ) ;
#102 = DIRECTION ( 'NONE',  ( -1.000000000000000000, 0.0000000000000000000, 0.0000000000000000000 ) ) ;
#103 = VECTOR ( 'NONE', #2570, 1000.000000000000000 ) ;
#104 = CARTESIAN_POINT ( 'NONE',  ( 55.61378052206963929, -27.79772928924194630, 40.78575385426984212 ) ) ;
#105 = EDGE_CURVE ( 'NONE', #392, #279, #1647, .T. ) ;
#106 = ORIENTED_EDGE ( 'NONE', *, *, #302, .F. ) ;
#107 = CYLINDRICAL_SURFACE ( 'NONE', #3992, 3.000000000000002665 ) ;
#108 = DIRECTION ( 'NONE',  ( -0.0000000000000000000, -1.000000000000000000, -0.0000000000000000000 ) ) ;
#109 = AXIS2_PLACEMENT_3D ( 'NONE', #3055, #3711, #1805 ) ;
#110 = CARTESIAN_POINT ( 'NONE',  ( 25.51378052206964142, -3.297729289241948969, 42.28575385426983502 ) ) ;
#111 = FACE_OUTER_BOUND ( 'NONE', #883, .T. ) ;
#112 = DIRECTION ( 'NONE',  ( -1.000000000000000000, 0.0000000000000000000, 0.0000000000000000000 ) ) ;
#113 = CARTESIAN_POINT ( 'NONE',  ( 0.6137805220696666009, 8.202270710758053696, 44.78575385426984212 ) ) ;
#114 = CONICAL_SURFACE ( 'NONE', #3732, 1.399999999999995026, 0.7853981633974469467 ) ;
#115 = VERTEX_POINT ( 'NONE', #347 ) ;
#116 = DIRECTION ( 'NONE',  ( -1.000000000000000000, 0.0000000000000000000, 0.0000000000000000000 ) ) ;
#117 = CC_DESIGN_PERSON_AND_ORGANIZATION_ASSIGNMENT ( #1144, #3928, ( #2807 ) ) ;
#118 = CARTESIAN_POINT ( 'NONE',  ( 32.01378052206964497, -9.797729289241951633, -18.21424614573016143 ) ) ;
#119 = AXIS2_PLACEMENT_3D ( 'NONE', #1797, #4001, #3973 ) ;
#120 = ORIENTED_EDGE ( 'NONE', *, *, #2455, .T. ) ;
#121 = ORIENTED_EDGE ( 'NONE', *, *, #789, .F. ) ;
#122 = DIRECTION ( 'NONE',  ( 0.0000000000000000000, 0.0000000000000000000, 1.000000000000000000 ) ) ;
#123 = DIRECTION ( 'NONE',  ( 0.0000000000000000000, 1.172110456741086321E-16, 1.000000000000000000 ) ) ;
#124 = ORIENTED_EDGE ( 'NONE', *, *, #1803, .T. ) ;
#125 = EDGE_CURVE ( 'NONE', #3295, #933, #488, .T. ) ;
#126 = CARTESIAN_POINT ( 'NONE',  ( 16.11378052206964639, -27.79772928924194630, 38.78575385426984212 ) ) ;
#127 = ORIENTED_EDGE ( 'NONE', *, *, #1164, .F. ) ;
#128 = CARTESIAN_POINT ( 'NONE',  ( 11.11378052206964107, -31.79772928924194630, 5.885753854269845320 ) ) ;
#129 = DIRECTION ( 'NONE',  ( 0.0000000000000000000, 0.0000000000000000000, -1.000000000000000000 ) ) ;
#130 = VERTEX_POINT ( 'NONE', #3716 ) ;
#131 = EDGE_CURVE ( 'NONE', #306, #1474, #864, .T. ) ;
#132 = EDGE_LOOP ( 'NONE', ( #2113, #106, #2402, #471, #1351, #570, #983, #403 ) ) ;
#133 = EDGE_CURVE ( 'NONE', #2911, #1662, #3550, .T. ) ;
#134 = DIRECTION ( 'NONE',  ( 0.0000000000000000000, 0.0000000000000000000, -1.000000000000000000 ) ) ;
#135 = ORIENTED_EDGE ( 'NONE', *, *, #1783, .T. ) ;
#136 = CARTESIAN_POINT ( 'NONE',  ( 21.11378052206964284, -3.297729289241949413, -0.2142461457301583772 ) ) ;
#137 = LINE ( 'NONE', #811, #3862 ) ;
#138 = VERTEX_POINT ( 'NONE', #2137 ) ;
#139 = DIRECTION ( 'NONE',  ( 0.0000000000000000000, 1.000000000000000000, 0.0000000000000000000 ) ) ;
#140 = CARTESIAN_POINT ( 'NONE',  ( 3.013780522069652079, -9.797729289241951633, 40.63575385426983644 ) ) ;
#141 = AXIS2_PLACEMENT_3D ( 'NONE', #828, #1412, #2761 ) ;
#142 = AXIS2_PLACEMENT_3D ( 'NONE', #1307, #361, #1887 ) ;
#143 = CYLINDRICAL_SURFACE ( 'NONE', #1381, 1.399999999999998579 ) ;
#144 = DIRECTION ( 'NONE',  ( 0.0000000000000000000, 0.0000000000000000000, 1.000000000000000000 ) ) ;
#145 = ORIENTED_EDGE ( 'NONE', *, *, #201, .F. ) ;
#146 = LINE ( 'NONE', #2989, #3422 ) ;
#147 = EDGE_LOOP ( 'NONE', ( #3724, #2948, #3578, #1337 ) ) ;
#148 = CARTESIAN_POINT ( 'NONE',  ( 0.6137805220696666009, -31.29772928924192499, 44.78575385426984212 ) ) ;
#149 = DIRECTION ( 'NONE',  ( 1.000000000000000000, -0.0000000000000000000, 0.0000000000000000000 ) ) ;
#150 = LINE ( 'NONE', #1141, #766 ) ;
#151 = PLANE ( 'NONE',  #3864 ) ;
#152 = ORIENTED_EDGE ( 'NONE', *, *, #3839, .T. ) ;
#153 = EDGE_CURVE ( 'NONE', #2103, #3267, #2024, .T. ) ;
#154 = CARTESIAN_POINT ( 'NONE',  ( 57.61378052206963929, 8.202270710758053696, 3.735753854269857399 ) ) ;
#155 = CYLINDRICAL_SURFACE ( 'NONE', #1704, 3.000000000000002665 ) ;
#156 = ORIENTED_EDGE ( 'NONE', *, *, #3542, .T. ) ;
#157 = DIRECTION ( 'NONE',  ( 0.0000000000000000000, 0.0000000000000000000, 1.000000000000000000 ) ) ;
#158 = CARTESIAN_POINT ( 'NONE',  ( 5.721549381366891396, -22.79772928924194630, 31.78575385426983502 ) ) ;
#159 = VECTOR ( 'NONE', #1657, 1000.000000000000000 ) ;
#160 = EDGE_CURVE ( 'NONE', #1673, #3278, #3342, .T. ) ;
#161 = DIRECTION ( 'NONE',  ( -1.000000000000000000, 0.0000000000000000000, 0.0000000000000000000 ) ) ;
#162 = VECTOR ( 'NONE', #2616, 1000.000000000000000 ) ;
#163 = CYLINDRICAL_SURFACE ( 'NONE', #2376, 0.5000000000000004441 ) ;
#164 = CARTESIAN_POINT ( 'NONE',  ( 56.11378052206963929, -11.79772928924194630, 30.18575385426983715 ) ) ;
#165 = ORIENTED_EDGE ( 'NONE', *, *, #3593, .F. ) ;
#166 = DIRECTION ( 'NONE',  ( 0.0000000000000000000, -1.000000000000000000, 0.0000000000000000000 ) ) ;
#167 = ORIENTED_EDGE ( 'NONE', *, *, #581, .T. ) ;
#168 = CARTESIAN_POINT ( 'NONE',  ( 8.175646854187775148, 2.276466547897023851, 31.89380414440278599 ) ) ;
#169 = ORIENTED_EDGE ( 'NONE', *, *, #950, .T. ) ;
#170 = CARTESIAN_POINT ( 'NONE',  ( 37.11378052206965350, -27.79772928924194630, 31.78575385426983502 ) ) ;
#171 = ORIENTED_EDGE ( 'NONE', *, *, #1297, .T. ) ;
#172 = CARTESIAN_POINT ( 'NONE',  ( 57.61378052206963929, 8.202270710758053696, 2.285753854269857666 ) ) ;
#173 = EDGE_CURVE ( 'NONE', #61, #1939, #3887, .T. ) ;
#174 = CARTESIAN_POINT ( 'NONE',  ( 19.01378052206964142, -9.797729289241951633, 42.28575385426986344 ) ) ;
#175 = VERTEX_POINT ( 'NONE', #897 ) ;
#176 = CARTESIAN_POINT ( 'NONE',  ( 8.521549381366883225, -22.79772928924193920, 15.78575385426982791 ) ) ;
#177 = DIRECTION ( 'NONE',  ( 0.0000000000000000000, 0.0000000000000000000, -1.000000000000000000 ) ) ;
#178 = EDGE_CURVE ( 'NONE', #3299, #3649, #3592, .T. ) ;
#179 = VERTEX_POINT ( 'NONE', #3413 ) ;
#180 = CARTESIAN_POINT ( 'NONE',  ( 8.512313546706780087, 3.017418981293700231, 31.78901268056037210 ) ) ;
#181 = VECTOR ( 'NONE', #3957, 1000.000000000000000 ) ;
#182 = EDGE_LOOP ( 'NONE', ( #3538, #1517, #1856, #1371 ) ) ;
#183 = AXIS2_PLACEMENT_3D ( 'NONE', #1228, #959, #3110 ) ;
#184 = CARTESIAN_POINT ( 'NONE',  ( 6.751345746685036175, -21.43533267891424998, 39.54731637319861903 ) ) ;
#185 = VECTOR ( 'NONE', #2380, 1000.000000000000000 ) ;
#186 = LINE ( 'NONE', #3047, #843 ) ;
#187 = DIRECTION ( 'NONE',  ( 1.000000000000000000, 0.0000000000000000000, 3.469446951953613696E-16 ) ) ;
#188 = CIRCLE ( 'NONE', #515, 3.000000000000002665 ) ;
#189 = DIRECTION ( 'NONE',  ( 0.0000000000000000000, 0.0000000000000000000, 1.000000000000000000 ) ) ;
#190 = ORIENTED_EDGE ( 'NONE', *, *, #2404, .F. ) ;
#191 = AXIS2_PLACEMENT_3D ( 'NONE', #1646, #1286, #2526 ) ;
#192 = LINE ( 'NONE', #2285, #3527 ) ;
#193 = CARTESIAN_POINT ( 'NONE',  ( 6.412991714713745850, -21.57624151999736384, 31.97608319168019619 ) ) ;
#194 = ORIENTED_EDGE ( 'NONE', *, *, #2397, .F. ) ;
#195 = CARTESIAN_POINT ( 'NONE',  ( 3.109922684163830553, -9.196761854015523596, 40.59970381744211210 ) ) ;
#196 = LINE ( 'NONE', #2861, #2833 ) ;
#197 = CARTESIAN_POINT ( 'NONE',  ( 7.121549381366887310, -22.79772928924193920, 15.78575385426982791 ) ) ;
#198 = VERTEX_POINT ( 'NONE', #1523 ) ;
#199 = PERSON_AND_ORGANIZATION_ROLE ( 'design_owner' ) ;
#200 = LINE ( 'NONE', #248, #2303 ) ;
#201 = EDGE_CURVE ( 'NONE', #2614, #2863, #1881, .T. ) ;
#202 = PLANE ( 'NONE',  #3288 ) ;
#203 = DIRECTION ( 'NONE',  ( 1.000000000000000000, 0.0000000000000000000, -0.0000000000000000000 ) ) ;
#204 = CIRCLE ( 'NONE', #2003, 4.000000000000003553 ) ;
#205 = CARTESIAN_POINT ( 'NONE',  ( 5.908357842016751071, 2.497689800130918680, 31.84754460368425555 ) ) ;
#206 = AXIS2_PLACEMENT_3D ( 'NONE', #2191, #3774, #1574 ) ;
#207 = CARTESIAN_POINT ( 'NONE',  ( 3.260241615125971215, -8.867299660199178035, 40.54677268097658782 ) ) ;
#208 = LINE ( 'NONE', #545, #3043 ) ;
#209 = ORIENTED_EDGE ( 'NONE', *, *, #1323, .T. ) ;
#210 = DIRECTION ( 'NONE',  ( 0.0000000000000000000, 0.0000000000000000000, -1.000000000000000000 ) ) ;
#211 = CARTESIAN_POINT ( 'NONE',  ( 3.734936625279228650, -11.26828341866799299, 31.16353589346888597 ) ) ;
#212 = EDGE_LOOP ( 'NONE', ( #1027, #745, #1815, #2225 ) ) ;
#213 = EDGE_LOOP ( 'NONE', ( #3933, #3441, #870 ) ) ;
#214 = AXIS2_PLACEMENT_3D ( 'NONE', #3562, #2270, #3575 ) ;
#215 = AXIS2_PLACEMENT_3D ( 'NONE', #980, #1009, #3177 ) ;
#216 = VERTEX_POINT ( 'NONE', #1535 ) ;
#217 = CARTESIAN_POINT ( 'NONE',  ( 5.721549381366888731, -22.89100495761039866, 39.78575385426986344 ) ) ;
#218 = CARTESIAN_POINT ( 'NONE',  ( 7.981732153577038247, 2.082649973647386243, 39.62818295008811731 ) ) ;
#219 = DIRECTION ( 'NONE',  ( 0.0000000000000000000, 0.0000000000000000000, -1.000000000000000000 ) ) ;
#220 = ORIENTED_EDGE ( 'NONE', *, *, #327, .F. ) ;
#221 = CARTESIAN_POINT ( 'NONE',  ( 3.471859234483585688, -8.573258714075352671, 40.47945815802547287 ) ) ;
#222 = DIRECTION ( 'NONE',  ( -1.000000000000000000, 0.0000000000000000000, 0.0000000000000000000 ) ) ;
#223 = VERTEX_POINT ( 'NONE', #1840 ) ;
#224 = CARTESIAN_POINT ( 'NONE',  ( 2.613780522069647283, -1.797729289241947637, 0.8357538542698508266 ) ) ;
#225 = EDGE_CURVE ( 'NONE', #688, #740, #254, .T. ) ;
#226 = ORIENTED_EDGE ( 'NONE', *, *, #1020, .T. ) ;
#227 = CARTESIAN_POINT ( 'NONE',  ( 5.721549381366888731, -22.79772928924193920, 39.78575385426983502 ) ) ;
#228 = EDGE_CURVE ( 'NONE', #198, #3949, #3395, .T. ) ;
#229 = DIRECTION ( 'NONE',  ( -1.000000000000000000, 0.0000000000000000000, 0.0000000000000000000 ) ) ;
#230 = LINE ( 'NONE', #2296, #3617 ) ;
#231 = EDGE_LOOP ( 'NONE', ( #772, #1206, #1359, #2539 ) ) ;
#232 = CARTESIAN_POINT ( 'NONE',  ( 6.713780522069648704, -9.554462395170110867, 40.63575385426984354 ) ) ;
#233 = VECTOR ( 'NONE', #3648, 1000.000000000000000 ) ;
#234 = VERTEX_POINT ( 'NONE', #2785 ) ;
#235 = CARTESIAN_POINT ( 'NONE',  ( 6.524839026361087591, -10.62127314334334649, 31.00483336109844146 ) ) ;
#236 = FACE_OUTER_BOUND ( 'NONE', #1992, .T. ) ;
#237 = ORIENTED_EDGE ( 'NONE', *, *, #1966, .T. ) ;
#238 = DIRECTION ( 'NONE',  ( 0.0000000000000000000, -0.0000000000000000000, 1.000000000000000000 ) ) ;
#239 = CARTESIAN_POINT ( 'NONE',  ( 8.334740920717017332, -23.50231019986906489, 39.72396310485542159 ) ) ;
#240 = LINE ( 'NONE', #2549, #1576 ) ;
#241 = ORIENTED_EDGE ( 'NONE', *, *, #1061, .F. ) ;
#242 = CIRCLE ( 'NONE', #3822, 3.000000000000002665 ) ;
#243 = ORIENTED_EDGE ( 'NONE', *, *, #1757, .T. ) ;
#244 = APPROVAL_DATE_TIME ( #3971, #2653 ) ;
#245 = EDGE_CURVE ( 'NONE', #2801, #1474, #1494, .T. ) ;
#246 = DIRECTION ( 'NONE',  ( -0.7071067811865465735, -8.659560562354921765E-17, -0.7071067811865484609 ) ) ;
#247 = LINE ( 'NONE', #1625, #2648 ) ;
#248 = CARTESIAN_POINT ( 'NONE',  ( 6.713780522069647816, -9.797729289241948081, -3.214246145730168092 ) ) ;
#249 = VECTOR ( 'NONE', #3229, 1000.000000000000000 ) ;
#250 = EDGE_CURVE ( 'NONE', #2383, #2675, #63, .T. ) ;
#251 = ORIENTED_EDGE ( 'NONE', *, *, #1966, .F. ) ;
#252 = DIRECTION ( 'NONE',  ( 1.000000000000000000, 0.0000000000000000000, -0.0000000000000000000 ) ) ;
#253 = CARTESIAN_POINT ( 'NONE',  ( 11.11378052206964107, -27.79772928924194630, 8.685753854269837149 ) ) ;
#254 = CIRCLE ( 'NONE', #332, 1.399999999999996803 ) ;
#255 = ORIENTED_EDGE ( 'NONE', *, *, #1788, .T. ) ;
#256 = DIRECTION ( 'NONE',  ( -1.000000000000000000, 0.0000000000000000000, 0.0000000000000000000 ) ) ;
#257 = AXIS2_PLACEMENT_3D ( 'NONE', #2739, #3393, #3982 ) ;
#258 = DIRECTION ( 'NONE',  ( -1.000000000000000000, 0.0000000000000000000, 2.569960705150824905E-16 ) ) ;
#259 = EDGE_LOOP ( 'NONE', ( #1651, #2362, #595, #3221 ) ) ;
#260 = EDGE_LOOP ( 'NONE', ( #2065, #2679 ) ) ;
#261 = CARTESIAN_POINT ( 'NONE',  ( 30.11378052206963929, -52.79772928924194986, 18.03575385426984212 ) ) ;
#262 = VERTEX_POINT ( 'NONE', #3151 ) ;
#263 = AXIS2_PLACEMENT_3D ( 'NONE', #1341, #2912, #1065 ) ;
#264 = CARTESIAN_POINT ( 'NONE',  ( 57.61378052206963929, -1.797729289241947637, 42.28575385426982081 ) ) ;
#265 = DIRECTION ( 'NONE',  ( -1.000000000000000000, 0.0000000000000000000, 0.0000000000000000000 ) ) ;
#266 = DIRECTION ( 'NONE',  ( -0.0000000000000000000, -1.000000000000000000, 0.0000000000000000000 ) ) ;
#267 = EDGE_LOOP ( 'NONE', ( #3094, #1406 ) ) ;
#268 = CARTESIAN_POINT ( 'NONE',  ( 7.121549381366887310, 3.202270710758043037, 15.78575385426982791 ) ) ;
#269 = DIRECTION ( 'NONE',  ( 0.0000000000000000000, 1.000000000000000000, 0.0000000000000000000 ) ) ;
#270 = VECTOR ( 'NONE', #1408, 1000.000000000000000 ) ;
#271 = EDGE_CURVE ( 'NONE', #2055, #2469, #1598, .T. ) ;
#272 = EDGE_LOOP ( 'NONE', ( #827, #3657 ) ) ;
#273 = CARTESIAN_POINT ( 'NONE',  ( 6.936525030742298092, 4.593030048159295831, 32.03526612813975305 ) ) ;
#274 = VECTOR ( 'NONE', #246, 1000.000000000000000 ) ;
#275 = FACE_BOUND ( 'NONE', #1034, .T. ) ;
#276 = EDGE_CURVE ( 'NONE', #234, #2456, #2220, .T. ) ;
#277 = VECTOR ( 'NONE', #2852, 1000.000000000000114 ) ;
#278 = CARTESIAN_POINT ( 'NONE',  ( 56.11378052206963929, 8.202270710758053696, 4.285753854269845675 ) ) ;
#279 = VERTEX_POINT ( 'NONE', #66 ) ;
#280 = CARTESIAN_POINT ( 'NONE',  ( 7.486882333533301015, 1.847670013692101154, 39.54945228989370065 ) ) ;
#281 = DIRECTION ( 'NONE',  ( 0.0000000000000000000, 0.0000000000000000000, 1.000000000000000000 ) ) ;
#282 = VECTOR ( 'NONE', #1260, 1000.000000000000000 ) ;
#283 = DIRECTION ( 'NONE',  ( 1.000000000000000000, 0.0000000000000000000, 0.0000000000000000000 ) ) ;
#284 = ORIENTED_EDGE ( 'NONE', *, *, #1006, .F. ) ;
#285 = DIRECTION ( 'NONE',  ( 0.0000000000000000000, -0.0000000000000000000, 1.000000000000000000 ) ) ;
#286 = AXIS2_PLACEMENT_3D ( 'NONE', #660, #1916, #82 ) ;
#287 = CONICAL_SURFACE ( 'NONE', #2555, 1.399999999999995026, 0.7853981633974469467 ) ;
#288 = ORIENTED_EDGE ( 'NONE', *, *, #1886, .T. ) ;
#289 = COORDINATED_UNIVERSAL_TIME_OFFSET ( 0, 0, .AHEAD. ) ;
#290 = DIRECTION ( 'NONE',  ( 0.0000000000000000000, -1.000000000000000000, -0.0000000000000000000 ) ) ;
#291 = ADVANCED_FACE ( 'NONE', ( #3443, #3491, #781, #2611 ), #2245, .F. ) ;
#292 = FACE_OUTER_BOUND ( 'NONE', #3574, .T. ) ;
#293 = DIRECTION ( 'NONE',  ( 1.000000000000000000, -0.0000000000000000000, 0.0000000000000000000 ) ) ;
#294 = CARTESIAN_POINT ( 'NONE',  ( 6.936522361902697220, 4.602174930830305932, 39.53278843978373658 ) ) ;
#295 = VECTOR ( 'NONE', #72, 1000.000000000000000 ) ;
#296 = ADVANCED_FACE ( 'NONE', ( #2650 ), #1736, .F. ) ;
#297 = EDGE_CURVE ( 'NONE', #1185, #1194, #3983, .T. ) ;
#298 = DIRECTION ( 'NONE',  ( 1.000000000000000000, 0.0000000000000000000, 0.0000000000000000000 ) ) ;
#299 = VECTOR ( 'NONE', #1305, 1000.000000000000000 ) ;
#300 = EDGE_LOOP ( 'NONE', ( #1429, #1769 ) ) ;
#301 = ORIENTED_EDGE ( 'NONE', *, *, #2822, .F. ) ;
#302 = EDGE_CURVE ( 'NONE', #1832, #546, #1782, .T. ) ;
#303 = CARTESIAN_POINT ( 'NONE',  ( 22.11378052206963574, -22.79772928924194630, 31.78575385426983502 ) ) ;
#304 = ORIENTED_EDGE ( 'NONE', *, *, #2945, .T. ) ;
#305 = DIRECTION ( 'NONE',  ( -0.5773502691896258421, -0.5773502691896258421, 0.5773502691896258421 ) ) ;
#306 = VERTEX_POINT ( 'NONE', #3463 ) ;
#307 = DIRECTION ( 'NONE',  ( 1.000000000000000000, 0.0000000000000000000, 0.0000000000000000000 ) ) ;
#308 = VERTEX_POINT ( 'NONE', #3816 ) ;
#309 = AXIS2_PLACEMENT_3D ( 'NONE', #98, #3544, #2903 ) ;
#310 = CARTESIAN_POINT ( 'NONE',  ( 8.175834885616177772, 2.276609690365774430, 39.67774623133921352 ) ) ;
#311 = DIRECTION ( 'NONE',  ( 0.0000000000000000000, 0.0000000000000000000, 1.000000000000000000 ) ) ;
#312 = ORIENTED_EDGE ( 'NONE', *, *, #521, .T. ) ;
#313 = DIRECTION ( 'NONE',  ( 0.0000000000000000000, 1.000000000000000000, 0.0000000000000000000 ) ) ;
#314 = CC_DESIGN_PERSON_AND_ORGANIZATION_ASSIGNMENT ( #1586, #2936, ( #3287 ) ) ;
#315 = AXIS2_PLACEMENT_3D ( 'NONE', #2446, #1533, #330 ) ;
#316 = EDGE_LOOP ( 'NONE', ( #68, #493, #1202, #2255 ) ) ;
#317 = ADVANCED_FACE ( 'NONE', ( #1012 ), #114, .F. ) ;
#318 = CARTESIAN_POINT ( 'NONE',  ( 59.61378052206962508, -31.29772928924192499, -0.2142461457301583772 ) ) ;
#319 = EDGE_LOOP ( 'NONE', ( #3305, #2272 ) ) ;
#320 = EDGE_CURVE ( 'NONE', #1444, #697, #2560, .T. ) ;
#321 = CARTESIAN_POINT ( 'NONE',  ( 0.3637805220696593844, -31.29772928924192499, 0.03575385426985572268 ) ) ;
#322 = DIRECTION ( 'NONE',  ( 0.0000000000000000000, 1.000000000000000000, 0.0000000000000000000 ) ) ;
#323 = LINE ( 'NONE', #2099, #2049 ) ;
#324 = EDGE_LOOP ( 'NONE', ( #1812, #2393, #3524, #992 ) ) ;
#325 = CARTESIAN_POINT ( 'NONE',  ( 8.521549381366883225, -22.79772928924193920, 43.28575385426984212 ) ) ;
#326 = DIRECTION ( 'NONE',  ( 0.0000000000000000000, 0.0000000000000000000, 1.000000000000000000 ) ) ;
#327 = EDGE_CURVE ( 'NONE', #3808, #1167, #1825, .T. ) ;
#328 = FACE_OUTER_BOUND ( 'NONE', #1525, .T. ) ;
#329 = ORIENTED_EDGE ( 'NONE', *, *, #482, .F. ) ;
#330 = DIRECTION ( 'NONE',  ( 1.000000000000000000, 0.0000000000000000000, 0.0000000000000000000 ) ) ;
#331 = VECTOR ( 'NONE', #1674, 1000.000000000000000 ) ;
#332 = AXIS2_PLACEMENT_3D ( 'NONE', #1193, #3703, #3104 ) ;
#333 = ORIENTED_EDGE ( 'NONE', *, *, #3985, .F. ) ;
#334 = CARTESIAN_POINT ( 'NONE',  ( 30.11378052206963929, -27.79772928924194630, 18.03575385426984212 ) ) ;
#335 = CARTESIAN_POINT ( 'NONE',  ( 60.11378052206964639, 8.202270710758053696, 44.28575385426982081 ) ) ;
#336 = FACE_OUTER_BOUND ( 'NONE', #1676, .T. ) ;
#337 = DIRECTION ( 'NONE',  ( 0.0000000000000000000, 0.0000000000000000000, 1.000000000000000000 ) ) ;
#338 = CARTESIAN_POINT ( 'NONE',  ( 5.992624418860073021, -11.26828341866799299, 40.40797181507080893 ) ) ;
#339 = EDGE_LOOP ( 'NONE', ( #2460, #3492, #3263, #1786 ) ) ;
#340 = ADVANCED_FACE ( 'NONE', ( #2507 ), #3247, .F. ) ;
#341 = FACE_OUTER_BOUND ( 'NONE', #4019, .T. ) ;
#342 = AXIS2_PLACEMENT_3D ( 'NONE', #1801, #2709, #281 ) ;
#343 = CARTESIAN_POINT ( 'NONE',  ( 55.61378052206963929, 8.202270710758053696, 3.785753854269845231 ) ) ;
#344 = ORIENTED_EDGE ( 'NONE', *, *, #1038, .F. ) ;
#345 = LINE ( 'NONE', #2252, #1644 ) ;
#346 = DIRECTION ( 'NONE',  ( -0.0000000000000000000, 0.0000000000000000000, -1.000000000000000000 ) ) ;
#347 = CARTESIAN_POINT ( 'NONE',  ( 0.1137805220696452846, 8.202270710758053696, 44.28575385426982081 ) ) ;
#348 = CIRCLE ( 'NONE', #1348, 1.399999999999995914 ) ;
#349 = ORIENTED_EDGE ( 'NONE', *, *, #1911, .F. ) ;
#350 = CARTESIAN_POINT ( 'NONE',  ( 2.613780522069633516, 8.202270710758053696, 42.28575385426981370 ) ) ;
#351 = VECTOR ( 'NONE', #846, 1000.000000000000000 ) ;
#352 = EDGE_CURVE ( 'NONE', #786, #2543, #2, .T. ) ;
#353 = ORIENTED_EDGE ( 'NONE', *, *, #958, .T. ) ;
#354 = CARTESIAN_POINT ( 'NONE',  ( 7.491449572405262103, -24.16026581841789067, 32.02423834146927817 ) ) ;
#355 = ORIENTED_EDGE ( 'NONE', *, *, #74, .T. ) ;
#356 = EDGE_CURVE ( 'NONE', #2515, #2234, #3645, .T. ) ;
#357 = ADVANCED_FACE ( 'NONE', ( #678 ), #1301, .F. ) ;
#358 = CARTESIAN_POINT ( 'NONE',  ( 57.61378052206963929, -1.797729289241947637, 42.28575385426982081 ) ) ;
#359 = ORIENTED_EDGE ( 'NONE', *, *, #3052, .T. ) ;
#360 = DIRECTION ( 'NONE',  ( 0.0000000000000000000, 0.0000000000000000000, -1.000000000000000000 ) ) ;
#361 = DIRECTION ( 'NONE',  ( 0.0000000000000000000, 0.0000000000000000000, 1.000000000000000000 ) ) ;
#362 = CARTESIAN_POINT ( 'NONE',  ( 56.11378052206963929, -11.79772928924194630, 15.78575385426984923 ) ) ;
#363 = DIRECTION ( 'NONE',  ( 1.000000000000000000, 0.0000000000000000000, -0.0000000000000000000 ) ) ;
#364 = ORIENTED_EDGE ( 'NONE', *, *, #3641, .T. ) ;
#365 = AXIS2_PLACEMENT_3D ( 'NONE', #1033, #1631, #3202 ) ;
#366 = DIRECTION ( 'NONE',  ( 0.0000000000000000000, 1.000000000000000000, 0.0000000000000000000 ) ) ;
#367 = ADVANCED_BREP_SHAPE_REPRESENTATION ( 'Case inverted2', ( #783, #944 ), #1703 ) ;
#368 = ORIENTED_EDGE ( 'NONE', *, *, #1951, .F. ) ;
#369 = CARTESIAN_POINT ( 'NONE',  ( 30.61378052206964639, -9.797729289241951633, -18.21424614573016143 ) ) ;
#370 = FACE_OUTER_BOUND ( 'NONE', #316, .T. ) ;
#371 = VERTEX_POINT ( 'NONE', #977 ) ;
#372 = VECTOR ( 'NONE', #3203, 1000.000000000000114 ) ;
#373 = EDGE_CURVE ( 'NONE', #1673, #2997, #960, .T. ) ;
#374 = FACE_OUTER_BOUND ( 'NONE', #3530, .T. ) ;
#375 = CARTESIAN_POINT ( 'NONE',  ( 8.521549381366881448, 3.202270710758043037, 15.78575385426982791 ) ) ;
#376 = CARTESIAN_POINT ( 'NONE',  ( 32.01378052206964497, -9.797729289241951633, 42.28575385426982791 ) ) ;
#377 = CARTESIAN_POINT ( 'NONE',  ( 5.686226085920313977, -11.45928741015520025, 40.34252889022364741 ) ) ;
#378 = ADVANCED_FACE ( 'NONE', ( #2400 ), #484, .F. ) ;
#379 = VECTOR ( 'NONE', #878, 1000.000000000000000 ) ;
#380 = VERTEX_POINT ( 'NONE', #3880 ) ;
#381 = CARTESIAN_POINT ( 'NONE',  ( 17.61378052206964639, -9.797729289241951633, -0.2142461457301583772 ) ) ;
#382 = EDGE_CURVE ( 'NONE', #2408, #2745, #1059, .T. ) ;
#383 = VECTOR ( 'NONE', #560, 1000.000000000000000 ) ;
#384 = ORIENTED_EDGE ( 'NONE', *, *, #2230, .T. ) ;
#385 = VECTOR ( 'NONE', #3379, 1000.000000000000000 ) ;
#386 = DIRECTION ( 'NONE',  ( 0.0000000000000000000, 0.0000000000000000000, -1.000000000000000000 ) ) ;
#387 = VERTEX_POINT ( 'NONE', #1979 ) ;
#388 = DATE_AND_TIME ( #528, #2642 ) ;
#389 = CARTESIAN_POINT ( 'NONE',  ( 9.613780522069646395, -27.79772928924194630, 4.285753854269845675 ) ) ;
#390 = DIRECTION ( 'NONE',  ( -0.0000000000000000000, 0.0000000000000000000, -1.000000000000000000 ) ) ;
#391 = CIRCLE ( 'NONE', #286, 1.399999999999995026 ) ;
#392 = VERTEX_POINT ( 'NONE', #2923 ) ;
#393 = CARTESIAN_POINT ( 'NONE',  ( 7.121549381366887310, 3.202270710758043037, 15.78575385426982791 ) ) ;
#394 = APPROVAL ( #3591, 'UNSPECIFIED' ) ;
#395 = DIRECTION ( 'NONE',  ( 0.0000000000000000000, 0.0000000000000000000, -1.000000000000000000 ) ) ;
#396 = AXIS2_PLACEMENT_3D ( 'NONE', #633, #3113, #1867 ) ;
#397 = LINE ( 'NONE', #3541, #3590 ) ;
#398 = ADVANCED_FACE ( 'NONE', ( #3741 ), #3683, .F. ) ;
#399 = VECTOR ( 'NONE', #3402, 1000.000000000000000 ) ;
#400 = ORIENTED_EDGE ( 'NONE', *, *, #1398, .F. ) ;
#401 = CARTESIAN_POINT ( 'NONE',  ( 37.11378052206964639, -27.79772928924194630, 38.78575385426984212 ) ) ;
#402 = EDGE_CURVE ( 'NONE', #1918, #3498, #3039, .T. ) ;
#403 = ORIENTED_EDGE ( 'NONE', *, *, #3347, .F. ) ;
#404 = CARTESIAN_POINT ( 'NONE',  ( 30.61378052206964639, -9.797729289241951633, 42.28575385426982791 ) ) ;
#405 = ORIENTED_EDGE ( 'NONE', *, *, #3907, .T. ) ;
#406 = ORIENTED_EDGE ( 'NONE', *, *, #962, .F. ) ;
#407 = PLANE ( 'NONE',  #2516 ) ;
#408 = CARTESIAN_POINT ( 'NONE',  ( 3.470302174146742136, -11.02047972131227738, 40.47991534819874460 ) ) ;
#409 = EDGE_CURVE ( 'NONE', #1331, #623, #534, .T. ) ;
#410 = EDGE_LOOP ( 'NONE', ( #3784, #2651, #2938, #3814 ) ) ;
#411 = CARTESIAN_POINT ( 'NONE',  ( 50.11378052206963929, -11.79772928924194630, 15.78575385426984923 ) ) ;
#412 = EDGE_CURVE ( 'NONE', #449, #3225, #60, .T. ) ;
#413 = ORIENTED_EDGE ( 'NONE', *, *, #3211, .F. ) ;
#414 = DIRECTION ( 'NONE',  ( 0.0000000000000000000, 0.0000000000000000000, -1.000000000000000000 ) ) ;
#415 = DIRECTION ( 'NONE',  ( 0.0000000000000000000, -0.0000000000000000000, 1.000000000000000000 ) ) ;
#416 = ORIENTED_EDGE ( 'NONE', *, *, #736, .T. ) ;
#417 = DIRECTION ( 'NONE',  ( 0.0000000000000000000, -1.000000000000000000, 0.0000000000000000000 ) ) ;
#418 = DIRECTION ( 'NONE',  ( 0.7071067811865475727, 0.0000000000000000000, 0.7071067811865475727 ) ) ;
#419 = CARTESIAN_POINT ( 'NONE',  ( 60.11378052206964639, 8.202270710758053696, 0.2857538542698628836 ) ) ;
#420 = AXIS2_PLACEMENT_3D ( 'NONE', #3793, #390, #2535 ) ;
#421 = ADVANCED_FACE ( 'NONE', ( #1543 ), #151, .T. ) ;
#422 = AXIS2_PLACEMENT_3D ( 'NONE', #1001, #1312, #752 ) ;
#423 = VERTEX_POINT ( 'NONE', #1362 ) ;
#424 = DIRECTION ( 'NONE',  ( 1.000000000000000000, 0.0000000000000000000, 0.0000000000000000000 ) ) ;
#425 = LINE ( 'NONE', #1917, #3362 ) ;
#426 = ORIENTED_EDGE ( 'NONE', *, *, #1373, .T. ) ;
#427 = DIRECTION ( 'NONE',  ( 0.0000000000000000000, 0.0000000000000000000, 1.000000000000000000 ) ) ;
#428 = CARTESIAN_POINT ( 'NONE',  ( 11.11378052206964107, -23.79772928924194630, 7.285753854269841234 ) ) ;
#429 = EDGE_CURVE ( 'NONE', #387, #2805, #3440, .T. ) ;
#430 = VECTOR ( 'NONE', #139, 1000.000000000000000 ) ;
#431 = PLANE ( 'NONE',  #2304 ) ;
#432 = VERTEX_POINT ( 'NONE', #3246 ) ;
#433 = DIRECTION ( 'NONE',  ( 0.0000000000000000000, 0.0000000000000000000, 1.000000000000000000 ) ) ;
#434 = VECTOR ( 'NONE', #1800, 1000.000000000000000 ) ;
#435 = EDGE_CURVE ( 'NONE', #587, #1849, #2839, .T. ) ;
#436 = ORIENTED_EDGE ( 'NONE', *, *, #1971, .F. ) ;
#437 = LINE ( 'NONE', #3389, #2937 ) ;
#438 = CARTESIAN_POINT ( 'NONE',  ( 5.730781211528672259, -22.61283323905220044, 39.78249625509138099 ) ) ;
#439 = ORIENTED_EDGE ( 'NONE', *, *, #2974, .F. ) ;
#440 = CARTESIAN_POINT ( 'NONE',  ( 24.11378052206964639, -16.29772928924195341, 42.28575385426983502 ) ) ;
#441 = FACE_BOUND ( 'NONE', #1751, .T. ) ;
#442 = CARTESIAN_POINT ( 'NONE',  ( 60.11378052206964639, 8.202270710758053696, 44.78575385426984212 ) ) ;
#443 = DIRECTION ( 'NONE',  ( 0.0000000000000000000, 0.0000000000000000000, -1.000000000000000000 ) ) ;
#444 = LINE ( 'NONE', #2882, #1484 ) ;
#445 = EDGE_LOOP ( 'NONE', ( #3004, #1237 ) ) ;
#446 = CARTESIAN_POINT ( 'NONE',  ( 57.61378052206963929, -1.797729289241947637, 43.73575385426982365 ) ) ;
#447 = CARTESIAN_POINT ( 'NONE',  ( 7.121549381366887310, 3.202270710758043037, 43.28575385426984212 ) ) ;
#448 = FACE_OUTER_BOUND ( 'NONE', #896, .T. ) ;
#449 = VERTEX_POINT ( 'NONE', #760 ) ;
#450 = CARTESIAN_POINT ( 'NONE',  ( 7.830107048020029659, -21.57624151999737094, 39.59542451685947384 ) ) ;
#451 = DIRECTION ( 'NONE',  ( 0.0000000000000000000, 0.0000000000000000000, -1.000000000000000000 ) ) ;
#452 = ORIENTED_EDGE ( 'NONE', *, *, #701, .T. ) ;
#453 = EDGE_CURVE ( 'NONE', #2834, #564, #580, .T. ) ;
#454 = DIRECTION ( 'NONE',  ( 0.0000000000000000000, 0.0000000000000000000, 1.000000000000000000 ) ) ;
#455 = EDGE_LOOP ( 'NONE', ( #2299, #794 ) ) ;
#456 = EDGE_CURVE ( 'NONE', #836, #579, #1443, .T. ) ;
#457 = CARTESIAN_POINT ( 'NONE',  ( 5.864343046591782738, 2.579523610898696084, 31.83360752089329537 ) ) ;
#458 = ORIENTED_EDGE ( 'NONE', *, *, #3907, .F. ) ;
#459 = AXIS2_PLACEMENT_3D ( 'NONE', #2700, #2091, #3968 ) ;
#460 = DIRECTION ( 'NONE',  ( 0.0000000000000000000, 1.000000000000000000, 0.0000000000000000000 ) ) ;
#461 = ORIENTED_EDGE ( 'NONE', *, *, #3458, .F. ) ;
#462 = DIRECTION ( 'NONE',  ( -1.000000000000000000, 0.0000000000000000000, 0.0000000000000000000 ) ) ;
#463 = LINE ( 'NONE', #1726, #270 ) ;
#464 = EDGE_LOOP ( 'NONE', ( #3403, #3340, #1796, #3420 ) ) ;
#465 = DIRECTION ( 'NONE',  ( 0.0000000000000000000, -1.000000000000000000, 0.0000000000000000000 ) ) ;
#466 = AXIS2_PLACEMENT_3D ( 'NONE', #3766, #1612, #89 ) ;
#467 = CYLINDRICAL_SURFACE ( 'NONE', #1309, 1.399999999999998579 ) ;
#468 = CARTESIAN_POINT ( 'NONE',  ( 5.758862316037651752, -22.42840111235793543, 31.79921134261626392 ) ) ;
#469 = FACE_OUTER_BOUND ( 'NONE', #231, .T. ) ;
#470 = EDGE_CURVE ( 'NONE', #3103, #3080, #779, .T. ) ;
#471 = ORIENTED_EDGE ( 'NONE', *, *, #958, .F. ) ;
#472 = CARTESIAN_POINT ( 'NONE',  ( 20.61378052206964995, -9.797729289241951633, 3.785753854269845231 ) ) ;
#473 = FACE_OUTER_BOUND ( 'NONE', #2083, .T. ) ;
#474 = CARTESIAN_POINT ( 'NONE',  ( 30.11378052206963929, -30.49772928924196691, 19.43575385426983360 ) ) ;
#475 = ORIENTED_EDGE ( 'NONE', *, *, #2817, .T. ) ;
#476 = EDGE_CURVE ( 'NONE', #1573, #1188, #1592, .T. ) ;
#477 = DIRECTION ( 'NONE',  ( 0.0000000000000000000, 0.0000000000000000000, 1.000000000000000000 ) ) ;
#478 = CIRCLE ( 'NONE', #2831, 1.399999999999995026 ) ;
#479 = ORIENTED_EDGE ( 'NONE', *, *, #1886, .F. ) ;
#480 = CARTESIAN_POINT ( 'NONE',  ( 8.476278211649542982, -22.43285609481421972, 31.80140899973118351 ) ) ;
#481 = LINE ( 'NONE', #2248, #1142 ) ;
#482 = EDGE_CURVE ( 'NONE', #1693, #2062, #1199, .T. ) ;
#483 = CARTESIAN_POINT ( 'NONE',  ( 60.11378052206964639, -27.79772928924194630, 3.785753854269845231 ) ) ;
#484 = CYLINDRICAL_SURFACE ( 'NONE', #2461, 3.000000000000002665 ) ;
#485 = PERSON_AND_ORGANIZATION_ROLE ( 'creator' ) ;
#486 = AXIS2_PLACEMENT_3D ( 'NONE', #369, #3813, #3161 ) ;
#487 = AXIS2_PLACEMENT_3D ( 'NONE', #1299, #2579, #2593 ) ;
#488 = LINE ( 'NONE', #1209, #1934 ) ;
#489 = CARTESIAN_POINT ( 'NONE',  ( 24.11378052206964639, -16.29772928924195341, 40.78575385426984212 ) ) ;
#490 = VERTEX_POINT ( 'NONE', #2259 ) ;
#491 = PLANE ( 'NONE',  #748 ) ;
#492 = ORIENTED_EDGE ( 'NONE', *, *, #1891, .F. ) ;
#493 = ORIENTED_EDGE ( 'NONE', *, *, #2794, .T. ) ;
#494 = CARTESIAN_POINT ( 'NONE',  ( 0.1137805220696452846, -31.29772928924192499, 44.78575385426984212 ) ) ;
#495 = CARTESIAN_POINT ( 'NONE',  ( 5.108601208504023994, -7.959976048618540467, 40.27416425928151256 ) ) ;
#496 = ORIENTED_EDGE ( 'NONE', *, *, #761, .T. ) ;
#497 = DESIGN_CONTEXT ( 'detailed design', #1377, 'design' ) ;
#498 = EDGE_CURVE ( 'NONE', #503, #1883, #727, .T. ) ;
#499 = EDGE_LOOP ( 'NONE', ( #167, #3025 ) ) ;
#500 = DIRECTION ( 'NONE',  ( 1.000000000000000000, 0.0000000000000000000, 0.0000000000000000000 ) ) ;
#501 = DIRECTION ( 'NONE',  ( 1.000000000000000000, 0.0000000000000000000, -0.0000000000000000000 ) ) ;
#502 = EDGE_CURVE ( 'NONE', #216, #1939, #2502, .T. ) ;
#503 = VERTEX_POINT ( 'NONE', #3844 ) ;
#504 = CARTESIAN_POINT ( 'NONE',  ( 5.721549381366890508, 3.018518369457502182, 31.78575385426984212 ) ) ;
#505 = CARTESIAN_POINT ( 'NONE',  ( 6.259847696040171883, -21.67943218048086607, 31.94296009010508186 ) ) ;
#506 = CARTESIAN_POINT ( 'NONE',  ( 3.203282383531163902, -8.973153576710632962, 40.56648089107421384 ) ) ;
#507 = EDGE_LOOP ( 'NONE', ( #35, #2222 ) ) ;
#508 = AXIS2_PLACEMENT_3D ( 'NONE', #2788, #1293, #1608 ) ;
#509 = CARTESIAN_POINT ( 'NONE',  ( 6.713780522069646928, -9.797729289241948081, 30.93575385426983715 ) ) ;
#510 = FACE_OUTER_BOUND ( 'NONE', #2956, .T. ) ;
#511 = FACE_BOUND ( 'NONE', #267, .T. ) ;
#512 = CARTESIAN_POINT ( 'NONE',  ( 21.11378052206964284, -16.29772928924195341, -0.2142461457301583772 ) ) ;
#513 = FACE_OUTER_BOUND ( 'NONE', #634, .T. ) ;
#514 = AXIS2_PLACEMENT_3D ( 'NONE', #3988, #2152, #620 ) ;
#515 = AXIS2_PLACEMENT_3D ( 'NONE', #1837, #2177, #3398 ) ;
#516 = CARTESIAN_POINT ( 'NONE',  ( 49.11378052206964639, -31.79772928924194630, 8.685753854269842478 ) ) ;
#517 = FACE_OUTER_BOUND ( 'NONE', #3947, .T. ) ;
#518 = DIRECTION ( 'NONE',  ( 0.0000000000000000000, 1.000000000000000000, 0.0000000000000000000 ) ) ;
#519 = ORIENTED_EDGE ( 'NONE', *, *, #470, .F. ) ;
#520 = CARTESIAN_POINT ( 'NONE',  ( 5.688367021711019156, -8.137164219893108452, 40.34289606190440480 ) ) ;
#521 = EDGE_CURVE ( 'NONE', #10, #2050, #397, .T. ) ;
#522 = CYLINDRICAL_SURFACE ( 'NONE', #1655, 1.399999999999995914 ) ;
#523 = CARTESIAN_POINT ( 'NONE',  ( 8.379045781397067572, -22.17560981600926340, 39.73799353398185019 ) ) ;
#524 = ORIENTED_EDGE ( 'NONE', *, *, #1803, .F. ) ;
#525 = VECTOR ( 'NONE', #747, 1000.000000000000000 ) ;
#526 = EDGE_CURVE ( 'NONE', #1883, #2055, #862, .T. ) ;
#527 = EDGE_LOOP ( 'NONE', ( #829, #1978 ) ) ;
#528 = CALENDAR_DATE ( 2019, 12, 12 ) ;
#529 = CARTESIAN_POINT ( 'NONE',  ( 7.486882333533294798, -24.15232998630789041, 39.54945228989369355 ) ) ;
#530 = VECTOR ( 'NONE', #1279, 1000.000000000000000 ) ;
#531 = DIRECTION ( 'NONE',  ( 0.7071067811865513475, -8.659560562354979697E-17, 0.7071067811865436870 ) ) ;
#532 = AXIS2_PLACEMENT_3D ( 'NONE', #440, #1352, #2910 ) ;
#533 = CARTESIAN_POINT ( 'NONE',  ( 24.11378052206964639, -16.29772928924195341, -18.21424614573016143 ) ) ;
#534 = LINE ( 'NONE', #744, #3243 ) ;
#535 = ORIENTED_EDGE ( 'NONE', *, *, #2120, .T. ) ;
#536 = CARTESIAN_POINT ( 'NONE',  ( 8.233671893448532231, -21.94246620017455740, 39.69401063553517162 ) ) ;
#537 = CARTESIAN_POINT ( 'NONE',  ( 6.665309311702168671, -10.28389115256863029, 30.95482768952004804 ) ) ;
#538 = ORIENTED_EDGE ( 'NONE', *, *, #2979, .T. ) ;
#539 = ORIENTED_EDGE ( 'NONE', *, *, #2175, .T. ) ;
#540 = AXIS2_PLACEMENT_3D ( 'NONE', #788, #166, #1713 ) ;
#541 = AXIS2_PLACEMENT_3D ( 'NONE', #2901, #417, #732 ) ;
#542 = DIRECTION ( 'NONE',  ( 0.0000000000000000000, 0.0000000000000000000, 1.000000000000000000 ) ) ;
#543 = EDGE_LOOP ( 'NONE', ( #1447, #3875, #1740, #3457 ) ) ;
#544 = CARTESIAN_POINT ( 'NONE',  ( 6.067451908545998585, -23.72353345210296638, 39.67770356413691246 ) ) ;
#545 = CARTESIAN_POINT ( 'NONE',  ( 8.521549381366883225, -22.79772928924193920, 43.28575385426984212 ) ) ;
#546 = VERTEX_POINT ( 'NONE', #3360 ) ;
#547 = CARTESIAN_POINT ( 'NONE',  ( 40.11378052206963929, -27.79772928924194630, 35.78575385426984212 ) ) ;
#548 = CARTESIAN_POINT ( 'NONE',  ( 22.11378052206963574, 3.202270710758049255, 39.78575385426984212 ) ) ;
#549 = ORIENTED_EDGE ( 'NONE', *, *, #502, .T. ) ;
#550 = CARTESIAN_POINT ( 'NONE',  ( 3.109705331848009013, -10.39806491528082866, 30.97172440462268383 ) ) ;
#551 = EDGE_CURVE ( 'NONE', #1602, #3295, #1688, .T. ) ;
#552 = B_SPLINE_CURVE_WITH_KNOTS ( 'NONE', 3,
 ( #3924, #2053, #2129, #885, #917, #561, #861, #611, #901, #1511, #294, #3079, #1497, #4024, #3707, #3345, #572, #2087, #2748, #3677, #2104, #3978, #2436, #2407 ),
 .UNSPECIFIED., .F., .F.,
 ( 4, 2, 2, 2, 2, 2, 2, 2, 2, 2, 2, 4 ),
 ( 0.0000000000000000000, 0.0002757662881570750670, 0.0005515325763141501339, 0.001103065152628301569, 0.001654597728942452895, 0.002206130305256604439, 0.002481896593413679235, 0.002757662881570754031, 0.003309195457884903623, 0.003584961746041979286, 0.003860728034199054082, 0.004412260610513206276 ),
 .UNSPECIFIED. ) ;
#553 = ORIENTED_EDGE ( 'NONE', *, *, #3217, .F. ) ;
#554 = DIRECTION ( 'NONE',  ( 1.000000000000000000, 0.0000000000000000000, 0.0000000000000000000 ) ) ;
#555 = DIRECTION ( 'NONE',  ( 0.0000000000000000000, 1.000000000000000000, 0.0000000000000000000 ) ) ;
#556 = EDGE_CURVE ( 'NONE', #1799, #2383, #1976, .T. ) ;
#557 = DIRECTION ( 'NONE',  ( 0.0000000000000000000, 0.0000000000000000000, -1.000000000000000000 ) ) ;
#558 = LINE ( 'NONE', #3232, #1225 ) ;
#559 = ORIENTED_EDGE ( 'NONE', *, *, #3458, .T. ) ;
#560 = DIRECTION ( 'NONE',  ( 0.0000000000000000000, 1.000000000000000000, 0.0000000000000000000 ) ) ;
#561 = CARTESIAN_POINT ( 'NONE',  ( 5.899982252455783005, 3.910370098779685666, 39.72628348426957245 ) ) ;
#562 = VECTOR ( 'NONE', #1768, 1000.000000000000000 ) ;
#563 = LINE ( 'NONE', #936, #758 ) ;
#564 = VERTEX_POINT ( 'NONE', #2423 ) ;
#565 = AXIS2_PLACEMENT_3D ( 'NONE', #1893, #3189, #77 ) ;
#566 = CARTESIAN_POINT ( 'NONE',  ( 0.6137805220696666009, -31.79772928924194630, 44.28575385426982081 ) ) ;
#567 = ORIENTED_EDGE ( 'NONE', *, *, #2150, .F. ) ;
#568 = CARTESIAN_POINT ( 'NONE',  ( 7.121549381366887310, -22.79772928924193920, 44.78575385426984212 ) ) ;
#569 = CIRCLE ( 'NONE', #3183, 0.5000000000000004441 ) ;
#570 = ORIENTED_EDGE ( 'NONE', *, *, #685, .F. ) ;
#571 = CYLINDRICAL_SURFACE ( 'NONE', #1933, 1.849999999999998312 ) ;
#572 = CARTESIAN_POINT ( 'NONE',  ( 7.983251066693595632, 4.320567819519121500, 39.62854761843458817 ) ) ;
#573 = ORIENTED_EDGE ( 'NONE', *, *, #1689, .F. ) ;
#574 = ADVANCED_FACE ( 'NONE', ( #3143, #2988, #2306, #675, #3090 ), #2712, .F. ) ;
#575 = EDGE_CURVE ( 'NONE', #667, #10, #348, .T. ) ;
#576 = CARTESIAN_POINT ( 'NONE',  ( 7.121549381366887310, -22.79772928924193920, 15.78575385426982791 ) ) ;
#577 = CIRCLE ( 'NONE', #1597, 1.399999999999995026 ) ;
#578 = CARTESIAN_POINT ( 'NONE',  ( 0.1137805220696452846, 8.202270710758053696, 44.28575385426982081 ) ) ;
#579 = VERTEX_POINT ( 'NONE', #889 ) ;
#580 = CIRCLE ( 'NONE', #2257, 3.000000000000002665 ) ;
#581 = EDGE_CURVE ( 'NONE', #2568, #2824, #629, .T. ) ;
#582 = VECTOR ( 'NONE', #557, 1000.000000000000000 ) ;
#583 = ORIENTED_EDGE ( 'NONE', *, *, #2763, .F. ) ;
#584 = CARTESIAN_POINT ( 'NONE',  ( 22.11378052206963574, -22.79772928924194630, 35.78575385426984212 ) ) ;
#585 = AXIS2_PLACEMENT_3D ( 'NONE', #1937, #1044, #102 ) ;
#586 = CARTESIAN_POINT ( 'NONE',  ( 7.307041288110422528, 1.811585999199448294, 39.53626915164514344 ) ) ;
#587 = VERTEX_POINT ( 'NONE', #4011 ) ;
#588 = VERTEX_POINT ( 'NONE', #600 ) ;
#589 = ORIENTED_EDGE ( 'NONE', *, *, #1971, .T. ) ;
#590 = AXIS2_PLACEMENT_3D ( 'NONE', #2474, #2500, #3071 ) ;
#591 = ADVANCED_FACE ( 'NONE', ( #2265 ), #1342, .F. ) ;
#592 = DIRECTION ( 'NONE',  ( 0.0000000000000000000, -1.000000000000000000, 0.0000000000000000000 ) ) ;
#593 = DIRECTION ( 'NONE',  ( 1.000000000000000000, 0.0000000000000000000, 0.0000000000000000000 ) ) ;
#594 = DIRECTION ( 'NONE',  ( -0.0000000000000000000, 0.0000000000000000000, -1.000000000000000000 ) ) ;
#595 = ORIENTED_EDGE ( 'NONE', *, *, #250, .T. ) ;
#596 = DIRECTION ( 'NONE',  ( 0.0000000000000000000, 0.0000000000000000000, 1.000000000000000000 ) ) ;
#597 = CARTESIAN_POINT ( 'NONE',  ( 17.61378052206964639, -9.797729289241951633, 40.78575385426984212 ) ) ;
#598 = CARTESIAN_POINT ( 'NONE',  ( 24.11378052206964639, -16.29772928924195341, 47.78575385426984212 ) ) ;
#599 = ORIENTED_EDGE ( 'NONE', *, *, #3329, .F. ) ;
#600 = CARTESIAN_POINT ( 'NONE',  ( 21.11378052206964284, -3.297729289241949413, 3.785753854269845231 ) ) ;
#601 = EDGE_CURVE ( 'NONE', #1424, #787, #2218, .T. ) ;
#602 = VERTEX_POINT ( 'NONE', #4026 ) ;
#603 = CARTESIAN_POINT ( 'NONE',  ( 6.332994208548281101, -8.667044777918533782, 31.06828079142039556 ) ) ;
#604 = FACE_BOUND ( 'NONE', #1082, .T. ) ;
#605 = CYLINDRICAL_SURFACE ( 'NONE', #1567, 3.000000000000002665 ) ;
#606 = DIRECTION ( 'NONE',  ( -1.000000000000000000, 0.0000000000000000000, 0.0000000000000000000 ) ) ;
#607 = AXIS2_PLACEMENT_3D ( 'NONE', #3976, #3331, #1463 ) ;
#608 = VECTOR ( 'NONE', #3459, 1000.000000000000000 ) ;
#609 = ORIENTED_EDGE ( 'NONE', *, *, #2592, .T. ) ;
#610 = CARTESIAN_POINT ( 'NONE',  ( 5.730785216026997198, 3.017418981293701119, 39.78249502797930859 ) ) ;
#611 = CARTESIAN_POINT ( 'NONE',  ( 6.260204001840345533, 4.320699517625575581, 39.62848342463661311 ) ) ;
#612 = ADVANCED_FACE ( 'NONE', ( #3195 ), #3884, .F. ) ;
#613 = VECTOR ( 'NONE', #3819, 1000.000000000000000 ) ;
#614 = CARTESIAN_POINT ( 'NONE',  ( 60.11378052206964639, 8.202270710758053696, 44.78575385426984212 ) ) ;
#615 = ORIENTED_EDGE ( 'NONE', *, *, #3754, .F. ) ;
#616 = AXIS2_PLACEMENT_3D ( 'NONE', #1790, #872, #1181 ) ;
#617 = CARTESIAN_POINT ( 'NONE',  ( 24.11378052206964639, -16.29772928924195341, 42.28575385426983502 ) ) ;
#618 = AXIS2_PLACEMENT_3D ( 'NONE', #1300, #326, #3419 ) ;
#619 = VECTOR ( 'NONE', #2168, 1000.000000000000000 ) ;
#620 = DIRECTION ( 'NONE',  ( 1.000000000000000000, 0.0000000000000000000, 0.0000000000000000000 ) ) ;
#621 = FACE_BOUND ( 'NONE', #3599, .T. ) ;
#622 = DIRECTION ( 'NONE',  ( 0.0000000000000000000, -0.0000000000000000000, 1.000000000000000000 ) ) ;
#623 = VERTEX_POINT ( 'NONE', #873 ) ;
#624 = CARTESIAN_POINT ( 'NONE',  ( 6.259957143495764598, 2.083969259291144294, 39.62853220229712292 ) ) ;
#625 = VECTOR ( 'NONE', #3897, 1000.000000000000000 ) ;
#626 = EDGE_CURVE ( 'NONE', #279, #392, #1392, .T. ) ;
#627 = CARTESIAN_POINT ( 'NONE',  ( 56.11378052206963929, -27.79772928924194630, 40.28575385426984212 ) ) ;
#628 = CARTESIAN_POINT ( 'NONE',  ( 8.175646854187775148, -23.72353345210295572, 31.89380414440277889 ) ) ;
#629 = CIRCLE ( 'NONE', #3171, 4.850000000000000533 ) ;
#630 = EDGE_LOOP ( 'NONE', ( #1153, #1988, #120, #1851 ) ) ;
#631 = EDGE_CURVE ( 'NONE', #130, #3808, #1150, .T. ) ;
#632 = ADVANCED_FACE ( 'NONE', ( #3790, #2019, #2117, #2352, #2165 ), #3349, .F. ) ;
#633 = CARTESIAN_POINT ( 'NONE',  ( 49.11378052206964639, -31.79772928924194630, 37.28575385426984212 ) ) ;
#634 = EDGE_LOOP ( 'NONE', ( #3914, #2891, #1254, #2731 ) ) ;
#635 = ORIENTED_EDGE ( 'NONE', *, *, #2687, .F. ) ;
#636 = ORIENTED_EDGE ( 'NONE', *, *, #2298, .T. ) ;
#637 = DIRECTION ( 'NONE',  ( 1.000000000000000000, 0.0000000000000000000, -0.0000000000000000000 ) ) ;
#638 = CARTESIAN_POINT ( 'NONE',  ( 3.013780522069651191, -9.797729289241948081, -3.214246145730168092 ) ) ;
#639 = CARTESIAN_POINT ( 'NONE',  ( 6.713780522069648704, -9.919338964841882600, 40.63575385426983644 ) ) ;
#640 = ORIENTED_EDGE ( 'NONE', *, *, #2511, .F. ) ;
#641 = CARTESIAN_POINT ( 'NONE',  ( 2.613780522069647283, -1.797729289241947637, 3.735753854269850738 ) ) ;
#642 = DIRECTION ( 'NONE',  ( 1.000000000000000000, 0.0000000000000000000, 0.0000000000000000000 ) ) ;
#643 = ORIENTED_EDGE ( 'NONE', *, *, #1641, .T. ) ;
#644 = VERTEX_POINT ( 'NONE', #904 ) ;
#645 = EDGE_CURVE ( 'NONE', #3808, #130, #3930, .T. ) ;
#646 = CARTESIAN_POINT ( 'NONE',  ( 25.11378052206964639, -9.797729289241948081, 40.63575385426983644 ) ) ;
#647 = DIRECTION ( 'NONE',  ( -1.000000000000000000, 0.0000000000000000000, 0.0000000000000000000 ) ) ;
#648 = DIRECTION ( 'NONE',  ( 0.0000000000000000000, 0.0000000000000000000, -1.000000000000000000 ) ) ;
#649 = ADVANCED_FACE ( 'NONE', ( #2895 ), #3546, .F. ) ;
#650 = FACE_OUTER_BOUND ( 'NONE', #1982, .T. ) ;
#651 = VERTEX_POINT ( 'NONE', #641 ) ;
#652 = EDGE_CURVE ( 'NONE', #3487, #2814, #2793, .T. ) ;
#653 = LINE ( 'NONE', #3631, #185 ) ;
#654 = CYLINDRICAL_SURFACE ( 'NONE', #724, 3.000000000000002665 ) ;
#655 = ORIENTED_EDGE ( 'NONE', *, *, #1414, .T. ) ;
#656 = CARTESIAN_POINT ( 'NONE',  ( 6.653790377644018150, -9.314916387056454639, 30.95836890532535080 ) ) ;
#657 = LINE ( 'NONE', #1969, #430 ) ;
#658 = ORIENTED_EDGE ( 'NONE', *, *, #2621, .F. ) ;
#659 = CYLINDRICAL_SURFACE ( 'NONE', #3608, 4.000000000000003553 ) ;
#660 = CARTESIAN_POINT ( 'NONE',  ( 17.61378052206964639, -9.797729289241951633, 42.28575385426986344 ) ) ;
#661 = DIRECTION ( 'NONE',  ( 0.0000000000000000000, -1.000000000000000000, 0.0000000000000000000 ) ) ;
#662 = ORIENTED_EDGE ( 'NONE', *, *, #2278, .T. ) ;
#663 = CARTESIAN_POINT ( 'NONE',  ( 27.61378052206964284, -9.797729289241951633, -0.2142461457301583772 ) ) ;
#664 = FACE_OUTER_BOUND ( 'NONE', #809, .T. ) ;
#665 = CARTESIAN_POINT ( 'NONE',  ( 6.009689162116041317, -23.65331962557023715, 31.87757121557450191 ) ) ;
#666 = AXIS2_PLACEMENT_3D ( 'NONE', #411, #2877, #3198 ) ;
#667 = VERTEX_POINT ( 'NONE', #681 ) ;
#668 = PERSON_AND_ORGANIZATION ( #12, #2690 ) ;
#669 = LINE ( 'NONE', #578, #3881 ) ;
#670 = ADVANCED_FACE ( 'NONE', ( #957 ), #1541, .T. ) ;
#671 = DIRECTION ( 'NONE',  ( 0.0000000000000000000, 0.0000000000000000000, 1.000000000000000000 ) ) ;
#672 = ORIENTED_EDGE ( 'NONE', *, *, #2571, .F. ) ;
#673 = CARTESIAN_POINT ( 'NONE',  ( 49.11378052206964639, -27.79772928924194630, 8.685753854269842478 ) ) ;
#674 = EDGE_CURVE ( 'NONE', #1399, #3940, #3336, .T. ) ;
#675 = FACE_BOUND ( 'NONE', #2572, .T. ) ;
#676 = PLANE ( 'NONE',  #1772 ) ;
#677 = CARTESIAN_POINT ( 'NONE',  ( 5.346953659603632225, -11.58764437409753612, 40.29345485258979664 ) ) ;
#678 = FACE_OUTER_BOUND ( 'NONE', #1344, .T. ) ;
#679 = EDGE_CURVE ( 'NONE', #1185, #3057, #2452, .T. ) ;
#680 = EDGE_LOOP ( 'NONE', ( #1411, #3987, #3708, #2080 ) ) ;
#681 = CARTESIAN_POINT ( 'NONE',  ( 11.11378052206964107, -27.79772928924194630, 5.885753854269845320 ) ) ;
#682 = CARTESIAN_POINT ( 'NONE',  ( 8.476357885741746756, -23.16226878223697128, 31.80138174193426792 ) ) ;
#683 = ORIENTED_EDGE ( 'NONE', *, *, #2998, .F. ) ;
#684 = ORIENTED_EDGE ( 'NONE', *, *, #1414, .F. ) ;
#685 = EDGE_CURVE ( 'NONE', #2010, #851, #2260, .T. ) ;
#686 = DIRECTION ( 'NONE',  ( -0.7071067811865475727, -0.0000000000000000000, -0.7071067811865475727 ) ) ;
#687 = CARTESIAN_POINT ( 'NONE',  ( 30.61378052206964639, -9.797729289241951633, 42.28575385426982791 ) ) ;
#688 = VERTEX_POINT ( 'NONE', #325 ) ;
#689 = PLANE ( 'NONE',  #3913 ) ;
#690 = CARTESIAN_POINT ( 'NONE',  ( 22.71378052206965137, -16.29772928924195341, 42.28575385426983502 ) ) ;
#691 = VERTEX_POINT ( 'NONE', #3738 ) ;
#692 = AXIS2_PLACEMENT_3D ( 'NONE', #1462, #2048, #2371 ) ;
#693 = ADVANCED_FACE ( 'NONE', ( #3489 ), #2558, .F. ) ;
#694 = AXIS2_PLACEMENT_3D ( 'NONE', #1311, #2267, #3184 ) ;
#695 = CARTESIAN_POINT ( 'NONE',  ( 24.11378052206964639, -3.297729289241948969, 42.28575385426983502 ) ) ;
#696 = ORIENTED_EDGE ( 'NONE', *, *, #1997, .F. ) ;
#697 = VERTEX_POINT ( 'NONE', #627 ) ;
#698 = DIRECTION ( 'NONE',  ( 0.0000000000000000000, 1.000000000000000000, 0.0000000000000000000 ) ) ;
#699 = DIRECTION ( 'NONE',  ( 1.000000000000000000, 0.0000000000000000000, 0.0000000000000000000 ) ) ;
#700 = CIRCLE ( 'NONE', #2553, 1.449999999999999956 ) ;
#701 = EDGE_CURVE ( 'NONE', #2131, #3661, #1439, .T. ) ;
#702 = LINE ( 'NONE', #2487, #3909 ) ;
#703 = DIRECTION ( 'NONE',  ( -1.000000000000000000, 0.0000000000000000000, 0.0000000000000000000 ) ) ;
#704 = DIRECTION ( 'NONE',  ( -1.000000000000000000, 0.0000000000000000000, 0.0000000000000000000 ) ) ;
#705 = FACE_OUTER_BOUND ( 'NONE', #2013, .T. ) ;
#706 = CARTESIAN_POINT ( 'NONE',  ( 13.11378052206964284, -31.79772928924194630, 31.78575385426984923 ) ) ;
#707 = ORIENTED_EDGE ( 'NONE', *, *, #3002, .F. ) ;
#708 = DIRECTION ( 'NONE',  ( 0.0000000000000000000, 1.000000000000000000, 0.0000000000000000000 ) ) ;
#709 = EDGE_CURVE ( 'NONE', #3278, #1673, #1587, .T. ) ;
#710 = FACE_OUTER_BOUND ( 'NONE', #1215, .T. ) ;
#711 = ORIENTED_EDGE ( 'NONE', *, *, #985, .F. ) ;
#712 = ADVANCED_FACE ( 'NONE', ( #3289, #2789, #441, #4029, #3191 ), #22, .T. ) ;
#713 = CARTESIAN_POINT ( 'NONE',  ( 4.863780522069649948, -9.797729289241948081, -3.214246145730168092 ) ) ;
#714 = LINE ( 'NONE', #1229, #3077 ) ;
#715 = AXIS2_PLACEMENT_3D ( 'NONE', #1611, #3488, #1642 ) ;
#716 = DIRECTION ( 'NONE',  ( 1.000000000000000000, 0.0000000000000000000, 0.0000000000000000000 ) ) ;
#717 = VERTEX_POINT ( 'NONE', #2806 ) ;
#718 = DIRECTION ( 'NONE',  ( 0.0000000000000000000, 0.0000000000000000000, -1.000000000000000000 ) ) ;
#719 = CARTESIAN_POINT ( 'NONE',  ( 55.61378052206963929, -27.79772928924194630, 3.785753854269845231 ) ) ;
#720 = DIRECTION ( 'NONE',  ( 0.7071067811865474617, -0.0000000000000000000, 0.7071067811865474617 ) ) ;
#721 = LINE ( 'NONE', #3165, #1924 ) ;
#722 = ORIENTED_EDGE ( 'NONE', *, *, #816, .T. ) ;
#723 = CARTESIAN_POINT ( 'NONE',  ( 2.613780522069647283, -1.797729289241947637, 2.285753854269851004 ) ) ;
#724 = AXIS2_PLACEMENT_3D ( 'NONE', #2514, #3771, #3130 ) ;
#725 = CARTESIAN_POINT ( 'NONE',  ( 16.11378052206964639, -31.79772928924194630, 31.78575385426984923 ) ) ;
#726 = CIRCLE ( 'NONE', #715, 3.000000000000002665 ) ;
#727 = LINE ( 'NONE', #2575, #3338 ) ;
#728 = DIRECTION ( 'NONE',  ( 0.0000000000000000000, -1.000000000000000000, -0.0000000000000000000 ) ) ;
#729 = VERTEX_POINT ( 'NONE', #663 ) ;
#730 = DIRECTION ( 'NONE',  ( -1.000000000000000000, 0.0000000000000000000, 0.0000000000000000000 ) ) ;
#731 = ORIENTED_EDGE ( 'NONE', *, *, #601, .F. ) ;
#732 = DIRECTION ( 'NONE',  ( 0.0000000000000000000, 0.0000000000000000000, -1.000000000000000000 ) ) ;
#733 = VERTEX_POINT ( 'NONE', #2778 ) ;
#734 = CARTESIAN_POINT ( 'NONE',  ( 8.521549381366883225, -22.79772928924194630, 39.78575385426984212 ) ) ;
#735 = CARTESIAN_POINT ( 'NONE',  ( 22.11378052206963574, 3.202270710758049255, 39.78575385426984212 ) ) ;
#736 = EDGE_CURVE ( 'NONE', #2039, #1444, #3637, .T. ) ;
#737 = EDGE_LOOP ( 'NONE', ( #2707, #2612, #3044, #2810 ) ) ;
#738 = DIRECTION ( 'NONE',  ( -1.000000000000000000, 0.0000000000000000000, 0.0000000000000000000 ) ) ;
#739 = DIRECTION ( 'NONE',  ( 0.0000000000000000000, 0.0000000000000000000, -1.000000000000000000 ) ) ;
#740 = VERTEX_POINT ( 'NONE', #2173 ) ;
#741 = AXIS2_PLACEMENT_3D ( 'NONE', #3751, #37, #1042 ) ;
#742 = CARTESIAN_POINT ( 'NONE',  ( 13.11378052206964284, -27.79772928924194630, 35.78575385426984212 ) ) ;
#743 = CARTESIAN_POINT ( 'NONE',  ( 37.11378052206964639, -31.79772928924194630, 35.78575385426984212 ) ) ;
#744 = CARTESIAN_POINT ( 'NONE',  ( 16.11378052206964639, -27.79772928924194630, 28.78575385426984568 ) ) ;
#745 = ORIENTED_EDGE ( 'NONE', *, *, #2571, .T. ) ;
#746 = CARTESIAN_POINT ( 'NONE',  ( 25.51378052206964142, -3.297729289241948969, 42.28575385426983502 ) ) ;
#747 = DIRECTION ( 'NONE',  ( 0.0000000000000000000, 1.172110456741086321E-16, 1.000000000000000000 ) ) ;
#748 = AXIS2_PLACEMENT_3D ( 'NONE', #1702, #189, #2605 ) ;
#749 = AXIS2_PLACEMENT_3D ( 'NONE', #3806, #81, #703 ) ;
#750 = EDGE_LOOP ( 'NONE', ( #3168, #2713, #2154, #43 ) ) ;
#751 = DIRECTION ( 'NONE',  ( 0.0000000000000000000, 0.0000000000000000000, 1.000000000000000000 ) ) ;
#752 = DIRECTION ( 'NONE',  ( 1.000000000000000000, 0.0000000000000000000, 0.0000000000000000000 ) ) ;
#753 = LINE ( 'NONE', #735, #3763 ) ;
#754 = ORIENTED_EDGE ( 'NONE', *, *, #3167, .T. ) ;
#755 = DIRECTION ( 'NONE',  ( 0.0000000000000000000, -1.000000000000000000, 0.0000000000000000000 ) ) ;
#756 = CARTESIAN_POINT ( 'NONE',  ( 55.61378052206963929, -27.79772928924194986, 4.285753854269845675 ) ) ;
#757 = FACE_OUTER_BOUND ( 'NONE', #966, .T. ) ;
#758 = VECTOR ( 'NONE', #3788, 1000.000000000000000 ) ;
#759 = ORIENTED_EDGE ( 'NONE', *, *, #3307, .F. ) ;
#760 = CARTESIAN_POINT ( 'NONE',  ( 22.71378052206965137, -3.297729289241948969, 47.78575385426984212 ) ) ;
#761 = EDGE_CURVE ( 'NONE', #3273, #2093, #1146, .T. ) ;
#762 = CARTESIAN_POINT ( 'NONE',  ( 2.613780522069633516, 8.202270710758053696, 43.73575385426981654 ) ) ;
#763 = CIRCLE ( 'NONE', #3800, 2.900000000000006573 ) ;
#764 = ORIENTED_EDGE ( 'NONE', *, *, #2455, .F. ) ;
#765 = CARTESIAN_POINT ( 'NONE',  ( 9.613780522069646395, -9.797729289241948081, 35.78575385426984212 ) ) ;
#766 = VECTOR ( 'NONE', #871, 1000.000000000000000 ) ;
#767 = CARTESIAN_POINT ( 'NONE',  ( 5.721549381366891396, -22.79772928924193920, 43.28575385426984212 ) ) ;
#768 = EDGE_CURVE ( 'NONE', #651, #1313, #2603, .T. ) ;
#769 = ORIENTED_EDGE ( 'NONE', *, *, #1739, .T. ) ;
#770 = CIRCLE ( 'NONE', #422, 1.399999999999996803 ) ;
#771 = CARTESIAN_POINT ( 'NONE',  ( 5.766820551084231639, -22.43285609481420195, 39.77009870880848297 ) ) ;
#772 = ORIENTED_EDGE ( 'NONE', *, *, #2592, .F. ) ;
#773 = PERSON_AND_ORGANIZATION ( #12, #2690 ) ;
#774 = CARTESIAN_POINT ( 'NONE',  ( 55.61378052206963929, -27.79772928924194986, 3.785753854269845231 ) ) ;
#775 = CYLINDRICAL_SURFACE ( 'NONE', #2214, 1.449999999999999956 ) ;
#776 = AXIS2_PLACEMENT_3D ( 'NONE', #598, #3065, #1166 ) ;
#777 = DIRECTION ( 'NONE',  ( 0.0000000000000000000, 0.0000000000000000000, 1.000000000000000000 ) ) ;
#778 = DIRECTION ( 'NONE',  ( 0.0000000000000000000, 0.0000000000000000000, -1.000000000000000000 ) ) ;
#779 = CIRCLE ( 'NONE', #2879, 2.899999999999986144 ) ;
#780 = CARTESIAN_POINT ( 'NONE',  ( 0.1137805220696452846, 8.202270710758053696, 44.28575385426982081 ) ) ;
#781 = FACE_BOUND ( 'NONE', #499, .T. ) ;
#782 = ORIENTED_EDGE ( 'NONE', *, *, #831, .F. ) ;
#783 = MANIFOLD_SOLID_BREP ( 'MirrorCase inverted-2-solid1', #2869 ) ;
#784 = ORIENTED_EDGE ( 'NONE', *, *, #3002, .T. ) ;
#785 = EDGE_CURVE ( 'NONE', #3057, #1185, #204, .T. ) ;
#786 = VERTEX_POINT ( 'NONE', #3141 ) ;
#787 = VERTEX_POINT ( 'NONE', #3471 ) ;
#788 = CARTESIAN_POINT ( 'NONE',  ( 57.61378052206963929, 8.202270710758053696, 2.285753854269857666 ) ) ;
#789 = EDGE_CURVE ( 'NONE', #1599, #1927, #726, .T. ) ;
#790 = CARTESIAN_POINT ( 'NONE',  ( 29.21378052206964782, -9.797729289241951633, -18.21424614573016143 ) ) ;
#791 = ORIENTED_EDGE ( 'NONE', *, *, #1343, .T. ) ;
#792 = AXIS2_PLACEMENT_3D ( 'NONE', #3921, #2760, #1120 ) ;
#793 = DIRECTION ( 'NONE',  ( 1.000000000000000000, 0.0000000000000000000, 0.0000000000000000000 ) ) ;
#794 = ORIENTED_EDGE ( 'NONE', *, *, #1555, .T. ) ;
#795 = ORIENTED_EDGE ( 'NONE', *, *, #2848, .F. ) ;
#796 = DIRECTION ( 'NONE',  ( 0.0000000000000000000, 0.0000000000000000000, -1.000000000000000000 ) ) ;
#797 = CARTESIAN_POINT ( 'NONE',  ( 24.11378052206964639, -9.797729289241951633, 47.78575385426984212 ) ) ;
#798 = AXIS2_PLACEMENT_3D ( 'NONE', #3172, #686, #1926 ) ;
#799 = CIRCLE ( 'NONE', #776, 1.399999999999995026 ) ;
#800 = VECTOR ( 'NONE', #1256, 1000.000000000000000 ) ;
#801 = CARTESIAN_POINT ( 'NONE',  ( 30.61378052206964639, -9.797729289241951633, 42.28575385426982791 ) ) ;
#802 = CARTESIAN_POINT ( 'NONE',  ( 6.087672941919285208, -8.405261391093576506, 40.43239699795113040 ) ) ;
#803 = FACE_OUTER_BOUND ( 'NONE', #212, .T. ) ;
#804 = EDGE_CURVE ( 'NONE', #3480, #490, #345, .T. ) ;
#805 = EDGE_LOOP ( 'NONE', ( #329, #3502, #2704, #3888 ) ) ;
#806 = CARTESIAN_POINT ( 'NONE',  ( 56.11378052206963929, -18.29772928924194275, 22.28575385426984568 ) ) ;
#807 = DIRECTION ( 'NONE',  ( 1.000000000000000000, -0.0000000000000000000, 0.0000000000000000000 ) ) ;
#808 = CYLINDRICAL_SURFACE ( 'NONE', #263, 1.399999999999995914 ) ;
#809 = EDGE_LOOP ( 'NONE', ( #1114, #3871, #1136, #2414 ) ) ;
#810 = EDGE_CURVE ( 'NONE', #644, #2689, #1539, .T. ) ;
#811 = CARTESIAN_POINT ( 'NONE',  ( 0.1137805220696452846, 8.202270710758053696, 44.78575385426984212 ) ) ;
#812 = CIRCLE ( 'NONE', #2058, 4.000000000000003553 ) ;
#813 = EDGE_LOOP ( 'NONE', ( #1512, #2444 ) ) ;
#814 = DIRECTION ( 'NONE',  ( 1.000000000000000000, 0.0000000000000000000, 0.0000000000000000000 ) ) ;
#815 = FACE_OUTER_BOUND ( 'NONE', #324, .T. ) ;
#816 = EDGE_CURVE ( 'NONE', #1585, #2106, #1340, .T. ) ;
#817 = ADVANCED_FACE ( 'NONE', ( #3540 ), #1008, .F. ) ;
#818 = CARTESIAN_POINT ( 'NONE',  ( 8.484236446696124645, -22.42840111235793543, 39.77229636592342388 ) ) ;
#819 = CYLINDRICAL_SURFACE ( 'NONE', #3063, 1.449999999999999956 ) ;
#820 = DIRECTION ( 'NONE',  ( 0.0000000000000000000, 0.0000000000000000000, 1.000000000000000000 ) ) ;
#821 = AXIS2_PLACEMENT_3D ( 'NONE', #928, #2211, #970 ) ;
#822 = AXIS2_PLACEMENT_3D ( 'NONE', #2668, #1132, #256 ) ;
#823 = VECTOR ( 'NONE', #2433, 1000.000000000000000 ) ;
#824 = CARTESIAN_POINT ( 'NONE',  ( 40.11378052206964639, -37.79772928924194275, 28.78575385426983857 ) ) ;
#825 = ORIENTED_EDGE ( 'NONE', *, *, #1788, .F. ) ;
#826 = ORIENTED_EDGE ( 'NONE', *, *, #1113, .T. ) ;
#827 = ORIENTED_EDGE ( 'NONE', *, *, #178, .T. ) ;
#828 = CARTESIAN_POINT ( 'NONE',  ( 16.11378052206964639, -37.79772928924194275, 35.78575385426984212 ) ) ;
#829 = ORIENTED_EDGE ( 'NONE', *, *, #768, .F. ) ;
#830 = CARTESIAN_POINT ( 'NONE',  ( 6.257258869992555539, -11.02047972131228271, 31.09159236034092899 ) ) ;
#831 = EDGE_CURVE ( 'NONE', #387, #1048, #53, .T. ) ;
#832 = ORIENTED_EDGE ( 'NONE', *, *, #2565, .F. ) ;
#833 = ORIENTED_EDGE ( 'NONE', *, *, #2223, .F. ) ;
#834 = DIRECTION ( 'NONE',  ( 1.000000000000000000, 0.0000000000000000000, -0.0000000000000000000 ) ) ;
#835 = EDGE_CURVE ( 'NONE', #651, #2088, #2694, .T. ) ;
#836 = VERTEX_POINT ( 'NONE', #2538 ) ;
#837 = DIRECTION ( 'NONE',  ( 0.0000000000000000000, 1.000000000000000000, 0.0000000000000000000 ) ) ;
#838 = ORIENTED_EDGE ( 'NONE', *, *, #41, .F. ) ;
#839 = CIRCLE ( 'NONE', #1514, 3.000000000000002665 ) ;
#840 = VERTEX_POINT ( 'NONE', #998 ) ;
#841 = CARTESIAN_POINT ( 'NONE',  ( 8.512317551205100585, 3.387166760947792454, 31.78901145344830681 ) ) ;
#842 = CIRCLE ( 'NONE', #3392, 1.399999999999998579 ) ;
#843 = VECTOR ( 'NONE', #3072, 1000.000000000000000 ) ;
#844 = CARTESIAN_POINT ( 'NONE',  ( 27.01378052206963076, -16.29772928924195341, 40.78575385426984212 ) ) ;
#845 = VERTEX_POINT ( 'NONE', #1949 ) ;
#846 = DIRECTION ( 'NONE',  ( 0.0000000000000000000, -0.7071067811865430208, -0.7071067811865521247 ) ) ;
#847 = LINE ( 'NONE', #3846, #3124 ) ;
#848 = EDGE_LOOP ( 'NONE', ( #2480, #3695, #2959, #2221 ) ) ;
#849 = EDGE_CURVE ( 'NONE', #1602, #1728, #1733, .T. ) ;
#850 = VECTOR ( 'NONE', #2856, 1000.000000000000000 ) ;
#851 = VERTEX_POINT ( 'NONE', #1960 ) ;
#852 = DIRECTION ( 'NONE',  ( -1.000000000000000000, 0.0000000000000000000, 0.0000000000000000000 ) ) ;
#853 = LINE ( 'NONE', #3026, #385 ) ;
#854 = EDGE_CURVE ( 'NONE', #1601, #1444, #2349, .T. ) ;
#855 = EDGE_LOOP ( 'NONE', ( #3230, #1652, #2281, #3153, #3698, #3802, #2057, #1697 ) ) ;
#856 = PERSON_AND_ORGANIZATION ( #12, #2690 ) ;
#857 = CARTESIAN_POINT ( 'NONE',  ( 8.448991224318962878, 3.656479805799615956, 31.81070810295612361 ) ) ;
#858 = DIRECTION ( 'NONE',  ( 0.0000000000000000000, 0.0000000000000000000, -1.000000000000000000 ) ) ;
#859 = CIRCLE ( 'NONE', #3260, 4.850000000000000533 ) ;
#860 = AXIS2_PLACEMENT_3D ( 'NONE', #3692, #5, #2982 ) ;
#861 = CARTESIAN_POINT ( 'NONE',  ( 6.003958951306247904, 4.064703600610772405, 39.69390726189122631 ) ) ;
#862 = LINE ( 'NONE', #2867, #3979 ) ;
#863 = ORIENTED_EDGE ( 'NONE', *, *, #1238, .F. ) ;
#864 = LINE ( 'NONE', #2490, #399 ) ;
#865 = EDGE_LOOP ( 'NONE', ( #2374, #1616, #3046, #1862 ) ) ;
#866 = CARTESIAN_POINT ( 'NONE',  ( 30.11378052206963929, -27.79772928924194630, 19.43575385426983360 ) ) ;
#867 = ORIENTED_EDGE ( 'NONE', *, *, #2428, .F. ) ;
#868 = CARTESIAN_POINT ( 'NONE',  ( 60.11378052206964639, 8.202270710758053696, 40.78575385426984212 ) ) ;
#869 = EDGE_LOOP ( 'NONE', ( #4004, #2512, #696, #2379, #2199, #2435, #863, #978, #2244 ) ) ;
#870 = ORIENTED_EDGE ( 'NONE', *, *, #2175, .F. ) ;
#871 = DIRECTION ( 'NONE',  ( -1.000000000000000000, 0.0000000000000000000, 0.0000000000000000000 ) ) ;
#872 = DIRECTION ( 'NONE',  ( 0.0000000000000000000, -1.000000000000000000, -0.0000000000000000000 ) ) ;
#873 = CARTESIAN_POINT ( 'NONE',  ( 16.11378052206964639, -27.79772928924194630, 28.78575385426984568 ) ) ;
#874 = ORIENTED_EDGE ( 'NONE', *, *, #201, .T. ) ;
#875 = DIRECTION ( 'NONE',  ( 0.0000000000000000000, 0.0000000000000000000, -1.000000000000000000 ) ) ;
#876 = EDGE_CURVE ( 'NONE', #1313, #3200, #247, .T. ) ;
#877 = EDGE_LOOP ( 'NONE', ( #1450, #479, #2335, #71 ) ) ;
#878 = DIRECTION ( 'NONE',  ( -0.7071067811865474617, -8.659560562354932858E-17, -0.7071067811865476838 ) ) ;
#879 = ADVANCED_FACE ( 'NONE', ( #2986 ), #1974, .F. ) ;
#880 = AXIS2_PLACEMENT_3D ( 'NONE', #1869, #1853, #1824 ) ;
#881 = DIRECTION ( 'NONE',  ( 0.0000000000000000000, 0.0000000000000000000, -1.000000000000000000 ) ) ;
#882 = LINE ( 'NONE', #419, #1171 ) ;
#883 = EDGE_LOOP ( 'NONE', ( #722, #1271, #1789, #3253 ) ) ;
#884 = CARTESIAN_POINT ( 'NONE',  ( 9.613780522069646395, -27.79772928924194986, 4.687677642916519893 ) ) ;
#885 = CARTESIAN_POINT ( 'NONE',  ( 5.766820551084232527, 3.567143905185776287, 39.77009870880847586 ) ) ;
#886 = ADVANCED_FACE ( 'NONE', ( #3240 ), #819, .F. ) ;
#887 = CIRCLE ( 'NONE', #3531, 3.000000000000002665 ) ;
#888 = CIRCLE ( 'NONE', #1724, 1.399999999999995026 ) ;
#889 = CARTESIAN_POINT ( 'NONE',  ( 20.51378052206965918, -9.797729289241951633, 40.78575385426984212 ) ) ;
#890 = AXIS2_PLACEMENT_3D ( 'NONE', #2403, #3650, #2084 ) ;
#891 = CARTESIAN_POINT ( 'NONE',  ( 4.863780522069649948, -9.797729289241948081, -0.2142461457301583772 ) ) ;
#892 = AXIS2_PLACEMENT_3D ( 'NONE', #2803, #1898, #36 ) ;
#893 = CIRCLE ( 'NONE', #3312, 2.899999999999986144 ) ;
#894 = ORIENTED_EDGE ( 'NONE', *, *, #3858, .T. ) ;
#895 = VECTOR ( 'NONE', #2870, 1000.000000000000000 ) ;
#896 = EDGE_LOOP ( 'NONE', ( #1952, #1252, #3359, #3074 ) ) ;
#897 = CARTESIAN_POINT ( 'NONE',  ( 37.11378052206965350, -31.79772928924194630, 28.78575385426984212 ) ) ;
#898 = DIRECTION ( 'NONE',  ( 1.000000000000000000, -0.0000000000000000000, 0.0000000000000000000 ) ) ;
#899 = LINE ( 'NONE', #3861, #103 ) ;
#900 = CARTESIAN_POINT ( 'NONE',  ( 11.11378052206964107, 8.202270710758053696, 7.285753854269841234 ) ) ;
#901 = CARTESIAN_POINT ( 'NONE',  ( 6.415072730014589553, 4.424590634533346112, 39.59513846488401612 ) ) ;
#902 = VERTEX_POINT ( 'NONE', #1016 ) ;
#903 = EDGE_CURVE ( 'NONE', #3487, #933, #1874, .T. ) ;
#904 = CARTESIAN_POINT ( 'NONE',  ( 57.61378052206963929, -1.797729289241947637, 43.73575385426982365 ) ) ;
#905 = CYLINDRICAL_SURFACE ( 'NONE', #3150, 1.449999999999999956 ) ;
#906 = CARTESIAN_POINT ( 'NONE',  ( 9.613780522069646395, -27.79772928924194630, 40.78575385426984212 ) ) ;
#907 = ORIENTED_EDGE ( 'NONE', *, *, #3882, .F. ) ;
#908 = CYLINDRICAL_SURFACE ( 'NONE', #1273, 1.399999999999995914 ) ;
#909 = EDGE_CURVE ( 'NONE', #3984, #371, #859, .T. ) ;
#910 = ADVANCED_FACE ( 'NONE', ( #2068 ), #908, .F. ) ;
#911 = CARTESIAN_POINT ( 'NONE',  ( 4.986835438984186908, -7.947799271293930268, 31.30242262243151785 ) ) ;
#912 = DIRECTION ( 'NONE',  ( 1.000000000000000000, -0.0000000000000000000, 0.0000000000000000000 ) ) ;
#913 = DIRECTION ( 'NONE',  ( 1.000000000000000000, 0.0000000000000000000, 0.0000000000000000000 ) ) ;
#914 = ORIENTED_EDGE ( 'NONE', *, *, #3985, .T. ) ;
#915 = CARTESIAN_POINT ( 'NONE',  ( 40.11378052206963929, -37.79772928924194275, 38.78575385426984212 ) ) ;
#916 = AXIS2_PLACEMENT_3D ( 'NONE', #3197, #88, #433 ) ;
#917 = CARTESIAN_POINT ( 'NONE',  ( 5.794107538414805525, 3.656479805799600413, 39.76079960558354998 ) ) ;
#918 = ORIENTED_EDGE ( 'NONE', *, *, #1013, .T. ) ;
#919 = VERTEX_POINT ( 'NONE', #1691 ) ;
#920 = CARTESIAN_POINT ( 'NONE',  ( 30.61378052206964639, -9.797729289241951633, 3.785753854269845231 ) ) ;
#921 = DIRECTION ( 'NONE',  ( 0.0000000000000000000, -0.0000000000000000000, 1.000000000000000000 ) ) ;
#922 = ORIENTED_EDGE ( 'NONE', *, *, #2144, .T. ) ;
#923 = CARTESIAN_POINT ( 'NONE',  ( 57.61378052206963929, 8.202270710758053696, 43.73575385426982365 ) ) ;
#924 = DIRECTION ( 'NONE',  ( 0.0000000000000000000, 1.000000000000000000, 0.0000000000000000000 ) ) ;
#925 = EDGE_LOOP ( 'NONE', ( #838, #553 ) ) ;
#926 = ORIENTED_EDGE ( 'NONE', *, *, #3980, .T. ) ;
#927 = DIRECTION ( 'NONE',  ( 0.0000000000000000000, 0.0000000000000000000, 1.000000000000000000 ) ) ;
#928 = CARTESIAN_POINT ( 'NONE',  ( 49.11378052206964639, -31.79772928924194630, 7.285753854269841234 ) ) ;
#929 = ORIENTED_EDGE ( 'NONE', *, *, #2585, .T. ) ;
#930 = ADVANCED_FACE ( 'NONE', ( #3838 ), #1822, .F. ) ;
#931 = CARTESIAN_POINT ( 'NONE',  ( 6.756216429200478046, -24.15232998630789041, 32.02205541864598359 ) ) ;
#932 = EDGE_CURVE ( 'NONE', #1927, #1599, #1243, .T. ) ;
#933 = VERTEX_POINT ( 'NONE', #2037 ) ;
#934 = CYLINDRICAL_SURFACE ( 'NONE', #1169, 1.399999999999995914 ) ;
#935 = VERTEX_POINT ( 'NONE', #1070 ) ;
#936 = CARTESIAN_POINT ( 'NONE',  ( 60.11378052206963929, -31.79772928924194630, 28.78575385426983502 ) ) ;
#937 = EDGE_CURVE ( 'NONE', #2042, #3661, #2427, .T. ) ;
#938 = LINE ( 'NONE', #3803, #3470 ) ;
#939 = CARTESIAN_POINT ( 'NONE',  ( 56.11378052206963929, -11.79772928924194630, 15.78575385426984923 ) ) ;
#940 = ORIENTED_EDGE ( 'NONE', *, *, #674, .F. ) ;
#941 = FACE_BOUND ( 'NONE', #1003, .T. ) ;
#942 = ADVANCED_FACE ( 'NONE', ( #2395 ), #775, .F. ) ;
#943 = ORIENTED_EDGE ( 'NONE', *, *, #3112, .F. ) ;
#944 = AXIS2_PLACEMENT_3D ( 'NONE', #2613, #3493, #2043 ) ;
#945 = DIRECTION ( 'NONE',  ( -1.000000000000000000, 0.0000000000000000000, 0.0000000000000000000 ) ) ;
#946 = CIRCLE ( 'NONE', #3313, 1.399999999999995914 ) ;
#947 = EDGE_LOOP ( 'NONE', ( #1180, #2149 ) ) ;
#948 = ADVANCED_FACE ( 'NONE', ( #3975 ), #1928, .F. ) ;
#949 = CARTESIAN_POINT ( 'NONE',  ( 4.863780522069649948, -9.797729289241948081, -0.2142461457301583772 ) ) ;
#950 = EDGE_CURVE ( 'NONE', #3453, #1403, #3390, .T. ) ;
#951 = CIRCLE ( 'NONE', #3495, 1.449999999999999956 ) ;
#952 = DIRECTION ( 'NONE',  ( 0.0000000000000000000, -1.000000000000000000, -0.0000000000000000000 ) ) ;
#953 = EDGE_LOOP ( 'NONE', ( #782, #1263, #3434, #3048 ) ) ;
#954 = DATE_AND_TIME ( #2892, #3481 ) ;
#955 = DIRECTION ( 'NONE',  ( 0.0000000000000000000, 0.0000000000000000000, -1.000000000000000000 ) ) ;
#956 = CARTESIAN_POINT ( 'NONE',  ( 6.701602030077589589, -10.04242439182981173, 40.63106998200368025 ) ) ;
#957 = FACE_OUTER_BOUND ( 'NONE', #2655, .T. ) ;
#958 = EDGE_CURVE ( 'NONE', #1210, #115, #3139, .T. ) ;
#959 = DIRECTION ( 'NONE',  ( 0.0000000000000000000, 0.0000000000000000000, -1.000000000000000000 ) ) ;
#960 = LINE ( 'NONE', #2517, #1489 ) ;
#961 = ORIENTED_EDGE ( 'NONE', *, *, #3135, .F. ) ;
#962 = EDGE_CURVE ( 'NONE', #2131, #3925, #3436, .T. ) ;
#963 = CARTESIAN_POINT ( 'NONE',  ( 6.255701809655715095, -8.573258714075354447, 31.09204955051421493 ) ) ;
#964 = VECTOR ( 'NONE', #1635, 1000.000000000000114 ) ;
#965 = CARTESIAN_POINT ( 'NONE',  ( 60.11378052206964639, -31.29772928924192499, 44.78575385426984212 ) ) ;
#966 = EDGE_LOOP ( 'NONE', ( #3606, #3669, #1335, #3859 ) ) ;
#967 = CARTESIAN_POINT ( 'NONE',  ( 56.11378052206963929, -27.79772928924194986, 40.28575385426984212 ) ) ;
#968 = EDGE_LOOP ( 'NONE', ( #3551, #3363, #1396, #1529 ) ) ;
#969 = VERTEX_POINT ( 'NONE', #2928 ) ;
#970 = DIRECTION ( 'NONE',  ( 0.0000000000000000000, 0.0000000000000000000, 1.000000000000000000 ) ) ;
#971 = AXIS2_PLACEMENT_3D ( 'NONE', #2969, #3279, #2040 ) ;
#972 = ADVANCED_FACE ( 'NONE', ( #1057 ), #905, .F. ) ;
#973 = EDGE_LOOP ( 'NONE', ( #1787, #2172, #2258, #3996 ) ) ;
#974 = CARTESIAN_POINT ( 'NONE',  ( 6.668805421620287888, -24.12569168885008963, 32.01243841560975056 ) ) ;
#975 = VERTEX_POINT ( 'NONE', #516 ) ;
#976 = DIRECTION ( 'NONE',  ( 1.000000000000000000, 0.0000000000000000000, -0.0000000000000000000 ) ) ;
#977 = CARTESIAN_POINT ( 'NONE',  ( 9.613780522069646395, -9.797729289241948081, 30.93575385426983715 ) ) ;
#978 = ORIENTED_EDGE ( 'NONE', *, *, #1244, .T. ) ;
#979 = EDGE_CURVE ( 'NONE', #490, #61, #1103, .T. ) ;
#980 = CARTESIAN_POINT ( 'NONE',  ( 30.11378052206963929, -30.49772928924196691, 18.03575385426984212 ) ) ;
#981 = CARTESIAN_POINT ( 'NONE',  ( 5.108786474064632266, -11.63545189489140519, 40.27417673162143785 ) ) ;
#982 = VECTOR ( 'NONE', #1609, 1000.000000000000114 ) ;
#983 = ORIENTED_EDGE ( 'NONE', *, *, #2321, .F. ) ;
#984 = DIRECTION ( 'NONE',  ( -0.0000000000000000000, -1.000000000000000000, -0.0000000000000000000 ) ) ;
#985 = EDGE_CURVE ( 'NONE', #2103, #1544, #2121, .T. ) ;
#986 = FACE_BOUND ( 'NONE', #2853, .T. ) ;
#987 = VECTOR ( 'NONE', #2601, 1000.000000000000000 ) ;
#988 = ADVANCED_FACE ( 'NONE', ( #111 ), #1192, .F. ) ;
#989 = DIRECTION ( 'NONE',  ( 0.0000000000000000000, 0.0000000000000000000, 1.000000000000000000 ) ) ;
#990 = VECTOR ( 'NONE', #2486, 1000.000000000000000 ) ;
#991 = AXIS2_PLACEMENT_3D ( 'NONE', #393, #144, #738 ) ;
#992 = ORIENTED_EDGE ( 'NONE', *, *, #526, .T. ) ;
#993 = CARTESIAN_POINT ( 'NONE',  ( 24.11378052206964639, -3.297729289241948969, 42.28575385426983502 ) ) ;
#994 = DIRECTION ( 'NONE',  ( -1.000000000000000000, 0.0000000000000000000, 0.0000000000000000000 ) ) ;
#995 = FACE_OUTER_BOUND ( 'NONE', #527, .T. ) ;
#996 = DIRECTION ( 'NONE',  ( 0.0000000000000000000, 0.0000000000000000000, 1.000000000000000000 ) ) ;
#997 = ORIENTED_EDGE ( 'NONE', *, *, #2345, .F. ) ;
#998 = CARTESIAN_POINT ( 'NONE',  ( 57.61378052206963929, 8.202270710758053696, 0.8357538542698578210 ) ) ;
#999 = FACE_BOUND ( 'NONE', #455, .T. ) ;
#1000 = AXIS2_PLACEMENT_3D ( 'NONE', #3687, #305, #1191 ) ;
#1001 = CARTESIAN_POINT ( 'NONE',  ( 7.121549381366887310, -22.79772928924193920, 15.78575385426982791 ) ) ;
#1002 = AXIS2_PLACEMENT_3D ( 'NONE', #264, #1205, #2386 ) ;
#1003 = EDGE_LOOP ( 'NONE', ( #874, #538 ) ) ;
#1004 = FACE_OUTER_BOUND ( 'NONE', #1936, .T. ) ;
#1005 = CARTESIAN_POINT ( 'NONE',  ( 3.013780522069651191, -9.797729289241948081, 30.93575385426983715 ) ) ;
#1006 = EDGE_CURVE ( 'NONE', #2779, #1754, #1534, .T. ) ;
#1007 = DIRECTION ( 'NONE',  ( 0.0000000000000000000, 0.0000000000000000000, -1.000000000000000000 ) ) ;
#1008 = CYLINDRICAL_SURFACE ( 'NONE', #991, 1.399999999999995914 ) ;
#1009 = DIRECTION ( 'NONE',  ( 0.0000000000000000000, -1.000000000000000000, 0.0000000000000000000 ) ) ;
#1010 = CARTESIAN_POINT ( 'NONE',  ( 59.61378052206962508, -31.54772928924193209, 44.53575385426983502 ) ) ;
#1011 = ADVANCED_FACE ( 'NONE', ( #1004 ), #107, .F. ) ;
#1012 = FACE_OUTER_BOUND ( 'NONE', #865, .T. ) ;
#1013 = EDGE_CURVE ( 'NONE', #3845, #579, #1390, .T. ) ;
#1014 = VERTEX_POINT ( 'NONE', #2735 ) ;
#1015 = ORIENTED_EDGE ( 'NONE', *, *, #2763, .T. ) ;
#1016 = CARTESIAN_POINT ( 'NONE',  ( 22.71378052206965137, -16.29772928924195341, 47.78575385426984212 ) ) ;
#1017 = DIRECTION ( 'NONE',  ( 1.000000000000000000, 0.0000000000000000000, 0.0000000000000000000 ) ) ;
#1018 = ORIENTED_EDGE ( 'NONE', *, *, #2075, .T. ) ;
#1019 = ORIENTED_EDGE ( 'NONE', *, *, #1083, .T. ) ;
#1020 = EDGE_CURVE ( 'NONE', #306, #3494, #1295, .T. ) ;
#1021 = DIRECTION ( 'NONE',  ( 1.000000000000000000, 0.0000000000000000000, 0.0000000000000000000 ) ) ;
#1022 = DIRECTION ( 'NONE',  ( 1.000000000000000000, 0.0000000000000000000, 0.0000000000000000000 ) ) ;
#1023 = ORIENTED_EDGE ( 'NONE', *, *, #835, .F. ) ;
#1024 = DIRECTION ( 'NONE',  ( 0.0000000000000000000, -1.000000000000000000, 0.0000000000000000000 ) ) ;
#1025 = DIRECTION ( 'NONE',  ( 0.5773502691896258421, -0.5773502691896258421, 0.5773502691896258421 ) ) ;
#1026 = DIRECTION ( 'NONE',  ( 0.0000000000000000000, -1.000000000000000000, -0.0000000000000000000 ) ) ;
#1027 = ORIENTED_EDGE ( 'NONE', *, *, #1613, .F. ) ;
#1028 = AXIS2_PLACEMENT_3D ( 'NONE', #1526, #2141, #258 ) ;
#1029 = AXIS2_PLACEMENT_3D ( 'NONE', #3948, #2363, #3037 ) ;
#1030 = DIRECTION ( 'NONE',  ( -1.000000000000000000, 0.0000000000000000000, 0.0000000000000000000 ) ) ;
#1031 = DIRECTION ( 'NONE',  ( 0.0000000000000000000, -0.0000000000000000000, 1.000000000000000000 ) ) ;
#1032 = VERTEX_POINT ( 'NONE', #2967 ) ;
#1033 = CARTESIAN_POINT ( 'NONE',  ( 2.613780522069633516, 8.202270710758053696, 42.28575385426981370 ) ) ;
#1034 = EDGE_LOOP ( 'NONE', ( #226, #2338 ) ) ;
#1035 = DIRECTION ( 'NONE',  ( 0.0000000000000000000, -1.000000000000000000, 0.0000000000000000000 ) ) ;
#1036 = DIRECTION ( 'NONE',  ( -3.469446951953613696E-16, 0.0000000000000000000, 1.000000000000000000 ) ) ;
#1037 = LINE ( 'NONE', #1128, #2581 ) ;
#1038 = EDGE_CURVE ( 'NONE', #2126, #2576, #437, .T. ) ;
#1039 = ORIENTED_EDGE ( 'NONE', *, *, #3075, .F. ) ;
#1040 = CARTESIAN_POINT ( 'NONE',  ( 59.61378052206962508, -31.29772928924192499, -0.2142461457301583772 ) ) ;
#1041 = DIRECTION ( 'NONE',  ( -1.000000000000000000, 0.0000000000000000000, 0.0000000000000000000 ) ) ;
#1042 = DIRECTION ( 'NONE',  ( 0.0000000000000000000, 0.0000000000000000000, -1.000000000000000000 ) ) ;
#1043 = CIRCLE ( 'NONE', #3365, 1.449999999999999956 ) ;
#1044 = DIRECTION ( 'NONE',  ( 0.0000000000000000000, 0.0000000000000000000, 1.000000000000000000 ) ) ;
#1045 = EDGE_LOOP ( 'NONE', ( #2564, #3623, #1117, #3962 ) ) ;
#1046 = EDGE_CURVE ( 'NONE', #3480, #2046, #2063, .T. ) ;
#1047 = FACE_OUTER_BOUND ( 'NONE', #2450, .T. ) ;
#1048 = VERTEX_POINT ( 'NONE', #3778 ) ;
#1049 = DIRECTION ( 'NONE',  ( -0.0000000000000000000, -1.000000000000000000, -0.0000000000000000000 ) ) ;
#1050 = CIRCLE ( 'NONE', #2472, 1.849999999999998312 ) ;
#1051 = EDGE_LOOP ( 'NONE', ( #1077, #2666 ) ) ;
#1052 = VECTOR ( 'NONE', #1643, 1000.000000000000114 ) ;
#1053 = ORIENTED_EDGE ( 'NONE', *, *, #2598, .F. ) ;
#1054 = LOCAL_TIME ( 17, 7, 8.000000000000000000, #289 ) ;
#1055 = CARTESIAN_POINT ( 'NONE',  ( 7.983141619238003805, 2.083969259291142517, 31.94297550624254001 ) ) ;
#1056 = DIRECTION ( 'NONE',  ( -0.0000000000000000000, -1.000000000000000000, -0.0000000000000000000 ) ) ;
#1057 = FACE_OUTER_BOUND ( 'NONE', #3378, .T. ) ;
#1058 = CARTESIAN_POINT ( 'NONE',  ( 5.899982252455781229, -22.08962990122029524, 39.72628348426957245 ) ) ;
#1059 = LINE ( 'NONE', #2800, #1778 ) ;
#1060 = CARTESIAN_POINT ( 'NONE',  ( 50.11378052206963929, -11.79772928924194630, 14.38575385426985065 ) ) ;
#1061 = EDGE_CURVE ( 'NONE', #1032, #2675, #3834, .T. ) ;
#1062 = ORIENTED_EDGE ( 'NONE', *, *, #2015, .T. ) ;
#1063 = CARTESIAN_POINT ( 'NONE',  ( 24.11378052206964639, -3.297729289241948969, 47.78575385426984212 ) ) ;
#1064 = VECTOR ( 'NONE', #1258, 1000.000000000000000 ) ;
#1065 = DIRECTION ( 'NONE',  ( -1.000000000000000000, 0.0000000000000000000, 0.0000000000000000000 ) ) ;
#1066 = ORIENTED_EDGE ( 'NONE', *, *, #435, .F. ) ;
#1067 = DIRECTION ( 'NONE',  ( -0.0000000000000000000, -1.000000000000000000, -0.0000000000000000000 ) ) ;
#1068 = EDGE_CURVE ( 'NONE', #2126, #836, #391, .T. ) ;
#1069 = ORIENTED_EDGE ( 'NONE', *, *, #1757, .F. ) ;
#1070 = CARTESIAN_POINT ( 'NONE',  ( 37.11378052206965350, -27.79772928924194630, 28.78575385426983857 ) ) ;
#1071 = CARTESIAN_POINT ( 'NONE',  ( 6.668654622013183264, -21.46979558558927437, 32.01242670033052207 ) ) ;
#1072 = VERTEX_POINT ( 'NONE', #376 ) ;
#1073 = AXIS2_PLACEMENT_3D ( 'NONE', #3753, #366, #2509 ) ;
#1074 = CARTESIAN_POINT ( 'NONE',  ( 16.11378052206964639, -37.79772928924194275, 31.78575385426984923 ) ) ;
#1075 = APPLICATION_PROTOCOL_DEFINITION ( 'international standard', 'config_control_design', 1994, #1377 ) ;
#1076 = DIRECTION ( 'NONE',  ( 0.0000000000000000000, 0.0000000000000000000, -1.000000000000000000 ) ) ;
#1077 = ORIENTED_EDGE ( 'NONE', *, *, #2479, .F. ) ;
#1078 = CARTESIAN_POINT ( 'NONE',  ( 60.11378052206964639, -27.79772928924194630, 44.78575385426984212 ) ) ;
#1079 = ORIENTED_EDGE ( 'NONE', *, *, #3112, .T. ) ;
#1080 = CARTESIAN_POINT ( 'NONE',  ( 6.067263877117595960, 2.276609690365774430, 31.89376147720046717 ) ) ;
#1081 = CIRCLE ( 'NONE', #692, 1.849999999999998312 ) ;
#1082 = EDGE_LOOP ( 'NONE', ( #2899, #3204, #2633, #3282, #2993, #3902, #1465, #3849 ) ) ;
#1083 = EDGE_CURVE ( 'NONE', #2126, #3845, #3284, .T. ) ;
#1084 = CIRCLE ( 'NONE', #3041, 1.399999999999996803 ) ;
#1085 = FACE_OUTER_BOUND ( 'NONE', #1720, .T. ) ;
#1086 = EDGE_CURVE ( 'NONE', #1737, #1601, #2448, .T. ) ;
#1087 = LINE ( 'NONE', #2429, #3572 ) ;
#1088 = DIRECTION ( 'NONE',  ( -1.000000000000000000, 0.0000000000000000000, 0.0000000000000000000 ) ) ;
#1089 = ORIENTED_EDGE ( 'NONE', *, *, #1317, .F. ) ;
#1090 = DIRECTION ( 'NONE',  ( 0.0000000000000000000, 0.0000000000000000000, -1.000000000000000000 ) ) ;
#1091 = LINE ( 'NONE', #646, #282 ) ;
#1092 = DIRECTION ( 'NONE',  ( -0.7071067811865475727, -0.7071067811865475727, 0.0000000000000000000 ) ) ;
#1093 = AXIS2_PLACEMENT_3D ( 'NONE', #48, #3758, #2838 ) ;
#1094 = EDGE_LOOP ( 'NONE', ( #3745, #1779, #3561, #615 ) ) ;
#1095 = ADVANCED_FACE ( 'NONE', ( #2159 ), #1873, .T. ) ;
#1096 = CYLINDRICAL_SURFACE ( 'NONE', #2334, 3.000000000000002665 ) ;
#1097 = ORIENTED_EDGE ( 'NONE', *, *, #645, .F. ) ;
#1098 = APPROVAL_DATE_TIME ( #2300, #2941 ) ;
#1099 = APPROVAL_ROLE ( '' ) ;
#1100 = VECTOR ( 'NONE', #1857, 1000.000000000000000 ) ;
#1101 = AXIS2_PLACEMENT_3D ( 'NONE', #2618, #2705, #2991 ) ;
#1102 = ORIENTED_EDGE ( 'NONE', *, *, #652, .F. ) ;
#1103 = CIRCLE ( 'NONE', #2232, 3.000000000000002665 ) ;
#1104 = CARTESIAN_POINT ( 'NONE',  ( 8.448991224318973536, -22.34352019420039070, 31.81070810295612361 ) ) ;
#1105 = DIRECTION ( 'NONE',  ( 0.0000000000000000000, 0.0000000000000000000, 1.000000000000000000 ) ) ;
#1106 = FACE_OUTER_BOUND ( 'NONE', #3958, .T. ) ;
#1107 = VERTEX_POINT ( 'NONE', #3137 ) ;
#1108 = EDGE_LOOP ( 'NONE', ( #2124, #496, #3091, #3651 ) ) ;
#1109 = DIRECTION ( 'NONE',  ( -0.0000000000000000000, -0.0000000000000000000, -1.000000000000000000 ) ) ;
#1110 = PERSON_AND_ORGANIZATION_ROLE ( 'creator' ) ;
#1111 = CARTESIAN_POINT ( 'NONE',  ( 3.025959014061710306, -10.04242439182981173, 30.94043772653600044 ) ) ;
#1112 = VERTEX_POINT ( 'NONE', #2194 ) ;
#1113 = EDGE_CURVE ( 'NONE', #3206, #2576, #2552, .T. ) ;
#1114 = ORIENTED_EDGE ( 'NONE', *, *, #429, .F. ) ;
#1115 = ADVANCED_FACE ( 'NONE', ( #3786 ), #2835, .F. ) ;
#1116 = CARTESIAN_POINT ( 'NONE',  ( 5.721549381366891396, -22.79772928924194630, 31.78575385426983502 ) ) ;
#1117 = ORIENTED_EDGE ( 'NONE', *, *, #2921, .F. ) ;
#1118 = DIRECTION ( 'NONE',  ( 0.0000000000000000000, 0.0000000000000000000, -1.000000000000000000 ) ) ;
#1119 = EDGE_CURVE ( 'NONE', #223, #2279, #2212, .T. ) ;
#1120 = DIRECTION ( 'NONE',  ( 0.0000000000000000000, 0.0000000000000000000, -1.000000000000000000 ) ) ;
#1121 = CARTESIAN_POINT ( 'NONE',  ( 7.982894760893432640, -21.67930048237440843, 31.94302428390307469 ) ) ;
#1122 = EDGE_LOOP ( 'NONE', ( #3936, #655 ) ) ;
#1123 = DIRECTION ( 'NONE',  ( 1.000000000000000000, -0.0000000000000000000, 0.0000000000000000000 ) ) ;
#1124 = ORIENTED_EDGE ( 'NONE', *, *, #402, .F. ) ;
#1125 = CARTESIAN_POINT ( 'NONE',  ( 3.471049682169589090, -11.02143177147991260, 31.09182815590384408 ) ) ;
#1126 = ORIENTED_EDGE ( 'NONE', *, *, #1663, .T. ) ;
#1127 = CARTESIAN_POINT ( 'NONE',  ( 49.11378052206964639, -27.79772928924194630, 7.285753854269841234 ) ) ;
#1128 = CARTESIAN_POINT ( 'NONE',  ( 13.11378052206964284, -37.79772928924194275, 35.78575385426984212 ) ) ;
#1129 = CYLINDRICAL_SURFACE ( 'NONE', #3967, 1.399999999999998579 ) ;
#1130 = ORIENTED_EDGE ( 'NONE', *, *, #1475, .F. ) ;
#1131 = CARTESIAN_POINT ( 'NONE',  ( 7.829085418393388451, 1.980289668454541907, 39.59525992066019029 ) ) ;
#1132 = DIRECTION ( 'NONE',  ( 0.0000000000000000000, 0.0000000000000000000, 1.000000000000000000 ) ) ;
#1133 = LINE ( 'NONE', #3327, #233 ) ;
#1134 = DIRECTION ( 'NONE',  ( -1.000000000000000000, 0.0000000000000000000, 0.0000000000000000000 ) ) ;
#1135 = LINE ( 'NONE', #3214, #331 ) ;
#1136 = ORIENTED_EDGE ( 'NONE', *, *, #3809, .T. ) ;
#1137 = EDGE_CURVE ( 'NONE', #2845, #2234, #3486, .T. ) ;
#1138 = CARTESIAN_POINT ( 'NONE',  ( 17.61378052206964639, -9.797729289241951633, 3.785753854269845231 ) ) ;
#1139 = CYLINDRICAL_SURFACE ( 'NONE', #822, 1.399999999999995914 ) ;
#1140 = ORIENTED_EDGE ( 'NONE', *, *, #1259, .F. ) ;
#1141 = CARTESIAN_POINT ( 'NONE',  ( 0.1137805220696452846, -31.79772928924194630, 0.2857538542698628836 ) ) ;
#1142 = VECTOR ( 'NONE', #2578, 1000.000000000000000 ) ;
#1143 = ORIENTED_EDGE ( 'NONE', *, *, #302, .T. ) ;
#1144 = PERSON_AND_ORGANIZATION ( #12, #2690 ) ;
#1145 = CARTESIAN_POINT ( 'NONE',  ( 8.521549381366883225, -22.79772928924193920, 15.78575385426982791 ) ) ;
#1146 = LINE ( 'NONE', #11, #2499 ) ;
#1147 = DIRECTION ( 'NONE',  ( 0.0000000000000000000, -1.000000000000000000, 0.0000000000000000000 ) ) ;
#1148 = PRODUCT_DEFINITION ( 'UNKNOWN', '', #2807, #497 ) ;
#1149 = AXIS2_PLACEMENT_3D ( 'NONE', #1981, #3231, #3193 ) ;
#1150 = CIRCLE ( 'NONE', #2127, 3.000000000000002665 ) ;
#1151 = ADVANCED_FACE ( 'NONE', ( #292 ), #1970, .F. ) ;
#1152 = CARTESIAN_POINT ( 'NONE',  ( 16.21378052206965137, -9.797729289241951633, 47.78575385426984212 ) ) ;
#1153 = ORIENTED_EDGE ( 'NONE', *, *, #2484, .F. ) ;
#1154 = FACE_OUTER_BOUND ( 'NONE', #49, .T. ) ;
#1155 = EDGE_CURVE ( 'NONE', #2576, #3206, #577, .T. ) ;
#1156 = ORIENTED_EDGE ( 'NONE', *, *, #3410, .T. ) ;
#1157 = DIRECTION ( 'NONE',  ( 0.0000000000000000000, 0.0000000000000000000, -1.000000000000000000 ) ) ;
#1158 = VERTEX_POINT ( 'NONE', #2493 ) ;
#1159 = CARTESIAN_POINT ( 'NONE',  ( 3.261156828330646462, -10.72966000396393937, 31.02503998801500273 ) ) ;
#1160 = EDGE_CURVE ( 'NONE', #432, #3099, #1640, .T. ) ;
#1161 = ORIENTED_EDGE ( 'NONE', *, *, #3410, .F. ) ;
#1162 = CARTESIAN_POINT ( 'NONE',  ( 6.412991714713748514, 4.423758480002613958, 31.97608319168019619 ) ) ;
#1163 = CARTESIAN_POINT ( 'NONE',  ( 8.378755716141984777, -23.42047638910128882, 39.73790018764638177 ) ) ;
#1164 = EDGE_CURVE ( 'NONE', #3267, #2279, #721, .T. ) ;
#1165 = EDGE_LOOP ( 'NONE', ( #2032, #1610, #1968, #1896 ) ) ;
#1166 = DIRECTION ( 'NONE',  ( -1.000000000000000000, 0.0000000000000000000, 0.0000000000000000000 ) ) ;
#1167 = VERTEX_POINT ( 'NONE', #1638 ) ;
#1168 = ADVANCED_FACE ( 'NONE', ( #815 ), #2111, .F. ) ;
#1169 = AXIS2_PLACEMENT_3D ( 'NONE', #1330, #1026, #3467 ) ;
#1170 = DIRECTION ( 'NONE',  ( 1.000000000000000000, 0.0000000000000000000, 0.0000000000000000000 ) ) ;
#1171 = VECTOR ( 'NONE', #720, 1000.000000000000114 ) ;
#1172 = AXIS2_PLACEMENT_3D ( 'NONE', #350, #3792, #2775 ) ;
#1173 = EDGE_LOOP ( 'NONE', ( #2418, #3869, #3011, #707 ) ) ;
#1174 = CARTESIAN_POINT ( 'NONE',  ( 7.982894760893421982, 4.320699517625582686, 31.94302428390306758 ) ) ;
#1175 = FACE_OUTER_BOUND ( 'NONE', #848, .T. ) ;
#1176 = CIRCLE ( 'NONE', #1409, 1.399999999999998579 ) ;
#1177 = DIRECTION ( 'NONE',  ( 0.0000000000000000000, 0.0000000000000000000, 1.000000000000000000 ) ) ;
#1178 = CARTESIAN_POINT ( 'NONE',  ( 50.11378052206963929, -11.79772928924194630, 28.78575385426983857 ) ) ;
#1179 = LINE ( 'NONE', #2415, #1759 ) ;
#1180 = ORIENTED_EDGE ( 'NONE', *, *, #3199, .T. ) ;
#1181 = DIRECTION ( 'NONE',  ( 0.0000000000000000000, 0.0000000000000000000, -1.000000000000000000 ) ) ;
#1182 = EDGE_CURVE ( 'NONE', #3382, #262, #3082, .T. ) ;
#1183 = CYLINDRICAL_SURFACE ( 'NONE', #2755, 1.400000000000001910 ) ;
#1184 = DIRECTION ( 'NONE',  ( 0.0000000000000000000, 0.0000000000000000000, -1.000000000000000000 ) ) ;
#1185 = VERTEX_POINT ( 'NONE', #3832 ) ;
#1186 = LINE ( 'NONE', #118, #2206 ) ;
#1187 = EDGE_CURVE ( 'NONE', #836, #3206, #481, .T. ) ;
#1188 = VERTEX_POINT ( 'NONE', #719 ) ;
#1189 = ADVANCED_FACE ( 'NONE', ( #2784 ), #431, .T. ) ;
#1190 = CARTESIAN_POINT ( 'NONE',  ( 5.908010945516712908, 3.906270638395942907, 31.84743820900809297 ) ) ;
#1191 = DIRECTION ( 'NONE',  ( -0.7071067811865475727, 0.0000000000000000000, -0.7071067811865475727 ) ) ;
#1192 = CYLINDRICAL_SURFACE ( 'NONE', #860, 1.449999999999999956 ) ;
#1193 = CARTESIAN_POINT ( 'NONE',  ( 7.121549381366887310, -22.79772928924193920, 43.28575385426984212 ) ) ;
#1194 = VERTEX_POINT ( 'NONE', #734 ) ;
#1195 = DIRECTION ( 'NONE',  ( -1.000000000000000000, 0.0000000000000000000, 0.0000000000000000000 ) ) ;
#1196 = AXIS2_PLACEMENT_3D ( 'NONE', #2356, #807, #3311 ) ;
#1197 = CARTESIAN_POINT ( 'NONE',  ( 6.936718260242384027, 1.802313760392276309, 39.53276873804477987 ) ) ;
#1198 = DIRECTION ( 'NONE',  ( 1.000000000000000000, 0.0000000000000000000, -0.0000000000000000000 ) ) ;
#1199 = LINE ( 'NONE', #474, #162 ) ;
#1200 = CARTESIAN_POINT ( 'NONE',  ( 16.11378052206964639, -31.79772928924194630, 35.78575385426984212 ) ) ;
#1201 = VECTOR ( 'NONE', #2475, 1000.000000000000000 ) ;
#1202 = ORIENTED_EDGE ( 'NONE', *, *, #2095, .T. ) ;
#1203 = ORIENTED_EDGE ( 'NONE', *, *, #3667, .F. ) ;
#1204 = AXIS2_PLACEMENT_3D ( 'NONE', #3369, #3701, #1838 ) ;
#1205 = DIRECTION ( 'NONE',  ( 0.0000000000000000000, -1.000000000000000000, 0.0000000000000000000 ) ) ;
#1206 = ORIENTED_EDGE ( 'NONE', *, *, #3248, .T. ) ;
#1207 = PLANE ( 'NONE',  #1000 ) ;
#1208 = EDGE_LOOP ( 'NONE', ( #3326, #3510, #2202, #1935 ) ) ;
#1209 = CARTESIAN_POINT ( 'NONE',  ( 13.11378052206964284, -31.79772928924194630, 44.78575385426984212 ) ) ;
#1210 = VERTEX_POINT ( 'NONE', #113 ) ;
#1211 = DIRECTION ( 'NONE',  ( -1.000000000000000000, 0.0000000000000000000, -3.212450881438531748E-17 ) ) ;
#1212 = CARTESIAN_POINT ( 'NONE',  ( 6.008721019851138934, 2.347942419109176893, 39.69421322261894147 ) ) ;
#1213 = PLANE ( 'NONE',  #1028 ) ;
#1214 = ADVANCED_FACE ( 'NONE', ( #2016 ), #1435, .F. ) ;
#1215 = EDGE_LOOP ( 'NONE', ( #1565, #2439, #3418, #2171 ) ) ;
#1216 = EDGE_CURVE ( 'NONE', #2093, #2543, #3923, .T. ) ;
#1217 = ORIENTED_EDGE ( 'NONE', *, *, #3144, .F. ) ;
#1218 = CARTESIAN_POINT ( 'NONE',  ( 4.742838889609767072, -7.947659910699634622, 31.30248012849062889 ) ) ;
#1219 = DIRECTION ( 'NONE',  ( -0.0000000000000000000, -0.0000000000000000000, -1.000000000000000000 ) ) ;
#1220 = AXIS2_PLACEMENT_3D ( 'NONE', #1178, #3356, #2390 ) ;
#1221 = CARTESIAN_POINT ( 'NONE',  ( 9.613780522069646395, 8.202270710758053696, 40.78575385426984212 ) ) ;
#1222 = ORIENTED_EDGE ( 'NONE', *, *, #3520, .T. ) ;
#1223 = DIRECTION ( 'NONE',  ( 0.0000000000000000000, 0.0000000000000000000, -1.000000000000000000 ) ) ;
#1224 = DIRECTION ( 'NONE',  ( 0.0000000000000000000, -1.000000000000000000, 0.0000000000000000000 ) ) ;
#1225 = VECTOR ( 'NONE', #3262, 1000.000000000000000 ) ;
#1226 = ORIENTED_EDGE ( 'NONE', *, *, #3352, .F. ) ;
#1227 = ADVANCED_FACE ( 'NONE', ( #2645 ), #407, .T. ) ;
#1228 = CARTESIAN_POINT ( 'NONE',  ( 60.11378052206964639, 8.202270710758053696, 40.78575385426984212 ) ) ;
#1229 = CARTESIAN_POINT ( 'NONE',  ( 60.11378052206964639, -31.79772928924194630, 44.28575385426982081 ) ) ;
#1230 = AXIS2_PLACEMENT_3D ( 'NONE', #381, #1554, #3158 ) ;
#1231 = CIRCLE ( 'NONE', #1596, 1.449999999999999956 ) ;
#1232 = ADVANCED_FACE ( 'NONE', ( #2346, #3680, #2256, #4027, #1818, #621 ), #689, .F. ) ;
#1233 = VERTEX_POINT ( 'NONE', #128 ) ;
#1234 = DIRECTION ( 'NONE',  ( 0.0000000000000000000, 0.0000000000000000000, -1.000000000000000000 ) ) ;
#1235 = LINE ( 'NONE', #1575, #3670 ) ;
#1236 = CARTESIAN_POINT ( 'NONE',  ( 6.256511361969709917, -11.02143177147991082, 40.47967955263583661 ) ) ;
#1237 = ORIENTED_EDGE ( 'NONE', *, *, #2950, .T. ) ;
#1238 = EDGE_CURVE ( 'NONE', #3779, #75, #3586, .T. ) ;
#1239 = LINE ( 'NONE', #2857, #525 ) ;
#1240 = PLANE ( 'NONE',  #1906 ) ;
#1241 = ORIENTED_EDGE ( 'NONE', *, *, #2278, .F. ) ;
#1242 = APPROVAL_PERSON_ORGANIZATION ( #856, #2941, #1099 ) ;
#1243 = CIRCLE ( 'NONE', #2027, 3.000000000000002665 ) ;
#1244 = EDGE_CURVE ( 'NONE', #3779, #2046, #1239, .T. ) ;
#1245 = CARTESIAN_POINT ( 'NONE',  ( 30.11378052206963929, -30.49772928924196691, 18.03575385426984212 ) ) ;
#1246 = DIRECTION ( 'NONE',  ( 1.000000000000000000, 0.0000000000000000000, 0.0000000000000000000 ) ) ;
#1247 = FACE_OUTER_BOUND ( 'NONE', #3140, .T. ) ;
#1248 = ORIENTED_EDGE ( 'NONE', *, *, #3618, .F. ) ;
#1249 = CARTESIAN_POINT ( 'NONE',  ( 16.21378052206965137, -9.797729289241951633, 42.28575385426986344 ) ) ;
#1250 = ADVANCED_FACE ( 'NONE', ( #341 ), #2550, .F. ) ;
#1251 = ORIENTED_EDGE ( 'NONE', *, *, #1859, .F. ) ;
#1252 = ORIENTED_EDGE ( 'NONE', *, *, #3549, .T. ) ;
#1253 = CARTESIAN_POINT ( 'NONE',  ( 30.61378052206964639, -9.797729289241951633, 3.785753854269845231 ) ) ;
#1254 = ORIENTED_EDGE ( 'NONE', *, *, #4005, .T. ) ;
#1255 = CARTESIAN_POINT ( 'NONE',  ( 6.713780522069646928, -9.797729289241948081, 30.93575385426983715 ) ) ;
#1256 = DIRECTION ( 'NONE',  ( 0.0000000000000000000, -1.000000000000000000, 0.0000000000000000000 ) ) ;
#1257 = ORIENTED_EDGE ( 'NONE', *, *, #2945, .F. ) ;
#1258 = DIRECTION ( 'NONE',  ( -1.000000000000000000, 0.0000000000000000000, 0.0000000000000000000 ) ) ;
#1259 = EDGE_CURVE ( 'NONE', #2106, #840, #3385, .T. ) ;
#1260 = DIRECTION ( 'NONE',  ( -1.000000000000000000, 0.0000000000000000000, 0.0000000000000000000 ) ) ;
#1261 = CARTESIAN_POINT ( 'NONE',  ( 24.11378052206964639, -3.297729289241948969, 40.78575385426984212 ) ) ;
#1262 = DIRECTION ( 'NONE',  ( 0.0000000000000000000, 0.0000000000000000000, -1.000000000000000000 ) ) ;
#1263 = ORIENTED_EDGE ( 'NONE', *, *, #429, .T. ) ;
#1264 = CARTESIAN_POINT ( 'NONE',  ( 13.11378052206964284, -27.79772928924194630, 28.78575385426984568 ) ) ;
#1265 = CARTESIAN_POINT ( 'NONE',  ( 5.758751559219058791, -23.16692973652838816, 31.79917770512337327 ) ) ;
#1266 = EDGE_CURVE ( 'NONE', #2824, #2568, #2983, .T. ) ;
#1267 = ORIENTED_EDGE ( 'NONE', *, *, #1668, .T. ) ;
#1268 = ADVANCED_FACE ( 'NONE', ( #2888 ), #2688, .F. ) ;
#1269 = CARTESIAN_POINT ( 'NONE',  ( 6.713780522069649592, -9.674233088919393708, 30.93575385426984425 ) ) ;
#1270 = FACE_BOUND ( 'NONE', #260, .T. ) ;
#1271 = ORIENTED_EDGE ( 'NONE', *, *, #1259, .T. ) ;
#1272 = PLANE ( 'NONE',  #2384 ) ;
#1273 = AXIS2_PLACEMENT_3D ( 'NONE', #2301, #3220, #1370 ) ;
#1274 = VECTOR ( 'NONE', #2262, 1000.000000000000000 ) ;
#1275 = LINE ( 'NONE', #1060, #2425 ) ;
#1276 = DIRECTION ( 'NONE',  ( 1.000000000000000000, 0.0000000000000000000, -0.0000000000000000000 ) ) ;
#1277 = DIRECTION ( 'NONE',  ( 0.0000000000000000000, 0.0000000000000000000, -1.000000000000000000 ) ) ;
#1278 = CIRCLE ( 'NONE', #1821, 1.399999999999991473 ) ;
#1279 = DIRECTION ( 'NONE',  ( -1.000000000000000000, 0.0000000000000000000, 0.0000000000000000000 ) ) ;
#1280 = ORIENTED_EDGE ( 'NONE', *, *, #173, .T. ) ;
#1281 = AXIS2_PLACEMENT_3D ( 'NONE', #64, #989, #3148 ) ;
#1282 = CARTESIAN_POINT ( 'NONE',  ( 8.449183975597721385, -23.25140216153428696, 31.81064393389132405 ) ) ;
#1283 = AXIS2_PLACEMENT_3D ( 'NONE', #3837, #1031, #424 ) ;
#1284 = VECTOR ( 'NONE', #1234, 1000.000000000000000 ) ;
#1285 = ORIENTED_EDGE ( 'NONE', *, *, #3248, .F. ) ;
#1286 = DIRECTION ( 'NONE',  ( 0.0000000000000000000, 1.000000000000000000, 0.0000000000000000000 ) ) ;
#1287 = CARTESIAN_POINT ( 'NONE',  ( 17.61378052206964639, -9.797729289241951633, 40.78575385426984212 ) ) ;
#1288 = FACE_BOUND ( 'NONE', #2504, .T. ) ;
#1289 = CARTESIAN_POINT ( 'NONE',  ( 33.61378052206964639, -9.797729289241951633, 9.785753854269843899 ) ) ;
#1290 = VERTEX_POINT ( 'NONE', #1459 ) ;
#1291 = APPROVAL_DATE_TIME ( #954, #394 ) ;
#1292 = CARTESIAN_POINT ( 'NONE',  ( 24.11378052206964639, -3.297729289241948969, 3.785753854269845231 ) ) ;
#1293 = DIRECTION ( 'NONE',  ( 0.0000000000000000000, -0.0000000000000000000, 1.000000000000000000 ) ) ;
#1294 = CARTESIAN_POINT ( 'NONE',  ( 10.11378052206964639, 8.202270710758053696, 3.785753854269845231 ) ) ;
#1295 = CIRCLE ( 'NONE', #86, 1.399999999999998579 ) ;
#1296 = ADVANCED_FACE ( 'NONE', ( #3187 ), #1446, .T. ) ;
#1297 = EDGE_CURVE ( 'NONE', #1158, #3720, #2768, .T. ) ;
#1298 = ORIENTED_EDGE ( 'NONE', *, *, #1468, .T. ) ;
#1299 = CARTESIAN_POINT ( 'NONE',  ( 2.613780522069647283, -1.797729289241947637, 2.285753854269851004 ) ) ;
#1300 = CARTESIAN_POINT ( 'NONE',  ( 60.11378052206964639, 8.202270710758053696, -0.2142461457301583772 ) ) ;
#1301 = CONICAL_SURFACE ( 'NONE', #2052, 1.399999999999998579, 0.7853981633974481680 ) ;
#1302 = CARTESIAN_POINT ( 'NONE',  ( 30.61378052206964639, -9.797729289241951633, 40.78575385426984212 ) ) ;
#1303 = FACE_OUTER_BOUND ( 'NONE', #3330, .T. ) ;
#1304 = ORIENTED_EDGE ( 'NONE', *, *, #1155, .T. ) ;
#1305 = DIRECTION ( 'NONE',  ( 3.469446951953613696E-16, 0.0000000000000000000, -1.000000000000000000 ) ) ;
#1306 = EDGE_LOOP ( 'NONE', ( #3935, #3115 ) ) ;
#1307 = CARTESIAN_POINT ( 'NONE',  ( 7.121549381366887310, 3.202270710758043037, 15.78575385426982791 ) ) ;
#1308 = ORIENTED_EDGE ( 'NONE', *, *, #2822, .T. ) ;
#1309 = AXIS2_PLACEMENT_3D ( 'NONE', #3022, #1198, #311 ) ;
#1310 = ORIENTED_EDGE ( 'NONE', *, *, #2045, .T. ) ;
#1311 = CARTESIAN_POINT ( 'NONE',  ( 55.61378052206963929, 8.202270710758053696, 40.28575385426984212 ) ) ;
#1312 = DIRECTION ( 'NONE',  ( 0.0000000000000000000, 0.0000000000000000000, -1.000000000000000000 ) ) ;
#1313 = VERTEX_POINT ( 'NONE', #224 ) ;
#1314 = ADVANCED_FACE ( 'NONE', ( #3731 ), #3033, .F. ) ;
#1315 = CARTESIAN_POINT ( 'NONE',  ( 55.61378052206963929, 8.202270710758053696, 40.28575385426984212 ) ) ;
#1316 = ORIENTED_EDGE ( 'NONE', *, *, #14, .T. ) ;
#1317 = EDGE_CURVE ( 'NONE', #1014, #3720, #200, .T. ) ;
#1318 = CARTESIAN_POINT ( 'NONE',  ( 0.6137805220696666009, -31.79772928924194630, 0.2857538542698628836 ) ) ;
#1319 = CARTESIAN_POINT ( 'NONE',  ( 60.11378052206964639, -31.29772928924192499, 44.28575385426982081 ) ) ;
#1320 = ORIENTED_EDGE ( 'NONE', *, *, #1633, .F. ) ;
#1321 = CARTESIAN_POINT ( 'NONE',  ( 25.11378052206964639, -9.797729289241948081, 35.78575385426984212 ) ) ;
#1322 = CARTESIAN_POINT ( 'NONE',  ( 59.86378052206963218, -31.54772928924193209, 0.2857538542698628836 ) ) ;
#1323 = EDGE_CURVE ( 'NONE', #3200, #2088, #3536, .T. ) ;
#1324 = CYLINDRICAL_SURFACE ( 'NONE', #3259, 1.399999999999995026 ) ;
#1325 = LINE ( 'NONE', #2205, #3868 ) ;
#1326 = DIRECTION ( 'NONE',  ( 0.0000000000000000000, 1.000000000000000000, 0.0000000000000000000 ) ) ;
#1327 = CIRCLE ( 'NONE', #1628, 1.400000000000001910 ) ;
#1328 = DIRECTION ( 'NONE',  ( 1.000000000000000000, 0.0000000000000000000, -0.0000000000000000000 ) ) ;
#1329 = VECTOR ( 'NONE', #2031, 1000.000000000000000 ) ;
#1330 = CARTESIAN_POINT ( 'NONE',  ( 11.11378052206964107, -23.79772928924194630, 7.285753854269841234 ) ) ;
#1331 = VERTEX_POINT ( 'NONE', #2381 ) ;
#1332 = FACE_OUTER_BOUND ( 'NONE', #2930, .T. ) ;
#1333 = AXIS2_PLACEMENT_3D ( 'NONE', #3060, #1522, #2729 ) ;
#1334 = CARTESIAN_POINT ( 'NONE',  ( 0.1137805220696452846, -22.79772928924194630, 35.78575385426984212 ) ) ;
#1335 = ORIENTED_EDGE ( 'NONE', *, *, #1944, .T. ) ;
#1336 = VECTOR ( 'NONE', #2960, 1000.000000000000000 ) ;
#1337 = ORIENTED_EDGE ( 'NONE', *, *, #96, .F. ) ;
#1338 = LOCAL_TIME ( 17, 7, 8.000000000000000000, #3785 ) ;
#1339 = CARTESIAN_POINT ( 'NONE',  ( 30.61378052206964639, -9.797729289241951633, -0.2142461457301583772 ) ) ;
#1340 = CIRCLE ( 'NONE', #916, 1.449999999999999956 ) ;
#1341 = CARTESIAN_POINT ( 'NONE',  ( 7.121549381366887310, -22.79772928924193920, 15.78575385426982791 ) ) ;
#1342 = CYLINDRICAL_SURFACE ( 'NONE', #3034, 1.399999999999995914 ) ;
#1343 = EDGE_CURVE ( 'NONE', #115, #587, #669, .T. ) ;
#1344 = EDGE_LOOP ( 'NONE', ( #152, #2128, #1912, #524 ) ) ;
#1345 = CARTESIAN_POINT ( 'NONE',  ( 59.61378052206962508, -31.79772928924194630, 0.2857538542698628836 ) ) ;
#1346 = ORIENTED_EDGE ( 'NONE', *, *, #3783, .T. ) ;
#1347 = ORIENTED_EDGE ( 'NONE', *, *, #453, .T. ) ;
#1348 = AXIS2_PLACEMENT_3D ( 'NONE', #1483, #3710, #1501 ) ;
#1349 = CARTESIAN_POINT ( 'NONE',  ( 2.613780522069633516, 8.202270710758053696, 40.83575385426981796 ) ) ;
#1350 = CARTESIAN_POINT ( 'NONE',  ( 9.613780522069646395, -9.797729289241948081, 40.63575385426983644 ) ) ;
#1351 = ORIENTED_EDGE ( 'NONE', *, *, #3514, .F. ) ;
#1352 = DIRECTION ( 'NONE',  ( 0.0000000000000000000, 0.0000000000000000000, -1.000000000000000000 ) ) ;
#1353 = PLANE ( 'NONE',  #2385 ) ;
#1354 = ORIENTED_EDGE ( 'NONE', *, *, #2787, .F. ) ;
#1355 = DIRECTION ( 'NONE',  ( 0.0000000000000000000, 0.0000000000000000000, -1.000000000000000000 ) ) ;
#1356 = AXIS2_PLACEMENT_3D ( 'NONE', #3088, #606, #1548 ) ;
#1357 = AXIS2_PLACEMENT_3D ( 'NONE', #170, #2610, #3291 ) ;
#1358 = CARTESIAN_POINT ( 'NONE',  ( 8.378548669159172846, 2.579064900979162633, 31.83367434181016975 ) ) ;
#1359 = ORIENTED_EDGE ( 'NONE', *, *, #1160, .T. ) ;
#1360 = DIRECTION ( 'NONE',  ( 0.0000000000000000000, 0.0000000000000000000, 1.000000000000000000 ) ) ;
#1361 = ORIENTED_EDGE ( 'NONE', *, *, #3274, .T. ) ;
#1362 = CARTESIAN_POINT ( 'NONE',  ( 30.11378052206963929, -31.79772928924194630, 15.33575385426985349 ) ) ;
#1363 = FACE_OUTER_BOUND ( 'NONE', #855, .T. ) ;
#1364 = EDGE_CURVE ( 'NONE', #3225, #449, #3381, .T. ) ;
#1365 = ORIENTED_EDGE ( 'NONE', *, *, #1859, .T. ) ;
#1366 = CARTESIAN_POINT ( 'NONE',  ( 9.613780522069646395, 3.202270710758049699, 35.78575385426984212 ) ) ;
#1367 = CARTESIAN_POINT ( 'NONE',  ( 49.11378052206964639, -23.79772928924194630, 37.28575385426984212 ) ) ;
#1368 = CIRCLE ( 'NONE', #3681, 4.850000000000000533 ) ;
#1369 = LINE ( 'NONE', #3522, #1521 ) ;
#1370 = DIRECTION ( 'NONE',  ( -1.000000000000000000, 0.0000000000000000000, 0.0000000000000000000 ) ) ;
#1371 = ORIENTED_EDGE ( 'NONE', *, *, #526, .F. ) ;
#1372 = CARTESIAN_POINT ( 'NONE',  ( 22.71378052206965137, -3.297729289241948969, 42.28575385426983502 ) ) ;
#1373 = EDGE_CURVE ( 'NONE', #1014, #1290, #3332, .T. ) ;
#1374 = LINE ( 'NONE', #2886, #895 ) ;
#1375 = ORIENTED_EDGE ( 'NONE', *, *, #456, .F. ) ;
#1376 = CARTESIAN_POINT ( 'NONE',  ( 7.574444140720594909, -21.46979558558926016, 39.55908100820916218 ) ) ;
#1377 = APPLICATION_CONTEXT ( 'configuration controlled 3d designs of mechanical parts and assemblies' ) ;
#1378 = FACE_OUTER_BOUND ( 'NONE', #543, .T. ) ;
#1379 = DIRECTION ( 'NONE',  ( 0.0000000000000000000, 1.000000000000000000, 0.0000000000000000000 ) ) ;
#1380 = EDGE_LOOP ( 'NONE', ( #3966, #1765, #2187, #2876 ) ) ;
#1381 = AXIS2_PLACEMENT_3D ( 'NONE', #2195, #363, #52 ) ;
#1382 = AXIS2_PLACEMENT_3D ( 'NONE', #1321, #116, #3156 ) ;
#1383 = PLANE ( 'NONE',  #3235 ) ;
#1384 = CARTESIAN_POINT ( 'NONE',  ( 50.11378052206963929, -18.29772928924194275, 22.28575385426984568 ) ) ;
#1385 = VECTOR ( 'NONE', #3910, 1000.000000000000114 ) ;
#1386 = ORIENTED_EDGE ( 'NONE', *, *, #2711, .T. ) ;
#1387 = CALENDAR_DATE ( 2019, 12, 12 ) ;
#1388 = CARTESIAN_POINT ( 'NONE',  ( 3.013780522069652079, -9.797729289241951633, 40.63575385426983644 ) ) ;
#1389 = CARTESIAN_POINT ( 'NONE',  ( 4.863780522069649948, -9.797729289241948081, -3.214246145730168092 ) ) ;
#1390 = CIRCLE ( 'NONE', #3893, 2.900000000000013678 ) ;
#1391 = DIRECTION ( 'NONE',  ( 0.0000000000000000000, 0.0000000000000000000, -1.000000000000000000 ) ) ;
#1392 = CIRCLE ( 'NONE', #3811, 4.000000000000003553 ) ;
#1393 = EDGE_CURVE ( 'NONE', #2088, #3200, #951, .T. ) ;
#1394 = LINE ( 'NONE', #2417, #582 ) ;
#1395 = CARTESIAN_POINT ( 'NONE',  ( 22.71378052206965137, -3.297729289241948969, -18.21424614573016143 ) ) ;
#1396 = ORIENTED_EDGE ( 'NONE', *, *, #1865, .F. ) ;
#1397 = DIRECTION ( 'NONE',  ( 0.0000000000000000000, 0.0000000000000000000, 1.000000000000000000 ) ) ;
#1398 = EDGE_CURVE ( 'NONE', #733, #2042, #853, .T. ) ;
#1399 = VERTEX_POINT ( 'NONE', #906 ) ;
#1400 = CARTESIAN_POINT ( 'NONE',  ( 57.61378052206963929, -1.797729289241947637, 2.285753854269857666 ) ) ;
#1401 = ORIENTED_EDGE ( 'NONE', *, *, #835, .T. ) ;
#1402 = CARTESIAN_POINT ( 'NONE',  ( 7.121549381366887310, 3.202270710758043037, 43.28575385426984212 ) ) ;
#1403 = VERTEX_POINT ( 'NONE', #1542 ) ;
#1404 = AXIS2_PLACEMENT_3D ( 'NONE', #1502, #2424, #3067 ) ;
#1405 = CARTESIAN_POINT ( 'NONE',  ( 9.613780522069646395, -9.797729289241948081, 35.78575385426984212 ) ) ;
#1406 = ORIENTED_EDGE ( 'NONE', *, *, #1951, .T. ) ;
#1407 = CARTESIAN_POINT ( 'NONE',  ( 17.61378052206964639, -9.797729289241951633, 42.28575385426986344 ) ) ;
#1408 = DIRECTION ( 'NONE',  ( -1.000000000000000000, 0.0000000000000000000, -3.212450881438531748E-17 ) ) ;
#1409 = AXIS2_PLACEMENT_3D ( 'NONE', #4002, #912, #2432 ) ;
#1410 = AXIS2_PLACEMENT_3D ( 'NONE', #3087, #671, #92 ) ;
#1411 = ORIENTED_EDGE ( 'NONE', *, *, #3641, .F. ) ;
#1412 = DIRECTION ( 'NONE',  ( 0.0000000000000000000, 1.000000000000000000, 0.0000000000000000000 ) ) ;
#1413 = VERTEX_POINT ( 'NONE', #1819 ) ;
#1414 = EDGE_CURVE ( 'NONE', #2849, #1403, #1771, .T. ) ;
#1415 = DIRECTION ( 'NONE',  ( 1.000000000000000000, 0.0000000000000000000, 0.0000000000000000000 ) ) ;
#1416 = APPROVAL_STATUS ( 'not_yet_approved' ) ;
#1417 = CARTESIAN_POINT ( 'NONE',  ( 4.041334958218985918, -11.45928741015520202, 31.22897881831603684 ) ) ;
#1418 = LINE ( 'NONE', #2028, #2722 ) ;
#1419 = CYLINDRICAL_SURFACE ( 'NONE', #1281, 1.399999999999995026 ) ;
#1420 = EDGE_CURVE ( 'NONE', #3672, #1918, #478, .T. ) ;
#1421 = DIRECTION ( 'NONE',  ( 0.0000000000000000000, 0.0000000000000000000, 1.000000000000000000 ) ) ;
#1422 = CONICAL_SURFACE ( 'NONE', #119, 1.399999999999995026, 0.7853981633974469467 ) ;
#1423 = CARTESIAN_POINT ( 'NONE',  ( 8.175834885616168890, -23.72339030963421180, 39.67774623133921352 ) ) ;
#1424 = VERTEX_POINT ( 'NONE', #1515 ) ;
#1425 = DIRECTION ( 'NONE',  ( 0.0000000000000000000, 0.0000000000000000000, 1.000000000000000000 ) ) ;
#1426 = FACE_OUTER_BOUND ( 'NONE', #869, .T. ) ;
#1427 = CARTESIAN_POINT ( 'NONE',  ( 56.11378052206963929, -5.297729289241950745, 20.88575385426984710 ) ) ;
#1428 = AXIS2_PLACEMENT_3D ( 'NONE', #334, #3387, #2449 ) ;
#1429 = ORIENTED_EDGE ( 'NONE', *, *, #1865, .T. ) ;
#1430 = CARTESIAN_POINT ( 'NONE',  ( 60.11378052206964639, -31.79772928924194630, 44.78575385426984212 ) ) ;
#1431 = LINE ( 'NONE', #1318, #3915 ) ;
#1432 = CARTESIAN_POINT ( 'NONE',  ( 49.11378052206964639, -31.79772928924194630, 38.68575385426984070 ) ) ;
#1433 = EDGE_LOOP ( 'NONE', ( #2773, #3916, #658, #833 ) ) ;
#1434 = CARTESIAN_POINT ( 'NONE',  ( 4.742747978378225149, -11.64778849430633834, 31.30247593048583710 ) ) ;
#1435 = CYLINDRICAL_SURFACE ( 'NONE', #309, 3.000000000000002665 ) ;
#1436 = AXIS2_PLACEMENT_3D ( 'NONE', #2696, #2995, #1496 ) ;
#1437 = EDGE_LOOP ( 'NONE', ( #3133, #3712 ) ) ;
#1438 = DIRECTION ( 'NONE',  ( 0.0000000000000000000, 1.000000000000000000, 0.0000000000000000000 ) ) ;
#1439 = LINE ( 'NONE', #1582, #530 ) ;
#1440 = CARTESIAN_POINT ( 'NONE',  ( 5.721549381366888731, 3.202270710758043037, 39.78575385426984212 ) ) ;
#1441 = DIRECTION ( 'NONE',  ( 0.0000000000000000000, -1.000000000000000000, 0.0000000000000000000 ) ) ;
#1442 = CARTESIAN_POINT ( 'NONE',  ( 3.394566835591019238, -8.667044777918535559, 40.50322691711928513 ) ) ;
#1443 = LINE ( 'NONE', #174, #2607 ) ;
#1444 = VERTEX_POINT ( 'NONE', #2412 ) ;
#1445 = CARTESIAN_POINT ( 'NONE',  ( 7.983251066693605402, -21.67943218048086607, 39.62854761843458107 ) ) ;
#1446 = PLANE ( 'NONE',  #459 ) ;
#1447 = ORIENTED_EDGE ( 'NONE', *, *, #849, .F. ) ;
#1448 = EDGE_CURVE ( 'NONE', #1474, #2801, #3478, .T. ) ;
#1449 = PRODUCT ( 'Case inverted2', 'Case inverted2', '', ( #3296 ) ) ;
#1450 = ORIENTED_EDGE ( 'NONE', *, *, #736, .F. ) ;
#1451 = PLANE ( 'NONE',  #2036 ) ;
#1452 = ORIENTED_EDGE ( 'NONE', *, *, #3726, .T. ) ;
#1453 = DIRECTION ( 'NONE',  ( 0.0000000000000000000, 1.000000000000000000, 0.0000000000000000000 ) ) ;
#1454 = EDGE_CURVE ( 'NONE', #3693, #975, #3918, .T. ) ;
#1455 = ORIENTED_EDGE ( 'NONE', *, *, #1993, .T. ) ;
#1456 = CARTESIAN_POINT ( 'NONE',  ( 0.1137805220696452846, -31.29772928924192499, 0.2857538542698628836 ) ) ;
#1457 = CARTESIAN_POINT ( 'NONE',  ( 7.121549381366887310, -22.79772928924193920, 43.28575385426984212 ) ) ;
#1458 = ORIENTED_EDGE ( 'NONE', *, *, #876, .T. ) ;
#1459 = CARTESIAN_POINT ( 'NONE',  ( 3.013780522069651191, -9.797729289241948081, -0.2142461457301583772 ) ) ;
#1460 = ORIENTED_EDGE ( 'NONE', *, *, #3952, .F. ) ;
#1461 = CARTESIAN_POINT ( 'NONE',  ( 6.668654622013183264, 4.530204414410714087, 32.01242670033050786 ) ) ;
#1462 = CARTESIAN_POINT ( 'NONE',  ( 4.863780522069649948, -9.797729289241948081, 44.78575385426984212 ) ) ;
#1463 = DIRECTION ( 'NONE',  ( 0.0000000000000000000, 0.0000000000000000000, -1.000000000000000000 ) ) ;
#1464 = LINE ( 'NONE', #3557, #1998 ) ;
#1465 = ORIENTED_EDGE ( 'NONE', *, *, #849, .T. ) ;
#1466 = CARTESIAN_POINT ( 'NONE',  ( 16.11378052206964639, -27.79772928924194630, 31.78575385426984923 ) ) ;
#1467 = LINE ( 'NONE', #1294, #1274 ) ;
#1468 = EDGE_CURVE ( 'NONE', #1918, #3672, #1530, .T. ) ;
#1469 = FACE_OUTER_BOUND ( 'NONE', #2077, .T. ) ;
#1470 = ORIENTED_EDGE ( 'NONE', *, *, #854, .F. ) ;
#1471 = DIRECTION ( 'NONE',  ( -1.000000000000000000, 0.0000000000000000000, 0.0000000000000000000 ) ) ;
#1472 = B_SPLINE_CURVE_WITH_KNOTS ( 'NONE', 3,
 ( #1255, #1269, #2783, #656, #3756, #4030, #2812, #603, #963, #1519, #2151, #3700, #4016, #2757, #911, #1218, #1604, #3827, #1614, #2881, #2219, #3787, #2559, #62, #2573, #3506, #2544, #1953, #3770, #1005 ),
 .UNSPECIFIED., .F., .F.,
 ( 4, 2, 2, 2, 2, 2, 2, 2, 2, 2, 2, 2, 2, 2, 4 ),
 ( 0.0000000000000000000, 0.0003649883887052838985, 0.0007299767774105677971, 0.001094965166115851804, 0.001459953554821135594, 0.002189930332231708812, 0.002554918720936995204, 0.002919907109642282464, 0.003284895498347569723, 0.003649883887052855682, 0.004014872275758142074, 0.004379860664463428033, 0.004744849053168713991, 0.005109837441873999950, 0.005839814219284576204 ),
 .UNSPECIFIED. ) ;
#1473 = LINE ( 'NONE', #176, #1860 ) ;
#1474 = VERTEX_POINT ( 'NONE', #2147 ) ;
#1475 = EDGE_CURVE ( 'NONE', #1482, #2911, #714, .T. ) ;
#1476 = CARTESIAN_POINT ( 'NONE',  ( 8.343116510277987175, 3.910370098779695880, 31.84522422427011534 ) ) ;
#1477 = CONICAL_SURFACE ( 'NONE', #2264, 1.399999999999991473, 0.7853981633974547183 ) ;
#1478 = ORIENTED_EDGE ( 'NONE', *, *, #352, .T. ) ;
#1479 = DIRECTION ( 'NONE',  ( 0.0000000000000000000, 1.000000000000000000, 0.0000000000000000000 ) ) ;
#1480 = FACE_OUTER_BOUND ( 'NONE', #3401, .T. ) ;
#1481 = AXIS2_PLACEMENT_3D ( 'NONE', #3122, #2505, #337 ) ;
#1482 = VERTEX_POINT ( 'NONE', #566 ) ;
#1483 = CARTESIAN_POINT ( 'NONE',  ( 11.11378052206964107, -27.79772928924194630, 7.285753854269841234 ) ) ;
#1484 = VECTOR ( 'NONE', #451, 1000.000000000000000 ) ;
#1485 = DIRECTION ( 'NONE',  ( 0.0000000000000000000, -1.000000000000000000, 0.0000000000000000000 ) ) ;
#1486 = ORIENTED_EDGE ( 'NONE', *, *, #1827, .F. ) ;
#1487 = AXIS2_PLACEMENT_3D ( 'NONE', #3102, #346, #1882 ) ;
#1488 = AXIS2_PLACEMENT_3D ( 'NONE', #1402, #3898, #2022 ) ;
#1489 = VECTOR ( 'NONE', #952, 1000.000000000000000 ) ;
#1490 = CARTESIAN_POINT ( 'NONE',  ( 7.306576400831069407, 4.602174930830305044, 32.03871926875594056 ) ) ;
#1491 = ORIENTED_EDGE ( 'NONE', *, *, #2015, .F. ) ;
#1492 = PLANE ( 'NONE',  #3581 ) ;
#1493 = CARTESIAN_POINT ( 'NONE',  ( 24.11378052206964639, -16.29772928924195341, 9.785753854269843899 ) ) ;
#1494 = CIRCLE ( 'NONE', #3089, 1.399999999999998579 ) ;
#1495 = ORIENTED_EDGE ( 'NONE', *, *, #1588, .T. ) ;
#1496 = DIRECTION ( 'NONE',  ( 0.0000000000000000000, 0.0000000000000000000, -1.000000000000000000 ) ) ;
#1497 = CARTESIAN_POINT ( 'NONE',  ( 7.306573731991473863, 4.593030048159294942, 39.53624158039994541 ) ) ;
#1498 = ADVANCED_FACE ( 'NONE', ( #2253 ), #155, .F. ) ;
#1499 = EDGE_LOOP ( 'NONE', ( #3515, #1547 ) ) ;
#1500 = ORIENTED_EDGE ( 'NONE', *, *, #645, .T. ) ;
#1501 = DIRECTION ( 'NONE',  ( 0.0000000000000000000, 0.0000000000000000000, -1.000000000000000000 ) ) ;
#1502 = CARTESIAN_POINT ( 'NONE',  ( 2.613780522069647283, 8.202270710758053696, 2.285753854269851004 ) ) ;
#1503 = EDGE_CURVE ( 'NONE', #2834, #1413, #2340, .T. ) ;
#1504 = VERTEX_POINT ( 'NONE', #1876 ) ;
#1505 = CARTESIAN_POINT ( 'NONE',  ( 8.521549381366886777, 3.295568800311712732, 31.78575385426984923 ) ) ;
#1506 = CARTESIAN_POINT ( 'NONE',  ( 6.713780522069646928, -9.797729289241948081, 30.93575385426983715 ) ) ;
#1507 = AXIS2_PLACEMENT_3D ( 'NONE', #3696, #2765, #283 ) ;
#1508 = DIRECTION ( 'NONE',  ( 0.0000000000000000000, 1.000000000000000000, 0.0000000000000000000 ) ) ;
#1509 = ORIENTED_EDGE ( 'NONE', *, *, #276, .F. ) ;
#1510 = DIRECTION ( 'NONE',  ( 0.0000000000000000000, 0.0000000000000000000, -1.000000000000000000 ) ) ;
#1511 = CARTESIAN_POINT ( 'NONE',  ( 6.751345746685032623, 4.564667321085729590, 39.54731637319862614 ) ) ;
#1512 = ORIENTED_EDGE ( 'NONE', *, *, #626, .T. ) ;
#1513 = DIRECTION ( 'NONE',  ( 1.000000000000000000, 0.0000000000000000000, 0.0000000000000000000 ) ) ;
#1514 = AXIS2_PLACEMENT_3D ( 'NONE', #2387, #555, #858 ) ;
#1515 = CARTESIAN_POINT ( 'NONE',  ( 4.221549381366880738, -22.79772928924193920, 44.78575385426984212 ) ) ;
#1516 = AXIS2_PLACEMENT_3D ( 'NONE', #915, #3372, #1211 ) ;
#1517 = ORIENTED_EDGE ( 'NONE', *, *, #3167, .F. ) ;
#1518 = ADVANCED_FACE ( 'NONE', ( #2297 ), #1096, .F. ) ;
#1519 = CARTESIAN_POINT ( 'NONE',  ( 6.002122085136810448, -8.319970605650457429, 31.16304010634623722 ) ) ;
#1520 = CYLINDRICAL_SURFACE ( 'NONE', #3182, 1.399999999999995026 ) ;
#1521 = VECTOR ( 'NONE', #123, 1000.000000000000000 ) ;
#1522 = DIRECTION ( 'NONE',  ( -1.000000000000000000, 0.0000000000000000000, 0.0000000000000000000 ) ) ;
#1523 = CARTESIAN_POINT ( 'NONE',  ( 27.11378052206964995, -3.297729289241948969, -0.2142461457301583772 ) ) ;
#1524 = LINE ( 'NONE', #3129, #2724 ) ;
#1525 = EDGE_LOOP ( 'NONE', ( #2951, #754, #769, #1892 ) ) ;
#1526 = CARTESIAN_POINT ( 'NONE',  ( 40.11378052206964639, -37.79772928924194275, 28.78575385426983857 ) ) ;
#1527 = EDGE_CURVE ( 'NONE', #1918, #2266, #3781, .T. ) ;
#1528 = CONICAL_SURFACE ( 'NONE', #3999, 1.399999999999995026, 0.7853981633974469467 ) ;
#1529 = ORIENTED_EDGE ( 'NONE', *, *, #1944, .F. ) ;
#1530 = CIRCLE ( 'NONE', #3789, 1.399999999999995026 ) ;
#1531 = EDGE_CURVE ( 'NONE', #2408, #179, #3085, .T. ) ;
#1532 = ORIENTED_EDGE ( 'NONE', *, *, #245, .T. ) ;
#1533 = DIRECTION ( 'NONE',  ( 0.0000000000000000000, -0.0000000000000000000, 1.000000000000000000 ) ) ;
#1534 = CIRCLE ( 'NONE', #792, 1.399999999999998579 ) ;
#1535 = CARTESIAN_POINT ( 'NONE',  ( 10.11378052206964639, 8.202270710758053696, 3.785753854269845231 ) ) ;
#1536 = CARTESIAN_POINT ( 'NONE',  ( 57.61378052206963929, -1.797729289241947637, 2.285753854269857666 ) ) ;
#1537 = CARTESIAN_POINT ( 'NONE',  ( 6.067451908545997696, 2.276466547897024295, 39.67770356413689115 ) ) ;
#1538 = DIRECTION ( 'NONE',  ( -0.0000000000000000000, -1.000000000000000000, -0.0000000000000000000 ) ) ;
#1539 = LINE ( 'NONE', #446, #159 ) ;
#1540 = ADVANCED_FACE ( 'NONE', ( #2546 ), #3969, .F. ) ;
#1541 = PLANE ( 'NONE',  #3601 ) ;
#1542 = CARTESIAN_POINT ( 'NONE',  ( 29.21378052206964782, -9.797729289241951633, 47.78575385426984212 ) ) ;
#1543 = FACE_OUTER_BOUND ( 'NONE', #339, .T. ) ;
#1544 = VERTEX_POINT ( 'NONE', #3126 ) ;
#1545 = AXIS2_PLACEMENT_3D ( 'NONE', #687, #3757, #2178 ) ;
#1546 = DIRECTION ( 'NONE',  ( 0.0000000000000000000, 1.000000000000000000, 0.0000000000000000000 ) ) ;
#1547 = ORIENTED_EDGE ( 'NONE', *, *, #1735, .T. ) ;
#1548 = DIRECTION ( 'NONE',  ( 0.0000000000000000000, 0.0000000000000000000, 1.000000000000000000 ) ) ;
#1549 = ORIENTED_EDGE ( 'NONE', *, *, #1297, .F. ) ;
#1550 = EDGE_LOOP ( 'NONE', ( #349, #3429, #3061, #344 ) ) ;
#1551 = DIRECTION ( 'NONE',  ( 0.0000000000000000000, 0.0000000000000000000, 1.000000000000000000 ) ) ;
#1552 = ORIENTED_EDGE ( 'NONE', *, *, #1919, .F. ) ;
#1553 = CARTESIAN_POINT ( 'NONE',  ( 9.613780522069646395, -27.79772928924194630, 40.78575385426984212 ) ) ;
#1554 = DIRECTION ( 'NONE',  ( 0.0000000000000000000, -0.0000000000000000000, 1.000000000000000000 ) ) ;
#1555 = EDGE_CURVE ( 'NONE', #2660, #1413, #3675, .T. ) ;
#1556 = EDGE_LOOP ( 'NONE', ( #2865, #3953, #1626, #2914 ) ) ;
#1557 = ADVANCED_FACE ( 'NONE', ( #2640, #2496, #2392, #999, #1288, #664 ), #1600, .F. ) ;
#1558 = DIRECTION ( 'NONE',  ( 0.0000000000000000000, 0.0000000000000000000, 1.000000000000000000 ) ) ;
#1559 = AXIS2_PLACEMENT_3D ( 'NONE', #614, #1833, #1513 ) ;
#1560 = CARTESIAN_POINT ( 'NONE',  ( 8.521549381366881448, 3.202270710758043037, 15.78575385426982791 ) ) ;
#1561 = ORIENTED_EDGE ( 'NONE', *, *, #2927, .T. ) ;
#1562 = CARTESIAN_POINT ( 'NONE',  ( 40.11378052206963929, -31.79772928924194630, 35.78575385426984212 ) ) ;
#1563 = CARTESIAN_POINT ( 'NONE',  ( 5.793780691352790058, -11.40144923861786630, 40.36347278936149507 ) ) ;
#1564 = LINE ( 'NONE', #1775, #3714 ) ;
#1565 = ORIENTED_EDGE ( 'NONE', *, *, #2479, .T. ) ;
#1566 = DIRECTION ( 'NONE',  ( -1.000000000000000000, 0.0000000000000000000, 0.0000000000000000000 ) ) ;
#1567 = AXIS2_PLACEMENT_3D ( 'NONE', #16, #2164, #593 ) ;
#1568 = CIRCLE ( 'NONE', #821, 1.400000000000001910 ) ;
#1569 = FACE_OUTER_BOUND ( 'NONE', #877, .T. ) ;
#1570 = ORIENTED_EDGE ( 'NONE', *, *, #3549, .F. ) ;
#1571 = DIRECTION ( 'NONE',  ( 0.0000000000000000000, 0.0000000000000000000, -1.000000000000000000 ) ) ;
#1572 = LINE ( 'NONE', #1395, #2153 ) ;
#1573 = VERTEX_POINT ( 'NONE', #343 ) ;
#1574 = DIRECTION ( 'NONE',  ( 0.0000000000000000000, 0.0000000000000000000, 1.000000000000000000 ) ) ;
#1575 = CARTESIAN_POINT ( 'NONE',  ( 14.11378052206964462, -9.797729289241953410, 47.78575385426984212 ) ) ;
#1576 = VECTOR ( 'NONE', #3120, 1000.000000000000000 ) ;
#1577 = DIRECTION ( 'NONE',  ( 1.000000000000000000, -0.0000000000000000000, 0.0000000000000000000 ) ) ;
#1578 = CARTESIAN_POINT ( 'NONE',  ( 19.01378052206964142, -9.797729289241951633, 47.78575385426984212 ) ) ;
#1579 = ORIENTED_EDGE ( 'NONE', *, *, #1663, .F. ) ;
#1580 = ADVANCED_FACE ( 'NONE', ( #1679, #2931, #1634, #1868, #1480 ), #1240, .T. ) ;
#1581 = EDGE_CURVE ( 'NONE', #2269, #3267, #1921, .T. ) ;
#1582 = CARTESIAN_POINT ( 'NONE',  ( 22.11378052206963574, 3.202270710758049699, 31.78575385426983502 ) ) ;
#1583 = CYLINDRICAL_SURFACE ( 'NONE', #666, 1.399999999999998579 ) ;
#1584 = CARTESIAN_POINT ( 'NONE',  ( 8.378548669159171070, -23.42093509902082360, 31.83367434181016975 ) ) ;
#1585 = VERTEX_POINT ( 'NONE', #2580 ) ;
#1586 = PERSON_AND_ORGANIZATION ( #12, #2690 ) ;
#1587 = CIRCLE ( 'NONE', #1073, 1.399999999999998579 ) ;
#1588 = EDGE_CURVE ( 'NONE', #3453, #1072, #46, .T. ) ;
#1589 = CARTESIAN_POINT ( 'NONE',  ( 5.721549381366891396, -22.79772928924193920, 15.78575385426982791 ) ) ;
#1590 = CARTESIAN_POINT ( 'NONE',  ( 60.11378052206964639, 8.202270710758053696, 0.2857538542698628836 ) ) ;
#1591 = CARTESIAN_POINT ( 'NONE',  ( 24.11378052206964639, -16.29772928924195341, -0.2142461457301583772 ) ) ;
#1592 = LINE ( 'NONE', #774, #2942 ) ;
#1593 = DIRECTION ( 'NONE',  ( -1.000000000000000000, 0.0000000000000000000, 0.0000000000000000000 ) ) ;
#1594 = CARTESIAN_POINT ( 'NONE',  ( 55.61378052206963929, 8.202270710758053696, 40.78575385426984212 ) ) ;
#1595 = CARTESIAN_POINT ( 'NONE',  ( 5.462397063971341282, -11.55239459363252941, 40.30749287670717251 ) ) ;
#1596 = AXIS2_PLACEMENT_3D ( 'NONE', #172, #2947, #1360 ) ;
#1597 = AXIS2_PLACEMENT_3D ( 'NONE', #1622, #2841, #3215 ) ;
#1598 = LINE ( 'NONE', #1884, #299 ) ;
#1599 = VERTEX_POINT ( 'NONE', #3432 ) ;
#1600 = PLANE ( 'NONE',  #618 ) ;
#1601 = VERTEX_POINT ( 'NONE', #2471 ) ;
#1602 = VERTEX_POINT ( 'NONE', #1962 ) ;
#1603 = ADVANCED_FACE ( 'NONE', ( #3877 ), #287, .F. ) ;
#1604 = CARTESIAN_POINT ( 'NONE',  ( 4.618959835635275013, -7.959976048618536915, 31.29734344925816458 ) ) ;
#1605 = ORIENTED_EDGE ( 'NONE', *, *, #3542, .F. ) ;
#1606 = DIRECTION ( 'NONE',  ( 1.000000000000000000, 0.0000000000000000000, 0.0000000000000000000 ) ) ;
#1607 = EDGE_CURVE ( 'NONE', #3322, #2745, #812, .T. ) ;
#1608 = DIRECTION ( 'NONE',  ( 1.000000000000000000, 0.0000000000000000000, 0.0000000000000000000 ) ) ;
#1609 = DIRECTION ( 'NONE',  ( 0.0000000000000000000, 0.7071067811865474617, 0.7071067811865474617 ) ) ;
#1610 = ORIENTED_EDGE ( 'NONE', *, *, #3952, .T. ) ;
#1611 = CARTESIAN_POINT ( 'NONE',  ( 24.11378052206964639, -16.29772928924195341, 3.785753854269845231 ) ) ;
#1612 = DIRECTION ( 'NONE',  ( 0.0000000000000000000, 1.000000000000000000, 0.0000000000000000000 ) ) ;
#1613 = EDGE_CURVE ( 'NONE', #1112, #717, #196, .T. ) ;
#1614 = CARTESIAN_POINT ( 'NONE',  ( 4.264674361101343791, -8.043166365656094996, 31.26396987034004482 ) ) ;
#1615 = FACE_OUTER_BOUND ( 'NONE', #2329, .T. ) ;
#1616 = ORIENTED_EDGE ( 'NONE', *, *, #3019, .T. ) ;
#1617 = DIRECTION ( 'NONE',  ( 0.0000000000000000000, 0.0000000000000000000, -1.000000000000000000 ) ) ;
#1618 = AXIS2_PLACEMENT_3D ( 'NONE', #801, #2915, #3570 ) ;
#1619 = DIRECTION ( 'NONE',  ( 0.0000000000000000000, 1.000000000000000000, 0.0000000000000000000 ) ) ;
#1620 = FACE_OUTER_BOUND ( 'NONE', #3357, .T. ) ;
#1621 = LINE ( 'NONE', #2545, #3170 ) ;
#1622 = CARTESIAN_POINT ( 'NONE',  ( 17.61378052206964639, -9.797729289241951633, 47.78575385426984212 ) ) ;
#1623 = ADVANCED_FACE ( 'NONE', ( #1727 ), #1583, .F. ) ;
#1624 = CYLINDRICAL_SURFACE ( 'NONE', #2889, 1.849999999999998312 ) ;
#1625 = CARTESIAN_POINT ( 'NONE',  ( 2.613780522069647283, -1.797729289241947637, 0.8357538542698508266 ) ) ;
#1626 = ORIENTED_EDGE ( 'NONE', *, *, #1038, .T. ) ;
#1627 = DIRECTION ( 'NONE',  ( 0.0000000000000000000, 0.0000000000000000000, 1.000000000000000000 ) ) ;
#1628 = AXIS2_PLACEMENT_3D ( 'NONE', #2096, #3658, #3954 ) ;
#1629 = CIRCLE ( 'NONE', #2654, 3.000000000000002665 ) ;
#1630 = ORIENTED_EDGE ( 'NONE', *, *, #3567, .F. ) ;
#1631 = DIRECTION ( 'NONE',  ( 0.0000000000000000000, -1.000000000000000000, 0.0000000000000000000 ) ) ;
#1632 = CARTESIAN_POINT ( 'NONE',  ( 60.11378052206964639, -31.29772928924192499, 44.28575385426982081 ) ) ;
#1633 = EDGE_CURVE ( 'NONE', #2279, #223, #3131, .T. ) ;
#1634 = FACE_BOUND ( 'NONE', #1122, .T. ) ;
#1635 = DIRECTION ( 'NONE',  ( 0.7071067811865474617, -0.0000000000000000000, -0.7071067811865474617 ) ) ;
#1636 = ORIENTED_EDGE ( 'NONE', *, *, #2503, .T. ) ;
#1637 = DIRECTION ( 'NONE',  ( 0.7071067811865474617, -0.7071067811865474617, 0.0000000000000000000 ) ) ;
#1638 = CARTESIAN_POINT ( 'NONE',  ( 33.61378052206964639, -9.797729289241951633, -0.2142461457301583772 ) ) ;
#1639 = DIRECTION ( 'NONE',  ( -1.000000000000000000, 0.0000000000000000000, 0.0000000000000000000 ) ) ;
#1640 = LINE ( 'NONE', #638, #2738 ) ;
#1641 = EDGE_CURVE ( 'NONE', #1662, #3396, #2734, .T. ) ;
#1642 = DIRECTION ( 'NONE',  ( -1.000000000000000000, 0.0000000000000000000, 0.0000000000000000000 ) ) ;
#1643 = DIRECTION ( 'NONE',  ( 0.7071067811865474617, 0.7071067811865474617, 0.0000000000000000000 ) ) ;
#1644 = VECTOR ( 'NONE', #2556, 1000.000000000000000 ) ;
#1645 = AXIS2_PLACEMENT_3D ( 'NONE', #2563, #3132, #3479 ) ;
#1646 = CARTESIAN_POINT ( 'NONE',  ( 49.11378052206964639, -31.79772928924194630, 37.28575385426984212 ) ) ;
#1647 = CIRCLE ( 'NONE', #3386, 4.000000000000003553 ) ;
#1648 = CARTESIAN_POINT ( 'NONE',  ( 8.521549381366881448, 3.202270710758043037, 15.78575385426982791 ) ) ;
#1649 = ORIENTED_EDGE ( 'NONE', *, *, #476, .T. ) ;
#1650 = DIRECTION ( 'NONE',  ( -0.0000000000000000000, 0.0000000000000000000, -1.000000000000000000 ) ) ;
#1651 = ORIENTED_EDGE ( 'NONE', *, *, #3019, .F. ) ;
#1652 = ORIENTED_EDGE ( 'NONE', *, *, #785, .F. ) ;
#1653 = DIRECTION ( 'NONE',  ( 0.0000000000000000000, -1.000000000000000000, 0.0000000000000000000 ) ) ;
#1654 = AXIS2_PLACEMENT_3D ( 'NONE', #2634, #2933, #1660 ) ;
#1655 = AXIS2_PLACEMENT_3D ( 'NONE', #3674, #2708, #2375 ) ;
#1656 = ORIENTED_EDGE ( 'NONE', *, *, #160, .F. ) ;
#1657 = DIRECTION ( 'NONE',  ( 0.0000000000000000000, 1.000000000000000000, 0.0000000000000000000 ) ) ;
#1658 = ORIENTED_EDGE ( 'NONE', *, *, #412, .F. ) ;
#1659 = EDGE_LOOP ( 'NONE', ( #3829, #1241, #1066, #2367 ) ) ;
#1660 = DIRECTION ( 'NONE',  ( 0.0000000000000000000, 0.0000000000000000000, -1.000000000000000000 ) ) ;
#1661 = DIRECTION ( 'NONE',  ( 0.0000000000000000000, 0.0000000000000000000, -1.000000000000000000 ) ) ;
#1662 = VERTEX_POINT ( 'NONE', #1345 ) ;
#1663 = EDGE_CURVE ( 'NONE', #3017, #2622, #770, .T. ) ;
#1664 = DIRECTION ( 'NONE',  ( -0.0000000000000000000, -1.000000000000000000, -0.0000000000000000000 ) ) ;
#1665 = ORIENTED_EDGE ( 'NONE', *, *, #1068, .T. ) ;
#1666 = DIRECTION ( 'NONE',  ( -0.0000000000000000000, -0.7071067811865474617, 0.7071067811865474617 ) ) ;
#1667 = DIRECTION ( 'NONE',  ( 0.0000000000000000000, 0.0000000000000000000, -1.000000000000000000 ) ) ;
#1668 = EDGE_CURVE ( 'NONE', #933, #1331, #2597, .T. ) ;
#1669 = FACE_OUTER_BOUND ( 'NONE', #2750, .T. ) ;
#1670 = ORIENTED_EDGE ( 'NONE', *, *, #804, .F. ) ;
#1671 = CARTESIAN_POINT ( 'NONE',  ( 5.721549381366888731, -22.70443119968828327, 39.78575385426984923 ) ) ;
#1672 = CIRCLE ( 'NONE', #3607, 2.699999999999987299 ) ;
#1673 = VERTEX_POINT ( 'NONE', #2595 ) ;
#1674 = DIRECTION ( 'NONE',  ( 0.0000000000000000000, 1.000000000000000000, 0.0000000000000000000 ) ) ;
#1675 = FACE_BOUND ( 'NONE', #2971, .T. ) ;
#1676 = EDGE_LOOP ( 'NONE', ( #1889, #1678, #3160, #2320, #795, #2176, #1069, #1773 ) ) ;
#1677 = LINE ( 'NONE', #321, #2008 ) ;
#1678 = ORIENTED_EDGE ( 'NONE', *, *, #297, .T. ) ;
#1679 = FACE_BOUND ( 'NONE', #1985, .T. ) ;
#1680 = CARTESIAN_POINT ( 'NONE',  ( 6.936522361902703437, -21.39782506916968075, 39.53278843978372237 ) ) ;
#1681 = ORIENTED_EDGE ( 'NONE', *, *, #3027, .T. ) ;
#1682 = COORDINATED_UNIVERSAL_TIME_OFFSET ( 0, 0, .AHEAD. ) ;
#1683 = EDGE_CURVE ( 'NONE', #1072, #2849, #1186, .T. ) ;
#1684 = VECTOR ( 'NONE', #1875, 1000.000000000000114 ) ;
#1685 = ORIENTED_EDGE ( 'NONE', *, *, #709, .F. ) ;
#1686 = CARTESIAN_POINT ( 'NONE',  ( 25.51378052206964142, -16.29772928924195341, 47.78575385426984212 ) ) ;
#1687 = DIRECTION ( 'NONE',  ( 0.0000000000000000000, 0.0000000000000000000, -1.000000000000000000 ) ) ;
#1688 = CIRCLE ( 'NONE', #47, 3.000000000000002665 ) ;
#1689 = EDGE_CURVE ( 'NONE', #2622, #2408, #899, .T. ) ;
#1690 = ORIENTED_EDGE ( 'NONE', *, *, #3371, .F. ) ;
#1691 = CARTESIAN_POINT ( 'NONE',  ( 37.11378052206964639, -27.79772928924194630, 38.78575385426984212 ) ) ;
#1692 = CIRCLE ( 'NONE', #3653, 10.00000000000000178 ) ;
#1693 = VERTEX_POINT ( 'NONE', #3222 ) ;
#1694 = AXIS2_PLACEMENT_3D ( 'NONE', #1261, #3427, #51 ) ;
#1695 = DIRECTION ( 'NONE',  ( 1.000000000000000000, -0.0000000000000000000, 0.0000000000000000000 ) ) ;
#1696 = DATE_TIME_ROLE ( 'creation_date' ) ;
#1697 = ORIENTED_EDGE ( 'NONE', *, *, #3490, .F. ) ;
#1698 = ORIENTED_EDGE ( 'NONE', *, *, #245, .F. ) ;
#1699 = CARTESIAN_POINT ( 'NONE',  ( 17.61378052206964639, -9.797729289241951633, 3.785753854269845231 ) ) ;
#1700 = CARTESIAN_POINT ( 'NONE',  ( 0.6137805220696666009, 8.202270710758053696, -0.2142461457301583772 ) ) ;
#1701 = ORIENTED_EDGE ( 'NONE', *, *, #932, .F. ) ;
#1702 = CARTESIAN_POINT ( 'NONE',  ( 60.11378052206964639, 8.202270710758053696, 3.785753854269845231 ) ) ;
#1703 =( GEOMETRIC_REPRESENTATION_CONTEXT ( 3 ) GLOBAL_UNCERTAINTY_ASSIGNED_CONTEXT ( ( #2035 ) ) GLOBAL_UNIT_ASSIGNED_CONTEXT ( ( #2649, #2662, #2319 ) ) REPRESENTATION_CONTEXT ( 'NONE', 'WORKASPACE' ) );
#1704 = AXIS2_PLACEMENT_3D ( 'NONE', #3725, #2133, #2396 ) ;
#1705 = CARTESIAN_POINT ( 'NONE',  ( 8.234377742882637463, 2.347942419109176448, 31.87729448592074277 ) ) ;
#1706 = CARTESIAN_POINT ( 'NONE',  ( 8.521549381366886777, -22.70443119968828327, 31.78575385426983502 ) ) ;
#1707 = ORIENTED_EDGE ( 'NONE', *, *, #2711, .F. ) ;
#1708 = CARTESIAN_POINT ( 'NONE',  ( 11.11378052206964107, -27.79772928924194630, 7.285753854269841234 ) ) ;
#1709 = ORIENTED_EDGE ( 'NONE', *, *, #3371, .T. ) ;
#1710 = VECTOR ( 'NONE', #2904, 1000.000000000000114 ) ;
#1711 = EDGE_CURVE ( 'NONE', #1504, #1693, #3580, .T. ) ;
#1712 = ORIENTED_EDGE ( 'NONE', *, *, #581, .F. ) ;
#1713 = DIRECTION ( 'NONE',  ( 0.0000000000000000000, 0.0000000000000000000, 1.000000000000000000 ) ) ;
#1714 = VECTOR ( 'NONE', #222, 1000.000000000000000 ) ;
#1715 = CIRCLE ( 'NONE', #514, 3.000000000000002665 ) ;
#1716 = DIRECTION ( 'NONE',  ( -1.000000000000000000, 0.0000000000000000000, 0.0000000000000000000 ) ) ;
#1717 = DIRECTION ( 'NONE',  ( 0.0000000000000000000, 0.0000000000000000000, 1.000000000000000000 ) ) ;
#1718 = AXIS2_PLACEMENT_3D ( 'NONE', #2090, #2130, #2737 ) ;
#1719 = FACE_OUTER_BOUND ( 'NONE', #3759, .T. ) ;
#1720 = EDGE_LOOP ( 'NONE', ( #1670, #2357, #1053, #1964 ) ) ;
#1721 = CARTESIAN_POINT ( 'NONE',  ( 8.521549381366883225, -22.61393277838091009, 39.78575385426984212 ) ) ;
#1722 = APPROVAL_ROLE ( '' ) ;
#1723 = EDGE_LOOP ( 'NONE', ( #127, #3835, #784, #3746 ) ) ;
#1724 = AXIS2_PLACEMENT_3D ( 'NONE', #2136, #1219, #3355 ) ;
#1725 = AXIS2_PLACEMENT_3D ( 'NONE', #3719, #637, #596 ) ;
#1726 = CARTESIAN_POINT ( 'NONE',  ( 40.11378052206963929, -27.79772928924194630, 38.78575385426984212 ) ) ;
#1727 = FACE_OUTER_BOUND ( 'NONE', #2548, .T. ) ;
#1728 = VERTEX_POINT ( 'NONE', #1938 ) ;
#1729 = CARTESIAN_POINT ( 'NONE',  ( 8.521549381366883225, 3.108995042389587127, 31.78575385426984212 ) ) ;
#1730 = DIRECTION ( 'NONE',  ( 0.0000000000000000000, -0.0000000000000000000, 1.000000000000000000 ) ) ;
#1731 = VECTOR ( 'NONE', #3736, 1000.000000000000000 ) ;
#1732 = CARTESIAN_POINT ( 'NONE',  ( 2.613780522069647283, -1.797729289241947637, 2.285753854269851004 ) ) ;
#1733 = LINE ( 'NONE', #3850, #2893 ) ;
#1734 = CARTESIAN_POINT ( 'NONE',  ( 5.995355044974384207, -11.26624761468304037, 31.16287949634821430 ) ) ;
#1735 = EDGE_CURVE ( 'NONE', #3949, #198, #242, .T. ) ;
#1736 = CYLINDRICAL_SURFACE ( 'NONE', #206, 1.399999999999998579 ) ;
#1737 = VERTEX_POINT ( 'NONE', #104 ) ;
#1738 = CARTESIAN_POINT ( 'NONE',  ( 6.259957143495767262, -23.91603074070883039, 39.62853220229713003 ) ) ;
#1739 = EDGE_CURVE ( 'NONE', #503, #935, #2441, .T. ) ;
#1740 = ORIENTED_EDGE ( 'NONE', *, *, #3406, .F. ) ;
#1741 = ORIENTED_EDGE ( 'NONE', *, *, #502, .F. ) ;
#1742 = CARTESIAN_POINT ( 'NONE',  ( 7.030125081639212681, -21.39768168174915886, 32.03877284292789085 ) ) ;
#1743 = DIRECTION ( 'NONE',  ( 0.0000000000000000000, 0.0000000000000000000, -1.000000000000000000 ) ) ;
#1744 = ORIENTED_EDGE ( 'NONE', *, *, #789, .T. ) ;
#1745 = CARTESIAN_POINT ( 'NONE',  ( 5.795393003574925039, -11.40057212537622533, 31.20771844113260585 ) ) ;
#1746 = ORIENTED_EDGE ( 'NONE', *, *, #32, .F. ) ;
#1747 = CARTESIAN_POINT ( 'NONE',  ( 60.11378052206964639, -18.29772928924194275, 23.68575385426984425 ) ) ;
#1748 = DIRECTION ( 'NONE',  ( 0.0000000000000000000, 1.000000000000000000, 0.0000000000000000000 ) ) ;
#1749 = AXIS2_PLACEMENT_3D ( 'NONE', #2574, #1035, #3815 ) ;
#1750 = CARTESIAN_POINT ( 'NONE',  ( 49.11378052206964639, -23.79772928924194630, 5.885753854269839103 ) ) ;
#1751 = EDGE_LOOP ( 'NONE', ( #867, #2228 ) ) ;
#1752 = DIRECTION ( 'NONE',  ( 0.0000000000000000000, 0.0000000000000000000, -1.000000000000000000 ) ) ;
#1753 = CARTESIAN_POINT ( 'NONE',  ( 3.725438959002491668, -8.319970605650457429, 40.40846760219343992 ) ) ;
#1754 = VERTEX_POINT ( 'NONE', #1427 ) ;
#1755 = CARTESIAN_POINT ( 'NONE',  ( 4.380607384535673887, -11.58764437409753967, 31.27805285594991602 ) ) ;
#1756 = ORIENTED_EDGE ( 'NONE', *, *, #1448, .T. ) ;
#1757 = EDGE_CURVE ( 'NONE', #179, #2408, #2071, .T. ) ;
#1758 = CARTESIAN_POINT ( 'NONE',  ( 7.491753016048733116, 4.564667321085729590, 32.02419133534105100 ) ) ;
#1759 = VECTOR ( 'NONE', #290, 1000.000000000000000 ) ;
#1760 = CARTESIAN_POINT ( 'NONE',  ( 6.936718260242377809, -24.19768623960770526, 39.53276873804478697 ) ) ;
#1761 = ORIENTED_EDGE ( 'NONE', *, *, #804, .T. ) ;
#1762 = FACE_BOUND ( 'NONE', #2458, .T. ) ;
#1763 = CARTESIAN_POINT ( 'NONE',  ( 17.61378052206964639, -9.797729289241951633, 42.28575385426986344 ) ) ;
#1764 = AXIS2_PLACEMENT_3D ( 'NONE', #2146, #3391, #3024 ) ;
#1765 = ORIENTED_EDGE ( 'NONE', *, *, #1613, .T. ) ;
#1766 = CARTESIAN_POINT ( 'NONE',  ( 24.11378052206964639, -9.797729289241951633, 47.78575385426984212 ) ) ;
#1767 = VECTOR ( 'NONE', #3627, 1000.000000000000114 ) ;
#1768 = DIRECTION ( 'NONE',  ( -0.7071067811865514585, 0.0000000000000000000, 0.7071067811865435759 ) ) ;
#1769 = ORIENTED_EDGE ( 'NONE', *, *, #3109, .T. ) ;
#1770 = CARTESIAN_POINT ( 'NONE',  ( 6.713780522069650480, -10.04467341892061860, 30.93575385426984070 ) ) ;
#1771 = CIRCLE ( 'NONE', #3573, 1.399999999999998579 ) ;
#1772 = AXIS2_PLACEMENT_3D ( 'NONE', #3136, #1276, #2815 ) ;
#1773 = ORIENTED_EDGE ( 'NONE', *, *, #2641, .F. ) ;
#1774 = CARTESIAN_POINT ( 'NONE',  ( 56.11378052206963929, -11.79772928924194630, 27.38575385426983999 ) ) ;
#1775 = CARTESIAN_POINT ( 'NONE',  ( 3.013780522069651191, -9.797729289241948081, -3.214246145730168092 ) ) ;
#1776 = VECTOR ( 'NONE', #2943, 1000.000000000000114 ) ;
#1777 = CARTESIAN_POINT ( 'NONE',  ( 3.013780522069651191, -9.797729289241948081, 44.78575385426984212 ) ) ;
#1778 = VECTOR ( 'NONE', #3525, 1000.000000000000000 ) ;
#1779 = ORIENTED_EDGE ( 'NONE', *, *, #3931, .F. ) ;
#1780 = CARTESIAN_POINT ( 'NONE',  ( 0.1137805220696452846, 3.202270710758049699, 35.78575385426984212 ) ) ;
#1781 = CARTESIAN_POINT ( 'NONE',  ( 3.074178027128871005, -10.28227701509442760, 30.95852094376309793 ) ) ;
#1782 = LINE ( 'NONE', #3805, #964 ) ;
#1783 = EDGE_CURVE ( 'NONE', #262, #3382, #4022, .T. ) ;
#1784 = EDGE_LOOP ( 'NONE', ( #2699, #3594, #683, #2902 ) ) ;
#1785 = DIRECTION ( 'NONE',  ( 0.7071067811865475727, 0.0000000000000000000, 0.7071067811865475727 ) ) ;
#1786 = ORIENTED_EDGE ( 'NONE', *, *, #3563, .F. ) ;
#1787 = ORIENTED_EDGE ( 'NONE', *, *, #3839, .F. ) ;
#1788 = EDGE_CURVE ( 'NONE', #740, #1424, #3431, .T. ) ;
#1789 = ORIENTED_EDGE ( 'NONE', *, *, #2817, .F. ) ;
#1790 = CARTESIAN_POINT ( 'NONE',  ( 49.11378052206964639, -23.79772928924194630, 37.28575385426984212 ) ) ;
#1791 = ADVANCED_FACE ( 'NONE', ( #3280 ), #571, .F. ) ;
#1792 = ORIENTED_EDGE ( 'NONE', *, *, #937, .T. ) ;
#1793 = AXIS2_PLACEMENT_3D ( 'NONE', #1708, #460, #1391 ) ;
#1794 = DIRECTION ( 'NONE',  ( -1.000000000000000000, 0.0000000000000000000, 0.0000000000000000000 ) ) ;
#1795 = AXIS2_PLACEMENT_3D ( 'NONE', #2169, #1930, #1355 ) ;
#1796 = ORIENTED_EDGE ( 'NONE', *, *, #3380, .T. ) ;
#1797 = CARTESIAN_POINT ( 'NONE',  ( 17.61378052206964639, -9.797729289241951633, 42.28575385426986344 ) ) ;
#1798 = FACE_BOUND ( 'NONE', #3121, .T. ) ;
#1799 = VERTEX_POINT ( 'NONE', #1372 ) ;
#1800 = DIRECTION ( 'NONE',  ( 0.0000000000000000000, 1.000000000000000000, -0.0000000000000000000 ) ) ;
#1801 = CARTESIAN_POINT ( 'NONE',  ( 2.613780522069633516, -1.797729289241947637, 42.28575385426981370 ) ) ;
#1802 = FACE_OUTER_BOUND ( 'NONE', #2494, .T. ) ;
#1803 = EDGE_CURVE ( 'NONE', #1072, #3103, #3185, .T. ) ;
#1804 = VECTOR ( 'NONE', #1326, 1000.000000000000000 ) ;
#1805 = DIRECTION ( 'NONE',  ( 0.0000000000000000000, 0.0000000000000000000, 1.000000000000000000 ) ) ;
#1806 = CYLINDRICAL_SURFACE ( 'NONE', #3713, 1.449999999999999956 ) ;
#1807 = ORIENTED_EDGE ( 'NONE', *, *, #2150, .T. ) ;
#1808 = EDGE_CURVE ( 'NONE', #2050, #1233, #2594, .T. ) ;
#1809 = CARTESIAN_POINT ( 'NONE',  ( 5.721549381366891396, 3.202270710758049699, 31.78575385426983502 ) ) ;
#1810 = LINE ( 'NONE', #389, #850 ) ;
#1811 = ADVANCED_FACE ( 'NONE', ( #3028 ), #3571, .T. ) ;
#1812 = ORIENTED_EDGE ( 'NONE', *, *, #3959, .T. ) ;
#1813 = VECTOR ( 'NONE', #1863, 1000.000000000000000 ) ;
#1814 = AXIS2_PLACEMENT_3D ( 'NONE', #2534, #927, #3092 ) ;
#1815 = ORIENTED_EDGE ( 'NONE', *, *, #810, .T. ) ;
#1816 = PERSON_AND_ORGANIZATION ( #12, #2690 ) ;
#1817 = ADVANCED_FACE ( 'NONE', ( #2105 ), #3533, .F. ) ;
#1818 = FACE_OUTER_BOUND ( 'NONE', #132, .T. ) ;
#1819 = CARTESIAN_POINT ( 'NONE',  ( 20.61378052206964995, -9.797729289241951633, -0.2142461457301583772 ) ) ;
#1820 = AXIS2_PLACEMENT_3D ( 'NONE', #3866, #149, #2282 ) ;
#1821 = AXIS2_PLACEMENT_3D ( 'NONE', #1245, #2771, #2163 ) ;
#1822 = CYLINDRICAL_SURFACE ( 'NONE', #1382, 4.850000000000000533 ) ;
#1823 = DIRECTION ( 'NONE',  ( -1.000000000000000000, 0.0000000000000000000, 0.0000000000000000000 ) ) ;
#1824 = DIRECTION ( 'NONE',  ( 1.000000000000000000, 0.0000000000000000000, 0.0000000000000000000 ) ) ;
#1825 = LINE ( 'NONE', #1289, #3147 ) ;
#1826 = ORIENTED_EDGE ( 'NONE', *, *, #2979, .F. ) ;
#1827 = EDGE_CURVE ( 'NONE', #2814, #2275, #2388, .T. ) ;
#1828 = EDGE_LOOP ( 'NONE', ( #1217, #436 ) ) ;
#1829 = CARTESIAN_POINT ( 'NONE',  ( 6.751649190328510741, 1.839734181582095784, 39.54726936707039187 ) ) ;
#1830 = DIRECTION ( 'NONE',  ( -1.000000000000000000, 0.0000000000000000000, 0.0000000000000000000 ) ) ;
#1831 = EDGE_LOOP ( 'NONE', ( #2179, #2498 ) ) ;
#1832 = VERTEX_POINT ( 'NONE', #3319 ) ;
#1833 = DIRECTION ( 'NONE',  ( 0.0000000000000000000, 0.0000000000000000000, -1.000000000000000000 ) ) ;
#1834 = EDGE_CURVE ( 'NONE', #1662, #1048, #150, .T. ) ;
#1835 = ORIENTED_EDGE ( 'NONE', *, *, #409, .T. ) ;
#1836 = ADVANCED_FACE ( 'NONE', ( #1332 ), #2293, .F. ) ;
#1837 = CARTESIAN_POINT ( 'NONE',  ( 24.11378052206964639, -3.297729289241948969, 3.785753854269845231 ) ) ;
#1838 = DIRECTION ( 'NONE',  ( -1.000000000000000000, 0.0000000000000000000, 0.0000000000000000000 ) ) ;
#1839 = AXIS2_PLACEMENT_3D ( 'NONE', #1493, #2981, #1246 ) ;
#1840 = CARTESIAN_POINT ( 'NONE',  ( 4.221549381366880738, 3.202270710758043037, 44.78575385426984212 ) ) ;
#1841 = ORIENTED_EDGE ( 'NONE', *, *, #1997, .T. ) ;
#1842 = CARTESIAN_POINT ( 'NONE',  ( 11.11378052206964107, -31.79772928924194630, 8.685753854269837149 ) ) ;
#1843 = CARTESIAN_POINT ( 'NONE',  ( 8.334740920717026214, 2.497689800130917348, 39.72396310485542870 ) ) ;
#1844 = DIRECTION ( 'NONE',  ( 0.0000000000000000000, 1.000000000000000000, 0.0000000000000000000 ) ) ;
#1845 = EDGE_LOOP ( 'NONE', ( #997, #3596, #539, #1062 ) ) ;
#1846 = DIRECTION ( 'NONE',  ( 0.0000000000000000000, 0.0000000000000000000, 1.000000000000000000 ) ) ;
#1847 = AXIS2_PLACEMENT_3D ( 'NONE', #2041, #2999, #2661 ) ;
#1848 = AXIS2_PLACEMENT_3D ( 'NONE', #447, #2847, #1017 ) ;
#1849 = VERTEX_POINT ( 'NONE', #1456 ) ;
#1850 = CIRCLE ( 'NONE', #890, 1.449999999999999956 ) ;
#1851 = ORIENTED_EDGE ( 'NONE', *, *, #1364, .F. ) ;
#1852 = CARTESIAN_POINT ( 'NONE',  ( 49.11378052206964639, -31.79772928924194630, 5.885753854269839103 ) ) ;
#1853 = DIRECTION ( 'NONE',  ( -0.0000000000000000000, 0.0000000000000000000, -1.000000000000000000 ) ) ;
#1854 = CYLINDRICAL_SURFACE ( 'NONE', #3159, 1.449999999999999956 ) ;
#1855 = CARTESIAN_POINT ( 'NONE',  ( 55.61378052206963929, -27.79772928924194986, 40.28575385426984212 ) ) ;
#1856 = ORIENTED_EDGE ( 'NONE', *, *, #271, .F. ) ;
#1857 = DIRECTION ( 'NONE',  ( -0.0000000000000000000, 1.000000000000000000, -0.0000000000000000000 ) ) ;
#1858 = ADVANCED_FACE ( 'NONE', ( #2978 ), #1139, .F. ) ;
#1859 = EDGE_CURVE ( 'NONE', #2844, #1482, #3474, .T. ) ;
#1860 = VECTOR ( 'NONE', #3285, 1000.000000000000000 ) ;
#1861 = DIRECTION ( 'NONE',  ( -1.000000000000000000, 0.0000000000000000000, 0.0000000000000000000 ) ) ;
#1862 = ORIENTED_EDGE ( 'NONE', *, *, #250, .F. ) ;
#1863 = DIRECTION ( 'NONE',  ( 0.0000000000000000000, 0.0000000000000000000, 1.000000000000000000 ) ) ;
#1864 = CIRCLE ( 'NONE', #2890, 3.000000000000002665 ) ;
#1865 = EDGE_CURVE ( 'NONE', #902, #2266, #3873, .T. ) ;
#1866 = ORIENTED_EDGE ( 'NONE', *, *, #3754, .T. ) ;
#1867 = DIRECTION ( 'NONE',  ( 0.0000000000000000000, 0.0000000000000000000, -1.000000000000000000 ) ) ;
#1868 = FACE_BOUND ( 'NONE', #300, .T. ) ;
#1869 = CARTESIAN_POINT ( 'NONE',  ( 24.11378052206964639, -9.797729289241951633, 44.78575385426984212 ) ) ;
#1870 = ORIENTED_EDGE ( 'NONE', *, *, #2503, .F. ) ;
#1871 = CALENDAR_DATE ( 2019, 12, 12 ) ;
#1872 = DIRECTION ( 'NONE',  ( 0.0000000000000000000, 1.000000000000000000, 0.0000000000000000000 ) ) ;
#1873 = PLANE ( 'NONE',  #892 ) ;
#1874 = LINE ( 'NONE', #706, #3927 ) ;
#1875 = DIRECTION ( 'NONE',  ( -0.7071067811865474617, -0.0000000000000000000, 0.7071067811865474617 ) ) ;
#1876 = CARTESIAN_POINT ( 'NONE',  ( 30.11378052206963929, -30.49772928924196691, 16.63575385426985065 ) ) ;
#1877 = VECTOR ( 'NONE', #2002, 1000.000000000000000 ) ;
#1878 = EDGE_LOOP ( 'NONE', ( #759, #3632, #643, #8 ) ) ;
#1879 = ADVANCED_FACE ( 'NONE', ( #3577 ), #522, .F. ) ;
#1880 = PLANE ( 'NONE',  #590 ) ;
#1881 = CIRCLE ( 'NONE', #1428, 1.399999999999991473 ) ;
#1882 = DIRECTION ( 'NONE',  ( 1.000000000000000000, 0.0000000000000000000, 0.0000000000000000000 ) ) ;
#1883 = VERTEX_POINT ( 'NONE', #547 ) ;
#1884 = CARTESIAN_POINT ( 'NONE',  ( 40.11378052206963929, -31.79772928924194630, 44.78575385426983502 ) ) ;
#1885 = ORIENTED_EDGE ( 'NONE', *, *, #2166, .F. ) ;
#1886 = EDGE_CURVE ( 'NONE', #94, #2039, #3728, .T. ) ;
#1887 = DIRECTION ( 'NONE',  ( -1.000000000000000000, 0.0000000000000000000, 0.0000000000000000000 ) ) ;
#1888 = CARTESIAN_POINT ( 'NONE',  ( 6.653383017010426670, -10.28227701509442937, 40.61298676477657210 ) ) ;
#1889 = ORIENTED_EDGE ( 'NONE', *, *, #679, .F. ) ;
#1890 = DIRECTION ( 'NONE',  ( -1.000000000000000000, 0.0000000000000000000, 0.0000000000000000000 ) ) ;
#1891 = EDGE_CURVE ( 'NONE', #623, #3487, #2155, .T. ) ;
#1892 = ORIENTED_EDGE ( 'NONE', *, *, #2292, .T. ) ;
#1893 = CARTESIAN_POINT ( 'NONE',  ( 22.11378052206963574, 3.202270710758049699, 35.78575385426984212 ) ) ;
#1894 = DIRECTION ( 'NONE',  ( -0.0000000000000000000, 0.0000000000000000000, -1.000000000000000000 ) ) ;
#1895 = AXIS2_PLACEMENT_3D ( 'NONE', #3820, #3848, #1945 ) ;
#1896 = ORIENTED_EDGE ( 'NONE', *, *, #131, .F. ) ;
#1897 = DIRECTION ( 'NONE',  ( 0.0000000000000000000, -0.0000000000000000000, 1.000000000000000000 ) ) ;
#1898 = DIRECTION ( 'NONE',  ( 0.0000000000000000000, -0.7071067811865475727, 0.7071067811865475727 ) ) ;
#1899 = DIRECTION ( 'NONE',  ( -1.000000000000000000, 0.0000000000000000000, 0.0000000000000000000 ) ) ;
#1900 = ADVANCED_FACE ( 'NONE', ( #2883 ), #1183, .F. ) ;
#1901 = LINE ( 'NONE', #3896, #2816 ) ;
#1902 = ORIENTED_EDGE ( 'NONE', *, *, #1216, .T. ) ;
#1903 = CARTESIAN_POINT ( 'NONE',  ( 59.61378052206962508, 8.202270710758053696, 44.78575385426984212 ) ) ;
#1904 = CC_DESIGN_PERSON_AND_ORGANIZATION_ASSIGNMENT ( #668, #1110, ( #1148 ) ) ;
#1905 = DIRECTION ( 'NONE',  ( 0.0000000000000000000, 0.0000000000000000000, -1.000000000000000000 ) ) ;
#1906 = AXIS2_PLACEMENT_3D ( 'NONE', #23, #2792, #945 ) ;
#1907 = LINE ( 'NONE', #2366, #562 ) ;
#1908 = LINE ( 'NONE', #2716, #2532 ) ;
#1909 = CARTESIAN_POINT ( 'NONE',  ( 0.1137805220696452846, -22.79772928924194630, 31.78575385426983502 ) ) ;
#1910 = CARTESIAN_POINT ( 'NONE',  ( 14.71378052206963361, -9.797729289241951633, 40.78575385426984212 ) ) ;
#1911 = EDGE_CURVE ( 'NONE', #836, #2126, #2684, .T. ) ;
#1912 = ORIENTED_EDGE ( 'NONE', *, *, #2787, .T. ) ;
#1913 = DIRECTION ( 'NONE',  ( -1.000000000000000000, 0.0000000000000000000, 0.0000000000000000000 ) ) ;
#1914 = DIRECTION ( 'NONE',  ( 1.000000000000000000, 0.0000000000000000000, 0.0000000000000000000 ) ) ;
#1915 = CIRCLE ( 'NONE', #3740, 3.000000000000002665 ) ;
#1916 = DIRECTION ( 'NONE',  ( 0.0000000000000000000, -0.0000000000000000000, 1.000000000000000000 ) ) ;
#1917 = CARTESIAN_POINT ( 'NONE',  ( 60.11378052206964639, -27.79772928924194630, 40.78575385426984212 ) ) ;
#1918 = VERTEX_POINT ( 'NONE', #2391 ) ;
#1919 = EDGE_CURVE ( 'NONE', #1504, #2863, #2200, .T. ) ;
#1920 = CARTESIAN_POINT ( 'NONE',  ( 9.613780522069646395, -22.79772928924194630, 35.78575385426984212 ) ) ;
#1921 = CIRCLE ( 'NONE', #1848, 1.399999999999995026 ) ;
#1922 = CARTESIAN_POINT ( 'NONE',  ( 8.234377742882632134, -23.65205758089080845, 31.87729448592074277 ) ) ;
#1923 = EDGE_LOOP ( 'NONE', ( #3810, #405 ) ) ;
#1924 = VECTOR ( 'NONE', #3484, 1000.000000000000000 ) ;
#1925 = ADVANCED_FACE ( 'NONE', ( #42 ), #1477, .F. ) ;
#1926 = DIRECTION ( 'NONE',  ( 0.0000000000000000000, -1.000000000000000000, 0.0000000000000000000 ) ) ;
#1927 = VERTEX_POINT ( 'NONE', #3937 ) ;
#1928 = CONICAL_SURFACE ( 'NONE', #1618, 1.399999999999998579, 0.7853981633974481680 ) ;
#1929 = DIRECTION ( 'NONE',  ( 0.0000000000000000000, 0.0000000000000000000, -1.000000000000000000 ) ) ;
#1930 = DIRECTION ( 'NONE',  ( 0.0000000000000000000, -1.000000000000000000, 0.0000000000000000000 ) ) ;
#1931 = CARTESIAN_POINT ( 'NONE',  ( 59.61378052206962508, -31.29772928924192499, 44.78575385426984212 ) ) ;
#1932 = AXIS2_PLACEMENT_3D ( 'NONE', #1074, #755, #3865 ) ;
#1933 = AXIS2_PLACEMENT_3D ( 'NONE', #1389, #2316, #2631 ) ;
#1934 = VECTOR ( 'NONE', #2180, 1000.000000000000000 ) ;
#1935 = ORIENTED_EDGE ( 'NONE', *, *, #3380, .F. ) ;
#1936 = EDGE_LOOP ( 'NONE', ( #1885, #2160, #2976, #3801 ) ) ;
#1937 = CARTESIAN_POINT ( 'NONE',  ( 4.863780522069649948, -9.797729289241948081, -3.214246145730168092 ) ) ;
#1938 = CARTESIAN_POINT ( 'NONE',  ( 37.11378052206964639, -31.79772928924194630, 38.78575385426984212 ) ) ;
#1939 = VERTEX_POINT ( 'NONE', #2463 ) ;
#1940 = ORIENTED_EDGE ( 'NONE', *, *, #2070, .T. ) ;
#1941 = CARTESIAN_POINT ( 'NONE',  ( 59.61378052206962508, -31.29772928924192499, -0.2142461457301583772 ) ) ;
#1942 = ORIENTED_EDGE ( 'NONE', *, *, #2397, .T. ) ;
#1943 = DIRECTION ( 'NONE',  ( 0.0000000000000000000, 0.0000000000000000000, 1.000000000000000000 ) ) ;
#1944 = EDGE_CURVE ( 'NONE', #3672, #902, #2061, .T. ) ;
#1945 = DIRECTION ( 'NONE',  ( 0.0000000000000000000, 0.0000000000000000000, 1.000000000000000000 ) ) ;
#1946 = CARTESIAN_POINT ( 'NONE',  ( 56.11378052206963929, -18.29772928924194275, 20.88575385426984710 ) ) ;
#1947 = ORIENTED_EDGE ( 'NONE', *, *, #3750, .F. ) ;
#1948 = ADVANCED_FACE ( 'NONE', ( #1378 ), #4, .F. ) ;
#1949 = CARTESIAN_POINT ( 'NONE',  ( 6.713780522069647816, -9.797729289241948081, 40.63575385426983644 ) ) ;
#1950 = DIRECTION ( 'NONE',  ( 0.0000000000000000000, 0.0000000000000000000, -1.000000000000000000 ) ) ;
#1951 = EDGE_CURVE ( 'NONE', #1754, #2779, #3630, .T. ) ;
#1952 = ORIENTED_EDGE ( 'NONE', *, *, #2230, .F. ) ;
#1953 = CARTESIAN_POINT ( 'NONE',  ( 3.063343675794147902, -9.308823578657650089, 30.95521872732037494 ) ) ;
#1954 = ORIENTED_EDGE ( 'NONE', *, *, #1013, .F. ) ;
#1955 = VECTOR ( 'NONE', #1748, 1000.000000000000000 ) ;
#1956 = ORIENTED_EDGE ( 'NONE', *, *, #3144, .T. ) ;
#1957 = DIRECTION ( 'NONE',  ( 0.0000000000000000000, 0.0000000000000000000, -1.000000000000000000 ) ) ;
#1958 = CARTESIAN_POINT ( 'NONE',  ( 3.259663120459215246, -10.72706665453520181, 40.54697406272742910 ) ) ;
#1959 = FACE_OUTER_BOUND ( 'NONE', #1380, .T. ) ;
#1960 = CARTESIAN_POINT ( 'NONE',  ( 59.61378052206962508, 8.202270710758053696, 44.78575385426984212 ) ) ;
#1961 = ORIENTED_EDGE ( 'NONE', *, *, #2840, .T. ) ;
#1962 = CARTESIAN_POINT ( 'NONE',  ( 16.11378052206964639, -31.79772928924194630, 38.78575385426984212 ) ) ;
#1963 = LINE ( 'NONE', #3566, #613 ) ;
#1964 = ORIENTED_EDGE ( 'NONE', *, *, #979, .F. ) ;
#1965 = CARTESIAN_POINT ( 'NONE',  ( 9.613780522069646395, 8.202270710758053696, 40.78575385426984212 ) ) ;
#1966 = EDGE_CURVE ( 'NONE', #1599, #234, #2929, .T. ) ;
#1967 = CIRCLE ( 'NONE', #3446, 1.449999999999999956 ) ;
#1968 = ORIENTED_EDGE ( 'NONE', *, *, #1448, .F. ) ;
#1969 = CARTESIAN_POINT ( 'NONE',  ( 2.613780522069633516, -1.797729289241947637, 40.83575385426981796 ) ) ;
#1970 = CYLINDRICAL_SURFACE ( 'NONE', #1814, 1.399999999999995914 ) ;
#1971 = EDGE_CURVE ( 'NONE', #2167, #733, #946, .T. ) ;
#1972 = ORIENTED_EDGE ( 'NONE', *, *, #1783, .F. ) ;
#1973 = APPROVAL_PERSON_ORGANIZATION ( #2935, #2653, #3244 ) ;
#1974 = CYLINDRICAL_SURFACE ( 'NONE', #585, 1.849999999999998312 ) ;
#1975 = CARTESIAN_POINT ( 'NONE',  ( 14.11378052206964462, -9.797729289241953410, 47.78575385426984212 ) ) ;
#1976 = CIRCLE ( 'NONE', #1507, 1.399999999999995026 ) ;
#1977 = DIRECTION ( 'NONE',  ( 0.0000000000000000000, -0.0000000000000000000, 1.000000000000000000 ) ) ;
#1978 = ORIENTED_EDGE ( 'NONE', *, *, #2927, .F. ) ;
#1979 = CARTESIAN_POINT ( 'NONE',  ( 0.6137805220696666009, -31.29772928924192499, -0.2142461457301583772 ) ) ;
#1980 = VECTOR ( 'NONE', #2085, 1000.000000000000000 ) ;
#1981 = CARTESIAN_POINT ( 'NONE',  ( 57.61378052206963929, -1.797729289241947637, 2.285753854269857666 ) ) ;
#1982 = EDGE_LOOP ( 'NONE', ( #1961, #3565, #2736, #2370 ) ) ;
#1983 = CARTESIAN_POINT ( 'NONE',  ( 8.521549381366883225, -22.79772928924194630, 39.78575385426984212 ) ) ;
#1984 = AXIS2_PLACEMENT_3D ( 'NONE', #3400, #924, #3412 ) ;
#1985 = EDGE_LOOP ( 'NONE', ( #3201, #3587 ) ) ;
#1986 = CARTESIAN_POINT ( 'NONE',  ( 5.758751559219058791, 2.833070263471598960, 31.79917770512338038 ) ) ;
#1987 = CARTESIAN_POINT ( 'NONE',  ( 8.521549381366885001, -22.79772928924194630, 31.78575385426983502 ) ) ;
#1988 = ORIENTED_EDGE ( 'NONE', *, *, #556, .F. ) ;
#1989 = CARTESIAN_POINT ( 'NONE',  ( 5.794107538414806413, -22.34352019420038005, 39.76079960558355708 ) ) ;
#1990 = DIRECTION ( 'NONE',  ( 0.0000000000000000000, 0.0000000000000000000, 1.000000000000000000 ) ) ;
#1991 = CARTESIAN_POINT ( 'NONE',  ( 60.11378052206964639, -31.29772928924192499, -0.2142461457301583772 ) ) ;
#1992 = EDGE_LOOP ( 'NONE', ( #1746, #3899, #255, #80 ) ) ;
#1993 = EDGE_CURVE ( 'NONE', #387, #1849, #1677, .T. ) ;
#1994 = CARTESIAN_POINT ( 'NONE',  ( 29.21378052206964782, -9.797729289241951633, 42.28575385426982791 ) ) ;
#1995 = DIRECTION ( 'NONE',  ( -1.000000000000000000, 0.0000000000000000000, 0.0000000000000000000 ) ) ;
#1996 = DIRECTION ( 'NONE',  ( 0.7071067811865474617, 0.0000000000000000000, -0.7071067811865476838 ) ) ;
#1997 = EDGE_CURVE ( 'NONE', #697, #1737, #569, .T. ) ;
#1998 = VECTOR ( 'NONE', #501, 1000.000000000000000 ) ;
#1999 = ORIENTED_EDGE ( 'NONE', *, *, #2484, .T. ) ;
#2000 = CIRCLE ( 'NONE', #4028, 1.399999999999998579 ) ;
#2001 = VECTOR ( 'NONE', #2125, 1000.000000000000000 ) ;
#2002 = DIRECTION ( 'NONE',  ( 1.000000000000000000, 0.0000000000000000000, 0.0000000000000000000 ) ) ;
#2003 = AXIS2_PLACEMENT_3D ( 'NONE', #1920, #1030, #3208 ) ;
#2004 = DIRECTION ( 'NONE',  ( 0.0000000000000000000, 0.0000000000000000000, 1.000000000000000000 ) ) ;
#2005 = CYLINDRICAL_SURFACE ( 'NONE', #2132, 0.5000000000000004441 ) ;
#2006 = ORIENTED_EDGE ( 'NONE', *, *, #3269, .T. ) ;
#2007 = CARTESIAN_POINT ( 'NONE',  ( 6.414013344340384393, 1.980289668454543017, 31.97624778787949751 ) ) ;
#2008 = VECTOR ( 'NONE', #3388, 1000.000000000000114 ) ;
#2009 = CARTESIAN_POINT ( 'NONE',  ( 5.721549381366891396, -22.61393277838091009, 31.78575385426983502 ) ) ;
#2010 = VERTEX_POINT ( 'NONE', #335 ) ;
#2011 = CYLINDRICAL_SURFACE ( 'NONE', #3070, 1.399999999999995914 ) ;
#2012 = DIRECTION ( 'NONE',  ( 0.0000000000000000000, 0.0000000000000000000, -1.000000000000000000 ) ) ;
#2013 = EDGE_LOOP ( 'NONE', ( #2208, #2420, #169, #684 ) ) ;
#2014 = COORDINATED_UNIVERSAL_TIME_OFFSET ( 0, 0, .AHEAD. ) ;
#2015 = EDGE_CURVE ( 'NONE', #1048, #1482, #3127, .T. ) ;
#2016 = FACE_OUTER_BOUND ( 'NONE', #3824, .T. ) ;
#2017 = ORIENTED_EDGE ( 'NONE', *, *, #3052, .F. ) ;
#2018 = CARTESIAN_POINT ( 'NONE',  ( 50.11378052206963929, -11.79772928924194630, 15.78575385426984923 ) ) ;
#2019 = FACE_BOUND ( 'NONE', #2158, .T. ) ;
#2020 = EDGE_CURVE ( 'NONE', #3494, #306, #2781, .T. ) ;
#2021 = CARTESIAN_POINT ( 'NONE',  ( 3.013780522069652079, -9.674233088919391932, 40.63575385426982933 ) ) ;
#2022 = DIRECTION ( 'NONE',  ( -1.000000000000000000, 0.0000000000000000000, 0.0000000000000000000 ) ) ;
#2023 = CARTESIAN_POINT ( 'NONE',  ( 3.929665960694536775, -8.182851958925164482, 40.36008018492991312 ) ) ;
#2024 = LINE ( 'NONE', #1560, #823 ) ;
#2025 = ORIENTED_EDGE ( 'NONE', *, *, #2974, .T. ) ;
#2026 = ORIENTED_EDGE ( 'NONE', *, *, #3624, .T. ) ;
#2027 = AXIS2_PLACEMENT_3D ( 'NONE', #2326, #1090, #1716 ) ;
#2028 = CARTESIAN_POINT ( 'NONE',  ( 50.11378052206963929, -5.297729289241950745, 20.88575385426984710 ) ) ;
#2029 = EDGE_LOOP ( 'NONE', ( #2342, #635, #3970, #3847 ) ) ;
#2030 = ORIENTED_EDGE ( 'NONE', *, *, #356, .F. ) ;
#2031 = DIRECTION ( 'NONE',  ( 0.0000000000000000000, 0.0000000000000000000, 1.000000000000000000 ) ) ;
#2032 = ORIENTED_EDGE ( 'NONE', *, *, #2020, .F. ) ;
#2033 = CARTESIAN_POINT ( 'NONE',  ( 21.11378052206964284, -3.297729289241949413, 9.785753854269843899 ) ) ;
#2034 = AXIS2_PLACEMENT_3D ( 'NONE', #949, #1571, #45 ) ;
#2035 = UNCERTAINTY_MEASURE_WITH_UNIT (LENGTH_MEASURE( 1.000000000000000082E-05 ), #2649, 'distance_accuracy_value', 'NONE');
#2036 = AXIS2_PLACEMENT_3D ( 'NONE', #1700, #1785, #592 ) ;
#2037 = CARTESIAN_POINT ( 'NONE',  ( 13.11378052206964284, -31.79772928924194630, 31.78575385426984923 ) ) ;
#2038 = CARTESIAN_POINT ( 'NONE',  ( 3.026020502798794087, -9.553021926991149826, 40.63104765864051870 ) ) ;
#2039 = VERTEX_POINT ( 'NONE', #278 ) ;
#2040 = DIRECTION ( 'NONE',  ( -1.000000000000000000, 0.0000000000000000000, 0.0000000000000000000 ) ) ;
#2041 = CARTESIAN_POINT ( 'NONE',  ( 30.11378052206963929, -27.79772928924194630, 18.03575385426984212 ) ) ;
#2042 = VERTEX_POINT ( 'NONE', #2139 ) ;
#2043 = DIRECTION ( 'NONE',  ( 1.000000000000000000, 0.0000000000000000000, 0.0000000000000000000 ) ) ;
#2044 = CARTESIAN_POINT ( 'NONE',  ( 3.394966442031180254, -10.92887152568112796, 31.06840198968133038 ) ) ;
#2045 = EDGE_CURVE ( 'NONE', #2106, #1585, #1967, .T. ) ;
#2046 = VERTEX_POINT ( 'NONE', #884 ) ;
#2047 = ADVANCED_FACE ( 'NONE', ( #473 ), #3747, .T. ) ;
#2048 = DIRECTION ( 'NONE',  ( 0.0000000000000000000, 0.0000000000000000000, -1.000000000000000000 ) ) ;
#2049 = VECTOR ( 'NONE', #265, 1000.000000000000000 ) ;
#2050 = VERTEX_POINT ( 'NONE', #1842 ) ;
#2051 = CARTESIAN_POINT ( 'NONE',  ( 8.484347203514719382, 2.833070263471598516, 39.77233000341630031 ) ) ;
#2052 = AXIS2_PLACEMENT_3D ( 'NONE', #404, #79, #3496 ) ;
#2053 = CARTESIAN_POINT ( 'NONE',  ( 5.721549381366890508, 3.295568800311705182, 39.78575385426984212 ) ) ;
#2054 = CIRCLE ( 'NONE', #1793, 1.399999999999995914 ) ;
#2055 = VERTEX_POINT ( 'NONE', #1562 ) ;
#2056 = CYLINDRICAL_SURFACE ( 'NONE', #2443, 1.399999999999998579 ) ;
#2057 = ORIENTED_EDGE ( 'NONE', *, *, #3241, .F. ) ;
#2058 = AXIS2_PLACEMENT_3D ( 'NONE', #1334, #2277, #739 ) ;
#2059 = DIRECTION ( 'NONE',  ( 1.000000000000000000, 0.0000000000000000000, 0.0000000000000000000 ) ) ;
#2060 = CARTESIAN_POINT ( 'NONE',  ( 5.793914787136048794, -23.25140216153427986, 39.76086377464834953 ) ) ;
#2061 = LINE ( 'NONE', #3691, #3964 ) ;
#2062 = VERTEX_POINT ( 'NONE', #2419 ) ;
#2063 = CIRCLE ( 'NONE', #1481, 3.000000000000002665 ) ;
#2064 = CARTESIAN_POINT ( 'NONE',  ( 6.257192310212012387, -8.574911603973598417, 40.47989661527412153 ) ) ;
#2065 = ORIENTED_EDGE ( 'NONE', *, *, #2687, .T. ) ;
#2066 = ADVANCED_FACE ( 'NONE', ( #336 ), #659, .F. ) ;
#2067 = DIRECTION ( 'NONE',  ( 0.0000000000000000000, -1.000000000000000000, 0.0000000000000000000 ) ) ;
#2068 = FACE_OUTER_BOUND ( 'NONE', #1208, .T. ) ;
#2069 = CARTESIAN_POINT ( 'NONE',  ( 6.334598167804945668, -10.92624868636071156, 31.06777443694701191 ) ) ;
#2070 = EDGE_CURVE ( 'NONE', #2934, #3649, #1235, .T. ) ;
#2071 = B_SPLINE_CURVE_WITH_KNOTS ( 'NONE', 3,
 ( #1987, #1706, #3600, #480, #1104, #3560, #3613, #1121, #2644, #3265, #2337, #1742, #3922, #3239, #1071, #193, #505, #2620, #2954, #3254, #2302, #468, #2009, #158 ),
 .UNSPECIFIED., .F., .F.,
 ( 4, 2, 2, 2, 2, 2, 2, 2, 2, 2, 2, 4 ),
 ( 0.0000000000000000000, 0.0002757662881570780485, 0.0005515325763141560970, 0.001103065152628312628, 0.001654597728942469375, 0.002206130305256625689, 0.002481896593413703087, 0.002757662881570779618, 0.003309195457884933547, 0.003584961746042007475, 0.003860728034199081404, 0.004412260610513227960 ),
 .UNSPECIFIED. ) ;
#2072 = CIRCLE ( 'NONE', #2606, 3.000000000000002665 ) ;
#2073 = CARTESIAN_POINT ( 'NONE',  ( 5.758862316037653528, 3.571598887642053910, 31.79921134261624971 ) ) ;
#2074 = ORIENTED_EDGE ( 'NONE', *, *, #1086, .T. ) ;
#2075 = EDGE_CURVE ( 'NONE', #308, #3099, #1050, .T. ) ;
#2076 = ORIENTED_EDGE ( 'NONE', *, *, #1689, .T. ) ;
#2077 = EDGE_LOOP ( 'NONE', ( #1257, #1579 ) ) ;
#2078 = DIRECTION ( 'NONE',  ( 0.0000000000000000000, -0.0000000000000000000, 1.000000000000000000 ) ) ;
#2079 = CARTESIAN_POINT ( 'NONE',  ( 6.467168489577237445, -8.867066931473623015, 40.54672328387066926 ) ) ;
#2080 = ORIENTED_EDGE ( 'NONE', *, *, #2664, .F. ) ;
#2081 = DIRECTION ( 'NONE',  ( 0.0000000000000000000, 0.0000000000000000000, 1.000000000000000000 ) ) ;
#2082 = DIRECTION ( 'NONE',  ( -1.000000000000000000, 0.0000000000000000000, 0.0000000000000000000 ) ) ;
#2083 = EDGE_LOOP ( 'NONE', ( #3298, #4025, #567, #2718 ) ) ;
#2084 = DIRECTION ( 'NONE',  ( 0.0000000000000000000, 0.0000000000000000000, 1.000000000000000000 ) ) ;
#2085 = DIRECTION ( 'NONE',  ( 0.0000000000000000000, -1.000000000000000000, -0.0000000000000000000 ) ) ;
#2086 = ORIENTED_EDGE ( 'NONE', *, *, #3563, .T. ) ;
#2087 = CARTESIAN_POINT ( 'NONE',  ( 8.176199387295406851, 4.127469564780536615, 39.67785099653867320 ) ) ;
#2088 = VERTEX_POINT ( 'NONE', #67 ) ;
#2089 = EDGE_CURVE ( 'NONE', #2456, #234, #1915, .T. ) ;
#2090 = CARTESIAN_POINT ( 'NONE',  ( 50.11378052206963929, -18.29772928924194275, 22.28575385426984568 ) ) ;
#2091 = DIRECTION ( 'NONE',  ( -0.5773502691896258421, -0.5773502691896258421, -0.5773502691896258421 ) ) ;
#2092 = FACE_OUTER_BOUND ( 'NONE', #1108, .T. ) ;
#2093 = VERTEX_POINT ( 'NONE', #3776 ) ;
#2094 = B_SPLINE_CURVE_WITH_KNOTS ( 'NONE', 3,
 ( #3442, #639, #956, #1888, #3138, #2776, #3428, #3093, #1236, #3416, #338, #1563, #377, #1595, #677, #981, #3154, #3405, #2590, #83, #99, #2235, #2276, #408, #3500, #1958, #2551, #2887, #2858, #140 ),
 .UNSPECIFIED., .F., .F.,
 ( 4, 2, 2, 2, 2, 2, 2, 2, 2, 2, 2, 2, 2, 2, 4 ),
 ( 0.005839814219284578806, 0.006204731276474332799, 0.006569648333664086792, 0.006934565390853840786, 0.007299482448043594779, 0.007664399505233348772, 0.008029316562423102766, 0.008394233619612856759, 0.008759150676802610752, 0.009488984791182117004, 0.009853901848371869263, 0.01021881890556161979, 0.01058373596275137205, 0.01094865301994112430, 0.01167848713432063402 ),
 .UNSPECIFIED. ) ;
#2095 = EDGE_CURVE ( 'NONE', #667, #1233, #3328, .T. ) ;
#2096 = CARTESIAN_POINT ( 'NONE',  ( 49.11378052206964639, -27.79772928924194630, 7.285753854269841234 ) ) ;
#2097 = LINE ( 'NONE', #3038, #2143 ) ;
#2098 = FACE_OUTER_BOUND ( 'NONE', #968, .T. ) ;
#2099 = CARTESIAN_POINT ( 'NONE',  ( 60.11378052206964639, 8.202270710758053696, 44.78575385426984212 ) ) ;
#2100 = CARTESIAN_POINT ( 'NONE',  ( 55.61378052206963929, 8.202270710758053696, 4.285753854269845675 ) ) ;
#2101 = VECTOR ( 'NONE', #793, 1000.000000000000000 ) ;
#2102 = AXIS2_PLACEMENT_3D ( 'NONE', #3452, #2226, #2518 ) ;
#2103 = VERTEX_POINT ( 'NONE', #2209 ) ;
#2104 = CARTESIAN_POINT ( 'NONE',  ( 8.379045781397064019, 3.824390183990730829, 39.73799353398185019 ) ) ;
#2105 = FACE_OUTER_BOUND ( 'NONE', #1173, .T. ) ;
#2106 = VERTEX_POINT ( 'NONE', #2802 ) ;
#2107 = AXIS2_PLACEMENT_3D ( 'NONE', #1466, #837, #219 ) ;
#2108 = ORIENTED_EDGE ( 'NONE', *, *, #2769, .F. ) ;
#2109 = COORDINATED_UNIVERSAL_TIME_OFFSET ( 0, 0, .AHEAD. ) ;
#2110 = CARTESIAN_POINT ( 'NONE',  ( 0.1137805220696452846, -9.797729289241948081, 30.93575385426983715 ) ) ;
#2111 = CYLINDRICAL_SURFACE ( 'NONE', #1795, 3.000000000000002665 ) ;
#2112 = DIRECTION ( 'NONE',  ( 0.0000000000000000000, 0.0000000000000000000, 1.000000000000000000 ) ) ;
#2113 = ORIENTED_EDGE ( 'NONE', *, *, #3809, .F. ) ;
#2114 = DIRECTION ( 'NONE',  ( 0.0000000000000000000, 0.0000000000000000000, 1.000000000000000000 ) ) ;
#2115 = CARTESIAN_POINT ( 'NONE',  ( 8.521549381366883225, 3.018518369457501294, 39.78575385426984212 ) ) ;
#2116 = CARTESIAN_POINT ( 'NONE',  ( 33.51378052206963076, -9.797729289241951633, 40.78575385426984212 ) ) ;
#2117 = FACE_BOUND ( 'NONE', #947, .T. ) ;
#2118 = CARTESIAN_POINT ( 'NONE',  ( 24.11378052206964639, -16.29772928924195341, 42.28575385426983502 ) ) ;
#2119 = CYLINDRICAL_SURFACE ( 'NONE', #2742, 1.449999999999999956 ) ;
#2120 = EDGE_CURVE ( 'NONE', #2275, #1602, #240, .T. ) ;
#2121 = B_SPLINE_CURVE_WITH_KNOTS ( 'NONE', 3,
 ( #2351, #2115, #2051, #3050, #1843, #3064, #310, #218, #1131, #3676, #280, #586, #2140, #1197, #1829, #2667, #624, #1537, #1212, #4007, #3721, #3993, #3612, #610, #3374, #1440 ),
 .UNSPECIFIED., .F., .F.,
 ( 4, 2, 2, 2, 2, 2, 2, 2, 2, 2, 2, 2, 4 ),
 ( 0.004412260610513206276, 0.004963660643769971306, 0.005239360660398355123, 0.005515060677026738939, 0.006066460710283506572, 0.006342160726911889521, 0.006617860743540271602, 0.007169260776797038368, 0.007720660810053806868, 0.007996360826682188949, 0.008272060843310571898, 0.008547760859938954847, 0.008823460876567337796 ),
 .UNSPECIFIED. ) ;
#2122 = ORIENTED_EDGE ( 'NONE', *, *, #402, .T. ) ;
#2123 = ADVANCED_FACE ( 'NONE', ( #2826 ), #3023, .F. ) ;
#2124 = ORIENTED_EDGE ( 'NONE', *, *, #2950, .F. ) ;
#2125 = DIRECTION ( 'NONE',  ( -1.000000000000000000, 0.0000000000000000000, 0.0000000000000000000 ) ) ;
#2126 = VERTEX_POINT ( 'NONE', #50 ) ;
#2127 = AXIS2_PLACEMENT_3D ( 'NONE', #920, #3335, #1471 ) ;
#2128 = ORIENTED_EDGE ( 'NONE', *, *, #2565, .T. ) ;
#2129 = CARTESIAN_POINT ( 'NONE',  ( 5.730781211528671371, 3.387166760947779132, 39.78249625509137388 ) ) ;
#2130 = DIRECTION ( 'NONE',  ( 1.000000000000000000, 0.0000000000000000000, -0.0000000000000000000 ) ) ;
#2131 = VERTEX_POINT ( 'NONE', #2181 ) ;
#2132 = AXIS2_PLACEMENT_3D ( 'NONE', #1315, #2836, #427 ) ;
#2133 = DIRECTION ( 'NONE',  ( 0.0000000000000000000, 0.0000000000000000000, -1.000000000000000000 ) ) ;
#2134 = AXIS2_PLACEMENT_3D ( 'NONE', #725, #1056, #1950 ) ;
#2135 = ORIENTED_EDGE ( 'NONE', *, *, #1919, .T. ) ;
#2136 = CARTESIAN_POINT ( 'NONE',  ( 7.121549381366887310, 3.202270710758043037, 43.28575385426984212 ) ) ;
#2137 = CARTESIAN_POINT ( 'NONE',  ( 27.11378052206964995, -3.297729289241948969, 3.785753854269845231 ) ) ;
#2138 = EDGE_LOOP ( 'NONE', ( #2268, #3642, #2489, #3843, #2483, #461, #2795, #3654 ) ) ;
#2139 = CARTESIAN_POINT ( 'NONE',  ( 5.721549381366891396, 3.202270710758049699, 31.78575385426983502 ) ) ;
#2140 = CARTESIAN_POINT ( 'NONE',  ( 7.213475391709751605, 1.802249243002699508, 39.53274463226105695 ) ) ;
#2141 = DIRECTION ( 'NONE',  ( 2.569960705150824905E-16, 0.0000000000000000000, 1.000000000000000000 ) ) ;
#2142 = ADVANCED_FACE ( 'NONE', ( #2636 ), #3228, .F. ) ;
#2143 = VECTOR ( 'NONE', #3963, 1000.000000000000000 ) ;
#2144 = EDGE_CURVE ( 'NONE', #432, #2824, #1091, .T. ) ;
#2145 = FACE_OUTER_BOUND ( 'NONE', #3556, .T. ) ;
#2146 = CARTESIAN_POINT ( 'NONE',  ( 7.121549381366887310, -22.79772928924193920, 44.78575385426984212 ) ) ;
#2147 = CARTESIAN_POINT ( 'NONE',  ( 60.11378052206964639, -11.79772928924194630, 17.18575385426984781 ) ) ;
#2148 = CYLINDRICAL_SURFACE ( 'NONE', #565, 4.000000000000003553 ) ;
#2149 = ORIENTED_EDGE ( 'NONE', *, *, #3667, .T. ) ;
#2150 = EDGE_CURVE ( 'NONE', #1939, #3779, #1810, .T. ) ;
#2151 = CARTESIAN_POINT ( 'NONE',  ( 5.797895083444765341, -8.182851958925166258, 31.21142752360977113 ) ) ;
#2152 = DIRECTION ( 'NONE',  ( 0.0000000000000000000, -0.0000000000000000000, 1.000000000000000000 ) ) ;
#2153 = VECTOR ( 'NONE', #1421, 1000.000000000000000 ) ;
#2154 = ORIENTED_EDGE ( 'NONE', *, *, #3217, .T. ) ;
#2155 = CIRCLE ( 'NONE', #2107, 2.999999999999999112 ) ;
#2156 = DIRECTION ( 'NONE',  ( 0.0000000000000000000, 0.0000000000000000000, 1.000000000000000000 ) ) ;
#2157 = CARTESIAN_POINT ( 'NONE',  ( 40.11378052206964639, -37.79772928924194275, 31.78575385426984212 ) ) ;
#2158 = EDGE_LOOP ( 'NONE', ( #1756, #1532 ) ) ;
#2159 = FACE_OUTER_BOUND ( 'NONE', #2756, .T. ) ;
#2160 = ORIENTED_EDGE ( 'NONE', *, *, #3424, .T. ) ;
#2161 = VECTOR ( 'NONE', #3723, 1000.000000000000000 ) ;
#2162 = ADVANCED_FACE ( 'NONE', ( #2492 ), #3760, .T. ) ;
#2163 = DIRECTION ( 'NONE',  ( 0.0000000000000000000, 0.0000000000000000000, -1.000000000000000000 ) ) ;
#2164 = DIRECTION ( 'NONE',  ( 0.0000000000000000000, 0.0000000000000000000, -1.000000000000000000 ) ) ;
#2165 = FACE_OUTER_BOUND ( 'NONE', #1094, .T. ) ;
#2166 = EDGE_CURVE ( 'NONE', #588, #138, #1864, .T. ) ;
#2167 = VERTEX_POINT ( 'NONE', #375 ) ;
#2168 = DIRECTION ( 'NONE',  ( 0.0000000000000000000, 0.0000000000000000000, 1.000000000000000000 ) ) ;
#2169 = CARTESIAN_POINT ( 'NONE',  ( 37.11378052206964639, -37.79772928924194275, 35.78575385426984212 ) ) ;
#2170 = CARTESIAN_POINT ( 'NONE',  ( 30.11378052206963929, -31.79772928924194630, 18.03575385426984212 ) ) ;
#2171 = ORIENTED_EDGE ( 'NONE', *, *, #74, .F. ) ;
#2172 = ORIENTED_EDGE ( 'NONE', *, *, #1683, .T. ) ;
#2173 = CARTESIAN_POINT ( 'NONE',  ( 5.721549381366891396, -22.79772928924193920, 43.28575385426984212 ) ) ;
#2174 = CARTESIAN_POINT ( 'NONE',  ( 8.521549381366885001, -22.79772928924194630, 31.78575385426983502 ) ) ;
#2175 = EDGE_CURVE ( 'NONE', #1849, #1048, #1431, .T. ) ;
#2176 = ORIENTED_EDGE ( 'NONE', *, *, #382, .F. ) ;
#2177 = DIRECTION ( 'NONE',  ( 0.0000000000000000000, 0.0000000000000000000, -1.000000000000000000 ) ) ;
#2178 = DIRECTION ( 'NONE',  ( 1.000000000000000000, 0.0000000000000000000, 0.0000000000000000000 ) ) ;
#2179 = ORIENTED_EDGE ( 'NONE', *, *, #2769, .T. ) ;
#2180 = DIRECTION ( 'NONE',  ( 0.0000000000000000000, 0.0000000000000000000, -1.000000000000000000 ) ) ;
#2181 = CARTESIAN_POINT ( 'NONE',  ( 9.613780522069646395, 3.202270710758049699, 31.78575385426983502 ) ) ;
#2182 = DIRECTION ( 'NONE',  ( 0.0000000000000000000, 0.0000000000000000000, 1.000000000000000000 ) ) ;
#2183 = ORIENTED_EDGE ( 'NONE', *, *, #1398, .T. ) ;
#2184 = ADVANCED_FACE ( 'NONE', ( #2382, #2197, #3377, #2777 ), #676, .T. ) ;
#2185 = AXIS2_PLACEMENT_3D ( 'NONE', #1339, #1977, #1022 ) ;
#2186 = CARTESIAN_POINT ( 'NONE',  ( 5.908357842016758177, -23.50231019986907555, 31.84754460368425555 ) ) ;
#2187 = ORIENTED_EDGE ( 'NONE', *, *, #3224, .F. ) ;
#2188 = FACE_OUTER_BOUND ( 'NONE', #2586, .T. ) ;
#2189 = ORIENTED_EDGE ( 'NONE', *, *, #4012, .T. ) ;
#2190 = DIRECTION ( 'NONE',  ( 1.000000000000000000, 0.0000000000000000000, 0.0000000000000000000 ) ) ;
#2191 = CARTESIAN_POINT ( 'NONE',  ( 50.11378052206963929, -11.79772928924194630, 28.78575385426983857 ) ) ;
#2192 = VECTOR ( 'NONE', #1899, 1000.000000000000000 ) ;
#2193 = CIRCLE ( 'NONE', #2034, 1.849999999999998312 ) ;
#2194 = CARTESIAN_POINT ( 'NONE',  ( 57.61378052206963929, -1.797729289241947637, 40.83575385426982507 ) ) ;
#2195 = CARTESIAN_POINT ( 'NONE',  ( 50.11378052206963929, -5.297729289241950745, 22.28575385426984568 ) ) ;
#2196 = EDGE_CURVE ( 'NONE', #1585, #3475, #2681, .T. ) ;
#2197 = FACE_BOUND ( 'NONE', #3796, .T. ) ;
#2198 = CARTESIAN_POINT ( 'NONE',  ( 56.11378052206963929, 8.202270710758053696, 44.78575385426984212 ) ) ;
#2199 = ORIENTED_EDGE ( 'NONE', *, *, #3904, .F. ) ;
#2200 = LINE ( 'NONE', #2682, #383 ) ;
#2201 = EDGE_CURVE ( 'NONE', #717, #2689, #3018, .T. ) ;
#2202 = ORIENTED_EDGE ( 'NONE', *, *, #1581, .F. ) ;
#2203 = ADVANCED_FACE ( 'NONE', ( #2588 ), #3164, .T. ) ;
#2204 = PLANE ( 'NONE',  #798 ) ;
#2205 = CARTESIAN_POINT ( 'NONE',  ( 60.11378052206964639, 8.202270710758053696, -0.2142461457301583772 ) ) ;
#2206 = VECTOR ( 'NONE', #1627, 1000.000000000000000 ) ;
#2207 = CARTESIAN_POINT ( 'NONE',  ( 50.11378052206963929, -18.29772928924194275, 23.68575385426984425 ) ) ;
#2208 = ORIENTED_EDGE ( 'NONE', *, *, #1683, .F. ) ;
#2209 = CARTESIAN_POINT ( 'NONE',  ( 8.521549381366881448, 3.202270710758049255, 39.78575385426984212 ) ) ;
#2210 = CARTESIAN_POINT ( 'NONE',  ( 17.61378052206964639, -9.797729289241951633, 47.78575385426984212 ) ) ;
#2211 = DIRECTION ( 'NONE',  ( 0.0000000000000000000, 1.000000000000000000, 0.0000000000000000000 ) ) ;
#2212 = CIRCLE ( 'NONE', #508, 2.900000000000006573 ) ;
#2213 = AXIS2_PLACEMENT_3D ( 'NONE', #2913, #1067, #1687 ) ;
#2214 = AXIS2_PLACEMENT_3D ( 'NONE', #1400, #3584, #157 ) ;
#2215 = EDGE_LOOP ( 'NONE', ( #2591, #1954 ) ) ;
#2216 = DIRECTION ( 'NONE',  ( 0.0000000000000000000, 0.0000000000000000000, 1.000000000000000000 ) ) ;
#2217 = CARTESIAN_POINT ( 'NONE',  ( 7.983141619238005582, -23.91603074070884105, 31.94297550624254001 ) ) ;
#2218 = CIRCLE ( 'NONE', #1764, 2.900000000000006573 ) ;
#2219 = CARTESIAN_POINT ( 'NONE',  ( 3.933206231540443909, -8.194322690552773736, 31.20792201808117028 ) ) ;
#2220 = CIRCLE ( 'NONE', #3006, 3.000000000000002665 ) ;
#2221 = ORIENTED_EDGE ( 'NONE', *, *, #409, .F. ) ;
#2222 = ORIENTED_EDGE ( 'NONE', *, *, #3211, .T. ) ;
#2223 = EDGE_CURVE ( 'NONE', #851, #3373, #1374, .T. ) ;
#2224 = CARTESIAN_POINT ( 'NONE',  ( 24.11378052206964639, -16.29772928924195341, -0.2142461457301583772 ) ) ;
#2225 = ORIENTED_EDGE ( 'NONE', *, *, #2201, .F. ) ;
#2226 = DIRECTION ( 'NONE',  ( -1.000000000000000000, 0.0000000000000000000, 0.0000000000000000000 ) ) ;
#2227 = ADVANCED_FACE ( 'NONE', ( #995 ), #1353, .F. ) ;
#2228 = ORIENTED_EDGE ( 'NONE', *, *, #3269, .F. ) ;
#2229 = CARTESIAN_POINT ( 'NONE',  ( 30.11378052206963929, -30.49772928924196691, 18.03575385426984212 ) ) ;
#2230 = EDGE_CURVE ( 'NONE', #3863, #2845, #657, .T. ) ;
#2231 = ORIENTED_EDGE ( 'NONE', *, *, #320, .T. ) ;
#2232 = AXIS2_PLACEMENT_3D ( 'NONE', #900, #1224, #1425 ) ;
#2233 = DIRECTION ( 'NONE',  ( 1.000000000000000000, 0.0000000000000000000, 0.0000000000000000000 ) ) ;
#2234 = VERTEX_POINT ( 'NONE', #762 ) ;
#2235 = CARTESIAN_POINT ( 'NONE',  ( 3.732205999164914356, -11.26624761468304570, 40.40862821219145218 ) ) ;
#2236 = ORIENTED_EDGE ( 'NONE', *, *, #131, .T. ) ;
#2237 = AXIS2_PLACEMENT_3D ( 'NONE', #3227, #1990, #462 ) ;
#2238 = CYLINDRICAL_SURFACE ( 'NONE', #971, 1.399999999999995914 ) ;
#2239 = VECTOR ( 'NONE', #252, 1000.000000000000000 ) ;
#2240 = ADVANCED_FACE ( 'NONE', ( #1762, #2290, #1675, #941, #1426, #3276 ), #1383, .F. ) ;
#2241 = CARTESIAN_POINT ( 'NONE',  ( 56.11378052206963929, -5.297729289241950745, 23.68575385426984425 ) ) ;
#2242 = DIRECTION ( 'NONE',  ( 0.0000000000000000000, 0.0000000000000000000, 1.000000000000000000 ) ) ;
#2243 = LINE ( 'NONE', #303, #990 ) ;
#2244 = ORIENTED_EDGE ( 'NONE', *, *, #1046, .F. ) ;
#2245 = PLANE ( 'NONE',  #1093 ) ;
#2246 = CARTESIAN_POINT ( 'NONE',  ( 5.721549381366891396, 3.202270710758043037, 43.28575385426984212 ) ) ;
#2247 = VECTOR ( 'NONE', #1872, 1000.000000000000000 ) ;
#2248 = CARTESIAN_POINT ( 'NONE',  ( 19.01378052206964142, -9.797729289241951633, -18.21424614573016143 ) ) ;
#2249 = CARTESIAN_POINT ( 'NONE',  ( 49.11378052206964639, -27.79772928924194630, 38.68575385426984070 ) ) ;
#2250 = ORIENTED_EDGE ( 'NONE', *, *, #3694, .F. ) ;
#2251 = EDGE_CURVE ( 'NONE', #3925, #2131, #3870, .T. ) ;
#2252 = CARTESIAN_POINT ( 'NONE',  ( 9.613780522069646395, -27.79772928924194275, 9.883830065623163463 ) ) ;
#2253 = FACE_OUTER_BOUND ( 'NONE', #2786, .T. ) ;
#2254 = DIRECTION ( 'NONE',  ( 0.0000000000000000000, 1.000000000000000000, 0.0000000000000000000 ) ) ;
#2255 = ORIENTED_EDGE ( 'NONE', *, *, #1808, .F. ) ;
#2256 = FACE_BOUND ( 'NONE', #1831, .T. ) ;
#2257 = AXIS2_PLACEMENT_3D ( 'NONE', #1699, #3509, #730 ) ;
#2258 = ORIENTED_EDGE ( 'NONE', *, *, #3192, .F. ) ;
#2259 = CARTESIAN_POINT ( 'NONE',  ( 9.613780522069646395, 8.202270710758053696, 9.883830065623163463 ) ) ;
#2260 = LINE ( 'NONE', #1903, #1684 ) ;
#2261 = CARTESIAN_POINT ( 'NONE',  ( 37.11378052206965350, -37.79772928924194275, 28.78575385426983857 ) ) ;
#2262 = DIRECTION ( 'NONE',  ( 0.0000000000000000000, 1.000000000000000000, -0.0000000000000000000 ) ) ;
#2263 = AXIS2_PLACEMENT_3D ( 'NONE', #2519, #661, #648 ) ;
#2264 = AXIS2_PLACEMENT_3D ( 'NONE', #3306, #1441, #3344 ) ;
#2265 = FACE_OUTER_BOUND ( 'NONE', #410, .T. ) ;
#2266 = VERTEX_POINT ( 'NONE', #1686 ) ;
#2267 = DIRECTION ( 'NONE',  ( 0.0000000000000000000, 1.000000000000000000, 0.0000000000000000000 ) ) ;
#2268 = ORIENTED_EDGE ( 'NONE', *, *, #2251, .F. ) ;
#2269 = VERTEX_POINT ( 'NONE', #2246 ) ;
#2270 = DIRECTION ( 'NONE',  ( 0.0000000000000000000, 1.000000000000000000, 0.0000000000000000000 ) ) ;
#2271 = DIRECTION ( 'NONE',  ( 1.000000000000000000, 0.0000000000000000000, -0.0000000000000000000 ) ) ;
#2272 = ORIENTED_EDGE ( 'NONE', *, *, #909, .T. ) ;
#2273 = EDGE_CURVE ( 'NONE', #3396, #2805, #3626, .T. ) ;
#2274 = DIRECTION ( 'NONE',  ( 0.0000000000000000000, 0.0000000000000000000, 1.000000000000000000 ) ) ;
#2275 = VERTEX_POINT ( 'NONE', #126 ) ;
#2276 = CARTESIAN_POINT ( 'NONE',  ( 3.639944771963727010, -11.19025454288039079, 40.43238103623659185 ) ) ;
#2277 = DIRECTION ( 'NONE',  ( 1.000000000000000000, -0.0000000000000000000, 0.0000000000000000000 ) ) ;
#2278 = EDGE_CURVE ( 'NONE', #1849, #1832, #1963, .T. ) ;
#2279 = VERTEX_POINT ( 'NONE', #3855 ) ;
#2280 = CARTESIAN_POINT ( 'NONE',  ( 7.486788801333378096, -21.44309069869633788, 39.54943875173745482 ) ) ;
#2281 = ORIENTED_EDGE ( 'NONE', *, *, #2641, .T. ) ;
#2282 = DIRECTION ( 'NONE',  ( 0.0000000000000000000, 0.0000000000000000000, -1.000000000000000000 ) ) ;
#2283 = FACE_OUTER_BOUND ( 'NONE', #147, .T. ) ;
#2284 = ORIENTED_EDGE ( 'NONE', *, *, #3593, .T. ) ;
#2285 = CARTESIAN_POINT ( 'NONE',  ( 60.11378052206964639, -31.29772928924192499, 44.78575385426984212 ) ) ;
#2286 = CARTESIAN_POINT ( 'NONE',  ( 60.11378052206964639, -31.29772928924192499, 0.2857538542698628836 ) ) ;
#2287 = CIRCLE ( 'NONE', #342, 1.449999999999999956 ) ;
#2288 = CIRCLE ( 'NONE', #1333, 1.399999999999998579 ) ;
#2289 = ORIENTED_EDGE ( 'NONE', *, *, #14, .F. ) ;
#2290 = FACE_BOUND ( 'NONE', #1051, .T. ) ;
#2291 = ORIENTED_EDGE ( 'NONE', *, *, #1393, .T. ) ;
#2292 = EDGE_CURVE ( 'NONE', #935, #175, #3325, .T. ) ;
#2293 = CYLINDRICAL_SURFACE ( 'NONE', #1436, 4.850000000000000533 ) ;
#2294 = DIRECTION ( 'NONE',  ( 0.0000000000000000000, 0.0000000000000000000, -1.000000000000000000 ) ) ;
#2295 = EDGE_LOOP ( 'NONE', ( #359, #609, #2398, #2637 ) ) ;
#2296 = CARTESIAN_POINT ( 'NONE',  ( 8.521549381366883225, -22.79772928924193920, 15.78575385426982791 ) ) ;
#2297 = FACE_OUTER_BOUND ( 'NONE', #1784, .T. ) ;
#2298 = EDGE_CURVE ( 'NONE', #587, #2844, #2878, .T. ) ;
#2299 = ORIENTED_EDGE ( 'NONE', *, *, #2998, .T. ) ;
#2300 = DATE_AND_TIME ( #1871, #2600 ) ;
#2301 = CARTESIAN_POINT ( 'NONE',  ( 7.121549381366887310, 3.202270710758043037, 15.78575385426982791 ) ) ;
#2302 = CARTESIAN_POINT ( 'NONE',  ( 5.864052981336709713, -22.17560981600925984, 31.83351417455782695 ) ) ;
#2303 = VECTOR ( 'NONE', #820, 1000.000000000000000 ) ;
#2304 = AXIS2_PLACEMENT_3D ( 'NONE', #1040, #3856, #418 ) ;
#2305 = DIRECTION ( 'NONE',  ( 1.000000000000000000, -0.0000000000000000000, 0.0000000000000000000 ) ) ;
#2306 = FACE_BOUND ( 'NONE', #3547, .T. ) ;
#2307 = DIRECTION ( 'NONE',  ( 0.7071067811865465735, 0.0000000000000000000, -0.7071067811865485719 ) ) ;
#2308 = VECTOR ( 'NONE', #4020, 1000.000000000000000 ) ;
#2309 = DIRECTION ( 'NONE',  ( 0.0000000000000000000, 0.0000000000000000000, 1.000000000000000000 ) ) ;
#2310 = EDGE_LOOP ( 'NONE', ( #3461, #39 ) ) ;
#2311 = AXIS2_PLACEMENT_3D ( 'NONE', #1287, #1894, #3162 ) ;
#2312 = AXIS2_PLACEMENT_3D ( 'NONE', #2719, #518, #3652 ) ;
#2313 = ORIENTED_EDGE ( 'NONE', *, *, #373, .F. ) ;
#2314 = CARTESIAN_POINT ( 'NONE',  ( 5.721549381366891396, 3.202270710758049699, 31.78575385426983502 ) ) ;
#2315 = ORIENTED_EDGE ( 'NONE', *, *, #3882, .T. ) ;
#2316 = DIRECTION ( 'NONE',  ( 0.0000000000000000000, 0.0000000000000000000, 1.000000000000000000 ) ) ;
#2317 = VERTEX_POINT ( 'NONE', #3526 ) ;
#2318 = CARTESIAN_POINT ( 'NONE',  ( 56.11378052206963929, -11.79772928924194630, 28.78575385426983857 ) ) ;
#2319 =( NAMED_UNIT ( * ) SI_UNIT ( $, .STERADIAN. ) SOLID_ANGLE_UNIT ( ) );
#2320 = ORIENTED_EDGE ( 'NONE', *, *, #3241, .T. ) ;
#2321 = EDGE_CURVE ( 'NONE', #1107, #2010, #3960, .T. ) ;
#2322 = ADVANCED_FACE ( 'NONE', ( #2437 ), #808, .F. ) ;
#2323 = DIRECTION ( 'NONE',  ( 0.0000000000000000000, 0.0000000000000000000, -1.000000000000000000 ) ) ;
#2324 = CARTESIAN_POINT ( 'NONE',  ( 60.11378052206964639, -5.297729289241950745, 20.88575385426984710 ) ) ;
#2325 = ORIENTED_EDGE ( 'NONE', *, *, #2345, .T. ) ;
#2326 = CARTESIAN_POINT ( 'NONE',  ( 24.11378052206964639, -16.29772928924195341, 3.785753854269845231 ) ) ;
#2327 = CARTESIAN_POINT ( 'NONE',  ( 60.11378052206964639, -5.297729289241950745, 22.28575385426984568 ) ) ;
#2328 = CARTESIAN_POINT ( 'NONE',  ( 4.619893949634975350, -7.959818329458926200, 40.27410012040334664 ) ) ;
#2329 = EDGE_LOOP ( 'NONE', ( #3905, #2026, #2984, #220 ) ) ;
#2330 = CARTESIAN_POINT ( 'NONE',  ( 8.176199387295412180, -21.87253043521945628, 39.67785099653865899 ) ) ;
#2331 = FACE_OUTER_BOUND ( 'NONE', #3021, .T. ) ;
#2332 = LINE ( 'NONE', #401, #3119 ) ;
#2333 = AXIS2_PLACEMENT_3D ( 'NONE', #1457, #1109, #2341 ) ;
#2334 = AXIS2_PLACEMENT_3D ( 'NONE', #2780, #1905, #642 ) ;
#2335 = ORIENTED_EDGE ( 'NONE', *, *, #3718, .T. ) ;
#2336 = LINE ( 'NONE', #2977, #1329 ) ;
#2337 = CARTESIAN_POINT ( 'NONE',  ( 7.306576400831075624, -21.39782506916968075, 32.03871926875594767 ) ) ;
#2338 = ORIENTED_EDGE ( 'NONE', *, *, #2020, .T. ) ;
#2339 = PLANE ( 'NONE',  #3468 ) ;
#2340 = LINE ( 'NONE', #3097, #3233 ) ;
#2341 = DIRECTION ( 'NONE',  ( 1.000000000000000000, 0.0000000000000000000, 0.0000000000000000000 ) ) ;
#2342 = ORIENTED_EDGE ( 'NONE', *, *, #3424, .F. ) ;
#2343 = DATE_TIME_ROLE ( 'classification_date' ) ;
#2344 = CARTESIAN_POINT ( 'NONE',  ( 6.467897923680086869, -10.72706665453519648, 31.02453364581225870 ) ) ;
#2345 = EDGE_CURVE ( 'NONE', #587, #1482, #847, .T. ) ;
#2346 = FACE_BOUND ( 'NONE', #2582, .T. ) ;
#2347 = DIRECTION ( 'NONE',  ( -1.000000000000000000, 0.0000000000000000000, 0.0000000000000000000 ) ) ;
#2348 = CARTESIAN_POINT ( 'NONE',  ( 0.6137805220696666009, 8.202270710758053696, 44.78575385426984212 ) ) ;
#2349 = CIRCLE ( 'NONE', #694, 0.5000000000000004441 ) ;
#2350 = EDGE_CURVE ( 'NONE', #1693, #2614, #1135, .T. ) ;
#2351 = CARTESIAN_POINT ( 'NONE',  ( 8.521549381366881448, 3.202270710758049255, 39.78575385426984212 ) ) ;
#2352 = FACE_BOUND ( 'NONE', #3245, .T. ) ;
#2353 = ORIENTED_EDGE ( 'NONE', *, *, #3858, .F. ) ;
#2354 = CARTESIAN_POINT ( 'NONE',  ( 17.61378052206964639, -9.797729289241951633, -18.21424614573016143 ) ) ;
#2355 = APPLICATION_PROTOCOL_DEFINITION ( 'international standard', 'config_control_design', 1994, #3903 ) ;
#2356 = CARTESIAN_POINT ( 'NONE',  ( 0.1137805220696452846, -9.797729289241948081, 35.78575385426984212 ) ) ;
#2357 = ORIENTED_EDGE ( 'NONE', *, *, #1046, .T. ) ;
#2358 = ORIENTED_EDGE ( 'NONE', *, *, #2695, .F. ) ;
#2359 = DIRECTION ( 'NONE',  ( 0.0000000000000000000, 0.0000000000000000000, -1.000000000000000000 ) ) ;
#2360 = VERTEX_POINT ( 'NONE', #164 ) ;
#2361 = CARTESIAN_POINT ( 'NONE',  ( 5.907584071001178216, -23.50097321373342751, 39.72420271728854857 ) ) ;
#2362 = ORIENTED_EDGE ( 'NONE', *, *, #556, .T. ) ;
#2363 = DIRECTION ( 'NONE',  ( 0.0000000000000000000, 0.0000000000000000000, -1.000000000000000000 ) ) ;
#2364 = CARTESIAN_POINT ( 'NONE',  ( 6.333071621892226943, -8.667167896615621814, 40.50325247867486667 ) ) ;
#2365 = EDGE_CURVE ( 'NONE', #3396, #969, #192, .T. ) ;
#2366 = CARTESIAN_POINT ( 'NONE',  ( 5.721549381366891396, 3.202270710758043037, 43.28575385426984212 ) ) ;
#2367 = ORIENTED_EDGE ( 'NONE', *, *, #1343, .F. ) ;
#2368 = CARTESIAN_POINT ( 'NONE',  ( 7.121549381366887310, 3.202270710758043037, 43.28575385426984212 ) ) ;
#2369 = EDGE_CURVE ( 'NONE', #2317, #3299, #146, .T. ) ;
#2370 = ORIENTED_EDGE ( 'NONE', *, *, #3300, .F. ) ;
#2371 = DIRECTION ( 'NONE',  ( -1.000000000000000000, 0.0000000000000000000, 0.0000000000000000000 ) ) ;
#2372 = CARTESIAN_POINT ( 'NONE',  ( 25.11378052206964639, -9.797729289241948081, 40.63575385426983644 ) ) ;
#2373 = CYLINDRICAL_SURFACE ( 'NONE', #84, 1.399999999999998579 ) ;
#2374 = ORIENTED_EDGE ( 'NONE', *, *, #2669, .T. ) ;
#2375 = DIRECTION ( 'NONE',  ( -1.000000000000000000, 0.0000000000000000000, 0.0000000000000000000 ) ) ;
#2376 = AXIS2_PLACEMENT_3D ( 'NONE', #2100, #3625, #2112 ) ;
#2377 = CARTESIAN_POINT ( 'NONE',  ( 40.11378052206964639, -27.79772928924194630, 28.78575385426983857 ) ) ;
#2378 = FACE_OUTER_BOUND ( 'NONE', #1878, .T. ) ;
#2379 = ORIENTED_EDGE ( 'NONE', *, *, #3718, .F. ) ;
#2380 = DIRECTION ( 'NONE',  ( 0.0000000000000000000, -1.000000000000000000, 0.0000000000000000000 ) ) ;
#2381 = CARTESIAN_POINT ( 'NONE',  ( 16.11378052206964639, -31.79772928924194630, 28.78575385426984568 ) ) ;
#2382 = FACE_OUTER_BOUND ( 'NONE', #2663, .T. ) ;
#2383 = VERTEX_POINT ( 'NONE', #746 ) ;
#2384 = AXIS2_PLACEMENT_3D ( 'NONE', #965, #3116, #1617 ) ;
#2385 = AXIS2_PLACEMENT_3D ( 'NONE', #2577, #465, #3205 ) ;
#2386 = DIRECTION ( 'NONE',  ( 0.0000000000000000000, 0.0000000000000000000, -1.000000000000000000 ) ) ;
#2387 = CARTESIAN_POINT ( 'NONE',  ( 37.11378052206964639, -27.79772928924194630, 35.78575385426984212 ) ) ;
#2388 = CIRCLE ( 'NONE', #2312, 3.000000000000002665 ) ;
#2389 = ORIENTED_EDGE ( 'NONE', *, *, #932, .T. ) ;
#2390 = DIRECTION ( 'NONE',  ( 0.0000000000000000000, 0.0000000000000000000, 1.000000000000000000 ) ) ;
#2391 = CARTESIAN_POINT ( 'NONE',  ( 25.51378052206964142, -16.29772928924195341, 42.28575385426983502 ) ) ;
#2392 = FACE_BOUND ( 'NONE', #3646, .T. ) ;
#2393 = ORIENTED_EDGE ( 'NONE', *, *, #3876, .T. ) ;
#2394 = DIRECTION ( 'NONE',  ( 0.0000000000000000000, 0.0000000000000000000, 1.000000000000000000 ) ) ;
#2395 = FACE_OUTER_BOUND ( 'NONE', #3890, .T. ) ;
#2396 = DIRECTION ( 'NONE',  ( 1.000000000000000000, 0.0000000000000000000, 0.0000000000000000000 ) ) ;
#2397 = EDGE_CURVE ( 'NONE', #1233, #2050, #3223, .T. ) ;
#2398 = ORIENTED_EDGE ( 'NONE', *, *, #3508, .F. ) ;
#2399 = B_SPLINE_CURVE_WITH_KNOTS ( 'NONE', 3,
 ( #1983, #2925, #3250, #1163, #239, #3659, #1423, #2693, #3934, #3974, #529, #3610, #3622, #1760, #3341, #3303, #1738, #544, #3636, #2361, #2678, #2060, #3315, #3945, #217, #227 ),
 .UNSPECIFIED., .F., .F.,
 ( 4, 2, 2, 2, 2, 2, 2, 2, 2, 2, 2, 2, 4 ),
 ( 0.004412260610513222756, 0.004963660643769984317, 0.005239360660398366398, 0.005515060677026748480, 0.006066460710283512643, 0.006342160726911896459, 0.006617860743540281143, 0.007169260776797049643, 0.007720660810053818143, 0.007996360826682197623, 0.008272060843310578837, 0.008547760859938958317, 0.008823460876567337796 ),
 .UNSPECIFIED. ) ;
#2400 = FACE_OUTER_BOUND ( 'NONE', #3603, .T. ) ;
#2401 = ADVANCED_FACE ( 'NONE', ( #2488 ), #2056, .F. ) ;
#2402 = ORIENTED_EDGE ( 'NONE', *, *, #3433, .F. ) ;
#2403 = CARTESIAN_POINT ( 'NONE',  ( 2.613780522069633516, -1.797729289241947637, 42.28575385426981370 ) ) ;
#2404 = EDGE_CURVE ( 'NONE', #3017, #179, #1473, .T. ) ;
#2405 = VECTOR ( 'NONE', #229, 1000.000000000000000 ) ;
#2406 = ORIENTED_EDGE ( 'NONE', *, *, #1083, .F. ) ;
#2407 = CARTESIAN_POINT ( 'NONE',  ( 8.521549381366881448, 3.202270710758049255, 39.78575385426984212 ) ) ;
#2408 = VERTEX_POINT ( 'NONE', #1116 ) ;
#2409 = ORIENTED_EDGE ( 'NONE', *, *, #1891, .T. ) ;
#2410 = DIRECTION ( 'NONE',  ( 1.000000000000000000, -0.0000000000000000000, 0.0000000000000000000 ) ) ;
#2411 = AXIS2_PLACEMENT_3D ( 'NONE', #797, #3545, #2952 ) ;
#2412 = CARTESIAN_POINT ( 'NONE',  ( 56.11378052206963929, 8.202270710758053696, 40.28575385426984212 ) ) ;
#2413 = AXIS2_PLACEMENT_3D ( 'NONE', #2210, #3106, #647 ) ;
#2414 = ORIENTED_EDGE ( 'NONE', *, *, #3783, .F. ) ;
#2415 = CARTESIAN_POINT ( 'NONE',  ( 49.11378052206964639, -23.79772928924194630, 8.685753854269842478 ) ) ;
#2416 = CARTESIAN_POINT ( 'NONE',  ( 7.121549381366887310, -22.79772928924193920, 15.78575385426982791 ) ) ;
#2417 = CARTESIAN_POINT ( 'NONE',  ( 27.11378052206964995, -3.297729289241948969, 9.785753854269843899 ) ) ;
#2418 = ORIENTED_EDGE ( 'NONE', *, *, #1581, .T. ) ;
#2419 = CARTESIAN_POINT ( 'NONE',  ( 30.11378052206963929, -31.79772928924194630, 20.73575385426982720 ) ) ;
#2420 = ORIENTED_EDGE ( 'NONE', *, *, #1588, .F. ) ;
#2421 = ADVANCED_FACE ( 'NONE', ( #710 ), #38, .F. ) ;
#2422 = EDGE_CURVE ( 'NONE', #564, #2834, #1629, .T. ) ;
#2423 = CARTESIAN_POINT ( 'NONE',  ( 14.61378052206964462, -9.797729289241951633, 3.785753854269845231 ) ) ;
#2424 = DIRECTION ( 'NONE',  ( 0.0000000000000000000, -1.000000000000000000, 0.0000000000000000000 ) ) ;
#2425 = VECTOR ( 'NONE', #2271, 1000.000000000000000 ) ;
#2426 = EDGE_LOOP ( 'NONE', ( #190, #1126, #2076, #3414 ) ) ;
#2427 = B_SPLINE_CURVE_WITH_KNOTS ( 'NONE', 3,
 ( #2314, #504, #1986, #457, #205, #2643, #1080, #3559, #2007, #2656, #2906, #3264, #2619, #3238, #3275, #3252, #1055, #168, #1705, #3598, #1358, #3860, #2953, #180, #1729, #2609 ),
 .UNSPECIFIED., .F., .F.,
 ( 4, 2, 2, 2, 2, 2, 2, 2, 2, 2, 2, 2, 4 ),
 ( 0.004412260610513195000, 0.004963660643769959163, 0.005239360660398341245, 0.005515060677026724194, 0.006066460710283491826, 0.006342160726911875643, 0.006617860743540258592, 0.007169260776797028827, 0.007720660810053798194, 0.007996360826682180276, 0.008272060843310561490, 0.008547760859938944439, 0.008823460876567325653 ),
 .UNSPECIFIED. ) ;
#2428 = EDGE_CURVE ( 'NONE', #3498, #3236, #3178, .T. ) ;
#2429 = CARTESIAN_POINT ( 'NONE',  ( 6.713780522069647816, -9.797729289241948081, -3.214246145730168092 ) ) ;
#2430 = FACE_BOUND ( 'NONE', #507, .T. ) ;
#2431 = FACE_OUTER_BOUND ( 'NONE', #2946, .T. ) ;
#2432 = DIRECTION ( 'NONE',  ( 0.0000000000000000000, 0.0000000000000000000, -1.000000000000000000 ) ) ;
#2433 = DIRECTION ( 'NONE',  ( 0.0000000000000000000, 0.0000000000000000000, 1.000000000000000000 ) ) ;
#2434 = CIRCLE ( 'NONE', #1654, 0.5000000000000000000 ) ;
#2435 = ORIENTED_EDGE ( 'NONE', *, *, #2840, .F. ) ;
#2436 = CARTESIAN_POINT ( 'NONE',  ( 8.521549381366881448, 3.386067221619078360, 39.78575385426985633 ) ) ;
#2437 = FACE_OUTER_BOUND ( 'NONE', #2746, .T. ) ;
#2438 = DIRECTION ( 'NONE',  ( 1.000000000000000000, -0.0000000000000000000, 0.0000000000000000000 ) ) ;
#2439 = ORIENTED_EDGE ( 'NONE', *, *, #2511, .T. ) ;
#2440 = CARTESIAN_POINT ( 'NONE',  ( 2.613780522069647283, 8.202270710758053696, 2.285753854269851004 ) ) ;
#2441 = CIRCLE ( 'NONE', #1357, 2.999999999999999112 ) ;
#2442 = CC_DESIGN_APPROVAL ( #2941, ( #1148 ) ) ;
#2443 = AXIS2_PLACEMENT_3D ( 'NONE', #2018, #834, #2004 ) ;
#2444 = ORIENTED_EDGE ( 'NONE', *, *, #105, .T. ) ;
#2445 = ADVANCED_FACE ( 'NONE', ( #4017 ), #202, .F. ) ;
#2446 = CARTESIAN_POINT ( 'NONE',  ( 24.11378052206964639, -3.297729289241948969, 42.28575385426983502 ) ) ;
#2447 = CARTESIAN_POINT ( 'NONE',  ( 14.11378052206964462, -9.797729289241953410, 44.78575385426984212 ) ) ;
#2448 = LINE ( 'NONE', #1594, #1100 ) ;
#2449 = DIRECTION ( 'NONE',  ( 0.0000000000000000000, 0.0000000000000000000, 1.000000000000000000 ) ) ;
#2450 = EDGE_LOOP ( 'NONE', ( #4000, #384, #2108, #2030 ) ) ;
#2451 = DIRECTION ( 'NONE',  ( 0.0000000000000000000, 0.0000000000000000000, 1.000000000000000000 ) ) ;
#2452 = CIRCLE ( 'NONE', #2542, 4.000000000000003553 ) ;
#2453 = DIRECTION ( 'NONE',  ( -0.0000000000000000000, -1.000000000000000000, -0.0000000000000000000 ) ) ;
#2454 = VECTOR ( 'NONE', #2530, 1000.000000000000000 ) ;
#2455 = EDGE_CURVE ( 'NONE', #1799, #449, #1572, .T. ) ;
#2456 = VERTEX_POINT ( 'NONE', #512 ) ;
#2457 = DIRECTION ( 'NONE',  ( 0.0000000000000000000, 0.0000000000000000000, -1.000000000000000000 ) ) ;
#2458 = EDGE_LOOP ( 'NONE', ( #1656, #1685 ) ) ;
#2459 = CARTESIAN_POINT ( 'NONE',  ( 22.71378052206965137, -16.29772928924195341, 42.28575385426983502 ) ) ;
#2460 = ORIENTED_EDGE ( 'NONE', *, *, #125, .T. ) ;
#2461 = AXIS2_PLACEMENT_3D ( 'NONE', #2855, #386, #1606 ) ;
#2462 = ORIENTED_EDGE ( 'NONE', *, *, #2251, .T. ) ;
#2463 = CARTESIAN_POINT ( 'NONE',  ( 9.613780522069646395, 8.202270710758053696, 4.285753854269845675 ) ) ;
#2464 = DIRECTION ( 'NONE',  ( -1.000000000000000000, 0.0000000000000000000, 0.0000000000000000000 ) ) ;
#2465 = DIRECTION ( 'NONE',  ( -1.000000000000000000, 0.0000000000000000000, 0.0000000000000000000 ) ) ;
#2466 = ADVANCED_FACE ( 'NONE', ( #3722 ), #1528, .F. ) ;
#2467 = EDGE_LOOP ( 'NONE', ( #1267, #1835, #2409, #3069 ) ) ;
#2468 = DIRECTION ( 'NONE',  ( 0.0000000000000000000, 0.0000000000000000000, 1.000000000000000000 ) ) ;
#2469 = VERTEX_POINT ( 'NONE', #3883 ) ;
#2470 = AXIS2_PLACEMENT_3D ( 'NONE', #3833, #129, #1041 ) ;
#2471 = CARTESIAN_POINT ( 'NONE',  ( 55.61378052206963929, 8.202270710758053696, 40.78575385426984212 ) ) ;
#2472 = AXIS2_PLACEMENT_3D ( 'NONE', #34, #3791, #1593 ) ;
#2473 = EDGE_LOOP ( 'NONE', ( #4014, #406, #452, #3686, #559, #65, #599, #711 ) ) ;
#2474 = CARTESIAN_POINT ( 'NONE',  ( 60.11378052206964639, -31.29772928924192499, -0.2142461457301583772 ) ) ;
#2475 = DIRECTION ( 'NONE',  ( 0.0000000000000000000, 0.0000000000000000000, -1.000000000000000000 ) ) ;
#2476 = ORIENTED_EDGE ( 'NONE', *, *, #2273, .T. ) ;
#2477 = CARTESIAN_POINT ( 'NONE',  ( 2.613780522069647283, 8.202270710758053696, 0.8357538542698508266 ) ) ;
#2478 = LINE ( 'NONE', #1010, #982 ) ;
#2479 = EDGE_CURVE ( 'NONE', #2963, #3755, #3073, .T. ) ;
#2480 = ORIENTED_EDGE ( 'NONE', *, *, #3830, .T. ) ;
#2481 = CARTESIAN_POINT ( 'NONE',  ( 7.306380502491391482, -24.19768623960769816, 32.03873897049489727 ) ) ;
#2482 = VECTOR ( 'NONE', #1844, 1000.000000000000000 ) ;
#2483 = ORIENTED_EDGE ( 'NONE', *, *, #626, .F. ) ;
#2484 = EDGE_CURVE ( 'NONE', #2383, #3225, #2336, .T. ) ;
#2485 = ADVANCED_FACE ( 'NONE', ( #1047 ), #1806, .F. ) ;
#2486 = DIRECTION ( 'NONE',  ( -1.000000000000000000, 0.0000000000000000000, 0.0000000000000000000 ) ) ;
#2487 = CARTESIAN_POINT ( 'NONE',  ( 9.613780522069646395, 8.202270710758053696, 40.78575385426984212 ) ) ;
#2488 = FACE_OUTER_BOUND ( 'NONE', #1165, .T. ) ;
#2489 = ORIENTED_EDGE ( 'NONE', *, *, #3084, .F. ) ;
#2490 = CARTESIAN_POINT ( 'NONE',  ( 50.11378052206963929, -11.79772928924194630, 17.18575385426984781 ) ) ;
#2491 = CARTESIAN_POINT ( 'NONE',  ( 11.11378052206964107, -23.79772928924194630, 5.885753854269845320 ) ) ;
#2492 = FACE_OUTER_BOUND ( 'NONE', #1828, .T. ) ;
#2493 = CARTESIAN_POINT ( 'NONE',  ( 3.013780522069651191, -9.797729289241948081, 30.93575385426983715 ) ) ;
#2494 = EDGE_LOOP ( 'NONE', ( #3851, #2086, #3029, #535 ) ) ;
#2495 = DIRECTION ( 'NONE',  ( -1.000000000000000000, 0.0000000000000000000, 0.0000000000000000000 ) ) ;
#2496 = FACE_BOUND ( 'NONE', #1923, .T. ) ;
#2497 = CARTESIAN_POINT ( 'NONE',  ( 8.512313546706774758, -22.98258101870628423, 31.78901268056038276 ) ) ;
#2498 = ORIENTED_EDGE ( 'NONE', *, *, #1137, .T. ) ;
#2499 = VECTOR ( 'NONE', #3096, 1000.000000000000000 ) ;
#2500 = DIRECTION ( 'NONE',  ( -0.0000000000000000000, -0.7071067811865475727, -0.7071067811865475727 ) ) ;
#2501 = DIRECTION ( 'NONE',  ( 0.7071067811865465735, 0.0000000000000000000, -0.7071067811865484609 ) ) ;
#2502 = CIRCLE ( 'NONE', #741, 0.5000000000000000000 ) ;
#2503 = EDGE_CURVE ( 'NONE', #787, #1424, #763, .T. ) ;
#2504 = EDGE_LOOP ( 'NONE', ( #2353, #2615 ) ) ;
#2505 = DIRECTION ( 'NONE',  ( 0.0000000000000000000, -1.000000000000000000, 0.0000000000000000000 ) ) ;
#2506 = ADVANCED_FACE ( 'NONE', ( #517 ), #1451, .F. ) ;
#2507 = FACE_OUTER_BOUND ( 'NONE', #2029, .T. ) ;
#2508 = EDGE_LOOP ( 'NONE', ( #519, #1354 ) ) ;
#2509 = DIRECTION ( 'NONE',  ( 0.0000000000000000000, 0.0000000000000000000, -1.000000000000000000 ) ) ;
#2510 = CARTESIAN_POINT ( 'NONE',  ( 5.721549381366889619, -22.98148163054248982, 31.78575385426983502 ) ) ;
#2511 = EDGE_CURVE ( 'NONE', #3755, #975, #1179, .T. ) ;
#2512 = ORIENTED_EDGE ( 'NONE', *, *, #3324, .F. ) ;
#2513 = EDGE_LOOP ( 'NONE', ( #3472, #87 ) ) ;
#2514 = CARTESIAN_POINT ( 'NONE',  ( 11.11378052206964107, -27.79772928924194275, 7.285753854269841234 ) ) ;
#2515 = VERTEX_POINT ( 'NONE', #2703 ) ;
#2516 = AXIS2_PLACEMENT_3D ( 'NONE', #1319, #1025, #3194 ) ;
#2517 = CARTESIAN_POINT ( 'NONE',  ( 49.11378052206964639, -23.79772928924194630, 35.88575385426984354 ) ) ;
#2518 = DIRECTION ( 'NONE',  ( 0.0000000000000000000, 0.0000000000000000000, -1.000000000000000000 ) ) ;
#2519 = CARTESIAN_POINT ( 'NONE',  ( 57.61378052206963929, 8.202270710758053696, 42.28575385426982081 ) ) ;
#2520 = EDGE_LOOP ( 'NONE', ( #3628, #2762, #2685 ) ) ;
#2521 = DIRECTION ( 'NONE',  ( 0.0000000000000000000, 0.0000000000000000000, -1.000000000000000000 ) ) ;
#2522 = AXIS2_PLACEMENT_3D ( 'NONE', #756, #108, #1661 ) ;
#2523 = AXIS2_PLACEMENT_3D ( 'NONE', #1763, #2078, #3662 ) ;
#2524 = VERTEX_POINT ( 'NONE', #1774 ) ;
#2525 = ADVANCED_FACE ( 'NONE', ( #328 ), #3174, .F. ) ;
#2526 = DIRECTION ( 'NONE',  ( 0.0000000000000000000, 0.0000000000000000000, -1.000000000000000000 ) ) ;
#2527 = CYLINDRICAL_SURFACE ( 'NONE', #2411, 10.00000000000000178 ) ;
#2528 = ORIENTED_EDGE ( 'NONE', *, *, #2866, .F. ) ;
#2529 = DIRECTION ( 'NONE',  ( 0.0000000000000000000, 0.0000000000000000000, -1.000000000000000000 ) ) ;
#2530 = DIRECTION ( 'NONE',  ( 0.0000000000000000000, -1.000000000000000000, 0.0000000000000000000 ) ) ;
#2531 = CIRCLE ( 'NONE', #2753, 1.399999999999998579 ) ;
#2532 = VECTOR ( 'NONE', #1118, 1000.000000000000000 ) ;
#2533 = CARTESIAN_POINT ( 'NONE',  ( 57.61378052206963929, -1.797729289241947637, 3.735753854269857399 ) ) ;
#2534 = CARTESIAN_POINT ( 'NONE',  ( 7.121549381366887310, 3.202270710758043037, 15.78575385426982791 ) ) ;
#2535 = DIRECTION ( 'NONE',  ( 1.000000000000000000, 0.0000000000000000000, 0.0000000000000000000 ) ) ;
#2536 = EDGE_CURVE ( 'NONE', #3755, #2963, #1327, .T. ) ;
#2537 = LINE ( 'NONE', #1589, #608 ) ;
#2538 = CARTESIAN_POINT ( 'NONE',  ( 19.01378052206964142, -9.797729289241951633, 42.28575385426986344 ) ) ;
#2539 = ORIENTED_EDGE ( 'NONE', *, *, #2075, .F. ) ;
#2540 = DIRECTION ( 'NONE',  ( 0.0000000000000000000, -0.0000000000000000000, 1.000000000000000000 ) ) ;
#2541 = VECTOR ( 'NONE', #2604, 1000.000000000000114 ) ;
#2542 = AXIS2_PLACEMENT_3D ( 'NONE', #3430, #1890, #56 ) ;
#2543 = VERTEX_POINT ( 'NONE', #1747 ) ;
#2544 = CARTESIAN_POINT ( 'NONE',  ( 3.202382414317508363, -8.975061837974607215, 31.00471130412881493 ) ) ;
#2545 = CARTESIAN_POINT ( 'NONE',  ( 59.61378052206962508, 8.202270710758053696, -0.2142461457301583772 ) ) ;
#2546 = FACE_OUTER_BOUND ( 'NONE', #3, .T. ) ;
#2547 = CARTESIAN_POINT ( 'NONE',  ( 2.613780522069633516, -1.797729289241947637, 43.73575385426981654 ) ) ;
#2548 = EDGE_LOOP ( 'NONE', ( #1460, #3308, #2236, #1698 ) ) ;
#2549 = CARTESIAN_POINT ( 'NONE',  ( 16.11378052206964639, -37.79772928924194275, 38.78575385426984212 ) ) ;
#2550 = PLANE ( 'NONE',  #2720 ) ;
#2551 = CARTESIAN_POINT ( 'NONE',  ( 3.202722017778211860, -10.62127314334334827, 40.56667434744124989 ) ) ;
#2552 = CIRCLE ( 'NONE', #2413, 1.399999999999995026 ) ;
#2553 = AXIS2_PLACEMENT_3D ( 'NONE', #1732, #2067, #210 ) ;
#2554 = ADVANCED_FACE ( 'NONE', ( #4013 ), #1422, .F. ) ;
#2555 = AXIS2_PLACEMENT_3D ( 'NONE', #695, #1667, #2557 ) ;
#2556 = DIRECTION ( 'NONE',  ( 0.0000000000000000000, 1.000000000000000000, 0.0000000000000000000 ) ) ;
#2557 = DIRECTION ( 'NONE',  ( 1.000000000000000000, 0.0000000000000000000, 0.0000000000000000000 ) ) ;
#2558 = CYLINDRICAL_SURFACE ( 'NONE', #3682, 1.399999999999998579 ) ;
#2559 = CARTESIAN_POINT ( 'NONE',  ( 3.639888102220015575, -8.405261391093576506, 31.13911071058855740 ) ) ;
#2560 = LINE ( 'NONE', #967, #2454 ) ;
#2561 = PLANE ( 'NONE',  #1749 ) ;
#2562 = EDGE_LOOP ( 'NONE', ( #3399, #3256, #2885 ) ) ;
#2563 = CARTESIAN_POINT ( 'NONE',  ( 24.11378052206964639, -3.297729289241948969, 9.785753854269843899 ) ) ;
#2564 = ORIENTED_EDGE ( 'NONE', *, *, #2873, .T. ) ;
#2565 = EDGE_CURVE ( 'NONE', #3453, #3080, #3370, .T. ) ;
#2566 = EDGE_LOOP ( 'NONE', ( #3519, #589, #2183, #1792 ) ) ;
#2567 = CARTESIAN_POINT ( 'NONE',  ( 13.11378052206964284, -31.79772928924194630, 35.78575385426984212 ) ) ;
#2568 = VERTEX_POINT ( 'NONE', #2110 ) ;
#2569 = CARTESIAN_POINT ( 'NONE',  ( 0.6137805220696666009, -31.79772928924194630, 0.2857538542698628836 ) ) ;
#2570 = DIRECTION ( 'NONE',  ( 0.0000000000000000000, 0.0000000000000000000, 1.000000000000000000 ) ) ;
#2571 = EDGE_CURVE ( 'NONE', #1112, #644, #3523, .T. ) ;
#2572 = EDGE_LOOP ( 'NONE', ( #3942, #1018 ) ) ;
#2573 = CARTESIAN_POINT ( 'NONE',  ( 3.394489422247077393, -8.667167896615616485, 31.06825522986482824 ) ) ;
#2574 = CARTESIAN_POINT ( 'NONE',  ( 57.61378052206963929, -1.797729289241947637, 42.28575385426982081 ) ) ;
#2575 = CARTESIAN_POINT ( 'NONE',  ( 40.11378052206964639, -27.79772928924194630, 28.78575385426983857 ) ) ;
#2576 = VERTEX_POINT ( 'NONE', #1152 ) ;
#2577 = CARTESIAN_POINT ( 'NONE',  ( 2.613780522069647283, -1.797729289241947637, 2.285753854269851004 ) ) ;
#2578 = DIRECTION ( 'NONE',  ( 0.0000000000000000000, 0.0000000000000000000, 1.000000000000000000 ) ) ;
#2579 = DIRECTION ( 'NONE',  ( 0.0000000000000000000, -1.000000000000000000, 0.0000000000000000000 ) ) ;
#2580 = CARTESIAN_POINT ( 'NONE',  ( 57.61378052206963929, -1.797729289241947637, 3.735753854269857399 ) ) ;
#2581 = VECTOR ( 'NONE', #1453, 1000.000000000000000 ) ;
#2582 = EDGE_LOOP ( 'NONE', ( #3505, #3343 ) ) ;
#2583 = CARTESIAN_POINT ( 'NONE',  ( 25.11378052206964639, -9.797729289241948081, 30.93575385426983715 ) ) ;
#2584 = CIRCLE ( 'NONE', #396, 1.399999999999998579 ) ;
#2585 = EDGE_CURVE ( 'NONE', #3661, #2042, #3409, .T. ) ;
#2586 = EDGE_LOOP ( 'NONE', ( #3704, #1940, #2782, #3346 ) ) ;
#2587 = DIRECTION ( 'NONE',  ( 0.7071067811865474617, -0.7071067811865474617, -0.0000000000000000000 ) ) ;
#2588 = FACE_OUTER_BOUND ( 'NONE', #1437, .T. ) ;
#2589 = DIRECTION ( 'NONE',  ( 0.0000000000000000000, 0.0000000000000000000, 1.000000000000000000 ) ) ;
#2590 = CARTESIAN_POINT ( 'NONE',  ( 4.373859159101424865, -11.59792912511466589, 40.29037871192428355 ) ) ;
#2591 = ORIENTED_EDGE ( 'NONE', *, *, #3775, .F. ) ;
#2592 = EDGE_CURVE ( 'NONE', #845, #308, #1087, .T. ) ;
#2593 = DIRECTION ( 'NONE',  ( 0.0000000000000000000, 0.0000000000000000000, -1.000000000000000000 ) ) ;
#2594 = CIRCLE ( 'NONE', #2677, 1.399999999999995026 ) ;
#2595 = CARTESIAN_POINT ( 'NONE',  ( 49.11378052206964639, -27.79772928924194630, 35.88575385426984354 ) ) ;
#2596 = ORIENTED_EDGE ( 'NONE', *, *, #456, .T. ) ;
#2597 = CIRCLE ( 'NONE', #2134, 2.999999999999999112 ) ;
#2598 = EDGE_CURVE ( 'NONE', #61, #2046, #1133, .T. ) ;
#2599 = ORIENTED_EDGE ( 'NONE', *, *, #2536, .T. ) ;
#2600 = LOCAL_TIME ( 17, 7, 8.000000000000000000, #1682 ) ;
#2601 = DIRECTION ( 'NONE',  ( -1.000000000000000000, 0.0000000000000000000, 0.0000000000000000000 ) ) ;
#2602 = CARTESIAN_POINT ( 'NONE',  ( 0.1137805220696452846, -31.29772928924192499, -0.2142461457301583772 ) ) ;
#2603 = CIRCLE ( 'NONE', #487, 1.449999999999999956 ) ;
#2604 = DIRECTION ( 'NONE',  ( 0.7071067811865474617, -0.0000000000000000000, 0.7071067811865474617 ) ) ;
#2605 = DIRECTION ( 'NONE',  ( -1.000000000000000000, 0.0000000000000000000, 0.0000000000000000000 ) ) ;
#2606 = AXIS2_PLACEMENT_3D ( 'NONE', #743, #1049, #414 ) ;
#2607 = VECTOR ( 'NONE', #2307, 1000.000000000000000 ) ;
#2608 = ORIENTED_EDGE ( 'NONE', *, *, #1420, .T. ) ;
#2609 = CARTESIAN_POINT ( 'NONE',  ( 8.521549381366885001, 3.202270710758043037, 31.78575385426983502 ) ) ;
#2610 = DIRECTION ( 'NONE',  ( 0.0000000000000000000, 1.000000000000000000, 0.0000000000000000000 ) ) ;
#2611 = FACE_OUTER_BOUND ( 'NONE', #1659, .T. ) ;
#2612 = ORIENTED_EDGE ( 'NONE', *, *, #674, .T. ) ;
#2613 = CARTESIAN_POINT ( 'NONE',  ( 0.0000000000000000000, 0.0000000000000000000, 0.0000000000000000000 ) ) ;
#2614 = VERTEX_POINT ( 'NONE', #866 ) ;
#2615 = ORIENTED_EDGE ( 'NONE', *, *, #1373, .F. ) ;
#2616 = DIRECTION ( 'NONE',  ( 8.659560562354989558E-17, -0.7071067811865430208, 0.7071067811865521247 ) ) ;
#2617 = ORIENTED_EDGE ( 'NONE', *, *, #470, .T. ) ;
#2618 = CARTESIAN_POINT ( 'NONE',  ( 24.11378052206964639, -9.797729289241951633, 47.78575385426984212 ) ) ;
#2619 = CARTESIAN_POINT ( 'NONE',  ( 7.029623371024021239, 1.802249243002700396, 32.03876307627862730 ) ) ;
#2620 = CARTESIAN_POINT ( 'NONE',  ( 6.066899375438360664, -21.87253043521945273, 31.89365671200100749 ) ) ;
#2621 = EDGE_CURVE ( 'NONE', #3373, #2844, #1524, .T. ) ;
#2622 = VERTEX_POINT ( 'NONE', #15 ) ;
#2623 = CARTESIAN_POINT ( 'NONE',  ( 49.11378052206964639, -27.79772928924194630, 5.885753854269839103 ) ) ;
#2624 = ORIENTED_EDGE ( 'NONE', *, *, #2404, .T. ) ;
#2625 = AXIS2_PLACEMENT_3D ( 'NONE', #268, #2721, #3051 ) ;
#2626 = CIRCLE ( 'NONE', #540, 1.449999999999999956 ) ;
#2627 = ORIENTED_EDGE ( 'NONE', *, *, #876, .F. ) ;
#2628 = DIRECTION ( 'NONE',  ( 0.0000000000000000000, 0.0000000000000000000, -1.000000000000000000 ) ) ;
#2629 = FACE_OUTER_BOUND ( 'NONE', #1045, .T. ) ;
#2630 = LINE ( 'NONE', #1648, #3665 ) ;
#2631 = DIRECTION ( 'NONE',  ( -1.000000000000000000, 0.0000000000000000000, 0.0000000000000000000 ) ) ;
#2632 = CYLINDRICAL_SURFACE ( 'NONE', #1410, 1.849999999999998312 ) ;
#2633 = ORIENTED_EDGE ( 'NONE', *, *, #3830, .F. ) ;
#2634 = CARTESIAN_POINT ( 'NONE',  ( 55.61378052206963929, 8.202270710758053696, 4.285753854269845675 ) ) ;
#2635 = EDGE_CURVE ( 'NONE', #1693, #1504, #1278, .T. ) ;
#2636 = FACE_OUTER_BOUND ( 'NONE', #1550, .T. ) ;
#2637 = ORIENTED_EDGE ( 'NONE', *, *, #1160, .F. ) ;
#2638 = DIRECTION ( 'NONE',  ( 0.0000000000000000000, 1.000000000000000000, 0.0000000000000000000 ) ) ;
#2639 = CARTESIAN_POINT ( 'NONE',  ( 22.11378052206963574, -22.79772928924194630, 35.78575385426984212 ) ) ;
#2640 = FACE_BOUND ( 'NONE', #1499, .T. ) ;
#2641 = EDGE_CURVE ( 'NONE', #3057, #179, #2243, .T. ) ;
#2642 = LOCAL_TIME ( 17, 7, 8.000000000000000000, #2014 ) ;
#2643 = CARTESIAN_POINT ( 'NONE',  ( 6.009689162116034211, 2.346680374429758853, 31.87757121557449480 ) ) ;
#2644 = CARTESIAN_POINT ( 'NONE',  ( 7.828026032719181515, -21.57540936546663701, 31.97636924365566813 ) ) ;
#2645 = FACE_OUTER_BOUND ( 'NONE', #2520, .T. ) ;
#2646 = CARTESIAN_POINT ( 'NONE',  ( 4.740725605155113875, -7.947799271293930268, 40.26908508610815574 ) ) ;
#2647 = DIRECTION ( 'NONE',  ( 0.0000000000000000000, 0.0000000000000000000, -1.000000000000000000 ) ) ;
#2648 = VECTOR ( 'NONE', #3516, 1000.000000000000000 ) ;
#2649 =( LENGTH_UNIT ( ) NAMED_UNIT ( * ) SI_UNIT ( .MILLI., .METRE. ) );
#2650 = FACE_OUTER_BOUND ( 'NONE', #3351, .T. ) ;
#2651 = ORIENTED_EDGE ( 'NONE', *, *, #3490, .T. ) ;
#2652 = EDGE_LOOP ( 'NONE', ( #1347, #3108 ) ) ;
#2653 = APPROVAL ( #3879, 'UNSPECIFIED' ) ;
#2654 = AXIS2_PLACEMENT_3D ( 'NONE', #1138, #2359, #2347 ) ;
#2655 = EDGE_LOOP ( 'NONE', ( #961, #1570 ) ) ;
#2656 = CARTESIAN_POINT ( 'NONE',  ( 6.668805421620285223, 1.874308311149893047, 32.01243841560977899 ) ) ;
#2657 = ORIENTED_EDGE ( 'NONE', *, *, #2866, .T. ) ;
#2658 = DIRECTION ( 'NONE',  ( 0.0000000000000000000, 1.000000000000000000, 0.0000000000000000000 ) ) ;
#2659 = CARTESIAN_POINT ( 'NONE',  ( 5.462886683037954327, -8.043166365656094996, 40.30753783819963587 ) ) ;
#2660 = VERTEX_POINT ( 'NONE', #26 ) ;
#2661 = DIRECTION ( 'NONE',  ( 0.0000000000000000000, 0.0000000000000000000, 1.000000000000000000 ) ) ;
#2662 =( NAMED_UNIT ( * ) PLANE_ANGLE_UNIT ( ) SI_UNIT ( $, .RADIAN. ) );
#2663 = EDGE_LOOP ( 'NONE', ( #1761, #907, #940, #3155 ) ) ;
#2664 = EDGE_CURVE ( 'NONE', #2990, #2997, #2584, .T. ) ;
#2665 = DIRECTION ( 'NONE',  ( 0.0000000000000000000, 0.0000000000000000000, 1.000000000000000000 ) ) ;
#2666 = ORIENTED_EDGE ( 'NONE', *, *, #2536, .F. ) ;
#2667 = CARTESIAN_POINT ( 'NONE',  ( 6.414592585022275806, 1.980164319001897377, 39.59521060210237664 ) ) ;
#2668 = CARTESIAN_POINT ( 'NONE',  ( 7.121549381366887310, 3.202270710758043037, 15.78575385426982791 ) ) ;
#2669 = EDGE_CURVE ( 'NONE', #2383, #1799, #2970, .T. ) ;
#2670 = CARTESIAN_POINT ( 'NONE',  ( 6.525178629821791532, -8.975061837974607215, 40.56679640441087287 ) ) ;
#2671 = EDGE_LOOP ( 'NONE', ( #832, #1495, #124, #2617 ) ) ;
#2672 = CARTESIAN_POINT ( 'NONE',  ( 22.71378052206965137, -3.297729289241948969, 42.28575385426983502 ) ) ;
#2673 = CARTESIAN_POINT ( 'NONE',  ( 6.087616272175570664, -11.19025454288039079, 31.13912667230309239 ) ) ;
#2674 = LINE ( 'NONE', #2033, #2717 ) ;
#2675 = VERTEX_POINT ( 'NONE', #44 ) ;
#2676 = AXIS2_PLACEMENT_3D ( 'NONE', #1766, #1157, #3333 ) ;
#2677 = AXIS2_PLACEMENT_3D ( 'NONE', #3885, #2658, #1717 ) ;
#2678 = CARTESIAN_POINT ( 'NONE',  ( 5.864550093574600886, -23.42093509902082005, 39.73783336672953936 ) ) ;
#2679 = ORIENTED_EDGE ( 'NONE', *, *, #2166, .T. ) ;
#2680 = PLANE ( 'NONE',  #3439 ) ;
#2681 = LINE ( 'NONE', #2533, #2247 ) ;
#2682 = CARTESIAN_POINT ( 'NONE',  ( 30.11378052206963929, -52.79772928924194986, 16.63575385426985065 ) ) ;
#2683 = ORIENTED_EDGE ( 'NONE', *, *, #276, .T. ) ;
#2684 = CIRCLE ( 'NONE', #2523, 1.399999999999995026 ) ;
#2685 = ORIENTED_EDGE ( 'NONE', *, *, #4005, .F. ) ;
#2686 = DIRECTION ( 'NONE',  ( 0.0000000000000000000, 0.0000000000000000000, 1.000000000000000000 ) ) ;
#2687 = EDGE_CURVE ( 'NONE', #138, #588, #188, .T. ) ;
#2688 = CONICAL_SURFACE ( 'NONE', #3281, 1.399999999999995914, 0.7853981633974538301 ) ;
#2689 = VERTEX_POINT ( 'NONE', #923 ) ;
#2690 = ORGANIZATION ( 'UNSPECIFIED', 'UNSPECIFIED', '' ) ;
#2691 = ADVANCED_FACE ( 'NONE', ( #803 ), #1854, .F. ) ;
#2692 = CARTESIAN_POINT ( 'NONE',  ( 29.21378052206964782, -9.797729289241951633, 42.28575385426982791 ) ) ;
#2693 = CARTESIAN_POINT ( 'NONE',  ( 7.981732153577029365, -23.91735002635259733, 39.62818295008811020 ) ) ;
#2694 = LINE ( 'NONE', #2875, #3086 ) ;
#2695 = EDGE_CURVE ( 'NONE', #644, #1112, #1043, .T. ) ;
#2696 = CARTESIAN_POINT ( 'NONE',  ( 25.11378052206964639, -9.797729289241948081, 35.78575385426984212 ) ) ;
#2697 = CARTESIAN_POINT ( 'NONE',  ( 27.71378052206965847, -9.797729289241951633, 40.78575385426984212 ) ) ;
#2698 = VECTOR ( 'NONE', #1846, 1000.000000000000000 ) ;
#2699 = ORIENTED_EDGE ( 'NONE', *, *, #2422, .F. ) ;
#2700 = CARTESIAN_POINT ( 'NONE',  ( 0.6137805220696666009, -31.79772928924194630, 0.2857538542698628836 ) ) ;
#2701 = CYLINDRICAL_SURFACE ( 'NONE', #1220, 1.399999999999998579 ) ;
#2702 = ORIENTED_EDGE ( 'NONE', *, *, #2350, .F. ) ;
#2703 = CARTESIAN_POINT ( 'NONE',  ( 2.613780522069633516, -1.797729289241947637, 43.73575385426981654 ) ) ;
#2704 = ORIENTED_EDGE ( 'NONE', *, *, #9, .T. ) ;
#2705 = DIRECTION ( 'NONE',  ( 0.0000000000000000000, 0.0000000000000000000, -1.000000000000000000 ) ) ;
#2706 = CARTESIAN_POINT ( 'NONE',  ( 60.11378052206964639, 8.202270710758053696, 0.2857538542698628836 ) ) ;
#2707 = ORIENTED_EDGE ( 'NONE', *, *, #3324, .T. ) ;
#2708 = DIRECTION ( 'NONE',  ( 0.0000000000000000000, 0.0000000000000000000, 1.000000000000000000 ) ) ;
#2709 = DIRECTION ( 'NONE',  ( 0.0000000000000000000, -1.000000000000000000, 0.0000000000000000000 ) ) ;
#2710 = ADVANCED_FACE ( 'NONE', ( #2874 ), #1880, .T. ) ;
#2711 = EDGE_CURVE ( 'NONE', #3720, #1158, #1472, .T. ) ;
#2712 = PLANE ( 'NONE',  #1559 ) ;
#2713 = ORIENTED_EDGE ( 'NONE', *, *, #482, .T. ) ;
#2714 = EDGE_CURVE ( 'NONE', #1662, #2805, #2823, .T. ) ;
#2715 = CARTESIAN_POINT ( 'NONE',  ( 37.11378052206965350, -37.79772928924194275, 31.78575385426983502 ) ) ;
#2716 = CARTESIAN_POINT ( 'NONE',  ( 27.61378052206964284, -9.797729289241951633, 9.785753854269843899 ) ) ;
#2717 = VECTOR ( 'NONE', #177, 1000.000000000000000 ) ;
#2718 = ORIENTED_EDGE ( 'NONE', *, *, #173, .F. ) ;
#2719 = CARTESIAN_POINT ( 'NONE',  ( 16.11378052206964639, -27.79772928924194630, 35.78575385426984212 ) ) ;
#2720 = AXIS2_PLACEMENT_3D ( 'NONE', #3179, #3655, #1147 ) ;
#2721 = DIRECTION ( 'NONE',  ( 0.0000000000000000000, 0.0000000000000000000, -1.000000000000000000 ) ) ;
#2722 = VECTOR ( 'NONE', #2985, 1000.000000000000000 ) ;
#2723 = CYLINDRICAL_SURFACE ( 'NONE', #1984, 0.5000000000000004441 ) ;
#2724 = VECTOR ( 'NONE', #1823, 1000.000000000000000 ) ;
#2725 = EDGE_LOOP ( 'NONE', ( #2918, #241 ) ) ;
#2726 = AXIS2_PLACEMENT_3D ( 'NONE', #1127, #2638, #796 ) ;
#2727 = ADVANCED_FACE ( 'NONE', ( #513 ), #2204, .F. ) ;
#2728 = CARTESIAN_POINT ( 'NONE',  ( 6.259847696040174547, 4.320567819519116171, 31.94296009010508186 ) ) ;
#2729 = DIRECTION ( 'NONE',  ( 0.0000000000000000000, 0.0000000000000000000, 1.000000000000000000 ) ) ;
#2730 = VECTOR ( 'NONE', #2825, 1000.000000000000000 ) ;
#2731 = ORIENTED_EDGE ( 'NONE', *, *, #3931, .T. ) ;
#2732 = CARTESIAN_POINT ( 'NONE',  ( 56.11378052206963929, -27.79772928924194630, 4.285753854269845675 ) ) ;
#2733 = EDGE_CURVE ( 'NONE', #216, #1573, #938, .T. ) ;
#2734 = LINE ( 'NONE', #1322, #1052 ) ;
#2735 = CARTESIAN_POINT ( 'NONE',  ( 6.713780522069647816, -9.797729289241948081, -0.2142461457301583772 ) ) ;
#2736 = ORIENTED_EDGE ( 'NONE', *, *, #2733, .F. ) ;
#2737 = DIRECTION ( 'NONE',  ( 0.0000000000000000000, 0.0000000000000000000, 1.000000000000000000 ) ) ;
#2738 = VECTOR ( 'NONE', #996, 1000.000000000000000 ) ;
#2739 = CARTESIAN_POINT ( 'NONE',  ( 24.11378052206964639, -3.297729289241948969, 47.78575385426984212 ) ) ;
#2740 = EDGE_CURVE ( 'NONE', #3186, #740, #2537, .T. ) ;
#2741 = CIRCLE ( 'NONE', #1820, 1.399999999999998579 ) ;
#2742 = AXIS2_PLACEMENT_3D ( 'NONE', #3946, #1479, #2992 ) ;
#2743 = CARTESIAN_POINT ( 'NONE',  ( 59.61378052206962508, -31.79772928924194630, -0.2142461457301583772 ) ) ;
#2744 = VECTOR ( 'NONE', #2501, 1000.000000000000000 ) ;
#2745 = VERTEX_POINT ( 'NONE', #1909 ) ;
#2746 = EDGE_LOOP ( 'NONE', ( #304, #2624, #243, #573 ) ) ;
#2747 = DIRECTION ( 'NONE',  ( -0.0000000000000000000, 0.0000000000000000000, -1.000000000000000000 ) ) ;
#2748 = CARTESIAN_POINT ( 'NONE',  ( 8.233671893448526902, 4.057533799825423060, 39.69401063553517872 ) ) ;
#2749 = ADVANCED_FACE ( 'NONE', ( #469 ), #2632, .F. ) ;
#2750 = EDGE_LOOP ( 'NONE', ( #3552, #2608, #2122, #3054 ) ) ;
#2751 = ORIENTED_EDGE ( 'NONE', *, *, #3347, .T. ) ;
#2752 = DIRECTION ( 'NONE',  ( 0.0000000000000000000, 0.0000000000000000000, -1.000000000000000000 ) ) ;
#2753 = AXIS2_PLACEMENT_3D ( 'NONE', #806, #1123, #2958 ) ;
#2754 = DIRECTION ( 'NONE',  ( -1.000000000000000000, 0.0000000000000000000, 0.0000000000000000000 ) ) ;
#2755 = AXIS2_PLACEMENT_3D ( 'NONE', #3005, #3961, #1752 ) ;
#2756 = EDGE_LOOP ( 'NONE', ( #1365, #3444, #1361, #3209 ) ) ;
#2757 = CARTESIAN_POINT ( 'NONE',  ( 5.107667094504325433, -7.959818329458926200, 31.29740758813633761 ) ) ;
#2758 = ORIENTED_EDGE ( 'NONE', *, *, #2664, .T. ) ;
#2759 = DIRECTION ( 'NONE',  ( 0.0000000000000000000, 0.0000000000000000000, -1.000000000000000000 ) ) ;
#2760 = DIRECTION ( 'NONE',  ( 1.000000000000000000, -0.0000000000000000000, 0.0000000000000000000 ) ) ;
#2761 = DIRECTION ( 'NONE',  ( 0.0000000000000000000, 0.0000000000000000000, 1.000000000000000000 ) ) ;
#2762 = ORIENTED_EDGE ( 'NONE', *, *, #3307, .T. ) ;
#2763 = EDGE_CURVE ( 'NONE', #2997, #2990, #2924, .T. ) ;
#2764 = ADVANCED_FACE ( 'NONE', ( #1719 ), #2005, .F. ) ;
#2765 = DIRECTION ( 'NONE',  ( 0.0000000000000000000, -0.0000000000000000000, 1.000000000000000000 ) ) ;
#2766 = DIRECTION ( 'NONE',  ( 0.0000000000000000000, -1.000000000000000000, 0.0000000000000000000 ) ) ;
#2767 = ORIENTED_EDGE ( 'NONE', *, *, #3294, .T. ) ;
#2768 = B_SPLINE_CURVE_WITH_KNOTS ( 'NONE', 3,
 ( #2973, #3644, #1111, #1781, #550, #3633, #1159, #2044, #1125, #3283, #211, #3929, #1417, #3297, #1755, #3337, #1434, #3605, #3941, #2987, #1745, #1734, #2673, #830, #2069, #2344, #235, #537, #1770, #509 ),
 .UNSPECIFIED., .F., .F.,
 ( 4, 2, 2, 2, 2, 2, 2, 2, 2, 2, 2, 2, 2, 2, 4 ),
 ( 0.005839814219284576204, 0.006204731276474329330, 0.006569648333664082455, 0.006934565390853835581, 0.007299482448043589575, 0.007664399505233342701, 0.008029316562423095827, 0.008394233619612848085, 0.008759150676802602078, 0.009488984791182108330, 0.009853901848371862324, 0.01021881890556161632, 0.01058373596275136858, 0.01094865301994112083, 0.01167848713432063229 ),
 .UNSPECIFIED. ) ;
#2769 = EDGE_CURVE ( 'NONE', #2234, #2845, #3772, .T. ) ;
#2770 = ADVANCED_FACE ( 'NONE', ( #705 ), #3717, .F. ) ;
#2771 = DIRECTION ( 'NONE',  ( 0.0000000000000000000, 1.000000000000000000, 0.0000000000000000000 ) ) ;
#2772 = LINE ( 'NONE', #2348, #1955 ) ;
#2773 = ORIENTED_EDGE ( 'NONE', *, *, #3514, .T. ) ;
#2774 = LINE ( 'NONE', #483, #2101 ) ;
#2775 = DIRECTION ( 'NONE',  ( 0.0000000000000000000, 0.0000000000000000000, 1.000000000000000000 ) ) ;
#2776 = CARTESIAN_POINT ( 'NONE',  ( 6.524563882374717849, -10.62173248521657065, 40.56658026180496535 ) ) ;
#2777 = FACE_BOUND ( 'NONE', #319, .T. ) ;
#2778 = CARTESIAN_POINT ( 'NONE',  ( 5.721549381366891396, 3.202270710758043037, 15.78575385426982791 ) ) ;
#2779 = VERTEX_POINT ( 'NONE', #2241 ) ;
#2780 = CARTESIAN_POINT ( 'NONE',  ( 17.61378052206964639, -9.797729289241951633, 9.785753854269843899 ) ) ;
#2781 = CIRCLE ( 'NONE', #3394, 1.399999999999998579 ) ;
#2782 = ORIENTED_EDGE ( 'NONE', *, *, #178, .F. ) ;
#2783 = CARTESIAN_POINT ( 'NONE',  ( 6.701540541340507140, -9.553021926991155155, 30.94046004989916199 ) ) ;
#2784 = FACE_OUTER_BOUND ( 'NONE', #2562, .T. ) ;
#2785 = CARTESIAN_POINT ( 'NONE',  ( 27.11378052206964995, -16.29772928924195341, -0.2142461457301583772 ) ) ;
#2786 = EDGE_LOOP ( 'NONE', ( #3314, #1097, #3752, #458 ) ) ;
#2787 = EDGE_CURVE ( 'NONE', #3080, #3103, #893, .T. ) ;
#2788 = CARTESIAN_POINT ( 'NONE',  ( 7.121549381366887310, 3.202270710758043037, 44.78575385426984212 ) ) ;
#2789 = FACE_BOUND ( 'NONE', #2215, .T. ) ;
#2790 = ADVANCED_FACE ( 'NONE', ( #3272 ), #2148, .F. ) ;
#2791 = CARTESIAN_POINT ( 'NONE',  ( 30.61378052206964639, -9.797729289241951633, -18.21424614573016143 ) ) ;
#2792 = DIRECTION ( 'NONE',  ( 0.0000000000000000000, 0.0000000000000000000, 1.000000000000000000 ) ) ;
#2793 = LINE ( 'NONE', #1264, #2698 ) ;
#2794 = EDGE_CURVE ( 'NONE', #10, #667, #2054, .T. ) ;
#2795 = ORIENTED_EDGE ( 'NONE', *, *, #2585, .F. ) ;
#2796 = CARTESIAN_POINT ( 'NONE',  ( 57.61378052206963929, -1.797729289241947637, 42.28575385426982081 ) ) ;
#2797 = VECTOR ( 'NONE', #95, 1000.000000000000000 ) ;
#2798 = EDGE_LOOP ( 'NONE', ( #2291, #209 ) ) ;
#2799 = AXIS2_PLACEMENT_3D ( 'NONE', #18, #1508, #881 ) ;
#2800 = CARTESIAN_POINT ( 'NONE',  ( 22.11378052206963574, -22.79772928924194630, 31.78575385426983502 ) ) ;
#2801 = VERTEX_POINT ( 'NONE', #3146 ) ;
#2802 = CARTESIAN_POINT ( 'NONE',  ( 57.61378052206963929, -1.797729289241947637, 0.8357538542698578210 ) ) ;
#2803 = CARTESIAN_POINT ( 'NONE',  ( 60.11378052206964639, -31.29772928924192499, 44.78575385426984212 ) ) ;
#2804 = CARTESIAN_POINT ( 'NONE',  ( 25.51378052206964142, -3.297729289241948969, 47.78575385426984212 ) ) ;
#2805 = VERTEX_POINT ( 'NONE', #1941 ) ;
#2806 = CARTESIAN_POINT ( 'NONE',  ( 57.61378052206963929, 8.202270710758053696, 40.83575385426982507 ) ) ;
#2807 = PRODUCT_DEFINITION_FORMATION_WITH_SPECIFIED_SOURCE ( 'ANY', '', #1449, .NOT_KNOWN. ) ;
#2808 = CARTESIAN_POINT ( 'NONE',  ( 6.936057474623354757, -24.18841400080053461, 32.03523855689453370 ) ) ;
#2809 = AXIS2_PLACEMENT_3D ( 'NONE', #2327, #3277, #2916 ) ;
#2810 = ORIENTED_EDGE ( 'NONE', *, *, #1086, .F. ) ;
#2811 = ADVANCED_FACE ( 'NONE', ( #3668 ), #1624, .F. ) ;
#2812 = CARTESIAN_POINT ( 'NONE',  ( 6.467319429013328680, -8.867299660199181588, 31.02473502756309287 ) ) ;
#2813 = DIRECTION ( 'NONE',  ( 0.0000000000000000000, 0.0000000000000000000, -1.000000000000000000 ) ) ;
#2814 = VERTEX_POINT ( 'NONE', #742 ) ;
#2815 = DIRECTION ( 'NONE',  ( 0.0000000000000000000, 0.0000000000000000000, 1.000000000000000000 ) ) ;
#2816 = VECTOR ( 'NONE', #1088, 1000.000000000000000 ) ;
#2817 = EDGE_CURVE ( 'NONE', #3475, #840, #1231, .T. ) ;
#2818 = ORIENTED_EDGE ( 'NONE', *, *, #1317, .T. ) ;
#2819 = CARTESIAN_POINT ( 'NONE',  ( 25.51378052206964142, -16.29772928924195341, -18.21424614573016143 ) ) ;
#2820 = FACE_OUTER_BOUND ( 'NONE', #3423, .T. ) ;
#2821 = LINE ( 'NONE', #3286, #2239 ) ;
#2822 = EDGE_CURVE ( 'NONE', #2039, #1573, #2434, .T. ) ;
#2823 = LINE ( 'NONE', #318, #277 ) ;
#2824 = VERTEX_POINT ( 'NONE', #3537 ) ;
#2825 = DIRECTION ( 'NONE',  ( 0.0000000000000000000, -1.000000000000000000, -0.0000000000000000000 ) ) ;
#2826 = FACE_OUTER_BOUND ( 'NONE', #750, .T. ) ;
#2827 = CARTESIAN_POINT ( 'NONE',  ( 30.61378052206964639, -9.797729289241951633, 47.78575385426984212 ) ) ;
#2828 = ORIENTED_EDGE ( 'NONE', *, *, #575, .T. ) ;
#2829 = AXIS2_PLACEMENT_3D ( 'NONE', #2639, #2940, #2964 ) ;
#2830 = ADVANCED_FACE ( 'NONE', ( #3068 ), #93, .F. ) ;
#2831 = AXIS2_PLACEMENT_3D ( 'NONE', #2118, #285, #1170 ) ;
#2832 = DIRECTION ( 'NONE',  ( 0.0000000000000000000, 1.000000000000000000, 0.0000000000000000000 ) ) ;
#2833 = VECTOR ( 'NONE', #708, 1000.000000000000000 ) ;
#2834 = VERTEX_POINT ( 'NONE', #472 ) ;
#2835 = CYLINDRICAL_SURFACE ( 'NONE', #2102, 4.000000000000003553 ) ;
#2836 = DIRECTION ( 'NONE',  ( 0.0000000000000000000, 1.000000000000000000, 0.0000000000000000000 ) ) ;
#2837 = CARTESIAN_POINT ( 'NONE',  ( 2.613780522069633516, -1.797729289241947637, 40.83575385426981796 ) ) ;
#2838 = DIRECTION ( 'NONE',  ( 0.0000000000000000000, 0.0000000000000000000, 1.000000000000000000 ) ) ;
#2839 = LINE ( 'NONE', #2602, #3841 ) ;
#2840 = EDGE_CURVE ( 'NONE', #75, #1188, #2774, .T. ) ;
#2841 = DIRECTION ( 'NONE',  ( 0.0000000000000000000, 0.0000000000000000000, -1.000000000000000000 ) ) ;
#2842 = DIRECTION ( 'NONE',  ( -1.000000000000000000, 0.0000000000000000000, 0.0000000000000000000 ) ) ;
#2843 = LINE ( 'NONE', #1750, #1980 ) ;
#2844 = VERTEX_POINT ( 'NONE', #148 ) ;
#2845 = VERTEX_POINT ( 'NONE', #1349 ) ;
#2846 = DIRECTION ( 'NONE',  ( 1.000000000000000000, 0.0000000000000000000, 3.212450881438531748E-17 ) ) ;
#2847 = DIRECTION ( 'NONE',  ( -0.0000000000000000000, -0.0000000000000000000, -1.000000000000000000 ) ) ;
#2848 = EDGE_CURVE ( 'NONE', #2745, #3322, #3912, .T. ) ;
#2849 = VERTEX_POINT ( 'NONE', #3840 ) ;
#2850 = ORIENTED_EDGE ( 'NONE', *, *, #1711, .F. ) ;
#2851 = ADVANCED_FACE ( 'NONE', ( #1959 ), #3568, .F. ) ;
#2852 = DIRECTION ( 'NONE',  ( 0.0000000000000000000, 0.7071067811865474617, -0.7071067811865474617 ) ) ;
#2853 = EDGE_LOOP ( 'NONE', ( #1015, #2758 ) ) ;
#2854 = AXIS2_PLACEMENT_3D ( 'NONE', #3528, #3499, #1957 ) ;
#2855 = CARTESIAN_POINT ( 'NONE',  ( 17.61378052206964639, -9.797729289241951633, 9.785753854269843899 ) ) ;
#2856 = DIRECTION ( 'NONE',  ( 0.0000000000000000000, -1.000000000000000000, 0.0000000000000000000 ) ) ;
#2857 = CARTESIAN_POINT ( 'NONE',  ( 9.613780522069646395, -27.79772928924194630, 40.78575385426984212 ) ) ;
#2858 = CARTESIAN_POINT ( 'NONE',  ( 3.013780522069652523, -10.04467341892061860, 40.63575385426982933 ) ) ;
#2859 = ORIENTED_EDGE ( 'NONE', *, *, #979, .T. ) ;
#2860 = AXIS2_PLACEMENT_3D ( 'NONE', #78, #3438, #2813 ) ;
#2861 = CARTESIAN_POINT ( 'NONE',  ( 57.61378052206963929, -1.797729289241947637, 40.83575385426982507 ) ) ;
#2862 = AXIS2_PLACEMENT_3D ( 'NONE', #3261, #3271, #2939 ) ;
#2863 = VERTEX_POINT ( 'NONE', #2919 ) ;
#2864 = DIRECTION ( 'NONE',  ( -0.0000000000000000000, 0.0000000000000000000, -1.000000000000000000 ) ) ;
#2865 = ORIENTED_EDGE ( 'NONE', *, *, #1187, .F. ) ;
#2866 = EDGE_CURVE ( 'NONE', #2360, #2524, #2000, .T. ) ;
#2867 = CARTESIAN_POINT ( 'NONE',  ( 40.11378052206963929, -31.79772928924194630, 35.78575385426984212 ) ) ;
#2868 = CYLINDRICAL_SURFACE ( 'NONE', #1101, 10.00000000000000178 ) ;
#2869 = CLOSED_SHELL ( 'NONE', ( #3417, #2421, #3972, #1011, #3709, #1214, #1518, #357, #398, #2554, #317, #3117, #2142, #693, #3769, #3454, #3166, #2401, #76, #3397, #1817, #3684, #2123, #2322, #3058, #1151, #910, #2811, #1791, #1115, #2066, #2851, #972, #2485, #988, #649, #1836, #2184, #1232, #632, #574, #291, #1557, #3081, #3812, #712, #3437, #2240, #930, #1540, #2047, #942, #2203, #7, #670, #886, #2227, #2691, #3994, #3476, #2790, #2749, #879, #1250, #2727, #1095, #3663, #1227, #1811, #2506, #54, #3794, #1296, #1189, #2710, #2445, #3123, #421, #1948, #1168, #3100, #2830, #2525, #1858, #817, #2162, #591, #1879, #3730, #1925, #3702, #2764, #25, #4015, #1268, #612, #296, #1623, #3188, #3501, #1580, #3053, #2770, #3032, #1314, #1603, #2466, #3353, #948, #378, #101, #1498, #340, #3376, #1900, #3145, #3749 ) ) ;
#2870 = DIRECTION ( 'NONE',  ( 0.0000000000000000000, -1.000000000000000000, 0.0000000000000000000 ) ) ;
#2871 = CARTESIAN_POINT ( 'NONE',  ( 60.11378052206964639, -18.29772928924194275, 22.28575385426984568 ) ) ;
#2872 = DIRECTION ( 'NONE',  ( 1.000000000000000000, 0.0000000000000000000, 0.0000000000000000000 ) ) ;
#2873 = EDGE_CURVE ( 'NONE', #3186, #1194, #3619, .T. ) ;
#2874 = FACE_OUTER_BOUND ( 'NONE', #953, .T. ) ;
#2875 = CARTESIAN_POINT ( 'NONE',  ( 2.613780522069647283, -1.797729289241947637, 3.735753854269850738 ) ) ;
#2876 = ORIENTED_EDGE ( 'NONE', *, *, #810, .F. ) ;
#2877 = DIRECTION ( 'NONE',  ( 1.000000000000000000, 0.0000000000000000000, -0.0000000000000000000 ) ) ;
#2878 = LINE ( 'NONE', #3831, #2541 ) ;
#2879 = AXIS2_PLACEMENT_3D ( 'NONE', #2884, #1650, #716 ) ;
#2880 = EDGE_LOOP ( 'NONE', ( #1308, #1649, #3742, #288 ) ) ;
#2881 = CARTESIAN_POINT ( 'NONE',  ( 4.039194022428278963, -8.137164219893112005, 31.22861164663525102 ) ) ;
#2882 = CARTESIAN_POINT ( 'NONE',  ( 21.11378052206964284, -16.29772928924195341, 9.785753854269843899 ) ) ;
#2883 = FACE_OUTER_BOUND ( 'NONE', #2994, .T. ) ;
#2884 = CARTESIAN_POINT ( 'NONE',  ( 30.61378052206964639, -9.797729289241951633, 40.78575385426984212 ) ) ;
#2885 = ORIENTED_EDGE ( 'NONE', *, *, #2273, .F. ) ;
#2886 = CARTESIAN_POINT ( 'NONE',  ( 59.61378052206962508, 8.202270710758053696, 44.78575385426984212 ) ) ;
#2887 = CARTESIAN_POINT ( 'NONE',  ( 3.062251732437134333, -10.28389115256863029, 40.61668001901963265 ) ) ;
#2888 = FACE_OUTER_BOUND ( 'NONE', #1723, .T. ) ;
#2889 = AXIS2_PLACEMENT_3D ( 'NONE', #713, #122, #161 ) ;
#2890 = AXIS2_PLACEMENT_3D ( 'NONE', #1292, #1929, #994 ) ;
#2891 = ORIENTED_EDGE ( 'NONE', *, *, #2223, .T. ) ;
#2892 = CALENDAR_DATE ( 2019, 12, 12 ) ;
#2893 = VECTOR ( 'NONE', #2846, 1000.000000000000000 ) ;
#2894 = CARTESIAN_POINT ( 'NONE',  ( 6.260204001840347310, -21.67930048237440843, 39.62848342463661311 ) ) ;
#2895 = FACE_OUTER_BOUND ( 'NONE', #3634, .T. ) ;
#2896 = DIRECTION ( 'NONE',  ( 0.0000000000000000000, 1.000000000000000000, 0.0000000000000000000 ) ) ;
#2897 = ORIENTED_EDGE ( 'NONE', *, *, #2196, .T. ) ;
#2898 = DIRECTION ( 'NONE',  ( -1.000000000000000000, 0.0000000000000000000, 0.0000000000000000000 ) ) ;
#2899 = ORIENTED_EDGE ( 'NONE', *, *, #271, .T. ) ;
#2900 = EDGE_CURVE ( 'NONE', #371, #3984, #1368, .T. ) ;
#2901 = CARTESIAN_POINT ( 'NONE',  ( 57.61378052206963929, 8.202270710758053696, 42.28575385426982081 ) ) ;
#2902 = ORIENTED_EDGE ( 'NONE', *, *, #1503, .F. ) ;
#2903 = DIRECTION ( 'NONE',  ( 1.000000000000000000, 0.0000000000000000000, 0.0000000000000000000 ) ) ;
#2904 = DIRECTION ( 'NONE',  ( 0.7071067811865474617, 0.7071067811865474617, -0.0000000000000000000 ) ) ;
#2905 = ORIENTED_EDGE ( 'NONE', *, *, #1216, .F. ) ;
#2906 = CARTESIAN_POINT ( 'NONE',  ( 6.756216429200473605, 1.847670013692101154, 32.02205541864598359 ) ) ;
#2907 = EDGE_CURVE ( 'NONE', #3925, #2103, #4009, .T. ) ;
#2908 = ORIENTED_EDGE ( 'NONE', *, *, #854, .T. ) ;
#2909 = CARTESIAN_POINT ( 'NONE',  ( 9.613780522069646395, 3.202270710758049255, 39.78575385426984212 ) ) ;
#2910 = DIRECTION ( 'NONE',  ( 1.000000000000000000, 0.0000000000000000000, 0.0000000000000000000 ) ) ;
#2911 = VERTEX_POINT ( 'NONE', #3604 ) ;
#2912 = DIRECTION ( 'NONE',  ( 0.0000000000000000000, 0.0000000000000000000, 1.000000000000000000 ) ) ;
#2913 = CARTESIAN_POINT ( 'NONE',  ( 37.11378052206965350, -31.79772928924194630, 31.78575385426983502 ) ) ;
#2914 = ORIENTED_EDGE ( 'NONE', *, *, #1113, .F. ) ;
#2915 = DIRECTION ( 'NONE',  ( 0.0000000000000000000, 0.0000000000000000000, -1.000000000000000000 ) ) ;
#2916 = DIRECTION ( 'NONE',  ( 0.0000000000000000000, 0.0000000000000000000, 1.000000000000000000 ) ) ;
#2917 = VECTOR ( 'NONE', #3207, 1000.000000000000000 ) ;
#2918 = ORIENTED_EDGE ( 'NONE', *, *, #3853, .F. ) ;
#2919 = CARTESIAN_POINT ( 'NONE',  ( 30.11378052206963929, -27.79772928924194630, 16.63575385426985065 ) ) ;
#2920 = CYLINDRICAL_SURFACE ( 'NONE', #141, 3.000000000000002665 ) ;
#2921 = EDGE_CURVE ( 'NONE', #740, #688, #3066, .T. ) ;
#2922 = CIRCLE ( 'NONE', #2185, 3.000000000000002665 ) ;
#2923 = CARTESIAN_POINT ( 'NONE',  ( 0.1137805220696452846, 3.202270710758049255, 39.78575385426984212 ) ) ;
#2924 = CIRCLE ( 'NONE', #191, 1.399999999999998579 ) ;
#2925 = CARTESIAN_POINT ( 'NONE',  ( 8.521549381366885001, -22.98148163054249338, 39.78575385426984212 ) ) ;
#2926 = ORIENTED_EDGE ( 'NONE', *, *, #3056, .F. ) ;
#2927 = EDGE_CURVE ( 'NONE', #1313, #651, #700, .T. ) ;
#2928 = CARTESIAN_POINT ( 'NONE',  ( 60.11378052206964639, -31.29772928924192499, 44.28575385426982081 ) ) ;
#2929 = LINE ( 'NONE', #3105, #1284 ) ;
#2930 = EDGE_LOOP ( 'NONE', ( #28, #1316, #2017, #922, #1712, #1248, #1707, #3152 ) ) ;
#2931 = FACE_BOUND ( 'NONE', #3450, .T. ) ;
#2932 = AXIS2_PLACEMENT_3D ( 'NONE', #3697, #313, #3361 ) ;
#2933 = DIRECTION ( 'NONE',  ( 0.0000000000000000000, 1.000000000000000000, 0.0000000000000000000 ) ) ;
#2934 = VERTEX_POINT ( 'NONE', #1975 ) ;
#2935 = PERSON_AND_ORGANIZATION ( #12, #2690 ) ;
#2936 = PERSON_AND_ORGANIZATION_ROLE ( 'classification_officer' ) ;
#2937 = VECTOR ( 'NONE', #3761, 1000.000000000000000 ) ;
#2938 = ORIENTED_EDGE ( 'NONE', *, *, #2740, .T. ) ;
#2939 = DIRECTION ( 'NONE',  ( 0.0000000000000000000, 0.0000000000000000000, -1.000000000000000000 ) ) ;
#2940 = DIRECTION ( 'NONE',  ( -1.000000000000000000, 0.0000000000000000000, 0.0000000000000000000 ) ) ;
#2941 = APPROVAL ( #1416, 'UNSPECIFIED' ) ;
#2942 = VECTOR ( 'NONE', #3190, 1000.000000000000000 ) ;
#2943 = DIRECTION ( 'NONE',  ( -0.7071067811865474617, -0.0000000000000000000, -0.7071067811865474617 ) ) ;
#2944 = LINE ( 'NONE', #2372, #2405 ) ;
#2945 = EDGE_CURVE ( 'NONE', #2622, #3017, #1084, .T. ) ;
#2946 = EDGE_LOOP ( 'NONE', ( #2949, #2325, #1251 ) ) ;
#2947 = DIRECTION ( 'NONE',  ( 0.0000000000000000000, -1.000000000000000000, 0.0000000000000000000 ) ) ;
#2948 = ORIENTED_EDGE ( 'NONE', *, *, #3352, .T. ) ;
#2949 = ORIENTED_EDGE ( 'NONE', *, *, #2298, .F. ) ;
#2950 = EDGE_CURVE ( 'NONE', #3273, #786, #2531, .T. ) ;
#2951 = ORIENTED_EDGE ( 'NONE', *, *, #3482, .T. ) ;
#2952 = DIRECTION ( 'NONE',  ( 1.000000000000000000, 0.0000000000000000000, 0.0000000000000000000 ) ) ;
#2953 = CARTESIAN_POINT ( 'NONE',  ( 8.476357885741748532, 2.837731217763012292, 31.80138174193428213 ) ) ;
#2954 = CARTESIAN_POINT ( 'NONE',  ( 6.009426869285243278, -21.94246620017457161, 31.87749707300450197 ) ) ;
#2955 = AXIS2_PLACEMENT_3D ( 'NONE', #261, #269, #3765 ) ;
#2956 = EDGE_LOOP ( 'NONE', ( #368, #2025, #1972, #165 ) ) ;
#2957 = CARTESIAN_POINT ( 'NONE',  ( 6.713780522069647816, -9.797729289241948081, 40.63575385426983644 ) ) ;
#2958 = DIRECTION ( 'NONE',  ( 0.0000000000000000000, 0.0000000000000000000, -1.000000000000000000 ) ) ;
#2959 = ORIENTED_EDGE ( 'NONE', *, *, #3075, .T. ) ;
#2960 = DIRECTION ( 'NONE',  ( 0.0000000000000000000, 1.000000000000000000, 0.0000000000000000000 ) ) ;
#2961 = AXIS2_PLACEMENT_3D ( 'NONE', #3257, #1695, #134 ) ;
#2962 = AXIS2_PLACEMENT_3D ( 'NONE', #3735, #898, #3076 ) ;
#2963 = VERTEX_POINT ( 'NONE', #2623 ) ;
#2964 = DIRECTION ( 'NONE',  ( 0.0000000000000000000, 0.0000000000000000000, -1.000000000000000000 ) ) ;
#2965 = FACE_BOUND ( 'NONE', #925, .T. ) ;
#2966 = CIRCLE ( 'NONE', #1356, 1.399999999999998579 ) ;
#2967 = CARTESIAN_POINT ( 'NONE',  ( 21.21378052206965847, -3.297729289241948969, 40.78575385426984212 ) ) ;
#2968 = CARTESIAN_POINT ( 'NONE',  ( 24.11378052206964639, -3.297729289241948969, -0.2142461457301583772 ) ) ;
#2969 = CARTESIAN_POINT ( 'NONE',  ( 7.121549381366887310, -22.79772928924193920, 15.78575385426982791 ) ) ;
#2970 = CIRCLE ( 'NONE', #315, 1.399999999999995026 ) ;
#2971 = EDGE_LOOP ( 'NONE', ( #55, #1486, #1102, #492, #1039, #3826, #3804, #1630 ) ) ;
#2972 = DIRECTION ( 'NONE',  ( 0.0000000000000000000, 0.0000000000000000000, 1.000000000000000000 ) ) ;
#2973 = CARTESIAN_POINT ( 'NONE',  ( 3.013780522069651191, -9.797729289241948081, 30.93575385426983715 ) ) ;
#2974 = EDGE_CURVE ( 'NONE', #1754, #3382, #1418, .T. ) ;
#2975 = VECTOR ( 'NONE', #2274, 1000.000000000000000 ) ;
#2976 = ORIENTED_EDGE ( 'NONE', *, *, #228, .F. ) ;
#2977 = CARTESIAN_POINT ( 'NONE',  ( 25.51378052206964142, -3.297729289241948969, -18.21424614573016143 ) ) ;
#2978 = FACE_OUTER_BOUND ( 'NONE', #464, .T. ) ;
#2979 = EDGE_CURVE ( 'NONE', #2863, #2614, #3367, .T. ) ;
#2980 = ORIENTED_EDGE ( 'NONE', *, *, #2733, .T. ) ;
#2981 = DIRECTION ( 'NONE',  ( 0.0000000000000000000, 0.0000000000000000000, -1.000000000000000000 ) ) ;
#2982 = DIRECTION ( 'NONE',  ( 0.0000000000000000000, 0.0000000000000000000, 1.000000000000000000 ) ) ;
#2983 = CIRCLE ( 'NONE', #1196, 4.850000000000000533 ) ;
#2984 = ORIENTED_EDGE ( 'NONE', *, *, #3699, .F. ) ;
#2985 = DIRECTION ( 'NONE',  ( 1.000000000000000000, 0.0000000000000000000, -0.0000000000000000000 ) ) ;
#2986 = FACE_OUTER_BOUND ( 'NONE', #3196, .T. ) ;
#2987 = CARTESIAN_POINT ( 'NONE',  ( 5.687768230253432478, -11.45848359211285405, 31.22868667407439958 ) ) ;
#2988 = FACE_BOUND ( 'NONE', #3411, .T. ) ;
#2989 = CARTESIAN_POINT ( 'NONE',  ( 34.11378052206964639, -9.797729289241951633, 47.78575385426984212 ) ) ;
#2990 = VERTEX_POINT ( 'NONE', #1432 ) ;
#2991 = DIRECTION ( 'NONE',  ( 1.000000000000000000, 0.0000000000000000000, 0.0000000000000000000 ) ) ;
#2992 = DIRECTION ( 'NONE',  ( 0.0000000000000000000, 0.0000000000000000000, 1.000000000000000000 ) ) ;
#2993 = ORIENTED_EDGE ( 'NONE', *, *, #125, .F. ) ;
#2994 = EDGE_LOOP ( 'NONE', ( #640, #2599, #355, #413 ) ) ;
#2995 = DIRECTION ( 'NONE',  ( -1.000000000000000000, 0.0000000000000000000, 0.0000000000000000000 ) ) ;
#2996 = CARTESIAN_POINT ( 'NONE',  ( 4.262794601329895627, -8.043936078937896639, 40.30782825860318752 ) ) ;
#2997 = VERTEX_POINT ( 'NONE', #3616 ) ;
#2998 = EDGE_CURVE ( 'NONE', #1413, #2660, #887, .T. ) ;
#2999 = DIRECTION ( 'NONE',  ( 0.0000000000000000000, -1.000000000000000000, 0.0000000000000000000 ) ) ;
#3000 = CARTESIAN_POINT ( 'NONE',  ( 24.11378052206964639, -3.297729289241948969, -18.21424614573016143 ) ) ;
#3001 = EDGE_LOOP ( 'NONE', ( #2657, #914 ) ) ;
#3002 = EDGE_CURVE ( 'NONE', #2269, #223, #1907, .T. ) ;
#3003 = CARTESIAN_POINT ( 'NONE',  ( 9.613780522069646395, 8.202270710758053696, 4.687677642916519893 ) ) ;
#3004 = ORIENTED_EDGE ( 'NONE', *, *, #3694, .T. ) ;
#3005 = CARTESIAN_POINT ( 'NONE',  ( 49.11378052206964639, -23.79772928924194630, 7.285753854269841234 ) ) ;
#3006 = AXIS2_PLACEMENT_3D ( 'NONE', #1591, #415, #699 ) ;
#3007 = CARTESIAN_POINT ( 'NONE',  ( 9.613780522069646395, -22.79772928924194630, 31.78575385426983502 ) ) ;
#3008 = EDGE_LOOP ( 'NONE', ( #2358, #672 ) ) ;
#3009 = DIRECTION ( 'NONE',  ( 1.000000000000000000, 0.0000000000000000000, 0.0000000000000000000 ) ) ;
#3010 = CIRCLE ( 'NONE', #2470, 10.00000000000000178 ) ;
#3011 = ORIENTED_EDGE ( 'NONE', *, *, #1633, .T. ) ;
#3012 = AXIS2_PLACEMENT_3D ( 'NONE', #1366, #112, #3555 ) ;
#3013 = CARTESIAN_POINT ( 'NONE',  ( 7.828026032719177962, 4.424590634533354105, 31.97636924365567523 ) ) ;
#3014 = CYLINDRICAL_SURFACE ( 'NONE', #3943, 1.399999999999995026 ) ;
#3015 = CIRCLE ( 'NONE', #1545, 1.399999999999998579 ) ;
#3016 = CARTESIAN_POINT ( 'NONE',  ( 25.11378052206964639, -9.797729289241948081, 30.93575385426983715 ) ) ;
#3017 = VERTEX_POINT ( 'NONE', #1145 ) ;
#3018 = CIRCLE ( 'NONE', #541, 1.449999999999999956 ) ;
#3019 = EDGE_CURVE ( 'NONE', #1799, #1032, #90, .T. ) ;
#3020 = CARTESIAN_POINT ( 'NONE',  ( 56.11378052206963929, 8.202270710758053696, 4.285753854269845675 ) ) ;
#3021 = EDGE_LOOP ( 'NONE', ( #3447, #1999, #1658, #764 ) ) ;
#3022 = CARTESIAN_POINT ( 'NONE',  ( 50.11378052206963929, -5.297729289241950745, 22.28575385426984568 ) ) ;
#3023 = CONICAL_SURFACE ( 'NONE', #215, 1.399999999999991473, 0.7853981633974547183 ) ;
#3024 = DIRECTION ( 'NONE',  ( 1.000000000000000000, 0.0000000000000000000, 0.0000000000000000000 ) ) ;
#3025 = ORIENTED_EDGE ( 'NONE', *, *, #1266, .T. ) ;
#3026 = CARTESIAN_POINT ( 'NONE',  ( 5.721549381366891396, 3.202270710758043037, 15.78575385426982791 ) ) ;
#3027 = EDGE_CURVE ( 'NONE', #546, #387, #653, .T. ) ;
#3028 = FACE_OUTER_BOUND ( 'NONE', #1845, .T. ) ;
#3029 = ORIENTED_EDGE ( 'NONE', *, *, #1827, .T. ) ;
#3030 = CARTESIAN_POINT ( 'NONE',  ( 8.476278211649537653, 3.567143905185788277, 31.80140899973118351 ) ) ;
#3031 = CARTESIAN_POINT ( 'NONE',  ( 56.11378052206963929, -27.79772928924194630, 44.78575385426984212 ) ) ;
#3032 = ADVANCED_FACE ( 'NONE', ( #3664 ), #1324, .F. ) ;
#3033 = CYLINDRICAL_SURFACE ( 'NONE', #3705, 1.399999999999995026 ) ;
#3034 = AXIS2_PLACEMENT_3D ( 'NONE', #576, #2394, #3679 ) ;
#3035 = CARTESIAN_POINT ( 'NONE',  ( 10.11378052206964639, -27.79772928924194630, 3.785753854269845231 ) ) ;
#3036 = ORIENTED_EDGE ( 'NONE', *, *, #3588, .T. ) ;
#3037 = DIRECTION ( 'NONE',  ( -1.000000000000000000, 0.0000000000000000000, 0.0000000000000000000 ) ) ;
#3038 = CARTESIAN_POINT ( 'NONE',  ( 50.11378052206963929, -11.79772928924194630, 27.38575385426983999 ) ) ;
#3039 = LINE ( 'NONE', #3539, #249 ) ;
#3040 = DIRECTION ( 'NONE',  ( 0.0000000000000000000, 0.0000000000000000000, -1.000000000000000000 ) ) ;
#3041 = AXIS2_PLACEMENT_3D ( 'NONE', #197, #2647, #1415 ) ;
#3042 = AXIS2_PLACEMENT_3D ( 'NONE', #891, #3408, #2754 ) ;
#3043 = VECTOR ( 'NONE', #531, 1000.000000000000114 ) ;
#3044 = ORIENTED_EDGE ( 'NONE', *, *, #3588, .F. ) ;
#3045 = CARTESIAN_POINT ( 'NONE',  ( 6.009426869285245942, 4.057533799825419507, 31.87749707300449487 ) ) ;
#3046 = ORIENTED_EDGE ( 'NONE', *, *, #1061, .T. ) ;
#3047 = CARTESIAN_POINT ( 'NONE',  ( 49.11378052206964639, -23.79772928924194630, 38.68575385426984070 ) ) ;
#3048 = ORIENTED_EDGE ( 'NONE', *, *, #1834, .T. ) ;
#3049 = EDGE_LOOP ( 'NONE', ( #3878, #1019, #918, #1375 ) ) ;
#3050 = CARTESIAN_POINT ( 'NONE',  ( 8.378755716141990106, 2.579523610898695640, 39.73790018764638177 ) ) ;
#3051 = DIRECTION ( 'NONE',  ( -1.000000000000000000, 0.0000000000000000000, 0.0000000000000000000 ) ) ;
#3052 = EDGE_CURVE ( 'NONE', #432, #845, #3727, .T. ) ;
#3053 = ADVANCED_FACE ( 'NONE', ( #757 ), #3014, .F. ) ;
#3054 = ORIENTED_EDGE ( 'NONE', *, *, #2428, .T. ) ;
#3055 = CARTESIAN_POINT ( 'NONE',  ( 60.11378052206964639, -11.79772928924194630, 15.78575385426984923 ) ) ;
#3056 = EDGE_CURVE ( 'NONE', #2317, #2934, #3464, .T. ) ;
#3057 = VERTEX_POINT ( 'NONE', #3007 ) ;
#3058 = ADVANCED_FACE ( 'NONE', ( #2629 ), #2238, .F. ) ;
#3059 = CARTESIAN_POINT ( 'NONE',  ( 8.521549381366885001, 3.202270710758043037, 31.78575385426983502 ) ) ;
#3060 = CARTESIAN_POINT ( 'NONE',  ( 60.11378052206964639, -18.29772928924194275, 22.28575385426984568 ) ) ;
#3061 = ORIENTED_EDGE ( 'NONE', *, *, #1155, .F. ) ;
#3062 = DIRECTION ( 'NONE',  ( 1.000000000000000000, -0.0000000000000000000, 0.0000000000000000000 ) ) ;
#3063 = AXIS2_PLACEMENT_3D ( 'NONE', #723, #3823, #751 ) ;
#3064 = CARTESIAN_POINT ( 'NONE',  ( 8.233409600617738633, 2.346680374429757077, 39.69393649296517168 ) ) ;
#3065 = DIRECTION ( 'NONE',  ( 0.0000000000000000000, 0.0000000000000000000, -1.000000000000000000 ) ) ;
#3066 = CIRCLE ( 'NONE', #2333, 1.399999999999996803 ) ;
#3067 = DIRECTION ( 'NONE',  ( 0.0000000000000000000, 0.0000000000000000000, -1.000000000000000000 ) ) ;
#3068 = FACE_OUTER_BOUND ( 'NONE', #2467, .T. ) ;
#3069 = ORIENTED_EDGE ( 'NONE', *, *, #903, .T. ) ;
#3070 = AXIS2_PLACEMENT_3D ( 'NONE', #428, #728, #3173 ) ;
#3071 = DIRECTION ( 'NONE',  ( -1.000000000000000000, 0.0000000000000000000, 0.0000000000000000000 ) ) ;
#3072 = DIRECTION ( 'NONE',  ( 0.0000000000000000000, -1.000000000000000000, -0.0000000000000000000 ) ) ;
#3073 = CIRCLE ( 'NONE', #2726, 1.400000000000001910 ) ;
#3074 = ORIENTED_EDGE ( 'NONE', *, *, #1137, .F. ) ;
#3075 = EDGE_CURVE ( 'NONE', #935, #623, #3867, .T. ) ;
#3076 = DIRECTION ( 'NONE',  ( 0.0000000000000000000, 0.0000000000000000000, -1.000000000000000000 ) ) ;
#3077 = VECTOR ( 'NONE', #298, 1000.000000000000000 ) ;
#3078 = CARTESIAN_POINT ( 'NONE',  ( 9.613780522069646395, 3.202270710758049699, 35.78575385426984212 ) ) ;
#3079 = CARTESIAN_POINT ( 'NONE',  ( 7.212973681094560163, 4.602318318250831375, 39.53273486561179340 ) ) ;
#3080 = VERTEX_POINT ( 'NONE', #2697 ) ;
#3081 = ADVANCED_FACE ( 'NONE', ( #986, #2430, #3817, #2965, #604, #1620 ), #2339, .T. ) ;
#3082 = CIRCLE ( 'NONE', #1895, 1.399999999999998579 ) ;
#3083 = DIRECTION ( 'NONE',  ( 1.000000000000000000, 0.0000000000000000000, 0.0000000000000000000 ) ) ;
#3084 = EDGE_CURVE ( 'NONE', #1544, #2103, #552, .T. ) ;
#3085 = B_SPLINE_CURVE_WITH_KNOTS ( 'NONE', 3,
 ( #40, #2510, #1265, #3739, #2186, #665, #3799, #3445, #73, #974, #931, #2808, #3456, #2481, #354, #3473, #2217, #628, #1922, #3142, #1584, #1282, #682, #2497, #58, #2174 ),
 .UNSPECIFIED., .F., .F.,
 ( 4, 2, 2, 2, 2, 2, 2, 2, 2, 2, 2, 2, 4 ),
 ( 0.004412260610513227960, 0.004963660643769993858, 0.005239360660398378541, 0.005515060677026763225, 0.006066460710283529123, 0.006342160726911912072, 0.006617860743540295021, 0.007169260776797057449, 0.007720660810053819011, 0.007996360826682199358, 0.008272060843310580572, 0.008547760859938961786, 0.008823460876567341266 ),
 .UNSPECIFIED. ) ;
#3086 = VECTOR ( 'NONE', #3797, 1000.000000000000000 ) ;
#3087 = CARTESIAN_POINT ( 'NONE',  ( 4.863780522069649948, -9.797729289241948081, -3.214246145730168092 ) ) ;
#3088 = CARTESIAN_POINT ( 'NONE',  ( 60.11378052206964639, -11.79772928924194630, 28.78575385426983857 ) ) ;
#3089 = AXIS2_PLACEMENT_3D ( 'NONE', #3451, #1913, #1943 ) ;
#3090 = FACE_OUTER_BOUND ( 'NONE', #1433, .T. ) ;
#3091 = ORIENTED_EDGE ( 'NONE', *, *, #3726, .F. ) ;
#3092 = DIRECTION ( 'NONE',  ( -1.000000000000000000, 0.0000000000000000000, 0.0000000000000000000 ) ) ;
#3093 = CARTESIAN_POINT ( 'NONE',  ( 6.332594602108120085, -10.92887152568112441, 40.50310571885835742 ) ) ;
#3094 = ORIENTED_EDGE ( 'NONE', *, *, #1006, .T. ) ;
#3095 = ORIENTED_EDGE ( 'NONE', *, *, #631, .T. ) ;
#3096 = DIRECTION ( 'NONE',  ( 1.000000000000000000, 0.0000000000000000000, -0.0000000000000000000 ) ) ;
#3097 = CARTESIAN_POINT ( 'NONE',  ( 20.61378052206964995, -9.797729289241951633, 9.785753854269843899 ) ) ;
#3098 = AXIS2_PLACEMENT_3D ( 'NONE', #494, #1092, #3585 ) ;
#3099 = VERTEX_POINT ( 'NONE', #1777 ) ;
#3100 = ADVANCED_FACE ( 'NONE', ( #1802 ), #2920, .F. ) ;
#3101 = DIRECTION ( 'NONE',  ( 0.0000000000000000000, -1.000000000000000000, 0.0000000000000000000 ) ) ;
#3102 = CARTESIAN_POINT ( 'NONE',  ( 24.11378052206964639, -3.297729289241948969, 40.78575385426984212 ) ) ;
#3103 = VERTEX_POINT ( 'NONE', #2116 ) ;
#3104 = DIRECTION ( 'NONE',  ( 1.000000000000000000, 0.0000000000000000000, 0.0000000000000000000 ) ) ;
#3105 = CARTESIAN_POINT ( 'NONE',  ( 27.11378052206964995, -16.29772928924195341, 9.785753854269843899 ) ) ;
#3106 = DIRECTION ( 'NONE',  ( 0.0000000000000000000, 0.0000000000000000000, -1.000000000000000000 ) ) ;
#3107 = CARTESIAN_POINT ( 'NONE',  ( 21.21378052206965847, -16.29772928924195341, 40.78575385426984212 ) ) ;
#3108 = ORIENTED_EDGE ( 'NONE', *, *, #2422, .T. ) ;
#3109 = EDGE_CURVE ( 'NONE', #2266, #902, #799, .T. ) ;
#3110 = DIRECTION ( 'NONE',  ( 1.000000000000000000, 0.0000000000000000000, 0.0000000000000000000 ) ) ;
#3111 = ORIENTED_EDGE ( 'NONE', *, *, #2900, .F. ) ;
#3112 = EDGE_CURVE ( 'NONE', #2524, #602, #2097, .T. ) ;
#3113 = DIRECTION ( 'NONE',  ( 0.0000000000000000000, 1.000000000000000000, 0.0000000000000000000 ) ) ;
#3114 = FACE_OUTER_BOUND ( 'NONE', #3977, .T. ) ;
#3115 = ORIENTED_EDGE ( 'NONE', *, *, #1607, .T. ) ;
#3116 = DIRECTION ( 'NONE',  ( 0.7071067811865475727, -0.7071067811865475727, 0.0000000000000000000 ) ) ;
#3117 = ADVANCED_FACE ( 'NONE', ( #2331 ), #1520, .F. ) ;
#3118 = CIRCLE ( 'NONE', #2263, 1.449999999999999956 ) ;
#3119 = VECTOR ( 'NONE', #2896, 1000.000000000000000 ) ;
#3120 = DIRECTION ( 'NONE',  ( -0.0000000000000000000, -1.000000000000000000, -0.0000000000000000000 ) ) ;
#3121 = EDGE_LOOP ( 'NONE', ( #1500, #3095 ) ) ;
#3122 = CARTESIAN_POINT ( 'NONE',  ( 11.11378052206964107, -27.79772928924194275, 7.285753854269841234 ) ) ;
#3123 = ADVANCED_FACE ( 'NONE', ( #1175 ), #1213, .T. ) ;
#3124 = VECTOR ( 'NONE', #2587, 1000.000000000000114 ) ;
#3125 = ORIENTED_EDGE ( 'NONE', *, *, #453, .F. ) ;
#3126 = CARTESIAN_POINT ( 'NONE',  ( 5.721549381366888731, 3.202270710758043037, 39.78575385426984212 ) ) ;
#3127 = LINE ( 'NONE', #4021, #619 ) ;
#3128 = ORIENTED_EDGE ( 'NONE', *, *, #768, .T. ) ;
#3129 = CARTESIAN_POINT ( 'NONE',  ( 0.1137805220696452846, -31.29772928924192499, 44.78575385426984212 ) ) ;
#3130 = DIRECTION ( 'NONE',  ( 0.0000000000000000000, 0.0000000000000000000, 1.000000000000000000 ) ) ;
#3131 = CIRCLE ( 'NONE', #3532, 2.900000000000006573 ) ;
#3132 = DIRECTION ( 'NONE',  ( 0.0000000000000000000, 0.0000000000000000000, -1.000000000000000000 ) ) ;
#3133 = ORIENTED_EDGE ( 'NONE', *, *, #816, .F. ) ;
#3134 = DATE_AND_TIME ( #1387, #1338 ) ;
#3135 = EDGE_CURVE ( 'NONE', #2515, #3863, #2287, .T. ) ;
#3136 = CARTESIAN_POINT ( 'NONE',  ( 9.613780522069646395, -31.79772928924194630, 44.78575385426984212 ) ) ;
#3137 = CARTESIAN_POINT ( 'NONE',  ( 60.11378052206964639, 8.202270710758053696, 0.2857538542698767614 ) ) ;
#3138 = CARTESIAN_POINT ( 'NONE',  ( 6.617855712291287773, -10.39806491528082866, 40.59978330391698620 ) ) ;
#3139 = LINE ( 'NONE', #780, #1776 ) ;
#3140 = EDGE_LOOP ( 'NONE', ( #2828, #312, #194, #3920 ) ) ;
#3141 = CARTESIAN_POINT ( 'NONE',  ( 56.11378052206963929, -18.29772928924194275, 23.68575385426984425 ) ) ;
#3142 = CARTESIAN_POINT ( 'NONE',  ( 8.335514691732591075, -23.50097321373341686, 31.84730499125112857 ) ) ;
#3143 = FACE_BOUND ( 'NONE', #272, .T. ) ;
#3144 = EDGE_CURVE ( 'NONE', #733, #2167, #3908, .T. ) ;
#3145 = ADVANCED_FACE ( 'NONE', ( #3169 ), #3955, .F. ) ;
#3146 = CARTESIAN_POINT ( 'NONE',  ( 60.11378052206964639, -11.79772928924194630, 14.38575385426985065 ) ) ;
#3147 = VECTOR ( 'NONE', #1007, 1000.000000000000000 ) ;
#3148 = DIRECTION ( 'NONE',  ( -1.000000000000000000, 0.0000000000000000000, 0.0000000000000000000 ) ) ;
#3149 = EDGE_LOOP ( 'NONE', ( #2289, #3111, #2189, #1549, #3615, #3302, #3407, #1285 ) ) ;
#3150 = AXIS2_PLACEMENT_3D ( 'NONE', #3404, #322, #2451 ) ;
#3151 = CARTESIAN_POINT ( 'NONE',  ( 60.11378052206964639, -5.297729289241950745, 23.68575385426984425 ) ) ;
#3152 = ORIENTED_EDGE ( 'NONE', *, *, #4012, .F. ) ;
#3153 = ORIENTED_EDGE ( 'NONE', *, *, #1531, .F. ) ;
#3154 = CARTESIAN_POINT ( 'NONE',  ( 4.984813065761076523, -11.64778849430633656, 40.26903177805386491 ) ) ;
#3155 = ORIENTED_EDGE ( 'NONE', *, *, #3886, .F. ) ;
#3156 = DIRECTION ( 'NONE',  ( 0.0000000000000000000, 0.0000000000000000000, -1.000000000000000000 ) ) ;
#3157 = CC_DESIGN_SECURITY_CLASSIFICATION ( #3287, ( #2807 ) ) ;
#3158 = DIRECTION ( 'NONE',  ( 1.000000000000000000, 0.0000000000000000000, 0.0000000000000000000 ) ) ;
#3159 = AXIS2_PLACEMENT_3D ( 'NONE', #2796, #1546, #1558 ) ;
#3160 = ORIENTED_EDGE ( 'NONE', *, *, #2873, .F. ) ;
#3161 = DIRECTION ( 'NONE',  ( -1.000000000000000000, 0.0000000000000000000, 0.0000000000000000000 ) ) ;
#3162 = DIRECTION ( 'NONE',  ( 1.000000000000000000, 0.0000000000000000000, 0.0000000000000000000 ) ) ;
#3163 = ORIENTED_EDGE ( 'NONE', *, *, #1182, .T. ) ;
#3164 = PLANE ( 'NONE',  #1149 ) ;
#3165 = CARTESIAN_POINT ( 'NONE',  ( 8.521549381366881448, 3.202270710758043037, 43.28575385426984212 ) ) ;
#3166 = ADVANCED_FACE ( 'NONE', ( #510 ), #467, .F. ) ;
#3167 = EDGE_CURVE ( 'NONE', #2469, #503, #3321, .T. ) ;
#3168 = ORIENTED_EDGE ( 'NONE', *, *, #1711, .T. ) ;
#3169 = FACE_OUTER_BOUND ( 'NONE', #680, .T. ) ;
#3170 = VECTOR ( 'NONE', #698, 1000.000000000000000 ) ;
#3171 = AXIS2_PLACEMENT_3D ( 'NONE', #3995, #2410, #3040 ) ;
#3172 = CARTESIAN_POINT ( 'NONE',  ( 59.61378052206962508, 8.202270710758053696, 44.78575385426984212 ) ) ;
#3173 = DIRECTION ( 'NONE',  ( 0.0000000000000000000, 0.0000000000000000000, -1.000000000000000000 ) ) ;
#3174 = CYLINDRICAL_SURFACE ( 'NONE', #3504, 3.000000000000002665 ) ;
#3175 = EDGE_LOOP ( 'NONE', ( #1744, #2389 ) ) ;
#3176 = CARTESIAN_POINT ( 'NONE',  ( 22.11378052206963574, -22.79772928924194630, 39.78575385426984212 ) ) ;
#3177 = DIRECTION ( 'NONE',  ( 0.0000000000000000000, 0.0000000000000000000, -1.000000000000000000 ) ) ;
#3178 = CIRCLE ( 'NONE', #3919, 2.899999999999986144 ) ;
#3179 = CARTESIAN_POINT ( 'NONE',  ( 0.1137805220696452846, 8.202270710758053696, 44.28575385426982081 ) ) ;
#3180 = CARTESIAN_POINT ( 'NONE',  ( 60.11378052206964639, -31.29772928924192499, 44.28575385426982081 ) ) ;
#3181 = ORIENTED_EDGE ( 'NONE', *, *, #1503, .T. ) ;
#3182 = AXIS2_PLACEMENT_3D ( 'NONE', #3375, #4008, #1830 ) ;
#3183 = AXIS2_PLACEMENT_3D ( 'NONE', #1855, #19, #4006 ) ;
#3184 = DIRECTION ( 'NONE',  ( 0.0000000000000000000, 0.0000000000000000000, -1.000000000000000000 ) ) ;
#3185 = LINE ( 'NONE', #3874, #3828 ) ;
#3186 = VERTEX_POINT ( 'NONE', #3748 ) ;
#3187 = FACE_OUTER_BOUND ( 'NONE', #213, .T. ) ;
#3188 = ADVANCED_FACE ( 'NONE', ( #2820 ), #143, .F. ) ;
#3189 = DIRECTION ( 'NONE',  ( -1.000000000000000000, 0.0000000000000000000, 0.0000000000000000000 ) ) ;
#3190 = DIRECTION ( 'NONE',  ( -0.0000000000000000000, -1.000000000000000000, 0.0000000000000000000 ) ) ;
#3191 = FACE_OUTER_BOUND ( 'NONE', #737, .T. ) ;
#3192 = EDGE_CURVE ( 'NONE', #1403, #2849, #3767, .T. ) ;
#3193 = DIRECTION ( 'NONE',  ( 0.0000000000000000000, 0.0000000000000000000, 1.000000000000000000 ) ) ;
#3194 = DIRECTION ( 'NONE',  ( -0.7071067811865475727, 0.0000000000000000000, 0.7071067811865475727 ) ) ;
#3195 = FACE_OUTER_BOUND ( 'NONE', #3854, .T. ) ;
#3196 = EDGE_LOOP ( 'NONE', ( #1089, #426, #156, #171 ) ) ;
#3197 = CARTESIAN_POINT ( 'NONE',  ( 57.61378052206963929, -1.797729289241947637, 2.285753854269857666 ) ) ;
#3198 = DIRECTION ( 'NONE',  ( 0.0000000000000000000, 0.0000000000000000000, 1.000000000000000000 ) ) ;
#3199 = EDGE_CURVE ( 'NONE', #380, #602, #842, .T. ) ;
#3200 = VERTEX_POINT ( 'NONE', #2477 ) ;
#3201 = ORIENTED_EDGE ( 'NONE', *, *, #412, .T. ) ;
#3202 = DIRECTION ( 'NONE',  ( 0.0000000000000000000, 0.0000000000000000000, 1.000000000000000000 ) ) ;
#3203 = DIRECTION ( 'NONE',  ( 0.7071067811865474617, -0.0000000000000000000, -0.7071067811865474617 ) ) ;
#3204 = ORIENTED_EDGE ( 'NONE', *, *, #3482, .F. ) ;
#3205 = DIRECTION ( 'NONE',  ( 0.0000000000000000000, 0.0000000000000000000, -1.000000000000000000 ) ) ;
#3206 = VERTEX_POINT ( 'NONE', #1578 ) ;
#3207 = DIRECTION ( 'NONE',  ( -0.7071067811865464625, -8.659560562354920532E-17, -0.7071067811865486830 ) ) ;
#3208 = DIRECTION ( 'NONE',  ( 0.0000000000000000000, 0.0000000000000000000, 1.000000000000000000 ) ) ;
#3209 = ORIENTED_EDGE ( 'NONE', *, *, #2621, .T. ) ;
#3210 = ORIENTED_EDGE ( 'NONE', *, *, #962, .T. ) ;
#3211 = EDGE_CURVE ( 'NONE', #975, #3693, #1568, .T. ) ;
#3212 = LINE ( 'NONE', #690, #2917 ) ;
#3213 = EDGE_LOOP ( 'NONE', ( #135, #3163 ) ) ;
#3214 = CARTESIAN_POINT ( 'NONE',  ( 30.11378052206963929, -52.79772928924194986, 19.43575385426983360 ) ) ;
#3215 = DIRECTION ( 'NONE',  ( -1.000000000000000000, 0.0000000000000000000, 0.0000000000000000000 ) ) ;
#3216 = CARTESIAN_POINT ( 'NONE',  ( 9.613780522069646395, -27.79772928924194275, 9.883830065623163463 ) ) ;
#3217 = EDGE_CURVE ( 'NONE', #2062, #423, #1672, .T. ) ;
#3218 = LINE ( 'NONE', #69, #2192 ) ;
#3219 = CONICAL_SURFACE ( 'NONE', #1204, 1.399999999999995914, 0.7853981633974537191 ) ;
#3220 = DIRECTION ( 'NONE',  ( 0.0000000000000000000, 0.0000000000000000000, 1.000000000000000000 ) ) ;
#3221 = ORIENTED_EDGE ( 'NONE', *, *, #3853, .T. ) ;
#3222 = CARTESIAN_POINT ( 'NONE',  ( 30.11378052206963929, -30.49772928924196691, 19.43575385426983360 ) ) ;
#3223 = CIRCLE ( 'NONE', #3656, 1.399999999999995026 ) ;
#3224 = EDGE_CURVE ( 'NONE', #2689, #717, #3118, .T. ) ;
#3225 = VERTEX_POINT ( 'NONE', #2804 ) ;
#3226 = CARTESIAN_POINT ( 'NONE',  ( 6.003958951306249681, -21.93529639938921605, 39.69390726189122631 ) ) ;
#3227 = CARTESIAN_POINT ( 'NONE',  ( 7.121549381366887310, -22.79772928924193920, 43.28575385426984212 ) ) ;
#3228 = CYLINDRICAL_SURFACE ( 'NONE', #749, 1.399999999999995026 ) ;
#3229 = DIRECTION ( 'NONE',  ( 0.7071067811865464625, 0.0000000000000000000, -0.7071067811865486830 ) ) ;
#3230 = ORIENTED_EDGE ( 'NONE', *, *, #297, .F. ) ;
#3231 = DIRECTION ( 'NONE',  ( 0.0000000000000000000, 1.000000000000000000, 0.0000000000000000000 ) ) ;
#3232 = CARTESIAN_POINT ( 'NONE',  ( 5.721549381366891396, 3.202270710758043037, 15.78575385426982791 ) ) ;
#3233 = VECTOR ( 'NONE', #3782, 1000.000000000000000 ) ;
#3234 = CC_DESIGN_APPROVAL ( #394, ( #3287 ) ) ;
#3235 = AXIS2_PLACEMENT_3D ( 'NONE', #1078, #1024, #718 ) ;
#3236 = VERTEX_POINT ( 'NONE', #3107 ) ;
#3237 = SHAPE_DEFINITION_REPRESENTATION ( #3553, #367 ) ;
#3238 = CARTESIAN_POINT ( 'NONE',  ( 7.306380502491387929, 1.802313760392274533, 32.03873897049489727 ) ) ;
#3239 = CARTESIAN_POINT ( 'NONE',  ( 6.756309961400400965, -21.44309069869634143, 32.02206895680222232 ) ) ;
#3240 = FACE_OUTER_BOUND ( 'NONE', #3743, .T. ) ;
#3241 = EDGE_CURVE ( 'NONE', #3186, #3322, #3218, .T. ) ;
#3242 = CARTESIAN_POINT ( 'NONE',  ( 7.212973681094566381, -21.39768168174915175, 39.53273486561177208 ) ) ;
#3243 = VECTOR ( 'NONE', #1379, 1000.000000000000000 ) ;
#3244 = APPROVAL_ROLE ( '' ) ;
#3245 = EDGE_LOOP ( 'NONE', ( #1452, #1902 ) ) ;
#3246 = CARTESIAN_POINT ( 'NONE',  ( 3.013780522069652079, -9.797729289241951633, 40.63575385426983644 ) ) ;
#3247 = CYLINDRICAL_SURFACE ( 'NONE', #1645, 3.000000000000002665 ) ;
#3248 = EDGE_CURVE ( 'NONE', #845, #432, #2094, .T. ) ;
#3249 = ORIENTED_EDGE ( 'NONE', *, *, #160, .T. ) ;
#3250 = CARTESIAN_POINT ( 'NONE',  ( 8.484347203514714053, -23.16692973652839527, 39.77233000341630742 ) ) ;
#3251 = LINE ( 'NONE', #3316, #351 ) ;
#3252 = CARTESIAN_POINT ( 'NONE',  ( 7.828506177711495262, 1.980164319001894713, 31.97629710643731116 ) ) ;
#3253 = ORIENTED_EDGE ( 'NONE', *, *, #2196, .F. ) ;
#3254 = CARTESIAN_POINT ( 'NONE',  ( 5.908010945516709356, -22.09372936160405132, 31.84743820900809297 ) ) ;
#3255 = AXIS2_PLACEMENT_3D ( 'NONE', #1253, #2521, #1861 ) ;
#3256 = ORIENTED_EDGE ( 'NONE', *, *, #2714, .T. ) ;
#3257 = CARTESIAN_POINT ( 'NONE',  ( 0.1137805220696452846, -22.79772928924194630, 35.78575385426984212 ) ) ;
#3258 = ORIENTED_EDGE ( 'NONE', *, *, #1323, .F. ) ;
#3259 = AXIS2_PLACEMENT_3D ( 'NONE', #2354, #2081, #2495 ) ;
#3260 = AXIS2_PLACEMENT_3D ( 'NONE', #765, #1995, #3548 ) ;
#3261 = CARTESIAN_POINT ( 'NONE',  ( 49.11378052206964639, -23.79772928924194630, 7.285753854269841234 ) ) ;
#3262 = DIRECTION ( 'NONE',  ( 0.0000000000000000000, 0.0000000000000000000, 1.000000000000000000 ) ) ;
#3263 = ORIENTED_EDGE ( 'NONE', *, *, #652, .T. ) ;
#3264 = CARTESIAN_POINT ( 'NONE',  ( 6.936057474623350316, 1.811585999199448294, 32.03523855689452660 ) ) ;
#3265 = CARTESIAN_POINT ( 'NONE',  ( 7.491753016048740221, -21.43533267891425709, 32.02419133534107942 ) ) ;
#3266 = LINE ( 'NONE', #3507, #1804 ) ;
#3267 = VERTEX_POINT ( 'NONE', #20 ) ;
#3268 = VECTOR ( 'NONE', #3292, 1000.000000000000000 ) ;
#3269 = EDGE_CURVE ( 'NONE', #3236, #3498, #31, .T. ) ;
#3270 = LINE ( 'NONE', #29, #3465 ) ;
#3271 = DIRECTION ( 'NONE',  ( 0.0000000000000000000, -1.000000000000000000, -0.0000000000000000000 ) ) ;
#3272 = FACE_OUTER_BOUND ( 'NONE', #2473, .T. ) ;
#3273 = VERTEX_POINT ( 'NONE', #1946 ) ;
#3274 = EDGE_CURVE ( 'NONE', #2911, #3373, #2478, .T. ) ;
#3275 = CARTESIAN_POINT ( 'NONE',  ( 7.491449572405262103, 1.839734181582094896, 32.02423834146928527 ) ) ;
#3276 = FACE_BOUND ( 'NONE', #2310, .T. ) ;
#3277 = DIRECTION ( 'NONE',  ( -1.000000000000000000, 0.0000000000000000000, 0.0000000000000000000 ) ) ;
#3278 = VERTEX_POINT ( 'NONE', #2249 ) ;
#3279 = DIRECTION ( 'NONE',  ( 0.0000000000000000000, 0.0000000000000000000, 1.000000000000000000 ) ) ;
#3280 = FACE_OUTER_BOUND ( 'NONE', #2295, .T. ) ;
#3281 = AXIS2_PLACEMENT_3D ( 'NONE', #2368, #2686, #852 ) ;
#3282 = ORIENTED_EDGE ( 'NONE', *, *, #1668, .F. ) ;
#3283 = CARTESIAN_POINT ( 'NONE',  ( 3.642343373344925528, -11.19244727118643645, 31.13977193677846955 ) ) ;
#3284 = LINE ( 'NONE', #1249, #1731 ) ;
#3285 = DIRECTION ( 'NONE',  ( 0.0000000000000000000, 0.0000000000000000000, 1.000000000000000000 ) ) ;
#3286 = CARTESIAN_POINT ( 'NONE',  ( 50.11378052206963929, -5.297729289241950745, 23.68575385426984425 ) ) ;
#3287 = SECURITY_CLASSIFICATION ( '', '', #3576 ) ;
#3288 = AXIS2_PLACEMENT_3D ( 'NONE', #824, #187, #3595 ) ;
#3289 = FACE_BOUND ( 'NONE', #2725, .T. ) ;
#3290 = CARTESIAN_POINT ( 'NONE',  ( 24.11378052206964639, -3.297729289241948969, 9.785753854269843899 ) ) ;
#3291 = DIRECTION ( 'NONE',  ( 0.0000000000000000000, 0.0000000000000000000, -1.000000000000000000 ) ) ;
#3292 = DIRECTION ( 'NONE',  ( -1.000000000000000000, 0.0000000000000000000, 2.569960705150824905E-16 ) ) ;
#3293 = CIRCLE ( 'NONE', #607, 2.699999999999987299 ) ;
#3294 = EDGE_CURVE ( 'NONE', #3672, #3236, #3212, .T. ) ;
#3295 = VERTEX_POINT ( 'NONE', #2567 ) ;
#3296 = MECHANICAL_CONTEXT ( 'NONE', #3903, 'mechanical' ) ;
#3297 = CARTESIAN_POINT ( 'NONE',  ( 4.265163980167963054, -11.55239459363252941, 31.26401483183251884 ) ) ;
#3298 = ORIENTED_EDGE ( 'NONE', *, *, #2598, .T. ) ;
#3299 = VERTEX_POINT ( 'NONE', #3513 ) ;
#3300 = EDGE_CURVE ( 'NONE', #75, #216, #1467, .T. ) ;
#3301 = CARTESIAN_POINT ( 'NONE',  ( 2.613780522069633516, -1.797729289241947637, 42.28575385426981370 ) ) ;
#3302 = ORIENTED_EDGE ( 'NONE', *, *, #1266, .F. ) ;
#3303 = CARTESIAN_POINT ( 'NONE',  ( 6.414592585022271365, -24.01983568099808153, 39.59521060210237664 ) ) ;
#3304 = DIRECTION ( 'NONE',  ( 0.0000000000000000000, 0.0000000000000000000, -1.000000000000000000 ) ) ;
#3305 = ORIENTED_EDGE ( 'NONE', *, *, #2900, .T. ) ;
#3306 = CARTESIAN_POINT ( 'NONE',  ( 30.11378052206963929, -30.49772928924196691, 18.03575385426984212 ) ) ;
#3307 = EDGE_CURVE ( 'NONE', #2911, #969, #3460, .T. ) ;
#3308 = ORIENTED_EDGE ( 'NONE', *, *, #1020, .F. ) ;
#3309 = CARTESIAN_POINT ( 'NONE',  ( 17.61378052206964639, -9.797729289241951633, -0.2142461457301583772 ) ) ;
#3310 = ORIENTED_EDGE ( 'NONE', *, *, #1182, .F. ) ;
#3311 = DIRECTION ( 'NONE',  ( 0.0000000000000000000, 0.0000000000000000000, -1.000000000000000000 ) ) ;
#3312 = AXIS2_PLACEMENT_3D ( 'NONE', #1302, #2864, #1021 ) ;
#3313 = AXIS2_PLACEMENT_3D ( 'NONE', #3425, #2759, #3415 ) ;
#3314 = ORIENTED_EDGE ( 'NONE', *, *, #3624, .F. ) ;
#3315 = CARTESIAN_POINT ( 'NONE',  ( 5.766740876992024312, -23.16226878223695707, 39.77012596660539856 ) ) ;
#3316 = CARTESIAN_POINT ( 'NONE',  ( 30.11378052206963929, -30.49772928924196691, 16.63575385426985065 ) ) ;
#3317 = CIRCLE ( 'NONE', #2213, 2.999999999999999112 ) ;
#3318 = ORIENTED_EDGE ( 'NONE', *, *, #3775, .T. ) ;
#3319 = CARTESIAN_POINT ( 'NONE',  ( 0.1137805220696452846, 8.202270710758053696, 0.2857538542698767614 ) ) ;
#3320 = CARTESIAN_POINT ( 'NONE',  ( 5.346947235118323150, -8.007806366507626450, 40.29345181086688399 ) ) ;
#3321 = LINE ( 'NONE', #2157, #2482 ) ;
#3322 = VERTEX_POINT ( 'NONE', #3485 ) ;
#3323 = CARTESIAN_POINT ( 'NONE',  ( 57.61378052206963929, -1.797729289241947637, 0.8357538542698578210 ) ) ;
#3324 = EDGE_CURVE ( 'NONE', #1737, #1399, #425, .T. ) ;
#3325 = LINE ( 'NONE', #2261, #97 ) ;
#3326 = ORIENTED_EDGE ( 'NONE', *, *, #3084, .T. ) ;
#3327 = CARTESIAN_POINT ( 'NONE',  ( 9.613780522069646395, -27.79772928924194275, 4.687677642916519893 ) ) ;
#3328 = LINE ( 'NONE', #2491, #2730 ) ;
#3329 = EDGE_CURVE ( 'NONE', #1544, #392, #753, .T. ) ;
#3330 = EDGE_LOOP ( 'NONE', ( #3597, #121, #237, #3733 ) ) ;
#3331 = DIRECTION ( 'NONE',  ( -0.0000000000000000000, -1.000000000000000000, -0.0000000000000000000 ) ) ;
#3332 = CIRCLE ( 'NONE', #3042, 1.849999999999998312 ) ;
#3333 = DIRECTION ( 'NONE',  ( -1.000000000000000000, 0.0000000000000000000, 0.0000000000000000000 ) ) ;
#3334 = ORIENTED_EDGE ( 'NONE', *, *, #1834, .F. ) ;
#3335 = DIRECTION ( 'NONE',  ( 0.0000000000000000000, 0.0000000000000000000, -1.000000000000000000 ) ) ;
#3336 = LINE ( 'NONE', #1553, #2161 ) ;
#3337 = CARTESIAN_POINT ( 'NONE',  ( 4.618774570074671182, -11.63545189489140519, 31.29733097691825350 ) ) ;
#3338 = VECTOR ( 'NONE', #1036, 1000.000000000000000 ) ;
#3339 = CARTESIAN_POINT ( 'NONE',  ( 7.030125081639209128, 4.602318318250830487, 32.03877284292789085 ) ) ;
#3340 = ORIENTED_EDGE ( 'NONE', *, *, #985, .T. ) ;
#3341 = CARTESIAN_POINT ( 'NONE',  ( 6.751649190328509853, -24.16026581841789422, 39.54726936707042029 ) ) ;
#3342 = CIRCLE ( 'NONE', #2799, 1.399999999999998579 ) ;
#3343 = ORIENTED_EDGE ( 'NONE', *, *, #2201, .T. ) ;
#3344 = DIRECTION ( 'NONE',  ( 0.0000000000000000000, 0.0000000000000000000, -1.000000000000000000 ) ) ;
#3345 = CARTESIAN_POINT ( 'NONE',  ( 7.830107048020023441, 4.423758480002617510, 39.59542451685948805 ) ) ;
#3346 = ORIENTED_EDGE ( 'NONE', *, *, #2369, .F. ) ;
#3347 = EDGE_CURVE ( 'NONE', #691, #1107, #882, .T. ) ;
#3348 = ORIENTED_EDGE ( 'NONE', *, *, #1119, .F. ) ;
#3349 = PLANE ( 'NONE',  #4018 ) ;
#3350 = DIRECTION ( 'NONE',  ( 0.0000000000000000000, 0.0000000000000000000, -1.000000000000000000 ) ) ;
#3351 = EDGE_LOOP ( 'NONE', ( #943, #2528, #1156, #1203 ) ) ;
#3352 = EDGE_CURVE ( 'NONE', #2934, #2317, #3010, .T. ) ;
#3353 = ADVANCED_FACE ( 'NONE', ( #1669 ), #3564, .F. ) ;
#3354 = CARTESIAN_POINT ( 'NONE',  ( 6.756309961400400965, 4.556909301303639026, 32.02206895680221521 ) ) ;
#3355 = DIRECTION ( 'NONE',  ( 1.000000000000000000, 0.0000000000000000000, 0.0000000000000000000 ) ) ;
#3356 = DIRECTION ( 'NONE',  ( 1.000000000000000000, 0.0000000000000000000, -0.0000000000000000000 ) ) ;
#3357 = EDGE_LOOP ( 'NONE', ( #21, #1130, #1491, #3334 ) ) ;
#3358 = AXIS2_PLACEMENT_3D ( 'NONE', #2871, #704, #2589 ) ;
#3359 = ORIENTED_EDGE ( 'NONE', *, *, #356, .T. ) ;
#3360 = CARTESIAN_POINT ( 'NONE',  ( 0.6137805220696666009, 8.202270710758053696, -0.2142461457301583772 ) ) ;
#3361 = DIRECTION ( 'NONE',  ( 0.0000000000000000000, 0.0000000000000000000, 1.000000000000000000 ) ) ;
#3362 = VECTOR ( 'NONE', #1639, 1000.000000000000000 ) ;
#3363 = ORIENTED_EDGE ( 'NONE', *, *, #1527, .T. ) ;
#3364 = PRODUCT_RELATED_PRODUCT_CATEGORY ( 'detail', '', ( #1449 ) ) ;
#3365 = AXIS2_PLACEMENT_3D ( 'NONE', #358, #3101, #2457 ) ;
#3366 = CARTESIAN_POINT ( 'NONE',  ( 5.864052981336710602, 3.824390183990729053, 31.83351417455781274 ) ) ;
#3367 = CIRCLE ( 'NONE', #1847, 1.399999999999991473 ) ;
#3368 = FACE_BOUND ( 'NONE', #445, .T. ) ;
#3369 = CARTESIAN_POINT ( 'NONE',  ( 7.121549381366887310, -22.79772928924193920, 43.28575385426984212 ) ) ;
#3370 = LINE ( 'NONE', #2692, #379 ) ;
#3371 = EDGE_CURVE ( 'NONE', #840, #3475, #2626, .T. ) ;
#3372 = DIRECTION ( 'NONE',  ( -3.212450881438531748E-17, 0.0000000000000000000, 1.000000000000000000 ) ) ;
#3373 = VERTEX_POINT ( 'NONE', #1931 ) ;
#3374 = CARTESIAN_POINT ( 'NONE',  ( 5.721549381366888731, 3.108995042389580021, 39.78575385426984923 ) ) ;
#3375 = CARTESIAN_POINT ( 'NONE',  ( 24.11378052206964639, -3.297729289241948969, -18.21424614573016143 ) ) ;
#3376 = ADVANCED_FACE ( 'NONE', ( #370 ), #934, .F. ) ;
#3377 = FACE_BOUND ( 'NONE', #2513, .T. ) ;
#3378 = EDGE_LOOP ( 'NONE', ( #3128, #1458, #24, #1023 ) ) ;
#3379 = DIRECTION ( 'NONE',  ( 0.0000000000000000000, 0.0000000000000000000, 1.000000000000000000 ) ) ;
#3380 = EDGE_CURVE ( 'NONE', #1544, #2269, #558, .T. ) ;
#3381 = CIRCLE ( 'NONE', #257, 1.399999999999995026 ) ;
#3382 = VERTEX_POINT ( 'NONE', #2324 ) ;
#3383 = CARTESIAN_POINT ( 'NONE',  ( 6.066899375438365993, 4.127469564780531286, 31.89365671200100749 ) ) ;
#3384 = CARTESIAN_POINT ( 'NONE',  ( 8.521549381366885001, 3.202270710758043037, 31.78575385426983502 ) ) ;
#3385 = LINE ( 'NONE', #3323, #1336 ) ;
#3386 = AXIS2_PLACEMENT_3D ( 'NONE', #4003, #293, #30 ) ;
#3387 = DIRECTION ( 'NONE',  ( 0.0000000000000000000, -1.000000000000000000, 0.0000000000000000000 ) ) ;
#3388 = DIRECTION ( 'NONE',  ( -0.7071067811865474617, -0.0000000000000000000, 0.7071067811865474617 ) ) ;
#3389 = CARTESIAN_POINT ( 'NONE',  ( 16.21378052206965137, -9.797729289241951633, -18.21424614573016143 ) ) ;
#3390 = LINE ( 'NONE', #790, #625 ) ;
#3391 = DIRECTION ( 'NONE',  ( 0.0000000000000000000, -0.0000000000000000000, 1.000000000000000000 ) ) ;
#3392 = AXIS2_PLACEMENT_3D ( 'NONE', #3762, #6, #2182 ) ;
#3393 = DIRECTION ( 'NONE',  ( 0.0000000000000000000, 0.0000000000000000000, -1.000000000000000000 ) ) ;
#3394 = AXIS2_PLACEMENT_3D ( 'NONE', #939, #3062, #1223 ) ;
#3395 = CIRCLE ( 'NONE', #3671, 3.000000000000002665 ) ;
#3396 = VERTEX_POINT ( 'NONE', #2286 ) ;
#3397 = ADVANCED_FACE ( 'NONE', ( #2092 ), #1129, .F. ) ;
#3398 = DIRECTION ( 'NONE',  ( -1.000000000000000000, 0.0000000000000000000, 0.0000000000000000000 ) ) ;
#3399 = ORIENTED_EDGE ( 'NONE', *, *, #1641, .F. ) ;
#3400 = CARTESIAN_POINT ( 'NONE',  ( 10.11378052206964639, -31.79772928924194630, 4.285753854269845675 ) ) ;
#3401 = EDGE_LOOP ( 'NONE', ( #2926, #1226 ) ) ;
#3402 = DIRECTION ( 'NONE',  ( 1.000000000000000000, 0.0000000000000000000, -0.0000000000000000000 ) ) ;
#3403 = ORIENTED_EDGE ( 'NONE', *, *, #153, .F. ) ;
#3404 = CARTESIAN_POINT ( 'NONE',  ( 2.613780522069647283, -1.797729289241947637, 2.285753854269851004 ) ) ;
#3405 = CARTESIAN_POINT ( 'NONE',  ( 4.619010635340888626, -11.64761022001948021, 40.26910534154763610 ) ) ;
#3406 = EDGE_CURVE ( 'NONE', #919, #2275, #463, .T. ) ;
#3407 = ORIENTED_EDGE ( 'NONE', *, *, #2144, .F. ) ;
#3408 = DIRECTION ( 'NONE',  ( 0.0000000000000000000, 0.0000000000000000000, -1.000000000000000000 ) ) ;
#3409 = B_SPLINE_CURVE_WITH_KNOTS ( 'NONE', 3,
 ( #3059, #1505, #841, #3030, #857, #1476, #3944, #1174, #3013, #1758, #1490, #3339, #273, #3354, #1461, #1162, #2728, #3383, #3045, #1190, #3366, #2073, #3685, #1809 ),
 .UNSPECIFIED., .F., .F.,
 ( 4, 2, 2, 2, 2, 2, 2, 2, 2, 2, 2, 4 ),
 ( 7.152448122690996019E-18, 0.0002757662881570798375, 0.0005515325763141525192, 0.001103065152628301786, 0.001654597728942450944, 0.002206130305256597500, 0.002481896593413673597, 0.002757662881570749694, 0.003309195457884898418, 0.003584961746041972781, 0.003860728034199046275, 0.004412260610513195000 ),
 .UNSPECIFIED. ) ;
#3410 = EDGE_CURVE ( 'NONE', #2360, #380, #1464, .T. ) ;
#3411 = EDGE_LOOP ( 'NONE', ( #731, #1870 ) ) ;
#3412 = DIRECTION ( 'NONE',  ( 0.0000000000000000000, 0.0000000000000000000, 1.000000000000000000 ) ) ;
#3413 = CARTESIAN_POINT ( 'NONE',  ( 8.521549381366885001, -22.79772928924194630, 31.78575385426983502 ) ) ;
#3414 = ORIENTED_EDGE ( 'NONE', *, *, #1531, .T. ) ;
#3415 = DIRECTION ( 'NONE',  ( -1.000000000000000000, 0.0000000000000000000, 0.0000000000000000000 ) ) ;
#3416 = CARTESIAN_POINT ( 'NONE',  ( 6.085217670794377476, -11.19244727118643112, 40.43173577176122535 ) ) ;
#3417 = ADVANCED_FACE ( 'NONE', ( #3114 ), #2373, .F. ) ;
#3418 = ORIENTED_EDGE ( 'NONE', *, *, #1454, .F. ) ;
#3419 = DIRECTION ( 'NONE',  ( -1.000000000000000000, 0.0000000000000000000, 0.0000000000000000000 ) ) ;
#3420 = ORIENTED_EDGE ( 'NONE', *, *, #3647, .F. ) ;
#3421 = CARTESIAN_POINT ( 'NONE',  ( 33.61378052206964639, -9.797729289241951633, 3.785753854269845231 ) ) ;
#3422 = VECTOR ( 'NONE', #3894, 1000.000000000000000 ) ;
#3423 = EDGE_LOOP ( 'NONE', ( #439, #284, #2284, #3310 ) ) ;
#3424 = EDGE_CURVE ( 'NONE', #588, #3949, #2674, .T. ) ;
#3425 = CARTESIAN_POINT ( 'NONE',  ( 7.121549381366887310, 3.202270710758043037, 15.78575385426982791 ) ) ;
#3426 = FACE_OUTER_BOUND ( 'NONE', #3008, .T. ) ;
#3427 = DIRECTION ( 'NONE',  ( -0.0000000000000000000, 0.0000000000000000000, -1.000000000000000000 ) ) ;
#3428 = CARTESIAN_POINT ( 'NONE',  ( 6.466404215808653433, -10.72966000396393937, 40.54646772052467441 ) ) ;
#3429 = ORIENTED_EDGE ( 'NONE', *, *, #1187, .T. ) ;
#3430 = CARTESIAN_POINT ( 'NONE',  ( 9.613780522069646395, -22.79772928924194630, 35.78575385426984212 ) ) ;
#3431 = LINE ( 'NONE', #767, #1385 ) ;
#3432 = CARTESIAN_POINT ( 'NONE',  ( 27.11378052206964995, -16.29772928924195341, 3.785753854269845231 ) ) ;
#3433 = EDGE_CURVE ( 'NONE', #115, #1832, #137, .T. ) ;
#3434 = ORIENTED_EDGE ( 'NONE', *, *, #2714, .F. ) ;
#3435 = APPROVAL_PERSON_ORGANIZATION ( #3734, #394, #1722 ) ;
#3436 = CIRCLE ( 'NONE', #3469, 4.000000000000003553 ) ;
#3437 = ADVANCED_FACE ( 'NONE', ( #1270, #1798, #3660, #3518, #650 ), #491, .T. ) ;
#3438 = DIRECTION ( 'NONE',  ( -1.000000000000000000, 0.0000000000000000000, 0.0000000000000000000 ) ) ;
#3439 = AXIS2_PLACEMENT_3D ( 'NONE', #2706, #3673, #266 ) ;
#3440 = LINE ( 'NONE', #1991, #1877 ) ;
#3441 = ORIENTED_EDGE ( 'NONE', *, *, #831, .T. ) ;
#3442 = CARTESIAN_POINT ( 'NONE',  ( 6.713780522069647816, -9.797729289241948081, 40.63575385426983644 ) ) ;
#3443 = FACE_BOUND ( 'NONE', #813, .T. ) ;
#3444 = ORIENTED_EDGE ( 'NONE', *, *, #1475, .T. ) ;
#3445 = CARTESIAN_POINT ( 'NONE',  ( 6.261366609156744367, -23.91735002635260443, 31.94332475845156694 ) ) ;
#3446 = AXIS2_PLACEMENT_3D ( 'NONE', #1536, #3991, #2114 ) ;
#3447 = ORIENTED_EDGE ( 'NONE', *, *, #2669, .F. ) ;
#3448 = EDGE_LOOP ( 'NONE', ( #2406, #1665, #2596, #3318 ) ) ;
#3449 = DIRECTION ( 'NONE',  ( 0.0000000000000000000, 0.0000000000000000000, -1.000000000000000000 ) ) ;
#3450 = EDGE_LOOP ( 'NONE', ( #1304, #826 ) ) ;
#3451 = CARTESIAN_POINT ( 'NONE',  ( 60.11378052206964639, -11.79772928924194630, 15.78575385426984923 ) ) ;
#3452 = CARTESIAN_POINT ( 'NONE',  ( 22.11378052206963574, 3.202270710758049699, 35.78575385426984212 ) ) ;
#3453 = VERTEX_POINT ( 'NONE', #1994 ) ;
#3454 = ADVANCED_FACE ( 'NONE', ( #2188 ), #2527, .T. ) ;
#3455 = EDGE_CURVE ( 'NONE', #1194, #688, #230, .T. ) ;
#3456 = CARTESIAN_POINT ( 'NONE',  ( 7.029623371024024792, -24.19775075699727651, 32.03876307627862019 ) ) ;
#3457 = ORIENTED_EDGE ( 'NONE', *, *, #3876, .F. ) ;
#3458 = EDGE_CURVE ( 'NONE', #2042, #279, #1901, .T. ) ;
#3459 = DIRECTION ( 'NONE',  ( 0.0000000000000000000, 0.0000000000000000000, 1.000000000000000000 ) ) ;
#3460 = LINE ( 'NONE', #3180, #1710 ) ;
#3461 = ORIENTED_EDGE ( 'NONE', *, *, #575, .F. ) ;
#3462 = PLANE ( 'NONE',  #2860 ) ;
#3463 = CARTESIAN_POINT ( 'NONE',  ( 56.11378052206963929, -11.79772928924194630, 17.18575385426984781 ) ) ;
#3464 = CIRCLE ( 'NONE', #2676, 10.00000000000000178 ) ;
#3465 = VECTOR ( 'NONE', #2529, 1000.000000000000000 ) ;
#3466 = CARTESIAN_POINT ( 'NONE',  ( 3.073770666495279968, -9.314916387056447533, 40.61313880321431924 ) ) ;
#3467 = DIRECTION ( 'NONE',  ( 0.0000000000000000000, 0.0000000000000000000, -1.000000000000000000 ) ) ;
#3468 = AXIS2_PLACEMENT_3D ( 'NONE', #1430, #3614, #1743 ) ;
#3469 = AXIS2_PLACEMENT_3D ( 'NONE', #3078, #2464, #2156 ) ;
#3470 = VECTOR ( 'NONE', #3477, 1000.000000000000000 ) ;
#3471 = CARTESIAN_POINT ( 'NONE',  ( 10.02154938136689388, -22.79772928924193920, 44.78575385426984212 ) ) ;
#3472 = ORIENTED_EDGE ( 'NONE', *, *, #785, .T. ) ;
#3473 = CARTESIAN_POINT ( 'NONE',  ( 7.828506177711500591, -24.01983568099809219, 31.97629710643730405 ) ) ;
#3474 = LINE ( 'NONE', #3638, #1767 ) ;
#3475 = VERTEX_POINT ( 'NONE', #154 ) ;
#3476 = ADVANCED_FACE ( 'NONE', ( #1363 ), #85, .F. ) ;
#3477 = DIRECTION ( 'NONE',  ( 1.000000000000000000, 0.0000000000000000000, 0.0000000000000000000 ) ) ;
#3478 = CIRCLE ( 'NONE', #109, 1.399999999999998579 ) ;
#3479 = DIRECTION ( 'NONE',  ( 1.000000000000000000, 0.0000000000000000000, 0.0000000000000000000 ) ) ;
#3480 = VERTEX_POINT ( 'NONE', #3216 ) ;
#3481 = LOCAL_TIME ( 17, 7, 8.000000000000000000, #2109 ) ;
#3482 = EDGE_CURVE ( 'NONE', #175, #2469, #3317, .T. ) ;
#3483 = DIRECTION ( 'NONE',  ( 0.0000000000000000000, 0.0000000000000000000, -1.000000000000000000 ) ) ;
#3484 = DIRECTION ( 'NONE',  ( 0.7071067811865514585, -8.659560562354980929E-17, 0.7071067811865435759 ) ) ;
#3485 = CARTESIAN_POINT ( 'NONE',  ( 0.1137805220696452846, -22.79772928924194630, 39.78575385426984212 ) ) ;
#3486 = CIRCLE ( 'NONE', #1172, 1.449999999999999956 ) ;
#3487 = VERTEX_POINT ( 'NONE', #3857 ) ;
#3488 = DIRECTION ( 'NONE',  ( 0.0000000000000000000, 0.0000000000000000000, -1.000000000000000000 ) ) ;
#3489 = FACE_OUTER_BOUND ( 'NONE', #973, .T. ) ;
#3490 = EDGE_CURVE ( 'NONE', #1194, #3186, #2399, .T. ) ;
#3491 = FACE_BOUND ( 'NONE', #1306, .T. ) ;
#3492 = ORIENTED_EDGE ( 'NONE', *, *, #903, .F. ) ;
#3493 = DIRECTION ( 'NONE',  ( 0.0000000000000000000, 0.0000000000000000000, 1.000000000000000000 ) ) ;
#3494 = VERTEX_POINT ( 'NONE', #3579 ) ;
#3495 = AXIS2_PLACEMENT_3D ( 'NONE', #2440, #2766, #875 ) ;
#3496 = DIRECTION ( 'NONE',  ( 1.000000000000000000, 0.0000000000000000000, 0.0000000000000000000 ) ) ;
#3497 = ORIENTED_EDGE ( 'NONE', *, *, #1238, .T. ) ;
#3498 = VERTEX_POINT ( 'NONE', #844 ) ;
#3499 = DIRECTION ( 'NONE',  ( -0.0000000000000000000, -1.000000000000000000, -0.0000000000000000000 ) ) ;
#3500 = CARTESIAN_POINT ( 'NONE',  ( 3.392962876334355116, -10.92624868636071689, 40.50373327159265102 ) ) ;
#3501 = ADVANCED_FACE ( 'NONE', ( #2283 ), #2868, .T. ) ;
#3502 = ORIENTED_EDGE ( 'NONE', *, *, #2635, .T. ) ;
#3503 = CC_DESIGN_PERSON_AND_ORGANIZATION_ASSIGNMENT ( #773, #199, ( #1449 ) ) ;
#3504 = AXIS2_PLACEMENT_3D ( 'NONE', #2715, #3986, #542 ) ;
#3505 = ORIENTED_EDGE ( 'NONE', *, *, #3224, .T. ) ;
#3506 = CARTESIAN_POINT ( 'NONE',  ( 3.260392554562062450, -8.867066931473617686, 31.02478442466902209 ) ) ;
#3507 = CARTESIAN_POINT ( 'NONE',  ( 60.11378052206964639, 8.202270710758053696, 44.28575385426982081 ) ) ;
#3508 = EDGE_CURVE ( 'NONE', #3099, #308, #1081, .T. ) ;
#3509 = DIRECTION ( 'NONE',  ( 0.0000000000000000000, 0.0000000000000000000, -1.000000000000000000 ) ) ;
#3510 = ORIENTED_EDGE ( 'NONE', *, *, #153, .T. ) ;
#3511 = DIRECTION ( 'NONE',  ( -0.7071067811865474617, -0.0000000000000000000, -0.7071067811865474617 ) ) ;
#3512 = CARTESIAN_POINT ( 'NONE',  ( 60.11378052206964639, 8.202270710758053696, 44.78575385426984212 ) ) ;
#3513 = CARTESIAN_POINT ( 'NONE',  ( 34.11378052206964639, -9.797729289241951633, 44.78575385426984212 ) ) ;
#3514 = EDGE_CURVE ( 'NONE', #851, #1210, #323, .T. ) ;
#3515 = ORIENTED_EDGE ( 'NONE', *, *, #228, .T. ) ;
#3516 = DIRECTION ( 'NONE',  ( 0.0000000000000000000, 1.000000000000000000, 0.0000000000000000000 ) ) ;
#3517 = DIRECTION ( 'NONE',  ( 1.000000000000000000, 0.0000000000000000000, 0.0000000000000000000 ) ) ;
#3518 = FACE_BOUND ( 'NONE', #2652, .T. ) ;
#3519 = ORIENTED_EDGE ( 'NONE', *, *, #3926, .F. ) ;
#3520 = EDGE_CURVE ( 'NONE', #2844, #1210, #2772, .T. ) ;
#3521 = CARTESIAN_POINT ( 'NONE',  ( 6.415072730014593994, -21.57540936546663346, 39.59513846488400901 ) ) ;
#3522 = CARTESIAN_POINT ( 'NONE',  ( 9.613780522069646395, -27.79772928924194630, 40.78575385426984212 ) ) ;
#3523 = CIRCLE ( 'NONE', #1002, 1.449999999999999956 ) ;
#3524 = ORIENTED_EDGE ( 'NONE', *, *, #3567, .T. ) ;
#3525 = DIRECTION ( 'NONE',  ( -1.000000000000000000, 0.0000000000000000000, 0.0000000000000000000 ) ) ;
#3526 = CARTESIAN_POINT ( 'NONE',  ( 34.11378052206964639, -9.797729289241951633, 47.78575385426984212 ) ) ;
#3527 = VECTOR ( 'NONE', #777, 1000.000000000000000 ) ;
#3528 = CARTESIAN_POINT ( 'NONE',  ( 10.11378052206964639, -27.79772928924194630, 4.285753854269845675 ) ) ;
#3529 = DIRECTION ( 'NONE',  ( 0.0000000000000000000, 0.0000000000000000000, -1.000000000000000000 ) ) ;
#3530 = EDGE_LOOP ( 'NONE', ( #549, #1807, #3497, #3764 ) ) ;
#3531 = AXIS2_PLACEMENT_3D ( 'NONE', #3309, #3643, #3009 ) ;
#3532 = AXIS2_PLACEMENT_3D ( 'NONE', #3534, #2540, #3517 ) ;
#3533 = CONICAL_SURFACE ( 'NONE', #1488, 1.399999999999995914, 0.7853981633974538301 ) ;
#3534 = CARTESIAN_POINT ( 'NONE',  ( 7.121549381366887310, 3.202270710758043037, 44.78575385426984212 ) ) ;
#3535 = ORIENTED_EDGE ( 'NONE', *, *, #761, .F. ) ;
#3536 = CIRCLE ( 'NONE', #1404, 1.449999999999999956 ) ;
#3537 = CARTESIAN_POINT ( 'NONE',  ( 0.1137805220696452846, -9.797729289241948081, 40.63575385426983644 ) ) ;
#3538 = ORIENTED_EDGE ( 'NONE', *, *, #498, .F. ) ;
#3539 = CARTESIAN_POINT ( 'NONE',  ( 25.51378052206964142, -16.29772928924195341, 42.28575385426983502 ) ) ;
#3540 = FACE_OUTER_BOUND ( 'NONE', #2566, .T. ) ;
#3541 = CARTESIAN_POINT ( 'NONE',  ( 11.11378052206964107, -23.79772928924194630, 8.685753854269837149 ) ) ;
#3542 = EDGE_CURVE ( 'NONE', #1290, #1158, #1564, .T. ) ;
#3543 = CARTESIAN_POINT ( 'NONE',  ( 59.61378052206962508, -31.29772928924192499, -0.2142461457301583772 ) ) ;
#3544 = DIRECTION ( 'NONE',  ( 0.0000000000000000000, 0.0000000000000000000, -1.000000000000000000 ) ) ;
#3545 = DIRECTION ( 'NONE',  ( 0.0000000000000000000, 0.0000000000000000000, -1.000000000000000000 ) ) ;
#3546 = CYLINDRICAL_SURFACE ( 'NONE', #2955, 1.399999999999991473 ) ;
#3547 = EDGE_LOOP ( 'NONE', ( #3348, #1320 ) ) ;
#3548 = DIRECTION ( 'NONE',  ( 0.0000000000000000000, 0.0000000000000000000, 1.000000000000000000 ) ) ;
#3549 = EDGE_CURVE ( 'NONE', #3863, #2515, #1850, .T. ) ;
#3550 = LINE ( 'NONE', #2743, #1201 ) ;
#3551 = ORIENTED_EDGE ( 'NONE', *, *, #1468, .F. ) ;
#3552 = ORIENTED_EDGE ( 'NONE', *, *, #3294, .F. ) ;
#3553 = PRODUCT_DEFINITION_SHAPE ( 'NONE', 'NONE',  #1148 ) ;
#3554 = CARTESIAN_POINT ( 'NONE',  ( 13.11378052206964284, -37.79772928924194275, 28.78575385426984568 ) ) ;
#3555 = DIRECTION ( 'NONE',  ( 0.0000000000000000000, 0.0000000000000000000, 1.000000000000000000 ) ) ;
#3556 = EDGE_LOOP ( 'NONE', ( #3891, #3895, #1636, #825 ) ) ;
#3557 = CARTESIAN_POINT ( 'NONE',  ( 50.11378052206963929, -11.79772928924194630, 30.18575385426983715 ) ) ;
#3558 = DIRECTION ( 'NONE',  ( 0.0000000000000000000, -1.000000000000000000, -0.0000000000000000000 ) ) ;
#3559 = CARTESIAN_POINT ( 'NONE',  ( 6.261366609156738150, 2.082649973647386243, 31.94332475845157404 ) ) ;
#3560 = CARTESIAN_POINT ( 'NONE',  ( 8.343116510277999609, -22.08962990122030234, 31.84522422427011534 ) ) ;
#3561 = ORIENTED_EDGE ( 'NONE', *, *, #2365, .F. ) ;
#3562 = CARTESIAN_POINT ( 'NONE',  ( 57.61378052206963929, -1.797729289241947637, 42.28575385426982081 ) ) ;
#3563 = EDGE_CURVE ( 'NONE', #3295, #2814, #1037, .T. ) ;
#3564 = CONICAL_SURFACE ( 'NONE', #3821, 1.399999999999995026, 0.7853981633974467247 ) ;
#3565 = ORIENTED_EDGE ( 'NONE', *, *, #476, .F. ) ;
#3566 = CARTESIAN_POINT ( 'NONE',  ( 0.1137805220696452846, 8.202270710758053696, 0.2857538542698628836 ) ) ;
#3567 = EDGE_CURVE ( 'NONE', #919, #1883, #839, .T. ) ;
#3568 = CYLINDRICAL_SURFACE ( 'NONE', #214, 1.449999999999999956 ) ;
#3569 = LINE ( 'NONE', #3016, #2001 ) ;
#3570 = DIRECTION ( 'NONE',  ( 1.000000000000000000, 0.0000000000000000000, 0.0000000000000000000 ) ) ;
#3571 = PLANE ( 'NONE',  #3098 ) ;
#3572 = VECTOR ( 'NONE', #3635, 1000.000000000000000 ) ;
#3573 = AXIS2_PLACEMENT_3D ( 'NONE', #3997, #3350, #1794 ) ;
#3574 = EDGE_LOOP ( 'NONE', ( #1956, #17, #929, #400 ) ) ;
#3575 = DIRECTION ( 'NONE',  ( 0.0000000000000000000, 0.0000000000000000000, 1.000000000000000000 ) ) ;
#3576 = SECURITY_CLASSIFICATION_LEVEL ( 'unclassified' ) ;
#3577 = FACE_OUTER_BOUND ( 'NONE', #2426, .T. ) ;
#3578 = ORIENTED_EDGE ( 'NONE', *, *, #2369, .T. ) ;
#3579 = CARTESIAN_POINT ( 'NONE',  ( 56.11378052206963929, -11.79772928924194630, 14.38575385426985065 ) ) ;
#3580 = CIRCLE ( 'NONE', #59, 1.399999999999991473 ) ;
#3581 = AXIS2_PLACEMENT_3D ( 'NONE', #2416, #3449, #2190 ) ;
#3582 = EDGE_LOOP ( 'NONE', ( #1942, #3989 ) ) ;
#3583 = CALENDAR_DATE ( 2019, 12, 12 ) ;
#3584 = DIRECTION ( 'NONE',  ( 0.0000000000000000000, 1.000000000000000000, 0.0000000000000000000 ) ) ;
#3585 = DIRECTION ( 'NONE',  ( 0.0000000000000000000, 0.0000000000000000000, 1.000000000000000000 ) ) ;
#3586 = CIRCLE ( 'NONE', #2854, 0.5000000000000000000 ) ;
#3587 = ORIENTED_EDGE ( 'NONE', *, *, #1364, .T. ) ;
#3588 = EDGE_CURVE ( 'NONE', #1601, #3940, #3951, .T. ) ;
#3589 = CARTESIAN_POINT ( 'NONE',  ( 8.335087817217070594, -22.09372936160404777, 39.72406949953158772 ) ) ;
#3590 = VECTOR ( 'NONE', #3558, 1000.000000000000000 ) ;
#3591 = APPROVAL_STATUS ( 'not_yet_approved' ) ;
#3592 = CIRCLE ( 'NONE', #880, 10.00000000000000178 ) ;
#3593 = EDGE_CURVE ( 'NONE', #2779, #262, #2821, .T. ) ;
#3594 = ORIENTED_EDGE ( 'NONE', *, *, #3750, .T. ) ;
#3595 = DIRECTION ( 'NONE',  ( -3.469446951953613696E-16, 0.0000000000000000000, 1.000000000000000000 ) ) ;
#3596 = ORIENTED_EDGE ( 'NONE', *, *, #435, .T. ) ;
#3597 = ORIENTED_EDGE ( 'NONE', *, *, #3980, .F. ) ;
#3598 = CARTESIAN_POINT ( 'NONE',  ( 8.335514691732599957, 2.499026786266564493, 31.84730499125114278 ) ) ;
#3599 = EDGE_LOOP ( 'NONE', ( #1280, #1741, #2980, #301, #416, #1470, #3036, #2315, #2859 ) ) ;
#3600 = CARTESIAN_POINT ( 'NONE',  ( 8.512317551205104138, -22.61283323905221110, 31.78901145344829260 ) ) ;
#3601 = AXIS2_PLACEMENT_3D ( 'NONE', #3780, #2832, #2216 ) ;
#3602 = DIRECTION ( 'NONE',  ( -1.000000000000000000, 0.0000000000000000000, 0.0000000000000000000 ) ) ;
#3603 = EDGE_LOOP ( 'NONE', ( #1947, #3125, #3181, #3729 ) ) ;
#3604 = CARTESIAN_POINT ( 'NONE',  ( 59.61378052206962508, -31.79772928924194630, 44.28575385426982081 ) ) ;
#3605 = CARTESIAN_POINT ( 'NONE',  ( 5.108550408798414821, -11.64761022001948376, 31.30240236699204814 ) ) ;
#3606 = ORIENTED_EDGE ( 'NONE', *, *, #1527, .F. ) ;
#3607 = AXIS2_PLACEMENT_3D ( 'NONE', #2170, #1538, #1262 ) ;
#3608 = AXIS2_PLACEMENT_3D ( 'NONE', #584, #1195, #1510 ) ;
#3609 = DIRECTION ( 'NONE',  ( -0.0000000000000000000, 0.0000000000000000000, -1.000000000000000000 ) ) ;
#3610 = CARTESIAN_POINT ( 'NONE',  ( 7.307041288110418087, -24.18841400080053461, 39.53626915164513633 ) ) ;
#3611 = EDGE_LOOP ( 'NONE', ( #1298, #2767, #2006, #1124 ) ) ;
#3612 = CARTESIAN_POINT ( 'NONE',  ( 5.766740876992027864, 2.837731217763014069, 39.77012596660541988 ) ) ;
#3613 = CARTESIAN_POINT ( 'NONE',  ( 8.239139811427531157, -21.93529639938921960, 31.87760044664846859 ) ) ;
#3614 = DIRECTION ( 'NONE',  ( 0.0000000000000000000, -1.000000000000000000, 0.0000000000000000000 ) ) ;
#3615 = ORIENTED_EDGE ( 'NONE', *, *, #3618, .T. ) ;
#3616 = CARTESIAN_POINT ( 'NONE',  ( 49.11378052206964639, -31.79772928924194630, 35.88575385426984354 ) ) ;
#3617 = VECTOR ( 'NONE', #477, 1000.000000000000000 ) ;
#3618 = EDGE_CURVE ( 'NONE', #1158, #2568, #3569, .T. ) ;
#3619 = B_SPLINE_CURVE_WITH_KNOTS ( 'NONE', 3,
 ( #3889, #1671, #438, #771, #1989, #1058, #3226, #2894, #3521, #184, #1680, #3242, #3852, #2280, #1376, #450, #1445, #2330, #536, #3589, #523, #818, #1721, #3901 ),
 .UNSPECIFIED., .F., .F.,
 ( 4, 2, 2, 2, 2, 2, 2, 2, 2, 2, 2, 4 ),
 ( 0.0000000000000000000, 0.0002757662881570738743, 0.0005515325763141477487, 0.001103065152628297883, 0.001654597728942447908, 0.002206130305256598367, 0.002481896593413674464, 0.002757662881570750561, 0.003309195457884904056, 0.003584961746041984056, 0.003860728034199064056, 0.004412260610513222756 ),
 .UNSPECIFIED. ) ;
#3620 = DIRECTION ( 'NONE',  ( 0.0000000000000000000, 0.0000000000000000000, 1.000000000000000000 ) ) ;
#3621 = LINE ( 'NONE', #1632, #372 ) ;
#3622 = CARTESIAN_POINT ( 'NONE',  ( 7.213475391709745388, -24.19775075699728006, 39.53274463226105695 ) ) ;
#3623 = ORIENTED_EDGE ( 'NONE', *, *, #3455, .T. ) ;
#3624 = EDGE_CURVE ( 'NONE', #130, #729, #1908, .T. ) ;
#3625 = DIRECTION ( 'NONE',  ( 0.0000000000000000000, 1.000000000000000000, 0.0000000000000000000 ) ) ;
#3626 = LINE ( 'NONE', #3543, #3825 ) ;
#3627 = DIRECTION ( 'NONE',  ( 0.0000000000000000000, -0.7071067811865474617, -0.7071067811865474617 ) ) ;
#3628 = ORIENTED_EDGE ( 'NONE', *, *, #3274, .F. ) ;
#3629 = CARTESIAN_POINT ( 'NONE',  ( 5.794354812598855986, -8.194322690552773736, 40.36358569045850686 ) ) ;
#3630 = CIRCLE ( 'NONE', #2962, 1.399999999999998579 ) ;
#3631 = CARTESIAN_POINT ( 'NONE',  ( 0.6137805220696666009, 8.202270710758053696, -0.2142461457301583772 ) ) ;
#3632 = ORIENTED_EDGE ( 'NONE', *, *, #133, .T. ) ;
#3633 = CARTESIAN_POINT ( 'NONE',  ( 3.202997161764581158, -10.62173248521656888, 31.00492744673471535 ) ) ;
#3634 = EDGE_LOOP ( 'NONE', ( #2850, #2135, #145, #2702 ) ) ;
#3635 = DIRECTION ( 'NONE',  ( 0.0000000000000000000, 0.0000000000000000000, 1.000000000000000000 ) ) ;
#3636 = CARTESIAN_POINT ( 'NONE',  ( 6.008721019851140710, -23.65205758089081201, 39.69421322261895568 ) ) ;
#3637 = LINE ( 'NONE', #2198, #295 ) ;
#3638 = CARTESIAN_POINT ( 'NONE',  ( 0.6137805220696666009, -31.29772928924192499, 44.78575385426984212 ) ) ;
#3639 = CARTESIAN_POINT ( 'NONE',  ( 6.664217368345154213, -9.308823578657648312, 40.61628898121930575 ) ) ;
#3640 = VECTOR ( 'NONE', #1619, 1000.000000000000000 ) ;
#3641 = EDGE_CURVE ( 'NONE', #3278, #2990, #186, .T. ) ;
#3642 = ORIENTED_EDGE ( 'NONE', *, *, #2907, .T. ) ;
#3643 = DIRECTION ( 'NONE',  ( 0.0000000000000000000, -0.0000000000000000000, 1.000000000000000000 ) ) ;
#3644 = CARTESIAN_POINT ( 'NONE',  ( 3.013780522069651635, -9.919338964841884376, 30.93575385426983360 ) ) ;
#3645 = LINE ( 'NONE', #2547, #3640 ) ;
#3646 = EDGE_LOOP ( 'NONE', ( #2683, #3678 ) ) ;
#3647 = EDGE_CURVE ( 'NONE', #3267, #2269, #888, .T. ) ;
#3648 = DIRECTION ( 'NONE',  ( -0.0000000000000000000, -1.000000000000000000, -0.0000000000000000000 ) ) ;
#3649 = VERTEX_POINT ( 'NONE', #2447 ) ;
#3650 = DIRECTION ( 'NONE',  ( 0.0000000000000000000, -1.000000000000000000, 0.0000000000000000000 ) ) ;
#3651 = ORIENTED_EDGE ( 'NONE', *, *, #352, .F. ) ;
#3652 = DIRECTION ( 'NONE',  ( 0.0000000000000000000, 0.0000000000000000000, -1.000000000000000000 ) ) ;
#3653 = AXIS2_PLACEMENT_3D ( 'NONE', #3688, #594, #307 ) ;
#3654 = ORIENTED_EDGE ( 'NONE', *, *, #701, .F. ) ;
#3655 = DIRECTION ( 'NONE',  ( 0.7071067811865475727, 0.0000000000000000000, -0.7071067811865475727 ) ) ;
#3656 = AXIS2_PLACEMENT_3D ( 'NONE', #3917, #3932, #2309 ) ;
#3657 = ORIENTED_EDGE ( 'NONE', *, *, #96, .T. ) ;
#3658 = DIRECTION ( 'NONE',  ( 0.0000000000000000000, 1.000000000000000000, 0.0000000000000000000 ) ) ;
#3659 = CARTESIAN_POINT ( 'NONE',  ( 8.233409600617733304, -23.65331962557023004, 39.69393649296517168 ) ) ;
#3660 = FACE_BOUND ( 'NONE', #3175, .T. ) ;
#3661 = VERTEX_POINT ( 'NONE', #3384 ) ;
#3662 = DIRECTION ( 'NONE',  ( 1.000000000000000000, 0.0000000000000000000, 0.0000000000000000000 ) ) ;
#3663 = ADVANCED_FACE ( 'NONE', ( #2431 ), #1207, .T. ) ;
#3664 = FACE_OUTER_BOUND ( 'NONE', #1556, .T. ) ;
#3665 = VECTOR ( 'NONE', #2242, 1000.000000000000000 ) ;
#3666 = CARTESIAN_POINT ( 'NONE',  ( 60.11378052206964639, 8.202270710758053696, 44.78575385426984212 ) ) ;
#3667 = EDGE_CURVE ( 'NONE', #602, #380, #2966, .T. ) ;
#3668 = FACE_OUTER_BOUND ( 'NONE', #3990, .T. ) ;
#3669 = ORIENTED_EDGE ( 'NONE', *, *, #1420, .F. ) ;
#3670 = VECTOR ( 'NONE', #3483, 1000.000000000000000 ) ;
#3671 = AXIS2_PLACEMENT_3D ( 'NONE', #1, #622, #913 ) ;
#3672 = VERTEX_POINT ( 'NONE', #2459 ) ;
#3673 = DIRECTION ( 'NONE',  ( -0.7071067811865475727, 0.0000000000000000000, 0.7071067811865475727 ) ) ;
#3674 = CARTESIAN_POINT ( 'NONE',  ( 7.121549381366887310, -22.79772928924193920, 15.78575385426982791 ) ) ;
#3675 = CIRCLE ( 'NONE', #1230, 3.000000000000002665 ) ;
#3676 = CARTESIAN_POINT ( 'NONE',  ( 7.574293341113487621, 1.874308311149891493, 39.55906929292989815 ) ) ;
#3677 = CARTESIAN_POINT ( 'NONE',  ( 8.335087817217056383, 3.906270638395944683, 39.72406949953156641 ) ) ;
#3678 = ORIENTED_EDGE ( 'NONE', *, *, #2089, .T. ) ;
#3679 = DIRECTION ( 'NONE',  ( -1.000000000000000000, 0.0000000000000000000, 0.0000000000000000000 ) ) ;
#3680 = FACE_BOUND ( 'NONE', #2798, .T. ) ;
#3681 = AXIS2_PLACEMENT_3D ( 'NONE', #1405, #1134, #2972 ) ;
#3682 = AXIS2_PLACEMENT_3D ( 'NONE', #2791, #2468, #1566 ) ;
#3683 = CONICAL_SURFACE ( 'NONE', #532, 1.399999999999995026, 0.7853981633974467247 ) ;
#3684 = ADVANCED_FACE ( 'NONE', ( #2145 ), #3219, .F. ) ;
#3685 = CARTESIAN_POINT ( 'NONE',  ( 5.721549381366893172, 3.386067221619076584, 31.78575385426983502 ) ) ;
#3686 = ORIENTED_EDGE ( 'NONE', *, *, #937, .F. ) ;
#3687 = CARTESIAN_POINT ( 'NONE',  ( 0.6137805220696666009, -31.29772928924192499, 44.78575385426984212 ) ) ;
#3688 = CARTESIAN_POINT ( 'NONE',  ( 24.11378052206964639, -9.797729289241951633, 44.78575385426984212 ) ) ;
#3689 = FACE_OUTER_BOUND ( 'NONE', #2880, .T. ) ;
#3690 = ORIENTED_EDGE ( 'NONE', *, *, #3199, .F. ) ;
#3691 = CARTESIAN_POINT ( 'NONE',  ( 22.71378052206965137, -16.29772928924195341, -18.21424614573016143 ) ) ;
#3692 = CARTESIAN_POINT ( 'NONE',  ( 57.61378052206963929, -1.797729289241947637, 2.285753854269857666 ) ) ;
#3693 = VERTEX_POINT ( 'NONE', #1852 ) ;
#3694 = EDGE_CURVE ( 'NONE', #786, #3273, #1176, .T. ) ;
#3695 = ORIENTED_EDGE ( 'NONE', *, *, #2292, .F. ) ;
#3696 = CARTESIAN_POINT ( 'NONE',  ( 24.11378052206964639, -3.297729289241948969, 42.28575385426983502 ) ) ;
#3697 = CARTESIAN_POINT ( 'NONE',  ( 49.11378052206964639, -31.79772928924194630, 7.285753854269841234 ) ) ;
#3698 = ORIENTED_EDGE ( 'NONE', *, *, #382, .T. ) ;
#3699 = EDGE_CURVE ( 'NONE', #1167, #729, #1715, .T. ) ;
#3700 = CARTESIAN_POINT ( 'NONE',  ( 5.464766442809406932, -8.043936078937893086, 31.26367944993650738 ) ) ;
#3701 = DIRECTION ( 'NONE',  ( 0.0000000000000000000, 0.0000000000000000000, 1.000000000000000000 ) ) ;
#3702 = ADVANCED_FACE ( 'NONE', ( #374 ), #2723, .F. ) ;
#3703 = DIRECTION ( 'NONE',  ( -0.0000000000000000000, -0.0000000000000000000, -1.000000000000000000 ) ) ;
#3704 = ORIENTED_EDGE ( 'NONE', *, *, #3056, .T. ) ;
#3705 = AXIS2_PLACEMENT_3D ( 'NONE', #3000, #3950, #2082 ) ;
#3706 = DIRECTION ( 'NONE',  ( 1.000000000000000000, 0.0000000000000000000, 0.0000000000000000000 ) ) ;
#3707 = CARTESIAN_POINT ( 'NONE',  ( 7.574444140720586915, 4.530204414410714975, 39.55908100820916928 ) ) ;
#3708 = ORIENTED_EDGE ( 'NONE', *, *, #373, .T. ) ;
#3709 = ADVANCED_FACE ( 'NONE', ( #1615 ), #605, .F. ) ;
#3710 = DIRECTION ( 'NONE',  ( 0.0000000000000000000, 1.000000000000000000, 0.0000000000000000000 ) ) ;
#3711 = DIRECTION ( 'NONE',  ( -1.000000000000000000, 0.0000000000000000000, 0.0000000000000000000 ) ) ;
#3712 = ORIENTED_EDGE ( 'NONE', *, *, #2045, .F. ) ;
#3713 = AXIS2_PLACEMENT_3D ( 'NONE', #3301, #1438, #3620 ) ;
#3714 = VECTOR ( 'NONE', #2665, 1000.000000000000000 ) ;
#3715 = CIRCLE ( 'NONE', #2522, 0.5000000000000000000 ) ;
#3716 = CARTESIAN_POINT ( 'NONE',  ( 27.61378052206964284, -9.797729289241951633, 3.785753854269845231 ) ) ;
#3717 = CYLINDRICAL_SURFACE ( 'NONE', #486, 1.399999999999998579 ) ;
#3718 = EDGE_CURVE ( 'NONE', #94, #697, #91, .T. ) ;
#3719 = CARTESIAN_POINT ( 'NONE',  ( 9.613780522069646395, -31.79772928924194630, 44.78575385426984212 ) ) ;
#3720 = VERTEX_POINT ( 'NONE', #1506 ) ;
#3721 = CARTESIAN_POINT ( 'NONE',  ( 5.864550093574600886, 2.579064900979163522, 39.73783336672951094 ) ) ;
#3722 = FACE_OUTER_BOUND ( 'NONE', #3448, .T. ) ;
#3723 = DIRECTION ( 'NONE',  ( 0.0000000000000000000, 1.000000000000000000, 0.0000000000000000000 ) ) ;
#3724 = ORIENTED_EDGE ( 'NONE', *, *, #2070, .F. ) ;
#3725 = CARTESIAN_POINT ( 'NONE',  ( 30.61378052206964639, -9.797729289241951633, 9.785753854269843899 ) ) ;
#3726 = EDGE_CURVE ( 'NONE', #2543, #2093, #2288, .T. ) ;
#3727 = B_SPLINE_CURVE_WITH_KNOTS ( 'NONE', 3,
 ( #1388, #2021, #2038, #3466, #195, #506, #207, #1442, #221, #1753, #2023, #2996, #3911, #2328, #2646, #3939, #495, #3320, #2659, #520, #3629, #3900, #802, #2064, #2364, #2079, #2670, #3639, #232, #2957 ),
 .UNSPECIFIED., .F., .F.,
 ( 4, 2, 2, 2, 2, 2, 2, 2, 2, 2, 2, 2, 2, 2, 4 ),
 ( 3.496446946337351263E-18, 0.0003649883887052921927, 0.0007299767774105809159, 0.001094965166115869585, 0.001459953554821158362, 0.002189930332231727460, 0.002554918720937012118, 0.002919907109642296775, 0.003284895498347581433, 0.003649883887052866090, 0.004014872275758151615, 0.004379860664463435839, 0.004744849053168720930, 0.005109837441874006021, 0.005839814219284578806 ),
 .UNSPECIFIED. ) ;
#3728 = LINE ( 'NONE', #3020, #434 ) ;
#3729 = ORIENTED_EDGE ( 'NONE', *, *, #1555, .F. ) ;
#3730 = ADVANCED_FACE ( 'NONE', ( #1469 ), #1492, .F. ) ;
#3731 = FACE_OUTER_BOUND ( 'NONE', #630, .T. ) ;
#3732 = AXIS2_PLACEMENT_3D ( 'NONE', #993, #360, #2233 ) ;
#3733 = ORIENTED_EDGE ( 'NONE', *, *, #2089, .F. ) ;
#3734 = PERSON_AND_ORGANIZATION ( #12, #2690 ) ;
#3735 = CARTESIAN_POINT ( 'NONE',  ( 56.11378052206963929, -5.297729289241950745, 22.28575385426984568 ) ) ;
#3736 = DIRECTION ( 'NONE',  ( -0.7071067811865465735, -8.659560562354921765E-17, -0.7071067811865485719 ) ) ;
#3737 = VECTOR ( 'NONE', #1666, 1000.000000000000114 ) ;
#3738 = CARTESIAN_POINT ( 'NONE',  ( 59.61378052206962508, 8.202270710758053696, -0.2142461457301583772 ) ) ;
#3739 = CARTESIAN_POINT ( 'NONE',  ( 5.864343046591788955, -23.42047638910129592, 31.83360752089328827 ) ) ;
#3740 = AXIS2_PLACEMENT_3D ( 'NONE', #2224, #1897, #1914 ) ;
#3741 = FACE_OUTER_BOUND ( 'NONE', #3611, .T. ) ;
#3742 = ORIENTED_EDGE ( 'NONE', *, *, #3904, .T. ) ;
#3743 = EDGE_LOOP ( 'NONE', ( #2627, #1561, #1401, #3258 ) ) ;
#3744 = CARTESIAN_POINT ( 'NONE',  ( 9.613780522069646395, -27.79772928924194986, 4.285753854269845675 ) ) ;
#3745 = ORIENTED_EDGE ( 'NONE', *, *, #2321, .T. ) ;
#3746 = ORIENTED_EDGE ( 'NONE', *, *, #1119, .T. ) ;
#3747 = PLANE ( 'NONE',  #1725 ) ;
#3748 = CARTESIAN_POINT ( 'NONE',  ( 5.721549381366888731, -22.79772928924193920, 39.78575385426983502 ) ) ;
#3749 = ADVANCED_FACE ( 'NONE', ( #1085 ), #654, .F. ) ;
#3750 = EDGE_CURVE ( 'NONE', #564, #2660, #3270, .T. ) ;
#3751 = CARTESIAN_POINT ( 'NONE',  ( 10.11378052206964639, 8.202270710758053696, 4.285753854269845675 ) ) ;
#3752 = ORIENTED_EDGE ( 'NONE', *, *, #327, .T. ) ;
#3753 = CARTESIAN_POINT ( 'NONE',  ( 49.11378052206964639, -27.79772928924194630, 37.28575385426984212 ) ) ;
#3754 = EDGE_CURVE ( 'NONE', #1107, #3396, #33, .T. ) ;
#3755 = VERTEX_POINT ( 'NONE', #673 ) ;
#3756 = CARTESIAN_POINT ( 'NONE',  ( 6.617638359975470230, -9.196761854015530702, 30.97180389109756504 ) ) ;
#3757 = DIRECTION ( 'NONE',  ( 0.0000000000000000000, -0.0000000000000000000, 1.000000000000000000 ) ) ;
#3758 = DIRECTION ( 'NONE',  ( 1.000000000000000000, 0.0000000000000000000, -0.0000000000000000000 ) ) ;
#3759 = EDGE_LOOP ( 'NONE', ( #2908, #2231, #1841, #2074 ) ) ;
#3760 = PLANE ( 'NONE',  #142 ) ;
#3761 = DIRECTION ( 'NONE',  ( 0.0000000000000000000, 0.0000000000000000000, 1.000000000000000000 ) ) ;
#3762 = CARTESIAN_POINT ( 'NONE',  ( 60.11378052206964639, -11.79772928924194630, 28.78575385426983857 ) ) ;
#3763 = VECTOR ( 'NONE', #2842, 1000.000000000000000 ) ;
#3764 = ORIENTED_EDGE ( 'NONE', *, *, #3300, .T. ) ;
#3765 = DIRECTION ( 'NONE',  ( 0.0000000000000000000, 0.0000000000000000000, 1.000000000000000000 ) ) ;
#3766 = CARTESIAN_POINT ( 'NONE',  ( 30.11378052206963929, -52.79772928924194986, 18.03575385426984212 ) ) ;
#3767 = CIRCLE ( 'NONE', #3892, 1.399999999999998579 ) ;
#3768 = FACE_BOUND ( 'NONE', #3001, .T. ) ;
#3769 = ADVANCED_FACE ( 'NONE', ( #2098 ), #1419, .F. ) ;
#3770 = CARTESIAN_POINT ( 'NONE',  ( 3.013780522069651191, -9.554462395170109090, 30.93575385426983360 ) ) ;
#3771 = DIRECTION ( 'NONE',  ( 0.0000000000000000000, 1.000000000000000000, 0.0000000000000000000 ) ) ;
#3772 = CIRCLE ( 'NONE', #365, 1.449999999999999956 ) ;
#3773 = EDGE_LOOP ( 'NONE', ( #475, #1709 ) ) ;
#3774 = DIRECTION ( 'NONE',  ( 1.000000000000000000, 0.0000000000000000000, -0.0000000000000000000 ) ) ;
#3775 = EDGE_CURVE ( 'NONE', #579, #3845, #3818, .T. ) ;
#3776 = CARTESIAN_POINT ( 'NONE',  ( 60.11378052206964639, -18.29772928924194275, 20.88575385426984710 ) ) ;
#3777 = CONICAL_SURFACE ( 'NONE', #2237, 1.399999999999995914, 0.7853981633974537191 ) ;
#3778 = CARTESIAN_POINT ( 'NONE',  ( 0.6137805220696666009, -31.79772928924194630, 0.2857538542698628836 ) ) ;
#3779 = VERTEX_POINT ( 'NONE', #3744 ) ;
#3780 = CARTESIAN_POINT ( 'NONE',  ( 2.613780522069633516, -1.797729289241947637, 42.28575385426981370 ) ) ;
#3781 = LINE ( 'NONE', #2819, #1813 ) ;
#3782 = DIRECTION ( 'NONE',  ( 0.0000000000000000000, 0.0000000000000000000, -1.000000000000000000 ) ) ;
#3783 = EDGE_CURVE ( 'NONE', #2805, #691, #1621, .T. ) ;
#3784 = ORIENTED_EDGE ( 'NONE', *, *, #3455, .F. ) ;
#3785 = COORDINATED_UNIVERSAL_TIME_OFFSET ( 0, 0, .AHEAD. ) ;
#3786 = FACE_OUTER_BOUND ( 'NONE', #2138, .T. ) ;
#3787 = CARTESIAN_POINT ( 'NONE',  ( 3.733989916365400674, -8.327880855499083523, 31.16330833020293767 ) ) ;
#3788 = DIRECTION ( 'NONE',  ( 1.000000000000000000, 0.0000000000000000000, -2.569960705150824905E-16 ) ) ;
#3789 = AXIS2_PLACEMENT_3D ( 'NONE', #617, #921, #3083 ) ;
#3790 = FACE_BOUND ( 'NONE', #3213, .T. ) ;
#3791 = DIRECTION ( 'NONE',  ( 0.0000000000000000000, 0.0000000000000000000, -1.000000000000000000 ) ) ;
#3792 = DIRECTION ( 'NONE',  ( 0.0000000000000000000, -1.000000000000000000, 0.0000000000000000000 ) ) ;
#3793 = CARTESIAN_POINT ( 'NONE',  ( 24.11378052206964639, -16.29772928924195341, 40.78575385426984212 ) ) ;
#3794 = ADVANCED_FACE ( 'NONE', ( #2378 ), #1272, .T. ) ;
#3795 = CYLINDRICAL_SURFACE ( 'NONE', #1839, 3.000000000000002665 ) ;
#3796 = EDGE_LOOP ( 'NONE', ( #3210, #2462 ) ) ;
#3797 = DIRECTION ( 'NONE',  ( 0.0000000000000000000, 1.000000000000000000, 0.0000000000000000000 ) ) ;
#3798 = CC_DESIGN_DATE_AND_TIME_ASSIGNMENT ( #388, #2343, ( #3287 ) ) ;
#3799 = CARTESIAN_POINT ( 'NONE',  ( 6.067263877117603954, -23.72339030963421536, 31.89376147720048138 ) ) ;
#3800 = AXIS2_PLACEMENT_3D ( 'NONE', #568, #238, #554 ) ;
#3801 = ORIENTED_EDGE ( 'NONE', *, *, #70, .F. ) ;
#3802 = ORIENTED_EDGE ( 'NONE', *, *, #1607, .F. ) ;
#3803 = CARTESIAN_POINT ( 'NONE',  ( 60.11378052206964639, 8.202270710758053696, 3.785753854269845231 ) ) ;
#3804 = ORIENTED_EDGE ( 'NONE', *, *, #498, .T. ) ;
#3805 = CARTESIAN_POINT ( 'NONE',  ( 0.6137805220696666009, 8.202270710758053696, -0.2142461457301583772 ) ) ;
#3806 = CARTESIAN_POINT ( 'NONE',  ( 17.61378052206964639, -9.797729289241951633, -18.21424614573016143 ) ) ;
#3807 = CARTESIAN_POINT ( 'NONE',  ( 24.11378052206964639, -16.29772928924195341, 42.28575385426983502 ) ) ;
#3808 = VERTEX_POINT ( 'NONE', #3421 ) ;
#3809 = EDGE_CURVE ( 'NONE', #546, #691, #1325, .T. ) ;
#3810 = ORIENTED_EDGE ( 'NONE', *, *, #3699, .T. ) ;
#3811 = AXIS2_PLACEMENT_3D ( 'NONE', #1780, #2438, #1184 ) ;
#3812 = ADVANCED_FACE ( 'NONE', ( #511, #275, #3768, #3368, #1569 ), #3462, .T. ) ;
#3813 = DIRECTION ( 'NONE',  ( 0.0000000000000000000, 0.0000000000000000000, 1.000000000000000000 ) ) ;
#3814 = ORIENTED_EDGE ( 'NONE', *, *, #225, .F. ) ;
#3815 = DIRECTION ( 'NONE',  ( 0.0000000000000000000, 0.0000000000000000000, -1.000000000000000000 ) ) ;
#3816 = CARTESIAN_POINT ( 'NONE',  ( 6.713780522069647816, -9.797729289241948081, 44.78575385426984212 ) ) ;
#3817 = FACE_BOUND ( 'NONE', #3582, .T. ) ;
#3818 = CIRCLE ( 'NONE', #2311, 2.900000000000013678 ) ;
#3819 = DIRECTION ( 'NONE',  ( 0.0000000000000000000, 1.000000000000000000, 0.0000000000000000000 ) ) ;
#3820 = CARTESIAN_POINT ( 'NONE',  ( 60.11378052206964639, -5.297729289241950745, 22.28575385426984568 ) ) ;
#3821 = AXIS2_PLACEMENT_3D ( 'NONE', #3807, #3529, #2872 ) ;
#3822 = AXIS2_PLACEMENT_3D ( 'NONE', #2968, #1730, #814 ) ;
#3823 = DIRECTION ( 'NONE',  ( 0.0000000000000000000, 1.000000000000000000, 0.0000000000000000000 ) ) ;
#3824 = EDGE_LOOP ( 'NONE', ( #1701, #926, #1509, #251 ) ) ;
#3825 = VECTOR ( 'NONE', #3511, 1000.000000000000114 ) ;
#3826 = ORIENTED_EDGE ( 'NONE', *, *, #1739, .F. ) ;
#3827 = CARTESIAN_POINT ( 'NONE',  ( 4.380613809020976746, -8.007806366507624674, 31.27805589767280381 ) ) ;
#3828 = VECTOR ( 'NONE', #1996, 1000.000000000000000 ) ;
#3829 = ORIENTED_EDGE ( 'NONE', *, *, #3433, .T. ) ;
#3830 = EDGE_CURVE ( 'NONE', #1331, #175, #563, .T. ) ;
#3831 = CARTESIAN_POINT ( 'NONE',  ( 0.6137805220696666009, -31.29772928924192499, 44.78575385426984212 ) ) ;
#3832 = CARTESIAN_POINT ( 'NONE',  ( 9.613780522069646395, -22.79772928924194630, 39.78575385426984212 ) ) ;
#3833 = CARTESIAN_POINT ( 'NONE',  ( 24.11378052206964639, -9.797729289241951633, 47.78575385426984212 ) ) ;
#3834 = CIRCLE ( 'NONE', #1694, 2.899999999999992806 ) ;
#3835 = ORIENTED_EDGE ( 'NONE', *, *, #3647, .T. ) ;
#3836 = DIRECTION ( 'NONE',  ( -0.0000000000000000000, -1.000000000000000000, -0.0000000000000000000 ) ) ;
#3837 = CARTESIAN_POINT ( 'NONE',  ( 30.61378052206964639, -9.797729289241951633, 42.28575385426982791 ) ) ;
#3838 = FACE_OUTER_BOUND ( 'NONE', #3149, .T. ) ;
#3839 = EDGE_CURVE ( 'NONE', #1072, #3453, #3015, .T. ) ;
#3840 = CARTESIAN_POINT ( 'NONE',  ( 32.01378052206964497, -9.797729289241951633, 47.78575385426984212 ) ) ;
#3841 = VECTOR ( 'NONE', #2294, 1000.000000000000000 ) ;
#3842 = DIRECTION ( 'NONE',  ( 0.0000000000000000000, 0.0000000000000000000, -1.000000000000000000 ) ) ;
#3843 = ORIENTED_EDGE ( 'NONE', *, *, #3329, .T. ) ;
#3844 = CARTESIAN_POINT ( 'NONE',  ( 40.11378052206964639, -27.79772928924194630, 31.78575385426984212 ) ) ;
#3845 = VERTEX_POINT ( 'NONE', #1910 ) ;
#3846 = CARTESIAN_POINT ( 'NONE',  ( 0.3637805220696593844, -31.54772928924193209, 44.28575385426982081 ) ) ;
#3847 = ORIENTED_EDGE ( 'NONE', *, *, #1735, .F. ) ;
#3848 = DIRECTION ( 'NONE',  ( -1.000000000000000000, 0.0000000000000000000, 0.0000000000000000000 ) ) ;
#3849 = ORIENTED_EDGE ( 'NONE', *, *, #3959, .F. ) ;
#3850 = CARTESIAN_POINT ( 'NONE',  ( 60.11378052206964639, -31.79772928924194630, 38.78575385426984212 ) ) ;
#3851 = ORIENTED_EDGE ( 'NONE', *, *, #551, .T. ) ;
#3852 = CARTESIAN_POINT ( 'NONE',  ( 7.306573731991480969, -21.40696995184068641, 39.53624158039993119 ) ) ;
#3853 = EDGE_CURVE ( 'NONE', #2675, #1032, #4010, .T. ) ;
#3854 = EDGE_LOOP ( 'NONE', ( #3535, #2250, #1478, #2905 ) ) ;
#3855 = CARTESIAN_POINT ( 'NONE',  ( 10.02154938136689388, 3.202270710758043037, 44.78575385426984212 ) ) ;
#3856 = DIRECTION ( 'NONE',  ( 0.5773502691896258421, -0.5773502691896258421, -0.5773502691896258421 ) ) ;
#3857 = CARTESIAN_POINT ( 'NONE',  ( 13.11378052206964284, -27.79772928924194630, 31.78575385426984923 ) ) ;
#3858 = EDGE_CURVE ( 'NONE', #1290, #1014, #2193, .T. ) ;
#3859 = ORIENTED_EDGE ( 'NONE', *, *, #3109, .F. ) ;
#3860 = CARTESIAN_POINT ( 'NONE',  ( 8.449183975597721385, 2.748597838465695720, 31.81064393389131695 ) ) ;
#3861 = CARTESIAN_POINT ( 'NONE',  ( 5.721549381366891396, -22.79772928924193920, 15.78575385426982791 ) ) ;
#3862 = VECTOR ( 'NONE', #2628, 1000.000000000000000 ) ;
#3863 = VERTEX_POINT ( 'NONE', #2837 ) ;
#3864 = AXIS2_PLACEMENT_3D ( 'NONE', #3554, #1328, #454 ) ;
#3865 = DIRECTION ( 'NONE',  ( 0.0000000000000000000, 0.0000000000000000000, -1.000000000000000000 ) ) ;
#3866 = CARTESIAN_POINT ( 'NONE',  ( 56.11378052206963929, -11.79772928924194630, 28.78575385426983857 ) ) ;
#3867 = LINE ( 'NONE', #2377, #3268 ) ;
#3868 = VECTOR ( 'NONE', #976, 1000.000000000000000 ) ;
#3869 = ORIENTED_EDGE ( 'NONE', *, *, #1164, .T. ) ;
#3870 = CIRCLE ( 'NONE', #3012, 4.000000000000003553 ) ;
#3871 = ORIENTED_EDGE ( 'NONE', *, *, #3027, .F. ) ;
#3872 = CC_DESIGN_APPROVAL ( #2653, ( #2807 ) ) ;
#3873 = CIRCLE ( 'NONE', #1029, 1.399999999999995026 ) ;
#3874 = CARTESIAN_POINT ( 'NONE',  ( 32.01378052206964497, -9.797729289241951633, 42.28575385426982791 ) ) ;
#3875 = ORIENTED_EDGE ( 'NONE', *, *, #2120, .F. ) ;
#3876 = EDGE_CURVE ( 'NONE', #1728, #919, #2332, .T. ) ;
#3877 = FACE_OUTER_BOUND ( 'NONE', #259, .T. ) ;
#3878 = ORIENTED_EDGE ( 'NONE', *, *, #1911, .T. ) ;
#3879 = APPROVAL_STATUS ( 'not_yet_approved' ) ;
#3880 = CARTESIAN_POINT ( 'NONE',  ( 60.11378052206964639, -11.79772928924194630, 30.18575385426983715 ) ) ;
#3881 = VECTOR ( 'NONE', #1485, 1000.000000000000000 ) ;
#3882 = EDGE_CURVE ( 'NONE', #3940, #490, #702, .T. ) ;
#3883 = CARTESIAN_POINT ( 'NONE',  ( 40.11378052206963929, -31.79772928924194630, 31.78575385426984212 ) ) ;
#3884 = CYLINDRICAL_SURFACE ( 'NONE', #1718, 1.399999999999998579 ) ;
#3885 = CARTESIAN_POINT ( 'NONE',  ( 11.11378052206964107, -31.79772928924194630, 7.285753854269841234 ) ) ;
#3886 = EDGE_CURVE ( 'NONE', #3480, #1399, #1369, .T. ) ;
#3887 = LINE ( 'NONE', #1221, #2308 ) ;
#3888 = ORIENTED_EDGE ( 'NONE', *, *, #41, .T. ) ;
#3889 = CARTESIAN_POINT ( 'NONE',  ( 5.721549381366888731, -22.79772928924193920, 39.78575385426983502 ) ) ;
#3890 = EDGE_LOOP ( 'NONE', ( #1140, #1310, #2897, #1690 ) ) ;
#3891 = ORIENTED_EDGE ( 'NONE', *, *, #2921, .T. ) ;
#3892 = AXIS2_PLACEMENT_3D ( 'NONE', #2827, #1277, #2465 ) ;
#3893 = AXIS2_PLACEMENT_3D ( 'NONE', #597, #2747, #3706 ) ;
#3894 = DIRECTION ( 'NONE',  ( 0.0000000000000000000, 0.0000000000000000000, -1.000000000000000000 ) ) ;
#3895 = ORIENTED_EDGE ( 'NONE', *, *, #32, .T. ) ;
#3896 = CARTESIAN_POINT ( 'NONE',  ( 22.11378052206963574, 3.202270710758049699, 31.78575385426983502 ) ) ;
#3897 = DIRECTION ( 'NONE',  ( 0.0000000000000000000, 0.0000000000000000000, 1.000000000000000000 ) ) ;
#3898 = DIRECTION ( 'NONE',  ( 0.0000000000000000000, 0.0000000000000000000, 1.000000000000000000 ) ) ;
#3899 = ORIENTED_EDGE ( 'NONE', *, *, #225, .T. ) ;
#3900 = CARTESIAN_POINT ( 'NONE',  ( 5.993571127773900997, -8.327880855499081747, 40.40819937833674658 ) ) ;
#3901 = CARTESIAN_POINT ( 'NONE',  ( 8.521549381366883225, -22.79772928924194630, 39.78575385426984212 ) ) ;
#3902 = ORIENTED_EDGE ( 'NONE', *, *, #551, .F. ) ;
#3903 = APPLICATION_CONTEXT ( 'configuration controlled 3d designs of mechanical parts and assemblies' ) ;
#3904 = EDGE_CURVE ( 'NONE', #1188, #94, #3715, .T. ) ;
#3905 = ORIENTED_EDGE ( 'NONE', *, *, #631, .F. ) ;
#3906 = DIRECTION ( 'NONE',  ( 0.0000000000000000000, -1.000000000000000000, -0.0000000000000000000 ) ) ;
#3907 = EDGE_CURVE ( 'NONE', #729, #1167, #2922, .T. ) ;
#3908 = CIRCLE ( 'NONE', #2625, 1.399999999999995914 ) ;
#3909 = VECTOR ( 'NONE', #3842, 1000.000000000000000 ) ;
#3910 = DIRECTION ( 'NONE',  ( -0.7071067811865513475, 0.0000000000000000000, 0.7071067811865436870 ) ) ;
#3911 = CARTESIAN_POINT ( 'NONE',  ( 4.380544654849431119, -8.007790616287929097, 40.29344599636080204 ) ) ;
#3912 = CIRCLE ( 'NONE', #2961, 4.000000000000003553 ) ;
#3913 = AXIS2_PLACEMENT_3D ( 'NONE', #3512, #1653, #443 ) ;
#3914 = ORIENTED_EDGE ( 'NONE', *, *, #685, .T. ) ;
#3915 = VECTOR ( 'NONE', #1637, 1000.000000000000114 ) ;
#3916 = ORIENTED_EDGE ( 'NONE', *, *, #3520, .F. ) ;
#3917 = CARTESIAN_POINT ( 'NONE',  ( 11.11378052206964107, -31.79772928924194630, 7.285753854269841234 ) ) ;
#3918 = CIRCLE ( 'NONE', #2932, 1.400000000000001910 ) ;
#3919 = AXIS2_PLACEMENT_3D ( 'NONE', #489, #3609, #500 ) ;
#3920 = ORIENTED_EDGE ( 'NONE', *, *, #2095, .F. ) ;
#3921 = CARTESIAN_POINT ( 'NONE',  ( 56.11378052206963929, -5.297729289241950745, 22.28575385426984568 ) ) ;
#3922 = CARTESIAN_POINT ( 'NONE',  ( 6.936525030742298092, -21.40696995184068996, 32.03526612813976726 ) ) ;
#3923 = CIRCLE ( 'NONE', #3358, 1.399999999999998579 ) ;
#3924 = CARTESIAN_POINT ( 'NONE',  ( 5.721549381366888731, 3.202270710758043037, 39.78575385426984212 ) ) ;
#3925 = VERTEX_POINT ( 'NONE', #2909 ) ;
#3926 = EDGE_CURVE ( 'NONE', #2167, #3661, #2630, .T. ) ;
#3927 = VECTOR ( 'NONE', #984, 1000.000000000000000 ) ;
#3928 = PERSON_AND_ORGANIZATION_ROLE ( 'design_supplier' ) ;
#3929 = CARTESIAN_POINT ( 'NONE',  ( 3.933780352786510726, -11.40144923861786985, 31.20803491917818562 ) ) ;
#3930 = CIRCLE ( 'NONE', #3255, 3.000000000000002665 ) ;
#3931 = EDGE_CURVE ( 'NONE', #969, #2010, #3266, .T. ) ;
#3932 = DIRECTION ( 'NONE',  ( 0.0000000000000000000, 1.000000000000000000, 0.0000000000000000000 ) ) ;
#3933 = ORIENTED_EDGE ( 'NONE', *, *, #1993, .F. ) ;
#3934 = CARTESIAN_POINT ( 'NONE',  ( 7.829085418393382234, -24.01971033154544699, 39.59525992066019029 ) ) ;
#3935 = ORIENTED_EDGE ( 'NONE', *, *, #2848, .T. ) ;
#3936 = ORIENTED_EDGE ( 'NONE', *, *, #3192, .T. ) ;
#3937 = CARTESIAN_POINT ( 'NONE',  ( 21.11378052206964284, -16.29772928924195341, 3.785753854269845231 ) ) ;
#3938 = AXIS2_PLACEMENT_3D ( 'NONE', #1063, #1076, #2898 ) ;
#3939 = CARTESIAN_POINT ( 'NONE',  ( 4.984722154529533711, -7.947659910699636399, 40.26902758004904825 ) ) ;
#3940 = VERTEX_POINT ( 'NONE', #1965 ) ;
#3941 = CARTESIAN_POINT ( 'NONE',  ( 5.353701885037875918, -11.59792912511466589, 31.28112899661540069 ) ) ;
#3942 = ORIENTED_EDGE ( 'NONE', *, *, #3508, .T. ) ;
#3943 = AXIS2_PLACEMENT_3D ( 'NONE', #533, #1105, #3602 ) ;
#3944 = CARTESIAN_POINT ( 'NONE',  ( 8.239139811427520499, 4.064703600610782175, 31.87760044664846859 ) ) ;
#3945 = CARTESIAN_POINT ( 'NONE',  ( 5.730785216026998086, -22.98258101870627002, 39.78249502797930148 ) ) ;
#3946 = CARTESIAN_POINT ( 'NONE',  ( 2.613780522069633516, -1.797729289241947637, 42.28575385426981370 ) ) ;
#3947 = EDGE_LOOP ( 'NONE', ( #1143, #1681, #1455, #662 ) ) ;
#3948 = CARTESIAN_POINT ( 'NONE',  ( 24.11378052206964639, -16.29772928924195341, 47.78575385426984212 ) ) ;
#3949 = VERTEX_POINT ( 'NONE', #136 ) ;
#3950 = DIRECTION ( 'NONE',  ( 0.0000000000000000000, 0.0000000000000000000, 1.000000000000000000 ) ) ;
#3951 = LINE ( 'NONE', #868, #181 ) ;
#3952 = EDGE_CURVE ( 'NONE', #3494, #2801, #1275, .T. ) ;
#3953 = ORIENTED_EDGE ( 'NONE', *, *, #1068, .F. ) ;
#3954 = DIRECTION ( 'NONE',  ( 0.0000000000000000000, 0.0000000000000000000, -1.000000000000000000 ) ) ;
#3955 = CYLINDRICAL_SURFACE ( 'NONE', #616, 1.399999999999998579 ) ;
#3956 = VECTOR ( 'NONE', #1177, 1000.000000000000000 ) ;
#3957 = DIRECTION ( 'NONE',  ( -1.000000000000000000, 0.0000000000000000000, 0.0000000000000000000 ) ) ;
#3958 = EDGE_LOOP ( 'NONE', ( #333, #1079, #3690, #1161 ) ) ;
#3959 = EDGE_CURVE ( 'NONE', #2055, #1728, #2072, .T. ) ;
#3960 = LINE ( 'NONE', #442, #2975 ) ;
#3961 = DIRECTION ( 'NONE',  ( 0.0000000000000000000, -1.000000000000000000, -0.0000000000000000000 ) ) ;
#3962 = ORIENTED_EDGE ( 'NONE', *, *, #2740, .F. ) ;
#3963 = DIRECTION ( 'NONE',  ( 1.000000000000000000, 0.0000000000000000000, -0.0000000000000000000 ) ) ;
#3964 = VECTOR ( 'NONE', #1551, 1000.000000000000000 ) ;
#3965 = DIRECTION ( 'NONE',  ( 0.0000000000000000000, 0.0000000000000000000, -1.000000000000000000 ) ) ;
#3966 = ORIENTED_EDGE ( 'NONE', *, *, #2695, .T. ) ;
#3967 = AXIS2_PLACEMENT_3D ( 'NONE', #1384, #203, #1397 ) ;
#3968 = DIRECTION ( 'NONE',  ( 0.7071067811865475727, 0.0000000000000000000, -0.7071067811865475727 ) ) ;
#3969 = CYLINDRICAL_SURFACE ( 'NONE', #466, 1.399999999999991473 ) ;
#3970 = ORIENTED_EDGE ( 'NONE', *, *, #70, .T. ) ;
#3971 = DATE_AND_TIME ( #3583, #1054 ) ;
#3972 = ADVANCED_FACE ( 'NONE', ( #1247 ), #2011, .F. ) ;
#3973 = DIRECTION ( 'NONE',  ( 1.000000000000000000, 0.0000000000000000000, 0.0000000000000000000 ) ) ;
#3974 = CARTESIAN_POINT ( 'NONE',  ( 7.574293341113484956, -24.12569168885010384, 39.55906929292993368 ) ) ;
#3975 = FACE_OUTER_BOUND ( 'NONE', #2671, .T. ) ;
#3976 = CARTESIAN_POINT ( 'NONE',  ( 30.11378052206963929, -31.79772928924194630, 18.03575385426984212 ) ) ;
#3977 = EDGE_LOOP ( 'NONE', ( #3249, #364, #583, #2313 ) ) ;
#3978 = CARTESIAN_POINT ( 'NONE',  ( 8.484236446696121092, 3.571598887642055242, 39.77229636592343809 ) ) ;
#3979 = VECTOR ( 'NONE', #3836, 1000.000000000000000 ) ;
#3980 = EDGE_CURVE ( 'NONE', #1927, #2456, #444, .T. ) ;
#3981 = DIRECTION ( 'NONE',  ( -1.000000000000000000, 0.0000000000000000000, 0.0000000000000000000 ) ) ;
#3982 = DIRECTION ( 'NONE',  ( -1.000000000000000000, 0.0000000000000000000, 0.0000000000000000000 ) ) ;
#3983 = LINE ( 'NONE', #3176, #1064 ) ;
#3984 = VERTEX_POINT ( 'NONE', #1350 ) ;
#3985 = EDGE_CURVE ( 'NONE', #2524, #2360, #2741, .T. ) ;
#3986 = DIRECTION ( 'NONE',  ( 0.0000000000000000000, 1.000000000000000000, 0.0000000000000000000 ) ) ;
#3987 = ORIENTED_EDGE ( 'NONE', *, *, #709, .T. ) ;
#3988 = CARTESIAN_POINT ( 'NONE',  ( 30.61378052206964639, -9.797729289241951633, -0.2142461457301583772 ) ) ;
#3989 = ORIENTED_EDGE ( 'NONE', *, *, #1808, .T. ) ;
#3990 = EDGE_LOOP ( 'NONE', ( #894, #2818, #1386, #1605 ) ) ;
#3991 = DIRECTION ( 'NONE',  ( 0.0000000000000000000, -1.000000000000000000, 0.0000000000000000000 ) ) ;
#3992 = AXIS2_PLACEMENT_3D ( 'NONE', #3290, #3304, #4023 ) ;
#3993 = CARTESIAN_POINT ( 'NONE',  ( 5.793914787136055011, 2.748597838465699272, 39.76086377464836374 ) ) ;
#3994 = ADVANCED_FACE ( 'NONE', ( #3426 ), #2561, .F. ) ;
#3995 = CARTESIAN_POINT ( 'NONE',  ( 0.1137805220696452846, -9.797729289241948081, 35.78575385426984212 ) ) ;
#3996 = ORIENTED_EDGE ( 'NONE', *, *, #950, .F. ) ;
#3997 = CARTESIAN_POINT ( 'NONE',  ( 30.61378052206964639, -9.797729289241951633, 47.78575385426984212 ) ) ;
#3998 = CC_DESIGN_PERSON_AND_ORGANIZATION_ASSIGNMENT ( #1816, #485, ( #2807 ) ) ;
#3999 = AXIS2_PLACEMENT_3D ( 'NONE', #1407, #2323, #2059 ) ;
#4000 = ORIENTED_EDGE ( 'NONE', *, *, #3135, .T. ) ;
#4001 = DIRECTION ( 'NONE',  ( 0.0000000000000000000, 0.0000000000000000000, -1.000000000000000000 ) ) ;
#4002 = CARTESIAN_POINT ( 'NONE',  ( 56.11378052206963929, -18.29772928924194275, 22.28575385426984568 ) ) ;
#4003 = CARTESIAN_POINT ( 'NONE',  ( 0.1137805220696452846, 3.202270710758049699, 35.78575385426984212 ) ) ;
#4004 = ORIENTED_EDGE ( 'NONE', *, *, #3886, .T. ) ;
#4005 = EDGE_CURVE ( 'NONE', #3373, #969, #3621, .T. ) ;
#4006 = DIRECTION ( 'NONE',  ( 0.0000000000000000000, 0.0000000000000000000, -1.000000000000000000 ) ) ;
#4007 = CARTESIAN_POINT ( 'NONE',  ( 5.907584071001174664, 2.499026786266563160, 39.72420271728854857 ) ) ;
#4008 = DIRECTION ( 'NONE',  ( 0.0000000000000000000, 0.0000000000000000000, 1.000000000000000000 ) ) ;
#4009 = LINE ( 'NONE', #548, #1714 ) ;
#4010 = CIRCLE ( 'NONE', #1487, 2.899999999999992806 ) ;
#4011 = CARTESIAN_POINT ( 'NONE',  ( 0.1137805220696452846, -31.29772928924192499, 44.28575385426982081 ) ) ;
#4012 = EDGE_CURVE ( 'NONE', #371, #3720, #27, .T. ) ;
#4013 = FACE_OUTER_BOUND ( 'NONE', #3049, .T. ) ;
#4014 = ORIENTED_EDGE ( 'NONE', *, *, #2907, .F. ) ;
#4015 = ADVANCED_FACE ( 'NONE', ( #236 ), #3777, .F. ) ;
#4016 = CARTESIAN_POINT ( 'NONE',  ( 5.347016389289871441, -8.007790616287930874, 31.27806171217888931 ) ) ;
#4017 = FACE_OUTER_BOUND ( 'NONE', #182, .T. ) ;
#4018 = AXIS2_PLACEMENT_3D ( 'NONE', #3666, #3981, #2752 ) ;
#4019 = EDGE_LOOP ( 'NONE', ( #353, #791, #636, #1222 ) ) ;
#4020 = DIRECTION ( 'NONE',  ( 0.0000000000000000000, 0.0000000000000000000, -1.000000000000000000 ) ) ;
#4021 = CARTESIAN_POINT ( 'NONE',  ( 0.6137805220696666009, -31.79772928924194630, 44.78575385426984212 ) ) ;
#4022 = CIRCLE ( 'NONE', #2809, 1.399999999999998579 ) ;
#4023 = DIRECTION ( 'NONE',  ( 1.000000000000000000, 0.0000000000000000000, 0.0000000000000000000 ) ) ;
#4024 = CARTESIAN_POINT ( 'NONE',  ( 7.486788801333366550, 4.556909301303641691, 39.54943875173746193 ) ) ;
#4025 = ORIENTED_EDGE ( 'NONE', *, *, #1244, .F. ) ;
#4026 = CARTESIAN_POINT ( 'NONE',  ( 60.11378052206964639, -11.79772928924194630, 27.38575385426983999 ) ) ;
#4027 = FACE_BOUND ( 'NONE', #3773, .T. ) ;
#4028 = AXIS2_PLACEMENT_3D ( 'NONE', #2318, #2305, #2012 ) ;
#4029 = FACE_BOUND ( 'NONE', #2508, .T. ) ;
#4030 = CARTESIAN_POINT ( 'NONE',  ( 6.524278660608135105, -8.973153576710636514, 31.00502681746545619 ) ) ;
ENDSEC;
END-ISO-10303-21;
