ISO-10303-21;
HEADER;
FILE_DESCRIPTION (( 'STEP AP203' ),
    '1' );
FILE_NAME ('ISO - Rack-spur - rectangular 1.5M 20PA 16FW 10PH 30L---SAll.STEP',
    '2019-12-12T17:08:46',
    ( '' ),
    ( '' ),
    'SwSTEP 2.0',
    'SolidWorks 2018',
    '' );
FILE_SCHEMA (( 'CONFIG_CONTROL_DESIGN' ));
ENDSEC;

DATA;
#1 = CARTESIAN_POINT ( 'NONE',  ( 30.00000000000000000, 0.0000000000000000000, -2.500000000000000444 ) ) ;
#2 = VECTOR ( 'NONE', #254, 1000.000000000000000 ) ;
#3 = ORIENTED_EDGE ( 'NONE', *, *, #33, .T. ) ;
#4 = CARTESIAN_POINT ( 'NONE',  ( 0.0000000000000000000, 8.125000000000000000, 0.0000000000000000000 ) ) ;
#5 = CIRCLE ( 'NONE', #1375, 0.9500000000000002887 ) ;
#6 = ORIENTED_EDGE ( 'NONE', *, *, #1140, .T. ) ;
#7 = EDGE_LOOP ( 'NONE', ( #1364, #844, #1412, #1572 ) ) ;
#8 = APPROVAL_STATUS ( 'not_yet_approved' ) ;
#9 = ORIENTED_EDGE ( 'NONE', *, *, #1681, .T. ) ;
#10 = CARTESIAN_POINT ( 'NONE',  ( 0.0000000000000000000, 11.50000000000000000, -16.00000000000000000 ) ) ;
#11 = VERTEX_POINT ( 'NONE', #856 ) ;
#12 = DIRECTION ( 'NONE',  ( -0.9396926207859105373, 0.3420201433256628287, 0.0000000000000000000 ) ) ;
#13 = EDGE_CURVE ( 'NONE', #908, #1722, #182, .T. ) ;
#14 = ORIENTED_EDGE ( 'NONE', *, *, #1297, .F. ) ;
#15 = CARTESIAN_POINT ( 'NONE',  ( 18.30132369774671020, 8.125000000000000000, 0.0000000000000000000 ) ) ;
#16 = AXIS2_PLACEMENT_3D ( 'NONE', #901, #484, #771 ) ;
#17 = CARTESIAN_POINT ( 'NONE',  ( 26.50000000000000000, 2.500000000000000000, -13.50000000000000000 ) ) ;
#18 = CARTESIAN_POINT ( 'NONE',  ( 22.94015449773448623, 0.0000000000000000000, -13.50000000000000000 ) ) ;
#19 = EDGE_CURVE ( 'NONE', #1349, #1322, #1120, .T. ) ;
#20 = DIRECTION ( 'NONE',  ( 0.0000000000000000000, 0.0000000000000000000, -1.000000000000000000 ) ) ;
#21 = CARTESIAN_POINT ( 'NONE',  ( 23.01371369774670583, 8.125000000000000000, -16.00000000000000000 ) ) ;
#22 = PERSON_AND_ORGANIZATION ( #1360, #177 ) ;
#23 = VERTEX_POINT ( 'NONE', #583 ) ;
#24 = EDGE_CURVE ( 'NONE', #1808, #1211, #163, .T. ) ;
#25 = APPROVAL_ROLE ( '' ) ;
#26 = FACE_BOUND ( 'NONE', #440, .T. ) ;
#27 = CIRCLE ( 'NONE', #1453, 2.600000000000000089 ) ;
#28 = VERTEX_POINT ( 'NONE', #155 ) ;
#29 = VECTOR ( 'NONE', #1533, 1000.000000000000000 ) ;
#30 = CIRCLE ( 'NONE', #886, 0.9500000000000002887 ) ;
#31 = ORIENTED_EDGE ( 'NONE', *, *, #338, .T. ) ;
#32 = VERTEX_POINT ( 'NONE', #166 ) ;
#33 = EDGE_CURVE ( 'NONE', #892, #1705, #335, .T. ) ;
#34 = VERTEX_POINT ( 'NONE', #569 ) ;
#35 = CARTESIAN_POINT ( 'NONE',  ( 20.62619481790170184, 11.50000000000000000, 0.0000000000000000000 ) ) ;
#36 = DIRECTION ( 'NONE',  ( -1.000000000000000000, -0.0000000000000000000, -0.0000000000000000000 ) ) ;
#37 = DIRECTION ( 'NONE',  ( 1.000000000000000000, -0.0000000000000000000, -0.0000000000000000000 ) ) ;
#38 = APPROVAL_PERSON_ORGANIZATION ( #479, #657, #129 ) ;
#39 = DIRECTION ( 'NONE',  ( -0.3420201433256628287, 0.9396926207859105373, 0.0000000000000000000 ) ) ;
#40 = FACE_OUTER_BOUND ( 'NONE', #612, .T. ) ;
#41 = LINE ( 'NONE', #1083, #951 ) ;
#42 = AXIS2_PLACEMENT_3D ( 'NONE', #451, #173, #1175 ) ;
#43 = ORIENTED_EDGE ( 'NONE', *, *, #1492, .T. ) ;
#44 = CARTESIAN_POINT ( 'NONE',  ( 3.499999999999999556, 2.500000000000000444, -2.499999999999998668 ) ) ;
#45 = CYLINDRICAL_SURFACE ( 'NONE', #1106, 1.399999999999998579 ) ;
#46 = FACE_BOUND ( 'NONE', #1022, .T. ) ;
#47 = ORIENTED_EDGE ( 'NONE', *, *, #1328, .T. ) ;
#48 = ORIENTED_EDGE ( 'NONE', *, *, #1399, .T. ) ;
#49 = ORIENTED_EDGE ( 'NONE', *, *, #1521, .T. ) ;
#50 = DIRECTION ( 'NONE',  ( -1.000000000000000000, 0.0000000000000000000, 0.0000000000000000000 ) ) ;
#51 = VERTEX_POINT ( 'NONE', #1573 ) ;
#52 = ORIENTED_EDGE ( 'NONE', *, *, #1575, .F. ) ;
#53 = EDGE_CURVE ( 'NONE', #516, #90, #1490, .T. ) ;
#54 = CARTESIAN_POINT ( 'NONE',  ( 3.499999999999999556, 2.500000000000000444, 0.0000000000000000000 ) ) ;
#55 = CARTESIAN_POINT ( 'NONE',  ( 34.00000000000000000, 3.999999999999998224, -8.000000000000000000 ) ) ;
#56 = EDGE_CURVE ( 'NONE', #539, #952, #1759, .T. ) ;
#57 = CARTESIAN_POINT ( 'NONE',  ( 14.68540527725329170, 8.125000000000000000, 0.0000000000000000000 ) ) ;
#58 = VECTOR ( 'NONE', #1673, 1000.000000000000000 ) ;
#59 = EDGE_LOOP ( 'NONE', ( #538, #84, #604, #1672 ) ) ;
#60 = LINE ( 'NONE', #1079, #1537 ) ;
#61 = CARTESIAN_POINT ( 'NONE',  ( 22.14999999999999858, 2.500000000000000000, -13.50000000000000000 ) ) ;
#62 = ORIENTED_EDGE ( 'NONE', *, *, #295, .F. ) ;
#63 = EDGE_CURVE ( 'NONE', #1003, #171, #204, .T. ) ;
#64 = DIRECTION ( 'NONE',  ( 0.0000000000000000000, -1.000000000000000000, -0.0000000000000000000 ) ) ;
#65 = ORIENTED_EDGE ( 'NONE', *, *, #967, .T. ) ;
#66 = ORIENTED_EDGE ( 'NONE', *, *, #958, .T. ) ;
#67 = DIRECTION ( 'NONE',  ( 1.000000000000000000, 0.0000000000000000000, 0.0000000000000000000 ) ) ;
#68 = LINE ( 'NONE', #1076, #1546 ) ;
#69 = ORIENTED_EDGE ( 'NONE', *, *, #814, .F. ) ;
#70 = EDGE_LOOP ( 'NONE', ( #1168, #935, #486, #801 ) ) ;
#71 = VERTEX_POINT ( 'NONE', #1687 ) ;
#72 = CARTESIAN_POINT ( 'NONE',  ( 0.0000000000000000000, 11.50000000000000000, -16.00000000000000000 ) ) ;
#73 = CARTESIAN_POINT ( 'NONE',  ( 9.973015277253290733, 8.125000000000000000, -16.00000000000000000 ) ) ;
#74 = CARTESIAN_POINT ( 'NONE',  ( 30.00000000000000000, 0.0000000000000000000, -16.00000000000000000 ) ) ;
#75 = DIRECTION ( 'NONE',  ( 0.0000000000000000000, 0.0000000000000000000, -1.000000000000000000 ) ) ;
#76 = DIRECTION ( 'NONE',  ( 0.0000000000000000000, 1.000000000000000000, 0.0000000000000000000 ) ) ;
#77 = DIRECTION ( 'NONE',  ( 1.000000000000000000, 0.0000000000000000000, 0.0000000000000000000 ) ) ;
#78 = ADVANCED_FACE ( 'NONE', ( #1738, #1828 ), #995, .T. ) ;
#79 = CARTESIAN_POINT ( 'NONE',  ( 6.489024817901700715, 11.50000000000000000, -16.00000000000000355 ) ) ;
#80 = FACE_OUTER_BOUND ( 'NONE', #1373, .T. ) ;
#81 = LINE ( 'NONE', #322, #1624 ) ;
#82 = DIRECTION ( 'NONE',  ( -1.000000000000000000, -0.0000000000000000000, -0.0000000000000000000 ) ) ;
#83 = FACE_BOUND ( 'NONE', #1758, .T. ) ;
#84 = ORIENTED_EDGE ( 'NONE', *, *, #1395, .T. ) ;
#85 = CARTESIAN_POINT ( 'NONE',  ( 15.91380481790170087, 11.50000000000000000, -16.00000000000000355 ) ) ;
#86 = VECTOR ( 'NONE', #82, 1000.000000000000000 ) ;
#87 = EDGE_CURVE ( 'NONE', #1471, #619, #1343, .T. ) ;
#88 = EDGE_LOOP ( 'NONE', ( #977, #1643, #530, #208 ) ) ;
#89 = CARTESIAN_POINT ( 'NONE',  ( 3.499999999999999556, 2.500000000000000444, 0.0000000000000000000 ) ) ;
#90 = VERTEX_POINT ( 'NONE', #1296 ) ;
#91 = PRODUCT_RELATED_PRODUCT_CATEGORY ( 'detail', '', ( #1760 ) ) ;
#92 = ADVANCED_FACE ( 'NONE', ( #1649 ), #1676, .F. ) ;
#93 = ORIENTED_EDGE ( 'NONE', *, *, #318, .F. ) ;
#94 = DIRECTION ( 'NONE',  ( -0.3420201433256628287, 0.9396926207859105373, -0.0000000000000000000 ) ) ;
#95 = DIRECTION ( 'NONE',  ( 0.0000000000000000000, 0.0000000000000000000, -1.000000000000000000 ) ) ;
#96 = DIRECTION ( 'NONE',  ( 0.0000000000000000000, 0.0000000000000000000, 1.000000000000000000 ) ) ;
#97 = DIRECTION ( 'NONE',  ( 0.0000000000000000000, 0.0000000000000000000, -1.000000000000000000 ) ) ;
#98 = EDGE_CURVE ( 'NONE', #892, #548, #115, .T. ) ;
#99 = ADVANCED_FACE ( 'NONE', ( #1590 ), #1544, .F. ) ;
#100 = DIRECTION ( 'NONE',  ( -0.0000000000000000000, -0.0000000000000000000, 1.000000000000000000 ) ) ;
#101 = CARTESIAN_POINT ( 'NONE',  ( 0.0000000000000000000, 0.0000000000000000000, -16.00000000000000000 ) ) ;
#102 = CARTESIAN_POINT ( 'NONE',  ( 6.489024817901700715, 11.50000000000000000, 0.0000000000000000000 ) ) ;
#103 = DATE_AND_TIME ( #775, #1506 ) ;
#104 = CARTESIAN_POINT ( 'NONE',  ( 18.30132369774671020, 8.125000000000000000, -16.00000000000000000 ) ) ;
#105 = ORIENTED_EDGE ( 'NONE', *, *, #500, .T. ) ;
#106 = CARTESIAN_POINT ( 'NONE',  ( 2.935754157098297679, 11.50000000000000000, 0.0000000000000000000 ) ) ;
#107 = FACE_OUTER_BOUND ( 'NONE', #70, .T. ) ;
#108 = ORIENTED_EDGE ( 'NONE', *, *, #475, .F. ) ;
#109 = CIRCLE ( 'NONE', #1769, 1.399999999999998579 ) ;
#111 = EDGE_CURVE ( 'NONE', #34, #715, #1274, .T. ) ;
#110 = DIRECTION ( 'NONE',  ( 0.0000000000000000000, -1.000000000000000000, 0.0000000000000000000 ) ) ;
#112 = ADVANCED_FACE ( 'NONE', ( #1004 ), #1629, .F. ) ;
#113 = FACE_OUTER_BOUND ( 'NONE', #1543, .T. ) ;
#114 = ORIENTED_EDGE ( 'NONE', *, *, #558, .T. ) ;
#115 = LINE ( 'NONE', #1099, #1365 ) ;
#116 = FACE_OUTER_BOUND ( 'NONE', #88, .T. ) ;
#117 = ORIENTED_EDGE ( 'NONE', *, *, #733, .F. ) ;
#118 = DIRECTION ( 'NONE',  ( 1.000000000000000000, 0.0000000000000000000, 0.0000000000000000000 ) ) ;
#119 = VERTEX_POINT ( 'NONE', #1528 ) ;
#120 = ORIENTED_EDGE ( 'NONE', *, *, #1744, .F. ) ;
#121 = CARTESIAN_POINT ( 'NONE',  ( 12.36053415709829828, 11.50000000000000000, -16.00000000000000355 ) ) ;
#122 = DIRECTION ( 'NONE',  ( 1.000000000000000000, 0.0000000000000000000, -0.0000000000000000000 ) ) ;
#123 = CARTESIAN_POINT ( 'NONE',  ( 26.49770415709830118, 11.50000000000000000, 0.0000000000000000000 ) ) ;
#124 = ADVANCED_FACE ( 'NONE', ( #534 ), #1408, .F. ) ;
#125 = EDGE_CURVE ( 'NONE', #739, #1070, #1251, .T. ) ;
#126 = CARTESIAN_POINT ( 'NONE',  ( 5.260625277253292431, 8.125000000000000000, 0.0000000000000000000 ) ) ;
#127 = DIRECTION ( 'NONE',  ( 0.0000000000000000000, 0.0000000000000000000, 1.000000000000000000 ) ) ;
#128 = AXIS2_PLACEMENT_3D ( 'NONE', #192, #473, #613 ) ;
#129 = APPROVAL_ROLE ( '' ) ;
#130 = APPROVAL_PERSON_ORGANIZATION ( #1156, #926, #25 ) ;
#131 = COORDINATED_UNIVERSAL_TIME_OFFSET ( 0, 0, .AHEAD. ) ;
#132 = CARTESIAN_POINT ( 'NONE',  ( 0.0000000000000000000, 11.50000000000000000, -16.00000000000000000 ) ) ;
#133 = ORIENTED_EDGE ( 'NONE', *, *, #1421, .F. ) ;
#134 = LINE ( 'NONE', #85, #58 ) ;
#135 = PLANE ( 'NONE',  #1012 ) ;
#136 = ORIENTED_EDGE ( 'NONE', *, *, #542, .T. ) ;
#137 = CARTESIAN_POINT ( 'NONE',  ( 34.00000000000000000, 3.999999999999998224, -8.000000000000000000 ) ) ;
#138 = LINE ( 'NONE', #809, #777 ) ;
#139 = ORIENTED_EDGE ( 'NONE', *, *, #694, .F. ) ;
#140 = VECTOR ( 'NONE', #973, 1000.000000000000000 ) ;
#141 = DIRECTION ( 'NONE',  ( -0.0000000000000000000, -0.0000000000000000000, -1.000000000000000000 ) ) ;
#142 = ORIENTED_EDGE ( 'NONE', *, *, #1421, .T. ) ;
#143 = DIRECTION ( 'NONE',  ( -0.3420201433256628287, 0.9396926207859105373, -0.0000000000000000000 ) ) ;
#144 = ORIENTED_EDGE ( 'NONE', *, *, #1348, .F. ) ;
#145 = ORIENTED_EDGE ( 'NONE', *, *, #760, .T. ) ;
#146 = DIRECTION ( 'NONE',  ( -0.3420201433256628287, -0.9396926207859105373, 0.0000000000000000000 ) ) ;
#147 = AXIS2_PLACEMENT_3D ( 'NONE', #925, #1208, #347 ) ;
#148 = DIRECTION ( 'NONE',  ( -0.0000000000000000000, -0.0000000000000000000, 1.000000000000000000 ) ) ;
#149 = CARTESIAN_POINT ( 'NONE',  ( 8.600000000000003197, 3.999999999999999112, -24.00000000000000355 ) ) ;
#150 = EDGE_CURVE ( 'NONE', #1211, #1204, #736, .T. ) ;
#151 = DIRECTION ( 'NONE',  ( -0.9396926207859105373, 0.3420201433256628287, 0.0000000000000000000 ) ) ;
#152 = CARTESIAN_POINT ( 'NONE',  ( 21.78531415709829844, 11.50000000000000000, 0.0000000000000000000 ) ) ;
#153 = DIRECTION ( 'NONE',  ( -0.3420201433256628287, 0.9396926207859105373, -0.0000000000000000000 ) ) ;
#154 = AXIS2_PLACEMENT_3D ( 'NONE', #1545, #821, #1692 ) ;
#155 = CARTESIAN_POINT ( 'NONE',  ( 27.72610369774670858, 8.125000000000000000, -16.00000000000000000 ) ) ;
#156 = FACE_OUTER_BOUND ( 'NONE', #756, .T. ) ;
#157 = DESIGN_CONTEXT ( 'detailed design', #681, 'design' ) ;
#158 = DIRECTION ( 'NONE',  ( 1.000000000000000000, 0.0000000000000000000, 0.0000000000000000000 ) ) ;
#159 = VECTOR ( 'NONE', #1842, 1000.000000000000000 ) ;
#160 = ORIENTED_EDGE ( 'NONE', *, *, #1428, .F. ) ;
#161 = CIRCLE ( 'NONE', #994, 1.399999999999998579 ) ;
#162 = VERTEX_POINT ( 'NONE', #545 ) ;
#163 = LINE ( 'NONE', #1419, #269 ) ;
#164 = LINE ( 'NONE', #1622, #446 ) ;
#165 = ORIENTED_EDGE ( 'NONE', *, *, #1210, .F. ) ;
#166 = CARTESIAN_POINT ( 'NONE',  ( 8.876543697746706485, 8.125000000000000000, 0.0000000000000000000 ) ) ;
#167 = DIRECTION ( 'NONE',  ( -0.3420201433256628287, -0.9396926207859105373, 0.0000000000000000000 ) ) ;
#168 = ORIENTED_EDGE ( 'NONE', *, *, #967, .F. ) ;
#169 = DIRECTION ( 'NONE',  ( -0.3420201433256628287, -0.9396926207859105373, 0.0000000000000000000 ) ) ;
#170 = EDGE_CURVE ( 'NONE', #1808, #782, #355, .T. ) ;
#171 = VERTEX_POINT ( 'NONE', #1129 ) ;
#172 = APPROVAL_ROLE ( '' ) ;
#173 = DIRECTION ( 'NONE',  ( 0.0000000000000000000, -1.000000000000000000, -0.0000000000000000000 ) ) ;
#174 = CARTESIAN_POINT ( 'NONE',  ( 0.0000000000000000000, 11.50000000000000000, 0.0000000000000000000 ) ) ;
#175 = CARTESIAN_POINT ( 'NONE',  ( 19.39779527725329089, 8.125000000000000000, 0.0000000000000000000 ) ) ;
#176 = DIRECTION ( 'NONE',  ( 0.0000000000000000000, -0.0000000000000000000, 1.000000000000000000 ) ) ;
#177 = ORGANIZATION ( 'UNSPECIFIED', 'UNSPECIFIED', '' ) ;
#178 = AXIS2_PLACEMENT_3D ( 'NONE', #132, #696, #1680 ) ;
#179 = LINE ( 'NONE', #1366, #1021 ) ;
#180 = CYLINDRICAL_SURFACE ( 'NONE', #864, 4.349999999999999645 ) ;
#181 = ORIENTED_EDGE ( 'NONE', *, *, #1744, .T. ) ;
#182 = LINE ( 'NONE', #860, #638 ) ;
#183 = CARTESIAN_POINT ( 'NONE',  ( 30.00000000000000000, 3.999999999999998224, -8.000000000000000000 ) ) ;
#184 = LINE ( 'NONE', #931, #1122 ) ;
#185 = VERTEX_POINT ( 'NONE', #697 ) ;
#186 = CARTESIAN_POINT ( 'NONE',  ( 0.0000000000000000000, 0.0000000000000000000, -16.00000000000000000 ) ) ;
#187 = ORIENTED_EDGE ( 'NONE', *, *, #432, .F. ) ;
#188 = EDGE_CURVE ( 'NONE', #1551, #983, #444, .T. ) ;
#189 = ORIENTED_EDGE ( 'NONE', *, *, #1474, .T. ) ;
#190 = AXIS2_PLACEMENT_3D ( 'NONE', #1617, #897, #1059 ) ;
#191 = CARTESIAN_POINT ( 'NONE',  ( 2.935754157098297679, 11.50000000000000000, -16.00000000000000355 ) ) ;
#192 = CARTESIAN_POINT ( 'NONE',  ( 30.00000000000000000, 3.999999999999998224, -8.000000000000000000 ) ) ;
#193 = EDGE_CURVE ( 'NONE', #1098, #572, #1779, .T. ) ;
#194 = CARTESIAN_POINT ( 'NONE',  ( 0.0000000000000000000, 5.083118270617898560, -16.00000000000000000 ) ) ;
#195 = LINE ( 'NONE', #340, #1404 ) ;
#196 = ORIENTED_EDGE ( 'NONE', *, *, #1711, .T. ) ;
#197 = FACE_OUTER_BOUND ( 'NONE', #934, .T. ) ;
#198 = AXIS2_PLACEMENT_3D ( 'NONE', #476, #64, #1768 ) ;
#199 = EDGE_LOOP ( 'NONE', ( #1635, #168 ) ) ;
#200 = DIRECTION ( 'NONE',  ( -0.0000000000000000000, -0.0000000000000000000, -1.000000000000000000 ) ) ;
#201 = FACE_OUTER_BOUND ( 'NONE', #808, .T. ) ;
#202 = VECTOR ( 'NONE', #1837, 1000.000000000000000 ) ;
#203 = ORIENTED_EDGE ( 'NONE', *, *, #278, .T. ) ;
#204 = CIRCLE ( 'NONE', #434, 4.349999999999999645 ) ;
#205 = DIRECTION ( 'NONE',  ( 0.0000000000000000000, 0.0000000000000000000, 1.000000000000000000 ) ) ;
#206 = CARTESIAN_POINT ( 'NONE',  ( 22.14999999999999858, 2.500000000000000000, -16.00000000000000000 ) ) ;
#207 = ORIENTED_EDGE ( 'NONE', *, *, #679, .F. ) ;
#208 = ORIENTED_EDGE ( 'NONE', *, *, #193, .T. ) ;
#209 = EDGE_CURVE ( 'NONE', #264, #1471, #1000, .T. ) ;
#210 = EDGE_CURVE ( 'NONE', #1723, #619, #1586, .T. ) ;
#211 = DIRECTION ( 'NONE',  ( -0.0000000000000000000, -1.000000000000000000, -0.0000000000000000000 ) ) ;
#212 = CARTESIAN_POINT ( 'NONE',  ( 25.33858481790170103, 11.50000000000000000, 0.0000000000000000000 ) ) ;
#213 = CARTESIAN_POINT ( 'NONE',  ( 11.20141481790170168, 11.50000000000000000, -16.00000000000000355 ) ) ;
#215 = EDGE_CURVE ( 'NONE', #729, #1198, #109, .T. ) ;
#214 = CARTESIAN_POINT ( 'NONE',  ( 3.499999999999999556, 2.500000000000000444, -13.50000000000000000 ) ) ;
#216 = ORIENTED_EDGE ( 'NONE', *, *, #1481, .F. ) ;
#217 = LINE ( 'NONE', #474, #1240 ) ;
#218 = PLANE ( 'NONE',  #1350 ) ;
#219 = CARTESIAN_POINT ( 'NONE',  ( 24.11018527725329363, 8.125000000000000000, 0.0000000000000000000 ) ) ;
#220 = LINE ( 'NONE', #445, #1066 ) ;
#221 = EDGE_LOOP ( 'NONE', ( #831, #490 ) ) ;
#222 = ORIENTED_EDGE ( 'NONE', *, *, #1061, .T. ) ;
#223 = APPROVAL ( #1577, 'UNSPECIFIED' ) ;
#224 = DIRECTION ( 'NONE',  ( 1.000000000000000000, 0.0000000000000000000, 0.0000000000000000000 ) ) ;
#225 = ADVANCED_FACE ( 'NONE', ( #1339 ), #352, .F. ) ;
#226 = FACE_OUTER_BOUND ( 'NONE', #480, .T. ) ;
#227 = ORIENTED_EDGE ( 'NONE', *, *, #278, .F. ) ;
#228 = ORIENTED_EDGE ( 'NONE', *, *, #1689, .T. ) ;
#229 = CARTESIAN_POINT ( 'NONE',  ( 0.0000000000000000000, 11.50000000000000000, 0.0000000000000000000 ) ) ;
#230 = ORIENTED_EDGE ( 'NONE', *, *, #318, .T. ) ;
#231 = CARTESIAN_POINT ( 'NONE',  ( 21.78531415709829844, 11.50000000000000000, -16.00000000000000355 ) ) ;
#232 = DIRECTION ( 'NONE',  ( 0.0000000000000000000, -0.0000000000000000000, 1.000000000000000000 ) ) ;
#233 = ADVANCED_FACE ( 'NONE', ( #802 ), #1324, .F. ) ;
#234 = DIRECTION ( 'NONE',  ( 1.000000000000000000, -0.0000000000000000000, -0.0000000000000000000 ) ) ;
#235 = AXIS2_PLACEMENT_3D ( 'NONE', #1725, #1435, #436 ) ;
#236 = CARTESIAN_POINT ( 'NONE',  ( 12.36053415709829828, 11.50000000000000000, 0.0000000000000000000 ) ) ;
#237 = LINE ( 'NONE', #285, #1380 ) ;
#239 = EDGE_CURVE ( 'NONE', #1098, #465, #1610, .T. ) ;
#238 = CARTESIAN_POINT ( 'NONE',  ( 17.40000000000000213, 4.000000000000000000, 0.0000000000000000000 ) ) ;
#240 = ADVANCED_FACE ( 'NONE', ( #1225 ), #135, .T. ) ;
#241 = LINE ( 'NONE', #79, #2 ) ;
#242 = CARTESIAN_POINT ( 'NONE',  ( 3.499999999999999556, 2.500000000000000444, -2.500000000000000000 ) ) ;
#243 = ORIENTED_EDGE ( 'NONE', *, *, #1077, .F. ) ;
#244 = CARTESIAN_POINT ( 'NONE',  ( 30.00000000000000000, 3.999999999999998224, -8.000000000000000000 ) ) ;
#245 = LINE ( 'NONE', #149, #780 ) ;
#246 = AXIS2_PLACEMENT_3D ( 'NONE', #1275, #1153, #750 ) ;
#247 = ORIENTED_EDGE ( 'NONE', *, *, #53, .T. ) ;
#248 = ORIENTED_EDGE ( 'NONE', *, *, #1395, .F. ) ;
#249 = DIRECTION ( 'NONE',  ( -1.000000000000000000, 0.0000000000000000000, -0.0000000000000000000 ) ) ;
#250 = ORIENTED_EDGE ( 'NONE', *, *, #1599, .F. ) ;
#251 = ORIENTED_EDGE ( 'NONE', *, *, #542, .F. ) ;
#252 = VERTEX_POINT ( 'NONE', #287 ) ;
#253 = ADVANCED_FACE ( 'NONE', ( #420 ), #1131, .F. ) ;
#254 = DIRECTION ( 'NONE',  ( 0.0000000000000000000, 0.0000000000000000000, 1.000000000000000000 ) ) ;
#255 = CARTESIAN_POINT ( 'NONE',  ( 29.99999999999999645, 8.125000000000000000, 0.0000000000000000000 ) ) ;
#256 = DIRECTION ( 'NONE',  ( 1.000000000000000000, 0.0000000000000000000, 0.0000000000000000000 ) ) ;
#257 = EDGE_CURVE ( 'NONE', #664, #715, #953, .T. ) ;
#258 = CARTESIAN_POINT ( 'NONE',  ( 26.50000000000000000, 2.500000000000000000, -19.00000000000000355 ) ) ;
#259 = AXIS2_PLACEMENT_3D ( 'NONE', #1487, #1205, #1356 ) ;
#260 = ADVANCED_FACE ( 'NONE', ( #1540 ), #45, .F. ) ;
#261 = DIRECTION ( 'NONE',  ( 0.0000000000000000000, 0.0000000000000000000, 1.000000000000000000 ) ) ;
#262 = LINE ( 'NONE', #229, #1580 ) ;
#263 =( NAMED_UNIT ( * ) PLANE_ANGLE_UNIT ( ) SI_UNIT ( $, .RADIAN. ) );
#264 = VERTEX_POINT ( 'NONE', #606 ) ;
#265 = LINE ( 'NONE', #212, #751 ) ;
#266 = CARTESIAN_POINT ( 'NONE',  ( 5.367042029500880496, 8.125000000000000000, -16.00000000000000000 ) ) ;
#267 = CYLINDRICAL_SURFACE ( 'NONE', #878, 2.600000000000000089 ) ;
#268 = ORIENTED_EDGE ( 'NONE', *, *, #1331, .F. ) ;
#269 = VECTOR ( 'NONE', #563, 1000.000000000000000 ) ;
#270 = DIRECTION ( 'NONE',  ( -1.000000000000000000, 0.0000000000000000000, 0.0000000000000000000 ) ) ;
#271 = FACE_OUTER_BOUND ( 'NONE', #407, .T. ) ;
#272 = CARTESIAN_POINT ( 'NONE',  ( 21.78531415709829844, 11.50000000000000000, -16.00000000000000355 ) ) ;
#273 = AXIS2_PLACEMENT_3D ( 'NONE', #1814, #528, #1505 ) ;
#274 = ORIENTED_EDGE ( 'NONE', *, *, #558, .F. ) ;
#275 = ORIENTED_EDGE ( 'NONE', *, *, #600, .T. ) ;
#276 = DIRECTION ( 'NONE',  ( 0.0000000000000000000, -1.000000000000000000, -0.0000000000000000000 ) ) ;
#277 = DIRECTION ( 'NONE',  ( -0.0000000000000000000, -0.0000000000000000000, 1.000000000000000000 ) ) ;
#278 = EDGE_CURVE ( 'NONE', #450, #1722, #866, .T. ) ;
#279 = CARTESIAN_POINT ( 'NONE',  ( 26.50000000000000000, 2.500000000000000000, -13.50000000000000000 ) ) ;
#280 = PLANE ( 'NONE',  #1578 ) ;
#281 = DIRECTION ( 'NONE',  ( 1.000000000000000000, 0.0000000000000000000, 0.0000000000000000000 ) ) ;
#282 = AXIS2_PLACEMENT_3D ( 'NONE', #1109, #455, #1709 ) ;
#283 = DIRECTION ( 'NONE',  ( -0.3420201433256628287, -0.9396926207859105373, 0.0000000000000000000 ) ) ;
#284 = AXIS2_PLACEMENT_3D ( 'NONE', #244, #118, #1840 ) ;
#285 = CARTESIAN_POINT ( 'NONE',  ( 17.40000000000000213, 4.000000000000000000, -22.00000000000000711 ) ) ;
#286 = VECTOR ( 'NONE', #1459, 1000.000000000000000 ) ;
#287 = CARTESIAN_POINT ( 'NONE',  ( 30.00000000000000000, 3.999999999999998224, -5.400000000000000355 ) ) ;
#288 = LINE ( 'NONE', #921, #1511 ) ;
#289 = ORIENTED_EDGE ( 'NONE', *, *, #924, .F. ) ;
#290 = FACE_OUTER_BOUND ( 'NONE', #1683, .T. ) ;
#291 = CARTESIAN_POINT ( 'NONE',  ( 25.33858481790170103, 11.50000000000000000, 0.0000000000000000000 ) ) ;
#292 = ORIENTED_EDGE ( 'NONE', *, *, #367, .F. ) ;
#293 = ORIENTED_EDGE ( 'NONE', *, *, #827, .T. ) ;
#294 = DIRECTION ( 'NONE',  ( 0.0000000000000000000, 0.0000000000000000000, 1.000000000000000000 ) ) ;
#295 = EDGE_CURVE ( 'NONE', #28, #952, #1162, .T. ) ;
#296 = ORIENTED_EDGE ( 'NONE', *, *, #346, .T. ) ;
#297 = CARTESIAN_POINT ( 'NONE',  ( 19.39779527725329089, 8.125000000000000000, -16.00000000000000355 ) ) ;
#298 = ORIENTED_EDGE ( 'NONE', *, *, #467, .F. ) ;
#299 = ORIENTED_EDGE ( 'NONE', *, *, #432, .T. ) ;
#300 = DIRECTION ( 'NONE',  ( 1.000000000000000000, 0.0000000000000000000, 0.0000000000000000000 ) ) ;
#301 = EDGE_CURVE ( 'NONE', #1778, #1322, #1447, .T. ) ;
#302 = DIRECTION ( 'NONE',  ( -1.000000000000000000, 0.0000000000000000000, 0.0000000000000000000 ) ) ;
#303 = DIRECTION ( 'NONE',  ( 0.9396926207859105373, 0.3420201433256628287, -0.0000000000000000000 ) ) ;
#304 = AXIS2_PLACEMENT_3D ( 'NONE', #1344, #1051, #1327 ) ;
#305 = PERSON_AND_ORGANIZATION_ROLE ( 'classification_officer' ) ;
#306 = CARTESIAN_POINT ( 'NONE',  ( 26.50000000000000000, 2.500000000000000000, 0.0000000000000000000 ) ) ;
#307 = VERTEX_POINT ( 'NONE', #15 ) ;
#308 = PLANE ( 'NONE',  #1174 ) ;
#309 = FACE_BOUND ( 'NONE', #1089, .T. ) ;
#310 = VECTOR ( 'NONE', #1075, 1000.000000000000000 ) ;
#311 = ORIENTED_EDGE ( 'NONE', *, *, #1521, .F. ) ;
#312 = ORIENTED_EDGE ( 'NONE', *, *, #1665, .F. ) ;
#313 = EDGE_CURVE ( 'NONE', #956, #741, #375, .T. ) ;
#314 = LINE ( 'NONE', #1379, #1515 ) ;
#315 = VERTEX_POINT ( 'NONE', #1291 ) ;
#316 = DIRECTION ( 'NONE',  ( 1.000000000000000000, 0.0000000000000000000, 0.0000000000000000000 ) ) ;
#317 = ORIENTED_EDGE ( 'NONE', *, *, #1262, .T. ) ;
#318 = EDGE_CURVE ( 'NONE', #1720, #1494, #1246, .T. ) ;
#319 = ORIENTED_EDGE ( 'NONE', *, *, #1755, .T. ) ;
#320 = AXIS2_PLACEMENT_3D ( 'NONE', #503, #1480, #345 ) ;
#321 = DIRECTION ( 'NONE',  ( -0.0000000000000000000, -0.0000000000000000000, 1.000000000000000000 ) ) ;
#322 = CARTESIAN_POINT ( 'NONE',  ( 0.0000000000000000000, 11.50000000000000000, 0.0000000000000000000 ) ) ;
#323 = DIRECTION ( 'NONE',  ( -0.3420201433256628287, -0.9396926207859105373, 0.0000000000000000000 ) ) ;
#324 = FACE_BOUND ( 'NONE', #199, .T. ) ;
#325 = CARTESIAN_POINT ( 'NONE',  ( 0.0000000000000000000, 0.0000000000000000000, -16.00000000000000000 ) ) ;
#326 = FACE_OUTER_BOUND ( 'NONE', #512, .T. ) ;
#327 = ORIENTED_EDGE ( 'NONE', *, *, #98, .T. ) ;
#328 = CYLINDRICAL_SURFACE ( 'NONE', #1323, 4.349999999999999645 ) ;
#329 = DIRECTION ( 'NONE',  ( -0.3420201433256628287, -0.9396926207859105373, 0.0000000000000000000 ) ) ;
#330 = ORIENTED_EDGE ( 'NONE', *, *, #111, .F. ) ;
#331 = VECTOR ( 'NONE', #153, 1000.000000000000000 ) ;
#332 = DIRECTION ( 'NONE',  ( -0.0000000000000000000, -0.0000000000000000000, 1.000000000000000000 ) ) ;
#333 = VECTOR ( 'NONE', #1598, 1000.000000000000000 ) ;
#334 = EDGE_LOOP ( 'NONE', ( #1207, #1717 ) ) ;
#335 = LINE ( 'NONE', #1710, #1388 ) ;
#336 = DIRECTION ( 'NONE',  ( -1.000000000000000000, -0.0000000000000000000, -0.0000000000000000000 ) ) ;
#337 = ORIENTED_EDGE ( 'NONE', *, *, #1693, .T. ) ;
#338 = EDGE_CURVE ( 'NONE', #1633, #1808, #1301, .T. ) ;
#339 = EDGE_LOOP ( 'NONE', ( #424, #1550, #464, #1827 ) ) ;
#340 = CARTESIAN_POINT ( 'NONE',  ( 24.11018527725329363, 8.125000000000000000, -16.00000000000000355 ) ) ;
#341 = VERTEX_POINT ( 'NONE', #859 ) ;
#342 = DIRECTION ( 'NONE',  ( 0.0000000000000000000, 0.0000000000000000000, 1.000000000000000000 ) ) ;
#343 = CARTESIAN_POINT ( 'NONE',  ( 20.62619481790170184, 11.50000000000000000, -16.00000000000000355 ) ) ;
#344 = COORDINATED_UNIVERSAL_TIME_OFFSET ( 0, 0, .AHEAD. ) ;
#345 = DIRECTION ( 'NONE',  ( -0.3420201433256628287, -0.9396926207859105373, 0.0000000000000000000 ) ) ;
#346 = EDGE_CURVE ( 'NONE', #23, #51, #909, .T. ) ;
#347 = DIRECTION ( 'NONE',  ( -0.3420201433256628287, 0.9396926207859105373, 0.0000000000000000000 ) ) ;
#348 = VECTOR ( 'NONE', #1263, 1000.000000000000000 ) ;
#349 = VERTEX_POINT ( 'NONE', #57 ) ;
#350 = LINE ( 'NONE', #627, #731 ) ;
#351 = AXIS2_PLACEMENT_3D ( 'NONE', #1196, #342, #493 ) ;
#352 = CYLINDRICAL_SURFACE ( 'NONE', #816, 4.349999999999999645 ) ;
#353 = LINE ( 'NONE', #586, #1298 ) ;
#354 = ORIENTED_EDGE ( 'NONE', *, *, #1016, .T. ) ;
#355 = LINE ( 'NONE', #1825, #1068 ) ;
#356 = DIRECTION ( 'NONE',  ( -1.000000000000000000, -0.0000000000000000000, -0.0000000000000000000 ) ) ;
#357 = LINE ( 'NONE', #1188, #891 ) ;
#358 = ORIENTED_EDGE ( 'NONE', *, *, #719, .T. ) ;
#359 = VERTEX_POINT ( 'NONE', #624 ) ;
#360 = CARTESIAN_POINT ( 'NONE',  ( 34.00000000000000000, 3.999999999999999112, -12.00000000000000000 ) ) ;
#361 = ORIENTED_EDGE ( 'NONE', *, *, #1428, .T. ) ;
#362 = ADVANCED_FACE ( 'NONE', ( #201 ), #902, .T. ) ;
#363 = DIRECTION ( 'NONE',  ( -1.000000000000000000, -0.0000000000000000000, -0.0000000000000000000 ) ) ;
#364 = DIRECTION ( 'NONE',  ( 0.0000000000000000000, 0.0000000000000000000, 1.000000000000000000 ) ) ;
#365 = DIRECTION ( 'NONE',  ( 0.0000000000000000000, 0.0000000000000000000, 1.000000000000000000 ) ) ;
#367 = EDGE_CURVE ( 'NONE', #908, #1003, #1566, .T. ) ;
#366 = DIRECTION ( 'NONE',  ( 1.000000000000000000, -0.0000000000000000000, -0.0000000000000000000 ) ) ;
#368 = ADVANCED_FACE ( 'NONE', ( #1493 ), #1069, .F. ) ;
#369 = DATE_AND_TIME ( #392, #842 ) ;
#370 = FACE_OUTER_BOUND ( 'NONE', #1568, .T. ) ;
#371 = EDGE_CURVE ( 'NONE', #1519, #1228, #404, .T. ) ;
#372 = DIRECTION ( 'NONE',  ( 0.0000000000000000000, 0.0000000000000000000, 1.000000000000000000 ) ) ;
#373 = LINE ( 'NONE', #72, #529 ) ;
#374 = ORIENTED_EDGE ( 'NONE', *, *, #792, .T. ) ;
#375 = LINE ( 'NONE', #1614, #331 ) ;
#376 = VECTOR ( 'NONE', #1086, 1000.000000000000000 ) ;
#377 = ORIENTED_EDGE ( 'NONE', *, *, #1599, .T. ) ;
#378 = ORIENTED_EDGE ( 'NONE', *, *, #1054, .F. ) ;
#379 = ORIENTED_EDGE ( 'NONE', *, *, #1354, .F. ) ;
#380 = ADVANCED_FACE ( 'NONE', ( #1318, #1451 ), #1353, .T. ) ;
#381 = ORIENTED_EDGE ( 'NONE', *, *, #1588, .T. ) ;
#382 = CARTESIAN_POINT ( 'NONE',  ( 0.0000000000000000000, 0.0000000000000000000, 0.0000000000000000000 ) ) ;
#383 = ORIENTED_EDGE ( 'NONE', *, *, #1711, .F. ) ;
#384 = CARTESIAN_POINT ( 'NONE',  ( 0.0000000000000000000, 0.0000000000000000000, -13.50000000000000000 ) ) ;
#385 = DIRECTION ( 'NONE',  ( -0.0000000000000000000, -0.0000000000000000000, 1.000000000000000000 ) ) ;
#386 = EDGE_CURVE ( 'NONE', #119, #644, #1611, .T. ) ;
#387 = CARTESIAN_POINT ( 'NONE',  ( 2.935754157098297679, 11.50000000000000000, -16.00000000000000355 ) ) ;
#388 = AXIS2_PLACEMENT_3D ( 'NONE', #101, #110, #540 ) ;
#389 = CARTESIAN_POINT ( 'NONE',  ( 12.36053415709829828, 11.50000000000000000, -16.00000000000000355 ) ) ;
#390 = DIRECTION ( 'NONE',  ( -1.000000000000000000, 0.0000000000000000000, 0.0000000000000000000 ) ) ;
#391 = DIRECTION ( 'NONE',  ( 0.0000000000000000000, 1.000000000000000000, 0.0000000000000000000 ) ) ;
#392 = CALENDAR_DATE ( 2019, 12, 12 ) ;
#394 = EDGE_CURVE ( 'NONE', #90, #1161, #357, .T. ) ;
#393 = CARTESIAN_POINT ( 'NONE',  ( 26.50000000000000000, 2.500000000000000000, -13.50000000000000000 ) ) ;
#395 = ORIENTED_EDGE ( 'NONE', *, *, #1534, .F. ) ;
#396 = VECTOR ( 'NONE', #1788, 1000.000000000000000 ) ;
#397 = CARTESIAN_POINT ( 'NONE',  ( 0.0000000000000000000, 0.0000000000000000000, -13.50000000000000000 ) ) ;
#398 = DIRECTION ( 'NONE',  ( 1.000000000000000000, 0.0000000000000000000, 0.0000000000000000000 ) ) ;
#399 = ADVANCED_FACE ( 'NONE', ( #784 ), #608, .F. ) ;
#400 = FACE_OUTER_BOUND ( 'NONE', #1805, .T. ) ;
#401 = AXIS2_PLACEMENT_3D ( 'NONE', #44, #469, #1468 ) ;
#402 = ORIENTED_EDGE ( 'NONE', *, *, #574, .F. ) ;
#403 = ORIENTED_EDGE ( 'NONE', *, *, #463, .T. ) ;
#404 = LINE ( 'NONE', #191, #936 ) ;
#405 = VERTEX_POINT ( 'NONE', #622 ) ;
#406 = CARTESIAN_POINT ( 'NONE',  ( 28.92898690450086718, 8.125000000000000000, -16.00000000000000000 ) ) ;
#407 = EDGE_LOOP ( 'NONE', ( #1029, #1522, #1149, #718 ) ) ;
#408 = ORIENTED_EDGE ( 'NONE', *, *, #752, .F. ) ;
#409 = MECHANICAL_CONTEXT ( 'NONE', #1260, 'mechanical' ) ;
#410 = EDGE_CURVE ( 'NONE', #252, #1161, #1227, .T. ) ;
#411 = DIRECTION ( 'NONE',  ( -0.0000000000000000000, -0.0000000000000000000, 1.000000000000000000 ) ) ;
#412 = EDGE_CURVE ( 'NONE', #1201, #11, #164, .T. ) ;
#413 = CARTESIAN_POINT ( 'NONE',  ( 14.60000000000000497, 4.000000000000000000, -22.00000000000000711 ) ) ;
#414 =( GEOMETRIC_REPRESENTATION_CONTEXT ( 3 ) GLOBAL_UNCERTAINTY_ASSIGNED_CONTEXT ( ( #1638 ) ) GLOBAL_UNIT_ASSIGNED_CONTEXT ( ( #677, #263, #823 ) ) REPRESENTATION_CONTEXT ( 'NONE', 'WORKASPACE' ) );
#415 = DIRECTION ( 'NONE',  ( 0.0000000000000000000, -1.000000000000000000, -0.0000000000000000000 ) ) ;
#416 = CARTESIAN_POINT ( 'NONE',  ( 24.21659792950087109, 8.125000000000000000, -16.00000000000000000 ) ) ;
#417 = VECTOR ( 'NONE', #1456, 1000.000000000000000 ) ;
#418 = LINE ( 'NONE', #1151, #1336 ) ;
#419 = ORIENTED_EDGE ( 'NONE', *, *, #1331, .T. ) ;
#420 = FACE_OUTER_BOUND ( 'NONE', #1144, .T. ) ;
#421 = DIRECTION ( 'NONE',  ( 0.0000000000000000000, 0.0000000000000000000, -1.000000000000000000 ) ) ;
#422 = LINE ( 'NONE', #231, #1028 ) ;
#423 = ORIENTED_EDGE ( 'NONE', *, *, #671, .F. ) ;
#424 = ORIENTED_EDGE ( 'NONE', *, *, #98, .F. ) ;
#425 = AXIS2_PLACEMENT_3D ( 'NONE', #893, #1448, #1601 ) ;
#426 = ORIENTED_EDGE ( 'NONE', *, *, #447, .T. ) ;
#427 = CARTESIAN_POINT ( 'NONE',  ( 9.973015277253290733, 8.125000000000000000, 0.0000000000000000000 ) ) ;
#428 = ORIENTED_EDGE ( 'NONE', *, *, #1575, .T. ) ;
#429 = CARTESIAN_POINT ( 'NONE',  ( 2.935754157098297679, 11.50000000000000000, -16.00000000000000355 ) ) ;
#430 = EDGE_LOOP ( 'NONE', ( #139, #582, #669, #1512 ) ) ;
#431 = DIRECTION ( 'NONE',  ( -0.3420201433256628287, -0.9396926207859105373, 0.0000000000000000000 ) ) ;
#432 = EDGE_CURVE ( 'NONE', #619, #788, #804, .T. ) ;
#433 = CARTESIAN_POINT ( 'NONE',  ( 0.5482352772532916863, 8.125000000000000000, -16.00000000000000355 ) ) ;
#434 = AXIS2_PLACEMENT_3D ( 'NONE', #1813, #815, #270 ) ;
#435 = CARTESIAN_POINT ( 'NONE',  ( 3.499999999999999556, 2.500000000000000444, -2.500000000000000000 ) ) ;
#436 = DIRECTION ( 'NONE',  ( 0.0000000000000000000, 0.0000000000000000000, -1.000000000000000000 ) ) ;
#437 = LINE ( 'NONE', #1082, #1110 ) ;
#438 = EDGE_LOOP ( 'NONE', ( #825, #1516, #1653, #1403 ) ) ;
#439 = CIRCLE ( 'NONE', #16, 0.9499999999999995115 ) ;
#440 = EDGE_LOOP ( 'NONE', ( #882, #1224 ) ) ;
#441 = CARTESIAN_POINT ( 'NONE',  ( 25.33858481790170103, 11.50000000000000000, -16.00000000000000355 ) ) ;
#442 = VECTOR ( 'NONE', #1185, 1000.000000000000000 ) ;
#443 = ORIENTED_EDGE ( 'NONE', *, *, #792, .F. ) ;
#444 = CIRCLE ( 'NONE', #282, 4.349999999999999645 ) ;
#445 = CARTESIAN_POINT ( 'NONE',  ( 12.36053415709829828, 11.50000000000000000, 0.0000000000000000000 ) ) ;
#446 = VECTOR ( 'NONE', #1193, 1000.000000000000000 ) ;
#447 = EDGE_CURVE ( 'NONE', #956, #1011, #1829, .T. ) ;
#448 = EDGE_LOOP ( 'NONE', ( #395, #408, #576, #1087 ) ) ;
#449 = ORIENTED_EDGE ( 'NONE', *, *, #1618, .F. ) ;
#450 = VERTEX_POINT ( 'NONE', #943 ) ;
#451 = CARTESIAN_POINT ( 'NONE',  ( 19.50420895450087144, 8.125000000000000000, -16.00000000000000000 ) ) ;
#452 = DIRECTION ( 'NONE',  ( 1.000000000000000000, 0.0000000000000000000, 0.0000000000000000000 ) ) ;
#453 = CARTESIAN_POINT ( 'NONE',  ( 14.60000000000000497, 4.000000000000000000, 0.0000000000000000000 ) ) ;
#454 = AXIS2_PLACEMENT_3D ( 'NONE', #1646, #151, #167 ) ;
#455 = DIRECTION ( 'NONE',  ( 0.0000000000000000000, 0.0000000000000000000, -1.000000000000000000 ) ) ;
#456 = FACE_OUTER_BOUND ( 'NONE', #505, .T. ) ;
#457 = DIRECTION ( 'NONE',  ( 1.000000000000000000, 0.0000000000000000000, 0.0000000000000000000 ) ) ;
#458 = CARTESIAN_POINT ( 'NONE',  ( 0.0000000000000000000, 11.50000000000000000, -16.00000000000000000 ) ) ;
#459 = LINE ( 'NONE', #1024, #286 ) ;
#460 = FACE_OUTER_BOUND ( 'NONE', #580, .T. ) ;
#461 = ORIENTED_EDGE ( 'NONE', *, *, #1526, .F. ) ;
#462 = DIRECTION ( 'NONE',  ( 0.0000000000000000000, 0.0000000000000000000, 1.000000000000000000 ) ) ;
#463 = EDGE_CURVE ( 'NONE', #557, #663, #30, .T. ) ;
#464 = ORIENTED_EDGE ( 'NONE', *, *, #694, .T. ) ;
#465 = VERTEX_POINT ( 'NONE', #73 ) ;
#466 = DIRECTION ( 'NONE',  ( 0.9396926207859105373, 0.3420201433256628287, -0.0000000000000000000 ) ) ;
#467 = EDGE_CURVE ( 'NONE', #623, #1094, #1141, .T. ) ;
#468 = ORIENTED_EDGE ( 'NONE', *, *, #615, .T. ) ;
#469 = DIRECTION ( 'NONE',  ( -0.0000000000000000000, -0.0000000000000000000, -1.000000000000000000 ) ) ;
#470 = PRODUCT_DEFINITION_FORMATION_WITH_SPECIFIED_SOURCE ( 'ANY', '', #1760, .NOT_KNOWN. ) ;
#471 = DIRECTION ( 'NONE',  ( 0.0000000000000000000, 0.0000000000000000000, 1.000000000000000000 ) ) ;
#472 = CARTESIAN_POINT ( 'NONE',  ( 7.849999999999999645, 2.500000000000000444, -2.500000000000000000 ) ) ;
#473 = DIRECTION ( 'NONE',  ( 1.000000000000000000, 0.0000000000000000000, 0.0000000000000000000 ) ) ;
#474 = CARTESIAN_POINT ( 'NONE',  ( 0.0000000000000000000, 11.50000000000000000, -16.00000000000000000 ) ) ;
#475 = EDGE_CURVE ( 'NONE', #11, #405, #1409, .T. ) ;
#476 = CARTESIAN_POINT ( 'NONE',  ( 5.367042029500880496, 8.125000000000000000, -16.00000000000000000 ) ) ;
#477 = AXIS2_PLACEMENT_3D ( 'NONE', #665, #1239, #1530 ) ;
#478 = CARTESIAN_POINT ( 'NONE',  ( 26.50000000000000000, 2.500000000000000000, -13.50000000000000000 ) ) ;
#479 = PERSON_AND_ORGANIZATION ( #1360, #177 ) ;
#480 = EDGE_LOOP ( 'NONE', ( #1230, #207, #634, #1254 ) ) ;
#481 = VECTOR ( 'NONE', #234, 1000.000000000000000 ) ;
#482 = PLANE ( 'NONE',  #1538 ) ;
#483 = ORIENTED_EDGE ( 'NONE', *, *, #855, .F. ) ;
#484 = DIRECTION ( 'NONE',  ( -0.0000000000000000000, -0.0000000000000000000, -1.000000000000000000 ) ) ;
#485 = LINE ( 'NONE', #1712, #202 ) ;
#486 = ORIENTED_EDGE ( 'NONE', *, *, #1177, .T. ) ;
#487 = VERTEX_POINT ( 'NONE', #1236 ) ;
#488 = CARTESIAN_POINT ( 'NONE',  ( 26.50000000000000000, 2.500000000000000000, -2.499999999999998668 ) ) ;
#489 = CYLINDRICAL_SURFACE ( 'NONE', #1461, 4.349999999999999645 ) ;
#490 = ORIENTED_EDGE ( 'NONE', *, *, #386, .T. ) ;
#491 = EDGE_CURVE ( 'NONE', #1803, #741, #422, .T. ) ;
#492 = EDGE_LOOP ( 'NONE', ( #227, #961, #52, #1648 ) ) ;
#493 = DIRECTION ( 'NONE',  ( 1.000000000000000000, 0.0000000000000000000, 0.0000000000000000000 ) ) ;
#494 = EDGE_LOOP ( 'NONE', ( #753, #533, #850, #1434 ) ) ;
#495 = CARTESIAN_POINT ( 'NONE',  ( 12.36053415709829828, 11.50000000000000000, -16.00000000000000355 ) ) ;
#496 = DIRECTION ( 'NONE',  ( 0.0000000000000000000, 0.0000000000000000000, -1.000000000000000000 ) ) ;
#497 = DIRECTION ( 'NONE',  ( -0.0000000000000000000, -0.0000000000000000000, 1.000000000000000000 ) ) ;
#498 = CARTESIAN_POINT ( 'NONE',  ( 23.01371369774670583, 8.125000000000000000, -16.00000000000000355 ) ) ;
#500 = EDGE_CURVE ( 'NONE', #1425, #264, #1631, .T. ) ;
#499 = CARTESIAN_POINT ( 'NONE',  ( 0.0000000000000000000, 0.0000000000000000000, -2.500000000000000444 ) ) ;
#501 = ADVANCED_FACE ( 'NONE', ( #980, #46 ), #1785, .T. ) ;
#502 = PERSON_AND_ORGANIZATION ( #1360, #177 ) ;
#503 = CARTESIAN_POINT ( 'NONE',  ( 25.33858481790170103, 11.50000000000000000, -16.00000000000000355 ) ) ;
#504 = EDGE_CURVE ( 'NONE', #71, #1349, #314, .T. ) ;
#505 = EDGE_LOOP ( 'NONE', ( #133, #105, #1173, #144 ) ) ;
#506 = VECTOR ( 'NONE', #1064, 1000.000000000000000 ) ;
#507 = CARTESIAN_POINT ( 'NONE',  ( 26.50000000000000000, 2.500000000000000000, -13.50000000000000000 ) ) ;
#508 = FACE_OUTER_BOUND ( 'NONE', #937, .T. ) ;
#509 = ORIENTED_EDGE ( 'NONE', *, *, #600, .F. ) ;
#510 = CARTESIAN_POINT ( 'NONE',  ( 20.62619481790170184, 11.50000000000000000, -16.00000000000000355 ) ) ;
#511 = VECTOR ( 'NONE', #1265, 1000.000000000000000 ) ;
#512 = EDGE_LOOP ( 'NONE', ( #1187, #905, #1171, #1830 ) ) ;
#513 = CARTESIAN_POINT ( 'NONE',  ( 15.91380481790170087, 11.50000000000000000, 0.0000000000000000000 ) ) ;
#514 = EDGE_LOOP ( 'NONE', ( #14, #768 ) ) ;
#515 = DIRECTION ( 'NONE',  ( -1.000000000000000000, 0.0000000000000000000, 0.0000000000000000000 ) ) ;
#516 = VERTEX_POINT ( 'NONE', #1056 ) ;
#517 = DIRECTION ( 'NONE',  ( 0.0000000000000000000, 0.0000000000000000000, 1.000000000000000000 ) ) ;
#518 = CARTESIAN_POINT ( 'NONE',  ( 14.60000000000000497, 4.000000000000000000, -16.00000000000000000 ) ) ;
#519 = AXIS2_PLACEMENT_3D ( 'NONE', #1008, #148, #158 ) ;
#520 = CARTESIAN_POINT ( 'NONE',  ( 10.00000000000000178, 3.999999999999999112, 0.0000000000000000000 ) ) ;
#521 = ADVANCED_FACE ( 'NONE', ( #271 ), #489, .F. ) ;
#522 = CARTESIAN_POINT ( 'NONE',  ( 1.776634817901700414, 11.50000000000000000, -16.00000000000000355 ) ) ;
#524 = EDGE_CURVE ( 'NONE', #572, #1316, #68, .T. ) ;
#523 = DIRECTION ( 'NONE',  ( 0.0000000000000000000, 0.0000000000000000000, 1.000000000000000000 ) ) ;
#525 = DIRECTION ( 'NONE',  ( -0.3420201433256628287, -0.9396926207859105373, 0.0000000000000000000 ) ) ;
#526 = CIRCLE ( 'NONE', #810, 1.399999999999998579 ) ;
#527 = AXIS2_PLACEMENT_3D ( 'NONE', #435, #1816, #122 ) ;
#528 = DIRECTION ( 'NONE',  ( 0.0000000000000000000, 0.0000000000000000000, -1.000000000000000000 ) ) ;
#529 = VECTOR ( 'NONE', #620, 1000.000000000000000 ) ;
#530 = ORIENTED_EDGE ( 'NONE', *, *, #1526, .T. ) ;
#531 = DIRECTION ( 'NONE',  ( -1.000000000000000000, -0.0000000000000000000, -0.0000000000000000000 ) ) ;
#532 = VECTOR ( 'NONE', #323, 1000.000000000000000 ) ;
#533 = ORIENTED_EDGE ( 'NONE', *, *, #150, .F. ) ;
#534 = FACE_OUTER_BOUND ( 'NONE', #1126, .T. ) ;
#535 = VECTOR ( 'NONE', #211, 1000.000000000000000 ) ;
#536 = ORIENTED_EDGE ( 'NONE', *, *, #827, .F. ) ;
#537 = CARTESIAN_POINT ( 'NONE',  ( 30.00000000000000000, 0.0000000000000000000, -13.50000000000000000 ) ) ;
#538 = ORIENTED_EDGE ( 'NONE', *, *, #1232, .T. ) ;
#539 = VERTEX_POINT ( 'NONE', #1362 ) ;
#540 = DIRECTION ( 'NONE',  ( 0.0000000000000000000, -0.0000000000000000000, -1.000000000000000000 ) ) ;
#541 = ADVANCED_FACE ( 'NONE', ( #226 ), #1500, .T. ) ;
#542 = EDGE_CURVE ( 'NONE', #1070, #1317, #1739, .T. ) ;
#543 = CARTESIAN_POINT ( 'NONE',  ( 34.00000000000000000, 3.999999999999998224, -8.000000000000000000 ) ) ;
#544 = CC_DESIGN_DATE_AND_TIME_ASSIGNMENT ( #369, #1729, ( #890 ) ) ;
#545 = CARTESIAN_POINT ( 'NONE',  ( 22.94015449773448623, 0.0000000000000000000, -13.50000000000000000 ) ) ;
#546 = DIRECTION ( 'NONE',  ( 0.0000000000000000000, 0.0000000000000000000, -1.000000000000000000 ) ) ;
#547 = LINE ( 'NONE', #1666, #749 ) ;
#548 = VERTEX_POINT ( 'NONE', #499 ) ;
#549 = LINE ( 'NONE', #605, #1420 ) ;
#550 = VECTOR ( 'NONE', #899, 1000.000000000000000 ) ;
#551 = AXIS2_PLACEMENT_3D ( 'NONE', #946, #796, #650 ) ;
#552 = ORIENTED_EDGE ( 'NONE', *, *, #1007, .F. ) ;
#553 = ORIENTED_EDGE ( 'NONE', *, *, #584, .F. ) ;
#554 = VECTOR ( 'NONE', #1128, 1000.000000000000000 ) ;
#555 = VERTEX_POINT ( 'NONE', #1080 ) ;
#556 = ORIENTED_EDGE ( 'NONE', *, *, #626, .T. ) ;
#557 = VERTEX_POINT ( 'NONE', #1789 ) ;
#558 = EDGE_CURVE ( 'NONE', #28, #1052, #640, .T. ) ;
#559 = DIRECTION ( 'NONE',  ( 0.0000000000000000000, 0.0000000000000000000, -1.000000000000000000 ) ) ;
#560 = DIRECTION ( 'NONE',  ( -0.0000000000000000000, -0.0000000000000000000, 1.000000000000000000 ) ) ;
#561 = EDGE_CURVE ( 'NONE', #1201, #465, #184, .T. ) ;
#562 = CARTESIAN_POINT ( 'NONE',  ( 34.00000000000000000, 3.999999999999998224, -3.999999999999999112 ) ) ;
#563 = DIRECTION ( 'NONE',  ( -1.000000000000000000, -0.0000000000000000000, -0.0000000000000000000 ) ) ;
#564 = CC_DESIGN_PERSON_AND_ORGANIZATION_ASSIGNMENT ( #971, #1013, ( #470 ) ) ;
#565 = CARTESIAN_POINT ( 'NONE',  ( 0.0000000000000000000, 0.0000000000000000000, -2.500000000000000444 ) ) ;
#566 = CARTESIAN_POINT ( 'NONE',  ( 2.549999999999999378, 2.500000000000000444, -19.00000000000000355 ) ) ;
#567 = CARTESIAN_POINT ( 'NONE',  ( 28.92898690450086718, 8.125000000000000000, -16.00000000000000000 ) ) ;
#568 = PERSON_AND_ORGANIZATION_ROLE ( 'design_supplier' ) ;
#569 = CARTESIAN_POINT ( 'NONE',  ( 6.489024817901700715, 11.50000000000000000, 0.0000000000000000000 ) ) ;
#570 = VECTOR ( 'NONE', #879, 1000.000000000000000 ) ;
#571 = VECTOR ( 'NONE', #100, 1000.000000000000000 ) ;
#572 = VERTEX_POINT ( 'NONE', #651 ) ;
#573 = VECTOR ( 'NONE', #993, 1000.000000000000000 ) ;
#574 = EDGE_CURVE ( 'NONE', #917, #450, #1367, .T. ) ;
#575 = FACE_OUTER_BOUND ( 'NONE', #1645, .T. ) ;
#576 = ORIENTED_EDGE ( 'NONE', *, *, #412, .T. ) ;
#577 = ORIENTED_EDGE ( 'NONE', *, *, #561, .T. ) ;
#578 = ORIENTED_EDGE ( 'NONE', *, *, #313, .T. ) ;
#579 = DIRECTION ( 'NONE',  ( -1.000000000000000000, 0.0000000000000000000, 0.0000000000000000000 ) ) ;
#580 = EDGE_LOOP ( 'NONE', ( #672, #959, #1045, #964 ) ) ;
#581 = CARTESIAN_POINT ( 'NONE',  ( 8.876543697746706485, 8.125000000000000000, -16.00000000000000355 ) ) ;
#582 = ORIENTED_EDGE ( 'NONE', *, *, #855, .T. ) ;
#583 = CARTESIAN_POINT ( 'NONE',  ( 25.55000000000000071, 2.500000000000000000, -2.499999999999998668 ) ) ;
#584 = EDGE_CURVE ( 'NONE', #1342, #23, #1678, .T. ) ;
#585 = DIRECTION ( 'NONE',  ( -1.000000000000000000, 0.0000000000000000000, 0.0000000000000000000 ) ) ;
#586 = CARTESIAN_POINT ( 'NONE',  ( 11.40000000000000036, 3.999999999999999112, -24.00000000000000355 ) ) ;
#587 = AXIS2_PLACEMENT_3D ( 'NONE', #1616, #744, #329 ) ;
#588 = CARTESIAN_POINT ( 'NONE',  ( 34.00000000000000000, 3.999999999999999112, -12.00000000000000000 ) ) ;
#589 = DATE_AND_TIME ( #1483, #1108 ) ;
#590 = DIRECTION ( 'NONE',  ( 0.0000000000000000000, 0.0000000000000000000, -1.000000000000000000 ) ) ;
#591 = LINE ( 'NONE', #1398, #1157 ) ;
#592 = ORIENTED_EDGE ( 'NONE', *, *, #1651, .F. ) ;
#593 = CIRCLE ( 'NONE', #1335, 0.9499999999999995115 ) ;
#594 = EDGE_CURVE ( 'NONE', #644, #119, #5, .T. ) ;
#595 = VECTOR ( 'NONE', #830, 1000.000000000000000 ) ;
#596 = ORIENTED_EDGE ( 'NONE', *, *, #125, .F. ) ;
#597 = VERTEX_POINT ( 'NONE', #236 ) ;
#598 = CARTESIAN_POINT ( 'NONE',  ( 0.0000000000000000000, 0.0000000000000000000, -16.00000000000000000 ) ) ;
#599 = VECTOR ( 'NONE', #1661, 1000.000000000000000 ) ;
#600 = EDGE_CURVE ( 'NONE', #1519, #341, #1702, .T. ) ;
#601 = ORIENTED_EDGE ( 'NONE', *, *, #1618, .T. ) ;
#602 = CARTESIAN_POINT ( 'NONE',  ( 30.00000000000000000, 0.0000000000000000000, -16.00000000000000000 ) ) ;
#603 = VERTEX_POINT ( 'NONE', #238 ) ;
#604 = ORIENTED_EDGE ( 'NONE', *, *, #880, .T. ) ;
#605 = CARTESIAN_POINT ( 'NONE',  ( 14.68540527725329170, 8.125000000000000000, -16.00000000000000355 ) ) ;
#606 = CARTESIAN_POINT ( 'NONE',  ( 30.00000000000000000, 3.999999999999999112, -12.00000000000000000 ) ) ;
#607 = AXIS2_PLACEMENT_3D ( 'NONE', #1574, #1438, #1417 ) ;
#608 = PLANE ( 'NONE',  #698 ) ;
#609 = DIRECTION ( 'NONE',  ( 0.0000000000000000000, 0.0000000000000000000, -1.000000000000000000 ) ) ;
#610 = LINE ( 'NONE', #898, #417 ) ;
#611 = VECTOR ( 'NONE', #676, 1000.000000000000000 ) ;
#612 = EDGE_LOOP ( 'NONE', ( #1696, #251, #596 ) ) ;
#613 = DIRECTION ( 'NONE',  ( 0.0000000000000000000, 0.0000000000000000000, -1.000000000000000000 ) ) ;
#614 = VECTOR ( 'NONE', #1284, 1000.000000000000000 ) ;
#615 = EDGE_CURVE ( 'NONE', #1429, #1494, #1253, .T. ) ;
#616 = LINE ( 'NONE', #1321, #734 ) ;
#617 = VERTEX_POINT ( 'NONE', #1698 ) ;
#618 = ORIENTED_EDGE ( 'NONE', *, *, #209, .F. ) ;
#619 = VERTEX_POINT ( 'NONE', #1103 ) ;
#620 = DIRECTION ( 'NONE',  ( -1.000000000000000000, -0.0000000000000000000, -0.0000000000000000000 ) ) ;
#621 = EDGE_LOOP ( 'NONE', ( #379, #986, #268, #1071, #1050, #637, #1682, #1583, #1476, #292, #428, #865, #1189, #1445, #275, #536, #108, #1229, #577, #1313, #461, #1392, #1436, #790, #785, #1100, #47, #592, #1570, #1384, #1517 ) ) ;
#622 = CARTESIAN_POINT ( 'NONE',  ( 6.489024817901700715, 11.50000000000000000, -16.00000000000000355 ) ) ;
#623 = VERTEX_POINT ( 'NONE', #1107 ) ;
#624 = CARTESIAN_POINT ( 'NONE',  ( 30.00000000000000000, 5.083118270617897672, 0.0000000000000000000 ) ) ;
#625 = DIRECTION ( 'NONE',  ( -1.000000000000000000, -0.0000000000000000000, -0.0000000000000000000 ) ) ;
#626 = EDGE_CURVE ( 'NONE', #695, #597, #1652, .T. ) ;
#627 = CARTESIAN_POINT ( 'NONE',  ( 27.44999999999999929, 2.500000000000000000, -19.00000000000000355 ) ) ;
#628 = LOCAL_TIME ( 17, 8, 46.00000000000000000, #1623 ) ;
#629 = CC_DESIGN_PERSON_AND_ORGANIZATION_ASSIGNMENT ( #502, #568, ( #470 ) ) ;
#630 = CIRCLE ( 'NONE', #284, 4.000000000000000000 ) ;
#631 = VERTEX_POINT ( 'NONE', #255 ) ;
#632 = LINE ( 'NONE', #1337, #506 ) ;
#633 = DIRECTION ( 'NONE',  ( -1.000000000000000000, 0.0000000000000000000, 0.0000000000000000000 ) ) ;
#634 = ORIENTED_EDGE ( 'NONE', *, *, #475, .T. ) ;
#635 = CARTESIAN_POINT ( 'NONE',  ( 0.0000000000000000000, 5.083118270617898560, -13.50000000000000000 ) ) ;
#636 = LINE ( 'NONE', #18, #1718 ) ;
#637 = ORIENTED_EDGE ( 'NONE', *, *, #1681, .F. ) ;
#638 = VECTOR ( 'NONE', #1441, 1000.000000000000000 ) ;
#639 = CARTESIAN_POINT ( 'NONE',  ( 0.0000000000000000000, 11.50000000000000000, -16.00000000000000000 ) ) ;
#640 = LINE ( 'NONE', #1509, #759 ) ;
#641 = ORIENTED_EDGE ( 'NONE', *, *, #1037, .T. ) ;
#642 = VERTEX_POINT ( 'NONE', #1669 ) ;
#643 = DIRECTION ( 'NONE',  ( -0.3420201433256628287, -0.9396926207859105373, 0.0000000000000000000 ) ) ;
#644 = VERTEX_POINT ( 'NONE', #1686 ) ;
#645 = PLANE ( 'NONE',  #454 ) ;
#646 = AXIS2_PLACEMENT_3D ( 'NONE', #1102, #1503, #249 ) ;
#647 = DIRECTION ( 'NONE',  ( -0.0000000000000000000, -0.0000000000000000000, 1.000000000000000000 ) ) ;
#648 = ADVANCED_FACE ( 'NONE', ( #116 ), #982, .T. ) ;
#649 = CARTESIAN_POINT ( 'NONE',  ( 22.94015449773448623, 0.0000000000000000000, 0.0000000000000000000 ) ) ;
#650 = DIRECTION ( 'NONE',  ( 1.000000000000000000, 0.0000000000000000000, 0.0000000000000000000 ) ) ;
#652 = EDGE_CURVE ( 'NONE', #1342, #932, #1591, .T. ) ;
#651 = CARTESIAN_POINT ( 'NONE',  ( 11.20141481790170168, 11.50000000000000000, 0.0000000000000000000 ) ) ;
#653 = PLANE ( 'NONE',  #1820 ) ;
#654 = ADVANCED_FACE ( 'NONE', ( #1167 ), #1117, .F. ) ;
#655 = EDGE_CURVE ( 'NONE', #1803, #185, #916, .T. ) ;
#656 = LINE ( 'NONE', #1329, #1751 ) ;
#657 = APPROVAL ( #1833, 'UNSPECIFIED' ) ;
#658 = ORIENTED_EDGE ( 'NONE', *, *, #1195, .T. ) ;
#659 = CIRCLE ( 'NONE', #1736, 4.349999999999999645 ) ;
#660 = ORIENTED_EDGE ( 'NONE', *, *, #722, .F. ) ;
#661 = CARTESIAN_POINT ( 'NONE',  ( 9.973015277253290733, 8.125000000000000000, -16.00000000000000355 ) ) ;
#662 = LINE ( 'NONE', #598, #1627 ) ;
#663 = VERTEX_POINT ( 'NONE', #1271 ) ;
#664 = VERTEX_POINT ( 'NONE', #1822 ) ;
#665 = CARTESIAN_POINT ( 'NONE',  ( 3.499999999999999556, 2.500000000000000444, -13.50000000000000000 ) ) ;
#666 = ORIENTED_EDGE ( 'NONE', *, *, #500, .F. ) ;
#667 = DIRECTION ( 'NONE',  ( 1.000000000000000000, 0.0000000000000000000, 0.0000000000000000000 ) ) ;
#668 = ADVANCED_FACE ( 'NONE', ( #828 ), #267, .F. ) ;
#669 = ORIENTED_EDGE ( 'NONE', *, *, #1123, .T. ) ;
#670 = DIRECTION ( 'NONE',  ( -0.0000000000000000000, -0.0000000000000000000, 1.000000000000000000 ) ) ;
#671 = EDGE_CURVE ( 'NONE', #1052, #631, #738, .T. ) ;
#672 = ORIENTED_EDGE ( 'NONE', *, *, #958, .F. ) ;
#673 = CARTESIAN_POINT ( 'NONE',  ( 30.00000000000000000, 0.0000000000000000000, -2.500000000000000444 ) ) ;
#674 = DIRECTION ( 'NONE',  ( 1.000000000000000000, 0.0000000000000000000, 0.0000000000000000000 ) ) ;
#675 = AXIS2_PLACEMENT_3D ( 'NONE', #1731, #452, #1748 ) ;
#676 = DIRECTION ( 'NONE',  ( 0.0000000000000000000, 0.0000000000000000000, 1.000000000000000000 ) ) ;
#677 =( LENGTH_UNIT ( ) NAMED_UNIT ( * ) SI_UNIT ( .MILLI., .METRE. ) );
#678 = ADVANCED_FACE ( 'NONE', ( #1206 ), #1815, .T. ) ;
#679 = EDGE_CURVE ( 'NONE', #11, #1139, #1315, .T. ) ;
#680 = CARTESIAN_POINT ( 'NONE',  ( 10.00000000000000178, 3.999999999999999112, -24.00000000000000355 ) ) ;
#681 = APPLICATION_CONTEXT ( 'configuration controlled 3d designs of mechanical parts and assemblies' ) ;
#682 = ORIENTED_EDGE ( 'NONE', *, *, #524, .T. ) ;
#683 = AXIS2_PLACEMENT_3D ( 'NONE', #1619, #1597, #457 ) ;
#684 = FACE_OUTER_BOUND ( 'NONE', #1783, .T. ) ;
#685 = DIRECTION ( 'NONE',  ( 0.0000000000000000000, 0.0000000000000000000, 1.000000000000000000 ) ) ;
#686 = ADVANCED_FACE ( 'NONE', ( #1023 ), #1261, .F. ) ;
#687 = FACE_OUTER_BOUND ( 'NONE', #1042, .T. ) ;
#688 = ORIENTED_EDGE ( 'NONE', *, *, #257, .F. ) ;
#689 = DIRECTION ( 'NONE',  ( 0.0000000000000000000, 1.000000000000000000, 0.0000000000000000000 ) ) ;
#690 = VECTOR ( 'NONE', #915, 1000.000000000000000 ) ;
#691 = EDGE_LOOP ( 'NONE', ( #1410, #601, #894, #299, #1127, #1278, #1119, #1164, #327, #1124, #136, #243, #1455 ) ) ;
#692 = APPLICATION_PROTOCOL_DEFINITION ( 'international standard', 'config_control_design', 1994, #1260 ) ;
#693 = VERTEX_POINT ( 'NONE', #966 ) ;
#694 = EDGE_CURVE ( 'NONE', #642, #617, #1163, .T. ) ;
#695 = VERTEX_POINT ( 'NONE', #121 ) ;
#696 = DIRECTION ( 'NONE',  ( 0.0000000000000000000, 1.000000000000000000, 0.0000000000000000000 ) ) ;
#697 = CARTESIAN_POINT ( 'NONE',  ( 20.62619481790170184, 11.50000000000000000, -16.00000000000000355 ) ) ;
#698 = AXIS2_PLACEMENT_3D ( 'NONE', #763, #1333, #1750 ) ;
#699 = DIRECTION ( 'NONE',  ( 0.0000000000000000000, 0.0000000000000000000, 1.000000000000000000 ) ) ;
#700 = AXIS2_PLACEMENT_3D ( 'NONE', #793, #517, #799 ) ;
#701 = MANIFOLD_SOLID_BREP ( 'LPattern1', #1292 ) ;
#702 = DIRECTION ( 'NONE',  ( -0.0000000000000000000, -0.0000000000000000000, 1.000000000000000000 ) ) ;
#703 = CARTESIAN_POINT ( 'NONE',  ( 22.94015449773448623, 0.0000000000000000000, -2.500000000000000000 ) ) ;
#704 = CYLINDRICAL_SURFACE ( 'NONE', #425, 0.9500000000000002887 ) ;
#705 = CARTESIAN_POINT ( 'NONE',  ( 5.367042029500880496, 8.125000000000000000, 0.0000000000000000000 ) ) ;
#706 = ORIENTED_EDGE ( 'NONE', *, *, #1247, .T. ) ;
#707 = LINE ( 'NONE', #950, #571 ) ;
#708 = AXIS2_PLACEMENT_3D ( 'NONE', #306, #1170, #1035 ) ;
#709 = VERTEX_POINT ( 'NONE', #703 ) ;
#710 = LINE ( 'NONE', #1172, #333 ) ;
#711 = DIRECTION ( 'NONE',  ( -0.0000000000000000000, -0.0000000000000000000, 1.000000000000000000 ) ) ;
#712 = ORIENTED_EDGE ( 'NONE', *, *, #447, .F. ) ;
#713 = EDGE_LOOP ( 'NONE', ( #1031, #120, #1719, #1742 ) ) ;
#714 = DIRECTION ( 'NONE',  ( -0.0000000000000000000, -0.0000000000000000000, 1.000000000000000000 ) ) ;
#715 = VERTEX_POINT ( 'NONE', #126 ) ;
#716 = DIRECTION ( 'NONE',  ( -1.000000000000000000, -0.0000000000000000000, -0.0000000000000000000 ) ) ;
#717 = VERTEX_POINT ( 'NONE', #838 ) ;
#718 = ORIENTED_EDGE ( 'NONE', *, *, #188, .T. ) ;
#719 = EDGE_CURVE ( 'NONE', #1204, #349, #1427, .T. ) ;
#720 = DIRECTION ( 'NONE',  ( 0.0000000000000000000, -0.0000000000000000000, 1.000000000000000000 ) ) ;
#721 = CARTESIAN_POINT ( 'NONE',  ( 12.36053415709829828, 11.50000000000000000, -16.00000000000000355 ) ) ;
#722 = EDGE_CURVE ( 'NONE', #663, #119, #1406, .T. ) ;
#723 = CARTESIAN_POINT ( 'NONE',  ( 3.499999999999999556, 2.500000000000000444, -13.50000000000000000 ) ) ;
#724 = CARTESIAN_POINT ( 'NONE',  ( 11.20141481790170168, 11.50000000000000000, -16.00000000000000355 ) ) ;
#725 = DATE_TIME_ROLE ( 'classification_date' ) ;
#726 = EDGE_CURVE ( 'NONE', #162, #1551, #636, .T. ) ;
#727 = LINE ( 'NONE', #969, #348 ) ;
#728 = DIRECTION ( 'NONE',  ( -0.0000000000000000000, -0.0000000000000000000, -1.000000000000000000 ) ) ;
#729 = VERTEX_POINT ( 'NONE', #997 ) ;
#730 = CARTESIAN_POINT ( 'NONE',  ( 29.99999999999999645, 8.125000000000000000, -19.00000000000000355 ) ) ;
#731 = VECTOR ( 'NONE', #1058, 1000.000000000000000 ) ;
#732 = VECTOR ( 'NONE', #1351, 1000.000000000000000 ) ;
#733 = EDGE_CURVE ( 'NONE', #539, #315, #933, .T. ) ;
#734 = VECTOR ( 'NONE', #895, 1000.000000000000000 ) ;
#735 = ORIENTED_EDGE ( 'NONE', *, *, #1309, .F. ) ;
#736 = LINE ( 'NONE', #832, #29 ) ;
#737 = SECURITY_CLASSIFICATION ( '', '', #1166 ) ;
#738 = LINE ( 'NONE', #1811, #1777 ) ;
#739 = VERTEX_POINT ( 'NONE', #1134 ) ;
#740 = CARTESIAN_POINT ( 'NONE',  ( 13.58893369774670745, 8.125000000000000000, 0.0000000000000000000 ) ) ;
#741 = VERTEX_POINT ( 'NONE', #152 ) ;
#742 = DIRECTION ( 'NONE',  ( -0.0000000000000000000, -0.0000000000000000000, 1.000000000000000000 ) ) ;
#743 = ORIENTED_EDGE ( 'NONE', *, *, #814, .T. ) ;
#744 = DIRECTION ( 'NONE',  ( -0.9396926207859105373, 0.3420201433256628287, 0.0000000000000000000 ) ) ;
#745 = CARTESIAN_POINT ( 'NONE',  ( 24.11018527725329363, 8.125000000000000000, -16.00000000000000000 ) ) ;
#746 = DIRECTION ( 'NONE',  ( 1.000000000000000000, 0.0000000000000000000, 0.0000000000000000000 ) ) ;
#747 = DIRECTION ( 'NONE',  ( 0.0000000000000000000, 0.0000000000000000000, 1.000000000000000000 ) ) ;
#748 = CARTESIAN_POINT ( 'NONE',  ( 6.489024817901700715, 11.50000000000000000, -16.00000000000000355 ) ) ;
#749 = VECTOR ( 'NONE', #1137, 1000.000000000000000 ) ;
#750 = DIRECTION ( 'NONE',  ( 0.0000000000000000000, 0.0000000000000000000, -1.000000000000000000 ) ) ;
#751 = VECTOR ( 'NONE', #643, 1000.000000000000000 ) ;
#752 = EDGE_CURVE ( 'NONE', #1201, #32, #1341, .T. ) ;
#753 = ORIENTED_EDGE ( 'NONE', *, *, #719, .F. ) ;
#754 = CIRCLE ( 'NONE', #1415, 4.349999999999999645 ) ;
#755 = DIRECTION ( 'NONE',  ( 1.000000000000000000, -0.0000000000000000000, -0.0000000000000000000 ) ) ;
#756 = EDGE_LOOP ( 'NONE', ( #829, #1467, #868, #311 ) ) ;
#757 = VECTOR ( 'NONE', #1766, 1000.000000000000000 ) ;
#758 = CARTESIAN_POINT ( 'NONE',  ( 30.00000000000000000, 0.0000000000000000000, 0.0000000000000000000 ) ) ;
#759 = VECTOR ( 'NONE', #1520, 1000.000000000000000 ) ;
#760 = EDGE_CURVE ( 'NONE', #1832, #623, #245, .T. ) ;
#761 = ORIENTED_EDGE ( 'NONE', *, *, #1270, .T. ) ;
#762 = ORIENTED_EDGE ( 'NONE', *, *, #1561, .T. ) ;
#763 = CARTESIAN_POINT ( 'NONE',  ( 0.6546530545008826252, 8.125000000000000000, -16.00000000000000000 ) ) ;
#764 = ORIENTED_EDGE ( 'NONE', *, *, #1018, .T. ) ;
#765 = AXIS2_PLACEMENT_3D ( 'NONE', #769, #356, #205 ) ;
#766 = ORIENTED_EDGE ( 'NONE', *, *, #945, .T. ) ;
#767 = PLANE ( 'NONE',  #320 ) ;
#768 = ORIENTED_EDGE ( 'NONE', *, *, #904, .F. ) ;
#769 = CARTESIAN_POINT ( 'NONE',  ( 34.00000000000000000, 3.999999999999998224, -8.000000000000000000 ) ) ;
#770 = EDGE_CURVE ( 'NONE', #1489, #597, #220, .T. ) ;
#771 = DIRECTION ( 'NONE',  ( 1.000000000000000000, 0.0000000000000000000, 0.0000000000000000000 ) ) ;
#772 = AXIS2_PLACEMENT_3D ( 'NONE', #1690, #415, #1411 ) ;
#773 = DIRECTION ( 'NONE',  ( 0.0000000000000000000, 0.0000000000000000000, 1.000000000000000000 ) ) ;
#774 = PLANE ( 'NONE',  #198 ) ;
#775 = CALENDAR_DATE ( 2019, 12, 12 ) ;
#776 = ORIENTED_EDGE ( 'NONE', *, *, #1596, .F. ) ;
#777 = VECTOR ( 'NONE', #1796, 1000.000000000000000 ) ;
#778 = VERTEX_POINT ( 'NONE', #21 ) ;
#779 = EDGE_CURVE ( 'NONE', #788, #709, #485, .T. ) ;
#780 = VECTOR ( 'NONE', #560, 1000.000000000000000 ) ;
#781 = ORIENTED_EDGE ( 'NONE', *, *, #1232, .F. ) ;
#782 = VERTEX_POINT ( 'NONE', #1289 ) ;
#783 = CARTESIAN_POINT ( 'NONE',  ( 26.50000000000000000, 2.500000000000000000, -13.50000000000000000 ) ) ;
#784 = FACE_OUTER_BOUND ( 'NONE', #492, .T. ) ;
#785 = ORIENTED_EDGE ( 'NONE', *, *, #24, .F. ) ;
#786 = DIRECTION ( 'NONE',  ( 0.0000000000000000000, 0.0000000000000000000, 1.000000000000000000 ) ) ;
#787 = AXIS2_PLACEMENT_3D ( 'NONE', #1194, #75, #1357 ) ;
#788 = VERTEX_POINT ( 'NONE', #1 ) ;
#789 = DIRECTION ( 'NONE',  ( -0.0000000000000000000, -0.0000000000000000000, -1.000000000000000000 ) ) ;
#790 = ORIENTED_EDGE ( 'NONE', *, *, #1632, .F. ) ;
#791 = DIRECTION ( 'NONE',  ( 0.0000000000000000000, 0.0000000000000000000, -1.000000000000000000 ) ) ;
#792 = EDGE_CURVE ( 'NONE', #1823, #1425, #1386, .T. ) ;
#793 = CARTESIAN_POINT ( 'NONE',  ( 3.499999999999999556, 2.500000000000000444, -2.500000000000000000 ) ) ;
#794 = ADVANCED_FACE ( 'NONE', ( #290 ), #280, .T. ) ;
#795 = AXIS2_PLACEMENT_3D ( 'NONE', #1389, #1244, #390 ) ;
#796 = DIRECTION ( 'NONE',  ( -0.0000000000000000000, -0.0000000000000000000, 1.000000000000000000 ) ) ;
#797 = AXIS2_PLACEMENT_3D ( 'NONE', #137, #398, #546 ) ;
#798 = FACE_OUTER_BOUND ( 'NONE', #1209, .T. ) ;
#799 = DIRECTION ( 'NONE',  ( 1.000000000000000000, 0.0000000000000000000, 0.0000000000000000000 ) ) ;
#800 = CIRCLE ( 'NONE', #1553, 4.349999999999999645 ) ;
#801 = ORIENTED_EDGE ( 'NONE', *, *, #491, .T. ) ;
#802 = FACE_OUTER_BOUND ( 'NONE', #1449, .T. ) ;
#803 = ADVANCED_FACE ( 'NONE', ( #113 ), #858, .T. ) ;
#804 = LINE ( 'NONE', #1478, #1276 ) ;
#805 = ORIENTED_EDGE ( 'NONE', *, *, #1140, .F. ) ;
#806 = VERTEX_POINT ( 'NONE', #433 ) ;
#807 = DIRECTION ( 'NONE',  ( -1.000000000000000000, 0.0000000000000000000, 0.0000000000000000000 ) ) ;
#808 = EDGE_LOOP ( 'NONE', ( #383, #1658, #31, #913 ) ) ;
#809 = CARTESIAN_POINT ( 'NONE',  ( 21.78531415709829844, 11.50000000000000000, -16.00000000000000355 ) ) ;
#810 = AXIS2_PLACEMENT_3D ( 'NONE', #1463, #471, #316 ) ;
#811 = DIRECTION ( 'NONE',  ( 0.0000000000000000000, 0.0000000000000000000, 1.000000000000000000 ) ) ;
#812 = ADVANCED_FACE ( 'NONE', ( #575 ), #1015, .T. ) ;
#814 = EDGE_CURVE ( 'NONE', #1228, #693, #1757, .T. ) ;
#813 = DIRECTION ( 'NONE',  ( -0.0000000000000000000, -0.0000000000000000000, 1.000000000000000000 ) ) ;
#815 = DIRECTION ( 'NONE',  ( 0.0000000000000000000, 0.0000000000000000000, -1.000000000000000000 ) ) ;
#816 = AXIS2_PLACEMENT_3D ( 'NONE', #841, #1034, #746 ) ;
#817 = PLANE ( 'NONE',  #273 ) ;
#818 = ADVANCED_FACE ( 'NONE', ( #1363 ), #180, .F. ) ;
#819 = ORIENTED_EDGE ( 'NONE', *, *, #979, .T. ) ;
#820 = VECTOR ( 'NONE', #1340, 1000.000000000000000 ) ;
#821 = DIRECTION ( 'NONE',  ( 1.000000000000000000, 0.0000000000000000000, 0.0000000000000000000 ) ) ;
#822 = ORIENTED_EDGE ( 'NONE', *, *, #833, .F. ) ;
#823 =( NAMED_UNIT ( * ) SI_UNIT ( $, .STERADIAN. ) SOLID_ANGLE_UNIT ( ) );
#824 = LINE ( 'NONE', #174, #442 ) ;
#825 = ORIENTED_EDGE ( 'NONE', *, *, #652, .F. ) ;
#826 = VECTOR ( 'NONE', #1148, 1000.000000000000000 ) ;
#827 = EDGE_CURVE ( 'NONE', #405, #341, #1674, .T. ) ;
#828 = FACE_OUTER_BOUND ( 'NONE', #1165, .T. ) ;
#829 = ORIENTED_EDGE ( 'NONE', *, *, #1213, .F. ) ;
#830 = DIRECTION ( 'NONE',  ( 0.0000000000000000000, 0.0000000000000000000, 1.000000000000000000 ) ) ;
#831 = ORIENTED_EDGE ( 'NONE', *, *, #594, .T. ) ;
#832 = CARTESIAN_POINT ( 'NONE',  ( 15.91380481790170087, 11.50000000000000000, -16.00000000000000355 ) ) ;
#833 = EDGE_CURVE ( 'NONE', #555, #1094, #353, .T. ) ;
#834 = ORIENTED_EDGE ( 'NONE', *, *, #1371, .F. ) ;
#835 = CARTESIAN_POINT ( 'NONE',  ( 0.0000000000000000000, 0.0000000000000000000, 0.0000000000000000000 ) ) ;
#836 = ADVANCED_FACE ( 'NONE', ( #1735 ), #308, .T. ) ;
#837 = AXIS2_PLACEMENT_3D ( 'NONE', #835, #699, #1552 ) ;
#838 = CARTESIAN_POINT ( 'NONE',  ( 1.776634817901700414, 11.50000000000000000, -16.00000000000000355 ) ) ;
#839 = APPLICATION_PROTOCOL_DEFINITION ( 'international standard', 'config_control_design', 1994, #681 ) ;
#840 = PRODUCT_DEFINITION_SHAPE ( 'NONE', 'NONE',  #890 ) ;
#841 = CARTESIAN_POINT ( 'NONE',  ( 26.50000000000000000, 2.500000000000000000, -2.500000000000000000 ) ) ;
#842 = LOCAL_TIME ( 17, 8, 46.00000000000000000, #1218 ) ;
#843 = CARTESIAN_POINT ( 'NONE',  ( 1.776634817901700414, 11.50000000000000000, -16.00000000000000355 ) ) ;
#844 = ORIENTED_EDGE ( 'NONE', *, *, #1007, .T. ) ;
#845 = FACE_OUTER_BOUND ( 'NONE', #494, .T. ) ;
#846 = CARTESIAN_POINT ( 'NONE',  ( 19.50420895450087144, 8.125000000000000000, -16.00000000000000000 ) ) ;
#847 = LINE ( 'NONE', #498, #1670 ) ;
#848 = ORIENTED_EDGE ( 'NONE', *, *, #239, .T. ) ;
#849 = ORIENTED_EDGE ( 'NONE', *, *, #1767, .T. ) ;
#850 = ORIENTED_EDGE ( 'NONE', *, *, #1632, .T. ) ;
#851 = EDGE_CURVE ( 'NONE', #1070, #548, #662, .T. ) ;
#852 = CARTESIAN_POINT ( 'NONE',  ( 34.00000000000000000, 3.999999999999998224, -3.999999999999999112 ) ) ;
#853 = ORIENTED_EDGE ( 'NONE', *, *, #394, .T. ) ;
#854 = CARTESIAN_POINT ( 'NONE',  ( 14.79181997950087535, 8.125000000000000000, -16.00000000000000000 ) ) ;
#855 = EDGE_CURVE ( 'NONE', #642, #487, #1202, .T. ) ;
#856 = CARTESIAN_POINT ( 'NONE',  ( 7.648144157098298201, 11.50000000000000000, -16.00000000000000355 ) ) ;
#857 = AXIS2_PLACEMENT_3D ( 'NONE', #1529, #1514, #1105 ) ;
#858 = PLANE ( 'NONE',  #1033 ) ;
#859 = CARTESIAN_POINT ( 'NONE',  ( 5.260625277253292431, 8.125000000000000000, -16.00000000000000000 ) ) ;
#860 = CARTESIAN_POINT ( 'NONE',  ( 0.0000000000000000000, 8.125000000000000000, -16.00000000000000000 ) ) ;
#861 = CARTESIAN_POINT ( 'NONE',  ( 3.499999999999999556, 2.500000000000000444, -2.500000000000000000 ) ) ;
#862 = EDGE_CURVE ( 'NONE', #1161, #252, #976, .T. ) ;
#863 = LINE ( 'NONE', #938, #481 ) ;
#864 = AXIS2_PLACEMENT_3D ( 'NONE', #861, #1423, #300 ) ;
#865 = ORIENTED_EDGE ( 'NONE', *, *, #1767, .F. ) ;
#866 = LINE ( 'NONE', #4, #573 ) ;
#867 = VECTOR ( 'NONE', #714, 1000.000000000000000 ) ;
#868 = ORIENTED_EDGE ( 'NONE', *, *, #594, .F. ) ;
#869 = VECTOR ( 'NONE', #968, 1000.000000000000000 ) ;
#870 = DIRECTION ( 'NONE',  ( -0.3420201433256628287, 0.9396926207859105373, 0.0000000000000000000 ) ) ;
#871 = VECTOR ( 'NONE', #531, 1000.000000000000000 ) ;
#872 = VERTEX_POINT ( 'NONE', #1733 ) ;
#873 = ORIENTED_EDGE ( 'NONE', *, *, #504, .T. ) ;
#874 = EDGE_LOOP ( 'NONE', ( #62, #114, #1145, #1282 ) ) ;
#875 = EDGE_CURVE ( 'NONE', #359, #631, #1647, .T. ) ;
#876 = CARTESIAN_POINT ( 'NONE',  ( 34.00000000000000000, 3.999999999999998224, -5.400000000000000355 ) ) ;
#877 = CARTESIAN_POINT ( 'NONE',  ( 0.0000000000000000000, 11.50000000000000000, 0.0000000000000000000 ) ) ;
#878 = AXIS2_PLACEMENT_3D ( 'NONE', #1834, #1241, #685 ) ;
#879 = DIRECTION ( 'NONE',  ( -0.0000000000000000000, 1.000000000000000000, 0.0000000000000000000 ) ) ;
#880 = EDGE_CURVE ( 'NONE', #1714, #709, #710, .T. ) ;
#881 = LINE ( 'NONE', #510, #1694 ) ;
#882 = ORIENTED_EDGE ( 'NONE', *, *, #1439, .F. ) ;
#883 = CARTESIAN_POINT ( 'NONE',  ( 1.776634817901700414, 11.50000000000000000, 0.0000000000000000000 ) ) ;
#884 = VECTOR ( 'NONE', #1374, 1000.000000000000000 ) ;
#885 = ORIENTED_EDGE ( 'NONE', *, *, #524, .F. ) ;
#886 = AXIS2_PLACEMENT_3D ( 'NONE', #214, #647, #1775 ) ;
#887 = VECTOR ( 'NONE', #1677, 1000.000000000000000 ) ;
#888 = EDGE_LOOP ( 'NONE', ( #374, #142 ) ) ;
#889 = DIRECTION ( 'NONE',  ( 0.0000000000000000000, -1.000000000000000000, -0.0000000000000000000 ) ) ;
#890 = PRODUCT_DEFINITION ( 'UNKNOWN', '', #470, #157 ) ;
#891 = VECTOR ( 'NONE', #336, 1000.000000000000000 ) ;
#892 = VERTEX_POINT ( 'NONE', #1191 ) ;
#893 = CARTESIAN_POINT ( 'NONE',  ( 3.499999999999999556, 2.500000000000000444, -19.00000000000000355 ) ) ;
#894 = ORIENTED_EDGE ( 'NONE', *, *, #210, .T. ) ;
#895 = DIRECTION ( 'NONE',  ( -1.000000000000000000, -0.0000000000000000000, -0.0000000000000000000 ) ) ;
#896 = ORIENTED_EDGE ( 'NONE', *, *, #1581, .F. ) ;
#897 = DIRECTION ( 'NONE',  ( 0.9396926207859105373, 0.3420201433256628287, -0.0000000000000000000 ) ) ;
#898 = CARTESIAN_POINT ( 'NONE',  ( 18.30132369774671020, 8.125000000000000000, -16.00000000000000355 ) ) ;
#899 = DIRECTION ( 'NONE',  ( -1.000000000000000000, -0.0000000000000000000, -0.0000000000000000000 ) ) ;
#900 = CARTESIAN_POINT ( 'NONE',  ( 0.0000000000000000000, 0.0000000000000000000, -13.50000000000000000 ) ) ;
#901 = CARTESIAN_POINT ( 'NONE',  ( 26.50000000000000000, 2.500000000000000000, -2.499999999999998668 ) ) ;
#902 = PLANE ( 'NONE',  #190 ) ;
#903 = FACE_OUTER_BOUND ( 'NONE', #1786, .T. ) ;
#904 = EDGE_CURVE ( 'NONE', #1832, #555, #161, .T. ) ;
#905 = ORIENTED_EDGE ( 'NONE', *, *, #19, .F. ) ;
#906 = LINE ( 'NONE', #1565, #611 ) ;
#907 = CARTESIAN_POINT ( 'NONE',  ( 22.94015449773448623, 0.0000000000000000000, -16.00000000000000000 ) ) ;
#908 = VERTEX_POINT ( 'NONE', #1457 ) ;
#909 = CIRCLE ( 'NONE', #1199, 0.9499999999999995115 ) ;
#910 = DIRECTION ( 'NONE',  ( -0.3420201433256628287, 0.9396926207859105373, 0.0000000000000000000 ) ) ;
#911 = VECTOR ( 'NONE', #1010, 1000.000000000000000 ) ;
#912 = AXIS2_PLACEMENT_3D ( 'NONE', #1258, #256, #97 ) ;
#913 = ORIENTED_EDGE ( 'NONE', *, *, #170, .T. ) ;
#914 = VECTOR ( 'NONE', #689, 1000.000000000000000 ) ;
#915 = DIRECTION ( 'NONE',  ( 1.000000000000000000, -0.0000000000000000000, -0.0000000000000000000 ) ) ;
#916 = LINE ( 'NONE', #1394, #871 ) ;
#917 = VERTEX_POINT ( 'NONE', #883 ) ;
#918 = ORIENTED_EDGE ( 'NONE', *, *, #1497, .T. ) ;
#919 = DIRECTION ( 'NONE',  ( 0.0000000000000000000, 0.0000000000000000000, 1.000000000000000000 ) ) ;
#920 = ORIENTED_EDGE ( 'NONE', *, *, #1817, .F. ) ;
#921 = CARTESIAN_POINT ( 'NONE',  ( 7.059845502265511996, 0.0000000000000000000, -13.50000000000000000 ) ) ;
#922 = EDGE_CURVE ( 'NONE', #693, #917, #824, .T. ) ;
#923 = DIRECTION ( 'NONE',  ( 1.000000000000000000, 0.0000000000000000000, 0.0000000000000000000 ) ) ;
#924 = EDGE_CURVE ( 'NONE', #741, #1429, #1542, .T. ) ;
#925 = CARTESIAN_POINT ( 'NONE',  ( 7.648144157098298201, 11.50000000000000000, -16.00000000000000355 ) ) ;
#926 = APPROVAL ( #8, 'UNSPECIFIED' ) ;
#927 = DIRECTION ( 'NONE',  ( 1.000000000000000000, 0.0000000000000000000, -0.0000000000000000000 ) ) ;
#928 = DIRECTION ( 'NONE',  ( -0.0000000000000000000, -0.0000000000000000000, -1.000000000000000000 ) ) ;
#929 = ORIENTED_EDGE ( 'NONE', *, *, #394, .F. ) ;
#930 = LINE ( 'NONE', #900, #1644 ) ;
#931 = CARTESIAN_POINT ( 'NONE',  ( 10.07943100450087925, 8.125000000000000000, -16.00000000000000000 ) ) ;
#932 = VERTEX_POINT ( 'NONE', #1308 ) ;
#933 = LINE ( 'NONE', #990, #1699 ) ;
#934 = EDGE_LOOP ( 'NONE', ( #1203, #1005, #1136, #230 ) ) ;
#935 = ORIENTED_EDGE ( 'NONE', *, *, #1037, .F. ) ;
#936 = VECTOR ( 'NONE', #1770, 1000.000000000000000 ) ;
#937 = EDGE_LOOP ( 'NONE', ( #660, #1592, #49, #1294 ) ) ;
#938 = CARTESIAN_POINT ( 'NONE',  ( 14.79181997950087535, 8.125000000000000000, -16.00000000000000000 ) ) ;
#939 = AXIS2_PLACEMENT_3D ( 'NONE', #17, #1422, #579 ) ;
#940 = VERTEX_POINT ( 'NONE', #453 ) ;
#941 = VERTEX_POINT ( 'NONE', #745 ) ;
#942 = ADVANCED_FACE ( 'NONE', ( #687 ), #1460, .T. ) ;
#944 = EDGE_CURVE ( 'NONE', #341, #715, #1801, .T. ) ;
#943 = CARTESIAN_POINT ( 'NONE',  ( 0.5482352772532916863, 8.125000000000000000, 0.0000000000000000000 ) ) ;
#945 = EDGE_CURVE ( 'NONE', #952, #631, #955, .T. ) ;
#946 = CARTESIAN_POINT ( 'NONE',  ( 3.499999999999999556, 2.500000000000000444, -19.00000000000000355 ) ) ;
#947 = ADVANCED_FACE ( 'NONE', ( #400 ), #1464, .T. ) ;
#948 = VECTOR ( 'NONE', #36, 1000.000000000000000 ) ;
#949 = PLANE ( 'NONE',  #1281 ) ;
#950 = CARTESIAN_POINT ( 'NONE',  ( 30.00000000000000000, 5.083118270617897672, -2.500000000000000000 ) ) ;
#951 = VECTOR ( 'NONE', #1376, 1000.000000000000000 ) ;
#952 = VERTEX_POINT ( 'NONE', #1036 ) ;
#953 = LINE ( 'NONE', #705, #1513 ) ;
#954 = CARTESIAN_POINT ( 'NONE',  ( 3.499999999999999556, 2.500000000000000444, -2.499999999999998668 ) ) ;
#955 = LINE ( 'NONE', #730, #1587 ) ;
#956 = VERTEX_POINT ( 'NONE', #1749 ) ;
#957 = VERTEX_POINT ( 'NONE', #1214 ) ;
#958 = EDGE_CURVE ( 'NONE', #782, #1204, #616, .T. ) ;
#959 = ORIENTED_EDGE ( 'NONE', *, *, #170, .F. ) ;
#960 = CARTESIAN_POINT ( 'NONE',  ( 10.00000000000000178, 3.999999999999999112, 0.0000000000000000000 ) ) ;
#961 = ORIENTED_EDGE ( 'NONE', *, *, #1169, .F. ) ;
#962 = CARTESIAN_POINT ( 'NONE',  ( 30.00000000000000000, 3.999999999999998224, -10.59999999999999964 ) ) ;
#963 = AXIS2_PLACEMENT_3D ( 'NONE', #1756, #1765, #910 ) ;
#964 = ORIENTED_EDGE ( 'NONE', *, *, #150, .T. ) ;
#965 = DIRECTION ( 'NONE',  ( 1.000000000000000000, 0.0000000000000000000, 0.0000000000000000000 ) ) ;
#967 = EDGE_CURVE ( 'NONE', #90, #516, #27, .T. ) ;
#966 = CARTESIAN_POINT ( 'NONE',  ( 2.935754157098297679, 11.50000000000000000, 0.0000000000000000000 ) ) ;
#968 = DIRECTION ( 'NONE',  ( 0.0000000000000000000, -1.000000000000000000, 0.0000000000000000000 ) ) ;
#969 = CARTESIAN_POINT ( 'NONE',  ( 1.776634817901700414, 11.50000000000000000, -16.00000000000000355 ) ) ;
#970 = AXIS2_PLACEMENT_3D ( 'NONE', #406, #276, #1558 ) ;
#971 = PERSON_AND_ORGANIZATION ( #1360, #177 ) ;
#972 = LINE ( 'NONE', #661, #1821 ) ;
#973 = DIRECTION ( 'NONE',  ( -0.3420201433256628287, -0.9396926207859105373, 0.0000000000000000000 ) ) ;
#974 = ORIENTED_EDGE ( 'NONE', *, *, #491, .F. ) ;
#975 = CIRCLE ( 'NONE', #351, 4.349999999999999645 ) ;
#976 = CIRCLE ( 'NONE', #1708, 2.600000000000000089 ) ;
#977 = ORIENTED_EDGE ( 'NONE', *, *, #1689, .F. ) ;
#978 = ORIENTED_EDGE ( 'NONE', *, *, #924, .T. ) ;
#979 = EDGE_CURVE ( 'NONE', #185, #1429, #1118, .T. ) ;
#980 = FACE_OUTER_BOUND ( 'NONE', #1706, .T. ) ;
#981 = ORIENTED_EDGE ( 'NONE', *, *, #1262, .F. ) ;
#982 = PLANE ( 'NONE',  #178 ) ;
#983 = VERTEX_POINT ( 'NONE', #206 ) ;
#984 = CARTESIAN_POINT ( 'NONE',  ( 11.20141481790170168, 11.50000000000000000, -16.00000000000000355 ) ) ;
#985 = AXIS2_PLACEMENT_3D ( 'NONE', #520, #523, #224 ) ;
#986 = ORIENTED_EDGE ( 'NONE', *, *, #504, .F. ) ;
#987 = DIRECTION ( 'NONE',  ( 1.000000000000000000, 0.0000000000000000000, 0.0000000000000000000 ) ) ;
#988 = CC_DESIGN_PERSON_AND_ORGANIZATION_ASSIGNMENT ( #1060, #1132, ( #890 ) ) ;
#989 = CARTESIAN_POINT ( 'NONE',  ( 25.55000000000000071, 2.500000000000000000, -13.50000000000000000 ) ) ;
#990 = CARTESIAN_POINT ( 'NONE',  ( 30.00000000000000000, 5.083118270617897672, -13.50000000000000000 ) ) ;
#991 = CARTESIAN_POINT ( 'NONE',  ( 8.600000000000003197, 3.999999999999999112, -16.00000000000000000 ) ) ;
#992 = DIRECTION ( 'NONE',  ( -0.0000000000000000000, -0.0000000000000000000, -1.000000000000000000 ) ) ;
#993 = DIRECTION ( 'NONE',  ( -1.000000000000000000, 0.0000000000000000000, 0.0000000000000000000 ) ) ;
#994 = AXIS2_PLACEMENT_3D ( 'NONE', #1176, #590, #50 ) ;
#995 = PLANE ( 'NONE',  #527 ) ;
#996 = LINE ( 'NONE', #1287, #1361 ) ;
#997 = CARTESIAN_POINT ( 'NONE',  ( 17.40000000000000213, 4.000000000000000000, -16.00000000000000000 ) ) ;
#998 = FACE_BOUND ( 'NONE', #1523, .T. ) ;
#999 = ORIENTED_EDGE ( 'NONE', *, *, #367, .T. ) ;
#1000 = CIRCLE ( 'NONE', #246, 4.000000000000000000 ) ;
#1001 = DIRECTION ( 'NONE',  ( 0.0000000000000000000, -1.000000000000000000, -0.0000000000000000000 ) ) ;
#1002 = VECTOR ( 'NONE', #332, 1000.000000000000000 ) ;
#1003 = VERTEX_POINT ( 'NONE', #194 ) ;
#1004 = FACE_OUTER_BOUND ( 'NONE', #1048, .T. ) ;
#1005 = ORIENTED_EDGE ( 'NONE', *, *, #979, .F. ) ;
#1006 = DIRECTION ( 'NONE',  ( -0.0000000000000000000, -0.0000000000000000000, 1.000000000000000000 ) ) ;
#1007 = EDGE_CURVE ( 'NONE', #1198, #729, #1488, .T. ) ;
#1008 = CARTESIAN_POINT ( 'NONE',  ( 10.00000000000000178, 3.999999999999999112, -24.00000000000000355 ) ) ;
#1009 = EDGE_LOOP ( 'NONE', ( #1319, #1097, #509, #1046 ) ) ;
#1010 = DIRECTION ( 'NONE',  ( -0.3420201433256628287, -0.9396926207859105373, 0.0000000000000000000 ) ) ;
#1011 = VERTEX_POINT ( 'NONE', #219 ) ;
#1012 = AXIS2_PLACEMENT_3D ( 'NONE', #186, #1418, #462 ) ;
#1013 = PERSON_AND_ORGANIZATION_ROLE ( 'creator' ) ;
#1014 = DIRECTION ( 'NONE',  ( 0.0000000000000000000, 0.0000000000000000000, -1.000000000000000000 ) ) ;
#1015 = PLANE ( 'NONE',  #1383 ) ;
#1016 = EDGE_CURVE ( 'NONE', #1228, #717, #373, .T. ) ;
#1017 = CARTESIAN_POINT ( 'NONE',  ( 0.0000000000000000000, 11.50000000000000000, -16.00000000000000000 ) ) ;
#1018 = EDGE_CURVE ( 'NONE', #1802, #695, #1382, .T. ) ;
#1019 = FACE_OUTER_BOUND ( 'NONE', #334, .T. ) ;
#1020 = ORIENTED_EDGE ( 'NONE', *, *, #574, .T. ) ;
#1021 = VECTOR ( 'NONE', #1347, 1000.000000000000000 ) ;
#1022 = EDGE_LOOP ( 'NONE', ( #222, #296 ) ) ;
#1023 = FACE_OUTER_BOUND ( 'NONE', #874, .T. ) ;
#1024 = CARTESIAN_POINT ( 'NONE',  ( 24.21659792950087109, 8.125000000000000000, -16.00000000000000000 ) ) ;
#1025 = ORIENTED_EDGE ( 'NONE', *, *, #779, .F. ) ;
#1026 = ORIENTED_EDGE ( 'NONE', *, *, #1041, .T. ) ;
#1027 = DIRECTION ( 'NONE',  ( 0.0000000000000000000, 1.000000000000000000, 0.0000000000000000000 ) ) ;
#1028 = VECTOR ( 'NONE', #1216, 1000.000000000000000 ) ;
#1029 = ORIENTED_EDGE ( 'NONE', *, *, #1306, .F. ) ;
#1030 = ORIENTED_EDGE ( 'NONE', *, *, #770, .T. ) ;
#1031 = ORIENTED_EDGE ( 'NONE', *, *, #1596, .T. ) ;
#1032 = DIRECTION ( 'NONE',  ( 0.0000000000000000000, 0.0000000000000000000, -1.000000000000000000 ) ) ;
#1033 = AXIS2_PLACEMENT_3D ( 'NONE', #724, #12, #169 ) ;
#1034 = DIRECTION ( 'NONE',  ( -0.0000000000000000000, -0.0000000000000000000, 1.000000000000000000 ) ) ;
#1035 = DIRECTION ( 'NONE',  ( 1.000000000000000000, 0.0000000000000000000, 0.0000000000000000000 ) ) ;
#1036 = CARTESIAN_POINT ( 'NONE',  ( 29.99999999999999645, 8.125000000000000000, -16.00000000000000000 ) ) ;
#1037 = EDGE_CURVE ( 'NONE', #778, #956, #847, .T. ) ;
#1038 = PLANE ( 'NONE',  #42 ) ;
#1039 = DIRECTION ( 'NONE',  ( 0.0000000000000000000, 1.000000000000000000, 0.0000000000000000000 ) ) ;
#1040 = VECTOR ( 'NONE', #1501, 1000.000000000000000 ) ;
#1041 = EDGE_CURVE ( 'NONE', #932, #51, #350, .T. ) ;
#1042 = EDGE_LOOP ( 'NONE', ( #1615, #274, #419, #337 ) ) ;
#1043 = CC_DESIGN_APPROVAL ( #223, ( #470 ) ) ;
#1044 = VECTOR ( 'NONE', #1152, 1000.000000000000000 ) ;
#1045 = ORIENTED_EDGE ( 'NONE', *, *, #24, .T. ) ;
#1046 = ORIENTED_EDGE ( 'NONE', *, *, #1155, .T. ) ;
#1047 = DIRECTION ( 'NONE',  ( 0.0000000000000000000, 0.0000000000000000000, 1.000000000000000000 ) ) ;
#1048 = EDGE_LOOP ( 'NONE', ( #981, #1724, #9, #1701 ) ) ;
#1049 = DIRECTION ( 'NONE',  ( 1.000000000000000000, 0.0000000000000000000, 0.0000000000000000000 ) ) ;
#1050 = ORIENTED_EDGE ( 'NONE', *, *, #56, .F. ) ;
#1051 = DIRECTION ( 'NONE',  ( -0.0000000000000000000, -0.0000000000000000000, 1.000000000000000000 ) ) ;
#1052 = VERTEX_POINT ( 'NONE', #1620 ) ;
#1053 = CARTESIAN_POINT ( 'NONE',  ( 4.450000000000000178, 2.500000000000000444, -19.00000000000000355 ) ) ;
#1054 = EDGE_CURVE ( 'NONE', #739, #1003, #1160, .T. ) ;
#1055 = CC_DESIGN_APPROVAL ( #657, ( #890 ) ) ;
#1056 = CARTESIAN_POINT ( 'NONE',  ( 34.00000000000000000, 3.999999999999998224, -5.400000000000000355 ) ) ;
#1057 = DIRECTION ( 'NONE',  ( -0.0000000000000000000, -0.0000000000000000000, 1.000000000000000000 ) ) ;
#1058 = DIRECTION ( 'NONE',  ( -0.0000000000000000000, -0.0000000000000000000, 1.000000000000000000 ) ) ;
#1059 = DIRECTION ( 'NONE',  ( -0.3420201433256628287, 0.9396926207859105373, 0.0000000000000000000 ) ) ;
#1060 = PERSON_AND_ORGANIZATION ( #1360, #177 ) ;
#1061 = EDGE_CURVE ( 'NONE', #51, #23, #439, .T. ) ;
#1062 = ORIENTED_EDGE ( 'NONE', *, *, #760, .F. ) ;
#1063 = CIRCLE ( 'NONE', #683, 1.399999999999998579 ) ;
#1064 = DIRECTION ( 'NONE',  ( -0.3420201433256628287, 0.9396926207859105373, -0.0000000000000000000 ) ) ;
#1065 = CARTESIAN_POINT ( 'NONE',  ( 7.648144157098298201, 11.50000000000000000, 0.0000000000000000000 ) ) ;
#1066 = VECTOR ( 'NONE', #143, 1000.000000000000000 ) ;
#1067 = ORIENTED_EDGE ( 'NONE', *, *, #1556, .F. ) ;
#1068 = VECTOR ( 'NONE', #261, 1000.000000000000000 ) ;
#1069 = CYLINDRICAL_SURFACE ( 'NONE', #304, 0.9499999999999995115 ) ;
#1070 = VERTEX_POINT ( 'NONE', #1639 ) ;
#1071 = ORIENTED_EDGE ( 'NONE', *, *, #295, .T. ) ;
#1072 = DIRECTION ( 'NONE',  ( 1.000000000000000000, 0.0000000000000000000, 0.0000000000000000000 ) ) ;
#1073 = ADVANCED_FACE ( 'NONE', ( #1608 ), #774, .F. ) ;
#1074 = ORIENTED_EDGE ( 'NONE', *, *, #1054, .T. ) ;
#1075 = DIRECTION ( 'NONE',  ( 0.0000000000000000000, 0.0000000000000000000, 1.000000000000000000 ) ) ;
#1077 = EDGE_CURVE ( 'NONE', #171, #1317, #288, .T. ) ;
#1076 = CARTESIAN_POINT ( 'NONE',  ( 11.20141481790170168, 11.50000000000000000, 0.0000000000000000000 ) ) ;
#1078 = PLANE ( 'NONE',  #857 ) ;
#1079 = CARTESIAN_POINT ( 'NONE',  ( 0.5482352772532916863, 8.125000000000000000, -16.00000000000000355 ) ) ;
#1080 = CARTESIAN_POINT ( 'NONE',  ( 11.40000000000000036, 3.999999999999999112, -16.00000000000000000 ) ) ;
#1081 = ADVANCED_FACE ( 'NONE', ( #1824 ), #1637, .T. ) ;
#1082 = CARTESIAN_POINT ( 'NONE',  ( 26.49770415709830118, 11.50000000000000000, -16.00000000000000355 ) ) ;
#1083 = CARTESIAN_POINT ( 'NONE',  ( 4.164153697746706406, 8.125000000000000000, -16.00000000000000355 ) ) ;
#1084 = VECTOR ( 'NONE', #1707, 1000.000000000000000 ) ;
#1085 = LINE ( 'NONE', #1636, #1040 ) ;
#1086 = DIRECTION ( 'NONE',  ( -0.3420201433256628287, -0.9396926207859105373, 0.0000000000000000000 ) ) ;
#1087 = ORIENTED_EDGE ( 'NONE', *, *, #679, .T. ) ;
#1088 = LINE ( 'NONE', #106, #396 ) ;
#1089 = EDGE_LOOP ( 'NONE', ( #403, #1740 ) ) ;
#1090 = CARTESIAN_POINT ( 'NONE',  ( 19.39779527725329089, 8.125000000000000000, -16.00000000000000000 ) ) ;
#1091 = ADVANCED_FACE ( 'NONE', ( #107 ), #1352, .T. ) ;
#1092 = VECTOR ( 'NONE', #1154, 1000.000000000000000 ) ;
#1093 = ORIENTED_EDGE ( 'NONE', *, *, #1169, .T. ) ;
#1094 = VERTEX_POINT ( 'NONE', #1369 ) ;
#1095 = DIRECTION ( 'NONE',  ( -1.000000000000000000, 0.0000000000000000000, 0.0000000000000000000 ) ) ;
#1096 = AXIS2_PLACEMENT_3D ( 'NONE', #1602, #466, #39 ) ;
#1097 = ORIENTED_EDGE ( 'NONE', *, *, #944, .F. ) ;
#1098 = VERTEX_POINT ( 'NONE', #213 ) ;
#1099 = CARTESIAN_POINT ( 'NONE',  ( 0.0000000000000000000, 0.0000000000000000000, -2.500000000000000444 ) ) ;
#1100 = ORIENTED_EDGE ( 'NONE', *, *, #338, .F. ) ;
#1101 = DIRECTION ( 'NONE',  ( 0.0000000000000000000, 0.0000000000000000000, -1.000000000000000000 ) ) ;
#1102 = CARTESIAN_POINT ( 'NONE',  ( 0.0000000000000000000, 11.50000000000000000, 0.0000000000000000000 ) ) ;
#1104 = EDGE_CURVE ( 'NONE', #739, #1317, #800, .T. ) ;
#1103 = CARTESIAN_POINT ( 'NONE',  ( 30.00000000000000000, -2.602085213965210642E-15, -8.000000000000000000 ) ) ;
#1105 = DIRECTION ( 'NONE',  ( 0.0000000000000000000, 0.0000000000000000000, -1.000000000000000000 ) ) ;
#1106 = AXIS2_PLACEMENT_3D ( 'NONE', #1560, #702, #281 ) ;
#1107 = CARTESIAN_POINT ( 'NONE',  ( 8.600000000000003197, 3.999999999999999112, 0.0000000000000000000 ) ) ;
#1108 = LOCAL_TIME ( 17, 8, 46.00000000000000000, #1691 ) ;
#1109 = CARTESIAN_POINT ( 'NONE',  ( 26.50000000000000000, 2.500000000000000000, -16.00000000000000000 ) ) ;
#1110 = VECTOR ( 'NONE', #811, 1000.000000000000000 ) ;
#1111 = DIRECTION ( 'NONE',  ( -0.0000000000000000000, -0.0000000000000000000, 1.000000000000000000 ) ) ;
#1112 = ADVANCED_FACE ( 'NONE', ( #1272, #1200, #83 ), #817, .T. ) ;
#1113 = ORIENTED_EDGE ( 'NONE', *, *, #1405, .F. ) ;
#1114 = LINE ( 'NONE', #382, #887 ) ;
#1115 = EDGE_CURVE ( 'NONE', #1802, #1280, #863, .T. ) ;
#1116 = VECTOR ( 'NONE', #127, 1000.000000000000000 ) ;
#1117 = PLANE ( 'NONE',  #772 ) ;
#1118 = LINE ( 'NONE', #343, #310 ) ;
#1119 = ORIENTED_EDGE ( 'NONE', *, *, #1755, .F. ) ;
#1120 = LINE ( 'NONE', #441, #826 ) ;
#1121 = DIRECTION ( 'NONE',  ( 1.000000000000000000, 0.0000000000000000000, 0.0000000000000000000 ) ) ;
#1122 = VECTOR ( 'NONE', #366, 1000.000000000000000 ) ;
#1123 = EDGE_CURVE ( 'NONE', #487, #957, #659, .T. ) ;
#1124 = ORIENTED_EDGE ( 'NONE', *, *, #851, .F. ) ;
#1125 = CARTESIAN_POINT ( 'NONE',  ( 17.07292415709829925, 11.50000000000000000, -16.00000000000000355 ) ) ;
#1126 = EDGE_LOOP ( 'NONE', ( #1062, #1536, #1485, #377 ) ) ;
#1127 = ORIENTED_EDGE ( 'NONE', *, *, #779, .T. ) ;
#1128 = DIRECTION ( 'NONE',  ( 1.000000000000000000, -0.0000000000000000000, -0.0000000000000000000 ) ) ;
#1129 = CARTESIAN_POINT ( 'NONE',  ( 7.059845502265511996, 0.0000000000000000000, -16.00000000000000000 ) ) ;
#1130 = DIRECTION ( 'NONE',  ( -0.0000000000000000000, -0.0000000000000000000, -1.000000000000000000 ) ) ;
#1131 = PLANE ( 'NONE',  #1746 ) ;
#1132 = PERSON_AND_ORGANIZATION_ROLE ( 'creator' ) ;
#1133 = FACE_OUTER_BOUND ( 'NONE', #1273, .T. ) ;
#1134 = CARTESIAN_POINT ( 'NONE',  ( 0.0000000000000000000, 5.083118270617898560, -13.50000000000000000 ) ) ;
#1135 = CYLINDRICAL_SURFACE ( 'NONE', #259, 4.000000000000000888 ) ;
#1136 = ORIENTED_EDGE ( 'NONE', *, *, #1651, .T. ) ;
#1137 = DIRECTION ( 'NONE',  ( 1.000000000000000000, 0.0000000000000000000, 0.0000000000000000000 ) ) ;
#1138 = CIRCLE ( 'NONE', #939, 4.349999999999999645 ) ;
#1139 = VERTEX_POINT ( 'NONE', #1065 ) ;
#1140 = EDGE_CURVE ( 'NONE', #307, #1494, #1466, .T. ) ;
#1141 = CIRCLE ( 'NONE', #985, 1.399999999999998579 ) ;
#1142 = DIRECTION ( 'NONE',  ( -0.3420201433256628287, -0.9396926207859105373, 0.0000000000000000000 ) ) ;
#1143 = EDGE_LOOP ( 'NONE', ( #1074, #1564, #1810, #1700 ) ) ;
#1144 = EDGE_LOOP ( 'NONE', ( #426, #1067, #216, #641 ) ) ;
#1145 = ORIENTED_EDGE ( 'NONE', *, *, #671, .T. ) ;
#1146 = EDGE_CURVE ( 'NONE', #405, #34, #241, .T. ) ;
#1147 = ORIENTED_EDGE ( 'NONE', *, *, #1297, .T. ) ;
#1148 = DIRECTION ( 'NONE',  ( 0.0000000000000000000, 0.0000000000000000000, 1.000000000000000000 ) ) ;
#1149 = ORIENTED_EDGE ( 'NONE', *, *, #726, .T. ) ;
#1150 = CC_DESIGN_DATE_AND_TIME_ASSIGNMENT ( #1355, #725, ( #737 ) ) ;
#1151 = CARTESIAN_POINT ( 'NONE',  ( 0.0000000000000000000, 5.083118270617898560, -2.500000000000000000 ) ) ;
#1152 = DIRECTION ( 'NONE',  ( 0.0000000000000000000, 0.0000000000000000000, 1.000000000000000000 ) ) ;
#1153 = DIRECTION ( 'NONE',  ( 1.000000000000000000, 0.0000000000000000000, 0.0000000000000000000 ) ) ;
#1154 = DIRECTION ( 'NONE',  ( 0.0000000000000000000, 0.0000000000000000000, 1.000000000000000000 ) ) ;
#1155 = EDGE_CURVE ( 'NONE', #1519, #664, #41, .T. ) ;
#1156 = PERSON_AND_ORGANIZATION ( #1360, #177 ) ;
#1157 = VECTOR ( 'NONE', #1548, 1000.000000000000000 ) ;
#1158 = CARTESIAN_POINT ( 'NONE',  ( 7.059845502265511996, 0.0000000000000000000, -13.50000000000000000 ) ) ;
#1159 = ORIENTED_EDGE ( 'NONE', *, *, #371, .T. ) ;
#1160 = LINE ( 'NONE', #635, #1223 ) ;
#1161 = VERTEX_POINT ( 'NONE', #962 ) ;
#1162 = LINE ( 'NONE', #567, #1295 ) ;
#1163 = CIRCLE ( 'NONE', #607, 4.349999999999999645 ) ;
#1164 = ORIENTED_EDGE ( 'NONE', *, *, #33, .F. ) ;
#1165 = EDGE_LOOP ( 'NONE', ( #929, #65, #189, #1604 ) ) ;
#1166 = SECURITY_CLASSIFICATION_LEVEL ( 'unclassified' ) ;
#1167 = FACE_OUTER_BOUND ( 'NONE', #713, .T. ) ;
#1168 = ORIENTED_EDGE ( 'NONE', *, *, #313, .F. ) ;
#1169 = EDGE_CURVE ( 'NONE', #806, #450, #60, .T. ) ;
#1170 = DIRECTION ( 'NONE',  ( 0.0000000000000000000, 0.0000000000000000000, 1.000000000000000000 ) ) ;
#1171 = ORIENTED_EDGE ( 'NONE', *, *, #1354, .T. ) ;
#1172 = CARTESIAN_POINT ( 'NONE',  ( 22.94015449773448623, 0.0000000000000000000, -2.500000000000000000 ) ) ;
#1173 = ORIENTED_EDGE ( 'NONE', *, *, #209, .T. ) ;
#1174 = AXIS2_PLACEMENT_3D ( 'NONE', #1017, #1027, #176 ) ;
#1175 = DIRECTION ( 'NONE',  ( 0.0000000000000000000, 0.0000000000000000000, -1.000000000000000000 ) ) ;
#1176 = CARTESIAN_POINT ( 'NONE',  ( 10.00000000000000178, 3.999999999999999112, -16.00000000000000000 ) ) ;
#1177 = EDGE_CURVE ( 'NONE', #778, #1803, #138, .T. ) ;
#1178 = CARTESIAN_POINT ( 'NONE',  ( 30.00000000000000000, 3.999999999999998224, -3.999999999999999112 ) ) ;
#1179 = DIRECTION ( 'NONE',  ( 0.0000000000000000000, 0.0000000000000000000, 1.000000000000000000 ) ) ;
#1180 = LINE ( 'NONE', #1562, #1084 ) ;
#1181 = DIRECTION ( 'NONE',  ( -1.000000000000000000, 0.0000000000000000000, 0.0000000000000000000 ) ) ;
#1182 = CIRCLE ( 'NONE', #708, 4.349999999999999645 ) ;
#1183 = CIRCLE ( 'NONE', #1613, 1.399999999999998579 ) ;
#1184 = ORIENTED_EDGE ( 'NONE', *, *, #301, .F. ) ;
#1185 = DIRECTION ( 'NONE',  ( -1.000000000000000000, -0.0000000000000000000, -0.0000000000000000000 ) ) ;
#1186 = VECTOR ( 'NONE', #363, 1000.000000000000000 ) ;
#1187 = ORIENTED_EDGE ( 'NONE', *, *, #1588, .F. ) ;
#1188 = CARTESIAN_POINT ( 'NONE',  ( 34.00000000000000000, 3.999999999999998224, -10.59999999999999964 ) ) ;
#1189 = ORIENTED_EDGE ( 'NONE', *, *, #1016, .F. ) ;
#1190 = ORIENTED_EDGE ( 'NONE', *, *, #193, .F. ) ;
#1191 = CARTESIAN_POINT ( 'NONE',  ( 7.059845502265511996, 0.0000000000000000000, -2.500000000000000000 ) ) ;
#1192 = AXIS2_PLACEMENT_3D ( 'NONE', #393, #813, #1401 ) ;
#1193 = DIRECTION ( 'NONE',  ( -0.3420201433256628287, 0.9396926207859105373, -0.0000000000000000000 ) ) ;
#1194 = CARTESIAN_POINT ( 'NONE',  ( 16.00000000000000355, 4.000000000000000000, -16.00000000000000000 ) ) ;
#1195 = EDGE_CURVE ( 'NONE', #664, #693, #1088, .T. ) ;
#1196 = CARTESIAN_POINT ( 'NONE',  ( 26.50000000000000000, 2.500000000000000000, -2.500000000000000000 ) ) ;
#1197 = FACE_OUTER_BOUND ( 'NONE', #1737, .T. ) ;
#1198 = VERTEX_POINT ( 'NONE', #518 ) ;
#1199 = AXIS2_PLACEMENT_3D ( 'NONE', #488, #200, #67 ) ;
#1200 = FACE_BOUND ( 'NONE', #514, .T. ) ;
#1201 = VERTEX_POINT ( 'NONE', #1518 ) ;
#1202 = LINE ( 'NONE', #472, #1002 ) ;
#1203 = ORIENTED_EDGE ( 'NONE', *, *, #615, .F. ) ;
#1204 = VERTEX_POINT ( 'NONE', #513 ) ;
#1205 = DIRECTION ( 'NONE',  ( -1.000000000000000000, -0.0000000000000000000, -0.0000000000000000000 ) ) ;
#1206 = FACE_OUTER_BOUND ( 'NONE', #691, .T. ) ;
#1207 = ORIENTED_EDGE ( 'NONE', *, *, #410, .T. ) ;
#1208 = DIRECTION ( 'NONE',  ( 0.9396926207859105373, 0.3420201433256628287, -0.0000000000000000000 ) ) ;
#1209 = EDGE_LOOP ( 'NONE', ( #6, #93, #1359, #1393 ) ) ;
#1210 = EDGE_CURVE ( 'NONE', #1722, #957, #1114, .T. ) ;
#1211 = VERTEX_POINT ( 'NONE', #1252 ) ;
#1212 = CARTESIAN_POINT ( 'NONE',  ( 3.499999999999999556, 2.500000000000000444, -13.50000000000000000 ) ) ;
#1213 = EDGE_CURVE ( 'NONE', #663, #557, #1486, .T. ) ;
#1214 = CARTESIAN_POINT ( 'NONE',  ( 0.0000000000000000000, 5.083118270617898560, 0.0000000000000000000 ) ) ;
#1215 = CC_DESIGN_PERSON_AND_ORGANIZATION_ASSIGNMENT ( #1332, #305, ( #737 ) ) ;
#1216 = DIRECTION ( 'NONE',  ( 0.0000000000000000000, 0.0000000000000000000, 1.000000000000000000 ) ) ;
#1217 = CARTESIAN_POINT ( 'NONE',  ( 0.0000000000000000000, 11.50000000000000000, -16.00000000000000000 ) ) ;
#1218 = COORDINATED_UNIVERSAL_TIME_OFFSET ( 0, 0, .AHEAD. ) ;
#1219 = ORIENTED_EDGE ( 'NONE', *, *, #1817, .T. ) ;
#1220 = CYLINDRICAL_SURFACE ( 'NONE', #519, 1.399999999999998579 ) ;
#1221 = CARTESIAN_POINT ( 'NONE',  ( 0.0000000000000000000, 11.50000000000000000, -16.00000000000000000 ) ) ;
#1222 = ADVANCED_FACE ( 'NONE', ( #508 ), #1424, .F. ) ;
#1223 = VECTOR ( 'NONE', #928, 1000.000000000000000 ) ;
#1224 = ORIENTED_EDGE ( 'NONE', *, *, #1399, .F. ) ;
#1225 = FACE_OUTER_BOUND ( 'NONE', #1589, .T. ) ;
#1226 = DIRECTION ( 'NONE',  ( -1.000000000000000000, -0.0000000000000000000, -0.0000000000000000000 ) ) ;
#1227 = CIRCLE ( 'NONE', #128, 2.600000000000000089 ) ;
#1228 = VERTEX_POINT ( 'NONE', #387 ) ;
#1229 = ORIENTED_EDGE ( 'NONE', *, *, #412, .F. ) ;
#1230 = ORIENTED_EDGE ( 'NONE', *, *, #1492, .F. ) ;
#1231 = DIRECTION ( 'NONE',  ( 1.000000000000000000, -0.0000000000000000000, -0.0000000000000000000 ) ) ;
#1232 = EDGE_CURVE ( 'NONE', #872, #359, #707, .T. ) ;
#1233 = ADVANCED_FACE ( 'NONE', ( #1797, #998, #26 ), #1809, .F. ) ;
#1234 = EDGE_CURVE ( 'NONE', #1802, #1489, #906, .T. ) ;
#1235 = CC_DESIGN_APPROVAL ( #926, ( #737 ) ) ;
#1236 = CARTESIAN_POINT ( 'NONE',  ( 7.849999999999999645, 2.500000000000000444, 0.0000000000000000000 ) ) ;
#1237 = CARTESIAN_POINT ( 'NONE',  ( 26.50000000000000000, 2.500000000000000000, -16.00000000000000000 ) ) ;
#1238 = ADVANCED_FACE ( 'NONE', ( #197 ), #645, .T. ) ;
#1239 = DIRECTION ( 'NONE',  ( -0.0000000000000000000, -0.0000000000000000000, 1.000000000000000000 ) ) ;
#1240 = VECTOR ( 'NONE', #625, 1000.000000000000000 ) ;
#1241 = DIRECTION ( 'NONE',  ( -1.000000000000000000, -0.0000000000000000000, -0.0000000000000000000 ) ) ;
#1242 = ORIENTED_EDGE ( 'NONE', *, *, #1348, .T. ) ;
#1243 = FACE_OUTER_BOUND ( 'NONE', #1143, .T. ) ;
#1244 = DIRECTION ( 'NONE',  ( -0.0000000000000000000, -0.0000000000000000000, -1.000000000000000000 ) ) ;
#1245 = ORIENTED_EDGE ( 'NONE', *, *, #1405, .T. ) ;
#1246 = LINE ( 'NONE', #297, #732 ) ;
#1247 = EDGE_CURVE ( 'NONE', #548, #617, #1563, .T. ) ;
#1248 = DIRECTION ( 'NONE',  ( -0.9396926207859105373, 0.3420201433256628287, 0.0000000000000000000 ) ) ;
#1249 = VECTOR ( 'NONE', #1179, 1000.000000000000000 ) ;
#1250 = ORIENTED_EDGE ( 'NONE', *, *, #1146, .F. ) ;
#1251 = LINE ( 'NONE', #397, #869 ) ;
#1252 = CARTESIAN_POINT ( 'NONE',  ( 15.91380481790170087, 11.50000000000000000, -16.00000000000000355 ) ) ;
#1253 = LINE ( 'NONE', #1554, #140 ) ;
#1254 = ORIENTED_EDGE ( 'NONE', *, *, #1146, .T. ) ;
#1255 = DIRECTION ( 'NONE',  ( 1.000000000000000000, 0.0000000000000000000, 0.0000000000000000000 ) ) ;
#1256 = ADVANCED_FACE ( 'NONE', ( #1243 ), #328, .F. ) ;
#1257 = EDGE_LOOP ( 'NONE', ( #666, #443, #1242, #1454, #1831 ) ) ;
#1258 = CARTESIAN_POINT ( 'NONE',  ( 34.00000000000000000, 3.999999999999998224, -8.000000000000000000 ) ) ;
#1259 = EDGE_LOOP ( 'NONE', ( #449, #761, #317, #160 ) ) ;
#1260 = APPLICATION_CONTEXT ( 'configuration controlled 3d designs of mechanical parts and assemblies' ) ;
#1262 = EDGE_CURVE ( 'NONE', #1585, #315, #754, .T. ) ;
#1261 = PLANE ( 'NONE',  #970 ) ;
#1263 = DIRECTION ( 'NONE',  ( 0.0000000000000000000, 0.0000000000000000000, 1.000000000000000000 ) ) ;
#1264 = ADVANCED_FACE ( 'NONE', ( #460 ), #1836, .T. ) ;
#1265 = DIRECTION ( 'NONE',  ( 0.0000000000000000000, 0.0000000000000000000, 1.000000000000000000 ) ) ;
#1266 = CARTESIAN_POINT ( 'NONE',  ( 30.00000000000000000, 0.0000000000000000000, -16.00000000000000000 ) ) ;
#1267 = CYLINDRICAL_SURFACE ( 'NONE', #1660, 0.9499999999999995115 ) ;
#1268 = ORIENTED_EDGE ( 'NONE', *, *, #1621, .F. ) ;
#1269 = LINE ( 'NONE', #673, #884 ) ;
#1270 = EDGE_CURVE ( 'NONE', #162, #1585, #1138, .T. ) ;
#1271 = CARTESIAN_POINT ( 'NONE',  ( 2.549999999999999378, 2.500000000000000444, -13.50000000000000000 ) ) ;
#1272 = FACE_OUTER_BOUND ( 'NONE', #621, .T. ) ;
#1273 = EDGE_LOOP ( 'NONE', ( #330, #1250, #293, #1345 ) ) ;
#1274 = LINE ( 'NONE', #102, #1450 ) ;
#1275 = CARTESIAN_POINT ( 'NONE',  ( 30.00000000000000000, 3.999999999999998224, -8.000000000000000000 ) ) ;
#1276 = VECTOR ( 'NONE', #773, 1000.000000000000000 ) ;
#1277 = AXIS2_PLACEMENT_3D ( 'NONE', #1640, #96, #927 ) ;
#1278 = ORIENTED_EDGE ( 'NONE', *, *, #880, .F. ) ;
#1279 = PLANE ( 'NONE',  #1499 ) ;
#1280 = VERTEX_POINT ( 'NONE', #1593 ) ;
#1281 = AXIS2_PLACEMENT_3D ( 'NONE', #522, #1248, #1655 ) ;
#1282 = ORIENTED_EDGE ( 'NONE', *, *, #945, .F. ) ;
#1283 = CARTESIAN_POINT ( 'NONE',  ( 15.91380481790170087, 11.50000000000000000, 0.0000000000000000000 ) ) ;
#1284 = DIRECTION ( 'NONE',  ( 0.0000000000000000000, 0.0000000000000000000, 1.000000000000000000 ) ) ;
#1285 = CARTESIAN_POINT ( 'NONE',  ( 22.14999999999999858, 2.500000000000000000, -13.50000000000000000 ) ) ;
#1286 = AXIS2_PLACEMENT_3D ( 'NONE', #458, #1039, #1745 ) ;
#1287 = CARTESIAN_POINT ( 'NONE',  ( 25.33858481790170103, 11.50000000000000000, -16.00000000000000355 ) ) ;
#1288 = CALENDAR_DATE ( 2019, 12, 12 ) ;
#1289 = CARTESIAN_POINT ( 'NONE',  ( 17.07292415709829925, 11.50000000000000000, 0.0000000000000000000 ) ) ;
#1290 = VECTOR ( 'NONE', #497, 1000.000000000000000 ) ;
#1291 = CARTESIAN_POINT ( 'NONE',  ( 30.00000000000000000, 5.083118270617897672, -13.50000000000000000 ) ) ;
#1292 = CLOSED_SHELL ( 'NONE', ( #1372, #112, #99, #92, #1531, #1790, #1378, #1812, #368, #1222, #947, #1264, #648, #541, #836, #240, #1664, #1525, #678, #1112, #1233, #399, #1073, #654, #233, #1385, #253, #686, #1818, #1502, #668, #1656, #260, #78, #818, #501, #225, #1510, #1256, #380, #521, #124, #1641, #794, #1795, #1081, #803, #812, #1402, #362, #1238, #1091, #1549, #942 ) ) ;
#1293 = LINE ( 'NONE', #852, #159 ) ;
#1294 = ORIENTED_EDGE ( 'NONE', *, *, #386, .F. ) ;
#1295 = VECTOR ( 'NONE', #1576, 1000.000000000000000 ) ;
#1296 = CARTESIAN_POINT ( 'NONE',  ( 34.00000000000000000, 3.999999999999998224, -10.59999999999999964 ) ) ;
#1297 = EDGE_CURVE ( 'NONE', #555, #1832, #1183, .T. ) ;
#1298 = VECTOR ( 'NONE', #742, 1000.000000000000000 ) ;
#1299 = CARTESIAN_POINT ( 'NONE',  ( 26.49770415709830118, 11.50000000000000000, -16.00000000000000355 ) ) ;
#1300 = ORIENTED_EDGE ( 'NONE', *, *, #410, .F. ) ;
#1301 = LINE ( 'NONE', #1747, #757 ) ;
#1302 = ORIENTED_EDGE ( 'NONE', *, *, #1776, .T. ) ;
#1303 = ORIENTED_EDGE ( 'NONE', *, *, #56, .T. ) ;
#1304 = ORIENTED_EDGE ( 'NONE', *, *, #87, .F. ) ;
#1305 = DIRECTION ( 'NONE',  ( 0.0000000000000000000, 1.000000000000000000, -0.0000000000000000000 ) ) ;
#1306 = EDGE_CURVE ( 'NONE', #1585, #983, #1752, .T. ) ;
#1307 = PLANE ( 'NONE',  #587 ) ;
#1308 = CARTESIAN_POINT ( 'NONE',  ( 27.44999999999999929, 2.500000000000000000, -13.50000000000000000 ) ) ;
#1309 = EDGE_CURVE ( 'NONE', #957, #617, #418, .T. ) ;
#1310 = ADVANCED_BREP_SHAPE_REPRESENTATION ( 'ISO - Rack-spur - rectangular 1.5M 20PA 16FW 10PH 30L---SAll', ( #701, #837 ), #414 ) ;
#1311 = CC_DESIGN_SECURITY_CLASSIFICATION ( #737, ( #470 ) ) ;
#1312 = LINE ( 'NONE', #413, #1642 ) ;
#1313 = ORIENTED_EDGE ( 'NONE', *, *, #239, .F. ) ;
#1314 = DIRECTION ( 'NONE',  ( 0.0000000000000000000, 1.000000000000000000, 0.0000000000000000000 ) ) ;
#1315 = LINE ( 'NONE', #1541, #595 ) ;
#1316 = VERTEX_POINT ( 'NONE', #427 ) ;
#1317 = VERTEX_POINT ( 'NONE', #1158 ) ;
#1318 = FACE_OUTER_BOUND ( 'NONE', #1259, .T. ) ;
#1319 = ORIENTED_EDGE ( 'NONE', *, *, #257, .T. ) ;
#1320 = ORIENTED_EDGE ( 'NONE', *, *, #1534, .T. ) ;
#1321 = CARTESIAN_POINT ( 'NONE',  ( 0.0000000000000000000, 11.50000000000000000, 0.0000000000000000000 ) ) ;
#1322 = VERTEX_POINT ( 'NONE', #291 ) ;
#1323 = AXIS2_PLACEMENT_3D ( 'NONE', #723, #141, #302 ) ;
#1324 = PLANE ( 'NONE',  #1685 ) ;
#1325 = DIRECTION ( 'NONE',  ( -1.000000000000000000, -0.0000000000000000000, -0.0000000000000000000 ) ) ;
#1326 = DIRECTION ( 'NONE',  ( 1.000000000000000000, 0.0000000000000000000, 0.0000000000000000000 ) ) ;
#1327 = DIRECTION ( 'NONE',  ( 1.000000000000000000, 0.0000000000000000000, 0.0000000000000000000 ) ) ;
#1328 = EDGE_CURVE ( 'NONE', #1633, #1720, #1625, .T. ) ;
#1329 = CARTESIAN_POINT ( 'NONE',  ( 14.79181997950087535, 8.125000000000000000, 0.0000000000000000000 ) ) ;
#1330 = DIRECTION ( 'NONE',  ( 0.0000000000000000000, 0.0000000000000000000, 1.000000000000000000 ) ) ;
#1331 = EDGE_CURVE ( 'NONE', #28, #71, #1841, .T. ) ;
#1332 = PERSON_AND_ORGANIZATION ( #1360, #177 ) ;
#1333 = DIRECTION ( 'NONE',  ( 0.0000000000000000000, -1.000000000000000000, -0.0000000000000000000 ) ) ;
#1334 = LINE ( 'NONE', #876, #948 ) ;
#1335 = AXIS2_PLACEMENT_3D ( 'NONE', #783, #1057, #633 ) ;
#1336 = VECTOR ( 'NONE', #559, 1000.000000000000000 ) ;
#1337 = CARTESIAN_POINT ( 'NONE',  ( 7.648144157098298201, 11.50000000000000000, 0.0000000000000000000 ) ) ;
#1338 = EDGE_LOOP ( 'NONE', ( #553, #896, #1026, #1634 ) ) ;
#1339 = FACE_OUTER_BOUND ( 'NONE', #59, .T. ) ;
#1340 = DIRECTION ( 'NONE',  ( -0.3420201433256628287, 0.9396926207859105373, -0.0000000000000000000 ) ) ;
#1341 = LINE ( 'NONE', #581, #1044 ) ;
#1342 = VERTEX_POINT ( 'NONE', #989 ) ;
#1343 = CIRCLE ( 'NONE', #154, 4.000000000000000000 ) ;
#1344 = CARTESIAN_POINT ( 'NONE',  ( 26.50000000000000000, 2.500000000000000000, -19.00000000000000355 ) ) ;
#1345 = ORIENTED_EDGE ( 'NONE', *, *, #944, .T. ) ;
#1346 = ORIENTED_EDGE ( 'NONE', *, *, #851, .T. ) ;
#1347 = DIRECTION ( 'NONE',  ( 1.000000000000000000, -0.0000000000000000000, -0.0000000000000000000 ) ) ;
#1348 = EDGE_CURVE ( 'NONE', #1823, #1471, #1293, .T. ) ;
#1349 = VERTEX_POINT ( 'NONE', #1433 ) ;
#1350 = AXIS2_PLACEMENT_3D ( 'NONE', #74, #1072, #1780 ) ;
#1351 = DIRECTION ( 'NONE',  ( 0.0000000000000000000, 0.0000000000000000000, 1.000000000000000000 ) ) ;
#1352 = PLANE ( 'NONE',  #963 ) ;
#1353 = PLANE ( 'NONE',  #1782 ) ;
#1354 = EDGE_CURVE ( 'NONE', #1349, #941, #996, .T. ) ;
#1355 = DATE_AND_TIME ( #1819, #1728 ) ;
#1356 = DIRECTION ( 'NONE',  ( 0.0000000000000000000, 0.0000000000000000000, 1.000000000000000000 ) ) ;
#1357 = DIRECTION ( 'NONE',  ( -1.000000000000000000, 0.0000000000000000000, 0.0000000000000000000 ) ) ;
#1358 = LINE ( 'NONE', #1794, #1535 ) ;
#1359 = ORIENTED_EDGE ( 'NONE', *, *, #1328, .F. ) ;
#1360 = PERSON ( 'UNSPECIFIED', 'UNSPECIFIED', 'UNSPECIFIED', ('UNSPECIFIED'), ('UNSPECIFIED'), ('UNSPECIFIED') ) ;
#1361 = VECTOR ( 'NONE', #1142, 1000.000000000000000 ) ;
#1362 = CARTESIAN_POINT ( 'NONE',  ( 30.00000000000000000, 5.083118270617897672, -16.00000000000000000 ) ) ;
#1363 = FACE_OUTER_BOUND ( 'NONE', #1675, .T. ) ;
#1364 = ORIENTED_EDGE ( 'NONE', *, *, #1776, .F. ) ;
#1365 = VECTOR ( 'NONE', #1396, 1000.000000000000000 ) ;
#1366 = CARTESIAN_POINT ( 'NONE',  ( 0.6546530545008826252, 8.125000000000000000, -16.00000000000000000 ) ) ;
#1367 = LINE ( 'NONE', #1377, #376 ) ;
#1368 = ORIENTED_EDGE ( 'NONE', *, *, #215, .F. ) ;
#1369 = CARTESIAN_POINT ( 'NONE',  ( 11.40000000000000036, 3.999999999999999112, 0.0000000000000000000 ) ) ;
#1370 = EDGE_LOOP ( 'NONE', ( #1498, #1302, #48, #834 ) ) ;
#1371 = EDGE_CURVE ( 'NONE', #729, #603, #237, .T. ) ;
#1372 = ADVANCED_FACE ( 'NONE', ( #684 ), #1220, .F. ) ;
#1373 = EDGE_LOOP ( 'NONE', ( #402, #920, #849, #1093 ) ) ;
#1374 = DIRECTION ( 'NONE',  ( 0.0000000000000000000, -1.000000000000000000, 0.0000000000000000000 ) ) ;
#1375 = AXIS2_PLACEMENT_3D ( 'NONE', #954, #1130, #1255 ) ;
#1376 = DIRECTION ( 'NONE',  ( 0.0000000000000000000, 0.0000000000000000000, 1.000000000000000000 ) ) ;
#1377 = CARTESIAN_POINT ( 'NONE',  ( 1.776634817901700414, 11.50000000000000000, 0.0000000000000000000 ) ) ;
#1378 = ADVANCED_FACE ( 'NONE', ( #156 ), #704, .F. ) ;
#1379 = CARTESIAN_POINT ( 'NONE',  ( 0.0000000000000000000, 11.50000000000000000, -16.00000000000000000 ) ) ;
#1380 = VECTOR ( 'NONE', #711, 1000.000000000000000 ) ;
#1381 = ORIENTED_EDGE ( 'NONE', *, *, #875, .T. ) ;
#1382 = LINE ( 'NONE', #495, #820 ) ;
#1383 = AXIS2_PLACEMENT_3D ( 'NONE', #721, #303, #1721 ) ;
#1384 = ORIENTED_EDGE ( 'NONE', *, *, #1177, .F. ) ;
#1385 = ADVANCED_FACE ( 'NONE', ( #798 ), #1038, .F. ) ;
#1386 = CIRCLE ( 'NONE', #235, 4.000000000000000000 ) ;
#1387 = ORIENTED_EDGE ( 'NONE', *, *, #301, .T. ) ;
#1388 = VECTOR ( 'NONE', #1006, 1000.000000000000000 ) ;
#1389 = CARTESIAN_POINT ( 'NONE',  ( 26.50000000000000000, 2.500000000000000000, -13.50000000000000000 ) ) ;
#1390 = ORIENTED_EDGE ( 'NONE', *, *, #111, .T. ) ;
#1391 = DIRECTION ( 'NONE',  ( -0.3420201433256628287, -0.9396926207859105373, 0.0000000000000000000 ) ) ;
#1392 = ORIENTED_EDGE ( 'NONE', *, *, #1018, .F. ) ;
#1393 = ORIENTED_EDGE ( 'NONE', *, *, #1458, .T. ) ;
#1395 = EDGE_CURVE ( 'NONE', #359, #1714, #1182, .T. ) ;
#1394 = CARTESIAN_POINT ( 'NONE',  ( 0.0000000000000000000, 11.50000000000000000, -16.00000000000000000 ) ) ;
#1396 = DIRECTION ( 'NONE',  ( -1.000000000000000000, 0.0000000000000000000, 0.0000000000000000000 ) ) ;
#1397 = DIRECTION ( 'NONE',  ( 1.000000000000000000, -0.0000000000000000000, -0.0000000000000000000 ) ) ;
#1398 = CARTESIAN_POINT ( 'NONE',  ( 26.49770415709830118, 11.50000000000000000, 0.0000000000000000000 ) ) ;
#1399 = EDGE_CURVE ( 'NONE', #940, #603, #526, .T. ) ;
#1400 = FACE_OUTER_BOUND ( 'NONE', #438, .T. ) ;
#1401 = DIRECTION ( 'NONE',  ( -1.000000000000000000, 0.0000000000000000000, 0.0000000000000000000 ) ) ;
#1402 = ADVANCED_FACE ( 'NONE', ( #845 ), #1307, .T. ) ;
#1403 = ORIENTED_EDGE ( 'NONE', *, *, #1041, .F. ) ;
#1404 = VECTOR ( 'NONE', #919, 1000.000000000000000 ) ;
#1405 = EDGE_CURVE ( 'NONE', #1489, #349, #656, .T. ) ;
#1406 = LINE ( 'NONE', #566, #867 ) ;
#1407 = ORIENTED_EDGE ( 'NONE', *, *, #1726, .F. ) ;
#1408 = CYLINDRICAL_SURFACE ( 'NONE', #1657, 1.399999999999998579 ) ;
#1409 = LINE ( 'NONE', #1217, #86 ) ;
#1410 = ORIENTED_EDGE ( 'NONE', *, *, #726, .F. ) ;
#1411 = DIRECTION ( 'NONE',  ( 0.0000000000000000000, 0.0000000000000000000, -1.000000000000000000 ) ) ;
#1412 = ORIENTED_EDGE ( 'NONE', *, *, #1371, .T. ) ;
#1413 = ORIENTED_EDGE ( 'NONE', *, *, #875, .F. ) ;
#1414 = CARTESIAN_POINT ( 'NONE',  ( 6.489024817901700715, 11.50000000000000000, -16.00000000000000355 ) ) ;
#1415 = AXIS2_PLACEMENT_3D ( 'NONE', #279, #1014, #585 ) ;
#1416 = DIRECTION ( 'NONE',  ( 1.000000000000000000, -0.0000000000000000000, -0.0000000000000000000 ) ) ;
#1417 = DIRECTION ( 'NONE',  ( 1.000000000000000000, 0.0000000000000000000, 0.0000000000000000000 ) ) ;
#1418 = DIRECTION ( 'NONE',  ( -1.000000000000000000, 0.0000000000000000000, 0.0000000000000000000 ) ) ;
#1419 = CARTESIAN_POINT ( 'NONE',  ( 0.0000000000000000000, 11.50000000000000000, -16.00000000000000000 ) ) ;
#1420 = VECTOR ( 'NONE', #747, 1000.000000000000000 ) ;
#1421 = EDGE_CURVE ( 'NONE', #1425, #1823, #1606, .T. ) ;
#1422 = DIRECTION ( 'NONE',  ( 0.0000000000000000000, 0.0000000000000000000, -1.000000000000000000 ) ) ;
#1423 = DIRECTION ( 'NONE',  ( -0.0000000000000000000, -0.0000000000000000000, 1.000000000000000000 ) ) ;
#1424 = CYLINDRICAL_SURFACE ( 'NONE', #551, 0.9500000000000002887 ) ;
#1425 = VERTEX_POINT ( 'NONE', #588 ) ;
#1426 = CARTESIAN_POINT ( 'NONE',  ( 0.0000000000000000000, 11.50000000000000000, 0.0000000000000000000 ) ) ;
#1427 = LINE ( 'NONE', #1283, #911 ) ;
#1428 = EDGE_CURVE ( 'NONE', #1723, #315, #1774, .T. ) ;
#1429 = VERTEX_POINT ( 'NONE', #35 ) ;
#1430 = ORIENTED_EDGE ( 'NONE', *, *, #1497, .F. ) ;
#1431 = ORIENTED_EDGE ( 'NONE', *, *, #1234, .F. ) ;
#1432 = AXIS2_PLACEMENT_3D ( 'NONE', #543, #1835, #1688 ) ;
#1433 = CARTESIAN_POINT ( 'NONE',  ( 25.33858481790170103, 11.50000000000000000, -16.00000000000000355 ) ) ;
#1434 = ORIENTED_EDGE ( 'NONE', *, *, #1482, .T. ) ;
#1435 = DIRECTION ( 'NONE',  ( 1.000000000000000000, 0.0000000000000000000, 0.0000000000000000000 ) ) ;
#1436 = ORIENTED_EDGE ( 'NONE', *, *, #1115, .T. ) ;
#1437 = DIRECTION ( 'NONE',  ( -0.3420201433256628287, 0.9396926207859105373, -0.0000000000000000000 ) ) ;
#1438 = DIRECTION ( 'NONE',  ( 0.0000000000000000000, 0.0000000000000000000, 1.000000000000000000 ) ) ;
#1439 = EDGE_CURVE ( 'NONE', #603, #940, #1063, .T. ) ;
#1440 = AXIS2_PLACEMENT_3D ( 'NONE', #1237, #1101, #807 ) ;
#1441 = DIRECTION ( 'NONE',  ( 0.0000000000000000000, 0.0000000000000000000, 1.000000000000000000 ) ) ;
#1442 = APPROVAL_DATE_TIME ( #589, #926 ) ;
#1443 = CARTESIAN_POINT ( 'NONE',  ( 2.935754157098297679, 11.50000000000000000, -16.00000000000000355 ) ) ;
#1444 = CIRCLE ( 'NONE', #700, 4.349999999999999645 ) ;
#1445 = ORIENTED_EDGE ( 'NONE', *, *, #371, .F. ) ;
#1446 = VECTOR ( 'NONE', #1231, 1000.000000000000000 ) ;
#1447 = LINE ( 'NONE', #1426, #1469 ) ;
#1448 = DIRECTION ( 'NONE',  ( -0.0000000000000000000, -0.0000000000000000000, 1.000000000000000000 ) ) ;
#1449 = EDGE_LOOP ( 'NONE', ( #1245, #1732, #1479, #1762 ) ) ;
#1450 = VECTOR ( 'NONE', #525, 1000.000000000000000 ) ;
#1451 = FACE_BOUND ( 'NONE', #1609, .T. ) ;
#1452 = ORIENTED_EDGE ( 'NONE', *, *, #770, .F. ) ;
#1453 = AXIS2_PLACEMENT_3D ( 'NONE', #55, #1049, #609 ) ;
#1454 = ORIENTED_EDGE ( 'NONE', *, *, #87, .T. ) ;
#1455 = ORIENTED_EDGE ( 'NONE', *, *, #1800, .T. ) ;
#1456 = DIRECTION ( 'NONE',  ( 0.0000000000000000000, 0.0000000000000000000, 1.000000000000000000 ) ) ;
#1457 = CARTESIAN_POINT ( 'NONE',  ( 2.168404344971008868E-16, 8.125000000000000000, -16.00000000000000000 ) ) ;
#1458 = EDGE_CURVE ( 'NONE', #1633, #307, #610, .T. ) ;
#1459 = DIRECTION ( 'NONE',  ( 1.000000000000000000, -0.0000000000000000000, -0.0000000000000000000 ) ) ;
#1460 = PLANE ( 'NONE',  #1096 ) ;
#1461 = AXIS2_PLACEMENT_3D ( 'NONE', #507, #789, #515 ) ;
#1462 = CIRCLE ( 'NONE', #1440, 4.349999999999999645 ) ;
#1463 = CARTESIAN_POINT ( 'NONE',  ( 16.00000000000000355, 4.000000000000000000, 0.0000000000000000000 ) ) ;
#1464 = PLANE ( 'NONE',  #1286 ) ;
#1465 = FACE_OUTER_BOUND ( 'NONE', #1257, .T. ) ;
#1466 = LINE ( 'NONE', #1663, #1446 ) ;
#1467 = ORIENTED_EDGE ( 'NONE', *, *, #722, .T. ) ;
#1468 = DIRECTION ( 'NONE',  ( 1.000000000000000000, 0.0000000000000000000, 0.0000000000000000000 ) ) ;
#1469 = VECTOR ( 'NONE', #716, 1000.000000000000000 ) ;
#1470 = VECTOR ( 'NONE', #1314, 1000.000000000000000 ) ;
#1471 = VERTEX_POINT ( 'NONE', #1178 ) ;
#1472 = ORIENTED_EDGE ( 'NONE', *, *, #210, .F. ) ;
#1473 = CARTESIAN_POINT ( 'NONE',  ( 30.00000000000000000, 0.0000000000000000000, -13.50000000000000000 ) ) ;
#1474 = EDGE_CURVE ( 'NONE', #516, #252, #1334, .T. ) ;
#1475 = ORIENTED_EDGE ( 'NONE', *, *, #1474, .F. ) ;
#1476 = ORIENTED_EDGE ( 'NONE', *, *, #63, .F. ) ;
#1477 = AXIS2_PLACEMENT_3D ( 'NONE', #639, #76, #1799 ) ;
#1478 = CARTESIAN_POINT ( 'NONE',  ( 30.00000000000000000, 0.0000000000000000000, -16.00000000000000000 ) ) ;
#1479 = ORIENTED_EDGE ( 'NONE', *, *, #1115, .F. ) ;
#1480 = DIRECTION ( 'NONE',  ( -0.9396926207859105373, 0.3420201433256628287, 0.0000000000000000000 ) ) ;
#1481 = EDGE_CURVE ( 'NONE', #778, #941, #459, .T. ) ;
#1482 = EDGE_CURVE ( 'NONE', #1280, #349, #549, .T. ) ;
#1483 = CALENDAR_DATE ( 2019, 12, 12 ) ;
#1484 = LINE ( 'NONE', #843, #1839 ) ;
#1485 = ORIENTED_EDGE ( 'NONE', *, *, #833, .T. ) ;
#1486 = CIRCLE ( 'NONE', #477, 0.9500000000000002887 ) ;
#1487 = CARTESIAN_POINT ( 'NONE',  ( 34.00000000000000000, 3.999999999999998224, -8.000000000000000000 ) ) ;
#1488 = CIRCLE ( 'NONE', #787, 1.399999999999998579 ) ;
#1489 = VERTEX_POINT ( 'NONE', #740 ) ;
#1490 = CIRCLE ( 'NONE', #912, 2.600000000000000089 ) ;
#1492 = EDGE_CURVE ( 'NONE', #1139, #34, #81, .T. ) ;
#1491 = DIRECTION ( 'NONE',  ( -1.000000000000000000, 0.0000000000000000000, -0.0000000000000000000 ) ) ;
#1493 = FACE_OUTER_BOUND ( 'NONE', #1338, .T. ) ;
#1494 = VERTEX_POINT ( 'NONE', #175 ) ;
#1495 = ORIENTED_EDGE ( 'NONE', *, *, #655, .T. ) ;
#1496 = DIRECTION ( 'NONE',  ( -1.000000000000000000, 0.0000000000000000000, -0.0000000000000000000 ) ) ;
#1497 = EDGE_CURVE ( 'NONE', #1705, #487, #1559, .T. ) ;
#1498 = ORIENTED_EDGE ( 'NONE', *, *, #215, .T. ) ;
#1499 = AXIS2_PLACEMENT_3D ( 'NONE', #1414, #1684, #283 ) ;
#1500 = PLANE ( 'NONE',  #1477 ) ;
#1501 = DIRECTION ( 'NONE',  ( 1.000000000000000000, -0.0000000000000000000, -0.0000000000000000000 ) ) ;
#1502 = ADVANCED_FACE ( 'NONE', ( #1465 ), #1135, .T. ) ;
#1503 = DIRECTION ( 'NONE',  ( 0.0000000000000000000, 0.0000000000000000000, -1.000000000000000000 ) ) ;
#1504 = DIRECTION ( 'NONE',  ( -0.3420201433256628287, -0.9396926207859105373, 0.0000000000000000000 ) ) ;
#1505 = DIRECTION ( 'NONE',  ( -1.000000000000000000, 0.0000000000000000000, -0.0000000000000000000 ) ) ;
#1506 = LOCAL_TIME ( 17, 8, 46.00000000000000000, #131 ) ;
#1507 = AXIS2_PLACEMENT_3D ( 'NONE', #10, #1579, #720 ) ;
#1508 = LINE ( 'NONE', #1053, #1290 ) ;
#1509 = CARTESIAN_POINT ( 'NONE',  ( 27.72610369774670858, 8.125000000000000000, -16.00000000000000355 ) ) ;
#1510 = ADVANCED_FACE ( 'NONE', ( #40, #309 ), #482, .T. ) ;
#1511 = VECTOR ( 'NONE', #786, 1000.000000000000000 ) ;
#1512 = ORIENTED_EDGE ( 'NONE', *, *, #1309, .T. ) ;
#1513 = VECTOR ( 'NONE', #37, 1000.000000000000000 ) ;
#1514 = DIRECTION ( 'NONE',  ( 1.000000000000000000, 0.0000000000000000000, 0.0000000000000000000 ) ) ;
#1515 = VECTOR ( 'NONE', #1226, 1000.000000000000000 ) ;
#1516 = ORIENTED_EDGE ( 'NONE', *, *, #584, .T. ) ;
#1517 = ORIENTED_EDGE ( 'NONE', *, *, #1481, .T. ) ;
#1518 = CARTESIAN_POINT ( 'NONE',  ( 8.876543697746706485, 8.125000000000000000, -16.00000000000000000 ) ) ;
#1519 = VERTEX_POINT ( 'NONE', #1630 ) ;
#1521 = EDGE_CURVE ( 'NONE', #557, #644, #1508, .T. ) ;
#1520 = DIRECTION ( 'NONE',  ( 0.0000000000000000000, 0.0000000000000000000, 1.000000000000000000 ) ) ;
#1522 = ORIENTED_EDGE ( 'NONE', *, *, #1270, .F. ) ;
#1523 = EDGE_LOOP ( 'NONE', ( #250, #298 ) ) ;
#1524 = CARTESIAN_POINT ( 'NONE',  ( 0.0000000000000000000, 8.125000000000000000, 0.0000000000000000000 ) ) ;
#1525 = ADVANCED_FACE ( 'NONE', ( #370 ), #218, .T. ) ;
#1526 = EDGE_CURVE ( 'NONE', #695, #1098, #217, .T. ) ;
#1527 = AXIS2_PLACEMENT_3D ( 'NONE', #960, #364, #77 ) ;
#1528 = CARTESIAN_POINT ( 'NONE',  ( 2.549999999999999378, 2.500000000000000444, -2.499999999999998668 ) ) ;
#1529 = CARTESIAN_POINT ( 'NONE',  ( 30.00000000000000000, 0.0000000000000000000, -16.00000000000000000 ) ) ;
#1530 = DIRECTION ( 'NONE',  ( -1.000000000000000000, 0.0000000000000000000, 0.0000000000000000000 ) ) ;
#1531 = ADVANCED_FACE ( 'NONE', ( #903 ), #1713, .F. ) ;
#1532 = APPROVAL_PERSON_ORGANIZATION ( #22, #223, #172 ) ;
#1533 = DIRECTION ( 'NONE',  ( 0.0000000000000000000, 0.0000000000000000000, 1.000000000000000000 ) ) ;
#1534 = EDGE_CURVE ( 'NONE', #32, #1139, #632, .T. ) ;
#1535 = VECTOR ( 'NONE', #94, 1000.000000000000000 ) ;
#1536 = ORIENTED_EDGE ( 'NONE', *, *, #904, .T. ) ;
#1537 = VECTOR ( 'NONE', #372, 1000.000000000000000 ) ;
#1538 = AXIS2_PLACEMENT_3D ( 'NONE', #1212, #791, #1496 ) ;
#1539 = ORIENTED_EDGE ( 'NONE', *, *, #1621, .T. ) ;
#1540 = FACE_OUTER_BOUND ( 'NONE', #7, .T. ) ;
#1541 = CARTESIAN_POINT ( 'NONE',  ( 7.648144157098298201, 11.50000000000000000, -16.00000000000000355 ) ) ;
#1542 = LINE ( 'NONE', #877, #550 ) ;
#1543 = EDGE_LOOP ( 'NONE', ( #885, #1190, #848, #181 ) ) ;
#1544 = CYLINDRICAL_SURFACE ( 'NONE', #1715, 4.349999999999999645 ) ;
#1545 = CARTESIAN_POINT ( 'NONE',  ( 30.00000000000000000, 3.999999999999998224, -8.000000000000000000 ) ) ;
#1546 = VECTOR ( 'NONE', #1504, 1000.000000000000000 ) ;
#1547 = ORIENTED_EDGE ( 'NONE', *, *, #1581, .T. ) ;
#1548 = DIRECTION ( 'NONE',  ( -0.3420201433256628287, 0.9396926207859105373, -0.0000000000000000000 ) ) ;
#1549 = ADVANCED_FACE ( 'NONE', ( #326 ), #767, .T. ) ;
#1550 = ORIENTED_EDGE ( 'NONE', *, *, #1665, .T. ) ;
#1551 = VERTEX_POINT ( 'NONE', #907 ) ;
#1552 = DIRECTION ( 'NONE',  ( 1.000000000000000000, 0.0000000000000000000, 0.0000000000000000000 ) ) ;
#1553 = AXIS2_PLACEMENT_3D ( 'NONE', #1659, #95, #1095 ) ;
#1554 = CARTESIAN_POINT ( 'NONE',  ( 20.62619481790170184, 11.50000000000000000, 0.0000000000000000000 ) ) ;
#1555 = DIRECTION ( 'NONE',  ( 1.000000000000000000, 0.0000000000000000000, 0.0000000000000000000 ) ) ;
#1556 = EDGE_CURVE ( 'NONE', #941, #1011, #195, .T. ) ;
#1557 = PERSON_AND_ORGANIZATION ( #1360, #177 ) ;
#1558 = DIRECTION ( 'NONE',  ( 0.0000000000000000000, 0.0000000000000000000, -1.000000000000000000 ) ) ;
#1559 = CIRCLE ( 'NONE', #1697, 4.349999999999999645 ) ;
#1560 = CARTESIAN_POINT ( 'NONE',  ( 16.00000000000000355, 4.000000000000000000, -22.00000000000000711 ) ) ;
#1561 = EDGE_CURVE ( 'NONE', #872, #709, #975, .T. ) ;
#1562 = CARTESIAN_POINT ( 'NONE',  ( 0.0000000000000000000, 0.0000000000000000000, -16.00000000000000000 ) ) ;
#1563 = LINE ( 'NONE', #565, #1584 ) ;
#1564 = ORIENTED_EDGE ( 'NONE', *, *, #63, .T. ) ;
#1565 = CARTESIAN_POINT ( 'NONE',  ( 13.58893369774670745, 8.125000000000000000, -16.00000000000000355 ) ) ;
#1566 = LINE ( 'NONE', #325, #535 ) ;
#1567 = CARTESIAN_POINT ( 'NONE',  ( 10.00000000000000178, 3.999999999999999112, -16.00000000000000000 ) ) ;
#1568 = EDGE_LOOP ( 'NONE', ( #117, #1303, #766, #1413, #781, #1539, #187, #1304, #618, #1407, #1472, #361 ) ) ;
#1569 = DIRECTION ( 'NONE',  ( 0.9396926207859105373, 0.3420201433256628287, -0.0000000000000000000 ) ) ;
#1570 = ORIENTED_EDGE ( 'NONE', *, *, #655, .F. ) ;
#1571 = DIRECTION ( 'NONE',  ( 0.0000000000000000000, 0.0000000000000000000, -1.000000000000000000 ) ) ;
#1572 = ORIENTED_EDGE ( 'NONE', *, *, #1439, .T. ) ;
#1573 = CARTESIAN_POINT ( 'NONE',  ( 27.44999999999999929, 2.500000000000000000, -2.499999999999998668 ) ) ;
#1574 = CARTESIAN_POINT ( 'NONE',  ( 3.499999999999999556, 2.500000000000000444, -2.500000000000000000 ) ) ;
#1575 = EDGE_CURVE ( 'NONE', #908, #806, #179, .T. ) ;
#1576 = DIRECTION ( 'NONE',  ( 1.000000000000000000, -0.0000000000000000000, -0.0000000000000000000 ) ) ;
#1577 = APPROVAL_STATUS ( 'not_yet_approved' ) ;
#1578 = AXIS2_PLACEMENT_3D ( 'NONE', #429, #1569, #870 ) ;
#1579 = DIRECTION ( 'NONE',  ( 0.0000000000000000000, 1.000000000000000000, 0.0000000000000000000 ) ) ;
#1580 = VECTOR ( 'NONE', #1662, 1000.000000000000000 ) ;
#1581 = EDGE_CURVE ( 'NONE', #932, #1342, #593, .T. ) ;
#1582 = DIRECTION ( 'NONE',  ( -1.000000000000000000, 0.0000000000000000000, 0.0000000000000000000 ) ) ;
#1583 = ORIENTED_EDGE ( 'NONE', *, *, #1800, .F. ) ;
#1584 = VECTOR ( 'NONE', #1305, 1000.000000000000000 ) ;
#1585 = VERTEX_POINT ( 'NONE', #61 ) ;
#1586 = LINE ( 'NONE', #602, #614 ) ;
#1587 = VECTOR ( 'NONE', #321, 1000.000000000000000 ) ;
#1588 = EDGE_CURVE ( 'NONE', #1322, #1011, #265, .T. ) ;
#1589 = EDGE_LOOP ( 'NONE', ( #378, #1607, #1346, #706, #735, #165, #1612, #999 ) ) ;
#1590 = FACE_OUTER_BOUND ( 'NONE', #430, .T. ) ;
#1591 = CIRCLE ( 'NONE', #1192, 0.9499999999999995115 ) ;
#1592 = ORIENTED_EDGE ( 'NONE', *, *, #463, .F. ) ;
#1593 = CARTESIAN_POINT ( 'NONE',  ( 14.68540527725329170, 8.125000000000000000, -16.00000000000000000 ) ) ;
#1594 = ORIENTED_EDGE ( 'NONE', *, *, #1210, .T. ) ;
#1595 = ORIENTED_EDGE ( 'NONE', *, *, #922, .F. ) ;
#1596 = EDGE_CURVE ( 'NONE', #32, #1316, #1085, .T. ) ;
#1597 = DIRECTION ( 'NONE',  ( 0.0000000000000000000, 0.0000000000000000000, 1.000000000000000000 ) ) ;
#1598 = DIRECTION ( 'NONE',  ( 0.0000000000000000000, 0.0000000000000000000, -1.000000000000000000 ) ) ;
#1599 = EDGE_CURVE ( 'NONE', #1094, #623, #1793, .T. ) ;
#1600 = CC_DESIGN_PERSON_AND_ORGANIZATION_ASSIGNMENT ( #1557, #1695, ( #1760 ) ) ;
#1601 = DIRECTION ( 'NONE',  ( 1.000000000000000000, 0.0000000000000000000, 0.0000000000000000000 ) ) ;
#1602 = CARTESIAN_POINT ( 'NONE',  ( 26.49770415709830118, 11.50000000000000000, -16.00000000000000355 ) ) ;
#1603 = APPROVAL_DATE_TIME ( #103, #657 ) ;
#1604 = ORIENTED_EDGE ( 'NONE', *, *, #862, .F. ) ;
#1605 = DIRECTION ( 'NONE',  ( 0.0000000000000000000, 0.0000000000000000000, -1.000000000000000000 ) ) ;
#1606 = CIRCLE ( 'NONE', #675, 4.000000000000000000 ) ;
#1607 = ORIENTED_EDGE ( 'NONE', *, *, #125, .T. ) ;
#1608 = FACE_OUTER_BOUND ( 'NONE', #1009, .T. ) ;
#1609 = EDGE_LOOP ( 'NONE', ( #1547, #1798 ) ) ;
#1610 = LINE ( 'NONE', #984, #1754 ) ;
#1611 = CIRCLE ( 'NONE', #401, 0.9500000000000002887 ) ;
#1612 = ORIENTED_EDGE ( 'NONE', *, *, #13, .F. ) ;
#1613 = AXIS2_PLACEMENT_3D ( 'NONE', #1567, #20, #1582 ) ;
#1614 = CARTESIAN_POINT ( 'NONE',  ( 21.78531415709829844, 11.50000000000000000, 0.0000000000000000000 ) ) ;
#1615 = ORIENTED_EDGE ( 'NONE', *, *, #1838, .F. ) ;
#1616 = CARTESIAN_POINT ( 'NONE',  ( 15.91380481790170087, 11.50000000000000000, -16.00000000000000355 ) ) ;
#1617 = CARTESIAN_POINT ( 'NONE',  ( 17.07292415709829925, 11.50000000000000000, -16.00000000000000355 ) ) ;
#1618 = EDGE_CURVE ( 'NONE', #162, #1723, #930, .T. ) ;
#1619 = CARTESIAN_POINT ( 'NONE',  ( 16.00000000000000355, 4.000000000000000000, 0.0000000000000000000 ) ) ;
#1620 = CARTESIAN_POINT ( 'NONE',  ( 27.72610369774670858, 8.125000000000000000, 0.0000000000000000000 ) ) ;
#1621 = EDGE_CURVE ( 'NONE', #872, #788, #1269, .T. ) ;
#1622 = CARTESIAN_POINT ( 'NONE',  ( 7.648144157098298201, 11.50000000000000000, -16.00000000000000355 ) ) ;
#1623 = COORDINATED_UNIVERSAL_TIME_OFFSET ( 0, 0, .AHEAD. ) ;
#1624 = VECTOR ( 'NONE', #1325, 1000.000000000000000 ) ;
#1625 = LINE ( 'NONE', #846, #1668 ) ;
#1626 = EDGE_LOOP ( 'NONE', ( #1784, #1387, #381, #712, #578, #978, #468, #805, #196, #66, #358, #1113, #1030, #228, #682, #776, #1320, #43, #1390, #688, #658, #1763, #1020, #203, #1594, #1703, #1430, #319, #248, #1381, #423 ) ) ;
#1627 = VECTOR ( 'NONE', #1330, 1000.000000000000000 ) ;
#1628 = EDGE_LOOP ( 'NONE', ( #1595, #69, #354, #1219 ) ) ;
#1629 = CYLINDRICAL_SURFACE ( 'NONE', #795, 4.349999999999999645 ) ;
#1630 = CARTESIAN_POINT ( 'NONE',  ( 4.164153697746706406, 8.125000000000000000, -16.00000000000000000 ) ) ;
#1631 = LINE ( 'NONE', #360, #1186 ) ;
#1632 = EDGE_CURVE ( 'NONE', #1211, #1280, #134, .T. ) ;
#1633 = VERTEX_POINT ( 'NONE', #104 ) ;
#1634 = ORIENTED_EDGE ( 'NONE', *, *, #346, .F. ) ;
#1635 = ORIENTED_EDGE ( 'NONE', *, *, #53, .F. ) ;
#1636 = CARTESIAN_POINT ( 'NONE',  ( 10.07943100450087925, 8.125000000000000000, 0.0000000000000000000 ) ) ;
#1637 = PLANE ( 'NONE',  #147 ) ;
#1638 = UNCERTAINTY_MEASURE_WITH_UNIT (LENGTH_MEASURE( 1.000000000000000082E-05 ), #677, 'distance_accuracy_value', 'NONE');
#1639 = CARTESIAN_POINT ( 'NONE',  ( 0.0000000000000000000, 0.0000000000000000000, -13.50000000000000000 ) ) ;
#1640 = CARTESIAN_POINT ( 'NONE',  ( 26.50000000000000000, 2.500000000000000000, -2.500000000000000000 ) ) ;
#1641 = ADVANCED_FACE ( 'NONE', ( #80 ), #949, .T. ) ;
#1642 = VECTOR ( 'NONE', #1111, 1000.000000000000000 ) ;
#1643 = ORIENTED_EDGE ( 'NONE', *, *, #626, .F. ) ;
#1644 = VECTOR ( 'NONE', #1791, 1000.000000000000000 ) ;
#1645 = EDGE_LOOP ( 'NONE', ( #1452, #1431, #764, #556 ) ) ;
#1646 = CARTESIAN_POINT ( 'NONE',  ( 20.62619481790170184, 11.50000000000000000, -16.00000000000000355 ) ) ;
#1647 = LINE ( 'NONE', #758, #1470 ) ;
#1648 = ORIENTED_EDGE ( 'NONE', *, *, #13, .T. ) ;
#1649 = FACE_OUTER_BOUND ( 'NONE', #1370, .T. ) ;
#1651 = EDGE_CURVE ( 'NONE', #185, #1720, #881, .T. ) ;
#1650 = CARTESIAN_POINT ( 'NONE',  ( 25.55000000000000071, 2.500000000000000000, -19.00000000000000355 ) ) ;
#1652 = LINE ( 'NONE', #389, #511 ) ;
#1653 = ORIENTED_EDGE ( 'NONE', *, *, #1061, .F. ) ;
#1654 = ORIENTED_EDGE ( 'NONE', *, *, #1155, .F. ) ;
#1655 = DIRECTION ( 'NONE',  ( -0.3420201433256628287, -0.9396926207859105373, 0.0000000000000000000 ) ) ;
#1656 = ADVANCED_FACE ( 'NONE', ( #1019 ), #1078, .T. ) ;
#1657 = AXIS2_PLACEMENT_3D ( 'NONE', #680, #670, #1555 ) ;
#1658 = ORIENTED_EDGE ( 'NONE', *, *, #1458, .F. ) ;
#1659 = CARTESIAN_POINT ( 'NONE',  ( 3.499999999999999556, 2.500000000000000444, -13.50000000000000000 ) ) ;
#1660 = AXIS2_PLACEMENT_3D ( 'NONE', #258, #277, #987 ) ;
#1661 = DIRECTION ( 'NONE',  ( -0.0000000000000000000, -0.0000000000000000000, 1.000000000000000000 ) ) ;
#1662 = DIRECTION ( 'NONE',  ( -1.000000000000000000, -0.0000000000000000000, -0.0000000000000000000 ) ) ;
#1663 = CARTESIAN_POINT ( 'NONE',  ( 19.50420895450087144, 8.125000000000000000, 0.0000000000000000000 ) ) ;
#1664 = ADVANCED_FACE ( 'NONE', ( #1197 ), #653, .T. ) ;
#1665 = EDGE_CURVE ( 'NONE', #892, #642, #1444, .T. ) ;
#1666 = CARTESIAN_POINT ( 'NONE',  ( 0.0000000000000000000, 0.0000000000000000000, 0.0000000000000000000 ) ) ;
#1667 = APPROVAL_DATE_TIME ( #1771, #223 ) ;
#1668 = VECTOR ( 'NONE', #1416, 1000.000000000000000 ) ;
#1669 = CARTESIAN_POINT ( 'NONE',  ( 7.849999999999999645, 2.500000000000000444, -2.500000000000000000 ) ) ;
#1670 = VECTOR ( 'NONE', #1772, 1000.000000000000000 ) ;
#1671 = CARTESIAN_POINT ( 'NONE',  ( 16.00000000000000355, 4.000000000000000000, -22.00000000000000711 ) ) ;
#1672 = ORIENTED_EDGE ( 'NONE', *, *, #1561, .F. ) ;
#1673 = DIRECTION ( 'NONE',  ( -0.3420201433256628287, -0.9396926207859105373, 0.0000000000000000000 ) ) ;
#1674 = LINE ( 'NONE', #748, #532 ) ;
#1675 = EDGE_LOOP ( 'NONE', ( #483, #312, #3, #918 ) ) ;
#1676 = CYLINDRICAL_SURFACE ( 'NONE', #1807, 1.399999999999998579 ) ;
#1677 = DIRECTION ( 'NONE',  ( -0.0000000000000000000, -1.000000000000000000, -0.0000000000000000000 ) ) ;
#1678 = LINE ( 'NONE', #1650, #599 ) ;
#1679 = ORIENTED_EDGE ( 'NONE', *, *, #467, .T. ) ;
#1681 = EDGE_CURVE ( 'NONE', #983, #539, #1462, .T. ) ;
#1680 = DIRECTION ( 'NONE',  ( 0.0000000000000000000, -0.0000000000000000000, 1.000000000000000000 ) ) ;
#1682 = ORIENTED_EDGE ( 'NONE', *, *, #188, .F. ) ;
#1683 = EDGE_LOOP ( 'NONE', ( #1753, #1654, #1159, #743 ) ) ;
#1684 = DIRECTION ( 'NONE',  ( -0.9396926207859105373, 0.3420201433256628287, 0.0000000000000000000 ) ) ;
#1685 = AXIS2_PLACEMENT_3D ( 'NONE', #854, #889, #421 ) ;
#1686 = CARTESIAN_POINT ( 'NONE',  ( 4.450000000000000178, 2.500000000000000444, -2.499999999999998668 ) ) ;
#1687 = CARTESIAN_POINT ( 'NONE',  ( 26.49770415709830118, 11.50000000000000000, -16.00000000000000355 ) ) ;
#1688 = DIRECTION ( 'NONE',  ( 0.0000000000000000000, 0.0000000000000000000, 1.000000000000000000 ) ) ;
#1689 = EDGE_CURVE ( 'NONE', #597, #572, #262, .T. ) ;
#1690 = CARTESIAN_POINT ( 'NONE',  ( 10.07943100450087925, 8.125000000000000000, -16.00000000000000000 ) ) ;
#1691 = COORDINATED_UNIVERSAL_TIME_OFFSET ( 0, 0, .AHEAD. ) ;
#1692 = DIRECTION ( 'NONE',  ( 0.0000000000000000000, 0.0000000000000000000, -1.000000000000000000 ) ) ;
#1693 = EDGE_CURVE ( 'NONE', #71, #1778, #437, .T. ) ;
#1694 = VECTOR ( 'NONE', #1391, 1000.000000000000000 ) ;
#1695 = PERSON_AND_ORGANIZATION_ROLE ( 'design_owner' ) ;
#1696 = ORIENTED_EDGE ( 'NONE', *, *, #1104, .T. ) ;
#1697 = AXIS2_PLACEMENT_3D ( 'NONE', #54, #1047, #923 ) ;
#1698 = CARTESIAN_POINT ( 'NONE',  ( 0.0000000000000000000, 5.083118270617898560, -2.500000000000000000 ) ) ;
#1699 = VECTOR ( 'NONE', #294, 1000.000000000000000 ) ;
#1700 = ORIENTED_EDGE ( 'NONE', *, *, #1104, .F. ) ;
#1701 = ORIENTED_EDGE ( 'NONE', *, *, #733, .T. ) ;
#1702 = LINE ( 'NONE', #266, #554 ) ;
#1703 = ORIENTED_EDGE ( 'NONE', *, *, #1123, .F. ) ;
#1704 = PLANE ( 'NONE',  #797 ) ;
#1705 = VERTEX_POINT ( 'NONE', #1787 ) ;
#1706 = EDGE_LOOP ( 'NONE', ( #762, #1025, #1268 ) ) ;
#1707 = DIRECTION ( 'NONE',  ( 1.000000000000000000, 0.0000000000000000000, 0.0000000000000000000 ) ) ;
#1708 = AXIS2_PLACEMENT_3D ( 'NONE', #183, #1326, #1032 ) ;
#1709 = DIRECTION ( 'NONE',  ( -1.000000000000000000, 0.0000000000000000000, 0.0000000000000000000 ) ) ;
#1710 = CARTESIAN_POINT ( 'NONE',  ( 7.059845502265511996, 0.0000000000000000000, -2.500000000000000000 ) ) ;
#1711 = EDGE_CURVE ( 'NONE', #307, #782, #1358, .T. ) ;
#1712 = CARTESIAN_POINT ( 'NONE',  ( 0.0000000000000000000, 0.0000000000000000000, -2.500000000000000444 ) ) ;
#1713 = CYLINDRICAL_SURFACE ( 'NONE', #765, 2.600000000000000089 ) ;
#1714 = VERTEX_POINT ( 'NONE', #649 ) ;
#1715 = AXIS2_PLACEMENT_3D ( 'NONE', #242, #385, #1121 ) ;
#1716 = VECTOR ( 'NONE', #728, 1000.000000000000000 ) ;
#1717 = ORIENTED_EDGE ( 'NONE', *, *, #862, .T. ) ;
#1718 = VECTOR ( 'NONE', #992, 1000.000000000000000 ) ;
#1719 = ORIENTED_EDGE ( 'NONE', *, *, #561, .F. ) ;
#1720 = VERTEX_POINT ( 'NONE', #1090 ) ;
#1721 = DIRECTION ( 'NONE',  ( -0.3420201433256628287, 0.9396926207859105373, 0.0000000000000000000 ) ) ;
#1722 = VERTEX_POINT ( 'NONE', #1524 ) ;
#1723 = VERTEX_POINT ( 'NONE', #537 ) ;
#1724 = ORIENTED_EDGE ( 'NONE', *, *, #1306, .T. ) ;
#1725 = CARTESIAN_POINT ( 'NONE',  ( 34.00000000000000000, 3.999999999999998224, -8.000000000000000000 ) ) ;
#1726 = EDGE_CURVE ( 'NONE', #619, #264, #630, .T. ) ;
#1727 = CARTESIAN_POINT ( 'NONE',  ( 5.260625277253292431, 8.125000000000000000, -16.00000000000000355 ) ) ;
#1728 = LOCAL_TIME ( 17, 8, 46.00000000000000000, #344 ) ;
#1729 = DATE_TIME_ROLE ( 'creation_date' ) ;
#1730 = SHAPE_DEFINITION_REPRESENTATION ( #840, #1310 ) ;
#1731 = CARTESIAN_POINT ( 'NONE',  ( 34.00000000000000000, 3.999999999999998224, -8.000000000000000000 ) ) ;
#1732 = ORIENTED_EDGE ( 'NONE', *, *, #1482, .F. ) ;
#1733 = CARTESIAN_POINT ( 'NONE',  ( 30.00000000000000000, 5.083118270617897672, -2.500000000000000000 ) ) ;
#1734 = VECTOR ( 'NONE', #1437, 1000.000000000000000 ) ;
#1735 = FACE_OUTER_BOUND ( 'NONE', #1628, .T. ) ;
#1736 = AXIS2_PLACEMENT_3D ( 'NONE', #89, #365, #674 ) ;
#1737 = EDGE_LOOP ( 'NONE', ( #1184, #1741, #873, #1764 ) ) ;
#1738 = FACE_OUTER_BOUND ( 'NONE', #339, .T. ) ;
#1739 = LINE ( 'NONE', #384, #1781 ) ;
#1740 = ORIENTED_EDGE ( 'NONE', *, *, #1213, .T. ) ;
#1741 = ORIENTED_EDGE ( 'NONE', *, *, #1693, .F. ) ;
#1742 = ORIENTED_EDGE ( 'NONE', *, *, #752, .T. ) ;
#1743 = CARTESIAN_POINT ( 'NONE',  ( 16.00000000000000355, 4.000000000000000000, -16.00000000000000000 ) ) ;
#1744 = EDGE_CURVE ( 'NONE', #465, #1316, #972, .T. ) ;
#1745 = DIRECTION ( 'NONE',  ( 0.0000000000000000000, -0.0000000000000000000, 1.000000000000000000 ) ) ;
#1746 = AXIS2_PLACEMENT_3D ( 'NONE', #416, #1001, #1571 ) ;
#1747 = CARTESIAN_POINT ( 'NONE',  ( 17.07292415709829925, 11.50000000000000000, -16.00000000000000355 ) ) ;
#1748 = DIRECTION ( 'NONE',  ( 0.0000000000000000000, 0.0000000000000000000, -1.000000000000000000 ) ) ;
#1749 = CARTESIAN_POINT ( 'NONE',  ( 23.01371369774670583, 8.125000000000000000, 0.0000000000000000000 ) ) ;
#1750 = DIRECTION ( 'NONE',  ( 0.0000000000000000000, 0.0000000000000000000, -1.000000000000000000 ) ) ;
#1751 = VECTOR ( 'NONE', #755, 1000.000000000000000 ) ;
#1752 = LINE ( 'NONE', #1285, #1716 ) ;
#1753 = ORIENTED_EDGE ( 'NONE', *, *, #1195, .F. ) ;
#1754 = VECTOR ( 'NONE', #431, 1000.000000000000000 ) ;
#1755 = EDGE_CURVE ( 'NONE', #1705, #1714, #547, .T. ) ;
#1756 = CARTESIAN_POINT ( 'NONE',  ( 21.78531415709829844, 11.50000000000000000, -16.00000000000000355 ) ) ;
#1757 = LINE ( 'NONE', #1443, #1092 ) ;
#1758 = EDGE_LOOP ( 'NONE', ( #1368, #552 ) ) ;
#1759 = LINE ( 'NONE', #1266, #914 ) ;
#1760 = PRODUCT ( 'ISO - Rack-spur - rectangular 1.5M 20PA 16FW 10PH 30L---SAll', 'ISO - Rack-spur - rectangular 1.5M 20PA 16FW 10PH 30L---SAll', '', ( #409 ) ) ;
#1761 = CARTESIAN_POINT ( 'NONE',  ( 24.21659792950087109, 8.125000000000000000, 0.0000000000000000000 ) ) ;
#1762 = ORIENTED_EDGE ( 'NONE', *, *, #1234, .T. ) ;
#1763 = ORIENTED_EDGE ( 'NONE', *, *, #922, .T. ) ;
#1764 = ORIENTED_EDGE ( 'NONE', *, *, #19, .T. ) ;
#1765 = DIRECTION ( 'NONE',  ( 0.9396926207859105373, 0.3420201433256628287, -0.0000000000000000000 ) ) ;
#1766 = DIRECTION ( 'NONE',  ( -0.3420201433256628287, 0.9396926207859105373, -0.0000000000000000000 ) ) ;
#1767 = EDGE_CURVE ( 'NONE', #717, #806, #1484, .T. ) ;
#1768 = DIRECTION ( 'NONE',  ( 0.0000000000000000000, 0.0000000000000000000, -1.000000000000000000 ) ) ;
#1769 = AXIS2_PLACEMENT_3D ( 'NONE', #1743, #1605, #1181 ) ;
#1770 = DIRECTION ( 'NONE',  ( -0.3420201433256628287, 0.9396926207859105373, -0.0000000000000000000 ) ) ;
#1771 = DATE_AND_TIME ( #1288, #628 ) ;
#1772 = DIRECTION ( 'NONE',  ( 0.0000000000000000000, 0.0000000000000000000, 1.000000000000000000 ) ) ;
#1773 = CYLINDRICAL_SURFACE ( 'NONE', #1432, 4.000000000000000888 ) ;
#1774 = LINE ( 'NONE', #1473, #570 ) ;
#1776 = EDGE_CURVE ( 'NONE', #1198, #940, #1312, .T. ) ;
#1775 = DIRECTION ( 'NONE',  ( -1.000000000000000000, 0.0000000000000000000, 0.0000000000000000000 ) ) ;
#1777 = VECTOR ( 'NONE', #1397, 1000.000000000000000 ) ;
#1778 = VERTEX_POINT ( 'NONE', #123 ) ;
#1779 = LINE ( 'NONE', #1804, #1116 ) ;
#1780 = DIRECTION ( 'NONE',  ( 0.0000000000000000000, 0.0000000000000000000, -1.000000000000000000 ) ) ;
#1781 = VECTOR ( 'NONE', #667, 1000.000000000000000 ) ;
#1782 = AXIS2_PLACEMENT_3D ( 'NONE', #478, #496, #1491 ) ;
#1783 = EDGE_LOOP ( 'NONE', ( #1147, #145, #1679, #822 ) ) ;
#1784 = ORIENTED_EDGE ( 'NONE', *, *, #1838, .T. ) ;
#1785 = PLANE ( 'NONE',  #1277 ) ;
#1786 = EDGE_LOOP ( 'NONE', ( #247, #853, #1300, #1475 ) ) ;
#1787 = CARTESIAN_POINT ( 'NONE',  ( 7.059845502265511996, 0.0000000000000000000, 0.0000000000000000000 ) ) ;
#1788 = DIRECTION ( 'NONE',  ( -0.3420201433256628287, 0.9396926207859105373, -0.0000000000000000000 ) ) ;
#1789 = CARTESIAN_POINT ( 'NONE',  ( 4.450000000000000178, 2.500000000000000444, -13.50000000000000000 ) ) ;
#1790 = ADVANCED_FACE ( 'NONE', ( #456 ), #1773, .T. ) ;
#1791 = DIRECTION ( 'NONE',  ( 1.000000000000000000, 0.0000000000000000000, 0.0000000000000000000 ) ) ;
#1792 = FACE_OUTER_BOUND ( 'NONE', #888, .T. ) ;
#1793 = CIRCLE ( 'NONE', #1527, 1.399999999999998579 ) ;
#1794 = CARTESIAN_POINT ( 'NONE',  ( 17.07292415709829925, 11.50000000000000000, 0.0000000000000000000 ) ) ;
#1795 = ADVANCED_FACE ( 'NONE', ( #1133 ), #1279, .T. ) ;
#1796 = DIRECTION ( 'NONE',  ( -0.3420201433256628287, 0.9396926207859105373, -0.0000000000000000000 ) ) ;
#1797 = FACE_OUTER_BOUND ( 'NONE', #1626, .T. ) ;
#1798 = ORIENTED_EDGE ( 'NONE', *, *, #652, .T. ) ;
#1800 = EDGE_CURVE ( 'NONE', #171, #1551, #1180, .T. ) ;
#1799 = DIRECTION ( 'NONE',  ( 0.0000000000000000000, -0.0000000000000000000, 1.000000000000000000 ) ) ;
#1801 = LINE ( 'NONE', #1727, #1249 ) ;
#1802 = VERTEX_POINT ( 'NONE', #1826 ) ;
#1803 = VERTEX_POINT ( 'NONE', #272 ) ;
#1804 = CARTESIAN_POINT ( 'NONE',  ( 11.20141481790170168, 11.50000000000000000, -16.00000000000000355 ) ) ;
#1805 = EDGE_LOOP ( 'NONE', ( #289, #974, #1495, #819 ) ) ;
#1806 = DIRECTION ( 'NONE',  ( 0.0000000000000000000, 0.0000000000000000000, 1.000000000000000000 ) ) ;
#1807 = AXIS2_PLACEMENT_3D ( 'NONE', #1671, #411, #965 ) ;
#1808 = VERTEX_POINT ( 'NONE', #1125 ) ;
#1809 = PLANE ( 'NONE',  #646 ) ;
#1810 = ORIENTED_EDGE ( 'NONE', *, *, #1077, .T. ) ;
#1811 = CARTESIAN_POINT ( 'NONE',  ( 28.92898690450086718, 8.125000000000000000, 0.0000000000000000000 ) ) ;
#1812 = ADVANCED_FACE ( 'NONE', ( #1400 ), #1267, .F. ) ;
#1813 = CARTESIAN_POINT ( 'NONE',  ( 3.499999999999999556, 2.500000000000000444, -16.00000000000000000 ) ) ;
#1814 = CARTESIAN_POINT ( 'NONE',  ( 0.0000000000000000000, 11.50000000000000000, -16.00000000000000000 ) ) ;
#1815 = PLANE ( 'NONE',  #388 ) ;
#1816 = DIRECTION ( 'NONE',  ( 0.0000000000000000000, 0.0000000000000000000, 1.000000000000000000 ) ) ;
#1817 = EDGE_CURVE ( 'NONE', #717, #917, #727, .T. ) ;
#1818 = ADVANCED_FACE ( 'NONE', ( #1792, #324 ), #1704, .T. ) ;
#1819 = CALENDAR_DATE ( 2019, 12, 12 ) ;
#1820 = AXIS2_PLACEMENT_3D ( 'NONE', #1221, #391, #232 ) ;
#1821 = VECTOR ( 'NONE', #1806, 1000.000000000000000 ) ;
#1822 = CARTESIAN_POINT ( 'NONE',  ( 4.164153697746706406, 8.125000000000000000, 0.0000000000000000000 ) ) ;
#1823 = VERTEX_POINT ( 'NONE', #562 ) ;
#1824 = FACE_OUTER_BOUND ( 'NONE', #448, .T. ) ;
#1825 = CARTESIAN_POINT ( 'NONE',  ( 17.07292415709829925, 11.50000000000000000, -16.00000000000000355 ) ) ;
#1826 = CARTESIAN_POINT ( 'NONE',  ( 13.58893369774670745, 8.125000000000000000, -16.00000000000000000 ) ) ;
#1827 = ORIENTED_EDGE ( 'NONE', *, *, #1247, .F. ) ;
#1828 = FACE_BOUND ( 'NONE', #221, .T. ) ;
#1829 = LINE ( 'NONE', #1761, #690 ) ;
#1830 = ORIENTED_EDGE ( 'NONE', *, *, #1556, .T. ) ;
#1831 = ORIENTED_EDGE ( 'NONE', *, *, #1726, .T. ) ;
#1832 = VERTEX_POINT ( 'NONE', #991 ) ;
#1833 = APPROVAL_STATUS ( 'not_yet_approved' ) ;
#1834 = CARTESIAN_POINT ( 'NONE',  ( 34.00000000000000000, 3.999999999999998224, -8.000000000000000000 ) ) ;
#1835 = DIRECTION ( 'NONE',  ( -1.000000000000000000, -0.0000000000000000000, -0.0000000000000000000 ) ) ;
#1836 = PLANE ( 'NONE',  #1507 ) ;
#1837 = DIRECTION ( 'NONE',  ( -1.000000000000000000, 0.0000000000000000000, 0.0000000000000000000 ) ) ;
#1838 = EDGE_CURVE ( 'NONE', #1052, #1778, #591, .T. ) ;
#1839 = VECTOR ( 'NONE', #146, 1000.000000000000000 ) ;
#1840 = DIRECTION ( 'NONE',  ( 0.0000000000000000000, 0.0000000000000000000, -1.000000000000000000 ) ) ;
#1841 = LINE ( 'NONE', #1299, #1734 ) ;
#1842 = DIRECTION ( 'NONE',  ( -1.000000000000000000, -0.0000000000000000000, -0.0000000000000000000 ) ) ;
ENDSEC;
END-ISO-10303-21;
