ISO-10303-21;
HEADER;
FILE_DESCRIPTION (( 'STEP AP203' ),
    '1' );
FILE_NAME ('ISO - Spur gear 1.5M 16T 20PA 16FW ---S16A75H50L0.STEP',
    '2019-12-12T17:08:36',
    ( '' ),
    ( '' ),
    'SwSTEP 2.0',
    'SolidWorks 2018',
    '' );
FILE_SCHEMA (( 'CONFIG_CONTROL_DESIGN' ));
ENDSEC;

DATA;
#1 = AXIS2_PLACEMENT_3D ( 'NONE', #862, #606, #1360 ) ;
#2 = EDGE_CURVE ( 'NONE', #129, #840, #2073, .T. ) ;
#3 = ORIENTED_EDGE ( 'NONE', *, *, #1570, .F. ) ;
#4 = CARTESIAN_POINT ( 'NONE',  ( 16.00000000000000000, -10.87180726022452149, -2.993160008755840540 ) ) ;
#5 = VECTOR ( 'NONE', #2606, 1000.000000000000000 ) ;
#6 = VERTEX_POINT ( 'NONE', #1118 ) ;
#7 = ADVANCED_FACE ( 'NONE', ( #1948 ), #1859, .T. ) ;
#8 = EDGE_CURVE ( 'NONE', #1006, #2479, #2314, .T. ) ;
#9 = ORIENTED_EDGE ( 'NONE', *, *, #2261, .T. ) ;
#10 = CARTESIAN_POINT ( 'NONE',  ( 0.0000000000000000000, 11.18967295489764346, -1.395141248733685835 ) ) ;
#11 = VERTEX_POINT ( 'NONE', #2408 ) ;
#12 = CARTESIAN_POINT ( 'NONE',  ( 16.00000000000000000, 6.500000000000000000, -1.449999999999999734 ) ) ;
#13 = ORIENTED_EDGE ( 'NONE', *, *, #1170, .F. ) ;
#14 = ORIENTED_EDGE ( 'NONE', *, *, #3116, .T. ) ;
#15 = ORIENTED_EDGE ( 'NONE', *, *, #1083, .F. ) ;
#16 = DIRECTION ( 'NONE',  ( 0.0000000000000000000, -1.000000000000000000, -1.048062100069321163E-14 ) ) ;
#17 = ORIENTED_EDGE ( 'NONE', *, *, #2193, .T. ) ;
#18 = CARTESIAN_POINT ( 'NONE',  ( 16.00000000000000000, 0.0000000000000000000, 0.0000000000000000000 ) ) ;
#19 = DIRECTION ( 'NONE',  ( 1.000000000000000000, 0.0000000000000000000, 0.0000000000000000000 ) ) ;
#20 = AXIS2_PLACEMENT_3D ( 'NONE', #1096, #3180, #2391 ) ;
#21 = EDGE_CURVE ( 'NONE', #2327, #3310, #773, .T. ) ;
#22 = ADVANCED_FACE ( 'NONE', ( #1706 ), #68, .T. ) ;
#23 = DIRECTION ( 'NONE',  ( -1.000000000000000000, 0.0000000000000000000, -0.0000000000000000000 ) ) ;
#24 = ORIENTED_EDGE ( 'NONE', *, *, #2457, .F. ) ;
#25 = EDGE_CURVE ( 'NONE', #1193, #2206, #2270, .T. ) ;
#26 = DIRECTION ( 'NONE',  ( -1.000000000000000000, 0.0000000000000000000, 0.0000000000000000000 ) ) ;
#27 = VECTOR ( 'NONE', #3090, 1000.000000000000000 ) ;
#28 = CIRCLE ( 'NONE', #2917, 10.12399999999999878 ) ;
#29 = CARTESIAN_POINT ( 'NONE',  ( 0.0000000000000000000, -7.204574090869275693, -11.41683459498187503 ) ) ;
#30 = CARTESIAN_POINT ( 'NONE',  ( 0.0000000000000000000, 7.688888647962873080, 6.586073743834610639 ) ) ;
#31 = FACE_OUTER_BOUND ( 'NONE', #1777, .T. ) ;
#32 = FACE_OUTER_BOUND ( 'NONE', #881, .T. ) ;
#33 = CARTESIAN_POINT ( 'NONE',  ( 0.0000000000000000000, 0.0000000000000000000, 0.0000000000000000000 ) ) ;
#34 = FACE_BOUND ( 'NONE', #1476, .T. ) ;
#35 = ORIENTED_EDGE ( 'NONE', *, *, #727, .F. ) ;
#36 = AXIS2_PLACEMENT_3D ( 'NONE', #2350, #503, #801 ) ;
#37 = EDGE_CURVE ( 'NONE', #2902, #2741, #563, .T. ) ;
#38 = CIRCLE ( 'NONE', #1885, 10.12399999999999878 ) ;
#39 = EDGE_LOOP ( 'NONE', ( #1594, #719, #949, #859 ) ) ;
#40 = EDGE_CURVE ( 'NONE', #1718, #2357, #2757, .T. ) ;
#41 = DIRECTION ( 'NONE',  ( -1.000000000000000000, 0.0000000000000000000, -0.0000000000000000000 ) ) ;
#42 = CYLINDRICAL_SURFACE ( 'NONE', #3282, 13.49999999999999467 ) ;
#43 = ORIENTED_EDGE ( 'NONE', *, *, #2561, .F. ) ;
#44 = CARTESIAN_POINT ( 'NONE',  ( 16.00000000000000000, 7.688888647962964562, -6.586073743834504057 ) ) ;
#45 = CARTESIAN_POINT ( 'NONE',  ( 0.0000000000000000000, 8.898807463360480341, 6.925779787975193891 ) ) ;
#46 = ORIENTED_EDGE ( 'NONE', *, *, #1236, .F. ) ;
#47 = DIRECTION ( 'NONE',  ( -1.000000000000000000, -0.0000000000000000000, -0.0000000000000000000 ) ) ;
#48 = ORIENTED_EDGE ( 'NONE', *, *, #1413, .T. ) ;
#49 = ORIENTED_EDGE ( 'NONE', *, *, #25, .T. ) ;
#50 = ORIENTED_EDGE ( 'NONE', *, *, #937, .F. ) ;
#51 = ADVANCED_FACE ( 'NONE', ( #1502 ), #2070, .T. ) ;
#52 = ORIENTED_EDGE ( 'NONE', *, *, #2011, .T. ) ;
#53 = DIRECTION ( 'NONE',  ( -1.000000000000000000, 0.0000000000000000000, 0.0000000000000000000 ) ) ;
#54 = DIRECTION ( 'NONE',  ( 1.000000000000000000, -0.0000000000000000000, -0.0000000000000000000 ) ) ;
#55 = ORIENTED_EDGE ( 'NONE', *, *, #545, .F. ) ;
#56 = AXIS2_PLACEMENT_3D ( 'NONE', #1717, #3009, #3271 ) ;
#57 = DIRECTION ( 'NONE',  ( 0.0000000000000000000, 0.9238795325112877377, -0.3826834323650872283 ) ) ;
#58 = DIRECTION ( 'NONE',  ( -1.000000000000000000, -0.0000000000000000000, -0.0000000000000000000 ) ) ;
#59 = VERTEX_POINT ( 'NONE', #1399 ) ;
#60 = AXIS2_PLACEMENT_3D ( 'NONE', #1218, #2481, #1230 ) ;
#61 = EDGE_CURVE ( 'NONE', #1110, #496, #732, .T. ) ;
#62 = ORIENTED_EDGE ( 'NONE', *, *, #3049, .T. ) ;
#63 = FACE_BOUND ( 'NONE', #2774, .T. ) ;
#64 = DIRECTION ( 'NONE',  ( 0.0000000000000000000, 0.0000000000000000000, 1.000000000000000000 ) ) ;
#65 = ADVANCED_FACE ( 'NONE', ( #1455 ), #3003, .T. ) ;
#66 = LINE ( 'NONE', #1739, #1896 ) ;
#67 = CIRCLE ( 'NONE', #170, 13.49999999999999289 ) ;
#68 = CYLINDRICAL_SURFACE ( 'NONE', #1283, 13.49999999999999467 ) ;
#69 = CIRCLE ( 'NONE', #2670, 5.000000000000000000 ) ;
#70 = VERTEX_POINT ( 'NONE', #329 ) ;
#71 = CARTESIAN_POINT ( 'NONE',  ( -3.999999999999999112, 6.500000000000000000, 0.0000000000000000000 ) ) ;
#72 = CIRCLE ( 'NONE', #2788, 1.449999999999999067 ) ;
#73 = CARTESIAN_POINT ( 'NONE',  ( 0.0000000000000000000, 9.623988155711550974, -3.142328432663227922 ) ) ;
#74 = LINE ( 'NONE', #1446, #2963 ) ;
#75 = ORIENTED_EDGE ( 'NONE', *, *, #1720, .T. ) ;
#76 = DIRECTION ( 'NONE',  ( -1.000000000000000000, -0.0000000000000000000, -0.0000000000000000000 ) ) ;
#77 = AXIS2_PLACEMENT_3D ( 'NONE', #1184, #3296, #710 ) ;
#78 = EDGE_CURVE ( 'NONE', #59, #1129, #3163, .T. ) ;
#79 = LINE ( 'NONE', #2660, #1261 ) ;
#80 = ORIENTED_EDGE ( 'NONE', *, *, #2193, .F. ) ;
#81 = ORIENTED_EDGE ( 'NONE', *, *, #482, .F. ) ;
#82 = ADVANCED_FACE ( 'NONE', ( #2841 ), #1370, .T. ) ;
#83 = EDGE_CURVE ( 'NONE', #1041, #590, #2469, .T. ) ;
#84 = DIRECTION ( 'NONE',  ( -1.000000000000000000, 0.0000000000000000000, 0.0000000000000000000 ) ) ;
#85 = AXIS2_PLACEMENT_3D ( 'NONE', #2395, #1340, #2365 ) ;
#86 = DIRECTION ( 'NONE',  ( 0.0000000000000000000, 0.0000000000000000000, 1.000000000000000000 ) ) ;
#87 = ORIENTED_EDGE ( 'NONE', *, *, #748, .F. ) ;
#88 = VERTEX_POINT ( 'NONE', #381 ) ;
#89 = DIRECTION ( 'NONE',  ( 0.0000000000000000000, 0.0000000000000000000, 1.000000000000000000 ) ) ;
#90 = ORIENTED_EDGE ( 'NONE', *, *, #795, .F. ) ;
#91 = DIRECTION ( 'NONE',  ( -1.000000000000000000, -0.0000000000000000000, -0.0000000000000000000 ) ) ;
#92 = VERTEX_POINT ( 'NONE', #3228 ) ;
#93 = DIRECTION ( 'NONE',  ( 1.000000000000000000, -0.0000000000000000000, -0.0000000000000000000 ) ) ;
#94 = VERTEX_POINT ( 'NONE', #1436 ) ;
#95 = CARTESIAN_POINT ( 'NONE',  ( 16.00000000000000000, -6.925779787975099744, -8.898807463360551395 ) ) ;
#96 = DIRECTION ( 'NONE',  ( -1.000000000000000000, 0.0000000000000000000, 0.0000000000000000000 ) ) ;
#97 = AXIS2_PLACEMENT_3D ( 'NONE', #1692, #1125, #1150 ) ;
#98 = ORIENTED_EDGE ( 'NONE', *, *, #1529, .T. ) ;
#99 = DIRECTION ( 'NONE',  ( 0.0000000000000000000, 0.0000000000000000000, 1.000000000000000000 ) ) ;
#100 = ADVANCED_FACE ( 'NONE', ( #3242 ), #399, .T. ) ;
#101 = DIRECTION ( 'NONE',  ( 0.0000000000000000000, 0.0000000000000000000, 1.000000000000000000 ) ) ;
#102 = CC_DESIGN_DATE_AND_TIME_ASSIGNMENT ( #3038, #3000, ( #617 ) ) ;
#103 = EDGE_CURVE ( 'NONE', #921, #1763, #2188, .T. ) ;
#104 = CARTESIAN_POINT ( 'NONE',  ( -9.000000000000000000, 6.500000000000000000, 2.049999999999999822 ) ) ;
#105 = CYLINDRICAL_SURFACE ( 'NONE', #2604, 4.799999999999998046 ) ;
#106 = DIRECTION ( 'NONE',  ( -1.000000000000000000, -0.0000000000000000000, -0.0000000000000000000 ) ) ;
#107 = CARTESIAN_POINT ( 'NONE',  ( -3.999999999999999112, 2.510525938252073693E-16, -8.549999999999998934 ) ) ;
#108 = AXIS2_PLACEMENT_3D ( 'NONE', #3263, #1961, #2477 ) ;
#109 = LINE ( 'NONE', #1686, #1658 ) ;
#110 = LINE ( 'NONE', #44, #395 ) ;
#111 = DIRECTION ( 'NONE',  ( 0.0000000000000000000, 0.0000000000000000000, 1.000000000000000000 ) ) ;
#112 = DIRECTION ( 'NONE',  ( -1.000000000000000000, -0.0000000000000000000, -0.0000000000000000000 ) ) ;
#113 = VECTOR ( 'NONE', #1485, 1000.000000000000000 ) ;
#114 = VECTOR ( 'NONE', #999, 1000.000000000000000 ) ;
#115 = FACE_BOUND ( 'NONE', #2046, .T. ) ;
#116 = ORIENTED_EDGE ( 'NONE', *, *, #1255, .T. ) ;
#117 = ADVANCED_FACE ( 'NONE', ( #2145 ), #3368, .T. ) ;
#118 = CARTESIAN_POINT ( 'NONE',  ( 8.000000000000000000, -7.790708666547883077, -11.02519199256754767 ) ) ;
#119 = CIRCLE ( 'NONE', #432, 2.049999999999998934 ) ;
#120 = EDGE_LOOP ( 'NONE', ( #1688, #1880, #1435, #2895 ) ) ;
#121 = DIRECTION ( 'NONE',  ( -1.000000000000000000, -0.0000000000000000000, 0.0000000000000000000 ) ) ;
#122 = AXIS2_PLACEMENT_3D ( 'NONE', #1287, #19, #2358 ) ;
#123 = EDGE_CURVE ( 'NONE', #325, #736, #1289, .T. ) ;
#124 = CIRCLE ( 'NONE', #1671, 4.799999999999998046 ) ;
#125 = CLOSED_SHELL ( 'NONE', ( #923, #1397, #2400, #2673, #340, #2692, #2912, #2984, #3145, #1378, #2746, #411, #1966, #2708, #1433, #777, #597, #321, #639, #151, #2438, #1795, #1412, #2467, #1618, #1639, #2214, #22, #1088, #2837, #7, #272, #3202, #82, #1890, #1711, #653, #2999, #1038, #1447, #137, #3221, #2454, #1314, #2131, #2966, #1810, #2728, #861, #3187, #1330, #2204, #2946, #2655, #2487, #1691, #841, #1652, #1944, #65, #3169, #2167, #2931, #1190, #1154, #379, #51, #889, #2148, #2120, #356, #1929, #117, #911, #100, #1576, #1676, #1115, #2180, #876, #671, #1909, #1173, #3110, #564, #1876, #3255, #2417, #828, #1136, #582, #392, #1359, #502, #2338, #1326, #1104, #3236, #623 ) ) ;
#126 = CARTESIAN_POINT ( 'NONE',  ( 16.00000000000000000, -9.804012376825529174, 5.571044898090275588 ) ) ;
#127 = AXIS2_PLACEMENT_3D ( 'NONE', #1998, #2253, #707 ) ;
#128 = EDGE_CURVE ( 'NONE', #1849, #1441, #153, .T. ) ;
#129 = VERTEX_POINT ( 'NONE', #1156 ) ;
#130 = DIRECTION ( 'NONE',  ( 0.0000000000000000000, 0.0000000000000000000, 1.000000000000000000 ) ) ;
#131 = VERTEX_POINT ( 'NONE', #138 ) ;
#132 = ORIENTED_EDGE ( 'NONE', *, *, #612, .F. ) ;
#133 = EDGE_CURVE ( 'NONE', #88, #2035, #2107, .T. ) ;
#134 = DIRECTION ( 'NONE',  ( 0.0000000000000000000, 0.0000000000000000000, 1.000000000000000000 ) ) ;
#135 = DIRECTION ( 'NONE',  ( 0.0000000000000000000, -1.000000000000000000, -1.047444401652940007E-14 ) ) ;
#136 = ORIENTED_EDGE ( 'NONE', *, *, #391, .T. ) ;
#137 = ADVANCED_FACE ( 'NONE', ( #2552 ), #1017, .T. ) ;
#138 = CARTESIAN_POINT ( 'NONE',  ( 16.00000000000000000, 13.16732435701145221, 2.978517966582164611 ) ) ;
#139 = ORIENTED_EDGE ( 'NONE', *, *, #1523, .F. ) ;
#140 = DIRECTION ( 'NONE',  ( -1.000000000000000000, 0.0000000000000000000, -0.0000000000000000000 ) ) ;
#141 = VERTEX_POINT ( 'NONE', #1408 ) ;
#142 = DIRECTION ( 'NONE',  ( 1.000000000000000000, -0.0000000000000000000, -0.0000000000000000000 ) ) ;
#143 = DIRECTION ( 'NONE',  ( 0.0000000000000000000, 0.0000000000000000000, 1.000000000000000000 ) ) ;
#144 = AXIS2_PLACEMENT_3D ( 'NONE', #246, #2589, #3362 ) ;
#145 = EDGE_CURVE ( 'NONE', #2643, #514, #1332, .T. ) ;
#146 = DIRECTION ( 'NONE',  ( 0.0000000000000000000, 0.0000000000000000000, 1.000000000000000000 ) ) ;
#147 = PERSON_AND_ORGANIZATION_ROLE ( 'creator' ) ;
#148 = CYLINDRICAL_SURFACE ( 'NONE', #1624, 10.12399999999999878 ) ;
#149 = VECTOR ( 'NONE', #945, 1000.000000000000000 ) ;
#150 = EDGE_CURVE ( 'NONE', #2681, #723, #1617, .T. ) ;
#151 = ADVANCED_FACE ( 'NONE', ( #688 ), #1087, .F. ) ;
#152 = CIRCLE ( 'NONE', #85, 13.49999999999999289 ) ;
#153 = CIRCLE ( 'NONE', #3100, 10.12399999999999878 ) ;
#154 = DIRECTION ( 'NONE',  ( 0.0000000000000000000, 0.0000000000000000000, 1.000000000000000000 ) ) ;
#155 = CIRCLE ( 'NONE', #894, 4.799999999999998046 ) ;
#156 = VERTEX_POINT ( 'NONE', #158 ) ;
#157 = CARTESIAN_POINT ( 'NONE',  ( 0.0000000000000000000, -6.925779787975224089, 8.898807463360453696 ) ) ;
#158 = CARTESIAN_POINT ( 'NONE',  ( 16.00000000000000000, -3.142328432663261228, -9.623988155711540315 ) ) ;
#159 = VECTOR ( 'NONE', #1482, 1000.000000000000000 ) ;
#160 = ORIENTED_EDGE ( 'NONE', *, *, #1102, .T. ) ;
#161 = CARTESIAN_POINT ( 'NONE',  ( 16.00000000000000000, 11.18967295489764346, 3.404858751266311767 ) ) ;
#162 = VECTOR ( 'NONE', #2401, 1000.000000000000000 ) ;
#163 = EDGE_LOOP ( 'NONE', ( #984, #2374 ) ) ;
#164 = CARTESIAN_POINT ( 'NONE',  ( 1.000000000000000888, 6.500000000000000000, 1.449999999999999956 ) ) ;
#165 = ORIENTED_EDGE ( 'NONE', *, *, #2153, .T. ) ;
#166 = DIRECTION ( 'NONE',  ( -1.000000000000000000, -0.0000000000000000000, 0.0000000000000000000 ) ) ;
#167 = CARTESIAN_POINT ( 'NONE',  ( 0.0000000000000000000, 0.0000000000000000000, 0.0000000000000000000 ) ) ;
#168 = ORIENTED_EDGE ( 'NONE', *, *, #2129, .F. ) ;
#169 = DIRECTION ( 'NONE',  ( -1.000000000000000000, -0.0000000000000000000, 0.0000000000000000000 ) ) ;
#170 = AXIS2_PLACEMENT_3D ( 'NONE', #3101, #3111, #239 ) ;
#171 = EDGE_CURVE ( 'NONE', #2368, #2675, #3085, .T. ) ;
#172 = VERTEX_POINT ( 'NONE', #1712 ) ;
#173 = VERTEX_POINT ( 'NONE', #917 ) ;
#174 = CARTESIAN_POINT ( 'NONE',  ( -3.999999999999999112, -6.500000000000000000, 0.0000000000000000000 ) ) ;
#175 = ORIENTED_EDGE ( 'NONE', *, *, #2352, .F. ) ;
#176 = AXIS2_PLACEMENT_3D ( 'NONE', #629, #1919, #1881 ) ;
#177 = CARTESIAN_POINT ( 'NONE',  ( 0.0000000000000000000, 2.978517966582295173, -13.16732435701142556 ) ) ;
#178 = DIRECTION ( 'NONE',  ( 0.0000000000000000000, 0.0000000000000000000, 1.000000000000000000 ) ) ;
#179 = ORIENTED_EDGE ( 'NONE', *, *, #551, .T. ) ;
#180 = DIRECTION ( 'NONE',  ( 0.0000000000000000000, -0.9238795325112907353, 0.3826834323650805114 ) ) ;
#181 = ORIENTED_EDGE ( 'NONE', *, *, #1410, .F. ) ;
#182 = DIRECTION ( 'NONE',  ( 0.0000000000000000000, 0.0000000000000000000, -1.000000000000000000 ) ) ;
#183 = LINE ( 'NONE', #1069, #2342 ) ;
#184 = DIRECTION ( 'NONE',  ( -1.000000000000000000, 0.0000000000000000000, -0.0000000000000000000 ) ) ;
#185 = CARTESIAN_POINT ( 'NONE',  ( 16.00000000000000000, 0.7798078971026689565, 10.09392270842294081 ) ) ;
#186 = LINE ( 'NONE', #1245, #27 ) ;
#187 = AXIS2_PLACEMENT_3D ( 'NONE', #2769, #717, #2791 ) ;
#188 = EDGE_CURVE ( 'NONE', #3229, #11, #484, .T. ) ;
#189 = CARTESIAN_POINT ( 'NONE',  ( 16.00000000000000000, 0.0000000000000000000, 0.0000000000000000000 ) ) ;
#190 = CARTESIAN_POINT ( 'NONE',  ( 8.000000000000000000, 2.978517966582117094, 13.16732435701146464 ) ) ;
#191 = VECTOR ( 'NONE', #2991, 1000.000000000000000 ) ;
#192 = FACE_OUTER_BOUND ( 'NONE', #3058, .T. ) ;
#193 = EDGE_CURVE ( 'NONE', #2394, #92, #929, .T. ) ;
#194 = CARTESIAN_POINT ( 'NONE',  ( 0.0000000000000000000, 0.0000000000000000000, 0.0000000000000000000 ) ) ;
#195 = CIRCLE ( 'NONE', #2546, 1.524999999999999911 ) ;
#196 = FACE_OUTER_BOUND ( 'NONE', #1766, .T. ) ;
#197 = CARTESIAN_POINT ( 'NONE',  ( 0.0000000000000000000, 0.7798078971028086226, -10.09392270842292838 ) ) ;
#198 = DIRECTION ( 'NONE',  ( -1.000000000000000000, 0.0000000000000000000, 0.0000000000000000000 ) ) ;
#199 = LINE ( 'NONE', #417, #1059 ) ;
#200 = ORIENTED_EDGE ( 'NONE', *, *, #2832, .F. ) ;
#201 = CARTESIAN_POINT ( 'NONE',  ( 8.000000000000000000, -7.790708666548038508, 11.02519199256743754 ) ) ;
#202 = CYLINDRICAL_SURFACE ( 'NONE', #2981, 4.799999999999998046 ) ;
#203 = VERTEX_POINT ( 'NONE', #2007 ) ;
#204 = DIRECTION ( 'NONE',  ( -1.000000000000000000, 0.0000000000000000000, 0.0000000000000000000 ) ) ;
#205 = DIRECTION ( 'NONE',  ( -1.000000000000000000, 0.0000000000000000000, -0.0000000000000000000 ) ) ;
#206 = VECTOR ( 'NONE', #53, 1000.000000000000000 ) ;
#207 = ORIENTED_EDGE ( 'NONE', *, *, #2305, .T. ) ;
#208 = ORIENTED_EDGE ( 'NONE', *, *, #1122, .T. ) ;
#209 = CARTESIAN_POINT ( 'NONE',  ( 0.0000000000000000000, 2.287125093463345138, -13.30485095019294484 ) ) ;
#210 = DIRECTION ( 'NONE',  ( 0.0000000000000000000, 0.0000000000000000000, 1.000000000000000000 ) ) ;
#211 = AXIS2_PLACEMENT_3D ( 'NONE', #3209, #347, #1918 ) ;
#212 = EDGE_CURVE ( 'NONE', #249, #1678, #2225, .T. ) ;
#213 = EDGE_LOOP ( 'NONE', ( #1789, #378, #669, #992 ) ) ;
#214 = DIRECTION ( 'NONE',  ( -1.000000000000000000, 0.0000000000000000000, 0.0000000000000000000 ) ) ;
#215 = DIRECTION ( 'NONE',  ( 0.0000000000000000000, 0.0000000000000000000, 1.000000000000000000 ) ) ;
#216 = ORIENTED_EDGE ( 'NONE', *, *, #145, .T. ) ;
#217 = CARTESIAN_POINT ( 'NONE',  ( 16.00000000000000000, 0.0000000000000000000, 0.0000000000000000000 ) ) ;
#218 = EDGE_CURVE ( 'NONE', #300, #2206, #313, .T. ) ;
#219 = ORIENTED_EDGE ( 'NONE', *, *, #1162, .T. ) ;
#220 = DIRECTION ( 'NONE',  ( -1.000000000000000000, 0.0000000000000000000, 0.0000000000000000000 ) ) ;
#221 = CARTESIAN_POINT ( 'NONE',  ( 0.0000000000000000000, -0.7798078971027381234, 10.09392270842293371 ) ) ;
#222 = CARTESIAN_POINT ( 'NONE',  ( 16.00000000000000000, -7.688888647962826894, -6.586073743834663929 ) ) ;
#223 = VERTEX_POINT ( 'NONE', #2027 ) ;
#224 = DIRECTION ( 'NONE',  ( 0.0000000000000000000, -0.9238795325112907353, 0.3826834323650805114 ) ) ;
#225 = DIRECTION ( 'NONE',  ( 0.0000000000000000000, 0.0000000000000000000, 1.000000000000000000 ) ) ;
#226 = CARTESIAN_POINT ( 'NONE',  ( 0.0000000000000000000, 0.0000000000000000000, 0.0000000000000000000 ) ) ;
#227 = AXIS2_PLACEMENT_3D ( 'NONE', #2486, #916, #1452 ) ;
#228 = CIRCLE ( 'NONE', #1987, 9.500000000000000000 ) ;
#229 = DIRECTION ( 'NONE',  ( -1.000000000000000000, 0.0000000000000000000, -0.0000000000000000000 ) ) ;
#230 = FACE_OUTER_BOUND ( 'NONE', #1824, .T. ) ;
#231 = CIRCLE ( 'NONE', #993, 13.49999999999999467 ) ;
#232 = AXIS2_PLACEMENT_3D ( 'NONE', #429, #1471, #940 ) ;
#233 = EDGE_CURVE ( 'NONE', #2081, #3220, #851, .T. ) ;
#234 = DIRECTION ( 'NONE',  ( 0.0000000000000000000, -0.3826834323650773473, -0.9238795325112919565 ) ) ;
#235 = DIRECTION ( 'NONE',  ( 1.000000000000000000, -0.0000000000000000000, -0.0000000000000000000 ) ) ;
#236 = CIRCLE ( 'NONE', #2173, 13.49999999999999289 ) ;
#237 = ORIENTED_EDGE ( 'NONE', *, *, #982, .T. ) ;
#238 = AXIS2_PLACEMENT_3D ( 'NONE', #348, #1932, #2711 ) ;
#239 = DIRECTION ( 'NONE',  ( 0.0000000000000000000, 0.0000000000000000000, 1.000000000000000000 ) ) ;
#240 = CYLINDRICAL_SURFACE ( 'NONE', #2387, 4.799999999999998934 ) ;
#241 = ORIENTED_EDGE ( 'NONE', *, *, #765, .F. ) ;
#242 = PERSON ( 'UNSPECIFIED', 'UNSPECIFIED', 'UNSPECIFIED', ('UNSPECIFIED'), ('UNSPECIFIED'), ('UNSPECIFIED') ) ;
#243 = CARTESIAN_POINT ( 'NONE',  ( -10.00000000000000000, 0.0000000000000000000, 0.0000000000000000000 ) ) ;
#244 = CYLINDRICAL_SURFACE ( 'NONE', #2409, 13.49999999999999467 ) ;
#245 = VERTEX_POINT ( 'NONE', #3059 ) ;
#246 = CARTESIAN_POINT ( 'NONE',  ( 16.00000000000000000, -11.18967295489763103, -1.395141248733763106 ) ) ;
#247 = ORIENTED_EDGE ( 'NONE', *, *, #1937, .T. ) ;
#248 = DIRECTION ( 'NONE',  ( 0.0000000000000000000, 0.0000000000000000000, 1.000000000000000000 ) ) ;
#249 = VERTEX_POINT ( 'NONE', #1480 ) ;
#250 = ORIENTED_EDGE ( 'NONE', *, *, #2434, .F. ) ;
#251 = ORIENTED_EDGE ( 'NONE', *, *, #1506, .F. ) ;
#252 = EDGE_LOOP ( 'NONE', ( #1511, #2191, #453, #1099 ) ) ;
#253 = CARTESIAN_POINT ( 'NONE',  ( 16.00000000000000000, 0.7798078971028086226, -10.09392270842292838 ) ) ;
#254 = CARTESIAN_POINT ( 'NONE',  ( 0.0000000000000000000, 0.0000000000000000000, 10.12399999999999878 ) ) ;
#255 = AXIS2_PLACEMENT_3D ( 'NONE', #71, #1869, #3178 ) ;
#256 = EDGE_CURVE ( 'NONE', #2206, #830, #2669, .T. ) ;
#257 = VERTEX_POINT ( 'NONE', #2259 ) ;
#258 = DIRECTION ( 'NONE',  ( 0.0000000000000000000, -0.3826834323650774583, -0.9238795325112917345 ) ) ;
#259 = CARTESIAN_POINT ( 'NONE',  ( -3.999999999999999112, -6.500000000000000000, 0.0000000000000000000 ) ) ;
#260 = DIRECTION ( 'NONE',  ( 0.0000000000000000000, 0.0000000000000000000, 1.000000000000000000 ) ) ;
#261 = ORIENTED_EDGE ( 'NONE', *, *, #814, .T. ) ;
#262 = EDGE_CURVE ( 'NONE', #1106, #1000, #1542, .T. ) ;
#263 = AXIS2_PLACEMENT_3D ( 'NONE', #1935, #1910, #2967 ) ;
#264 = VERTEX_POINT ( 'NONE', #950 ) ;
#265 = DIRECTION ( 'NONE',  ( 0.0000000000000000000, 0.0000000000000000000, 1.000000000000000000 ) ) ;
#266 = DIRECTION ( 'NONE',  ( 0.0000000000000000000, 0.0000000000000000000, 1.000000000000000000 ) ) ;
#267 = CYLINDRICAL_SURFACE ( 'NONE', #2146, 13.49999999999999467 ) ;
#268 = CARTESIAN_POINT ( 'NONE',  ( 0.0000000000000000000, -10.09392270842294259, 0.7798078971026336514 ) ) ;
#269 = DIRECTION ( 'NONE',  ( -1.000000000000000000, 0.0000000000000000000, 0.0000000000000000000 ) ) ;
#270 = DIRECTION ( 'NONE',  ( -1.000000000000000000, -0.0000000000000000000, -0.0000000000000000000 ) ) ;
#271 = VECTOR ( 'NONE', #3055, 1000.000000000000000 ) ;
#272 = ADVANCED_FACE ( 'NONE', ( #32 ), #649, .T. ) ;
#273 = CIRCLE ( 'NONE', #1532, 10.12399999999999878 ) ;
#274 = AXIS2_PLACEMENT_3D ( 'NONE', #3243, #1379, #2470 ) ;
#275 = EDGE_CURVE ( 'NONE', #782, #1515, #2959, .T. ) ;
#276 = CARTESIAN_POINT ( 'NONE',  ( 0.0000000000000000000, 0.0000000000000000000, 0.0000000000000000000 ) ) ;
#277 = LINE ( 'NONE', #2554, #933 ) ;
#278 = VECTOR ( 'NONE', #1733, 1000.000000000000000 ) ;
#279 = CARTESIAN_POINT ( 'NONE',  ( 0.0000000000000000000, 0.7798078971026689565, 10.09392270842294081 ) ) ;
#280 = LOCAL_TIME ( 17, 8, 36.00000000000000000, #1579 ) ;
#281 = EDGE_CURVE ( 'NONE', #257, #2741, #2717, .T. ) ;
#282 = CYLINDRICAL_SURFACE ( 'NONE', #936, 4.799999999999998934 ) ;
#283 = VERTEX_POINT ( 'NONE', #713 ) ;
#284 = CARTESIAN_POINT ( 'NONE',  ( 16.00000000000000000, 11.18967295489762037, 1.395141248733846373 ) ) ;
#285 = CARTESIAN_POINT ( 'NONE',  ( 0.0000000000000000000, -2.287125093463065806, -13.30485095019299457 ) ) ;
#286 = CARTESIAN_POINT ( 'NONE',  ( 16.00000000000000000, 10.87180726022454458, 7.793160008755761758 ) ) ;
#287 = VECTOR ( 'NONE', #2804, 1000.000000000000000 ) ;
#288 = ORIENTED_EDGE ( 'NONE', *, *, #2093, .T. ) ;
#289 = AXIS2_PLACEMENT_3D ( 'NONE', #555, #2899, #1839 ) ;
#290 = LINE ( 'NONE', #922, #904 ) ;
#291 = ORIENTED_EDGE ( 'NONE', *, *, #508, .F. ) ;
#292 = ORIENTED_EDGE ( 'NONE', *, *, #807, .T. ) ;
#293 = DIRECTION ( 'NONE',  ( 0.0000000000000000000, 0.0000000000000000000, 1.000000000000000000 ) ) ;
#294 = CARTESIAN_POINT ( 'NONE',  ( -9.000000000000000000, 0.0000000000000000000, -4.450000000000001066 ) ) ;
#295 = ORIENTED_EDGE ( 'NONE', *, *, #2153, .F. ) ;
#296 = DIRECTION ( 'NONE',  ( -1.000000000000000000, -0.0000000000000000000, -0.0000000000000000000 ) ) ;
#297 = VERTEX_POINT ( 'NONE', #2533 ) ;
#298 = AXIS2_PLACEMENT_3D ( 'NONE', #663, #2538, #2830 ) ;
#299 = ORIENTED_EDGE ( 'NONE', *, *, #765, .T. ) ;
#300 = VERTEX_POINT ( 'NONE', #1492 ) ;
#301 = AXIS2_PLACEMENT_3D ( 'NONE', #459, #2028, #2535 ) ;
#302 = EDGE_CURVE ( 'NONE', #2119, #1809, #2886, .T. ) ;
#303 = DIRECTION ( 'NONE',  ( 0.0000000000000000000, 0.0000000000000000000, -1.000000000000000000 ) ) ;
#304 = ORIENTED_EDGE ( 'NONE', *, *, #40, .T. ) ;
#305 = DIRECTION ( 'NONE',  ( 1.000000000000000000, -0.0000000000000000000, -0.0000000000000000000 ) ) ;
#306 = EDGE_CURVE ( 'NONE', #1459, #2654, #3328, .T. ) ;
#307 = CC_DESIGN_SECURITY_CLASSIFICATION ( #1505, ( #2433 ) ) ;
#308 = ORIENTED_EDGE ( 'NONE', *, *, #1547, .F. ) ;
#309 = VECTOR ( 'NONE', #2142, 1000.000000000000000 ) ;
#310 = CARTESIAN_POINT ( 'NONE',  ( 26.00000000000000355, 0.0000000000000000000, 5.000000000000000000 ) ) ;
#311 = DIRECTION ( 'NONE',  ( 0.0000000000000000000, 0.0000000000000000000, -1.000000000000000000 ) ) ;
#312 = LINE ( 'NONE', #1318, #398 ) ;
#313 = CIRCLE ( 'NONE', #1811, 4.799999999999997158 ) ;
#314 = CARTESIAN_POINT ( 'NONE',  ( 16.00000000000000000, -3.142328432663399340, 9.623988155711497683 ) ) ;
#315 = DIRECTION ( 'NONE',  ( -1.000000000000000000, -0.0000000000000000000, -0.0000000000000000000 ) ) ;
#316 = ORIENTED_EDGE ( 'NONE', *, *, #2566, .F. ) ;
#317 = AXIS2_PLACEMENT_3D ( 'NONE', #95, #3224, #2947 ) ;
#318 = EDGE_CURVE ( 'NONE', #1252, #590, #231, .T. ) ;
#319 = CIRCLE ( 'NONE', #2128, 4.799999999999998934 ) ;
#320 = ORIENTED_EDGE ( 'NONE', *, *, #1963, .T. ) ;
#321 = ADVANCED_FACE ( 'NONE', ( #196 ), #2954, .F. ) ;
#322 = EDGE_CURVE ( 'NONE', #2077, #1527, #1580, .T. ) ;
#323 = CARTESIAN_POINT ( 'NONE',  ( 16.00000000000000000, 4.583225543511165512, -9.027149030414129527 ) ) ;
#324 = CYLINDRICAL_SURFACE ( 'NONE', #674, 13.49999999999999467 ) ;
#325 = VERTEX_POINT ( 'NONE', #2330 ) ;
#326 = DIRECTION ( 'NONE',  ( -1.000000000000000000, -0.0000000000000000000, -0.0000000000000000000 ) ) ;
#327 = VERTEX_POINT ( 'NONE', #733 ) ;
#328 = CARTESIAN_POINT ( 'NONE',  ( 0.0000000000000000000, 13.16732435701149839, -2.978517966581973653 ) ) ;
#329 = CARTESIAN_POINT ( 'NONE',  ( 16.00000000000000000, -13.30485095019295372, -2.287125093463298953 ) ) ;
#330 = ORIENTED_EDGE ( 'NONE', *, *, #3355, .T. ) ;
#331 = VERTEX_POINT ( 'NONE', #3286 ) ;
#332 = DIRECTION ( 'NONE',  ( -1.000000000000000000, 0.0000000000000000000, 0.0000000000000000000 ) ) ;
#333 = VERTEX_POINT ( 'NONE', #2040 ) ;
#334 = CARTESIAN_POINT ( 'NONE',  ( 16.00000000000000000, -9.804012376825452790, -5.571044898090412367 ) ) ;
#335 = CARTESIAN_POINT ( 'NONE',  ( 1.000000000000000888, -6.500000000000000000, 0.0000000000000000000 ) ) ;
#336 = CARTESIAN_POINT ( 'NONE',  ( 16.00000000000000000, 2.978517966582117094, 13.16732435701146642 ) ) ;
#337 = ORIENTED_EDGE ( 'NONE', *, *, #128, .F. ) ;
#338 = AXIS2_PLACEMENT_3D ( 'NONE', #786, #533, #2319 ) ;
#339 = CARTESIAN_POINT ( 'NONE',  ( 16.00000000000000000, 0.0000000000000000000, 6.500000000000000000 ) ) ;
#340 = ADVANCED_FACE ( 'NONE', ( #1855 ), #1415, .T. ) ;
#341 = CARTESIAN_POINT ( 'NONE',  ( 16.00000000000000000, 0.0000000000000000000, 0.0000000000000000000 ) ) ;
#342 = ORIENTED_EDGE ( 'NONE', *, *, #2633, .T. ) ;
#343 = AXIS2_PLACEMENT_3D ( 'NONE', #2573, #517, #1819 ) ;
#344 = EDGE_CURVE ( 'NONE', #2888, #1475, #2185, .T. ) ;
#345 = DIRECTION ( 'NONE',  ( -1.000000000000000000, -0.0000000000000000000, -0.0000000000000000000 ) ) ;
#346 = ORIENTED_EDGE ( 'NONE', *, *, #306, .F. ) ;
#347 = DIRECTION ( 'NONE',  ( -1.000000000000000000, -0.0000000000000000000, 0.0000000000000000000 ) ) ;
#348 = CARTESIAN_POINT ( 'NONE',  ( 16.00000000000000000, -5.571044898090377728, 9.804012376825472330 ) ) ;
#349 = AXIS2_PLACEMENT_3D ( 'NONE', #1382, #2189, #856 ) ;
#350 = DIRECTION ( 'NONE',  ( 0.0000000000000000000, -0.9238795325112906243, 0.3826834323650804559 ) ) ;
#351 = FACE_OUTER_BOUND ( 'NONE', #507, .T. ) ;
#352 = DIRECTION ( 'NONE',  ( -1.000000000000000000, -0.0000000000000000000, -0.0000000000000000000 ) ) ;
#353 = COORDINATED_UNIVERSAL_TIME_OFFSET ( 0, 0, .AHEAD. ) ;
#354 = CIRCLE ( 'NONE', #2392, 4.799999999999998046 ) ;
#355 = DIRECTION ( 'NONE',  ( 0.0000000000000000000, 0.0000000000000000000, 1.000000000000000000 ) ) ;
#356 = ADVANCED_FACE ( 'NONE', ( #2802 ), #1614, .T. ) ;
#357 = CIRCLE ( 'NONE', #414, 4.799999999999998046 ) ;
#358 = ORIENTED_EDGE ( 'NONE', *, *, #2525, .T. ) ;
#359 = MANIFOLD_SOLID_BREP ( 'Cut-Extrude4', #125 ) ;
#360 = DIRECTION ( 'NONE',  ( 0.0000000000000000000, 1.000000000000000000, 3.491481338843134144E-15 ) ) ;
#361 = VECTOR ( 'NONE', #959, 1000.000000000000000 ) ;
#362 = CARTESIAN_POINT ( 'NONE',  ( -3.999999999999999112, 6.500000000000000000, 1.449999999999999956 ) ) ;
#363 = CIRCLE ( 'NONE', #127, 4.799999999999998046 ) ;
#364 = ORIENTED_EDGE ( 'NONE', *, *, #1512, .F. ) ;
#365 = CARTESIAN_POINT ( 'NONE',  ( 0.0000000000000000000, 0.0000000000000000000, 0.0000000000000000000 ) ) ;
#366 = DIRECTION ( 'NONE',  ( -1.000000000000000000, -0.0000000000000000000, -0.0000000000000000000 ) ) ;
#367 = CARTESIAN_POINT ( 'NONE',  ( 0.0000000000000000000, -10.87180726022456234, 2.993160008755688661 ) ) ;
#368 = EDGE_CURVE ( 'NONE', #70, #173, #1942, .T. ) ;
#369 = CYLINDRICAL_SURFACE ( 'NONE', #385, 10.12399999999999878 ) ;
#370 = ORIENTED_EDGE ( 'NONE', *, *, #499, .T. ) ;
#371 = DIRECTION ( 'NONE',  ( 1.000000000000000000, 0.0000000000000000000, 0.0000000000000000000 ) ) ;
#372 = CIRCLE ( 'NONE', #2761, 13.49999999999999467 ) ;
#373 = ORIENTED_EDGE ( 'NONE', *, *, #1845, .T. ) ;
#374 = EDGE_CURVE ( 'NONE', #1404, #1483, #2267, .T. ) ;
#375 = CARTESIAN_POINT ( 'NONE',  ( 16.00000000000000000, 0.0000000000000000000, 0.0000000000000000000 ) ) ;
#376 = CARTESIAN_POINT ( 'NONE',  ( 26.00000000000000355, 0.0000000000000000000, 0.0000000000000000000 ) ) ;
#377 = ORIENTED_EDGE ( 'NONE', *, *, #2072, .T. ) ;
#378 = ORIENTED_EDGE ( 'NONE', *, *, #2459, .T. ) ;
#379 = ADVANCED_FACE ( 'NONE', ( #1163 ), #1411, .T. ) ;
#380 = CARTESIAN_POINT ( 'NONE',  ( 0.0000000000000000000, -7.790708666547883077, -11.02519199256754412 ) ) ;
#381 = CARTESIAN_POINT ( 'NONE',  ( -3.999999999999999112, -6.500000000000000000, 2.049999999999999822 ) ) ;
#382 = EDGE_LOOP ( 'NONE', ( #1760, #873, #2117, #2649 ) ) ;
#383 = DIRECTION ( 'NONE',  ( 0.0000000000000000000, 0.9238795325112851842, 0.3826834323650936676 ) ) ;
#384 = ORIENTED_EDGE ( 'NONE', *, *, #3312, .T. ) ;
#385 = AXIS2_PLACEMENT_3D ( 'NONE', #2090, #2156, #1311 ) ;
#386 = EDGE_CURVE ( 'NONE', #1879, #1000, #1205, .T. ) ;
#387 = ORIENTED_EDGE ( 'NONE', *, *, #3265, .T. ) ;
#388 = DIRECTION ( 'NONE',  ( 0.0000000000000000000, 0.0000000000000000000, 1.000000000000000000 ) ) ;
#389 =( NAMED_UNIT ( * ) SI_UNIT ( $, .STERADIAN. ) SOLID_ANGLE_UNIT ( ) );
#390 = ORIENTED_EDGE ( 'NONE', *, *, #2671, .T. ) ;
#391 = EDGE_CURVE ( 'NONE', #652, #1685, #887, .T. ) ;
#392 = ADVANCED_FACE ( 'NONE', ( #559, #481 ), #791, .T. ) ;
#393 = LINE ( 'NONE', #2208, #1536 ) ;
#394 = CARTESIAN_POINT ( 'NONE',  ( 0.0000000000000000000, 0.0000000000000000000, 0.0000000000000000000 ) ) ;
#395 = VECTOR ( 'NONE', #2906, 1000.000000000000000 ) ;
#396 = APPLICATION_PROTOCOL_DEFINITION ( 'international standard', 'config_control_design', 1994, #1960 ) ;
#397 = CARTESIAN_POINT ( 'NONE',  ( 16.00000000000000000, 4.583225543511044719, 9.027149030414189923 ) ) ;
#398 = VECTOR ( 'NONE', #26, 1000.000000000000000 ) ;
#399 = CYLINDRICAL_SURFACE ( 'NONE', #3141, 4.799999999999998046 ) ;
#400 = CYLINDRICAL_SURFACE ( 'NONE', #1307, 13.49999999999999467 ) ;
#401 = ORIENTED_EDGE ( 'NONE', *, *, #374, .F. ) ;
#402 = CARTESIAN_POINT ( 'NONE',  ( 16.00000000000000000, -8.898807463360528303, 6.925779787975132606 ) ) ;
#403 = CARTESIAN_POINT ( 'NONE',  ( -9.000000000000000000, 2.510525938252073693E-16, 4.450000000000001066 ) ) ;
#404 = LINE ( 'NONE', #1805, #658 ) ;
#405 = ORIENTED_EDGE ( 'NONE', *, *, #1323, .T. ) ;
#406 = AXIS2_PLACEMENT_3D ( 'NONE', #3012, #1994, #1972 ) ;
#407 = EDGE_CURVE ( 'NONE', #1938, #2970, #3200, .T. ) ;
#408 = VECTOR ( 'NONE', #1655, 1000.000000000000000 ) ;
#409 = ORIENTED_EDGE ( 'NONE', *, *, #1195, .F. ) ;
#410 = CARTESIAN_POINT ( 'NONE',  ( 16.00000000000000000, -13.30485095019298747, 2.287125093463114212 ) ) ;
#411 = ADVANCED_FACE ( 'NONE', ( #3124 ), #1745, .T. ) ;
#412 = MECHANICAL_CONTEXT ( 'NONE', #2729, 'mechanical' ) ;
#413 = DIRECTION ( 'NONE',  ( -1.000000000000000000, 0.0000000000000000000, 0.0000000000000000000 ) ) ;
#414 = AXIS2_PLACEMENT_3D ( 'NONE', #2363, #1857, #2136 ) ;
#415 = EDGE_CURVE ( 'NONE', #2448, #511, #1015, .T. ) ;
#416 = ORIENTED_EDGE ( 'NONE', *, *, #1080, .F. ) ;
#417 = CARTESIAN_POINT ( 'NONE',  ( 8.000000000000000000, 11.02519199256757432, -7.790708666547846661 ) ) ;
#418 = ORIENTED_EDGE ( 'NONE', *, *, #193, .T. ) ;
#419 = AXIS2_PLACEMENT_3D ( 'NONE', #376, #1416, #1670 ) ;
#420 = DIRECTION ( 'NONE',  ( -1.000000000000000000, 0.0000000000000000000, 0.0000000000000000000 ) ) ;
#421 = DIRECTION ( 'NONE',  ( 0.0000000000000000000, 0.0000000000000000000, 1.000000000000000000 ) ) ;
#422 = VERTEX_POINT ( 'NONE', #767 ) ;
#423 = CARTESIAN_POINT ( 'NONE',  ( 16.00000000000000000, 0.0000000000000000000, 0.0000000000000000000 ) ) ;
#424 = DIRECTION ( 'NONE',  ( -1.000000000000000000, -0.0000000000000000000, -0.0000000000000000000 ) ) ;
#425 = ORIENTED_EDGE ( 'NONE', *, *, #1808, .F. ) ;
#426 = CARTESIAN_POINT ( 'NONE',  ( 0.0000000000000000000, 11.02519199256746596, 7.790708666547998540 ) ) ;
#427 = ORIENTED_EDGE ( 'NONE', *, *, #256, .T. ) ;
#428 = CARTESIAN_POINT ( 'NONE',  ( 0.0000000000000000000, 0.0000000000000000000, 0.0000000000000000000 ) ) ;
#429 = CARTESIAN_POINT ( 'NONE',  ( -10.00000000000000000, 0.0000000000000000000, 0.0000000000000000000 ) ) ;
#430 = CARTESIAN_POINT ( 'NONE',  ( 0.0000000000000000000, 10.09392270842293726, -0.7798078971027041506 ) ) ;
#431 = ORIENTED_EDGE ( 'NONE', *, *, #1747, .F. ) ;
#432 = AXIS2_PLACEMENT_3D ( 'NONE', #2078, #1643, #265 ) ;
#433 = EDGE_CURVE ( 'NONE', #333, #574, #3039, .T. ) ;
#434 = CARTESIAN_POINT ( 'NONE',  ( 16.00000000000000000, -11.02519199256741445, -7.790708666548075811 ) ) ;
#435 = CARTESIAN_POINT ( 'NONE',  ( -1.000000000000004441, 0.0000000000000000000, -1.524999999999999911 ) ) ;
#436 = LINE ( 'NONE', #3331, #3120 ) ;
#437 = CIRCLE ( 'NONE', #1978, 4.799999999999998934 ) ;
#438 = EDGE_CURVE ( 'NONE', #2235, #11, #1248, .T. ) ;
#439 = AXIS2_PLACEMENT_3D ( 'NONE', #1468, #1191, #1732 ) ;
#440 = LINE ( 'NONE', #2764, #361 ) ;
#441 = VECTOR ( 'NONE', #3106, 1000.000000000000000 ) ;
#442 = DIRECTION ( 'NONE',  ( 0.0000000000000000000, 0.7071067811865486830, -0.7071067811865463515 ) ) ;
#443 = DIRECTION ( 'NONE',  ( -1.000000000000000000, 0.0000000000000000000, -0.0000000000000000000 ) ) ;
#444 = LINE ( 'NONE', #1034, #2635 ) ;
#445 = EDGE_LOOP ( 'NONE', ( #2334, #1635, #1274, #3298 ) ) ;
#446 = CARTESIAN_POINT ( 'NONE',  ( 16.00000000000000000, 6.586073743834691463, -7.688888647962803802 ) ) ;
#447 = DIRECTION ( 'NONE',  ( 0.0000000000000000000, -0.3826834323650774028, -0.9238795325112919565 ) ) ;
#448 = CARTESIAN_POINT ( 'NONE',  ( 16.00000000000000000, 4.583225543511044719, 9.027149030414189923 ) ) ;
#449 = FACE_BOUND ( 'NONE', #3006, .T. ) ;
#450 = VERTEX_POINT ( 'NONE', #1033 ) ;
#451 = DIRECTION ( 'NONE',  ( 1.000000000000000000, -0.0000000000000000000, 0.0000000000000000000 ) ) ;
#452 = FACE_OUTER_BOUND ( 'NONE', #1922, .T. ) ;
#453 = ORIENTED_EDGE ( 'NONE', *, *, #837, .T. ) ;
#454 = AXIS2_PLACEMENT_3D ( 'NONE', #1667, #1931, #2460 ) ;
#455 = EDGE_CURVE ( 'NONE', #2705, #1149, #354, .T. ) ;
#456 = ORIENTED_EDGE ( 'NONE', *, *, #2311, .F. ) ;
#457 = DIRECTION ( 'NONE',  ( -1.000000000000000000, 0.0000000000000000000, 0.0000000000000000000 ) ) ;
#458 = ORIENTED_EDGE ( 'NONE', *, *, #1236, .T. ) ;
#459 = CARTESIAN_POINT ( 'NONE',  ( -3.999999999999999112, 0.0000000000000000000, 6.500000000000000000 ) ) ;
#460 = CC_DESIGN_APPROVAL ( #1322, ( #2433 ) ) ;
#461 = EDGE_CURVE ( 'NONE', #667, #1846, #228, .T. ) ;
#462 = VERTEX_POINT ( 'NONE', #310 ) ;
#463 = ORIENTED_EDGE ( 'NONE', *, *, #133, .F. ) ;
#464 = DIRECTION ( 'NONE',  ( -1.000000000000000000, 0.0000000000000000000, 0.0000000000000000000 ) ) ;
#465 = CARTESIAN_POINT ( 'NONE',  ( 0.0000000000000000000, 9.027149030414175712, 4.583225543511075806 ) ) ;
#466 = ORIENTED_EDGE ( 'NONE', *, *, #3067, .F. ) ;
#467 = AXIS2_PLACEMENT_3D ( 'NONE', #2447, #2490, #668 ) ;
#468 = DIRECTION ( 'NONE',  ( -1.000000000000000000, -0.0000000000000000000, -0.0000000000000000000 ) ) ;
#469 = VERTEX_POINT ( 'NONE', #2122 ) ;
#470 = DIRECTION ( 'NONE',  ( -1.000000000000000000, -0.0000000000000000000, -0.0000000000000000000 ) ) ;
#471 = CARTESIAN_POINT ( 'NONE',  ( 0.0000000000000000000, 0.0000000000000000000, 0.0000000000000000000 ) ) ;
#472 = CARTESIAN_POINT ( 'NONE',  ( 16.00000000000000000, 6.925779787975162805, 8.898807463360506986 ) ) ;
#473 = VERTEX_POINT ( 'NONE', #843 ) ;
#474 = CARTESIAN_POINT ( 'NONE',  ( 8.000000000000000000, -2.287125093463067138, -13.30485095019299457 ) ) ;
#475 = AXIS2_PLACEMENT_3D ( 'NONE', #10, #1825, #800 ) ;
#476 = VERTEX_POINT ( 'NONE', #29 ) ;
#477 = CARTESIAN_POINT ( 'NONE',  ( 0.0000000000000000000, 7.688888647962964562, -6.586073743834504057 ) ) ;
#478 = CIRCLE ( 'NONE', #868, 10.12399999999999878 ) ;
#479 = AXIS2_PLACEMENT_3D ( 'NONE', #2309, #3108, #3097 ) ;
#480 = EDGE_CURVE ( 'NONE', #2017, #1849, #110, .T. ) ;
#481 = FACE_BOUND ( 'NONE', #3175, .T. ) ;
#482 = EDGE_CURVE ( 'NONE', #672, #1252, #2549, .T. ) ;
#483 = FACE_OUTER_BOUND ( 'NONE', #798, .T. ) ;
#484 = LINE ( 'NONE', #891, #2386 ) ;
#485 = DIRECTION ( 'NONE',  ( 0.0000000000000000000, 0.7071067811865487940, -0.7071067811865463515 ) ) ;
#486 = FACE_OUTER_BOUND ( 'NONE', #2903, .T. ) ;
#487 = ORIENTED_EDGE ( 'NONE', *, *, #2940, .F. ) ;
#488 = DIRECTION ( 'NONE',  ( 0.0000000000000000000, 0.0000000000000000000, 1.000000000000000000 ) ) ;
#489 = LINE ( 'NONE', #1286, #5 ) ;
#490 = ORIENTED_EDGE ( 'NONE', *, *, #1306, .F. ) ;
#491 = CARTESIAN_POINT ( 'NONE',  ( -9.000000000000000000, 0.0000000000000000000, 8.549999999999998934 ) ) ;
#492 = DIRECTION ( 'NONE',  ( 0.0000000000000000000, 0.0000000000000000000, 1.000000000000000000 ) ) ;
#493 = VECTOR ( 'NONE', #106, 1000.000000000000000 ) ;
#494 = ORIENTED_EDGE ( 'NONE', *, *, #1654, .F. ) ;
#495 = DIRECTION ( 'NONE',  ( 0.0000000000000000000, 0.7071067811865436870, 0.7071067811865513475 ) ) ;
#496 = VERTEX_POINT ( 'NONE', #294 ) ;
#497 = CARTESIAN_POINT ( 'NONE',  ( 0.0000000000000000000, 0.0000000000000000000, 0.0000000000000000000 ) ) ;
#498 = AXIS2_PLACEMENT_3D ( 'NONE', #2378, #1334, #589 ) ;
#499 = EDGE_CURVE ( 'NONE', #1354, #422, #2029, .T. ) ;
#500 = ORIENTED_EDGE ( 'NONE', *, *, #2329, .F. ) ;
#501 = EDGE_LOOP ( 'NONE', ( #571, #1690, #1021, #55 ) ) ;
#502 = ADVANCED_FACE ( 'NONE', ( #192, #2593 ), #2631, .T. ) ;
#503 = DIRECTION ( 'NONE',  ( -1.000000000000000000, -0.0000000000000000000, -0.0000000000000000000 ) ) ;
#504 = CARTESIAN_POINT ( 'NONE',  ( -3.999999999999999112, 6.500000000000000000, 0.0000000000000000000 ) ) ;
#505 = ORIENTED_EDGE ( 'NONE', *, *, #2311, .T. ) ;
#506 = CARTESIAN_POINT ( 'NONE',  ( 16.00000000000000000, -9.027149030414143738, -4.583225543511138866 ) ) ;
#507 = EDGE_LOOP ( 'NONE', ( #2810, #2582, #3347, #3266 ) ) ;
#508 = EDGE_CURVE ( 'NONE', #3182, #913, #728, .T. ) ;
#509 = EDGE_LOOP ( 'NONE', ( #2698, #487, #2059, #821 ) ) ;
#510 = DIRECTION ( 'NONE',  ( 0.0000000000000000000, 0.3826834323650905589, -0.9238795325112862944 ) ) ;
#511 = VERTEX_POINT ( 'NONE', #2373 ) ;
#512 = DIRECTION ( 'NONE',  ( 0.0000000000000000000, 0.0000000000000000000, 1.000000000000000000 ) ) ;
#513 = DIRECTION ( 'NONE',  ( -1.000000000000000000, 0.0000000000000000000, -0.0000000000000000000 ) ) ;
#514 = VERTEX_POINT ( 'NONE', #2351 ) ;
#515 = DIRECTION ( 'NONE',  ( -1.000000000000000000, 0.0000000000000000000, 0.0000000000000000000 ) ) ;
#516 = FACE_OUTER_BOUND ( 'NONE', #2398, .T. ) ;
#517 = DIRECTION ( 'NONE',  ( 1.000000000000000000, 0.0000000000000000000, 0.0000000000000000000 ) ) ;
#518 = AXIS2_PLACEMENT_3D ( 'NONE', #1558, #1568, #1047 ) ;
#519 = CIRCLE ( 'NONE', #3018, 4.799999999999998046 ) ;
#520 = LINE ( 'NONE', #2442, #309 ) ;
#521 = AXIS2_PLACEMENT_3D ( 'NONE', #3160, #558, #1328 ) ;
#522 = EDGE_CURVE ( 'NONE', #2368, #2077, #2510, .T. ) ;
#523 = CARTESIAN_POINT ( 'NONE',  ( 16.00000000000000000, 0.0000000000000000000, 0.0000000000000000000 ) ) ;
#524 = CARTESIAN_POINT ( 'NONE',  ( 16.00000000000000000, 3.142328432663332283, 9.623988155711517223 ) ) ;
#525 = VECTOR ( 'NONE', #2341, 1000.000000000000000 ) ;
#526 = ORIENTED_EDGE ( 'NONE', *, *, #482, .T. ) ;
#527 = VECTOR ( 'NONE', #2249, 1000.000000000000000 ) ;
#528 = AXIS2_PLACEMENT_3D ( 'NONE', #1911, #315, #584 ) ;
#529 = CARTESIAN_POINT ( 'NONE',  ( 16.00000000000000000, 9.027149030414175712, 4.583225543511075806 ) ) ;
#530 = FACE_OUTER_BOUND ( 'NONE', #252, .T. ) ;
#531 = VERTEX_POINT ( 'NONE', #2915 ) ;
#532 = DIRECTION ( 'NONE',  ( -1.000000000000000000, -0.0000000000000000000, -0.0000000000000000000 ) ) ;
#533 = DIRECTION ( 'NONE',  ( -1.000000000000000000, -0.0000000000000000000, -0.0000000000000000000 ) ) ;
#534 = LINE ( 'NONE', #2484, #1791 ) ;
#535 = ORIENTED_EDGE ( 'NONE', *, *, #3159, .F. ) ;
#536 = DIRECTION ( 'NONE',  ( 1.000000000000000000, -0.0000000000000000000, -0.0000000000000000000 ) ) ;
#537 = VERTEX_POINT ( 'NONE', #285 ) ;
#538 = DIRECTION ( 'NONE',  ( -1.000000000000000000, 0.0000000000000000000, 0.0000000000000000000 ) ) ;
#539 = DIRECTION ( 'NONE',  ( -1.000000000000000000, 0.0000000000000000000, -0.0000000000000000000 ) ) ;
#540 = ORIENTED_EDGE ( 'NONE', *, *, #318, .F. ) ;
#541 = CARTESIAN_POINT ( 'NONE',  ( 0.0000000000000000000, -5.571044898090241837, -9.804012376825550490 ) ) ;
#542 = ORIENTED_EDGE ( 'NONE', *, *, #1107, .T. ) ;
#543 = ORIENTED_EDGE ( 'NONE', *, *, #2291, .T. ) ;
#544 = CARTESIAN_POINT ( 'NONE',  ( 0.0000000000000000000, 3.142328432663461513, -9.623988155711476367 ) ) ;
#545 = EDGE_CURVE ( 'NONE', #2411, #1483, #2883, .T. ) ;
#546 = ORIENTED_EDGE ( 'NONE', *, *, #561, .F. ) ;
#547 = CARTESIAN_POINT ( 'NONE',  ( 16.00000000000000000, -9.623988155711485248, -3.142328432663432647 ) ) ;
#548 = CARTESIAN_POINT ( 'NONE',  ( 0.0000000000000000000, -3.142328432663399340, 9.623988155711497683 ) ) ;
#549 = DIRECTION ( 'NONE',  ( -1.000000000000000000, -0.0000000000000000000, -0.0000000000000000000 ) ) ;
#550 = ORIENTED_EDGE ( 'NONE', *, *, #2547, .T. ) ;
#551 = EDGE_CURVE ( 'NONE', #634, #2779, #273, .T. ) ;
#552 = APPROVAL ( #757, 'UNSPECIFIED' ) ;
#553 = DIRECTION ( 'NONE',  ( -1.000000000000000000, 0.0000000000000000000, 0.0000000000000000000 ) ) ;
#554 = VERTEX_POINT ( 'NONE', #548 ) ;
#555 = CARTESIAN_POINT ( 'NONE',  ( -3.999999999999999112, 0.0000000000000000000, 6.500000000000000000 ) ) ;
#556 = DIRECTION ( 'NONE',  ( 0.0000000000000000000, 0.0000000000000000000, -1.000000000000000000 ) ) ;
#557 = CYLINDRICAL_SURFACE ( 'NONE', #2451, 10.12399999999999878 ) ;
#558 = DIRECTION ( 'NONE',  ( -1.000000000000000000, -0.0000000000000000000, -0.0000000000000000000 ) ) ;
#559 = FACE_OUTER_BOUND ( 'NONE', #2944, .T. ) ;
#560 = AXIS2_PLACEMENT_3D ( 'NONE', #334, #1592, #293 ) ;
#561 = EDGE_CURVE ( 'NONE', #2166, #172, #2629, .T. ) ;
#562 = CYLINDRICAL_SURFACE ( 'NONE', #1847, 4.799999999999998046 ) ;
#563 = CIRCLE ( 'NONE', #880, 13.49999999999999467 ) ;
#564 = ADVANCED_FACE ( 'NONE', ( #3289 ), #1329, .T. ) ;
#565 = EDGE_CURVE ( 'NONE', #1756, #300, #28, .T. ) ;
#566 = FACE_OUTER_BOUND ( 'NONE', #2922, .T. ) ;
#567 = ORIENTED_EDGE ( 'NONE', *, *, #2212, .F. ) ;
#568 = CARTESIAN_POINT ( 'NONE',  ( 0.0000000000000000000, -11.18967295489763103, -1.395141248733763106 ) ) ;
#569 = DIRECTION ( 'NONE',  ( 0.0000000000000000000, 0.9238795325112877377, -0.3826834323650872283 ) ) ;
#570 = VECTOR ( 'NONE', #2280, 1000.000000000000000 ) ;
#571 = ORIENTED_EDGE ( 'NONE', *, *, #1049, .F. ) ;
#572 = CARTESIAN_POINT ( 'NONE',  ( 16.00000000000000000, 10.87180726022454458, 2.993160008755764157 ) ) ;
#573 = LINE ( 'NONE', #1324, #781 ) ;
#574 = VERTEX_POINT ( 'NONE', #1904 ) ;
#575 = ORIENTED_EDGE ( 'NONE', *, *, #2633, .F. ) ;
#576 = CARTESIAN_POINT ( 'NONE',  ( 16.00000000000000000, -11.18967295489765057, 1.395141248733607009 ) ) ;
#577 = ORIENTED_EDGE ( 'NONE', *, *, #1589, .T. ) ;
#578 = DIRECTION ( 'NONE',  ( 0.0000000000000000000, 0.0000000000000000000, -1.000000000000000000 ) ) ;
#579 = ORIENTED_EDGE ( 'NONE', *, *, #742, .T. ) ;
#580 = AXIS2_PLACEMENT_3D ( 'NONE', #1488, #1526, #178 ) ;
#581 = ORIENTED_EDGE ( 'NONE', *, *, #25, .F. ) ;
#582 = ADVANCED_FACE ( 'NONE', ( #1899 ), #3324, .T. ) ;
#583 = DIRECTION ( 'NONE',  ( -1.000000000000000000, 0.0000000000000000000, -0.0000000000000000000 ) ) ;
#584 = DIRECTION ( 'NONE',  ( 0.0000000000000000000, 0.0000000000000000000, 1.000000000000000000 ) ) ;
#585 = EDGE_LOOP ( 'NONE', ( #3370, #2210, #2323, #292 ) ) ;
#586 = AXIS2_PLACEMENT_3D ( 'NONE', #402, #1666, #647 ) ;
#587 = EDGE_CURVE ( 'NONE', #2082, #1068, #520, .T. ) ;
#588 = ORIENTED_EDGE ( 'NONE', *, *, #188, .T. ) ;
#589 = DIRECTION ( 'NONE',  ( 0.0000000000000000000, -0.3826834323650970537, 0.9238795325112838519 ) ) ;
#590 = VERTEX_POINT ( 'NONE', #1645 ) ;
#591 = CARTESIAN_POINT ( 'NONE',  ( -3.999999999999999112, 0.0000000000000000000, 8.549999999999998934 ) ) ;
#592 = AXIS2_PLACEMENT_3D ( 'NONE', #1393, #1137, #86 ) ;
#593 = EDGE_LOOP ( 'NONE', ( #854, #1642 ) ) ;
#594 = DIRECTION ( 'NONE',  ( 0.0000000000000000000, 0.0000000000000000000, 1.000000000000000000 ) ) ;
#595 = CARTESIAN_POINT ( 'NONE',  ( 8.000000000000000000, 11.41683459498179687, 7.204574090869403591 ) ) ;
#596 = CYLINDRICAL_SURFACE ( 'NONE', #1740, 2.049999999999998934 ) ;
#597 = ADVANCED_FACE ( 'NONE', ( #1659 ), #2799, .F. ) ;
#598 = LINE ( 'NONE', #2246, #1741 ) ;
#599 = CARTESIAN_POINT ( 'NONE',  ( 16.00000000000000000, 10.09392270842293726, 0.7798078971027028183 ) ) ;
#600 = CARTESIAN_POINT ( 'NONE',  ( 16.00000000000000000, 6.586073743834585770, 7.688888647962894396 ) ) ;
#601 = CARTESIAN_POINT ( 'NONE',  ( 16.00000000000000000, -10.87180726022456234, 2.993160008755688661 ) ) ;
#602 = CIRCLE ( 'NONE', #2855, 4.799999999999998046 ) ;
#603 = VECTOR ( 'NONE', #3276, 1000.000000000000000 ) ;
#604 = APPROVAL_DATE_TIME ( #817, #552 ) ;
#605 = DIRECTION ( 'NONE',  ( 0.0000000000000000000, 0.0000000000000000000, 1.000000000000000000 ) ) ;
#606 = DIRECTION ( 'NONE',  ( -1.000000000000000000, 0.0000000000000000000, 0.0000000000000000000 ) ) ;
#607 = DIRECTION ( 'NONE',  ( 1.000000000000000000, -0.0000000000000000000, -0.0000000000000000000 ) ) ;
#608 = FACE_OUTER_BOUND ( 'NONE', #501, .T. ) ;
#609 = ORIENTED_EDGE ( 'NONE', *, *, #83, .T. ) ;
#610 = AXIS2_PLACEMENT_3D ( 'NONE', #1831, #1061, #1290 ) ;
#611 = DATE_AND_TIME ( #2677, #2354 ) ;
#612 = EDGE_CURVE ( 'NONE', #1345, #94, #2384, .T. ) ;
#613 = CIRCLE ( 'NONE', #2872, 2.049999999999998934 ) ;
#614 = EDGE_LOOP ( 'NONE', ( #2056, #2521, #1884, #2700 ) ) ;
#615 = DIRECTION ( 'NONE',  ( -1.000000000000000000, -0.0000000000000000000, -0.0000000000000000000 ) ) ;
#616 = EDGE_CURVE ( 'NONE', #2643, #829, #2996, .T. ) ;
#617 = PRODUCT_DEFINITION ( 'UNKNOWN', '', #2433, #2739 ) ;
#618 = FACE_OUTER_BOUND ( 'NONE', #1234, .T. ) ;
#619 = ORIENTED_EDGE ( 'NONE', *, *, #3154, .T. ) ;
#620 = CARTESIAN_POINT ( 'NONE',  ( 16.00000000000000000, 0.0000000000000000000, 0.0000000000000000000 ) ) ;
#621 = VERTEX_POINT ( 'NONE', #107 ) ;
#622 = CARTESIAN_POINT ( 'NONE',  ( 16.00000000000000000, -5.571044898090377728, 9.804012376825472330 ) ) ;
#623 = ADVANCED_FACE ( 'NONE', ( #3082 ), #812, .F. ) ;
#624 = VERTEX_POINT ( 'NONE', #641 ) ;
#625 = DIRECTION ( 'NONE',  ( 0.0000000000000000000, 0.0000000000000000000, 1.000000000000000000 ) ) ;
#626 = ORIENTED_EDGE ( 'NONE', *, *, #1147, .F. ) ;
#627 = VERTEX_POINT ( 'NONE', #362 ) ;
#628 = DIRECTION ( 'NONE',  ( 0.0000000000000000000, 0.0000000000000000000, 1.000000000000000000 ) ) ;
#629 = CARTESIAN_POINT ( 'NONE',  ( 0.0000000000000000000, 9.804012376825491870, 5.571044898090343978 ) ) ;
#630 = ORIENTED_EDGE ( 'NONE', *, *, #2767, .T. ) ;
#631 = AXIS2_PLACEMENT_3D ( 'NONE', #930, #1707, #1461 ) ;
#632 = EDGE_CURVE ( 'NONE', #2622, #1520, #2712, .T. ) ;
#633 = DIRECTION ( 'NONE',  ( 0.0000000000000000000, 0.0000000000000000000, 1.000000000000000000 ) ) ;
#634 = VERTEX_POINT ( 'NONE', #2159 ) ;
#635 = AXIS2_PLACEMENT_3D ( 'NONE', #2666, #1398, #350 ) ;
#636 = EDGE_CURVE ( 'NONE', #1927, #2394, #3161, .T. ) ;
#637 = CARTESIAN_POINT ( 'NONE',  ( 16.00000000000000000, -10.09392270842294259, 0.7798078971026336514 ) ) ;
#638 = VERTEX_POINT ( 'NONE', #3190 ) ;
#639 = ADVANCED_FACE ( 'NONE', ( #1496 ), #1082, .F. ) ;
#640 = DIRECTION ( 'NONE',  ( -1.000000000000000000, -0.0000000000000000000, -0.0000000000000000000 ) ) ;
#641 = CARTESIAN_POINT ( 'NONE',  ( 0.0000000000000000000, 0.0000000000000000000, -9.500000000000000000 ) ) ;
#642 = ORIENTED_EDGE ( 'NONE', *, *, #3195, .T. ) ;
#643 = AXIS2_PLACEMENT_3D ( 'NONE', #3171, #882, #1615 ) ;
#644 = DIRECTION ( 'NONE',  ( -1.000000000000000000, 0.0000000000000000000, 0.0000000000000000000 ) ) ;
#645 = CIRCLE ( 'NONE', #56, 13.49999999999999289 ) ;
#646 = CIRCLE ( 'NONE', #2586, 10.12399999999999878 ) ;
#647 = DIRECTION ( 'NONE',  ( 0.0000000000000000000, 0.0000000000000000000, 1.000000000000000000 ) ) ;
#648 = FACE_OUTER_BOUND ( 'NONE', #3353, .T. ) ;
#649 = CYLINDRICAL_SURFACE ( 'NONE', #2097, 13.49999999999999467 ) ;
#650 = AXIS2_PLACEMENT_3D ( 'NONE', #1160, #696, #135 ) ;
#651 = LINE ( 'NONE', #637, #1375 ) ;
#652 = VERTEX_POINT ( 'NONE', #600 ) ;
#653 = ADVANCED_FACE ( 'NONE', ( #2105 ), #1121, .T. ) ;
#654 = DIRECTION ( 'NONE',  ( -1.000000000000000000, 0.0000000000000000000, -0.0000000000000000000 ) ) ;
#655 = CARTESIAN_POINT ( 'NONE',  ( 0.0000000000000000000, 0.0000000000000000000, 0.0000000000000000000 ) ) ;
#656 = AXIS2_PLACEMENT_3D ( 'NONE', #194, #1736, #3027 ) ;
#657 = EDGE_CURVE ( 'NONE', #840, #2936, #2465, .T. ) ;
#658 = VECTOR ( 'NONE', #3087, 1000.000000000000000 ) ;
#659 = EDGE_LOOP ( 'NONE', ( #418, #2375, #825, #1709 ) ) ;
#660 = LINE ( 'NONE', #2016, #3174 ) ;
#661 = ORIENTED_EDGE ( 'NONE', *, *, #1523, .T. ) ;
#662 = EDGE_CURVE ( 'NONE', #2331, #1172, #972, .T. ) ;
#663 = CARTESIAN_POINT ( 'NONE',  ( 16.00000000000000000, 2.993160008755727741, 10.87180726022455524 ) ) ;
#664 = VERTEX_POINT ( 'NONE', #2678 ) ;
#665 = ORIENTED_EDGE ( 'NONE', *, *, #1680, .T. ) ;
#666 =( LENGTH_UNIT ( ) NAMED_UNIT ( * ) SI_UNIT ( .MILLI., .METRE. ) );
#667 = VERTEX_POINT ( 'NONE', #3198 ) ;
#668 = DIRECTION ( 'NONE',  ( 0.0000000000000000000, 0.0000000000000000000, 1.000000000000000000 ) ) ;
#669 = ORIENTED_EDGE ( 'NONE', *, *, #1478, .T. ) ;
#670 = DIRECTION ( 'NONE',  ( 0.0000000000000000000, 0.0000000000000000000, 1.000000000000000000 ) ) ;
#671 = ADVANCED_FACE ( 'NONE', ( #1779 ), #2626, .T. ) ;
#672 = VERTEX_POINT ( 'NONE', #2205 ) ;
#673 = DIRECTION ( 'NONE',  ( 1.000000000000000000, -0.0000000000000000000, -0.0000000000000000000 ) ) ;
#674 = AXIS2_PLACEMENT_3D ( 'NONE', #3197, #640, #1684 ) ;
#675 = EDGE_CURVE ( 'NONE', #830, #327, #927, .T. ) ;
#676 = ORIENTED_EDGE ( 'NONE', *, *, #565, .T. ) ;
#677 = SECURITY_CLASSIFICATION_LEVEL ( 'unclassified' ) ;
#678 = DIRECTION ( 'NONE',  ( 0.0000000000000000000, -0.7071067811865390240, -0.7071067811865562325 ) ) ;
#679 = EDGE_CURVE ( 'NONE', #2650, #473, #2025, .T. ) ;
#680 = DIRECTION ( 'NONE',  ( -1.000000000000000000, 0.0000000000000000000, -0.0000000000000000000 ) ) ;
#681 = FACE_OUTER_BOUND ( 'NONE', #3144, .T. ) ;
#682 = CIRCLE ( 'NONE', #1139, 4.799999999999998046 ) ;
#683 = DIRECTION ( 'NONE',  ( -1.000000000000000000, 0.0000000000000000000, 0.0000000000000000000 ) ) ;
#684 = CARTESIAN_POINT ( 'NONE',  ( 0.0000000000000000000, 2.287125093463159509, 13.30485095019297681 ) ) ;
#685 = DIRECTION ( 'NONE',  ( -1.000000000000000000, 0.0000000000000000000, 0.0000000000000000000 ) ) ;
#686 = DIRECTION ( 'NONE',  ( 0.0000000000000000000, -0.9238795325112825196, -0.3826834323650998293 ) ) ;
#687 = FACE_OUTER_BOUND ( 'NONE', #2213, .T. ) ;
#688 = FACE_OUTER_BOUND ( 'NONE', #2516, .T. ) ;
#689 = CARTESIAN_POINT ( 'NONE',  ( 8.000000000000000000, -7.204574090869442671, 11.41683459498177200 ) ) ;
#690 = VECTOR ( 'NONE', #737, 1000.000000000000000 ) ;
#691 = ORIENTED_EDGE ( 'NONE', *, *, #1122, .F. ) ;
#692 = CYLINDRICAL_SURFACE ( 'NONE', #1569, 1.524999999999999911 ) ;
#693 = DIRECTION ( 'NONE',  ( -1.000000000000000000, 0.0000000000000000000, 0.0000000000000000000 ) ) ;
#694 = CIRCLE ( 'NONE', #1936, 4.799999999999998046 ) ;
#695 = ORIENTED_EDGE ( 'NONE', *, *, #1828, .T. ) ;
#696 = DIRECTION ( 'NONE',  ( -1.000000000000000000, -0.0000000000000000000, 0.0000000000000000000 ) ) ;
#697 = AXIS2_PLACEMENT_3D ( 'NONE', #2405, #1923, #605 ) ;
#698 = VECTOR ( 'NONE', #944, 1000.000000000000000 ) ;
#699 = ORIENTED_EDGE ( 'NONE', *, *, #2475, .T. ) ;
#700 = DIRECTION ( 'NONE',  ( 0.0000000000000000000, 0.0000000000000000000, -1.000000000000000000 ) ) ;
#701 = CARTESIAN_POINT ( 'NONE',  ( 16.00000000000000000, 0.0000000000000000000, 0.0000000000000000000 ) ) ;
#702 = CARTESIAN_POINT ( 'NONE',  ( 16.00000000000000000, 10.87180726022458366, -2.993160008755614054 ) ) ;
#703 = AXIS2_PLACEMENT_3D ( 'NONE', #1556, #2075, #783 ) ;
#704 = EDGE_CURVE ( 'NONE', #88, #249, #1202, .T. ) ;
#705 = VERTEX_POINT ( 'NONE', #2773 ) ;
#706 = DIRECTION ( 'NONE',  ( -1.000000000000000000, -0.0000000000000000000, -0.0000000000000000000 ) ) ;
#707 = DIRECTION ( 'NONE',  ( 0.0000000000000000000, 0.3826834323650841752, 0.9238795325112891810 ) ) ;
#708 = ORIENTED_EDGE ( 'NONE', *, *, #1008, .T. ) ;
#709 = AXIS2_PLACEMENT_3D ( 'NONE', #1421, #1724, #2980 ) ;
#710 = DIRECTION ( 'NONE',  ( 0.0000000000000000000, 0.0000000000000000000, -1.000000000000000000 ) ) ;
#711 = ORIENTED_EDGE ( 'NONE', *, *, #1915, .T. ) ;
#712 = ORIENTED_EDGE ( 'NONE', *, *, #1413, .F. ) ;
#713 = CARTESIAN_POINT ( 'NONE',  ( 0.0000000000000000000, -2.978517966582212573, 13.16732435701143800 ) ) ;
#714 = ORIENTED_EDGE ( 'NONE', *, *, #2835, .F. ) ;
#715 = ORIENTED_EDGE ( 'NONE', *, *, #1788, .T. ) ;
#716 = DIRECTION ( 'NONE',  ( 1.000000000000000000, 0.0000000000000000000, -0.0000000000000000000 ) ) ;
#717 = DIRECTION ( 'NONE',  ( -1.000000000000000000, -0.0000000000000000000, -0.0000000000000000000 ) ) ;
#718 = CARTESIAN_POINT ( 'NONE',  ( 0.0000000000000000000, 0.0000000000000000000, 0.0000000000000000000 ) ) ;
#719 = ORIENTED_EDGE ( 'NONE', *, *, #103, .F. ) ;
#720 = AXIS2_PLACEMENT_3D ( 'NONE', #2580, #1552, #3364 ) ;
#721 = EDGE_CURVE ( 'NONE', #537, #1041, #645, .T. ) ;
#722 = CARTESIAN_POINT ( 'NONE',  ( -3.999999999999999112, 0.0000000000000000000, -6.500000000000000000 ) ) ;
#723 = VERTEX_POINT ( 'NONE', #430 ) ;
#724 = CARTESIAN_POINT ( 'NONE',  ( -9.000000000000000000, -6.500000000000000000, 0.0000000000000000000 ) ) ;
#725 = DIRECTION ( 'NONE',  ( -1.000000000000000000, -0.0000000000000000000, -0.0000000000000000000 ) ) ;
#726 = CYLINDRICAL_SURFACE ( 'NONE', #3322, 4.799999999999998046 ) ;
#727 = EDGE_CURVE ( 'NONE', #1423, #779, #1325, .T. ) ;
#728 = LINE ( 'NONE', #3156, #3239 ) ;
#729 = DIRECTION ( 'NONE',  ( -1.000000000000000000, 0.0000000000000000000, 0.0000000000000000000 ) ) ;
#730 = DIRECTION ( 'NONE',  ( -1.000000000000000000, 0.0000000000000000000, 0.0000000000000000000 ) ) ;
#731 = CYLINDRICAL_SURFACE ( 'NONE', #3194, 13.49999999999999467 ) ;
#732 = LINE ( 'NONE', #839, #1989 ) ;
#733 = CARTESIAN_POINT ( 'NONE',  ( 16.00000000000000000, -11.41683459498174891, -7.204574090869481751 ) ) ;
#734 = DIRECTION ( 'NONE',  ( -1.000000000000000000, -0.0000000000000000000, 0.0000000000000000000 ) ) ;
#735 = FACE_BOUND ( 'NONE', #961, .T. ) ;
#736 = VERTEX_POINT ( 'NONE', #3244 ) ;
#737 = DIRECTION ( 'NONE',  ( -1.000000000000000000, 0.0000000000000000000, -0.0000000000000000000 ) ) ;
#738 = ORIENTED_EDGE ( 'NONE', *, *, #2200, .T. ) ;
#739 = DIRECTION ( 'NONE',  ( 0.0000000000000000000, 0.0000000000000000000, 1.000000000000000000 ) ) ;
#740 = DIRECTION ( 'NONE',  ( -1.000000000000000000, 0.0000000000000000000, 0.0000000000000000000 ) ) ;
#741 = AXIS2_PLACEMENT_3D ( 'NONE', #2495, #955, #442 ) ;
#742 = EDGE_CURVE ( 'NONE', #1809, #2992, #3321, .T. ) ;
#743 = FACE_OUTER_BOUND ( 'NONE', #509, .T. ) ;
#744 = ORIENTED_EDGE ( 'NONE', *, *, #2587, .F. ) ;
#745 = DIRECTION ( 'NONE',  ( -1.000000000000000000, -0.0000000000000000000, -0.0000000000000000000 ) ) ;
#746 = EDGE_LOOP ( 'NONE', ( #2720, #2977, #3149, #1489 ) ) ;
#747 = CARTESIAN_POINT ( 'NONE',  ( 16.00000000000000000, -9.804012376825452790, -5.571044898090412367 ) ) ;
#748 = EDGE_CURVE ( 'NONE', #2450, #1756, #2103, .T. ) ;
#749 = ORIENTED_EDGE ( 'NONE', *, *, #3352, .F. ) ;
#750 = ORIENTED_EDGE ( 'NONE', *, *, #657, .T. ) ;
#751 = ORIENTED_EDGE ( 'NONE', *, *, #3312, .F. ) ;
#752 = ORIENTED_EDGE ( 'NONE', *, *, #233, .F. ) ;
#753 = CARTESIAN_POINT ( 'NONE',  ( -9.000000000000000000, 1.163414459189985485E-15, 9.500000000000000000 ) ) ;
#754 = CARTESIAN_POINT ( 'NONE',  ( -3.999999999999999112, 2.510525938252073200E-16, 4.450000000000001066 ) ) ;
#755 = EDGE_LOOP ( 'NONE', ( #2318, #2010, #1669, #738 ) ) ;
#756 = DIRECTION ( 'NONE',  ( 0.0000000000000000000, 0.0000000000000000000, 1.000000000000000000 ) ) ;
#757 = APPROVAL_STATUS ( 'not_yet_approved' ) ;
#758 = CARTESIAN_POINT ( 'NONE',  ( 16.00000000000000000, 11.18967295489764346, 3.404858751266311767 ) ) ;
#759 = ORIENTED_EDGE ( 'NONE', *, *, #2031, .F. ) ;
#760 = DIRECTION ( 'NONE',  ( -1.000000000000000000, 0.0000000000000000000, -0.0000000000000000000 ) ) ;
#761 = AXIS2_PLACEMENT_3D ( 'NONE', #1546, #1837, #2839 ) ;
#762 = CARTESIAN_POINT ( 'NONE',  ( 16.00000000000000000, 0.0000000000000000000, 0.0000000000000000000 ) ) ;
#763 = CIRCLE ( 'NONE', #2497, 10.12399999999999878 ) ;
#764 = AXIS2_PLACEMENT_3D ( 'NONE', #1703, #2466, #2437 ) ;
#765 = EDGE_CURVE ( 'NONE', #1763, #1864, #2506, .T. ) ;
#766 = DIRECTION ( 'NONE',  ( -1.000000000000000000, 0.0000000000000000000, 0.0000000000000000000 ) ) ;
#767 = CARTESIAN_POINT ( 'NONE',  ( 16.00000000000000000, -13.16732435701143444, -2.978517966582255649 ) ) ;
#768 = DIRECTION ( 'NONE',  ( 0.0000000000000000000, -0.9238795325112826307, -0.3826834323650998293 ) ) ;
#769 = VECTOR ( 'NONE', #1498, 1000.000000000000000 ) ;
#770 = AXIS2_PLACEMENT_3D ( 'NONE', #259, #54, #2113 ) ;
#771 = CARTESIAN_POINT ( 'NONE',  ( 0.0000000000000000000, 3.142328432663332283, 9.623988155711517223 ) ) ;
#772 = CIRCLE ( 'NONE', #874, 4.799999999999997158 ) ;
#773 = CIRCLE ( 'NONE', #1460, 10.12400000000000233 ) ;
#774 = DIRECTION ( 'NONE',  ( -1.000000000000000000, -0.0000000000000000000, -0.0000000000000000000 ) ) ;
#775 = ORIENTED_EDGE ( 'NONE', *, *, #2367, .T. ) ;
#776 = SHAPE_DEFINITION_REPRESENTATION ( #2037, #926 ) ;
#777 = ADVANCED_FACE ( 'NONE', ( #2838 ), #1539, .F. ) ;
#778 = FACE_OUTER_BOUND ( 'NONE', #946, .T. ) ;
#779 = VERTEX_POINT ( 'NONE', #1969 ) ;
#780 = DIRECTION ( 'NONE',  ( 0.0000000000000000000, 0.0000000000000000000, -1.000000000000000000 ) ) ;
#781 = VECTOR ( 'NONE', #2652, 1000.000000000000000 ) ;
#782 = VERTEX_POINT ( 'NONE', #1474 ) ;
#783 = DIRECTION ( 'NONE',  ( 0.0000000000000000000, 0.0000000000000000000, 1.000000000000000000 ) ) ;
#784 = ORIENTED_EDGE ( 'NONE', *, *, #1866, .T. ) ;
#785 = CARTESIAN_POINT ( 'NONE',  ( 16.00000000000000000, 7.204574090869363623, 11.41683459498182351 ) ) ;
#786 = CARTESIAN_POINT ( 'NONE',  ( -3.999999999999999112, -6.500000000000000000, 0.0000000000000000000 ) ) ;
#787 = AXIS2_PLACEMENT_3D ( 'NONE', #2676, #855, #1075 ) ;
#788 = EDGE_CURVE ( 'NONE', #2614, #634, #598, .T. ) ;
#789 = EDGE_LOOP ( 'NONE', ( #2000, #2581 ) ) ;
#790 = CARTESIAN_POINT ( 'NONE',  ( 16.00000000000000000, 10.87180726022454458, 2.993160008755764157 ) ) ;
#791 = PLANE ( 'NONE',  #2219 ) ;
#792 = ORIENTED_EDGE ( 'NONE', *, *, #2410, .F. ) ;
#793 = CARTESIAN_POINT ( 'NONE',  ( -3.999999999999999112, 0.0000000000000000000, -6.500000000000000000 ) ) ;
#794 = ORIENTED_EDGE ( 'NONE', *, *, #3072, .F. ) ;
#795 = EDGE_CURVE ( 'NONE', #1527, #652, #1653, .T. ) ;
#796 = ORIENTED_EDGE ( 'NONE', *, *, #2200, .F. ) ;
#797 = CARTESIAN_POINT ( 'NONE',  ( 16.00000000000000000, -10.87180726022452149, -2.993160008755840540 ) ) ;
#798 = EDGE_LOOP ( 'NONE', ( #2089, #2444, #3168, #3231 ) ) ;
#799 = DIRECTION ( 'NONE',  ( 0.0000000000000000000, 0.0000000000000000000, -1.000000000000000000 ) ) ;
#800 = DIRECTION ( 'NONE',  ( 0.0000000000000000000, 0.3826834323650907810, -0.9238795325112864054 ) ) ;
#801 = DIRECTION ( 'NONE',  ( 0.0000000000000000000, 0.0000000000000000000, 1.000000000000000000 ) ) ;
#802 = ORIENTED_EDGE ( 'NONE', *, *, #3025, .F. ) ;
#803 = DIRECTION ( 'NONE',  ( 0.0000000000000000000, -0.3826834323650971093, 0.9238795325112836299 ) ) ;
#804 = DIRECTION ( 'NONE',  ( -1.000000000000000000, 0.0000000000000000000, -0.0000000000000000000 ) ) ;
#805 = ORIENTED_EDGE ( 'NONE', *, *, #2285, .T. ) ;
#806 = AXIS2_PLACEMENT_3D ( 'NONE', #1571, #1561, #2610 ) ;
#807 = EDGE_CURVE ( 'NONE', #823, #2902, #1940, .T. ) ;
#808 = CIRCLE ( 'NONE', #1161, 10.12399999999999878 ) ;
#809 = DIRECTION ( 'NONE',  ( -1.000000000000000000, 0.0000000000000000000, -0.0000000000000000000 ) ) ;
#810 = CARTESIAN_POINT ( 'NONE',  ( 16.00000000000000000, 13.16732435701149839, -2.978517966581972765 ) ) ;
#811 = PERSON_AND_ORGANIZATION ( #242, #2074 ) ;
#812 = CYLINDRICAL_SURFACE ( 'NONE', #349, 2.049999999999999822 ) ;
#813 = CC_DESIGN_PERSON_AND_ORGANIZATION_ASSIGNMENT ( #2509, #147, ( #2433 ) ) ;
#814 = EDGE_CURVE ( 'NONE', #2938, #1220, #3365, .T. ) ;
#815 = CIRCLE ( 'NONE', #1, 2.049999999999998934 ) ;
#816 = VECTOR ( 'NONE', #413, 1000.000000000000000 ) ;
#817 = DATE_AND_TIME ( #1503, #1860 ) ;
#818 = AXIS2_PLACEMENT_3D ( 'NONE', #1982, #2968, #1166 ) ;
#819 = DIRECTION ( 'NONE',  ( 0.0000000000000000000, 0.3826834323650907810, -0.9238795325112864054 ) ) ;
#820 = VECTOR ( 'NONE', #468, 1000.000000000000000 ) ;
#821 = ORIENTED_EDGE ( 'NONE', *, *, #2176, .T. ) ;
#822 = CIRCLE ( 'NONE', #2997, 4.799999999999997158 ) ;
#823 = VERTEX_POINT ( 'NONE', #185 ) ;
#824 = LINE ( 'NONE', #1892, #162 ) ;
#825 = ORIENTED_EDGE ( 'NONE', *, *, #1512, .T. ) ;
#826 = AXIS2_PLACEMENT_3D ( 'NONE', #339, #1908, #111 ) ;
#827 = EDGE_LOOP ( 'NONE', ( #1591, #1356, #3211, #1662 ) ) ;
#828 = ADVANCED_FACE ( 'NONE', ( #351 ), #968, .T. ) ;
#829 = VERTEX_POINT ( 'NONE', #967 ) ;
#830 = VERTEX_POINT ( 'NONE', #1535 ) ;
#831 = AXIS2_PLACEMENT_3D ( 'NONE', #1727, #2020, #3278 ) ;
#832 = EDGE_CURVE ( 'NONE', #2936, #2327, #66, .T. ) ;
#833 = VERTEX_POINT ( 'NONE', #1223 ) ;
#834 = DIRECTION ( 'NONE',  ( -1.000000000000000000, 0.0000000000000000000, 0.0000000000000000000 ) ) ;
#835 = CARTESIAN_POINT ( 'NONE',  ( 0.0000000000000000000, 4.583225543511045608, 9.027149030414191699 ) ) ;
#836 = EDGE_LOOP ( 'NONE', ( #2360, #3143, #2749, #1723 ) ) ;
#837 = EDGE_CURVE ( 'NONE', #1759, #1321, #2667, .T. ) ;
#838 = DIRECTION ( 'NONE',  ( 0.0000000000000000000, 0.0000000000000000000, 1.000000000000000000 ) ) ;
#839 = CARTESIAN_POINT ( 'NONE',  ( -3.999999999999999112, 0.0000000000000000000, -4.450000000000001066 ) ) ;
#840 = VERTEX_POINT ( 'NONE', #1265 ) ;
#841 = ADVANCED_FACE ( 'NONE', ( #1407 ), #1246, .T. ) ;
#842 = DIRECTION ( 'NONE',  ( -1.000000000000000000, -0.0000000000000000000, -0.0000000000000000000 ) ) ;
#843 = CARTESIAN_POINT ( 'NONE',  ( 0.0000000000000000000, 10.87180726022454458, 7.793160008755761758 ) ) ;
#844 = DIRECTION ( 'NONE',  ( 0.0000000000000000000, 0.0000000000000000000, 1.000000000000000000 ) ) ;
#845 = LINE ( 'NONE', #2786, #2836 ) ;
#846 = DIRECTION ( 'NONE',  ( 0.0000000000000000000, 0.0000000000000000000, 1.000000000000000000 ) ) ;
#847 = CYLINDRICAL_SURFACE ( 'NONE', #338, 2.049999999999999822 ) ;
#848 = AXIS2_PLACEMENT_3D ( 'NONE', #189, #2553, #756 ) ;
#849 = EDGE_CURVE ( 'NONE', #531, #638, #3281, .T. ) ;
#850 = VECTOR ( 'NONE', #2881, 1000.000000000000000 ) ;
#851 = CIRCLE ( 'NONE', #1921, 13.49999999999999467 ) ;
#852 = EDGE_CURVE ( 'NONE', #1149, #664, #2065, .T. ) ;
#853 = LINE ( 'NONE', #2826, #3245 ) ;
#854 = ORIENTED_EDGE ( 'NONE', *, *, #1963, .F. ) ;
#855 = DIRECTION ( 'NONE',  ( -1.000000000000000000, -0.0000000000000000000, 0.0000000000000000000 ) ) ;
#856 = DIRECTION ( 'NONE',  ( 0.0000000000000000000, 0.0000000000000000000, 1.000000000000000000 ) ) ;
#857 = DIRECTION ( 'NONE',  ( 0.0000000000000000000, 0.0000000000000000000, -1.000000000000000000 ) ) ;
#858 = CIRCLE ( 'NONE', #1007, 1.449999999999999956 ) ;
#859 = ORIENTED_EDGE ( 'NONE', *, *, #2410, .T. ) ;
#860 = DIRECTION ( 'NONE',  ( 0.0000000000000000000, 0.0000000000000000000, -1.000000000000000000 ) ) ;
#861 = ADVANCED_FACE ( 'NONE', ( #1818 ), #726, .T. ) ;
#862 = CARTESIAN_POINT ( 'NONE',  ( -9.000000000000000000, 0.0000000000000000000, -6.500000000000000000 ) ) ;
#863 = CYLINDRICAL_SURFACE ( 'NONE', #211, 10.12399999999999878 ) ;
#864 = ORIENTED_EDGE ( 'NONE', *, *, #2005, .T. ) ;
#865 = DIRECTION ( 'NONE',  ( -1.000000000000000000, 0.0000000000000000000, -0.0000000000000000000 ) ) ;
#866 = ORIENTED_EDGE ( 'NONE', *, *, #3092, .T. ) ;
#867 = VERTEX_POINT ( 'NONE', #3341 ) ;
#868 = AXIS2_PLACEMENT_3D ( 'NONE', #2286, #214, #180 ) ;
#869 = EDGE_LOOP ( 'NONE', ( #3358, #1804, #2512, #342 ) ) ;
#870 = CARTESIAN_POINT ( 'NONE',  ( 16.00000000000000000, 9.804012376825491870, -5.571044898090343978 ) ) ;
#871 = CARTESIAN_POINT ( 'NONE',  ( 16.00000000000000000, 0.0000000000000000000, 0.0000000000000000000 ) ) ;
#872 = EDGE_LOOP ( 'NONE', ( #630, #2528, #2607, #1800 ) ) ;
#873 = ORIENTED_EDGE ( 'NONE', *, *, #3218, .T. ) ;
#874 = AXIS2_PLACEMENT_3D ( 'NONE', #1853, #2644, #1862 ) ;
#875 = EDGE_CURVE ( 'NONE', #141, #1759, #2262, .T. ) ;
#876 = ADVANCED_FACE ( 'NONE', ( #1578 ), #557, .T. ) ;
#877 = ORIENTED_EDGE ( 'NONE', *, *, #551, .F. ) ;
#878 = CARTESIAN_POINT ( 'NONE',  ( 8.000000000000000000, -11.02519199256751925, 7.790708666547922157 ) ) ;
#879 = DIRECTION ( 'NONE',  ( -1.000000000000000000, -0.0000000000000000000, -0.0000000000000000000 ) ) ;
#880 = AXIS2_PLACEMENT_3D ( 'NONE', #341, #1109, #1897 ) ;
#881 = EDGE_LOOP ( 'NONE', ( #3293, #1665, #953, #711 ) ) ;
#882 = DIRECTION ( 'NONE',  ( -1.000000000000000000, -0.0000000000000000000, 0.0000000000000000000 ) ) ;
#883 = FACE_OUTER_BOUND ( 'NONE', #1024, .T. ) ;
#884 = FACE_OUTER_BOUND ( 'NONE', #1333, .T. ) ;
#885 = DIRECTION ( 'NONE',  ( 0.0000000000000000000, 0.0000000000000000000, 1.000000000000000000 ) ) ;
#886 = VECTOR ( 'NONE', #2751, 1000.000000000000000 ) ;
#887 = LINE ( 'NONE', #2071, #1702 ) ;
#888 = CARTESIAN_POINT ( 'NONE',  ( -3.999999999999999112, 0.0000000000000000000, -6.500000000000000000 ) ) ;
#889 = ADVANCED_FACE ( 'NONE', ( #884 ), #3036, .T. ) ;
#890 = DIRECTION ( 'NONE',  ( 0.0000000000000000000, 0.0000000000000000000, 1.000000000000000000 ) ) ;
#891 = CARTESIAN_POINT ( 'NONE',  ( 16.00000000000000000, -11.18967295489763103, 3.404858751266234940 ) ) ;
#892 = CIRCLE ( 'NONE', #635, 4.799999999999997158 ) ;
#893 = VECTOR ( 'NONE', #2544, 1000.000000000000000 ) ;
#894 = AXIS2_PLACEMENT_3D ( 'NONE', #3148, #2907, #578 ) ;
#895 = EDGE_CURVE ( 'NONE', #422, #264, #186, .T. ) ;
#896 = LINE ( 'NONE', #986, #159 ) ;
#897 = ORIENTED_EDGE ( 'NONE', *, *, #1389, .T. ) ;
#898 = CARTESIAN_POINT ( 'NONE',  ( -9.000000000000000000, 6.500000000000000000, 0.0000000000000000000 ) ) ;
#899 = EDGE_CURVE ( 'NONE', #2622, #1776, #1451, .T. ) ;
#900 = CARTESIAN_POINT ( 'NONE',  ( -9.000000000000000000, -6.500000000000000000, -2.049999999999999822 ) ) ;
#901 = CIRCLE ( 'NONE', #631, 13.49999999999999289 ) ;
#902 = ORIENTED_EDGE ( 'NONE', *, *, #322, .T. ) ;
#903 = CARTESIAN_POINT ( 'NONE',  ( 0.0000000000000000000, 0.0000000000000000000, 0.0000000000000000000 ) ) ;
#904 = VECTOR ( 'NONE', #2974, 1000.000000000000000 ) ;
#905 = VERTEX_POINT ( 'NONE', #279 ) ;
#906 = CARTESIAN_POINT ( 'NONE',  ( -10.00000000000000000, 0.0000000000000000000, 0.0000000000000000000 ) ) ;
#907 = DIRECTION ( 'NONE',  ( -1.000000000000000000, 0.0000000000000000000, 0.0000000000000000000 ) ) ;
#908 = ORIENTED_EDGE ( 'NONE', *, *, #21, .F. ) ;
#909 = DIRECTION ( 'NONE',  ( -1.000000000000000000, 0.0000000000000000000, 0.0000000000000000000 ) ) ;
#910 = VERTEX_POINT ( 'NONE', #222 ) ;
#911 = ADVANCED_FACE ( 'NONE', ( #1117 ), #3196, .T. ) ;
#912 = ORIENTED_EDGE ( 'NONE', *, *, #795, .T. ) ;
#913 = VERTEX_POINT ( 'NONE', #810 ) ;
#914 = AXIS2_PLACEMENT_3D ( 'NONE', #1304, #2339, #3125 ) ;
#915 = EDGE_CURVE ( 'NONE', #1064, #1776, #3121, .T. ) ;
#916 = DIRECTION ( 'NONE',  ( 1.000000000000000000, 0.0000000000000000000, 0.0000000000000000000 ) ) ;
#917 = CARTESIAN_POINT ( 'NONE',  ( 16.00000000000000000, -10.09392270842293193, -0.7798078971027733175 ) ) ;
#918 = ORIENTED_EDGE ( 'NONE', *, *, #302, .T. ) ;
#919 = EDGE_CURVE ( 'NONE', #1756, #3219, #437, .T. ) ;
#920 = CARTESIAN_POINT ( 'NONE',  ( 26.00000000000000355, 1.867586368699713573E-16, 1.524999999999999911 ) ) ;
#921 = VERTEX_POINT ( 'NONE', #544 ) ;
#922 = CARTESIAN_POINT ( 'NONE',  ( 16.00000000000000000, 9.623988155711550974, -3.142328432663227922 ) ) ;
#923 = ADVANCED_FACE ( 'NONE', ( #2590 ), #847, .F. ) ;
#924 = APPROVAL_ROLE ( '' ) ;
#925 = CIRCLE ( 'NONE', #406, 10.12399999999999878 ) ;
#926 = ADVANCED_BREP_SHAPE_REPRESENTATION ( 'ISO - Spur gear 1.5M 16T 20PA 16FW ---S16A75H50L0', ( #359, #2092 ), #2030 ) ;
#927 = LINE ( 'NONE', #2496, #149 ) ;
#928 = CIRCLE ( 'NONE', #2608, 4.799999999999998046 ) ;
#929 = LINE ( 'NONE', #2183, #1585 ) ;
#930 = CARTESIAN_POINT ( 'NONE',  ( 0.0000000000000000000, 0.0000000000000000000, 0.0000000000000000000 ) ) ;
#931 = CARTESIAN_POINT ( 'NONE',  ( 16.00000000000000000, 6.925779787975162805, 8.898807463360506986 ) ) ;
#932 = AXIS2_PLACEMENT_3D ( 'NONE', #2416, #1405, #1675 ) ;
#933 = VECTOR ( 'NONE', #2054, 1000.000000000000000 ) ;
#934 = ORIENTED_EDGE ( 'NONE', *, *, #852, .F. ) ;
#935 = DIRECTION ( 'NONE',  ( -1.000000000000000000, -0.0000000000000000000, 0.0000000000000000000 ) ) ;
#936 = AXIS2_PLACEMENT_3D ( 'NONE', #1964, #2707, #2971 ) ;
#937 = EDGE_CURVE ( 'NONE', #1685, #2654, #3237, .T. ) ;
#938 = CIRCLE ( 'NONE', #1101, 10.12399999999999878 ) ;
#939 = ORIENTED_EDGE ( 'NONE', *, *, #849, .F. ) ;
#940 = DIRECTION ( 'NONE',  ( 0.0000000000000000000, 0.0000000000000000000, 1.000000000000000000 ) ) ;
#941 = LINE ( 'NONE', #2439, #408 ) ;
#942 = ORIENTED_EDGE ( 'NONE', *, *, #3323, .T. ) ;
#943 = EDGE_CURVE ( 'NONE', #1376, #1967, #1365, .T. ) ;
#944 = DIRECTION ( 'NONE',  ( -1.000000000000000000, -0.0000000000000000000, -0.0000000000000000000 ) ) ;
#945 = DIRECTION ( 'NONE',  ( 1.000000000000000000, 0.0000000000000000000, -0.0000000000000000000 ) ) ;
#946 = EDGE_LOOP ( 'NONE', ( #2407, #2485, #1834, #320 ) ) ;
#947 = CARTESIAN_POINT ( 'NONE',  ( 16.00000000000000000, 0.0000000000000000000, 0.0000000000000000000 ) ) ;
#948 = DIRECTION ( 'NONE',  ( -1.000000000000000000, 0.0000000000000000000, 0.0000000000000000000 ) ) ;
#949 = ORIENTED_EDGE ( 'NONE', *, *, #1188, .F. ) ;
#950 = CARTESIAN_POINT ( 'NONE',  ( 0.0000000000000000000, -13.16732435701143267, -2.978517966582256538 ) ) ;
#951 = CARTESIAN_POINT ( 'NONE',  ( -9.000000000000000000, 0.0000000000000000000, 0.0000000000000000000 ) ) ;
#952 = EDGE_LOOP ( 'NONE', ( #1349, #494, #48, #2929 ) ) ;
#953 = ORIENTED_EDGE ( 'NONE', *, *, #1500, .F. ) ;
#954 = ORIENTED_EDGE ( 'NONE', *, *, #1484, .T. ) ;
#955 = DIRECTION ( 'NONE',  ( -1.000000000000000000, 0.0000000000000000000, -0.0000000000000000000 ) ) ;
#956 = CARTESIAN_POINT ( 'NONE',  ( 16.00000000000000000, 10.87180726022454458, 7.793160008755761758 ) ) ;
#957 = AXIS2_PLACEMENT_3D ( 'NONE', #243, #3065, #1534 ) ;
#958 = EDGE_CURVE ( 'NONE', #736, #3182, #2913, .T. ) ;
#959 = DIRECTION ( 'NONE',  ( -1.000000000000000000, 0.0000000000000000000, 0.0000000000000000000 ) ) ;
#960 = DIRECTION ( 'NONE',  ( -1.000000000000000000, 0.0000000000000000000, 0.0000000000000000000 ) ) ;
#961 = EDGE_LOOP ( 'NONE', ( #1970, #35 ) ) ;
#962 = EDGE_CURVE ( 'NONE', #1045, #1106, #1986, .T. ) ;
#963 = DIRECTION ( 'NONE',  ( 0.0000000000000000000, -1.000000000000000000, -1.048062100069321321E-14 ) ) ;
#964 = APPROVAL ( #2215, 'UNSPECIFIED' ) ;
#965 = FACE_OUTER_BOUND ( 'NONE', #2766, .T. ) ;
#966 = DIRECTION ( 'NONE',  ( 0.0000000000000000000, 0.0000000000000000000, 1.000000000000000000 ) ) ;
#967 = CARTESIAN_POINT ( 'NONE',  ( 16.00000000000000000, -11.02519199256752103, 7.790708666547923045 ) ) ;
#968 = CYLINDRICAL_SURFACE ( 'NONE', #2850, 9.500000000000000000 ) ;
#969 = CARTESIAN_POINT ( 'NONE',  ( 16.00000000000000000, -2.287125093463068026, -13.30485095019299635 ) ) ;
#970 = CARTESIAN_POINT ( 'NONE',  ( 16.00000000000000000, 7.688888647962873080, 6.586073743834610639 ) ) ;
#971 = DIRECTION ( 'NONE',  ( -0.0000000000000000000, 0.0000000000000000000, 1.000000000000000000 ) ) ;
#972 = CIRCLE ( 'NONE', #650, 10.12399999999999878 ) ;
#973 = CARTESIAN_POINT ( 'NONE',  ( -3.999999999999999112, 0.0000000000000000000, 8.549999999999998934 ) ) ;
#974 = CIRCLE ( 'NONE', #2050, 10.12399999999999878 ) ;
#975 = ORIENTED_EDGE ( 'NONE', *, *, #721, .T. ) ;
#976 = CARTESIAN_POINT ( 'NONE',  ( 16.00000000000000000, 5.571044898090446118, -9.804012376825433250 ) ) ;
#977 = PERSON_AND_ORGANIZATION ( #242, #2074 ) ;
#978 = LINE ( 'NONE', #1895, #820 ) ;
#979 = ORIENTED_EDGE ( 'NONE', *, *, #218, .T. ) ;
#980 = DIRECTION ( 'NONE',  ( 0.0000000000000000000, 0.0000000000000000000, 1.000000000000000000 ) ) ;
#981 = AXIS2_PLACEMENT_3D ( 'NONE', #4, #766, #1268 ) ;
#982 = EDGE_CURVE ( 'NONE', #1846, #667, #2754, .T. ) ;
#983 = CIRCLE ( 'NONE', #2518, 4.799999999999998934 ) ;
#984 = ORIENTED_EDGE ( 'NONE', *, *, #1726, .T. ) ;
#985 = DIRECTION ( 'NONE',  ( 0.0000000000000000000, 0.0000000000000000000, 1.000000000000000000 ) ) ;
#986 = CARTESIAN_POINT ( 'NONE',  ( 8.000000000000000000, 2.287125093463346470, -13.30485095019294484 ) ) ;
#987 = CC_DESIGN_PERSON_AND_ORGANIZATION_ASSIGNMENT ( #1752, #1973, ( #2433 ) ) ;
#988 = EDGE_CURVE ( 'NONE', #634, #830, #2221, .T. ) ;
#989 = FACE_OUTER_BOUND ( 'NONE', #659, .T. ) ;
#990 = ORIENTED_EDGE ( 'NONE', *, *, #3173, .F. ) ;
#991 = DIRECTION ( 'NONE',  ( 0.0000000000000000000, 0.0000000000000000000, -1.000000000000000000 ) ) ;
#992 = ORIENTED_EDGE ( 'NONE', *, *, #704, .F. ) ;
#993 = AXIS2_PLACEMENT_3D ( 'NONE', #1517, #1200, #3021 ) ;
#994 = DIRECTION ( 'NONE',  ( 0.0000000000000000000, 0.0000000000000000000, 1.000000000000000000 ) ) ;
#995 = CARTESIAN_POINT ( 'NONE',  ( -3.999999999999999112, 6.500000000000000000, -2.049999999999999822 ) ) ;
#996 = EDGE_LOOP ( 'NONE', ( #337, #2578, #1418, #330 ) ) ;
#997 = ORIENTED_EDGE ( 'NONE', *, *, #2217, .T. ) ;
#998 = DIRECTION ( 'NONE',  ( 0.0000000000000000000, 0.9238795325112850731, 0.3826834323650938341 ) ) ;
#999 = DIRECTION ( 'NONE',  ( -1.000000000000000000, 0.0000000000000000000, 0.0000000000000000000 ) ) ;
#1000 = VERTEX_POINT ( 'NONE', #254 ) ;
#1001 = ORIENTED_EDGE ( 'NONE', *, *, #1553, .F. ) ;
#1002 = DIRECTION ( 'NONE',  ( 0.0000000000000000000, 0.0000000000000000000, -1.000000000000000000 ) ) ;
#1003 = AXIS2_PLACEMENT_3D ( 'NONE', #1638, #2453, #1385 ) ;
#1004 = CARTESIAN_POINT ( 'NONE',  ( 0.0000000000000000000, 9.027149030414241437, -4.583225543510947020 ) ) ;
#1005 = CARTESIAN_POINT ( 'NONE',  ( -9.000000000000000000, 0.0000000000000000000, 0.0000000000000000000 ) ) ;
#1006 = VERTEX_POINT ( 'NONE', #2079 ) ;
#1007 = AXIS2_PLACEMENT_3D ( 'NONE', #2775, #1742, #1280 ) ;
#1008 = EDGE_CURVE ( 'NONE', #1475, #1093, #2422, .T. ) ;
#1009 = DIRECTION ( 'NONE',  ( -1.000000000000000000, 0.0000000000000000000, 0.0000000000000000000 ) ) ;
#1010 = DIRECTION ( 'NONE',  ( -1.000000000000000000, 0.0000000000000000000, 0.0000000000000000000 ) ) ;
#1011 = CARTESIAN_POINT ( 'NONE',  ( 0.0000000000000000000, 5.571044898090310227, 9.804012376825511410 ) ) ;
#1012 = AXIS2_PLACEMENT_3D ( 'NONE', #3126, #2308, #2858 ) ;
#1013 = DIRECTION ( 'NONE',  ( 0.0000000000000000000, 0.0000000000000000000, -1.000000000000000000 ) ) ;
#1014 = DIRECTION ( 'NONE',  ( 0.0000000000000000000, -1.000000000000000000, -1.047444401652940007E-14 ) ) ;
#1015 = LINE ( 'NONE', #2061, #441 ) ;
#1016 = CIRCLE ( 'NONE', #3024, 4.799999999999998046 ) ;
#1017 = CYLINDRICAL_SURFACE ( 'NONE', #108, 10.12399999999999878 ) ;
#1018 = DIRECTION ( 'NONE',  ( 1.000000000000000000, 0.0000000000000000000, 0.0000000000000000000 ) ) ;
#1019 = DIRECTION ( 'NONE',  ( -1.000000000000000000, 0.0000000000000000000, 0.0000000000000000000 ) ) ;
#1020 = CYLINDRICAL_SURFACE ( 'NONE', #2910, 4.799999999999998046 ) ;
#1021 = ORIENTED_EDGE ( 'NONE', *, *, #3323, .F. ) ;
#1022 = DIRECTION ( 'NONE',  ( 0.0000000000000000000, 0.0000000000000000000, -1.000000000000000000 ) ) ;
#1023 = CIRCLE ( 'NONE', #2892, 10.12399999999999878 ) ;
#1024 = EDGE_LOOP ( 'NONE', ( #52, #251, #2857, #918 ) ) ;
#1025 = CARTESIAN_POINT ( 'NONE',  ( 16.00000000000000000, 0.0000000000000000000, 0.0000000000000000000 ) ) ;
#1026 = CARTESIAN_POINT ( 'NONE',  ( 0.0000000000000000000, -2.993160008755803236, 10.87180726022453214 ) ) ;
#1027 = AXIS2_PLACEMENT_3D ( 'NONE', #18, #345, #2864 ) ;
#1028 = EDGE_CURVE ( 'NONE', #3112, #1045, #519, .T. ) ;
#1029 = CIRCLE ( 'NONE', #1187, 13.49999999999999467 ) ;
#1030 = ORIENTED_EDGE ( 'NONE', *, *, #748, .T. ) ;
#1031 = CARTESIAN_POINT ( 'NONE',  ( 16.00000000000000000, 0.0000000000000000000, 0.0000000000000000000 ) ) ;
#1032 = ORIENTED_EDGE ( 'NONE', *, *, #632, .T. ) ;
#1033 = CARTESIAN_POINT ( 'NONE',  ( 0.0000000000000000000, -13.30485095019298747, 2.287125093463113323 ) ) ;
#1034 = CARTESIAN_POINT ( 'NONE',  ( 16.00000000000000000, -3.142328432663261228, -9.623988155711540315 ) ) ;
#1035 = EDGE_CURVE ( 'NONE', #2681, #325, #2182, .T. ) ;
#1036 = ORIENTED_EDGE ( 'NONE', *, *, #2240, .F. ) ;
#1037 = ORIENTED_EDGE ( 'NONE', *, *, #2011, .F. ) ;
#1038 = ADVANCED_FACE ( 'NONE', ( #2344 ), #105, .T. ) ;
#1039 = EDGE_LOOP ( 'NONE', ( #1001, #1508, #1696, #401 ) ) ;
#1040 = DIRECTION ( 'NONE',  ( 0.0000000000000000000, -6.982962677686268288E-15, 1.000000000000000000 ) ) ;
#1041 = VERTEX_POINT ( 'NONE', #2965 ) ;
#1042 = ORIENTED_EDGE ( 'NONE', *, *, #391, .F. ) ;
#1043 = CARTESIAN_POINT ( 'NONE',  ( 16.00000000000000000, 5.571044898090446118, -9.804012376825433250 ) ) ;
#1044 = AXIS2_PLACEMENT_3D ( 'NONE', #2522, #745, #2307 ) ;
#1045 = VERTEX_POINT ( 'NONE', #2665 ) ;
#1046 = DIRECTION ( 'NONE',  ( -1.000000000000000000, 0.0000000000000000000, -0.0000000000000000000 ) ) ;
#1047 = DIRECTION ( 'NONE',  ( 0.0000000000000000000, 0.0000000000000000000, 1.000000000000000000 ) ) ;
#1048 = AXIS2_PLACEMENT_3D ( 'NONE', #3215, #2428, #2943 ) ;
#1049 = EDGE_CURVE ( 'NONE', #3089, #2411, #1051, .T. ) ;
#1050 = DIRECTION ( 'NONE',  ( 0.0000000000000000000, -6.866613759074864045E-15, 1.000000000000000000 ) ) ;
#1051 = CIRCLE ( 'NONE', #826, 1.449999999999999067 ) ;
#1052 = AXIS2_PLACEMENT_3D ( 'NONE', #1180, #112, #1192 ) ;
#1053 = DIRECTION ( 'NONE',  ( 0.0000000000000000000, 0.0000000000000000000, 1.000000000000000000 ) ) ;
#1054 = CIRCLE ( 'NONE', #2880, 4.799999999999998046 ) ;
#1055 = FACE_OUTER_BOUND ( 'NONE', #1830, .T. ) ;
#1056 = FACE_OUTER_BOUND ( 'NONE', #1466, .T. ) ;
#1057 = ORIENTED_EDGE ( 'NONE', *, *, #386, .T. ) ;
#1058 = LINE ( 'NONE', #435, #2597 ) ;
#1059 = VECTOR ( 'NONE', #451, 1000.000000000000000 ) ;
#1060 = ORIENTED_EDGE ( 'NONE', *, *, #2480, .T. ) ;
#1061 = DIRECTION ( 'NONE',  ( -1.000000000000000000, 0.0000000000000000000, 0.0000000000000000000 ) ) ;
#1062 = CARTESIAN_POINT ( 'NONE',  ( 0.0000000000000000000, 0.0000000000000000000, 0.0000000000000000000 ) ) ;
#1063 = CYLINDRICAL_SURFACE ( 'NONE', #957, 13.49999999999999467 ) ;
#1064 = VERTEX_POINT ( 'NONE', #2682 ) ;
#1065 = CARTESIAN_POINT ( 'NONE',  ( 0.0000000000000000000, 1.163414459189985485E-15, 9.500000000000000000 ) ) ;
#1066 = AXIS2_PLACEMENT_3D ( 'NONE', #472, #3287, #3071 ) ;
#1067 = EDGE_CURVE ( 'NONE', #1838, #2166, #2796, .T. ) ;
#1068 = VERTEX_POINT ( 'NONE', #1934 ) ;
#1069 = CARTESIAN_POINT ( 'NONE',  ( 16.00000000000000000, 9.027149030414239661, -4.583225543510946132 ) ) ;
#1070 = ORIENTED_EDGE ( 'NONE', *, *, #3336, .T. ) ;
#1071 = ORIENTED_EDGE ( 'NONE', *, *, #988, .F. ) ;
#1072 = EDGE_CURVE ( 'NONE', #264, #2970, #2709, .T. ) ;
#1073 = ORIENTED_EDGE ( 'NONE', *, *, #3235, .F. ) ;
#1074 = ORIENTED_EDGE ( 'NONE', *, *, #2743, .T. ) ;
#1075 = DIRECTION ( 'NONE',  ( 0.0000000000000000000, -0.3826834323650774028, -0.9238795325112919565 ) ) ;
#1076 = ORIENTED_EDGE ( 'NONE', *, *, #2109, .F. ) ;
#1077 = EDGE_LOOP ( 'NONE', ( #3348, #3117, #2690, #3176 ) ) ;
#1078 = DIRECTION ( 'NONE',  ( 0.0000000000000000000, 0.9238795325112851842, 0.3826834323650936676 ) ) ;
#1079 = AXIS2_PLACEMENT_3D ( 'NONE', #1222, #2268, #966 ) ;
#1080 = EDGE_CURVE ( 'NONE', #1106, #823, #808, .T. ) ;
#1081 = CYLINDRICAL_SURFACE ( 'NONE', #3351, 4.799999999999998046 ) ;
#1082 = CYLINDRICAL_SURFACE ( 'NONE', #1450, 1.449999999999999067 ) ;
#1083 = EDGE_CURVE ( 'NONE', #624, #1965, #2949, .T. ) ;
#1084 = DIRECTION ( 'NONE',  ( 0.0000000000000000000, 0.0000000000000000000, 1.000000000000000000 ) ) ;
#1085 = CARTESIAN_POINT ( 'NONE',  ( 16.00000000000000000, -9.804012376825529174, 5.571044898090275588 ) ) ;
#1086 = CIRCLE ( 'NONE', #3119, 4.799999999999998046 ) ;
#1087 = CYLINDRICAL_SURFACE ( 'NONE', #1052, 1.449999999999999956 ) ;
#1088 = ADVANCED_FACE ( 'NONE', ( #1494 ), #267, .T. ) ;
#1089 = CARTESIAN_POINT ( 'NONE',  ( 16.00000000000000000, 9.623988155711510117, 3.142328432663366033 ) ) ;
#1090 = VECTOR ( 'NONE', #235, 1000.000000000000000 ) ;
#1091 = ORIENTED_EDGE ( 'NONE', *, *, #895, .T. ) ;
#1092 = FACE_BOUND ( 'NONE', #2636, .T. ) ;
#1093 = VERTEX_POINT ( 'NONE', #1130 ) ;
#1094 = LINE ( 'NONE', #1473, #3342 ) ;
#1095 = ORIENTED_EDGE ( 'NONE', *, *, #21, .T. ) ;
#1096 = CARTESIAN_POINT ( 'NONE',  ( -3.999999999999999112, -6.500000000000000000, 0.0000000000000000000 ) ) ;
#1097 = AXIS2_PLACEMENT_3D ( 'NONE', #3284, #1164, #3247 ) ;
#1098 = ORIENTED_EDGE ( 'NONE', *, *, #2856, .T. ) ;
#1099 = ORIENTED_EDGE ( 'NONE', *, *, #2879, .F. ) ;
#1100 = ORIENTED_EDGE ( 'NONE', *, *, #1753, .T. ) ;
#1101 = AXIS2_PLACEMENT_3D ( 'NONE', #2781, #1751, #1014 ) ;
#1102 = EDGE_CURVE ( 'NONE', #833, #1515, #2218, .T. ) ;
#1103 = ORIENTED_EDGE ( 'NONE', *, *, #1610, .T. ) ;
#1104 = ADVANCED_FACE ( 'NONE', ( #1199 ), #596, .F. ) ;
#1105 = CARTESIAN_POINT ( 'NONE',  ( 0.0000000000000000000, 0.0000000000000000000, 0.0000000000000000000 ) ) ;
#1106 = VERTEX_POINT ( 'NONE', #2179 ) ;
#1107 = EDGE_CURVE ( 'NONE', #3013, #2675, #763, .T. ) ;
#1108 = DIRECTION ( 'NONE',  ( 1.000000000000000000, 0.0000000000000000000, 0.0000000000000000000 ) ) ;
#1109 = DIRECTION ( 'NONE',  ( -1.000000000000000000, -0.0000000000000000000, -0.0000000000000000000 ) ) ;
#1110 = VERTEX_POINT ( 'NONE', #1142 ) ;
#1111 = DIRECTION ( 'NONE',  ( -1.000000000000000000, 0.0000000000000000000, 0.0000000000000000000 ) ) ;
#1112 = ORIENTED_EDGE ( 'NONE', *, *, #2697, .T. ) ;
#1113 = DIRECTION ( 'NONE',  ( -1.000000000000000000, -0.0000000000000000000, -0.0000000000000000000 ) ) ;
#1114 = FACE_OUTER_BOUND ( 'NONE', #1731, .T. ) ;
#1115 = ADVANCED_FACE ( 'NONE', ( #3158 ), #1854, .T. ) ;
#1116 = DIRECTION ( 'NONE',  ( 0.0000000000000000000, 0.0000000000000000000, 1.000000000000000000 ) ) ;
#1117 = FACE_OUTER_BOUND ( 'NONE', #2612, .T. ) ;
#1118 = CARTESIAN_POINT ( 'NONE',  ( 16.00000000000000000, 3.142328432663461513, -9.623988155711476367 ) ) ;
#1119 = AXIS2_PLACEMENT_3D ( 'NONE', #2813, #725, #2238 ) ;
#1120 = EDGE_CURVE ( 'NONE', #2021, #2622, #2993, .T. ) ;
#1121 = CYLINDRICAL_SURFACE ( 'NONE', #2256, 13.49999999999999467 ) ;
#1122 = EDGE_CURVE ( 'NONE', #1609, #3112, #2063, .T. ) ;
#1123 = VECTOR ( 'NONE', #549, 1000.000000000000000 ) ;
#1124 = ORIENTED_EDGE ( 'NONE', *, *, #1630, .F. ) ;
#1125 = DIRECTION ( 'NONE',  ( 1.000000000000000000, 0.0000000000000000000, 0.0000000000000000000 ) ) ;
#1126 = COORDINATED_UNIVERSAL_TIME_OFFSET ( 0, 0, .AHEAD. ) ;
#1127 = AXIS2_PLACEMENT_3D ( 'NONE', #541, #3130, #16 ) ;
#1128 = FACE_BOUND ( 'NONE', #2989, .T. ) ;
#1129 = VERTEX_POINT ( 'NONE', #1211 ) ;
#1130 = CARTESIAN_POINT ( 'NONE',  ( 0.0000000000000000000, 13.16732435701145221, 2.978517966582164611 ) ) ;
#1131 = DIRECTION ( 'NONE',  ( -1.000000000000000000, 0.0000000000000000000, 0.0000000000000000000 ) ) ;
#1132 = FACE_OUTER_BOUND ( 'NONE', #2927, .T. ) ;
#1133 = ORIENTED_EDGE ( 'NONE', *, *, #1072, .T. ) ;
#1134 = DIRECTION ( 'NONE',  ( 1.000000000000000000, 0.0000000000000000000, 0.0000000000000000000 ) ) ;
#1135 = ORIENTED_EDGE ( 'NONE', *, *, #3159, .T. ) ;
#1136 = ADVANCED_FACE ( 'NONE', ( #1894, #1815 ), #2222, .T. ) ;
#1137 = DIRECTION ( 'NONE',  ( -1.000000000000000000, -0.0000000000000000000, -0.0000000000000000000 ) ) ;
#1138 = ORIENTED_EDGE ( 'NONE', *, *, #78, .T. ) ;
#1139 = AXIS2_PLACEMENT_3D ( 'NONE', #284, #1816, #258 ) ;
#1140 = EDGE_CURVE ( 'NONE', #2450, #910, #925, .T. ) ;
#1141 = ORIENTED_EDGE ( 'NONE', *, *, #499, .F. ) ;
#1142 = CARTESIAN_POINT ( 'NONE',  ( -3.999999999999999112, 0.0000000000000000000, -4.450000000000001066 ) ) ;
#1143 = DIRECTION ( 'NONE',  ( 0.0000000000000000000, 0.0000000000000000000, 1.000000000000000000 ) ) ;
#1144 = ORIENTED_EDGE ( 'NONE', *, *, #2132, .T. ) ;
#1145 = ORIENTED_EDGE ( 'NONE', *, *, #1260, .T. ) ;
#1146 = AXIS2_PLACEMENT_3D ( 'NONE', #33, #47, #2127 ) ;
#1147 = EDGE_CURVE ( 'NONE', #297, #2368, #1448, .T. ) ;
#1148 = CARTESIAN_POINT ( 'NONE',  ( 16.00000000000000000, 1.775737858763663149E-16, -7.949999999999998401 ) ) ;
#1149 = VERTEX_POINT ( 'NONE', #410 ) ;
#1150 = DIRECTION ( 'NONE',  ( 0.0000000000000000000, 0.0000000000000000000, -1.000000000000000000 ) ) ;
#1151 = AXIS2_PLACEMENT_3D ( 'NONE', #1832, #1562, #225 ) ;
#1152 = ORIENTED_EDGE ( 'NONE', *, *, #133, .T. ) ;
#1153 = DIRECTION ( 'NONE',  ( -1.000000000000000000, 0.0000000000000000000, 0.0000000000000000000 ) ) ;
#1154 = ADVANCED_FACE ( 'NONE', ( #516 ), #3193, .T. ) ;
#1155 = DIRECTION ( 'NONE',  ( -1.000000000000000000, -0.0000000000000000000, -0.0000000000000000000 ) ) ;
#1156 = CARTESIAN_POINT ( 'NONE',  ( 0.0000000000000000000, 11.41683459498179509, 7.204574090869398262 ) ) ;
#1157 = DIRECTION ( 'NONE',  ( -1.000000000000000000, 0.0000000000000000000, 0.0000000000000000000 ) ) ;
#1158 = FACE_OUTER_BOUND ( 'NONE', #1373, .T. ) ;
#1159 = DIRECTION ( 'NONE',  ( 1.000000000000000000, -0.0000000000000000000, -0.0000000000000000000 ) ) ;
#1160 = CARTESIAN_POINT ( 'NONE',  ( 0.0000000000000000000, 0.0000000000000000000, 0.0000000000000000000 ) ) ;
#1161 = AXIS2_PLACEMENT_3D ( 'NONE', #1647, #1153, #2691 ) ;
#1162 = EDGE_CURVE ( 'NONE', #94, #1345, #2752, .T. ) ;
#1163 = FACE_OUTER_BOUND ( 'NONE', #2491, .T. ) ;
#1164 = DIRECTION ( 'NONE',  ( -1.000000000000000000, -0.0000000000000000000, -0.0000000000000000000 ) ) ;
#1165 = DIRECTION ( 'NONE',  ( 0.0000000000000000000, 0.0000000000000000000, 1.000000000000000000 ) ) ;
#1166 = DIRECTION ( 'NONE',  ( 0.0000000000000000000, 0.0000000000000000000, 1.000000000000000000 ) ) ;
#1167 = CIRCLE ( 'NONE', #521, 4.799999999999998046 ) ;
#1168 = VECTOR ( 'NONE', #2753, 1000.000000000000000 ) ;
#1169 = AXIS2_PLACEMENT_3D ( 'NONE', #226, #1538, #768 ) ;
#1170 = EDGE_CURVE ( 'NONE', #2614, #1354, #1282, .T. ) ;
#1171 = CYLINDRICAL_SURFACE ( 'NONE', #1477, 4.799999999999998046 ) ;
#1172 = VERTEX_POINT ( 'NONE', #1697 ) ;
#1173 = ADVANCED_FACE ( 'NONE', ( #2503 ), #148, .T. ) ;
#1174 = AXIS2_PLACEMENT_3D ( 'NONE', #568, #1872, #1316 ) ;
#1175 = CIRCLE ( 'NONE', #2023, 4.799999999999998046 ) ;
#1176 = ORIENTED_EDGE ( 'NONE', *, *, #103, .T. ) ;
#1177 = CIRCLE ( 'NONE', #274, 4.799999999999998934 ) ;
#1178 = ORIENTED_EDGE ( 'NONE', *, *, #2480, .F. ) ;
#1179 = PERSON_AND_ORGANIZATION_ROLE ( 'creator' ) ;
#1180 = CARTESIAN_POINT ( 'NONE',  ( 1.000000000000000888, 6.500000000000000000, 0.0000000000000000000 ) ) ;
#1181 = ORIENTED_EDGE ( 'NONE', *, *, #612, .T. ) ;
#1182 = DIRECTION ( 'NONE',  ( 0.0000000000000000000, 0.3826834323650907810, -0.9238795325112864054 ) ) ;
#1183 = ORIENTED_EDGE ( 'NONE', *, *, #1120, .F. ) ;
#1184 = CARTESIAN_POINT ( 'NONE',  ( 0.0000000000000000000, 0.0000000000000000000, 0.0000000000000000000 ) ) ;
#1185 = VERTEX_POINT ( 'NONE', #1943 ) ;
#1186 = VERTEX_POINT ( 'NONE', #1419 ) ;
#1187 = AXIS2_PLACEMENT_3D ( 'NONE', #375, #2960, #628 ) ;
#1188 = EDGE_CURVE ( 'NONE', #6, #921, #393, .T. ) ;
#1189 = DIRECTION ( 'NONE',  ( 0.0000000000000000000, 0.0000000000000000000, 1.000000000000000000 ) ) ;
#1190 = ADVANCED_FACE ( 'NONE', ( #1114 ), #1651, .T. ) ;
#1191 = DIRECTION ( 'NONE',  ( -1.000000000000000000, 0.0000000000000000000, 0.0000000000000000000 ) ) ;
#1192 = DIRECTION ( 'NONE',  ( 0.0000000000000000000, 0.0000000000000000000, 1.000000000000000000 ) ) ;
#1193 = VERTEX_POINT ( 'NONE', #434 ) ;
#1194 = VERTEX_POINT ( 'NONE', #2248 ) ;
#1195 = EDGE_CURVE ( 'NONE', #2964, #511, #478, .T. ) ;
#1196 = DIRECTION ( 'NONE',  ( 0.0000000000000000000, 0.0000000000000000000, 1.000000000000000000 ) ) ;
#1197 = ORIENTED_EDGE ( 'NONE', *, *, #415, .T. ) ;
#1198 = ORIENTED_EDGE ( 'NONE', *, *, #1672, .T. ) ;
#1199 = FACE_OUTER_BOUND ( 'NONE', #1901, .T. ) ;
#1200 = DIRECTION ( 'NONE',  ( -1.000000000000000000, -0.0000000000000000000, -0.0000000000000000000 ) ) ;
#1201 = PLANE ( 'NONE',  #2627 ) ;
#1202 = LINE ( 'NONE', #1427, #1285 ) ;
#1203 = DIRECTION ( 'NONE',  ( 1.000000000000000000, 0.0000000000000000000, 0.0000000000000000000 ) ) ;
#1204 = PERSON_AND_ORGANIZATION ( #242, #2074 ) ;
#1205 = CIRCLE ( 'NONE', #2265, 10.12399999999999878 ) ;
#1206 = DIRECTION ( 'NONE',  ( 0.0000000000000000000, 0.0000000000000000000, 1.000000000000000000 ) ) ;
#1207 = DIRECTION ( 'NONE',  ( -1.000000000000000000, -0.0000000000000000000, -0.0000000000000000000 ) ) ;
#1208 = AXIS2_PLACEMENT_3D ( 'NONE', #1479, #1225, #224 ) ;
#1209 = FACE_OUTER_BOUND ( 'NONE', #2333, .T. ) ;
#1210 = ORIENTED_EDGE ( 'NONE', *, *, #1035, .T. ) ;
#1211 = CARTESIAN_POINT ( 'NONE',  ( 16.00000000000000000, 6.123233995736766282E-16, -5.000000000000000000 ) ) ;
#1212 = DIRECTION ( 'NONE',  ( -1.000000000000000000, 0.0000000000000000000, 0.0000000000000000000 ) ) ;
#1213 = AXIS2_PLACEMENT_3D ( 'NONE', #572, #2383, #838 ) ;
#1214 = EDGE_CURVE ( 'NONE', #2736, #1962, #1364, .T. ) ;
#1215 = FACE_OUTER_BOUND ( 'NONE', #1930, .T. ) ;
#1216 = ORIENTED_EDGE ( 'NONE', *, *, #1726, .F. ) ;
#1217 = CARTESIAN_POINT ( 'NONE',  ( -10.00000000000000000, 0.0000000000000000000, 0.0000000000000000000 ) ) ;
#1218 = CARTESIAN_POINT ( 'NONE',  ( 16.00000000000000000, 2.993160008755877843, -10.87180726022451083 ) ) ;
#1219 = LINE ( 'NONE', #2294, #570 ) ;
#1220 = VERTEX_POINT ( 'NONE', #2990 ) ;
#1221 = AXIS2_PLACEMENT_3D ( 'NONE', #3070, #2523, #447 ) ;
#1222 = CARTESIAN_POINT ( 'NONE',  ( 16.00000000000000000, -6.500000000000000000, 0.0000000000000000000 ) ) ;
#1223 = CARTESIAN_POINT ( 'NONE',  ( 0.0000000000000000000, 4.583225543511165512, -9.027149030414129527 ) ) ;
#1224 = ORIENTED_EDGE ( 'NONE', *, *, #1695, .F. ) ;
#1225 = DIRECTION ( 'NONE',  ( -1.000000000000000000, 0.0000000000000000000, 0.0000000000000000000 ) ) ;
#1226 = ORIENTED_EDGE ( 'NONE', *, *, #2305, .F. ) ;
#1227 = ORIENTED_EDGE ( 'NONE', *, *, #2934, .T. ) ;
#1228 = ORIENTED_EDGE ( 'NONE', *, *, #2109, .T. ) ;
#1229 = DIRECTION ( 'NONE',  ( 0.0000000000000000000, 0.0000000000000000000, 1.000000000000000000 ) ) ;
#1230 = DIRECTION ( 'NONE',  ( 0.0000000000000000000, -0.7071067811865389130, -0.7071067811865560104 ) ) ;
#1231 = ORIENTED_EDGE ( 'NONE', *, *, #1747, .T. ) ;
#1232 = CARTESIAN_POINT ( 'NONE',  ( 16.00000000000000000, 0.0000000000000000000, -6.500000000000000000 ) ) ;
#1233 = DIRECTION ( 'NONE',  ( -1.000000000000000000, 0.0000000000000000000, 0.0000000000000000000 ) ) ;
#1234 = EDGE_LOOP ( 'NONE', ( #2458, #295, #2287, #2125 ) ) ;
#1235 = AXIS2_PLACEMENT_3D ( 'NONE', #2721, #1134, #625 ) ;
#1236 = EDGE_CURVE ( 'NONE', #1674, #1068, #2258, .T. ) ;
#1237 = CARTESIAN_POINT ( 'NONE',  ( -9.000000000000000000, 0.0000000000000000000, 0.0000000000000000000 ) ) ;
#1238 = DIRECTION ( 'NONE',  ( -1.000000000000000000, -0.0000000000000000000, -0.0000000000000000000 ) ) ;
#1239 = CARTESIAN_POINT ( 'NONE',  ( 16.00000000000000000, 0.0000000000000000000, 0.0000000000000000000 ) ) ;
#1240 = ORIENTED_EDGE ( 'NONE', *, *, #1769, .F. ) ;
#1241 = EDGE_CURVE ( 'NONE', #422, #70, #2420, .T. ) ;
#1242 = DIRECTION ( 'NONE',  ( 1.000000000000000000, 0.0000000000000000000, 0.0000000000000000000 ) ) ;
#1243 = PRODUCT_RELATED_PRODUCT_CATEGORY ( 'detail', '', ( #2793 ) ) ;
#1244 = DIRECTION ( 'NONE',  ( 0.0000000000000000000, 0.0000000000000000000, 1.000000000000000000 ) ) ;
#1245 = CARTESIAN_POINT ( 'NONE',  ( 8.000000000000000000, -13.16732435701143444, -2.978517966582255649 ) ) ;
#1246 = CYLINDRICAL_SURFACE ( 'NONE', #2426, 4.799999999999997158 ) ;
#1247 = DIRECTION ( 'NONE',  ( 0.0000000000000000000, 0.0000000000000000000, 1.000000000000000000 ) ) ;
#1248 = CIRCLE ( 'NONE', #1174, 4.799999999999997158 ) ;
#1249 = VECTOR ( 'NONE', #1540, 1000.000000000000000 ) ;
#1250 = VECTOR ( 'NONE', #2419, 1000.000000000000000 ) ;
#1251 = CIRCLE ( 'NONE', #2004, 13.49999999999999289 ) ;
#1252 = VERTEX_POINT ( 'NONE', #969 ) ;
#1253 = CARTESIAN_POINT ( 'NONE',  ( 16.00000000000000000, 0.0000000000000000000, 0.0000000000000000000 ) ) ;
#1254 = AXIS2_PLACEMENT_3D ( 'NONE', #2316, #729, #994 ) ;
#1255 = EDGE_CURVE ( 'NONE', #1967, #333, #845, .T. ) ;
#1256 = FACE_OUTER_BOUND ( 'NONE', #2364, .T. ) ;
#1257 = ORIENTED_EDGE ( 'NONE', *, *, #2671, .F. ) ;
#1258 = CARTESIAN_POINT ( 'NONE',  ( 0.0000000000000000000, 0.0000000000000000000, 0.0000000000000000000 ) ) ;
#1259 = PERSON_AND_ORGANIZATION_ROLE ( 'classification_officer' ) ;
#1260 = EDGE_CURVE ( 'NONE', #156, #2448, #2463, .T. ) ;
#1261 = VECTOR ( 'NONE', #2914, 1000.000000000000000 ) ;
#1262 = ORIENTED_EDGE ( 'NONE', *, *, #3138, .F. ) ;
#1263 = ORIENTED_EDGE ( 'NONE', *, *, #2547, .F. ) ;
#1264 = DIRECTION ( 'NONE',  ( 0.0000000000000000000, 0.9238795325112850731, 0.3826834323650938341 ) ) ;
#1265 = CARTESIAN_POINT ( 'NONE',  ( 16.00000000000000000, 11.41683459498179687, 7.204574090869402703 ) ) ;
#1266 = ORIENTED_EDGE ( 'NONE', *, *, #2713, .T. ) ;
#1267 = ORIENTED_EDGE ( 'NONE', *, *, #275, .F. ) ;
#1268 = DIRECTION ( 'NONE',  ( 0.0000000000000000000, -0.7071067811865535679, 0.7071067811865414665 ) ) ;
#1269 = CARTESIAN_POINT ( 'NONE',  ( 16.00000000000000000, 11.18967295489764346, -1.395141248733685835 ) ) ;
#1270 = ORIENTED_EDGE ( 'NONE', *, *, #415, .F. ) ;
#1271 = ORIENTED_EDGE ( 'NONE', *, *, #1915, .F. ) ;
#1272 = DIRECTION ( 'NONE',  ( 1.000000000000000000, -0.0000000000000000000, -0.0000000000000000000 ) ) ;
#1273 = AXIS2_PLACEMENT_3D ( 'NONE', #423, #2750, #1189 ) ;
#1274 = ORIENTED_EDGE ( 'NONE', *, *, #2176, .F. ) ;
#1275 = DIRECTION ( 'NONE',  ( 0.0000000000000000000, 0.0000000000000000000, 1.000000000000000000 ) ) ;
#1276 = DIRECTION ( 'NONE',  ( -1.000000000000000000, 0.0000000000000000000, 0.0000000000000000000 ) ) ;
#1277 = ORIENTED_EDGE ( 'NONE', *, *, #2591, .F. ) ;
#1278 = AXIS2_PLACEMENT_3D ( 'NONE', #793, #1787, #1574 ) ;
#1279 = EDGE_CURVE ( 'NONE', #2436, #554, #2139, .T. ) ;
#1280 = DIRECTION ( 'NONE',  ( 0.0000000000000000000, 0.0000000000000000000, 1.000000000000000000 ) ) ;
#1281 = CARTESIAN_POINT ( 'NONE',  ( 0.0000000000000000000, 0.0000000000000000000, 0.0000000000000000000 ) ) ;
#1282 = CIRCLE ( 'NONE', #2560, 10.12399999999999878 ) ;
#1283 = AXIS2_PLACEMENT_3D ( 'NONE', #1926, #352, #3184 ) ;
#1284 = DIRECTION ( 'NONE',  ( 0.0000000000000000000, 0.0000000000000000000, 1.000000000000000000 ) ) ;
#1285 = VECTOR ( 'NONE', #2748, 1000.000000000000000 ) ;
#1286 = CARTESIAN_POINT ( 'NONE',  ( 8.000000000000000000, 2.978517966582295173, -13.16732435701142556 ) ) ;
#1287 = CARTESIAN_POINT ( 'NONE',  ( 0.0000000000000000000, -6.925779787975099744, -8.898807463360551395 ) ) ;
#1288 = LINE ( 'NONE', #3192, #1414 ) ;
#1289 = LINE ( 'NONE', #1946, #2033 ) ;
#1290 = DIRECTION ( 'NONE',  ( 0.0000000000000000000, -6.866613759074864045E-15, 1.000000000000000000 ) ) ;
#1291 = DIRECTION ( 'NONE',  ( -1.000000000000000000, 0.0000000000000000000, 0.0000000000000000000 ) ) ;
#1292 = CARTESIAN_POINT ( 'NONE',  ( -3.999999999999999112, 0.0000000000000000000, -6.500000000000000000 ) ) ;
#1293 = CIRCLE ( 'NONE', #1649, 2.049999999999998934 ) ;
#1294 = ORIENTED_EDGE ( 'NONE', *, *, #1363, .T. ) ;
#1295 = PERSON_AND_ORGANIZATION ( #242, #2074 ) ;
#1296 = CARTESIAN_POINT ( 'NONE',  ( -3.999999999999999112, 2.510525938252073200E-16, -8.549999999999998934 ) ) ;
#1297 = FACE_OUTER_BOUND ( 'NONE', #2821, .T. ) ;
#1298 = ORIENTED_EDGE ( 'NONE', *, *, #2388, .T. ) ;
#1299 = DIRECTION ( 'NONE',  ( 0.0000000000000000000, 0.0000000000000000000, 1.000000000000000000 ) ) ;
#1300 = AXIS2_PLACEMENT_3D ( 'NONE', #2526, #2292, #1495 ) ;
#1301 = EDGE_CURVE ( 'NONE', #1838, #2235, #436, .T. ) ;
#1302 = CIRCLE ( 'NONE', #2831, 2.049999999999998934 ) ;
#1303 = ORIENTED_EDGE ( 'NONE', *, *, #565, .F. ) ;
#1304 = CARTESIAN_POINT ( 'NONE',  ( -3.999999999999999112, 6.500000000000000000, 0.0000000000000000000 ) ) ;
#1305 = EDGE_LOOP ( 'NONE', ( #609, #642, #3068, #288 ) ) ;
#1306 = EDGE_CURVE ( 'NONE', #2017, #1337, #1778, .T. ) ;
#1307 = AXIS2_PLACEMENT_3D ( 'NONE', #1217, #3074, #3063 ) ;
#1308 = ORIENTED_EDGE ( 'NONE', *, *, #2352, .T. ) ;
#1309 = ORIENTED_EDGE ( 'NONE', *, *, #3173, .T. ) ;
#1310 = ORIENTED_EDGE ( 'NONE', *, *, #2789, .T. ) ;
#1311 = DIRECTION ( 'NONE',  ( 0.0000000000000000000, 0.0000000000000000000, 1.000000000000000000 ) ) ;
#1312 = DIRECTION ( 'NONE',  ( -1.000000000000000000, -0.0000000000000000000, -0.0000000000000000000 ) ) ;
#1313 = ORIENTED_EDGE ( 'NONE', *, *, #461, .T. ) ;
#1314 = ADVANCED_FACE ( 'NONE', ( #965 ), #3033, .T. ) ;
#1315 = CARTESIAN_POINT ( 'NONE',  ( -3.999999999999999112, 1.775737858763661177E-16, 5.050000000000000711 ) ) ;
#1316 = DIRECTION ( 'NONE',  ( 0.0000000000000000000, 0.0000000000000000000, -1.000000000000000000 ) ) ;
#1317 = ORIENTED_EDGE ( 'NONE', *, *, #522, .T. ) ;
#1318 = CARTESIAN_POINT ( 'NONE',  ( 8.000000000000000000, 7.204574090869362735, 11.41683459498182351 ) ) ;
#1319 = AXIS2_PLACEMENT_3D ( 'NONE', #2904, #1346, #2630 ) ;
#1320 = EDGE_CURVE ( 'NONE', #779, #1423, #1737, .T. ) ;
#1321 = VERTEX_POINT ( 'NONE', #491 ) ;
#1322 = APPROVAL ( #2488, 'UNSPECIFIED' ) ;
#1323 = EDGE_CURVE ( 'NONE', #1459, #2650, #3361, .T. ) ;
#1324 = CARTESIAN_POINT ( 'NONE',  ( 16.00000000000000000, 0.7798078971026689565, 10.09392270842294081 ) ) ;
#1325 = CIRCLE ( 'NONE', #2950, 1.524999999999999911 ) ;
#1326 = ADVANCED_FACE ( 'NONE', ( #681, #63 ), #2297, .T. ) ;
#1327 = AXIS2_PLACEMENT_3D ( 'NONE', #1269, #3096, #1798 ) ;
#1328 = DIRECTION ( 'NONE',  ( 0.0000000000000000000, 0.0000000000000000000, -1.000000000000000000 ) ) ;
#1329 = CYLINDRICAL_SURFACE ( 'NONE', #238, 4.799999999999997158 ) ;
#1330 = ADVANCED_FACE ( 'NONE', ( #883 ), #1081, .T. ) ;
#1331 = FACE_OUTER_BOUND ( 'NONE', #3139, .T. ) ;
#1332 = LINE ( 'NONE', #3249, #1168 ) ;
#1333 = EDGE_LOOP ( 'NONE', ( #1806, #1587, #2498, #373 ) ) ;
#1334 = DIRECTION ( 'NONE',  ( -1.000000000000000000, 0.0000000000000000000, 0.0000000000000000000 ) ) ;
#1335 = CARTESIAN_POINT ( 'NONE',  ( 1.000000000000000888, 0.0000000000000000000, 6.500000000000000000 ) ) ;
#1336 = CIRCLE ( 'NONE', #1781, 4.799999999999998046 ) ;
#1337 = VERTEX_POINT ( 'NONE', #446 ) ;
#1338 = AXIS2_PLACEMENT_3D ( 'NONE', #2978, #2147, #860 ) ;
#1339 = EDGE_CURVE ( 'NONE', #469, #1064, #2588, .T. ) ;
#1340 = DIRECTION ( 'NONE',  ( -1.000000000000000000, -0.0000000000000000000, -0.0000000000000000000 ) ) ;
#1341 = LINE ( 'NONE', #599, #206 ) ;
#1342 = EDGE_LOOP ( 'NONE', ( #2003, #2733, #1920, #3356 ) ) ;
#1343 = AXIS2_PLACEMENT_3D ( 'NONE', #1817, #2084, #3127 ) ;
#1344 = EDGE_CURVE ( 'NONE', #2119, #1962, #183, .T. ) ;
#1345 = VERTEX_POINT ( 'NONE', #12 ) ;
#1346 = DIRECTION ( 'NONE',  ( -1.000000000000000000, 0.0000000000000000000, 0.0000000000000000000 ) ) ;
#1347 = ORIENTED_EDGE ( 'NONE', *, *, #3330, .T. ) ;
#1348 = CARTESIAN_POINT ( 'NONE',  ( 16.00000000000000000, -11.41683459498184838, 7.204574090869322767 ) ) ;
#1349 = ORIENTED_EDGE ( 'NONE', *, *, #1214, .F. ) ;
#1350 = AXIS2_PLACEMENT_3D ( 'NONE', #2695, #76, #1386 ) ;
#1351 = EDGE_LOOP ( 'NONE', ( #1231, #2325, #1298, #2203 ) ) ;
#1352 = CARTESIAN_POINT ( 'NONE',  ( 16.00000000000000000, -1.395141248733724471, 11.18967295489763636 ) ) ;
#1353 = CARTESIAN_POINT ( 'NONE',  ( 16.00000000000000000, -10.87180726022456234, 2.993160008755688661 ) ) ;
#1354 = VERTEX_POINT ( 'NONE', #547 ) ;
#1355 = CARTESIAN_POINT ( 'NONE',  ( 16.00000000000000000, -7.204574090869440894, 11.41683459498177200 ) ) ;
#1356 = ORIENTED_EDGE ( 'NONE', *, *, #616, .T. ) ;
#1357 = CARTESIAN_POINT ( 'NONE',  ( 16.00000000000000000, 8.898807463360480341, 6.925779787975193891 ) ) ;
#1358 = ORIENTED_EDGE ( 'NONE', *, *, #128, .T. ) ;
#1359 = ADVANCED_FACE ( 'NONE', ( #1575 ), #3077, .F. ) ;
#1360 = DIRECTION ( 'NONE',  ( 0.0000000000000000000, 0.0000000000000000000, 1.000000000000000000 ) ) ;
#1361 = DIRECTION ( 'NONE',  ( 0.0000000000000000000, 0.0000000000000000000, 1.000000000000000000 ) ) ;
#1362 = AXIS2_PLACEMENT_3D ( 'NONE', #790, #23, #1796 ) ;
#1363 = EDGE_CURVE ( 'NONE', #1392, #450, #1699, .T. ) ;
#1364 = CIRCLE ( 'NONE', #1803, 10.12399999999999878 ) ;
#1365 = CIRCLE ( 'NONE', #518, 1.449999999999999734 ) ;
#1366 = EDGE_CURVE ( 'NONE', #1846, #1965, #1981, .T. ) ;
#1367 = DIRECTION ( 'NONE',  ( 0.0000000000000000000, 0.0000000000000000000, 1.000000000000000000 ) ) ;
#1368 = DIRECTION ( 'NONE',  ( -1.000000000000000000, 0.0000000000000000000, 0.0000000000000000000 ) ) ;
#1369 = FACE_OUTER_BOUND ( 'NONE', #1305, .T. ) ;
#1370 = CYLINDRICAL_SURFACE ( 'NONE', #528, 13.49999999999999467 ) ;
#1371 = DIRECTION ( 'NONE',  ( 0.0000000000000000000, 0.3826834323650905589, -0.9238795325112862944 ) ) ;
#1372 = LINE ( 'NONE', #474, #690 ) ;
#1373 = EDGE_LOOP ( 'NONE', ( #3062, #2162, #377, #2574 ) ) ;
#1374 = PERSON_AND_ORGANIZATION ( #242, #2074 ) ;
#1375 = VECTOR ( 'NONE', #1928, 1000.000000000000000 ) ;
#1376 = VERTEX_POINT ( 'NONE', #2094 ) ;
#1377 = DIRECTION ( 'NONE',  ( 1.000000000000000000, 0.0000000000000000000, 0.0000000000000000000 ) ) ;
#1378 = ADVANCED_FACE ( 'NONE', ( #2380 ), #2306, .T. ) ;
#1379 = DIRECTION ( 'NONE',  ( -1.000000000000000000, 0.0000000000000000000, -0.0000000000000000000 ) ) ;
#1380 = LINE ( 'NONE', #2423, #493 ) ;
#1381 = VERTEX_POINT ( 'NONE', #3354 ) ;
#1382 = CARTESIAN_POINT ( 'NONE',  ( -3.999999999999999112, -6.500000000000000000, 0.0000000000000000000 ) ) ;
#1383 = AXIS2_PLACEMENT_3D ( 'NONE', #1785, #3302, #2052 ) ;
#1384 = ORIENTED_EDGE ( 'NONE', *, *, #1608, .F. ) ;
#1385 = DIRECTION ( 'NONE',  ( 0.0000000000000000000, 0.0000000000000000000, 1.000000000000000000 ) ) ;
#1386 = DIRECTION ( 'NONE',  ( 0.0000000000000000000, 0.0000000000000000000, 1.000000000000000000 ) ) ;
#1387 = ORIENTED_EDGE ( 'NONE', *, *, #675, .F. ) ;
#1388 = CC_DESIGN_PERSON_AND_ORGANIZATION_ASSIGNMENT ( #1295, #1179, ( #617 ) ) ;
#1389 = EDGE_CURVE ( 'NONE', #910, #1193, #2874, .T. ) ;
#1390 = CARTESIAN_POINT ( 'NONE',  ( 16.00000000000000000, 0.0000000000000000000, 6.500000000000000000 ) ) ;
#1391 = ORIENTED_EDGE ( 'NONE', *, *, #40, .F. ) ;
#1392 = VERTEX_POINT ( 'NONE', #268 ) ;
#1393 = CARTESIAN_POINT ( 'NONE',  ( 16.00000000000000000, 6.500000000000000000, 0.0000000000000000000 ) ) ;
#1394 = ORIENTED_EDGE ( 'NONE', *, *, #1701, .F. ) ;
#1395 = AXIS2_PLACEMENT_3D ( 'NONE', #471, #3319, #1247 ) ;
#1396 = DIRECTION ( 'NONE',  ( 1.000000000000000000, 0.0000000000000000000, 0.0000000000000000000 ) ) ;
#1397 = ADVANCED_FACE ( 'NONE', ( #1158 ), #2846, .F. ) ;
#1398 = DIRECTION ( 'NONE',  ( -1.000000000000000000, 0.0000000000000000000, 0.0000000000000000000 ) ) ;
#1399 = CARTESIAN_POINT ( 'NONE',  ( 16.00000000000000000, 0.0000000000000000000, 5.000000000000000000 ) ) ;
#1400 = ORIENTED_EDGE ( 'NONE', *, *, #915, .F. ) ;
#1401 = DIRECTION ( 'NONE',  ( -1.000000000000000000, 0.0000000000000000000, 0.0000000000000000000 ) ) ;
#1402 = ORIENTED_EDGE ( 'NONE', *, *, #958, .F. ) ;
#1403 = CARTESIAN_POINT ( 'NONE',  ( 8.000000000000000000, 13.16732435701145398, 2.978517966582163723 ) ) ;
#1404 = VERTEX_POINT ( 'NONE', #1315 ) ;
#1405 = DIRECTION ( 'NONE',  ( -1.000000000000000000, -0.0000000000000000000, -0.0000000000000000000 ) ) ;
#1406 = CARTESIAN_POINT ( 'NONE',  ( 16.00000000000000000, -11.18967295489763103, 3.404858751266234940 ) ) ;
#1407 = FACE_OUTER_BOUND ( 'NONE', #1883, .T. ) ;
#1408 = CARTESIAN_POINT ( 'NONE',  ( -3.999999999999999112, 2.510525938252073693E-16, 4.450000000000001066 ) ) ;
#1409 = AXIS2_PLACEMENT_3D ( 'NONE', #898, #1401, #3208 ) ;
#1410 = EDGE_CURVE ( 'NONE', #2650, #1006, #2663, .T. ) ;
#1411 = CYLINDRICAL_SURFACE ( 'NONE', #1012, 4.799999999999997158 ) ;
#1412 = ADVANCED_FACE ( 'NONE', ( #3279 ), #2349, .T. ) ;
#1413 = EDGE_CURVE ( 'NONE', #2168, #2119, #646, .T. ) ;
#1414 = VECTOR ( 'NONE', #907, 1000.000000000000000 ) ;
#1415 = CYLINDRICAL_SURFACE ( 'NONE', #2161, 5.000000000000000000 ) ;
#1416 = DIRECTION ( 'NONE',  ( -1.000000000000000000, -0.0000000000000000000, -0.0000000000000000000 ) ) ;
#1417 = VECTOR ( 'NONE', #3035, 1000.000000000000000 ) ;
#1418 = ORIENTED_EDGE ( 'NONE', *, *, #1306, .T. ) ;
#1419 = CARTESIAN_POINT ( 'NONE',  ( 16.00000000000000000, 0.0000000000000000000, -5.049999999999999822 ) ) ;
#1420 = CARTESIAN_POINT ( 'NONE',  ( 8.000000000000000000, 7.204574090869518166, -11.41683459498172759 ) ) ;
#1421 = CARTESIAN_POINT ( 'NONE',  ( 0.0000000000000000000, -1.395141248733573480, -11.18967295489765590 ) ) ;
#1422 = CIRCLE ( 'NONE', #2933, 10.12400000000000055 ) ;
#1423 = VERTEX_POINT ( 'NONE', #1581 ) ;
#1424 = CARTESIAN_POINT ( 'NONE',  ( 0.0000000000000000000, 1.395141248733646533, 11.18967295489764879 ) ) ;
#1425 = LINE ( 'NONE', #323, #2926 ) ;
#1426 = ORIENTED_EDGE ( 'NONE', *, *, #3223, .F. ) ;
#1427 = CARTESIAN_POINT ( 'NONE',  ( -3.999999999999999112, -6.500000000000000000, 2.049999999999999822 ) ) ;
#1428 = ORIENTED_EDGE ( 'NONE', *, *, #2261, .F. ) ;
#1429 = AXIS2_PLACEMENT_3D ( 'NONE', #1631, #332, #2337 ) ;
#1430 = EDGE_CURVE ( 'NONE', #913, #2168, #682, .T. ) ;
#1431 = ORIENTED_EDGE ( 'NONE', *, *, #407, .F. ) ;
#1432 = DIRECTION ( 'NONE',  ( -1.000000000000000000, 0.0000000000000000000, -0.0000000000000000000 ) ) ;
#1433 = ADVANCED_FACE ( 'NONE', ( #1055 ), #1465, .F. ) ;
#1434 = DIRECTION ( 'NONE',  ( 1.000000000000000000, 0.0000000000000000000, 0.0000000000000000000 ) ) ;
#1435 = ORIENTED_EDGE ( 'NONE', *, *, #281, .F. ) ;
#1436 = CARTESIAN_POINT ( 'NONE',  ( 16.00000000000000000, 6.500000000000000000, 1.449999999999999734 ) ) ;
#1437 = ORIENTED_EDGE ( 'NONE', *, *, #2434, .T. ) ;
#1438 = EDGE_CURVE ( 'NONE', #638, #833, #1425, .T. ) ;
#1439 = ORIENTED_EDGE ( 'NONE', *, *, #3045, .T. ) ;
#1440 = CARTESIAN_POINT ( 'NONE',  ( 0.0000000000000000000, -7.790708666548038508, 11.02519199256743399 ) ) ;
#1441 = VERTEX_POINT ( 'NONE', #2133 ) ;
#1442 = CARTESIAN_POINT ( 'NONE',  ( 16.00000000000000000, 0.0000000000000000000, 0.0000000000000000000 ) ) ;
#1443 = APPROVAL_ROLE ( '' ) ;
#1444 = DIRECTION ( 'NONE',  ( 1.000000000000000000, -0.0000000000000000000, -0.0000000000000000000 ) ) ;
#1445 = ORIENTED_EDGE ( 'NONE', *, *, #1457, .T. ) ;
#1446 = CARTESIAN_POINT ( 'NONE',  ( 26.00000000000000355, 0.0000000000000000000, 5.000000000000000000 ) ) ;
#1447 = ADVANCED_FACE ( 'NONE', ( #989 ), #2397, .T. ) ;
#1448 = CIRCLE ( 'NONE', #2381, 10.12399999999999878 ) ;
#1449 = DIRECTION ( 'NONE',  ( 0.0000000000000000000, 0.3826834323650907810, -0.9238795325112864054 ) ) ;
#1450 = AXIS2_PLACEMENT_3D ( 'NONE', #3225, #326, #1367 ) ;
#1451 = LINE ( 'NONE', #201, #2878 ) ;
#1452 = DIRECTION ( 'NONE',  ( 0.0000000000000000000, 0.0000000000000000000, -1.000000000000000000 ) ) ;
#1453 = CARTESIAN_POINT ( 'NONE',  ( 16.00000000000000000, 10.09392270842293726, -0.7798078971027041506 ) ) ;
#1454 = CYLINDRICAL_SURFACE ( 'NONE', #1746, 1.524999999999999911 ) ;
#1455 = FACE_OUTER_BOUND ( 'NONE', #1531, .T. ) ;
#1456 = AXIS2_PLACEMENT_3D ( 'NONE', #1604, #1612, #3157 ) ;
#1457 = EDGE_CURVE ( 'NONE', #327, #2614, #2482, .T. ) ;
#1458 = CIRCLE ( 'NONE', #656, 13.49999999999999289 ) ;
#1459 = VERTEX_POINT ( 'NONE', #3166 ) ;
#1460 = AXIS2_PLACEMENT_3D ( 'NONE', #1877, #2396, #1371 ) ;
#1461 = DIRECTION ( 'NONE',  ( 0.0000000000000000000, 0.0000000000000000000, 1.000000000000000000 ) ) ;
#1462 = FACE_OUTER_BOUND ( 'NONE', #1792, .T. ) ;
#1463 = ORIENTED_EDGE ( 'NONE', *, *, #958, .T. ) ;
#1464 = DIRECTION ( 'NONE',  ( -1.000000000000000000, -0.0000000000000000000, -0.0000000000000000000 ) ) ;
#1465 = CYLINDRICAL_SURFACE ( 'NONE', #3172, 1.449999999999999956 ) ;
#1466 = EDGE_LOOP ( 'NONE', ( #2833, #1557, #1437, #168 ) ) ;
#1467 = DIRECTION ( 'NONE',  ( -1.000000000000000000, 0.0000000000000000000, -0.0000000000000000000 ) ) ;
#1468 = CARTESIAN_POINT ( 'NONE',  ( 16.00000000000000000, -11.18967295489763103, -1.395141248733763106 ) ) ;
#1469 = DIRECTION ( 'NONE',  ( 0.0000000000000000000, 0.0000000000000000000, 1.000000000000000000 ) ) ;
#1470 = ORIENTED_EDGE ( 'NONE', *, *, #318, .T. ) ;
#1471 = DIRECTION ( 'NONE',  ( -1.000000000000000000, -0.0000000000000000000, -0.0000000000000000000 ) ) ;
#1472 = ORIENTED_EDGE ( 'NONE', *, *, #2, .T. ) ;
#1473 = CARTESIAN_POINT ( 'NONE',  ( 16.00000000000000000, -7.688888647962918377, 6.586073743834556460 ) ) ;
#1474 = CARTESIAN_POINT ( 'NONE',  ( 0.0000000000000000000, 7.790708666548114003, -11.02519199256738069 ) ) ;
#1475 = VERTEX_POINT ( 'NONE', #2372 ) ;
#1476 = EDGE_LOOP ( 'NONE', ( #2815, #2638 ) ) ;
#1477 = AXIS2_PLACEMENT_3D ( 'NONE', #2642, #539, #2160 ) ;
#1478 = EDGE_CURVE ( 'NONE', #1678, #249, #2118, .T. ) ;
#1479 = CARTESIAN_POINT ( 'NONE',  ( 16.00000000000000000, 0.0000000000000000000, 0.0000000000000000000 ) ) ;
#1480 = CARTESIAN_POINT ( 'NONE',  ( -9.000000000000000000, -6.500000000000000000, 2.049999999999999822 ) ) ;
#1481 = ORIENTED_EDGE ( 'NONE', *, *, #1162, .F. ) ;
#1482 = DIRECTION ( 'NONE',  ( 1.000000000000000000, -0.0000000000000000000, 0.0000000000000000000 ) ) ;
#1483 = VERTEX_POINT ( 'NONE', #2925 ) ;
#1484 = EDGE_CURVE ( 'NONE', #1381, #2450, #1957, .T. ) ;
#1485 = DIRECTION ( 'NONE',  ( -1.000000000000000000, -0.0000000000000000000, -0.0000000000000000000 ) ) ;
#1486 = AXIS2_PLACEMENT_3D ( 'NONE', #871, #1155, #890 ) ;
#1487 = PLANE ( 'NONE',  #77 ) ;
#1488 = CARTESIAN_POINT ( 'NONE',  ( -9.000000000000000000, 0.0000000000000000000, 6.500000000000000000 ) ) ;
#1489 = ORIENTED_EDGE ( 'NONE', *, *, #2763, .F. ) ;
#1490 = DIRECTION ( 'NONE',  ( -1.000000000000000000, -0.0000000000000000000, 0.0000000000000000000 ) ) ;
#1491 = ORIENTED_EDGE ( 'NONE', *, *, #2956, .T. ) ;
#1492 = CARTESIAN_POINT ( 'NONE',  ( 0.0000000000000000000, -7.688888647962826894, -6.586073743834663929 ) ) ;
#1493 = DIRECTION ( 'NONE',  ( 0.0000000000000000000, 0.0000000000000000000, 1.000000000000000000 ) ) ;
#1494 = FACE_OUTER_BOUND ( 'NONE', #827, .T. ) ;
#1495 = DIRECTION ( 'NONE',  ( 0.0000000000000000000, 0.0000000000000000000, 1.000000000000000000 ) ) ;
#1496 = FACE_OUTER_BOUND ( 'NONE', #1039, .T. ) ;
#1497 = DIRECTION ( 'NONE',  ( 0.0000000000000000000, 0.0000000000000000000, 1.000000000000000000 ) ) ;
#1498 = DIRECTION ( 'NONE',  ( -1.000000000000000000, -0.0000000000000000000, -0.0000000000000000000 ) ) ;
#1499 = AXIS2_PLACEMENT_3D ( 'NONE', #1237, #204, #3057 ) ;
#1500 = EDGE_CURVE ( 'NONE', #1979, #476, #824, .T. ) ;
#1501 = CYLINDRICAL_SURFACE ( 'NONE', #2014, 4.799999999999998046 ) ;
#1502 = FACE_OUTER_BOUND ( 'NONE', #2243, .T. ) ;
#1503 = CALENDAR_DATE ( 2019, 12, 12 ) ;
#1504 = CARTESIAN_POINT ( 'NONE',  ( 16.00000000000000000, -1.395141248733573480, -11.18967295489765590 ) ) ;
#1505 = SECURITY_CLASSIFICATION ( '', '', #677 ) ;
#1506 = EDGE_CURVE ( 'NONE', #1962, #223, #2042, .T. ) ;
#1507 = CIRCLE ( 'NONE', #764, 10.12399999999999878 ) ;
#1508 = ORIENTED_EDGE ( 'NONE', *, *, #2115, .F. ) ;
#1509 = CARTESIAN_POINT ( 'NONE',  ( 0.0000000000000000000, 2.993160008755727741, 10.87180726022455524 ) ) ;
#1510 = CIRCLE ( 'NONE', #1254, 2.049999999999999822 ) ;
#1511 = ORIENTED_EDGE ( 'NONE', *, *, #2609, .F. ) ;
#1512 = EDGE_CURVE ( 'NONE', #2283, #1927, #1341, .T. ) ;
#1513 = CARTESIAN_POINT ( 'NONE',  ( 16.00000000000000000, 8.898807463360574488, -6.925779787975073987 ) ) ;
#1514 = LINE ( 'NONE', #164, #698 ) ;
#1515 = VERTEX_POINT ( 'NONE', #1602 ) ;
#1516 = ORIENTED_EDGE ( 'NONE', *, *, #2713, .F. ) ;
#1517 = CARTESIAN_POINT ( 'NONE',  ( 16.00000000000000000, 0.0000000000000000000, 0.0000000000000000000 ) ) ;
#1518 = CARTESIAN_POINT ( 'NONE',  ( 0.0000000000000000000, -8.898807463360428827, -6.925779787975259616 ) ) ;
#1519 = ORIENTED_EDGE ( 'NONE', *, *, #1891, .F. ) ;
#1520 = VERTEX_POINT ( 'NONE', #1355 ) ;
#1521 = CARTESIAN_POINT ( 'NONE',  ( 0.0000000000000000000, 7.204574090869361847, 11.41683459498182351 ) ) ;
#1522 = AXIS2_PLACEMENT_3D ( 'NONE', #2427, #1396, #2930 ) ;
#1523 = EDGE_CURVE ( 'NONE', #2938, #1716, #2322, .T. ) ;
#1524 = ORIENTED_EDGE ( 'NONE', *, *, #302, .F. ) ;
#1525 = DIRECTION ( 'NONE',  ( -1.000000000000000000, -0.0000000000000000000, 0.0000000000000000000 ) ) ;
#1526 = DIRECTION ( 'NONE',  ( -1.000000000000000000, 0.0000000000000000000, 0.0000000000000000000 ) ) ;
#1527 = VERTEX_POINT ( 'NONE', #3189 ) ;
#1528 = AXIS2_PLACEMENT_3D ( 'NONE', #1596, #296, #844 ) ;
#1529 = EDGE_CURVE ( 'NONE', #823, #905, #573, .T. ) ;
#1530 = DIRECTION ( 'NONE',  ( -1.000000000000000000, 0.0000000000000000000, 0.0000000000000000000 ) ) ;
#1531 = EDGE_LOOP ( 'NONE', ( #2687, #24, #1270, #699 ) ) ;
#1532 = AXIS2_PLACEMENT_3D ( 'NONE', #2095, #538, #803 ) ;
#1533 = CARTESIAN_POINT ( 'NONE',  ( 16.00000000000000000, -10.87180726022456234, 2.993160008755688661 ) ) ;
#1534 = DIRECTION ( 'NONE',  ( 0.0000000000000000000, 0.0000000000000000000, 1.000000000000000000 ) ) ;
#1535 = CARTESIAN_POINT ( 'NONE',  ( 0.0000000000000000000, -11.41683459498174891, -7.204574090869479974 ) ) ;
#1536 = VECTOR ( 'NONE', #1432, 1000.000000000000000 ) ;
#1537 = DIRECTION ( 'NONE',  ( -1.000000000000000000, -0.0000000000000000000, -0.0000000000000000000 ) ) ;
#1538 = DIRECTION ( 'NONE',  ( -1.000000000000000000, -0.0000000000000000000, 0.0000000000000000000 ) ) ;
#1539 = CYLINDRICAL_SURFACE ( 'NONE', #2975, 1.449999999999999956 ) ;
#1540 = DIRECTION ( 'NONE',  ( -1.000000000000000000, -0.0000000000000000000, 0.0000000000000000000 ) ) ;
#1541 = CIRCLE ( 'NONE', #1127, 4.799999999999998934 ) ;
#1542 = LINE ( 'NONE', #1743, #278 ) ;
#1543 = CARTESIAN_POINT ( 'NONE',  ( 16.00000000000000000, 0.0000000000000000000, 0.0000000000000000000 ) ) ;
#1544 = CIRCLE ( 'NONE', #1169, 10.12399999999999878 ) ;
#1545 = ORIENTED_EDGE ( 'NONE', *, *, #2609, .T. ) ;
#1546 = CARTESIAN_POINT ( 'NONE',  ( 16.00000000000000000, 0.0000000000000000000, 0.0000000000000000000 ) ) ;
#1547 = EDGE_CURVE ( 'NONE', #1149, #450, #79, .T. ) ;
#1548 = CIRCLE ( 'NONE', #831, 4.799999999999997158 ) ;
#1549 = EDGE_LOOP ( 'NONE', ( #1840, #463, #2737, #2900 ) ) ;
#1550 = CARTESIAN_POINT ( 'NONE',  ( -9.000000000000000000, 1.163414459189985485E-15, 9.500000000000000000 ) ) ;
#1551 = DIRECTION ( 'NONE',  ( 0.0000000000000000000, 0.0000000000000000000, 1.000000000000000000 ) ) ;
#1552 = DIRECTION ( 'NONE',  ( -1.000000000000000000, 0.0000000000000000000, 0.0000000000000000000 ) ) ;
#1553 = EDGE_CURVE ( 'NONE', #3089, #1404, #2771, .T. ) ;
#1554 = VECTOR ( 'NONE', #1902, 1000.000000000000000 ) ;
#1555 = ORIENTED_EDGE ( 'NONE', *, *, #150, .T. ) ;
#1556 = CARTESIAN_POINT ( 'NONE',  ( -10.00000000000000000, 0.0000000000000000000, 0.0000000000000000000 ) ) ;
#1557 = ORIENTED_EDGE ( 'NONE', *, *, #1366, .T. ) ;
#1558 = CARTESIAN_POINT ( 'NONE',  ( 16.00000000000000000, -6.500000000000000000, 0.0000000000000000000 ) ) ;
#1559 = ORIENTED_EDGE ( 'NONE', *, *, #3283, .F. ) ;
#1560 = ORIENTED_EDGE ( 'NONE', *, *, #742, .F. ) ;
#1561 = DIRECTION ( 'NONE',  ( -1.000000000000000000, 0.0000000000000000000, 0.0000000000000000000 ) ) ;
#1562 = DIRECTION ( 'NONE',  ( -1.000000000000000000, -0.0000000000000000000, -0.0000000000000000000 ) ) ;
#1563 = ORIENTED_EDGE ( 'NONE', *, *, #852, .T. ) ;
#1564 = ORIENTED_EDGE ( 'NONE', *, *, #2998, .F. ) ;
#1565 = ORIENTED_EDGE ( 'NONE', *, *, #1956, .T. ) ;
#1566 = ORIENTED_EDGE ( 'NONE', *, *, #1808, .T. ) ;
#1567 = CARTESIAN_POINT ( 'NONE',  ( 16.00000000000000000, 2.978517966582295173, -13.16732435701142556 ) ) ;
#1568 = DIRECTION ( 'NONE',  ( -1.000000000000000000, -0.0000000000000000000, -0.0000000000000000000 ) ) ;
#1569 = AXIS2_PLACEMENT_3D ( 'NONE', #2195, #2418, #700 ) ;
#1570 = EDGE_CURVE ( 'NONE', #1879, #2935, #124, .T. ) ;
#1571 = CARTESIAN_POINT ( 'NONE',  ( 0.0000000000000000000, 0.0000000000000000000, 0.0000000000000000000 ) ) ;
#1572 = ORIENTED_EDGE ( 'NONE', *, *, #962, .F. ) ;
#1573 = DIRECTION ( 'NONE',  ( -1.000000000000000000, 0.0000000000000000000, 0.0000000000000000000 ) ) ;
#1574 = DIRECTION ( 'NONE',  ( 0.0000000000000000000, 0.0000000000000000000, 1.000000000000000000 ) ) ;
#1575 = FACE_OUTER_BOUND ( 'NONE', #2353, .T. ) ;
#1576 = ADVANCED_FACE ( 'NONE', ( #2282 ), #1870, .T. ) ;
#1577 = EDGE_CURVE ( 'NONE', #1006, #840, #1029, .T. ) ;
#1578 = FACE_OUTER_BOUND ( 'NONE', #1721, .T. ) ;
#1579 = COORDINATED_UNIVERSAL_TIME_OFFSET ( 0, 0, .AHEAD. ) ;
#1580 = CIRCLE ( 'NONE', #1151, 13.49999999999999467 ) ;
#1581 = CARTESIAN_POINT ( 'NONE',  ( -9.000000000000000000, 1.867586368699713573E-16, 1.524999999999999911 ) ) ;
#1582 = DIRECTION ( 'NONE',  ( -1.000000000000000000, 0.0000000000000000000, -0.0000000000000000000 ) ) ;
#1583 = CARTESIAN_POINT ( 'NONE',  ( 1.000000000000000888, 0.0000000000000000000, -5.049999999999999822 ) ) ;
#1584 = CYLINDRICAL_SURFACE ( 'NONE', #3051, 10.12399999999999878 ) ;
#1585 = VECTOR ( 'NONE', #1444, 1000.000000000000000 ) ;
#1586 = CIRCLE ( 'NONE', #3329, 4.799999999999998046 ) ;
#1587 = ORIENTED_EDGE ( 'NONE', *, *, #1753, .F. ) ;
#1588 = AXIS2_PLACEMENT_3D ( 'NONE', #1390, #2686, #355 ) ;
#1589 = EDGE_CURVE ( 'NONE', #1000, #905, #1627, .T. ) ;
#1590 = CYLINDRICAL_SURFACE ( 'NONE', #1607, 1.449999999999999956 ) ;
#1591 = ORIENTED_EDGE ( 'NONE', *, *, #145, .F. ) ;
#1592 = DIRECTION ( 'NONE',  ( -1.000000000000000000, -0.0000000000000000000, 0.0000000000000000000 ) ) ;
#1593 = CIRCLE ( 'NONE', #97, 4.799999999999997158 ) ;
#1594 = ORIENTED_EDGE ( 'NONE', *, *, #2068, .T. ) ;
#1595 = DIRECTION ( 'NONE',  ( 0.0000000000000000000, -6.866613759074864045E-15, 1.000000000000000000 ) ) ;
#1596 = CARTESIAN_POINT ( 'NONE',  ( -3.999999999999999112, 6.500000000000000000, 0.0000000000000000000 ) ) ;
#1597 = EDGE_CURVE ( 'NONE', #2902, #3349, #941, .T. ) ;
#1598 = EDGE_LOOP ( 'NONE', ( #431, #466, #1917, #208 ) ) ;
#1599 = EDGE_LOOP ( 'NONE', ( #405, #3317, #3016, #346 ) ) ;
#1600 = ORIENTED_EDGE ( 'NONE', *, *, #832, .F. ) ;
#1601 = ORIENTED_EDGE ( 'NONE', *, *, #1782, .F. ) ;
#1602 = CARTESIAN_POINT ( 'NONE',  ( 0.0000000000000000000, 7.204574090869516390, -11.41683459498172581 ) ) ;
#1603 = DIRECTION ( 'NONE',  ( 1.000000000000000000, -0.0000000000000000000, 0.0000000000000000000 ) ) ;
#1604 = CARTESIAN_POINT ( 'NONE',  ( 16.00000000000000000, 2.993160008755877843, -10.87180726022451083 ) ) ;
#1605 = VERTEX_POINT ( 'NONE', #2702 ) ;
#1606 = DIRECTION ( 'NONE',  ( 0.0000000000000000000, 0.3826834323650841196, 0.9238795325112890700 ) ) ;
#1607 = AXIS2_PLACEMENT_3D ( 'NONE', #2345, #532, #2421 ) ;
#1608 = EDGE_CURVE ( 'NONE', #11, #1194, #1593, .T. ) ;
#1609 = VERTEX_POINT ( 'NONE', #2987 ) ;
#1610 = EDGE_CURVE ( 'NONE', #2357, #829, #3253, .T. ) ;
#1611 = CARTESIAN_POINT ( 'NONE',  ( 16.00000000000000000, -5.571044898090241837, -9.804012376825550490 ) ) ;
#1612 = DIRECTION ( 'NONE',  ( -1.000000000000000000, 0.0000000000000000000, -0.0000000000000000000 ) ) ;
#1613 = CARTESIAN_POINT ( 'NONE',  ( 16.00000000000000000, 1.775737858763661177E-16, 5.050000000000000711 ) ) ;
#1614 = CYLINDRICAL_SURFACE ( 'NONE', #2057, 10.12399999999999878 ) ;
#1615 = DIRECTION ( 'NONE',  ( 0.0000000000000000000, 0.0000000000000000000, 1.000000000000000000 ) ) ;
#1616 = LINE ( 'NONE', #1296, #2224 ) ;
#1617 = LINE ( 'NONE', #1453, #816 ) ;
#1618 = ADVANCED_FACE ( 'NONE', ( #2080 ), #324, .T. ) ;
#1619 = CIRCLE ( 'NONE', #1300, 2.049999999999998934 ) ;
#1620 = EDGE_LOOP ( 'NONE', ( #2745, #1308, #3102, #3335 ) ) ;
#1621 = CARTESIAN_POINT ( 'NONE',  ( 16.00000000000000000, -9.027149030414205910, 4.583225543511013633 ) ) ;
#1622 = CYLINDRICAL_SURFACE ( 'NONE', #2696, 2.049999999999998934 ) ;
#1623 = ORIENTED_EDGE ( 'NONE', *, *, #1941, .T. ) ;
#1624 = AXIS2_PLACEMENT_3D ( 'NONE', #1722, #683, #146 ) ;
#1625 = DIRECTION ( 'NONE',  ( 0.0000000000000000000, 1.000000000000000000, 3.614007241618349954E-15 ) ) ;
#1626 = DIRECTION ( 'NONE',  ( 0.0000000000000000000, 0.0000000000000000000, -1.000000000000000000 ) ) ;
#1627 = CIRCLE ( 'NONE', #1719, 10.12399999999999878 ) ;
#1628 = EDGE_LOOP ( 'NONE', ( #2099, #425, #1037, #579 ) ) ;
#1629 = AXIS2_PLACEMENT_3D ( 'NONE', #45, #804, #569 ) ;
#1630 = EDGE_CURVE ( 'NONE', #2226, #2888, #1177, .T. ) ;
#1631 = CARTESIAN_POINT ( 'NONE',  ( -3.999999999999999112, 6.500000000000000000, 0.0000000000000000000 ) ) ;
#1632 = ORIENTED_EDGE ( 'NONE', *, *, #1478, .F. ) ;
#1633 = DIRECTION ( 'NONE',  ( -1.000000000000000000, 0.0000000000000000000, 0.0000000000000000000 ) ) ;
#1634 = CARTESIAN_POINT ( 'NONE',  ( -10.00000000000000000, 0.0000000000000000000, 0.0000000000000000000 ) ) ;
#1635 = ORIENTED_EDGE ( 'NONE', *, *, #1363, .F. ) ;
#1636 = AXIS2_PLACEMENT_3D ( 'NONE', #367, #2171, #1626 ) ;
#1637 = ORIENTED_EDGE ( 'NONE', *, *, #1650, .T. ) ;
#1638 = CARTESIAN_POINT ( 'NONE',  ( 0.0000000000000000000, 0.0000000000000000000, 0.0000000000000000000 ) ) ;
#1639 = ADVANCED_FACE ( 'NONE', ( #3010 ), #244, .T. ) ;
#1640 = CARTESIAN_POINT ( 'NONE',  ( -10.00000000000000000, 0.0000000000000000000, 0.0000000000000000000 ) ) ;
#1641 = DIRECTION ( 'NONE',  ( 0.0000000000000000000, 0.0000000000000000000, 1.000000000000000000 ) ) ;
#1642 = ORIENTED_EDGE ( 'NONE', *, *, #837, .F. ) ;
#1643 = DIRECTION ( 'NONE',  ( -1.000000000000000000, 0.0000000000000000000, 0.0000000000000000000 ) ) ;
#1644 = ORIENTED_EDGE ( 'NONE', *, *, #2413, .F. ) ;
#1645 = CARTESIAN_POINT ( 'NONE',  ( 16.00000000000000000, -2.978517966582019838, -13.16732435701148773 ) ) ;
#1646 = EDGE_LOOP ( 'NONE', ( #1714, #416, #1572, #3015, #691, #2973, #1794, #1933, #1682, #1183, #316, #2849, #2412, #3165, #1226, #2247, #751, #1257, #934, #3056, #2091, #2019, #1868, #1141, #13, #2455, #759, #2979, #2731, #3213, #1271, #3146, #2976, #3313, #540, #81, #456, #567, #752, #792, #2452, #939, #535, #796, #490, #1644, #1560, #1524, #712, #2165, #3207, #3022, #990, #794, #1394, #80, #1124, #1953, #2121, #2096, #181, #2321, #1240, #90, #3104, #2299, #626, #2402, #3339 ) ) ;
#1647 = CARTESIAN_POINT ( 'NONE',  ( 16.00000000000000000, 0.0000000000000000000, 0.0000000000000000000 ) ) ;
#1648 = CARTESIAN_POINT ( 'NONE',  ( 8.000000000000000000, 11.02519199256746596, 7.790708666547998540 ) ) ;
#1649 = AXIS2_PLACEMENT_3D ( 'NONE', #1292, #515, #260 ) ;
#1650 = EDGE_CURVE ( 'NONE', #131, #1093, #1715, .T. ) ;
#1651 = CYLINDRICAL_SURFACE ( 'NONE', #2324, 4.799999999999998046 ) ;
#1652 = ADVANCED_FACE ( 'NONE', ( #2563 ), #2894, .T. ) ;
#1653 = CIRCLE ( 'NONE', #298, 4.799999999999998046 ) ;
#1654 = EDGE_CURVE ( 'NONE', #2168, #2736, #290, .T. ) ;
#1655 = DIRECTION ( 'NONE',  ( -1.000000000000000000, 0.0000000000000000000, 0.0000000000000000000 ) ) ;
#1656 = AXIS2_PLACEMENT_3D ( 'NONE', #2656, #553, #1078 ) ;
#1657 = DIRECTION ( 'NONE',  ( -1.000000000000000000, -0.0000000000000000000, -0.0000000000000000000 ) ) ;
#1658 = VECTOR ( 'NONE', #654, 1000.000000000000000 ) ;
#1659 = FACE_OUTER_BOUND ( 'NONE', #3262, .T. ) ;
#1660 = DIRECTION ( 'NONE',  ( -1.000000000000000000, -0.0000000000000000000, 0.0000000000000000000 ) ) ;
#1661 = CYLINDRICAL_SURFACE ( 'NONE', #2807, 9.500000000000000000 ) ;
#1662 = ORIENTED_EDGE ( 'NONE', *, *, #2701, .F. ) ;
#1663 = APPROVAL_DATE_TIME ( #1827, #964 ) ;
#1664 = CIRCLE ( 'NONE', #187, 10.12399999999999878 ) ;
#1665 = ORIENTED_EDGE ( 'NONE', *, *, #2718, .F. ) ;
#1666 = DIRECTION ( 'NONE',  ( -1.000000000000000000, 0.0000000000000000000, 0.0000000000000000000 ) ) ;
#1667 = CARTESIAN_POINT ( 'NONE',  ( 16.00000000000000000, 0.0000000000000000000, 0.0000000000000000000 ) ) ;
#1668 = CYLINDRICAL_SURFACE ( 'NONE', #586, 4.799999999999998934 ) ;
#1669 = ORIENTED_EDGE ( 'NONE', *, *, #3355, .F. ) ;
#1670 = DIRECTION ( 'NONE',  ( 0.0000000000000000000, 0.0000000000000000000, 1.000000000000000000 ) ) ;
#1671 = AXIS2_PLACEMENT_3D ( 'NONE', #2112, #2898, #303 ) ;
#1672 = EDGE_CURVE ( 'NONE', #3219, #1381, #1793, .T. ) ;
#1673 = VECTOR ( 'NONE', #673, 1000.000000000000000 ) ;
#1674 = VERTEX_POINT ( 'NONE', #2169 ) ;
#1675 = DIRECTION ( 'NONE',  ( 0.0000000000000000000, 0.0000000000000000000, -1.000000000000000000 ) ) ;
#1676 = ADVANCED_FACE ( 'NONE', ( #743 ), #863, .T. ) ;
#1677 = DIRECTION ( 'NONE',  ( -1.000000000000000000, 0.0000000000000000000, -0.0000000000000000000 ) ) ;
#1678 = VERTEX_POINT ( 'NONE', #900 ) ;
#1679 = CC_DESIGN_PERSON_AND_ORGANIZATION_ASSIGNMENT ( #977, #1259, ( #1505 ) ) ;
#1680 = EDGE_CURVE ( 'NONE', #1345, #2760, #1380, .T. ) ;
#1681 = DIRECTION ( 'NONE',  ( 0.0000000000000000000, 0.0000000000000000000, 1.000000000000000000 ) ) ;
#1682 = ORIENTED_EDGE ( 'NONE', *, *, #632, .F. ) ;
#1683 = EDGE_LOOP ( 'NONE', ( #2862, #2257, #98, #2983 ) ) ;
#1684 = DIRECTION ( 'NONE',  ( 0.0000000000000000000, 0.0000000000000000000, 1.000000000000000000 ) ) ;
#1685 = VERTEX_POINT ( 'NONE', #2177 ) ;
#1686 = CARTESIAN_POINT ( 'NONE',  ( 16.00000000000000000, 6.586073743834691463, -7.688888647962803802 ) ) ;
#1687 = DIRECTION ( 'NONE',  ( -1.000000000000000000, 0.0000000000000000000, 0.0000000000000000000 ) ) ;
#1688 = ORIENTED_EDGE ( 'NONE', *, *, #1597, .F. ) ;
#1689 = DIRECTION ( 'NONE',  ( -1.000000000000000000, 0.0000000000000000000, 0.0000000000000000000 ) ) ;
#1690 = ORIENTED_EDGE ( 'NONE', *, *, #1553, .T. ) ;
#1691 = ADVANCED_FACE ( 'NONE', ( #2972 ), #2361, .T. ) ;
#1692 = CARTESIAN_POINT ( 'NONE',  ( 0.0000000000000000000, -11.18967295489763103, -1.395141248733763106 ) ) ;
#1693 = CARTESIAN_POINT ( 'NONE',  ( 16.00000000000000000, 0.0000000000000000000, 0.0000000000000000000 ) ) ;
#1694 = AXIS2_PLACEMENT_3D ( 'NONE', #2236, #1980, #2738 ) ;
#1695 = EDGE_CURVE ( 'NONE', #94, #627, #1514, .T. ) ;
#1696 = ORIENTED_EDGE ( 'NONE', *, *, #545, .T. ) ;
#1697 = CARTESIAN_POINT ( 'NONE',  ( 0.0000000000000000000, -0.7798078971025984574, -10.09392270842294614 ) ) ;
#1698 = PERSON_AND_ORGANIZATION_ROLE ( 'design_owner' ) ;
#1699 = CIRCLE ( 'NONE', #610, 4.799999999999998046 ) ;
#1700 = AXIS2_PLACEMENT_3D ( 'NONE', #1335, #270, #2613 ) ;
#1701 = EDGE_CURVE ( 'NONE', #131, #92, #372, .T. ) ;
#1702 = VECTOR ( 'NONE', #2601, 1000.000000000000000 ) ;
#1703 = CARTESIAN_POINT ( 'NONE',  ( 16.00000000000000000, 0.0000000000000000000, 0.0000000000000000000 ) ) ;
#1704 = AXIS2_PLACEMENT_3D ( 'NONE', #724, #685, #215 ) ;
#1705 = LINE ( 'NONE', #973, #113 ) ;
#1706 = FACE_OUTER_BOUND ( 'NONE', #2009, .T. ) ;
#1707 = DIRECTION ( 'NONE',  ( -1.000000000000000000, -0.0000000000000000000, -0.0000000000000000000 ) ) ;
#1708 = CIRCLE ( 'NONE', #1629, 4.799999999999998046 ) ;
#1709 = ORIENTED_EDGE ( 'NONE', *, *, #636, .T. ) ;
#1710 = CARTESIAN_POINT ( 'NONE',  ( 16.00000000000000000, 0.0000000000000000000, 0.0000000000000000000 ) ) ;
#1711 = ADVANCED_FACE ( 'NONE', ( #2157 ), #42, .T. ) ;
#1712 = CARTESIAN_POINT ( 'NONE',  ( 0.0000000000000000000, -9.027149030414207687, 4.583225543511014521 ) ) ;
#1713 = FACE_OUTER_BOUND ( 'NONE', #3073, .T. ) ;
#1714 = ORIENTED_EDGE ( 'NONE', *, *, #807, .F. ) ;
#1715 = LINE ( 'NONE', #1403, #2814 ) ;
#1716 = VERTEX_POINT ( 'NONE', #1990 ) ;
#1717 = CARTESIAN_POINT ( 'NONE',  ( 0.0000000000000000000, 0.0000000000000000000, 0.0000000000000000000 ) ) ;
#1718 = VERTEX_POINT ( 'NONE', #2001 ) ;
#1719 = AXIS2_PLACEMENT_3D ( 'NONE', #394, #2710, #360 ) ;
#1720 = EDGE_CURVE ( 'NONE', #1354, #2779, #660, .T. ) ;
#1721 = EDGE_LOOP ( 'NONE', ( #50, #1042, #2648, #2571 ) ) ;
#1722 = CARTESIAN_POINT ( 'NONE',  ( 16.00000000000000000, 0.0000000000000000000, 0.0000000000000000000 ) ) ;
#1723 = ORIENTED_EDGE ( 'NONE', *, *, #3265, .F. ) ;
#1724 = DIRECTION ( 'NONE',  ( -1.000000000000000000, -0.0000000000000000000, 0.0000000000000000000 ) ) ;
#1725 = ORIENTED_EDGE ( 'NONE', *, *, #2767, .F. ) ;
#1726 = EDGE_CURVE ( 'NONE', #1967, #1376, #3098, .T. ) ;
#1727 = CARTESIAN_POINT ( 'NONE',  ( 0.0000000000000000000, -11.18967295489765057, 1.395141248733607009 ) ) ;
#1728 = ORIENTED_EDGE ( 'NONE', *, *, #2651, .F. ) ;
#1729 = DIRECTION ( 'NONE',  ( -1.000000000000000000, -0.0000000000000000000, -0.0000000000000000000 ) ) ;
#1730 = DIRECTION ( 'NONE',  ( -1.000000000000000000, 0.0000000000000000000, 0.0000000000000000000 ) ) ;
#1731 = EDGE_LOOP ( 'NONE', ( #1198, #954, #1030, #2289 ) ) ;
#1732 = DIRECTION ( 'NONE',  ( 0.0000000000000000000, 0.3826834323650840086, 0.9238795325112891810 ) ) ;
#1733 = DIRECTION ( 'NONE',  ( -1.000000000000000000, 0.0000000000000000000, 0.0000000000000000000 ) ) ;
#1734 = CARTESIAN_POINT ( 'NONE',  ( 0.0000000000000000000, -4.583225543511107780, 9.027149030414161501 ) ) ;
#1735 = ORIENTED_EDGE ( 'NONE', *, *, #675, .T. ) ;
#1736 = DIRECTION ( 'NONE',  ( -1.000000000000000000, -0.0000000000000000000, -0.0000000000000000000 ) ) ;
#1737 = CIRCLE ( 'NONE', #1499, 1.524999999999999911 ) ;
#1738 = DIRECTION ( 'NONE',  ( 0.0000000000000000000, 0.0000000000000000000, 1.000000000000000000 ) ) ;
#1739 = CARTESIAN_POINT ( 'NONE',  ( 16.00000000000000000, 9.027149030414175712, 4.583225543511075806 ) ) ;
#1740 = AXIS2_PLACEMENT_3D ( 'NONE', #888, #2951, #99 ) ;
#1741 = VECTOR ( 'NONE', #121, 1000.000000000000000 ) ;
#1742 = DIRECTION ( 'NONE',  ( 1.000000000000000000, -0.0000000000000000000, -0.0000000000000000000 ) ) ;
#1743 = CARTESIAN_POINT ( 'NONE',  ( 16.00000000000000000, 0.0000000000000000000, 10.12399999999999878 ) ) ;
#1744 = DIRECTION ( 'NONE',  ( 0.0000000000000000000, 0.0000000000000000000, 1.000000000000000000 ) ) ;
#1745 = CYLINDRICAL_SURFACE ( 'NONE', #1327, 4.799999999999998046 ) ;
#1746 = AXIS2_PLACEMENT_3D ( 'NONE', #3357, #1272, #1022 ) ;
#1747 = EDGE_CURVE ( 'NONE', #2935, #3112, #2725, .T. ) ;
#1748 = CARTESIAN_POINT ( 'NONE',  ( -3.999999999999999112, 6.500000000000000000, -1.449999999999999956 ) ) ;
#1749 = CIRCLE ( 'NONE', #3153, 4.799999999999998046 ) ;
#1750 = ORIENTED_EDGE ( 'NONE', *, *, #1067, .T. ) ;
#1751 = DIRECTION ( 'NONE',  ( -1.000000000000000000, -0.0000000000000000000, 0.0000000000000000000 ) ) ;
#1752 = PERSON_AND_ORGANIZATION ( #242, #2074 ) ;
#1753 = EDGE_CURVE ( 'NONE', #705, #469, #1094, .T. ) ;
#1754 = DIRECTION ( 'NONE',  ( -1.000000000000000000, -0.0000000000000000000, 0.0000000000000000000 ) ) ;
#1755 = FACE_OUTER_BOUND ( 'NONE', #2250, .T. ) ;
#1756 = VERTEX_POINT ( 'NONE', #2758 ) ;
#1757 = DIRECTION ( 'NONE',  ( -1.000000000000000000, 0.0000000000000000000, 0.0000000000000000000 ) ) ;
#1758 = LINE ( 'NONE', #1780, #287 ) ;
#1759 = VERTEX_POINT ( 'NONE', #403 ) ;
#1760 = ORIENTED_EDGE ( 'NONE', *, *, #2911, .T. ) ;
#1761 = CARTESIAN_POINT ( 'NONE',  ( 0.0000000000000000000, -9.623988155711485248, -3.142328432663432647 ) ) ;
#1762 = DIRECTION ( 'NONE',  ( -1.000000000000000000, -0.0000000000000000000, 0.0000000000000000000 ) ) ;
#1763 = VERTEX_POINT ( 'NONE', #177 ) ;
#1764 = DIRECTION ( 'NONE',  ( -1.000000000000000000, -0.0000000000000000000, -0.0000000000000000000 ) ) ;
#1765 = DIRECTION ( 'NONE',  ( 0.0000000000000000000, 0.0000000000000000000, 1.000000000000000000 ) ) ;
#1766 = EDGE_LOOP ( 'NONE', ( #2570, #3140, #1266, #43 ) ) ;
#1767 = ORIENTED_EDGE ( 'NONE', *, *, #988, .T. ) ;
#1768 = AXIS2_PLACEMENT_3D ( 'NONE', #3014, #3267, #182 ) ;
#1769 = EDGE_CURVE ( 'NONE', #652, #1459, #2202, .T. ) ;
#1770 = DIRECTION ( 'NONE',  ( -1.000000000000000000, 0.0000000000000000000, -0.0000000000000000000 ) ) ;
#1771 = CARTESIAN_POINT ( 'NONE',  ( 0.0000000000000000000, 0.0000000000000000000, 0.0000000000000000000 ) ) ;
#1772 = ORIENTED_EDGE ( 'NONE', *, *, #636, .F. ) ;
#1773 = ORIENTED_EDGE ( 'NONE', *, *, #2240, .T. ) ;
#1774 = EDGE_CURVE ( 'NONE', #1609, #283, #534, .T. ) ;
#1775 = DIRECTION ( 'NONE',  ( 0.0000000000000000000, 0.0000000000000000000, -1.000000000000000000 ) ) ;
#1776 = VERTEX_POINT ( 'NONE', #1440 ) ;
#1777 = EDGE_LOOP ( 'NONE', ( #1152, #2275 ) ) ;
#1778 = CIRCLE ( 'NONE', #1383, 10.12399999999999878 ) ;
#1779 = FACE_OUTER_BOUND ( 'NONE', #3309, .T. ) ;
#1780 = CARTESIAN_POINT ( 'NONE',  ( 16.00000000000000000, -7.688888647962826894, -6.586073743834663929 ) ) ;
#1781 = AXIS2_PLACEMENT_3D ( 'NONE', #1822, #865, #2937 ) ;
#1782 = EDGE_CURVE ( 'NONE', #450, #1194, #901, .T. ) ;
#1783 = CIRCLE ( 'NONE', #343, 5.000000000000000000 ) ;
#1784 = VECTOR ( 'NONE', #607, 1000.000000000000000 ) ;
#1785 = CARTESIAN_POINT ( 'NONE',  ( 16.00000000000000000, 0.0000000000000000000, 0.0000000000000000000 ) ) ;
#1786 = DATE_TIME_ROLE ( 'classification_date' ) ;
#1787 = DIRECTION ( 'NONE',  ( 1.000000000000000000, -0.0000000000000000000, -0.0000000000000000000 ) ) ;
#1788 = EDGE_CURVE ( 'NONE', #3254, #1527, #3167, .T. ) ;
#1789 = ORIENTED_EDGE ( 'NONE', *, *, #2808, .F. ) ;
#1790 = CARTESIAN_POINT ( 'NONE',  ( 0.0000000000000000000, -2.287125093463251435, 13.30485095019296082 ) ) ;
#1791 = VECTOR ( 'NONE', #420, 1000.000000000000000 ) ;
#1792 = EDGE_LOOP ( 'NONE', ( #409, #2489, #1145, #1197 ) ) ;
#1793 = LINE ( 'NONE', #118, #1554 ) ;
#1794 = ORIENTED_EDGE ( 'NONE', *, *, #1833, .F. ) ;
#1795 = ADVANCED_FACE ( 'NONE', ( #2440, #1092 ), #1487, .F. ) ;
#1796 = DIRECTION ( 'NONE',  ( 0.0000000000000000000, 0.7071067811865487940, -0.7071067811865463515 ) ) ;
#1797 = EDGE_LOOP ( 'NONE', ( #2603, #3251 ) ) ;
#1798 = DIRECTION ( 'NONE',  ( 0.0000000000000000000, 0.0000000000000000000, 1.000000000000000000 ) ) ;
#1799 = DIRECTION ( 'NONE',  ( 0.0000000000000000000, 0.7071067811865437980, 0.7071067811865512365 ) ) ;
#1800 = ORIENTED_EDGE ( 'NONE', *, *, #407, .T. ) ;
#1801 = ORIENTED_EDGE ( 'NONE', *, *, #1937, .F. ) ;
#1802 = CARTESIAN_POINT ( 'NONE',  ( -3.999999999999999112, 6.500000000000000000, -2.049999999999999822 ) ) ;
#1803 = AXIS2_PLACEMENT_3D ( 'NONE', #1258, #1490, #2823 ) ;
#1804 = ORIENTED_EDGE ( 'NONE', *, *, #2413, .T. ) ;
#1805 = CARTESIAN_POINT ( 'NONE',  ( 16.00000000000000000, -6.586073743834637284, 7.688888647962849987 ) ) ;
#1806 = ORIENTED_EDGE ( 'NONE', *, *, #1339, .F. ) ;
#1807 = AXIS2_PLACEMENT_3D ( 'NONE', #1062, #2102, #2877 ) ;
#1808 = EDGE_CURVE ( 'NONE', #223, #203, #2478, .T. ) ;
#1809 = VERTEX_POINT ( 'NONE', #3280 ) ;
#1810 = ADVANCED_FACE ( 'NONE', ( #452 ), #2278, .T. ) ;
#1811 = AXIS2_PLACEMENT_3D ( 'NONE', #2288, #1212, #3303 ) ;
#1812 = CARTESIAN_POINT ( 'NONE',  ( 0.0000000000000000000, -3.142328432663261228, -9.623988155711540315 ) ) ;
#1813 = EDGE_LOOP ( 'NONE', ( #1906, #1632 ) ) ;
#1814 = CARTESIAN_POINT ( 'NONE',  ( 16.00000000000000000, -6.586073743834637284, 7.688888647962849987 ) ) ;
#1815 = FACE_BOUND ( 'NONE', #2647, .T. ) ;
#1816 = DIRECTION ( 'NONE',  ( -1.000000000000000000, -0.0000000000000000000, 0.0000000000000000000 ) ) ;
#1817 = CARTESIAN_POINT ( 'NONE',  ( -10.00000000000000000, 0.0000000000000000000, 0.0000000000000000000 ) ) ;
#1818 = FACE_OUTER_BOUND ( 'NONE', #2524, .T. ) ;
#1819 = DIRECTION ( 'NONE',  ( 0.0000000000000000000, 0.0000000000000000000, -1.000000000000000000 ) ) ;
#1820 = COORDINATED_UNIVERSAL_TIME_OFFSET ( 0, 0, .AHEAD. ) ;
#1821 = VECTOR ( 'NONE', #269, 1000.000000000000000 ) ;
#1822 = CARTESIAN_POINT ( 'NONE',  ( 0.0000000000000000000, 10.87180726022454458, 2.993160008755764157 ) ) ;
#1823 = CIRCLE ( 'NONE', #720, 2.049999999999998934 ) ;
#1824 = EDGE_LOOP ( 'NONE', ( #775, #1889, #1565, #2559 ) ) ;
#1825 = DIRECTION ( 'NONE',  ( -1.000000000000000000, 0.0000000000000000000, -0.0000000000000000000 ) ) ;
#1826 = AXIS2_PLACEMENT_3D ( 'NONE', #2859, #1530, #2569 ) ;
#1827 = DATE_AND_TIME ( #2514, #2882 ) ;
#1828 = EDGE_CURVE ( 'NONE', #910, #300, #1758, .T. ) ;
#1829 = CYLINDRICAL_SURFACE ( 'NONE', #232, 13.49999999999999467 ) ;
#1830 = EDGE_LOOP ( 'NONE', ( #500, #3048, #46, #1516 ) ) ;
#1831 = CARTESIAN_POINT ( 'NONE',  ( 0.0000000000000000000, -9.804012376825529174, 5.571044898090275588 ) ) ;
#1832 = CARTESIAN_POINT ( 'NONE',  ( 16.00000000000000000, 0.0000000000000000000, 0.0000000000000000000 ) ) ;
#1833 = EDGE_CURVE ( 'NONE', #245, #3042, #1422, .T. ) ;
#1834 = ORIENTED_EDGE ( 'NONE', *, *, #2879, .T. ) ;
#1835 = CARTESIAN_POINT ( 'NONE',  ( 16.00000000000000000, -2.287125093463252767, 13.30485095019296260 ) ) ;
#1836 = ORIENTED_EDGE ( 'NONE', *, *, #2911, .F. ) ;
#1837 = DIRECTION ( 'NONE',  ( -1.000000000000000000, 0.0000000000000000000, 0.0000000000000000000 ) ) ;
#1838 = VERTEX_POINT ( 'NONE', #2220 ) ;
#1839 = DIRECTION ( 'NONE',  ( 0.0000000000000000000, 0.0000000000000000000, 1.000000000000000000 ) ) ;
#1840 = ORIENTED_EDGE ( 'NONE', *, *, #2459, .F. ) ;
#1841 = CARTESIAN_POINT ( 'NONE',  ( -9.000000000000000000, 0.0000000000000000000, 0.0000000000000000000 ) ) ;
#1842 = EDGE_LOOP ( 'NONE', ( #1472, #750, #3136, #2060 ) ) ;
#1843 = ORIENTED_EDGE ( 'NONE', *, *, #2347, .T. ) ;
#1844 = AXIS2_PLACEMENT_3D ( 'NONE', #718, #1729, #154 ) ;
#1845 = EDGE_CURVE ( 'NONE', #2021, #1064, #404, .T. ) ;
#1846 = VERTEX_POINT ( 'NONE', #753 ) ;
#1847 = AXIS2_PLACEMENT_3D ( 'NONE', #1043, #2086, #2300 ) ;
#1848 = EDGE_CURVE ( 'NONE', #638, #6, #38, .T. ) ;
#1849 = VERTEX_POINT ( 'NONE', #477 ) ;
#1850 = DIRECTION ( 'NONE',  ( -1.000000000000000000, -0.0000000000000000000, 0.0000000000000000000 ) ) ;
#1851 = CARTESIAN_POINT ( 'NONE',  ( 0.0000000000000000000, -8.898807463360528303, 6.925779787975132606 ) ) ;
#1852 = ORIENTED_EDGE ( 'NONE', *, *, #3092, .F. ) ;
#1853 = CARTESIAN_POINT ( 'NONE',  ( 0.0000000000000000000, 9.804012376825491870, -5.571044898090343978 ) ) ;
#1854 = CYLINDRICAL_SURFACE ( 'NONE', #697, 4.799999999999998046 ) ;
#1855 = FACE_OUTER_BOUND ( 'NONE', #2085, .T. ) ;
#1856 = CARTESIAN_POINT ( 'NONE',  ( 1.000000000000000888, 0.0000000000000000000, 7.949999999999998401 ) ) ;
#1857 = DIRECTION ( 'NONE',  ( -1.000000000000000000, 0.0000000000000000000, 0.0000000000000000000 ) ) ;
#1858 = LINE ( 'NONE', #2343, #1249 ) ;
#1859 = CYLINDRICAL_SURFACE ( 'NONE', #1350, 13.49999999999999467 ) ;
#1860 = LOCAL_TIME ( 17, 8, 36.00000000000000000, #1820 ) ;
#1861 = AXIS2_PLACEMENT_3D ( 'NONE', #2620, #1276, #512 ) ;
#1862 = DIRECTION ( 'NONE',  ( 0.0000000000000000000, 0.0000000000000000000, -1.000000000000000000 ) ) ;
#1863 = LINE ( 'NONE', #1583, #1123 ) ;
#1864 = VERTEX_POINT ( 'NONE', #209 ) ;
#1865 = AXIS2_PLACEMENT_3D ( 'NONE', #3315, #2493, #1196 ) ;
#1866 = EDGE_CURVE ( 'NONE', #473, #2479, #1175, .T. ) ;
#1867 = LINE ( 'NONE', #253, #2723 ) ;
#1868 = ORIENTED_EDGE ( 'NONE', *, *, #1241, .F. ) ;
#1869 = DIRECTION ( 'NONE',  ( -1.000000000000000000, 0.0000000000000000000, 0.0000000000000000000 ) ) ;
#1870 = CYLINDRICAL_SURFACE ( 'NONE', #560, 4.799999999999998046 ) ;
#1871 = ORIENTED_EDGE ( 'NONE', *, *, #171, .F. ) ;
#1872 = DIRECTION ( 'NONE',  ( 1.000000000000000000, 0.0000000000000000000, 0.0000000000000000000 ) ) ;
#1873 = DIRECTION ( 'NONE',  ( -1.000000000000000000, -0.0000000000000000000, 0.0000000000000000000 ) ) ;
#1874 = AXIS2_PLACEMENT_3D ( 'NONE', #1771, #424, #3034 ) ;
#1875 = ORIENTED_EDGE ( 'NONE', *, *, #788, .T. ) ;
#1876 = ADVANCED_FACE ( 'NONE', ( #2637 ), #1952, .T. ) ;
#1877 = CARTESIAN_POINT ( 'NONE',  ( 0.0000000000000000000, 0.0000000000000000000, 0.0000000000000000000 ) ) ;
#1878 = ORIENTED_EDGE ( 'NONE', *, *, #1833, .T. ) ;
#1879 = VERTEX_POINT ( 'NONE', #221 ) ;
#1880 = ORIENTED_EDGE ( 'NONE', *, *, #37, .T. ) ;
#1881 = DIRECTION ( 'NONE',  ( 0.0000000000000000000, 0.0000000000000000000, -1.000000000000000000 ) ) ;
#1882 = DIRECTION ( 'NONE',  ( 1.000000000000000000, 0.0000000000000000000, 0.0000000000000000000 ) ) ;
#1883 = EDGE_LOOP ( 'NONE', ( #1091, #2134, #3179, #370 ) ) ;
#1884 = ORIENTED_EDGE ( 'NONE', *, *, #8, .T. ) ;
#1885 = AXIS2_PLACEMENT_3D ( 'NONE', #1543, #1525, #2576 ) ;
#1886 = EDGE_CURVE ( 'NONE', #1186, #2082, #2038, .T. ) ;
#1887 = ORIENTED_EDGE ( 'NONE', *, *, #1241, .T. ) ;
#1888 = CARTESIAN_POINT ( 'NONE',  ( 16.00000000000000000, 7.688888647962964562, -6.586073743834504057 ) ) ;
#1889 = ORIENTED_EDGE ( 'NONE', *, *, #2212, .T. ) ;
#1890 = ADVANCED_FACE ( 'NONE', ( #2393 ), #1063, .T. ) ;
#1891 = EDGE_CURVE ( 'NONE', #672, #1172, #1219, .T. ) ;
#1892 = CARTESIAN_POINT ( 'NONE',  ( 8.000000000000000000, -7.204574090869278358, -11.41683459498187680 ) ) ;
#1893 = DIRECTION ( 'NONE',  ( 0.0000000000000000000, 0.0000000000000000000, 1.000000000000000000 ) ) ;
#1894 = FACE_OUTER_BOUND ( 'NONE', #1797, .T. ) ;
#1895 = CARTESIAN_POINT ( 'NONE',  ( 1.000000000000000888, -6.500000000000000000, -1.449999999999999956 ) ) ;
#1896 = VECTOR ( 'NONE', #1757, 1000.000000000000000 ) ;
#1897 = DIRECTION ( 'NONE',  ( 0.0000000000000000000, 0.0000000000000000000, 1.000000000000000000 ) ) ;
#1898 = FACE_BOUND ( 'NONE', #789, .T. ) ;
#1899 = FACE_OUTER_BOUND ( 'NONE', #3053, .T. ) ;
#1900 = LINE ( 'NONE', #524, #525 ) ;
#1901 = EDGE_LOOP ( 'NONE', ( #802, #2170, #3259, #2575 ) ) ;
#1902 = DIRECTION ( 'NONE',  ( 1.000000000000000000, 0.0000000000000000000, -0.0000000000000000000 ) ) ;
#1903 = CIRCLE ( 'NONE', #439, 4.799999999999998046 ) ;
#1904 = CARTESIAN_POINT ( 'NONE',  ( -3.999999999999999112, -6.500000000000000000, -1.449999999999999956 ) ) ;
#1905 = CIRCLE ( 'NONE', #1768, 1.524999999999999911 ) ;
#1906 = ORIENTED_EDGE ( 'NONE', *, *, #212, .F. ) ;
#1907 = AXIS2_PLACEMENT_3D ( 'NONE', #497, #229, #2596 ) ;
#1908 = DIRECTION ( 'NONE',  ( -1.000000000000000000, -0.0000000000000000000, -0.0000000000000000000 ) ) ;
#1909 = ADVANCED_FACE ( 'NONE', ( #2558 ), #3093, .T. ) ;
#1910 = DIRECTION ( 'NONE',  ( -1.000000000000000000, -0.0000000000000000000, -0.0000000000000000000 ) ) ;
#1911 = CARTESIAN_POINT ( 'NONE',  ( -10.00000000000000000, 0.0000000000000000000, 0.0000000000000000000 ) ) ;
#1912 = CIRCLE ( 'NONE', #1588, 1.449999999999999067 ) ;
#1913 = ORIENTED_EDGE ( 'NONE', *, *, #2893, .F. ) ;
#1914 = AXIS2_PLACEMENT_3D ( 'NONE', #1924, #2693, #1116 ) ;
#1915 = EDGE_CURVE ( 'NONE', #1979, #1381, #2359, .T. ) ;
#1916 = CARTESIAN_POINT ( 'NONE',  ( 16.00000000000000000, -5.571044898090241837, -9.804012376825550490 ) ) ;
#1917 = ORIENTED_EDGE ( 'NONE', *, *, #1774, .F. ) ;
#1918 = DIRECTION ( 'NONE',  ( 0.0000000000000000000, 0.0000000000000000000, 1.000000000000000000 ) ) ;
#1919 = DIRECTION ( 'NONE',  ( 1.000000000000000000, 0.0000000000000000000, 0.0000000000000000000 ) ) ;
#1920 = ORIENTED_EDGE ( 'NONE', *, *, #1147, .T. ) ;
#1921 = AXIS2_PLACEMENT_3D ( 'NONE', #701, #1238, #985 ) ;
#1922 = EDGE_LOOP ( 'NONE', ( #2869, #2945, #505, #2924 ) ) ;
#1923 = DIRECTION ( 'NONE',  ( -1.000000000000000000, 0.0000000000000000000, 0.0000000000000000000 ) ) ;
#1924 = CARTESIAN_POINT ( 'NONE',  ( 16.00000000000000000, 11.18967295489764346, -1.395141248733685835 ) ) ;
#1925 = ORIENTED_EDGE ( 'NONE', *, *, #561, .T. ) ;
#1926 = CARTESIAN_POINT ( 'NONE',  ( -10.00000000000000000, 0.0000000000000000000, 0.0000000000000000000 ) ) ;
#1927 = VERTEX_POINT ( 'NONE', #3054 ) ;
#1928 = DIRECTION ( 'NONE',  ( -1.000000000000000000, -0.0000000000000000000, 0.0000000000000000000 ) ) ;
#1929 = ADVANCED_FACE ( 'NONE', ( #1256 ), #2197, .T. ) ;
#1930 = EDGE_LOOP ( 'NONE', ( #2296, #2209, #2150, #1074 ) ) ;
#1931 = DIRECTION ( 'NONE',  ( -1.000000000000000000, 0.0000000000000000000, -0.0000000000000000000 ) ) ;
#1932 = DIRECTION ( 'NONE',  ( -1.000000000000000000, 0.0000000000000000000, 0.0000000000000000000 ) ) ;
#1933 = ORIENTED_EDGE ( 'NONE', *, *, #3218, .F. ) ;
#1934 = CARTESIAN_POINT ( 'NONE',  ( -3.999999999999999112, 1.775737858763663149E-16, -7.949999999999998401 ) ) ;
#1935 = CARTESIAN_POINT ( 'NONE',  ( 16.00000000000000000, 0.0000000000000000000, 0.0000000000000000000 ) ) ;
#1936 = AXIS2_PLACEMENT_3D ( 'NONE', #1504, #169, #686 ) ;
#1937 = EDGE_CURVE ( 'NONE', #2198, #1220, #1510, .T. ) ;
#1938 = VERTEX_POINT ( 'NONE', #2795 ) ;
#1939 = DIRECTION ( 'NONE',  ( 0.0000000000000000000, 0.0000000000000000000, 1.000000000000000000 ) ) ;
#1940 = CIRCLE ( 'NONE', #3150, 4.799999999999998046 ) ;
#1941 = EDGE_CURVE ( 'NONE', #325, #913, #3250, .T. ) ;
#1942 = CIRCLE ( 'NONE', #3316, 4.799999999999998046 ) ;
#1943 = CARTESIAN_POINT ( 'NONE',  ( 26.00000000000000355, 0.0000000000000000000, -1.524999999999999911 ) ) ;
#1944 = ADVANCED_FACE ( 'NONE', ( #1713 ), #369, .T. ) ;
#1945 =( NAMED_UNIT ( * ) PLANE_ANGLE_UNIT ( ) SI_UNIT ( $, .RADIAN. ) );
#1946 = CARTESIAN_POINT ( 'NONE',  ( 8.000000000000000000, 13.30485095019296971, -2.287125093463206138 ) ) ;
#1947 = CIRCLE ( 'NONE', #1656, 4.799999999999998934 ) ;
#1948 = FACE_OUTER_BOUND ( 'NONE', #2244, .T. ) ;
#1949 = CIRCLE ( 'NONE', #1807, 13.49999999999999289 ) ;
#1950 = ORIENTED_EDGE ( 'NONE', *, *, #386, .F. ) ;
#1951 = CARTESIAN_POINT ( 'NONE',  ( 16.00000000000000000, 0.0000000000000000000, 0.0000000000000000000 ) ) ;
#1952 = CYLINDRICAL_SURFACE ( 'NONE', #2645, 10.12399999999999878 ) ;
#1953 = ORIENTED_EDGE ( 'NONE', *, *, #2982, .F. ) ;
#1954 = CARTESIAN_POINT ( 'NONE',  ( 16.00000000000000000, -6.586073743834530703, -7.688888647962940581 ) ) ;
#1955 = AXIS2_PLACEMENT_3D ( 'NONE', #2619, #615, #2585 ) ;
#1956 = EDGE_CURVE ( 'NONE', #1605, #2331, #1867, .T. ) ;
#1957 = CIRCLE ( 'NONE', #1319, 4.799999999999998046 ) ;
#1958 = ORIENTED_EDGE ( 'NONE', *, *, #1188, .T. ) ;
#1959 = DIRECTION ( 'NONE',  ( -1.000000000000000000, -0.0000000000000000000, -0.0000000000000000000 ) ) ;
#1960 = APPLICATION_CONTEXT ( 'configuration controlled 3d designs of mechanical parts and assemblies' ) ;
#1961 = DIRECTION ( 'NONE',  ( -1.000000000000000000, 0.0000000000000000000, 0.0000000000000000000 ) ) ;
#1962 = VERTEX_POINT ( 'NONE', #1004 ) ;
#1963 = EDGE_CURVE ( 'NONE', #1321, #1759, #119, .T. ) ;
#1964 = CARTESIAN_POINT ( 'NONE',  ( 16.00000000000000000, 2.993160008755727741, 10.87180726022455524 ) ) ;
#1965 = VERTEX_POINT ( 'NONE', #1065 ) ;
#1966 = ADVANCED_FACE ( 'NONE', ( #1999 ), #1590, .F. ) ;
#1967 = VERTEX_POINT ( 'NONE', #3186 ) ;
#1968 = DIRECTION ( 'NONE',  ( -1.000000000000000000, -0.0000000000000000000, -0.0000000000000000000 ) ) ;
#1969 = CARTESIAN_POINT ( 'NONE',  ( -9.000000000000000000, 0.0000000000000000000, -1.524999999999999911 ) ) ;
#1970 = ORIENTED_EDGE ( 'NONE', *, *, #1320, .F. ) ;
#1971 = VERTEX_POINT ( 'NONE', #2672 ) ;
#1972 = DIRECTION ( 'NONE',  ( 0.0000000000000000000, -0.7071067811865537900, 0.7071067811865413555 ) ) ;
#1973 = PERSON_AND_ORGANIZATION_ROLE ( 'design_supplier' ) ;
#1974 = DIRECTION ( 'NONE',  ( 0.0000000000000000000, 0.0000000000000000000, 1.000000000000000000 ) ) ;
#1975 = ORIENTED_EDGE ( 'NONE', *, *, #1008, .F. ) ;
#1976 = ORIENTED_EDGE ( 'NONE', *, *, #1195, .T. ) ;
#1977 = DIRECTION ( 'NONE',  ( 0.0000000000000000000, 0.0000000000000000000, 1.000000000000000000 ) ) ;
#1978 = AXIS2_PLACEMENT_3D ( 'NONE', #2577, #2066, #3360 ) ;
#1979 = VERTEX_POINT ( 'NONE', #2884 ) ;
#1980 = DIRECTION ( 'NONE',  ( -1.000000000000000000, 0.0000000000000000000, 0.0000000000000000000 ) ) ;
#1981 = LINE ( 'NONE', #1550, #2548 ) ;
#1982 = CARTESIAN_POINT ( 'NONE',  ( -3.999999999999999112, -6.500000000000000000, 0.0000000000000000000 ) ) ;
#1983 = CARTESIAN_POINT ( 'NONE',  ( 16.00000000000000000, 10.87180726022458366, -2.993160008755614054 ) ) ;
#1984 = AXIS2_PLACEMENT_3D ( 'NONE', #1105, #2143, #2662 ) ;
#1985 = EDGE_CURVE ( 'NONE', #1938, #1392, #1023, .T. ) ;
#1986 = CIRCLE ( 'NONE', #761, 10.12399999999999878 ) ;
#1987 = AXIS2_PLACEMENT_3D ( 'NONE', #2641, #2876, #2379 ) ;
#1988 = CYLINDRICAL_SURFACE ( 'NONE', #2527, 4.799999999999997158 ) ;
#1989 = VECTOR ( 'NONE', #91, 1000.000000000000000 ) ;
#1990 = CARTESIAN_POINT ( 'NONE',  ( -3.999999999999999112, 6.500000000000000000, 2.049999999999999822 ) ) ;
#1991 = CARTESIAN_POINT ( 'NONE',  ( 1.000000000000000888, -6.500000000000000000, 0.0000000000000000000 ) ) ;
#1992 = CIRCLE ( 'NONE', #1984, 13.49999999999999289 ) ;
#1993 = ORIENTED_EDGE ( 'NONE', *, *, #1828, .F. ) ;
#1994 = DIRECTION ( 'NONE',  ( -1.000000000000000000, 0.0000000000000000000, 0.0000000000000000000 ) ) ;
#1995 = DIRECTION ( 'NONE',  ( -1.000000000000000000, -0.0000000000000000000, -0.0000000000000000000 ) ) ;
#1996 = ORIENTED_EDGE ( 'NONE', *, *, #1438, .T. ) ;
#1997 = DIRECTION ( 'NONE',  ( 1.000000000000000000, 0.0000000000000000000, 0.0000000000000000000 ) ) ;
#1998 = CARTESIAN_POINT ( 'NONE',  ( 16.00000000000000000, -6.925779787975224089, 8.898807463360453696 ) ) ;
#1999 = FACE_OUTER_BOUND ( 'NONE', #2055, .T. ) ;
#2000 = ORIENTED_EDGE ( 'NONE', *, *, #433, .T. ) ;
#2001 = CARTESIAN_POINT ( 'NONE',  ( 0.0000000000000000000, -10.87180726022456234, 7.793160008755686263 ) ) ;
#2002 = CARTESIAN_POINT ( 'NONE',  ( 16.00000000000000000, -11.18967295489765057, 1.395141248733607009 ) ) ;
#2003 = ORIENTED_EDGE ( 'NONE', *, *, #1107, .F. ) ;
#2004 = AXIS2_PLACEMENT_3D ( 'NONE', #428, #2780, #3314 ) ;
#2005 = EDGE_CURVE ( 'NONE', #2654, #473, #1336, .T. ) ;
#2006 = ORIENTED_EDGE ( 'NONE', *, *, #2897, .F. ) ;
#2007 = CARTESIAN_POINT ( 'NONE',  ( 0.0000000000000000000, 11.02519199256757076, -7.790708666547845773 ) ) ;
#2008 = CARTESIAN_POINT ( 'NONE',  ( 16.00000000000000000, -0.7798078971027381234, 10.09392270842293371 ) ) ;
#2009 = EDGE_LOOP ( 'NONE', ( #1725, #2615, #3188, #1887 ) ) ;
#2010 = ORIENTED_EDGE ( 'NONE', *, *, #3330, .F. ) ;
#2011 = EDGE_CURVE ( 'NONE', #1809, #223, #3052, .T. ) ;
#2012 = DIRECTION ( 'NONE',  ( 0.0000000000000000000, 0.0000000000000000000, -1.000000000000000000 ) ) ;
#2013 = CARTESIAN_POINT ( 'NONE',  ( 16.00000000000000000, 11.18967295489764346, -1.395141248733685835 ) ) ;
#2014 = AXIS2_PLACEMENT_3D ( 'NONE', #2683, #1660, #101 ) ;
#2015 = ORIENTED_EDGE ( 'NONE', *, *, #915, .T. ) ;
#2016 = CARTESIAN_POINT ( 'NONE',  ( 16.00000000000000000, -9.623988155711485248, -3.142328432663432647 ) ) ;
#2017 = VERTEX_POINT ( 'NONE', #1888 ) ;
#2018 = CARTESIAN_POINT ( 'NONE',  ( -3.999999999999999112, 0.0000000000000000000, 6.500000000000000000 ) ) ;
#2019 = ORIENTED_EDGE ( 'NONE', *, *, #368, .F. ) ;
#2020 = DIRECTION ( 'NONE',  ( -1.000000000000000000, 0.0000000000000000000, 0.0000000000000000000 ) ) ;
#2021 = VERTEX_POINT ( 'NONE', #1814 ) ;
#2022 = DIRECTION ( 'NONE',  ( -1.000000000000000000, 0.0000000000000000000, 0.0000000000000000000 ) ) ;
#2023 = AXIS2_PLACEMENT_3D ( 'NONE', #2819, #3103, #485 ) ;
#2024 = EDGE_CURVE ( 'NONE', #1716, #2938, #3338, .T. ) ;
#2025 = LINE ( 'NONE', #956, #2140 ) ;
#2026 = DIRECTION ( 'NONE',  ( 0.0000000000000000000, 0.7071067811865487940, -0.7071067811865463515 ) ) ;
#2027 = CARTESIAN_POINT ( 'NONE',  ( 0.0000000000000000000, 11.41683459498190167, -7.204574090869237502 ) ) ;
#2028 = DIRECTION ( 'NONE',  ( -1.000000000000000000, -0.0000000000000000000, -0.0000000000000000000 ) ) ;
#2029 = CIRCLE ( 'NONE', #2962, 4.799999999999997158 ) ;
#2030 =( GEOMETRIC_REPRESENTATION_CONTEXT ( 3 ) GLOBAL_UNCERTAINTY_ASSIGNED_CONTEXT ( ( #2376 ) ) GLOBAL_UNIT_ASSIGNED_CONTEXT ( ( #666, #1945, #389 ) ) REPRESENTATION_CONTEXT ( 'NONE', 'WORKASPACE' ) );
#2031 = EDGE_CURVE ( 'NONE', #1193, #327, #2684, .T. ) ;
#2032 = FACE_OUTER_BOUND ( 'NONE', #2230, .T. ) ;
#2033 = VECTOR ( 'NONE', #1687, 1000.000000000000000 ) ;
#2034 = FACE_OUTER_BOUND ( 'NONE', #1842, .T. ) ;
#2035 = VERTEX_POINT ( 'NONE', #2851 ) ;
#2036 = DIRECTION ( 'NONE',  ( 0.0000000000000000000, 1.000000000000000000, 3.614007241618349954E-15 ) ) ;
#2037 = PRODUCT_DEFINITION_SHAPE ( 'NONE', 'NONE',  #617 ) ;
#2038 = CIRCLE ( 'NONE', #3115, 1.449999999999999956 ) ;
#2039 = ORIENTED_EDGE ( 'NONE', *, *, #1630, .T. ) ;
#2040 = CARTESIAN_POINT ( 'NONE',  ( -3.999999999999999112, -6.500000000000000000, 1.449999999999999956 ) ) ;
#2041 = CARTESIAN_POINT ( 'NONE',  ( 0.0000000000000000000, -7.204574090869440894, 11.41683459498177200 ) ) ;
#2042 = CIRCLE ( 'NONE', #787, 4.799999999999996270 ) ;
#2043 = EDGE_LOOP ( 'NONE', ( #3133, #902, #3222, #2595 ) ) ;
#2044 = CARTESIAN_POINT ( 'NONE',  ( 16.00000000000000000, 0.0000000000000000000, 0.0000000000000000000 ) ) ;
#2045 = AXIS2_PLACEMENT_3D ( 'NONE', #931, #3256, #1449 ) ;
#2046 = EDGE_LOOP ( 'NONE', ( #1801, #1076 ) ) ;
#2047 = DIRECTION ( 'NONE',  ( -1.000000000000000000, -0.0000000000000000000, 0.0000000000000000000 ) ) ;
#2048 = ORIENTED_EDGE ( 'NONE', *, *, #123, .F. ) ;
#2049 = ORIENTED_EDGE ( 'NONE', *, *, #218, .F. ) ;
#2050 = AXIS2_PLACEMENT_3D ( 'NONE', #217, #1019, #1799 ) ;
#2051 = EDGE_CURVE ( 'NONE', #2331, #1864, #319, .T. ) ;
#2052 = DIRECTION ( 'NONE',  ( 0.0000000000000000000, -0.7071067811865390240, -0.7071067811865562325 ) ) ;
#2053 = ORIENTED_EDGE ( 'NONE', *, *, #438, .F. ) ;
#2054 = DIRECTION ( 'NONE',  ( -1.000000000000000000, 0.0000000000000000000, -0.0000000000000000000 ) ) ;
#2055 = EDGE_LOOP ( 'NONE', ( #132, #665, #1277, #1224 ) ) ;
#2056 = ORIENTED_EDGE ( 'NONE', *, *, #679, .F. ) ;
#2057 = AXIS2_PLACEMENT_3D ( 'NONE', #523, #3080, #2298 ) ;
#2058 = CARTESIAN_POINT ( 'NONE',  ( 16.00000000000000000, 0.0000000000000000000, 0.0000000000000000000 ) ) ;
#2059 = ORIENTED_EDGE ( 'NONE', *, *, #2174, .T. ) ;
#2060 = ORIENTED_EDGE ( 'NONE', *, *, #2998, .T. ) ;
#2061 = CARTESIAN_POINT ( 'NONE',  ( 16.00000000000000000, -4.583225543510978106, -9.027149030414225450 ) ) ;
#2062 = DIRECTION ( 'NONE',  ( -1.000000000000000000, -0.0000000000000000000, -0.0000000000000000000 ) ) ;
#2063 = CIRCLE ( 'NONE', #3086, 13.49999999999999467 ) ;
#2064 = DIRECTION ( 'NONE',  ( -1.000000000000000000, 0.0000000000000000000, 0.0000000000000000000 ) ) ;
#2065 = CIRCLE ( 'NONE', #3307, 13.49999999999999467 ) ;
#2066 = DIRECTION ( 'NONE',  ( 1.000000000000000000, 0.0000000000000000000, 0.0000000000000000000 ) ) ;
#2067 = AXIS2_PLACEMENT_3D ( 'NONE', #3318, #1770, #2026 ) ;
#2068 = EDGE_CURVE ( 'NONE', #2081, #1763, #489, .T. ) ;
#2069 = CIRCLE ( 'NONE', #2152, 4.799999999999998046 ) ;
#2070 = CYLINDRICAL_SURFACE ( 'NONE', #2679, 4.799999999999998046 ) ;
#2071 = CARTESIAN_POINT ( 'NONE',  ( 16.00000000000000000, 6.586073743834585770, 7.688888647962894396 ) ) ;
#2072 = EDGE_CURVE ( 'NONE', #2618, #496, #1302, .T. ) ;
#2073 = LINE ( 'NONE', #595, #1784 ) ;
#2074 = ORGANIZATION ( 'UNSPECIFIED', 'UNSPECIFIED', '' ) ;
#2075 = DIRECTION ( 'NONE',  ( -1.000000000000000000, -0.0000000000000000000, -0.0000000000000000000 ) ) ;
#2076 = FACE_BOUND ( 'NONE', #2790, .T. ) ;
#2077 = VERTEX_POINT ( 'NONE', #785 ) ;
#2078 = CARTESIAN_POINT ( 'NONE',  ( -9.000000000000000000, 0.0000000000000000000, 6.500000000000000000 ) ) ;
#2079 = CARTESIAN_POINT ( 'NONE',  ( 16.00000000000000000, 11.02519199256746596, 7.790708666547998540 ) ) ;
#2080 = FACE_OUTER_BOUND ( 'NONE', #2043, .T. ) ;
#2081 = VERTEX_POINT ( 'NONE', #1567 ) ;
#2082 = VERTEX_POINT ( 'NONE', #1148 ) ;
#2083 = DIRECTION ( 'NONE',  ( -1.000000000000000000, 0.0000000000000000000, 0.0000000000000000000 ) ) ;
#2084 = DIRECTION ( 'NONE',  ( -1.000000000000000000, -0.0000000000000000000, -0.0000000000000000000 ) ) ;
#2085 = EDGE_LOOP ( 'NONE', ( #714, #3258, #1144, #1036 ) ) ;
#2086 = DIRECTION ( 'NONE',  ( -1.000000000000000000, 0.0000000000000000000, -0.0000000000000000000 ) ) ;
#2087 = AXIS2_PLACEMENT_3D ( 'NONE', #2567, #457, #998 ) ;
#2088 = ORIENTED_EDGE ( 'NONE', *, *, #83, .F. ) ;
#2089 = ORIENTED_EDGE ( 'NONE', *, *, #1650, .F. ) ;
#2090 = CARTESIAN_POINT ( 'NONE',  ( 16.00000000000000000, 0.0000000000000000000, 0.0000000000000000000 ) ) ;
#2091 = ORIENTED_EDGE ( 'NONE', *, *, #2174, .F. ) ;
#2092 = AXIS2_PLACEMENT_3D ( 'NONE', #167, #1165, #1434 ) ;
#2093 = EDGE_CURVE ( 'NONE', #2964, #1041, #822, .T. ) ;
#2094 = CARTESIAN_POINT ( 'NONE',  ( 16.00000000000000000, -6.500000000000000000, -1.449999999999999734 ) ) ;
#2095 = CARTESIAN_POINT ( 'NONE',  ( 0.0000000000000000000, 0.0000000000000000000, 0.0000000000000000000 ) ) ;
#2096 = ORIENTED_EDGE ( 'NONE', *, *, #1577, .F. ) ;
#2097 = AXIS2_PLACEMENT_3D ( 'NONE', #2812, #2777, #2272 ) ;
#2098 = CARTESIAN_POINT ( 'NONE',  ( 16.00000000000000000, 5.571044898090310227, 9.804012376825511410 ) ) ;
#2099 = ORIENTED_EDGE ( 'NONE', *, *, #2233, .F. ) ;
#2100 = CARTESIAN_POINT ( 'NONE',  ( 8.000000000000000000, 11.41683459498190167, -7.204574090869240166 ) ) ;
#2101 = ORIENTED_EDGE ( 'NONE', *, *, #2832, .T. ) ;
#2102 = DIRECTION ( 'NONE',  ( -1.000000000000000000, -0.0000000000000000000, -0.0000000000000000000 ) ) ;
#2103 = LINE ( 'NONE', #1954, #2952 ) ;
#2104 = DIRECTION ( 'NONE',  ( -1.000000000000000000, 0.0000000000000000000, 0.0000000000000000000 ) ) ;
#2105 = FACE_OUTER_BOUND ( 'NONE', #2689, .T. ) ;
#2106 = CIRCLE ( 'NONE', #2501, 10.12400000000000055 ) ;
#2107 = CIRCLE ( 'NONE', #818, 2.049999999999999822 ) ;
#2108 = AXIS2_PLACEMENT_3D ( 'NONE', #702, #3081, #2332 ) ;
#2109 = EDGE_CURVE ( 'NONE', #1220, #2198, #2809, .T. ) ;
#2110 = FACE_BOUND ( 'NONE', #1813, .T. ) ;
#2111 = ORIENTED_EDGE ( 'NONE', *, *, #1608, .T. ) ;
#2112 = CARTESIAN_POINT ( 'NONE',  ( 0.0000000000000000000, -5.571044898090377728, 9.804012376825472330 ) ) ;
#2113 = DIRECTION ( 'NONE',  ( 0.0000000000000000000, 0.0000000000000000000, 1.000000000000000000 ) ) ;
#2114 = DIRECTION ( 'NONE',  ( 1.000000000000000000, 0.0000000000000000000, 0.0000000000000000000 ) ) ;
#2115 = EDGE_CURVE ( 'NONE', #2411, #3089, #1912, .T. ) ;
#2116 = VECTOR ( 'NONE', #142, 1000.000000000000000 ) ;
#2117 = ORIENTED_EDGE ( 'NONE', *, *, #2382, .T. ) ;
#2118 = CIRCLE ( 'NONE', #2474, 2.049999999999999822 ) ;
#2119 = VERTEX_POINT ( 'NONE', #2594 ) ;
#2120 = ADVANCED_FACE ( 'NONE', ( #3300 ), #1668, .T. ) ;
#2121 = ORIENTED_EDGE ( 'NONE', *, *, #657, .F. ) ;
#2122 = CARTESIAN_POINT ( 'NONE',  ( 0.0000000000000000000, -7.688888647962918377, 6.586073743834556460 ) ) ;
#2123 = ORIENTED_EDGE ( 'NONE', *, *, #1170, .T. ) ;
#2124 = CARTESIAN_POINT ( 'NONE',  ( 16.00000000000000000, -7.790708666548037620, 11.02519199256743754 ) ) ;
#2125 = ORIENTED_EDGE ( 'NONE', *, *, #3004, .T. ) ;
#2126 = VERTEX_POINT ( 'NONE', #920 ) ;
#2127 = DIRECTION ( 'NONE',  ( 0.0000000000000000000, 0.0000000000000000000, 1.000000000000000000 ) ) ;
#2128 = AXIS2_PLACEMENT_3D ( 'NONE', #3122, #1377, #799 ) ;
#2129 = EDGE_CURVE ( 'NONE', #667, #624, #3210, .T. ) ;
#2130 = ORIENTED_EDGE ( 'NONE', *, *, #1339, .T. ) ;
#2131 = ADVANCED_FACE ( 'NONE', ( #1132 ), #202, .T. ) ;
#2132 = EDGE_CURVE ( 'NONE', #1129, #59, #3135, .T. ) ;
#2133 = CARTESIAN_POINT ( 'NONE',  ( 0.0000000000000000000, 6.586073743834691463, -7.688888647962803802 ) ) ;
#2134 = ORIENTED_EDGE ( 'NONE', *, *, #2217, .F. ) ;
#2135 = DIRECTION ( 'NONE',  ( 0.0000000000000000000, -1.000000000000000000, -1.048062100069321163E-14 ) ) ;
#2136 = DIRECTION ( 'NONE',  ( 0.0000000000000000000, 0.3826834323650840086, 0.9238795325112891810 ) ) ;
#2137 = EDGE_LOOP ( 'NONE', ( #942, #2792 ) ) ;
#2138 = CARTESIAN_POINT ( 'NONE',  ( 0.0000000000000000000, 0.0000000000000000000, 0.0000000000000000000 ) ) ;
#2139 = CIRCLE ( 'NONE', #2087, 10.12400000000000055 ) ;
#2140 = VECTOR ( 'NONE', #1730, 1000.000000000000000 ) ;
#2141 = DIRECTION ( 'NONE',  ( 0.0000000000000000000, 0.0000000000000000000, 1.000000000000000000 ) ) ;
#2142 = DIRECTION ( 'NONE',  ( -1.000000000000000000, -0.0000000000000000000, -0.0000000000000000000 ) ) ;
#2143 = DIRECTION ( 'NONE',  ( -1.000000000000000000, -0.0000000000000000000, -0.0000000000000000000 ) ) ;
#2144 = FACE_OUTER_BOUND ( 'NONE', #836, .T. ) ;
#2145 = FACE_OUTER_BOUND ( 'NONE', #2377, .T. ) ;
#2146 = AXIS2_PLACEMENT_3D ( 'NONE', #906, #3201, #594 ) ;
#2147 = DIRECTION ( 'NONE',  ( -1.000000000000000000, -0.0000000000000000000, -0.0000000000000000000 ) ) ;
#2148 = ADVANCED_FACE ( 'NONE', ( #618 ), #240, .T. ) ;
#2149 = FACE_OUTER_BOUND ( 'NONE', #39, .T. ) ;
#2150 = ORIENTED_EDGE ( 'NONE', *, *, #1654, .T. ) ;
#2151 = COORDINATED_UNIVERSAL_TIME_OFFSET ( 0, 0, .AHEAD. ) ;
#2152 = AXIS2_PLACEMENT_3D ( 'NONE', #3337, #2335, #1013 ) ;
#2153 = EDGE_CURVE ( 'NONE', #554, #283, #983, .T. ) ;
#2154 = LINE ( 'NONE', #3023, #1417 ) ;
#2155 = ORIENTED_EDGE ( 'NONE', *, *, #1214, .T. ) ;
#2156 = DIRECTION ( 'NONE',  ( -1.000000000000000000, -0.0000000000000000000, 0.0000000000000000000 ) ) ;
#2157 = FACE_OUTER_BOUND ( 'NONE', #2534, .T. ) ;
#2158 = ORIENTED_EDGE ( 'NONE', *, *, #3067, .T. ) ;
#2159 = CARTESIAN_POINT ( 'NONE',  ( 0.0000000000000000000, -9.027149030414143738, -4.583225543511138866 ) ) ;
#2160 = DIRECTION ( 'NONE',  ( 0.0000000000000000000, 0.0000000000000000000, 1.000000000000000000 ) ) ;
#2161 = AXIS2_PLACEMENT_3D ( 'NONE', #3363, #1537, #492 ) ;
#2162 = ORIENTED_EDGE ( 'NONE', *, *, #3025, .T. ) ;
#2163 = DIRECTION ( 'NONE',  ( -1.000000000000000000, 0.0000000000000000000, 0.0000000000000000000 ) ) ;
#2164 = CARTESIAN_POINT ( 'NONE',  ( 0.0000000000000000000, 7.790708666547962125, 11.02519199256749083 ) ) ;
#2165 = ORIENTED_EDGE ( 'NONE', *, *, #1430, .F. ) ;
#2166 = VERTEX_POINT ( 'NONE', #3230 ) ;
#2167 = ADVANCED_FACE ( 'NONE', ( #1462 ), #2320, .T. ) ;
#2168 = VERTEX_POINT ( 'NONE', #2732 ) ;
#2169 = CARTESIAN_POINT ( 'NONE',  ( -3.999999999999999112, 0.0000000000000000000, -5.049999999999999822 ) ) ;
#2170 = ORIENTED_EDGE ( 'NONE', *, *, #2502, .F. ) ;
#2171 = DIRECTION ( 'NONE',  ( 1.000000000000000000, 0.0000000000000000000, 0.0000000000000000000 ) ) ;
#2172 = ORIENTED_EDGE ( 'NONE', *, *, #256, .F. ) ;
#2173 = AXIS2_PLACEMENT_3D ( 'NONE', #2817, #706, #1229 ) ;
#2174 = EDGE_CURVE ( 'NONE', #173, #2705, #1507, .T. ) ;
#2175 = ORIENTED_EDGE ( 'NONE', *, *, #2457, .T. ) ;
#2176 = EDGE_CURVE ( 'NONE', #2705, #1392, #651, .T. ) ;
#2177 = CARTESIAN_POINT ( 'NONE',  ( 0.0000000000000000000, 6.586073743834585770, 7.688888647962894396 ) ) ;
#2178 = CC_DESIGN_APPROVAL ( #964, ( #617 ) ) ;
#2179 = CARTESIAN_POINT ( 'NONE',  ( 16.00000000000000000, 0.0000000000000000000, 10.12399999999999878 ) ) ;
#2180 = ADVANCED_FACE ( 'NONE', ( #1755 ), #282, .T. ) ;
#2181 = CARTESIAN_POINT ( 'NONE',  ( -3.999999999999999112, -6.500000000000000000, 0.0000000000000000000 ) ) ;
#2182 = CIRCLE ( 'NONE', #932, 4.799999999999997158 ) ;
#2183 = CARTESIAN_POINT ( 'NONE',  ( 8.000000000000000000, 13.30485095019296971, 2.287125093463206138 ) ) ;
#2184 = LINE ( 'NONE', #3261, #886 ) ;
#2185 = LINE ( 'NONE', #758, #2310 ) ;
#2186 = CARTESIAN_POINT ( 'NONE',  ( 16.00000000000000000, 1.395141248733646533, 11.18967295489764879 ) ) ;
#2187 = LINE ( 'NONE', #1089, #850 ) ;
#2188 = CIRCLE ( 'NONE', #709, 4.799999999999998046 ) ;
#2189 = DIRECTION ( 'NONE',  ( -1.000000000000000000, -0.0000000000000000000, -0.0000000000000000000 ) ) ;
#2190 = LINE ( 'NONE', #2008, #2765 ) ;
#2191 = ORIENTED_EDGE ( 'NONE', *, *, #875, .T. ) ;
#2192 = AXIS2_PLACEMENT_3D ( 'NONE', #3075, #2829, #1244 ) ;
#2193 = EDGE_CURVE ( 'NONE', #2888, #131, #3334, .T. ) ;
#2194 = CARTESIAN_POINT ( 'NONE',  ( 16.00000000000000000, 0.0000000000000000000, 0.0000000000000000000 ) ) ;
#2195 = CARTESIAN_POINT ( 'NONE',  ( -1.000000000000004441, 0.0000000000000000000, 0.0000000000000000000 ) ) ;
#2196 = DIRECTION ( 'NONE',  ( 0.0000000000000000000, 0.0000000000000000000, 1.000000000000000000 ) ) ;
#2197 = CYLINDRICAL_SURFACE ( 'NONE', #2366, 4.799999999999997158 ) ;
#2198 = VERTEX_POINT ( 'NONE', #104 ) ;
#2199 = CC_DESIGN_PERSON_AND_ORGANIZATION_ASSIGNMENT ( #811, #1698, ( #2793 ) ) ;
#2200 = EDGE_CURVE ( 'NONE', #1337, #1971, #2887, .T. ) ;
#2201 = CARTESIAN_POINT ( 'NONE',  ( 0.0000000000000000000, 1.395141248733807293, -11.18967295489762570 ) ) ;
#2202 = CIRCLE ( 'NONE', #741, 10.12400000000000055 ) ;
#2203 = ORIENTED_EDGE ( 'NONE', *, *, #1570, .T. ) ;
#2204 = ADVANCED_FACE ( 'NONE', ( #1215 ), #3007, .T. ) ;
#2205 = CARTESIAN_POINT ( 'NONE',  ( 16.00000000000000000, -0.7798078971025984574, -10.09392270842294614 ) ) ;
#2206 = VERTEX_POINT ( 'NONE', #3028 ) ;
#2207 = ORIENTED_EDGE ( 'NONE', *, *, #3049, .F. ) ;
#2208 = CARTESIAN_POINT ( 'NONE',  ( 16.00000000000000000, 3.142328432663461513, -9.623988155711476367 ) ) ;
#2209 = ORIENTED_EDGE ( 'NONE', *, *, #1430, .T. ) ;
#2210 = ORIENTED_EDGE ( 'NONE', *, *, #2519, .F. ) ;
#2211 = ORIENTED_EDGE ( 'NONE', *, *, #2519, .T. ) ;
#2212 = EDGE_CURVE ( 'NONE', #3220, #1605, #2923, .T. ) ;
#2213 = EDGE_LOOP ( 'NONE', ( #1263, #3308, #2860, #1958 ) ) ;
#2214 = ADVANCED_FACE ( 'NONE', ( #1297 ), #1829, .T. ) ;
#2215 = APPROVAL_STATUS ( 'not_yet_approved' ) ;
#2216 = AXIS2_PLACEMENT_3D ( 'NONE', #3131, #58, #1974 ) ;
#2217 = EDGE_CURVE ( 'NONE', #2779, #264, #1548, .T. ) ;
#2218 = CIRCLE ( 'NONE', #1522, 4.799999999999998934 ) ;
#2219 = AXIS2_PLACEMENT_3D ( 'NONE', #504, #1573, #1551 ) ;
#2220 = CARTESIAN_POINT ( 'NONE',  ( 16.00000000000000000, -9.623988155711527881, 3.142328432663298976 ) ) ;
#2221 = CIRCLE ( 'NONE', #122, 4.799999999999997158 ) ;
#2222 = PLANE ( 'NONE',  #227 ) ;
#2223 = CARTESIAN_POINT ( 'NONE',  ( -3.999999999999999112, 0.0000000000000000000, 6.500000000000000000 ) ) ;
#2224 = VECTOR ( 'NONE', #2355, 1000.000000000000000 ) ;
#2225 = CIRCLE ( 'NONE', #1704, 2.049999999999999822 ) ;
#2226 = VERTEX_POINT ( 'NONE', #2744 ) ;
#2227 = CARTESIAN_POINT ( 'NONE',  ( 16.00000000000000000, -10.87180726022456234, 2.993160008755688661 ) ) ;
#2228 = CARTESIAN_POINT ( 'NONE',  ( 8.000000000000000000, -2.287125093463251879, 13.30485095019296260 ) ) ;
#2229 = CIRCLE ( 'NONE', #2456, 4.799999999999998046 ) ;
#2230 = EDGE_LOOP ( 'NONE', ( #49, #2049, #1993, #897 ) ) ;
#2231 = DIRECTION ( 'NONE',  ( -1.000000000000000000, -0.0000000000000000000, 0.0000000000000000000 ) ) ;
#2232 = AXIS2_PLACEMENT_3D ( 'NONE', #2579, #2875, #2600 ) ;
#2233 = EDGE_CURVE ( 'NONE', #203, #2992, #199, .T. ) ;
#2234 = VECTOR ( 'NONE', #1159, 1000.000000000000000 ) ;
#2235 = VERTEX_POINT ( 'NONE', #2264 ) ;
#2236 = CARTESIAN_POINT ( 'NONE',  ( 16.00000000000000000, -2.993160008755803236, 10.87180726022453214 ) ) ;
#2237 = DIRECTION ( 'NONE',  ( 0.0000000000000000000, -0.7071067811865389130, -0.7071067811865560104 ) ) ;
#2238 = DIRECTION ( 'NONE',  ( 0.0000000000000000000, 0.0000000000000000000, -1.000000000000000000 ) ) ;
#2239 = ORIENTED_EDGE ( 'NONE', *, *, #3177, .T. ) ;
#2240 = EDGE_CURVE ( 'NONE', #462, #59, #74, .T. ) ;
#2241 = DIRECTION ( 'NONE',  ( 1.000000000000000000, 0.0000000000000000000, 0.0000000000000000000 ) ) ;
#2242 = DIRECTION ( 'NONE',  ( -1.000000000000000000, -0.0000000000000000000, -0.0000000000000000000 ) ) ;
#2243 = EDGE_LOOP ( 'NONE', ( #749, #805, #1100, #2531 ) ) ;
#2244 = EDGE_LOOP ( 'NONE', ( #581, #2863, #1387, #2172 ) ) ;
#2245 = CARTESIAN_POINT ( 'NONE',  ( 16.00000000000000000, 0.0000000000000000000, 0.0000000000000000000 ) ) ;
#2246 = CARTESIAN_POINT ( 'NONE',  ( 16.00000000000000000, -9.027149030414143738, -4.583225543511138866 ) ) ;
#2247 = ORIENTED_EDGE ( 'NONE', *, *, #1067, .F. ) ;
#2248 = CARTESIAN_POINT ( 'NONE',  ( 0.0000000000000000000, -13.16732435701147530, 2.978517966582071796 ) ) ;
#2249 = DIRECTION ( 'NONE',  ( 1.000000000000000000, -0.0000000000000000000, -0.0000000000000000000 ) ) ;
#2250 = EDGE_LOOP ( 'NONE', ( #715, #912, #136, #2279 ) ) ;
#2251 = CARTESIAN_POINT ( 'NONE',  ( 16.00000000000000000, -6.586073743834530703, -7.688888647962940581 ) ) ;
#2252 = ORIENTED_EDGE ( 'NONE', *, *, #2856, .F. ) ;
#2253 = DIRECTION ( 'NONE',  ( -1.000000000000000000, 0.0000000000000000000, 0.0000000000000000000 ) ) ;
#2254 = CARTESIAN_POINT ( 'NONE',  ( 8.000000000000000000, 7.790708666547962125, 11.02519199256749260 ) ) ;
#2255 = CARTESIAN_POINT ( 'NONE',  ( 16.00000000000000000, 5.571044898090310227, 9.804012376825511410 ) ) ;
#2256 = AXIS2_PLACEMENT_3D ( 'NONE', #1634, #1657, #2414 ) ;
#2257 = ORIENTED_EDGE ( 'NONE', *, *, #1080, .T. ) ;
#2258 = CIRCLE ( 'NONE', #3191, 1.449999999999999956 ) ;
#2259 = CARTESIAN_POINT ( 'NONE',  ( 0.0000000000000000000, 2.978517966582117982, 13.16732435701146287 ) ) ;
#2260 = AXIS2_PLACEMENT_3D ( 'NONE', #1533, #220, #495 ) ;
#2261 = EDGE_CURVE ( 'NONE', #1185, #2126, #1905, .T. ) ;
#2262 = LINE ( 'NONE', #754, #271 ) ;
#2263 = CARTESIAN_POINT ( 'NONE',  ( 16.00000000000000000, 2.287125093463160397, 13.30485095019297859 ) ) ;
#2264 = CARTESIAN_POINT ( 'NONE',  ( 0.0000000000000000000, -9.623988155711527881, 3.142328432663298976 ) ) ;
#2265 = AXIS2_PLACEMENT_3D ( 'NONE', #1281, #1291, #2824 ) ;
#2266 = APPROVAL_PERSON_ORGANIZATION ( #1374, #1322, #1443 ) ;
#2267 = CIRCLE ( 'NONE', #3269, 1.449999999999999067 ) ;
#2268 = DIRECTION ( 'NONE',  ( -1.000000000000000000, -0.0000000000000000000, -0.0000000000000000000 ) ) ;
#2269 = CARTESIAN_POINT ( 'NONE',  ( 16.00000000000000000, 0.0000000000000000000, 0.0000000000000000000 ) ) ;
#2270 = LINE ( 'NONE', #2909, #1250 ) ;
#2271 = DATE_AND_TIME ( #2961, #280 ) ;
#2272 = DIRECTION ( 'NONE',  ( 0.0000000000000000000, 0.0000000000000000000, 1.000000000000000000 ) ) ;
#2273 = DIRECTION ( 'NONE',  ( -1.000000000000000000, 0.0000000000000000000, 0.0000000000000000000 ) ) ;
#2274 = CIRCLE ( 'NONE', #2216, 1.449999999999999956 ) ;
#2275 = ORIENTED_EDGE ( 'NONE', *, *, #2808, .T. ) ;
#2276 = DIRECTION ( 'NONE',  ( 0.0000000000000000000, 0.0000000000000000000, 1.000000000000000000 ) ) ;
#2277 = CARTESIAN_POINT ( 'NONE',  ( 16.00000000000000000, 10.09392270842293726, 0.7798078971027028183 ) ) ;
#2278 = CYLINDRICAL_SURFACE ( 'NONE', #3066, 10.12399999999999878 ) ;
#2279 = ORIENTED_EDGE ( 'NONE', *, *, #2873, .T. ) ;
#2280 = DIRECTION ( 'NONE',  ( -1.000000000000000000, 0.0000000000000000000, -0.0000000000000000000 ) ) ;
#2281 = DIRECTION ( 'NONE',  ( 0.0000000000000000000, -0.9238795325112825196, -0.3826834323650998293 ) ) ;
#2282 = FACE_OUTER_BOUND ( 'NONE', #872, .T. ) ;
#2283 = VERTEX_POINT ( 'NONE', #2277 ) ;
#2284 = AXIS2_PLACEMENT_3D ( 'NONE', #1239, #205, #971 ) ;
#2285 = EDGE_CURVE ( 'NONE', #867, #705, #2229, .T. ) ;
#2286 = CARTESIAN_POINT ( 'NONE',  ( 0.0000000000000000000, 0.0000000000000000000, 0.0000000000000000000 ) ) ;
#2287 = ORIENTED_EDGE ( 'NONE', *, *, #3177, .F. ) ;
#2288 = CARTESIAN_POINT ( 'NONE',  ( 0.0000000000000000000, -10.87180726022452149, -2.993160008755840540 ) ) ;
#2289 = ORIENTED_EDGE ( 'NONE', *, *, #919, .T. ) ;
#2290 = ORIENTED_EDGE ( 'NONE', *, *, #2591, .T. ) ;
#2291 = EDGE_CURVE ( 'NONE', #1927, #723, #1664, .T. ) ;
#2292 = DIRECTION ( 'NONE',  ( -1.000000000000000000, 0.0000000000000000000, 0.0000000000000000000 ) ) ;
#2293 = ORIENTED_EDGE ( 'NONE', *, *, #3116, .F. ) ;
#2294 = CARTESIAN_POINT ( 'NONE',  ( 16.00000000000000000, -0.7798078971025984574, -10.09392270842294614 ) ) ;
#2295 = CARTESIAN_POINT ( 'NONE',  ( 16.00000000000000000, 0.0000000000000000000, 0.0000000000000000000 ) ) ;
#2296 = ORIENTED_EDGE ( 'NONE', *, *, #508, .T. ) ;
#2297 = PLANE ( 'NONE',  #2539 ) ;
#2298 = DIRECTION ( 'NONE',  ( 0.0000000000000000000, 0.0000000000000000000, 1.000000000000000000 ) ) ;
#2299 = ORIENTED_EDGE ( 'NONE', *, *, #522, .F. ) ;
#2300 = DIRECTION ( 'NONE',  ( 0.0000000000000000000, 0.0000000000000000000, 1.000000000000000000 ) ) ;
#2301 = ORIENTED_EDGE ( 'NONE', *, *, #2051, .F. ) ;
#2302 = DIRECTION ( 'NONE',  ( -1.000000000000000000, 0.0000000000000000000, 0.0000000000000000000 ) ) ;
#2303 = DIRECTION ( 'NONE',  ( -1.000000000000000000, -0.0000000000000000000, 0.0000000000000000000 ) ) ;
#2304 = AXIS2_PLACEMENT_3D ( 'NONE', #2889, #1633, #2141 ) ;
#2305 = EDGE_CURVE ( 'NONE', #2166, #2643, #363, .T. ) ;
#2306 = CYLINDRICAL_SURFACE ( 'NONE', #144, 4.799999999999998046 ) ;
#2307 = DIRECTION ( 'NONE',  ( 0.0000000000000000000, 0.0000000000000000000, 1.000000000000000000 ) ) ;
#2308 = DIRECTION ( 'NONE',  ( -1.000000000000000000, 0.0000000000000000000, 0.0000000000000000000 ) ) ;
#2309 = CARTESIAN_POINT ( 'NONE',  ( -3.999999999999999112, 6.500000000000000000, 0.0000000000000000000 ) ) ;
#2310 = VECTOR ( 'NONE', #2083, 1000.000000000000000 ) ;
#2311 = EDGE_CURVE ( 'NONE', #1605, #672, #938, .T. ) ;
#2312 = DIRECTION ( 'NONE',  ( -1.000000000000000000, 0.0000000000000000000, -0.0000000000000000000 ) ) ;
#2313 = CIRCLE ( 'NONE', #263, 10.12399999999999878 ) ;
#2314 = LINE ( 'NONE', #1648, #2919 ) ;
#2315 = DIRECTION ( 'NONE',  ( 0.0000000000000000000, 0.0000000000000000000, 1.000000000000000000 ) ) ;
#2316 = CARTESIAN_POINT ( 'NONE',  ( -9.000000000000000000, 6.500000000000000000, 0.0000000000000000000 ) ) ;
#2317 = VECTOR ( 'NONE', #716, 1000.000000000000000 ) ;
#2318 = ORIENTED_EDGE ( 'NONE', *, *, #2587, .T. ) ;
#2319 = DIRECTION ( 'NONE',  ( 0.0000000000000000000, 0.0000000000000000000, 1.000000000000000000 ) ) ;
#2320 = CYLINDRICAL_SURFACE ( 'NONE', #2346, 10.12399999999999878 ) ;
#2321 = ORIENTED_EDGE ( 'NONE', *, *, #1323, .F. ) ;
#2322 = CIRCLE ( 'NONE', #255, 2.049999999999999822 ) ;
#2323 = ORIENTED_EDGE ( 'NONE', *, *, #1529, .F. ) ;
#2324 = AXIS2_PLACEMENT_3D ( 'NONE', #2462, #166, #2727 ) ;
#2325 = ORIENTED_EDGE ( 'NONE', *, *, #1028, .T. ) ;
#2326 = EDGE_LOOP ( 'NONE', ( #2530, #2599, #1878, #2239 ) ) ;
#2327 = VERTEX_POINT ( 'NONE', #465 ) ;
#2328 = AXIS2_PLACEMENT_3D ( 'NONE', #2557, #760, #1053 ) ;
#2329 = EDGE_CURVE ( 'NONE', #2082, #1186, #2274, .T. ) ;
#2330 = CARTESIAN_POINT ( 'NONE',  ( 16.00000000000000000, 13.30485095019296971, -2.287125093463206138 ) ) ;
#2331 = VERTEX_POINT ( 'NONE', #197 ) ;
#2332 = DIRECTION ( 'NONE',  ( 0.0000000000000000000, 0.0000000000000000000, 1.000000000000000000 ) ) ;
#2333 = EDGE_LOOP ( 'NONE', ( #139, #261, #1228, #1178 ) ) ;
#2334 = ORIENTED_EDGE ( 'NONE', *, *, #1547, .T. ) ;
#2335 = DIRECTION ( 'NONE',  ( 1.000000000000000000, 0.0000000000000000000, 0.0000000000000000000 ) ) ;
#2336 = ORIENTED_EDGE ( 'NONE', *, *, #3336, .F. ) ;
#2337 = DIRECTION ( 'NONE',  ( 0.0000000000000000000, 0.0000000000000000000, 1.000000000000000000 ) ) ;
#2338 = ADVANCED_FACE ( 'NONE', ( #778 ), #1622, .F. ) ;
#2339 = DIRECTION ( 'NONE',  ( -1.000000000000000000, -0.0000000000000000000, -0.0000000000000000000 ) ) ;
#2340 = ORIENTED_EDGE ( 'NONE', *, *, #899, .F. ) ;
#2341 = DIRECTION ( 'NONE',  ( -1.000000000000000000, 0.0000000000000000000, 0.0000000000000000000 ) ) ;
#2342 = VECTOR ( 'NONE', #513, 1000.000000000000000 ) ;
#2343 = CARTESIAN_POINT ( 'NONE',  ( 16.00000000000000000, -10.09392270842293193, -0.7798078971027733175 ) ) ;
#2344 = FACE_OUTER_BOUND ( 'NONE', #3246, .T. ) ;
#2345 = CARTESIAN_POINT ( 'NONE',  ( 1.000000000000000888, 6.500000000000000000, 0.0000000000000000000 ) ) ;
#2346 = AXIS2_PLACEMENT_3D ( 'NONE', #1951, #3252, #670 ) ;
#2347 = EDGE_CURVE ( 'NONE', #2760, #627, #858, .T. ) ;
#2348 = FACE_OUTER_BOUND ( 'NONE', #3105, .T. ) ;
#2349 = CYLINDRICAL_SURFACE ( 'NONE', #2232, 13.49999999999999467 ) ;
#2350 = CARTESIAN_POINT ( 'NONE',  ( -3.999999999999999112, 0.0000000000000000000, -6.500000000000000000 ) ) ;
#2351 = CARTESIAN_POINT ( 'NONE',  ( 0.0000000000000000000, -11.41683459498184661, 7.204574090869321878 ) ) ;
#2352 = EDGE_CURVE ( 'NONE', #1376, #574, #978, .T. ) ;
#2353 = EDGE_LOOP ( 'NONE', ( #2905, #2896, #1060, #247 ) ) ;
#2354 = LOCAL_TIME ( 17, 8, 36.00000000000000000, #2151 ) ;
#2355 = DIRECTION ( 'NONE',  ( -1.000000000000000000, -0.0000000000000000000, -0.0000000000000000000 ) ) ;
#2356 = FACE_BOUND ( 'NONE', #2625, .T. ) ;
#2357 = VERTEX_POINT ( 'NONE', #2722 ) ;
#2358 = DIRECTION ( 'NONE',  ( 0.0000000000000000000, 0.0000000000000000000, -1.000000000000000000 ) ) ;
#2359 = CIRCLE ( 'NONE', #3234, 13.49999999999999467 ) ;
#2360 = ORIENTED_EDGE ( 'NONE', *, *, #1320, .T. ) ;
#2361 = CYLINDRICAL_SURFACE ( 'NONE', #454, 10.12399999999999878 ) ;
#2362 = ORIENTED_EDGE ( 'NONE', *, *, #3240, .T. ) ;
#2363 = CARTESIAN_POINT ( 'NONE',  ( 16.00000000000000000, -11.18967295489763103, -1.395141248733763106 ) ) ;
#2364 = EDGE_LOOP ( 'NONE', ( #216, #3268, #546, #207 ) ) ;
#2365 = DIRECTION ( 'NONE',  ( 0.0000000000000000000, 0.0000000000000000000, 1.000000000000000000 ) ) ;
#2366 = AXIS2_PLACEMENT_3D ( 'NONE', #3325, #3340, #1275 ) ;
#2367 = EDGE_CURVE ( 'NONE', #1864, #3220, #896, .T. ) ;
#2368 = VERTEX_POINT ( 'NONE', #448 ) ;
#2369 = ORIENTED_EDGE ( 'NONE', *, *, #3118, .T. ) ;
#2370 = ORIENTED_EDGE ( 'NONE', *, *, #2347, .F. ) ;
#2371 = EDGE_CURVE ( 'NONE', #2734, #141, #613, .T. ) ;
#2372 = CARTESIAN_POINT ( 'NONE',  ( 0.0000000000000000000, 11.18967295489764346, 3.404858751266311767 ) ) ;
#2373 = CARTESIAN_POINT ( 'NONE',  ( 0.0000000000000000000, -4.583225543510978106, -9.027149030414225450 ) ) ;
#2374 = ORIENTED_EDGE ( 'NONE', *, *, #943, .T. ) ;
#2375 = ORIENTED_EDGE ( 'NONE', *, *, #3072, .T. ) ;
#2376 = UNCERTAINTY_MEASURE_WITH_UNIT (LENGTH_MEASURE( 1.000000000000000082E-05 ), #666, 'distance_accuracy_value', 'NONE');
#2377 = EDGE_LOOP ( 'NONE', ( #3305, #384, #2568, #3129 ) ) ;
#2378 = CARTESIAN_POINT ( 'NONE',  ( 16.00000000000000000, -6.925779787975099744, -8.898807463360551395 ) ) ;
#2379 = DIRECTION ( 'NONE',  ( 0.0000000000000000000, 0.0000000000000000000, 1.000000000000000000 ) ) ;
#2380 = FACE_OUTER_BOUND ( 'NONE', #2939, .T. ) ;
#2381 = AXIS2_PLACEMENT_3D ( 'NONE', #1710, #1467, #3260 ) ;
#2382 = EDGE_CURVE ( 'NONE', #245, #2436, #2154, .T. ) ;
#2383 = DIRECTION ( 'NONE',  ( -1.000000000000000000, 0.0000000000000000000, 0.0000000000000000000 ) ) ;
#2384 = CIRCLE ( 'NONE', #592, 1.449999999999999734 ) ;
#2385 = CIRCLE ( 'NONE', #3295, 4.799999999999998934 ) ;
#2386 = VECTOR ( 'NONE', #3001, 1000.000000000000000 ) ;
#2387 = AXIS2_PLACEMENT_3D ( 'NONE', #2186, #909, #1681 ) ;
#2388 = EDGE_CURVE ( 'NONE', #1045, #1879, #2190, .T. ) ;
#2389 = CYLINDRICAL_SURFACE ( 'NONE', #1456, 4.799999999999998046 ) ;
#2390 = ORIENTED_EDGE ( 'NONE', *, *, #344, .F. ) ;
#2391 = DIRECTION ( 'NONE',  ( 0.0000000000000000000, 0.0000000000000000000, 1.000000000000000000 ) ) ;
#2392 = AXIS2_PLACEMENT_3D ( 'NONE', #1085, #834, #1595 ) ;
#2393 = FACE_OUTER_BOUND ( 'NONE', #1628, .T. ) ;
#2394 = VERTEX_POINT ( 'NONE', #2798 ) ;
#2395 = CARTESIAN_POINT ( 'NONE',  ( 0.0000000000000000000, 0.0000000000000000000, 0.0000000000000000000 ) ) ;
#2396 = DIRECTION ( 'NONE',  ( -1.000000000000000000, 0.0000000000000000000, -0.0000000000000000000 ) ) ;
#2397 = CYLINDRICAL_SURFACE ( 'NONE', #2304, 4.799999999999997158 ) ;
#2398 = EDGE_LOOP ( 'NONE', ( #1303, #87, #2399, #695 ) ) ;
#2399 = ORIENTED_EDGE ( 'NONE', *, *, #1140, .T. ) ;
#2400 = ADVANCED_FACE ( 'NONE', ( #530 ), #2805, .F. ) ;
#2401 = DIRECTION ( 'NONE',  ( -1.000000000000000000, -0.0000000000000000000, 0.0000000000000000000 ) ) ;
#2402 = ORIENTED_EDGE ( 'NONE', *, *, #3151, .F. ) ;
#2403 = ORIENTED_EDGE ( 'NONE', *, *, #1279, .T. ) ;
#2404 = ORIENTED_EDGE ( 'NONE', *, *, #962, .T. ) ;
#2405 = CARTESIAN_POINT ( 'NONE',  ( 16.00000000000000000, 10.87180726022454458, 2.993160008755764157 ) ) ;
#2406 = CARTESIAN_POINT ( 'NONE',  ( 16.00000000000000000, 2.287125093463346470, -13.30485095019294661 ) ) ;
#2407 = ORIENTED_EDGE ( 'NONE', *, *, #875, .F. ) ;
#2408 = CARTESIAN_POINT ( 'NONE',  ( 0.0000000000000000000, -11.18967295489763103, 3.404858751266234940 ) ) ;
#2409 = AXIS2_PLACEMENT_3D ( 'NONE', #3232, #1113, #134 ) ;
#2410 = EDGE_CURVE ( 'NONE', #6, #2081, #694, .T. ) ;
#2411 = VERTEX_POINT ( 'NONE', #3304 ) ;
#2412 = ORIENTED_EDGE ( 'NONE', *, *, #2956, .F. ) ;
#2413 = EDGE_CURVE ( 'NONE', #2992, #2017, #1586, .T. ) ;
#2414 = DIRECTION ( 'NONE',  ( 0.0000000000000000000, 0.0000000000000000000, 1.000000000000000000 ) ) ;
#2415 = ORIENTED_EDGE ( 'NONE', *, *, #2371, .T. ) ;
#2416 = CARTESIAN_POINT ( 'NONE',  ( 16.00000000000000000, 9.804012376825491870, -5.571044898090343978 ) ) ;
#2417 = ADVANCED_FACE ( 'NONE', ( #2356, #3047, #115, #2110, #2848, #735 ), #1201, .T. ) ;
#2418 = DIRECTION ( 'NONE',  ( 1.000000000000000000, -0.0000000000000000000, -0.0000000000000000000 ) ) ;
#2419 = DIRECTION ( 'NONE',  ( -1.000000000000000000, -0.0000000000000000000, 0.0000000000000000000 ) ) ;
#2420 = CIRCLE ( 'NONE', #1044, 13.49999999999999467 ) ;
#2421 = DIRECTION ( 'NONE',  ( 0.0000000000000000000, 0.0000000000000000000, 1.000000000000000000 ) ) ;
#2422 = CIRCLE ( 'NONE', #475, 4.799999999999998934 ) ;
#2423 = CARTESIAN_POINT ( 'NONE',  ( 1.000000000000000888, 6.500000000000000000, -1.449999999999999956 ) ) ;
#2424 = LINE ( 'NONE', #2476, #527 ) ;
#2425 = VECTOR ( 'NONE', #2890, 1000.000000000000000 ) ;
#2426 = AXIS2_PLACEMENT_3D ( 'NONE', #2002, #2047, #210 ) ;
#2427 = CARTESIAN_POINT ( 'NONE',  ( 0.0000000000000000000, 8.898807463360574488, -6.925779787975073987 ) ) ;
#2428 = DIRECTION ( 'NONE',  ( -1.000000000000000000, 0.0000000000000000000, 0.0000000000000000000 ) ) ;
#2429 = DIRECTION ( 'NONE',  ( -1.000000000000000000, 0.0000000000000000000, 0.0000000000000000000 ) ) ;
#2430 = CIRCLE ( 'NONE', #20, 1.449999999999999956 ) ;
#2431 = ORIENTED_EDGE ( 'NONE', *, *, #2701, .T. ) ;
#2432 = CALENDAR_DATE ( 2019, 12, 12 ) ;
#2433 = PRODUCT_DEFINITION_FORMATION_WITH_SPECIFIED_SOURCE ( 'ANY', '', #2793, .NOT_KNOWN. ) ;
#2434 = EDGE_CURVE ( 'NONE', #1965, #624, #2719, .T. ) ;
#2435 = VECTOR ( 'NONE', #1995, 1000.000000000000000 ) ;
#2436 = VERTEX_POINT ( 'NONE', #1734 ) ;
#2437 = DIRECTION ( 'NONE',  ( 0.0000000000000000000, -6.982962677686268288E-15, 1.000000000000000000 ) ) ;
#2438 = ADVANCED_FACE ( 'NONE', ( #2076, #1128, #2598, #449, #2515, #34 ), #3320, .F. ) ;
#2439 = CARTESIAN_POINT ( 'NONE',  ( 8.000000000000000000, 2.287125093463161729, 13.30485095019297859 ) ) ;
#2440 = FACE_OUTER_BOUND ( 'NONE', #3301, .T. ) ;
#2441 = EDGE_LOOP ( 'NONE', ( #2039, #3064, #2207, #1262 ) ) ;
#2442 = CARTESIAN_POINT ( 'NONE',  ( 1.000000000000000888, 1.775737858763661916E-16, -7.949999999999998401 ) ) ;
#2443 = AXIS2_PLACEMENT_3D ( 'NONE', #3332, #2500, #1469 ) ;
#2444 = ORIENTED_EDGE ( 'NONE', *, *, #1701, .T. ) ;
#2445 = DIRECTION ( 'NONE',  ( -1.000000000000000000, 0.0000000000000000000, -0.0000000000000000000 ) ) ;
#2446 = CARTESIAN_POINT ( 'NONE',  ( 26.00000000000000355, 0.0000000000000000000, 0.0000000000000000000 ) ) ;
#2447 = CARTESIAN_POINT ( 'NONE',  ( 16.00000000000000000, -11.18967295489763103, -1.395141248733763106 ) ) ;
#2448 = VERTEX_POINT ( 'NONE', #2545 ) ;
#2449 = EDGE_LOOP ( 'NONE', ( #1313, #237 ) ) ;
#2450 = VERTEX_POINT ( 'NONE', #2251 ) ;
#2451 = AXIS2_PLACEMENT_3D ( 'NONE', #2269, #740, #2529 ) ;
#2452 = ORIENTED_EDGE ( 'NONE', *, *, #1848, .F. ) ;
#2453 = DIRECTION ( 'NONE',  ( -1.000000000000000000, -0.0000000000000000000, -0.0000000000000000000 ) ) ;
#2454 = ADVANCED_FACE ( 'NONE', ( #2034 ), #3132, .T. ) ;
#2455 = ORIENTED_EDGE ( 'NONE', *, *, #1457, .F. ) ;
#2456 = AXIS2_PLACEMENT_3D ( 'NONE', #2227, #2755, #3050 ) ;
#2457 = EDGE_CURVE ( 'NONE', #511, #476, #3297, .T. ) ;
#2458 = ORIENTED_EDGE ( 'NONE', *, *, #1774, .T. ) ;
#2459 = EDGE_CURVE ( 'NONE', #2035, #1678, #3206, .T. ) ;
#2460 = DIRECTION ( 'NONE',  ( 0.0000000000000000000, 0.0000000000000000000, 1.000000000000000000 ) ) ;
#2461 = CARTESIAN_POINT ( 'NONE',  ( 16.00000000000000000, 8.898807463360480341, 6.925779787975193891 ) ) ;
#2462 = CARTESIAN_POINT ( 'NONE',  ( 16.00000000000000000, -2.993160008755650470, -10.87180726022457478 ) ) ;
#2463 = CIRCLE ( 'NONE', #1208, 10.12399999999999878 ) ;
#2464 = DIRECTION ( 'NONE',  ( -1.000000000000000000, -0.0000000000000000000, 0.0000000000000000000 ) ) ;
#2465 = CIRCLE ( 'NONE', #2045, 4.799999999999998934 ) ;
#2466 = DIRECTION ( 'NONE',  ( -1.000000000000000000, 0.0000000000000000000, 0.0000000000000000000 ) ) ;
#2467 = ADVANCED_FACE ( 'NONE', ( #2674 ), #2680, .T. ) ;
#2468 = CYLINDRICAL_SURFACE ( 'NONE', #1213, 4.799999999999998046 ) ;
#2469 = LINE ( 'NONE', #3238, #2634 ) ;
#2470 = DIRECTION ( 'NONE',  ( 0.0000000000000000000, 0.3826834323650907810, -0.9238795325112864054 ) ) ;
#2471 = DIRECTION ( 'NONE',  ( -1.000000000000000000, 0.0000000000000000000, 0.0000000000000000000 ) ) ;
#2472 = CIRCLE ( 'NONE', #479, 1.449999999999999956 ) ;
#2473 = ORIENTED_EDGE ( 'NONE', *, *, #2072, .F. ) ;
#2474 = AXIS2_PLACEMENT_3D ( 'NONE', #2639, #3155, #1084 ) ;
#2475 = EDGE_CURVE ( 'NONE', #2448, #1979, #2555, .T. ) ;
#2476 = CARTESIAN_POINT ( 'NONE',  ( -1.000000000000004441, 1.867586368699713573E-16, 1.524999999999999911 ) ) ;
#2477 = DIRECTION ( 'NONE',  ( 0.0000000000000000000, 0.0000000000000000000, 1.000000000000000000 ) ) ;
#2478 = CIRCLE ( 'NONE', #1844, 13.49999999999999289 ) ;
#2479 = VERTEX_POINT ( 'NONE', #426 ) ;
#2480 = EDGE_CURVE ( 'NONE', #1716, #2198, #853, .T. ) ;
#2481 = DIRECTION ( 'NONE',  ( -1.000000000000000000, -0.0000000000000000000, 0.0000000000000000000 ) ) ;
#2482 = CIRCLE ( 'NONE', #498, 4.799999999999997158 ) ;
#2483 = ORIENTED_EDGE ( 'NONE', *, *, #1680, .F. ) ;
#2484 = CARTESIAN_POINT ( 'NONE',  ( 8.000000000000000000, -2.978517966582210796, 13.16732435701144333 ) ) ;
#2485 = ORIENTED_EDGE ( 'NONE', *, *, #2371, .F. ) ;
#2486 = CARTESIAN_POINT ( 'NONE',  ( 26.00000000000000355, 0.0000000000000000000, 0.0000000000000000000 ) ) ;
#2487 = ADVANCED_FACE ( 'NONE', ( #3128 ), #2958, .T. ) ;
#2488 = APPROVAL_STATUS ( 'not_yet_approved' ) ;
#2489 = ORIENTED_EDGE ( 'NONE', *, *, #2628, .F. ) ;
#2490 = DIRECTION ( 'NONE',  ( -1.000000000000000000, 0.0000000000000000000, 0.0000000000000000000 ) ) ;
#2491 = EDGE_LOOP ( 'NONE', ( #3204, #1400, #2871, #3273 ) ) ;
#2492 = ORIENTED_EDGE ( 'NONE', *, *, #2291, .F. ) ;
#2493 = DIRECTION ( 'NONE',  ( -1.000000000000000000, 0.0000000000000000000, -0.0000000000000000000 ) ) ;
#2494 = ORIENTED_EDGE ( 'NONE', *, *, #2982, .T. ) ;
#2495 = CARTESIAN_POINT ( 'NONE',  ( 16.00000000000000000, 0.0000000000000000000, 0.0000000000000000000 ) ) ;
#2496 = CARTESIAN_POINT ( 'NONE',  ( 8.000000000000000000, -11.41683459498174891, -7.204574090869479974 ) ) ;
#2497 = AXIS2_PLACEMENT_3D ( 'NONE', #365, #2445, #2706 ) ;
#2498 = ORIENTED_EDGE ( 'NONE', *, *, #2566, .T. ) ;
#2499 = DIRECTION ( 'NONE',  ( 0.0000000000000000000, 0.3826834323650841752, 0.9238795325112891810 ) ) ;
#2500 = DIRECTION ( 'NONE',  ( -1.000000000000000000, -0.0000000000000000000, -0.0000000000000000000 ) ) ;
#2501 = AXIS2_PLACEMENT_3D ( 'NONE', #2138, #3142, #1606 ) ;
#2502 = EDGE_CURVE ( 'NONE', #1110, #621, #1293, .T. ) ;
#2503 = FACE_OUTER_BOUND ( 'NONE', #1342, .T. ) ;
#2504 = AXIS2_PLACEMENT_3D ( 'NONE', #2661, #3233, #2948 ) ;
#2505 = DIRECTION ( 'NONE',  ( 0.0000000000000000000, 0.0000000000000000000, 1.000000000000000000 ) ) ;
#2506 = CIRCLE ( 'NONE', #3134, 13.49999999999999289 ) ;
#2507 = DIRECTION ( 'NONE',  ( 0.0000000000000000000, -0.3826834323650971093, 0.9238795325112836299 ) ) ;
#2508 = DIRECTION ( 'NONE',  ( 0.0000000000000000000, 0.0000000000000000000, 1.000000000000000000 ) ) ;
#2509 = PERSON_AND_ORGANIZATION ( #242, #2074 ) ;
#2510 = CIRCLE ( 'NONE', #2747, 4.799999999999998046 ) ;
#2511 = CIRCLE ( 'NONE', #3217, 4.799999999999998046 ) ;
#2512 = ORIENTED_EDGE ( 'NONE', *, *, #480, .T. ) ;
#2513 = CARTESIAN_POINT ( 'NONE',  ( -3.999999999999999112, 0.0000000000000000000, 6.500000000000000000 ) ) ;
#2514 = CALENDAR_DATE ( 2019, 12, 12 ) ;
#2515 = FACE_OUTER_BOUND ( 'NONE', #1646, .T. ) ;
#2516 = EDGE_LOOP ( 'NONE', ( #2483, #1481, #2822, #2370 ) ) ;
#2517 = DIRECTION ( 'NONE',  ( 0.0000000000000000000, 0.0000000000000000000, -1.000000000000000000 ) ) ;
#2518 = AXIS2_PLACEMENT_3D ( 'NONE', #1424, #1689, #383 ) ;
#2519 = EDGE_CURVE ( 'NONE', #905, #3349, #1749, .T. ) ;
#2520 = VECTOR ( 'NONE', #93, 1000.000000000000000 ) ;
#2521 = ORIENTED_EDGE ( 'NONE', *, *, #1410, .T. ) ;
#2522 = CARTESIAN_POINT ( 'NONE',  ( 16.00000000000000000, 0.0000000000000000000, 0.0000000000000000000 ) ) ;
#2523 = DIRECTION ( 'NONE',  ( -1.000000000000000000, -0.0000000000000000000, 0.0000000000000000000 ) ) ;
#2524 = EDGE_LOOP ( 'NONE', ( #1070, #3226, #1996, #160 ) ) ;
#2525 = EDGE_CURVE ( 'NONE', #1194, #664, #3292, .T. ) ;
#2526 = CARTESIAN_POINT ( 'NONE',  ( -3.999999999999999112, 0.0000000000000000000, -6.500000000000000000 ) ) ;
#2527 = AXIS2_PLACEMENT_3D ( 'NONE', #2098, #2104, #846 ) ;
#2528 = ORIENTED_EDGE ( 'NONE', *, *, #368, .T. ) ;
#2529 = DIRECTION ( 'NONE',  ( 0.0000000000000000000, 0.0000000000000000000, 1.000000000000000000 ) ) ;
#2530 = ORIENTED_EDGE ( 'NONE', *, *, #1279, .F. ) ;
#2531 = ORIENTED_EDGE ( 'NONE', *, *, #2897, .T. ) ;
#2532 = DIRECTION ( 'NONE',  ( 1.000000000000000000, -0.0000000000000000000, -0.0000000000000000000 ) ) ;
#2533 = CARTESIAN_POINT ( 'NONE',  ( 16.00000000000000000, 3.142328432663332283, 9.623988155711517223 ) ) ;
#2534 = EDGE_LOOP ( 'NONE', ( #291, #1402, #2048, #1623 ) ) ;
#2535 = DIRECTION ( 'NONE',  ( 0.0000000000000000000, 0.0000000000000000000, 1.000000000000000000 ) ) ;
#2536 = EDGE_LOOP ( 'NONE', ( #2088, #2776, #2252, #1470 ) ) ;
#2537 = CARTESIAN_POINT ( 'NONE',  ( 8.000000000000000000, -13.30485095019295372, -2.287125093463298953 ) ) ;
#2538 = DIRECTION ( 'NONE',  ( -1.000000000000000000, 0.0000000000000000000, -0.0000000000000000000 ) ) ;
#2539 = AXIS2_PLACEMENT_3D ( 'NONE', #3069, #1009, #3344 ) ;
#2540 = EDGE_CURVE ( 'NONE', #297, #3013, #1900, .T. ) ;
#2541 = ORIENTED_EDGE ( 'NONE', *, *, #2873, .F. ) ;
#2542 = DIRECTION ( 'NONE',  ( -1.000000000000000000, 0.0000000000000000000, 0.0000000000000000000 ) ) ;
#2543 = ORIENTED_EDGE ( 'NONE', *, *, #937, .T. ) ;
#2544 = DIRECTION ( 'NONE',  ( 1.000000000000000000, -0.0000000000000000000, -0.0000000000000000000 ) ) ;
#2545 = CARTESIAN_POINT ( 'NONE',  ( 16.00000000000000000, -4.583225543510978106, -9.027149030414225450 ) ) ;
#2546 = AXIS2_PLACEMENT_3D ( 'NONE', #2446, #1108, #3183 ) ;
#2547 = EDGE_CURVE ( 'NONE', #833, #921, #1544, .T. ) ;
#2548 = VECTOR ( 'NONE', #536, 1000.000000000000000 ) ;
#2549 = CIRCLE ( 'NONE', #2794, 4.799999999999998934 ) ;
#2550 = DIRECTION ( 'NONE',  ( 1.000000000000000000, -0.0000000000000000000, -0.0000000000000000000 ) ) ;
#2551 = CYLINDRICAL_SURFACE ( 'NONE', #703, 13.49999999999999467 ) ;
#2552 = FACE_OUTER_BOUND ( 'NONE', #2806, .T. ) ;
#2553 = DIRECTION ( 'NONE',  ( -1.000000000000000000, 0.0000000000000000000, 0.0000000000000000000 ) ) ;
#2554 = CARTESIAN_POINT ( 'NONE',  ( 8.000000000000000000, 7.790708666548114003, -11.02519199256738425 ) ) ;
#2555 = CIRCLE ( 'NONE', #1826, 4.799999999999998046 ) ;
#2556 = ORIENTED_EDGE ( 'NONE', *, *, #2024, .T. ) ;
#2557 = CARTESIAN_POINT ( 'NONE',  ( 16.00000000000000000, 0.0000000000000000000, 0.0000000000000000000 ) ) ;
#2558 = FACE_OUTER_BOUND ( 'NONE', #1077, .T. ) ;
#2559 = ORIENTED_EDGE ( 'NONE', *, *, #2051, .T. ) ;
#2560 = AXIS2_PLACEMENT_3D ( 'NONE', #947, #3274, #2507 ) ;
#2561 = EDGE_CURVE ( 'NONE', #1068, #1674, #3203, .T. ) ;
#2562 = DIRECTION ( 'NONE',  ( -1.000000000000000000, 0.0000000000000000000, 0.0000000000000000000 ) ) ;
#2563 = FACE_OUTER_BOUND ( 'NONE', #2605, .T. ) ;
#2564 = ORIENTED_EDGE ( 'NONE', *, *, #1985, .T. ) ;
#2565 = AXIS2_PLACEMENT_3D ( 'NONE', #976, #1762, #963 ) ;
#2566 = EDGE_CURVE ( 'NONE', #705, #2021, #974, .T. ) ;
#2567 = CARTESIAN_POINT ( 'NONE',  ( 0.0000000000000000000, 0.0000000000000000000, 0.0000000000000000000 ) ) ;
#2568 = ORIENTED_EDGE ( 'NONE', *, *, #1301, .T. ) ;
#2569 = DIRECTION ( 'NONE',  ( 0.0000000000000000000, -0.9238795325112905132, 0.3826834323650805669 ) ) ;
#2570 = ORIENTED_EDGE ( 'NONE', *, *, #587, .F. ) ;
#2571 = ORIENTED_EDGE ( 'NONE', *, *, #306, .T. ) ;
#2572 = AXIS2_PLACEMENT_3D ( 'NONE', #2920, #2657, #1361 ) ;
#2573 = CARTESIAN_POINT ( 'NONE',  ( 26.00000000000000355, 0.0000000000000000000, 0.0000000000000000000 ) ) ;
#2574 = ORIENTED_EDGE ( 'NONE', *, *, #61, .F. ) ;
#2575 = ORIENTED_EDGE ( 'NONE', *, *, #3223, .T. ) ;
#2576 = DIRECTION ( 'NONE',  ( 0.0000000000000000000, -0.9238795325112826307, -0.3826834323650998293 ) ) ;
#2577 = CARTESIAN_POINT ( 'NONE',  ( 0.0000000000000000000, -2.993160008755650470, -10.87180726022457478 ) ) ;
#2578 = ORIENTED_EDGE ( 'NONE', *, *, #480, .F. ) ;
#2579 = CARTESIAN_POINT ( 'NONE',  ( -10.00000000000000000, 0.0000000000000000000, 0.0000000000000000000 ) ) ;
#2580 = CARTESIAN_POINT ( 'NONE',  ( -3.999999999999999112, 0.0000000000000000000, 6.500000000000000000 ) ) ;
#2581 = ORIENTED_EDGE ( 'NONE', *, *, #2651, .T. ) ;
#2582 = ORIENTED_EDGE ( 'NONE', *, *, #461, .F. ) ;
#2583 = CARTESIAN_POINT ( 'NONE',  ( 16.00000000000000000, 11.02519199256757432, -7.790708666547845773 ) ) ;
#2584 = VERTEX_POINT ( 'NONE', #2041 ) ;
#2585 = DIRECTION ( 'NONE',  ( 0.0000000000000000000, 0.0000000000000000000, 1.000000000000000000 ) ) ;
#2586 = AXIS2_PLACEMENT_3D ( 'NONE', #1031, #3095, #234 ) ;
#2587 = EDGE_CURVE ( 'NONE', #1971, #782, #277, .T. ) ;
#2588 = CIRCLE ( 'NONE', #806, 10.12399999999999878 ) ;
#2589 = DIRECTION ( 'NONE',  ( -1.000000000000000000, 0.0000000000000000000, 0.0000000000000000000 ) ) ;
#2590 = FACE_OUTER_BOUND ( 'NONE', #213, .T. ) ;
#2591 = EDGE_CURVE ( 'NONE', #627, #2760, #2472, .T. ) ;
#2592 = CYLINDRICAL_SURFACE ( 'NONE', #2703, 10.12399999999999878 ) ;
#2593 = FACE_BOUND ( 'NONE', #2137, .T. ) ;
#2594 = CARTESIAN_POINT ( 'NONE',  ( 16.00000000000000000, 9.027149030414239661, -4.583225543510946132 ) ) ;
#2595 = ORIENTED_EDGE ( 'NONE', *, *, #2934, .F. ) ;
#2596 = DIRECTION ( 'NONE',  ( 0.0000000000000000000, 0.7071067811865486830, -0.7071067811865463515 ) ) ;
#2597 = VECTOR ( 'NONE', #3275, 1000.000000000000000 ) ;
#2598 = FACE_BOUND ( 'NONE', #163, .T. ) ;
#2599 = ORIENTED_EDGE ( 'NONE', *, *, #2382, .F. ) ;
#2600 = DIRECTION ( 'NONE',  ( 0.0000000000000000000, 0.0000000000000000000, 1.000000000000000000 ) ) ;
#2601 = DIRECTION ( 'NONE',  ( -1.000000000000000000, 0.0000000000000000000, 0.0000000000000000000 ) ) ;
#2602 = CARTESIAN_POINT ( 'NONE',  ( 8.000000000000000000, -13.16732435701147708, 2.978517966582070908 ) ) ;
#2603 = ORIENTED_EDGE ( 'NONE', *, *, #2986, .T. ) ;
#2604 = AXIS2_PLACEMENT_3D ( 'NONE', #870, #644, #64 ) ;
#2605 = EDGE_LOOP ( 'NONE', ( #1735, #1445, #1875, #1767 ) ) ;
#2606 = DIRECTION ( 'NONE',  ( -1.000000000000000000, 0.0000000000000000000, -0.0000000000000000000 ) ) ;
#2607 = ORIENTED_EDGE ( 'NONE', *, *, #2940, .T. ) ;
#2608 = AXIS2_PLACEMENT_3D ( 'NONE', #1509, #2241, #1002 ) ;
#2609 = EDGE_CURVE ( 'NONE', #141, #2734, #1823, .T. ) ;
#2610 = DIRECTION ( 'NONE',  ( 0.0000000000000000000, 0.7071067811865437980, 0.7071067811865512365 ) ) ;
#2611 = DIRECTION ( 'NONE',  ( 0.0000000000000000000, -0.3826834323650970537, 0.9238795325112838519 ) ) ;
#2612 = EDGE_LOOP ( 'NONE', ( #1852, #3152, #1750, #1925 ) ) ;
#2613 = DIRECTION ( 'NONE',  ( 0.0000000000000000000, 0.0000000000000000000, 1.000000000000000000 ) ) ;
#2614 = VERTEX_POINT ( 'NONE', #506 ) ;
#2615 = ORIENTED_EDGE ( 'NONE', *, *, #1072, .F. ) ;
#2616 = AXIS2_PLACEMENT_3D ( 'NONE', #3346, #1018, #780 ) ;
#2617 = CARTESIAN_POINT ( 'NONE',  ( 0.0000000000000000000, 11.18967295489764346, -1.395141248733685835 ) ) ;
#2618 = VERTEX_POINT ( 'NONE', #2834 ) ;
#2619 = CARTESIAN_POINT ( 'NONE',  ( 16.00000000000000000, 0.0000000000000000000, 0.0000000000000000000 ) ) ;
#2620 = CARTESIAN_POINT ( 'NONE',  ( -9.000000000000000000, 0.0000000000000000000, 0.0000000000000000000 ) ) ;
#2621 = CARTESIAN_POINT ( 'NONE',  ( 1.000000000000000888, 0.0000000000000000000, -6.500000000000000000 ) ) ;
#2622 = VERTEX_POINT ( 'NONE', #2124 ) ;
#2623 = DIRECTION ( 'NONE',  ( 0.0000000000000000000, 0.9238795325112877377, -0.3826834323650872283 ) ) ;
#2624 = AXIS2_PLACEMENT_3D ( 'NONE', #1026, #3350, #2852 ) ;
#2625 = EDGE_LOOP ( 'NONE', ( #1426, #2473 ) ) ;
#2626 = CYLINDRICAL_SURFACE ( 'NONE', #2784, 4.799999999999997158 ) ;
#2627 = AXIS2_PLACEMENT_3D ( 'NONE', #951, #3046, #1493 ) ;
#2628 = EDGE_CURVE ( 'NONE', #156, #2964, #444, .T. ) ;
#2629 = LINE ( 'NONE', #1621, #1821 ) ;
#2630 = DIRECTION ( 'NONE',  ( 0.0000000000000000000, -0.7071067811865536790, 0.7071067811865413555 ) ) ;
#2631 = PLANE ( 'NONE',  #289 ) ;
#2632 = CARTESIAN_POINT ( 'NONE',  ( 16.00000000000000000, -10.09392270842294259, 0.7798078971026336514 ) ) ;
#2633 = EDGE_CURVE ( 'NONE', #1849, #203, #155, .T. ) ;
#2634 = VECTOR ( 'NONE', #2715, 1000.000000000000000 ) ;
#2635 = VECTOR ( 'NONE', #1873, 1000.000000000000000 ) ;
#2636 = EDGE_LOOP ( 'NONE', ( #15, #250 ) ) ;
#2637 = FACE_OUTER_BOUND ( 'NONE', #1683, .T. ) ;
#2638 = ORIENTED_EDGE ( 'NONE', *, *, #2132, .F. ) ;
#2639 = CARTESIAN_POINT ( 'NONE',  ( -9.000000000000000000, -6.500000000000000000, 0.0000000000000000000 ) ) ;
#2640 = ORIENTED_EDGE ( 'NONE', *, *, #788, .F. ) ;
#2641 = CARTESIAN_POINT ( 'NONE',  ( -9.000000000000000000, 0.0000000000000000000, 0.0000000000000000000 ) ) ;
#2642 = CARTESIAN_POINT ( 'NONE',  ( 16.00000000000000000, -1.395141248733573480, -11.18967295489765590 ) ) ;
#2643 = VERTEX_POINT ( 'NONE', #1348 ) ;
#2644 = DIRECTION ( 'NONE',  ( -1.000000000000000000, -0.0000000000000000000, -0.0000000000000000000 ) ) ;
#2645 = AXIS2_PLACEMENT_3D ( 'NONE', #762, #198, #1497 ) ;
#2646 = EDGE_CURVE ( 'NONE', #2436, #2584, #2511, .T. ) ;
#2647 = EDGE_LOOP ( 'NONE', ( #1428, #1073 ) ) ;
#2648 = ORIENTED_EDGE ( 'NONE', *, *, #1769, .T. ) ;
#2649 = ORIENTED_EDGE ( 'NONE', *, *, #2646, .T. ) ;
#2650 = VERTEX_POINT ( 'NONE', #286 ) ;
#2651 = EDGE_CURVE ( 'NONE', #574, #333, #2430, .T. ) ;
#2652 = DIRECTION ( 'NONE',  ( -1.000000000000000000, 0.0000000000000000000, 0.0000000000000000000 ) ) ;
#2653 = DIRECTION ( 'NONE',  ( -1.000000000000000000, 0.0000000000000000000, 0.0000000000000000000 ) ) ;
#2654 = VERTEX_POINT ( 'NONE', #30 ) ;
#2655 = ADVANCED_FACE ( 'NONE', ( #3164 ), #2389, .T. ) ;
#2656 = CARTESIAN_POINT ( 'NONE',  ( 16.00000000000000000, 1.395141248733646533, 11.18967295489764879 ) ) ;
#2657 = DIRECTION ( 'NONE',  ( 1.000000000000000000, 0.0000000000000000000, 0.0000000000000000000 ) ) ;
#2658 = ORIENTED_EDGE ( 'NONE', *, *, #1782, .T. ) ;
#2659 = ORIENTED_EDGE ( 'NONE', *, *, #2743, .F. ) ;
#2660 = CARTESIAN_POINT ( 'NONE',  ( 8.000000000000000000, -13.30485095019298747, 2.287125093463114212 ) ) ;
#2661 = CARTESIAN_POINT ( 'NONE',  ( 16.00000000000000000, 0.0000000000000000000, 0.0000000000000000000 ) ) ;
#2662 = DIRECTION ( 'NONE',  ( 0.0000000000000000000, 0.0000000000000000000, 1.000000000000000000 ) ) ;
#2663 = CIRCLE ( 'NONE', #1362, 4.799999999999998046 ) ;
#2664 = AXIS2_PLACEMENT_3D ( 'NONE', #1253, #2022, #488 ) ;
#2665 = CARTESIAN_POINT ( 'NONE',  ( 16.00000000000000000, -0.7798078971027381234, 10.09392270842293371 ) ) ;
#2666 = CARTESIAN_POINT ( 'NONE',  ( 16.00000000000000000, 1.395141248733807293, -11.18967295489762570 ) ) ;
#2667 = CIRCLE ( 'NONE', #580, 2.049999999999998934 ) ;
#2668 = FACE_OUTER_BOUND ( 'NONE', #1599, .T. ) ;
#2669 = CIRCLE ( 'NONE', #1874, 13.49999999999999289 ) ;
#2670 = AXIS2_PLACEMENT_3D ( 'NONE', #2800, #1242, #1775 ) ;
#2671 = EDGE_CURVE ( 'NONE', #664, #3229, #357, .T. ) ;
#2672 = CARTESIAN_POINT ( 'NONE',  ( 16.00000000000000000, 7.790708666548114003, -11.02519199256738425 ) ) ;
#2673 = ADVANCED_FACE ( 'NONE', ( #1209 ), #3041, .F. ) ;
#2674 = FACE_OUTER_BOUND ( 'NONE', #1598, .T. ) ;
#2675 = VERTEX_POINT ( 'NONE', #835 ) ;
#2676 = CARTESIAN_POINT ( 'NONE',  ( 0.0000000000000000000, 6.925779787975288926, -8.898807463360403958 ) ) ;
#2677 = CALENDAR_DATE ( 2019, 12, 12 ) ;
#2678 = CARTESIAN_POINT ( 'NONE',  ( 16.00000000000000000, -13.16732435701147530, 2.978517966582071796 ) ) ;
#2679 = AXIS2_PLACEMENT_3D ( 'NONE', #1353, #3216, #1641 ) ;
#2680 = CYLINDRICAL_SURFACE ( 'NONE', #1343, 13.49999999999999467 ) ;
#2681 = VERTEX_POINT ( 'NONE', #2916 ) ;
#2682 = CARTESIAN_POINT ( 'NONE',  ( 0.0000000000000000000, -6.586073743834637284, 7.688888647962849987 ) ) ;
#2683 = CARTESIAN_POINT ( 'NONE',  ( 16.00000000000000000, 1.395141248733807293, -11.18967295489762570 ) ) ;
#2684 = CIRCLE ( 'NONE', #1955, 13.49999999999999467 ) ;
#2685 = ORIENTED_EDGE ( 'NONE', *, *, #2646, .F. ) ;
#2686 = DIRECTION ( 'NONE',  ( -1.000000000000000000, -0.0000000000000000000, -0.0000000000000000000 ) ) ;
#2687 = ORIENTED_EDGE ( 'NONE', *, *, #1500, .T. ) ;
#2688 = DIRECTION ( 'NONE',  ( 0.0000000000000000000, -0.7071067811865537900, 0.7071067811865413555 ) ) ;
#2689 = EDGE_LOOP ( 'NONE', ( #2782, #2942, #2825, #241 ) ) ;
#2690 = ORIENTED_EDGE ( 'NONE', *, *, #2540, .T. ) ;
#2691 = DIRECTION ( 'NONE',  ( 0.0000000000000000000, 1.000000000000000000, 3.491481338843134144E-15 ) ) ;
#2692 = ADVANCED_FACE ( 'NONE', ( #1056 ), #1661, .T. ) ;
#2693 = DIRECTION ( 'NONE',  ( -1.000000000000000000, 0.0000000000000000000, 0.0000000000000000000 ) ) ;
#2694 = EDGE_LOOP ( 'NONE', ( #744, #1135, #2336, #1267 ) ) ;
#2695 = CARTESIAN_POINT ( 'NONE',  ( -10.00000000000000000, 0.0000000000000000000, 0.0000000000000000000 ) ) ;
#2696 = AXIS2_PLACEMENT_3D ( 'NONE', #2513, #2242, #2315 ) ;
#2697 = EDGE_CURVE ( 'NONE', #2675, #3019, #1708, .T. ) ;
#2698 = ORIENTED_EDGE ( 'NONE', *, *, #1985, .F. ) ;
#2699 = DIRECTION ( 'NONE',  ( 0.0000000000000000000, 0.0000000000000000000, -1.000000000000000000 ) ) ;
#2700 = ORIENTED_EDGE ( 'NONE', *, *, #1866, .F. ) ;
#2701 = EDGE_CURVE ( 'NONE', #514, #2357, #1949, .T. ) ;
#2702 = CARTESIAN_POINT ( 'NONE',  ( 16.00000000000000000, 0.7798078971028086226, -10.09392270842292838 ) ) ;
#2703 = AXIS2_PLACEMENT_3D ( 'NONE', #2044, #2064, #3366 ) ;
#2704 = DIRECTION ( 'NONE',  ( -1.000000000000000000, -0.0000000000000000000, -0.0000000000000000000 ) ) ;
#2705 = VERTEX_POINT ( 'NONE', #2632 ) ;
#2706 = DIRECTION ( 'NONE',  ( 0.0000000000000000000, 0.9238795325112878487, -0.3826834323650873393 ) ) ;
#2707 = DIRECTION ( 'NONE',  ( -1.000000000000000000, 0.0000000000000000000, 0.0000000000000000000 ) ) ;
#2708 = ADVANCED_FACE ( 'NONE', ( #608 ), #2845, .F. ) ;
#2709 = CIRCLE ( 'NONE', #1003, 13.49999999999999289 ) ;
#2710 = DIRECTION ( 'NONE',  ( -1.000000000000000000, 0.0000000000000000000, 0.0000000000000000000 ) ) ;
#2711 = DIRECTION ( 'NONE',  ( 0.0000000000000000000, 0.0000000000000000000, 1.000000000000000000 ) ) ;
#2712 = CIRCLE ( 'NONE', #3029, 13.49999999999999467 ) ;
#2713 = EDGE_CURVE ( 'NONE', #1186, #1674, #1863, .T. ) ;
#2714 = CARTESIAN_POINT ( 'NONE',  ( 16.00000000000000000, 0.0000000000000000000, 0.0000000000000000000 ) ) ;
#2715 = DIRECTION ( 'NONE',  ( 1.000000000000000000, 0.0000000000000000000, -0.0000000000000000000 ) ) ;
#2716 = VECTOR ( 'NONE', #3083, 1000.000000000000000 ) ;
#2717 = LINE ( 'NONE', #190, #893 ) ;
#2718 = EDGE_CURVE ( 'NONE', #476, #3219, #1992, .T. ) ;
#2719 = CIRCLE ( 'NONE', #1119, 9.500000000000000000 ) ;
#2720 = ORIENTED_EDGE ( 'NONE', *, *, #8, .F. ) ;
#2721 = CARTESIAN_POINT ( 'NONE',  ( 16.00000000000000000, 0.0000000000000000000, 0.0000000000000000000 ) ) ;
#2722 = CARTESIAN_POINT ( 'NONE',  ( 0.0000000000000000000, -11.02519199256751925, 7.790708666547922157 ) ) ;
#2723 = VECTOR ( 'NONE', #809, 1000.000000000000000 ) ;
#2724 = ORIENTED_EDGE ( 'NONE', *, *, #3118, .F. ) ;
#2725 = LINE ( 'NONE', #2228, #1673 ) ;
#2726 = ORIENTED_EDGE ( 'NONE', *, *, #1886, .T. ) ;
#2727 = DIRECTION ( 'NONE',  ( 0.0000000000000000000, 0.0000000000000000000, 1.000000000000000000 ) ) ;
#2728 = ADVANCED_FACE ( 'NONE', ( #2149 ), #1171, .T. ) ;
#2729 = APPLICATION_CONTEXT ( 'configuration controlled 3d designs of mechanical parts and assemblies' ) ;
#2730 = DIRECTION ( 'NONE',  ( -1.000000000000000000, -0.0000000000000000000, 0.0000000000000000000 ) ) ;
#2731 = ORIENTED_EDGE ( 'NONE', *, *, #1140, .F. ) ;
#2732 = CARTESIAN_POINT ( 'NONE',  ( 16.00000000000000000, 9.623988155711550974, -3.142328432663227922 ) ) ;
#2733 = ORIENTED_EDGE ( 'NONE', *, *, #2540, .F. ) ;
#2734 = VERTEX_POINT ( 'NONE', #591 ) ;
#2735 = AXIS2_PLACEMENT_3D ( 'NONE', #1513, #2303, #2281 ) ;
#2736 = VERTEX_POINT ( 'NONE', #73 ) ;
#2737 = ORIENTED_EDGE ( 'NONE', *, *, #704, .T. ) ;
#2738 = DIRECTION ( 'NONE',  ( 0.0000000000000000000, 0.7071067811865437980, 0.7071067811865513475 ) ) ;
#2739 = DESIGN_CONTEXT ( 'detailed design', #1960, 'design' ) ;
#2740 = CARTESIAN_POINT ( 'NONE',  ( 0.0000000000000000000, 2.993160008755877843, -10.87180726022451083 ) ) ;
#2741 = VERTEX_POINT ( 'NONE', #336 ) ;
#2742 = AXIS2_PLACEMENT_3D ( 'NONE', #174, #464, #2276 ) ;
#2743 = EDGE_CURVE ( 'NONE', #2736, #3182, #3005, .T. ) ;
#2744 = CARTESIAN_POINT ( 'NONE',  ( 16.00000000000000000, 9.623988155711510117, 3.142328432663366033 ) ) ;
#2745 = ORIENTED_EDGE ( 'NONE', *, *, #943, .F. ) ;
#2746 = ADVANCED_FACE ( 'NONE', ( #566 ), #1020, .T. ) ;
#2747 = AXIS2_PLACEMENT_3D ( 'NONE', #1357, #1582, #2623 ) ;
#2748 = DIRECTION ( 'NONE',  ( -1.000000000000000000, -0.0000000000000000000, -0.0000000000000000000 ) ) ;
#2749 = ORIENTED_EDGE ( 'NONE', *, *, #3235, .T. ) ;
#2750 = DIRECTION ( 'NONE',  ( -1.000000000000000000, -0.0000000000000000000, 0.0000000000000000000 ) ) ;
#2751 = DIRECTION ( 'NONE',  ( -1.000000000000000000, -0.0000000000000000000, -0.0000000000000000000 ) ) ;
#2752 = CIRCLE ( 'NONE', #1097, 1.449999999999999734 ) ;
#2753 = DIRECTION ( 'NONE',  ( -1.000000000000000000, 0.0000000000000000000, 0.0000000000000000000 ) ) ;
#2754 = CIRCLE ( 'NONE', #1861, 9.500000000000000000 ) ;
#2755 = DIRECTION ( 'NONE',  ( -1.000000000000000000, 0.0000000000000000000, 0.0000000000000000000 ) ) ;
#2756 = CYLINDRICAL_SURFACE ( 'NONE', #2328, 10.12399999999999878 ) ;
#2757 = CIRCLE ( 'NONE', #1636, 4.799999999999998046 ) ;
#2758 = CARTESIAN_POINT ( 'NONE',  ( 0.0000000000000000000, -6.586073743834530703, -7.688888647962940581 ) ) ;
#2759 = DIRECTION ( 'NONE',  ( -1.000000000000000000, 0.0000000000000000000, 0.0000000000000000000 ) ) ;
#2760 = VERTEX_POINT ( 'NONE', #1748 ) ;
#2761 = AXIS2_PLACEMENT_3D ( 'NONE', #2783, #1968, #1977 ) ;
#2762 = CIRCLE ( 'NONE', #3311, 4.799999999999998046 ) ;
#2763 = EDGE_CURVE ( 'NONE', #2479, #129, #1251, .T. ) ;
#2764 = CARTESIAN_POINT ( 'NONE',  ( 16.00000000000000000, -10.87180726022456234, 7.793160008755686263 ) ) ;
#2765 = VECTOR ( 'NONE', #2273, 1000.000000000000000 ) ;
#2766 = EDGE_LOOP ( 'NONE', ( #908, #1600, #2494, #3306 ) ) ;
#2767 = EDGE_CURVE ( 'NONE', #2970, #70, #3088, .T. ) ;
#2768 = CARTESIAN_POINT ( 'NONE',  ( 0.0000000000000000000, -10.87180726022456234, 2.993160008755688661 ) ) ;
#2769 = CARTESIAN_POINT ( 'NONE',  ( 0.0000000000000000000, 0.0000000000000000000, 0.0000000000000000000 ) ) ;
#2770 = CC_DESIGN_DATE_AND_TIME_ASSIGNMENT ( #2271, #1786, ( #1505 ) ) ;
#2771 = LINE ( 'NONE', #3147, #2853 ) ;
#2772 = ORIENTED_EDGE ( 'NONE', *, *, #2502, .T. ) ;
#2773 = CARTESIAN_POINT ( 'NONE',  ( 16.00000000000000000, -7.688888647962918377, 6.586073743834556460 ) ) ;
#2774 = EDGE_LOOP ( 'NONE', ( #458, #2865 ) ) ;
#2775 = CARTESIAN_POINT ( 'NONE',  ( -3.999999999999999112, 6.500000000000000000, 0.0000000000000000000 ) ) ;
#2776 = ORIENTED_EDGE ( 'NONE', *, *, #721, .F. ) ;
#2777 = DIRECTION ( 'NONE',  ( -1.000000000000000000, -0.0000000000000000000, -0.0000000000000000000 ) ) ;
#2778 = DIRECTION ( 'NONE',  ( 0.0000000000000000000, -0.9238795325112905132, 0.3826834323650805669 ) ) ;
#2779 = VERTEX_POINT ( 'NONE', #1761 ) ;
#2780 = DIRECTION ( 'NONE',  ( -1.000000000000000000, -0.0000000000000000000, -0.0000000000000000000 ) ) ;
#2781 = CARTESIAN_POINT ( 'NONE',  ( 16.00000000000000000, 0.0000000000000000000, 0.0000000000000000000 ) ) ;
#2782 = ORIENTED_EDGE ( 'NONE', *, *, #2068, .F. ) ;
#2783 = CARTESIAN_POINT ( 'NONE',  ( 16.00000000000000000, 0.0000000000000000000, 0.0000000000000000000 ) ) ;
#2784 = AXIS2_PLACEMENT_3D ( 'NONE', #2461, #2471, #2505 ) ;
#2785 = ORIENTED_EDGE ( 'NONE', *, *, #2986, .F. ) ;
#2786 = CARTESIAN_POINT ( 'NONE',  ( 1.000000000000000888, -6.500000000000000000, 1.449999999999999956 ) ) ;
#2787 = DIRECTION ( 'NONE',  ( -1.000000000000000000, 0.0000000000000000000, 0.0000000000000000000 ) ) ;
#2788 = AXIS2_PLACEMENT_3D ( 'NONE', #2223, #3285, #2508 ) ;
#2789 = EDGE_CURVE ( 'NONE', #1093, #2394, #1458, .T. ) ;
#2790 = EDGE_LOOP ( 'NONE', ( #219, #1181 ) ) ;
#2791 = DIRECTION ( 'NONE',  ( 0.0000000000000000000, 0.0000000000000000000, -1.000000000000000000 ) ) ;
#2792 = ORIENTED_EDGE ( 'NONE', *, *, #374, .T. ) ;
#2793 = PRODUCT ( 'ISO - Spur gear 1.5M 16T 20PA 16FW ---S16A75H50L0', 'ISO - Spur gear 1.5M 16T 20PA 16FW ---S16A75H50L0', '', ( #412 ) ) ;
#2794 = AXIS2_PLACEMENT_3D ( 'NONE', #1611, #1850, #2135 ) ;
#2795 = CARTESIAN_POINT ( 'NONE',  ( 0.0000000000000000000, -10.09392270842293193, -0.7798078971027733175 ) ) ;
#2796 = CIRCLE ( 'NONE', #3369, 10.12400000000000055 ) ;
#2797 = CARTESIAN_POINT ( 'NONE',  ( 16.00000000000000000, 6.925779787975288926, -8.898807463360403958 ) ) ;
#2798 = CARTESIAN_POINT ( 'NONE',  ( 0.0000000000000000000, 13.30485095019296971, 2.287125093463205250 ) ) ;
#2799 = CYLINDRICAL_SURFACE ( 'NONE', #2861, 1.449999999999999956 ) ;
#2800 = CARTESIAN_POINT ( 'NONE',  ( 26.00000000000000355, 0.0000000000000000000, 0.0000000000000000000 ) ) ;
#2801 = CYLINDRICAL_SURFACE ( 'NONE', #2955, 4.799999999999998046 ) ;
#2802 = FACE_OUTER_BOUND ( 'NONE', #2326, .T. ) ;
#2803 = AXIS2_PLACEMENT_3D ( 'NONE', #1693, #2995, #421 ) ;
#2804 = DIRECTION ( 'NONE',  ( -1.000000000000000000, -0.0000000000000000000, 0.0000000000000000000 ) ) ;
#2805 = CYLINDRICAL_SURFACE ( 'NONE', #301, 2.049999999999998934 ) ;
#2806 = EDGE_LOOP ( 'NONE', ( #2492, #364, #1309, #1555 ) ) ;
#2807 = AXIS2_PLACEMENT_3D ( 'NONE', #1841, #305, #556 ) ;
#2808 = EDGE_CURVE ( 'NONE', #2035, #88, #2921, .T. ) ;
#2809 = CIRCLE ( 'NONE', #1409, 2.049999999999999822 ) ;
#2810 = ORIENTED_EDGE ( 'NONE', *, *, #1366, .F. ) ;
#2811 = DIRECTION ( 'NONE',  ( -1.000000000000000000, 0.0000000000000000000, -0.0000000000000000000 ) ) ;
#2812 = CARTESIAN_POINT ( 'NONE',  ( -10.00000000000000000, 0.0000000000000000000, 0.0000000000000000000 ) ) ;
#2813 = CARTESIAN_POINT ( 'NONE',  ( 0.0000000000000000000, 0.0000000000000000000, 0.0000000000000000000 ) ) ;
#2814 = VECTOR ( 'NONE', #84, 1000.000000000000000 ) ;
#2815 = ORIENTED_EDGE ( 'NONE', *, *, #78, .F. ) ;
#2816 = EDGE_CURVE ( 'NONE', #621, #1110, #1619, .T. ) ;
#2817 = CARTESIAN_POINT ( 'NONE',  ( 0.0000000000000000000, 0.0000000000000000000, 0.0000000000000000000 ) ) ;
#2818 = ORIENTED_EDGE ( 'NONE', *, *, #662, .T. ) ;
#2819 = CARTESIAN_POINT ( 'NONE',  ( 0.0000000000000000000, 10.87180726022454458, 2.993160008755764157 ) ) ;
#2820 = CARTESIAN_POINT ( 'NONE',  ( 16.00000000000000000, 8.898807463360574488, -6.925779787975073987 ) ) ;
#2821 = EDGE_LOOP ( 'NONE', ( #308, #1563, #2827, #1601 ) ) ;
#2822 = ORIENTED_EDGE ( 'NONE', *, *, #1695, .T. ) ;
#2823 = DIRECTION ( 'NONE',  ( 0.0000000000000000000, -0.3826834323650773473, -0.9238795325112919565 ) ) ;
#2824 = DIRECTION ( 'NONE',  ( 0.0000000000000000000, 1.000000000000000000, 3.491481338843134144E-15 ) ) ;
#2825 = ORIENTED_EDGE ( 'NONE', *, *, #2367, .F. ) ;
#2826 = CARTESIAN_POINT ( 'NONE',  ( -3.999999999999999112, 6.500000000000000000, 2.049999999999999822 ) ) ;
#2827 = ORIENTED_EDGE ( 'NONE', *, *, #2525, .F. ) ;
#2828 = DIRECTION ( 'NONE',  ( -1.000000000000000000, -0.0000000000000000000, 0.0000000000000000000 ) ) ;
#2829 = DIRECTION ( 'NONE',  ( -1.000000000000000000, 0.0000000000000000000, 0.0000000000000000000 ) ) ;
#2830 = DIRECTION ( 'NONE',  ( 0.0000000000000000000, 0.7071067811865487940, -0.7071067811865462405 ) ) ;
#2831 = AXIS2_PLACEMENT_3D ( 'NONE', #3113, #1157, #130 ) ;
#2832 = EDGE_CURVE ( 'NONE', #1776, #2584, #236, .T. ) ;
#2833 = ORIENTED_EDGE ( 'NONE', *, *, #982, .F. ) ;
#2834 = CARTESIAN_POINT ( 'NONE',  ( -9.000000000000000000, 2.510525938252073693E-16, -8.549999999999998934 ) ) ;
#2835 = EDGE_CURVE ( 'NONE', #331, #462, #69, .T. ) ;
#2836 = VECTOR ( 'NONE', #470, 1000.000000000000000 ) ;
#2837 = ADVANCED_FACE ( 'NONE', ( #486 ), #400, .T. ) ;
#2838 = FACE_OUTER_BOUND ( 'NONE', #1620, .T. ) ;
#2839 = DIRECTION ( 'NONE',  ( 0.0000000000000000000, 1.000000000000000000, 3.491481338843134144E-15 ) ) ;
#2840 = CIRCLE ( 'NONE', #2260, 4.799999999999998046 ) ;
#2841 = FACE_OUTER_BOUND ( 'NONE', #2694, .T. ) ;
#2842 = DIRECTION ( 'NONE',  ( 0.0000000000000000000, 0.0000000000000000000, 1.000000000000000000 ) ) ;
#2843 = CARTESIAN_POINT ( 'NONE',  ( -3.999999999999999112, 0.0000000000000000000, 6.500000000000000000 ) ) ;
#2844 = DIRECTION ( 'NONE',  ( 0.0000000000000000000, 1.000000000000000000, 3.614007241618349954E-15 ) ) ;
#2845 = CYLINDRICAL_SURFACE ( 'NONE', #1700, 1.449999999999999067 ) ;
#2846 = CYLINDRICAL_SURFACE ( 'NONE', #36, 2.049999999999998934 ) ;
#2847 = CARTESIAN_POINT ( 'NONE',  ( 0.0000000000000000000, -13.30485095019295372, -2.287125093463298509 ) ) ;
#2848 = FACE_OUTER_BOUND ( 'NONE', #2449, .T. ) ;
#2849 = ORIENTED_EDGE ( 'NONE', *, *, #2285, .F. ) ;
#2850 = AXIS2_PLACEMENT_3D ( 'NONE', #1005, #2550, #2517 ) ;
#2851 = CARTESIAN_POINT ( 'NONE',  ( -3.999999999999999112, -6.500000000000000000, -2.049999999999999822 ) ) ;
#2852 = DIRECTION ( 'NONE',  ( 0.0000000000000000000, 0.7071067811865437980, 0.7071067811865513475 ) ) ;
#2853 = VECTOR ( 'NONE', #842, 1000.000000000000000 ) ;
#2854 = ORIENTED_EDGE ( 'NONE', *, *, #2718, .T. ) ;
#2855 = AXIS2_PLACEMENT_3D ( 'NONE', #3291, #1997, #2012 ) ;
#2856 = EDGE_CURVE ( 'NONE', #1252, #537, #1372, .T. ) ;
#2857 = ORIENTED_EDGE ( 'NONE', *, *, #1344, .F. ) ;
#2858 = DIRECTION ( 'NONE',  ( 0.0000000000000000000, 0.0000000000000000000, 1.000000000000000000 ) ) ;
#2859 = CARTESIAN_POINT ( 'NONE',  ( 16.00000000000000000, -8.898807463360428827, -6.925779787975259616 ) ) ;
#2860 = ORIENTED_EDGE ( 'NONE', *, *, #1848, .T. ) ;
#2861 = AXIS2_PLACEMENT_3D ( 'NONE', #335, #2704, #885 ) ;
#2862 = ORIENTED_EDGE ( 'NONE', *, *, #262, .F. ) ;
#2863 = ORIENTED_EDGE ( 'NONE', *, *, #2031, .T. ) ;
#2864 = DIRECTION ( 'NONE',  ( 0.0000000000000000000, 0.0000000000000000000, 1.000000000000000000 ) ) ;
#2865 = ORIENTED_EDGE ( 'NONE', *, *, #2561, .T. ) ;
#2866 = DIRECTION ( 'NONE',  ( -1.000000000000000000, -0.0000000000000000000, -0.0000000000000000000 ) ) ;
#2867 = DIRECTION ( 'NONE',  ( 1.000000000000000000, -0.0000000000000000000, -0.0000000000000000000 ) ) ;
#2868 = DIRECTION ( 'NONE',  ( -1.000000000000000000, 0.0000000000000000000, 0.0000000000000000000 ) ) ;
#2869 = ORIENTED_EDGE ( 'NONE', *, *, #662, .F. ) ;
#2870 = CARTESIAN_POINT ( 'NONE',  ( 16.00000000000000000, 0.0000000000000000000, 0.0000000000000000000 ) ) ;
#2871 = ORIENTED_EDGE ( 'NONE', *, *, #1845, .F. ) ;
#2872 = AXIS2_PLACEMENT_3D ( 'NONE', #2018, #2787, #1744 ) ;
#2873 = EDGE_CURVE ( 'NONE', #1685, #3254, #928, .T. ) ;
#2874 = CIRCLE ( 'NONE', #981, 4.799999999999997158 ) ;
#2875 = DIRECTION ( 'NONE',  ( -1.000000000000000000, -0.0000000000000000000, -0.0000000000000000000 ) ) ;
#2876 = DIRECTION ( 'NONE',  ( -1.000000000000000000, 0.0000000000000000000, 0.0000000000000000000 ) ) ;
#2877 = DIRECTION ( 'NONE',  ( 0.0000000000000000000, 0.0000000000000000000, 1.000000000000000000 ) ) ;
#2878 = VECTOR ( 'NONE', #730, 1000.000000000000000 ) ;
#2879 = EDGE_CURVE ( 'NONE', #2734, #1321, #1705, .T. ) ;
#2880 = AXIS2_PLACEMENT_3D ( 'NONE', #157, #948, #2499 ) ;
#2881 = DIRECTION ( 'NONE',  ( -1.000000000000000000, 0.0000000000000000000, 0.0000000000000000000 ) ) ;
#2882 = LOCAL_TIME ( 17, 8, 36.00000000000000000, #353 ) ;
#2883 = LINE ( 'NONE', #1856, #2425 ) ;
#2884 = CARTESIAN_POINT ( 'NONE',  ( 16.00000000000000000, -7.204574090869277470, -11.41683459498187680 ) ) ;
#2885 = CIRCLE ( 'NONE', #1048, 4.799999999999998934 ) ;
#2886 = CIRCLE ( 'NONE', #1221, 4.799999999999996270 ) ;
#2887 = CIRCLE ( 'NONE', #60, 4.799999999999998046 ) ;
#2888 = VERTEX_POINT ( 'NONE', #161 ) ;
#2889 = CARTESIAN_POINT ( 'NONE',  ( 16.00000000000000000, 9.804012376825491870, 5.571044898090343978 ) ) ;
#2890 = DIRECTION ( 'NONE',  ( -1.000000000000000000, -0.0000000000000000000, -0.0000000000000000000 ) ) ;
#2891 = ORIENTED_EDGE ( 'NONE', *, *, #275, .T. ) ;
#2892 = AXIS2_PLACEMENT_3D ( 'NONE', #276, #1111, #1040 ) ;
#2893 = EDGE_CURVE ( 'NONE', #3013, #257, #602, .T. ) ;
#2894 = CYLINDRICAL_SURFACE ( 'NONE', #317, 4.799999999999998046 ) ;
#2895 = ORIENTED_EDGE ( 'NONE', *, *, #3045, .F. ) ;
#2896 = ORIENTED_EDGE ( 'NONE', *, *, #2024, .F. ) ;
#2897 = EDGE_CURVE ( 'NONE', #469, #1718, #1086, .T. ) ;
#2898 = DIRECTION ( 'NONE',  ( 1.000000000000000000, 0.0000000000000000000, 0.0000000000000000000 ) ) ;
#2899 = DIRECTION ( 'NONE',  ( -1.000000000000000000, 0.0000000000000000000, 0.0000000000000000000 ) ) ;
#2900 = ORIENTED_EDGE ( 'NONE', *, *, #212, .T. ) ;
#2901 = ORIENTED_EDGE ( 'NONE', *, *, #262, .T. ) ;
#2902 = VERTEX_POINT ( 'NONE', #2263 ) ;
#2903 = EDGE_LOOP ( 'NONE', ( #1836, #200, #2340, #1032 ) ) ;
#2904 = CARTESIAN_POINT ( 'NONE',  ( 16.00000000000000000, -2.993160008755650470, -10.87180726022457478 ) ) ;
#2905 = ORIENTED_EDGE ( 'NONE', *, *, #814, .F. ) ;
#2906 = DIRECTION ( 'NONE',  ( -1.000000000000000000, 0.0000000000000000000, -0.0000000000000000000 ) ) ;
#2907 = DIRECTION ( 'NONE',  ( 1.000000000000000000, 0.0000000000000000000, 0.0000000000000000000 ) ) ;
#2908 = AXIS2_PLACEMENT_3D ( 'NONE', #3114, #1312, #1299 ) ;
#2909 = CARTESIAN_POINT ( 'NONE',  ( 8.000000000000000000, -11.02519199256741267, -7.790708666548075811 ) ) ;
#2910 = AXIS2_PLACEMENT_3D ( 'NONE', #601, #1368, #1893 ) ;
#2911 = EDGE_CURVE ( 'NONE', #2584, #1520, #3241, .T. ) ;
#2912 = ADVANCED_FACE ( 'NONE', ( #2144 ), #1454, .F. ) ;
#2913 = CIRCLE ( 'NONE', #2908, 13.49999999999999289 ) ;
#2914 = DIRECTION ( 'NONE',  ( -1.000000000000000000, -0.0000000000000000000, 0.0000000000000000000 ) ) ;
#2915 = CARTESIAN_POINT ( 'NONE',  ( 16.00000000000000000, 7.204574090869515501, -11.41683459498172581 ) ) ;
#2916 = CARTESIAN_POINT ( 'NONE',  ( 16.00000000000000000, 10.09392270842293726, -0.7798078971027041506 ) ) ;
#2917 = AXIS2_PLACEMENT_3D ( 'NONE', #903, #96, #2688 ) ;
#2918 = CIRCLE ( 'NONE', #1146, 13.49999999999999289 ) ;
#2919 = VECTOR ( 'NONE', #2429, 1000.000000000000000 ) ;
#2920 = CARTESIAN_POINT ( 'NONE',  ( 16.00000000000000000, 0.0000000000000000000, 0.0000000000000000000 ) ) ;
#2921 = CIRCLE ( 'NONE', #2742, 2.049999999999999822 ) ;
#2922 = EDGE_LOOP ( 'NONE', ( #1491, #3107, #304, #1103 ) ) ;
#2923 = CIRCLE ( 'NONE', #2565, 4.799999999999998046 ) ;
#2924 = ORIENTED_EDGE ( 'NONE', *, *, #1891, .T. ) ;
#2925 = CARTESIAN_POINT ( 'NONE',  ( -3.999999999999999112, 0.0000000000000000000, 7.949999999999998401 ) ) ;
#2926 = VECTOR ( 'NONE', #41, 1000.000000000000000 ) ;
#2927 = EDGE_LOOP ( 'NONE', ( #1098, #2293, #1519, #526 ) ) ;
#2928 = CARTESIAN_POINT ( 'NONE',  ( 0.0000000000000000000, 11.18967295489762037, 1.395141248733846373 ) ) ;
#2929 = ORIENTED_EDGE ( 'NONE', *, *, #1344, .T. ) ;
#2930 = DIRECTION ( 'NONE',  ( 0.0000000000000000000, 0.0000000000000000000, -1.000000000000000000 ) ) ;
#2931 = ADVANCED_FACE ( 'NONE', ( #2032 ), #2801, .T. ) ;
#2932 = PLANE ( 'NONE',  #3137 ) ;
#2933 = AXIS2_PLACEMENT_3D ( 'NONE', #2058, #2302, #1264 ) ;
#2934 = EDGE_CURVE ( 'NONE', #3019, #3254, #67, .T. ) ;
#2935 = VERTEX_POINT ( 'NONE', #1790 ) ;
#2936 = VERTEX_POINT ( 'NONE', #529 ) ;
#2937 = DIRECTION ( 'NONE',  ( 0.0000000000000000000, 0.7071067811865487940, -0.7071067811865463515 ) ) ;
#2938 = VERTEX_POINT ( 'NONE', #1802 ) ;
#2939 = EDGE_LOOP ( 'NONE', ( #390, #588, #2111, #358 ) ) ;
#2940 = EDGE_CURVE ( 'NONE', #173, #1938, #1858, .T. ) ;
#2941 = AXIS2_PLACEMENT_3D ( 'NONE', #2870, #2312, #510 ) ;
#2942 = ORIENTED_EDGE ( 'NONE', *, *, #233, .T. ) ;
#2943 = DIRECTION ( 'NONE',  ( 0.0000000000000000000, 0.9238795325112851842, 0.3826834323650936676 ) ) ;
#2944 = EDGE_LOOP ( 'NONE', ( #2556, #661 ) ) ;
#2945 = ORIENTED_EDGE ( 'NONE', *, *, #1956, .F. ) ;
#2946 = ADVANCED_FACE ( 'NONE', ( #3367 ), #2756, .T. ) ;
#2947 = DIRECTION ( 'NONE',  ( 0.0000000000000000000, 0.0000000000000000000, 1.000000000000000000 ) ) ;
#2948 = DIRECTION ( 'NONE',  ( 0.0000000000000000000, 0.0000000000000000000, 1.000000000000000000 ) ) ;
#2949 = CIRCLE ( 'NONE', #1338, 9.500000000000000000 ) ;
#2950 = AXIS2_PLACEMENT_3D ( 'NONE', #3299, #2759, #2988 ) ;
#2951 = DIRECTION ( 'NONE',  ( -1.000000000000000000, -0.0000000000000000000, -0.0000000000000000000 ) ) ;
#2952 = VECTOR ( 'NONE', #2231, 1000.000000000000000 ) ;
#2953 = PERSON_AND_ORGANIZATION ( #242, #2074 ) ;
#2954 = CYLINDRICAL_SURFACE ( 'NONE', #2443, 1.449999999999999956 ) ;
#2955 = AXIS2_PLACEMENT_3D ( 'NONE', #797, #2828, #1284 ) ;
#2956 = EDGE_CURVE ( 'NONE', #829, #867, #2840, .T. ) ;
#2957 = CARTESIAN_POINT ( 'NONE',  ( -9.000000000000000000, 0.0000000000000000000, -9.500000000000000000 ) ) ;
#2958 = CYLINDRICAL_SURFACE ( 'NONE', #2108, 4.799999999999998046 ) ;
#2959 = CIRCLE ( 'NONE', #1395, 13.49999999999999289 ) ;
#2960 = DIRECTION ( 'NONE',  ( -1.000000000000000000, -0.0000000000000000000, -0.0000000000000000000 ) ) ;
#2961 = CALENDAR_DATE ( 2019, 12, 12 ) ;
#2962 = AXIS2_PLACEMENT_3D ( 'NONE', #576, #2653, #2611 ) ;
#2963 = VECTOR ( 'NONE', #3037, 1000.000000000000000 ) ;
#2964 = VERTEX_POINT ( 'NONE', #1812 ) ;
#2965 = CARTESIAN_POINT ( 'NONE',  ( 0.0000000000000000000, -2.978517966582020726, -13.16732435701148596 ) ) ;
#2966 = ADVANCED_FACE ( 'NONE', ( #230 ), #562, .T. ) ;
#2967 = DIRECTION ( 'NONE',  ( 0.0000000000000000000, 0.0000000000000000000, -1.000000000000000000 ) ) ;
#2968 = DIRECTION ( 'NONE',  ( -1.000000000000000000, 0.0000000000000000000, 0.0000000000000000000 ) ) ;
#2969 = VECTOR ( 'NONE', #1046, 1000.000000000000000 ) ;
#2970 = VERTEX_POINT ( 'NONE', #2847 ) ;
#2971 = DIRECTION ( 'NONE',  ( 0.0000000000000000000, 0.0000000000000000000, 1.000000000000000000 ) ) ;
#2972 = FACE_OUTER_BOUND ( 'NONE', #996, .T. ) ;
#2973 = ORIENTED_EDGE ( 'NONE', *, *, #3004, .F. ) ;
#2974 = DIRECTION ( 'NONE',  ( -1.000000000000000000, 0.0000000000000000000, -0.0000000000000000000 ) ) ;
#2975 = AXIS2_PLACEMENT_3D ( 'NONE', #1991, #1207, #3030 ) ;
#2976 = ORIENTED_EDGE ( 'NONE', *, *, #1260, .F. ) ;
#2977 = ORIENTED_EDGE ( 'NONE', *, *, #1577, .T. ) ;
#2978 = CARTESIAN_POINT ( 'NONE',  ( 0.0000000000000000000, 0.0000000000000000000, 0.0000000000000000000 ) ) ;
#2979 = ORIENTED_EDGE ( 'NONE', *, *, #1389, .F. ) ;
#2980 = DIRECTION ( 'NONE',  ( 0.0000000000000000000, -0.9238795325112825196, -0.3826834323650998293 ) ) ;
#2981 = AXIS2_PLACEMENT_3D ( 'NONE', #1916, #140, #1939 ) ;
#2982 = EDGE_CURVE ( 'NONE', #2936, #2226, #3288, .T. ) ;
#2983 = ORIENTED_EDGE ( 'NONE', *, *, #1589, .F. ) ;
#2984 = ADVANCED_FACE ( 'NONE', ( #648 ), #2592, .T. ) ;
#2985 = ORIENTED_EDGE ( 'NONE', *, *, #150, .F. ) ;
#2986 = EDGE_CURVE ( 'NONE', #462, #331, #1783, .T. ) ;
#2987 = CARTESIAN_POINT ( 'NONE',  ( 16.00000000000000000, -2.978517966582210796, 13.16732435701144155 ) ) ;
#2988 = DIRECTION ( 'NONE',  ( 0.0000000000000000000, 0.0000000000000000000, 1.000000000000000000 ) ) ;
#2989 = EDGE_LOOP ( 'NONE', ( #3026, #3011 ) ) ;
#2990 = CARTESIAN_POINT ( 'NONE',  ( -9.000000000000000000, 6.500000000000000000, -2.049999999999999822 ) ) ;
#2991 = DIRECTION ( 'NONE',  ( 1.000000000000000000, -0.0000000000000000000, 0.0000000000000000000 ) ) ;
#2992 = VERTEX_POINT ( 'NONE', #2583 ) ;
#2993 = CIRCLE ( 'NONE', #1694, 4.799999999999998046 ) ;
#2994 = CARTESIAN_POINT ( 'NONE',  ( -10.00000000000000000, 0.0000000000000000000, 0.0000000000000000000 ) ) ;
#2995 = DIRECTION ( 'NONE',  ( -1.000000000000000000, -0.0000000000000000000, -0.0000000000000000000 ) ) ;
#2996 = CIRCLE ( 'NONE', #2504, 13.49999999999999467 ) ;
#2997 = AXIS2_PLACEMENT_3D ( 'NONE', #2201, #371, #2699 ) ;
#2998 = EDGE_CURVE ( 'NONE', #2327, #129, #2069, .T. ) ;
#2999 = ADVANCED_FACE ( 'NONE', ( #483 ), #2551, .T. ) ;
#3000 = DATE_TIME_ROLE ( 'creation_date' ) ;
#3001 = DIRECTION ( 'NONE',  ( -1.000000000000000000, 0.0000000000000000000, 0.0000000000000000000 ) ) ;
#3002 = FACE_OUTER_BOUND ( 'NONE', #2536, .T. ) ;
#3003 = CYLINDRICAL_SURFACE ( 'NONE', #643, 4.799999999999998046 ) ;
#3004 = EDGE_CURVE ( 'NONE', #3042, #1609, #1947, .T. ) ;
#3005 = CIRCLE ( 'NONE', #3043, 4.799999999999998046 ) ;
#3006 = EDGE_LOOP ( 'NONE', ( #2726, #3272 ) ) ;
#3007 = CYLINDRICAL_SURFACE ( 'NONE', #1865, 4.799999999999997158 ) ;
#3008 = ORIENTED_EDGE ( 'NONE', *, *, #2093, .F. ) ;
#3009 = DIRECTION ( 'NONE',  ( -1.000000000000000000, -0.0000000000000000000, -0.0000000000000000000 ) ) ;
#3010 = FACE_OUTER_BOUND ( 'NONE', #746, .T. ) ;
#3011 = ORIENTED_EDGE ( 'NONE', *, *, #1049, .T. ) ;
#3012 = CARTESIAN_POINT ( 'NONE',  ( 16.00000000000000000, 0.0000000000000000000, 0.0000000000000000000 ) ) ;
#3013 = VERTEX_POINT ( 'NONE', #771 ) ;
#3014 = CARTESIAN_POINT ( 'NONE',  ( 26.00000000000000355, 0.0000000000000000000, 0.0000000000000000000 ) ) ;
#3015 = ORIENTED_EDGE ( 'NONE', *, *, #1028, .F. ) ;
#3016 = ORIENTED_EDGE ( 'NONE', *, *, #2005, .F. ) ;
#3017 = CARTESIAN_POINT ( 'NONE',  ( 0.0000000000000000000, 0.0000000000000000000, 0.0000000000000000000 ) ) ;
#3018 = AXIS2_PLACEMENT_3D ( 'NONE', #622, #3227, #1625 ) ;
#3019 = VERTEX_POINT ( 'NONE', #1521 ) ;
#3020 = CARTESIAN_POINT ( 'NONE',  ( 0.0000000000000000000, 9.623988155711508341, 3.142328432663365145 ) ) ;
#3021 = DIRECTION ( 'NONE',  ( 0.0000000000000000000, 0.0000000000000000000, 1.000000000000000000 ) ) ;
#3022 = ORIENTED_EDGE ( 'NONE', *, *, #1035, .F. ) ;
#3023 = CARTESIAN_POINT ( 'NONE',  ( 16.00000000000000000, -4.583225543511107780, 9.027149030414161501 ) ) ;
#3024 = AXIS2_PLACEMENT_3D ( 'NONE', #1352, #3170, #57 ) ;
#3025 = EDGE_CURVE ( 'NONE', #621, #2618, #1616, .T. ) ;
#3026 = ORIENTED_EDGE ( 'NONE', *, *, #2115, .T. ) ;
#3027 = DIRECTION ( 'NONE',  ( 0.0000000000000000000, 0.0000000000000000000, 1.000000000000000000 ) ) ;
#3028 = CARTESIAN_POINT ( 'NONE',  ( 0.0000000000000000000, -11.02519199256741089, -7.790708666548075811 ) ) ;
#3029 = AXIS2_PLACEMENT_3D ( 'NONE', #620, #879, #3212 ) ;
#3030 = DIRECTION ( 'NONE',  ( 0.0000000000000000000, 0.0000000000000000000, 1.000000000000000000 ) ) ;
#3031 = ORIENTED_EDGE ( 'NONE', *, *, #919, .F. ) ;
#3032 = DIRECTION ( 'NONE',  ( 0.0000000000000000000, 0.0000000000000000000, 1.000000000000000000 ) ) ;
#3033 = CYLINDRICAL_SURFACE ( 'NONE', #848, 10.12399999999999878 ) ;
#3034 = DIRECTION ( 'NONE',  ( 0.0000000000000000000, 0.0000000000000000000, 1.000000000000000000 ) ) ;
#3035 = DIRECTION ( 'NONE',  ( -1.000000000000000000, 0.0000000000000000000, 0.0000000000000000000 ) ) ;
#3036 = CYLINDRICAL_SURFACE ( 'NONE', #2664, 10.12399999999999878 ) ;
#3037 = DIRECTION ( 'NONE',  ( -1.000000000000000000, -0.0000000000000000000, -0.0000000000000000000 ) ) ;
#3038 = DATE_AND_TIME ( #2432, #3044 ) ;
#3039 = CIRCLE ( 'NONE', #770, 1.449999999999999956 ) ;
#3040 = DIRECTION ( 'NONE',  ( -1.000000000000000000, -0.0000000000000000000, -0.0000000000000000000 ) ) ;
#3041 = CYLINDRICAL_SURFACE ( 'NONE', #1528, 2.049999999999999822 ) ;
#3042 = VERTEX_POINT ( 'NONE', #314 ) ;
#3043 = AXIS2_PLACEMENT_3D ( 'NONE', #2928, #1882, #857 ) ;
#3044 = LOCAL_TIME ( 17, 8, 36.00000000000000000, #1126 ) ;
#3045 = EDGE_CURVE ( 'NONE', #3349, #257, #2918, .T. ) ;
#3046 = DIRECTION ( 'NONE',  ( -1.000000000000000000, 0.0000000000000000000, 0.0000000000000000000 ) ) ;
#3047 = FACE_BOUND ( 'NONE', #593, .T. ) ;
#3048 = ORIENTED_EDGE ( 'NONE', *, *, #587, .T. ) ;
#3049 = EDGE_CURVE ( 'NONE', #3310, #1475, #2385, .T. ) ;
#3050 = DIRECTION ( 'NONE',  ( 0.0000000000000000000, 0.7071067811865436870, 0.7071067811865513475 ) ) ;
#3051 = AXIS2_PLACEMENT_3D ( 'NONE', #2714, #1677, #89 ) ;
#3052 = LINE ( 'NONE', #2100, #2969 ) ;
#3053 = EDGE_LOOP ( 'NONE', ( #1559, #2785, #1773, #1138 ) ) ;
#3054 = CARTESIAN_POINT ( 'NONE',  ( 0.0000000000000000000, 10.09392270842293726, 0.7798078971027028183 ) ) ;
#3055 = DIRECTION ( 'NONE',  ( -1.000000000000000000, -0.0000000000000000000, -0.0000000000000000000 ) ) ;
#3056 = ORIENTED_EDGE ( 'NONE', *, *, #455, .F. ) ;
#3057 = DIRECTION ( 'NONE',  ( 0.0000000000000000000, 0.0000000000000000000, 1.000000000000000000 ) ) ;
#3058 = EDGE_LOOP ( 'NONE', ( #2415, #1545 ) ) ;
#3059 = CARTESIAN_POINT ( 'NONE',  ( 16.00000000000000000, -4.583225543511107780, 9.027149030414161501 ) ) ;
#3060 = DIRECTION ( 'NONE',  ( 0.0000000000000000000, -0.7071067811865390240, -0.7071067811865560104 ) ) ;
#3061 = ORIENTED_EDGE ( 'NONE', *, *, #2697, .F. ) ;
#3062 = ORIENTED_EDGE ( 'NONE', *, *, #2816, .F. ) ;
#3063 = DIRECTION ( 'NONE',  ( 0.0000000000000000000, 0.0000000000000000000, 1.000000000000000000 ) ) ;
#3064 = ORIENTED_EDGE ( 'NONE', *, *, #344, .T. ) ;
#3065 = DIRECTION ( 'NONE',  ( -1.000000000000000000, -0.0000000000000000000, -0.0000000000000000000 ) ) ;
#3066 = AXIS2_PLACEMENT_3D ( 'NONE', #2245, #184, #1738 ) ;
#3067 = EDGE_CURVE ( 'NONE', #283, #2935, #152, .T. ) ;
#3068 = ORIENTED_EDGE ( 'NONE', *, *, #2628, .T. ) ;
#3069 = CARTESIAN_POINT ( 'NONE',  ( -3.999999999999999112, 0.0000000000000000000, -6.500000000000000000 ) ) ;
#3070 = CARTESIAN_POINT ( 'NONE',  ( 16.00000000000000000, 6.925779787975288926, -8.898807463360403958 ) ) ;
#3071 = DIRECTION ( 'NONE',  ( 0.0000000000000000000, 0.0000000000000000000, 1.000000000000000000 ) ) ;
#3072 = EDGE_CURVE ( 'NONE', #92, #2283, #1167, .T. ) ;
#3073 = EDGE_LOOP ( 'NONE', ( #877, #2640, #2123, #75 ) ) ;
#3074 = DIRECTION ( 'NONE',  ( -1.000000000000000000, -0.0000000000000000000, -0.0000000000000000000 ) ) ;
#3075 = CARTESIAN_POINT ( 'NONE',  ( 16.00000000000000000, -1.395141248733724471, 11.18967295489763636 ) ) ;
#3076 = DIRECTION ( 'NONE',  ( -1.000000000000000000, -0.0000000000000000000, -0.0000000000000000000 ) ) ;
#3077 = CYLINDRICAL_SURFACE ( 'NONE', #914, 2.049999999999999822 ) ;
#3078 = DIRECTION ( 'NONE',  ( 0.0000000000000000000, 0.0000000000000000000, 1.000000000000000000 ) ) ;
#3079 = APPROVAL_ROLE ( '' ) ;
#3080 = DIRECTION ( 'NONE',  ( -1.000000000000000000, 0.0000000000000000000, 0.0000000000000000000 ) ) ;
#3081 = DIRECTION ( 'NONE',  ( -1.000000000000000000, 0.0000000000000000000, -0.0000000000000000000 ) ) ;
#3082 = FACE_OUTER_BOUND ( 'NONE', #1549, .T. ) ;
#3083 = DIRECTION ( 'NONE',  ( 1.000000000000000000, -0.0000000000000000000, -0.0000000000000000000 ) ) ;
#3084 = CIRCLE ( 'NONE', #1486, 13.49999999999999467 ) ;
#3085 = LINE ( 'NONE', #397, #603 ) ;
#3086 = AXIS2_PLACEMENT_3D ( 'NONE', #1442, #1959, #388 ) ;
#3087 = DIRECTION ( 'NONE',  ( -1.000000000000000000, 0.0000000000000000000, 0.0000000000000000000 ) ) ;
#3088 = LINE ( 'NONE', #2537, #2317 ) ;
#3089 = VERTEX_POINT ( 'NONE', #1613 ) ;
#3090 = DIRECTION ( 'NONE',  ( -1.000000000000000000, -0.0000000000000000000, 0.0000000000000000000 ) ) ;
#3091 = AXIS2_PLACEMENT_3D ( 'NONE', #2013, #680, #1182 ) ;
#3092 = EDGE_CURVE ( 'NONE', #2235, #172, #2106, .T. ) ;
#3093 = CYLINDRICAL_SURFACE ( 'NONE', #2192, 4.799999999999997158 ) ;
#3094 = ORIENTED_EDGE ( 'NONE', *, *, #727, .T. ) ;
#3095 = DIRECTION ( 'NONE',  ( -1.000000000000000000, -0.0000000000000000000, 0.0000000000000000000 ) ) ;
#3096 = DIRECTION ( 'NONE',  ( -1.000000000000000000, 0.0000000000000000000, 0.0000000000000000000 ) ) ;
#3097 = DIRECTION ( 'NONE',  ( 0.0000000000000000000, 0.0000000000000000000, 1.000000000000000000 ) ) ;
#3098 = CIRCLE ( 'NONE', #1079, 1.449999999999999734 ) ;
#3099 = ORIENTED_EDGE ( 'NONE', *, *, #123, .T. ) ;
#3100 = AXIS2_PLACEMENT_3D ( 'NONE', #655, #2464, #678 ) ;
#3101 = CARTESIAN_POINT ( 'NONE',  ( 0.0000000000000000000, 0.0000000000000000000, 0.0000000000000000000 ) ) ;
#3102 = ORIENTED_EDGE ( 'NONE', *, *, #433, .F. ) ;
#3103 = DIRECTION ( 'NONE',  ( -1.000000000000000000, 0.0000000000000000000, -0.0000000000000000000 ) ) ;
#3104 = ORIENTED_EDGE ( 'NONE', *, *, #322, .F. ) ;
#3105 = EDGE_LOOP ( 'NONE', ( #3343, #3094, #387, #9 ) ) ;
#3106 = DIRECTION ( 'NONE',  ( -1.000000000000000000, -0.0000000000000000000, 0.0000000000000000000 ) ) ;
#3107 = ORIENTED_EDGE ( 'NONE', *, *, #3352, .T. ) ;
#3108 = DIRECTION ( 'NONE',  ( 1.000000000000000000, -0.0000000000000000000, -0.0000000000000000000 ) ) ;
#3109 = ORIENTED_EDGE ( 'NONE', *, *, #1102, .F. ) ;
#3110 = ADVANCED_FACE ( 'NONE', ( #3162 ), #1988, .T. ) ;
#3111 = DIRECTION ( 'NONE',  ( -1.000000000000000000, -0.0000000000000000000, -0.0000000000000000000 ) ) ;
#3112 = VERTEX_POINT ( 'NONE', #1835 ) ;
#3113 = CARTESIAN_POINT ( 'NONE',  ( -9.000000000000000000, 0.0000000000000000000, -6.500000000000000000 ) ) ;
#3114 = CARTESIAN_POINT ( 'NONE',  ( 0.0000000000000000000, 0.0000000000000000000, 0.0000000000000000000 ) ) ;
#3115 = AXIS2_PLACEMENT_3D ( 'NONE', #1232, #774, #3359 ) ;
#3116 = EDGE_CURVE ( 'NONE', #1172, #537, #1541, .T. ) ;
#3117 = ORIENTED_EDGE ( 'NONE', *, *, #3151, .T. ) ;
#3118 = EDGE_CURVE ( 'NONE', #723, #736, #772, .T. ) ;
#3119 = AXIS2_PLACEMENT_3D ( 'NONE', #2768, #1203, #991 ) ;
#3120 = VECTOR ( 'NONE', #2542, 1000.000000000000000 ) ;
#3121 = CIRCLE ( 'NONE', #2624, 4.799999999999998046 ) ;
#3122 = CARTESIAN_POINT ( 'NONE',  ( 0.0000000000000000000, 5.571044898090446118, -9.804012376825433250 ) ) ;
#3123 = LINE ( 'NONE', #1420, #191 ) ;
#3124 = FACE_OUTER_BOUND ( 'NONE', #2441, .T. ) ;
#3125 = DIRECTION ( 'NONE',  ( 0.0000000000000000000, 0.0000000000000000000, 1.000000000000000000 ) ) ;
#3126 = CARTESIAN_POINT ( 'NONE',  ( 16.00000000000000000, -2.993160008755803236, 10.87180726022453214 ) ) ;
#3127 = DIRECTION ( 'NONE',  ( 0.0000000000000000000, 0.0000000000000000000, 1.000000000000000000 ) ) ;
#3128 = FACE_OUTER_BOUND ( 'NONE', #869, .T. ) ;
#3129 = ORIENTED_EDGE ( 'NONE', *, *, #438, .T. ) ;
#3130 = DIRECTION ( 'NONE',  ( -1.000000000000000000, -0.0000000000000000000, 0.0000000000000000000 ) ) ;
#3131 = CARTESIAN_POINT ( 'NONE',  ( 16.00000000000000000, 0.0000000000000000000, -6.500000000000000000 ) ) ;
#3132 = CYLINDRICAL_SURFACE ( 'NONE', #1066, 4.799999999999997158 ) ;
#3133 = ORIENTED_EDGE ( 'NONE', *, *, #3154, .F. ) ;
#3134 = AXIS2_PLACEMENT_3D ( 'NONE', #3017, #1464, #143 ) ;
#3135 = CIRCLE ( 'NONE', #1235, 5.000000000000000000 ) ;
#3136 = ORIENTED_EDGE ( 'NONE', *, *, #832, .T. ) ;
#3137 = AXIS2_PLACEMENT_3D ( 'NONE', #2181, #1131, #633 ) ;
#3138 = EDGE_CURVE ( 'NONE', #2226, #3310, #2187, .T. ) ;
#3139 = EDGE_LOOP ( 'NONE', ( #2390, #17, #1637, #1975 ) ) ;
#3140 = ORIENTED_EDGE ( 'NONE', *, *, #1886, .F. ) ;
#3141 = AXIS2_PLACEMENT_3D ( 'NONE', #126, #2730, #2196 ) ;
#3142 = DIRECTION ( 'NONE',  ( -1.000000000000000000, 0.0000000000000000000, 0.0000000000000000000 ) ) ;
#3143 = ORIENTED_EDGE ( 'NONE', *, *, #3290, .T. ) ;
#3144 = EDGE_LOOP ( 'NONE', ( #2772, #3277 ) ) ;
#3145 = ADVANCED_FACE ( 'NONE', ( #2668 ), #2468, .T. ) ;
#3146 = ORIENTED_EDGE ( 'NONE', *, *, #2475, .F. ) ;
#3147 = CARTESIAN_POINT ( 'NONE',  ( 1.000000000000000888, 1.775737858763661177E-16, 5.050000000000000711 ) ) ;
#3148 = CARTESIAN_POINT ( 'NONE',  ( 0.0000000000000000000, 10.87180726022458366, -2.993160008755614054 ) ) ;
#3149 = ORIENTED_EDGE ( 'NONE', *, *, #2, .F. ) ;
#3150 = AXIS2_PLACEMENT_3D ( 'NONE', #2255, #1233, #2036 ) ;
#3151 = EDGE_CURVE ( 'NONE', #2741, #297, #1016, .T. ) ;
#3152 = ORIENTED_EDGE ( 'NONE', *, *, #1301, .F. ) ;
#3153 = AXIS2_PLACEMENT_3D ( 'NONE', #1011, #2868, #2844 ) ;
#3154 = EDGE_CURVE ( 'NONE', #2077, #3019, #312, .T. ) ;
#3155 = DIRECTION ( 'NONE',  ( -1.000000000000000000, 0.0000000000000000000, 0.0000000000000000000 ) ) ;
#3156 = CARTESIAN_POINT ( 'NONE',  ( 8.000000000000000000, 13.16732435701149839, -2.978517966581973653 ) ) ;
#3157 = DIRECTION ( 'NONE',  ( 0.0000000000000000000, 0.0000000000000000000, 1.000000000000000000 ) ) ;
#3158 = FACE_OUTER_BOUND ( 'NONE', #614, .T. ) ;
#3159 = EDGE_CURVE ( 'NONE', #1971, #531, #3084, .T. ) ;
#3160 = CARTESIAN_POINT ( 'NONE',  ( 16.00000000000000000, 9.804012376825491870, 5.571044898090343978 ) ) ;
#3161 = CIRCLE ( 'NONE', #176, 4.799999999999998046 ) ;
#3162 = FACE_OUTER_BOUND ( 'NONE', #585, .T. ) ;
#3163 = CIRCLE ( 'NONE', #2572, 5.000000000000000000 ) ;
#3164 = FACE_OUTER_BOUND ( 'NONE', #755, .T. ) ;
#3165 = ORIENTED_EDGE ( 'NONE', *, *, #616, .F. ) ;
#3166 = CARTESIAN_POINT ( 'NONE',  ( 16.00000000000000000, 7.688888647962873080, 6.586073743834610639 ) ) ;
#3167 = LINE ( 'NONE', #2254, #2116 ) ;
#3168 = ORIENTED_EDGE ( 'NONE', *, *, #193, .F. ) ;
#3169 = ADVANCED_FACE ( 'NONE', ( #1369 ), #1501, .T. ) ;
#3170 = DIRECTION ( 'NONE',  ( -1.000000000000000000, 0.0000000000000000000, -0.0000000000000000000 ) ) ;
#3171 = CARTESIAN_POINT ( 'NONE',  ( 16.00000000000000000, -8.898807463360428827, -6.925779787975259616 ) ) ;
#3172 = AXIS2_PLACEMENT_3D ( 'NONE', #2621, #2866, #2842 ) ;
#3173 = EDGE_CURVE ( 'NONE', #2283, #2681, #2313, .T. ) ;
#3174 = VECTOR ( 'NONE', #1754, 1000.000000000000000 ) ;
#3175 = EDGE_LOOP ( 'NONE', ( #2290, #1843 ) ) ;
#3176 = ORIENTED_EDGE ( 'NONE', *, *, #2893, .T. ) ;
#3177 = EDGE_CURVE ( 'NONE', #3042, #554, #1288, .T. ) ;
#3178 = DIRECTION ( 'NONE',  ( 0.0000000000000000000, 0.0000000000000000000, 1.000000000000000000 ) ) ;
#3179 = ORIENTED_EDGE ( 'NONE', *, *, #1720, .F. ) ;
#3180 = DIRECTION ( 'NONE',  ( 1.000000000000000000, -0.0000000000000000000, -0.0000000000000000000 ) ) ;
#3181 = ORIENTED_EDGE ( 'NONE', *, *, #2388, .F. ) ;
#3182 = VERTEX_POINT ( 'NONE', #328 ) ;
#3183 = DIRECTION ( 'NONE',  ( 0.0000000000000000000, 0.0000000000000000000, -1.000000000000000000 ) ) ;
#3184 = DIRECTION ( 'NONE',  ( 0.0000000000000000000, 0.0000000000000000000, 1.000000000000000000 ) ) ;
#3185 = ORIENTED_EDGE ( 'NONE', *, *, #2763, .T. ) ;
#3186 = CARTESIAN_POINT ( 'NONE',  ( 16.00000000000000000, -6.500000000000000000, 1.449999999999999734 ) ) ;
#3187 = ADVANCED_FACE ( 'NONE', ( #687 ), #1584, .T. ) ;
#3188 = ORIENTED_EDGE ( 'NONE', *, *, #895, .F. ) ;
#3189 = CARTESIAN_POINT ( 'NONE',  ( 16.00000000000000000, 7.790708666547962125, 11.02519199256749260 ) ) ;
#3190 = CARTESIAN_POINT ( 'NONE',  ( 16.00000000000000000, 4.583225543511165512, -9.027149030414129527 ) ) ;
#3191 = AXIS2_PLACEMENT_3D ( 'NONE', #722, #2532, #3078 ) ;
#3192 = CARTESIAN_POINT ( 'NONE',  ( 16.00000000000000000, -3.142328432663399340, 9.623988155711497683 ) ) ;
#3193 = CYLINDRICAL_SURFACE ( 'NONE', #1273, 10.12399999999999878 ) ;
#3194 = AXIS2_PLACEMENT_3D ( 'NONE', #1640, #366, #1143 ) ;
#3195 = EDGE_CURVE ( 'NONE', #590, #156, #892, .T. ) ;
#3196 = CYLINDRICAL_SURFACE ( 'NONE', #3257, 10.12399999999999878 ) ;
#3197 = CARTESIAN_POINT ( 'NONE',  ( -10.00000000000000000, 0.0000000000000000000, 0.0000000000000000000 ) ) ;
#3198 = CARTESIAN_POINT ( 'NONE',  ( -9.000000000000000000, 0.0000000000000000000, -9.500000000000000000 ) ) ;
#3199 = APPROVAL_PERSON_ORGANIZATION ( #1204, #552, #3079 ) ;
#3200 = CIRCLE ( 'NONE', #2616, 4.799999999999998046 ) ;
#3201 = DIRECTION ( 'NONE',  ( -1.000000000000000000, -0.0000000000000000000, -0.0000000000000000000 ) ) ;
#3202 = ADVANCED_FACE ( 'NONE', ( #3002 ), #731, .T. ) ;
#3203 = CIRCLE ( 'NONE', #1278, 1.449999999999999956 ) ;
#3204 = ORIENTED_EDGE ( 'NONE', *, *, #899, .T. ) ;
#3205 = APPROVAL_PERSON_ORGANIZATION ( #2953, #964, #924 ) ;
#3206 = LINE ( 'NONE', #3333, #2435 ) ;
#3207 = ORIENTED_EDGE ( 'NONE', *, *, #1941, .F. ) ;
#3208 = DIRECTION ( 'NONE',  ( 0.0000000000000000000, 0.0000000000000000000, 1.000000000000000000 ) ) ;
#3209 = CARTESIAN_POINT ( 'NONE',  ( 16.00000000000000000, 0.0000000000000000000, 0.0000000000000000000 ) ) ;
#3210 = LINE ( 'NONE', #2957, #2520 ) ;
#3211 = ORIENTED_EDGE ( 'NONE', *, *, #1610, .F. ) ;
#3212 = DIRECTION ( 'NONE',  ( 0.0000000000000000000, 0.0000000000000000000, 1.000000000000000000 ) ) ;
#3213 = ORIENTED_EDGE ( 'NONE', *, *, #1484, .F. ) ;
#3214 = DIRECTION ( 'NONE',  ( 0.0000000000000000000, 0.3826834323650841196, 0.9238795325112890700 ) ) ;
#3215 = CARTESIAN_POINT ( 'NONE',  ( 16.00000000000000000, -8.898807463360528303, 6.925779787975132606 ) ) ;
#3216 = DIRECTION ( 'NONE',  ( -1.000000000000000000, 0.0000000000000000000, 0.0000000000000000000 ) ) ;
#3217 = AXIS2_PLACEMENT_3D ( 'NONE', #1851, #2114, #311 ) ;
#3218 = EDGE_CURVE ( 'NONE', #1520, #245, #2885, .T. ) ;
#3219 = VERTEX_POINT ( 'NONE', #380 ) ;
#3220 = VERTEX_POINT ( 'NONE', #2406 ) ;
#3221 = ADVANCED_FACE ( 'NONE', ( #1331 ), #3327, .T. ) ;
#3222 = ORIENTED_EDGE ( 'NONE', *, *, #1788, .F. ) ;
#3223 = EDGE_CURVE ( 'NONE', #496, #2618, #815, .T. ) ;
#3224 = DIRECTION ( 'NONE',  ( -1.000000000000000000, -0.0000000000000000000, 0.0000000000000000000 ) ) ;
#3225 = CARTESIAN_POINT ( 'NONE',  ( 1.000000000000000888, 0.0000000000000000000, 6.500000000000000000 ) ) ;
#3226 = ORIENTED_EDGE ( 'NONE', *, *, #849, .T. ) ;
#3227 = DIRECTION ( 'NONE',  ( -1.000000000000000000, 0.0000000000000000000, 0.0000000000000000000 ) ) ;
#3228 = CARTESIAN_POINT ( 'NONE',  ( 16.00000000000000000, 13.30485095019296971, 2.287125093463206138 ) ) ;
#3229 = VERTEX_POINT ( 'NONE', #1406 ) ;
#3230 = CARTESIAN_POINT ( 'NONE',  ( 16.00000000000000000, -9.027149030414205910, 4.583225543511013633 ) ) ;
#3231 = ORIENTED_EDGE ( 'NONE', *, *, #2789, .F. ) ;
#3232 = CARTESIAN_POINT ( 'NONE',  ( -10.00000000000000000, 0.0000000000000000000, 0.0000000000000000000 ) ) ;
#3233 = DIRECTION ( 'NONE',  ( -1.000000000000000000, -0.0000000000000000000, -0.0000000000000000000 ) ) ;
#3234 = AXIS2_PLACEMENT_3D ( 'NONE', #1025, #1764, #739 ) ;
#3235 = EDGE_CURVE ( 'NONE', #2126, #1185, #195, .T. ) ;
#3236 = ADVANCED_FACE ( 'NONE', ( #31, #1898 ), #2932, .T. ) ;
#3237 = CIRCLE ( 'NONE', #1907, 10.12400000000000055 ) ;
#3238 = CARTESIAN_POINT ( 'NONE',  ( 8.000000000000000000, -2.978517966582019838, -13.16732435701148773 ) ) ;
#3239 = VECTOR ( 'NONE', #1603, 1000.000000000000000 ) ;
#3240 = EDGE_CURVE ( 'NONE', #172, #514, #1054, .T. ) ;
#3241 = LINE ( 'NONE', #689, #2716 ) ;
#3242 = FACE_OUTER_BOUND ( 'NONE', #445, .T. ) ;
#3243 = CARTESIAN_POINT ( 'NONE',  ( 16.00000000000000000, 11.18967295489764346, -1.395141248733685835 ) ) ;
#3244 = CARTESIAN_POINT ( 'NONE',  ( 0.0000000000000000000, 13.30485095019296971, -2.287125093463205250 ) ) ;
#3245 = VECTOR ( 'NONE', #2062, 1000.000000000000000 ) ;
#3246 = EDGE_LOOP ( 'NONE', ( #3099, #2724, #2985, #1210 ) ) ;
#3247 = DIRECTION ( 'NONE',  ( 0.0000000000000000000, 0.0000000000000000000, 1.000000000000000000 ) ) ;
#3248 = APPLICATION_PROTOCOL_DEFINITION ( 'international standard', 'config_control_design', 1994, #2729 ) ;
#3249 = CARTESIAN_POINT ( 'NONE',  ( 8.000000000000000000, -11.41683459498184661, 7.204574090869321878 ) ) ;
#3250 = CIRCLE ( 'NONE', #1027, 13.49999999999999467 ) ;
#3251 = ORIENTED_EDGE ( 'NONE', *, *, #2835, .T. ) ;
#3252 = DIRECTION ( 'NONE',  ( -1.000000000000000000, -0.0000000000000000000, 0.0000000000000000000 ) ) ;
#3253 = LINE ( 'NONE', #878, #2234 ) ;
#3254 = VERTEX_POINT ( 'NONE', #2164 ) ;
#3255 = ADVANCED_FACE ( 'NONE', ( #2348 ), #692, .F. ) ;
#3256 = DIRECTION ( 'NONE',  ( -1.000000000000000000, 0.0000000000000000000, -0.0000000000000000000 ) ) ;
#3257 = AXIS2_PLACEMENT_3D ( 'NONE', #3326, #2562, #266 ) ;
#3258 = ORIENTED_EDGE ( 'NONE', *, *, #3283, .T. ) ;
#3259 = ORIENTED_EDGE ( 'NONE', *, *, #61, .T. ) ;
#3260 = DIRECTION ( 'NONE',  ( 0.0000000000000000000, 0.9238795325112878487, -0.3826834323650873393 ) ) ;
#3261 = CARTESIAN_POINT ( 'NONE',  ( 26.00000000000000355, 6.123233995736766282E-16, -5.000000000000000000 ) ) ;
#3262 = EDGE_LOOP ( 'NONE', ( #175, #1216, #116, #1728 ) ) ;
#3263 = CARTESIAN_POINT ( 'NONE',  ( 16.00000000000000000, 0.0000000000000000000, 0.0000000000000000000 ) ) ;
#3264 = AXIS2_PLACEMENT_3D ( 'NONE', #1518, #960, #2778 ) ;
#3265 = EDGE_CURVE ( 'NONE', #779, #1185, #1058, .T. ) ;
#3266 = ORIENTED_EDGE ( 'NONE', *, *, #1083, .T. ) ;
#3267 = DIRECTION ( 'NONE',  ( 1.000000000000000000, 0.0000000000000000000, 0.0000000000000000000 ) ) ;
#3268 = ORIENTED_EDGE ( 'NONE', *, *, #3240, .F. ) ;
#3269 = AXIS2_PLACEMENT_3D ( 'NONE', #2843, #2867, #248 ) ;
#3270 = CC_DESIGN_APPROVAL ( #552, ( #1505 ) ) ;
#3271 = DIRECTION ( 'NONE',  ( 0.0000000000000000000, 0.0000000000000000000, 1.000000000000000000 ) ) ;
#3272 = ORIENTED_EDGE ( 'NONE', *, *, #2329, .T. ) ;
#3273 = ORIENTED_EDGE ( 'NONE', *, *, #1120, .T. ) ;
#3274 = DIRECTION ( 'NONE',  ( -1.000000000000000000, 0.0000000000000000000, 0.0000000000000000000 ) ) ;
#3275 = DIRECTION ( 'NONE',  ( 1.000000000000000000, -0.0000000000000000000, -0.0000000000000000000 ) ) ;
#3276 = DIRECTION ( 'NONE',  ( -1.000000000000000000, 0.0000000000000000000, 0.0000000000000000000 ) ) ;
#3277 = ORIENTED_EDGE ( 'NONE', *, *, #2816, .T. ) ;
#3278 = DIRECTION ( 'NONE',  ( 0.0000000000000000000, -0.3826834323650970537, 0.9238795325112838519 ) ) ;
#3279 = FACE_OUTER_BOUND ( 'NONE', #120, .T. ) ;
#3280 = CARTESIAN_POINT ( 'NONE',  ( 16.00000000000000000, 11.41683459498190167, -7.204574090869239278 ) ) ;
#3281 = CIRCLE ( 'NONE', #2735, 4.799999999999998046 ) ;
#3282 = AXIS2_PLACEMENT_3D ( 'NONE', #2994, #3040, #1206 ) ;
#3283 = EDGE_CURVE ( 'NONE', #331, #1129, #2184, .T. ) ;
#3284 = CARTESIAN_POINT ( 'NONE',  ( 16.00000000000000000, 6.500000000000000000, 0.0000000000000000000 ) ) ;
#3285 = DIRECTION ( 'NONE',  ( 1.000000000000000000, -0.0000000000000000000, -0.0000000000000000000 ) ) ;
#3286 = CARTESIAN_POINT ( 'NONE',  ( 26.00000000000000355, 6.123233995736766282E-16, -5.000000000000000000 ) ) ;
#3287 = DIRECTION ( 'NONE',  ( -1.000000000000000000, 0.0000000000000000000, 0.0000000000000000000 ) ) ;
#3288 = CIRCLE ( 'NONE', #2941, 10.12400000000000233 ) ;
#3289 = FACE_OUTER_BOUND ( 'NONE', #1351, .T. ) ;
#3290 = EDGE_CURVE ( 'NONE', #1423, #2126, #2424, .T. ) ;
#3291 = CARTESIAN_POINT ( 'NONE',  ( 0.0000000000000000000, -1.395141248733724471, 11.18967295489763636 ) ) ;
#3292 = LINE ( 'NONE', #2602, #1090 ) ;
#3293 = ORIENTED_EDGE ( 'NONE', *, *, #1672, .F. ) ;
#3294 = APPROVAL_DATE_TIME ( #611, #1322 ) ;
#3295 = AXIS2_PLACEMENT_3D ( 'NONE', #2617, #583, #819 ) ;
#3296 = DIRECTION ( 'NONE',  ( 1.000000000000000000, 0.0000000000000000000, 0.0000000000000000000 ) ) ;
#3297 = CIRCLE ( 'NONE', #3264, 4.799999999999998046 ) ;
#3298 = ORIENTED_EDGE ( 'NONE', *, *, #455, .T. ) ;
#3299 = CARTESIAN_POINT ( 'NONE',  ( -9.000000000000000000, 0.0000000000000000000, 0.0000000000000000000 ) ) ;
#3300 = FACE_OUTER_BOUND ( 'NONE', #382, .T. ) ;
#3301 = EDGE_LOOP ( 'NONE', ( #2211, #1439, #1913, #542, #1112, #1227, #2541, #2543, #864, #784, #3185, #1564, #1095, #62, #708, #1310, #1772, #543, #2369, #1463, #2659, #2155, #3345, #1566, #575, #1358, #1347, #2891, #3109, #550, #1176, #299, #2301, #2818, #14, #975, #3008, #1976, #2175, #2854, #3031, #676, #979, #427, #1071, #179, #997, #1133, #1431, #2564, #1294, #2658, #1384, #2053, #866, #2362, #2431, #1391, #2006, #2130, #2015, #2101, #2685, #2403, #165, #2158, #3, #1057, #577 ) ) ;
#3302 = DIRECTION ( 'NONE',  ( -1.000000000000000000, -0.0000000000000000000, 0.0000000000000000000 ) ) ;
#3303 = DIRECTION ( 'NONE',  ( 0.0000000000000000000, -0.7071067811865535679, 0.7071067811865414665 ) ) ;
#3304 = CARTESIAN_POINT ( 'NONE',  ( 16.00000000000000000, 0.0000000000000000000, 7.949999999999998401 ) ) ;
#3305 = ORIENTED_EDGE ( 'NONE', *, *, #188, .F. ) ;
#3306 = ORIENTED_EDGE ( 'NONE', *, *, #3138, .T. ) ;
#3307 = AXIS2_PLACEMENT_3D ( 'NONE', #2295, #3076, #1765 ) ;
#3308 = ORIENTED_EDGE ( 'NONE', *, *, #1438, .F. ) ;
#3309 = EDGE_LOOP ( 'NONE', ( #619, #3061, #1871, #1317 ) ) ;
#3310 = VERTEX_POINT ( 'NONE', #3020 ) ;
#3311 = AXIS2_PLACEMENT_3D ( 'NONE', #2740, #935, #2237 ) ;
#3312 = EDGE_CURVE ( 'NONE', #3229, #1838, #1903, .T. ) ;
#3313 = ORIENTED_EDGE ( 'NONE', *, *, #3195, .F. ) ;
#3314 = DIRECTION ( 'NONE',  ( 0.0000000000000000000, 0.0000000000000000000, 1.000000000000000000 ) ) ;
#3315 = CARTESIAN_POINT ( 'NONE',  ( 16.00000000000000000, 11.18967295489762037, 1.395141248733846373 ) ) ;
#3316 = AXIS2_PLACEMENT_3D ( 'NONE', #747, #1010, #1050 ) ;
#3317 = ORIENTED_EDGE ( 'NONE', *, *, #679, .T. ) ;
#3318 = CARTESIAN_POINT ( 'NONE',  ( 16.00000000000000000, 10.87180726022454458, 2.993160008755764157 ) ) ;
#3319 = DIRECTION ( 'NONE',  ( -1.000000000000000000, -0.0000000000000000000, -0.0000000000000000000 ) ) ;
#3320 = PLANE ( 'NONE',  #2284 ) ;
#3321 = CIRCLE ( 'NONE', #2803, 13.49999999999999467 ) ;
#3322 = AXIS2_PLACEMENT_3D ( 'NONE', #2820, #443, #980 ) ;
#3323 = EDGE_CURVE ( 'NONE', #1483, #1404, #72, .T. ) ;
#3324 = CYLINDRICAL_SURFACE ( 'NONE', #419, 5.000000000000000000 ) ;
#3325 = CARTESIAN_POINT ( 'NONE',  ( 16.00000000000000000, -6.925779787975224089, 8.898807463360453696 ) ) ;
#3326 = CARTESIAN_POINT ( 'NONE',  ( 16.00000000000000000, 0.0000000000000000000, 0.0000000000000000000 ) ) ;
#3327 = CYLINDRICAL_SURFACE ( 'NONE', #1914, 4.799999999999998046 ) ;
#3328 = LINE ( 'NONE', #970, #114 ) ;
#3329 = AXIS2_PLACEMENT_3D ( 'NONE', #1983, #734, #3060 ) ;
#3330 = EDGE_CURVE ( 'NONE', #1441, #782, #2762, .T. ) ;
#3331 = CARTESIAN_POINT ( 'NONE',  ( 16.00000000000000000, -9.623988155711527881, 3.142328432663298976 ) ) ;
#3332 = CARTESIAN_POINT ( 'NONE',  ( 1.000000000000000888, 0.0000000000000000000, -6.500000000000000000 ) ) ;
#3333 = CARTESIAN_POINT ( 'NONE',  ( -3.999999999999999112, -6.500000000000000000, -2.049999999999999822 ) ) ;
#3334 = CIRCLE ( 'NONE', #3091, 4.799999999999998934 ) ;
#3335 = ORIENTED_EDGE ( 'NONE', *, *, #1255, .F. ) ;
#3336 = EDGE_CURVE ( 'NONE', #1515, #531, #3123, .T. ) ;
#3337 = CARTESIAN_POINT ( 'NONE',  ( 0.0000000000000000000, 6.925779787975162805, 8.898807463360506986 ) ) ;
#3338 = CIRCLE ( 'NONE', #1429, 2.049999999999999822 ) ;
#3339 = ORIENTED_EDGE ( 'NONE', *, *, #37, .F. ) ;
#3340 = DIRECTION ( 'NONE',  ( -1.000000000000000000, 0.0000000000000000000, 0.0000000000000000000 ) ) ;
#3341 = CARTESIAN_POINT ( 'NONE',  ( 16.00000000000000000, -10.87180726022456234, 7.793160008755686263 ) ) ;
#3342 = VECTOR ( 'NONE', #693, 1000.000000000000000 ) ;
#3343 = ORIENTED_EDGE ( 'NONE', *, *, #3290, .F. ) ;
#3344 = DIRECTION ( 'NONE',  ( 0.0000000000000000000, 0.0000000000000000000, 1.000000000000000000 ) ) ;
#3345 = ORIENTED_EDGE ( 'NONE', *, *, #1506, .T. ) ;
#3346 = CARTESIAN_POINT ( 'NONE',  ( 0.0000000000000000000, -9.804012376825452790, -5.571044898090412367 ) ) ;
#3347 = ORIENTED_EDGE ( 'NONE', *, *, #2129, .T. ) ;
#3348 = ORIENTED_EDGE ( 'NONE', *, *, #281, .T. ) ;
#3349 = VERTEX_POINT ( 'NONE', #684 ) ;
#3350 = DIRECTION ( 'NONE',  ( -1.000000000000000000, 0.0000000000000000000, 0.0000000000000000000 ) ) ;
#3351 = AXIS2_PLACEMENT_3D ( 'NONE', #2797, #2811, #3032 ) ;
#3352 = EDGE_CURVE ( 'NONE', #867, #1718, #440, .T. ) ;
#3353 = EDGE_LOOP ( 'NONE', ( #2404, #2901, #1950, #3181 ) ) ;
#3354 = CARTESIAN_POINT ( 'NONE',  ( 16.00000000000000000, -7.790708666547883077, -11.02519199256754590 ) ) ;
#3355 = EDGE_CURVE ( 'NONE', #1337, #1441, #109, .T. ) ;
#3356 = ORIENTED_EDGE ( 'NONE', *, *, #171, .T. ) ;
#3357 = CARTESIAN_POINT ( 'NONE',  ( -1.000000000000004441, 0.0000000000000000000, 0.0000000000000000000 ) ) ;
#3358 = ORIENTED_EDGE ( 'NONE', *, *, #2233, .T. ) ;
#3359 = DIRECTION ( 'NONE',  ( 0.0000000000000000000, 0.0000000000000000000, 1.000000000000000000 ) ) ;
#3360 = DIRECTION ( 'NONE',  ( 0.0000000000000000000, 0.0000000000000000000, -1.000000000000000000 ) ) ;
#3361 = CIRCLE ( 'NONE', #2067, 4.799999999999998046 ) ;
#3362 = DIRECTION ( 'NONE',  ( 0.0000000000000000000, 0.0000000000000000000, 1.000000000000000000 ) ) ;
#3363 = CARTESIAN_POINT ( 'NONE',  ( 26.00000000000000355, 0.0000000000000000000, 0.0000000000000000000 ) ) ;
#3364 = DIRECTION ( 'NONE',  ( 0.0000000000000000000, 0.0000000000000000000, 1.000000000000000000 ) ) ;
#3365 = LINE ( 'NONE', #995, #769 ) ;
#3366 = DIRECTION ( 'NONE',  ( 0.0000000000000000000, 0.0000000000000000000, 1.000000000000000000 ) ) ;
#3367 = FACE_OUTER_BOUND ( 'NONE', #952, .T. ) ;
#3368 = CYLINDRICAL_SURFACE ( 'NONE', #467, 4.799999999999998046 ) ;
#3369 = AXIS2_PLACEMENT_3D ( 'NONE', #2194, #2163, #3214 ) ;
#3370 = ORIENTED_EDGE ( 'NONE', *, *, #1597, .T. ) ;
ENDSEC;
END-ISO-10303-21;
