ISO-10303-21;
HEADER;
FILE_DESCRIPTION (( 'STEP AP203' ),
    '1' );
FILE_NAME ('Shield_box.STEP',
    '2019-12-12T16:22:53',
    ( '' ),
    ( '' ),
    'SwSTEP 2.0',
    'SolidWorks 2018',
    '' );
FILE_SCHEMA (( 'CONFIG_CONTROL_DESIGN' ));
ENDSEC;

DATA;
#1 = DIRECTION ( 'NONE',  ( 0.0000000000000000000, 0.0000000000000000000, 1.000000000000000000 ) ) ;
#2 = CARTESIAN_POINT ( 'NONE',  ( 3.000000000000009326, 42.00000000000000000, -82.59999999999999432 ) ) ;
#3 = DIRECTION ( 'NONE',  ( 0.0000000000000000000, 0.0000000000000000000, -1.000000000000000000 ) ) ;
#4 = AXIS2_PLACEMENT_3D ( 'NONE', #2473, #800, #1085 ) ;
#5 = ADVANCED_FACE ( 'NONE', ( #2720 ), #1501, .T. ) ;
#6 = CARTESIAN_POINT ( 'NONE',  ( 24.99999999999998934, 37.99999999999999289, -133.0000000000000000 ) ) ;
#7 = FACE_OUTER_BOUND ( 'NONE', #2362, .T. ) ;
#8 = EDGE_CURVE ( 'NONE', #2308, #1156, #2977, .T. ) ;
#9 = CARTESIAN_POINT ( 'NONE',  ( 127.0000000000000000, 54.00000000000000711, -113.0000000000000000 ) ) ;
#10 = CIRCLE ( 'NONE', #547, 6.999999999999992006 ) ;
#11 = DIRECTION ( 'NONE',  ( 0.0000000000000000000, 0.0000000000000000000, -1.000000000000000000 ) ) ;
#12 = DIRECTION ( 'NONE',  ( -0.0000000000000000000, 9.462128050782594729E-16, 1.000000000000000000 ) ) ;
#13 = EDGE_CURVE ( 'NONE', #1866, #3499, #1803, .T. ) ;
#14 = CARTESIAN_POINT ( 'NONE',  ( 8.000000000000012434, 6.999999999999999112, -11.99999999999999289 ) ) ;
#15 = CYLINDRICAL_SURFACE ( 'NONE', #3096, 2.999999999999999112 ) ;
#16 = VERTEX_POINT ( 'NONE', #1437 ) ;
#17 = VERTEX_POINT ( 'NONE', #889 ) ;
#18 = CYLINDRICAL_SURFACE ( 'NONE', #211, 4.599999999999999645 ) ;
#19 = CIRCLE ( 'NONE', #3208, 4.599999999999999645 ) ;
#20 = AXIS2_PLACEMENT_3D ( 'NONE', #1527, #962, #2079 ) ;
#21 = CARTESIAN_POINT ( 'NONE',  ( 128.5494257361798986, 4.731295808521034374, -10.18878700071503474 ) ) ;
#22 = CARTESIAN_POINT ( 'NONE',  ( 3.000000000000009770, 42.00000000000000000, -78.00000000000000000 ) ) ;
#23 = FACE_OUTER_BOUND ( 'NONE', #791, .T. ) ;
#24 = CYLINDRICAL_SURFACE ( 'NONE', #1307, 4.000000000000000000 ) ;
#25 = ADVANCED_FACE ( 'NONE', ( #3313 ), #2590, .F. ) ;
#26 = AXIS2_PLACEMENT_3D ( 'NONE', #1066, #3303, #3569 ) ;
#27 = PLANE ( 'NONE',  #828 ) ;
#28 = EDGE_CURVE ( 'NONE', #85, #966, #515, .T. ) ;
#29 = ORIENTED_EDGE ( 'NONE', *, *, #223, .T. ) ;
#30 = CARTESIAN_POINT ( 'NONE',  ( 124.0000000000000284, 26.00000000000000000, -9.449999999999993960 ) ) ;
#31 = DIRECTION ( 'NONE',  ( -0.0000000000000000000, -1.000000000000000000, -0.0000000000000000000 ) ) ;
#32 = CARTESIAN_POINT ( 'NONE',  ( 50.00000000000000000, 42.00000000000000000, -18.00000000000000355 ) ) ;
#33 = CARTESIAN_POINT ( 'NONE',  ( 0.0000000000000000000, 42.00000000000000711, -33.40000000000000568 ) ) ;
#34 = ORIENTED_EDGE ( 'NONE', *, *, #2376, .F. ) ;
#35 = EDGE_CURVE ( 'NONE', #3540, #152, #3152, .T. ) ;
#36 = ORIENTED_EDGE ( 'NONE', *, *, #2376, .T. ) ;
#37 = DIRECTION ( 'NONE',  ( -0.0000000000000000000, -1.000000000000000000, -0.0000000000000000000 ) ) ;
#38 = CARTESIAN_POINT ( 'NONE',  ( 2.999999999999999556, 40.99999999999999289, -113.0000000000000000 ) ) ;
#39 = SHAPE_DEFINITION_REPRESENTATION ( #1230, #2497 ) ;
#40 = VERTEX_POINT ( 'NONE', #2271 ) ;
#41 = CARTESIAN_POINT ( 'NONE',  ( 21.99999999999999289, 40.99999999999999289, -133.0000000000000000 ) ) ;
#42 = CARTESIAN_POINT ( 'NONE',  ( 127.3159515752373920, 4.466597215412938304, -112.2560824944186209 ) ) ;
#43 = ADVANCED_FACE ( 'NONE', ( #1848 ), #2155, .F. ) ;
#44 = ORIENTED_EDGE ( 'NONE', *, *, #2294, .F. ) ;
#45 = AXIS2_PLACEMENT_3D ( 'NONE', #1603, #2123, #1570 ) ;
#46 = B_SPLINE_CURVE_WITH_KNOTS ( 'NONE', 3,
 ( #955, #1146, #2357, #580, #1226, #377, #1506, #2828, #1528, #3457, #2913, #3106, #21, #3448, #1810, #2529, #1516, #863, #1446, #2814, #2265, #3373 ),
 .UNSPECIFIED., .F., .F.,
 ( 4, 2, 2, 2, 2, 2, 2, 2, 2, 2, 4 ),
 ( -1.164803559867484880E-05, 0.0002941576400026722467, 0.0005999633156040192795, 0.001211574666806713562, 0.002434797369212067433, 0.003658020071617420869, 0.004881242774022775607, 0.006104465476428129478, 0.006716076827630806413, 0.007327688178833482481, 0.009774133583644203233 ),
 .UNSPECIFIED. ) ;
#47 = DIRECTION ( 'NONE',  ( -0.0000000000000000000, 0.0000000000000000000, 1.000000000000000000 ) ) ;
#48 = CARTESIAN_POINT ( 'NONE',  ( 3.000000000000009770, 42.00000000000000000, -78.00000000000000000 ) ) ;
#49 = AXIS2_PLACEMENT_3D ( 'NONE', #953, #1749, #2291 ) ;
#50 = CARTESIAN_POINT ( 'NONE',  ( 8.000000000000000000, 4.000000000000000000, -108.0000000000000000 ) ) ;
#51 = DIRECTION ( 'NONE',  ( 0.0000000000000000000, -1.000000000000000000, 0.0000000000000000000 ) ) ;
#52 = CIRCLE ( 'NONE', #3502, 2.999999999999999112 ) ;
#53 = CARTESIAN_POINT ( 'NONE',  ( 127.2408647478514609, 4.014013456787675516, -102.1298235751163190 ) ) ;
#54 = EDGE_LOOP ( 'NONE', ( #2116, #1492, #1413, #2564 ) ) ;
#55 = VECTOR ( 'NONE', #2355, 1000.000000000000000 ) ;
#56 = EDGE_LOOP ( 'NONE', ( #952, #2641 ) ) ;
#57 = DIRECTION ( 'NONE',  ( 0.0000000000000000000, 0.0000000000000000000, 1.000000000000000000 ) ) ;
#58 = CARTESIAN_POINT ( 'NONE',  ( 3.000000000000011990, 26.00000000000000711, -11.00000000000002309 ) ) ;
#59 = VECTOR ( 'NONE', #3230, 1000.000000000000000 ) ;
#60 = ADVANCED_FACE ( 'NONE', ( #3236 ), #2411, .T. ) ;
#61 = EDGE_CURVE ( 'NONE', #2249, #1216, #396, .T. ) ;
#62 = CARTESIAN_POINT ( 'NONE',  ( 0.0000000000000000000, 6.999999999999992895, -105.0000000000000142 ) ) ;
#63 = DIRECTION ( 'NONE',  ( 1.000000000000000000, -0.0000000000000000000, -0.0000000000000000000 ) ) ;
#64 = CYLINDRICAL_SURFACE ( 'NONE', #2465, 4.000000000000003553 ) ;
#65 = ORIENTED_EDGE ( 'NONE', *, *, #2580, .F. ) ;
#66 = DIRECTION ( 'NONE',  ( -1.000000000000000000, 0.0000000000000000000, 0.0000000000000000000 ) ) ;
#67 = CIRCLE ( 'NONE', #2303, 1.449999999999999956 ) ;
#68 = DIRECTION ( 'NONE',  ( 0.0000000000000000000, 0.0000000000000000000, -1.000000000000000000 ) ) ;
#69 = AXIS2_PLACEMENT_3D ( 'NONE', #1499, #137, #2637 ) ;
#70 = FACE_OUTER_BOUND ( 'NONE', #2035, .T. ) ;
#71 = ORIENTED_EDGE ( 'NONE', *, *, #2671, .F. ) ;
#72 = VECTOR ( 'NONE', #1246, 1000.000000000000000 ) ;
#73 = CIRCLE ( 'NONE', #2630, 2.000000000000001776 ) ;
#74 = CARTESIAN_POINT ( 'NONE',  ( 124.0000000000000284, 26.00000000000000000, -11.99999999999998579 ) ) ;
#75 = DIRECTION ( 'NONE',  ( 0.0000000000000000000, 0.0000000000000000000, -1.000000000000000000 ) ) ;
#76 = CARTESIAN_POINT ( 'NONE',  ( 127.0000000000000000, 6.000000000000000000, -111.0000000000000000 ) ) ;
#77 = CARTESIAN_POINT ( 'NONE',  ( 124.0000000000000000, 26.00000000000000000, -108.0000000000000000 ) ) ;
#78 = ORIENTED_EDGE ( 'NONE', *, *, #2172, .T. ) ;
#79 = AXIS2_PLACEMENT_3D ( 'NONE', #624, #1433, #3146 ) ;
#80 = ADVANCED_FACE ( 'NONE', ( #480 ), #2593, .F. ) ;
#81 = ORIENTED_EDGE ( 'NONE', *, *, #2043, .F. ) ;
#82 = DIRECTION ( 'NONE',  ( -1.000000000000000000, 0.0000000000000000000, 0.0000000000000000000 ) ) ;
#83 = DIRECTION ( 'NONE',  ( 0.0000000000000000000, 1.000000000000000000, 0.0000000000000000000 ) ) ;
#84 = EDGE_CURVE ( 'NONE', #16, #893, #2535, .T. ) ;
#85 = VERTEX_POINT ( 'NONE', #2087 ) ;
#86 = ORIENTED_EDGE ( 'NONE', *, *, #1597, .F. ) ;
#87 = EDGE_LOOP ( 'NONE', ( #2093, #2101, #3463, #3417 ) ) ;
#88 = CARTESIAN_POINT ( 'NONE',  ( 8.000000000000000000, 26.00000000000000000, -109.4500000000000028 ) ) ;
#89 = ORIENTED_EDGE ( 'NONE', *, *, #1781, .T. ) ;
#90 = EDGE_CURVE ( 'NONE', #321, #3349, #1328, .T. ) ;
#91 = DIRECTION ( 'NONE',  ( 0.0000000000000000000, -1.000000000000000000, 0.0000000000000000000 ) ) ;
#92 = DIRECTION ( 'NONE',  ( 0.0000000000000000000, 1.000000000000000000, -0.0000000000000000000 ) ) ;
#93 = CARTESIAN_POINT ( 'NONE',  ( 0.0000000000000000000, 42.00000000000000000, -82.59999999999999432 ) ) ;
#94 = AXIS2_PLACEMENT_3D ( 'NONE', #247, #3063, #1673 ) ;
#95 = CARTESIAN_POINT ( 'NONE',  ( 117.6754446796632436, 4.000000000000000000, -111.0000000000000000 ) ) ;
#96 = VECTOR ( 'NONE', #3361, 1000.000000000000000 ) ;
#97 = AXIS2_PLACEMENT_3D ( 'NONE', #844, #563, #3038 ) ;
#98 = DIRECTION ( 'NONE',  ( 0.0000000000000000000, 1.000000000000000000, 0.0000000000000000000 ) ) ;
#99 = ORIENTED_EDGE ( 'NONE', *, *, #319, .T. ) ;
#100 = DIRECTION ( 'NONE',  ( 0.0000000000000000000, 0.0000000000000000000, -1.000000000000000000 ) ) ;
#101 = CARTESIAN_POINT ( 'NONE',  ( 0.0000000000000000000, 42.00000000000000000, -18.00000000000000355 ) ) ;
#102 = CARTESIAN_POINT ( 'NONE',  ( 24.99999999999998934, 40.99999999999999289, -3.000000000000002665 ) ) ;
#103 = CIRCLE ( 'NONE', #3047, 4.000000000000000000 ) ;
#104 = ORIENTED_EDGE ( 'NONE', *, *, #1987, .F. ) ;
#105 = EDGE_CURVE ( 'NONE', #524, #1333, #3562, .T. ) ;
#106 = VECTOR ( 'NONE', #566, 1000.000000000000000 ) ;
#107 = ORIENTED_EDGE ( 'NONE', *, *, #2450, .T. ) ;
#108 = EDGE_CURVE ( 'NONE', #144, #1100, #2326, .T. ) ;
#109 = PLANE ( 'NONE',  #924 ) ;
#110 = ORIENTED_EDGE ( 'NONE', *, *, #410, .F. ) ;
#111 = DIRECTION ( 'NONE',  ( -0.0000000000000000000, -1.000000000000000000, -0.0000000000000000000 ) ) ;
#112 = LINE ( 'NONE', #548, #2997 ) ;
#113 = CARTESIAN_POINT ( 'NONE',  ( 3.000000000000000000, 28.99999999999998934, -105.0000000000000142 ) ) ;
#114 = VECTOR ( 'NONE', #3168, 1000.000000000000000 ) ;
#115 = DIRECTION ( 'NONE',  ( 0.0000000000000000000, 0.0000000000000000000, 1.000000000000000000 ) ) ;
#116 = ORIENTED_EDGE ( 'NONE', *, *, #1386, .T. ) ;
#117 = CARTESIAN_POINT ( 'NONE',  ( 11.79671583704373639, 4.341351907571250557, -112.1347096272372426 ) ) ;
#118 = CYLINDRICAL_SURFACE ( 'NONE', #3142, 1.450000000000006839 ) ;
#119 = CARTESIAN_POINT ( 'NONE',  ( 124.0000000000178062, 5.021916647178264803, -3.255479161794568199 ) ) ;
#120 = AXIS2_PLACEMENT_3D ( 'NONE', #572, #1421, #3341 ) ;
#121 = DIRECTION ( 'NONE',  ( 0.0000000000000000000, 0.0000000000000000000, 1.000000000000000000 ) ) ;
#122 = DIRECTION ( 'NONE',  ( -1.000000000000000000, -0.0000000000000000000, -0.0000000000000000000 ) ) ;
#123 = EDGE_LOOP ( 'NONE', ( #1390, #2569, #1096, #590, #2419, #2577, #3039, #3067 ) ) ;
#124 = CARTESIAN_POINT ( 'NONE',  ( 124.5176019298838526, 5.006720552361165311, -3.263792408619043961 ) ) ;
#125 = EDGE_LOOP ( 'NONE', ( #2477, #422, #2304, #2280 ) ) ;
#126 = DIRECTION ( 'NONE',  ( -1.000000000000000000, 0.0000000000000000000, 2.065146995210484695E-17 ) ) ;
#127 = VERTEX_POINT ( 'NONE', #3406 ) ;
#128 = DIRECTION ( 'NONE',  ( 0.0000000000000000000, 0.0000000000000000000, 1.000000000000000000 ) ) ;
#129 = EDGE_LOOP ( 'NONE', ( #1014, #65, #1476, #1015 ) ) ;
#130 = ORIENTED_EDGE ( 'NONE', *, *, #1319, .T. ) ;
#131 = EDGE_CURVE ( 'NONE', #1975, #1044, #260, .T. ) ;
#132 = ORIENTED_EDGE ( 'NONE', *, *, #1319, .F. ) ;
#133 = CARTESIAN_POINT ( 'NONE',  ( 127.7482263402047948, 4.420059382263008985, -4.013831615083170767 ) ) ;
#134 = CARTESIAN_POINT ( 'NONE',  ( 3.000000000000000000, 26.00000000000001066, -8.000000000000017764 ) ) ;
#135 = EDGE_CURVE ( 'NONE', #1930, #2585, #835, .T. ) ;
#136 = ORIENTED_EDGE ( 'NONE', *, *, #2921, .T. ) ;
#137 = DIRECTION ( 'NONE',  ( -1.000000000000000000, -0.0000000000000000000, 1.222191539892750677E-16 ) ) ;
#138 = CARTESIAN_POINT ( 'NONE',  ( 50.00000000000000000, 42.00000000000000711, -33.40000000000000568 ) ) ;
#139 = DIRECTION ( 'NONE',  ( 0.0000000000000000000, 0.0000000000000000000, 1.000000000000000000 ) ) ;
#140 = LINE ( 'NONE', #1591, #629 ) ;
#141 = AXIS2_PLACEMENT_3D ( 'NONE', #2109, #2374, #2664 ) ;
#142 = DATE_TIME_ROLE ( 'classification_date' ) ;
#143 = CYLINDRICAL_SURFACE ( 'NONE', #1750, 4.000000000000000000 ) ;
#144 = VERTEX_POINT ( 'NONE', #3432 ) ;
#145 = DIRECTION ( 'NONE',  ( -1.000000000000000000, 0.0000000000000000000, 0.0000000000000000000 ) ) ;
#146 = DIRECTION ( 'NONE',  ( -1.000000000000000000, 0.0000000000000000000, 0.0000000000000000000 ) ) ;
#147 = DIRECTION ( 'NONE',  ( 0.0000000000000000000, 0.0000000000000000000, 1.000000000000000000 ) ) ;
#148 = CIRCLE ( 'NONE', #2188, 3.000000000000000000 ) ;
#149 = DIRECTION ( 'NONE',  ( 0.0000000000000000000, 1.000000000000000000, 0.0000000000000000000 ) ) ;
#150 = TOROIDAL_SURFACE ( 'NONE', #1980, 6.999999999999992006, 3.000000000000000000 ) ;
#151 = EDGE_CURVE ( 'NONE', #3473, #966, #3403, .T. ) ;
#152 = VERTEX_POINT ( 'NONE', #3182 ) ;
#153 = CIRCLE ( 'NONE', #3162, 4.000000000000000000 ) ;
#154 = CIRCLE ( 'NONE', #2768, 4.599999999999999645 ) ;
#155 = CARTESIAN_POINT ( 'NONE',  ( 3.000000000000012434, 4.000000000000003553, -5.000000000000004441 ) ) ;
#156 = EDGE_LOOP ( 'NONE', ( #1968, #2449, #3308, #1263, #89, #3408, #2045, #394 ) ) ;
#157 = FACE_OUTER_BOUND ( 'NONE', #792, .T. ) ;
#158 = EDGE_CURVE ( 'NONE', #3124, #1942, #1671, .T. ) ;
#159 = CARTESIAN_POINT ( 'NONE',  ( 4.000000000000000000, 4.000000000000000000, -112.0000000000000000 ) ) ;
#160 = CYLINDRICAL_SURFACE ( 'NONE', #3539, 2.999999999999999112 ) ;
#161 = CARTESIAN_POINT ( 'NONE',  ( 132.0000000000000000, 4.000000000000000000, 0.0000000000000000000 ) ) ;
#162 = CARTESIAN_POINT ( 'NONE',  ( 126.0258945053581670, 4.772260910391767474, -3.417121091832407753 ) ) ;
#163 = CARTESIAN_POINT ( 'NONE',  ( 129.0000000000000000, 34.99999999999999289, -103.0000000000000000 ) ) ;
#164 = DIRECTION ( 'NONE',  ( 0.0000000000000000000, 0.0000000000000000000, -1.000000000000000000 ) ) ;
#165 = CARTESIAN_POINT ( 'NONE',  ( 24.99999999999998934, 26.00000000000000000, -3.000000000000000444 ) ) ;
#166 = AXIS2_PLACEMENT_3D ( 'NONE', #192, #2413, #2672 ) ;
#167 = ORIENTED_EDGE ( 'NONE', *, *, #1710, .T. ) ;
#168 = ORIENTED_EDGE ( 'NONE', *, *, #2930, .F. ) ;
#169 = AXIS2_PLACEMENT_3D ( 'NONE', #3002, #2701, #1894 ) ;
#170 = CARTESIAN_POINT ( 'NONE',  ( 4.000000000000000000, 4.000000000000000000, 0.0000000000000000000 ) ) ;
#171 = DIRECTION ( 'NONE',  ( 0.0000000000000000000, 0.0000000000000000000, 1.000000000000000000 ) ) ;
#172 = EDGE_LOOP ( 'NONE', ( #1979, #2471, #1007, #1701 ) ) ;
#173 = CARTESIAN_POINT ( 'NONE',  ( 124.2574388708552249, 5.021916647177593340, -3.255479161794943899 ) ) ;
#174 = CARTESIAN_POINT ( 'NONE',  ( 8.000000000000000000, 4.000000000000000000, -108.0000000000000000 ) ) ;
#175 = ORIENTED_EDGE ( 'NONE', *, *, #3178, .F. ) ;
#176 = EDGE_CURVE ( 'NONE', #1577, #3372, #2118, .T. ) ;
#177 = PLANE ( 'NONE',  #3167 ) ;
#178 = VECTOR ( 'NONE', #1250, 1000.000000000000000 ) ;
#179 = VERTEX_POINT ( 'NONE', #93 ) ;
#180 = EDGE_CURVE ( 'NONE', #893, #726, #2239, .T. ) ;
#181 = CARTESIAN_POINT ( 'NONE',  ( 0.0000000000000000000, 6.999999999999992006, -108.0000000000000142 ) ) ;
#182 = CARTESIAN_POINT ( 'NONE',  ( 129.0000000000000000, 54.00000000000000711, -5.000000000000004441 ) ) ;
#183 = CARTESIAN_POINT ( 'NONE',  ( 124.0000000000000284, 4.000000000000000000, -7.999999999999992895 ) ) ;
#184 = DIRECTION ( 'NONE',  ( 0.0000000000000000000, -1.000000000000000000, 0.0000000000000000000 ) ) ;
#185 = VERTEX_POINT ( 'NONE', #958 ) ;
#186 = CARTESIAN_POINT ( 'NONE',  ( 82.00000000000005684, 38.00000000000000000, -15.99999999999999645 ) ) ;
#187 = CARTESIAN_POINT ( 'NONE',  ( 8.000000000000012434, 6.999999999999999112, -7.999999999999992895 ) ) ;
#188 = VECTOR ( 'NONE', #3418, 1000.000000000000000 ) ;
#189 = ORIENTED_EDGE ( 'NONE', *, *, #1850, .T. ) ;
#190 = VECTOR ( 'NONE', #219, 1000.000000000000000 ) ;
#191 = AXIS2_PLACEMENT_3D ( 'NONE', #657, #943, #2341 ) ;
#192 = CARTESIAN_POINT ( 'NONE',  ( 4.000000000000000000, 4.000000000000000000, -4.000000000000000000 ) ) ;
#193 = LINE ( 'NONE', #2026, #549 ) ;
#194 = ORIENTED_EDGE ( 'NONE', *, *, #2642, .F. ) ;
#195 = CARTESIAN_POINT ( 'NONE',  ( 8.000000000000000000, 4.000000000000000000, -106.5499999999999972 ) ) ;
#196 = EDGE_LOOP ( 'NONE', ( #3104, #3413, #1363, #3479 ) ) ;
#197 = CARTESIAN_POINT ( 'NONE',  ( 0.0000000000000000000, 54.00000000000000711, -116.0000000000000000 ) ) ;
#198 = DIRECTION ( 'NONE',  ( 0.0000000000000000000, 0.0000000000000000000, -1.000000000000000000 ) ) ;
#199 = FACE_BOUND ( 'NONE', #786, .T. ) ;
#200 = CIRCLE ( 'NONE', #1330, 4.000000000000003553 ) ;
#201 = EDGE_CURVE ( 'NONE', #893, #1521, #1974, .T. ) ;
#202 = VERTEX_POINT ( 'NONE', #1813 ) ;
#203 = VECTOR ( 'NONE', #2519, 1000.000000000000000 ) ;
#204 = EDGE_CURVE ( 'NONE', #144, #1216, #1051, .T. ) ;
#205 = DIRECTION ( 'NONE',  ( -0.0000000000000000000, 0.0000000000000000000, -1.000000000000000000 ) ) ;
#206 = CARTESIAN_POINT ( 'NONE',  ( 124.0000000000000000, 4.000000000000000000, -108.0000000000000000 ) ) ;
#207 = VERTEX_POINT ( 'NONE', #2716 ) ;
#208 = CARTESIAN_POINT ( 'NONE',  ( 4.000000000000000000, 0.0000000000000000000, -116.0000000000000000 ) ) ;
#209 = CARTESIAN_POINT ( 'NONE',  ( 124.0000000000000000, 5.021916647178256810, -112.7445208382054318 ) ) ;
#210 = ORIENTED_EDGE ( 'NONE', *, *, #1245, .F. ) ;
#211 = AXIS2_PLACEMENT_3D ( 'NONE', #2786, #3061, #2510 ) ;
#212 = CARTESIAN_POINT ( 'NONE',  ( 4.000000000000000000, 4.000000000000000000, -4.000000000000000000 ) ) ;
#213 = ORIENTED_EDGE ( 'NONE', *, *, #1781, .F. ) ;
#214 = ORIENTED_EDGE ( 'NONE', *, *, #1806, .F. ) ;
#215 = AXIS2_PLACEMENT_3D ( 'NONE', #1416, #3347, #1206 ) ;
#216 = ORIENTED_EDGE ( 'NONE', *, *, #535, .F. ) ;
#217 = DIRECTION ( 'NONE',  ( -1.000000000000000000, 0.0000000000000000000, 0.0000000000000000000 ) ) ;
#218 = ORIENTED_EDGE ( 'NONE', *, *, #743, .T. ) ;
#219 = DIRECTION ( 'NONE',  ( 1.222191539892750677E-16, 0.0000000000000000000, 1.000000000000000000 ) ) ;
#220 = CARTESIAN_POINT ( 'NONE',  ( 3.254972536739274780, 5.022820170689268338, -107.8273981381301780 ) ) ;
#221 = EDGE_CURVE ( 'NONE', #1283, #3136, #2889, .T. ) ;
#222 = CARTESIAN_POINT ( 'NONE',  ( 128.0000000000000000, 4.000000000000000000, -112.0000000000000000 ) ) ;
#223 = EDGE_CURVE ( 'NONE', #2509, #2909, #3273, .T. ) ;
#224 = CIRCLE ( 'NONE', #714, 2.000000000000001776 ) ;
#225 = ORIENTED_EDGE ( 'NONE', *, *, #837, .T. ) ;
#226 = CARTESIAN_POINT ( 'NONE',  ( 4.621030929233877593, 4.034029479276576069, -102.4034669975266638 ) ) ;
#227 = CIRCLE ( 'NONE', #363, 4.599999999999999645 ) ;
#228 = AXIS2_PLACEMENT_3D ( 'NONE', #2111, #128, #2375 ) ;
#229 = CARTESIAN_POINT ( 'NONE',  ( 21.99999999999999289, 26.00000000000000000, -133.0000000000000000 ) ) ;
#230 = B_SPLINE_CURVE_WITH_KNOTS ( 'NONE', 3,
 ( #2945, #738, #2968, #1312, #1561, #3489, #3246, #3514 ),
 .UNSPECIFIED., .F., .F.,
 ( 4, 2, 2, 4 ),
 ( 7.720313745419257810E-15, 0.001532749176823198795, 0.002299123765230942119, 0.003065498353638685444 ),
 .UNSPECIFIED. ) ;
#231 = FACE_BOUND ( 'NONE', #2724, .T. ) ;
#232 = ORIENTED_EDGE ( 'NONE', *, *, #1197, .T. ) ;
#233 = ORIENTED_EDGE ( 'NONE', *, *, #2223, .T. ) ;
#234 = AXIS2_PLACEMENT_3D ( 'NONE', #1305, #1251, #2638 ) ;
#235 = CARTESIAN_POINT ( 'NONE',  ( 0.0000000000000000000, 10.00000000000002665, -11.00000000000000355 ) ) ;
#236 = FACE_OUTER_BOUND ( 'NONE', #2537, .T. ) ;
#237 = EDGE_LOOP ( 'NONE', ( #1539, #1337, #1346, #2275 ) ) ;
#238 = CYLINDRICAL_SURFACE ( 'NONE', #3582, 2.000000000000000000 ) ;
#239 = CARTESIAN_POINT ( 'NONE',  ( 127.0000000000000000, 4.000000000000003553, -3.000000000000002665 ) ) ;
#240 = VECTOR ( 'NONE', #806, 1000.000000000000000 ) ;
#241 = DIRECTION ( 'NONE',  ( 0.0000000000000000000, 0.0000000000000000000, -1.000000000000000000 ) ) ;
#242 = ORIENTED_EDGE ( 'NONE', *, *, #3027, .F. ) ;
#243 = CC_DESIGN_PERSON_AND_ORGANIZATION_ASSIGNMENT ( #3573, #393, ( #2086 ) ) ;
#244 = CARTESIAN_POINT ( 'NONE',  ( 2.999999999999999556, 5.999999999999998224, -113.0000000000000000 ) ) ;
#245 = LINE ( 'NONE', #2766, #2354 ) ;
#246 = LINE ( 'NONE', #2180, #1738 ) ;
#247 = CARTESIAN_POINT ( 'NONE',  ( 132.0000000000000000, 34.99999999999999289, -103.0000000000000000 ) ) ;
#248 = ORIENTED_EDGE ( 'NONE', *, *, #1910, .T. ) ;
#249 = EDGE_CURVE ( 'NONE', #793, #3260, #1287, .T. ) ;
#250 = ADVANCED_FACE ( 'NONE', ( #3526, #2848 ), #1021, .T. ) ;
#251 = ORIENTED_EDGE ( 'NONE', *, *, #695, .T. ) ;
#252 = EDGE_CURVE ( 'NONE', #368, #2985, #2309, .T. ) ;
#253 = CARTESIAN_POINT ( 'NONE',  ( 132.0000000000000000, 26.00000000000000000, -106.0000000000000000 ) ) ;
#254 = EDGE_LOOP ( 'NONE', ( #470, #517, #3557, #623 ) ) ;
#255 = DIRECTION ( 'NONE',  ( 0.0000000000000000000, 0.0000000000000000000, 1.000000000000000000 ) ) ;
#256 = ORIENTED_EDGE ( 'NONE', *, *, #658, .F. ) ;
#257 = DIRECTION ( 'NONE',  ( -1.000000000000000000, -0.0000000000000000000, -0.0000000000000000000 ) ) ;
#258 = EDGE_LOOP ( 'NONE', ( #1816, #1888, #973, #1410 ) ) ;
#259 = ORIENTED_EDGE ( 'NONE', *, *, #2736, .F. ) ;
#260 = CIRCLE ( 'NONE', #69, 3.000000000000002665 ) ;
#261 = EDGE_LOOP ( 'NONE', ( #722, #3299, #214, #1274 ) ) ;
#262 = DIRECTION ( 'NONE',  ( -0.0000000000000000000, 0.0000000000000000000, 1.000000000000000000 ) ) ;
#263 = ADVANCED_FACE ( 'NONE', ( #2139, #199 ), #3494, .T. ) ;
#264 = DIRECTION ( 'NONE',  ( -0.0000000000000000000, 1.000000000000000000, -0.0000000000000000000 ) ) ;
#265 = EDGE_CURVE ( 'NONE', #3304, #864, #683, .T. ) ;
#266 = CARTESIAN_POINT ( 'NONE',  ( 124.0000000000000284, 4.000000000000000000, -7.999999999999992895 ) ) ;
#267 = CARTESIAN_POINT ( 'NONE',  ( 50.00000000000000000, 42.00000000000000000, -13.40000000000000213 ) ) ;
#268 = LINE ( 'NONE', #3119, #2248 ) ;
#269 = CARTESIAN_POINT ( 'NONE',  ( 8.000000000000000000, 26.00000000000000000, -109.4500000000000028 ) ) ;
#270 = EDGE_CURVE ( 'NONE', #3452, #882, #1310, .T. ) ;
#271 = ORIENTED_EDGE ( 'NONE', *, *, #867, .F. ) ;
#272 = CIRCLE ( 'NONE', #234, 2.999999999999999112 ) ;
#273 = CARTESIAN_POINT ( 'NONE',  ( 3.000000000000000000, 9.999999999999992895, -105.0000000000000142 ) ) ;
#274 = DESIGN_CONTEXT ( 'detailed design', #2077, 'design' ) ;
#275 = CARTESIAN_POINT ( 'NONE',  ( 119.0000000000000000, 40.99999999999999289, -113.0000000000000000 ) ) ;
#276 = CIRCLE ( 'NONE', #215, 2.999999999999999112 ) ;
#277 = AXIS2_PLACEMENT_3D ( 'NONE', #2366, #2057, #1536 ) ;
#278 = ORIENTED_EDGE ( 'NONE', *, *, #749, .F. ) ;
#279 = CARTESIAN_POINT ( 'NONE',  ( 119.0000000000000000, 26.00000000000000000, 0.0000000000000000000 ) ) ;
#280 = CARTESIAN_POINT ( 'NONE',  ( 124.0000000000000000, 4.000000000000000000, -108.0000000000000000 ) ) ;
#281 = DIRECTION ( 'NONE',  ( -1.000000000000000000, -0.0000000000000000000, -0.0000000000000000000 ) ) ;
#282 = EDGE_LOOP ( 'NONE', ( #1855, #438, #944, #3552 ) ) ;
#283 = ADVANCED_FACE ( 'NONE', ( #554 ), #1396, .F. ) ;
#284 = VECTOR ( 'NONE', #3056, 1000.000000000000000 ) ;
#285 = AXIS2_PLACEMENT_3D ( 'NONE', #3578, #2799, #1958 ) ;
#286 = DIRECTION ( 'NONE',  ( 0.0000000000000000000, -1.000000000000000000, 9.462128050782594729E-16 ) ) ;
#287 = LINE ( 'NONE', #2898, #1609 ) ;
#288 = VERTEX_POINT ( 'NONE', #1856 ) ;
#289 = VECTOR ( 'NONE', #3306, 1000.000000000000000 ) ;
#290 = CARTESIAN_POINT ( 'NONE',  ( 8.000000000000012434, 26.00000000000000000, -7.999999999999992895 ) ) ;
#291 = DIRECTION ( 'NONE',  ( -1.000000000000000000, -0.0000000000000000000, 4.336808689942013299E-16 ) ) ;
#292 = EDGE_CURVE ( 'NONE', #374, #3212, #3336, .T. ) ;
#293 = CARTESIAN_POINT ( 'NONE',  ( 8.000000000000012434, 26.00000000000000000, -7.999999999999992895 ) ) ;
#294 = DIRECTION ( 'NONE',  ( 0.0000000000000000000, 0.0000000000000000000, -1.000000000000000000 ) ) ;
#295 = DIRECTION ( 'NONE',  ( 0.0000000000000000000, -0.0000000000000000000, -1.000000000000000000 ) ) ;
#296 = EDGE_CURVE ( 'NONE', #1538, #152, #3508, .T. ) ;
#297 = ORIENTED_EDGE ( 'NONE', *, *, #252, .F. ) ;
#298 = DIRECTION ( 'NONE',  ( 0.0000000000000000000, 1.000000000000000000, 0.0000000000000000000 ) ) ;
#299 = ORIENTED_EDGE ( 'NONE', *, *, #204, .F. ) ;
#300 = ADVANCED_FACE ( 'NONE', ( #3541 ), #3252, .F. ) ;
#301 = ORIENTED_EDGE ( 'NONE', *, *, #292, .F. ) ;
#302 = CARTESIAN_POINT ( 'NONE',  ( 8.000000000000012434, 26.00000000000000000, -7.999999999999992895 ) ) ;
#303 = ADVANCED_FACE ( 'NONE', ( #3257 ), #2132, .F. ) ;
#304 = ORIENTED_EDGE ( 'NONE', *, *, #2037, .F. ) ;
#305 = ORIENTED_EDGE ( 'NONE', *, *, #2895, .F. ) ;
#306 = ORIENTED_EDGE ( 'NONE', *, *, #2622, .F. ) ;
#307 = DIRECTION ( 'NONE',  ( -9.427844978134836224E-17, 0.0000000000000000000, -1.000000000000000000 ) ) ;
#308 = AXIS2_PLACEMENT_3D ( 'NONE', #2195, #1106, #241 ) ;
#309 = PLANE ( 'NONE',  #905 ) ;
#310 = ORIENTED_EDGE ( 'NONE', *, *, #535, .T. ) ;
#311 = CARTESIAN_POINT ( 'NONE',  ( 128.7391626044546342, 5.012199941516295887, -108.4154790891558804 ) ) ;
#312 = DIRECTION ( 'NONE',  ( -0.0000000000000000000, 0.0000000000000000000, 1.000000000000000000 ) ) ;
#313 = ORIENTED_EDGE ( 'NONE', *, *, #1104, .F. ) ;
#314 = CC_DESIGN_SECURITY_CLASSIFICATION ( #2712, ( #2893 ) ) ;
#315 = CARTESIAN_POINT ( 'NONE',  ( 9.123090412612430811, 4.938566089532860026, -3.304477168207588633 ) ) ;
#316 = CIRCLE ( 'NONE', #97, 7.000000000000000888 ) ;
#317 = ORIENTED_EDGE ( 'NONE', *, *, #3058, .F. ) ;
#318 = ADVANCED_FACE ( 'NONE', ( #2825 ), #2706, .T. ) ;
#319 = EDGE_CURVE ( 'NONE', #514, #2560, #2738, .T. ) ;
#320 = CARTESIAN_POINT ( 'NONE',  ( 8.000000000000012434, 26.00000000000000000, -7.999999999999992895 ) ) ;
#321 = VERTEX_POINT ( 'NONE', #3295 ) ;
#322 = EDGE_LOOP ( 'NONE', ( #1487, #3057, #3565, #1770 ) ) ;
#323 = CARTESIAN_POINT ( 'NONE',  ( 122.0000000000000000, 37.99999999999999289, -3.000000000000002665 ) ) ;
#324 = LINE ( 'NONE', #2391, #55 ) ;
#325 = CARTESIAN_POINT ( 'NONE',  ( 3.453605268785912230, 4.727556129008176455, -10.20479418575471087 ) ) ;
#326 = EDGE_CURVE ( 'NONE', #983, #2467, #2431, .T. ) ;
#327 = CARTESIAN_POINT ( 'NONE',  ( 129.0000000000000000, 54.00000000000000711, -111.0000000000000000 ) ) ;
#328 = CIRCLE ( 'NONE', #1113, 3.000000000000002665 ) ;
#329 = VERTEX_POINT ( 'NONE', #3305 ) ;
#330 = PLANE ( 'NONE',  #3521 ) ;
#331 = ORIENTED_EDGE ( 'NONE', *, *, #551, .F. ) ;
#332 = B_SPLINE_CURVE_WITH_KNOTS ( 'NONE', 3,
 ( #3503, #3516, #162, #3238, #1578, #124, #173, #1275 ),
 .UNSPECIFIED., .F., .F.,
 ( 4, 2, 2, 4 ),
 ( 7.738771224480422977E-15, 0.001532749176831590737, 0.002299123765243516263, 0.003065498353655442439 ),
 .UNSPECIFIED. ) ;
#333 =( NAMED_UNIT ( * ) PLANE_ANGLE_UNIT ( ) SI_UNIT ( $, .RADIAN. ) );
#334 = CIRCLE ( 'NONE', #166, 4.000000000000000000 ) ;
#335 = CIRCLE ( 'NONE', #2817, 3.000000000000002665 ) ;
#336 = AXIS2_PLACEMENT_3D ( 'NONE', #555, #2941, #3079 ) ;
#337 = ORIENTED_EDGE ( 'NONE', *, *, #1657, .T. ) ;
#338 = FACE_OUTER_BOUND ( 'NONE', #3264, .T. ) ;
#339 = DIRECTION ( 'NONE',  ( 0.0000000000000000000, -1.000000000000000000, 0.0000000000000000000 ) ) ;
#340 = CIRCLE ( 'NONE', #2791, 2.000000000000001776 ) ;
#341 = CARTESIAN_POINT ( 'NONE',  ( 3.538460141307651519, 4.627731018985191014, -5.387934570876129925 ) ) ;
#342 = AXIS2_PLACEMENT_3D ( 'NONE', #1222, #3163, #1503 ) ;
#343 = CARTESIAN_POINT ( 'NONE',  ( 128.2639312628197956, 4.443938103742975265, -104.6316232085003008 ) ) ;
#344 = CARTESIAN_POINT ( 'NONE',  ( 127.0000000000000000, 4.533464469858667911, -112.3598799722155945 ) ) ;
#345 = ADVANCED_FACE ( 'NONE', ( #2874 ), #778, .F. ) ;
#346 = EDGE_CURVE ( 'NONE', #2360, #381, #2785, .T. ) ;
#347 = VERTEX_POINT ( 'NONE', #3043 ) ;
#348 = DIRECTION ( 'NONE',  ( 0.0000000000000000000, 0.0000000000000000000, 1.000000000000000000 ) ) ;
#349 = EDGE_LOOP ( 'NONE', ( #2747, #1804, #1805, #136, #3402, #1372, #2755, #1258 ) ) ;
#350 = EDGE_CURVE ( 'NONE', #1194, #1521, #2097, .T. ) ;
#351 = ORIENTED_EDGE ( 'NONE', *, *, #2964, .T. ) ;
#352 = VERTEX_POINT ( 'NONE', #826 ) ;
#353 = CARTESIAN_POINT ( 'NONE',  ( 3.535283205579900390, 4.631257666958541463, -10.59760521489419993 ) ) ;
#354 = LOCAL_TIME ( 16, 22, 53.00000000000000000, #2278 ) ;
#355 = ORIENTED_EDGE ( 'NONE', *, *, #1368, .F. ) ;
#356 = DIRECTION ( 'NONE',  ( 0.0000000000000000000, -0.0000000000000000000, 1.000000000000000000 ) ) ;
#357 = ORIENTED_EDGE ( 'NONE', *, *, #3570, .T. ) ;
#358 = VECTOR ( 'NONE', #705, 1000.000000000000000 ) ;
#359 = AXIS2_PLACEMENT_3D ( 'NONE', #2711, #1618, #511 ) ;
#360 = CARTESIAN_POINT ( 'NONE',  ( 13.07493021133784517, 4.096568996628808357, -4.375185029872815434 ) ) ;
#361 = ADVANCED_FACE ( 'NONE', ( #2221 ), #733, .F. ) ;
#362 = DIRECTION ( 'NONE',  ( 0.0000000000000000000, 0.0000000000000000000, -1.000000000000000000 ) ) ;
#363 = AXIS2_PLACEMENT_3D ( 'NONE', #2415, #754, #3280 ) ;
#364 = CARTESIAN_POINT ( 'NONE',  ( 3.000000000000000000, 6.999999999999992006, -108.0000000000000142 ) ) ;
#365 = FACE_OUTER_BOUND ( 'NONE', #322, .T. ) ;
#366 = CARTESIAN_POINT ( 'NONE',  ( 128.7076761716263889, 4.958086292462005495, -109.0296822539756931 ) ) ;
#367 = EDGE_CURVE ( 'NONE', #1404, #2227, #2257, .T. ) ;
#368 = VERTEX_POINT ( 'NONE', #3584 ) ;
#369 = APPROVAL_DATE_TIME ( #1857, #1631 ) ;
#370 = DIRECTION ( 'NONE',  ( 0.0000000000000000000, 0.0000000000000000000, -1.000000000000000000 ) ) ;
#371 = CARTESIAN_POINT ( 'NONE',  ( 8.000000000000000000, 4.000000000000000000, -109.4500000000000028 ) ) ;
#372 = LINE ( 'NONE', #88, #1164 ) ;
#373 = EDGE_CURVE ( 'NONE', #2676, #1325, #1482, .T. ) ;
#374 = VERTEX_POINT ( 'NONE', #3005 ) ;
#375 = DIRECTION ( 'NONE',  ( 0.0000000000000000000, -0.0000000000000000000, -1.000000000000000000 ) ) ;
#376 = DIRECTION ( 'NONE',  ( -1.000000000000000000, 0.0000000000000000000, 0.0000000000000000000 ) ) ;
#377 = CARTESIAN_POINT ( 'NONE',  ( 127.3789690707662032, 4.034029479276592056, -13.59653300247314789 ) ) ;
#378 = CARTESIAN_POINT ( 'NONE',  ( 124.0000000000000284, 4.000000000000000000, -6.549999999999993605 ) ) ;
#379 = COORDINATED_UNIVERSAL_TIME_OFFSET ( 0, 0, .AHEAD. ) ;
#380 = VERTEX_POINT ( 'NONE', #1347 ) ;
#381 = VERTEX_POINT ( 'NONE', #1623 ) ;
#382 = FACE_OUTER_BOUND ( 'NONE', #196, .T. ) ;
#383 = CIRCLE ( 'NONE', #1208, 1.449999999999999956 ) ;
#384 = CYLINDRICAL_SURFACE ( 'NONE', #3185, 4.000000000000003553 ) ;
#385 = CARTESIAN_POINT ( 'NONE',  ( 3.640120027784406798, 4.533464469858668799, -111.0000000000000000 ) ) ;
#386 = ORIENTED_EDGE ( 'NONE', *, *, #2178, .T. ) ;
#387 = CARTESIAN_POINT ( 'NONE',  ( 3.000000000000010214, 42.00000000000000000, -73.40000000000000568 ) ) ;
#388 = CARTESIAN_POINT ( 'NONE',  ( 4.999999999999999112, 6.000000000000000000, -111.0000000000000000 ) ) ;
#389 = CARTESIAN_POINT ( 'NONE',  ( 13.69954269940043012, 4.025985850748950767, -111.3273665163501391 ) ) ;
#390 = ORIENTED_EDGE ( 'NONE', *, *, #1129, .F. ) ;
#391 = ORIENTED_EDGE ( 'NONE', *, *, #1889, .T. ) ;
#392 = EDGE_CURVE ( 'NONE', #524, #2539, #3174, .T. ) ;
#393 = PERSON_AND_ORGANIZATION_ROLE ( 'creator' ) ;
#394 = ORIENTED_EDGE ( 'NONE', *, *, #3596, .T. ) ;
#395 = CARTESIAN_POINT ( 'NONE',  ( 4.000000000000000000, 0.0000000000000000000, -4.000000000000000000 ) ) ;
#396 = CIRCLE ( 'NONE', #2272, 4.599999999999999645 ) ;
#397 = EDGE_CURVE ( 'NONE', #617, #127, #3587, .T. ) ;
#398 = ORIENTED_EDGE ( 'NONE', *, *, #917, .F. ) ;
#399 = CARTESIAN_POINT ( 'NONE',  ( 124.0000000000000284, 6.999999999999999112, -7.999999999999992895 ) ) ;
#400 = CARTESIAN_POINT ( 'NONE',  ( 3.000000000000000000, 29.00000000000000355, -8.000000000000021316 ) ) ;
#401 = DIRECTION ( 'NONE',  ( 0.0000000000000000000, 0.0000000000000000000, -1.000000000000000000 ) ) ;
#402 = AXIS2_PLACEMENT_3D ( 'NONE', #290, #83, #912 ) ;
#403 = DIRECTION ( 'NONE',  ( 1.000000000000000000, 0.0000000000000000000, -2.065146995210484695E-17 ) ) ;
#404 = LINE ( 'NONE', #822, #3324 ) ;
#405 = AXIS2_PLACEMENT_3D ( 'NONE', #3429, #1774, #3169 ) ;
#406 = ORIENTED_EDGE ( 'NONE', *, *, #3331, .F. ) ;
#407 = DIRECTION ( 'NONE',  ( 1.000000000000000000, 0.0000000000000000000, 0.0000000000000000000 ) ) ;
#408 = DIRECTION ( 'NONE',  ( 0.0000000000000000000, -0.0000000000000000000, 1.000000000000000000 ) ) ;
#409 = LINE ( 'NONE', #963, #3288 ) ;
#410 = EDGE_CURVE ( 'NONE', #927, #971, #2349, .T. ) ;
#411 = VECTOR ( 'NONE', #1680, 1000.000000000000000 ) ;
#412 = ORIENTED_EDGE ( 'NONE', *, *, #367, .T. ) ;
#413 = APPROVAL_ROLE ( '' ) ;
#414 = EDGE_CURVE ( 'NONE', #1760, #2138, #1952, .T. ) ;
#415 = CARTESIAN_POINT ( 'NONE',  ( 127.3178300142754296, 4.466324286366747387, -3.744867831059305985 ) ) ;
#416 = EDGE_LOOP ( 'NONE', ( #570, #3101, #3165, #1030 ) ) ;
#417 = DIRECTION ( 'NONE',  ( -1.000000000000000000, -0.0000000000000000000, -0.0000000000000000000 ) ) ;
#418 = VECTOR ( 'NONE', #595, 1000.000000000000000 ) ;
#419 = DIRECTION ( 'NONE',  ( 1.000000000000000000, 0.0000000000000000000, 0.0000000000000000000 ) ) ;
#420 = LINE ( 'NONE', #1960, #1829 ) ;
#421 = CARTESIAN_POINT ( 'NONE',  ( 128.0000000000000000, 4.000000000000000000, 0.0000000000000000000 ) ) ;
#422 = ORIENTED_EDGE ( 'NONE', *, *, #3172, .T. ) ;
#423 = DIRECTION ( 'NONE',  ( 0.0000000000000000000, 0.0000000000000000000, -1.000000000000000000 ) ) ;
#424 = CARTESIAN_POINT ( 'NONE',  ( 124.0000000000000000, 6.999999999999999112, -101.0000000000000000 ) ) ;
#425 = VECTOR ( 'NONE', #813, 1000.000000000000000 ) ;
#426 = VECTOR ( 'NONE', #724, 1000.000000000000000 ) ;
#427 = EDGE_CURVE ( 'NONE', #3393, #380, #1349, .T. ) ;
#428 = DIRECTION ( 'NONE',  ( -1.000000000000000000, 0.0000000000000000000, 0.0000000000000000000 ) ) ;
#429 = CARTESIAN_POINT ( 'NONE',  ( 8.000000000000012434, 4.000000000000000000, -7.999999999999992895 ) ) ;
#430 = VERTEX_POINT ( 'NONE', #488 ) ;
#431 = DIRECTION ( 'NONE',  ( 0.0000000000000000000, 0.0000000000000000000, -1.000000000000000000 ) ) ;
#432 = DIRECTION ( 'NONE',  ( -0.0000000000000000000, 1.000000000000000000, -0.0000000000000000000 ) ) ;
#433 = PRODUCT_RELATED_PRODUCT_CATEGORY ( 'detail', '', ( #896 ) ) ;
#434 = ORIENTED_EDGE ( 'NONE', *, *, #2157, .T. ) ;
#435 = DIRECTION ( 'NONE',  ( -0.0000000000000000000, -1.000000000000000000, -0.0000000000000000000 ) ) ;
#436 = VERTEX_POINT ( 'NONE', #3328 ) ;
#437 = EDGE_CURVE ( 'NONE', #882, #3173, #1217, .T. ) ;
#438 = ORIENTED_EDGE ( 'NONE', *, *, #2317, .T. ) ;
#439 = VERTEX_POINT ( 'NONE', #2232 ) ;
#440 = CARTESIAN_POINT ( 'NONE',  ( 132.0000000000000000, 26.00000000000000000, -106.0000000000000000 ) ) ;
#441 = CARTESIAN_POINT ( 'NONE',  ( 8.000000000000000000, 6.999999999999999112, -104.0000000000000000 ) ) ;
#442 = AXIS2_PLACEMENT_3D ( 'NONE', #1520, #2894, #423 ) ;
#443 = DIRECTION ( 'NONE',  ( 0.0000000000000000000, 0.0000000000000000000, 1.000000000000000000 ) ) ;
#444 = DIRECTION ( 'NONE',  ( 0.0000000000000000000, 1.000000000000000000, 0.0000000000000000000 ) ) ;
#445 = FACE_OUTER_BOUND ( 'NONE', #3364, .T. ) ;
#446 = AXIS2_PLACEMENT_3D ( 'NONE', #701, #2972, #2416 ) ;
#447 = EDGE_LOOP ( 'NONE', ( #1606, #2352, #2451, #1540 ) ) ;
#448 = FACE_OUTER_BOUND ( 'NONE', #2960, .T. ) ;
#449 = EDGE_LOOP ( 'NONE', ( #1500, #663, #748, #3583, #2818, #3140, #1699 ) ) ;
#450 = CARTESIAN_POINT ( 'NONE',  ( 117.6754446796632720, 4.000000000000000000, -5.000000000000002665 ) ) ;
#451 = AXIS2_PLACEMENT_3D ( 'NONE', #593, #2576, #918 ) ;
#452 = CARTESIAN_POINT ( 'NONE',  ( 132.0000000000000000, 4.000000000000000000, -4.000000000000000000 ) ) ;
#453 = CIRCLE ( 'NONE', #2003, 4.000000000000003553 ) ;
#454 = CARTESIAN_POINT ( 'NONE',  ( 3.000000000000000000, 26.00000000000000711, -11.00000000000002309 ) ) ;
#455 = DIRECTION ( 'NONE',  ( 0.0000000000000000000, 0.0000000000000000000, -1.000000000000000000 ) ) ;
#456 = LINE ( 'NONE', #512, #2699 ) ;
#457 = EDGE_CURVE ( 'NONE', #2467, #3184, #504, .T. ) ;
#458 = ORIENTED_EDGE ( 'NONE', *, *, #1787, .F. ) ;
#459 = ORIENTED_EDGE ( 'NONE', *, *, #2744, .T. ) ;
#460 = CIRCLE ( 'NONE', #2281, 4.000000000000000000 ) ;
#461 = EDGE_CURVE ( 'NONE', #856, #3173, #1037, .T. ) ;
#462 = VECTOR ( 'NONE', #499, 1000.000000000000000 ) ;
#463 = CARTESIAN_POINT ( 'NONE',  ( 123.4340087071685303, 5.021916647179738291, -3.255479161793741305 ) ) ;
#464 = ORIENTED_EDGE ( 'NONE', *, *, #2525, .F. ) ;
#465 = CARTESIAN_POINT ( 'NONE',  ( 132.0000000000000000, 54.00000000000000711, -116.0000000000000000 ) ) ;
#466 = FACE_BOUND ( 'NONE', #3150, .T. ) ;
#467 = CARTESIAN_POINT ( 'NONE',  ( 50.00000000000000000, 42.00000000000000000, -53.40000000000001279 ) ) ;
#468 = CARTESIAN_POINT ( 'NONE',  ( 50.00000000000000000, 41.99999999999999289, -93.39999999999999147 ) ) ;
#469 = AXIS2_PLACEMENT_3D ( 'NONE', #2185, #257, #1070 ) ;
#470 = ORIENTED_EDGE ( 'NONE', *, *, #158, .F. ) ;
#471 = AXIS2_PLACEMENT_3D ( 'NONE', #2950, #2438, #1719 ) ;
#472 = CARTESIAN_POINT ( 'NONE',  ( 21.99999999999999289, 37.99999999999999289, -3.000000000000000444 ) ) ;
#473 = EDGE_LOOP ( 'NONE', ( #1213, #434, #1075, #3564, #2023, #2363, #2218, #1195, #1308, #1173, #2028, #1402 ) ) ;
#474 = CARTESIAN_POINT ( 'NONE',  ( 121.2538488980317908, 4.594149508303074114, -3.563941565374877829 ) ) ;
#475 = ORIENTED_EDGE ( 'NONE', *, *, #2479, .T. ) ;
#476 = DIRECTION ( 'NONE',  ( 0.0000000000000000000, -1.000000000000000000, 0.0000000000000000000 ) ) ;
#477 = VERTEX_POINT ( 'NONE', #1109 ) ;
#478 = DIRECTION ( 'NONE',  ( 1.000000000000000000, 0.0000000000000000000, -0.0000000000000000000 ) ) ;
#479 = DIRECTION ( 'NONE',  ( -0.0000000000000000000, -1.000000000000000000, -0.0000000000000000000 ) ) ;
#480 = FACE_OUTER_BOUND ( 'NONE', #473, .T. ) ;
#481 = ORIENTED_EDGE ( 'NONE', *, *, #1298, .F. ) ;
#482 = DIRECTION ( 'NONE',  ( 1.000000000000000000, 0.0000000000000000000, 0.0000000000000000000 ) ) ;
#483 = EDGE_CURVE ( 'NONE', #381, #717, #646, .T. ) ;
#484 = CARTESIAN_POINT ( 'NONE',  ( 124.0000000000000284, 26.00000000000000000, -6.549999999999993605 ) ) ;
#485 = ORIENTED_EDGE ( 'NONE', *, *, #3153, .T. ) ;
#486 = DIRECTION ( 'NONE',  ( 0.0000000000000000000, 0.0000000000000000000, 1.000000000000000000 ) ) ;
#487 = DIRECTION ( 'NONE',  ( 0.0000000000000000000, 0.0000000000000000000, -1.000000000000000000 ) ) ;
#488 = CARTESIAN_POINT ( 'NONE',  ( 124.0000000000000284, 26.00000000000000000, -4.000000000000000888 ) ) ;
#489 = CARTESIAN_POINT ( 'NONE',  ( 127.0000000000000000, 6.000000000000000000, -111.0000000000000000 ) ) ;
#490 = CIRCLE ( 'NONE', #650, 2.000000000000000000 ) ;
#491 = VERTEX_POINT ( 'NONE', #269 ) ;
#492 = DIRECTION ( 'NONE',  ( 0.0000000000000000000, 1.000000000000000000, 0.0000000000000000000 ) ) ;
#493 = ORIENTED_EDGE ( 'NONE', *, *, #3289, .T. ) ;
#494 = LINE ( 'NONE', #2401, #3073 ) ;
#495 = AXIS2_PLACEMENT_3D ( 'NONE', #1916, #1393, #3322 ) ;
#496 = CARTESIAN_POINT ( 'NONE',  ( 128.0902750264473298, 4.429243338868621649, -111.6103750914718802 ) ) ;
#497 = DIRECTION ( 'NONE',  ( 0.0000000000000000000, 0.0000000000000000000, -1.000000000000000000 ) ) ;
#498 = LINE ( 'NONE', #1761, #2648 ) ;
#499 = DIRECTION ( 'NONE',  ( -0.0000000000000000000, -1.000000000000000000, 0.0000000000000000000 ) ) ;
#500 = CARTESIAN_POINT ( 'NONE',  ( 5.000000000000012434, 6.000000000000000000, -3.000000000000000000 ) ) ;
#501 = ORIENTED_EDGE ( 'NONE', *, *, #1547, .F. ) ;
#502 = DIRECTION ( 'NONE',  ( -0.0000000000000000000, -0.0000000000000000000, -1.000000000000000000 ) ) ;
#503 = CARTESIAN_POINT ( 'NONE',  ( 119.6863963007167229, 4.223998682323118814, -111.9484685791151719 ) ) ;
#504 = CIRCLE ( 'NONE', #1746, 2.999999999999999112 ) ;
#505 = VECTOR ( 'NONE', #1205, 1000.000000000000000 ) ;
#506 = EDGE_CURVE ( 'NONE', #1966, #2106, #3081, .T. ) ;
#507 = ORIENTED_EDGE ( 'NONE', *, *, #1612, .T. ) ;
#508 = LINE ( 'NONE', #1660, #203 ) ;
#509 = VECTOR ( 'NONE', #3157, 1000.000000000000000 ) ;
#510 = EDGE_CURVE ( 'NONE', #439, #1970, #2613, .T. ) ;
#511 = DIRECTION ( 'NONE',  ( 0.0000000000000000000, 0.0000000000000000000, -1.000000000000000000 ) ) ;
#512 = CARTESIAN_POINT ( 'NONE',  ( 50.00000000000000000, 42.00000000000000000, -22.60000000000000142 ) ) ;
#513 = CARTESIAN_POINT ( 'NONE',  ( 127.0000000000000000, 54.00000000000000711, -111.0000000000000000 ) ) ;
#514 = VERTEX_POINT ( 'NONE', #3048 ) ;
#515 = B_SPLINE_CURVE_WITH_KNOTS ( 'NONE', 3,
 ( #1179, #3151, #1162, #651, #366, #311, #1709, #2047, #3392, #1192, #3120, #1452, #2323, #343, #934, #626, #3378, #3137, #2579, #53, #1739, #2551, #2286, #2018 ),
 .UNSPECIFIED., .F., .F.,
 ( 4, 2, 2, 2, 2, 2, 2, 2, 2, 2, 2, 4 ),
 ( 7.710857022015788670E-15, 0.001225642325754111930, 0.002451284651500513015, 0.003064105814373711389, 0.003676926977246909763, 0.004902569302993269214, 0.006128211628739628665, 0.007353853954485988983, 0.008579496280232348435, 0.009192317443105491731, 0.009498728024542027817, 0.009805138605978562169 ),
 .UNSPECIFIED. ) ;
#516 = AXIS2_PLACEMENT_3D ( 'NONE', #3560, #1036, #2154 ) ;
#517 = ORIENTED_EDGE ( 'NONE', *, *, #2603, .F. ) ;
#518 = VERTEX_POINT ( 'NONE', #830 ) ;
#519 = ORIENTED_EDGE ( 'NONE', *, *, #1849, .F. ) ;
#520 = PERSON_AND_ORGANIZATION ( #1443, #989 ) ;
#521 = AXIS2_PLACEMENT_3D ( 'NONE', #3262, #432, #1002 ) ;
#522 = EDGE_LOOP ( 'NONE', ( #1255, #3597, #2486, #900 ) ) ;
#523 = ORIENTED_EDGE ( 'NONE', *, *, #2412, .F. ) ;
#524 = VERTEX_POINT ( 'NONE', #1695 ) ;
#525 = DIRECTION ( 'NONE',  ( 1.000000000000000000, 0.0000000000000000000, 0.0000000000000000000 ) ) ;
#526 = ADVANCED_FACE ( 'NONE', ( #2957 ), #596, .F. ) ;
#527 = DIRECTION ( 'NONE',  ( -1.000000000000000000, 0.0000000000000000000, 0.0000000000000000000 ) ) ;
#528 = VECTOR ( 'NONE', #2975, 1000.000000000000000 ) ;
#529 = EDGE_CURVE ( 'NONE', #805, #514, #460, .T. ) ;
#530 = DIRECTION ( 'NONE',  ( 0.0000000000000000000, -1.000000000000000000, 0.0000000000000000000 ) ) ;
#531 = DIRECTION ( 'NONE',  ( -0.0000000000000000000, -1.000000000000000000, -0.0000000000000000000 ) ) ;
#532 = CARTESIAN_POINT ( 'NONE',  ( 21.99999999999999289, 28.99999999999999645, -3.000000000000000444 ) ) ;
#533 = DIRECTION ( 'NONE',  ( 0.0000000000000000000, -1.000000000000000000, 0.0000000000000000000 ) ) ;
#534 = CARTESIAN_POINT ( 'NONE',  ( 3.000000000000000000, 29.00000000000000355, -8.000000000000021316 ) ) ;
#535 = EDGE_CURVE ( 'NONE', #3511, #3437, #1607, .T. ) ;
#536 = LINE ( 'NONE', #742, #2687 ) ;
#537 = ORIENTED_EDGE ( 'NONE', *, *, #1702, .F. ) ;
#538 = CARTESIAN_POINT ( 'NONE',  ( 132.0000000000000000, 38.00000000000000000, -106.0000000000000000 ) ) ;
#539 = FACE_OUTER_BOUND ( 'NONE', #2823, .T. ) ;
#540 = ORIENTED_EDGE ( 'NONE', *, *, #3107, .F. ) ;
#541 = DIRECTION ( 'NONE',  ( 0.0000000000000000000, 1.000000000000000000, -0.0000000000000000000 ) ) ;
#542 = CARTESIAN_POINT ( 'NONE',  ( 0.0000000000000000000, 4.000000000000000000, 0.0000000000000000000 ) ) ;
#543 = CIRCLE ( 'NONE', #3118, 1.450000000000006839 ) ;
#544 = ORIENTED_EDGE ( 'NONE', *, *, #373, .T. ) ;
#545 = ORIENTED_EDGE ( 'NONE', *, *, #3553, .F. ) ;
#546 = ADVANCED_FACE ( 'NONE', ( #860 ), #1374, .F. ) ;
#547 = AXIS2_PLACEMENT_3D ( 'NONE', #206, #3603, #2482 ) ;
#548 = CARTESIAN_POINT ( 'NONE',  ( 21.99999999999999289, 54.00000000000000711, -113.0000000000000000 ) ) ;
#549 = VECTOR ( 'NONE', #1184, 1000.000000000000000 ) ;
#550 = ORIENTED_EDGE ( 'NONE', *, *, #529, .F. ) ;
#551 = EDGE_CURVE ( 'NONE', #1580, #2649, #112, .T. ) ;
#552 = ORIENTED_EDGE ( 'NONE', *, *, #3404, .F. ) ;
#553 = DIRECTION ( 'NONE',  ( 0.0000000000000000000, -0.0000000000000000000, 1.000000000000000000 ) ) ;
#554 = FACE_OUTER_BOUND ( 'NONE', #87, .T. ) ;
#555 = CARTESIAN_POINT ( 'NONE',  ( 0.0000000000000000000, 4.000000000000000000, 0.0000000000000000000 ) ) ;
#556 = CYLINDRICAL_SURFACE ( 'NONE', #2255, 4.599999999999992539 ) ;
#557 = CARTESIAN_POINT ( 'NONE',  ( 0.0000000000000000000, 54.00000000000000711, -116.0000000000000000 ) ) ;
#558 = CARTESIAN_POINT ( 'NONE',  ( 24.99999999999998934, 40.99999999999999289, -116.0000000000000000 ) ) ;
#559 = CARTESIAN_POINT ( 'NONE',  ( 4.999999999999999112, 4.000000000000003553, -113.0000000000000000 ) ) ;
#560 = CIRCLE ( 'NONE', #2955, 4.000000000000003553 ) ;
#561 = EDGE_CURVE ( 'NONE', #1216, #2249, #1523, .T. ) ;
#562 = DIRECTION ( 'NONE',  ( 0.0000000000000000000, 0.0000000000000000000, -1.000000000000000000 ) ) ;
#563 = DIRECTION ( 'NONE',  ( 0.0000000000000000000, -1.000000000000000000, 0.0000000000000000000 ) ) ;
#564 = ORIENTED_EDGE ( 'NONE', *, *, #1574, .T. ) ;
#565 = ADVANCED_FACE ( 'NONE', ( #1785 ), #18, .F. ) ;
#566 = DIRECTION ( 'NONE',  ( 0.0000000000000000000, -0.0000000000000000000, 1.000000000000000000 ) ) ;
#567 = ORIENTED_EDGE ( 'NONE', *, *, #437, .T. ) ;
#568 = EDGE_LOOP ( 'NONE', ( #232, #3223 ) ) ;
#569 = PLANE ( 'NONE',  #1059 ) ;
#570 = ORIENTED_EDGE ( 'NONE', *, *, #350, .F. ) ;
#571 = AXIS2_PLACEMENT_3D ( 'NONE', #1679, #3078, #2546 ) ;
#572 = CARTESIAN_POINT ( 'NONE',  ( 3.000000000000000000, 28.99999999999998934, -108.0000000000000142 ) ) ;
#573 = ORIENTED_EDGE ( 'NONE', *, *, #1219, .T. ) ;
#574 = VECTOR ( 'NONE', #1592, 1000.000000000000000 ) ;
#575 = CARTESIAN_POINT ( 'NONE',  ( 0.0000000000000000000, 42.00000000000000000, -58.00000000000000711 ) ) ;
#576 = ORIENTED_EDGE ( 'NONE', *, *, #2721, .T. ) ;
#577 = CARTESIAN_POINT ( 'NONE',  ( 119.0000000000000000, 40.99999999999999289, -116.0000000000000000 ) ) ;
#578 = ADVANCED_FACE ( 'NONE', ( #773 ), #1997, .F. ) ;
#579 = EDGE_CURVE ( 'NONE', #3372, #2797, #1087, .T. ) ;
#580 = CARTESIAN_POINT ( 'NONE',  ( 127.1938911506063050, 4.008842861441625161, -13.96128853948589921 ) ) ;
#581 = ORIENTED_EDGE ( 'NONE', *, *, #635, .F. ) ;
#582 = ADVANCED_FACE ( 'NONE', ( #157 ), #1571, .F. ) ;
#583 = CIRCLE ( 'NONE', #495, 4.599999999999999645 ) ;
#584 = AXIS2_PLACEMENT_3D ( 'NONE', #2153, #2398, #2938 ) ;
#585 = ORIENTED_EDGE ( 'NONE', *, *, #350, .T. ) ;
#586 = FACE_OUTER_BOUND ( 'NONE', #3229, .T. ) ;
#587 = LINE ( 'NONE', #608, #2424 ) ;
#588 = AXIS2_PLACEMENT_3D ( 'NONE', #1451, #2270, #66 ) ;
#589 = DIRECTION ( 'NONE',  ( 0.0000000000000000000, -1.000000000000000000, 0.0000000000000000000 ) ) ;
#590 = ORIENTED_EDGE ( 'NONE', *, *, #936, .F. ) ;
#591 = DIRECTION ( 'NONE',  ( 1.000000000000000000, -0.0000000000000000000, 0.0000000000000000000 ) ) ;
#592 = CARTESIAN_POINT ( 'NONE',  ( 4.000000000000000000, 54.00000000000000711, -112.0000000000000000 ) ) ;
#593 = CARTESIAN_POINT ( 'NONE',  ( 24.99999999999998934, 28.99999999999999645, 0.0000000000000000000 ) ) ;
#594 = ORIENTED_EDGE ( 'NONE', *, *, #414, .T. ) ;
#595 = DIRECTION ( 'NONE',  ( -1.000000000000000000, -0.0000000000000000000, 0.0000000000000000000 ) ) ;
#596 = TOROIDAL_SURFACE ( 'NONE', #2682, 7.000000000000001776, 3.000000000000000000 ) ;
#597 = AXIS2_PLACEMENT_3D ( 'NONE', #58, #653, #1465 ) ;
#598 = CARTESIAN_POINT ( 'NONE',  ( 4.000000000000000000, 4.000000000000000000, -112.0000000000000000 ) ) ;
#599 = DIRECTION ( 'NONE',  ( 0.0000000000000000000, 0.0000000000000000000, 1.000000000000000000 ) ) ;
#600 = CARTESIAN_POINT ( 'NONE',  ( 2.999999999999999556, 54.00000000000000711, -113.0000000000000000 ) ) ;
#601 = VECTOR ( 'NONE', #1616, 1000.000000000000000 ) ;
#602 = ADVANCED_FACE ( 'NONE', ( #382 ), #2911, .T. ) ;
#603 = ORIENTED_EDGE ( 'NONE', *, *, #2243, .F. ) ;
#604 = CYLINDRICAL_SURFACE ( 'NONE', #3318, 4.000000000000000000 ) ;
#605 = FACE_OUTER_BOUND ( 'NONE', #3031, .T. ) ;
#606 = DIRECTION ( 'NONE',  ( -1.000000000000000000, -0.0000000000000000000, -0.0000000000000000000 ) ) ;
#607 = DIRECTION ( 'NONE',  ( 0.0000000000000000000, 0.0000000000000000000, -1.000000000000000000 ) ) ;
#608 = CARTESIAN_POINT ( 'NONE',  ( 0.0000000000000000000, 28.99999999999998934, -108.0000000000000142 ) ) ;
#609 = EDGE_CURVE ( 'NONE', #1079, #1404, #3040, .T. ) ;
#610 = CARTESIAN_POINT ( 'NONE',  ( 3.000000000000010214, 42.00000000000000711, -33.40000000000000568 ) ) ;
#611 = ORIENTED_EDGE ( 'NONE', *, *, #3111, .T. ) ;
#612 = CARTESIAN_POINT ( 'NONE',  ( 4.759135252148975148, 4.014013456787630219, -13.87017642488446079 ) ) ;
#613 = EDGE_LOOP ( 'NONE', ( #485, #3286, #661 ) ) ;
#614 = VERTEX_POINT ( 'NONE', #3166 ) ;
#615 = EDGE_CURVE ( 'NONE', #760, #3008, #1436, .T. ) ;
#616 = B_SPLINE_CURVE_WITH_KNOTS ( 'NONE', 3,
 ( #1403, #3154, #1168, #2609, #914, #2863, #360, #926, #3385, #1730, #897, #1477, #315, #2573, #3423, #2849 ),
 .UNSPECIFIED., .F., .F.,
 ( 4, 2, 2, 2, 2, 2, 2, 4 ),
 ( -1.164803559868731882E-05, 0.0004068101290360508497, 0.0008252682936707889539, 0.001662184622940263753, 0.003336017281479215085, 0.005009849940018165984, 0.005846766269287641433, 0.006683682598557116883 ),
 .UNSPECIFIED. ) ;
#617 = VERTEX_POINT ( 'NONE', #1820 ) ;
#618 = ORIENTED_EDGE ( 'NONE', *, *, #3510, .F. ) ;
#619 = ADVANCED_FACE ( 'NONE', ( #3461 ), #109, .F. ) ;
#620 = VERTEX_POINT ( 'NONE', #674 ) ;
#621 = CARTESIAN_POINT ( 'NONE',  ( 0.0000000000000000000, 4.000000000000000000, -116.0000000000000000 ) ) ;
#622 = DIRECTION ( 'NONE',  ( -1.000000000000000000, -3.469446951953611033E-15, 0.0000000000000000000 ) ) ;
#623 = ORIENTED_EDGE ( 'NONE', *, *, #1411, .F. ) ;
#624 = CARTESIAN_POINT ( 'NONE',  ( 2.999999999999999556, 54.00000000000000711, -113.0000000000000000 ) ) ;
#625 = CARTESIAN_POINT ( 'NONE',  ( 5.000000000000012434, 54.00000000000000711, -3.000000000000000000 ) ) ;
#626 = CARTESIAN_POINT ( 'NONE',  ( 127.8729773759912973, 4.193700205455744623, -103.5050693588730155 ) ) ;
#627 = ORIENTED_EDGE ( 'NONE', *, *, #506, .T. ) ;
#628 = DIRECTION ( 'NONE',  ( 1.000000000000000000, 0.0000000000000000000, 0.0000000000000000000 ) ) ;
#629 = VECTOR ( 'NONE', #1292, 1000.000000000000000 ) ;
#630 = EDGE_CURVE ( 'NONE', #491, #436, #2104, .T. ) ;
#631 = EDGE_LOOP ( 'NONE', ( #876, #3602, #3193, #2737 ) ) ;
#632 = FACE_OUTER_BOUND ( 'NONE', #1994, .T. ) ;
#633 = CARTESIAN_POINT ( 'NONE',  ( 124.0000000000000000, 6.999999999999999112, -108.0000000000000000 ) ) ;
#634 = CARTESIAN_POINT ( 'NONE',  ( 21.99999999999999289, 28.99999999999999645, -116.0000000000000000 ) ) ;
#635 = EDGE_CURVE ( 'NONE', #3008, #760, #1478, .T. ) ;
#636 = LINE ( 'NONE', #2383, #3250 ) ;
#637 = ADVANCED_FACE ( 'NONE', ( #2919 ), #238, .F. ) ;
#638 = DIRECTION ( 'NONE',  ( 0.0000000000000000000, 1.000000000000000000, 0.0000000000000000000 ) ) ;
#639 = FACE_OUTER_BOUND ( 'NONE', #3346, .T. ) ;
#640 = ORIENTED_EDGE ( 'NONE', *, *, #1475, .T. ) ;
#641 = DIRECTION ( 'NONE',  ( 0.0000000000000000000, 0.0000000000000000000, 1.000000000000000000 ) ) ;
#642 = CIRCLE ( 'NONE', #3435, 2.999999999999999112 ) ;
#643 = AXIS2_PLACEMENT_3D ( 'NONE', #41, #2020, #312 ) ;
#644 = EDGE_LOOP ( 'NONE', ( #1365, #2841 ) ) ;
#645 = CARTESIAN_POINT ( 'NONE',  ( 3.000000000000000000, 54.00000000000000711, -111.0000000000000000 ) ) ;
#646 = LINE ( 'NONE', #2505, #1868 ) ;
#647 = FACE_OUTER_BOUND ( 'NONE', #2901, .T. ) ;
#648 = DIRECTION ( 'NONE',  ( 0.0000000000000000000, 0.0000000000000000000, -1.000000000000000000 ) ) ;
#649 = VERTEX_POINT ( 'NONE', #2105 ) ;
#650 = AXIS2_PLACEMENT_3D ( 'NONE', #1517, #1212, #2915 ) ;
#651 = CARTESIAN_POINT ( 'NONE',  ( 128.6662404221112865, 4.889025293434661634, -109.4304718280711626 ) ) ;
#652 = EDGE_CURVE ( 'NONE', #329, #3511, #1647, .T. ) ;
#653 = DIRECTION ( 'NONE',  ( -1.000000000000000000, -0.0000000000000000000, 1.222191539892750677E-16 ) ) ;
#654 = ADVANCED_FACE ( 'NONE', ( #1909 ), #904, .F. ) ;
#655 = DIRECTION ( 'NONE',  ( -0.0000000000000000000, -1.734723475976807587E-16, -1.000000000000000000 ) ) ;
#656 = ORIENTED_EDGE ( 'NONE', *, *, #2013, .F. ) ;
#657 = CARTESIAN_POINT ( 'NONE',  ( 119.0000000000000000, 28.99999999999999645, -133.0000000000000000 ) ) ;
#658 = EDGE_CURVE ( 'NONE', #1844, #2282, #814, .T. ) ;
#659 = DIRECTION ( 'NONE',  ( 0.0000000000000000000, 0.0000000000000000000, -1.000000000000000000 ) ) ;
#660 = ORIENTED_EDGE ( 'NONE', *, *, #2900, .T. ) ;
#661 = ORIENTED_EDGE ( 'NONE', *, *, #769, .F. ) ;
#662 = CARTESIAN_POINT ( 'NONE',  ( 13.82477730243466674, 4.016471853157492333, -111.2643059360470517 ) ) ;
#663 = ORIENTED_EDGE ( 'NONE', *, *, #2119, .F. ) ;
#664 = VECTOR ( 'NONE', #2986, 1000.000000000000000 ) ;
#665 = AXIS2_PLACEMENT_3D ( 'NONE', #2258, #1114, #562 ) ;
#666 = AXIS2_PLACEMENT_3D ( 'NONE', #2340, #2588, #901 ) ;
#667 = DIRECTION ( 'NONE',  ( 0.0000000000000000000, 0.0000000000000000000, 1.000000000000000000 ) ) ;
#668 = CARTESIAN_POINT ( 'NONE',  ( 124.0000000000000000, 26.00000000000000000, -108.0000000000000000 ) ) ;
#669 = CYLINDRICAL_SURFACE ( 'NONE', #1256, 2.999999999999999112 ) ;
#670 = APPROVAL_STATUS ( 'not_yet_approved' ) ;
#671 = FACE_OUTER_BOUND ( 'NONE', #2698, .T. ) ;
#672 = EDGE_CURVE ( 'NONE', #202, #2649, #1176, .T. ) ;
#673 = ORIENTED_EDGE ( 'NONE', *, *, #2948, .F. ) ;
#674 = CARTESIAN_POINT ( 'NONE',  ( 0.0000000000000000000, 29.00000000000000355, -11.00000000000005151 ) ) ;
#675 = DIRECTION ( 'NONE',  ( 0.0000000000000000000, 0.0000000000000000000, -1.000000000000000000 ) ) ;
#676 = DIRECTION ( 'NONE',  ( 1.000000000000000000, -0.0000000000000000000, 0.0000000000000000000 ) ) ;
#677 = DIRECTION ( 'NONE',  ( 0.0000000000000000000, -0.0000000000000000000, -1.000000000000000000 ) ) ;
#678 = ORIENTED_EDGE ( 'NONE', *, *, #3345, .T. ) ;
#679 = DIRECTION ( 'NONE',  ( -1.000000000000000000, 0.0000000000000000000, 0.0000000000000000000 ) ) ;
#680 = PLANE ( 'NONE',  #2377 ) ;
#681 = ORIENTED_EDGE ( 'NONE', *, *, #1993, .T. ) ;
#682 = DIRECTION ( 'NONE',  ( 2.065146995210484695E-17, -0.0000000000000000000, 1.000000000000000000 ) ) ;
#683 = LINE ( 'NONE', #1035, #2516 ) ;
#684 = CIRCLE ( 'NONE', #3386, 4.600000000000006750 ) ;
#685 = LINE ( 'NONE', #2224, #3177 ) ;
#686 = AXIS2_PLACEMENT_3D ( 'NONE', #2217, #2748, #808 ) ;
#687 = CARTESIAN_POINT ( 'NONE',  ( 124.0000000000000284, 26.00000000000000000, -7.999999999999992895 ) ) ;
#688 = FACE_OUTER_BOUND ( 'NONE', #416, .T. ) ;
#689 = CARTESIAN_POINT ( 'NONE',  ( 21.99999999999999289, 28.99999999999999645, -113.0000000000000000 ) ) ;
#690 = DIRECTION ( 'NONE',  ( 0.0000000000000000000, 0.0000000000000000000, -1.000000000000000000 ) ) ;
#691 = CARTESIAN_POINT ( 'NONE',  ( 3.000000000000000000, 25.99999999999998934, -105.0000000000000142 ) ) ;
#692 = CARTESIAN_POINT ( 'NONE',  ( 14.32455532033677592, 4.000000000000000000, -5.000000000000000000 ) ) ;
#693 = EDGE_LOOP ( 'NONE', ( #2635, #2402 ) ) ;
#694 = CARTESIAN_POINT ( 'NONE',  ( 3.744867831058660279, 4.466324286366971208, -4.682169985725984418 ) ) ;
#695 = EDGE_CURVE ( 'NONE', #1664, #1866, #2392, .T. ) ;
#696 = ORIENTED_EDGE ( 'NONE', *, *, #2183, .T. ) ;
#697 = ORIENTED_EDGE ( 'NONE', *, *, #635, .T. ) ;
#698 = CARTESIAN_POINT ( 'NONE',  ( 50.00000000000000000, 42.00000000000000711, -38.00000000000000711 ) ) ;
#699 = DIRECTION ( 'NONE',  ( 0.0000000000000000000, 1.000000000000000000, 0.0000000000000000000 ) ) ;
#700 = ORIENTED_EDGE ( 'NONE', *, *, #2984, .F. ) ;
#701 = CARTESIAN_POINT ( 'NONE',  ( 3.000000000000009770, 42.00000000000000711, -38.00000000000000711 ) ) ;
#702 = EDGE_CURVE ( 'NONE', #1221, #2934, #2566, .T. ) ;
#703 = VERTEX_POINT ( 'NONE', #1575 ) ;
#704 = ORIENTED_EDGE ( 'NONE', *, *, #35, .T. ) ;
#705 = DIRECTION ( 'NONE',  ( -0.0000000000000000000, 0.0000000000000000000, -1.000000000000000000 ) ) ;
#706 = DIRECTION ( 'NONE',  ( 0.0000000000000000000, 0.0000000000000000000, 1.000000000000000000 ) ) ;
#707 = VECTOR ( 'NONE', #1304, 1000.000000000000000 ) ;
#708 = AXIS2_PLACEMENT_3D ( 'NONE', #542, #2781, #840 ) ;
#709 = ORIENTED_EDGE ( 'NONE', *, *, #3550, .F. ) ;
#710 = APPROVAL_STATUS ( 'not_yet_approved' ) ;
#711 = DIRECTION ( 'NONE',  ( 0.0000000000000000000, 1.000000000000000000, 0.0000000000000000000 ) ) ;
#712 = DIRECTION ( 'NONE',  ( 1.000000000000000000, -0.0000000000000000000, -0.0000000000000000000 ) ) ;
#713 = VECTOR ( 'NONE', #2891, 1000.000000000000000 ) ;
#714 = AXIS2_PLACEMENT_3D ( 'NONE', #868, #291, #2160 ) ;
#715 = DIRECTION ( 'NONE',  ( -0.0000000000000000000, 1.000000000000000000, -0.0000000000000000000 ) ) ;
#716 = DIRECTION ( 'NONE',  ( 0.0000000000000000000, -1.000000000000000000, 0.0000000000000000000 ) ) ;
#717 = VERTEX_POINT ( 'NONE', #1874 ) ;
#718 = DIRECTION ( 'NONE',  ( 0.0000000000000000000, 0.0000000000000000000, 1.000000000000000000 ) ) ;
#719 = CYLINDRICAL_SURFACE ( 'NONE', #1041, 3.999999999999989786 ) ;
#720 = FACE_OUTER_BOUND ( 'NONE', #3189, .T. ) ;
#721 = ORIENTED_EDGE ( 'NONE', *, *, #1276, .T. ) ;
#722 = ORIENTED_EDGE ( 'NONE', *, *, #2921, .F. ) ;
#723 = EDGE_CURVE ( 'NONE', #2758, #1625, #3547, .T. ) ;
#724 = DIRECTION ( 'NONE',  ( -0.0000000000000000000, -0.0000000000000000000, -1.000000000000000000 ) ) ;
#725 = LINE ( 'NONE', #244, #1642 ) ;
#726 = VERTEX_POINT ( 'NONE', #472 ) ;
#727 = CARTESIAN_POINT ( 'NONE',  ( 132.0000000000000000, 4.000000000000000000, 0.0000000000000000000 ) ) ;
#728 = SPHERICAL_SURFACE ( 'NONE', #1039, 4.000000000000000000 ) ;
#729 = CARTESIAN_POINT ( 'NONE',  ( 129.0000000000000000, 38.00000000000000000, -19.00000000000000355 ) ) ;
#730 = CYLINDRICAL_SURFACE ( 'NONE', #2440, 3.000000000000002665 ) ;
#731 = VERTEX_POINT ( 'NONE', #2120 ) ;
#732 = CARTESIAN_POINT ( 'NONE',  ( 124.0000000000000000, 26.00000000000000000, -109.4500000000000028 ) ) ;
#733 = CYLINDRICAL_SURFACE ( 'NONE', #1899, 2.000000000000001776 ) ;
#734 = FACE_OUTER_BOUND ( 'NONE', #1901, .T. ) ;
#735 = AXIS2_PLACEMENT_3D ( 'NONE', #3028, #2764, #1633 ) ;
#736 = VERTEX_POINT ( 'NONE', #3527 ) ;
#737 = AXIS2_PLACEMENT_3D ( 'NONE', #3015, #3515, #1414 ) ;
#738 = CARTESIAN_POINT ( 'NONE',  ( 5.485138593598434475, 4.651351207726174053, -112.4870125818186040 ) ) ;
#739 = CARTESIAN_POINT ( 'NONE',  ( 121.7931270791310538, 4.731912705975580558, -3.447763129433061291 ) ) ;
#740 = ORIENTED_EDGE ( 'NONE', *, *, #3591, .F. ) ;
#741 = CARTESIAN_POINT ( 'NONE',  ( 132.0000000000000000, 34.99999999999999289, -106.0000000000000000 ) ) ;
#742 = CARTESIAN_POINT ( 'NONE',  ( 4.000000000000000000, 4.000000000000000000, 0.0000000000000000000 ) ) ;
#743 = EDGE_CURVE ( 'NONE', #1325, #2325, #153, .T. ) ;
#744 = EDGE_LOOP ( 'NONE', ( #1232, #1877 ) ) ;
#745 = DIRECTION ( 'NONE',  ( 0.0000000000000000000, 0.0000000000000000000, -1.000000000000000000 ) ) ;
#746 = CARTESIAN_POINT ( 'NONE',  ( 118.6733011602049572, 4.061962540613237138, -111.5094613105683692 ) ) ;
#747 = ORIENTED_EDGE ( 'NONE', *, *, #672, .T. ) ;
#748 = ORIENTED_EDGE ( 'NONE', *, *, #652, .F. ) ;
#749 = EDGE_CURVE ( 'NONE', #2138, #185, #1828, .T. ) ;
#750 = ORIENTED_EDGE ( 'NONE', *, *, #2359, .T. ) ;
#751 = VERTEX_POINT ( 'NONE', #1851 ) ;
#752 = DIRECTION ( 'NONE',  ( 0.0000000000000000000, 0.0000000000000000000, 1.000000000000000000 ) ) ;
#753 = ORIENTED_EDGE ( 'NONE', *, *, #1850, .F. ) ;
#754 = DIRECTION ( 'NONE',  ( -1.000000000000000000, 0.0000000000000000000, 0.0000000000000000000 ) ) ;
#755 = DIRECTION ( 'NONE',  ( 1.000000000000000000, 0.0000000000000000000, -1.224646799147353207E-16 ) ) ;
#756 = CARTESIAN_POINT ( 'NONE',  ( 21.99999999999999289, 28.99999999999999645, -3.000000000000002665 ) ) ;
#757 = DIRECTION ( 'NONE',  ( 0.0000000000000000000, -1.000000000000000000, 0.0000000000000000000 ) ) ;
#758 = AXIS2_PLACEMENT_3D ( 'NONE', #1755, #628, #2876 ) ;
#759 = DIRECTION ( 'NONE',  ( 0.0000000000000000000, -0.0000000000000000000, 1.000000000000000000 ) ) ;
#760 = VERTEX_POINT ( 'NONE', #1588 ) ;
#761 = CYLINDRICAL_SURFACE ( 'NONE', #285, 4.000000000000003553 ) ;
#762 = CARTESIAN_POINT ( 'NONE',  ( 118.1752226975653741, 4.016471853157492333, -4.735694063952916366 ) ) ;
#763 = DIRECTION ( 'NONE',  ( 0.0000000000000000000, 0.0000000000000000000, -1.000000000000000000 ) ) ;
#764 = CARTESIAN_POINT ( 'NONE',  ( 5.000000000000000888, 4.000000000000000000, -101.6754446796632294 ) ) ;
#765 = LINE ( 'NONE', #440, #3574 ) ;
#766 = ORIENTED_EDGE ( 'NONE', *, *, #794, .F. ) ;
#767 = CARTESIAN_POINT ( 'NONE',  ( 4.000000000000000000, 4.000000000000000000, -112.0000000000000000 ) ) ;
#768 = LINE ( 'NONE', #1196, #2044 ) ;
#769 = EDGE_CURVE ( 'NONE', #2676, #514, #334, .T. ) ;
#770 = ORIENTED_EDGE ( 'NONE', *, *, #1830, .T. ) ;
#771 = CARTESIAN_POINT ( 'NONE',  ( 127.9861683849168372, 4.420059382262999215, -111.7482263402048090 ) ) ;
#772 = ORIENTED_EDGE ( 'NONE', *, *, #2779, .T. ) ;
#773 = FACE_OUTER_BOUND ( 'NONE', #965, .T. ) ;
#774 = AXIS2_PLACEMENT_3D ( 'NONE', #2665, #3265, #1838 ) ;
#775 = CIRCLE ( 'NONE', #3019, 1.449999999999999956 ) ;
#776 = DIRECTION ( 'NONE',  ( 1.000000000000000000, -0.0000000000000000000, -0.0000000000000000000 ) ) ;
#777 = FACE_BOUND ( 'NONE', #2276, .T. ) ;
#778 = PLANE ( 'NONE',  #735 ) ;
#779 = DIRECTION ( 'NONE',  ( 0.0000000000000000000, 0.0000000000000000000, 1.000000000000000000 ) ) ;
#780 = AXIS2_PLACEMENT_3D ( 'NONE', #2009, #2861, #2301 ) ;
#781 = CARTESIAN_POINT ( 'NONE',  ( 128.3598799722135197, 4.533464469856741452, -111.0000000000000000 ) ) ;
#782 = EDGE_LOOP ( 'NONE', ( #2235, #351, #1811, #36, #2769, #2493, #2236, #412 ) ) ;
#783 =( GEOMETRIC_REPRESENTATION_CONTEXT ( 3 ) GLOBAL_UNCERTAINTY_ASSIGNED_CONTEXT ( ( #2090 ) ) GLOBAL_UNIT_ASSIGNED_CONTEXT ( ( #2837, #333, #3398 ) ) REPRESENTATION_CONTEXT ( 'NONE', 'WORKASPACE' ) );
#784 = DIRECTION ( 'NONE',  ( 0.0000000000000000000, -1.000000000000000000, 0.0000000000000000000 ) ) ;
#785 = CARTESIAN_POINT ( 'NONE',  ( 124.0000000000000000, 26.00000000000000000, -108.0000000000000000 ) ) ;
#786 = EDGE_LOOP ( 'NONE', ( #1626, #259 ) ) ;
#787 = ORIENTED_EDGE ( 'NONE', *, *, #1276, .F. ) ;
#788 = EDGE_CURVE ( 'NONE', #207, #3260, #67, .T. ) ;
#789 = CARTESIAN_POINT ( 'NONE',  ( 5.000000000000012434, 54.00000000000000711, -5.000000000000004441 ) ) ;
#790 = CARTESIAN_POINT ( 'NONE',  ( 121.7887393423415148, 4.730803256954390967, -112.5513268720236937 ) ) ;
#791 = EDGE_LOOP ( 'NONE', ( #957, #678, #3268, #3256 ) ) ;
#792 = EDGE_LOOP ( 'NONE', ( #304, #2703, #3485, #3477 ) ) ;
#793 = VERTEX_POINT ( 'NONE', #1017 ) ;
#794 = EDGE_CURVE ( 'NONE', #2797, #524, #230, .T. ) ;
#795 = DIRECTION ( 'NONE',  ( -1.222191539892750677E-16, -0.0000000000000000000, -1.000000000000000000 ) ) ;
#796 = CARTESIAN_POINT ( 'NONE',  ( 5.000000000000012434, 6.000000000000000000, -5.000000000000000000 ) ) ;
#797 = CARTESIAN_POINT ( 'NONE',  ( 0.0000000000000000000, 25.99999999999998934, -108.0000000000000142 ) ) ;
#798 = EDGE_CURVE ( 'NONE', #2069, #983, #3302, .T. ) ;
#799 = CARTESIAN_POINT ( 'NONE',  ( 132.0000000000000000, 23.00000000000000000, -19.00000000000000000 ) ) ;
#800 = DIRECTION ( 'NONE',  ( 1.000000000000000000, -0.0000000000000000000, 0.0000000000000000000 ) ) ;
#801 = CARTESIAN_POINT ( 'NONE',  ( 132.0000000000000000, 38.00000000000000000, -102.9999999999999716 ) ) ;
#802 = LINE ( 'NONE', #756, #1296 ) ;
#803 = CIRCLE ( 'NONE', #49, 4.000000000000003553 ) ;
#804 = AXIS2_PLACEMENT_3D ( 'NONE', #2650, #1280, #1826 ) ;
#805 = VERTEX_POINT ( 'NONE', #170 ) ;
#806 = DIRECTION ( 'NONE',  ( 0.0000000000000000000, -1.000000000000000000, 0.0000000000000000000 ) ) ;
#807 = CYLINDRICAL_SURFACE ( 'NONE', #1495, 4.000000000000003553 ) ;
#808 = DIRECTION ( 'NONE',  ( 0.0000000000000000000, 0.0000000000000000000, -1.000000000000000000 ) ) ;
#809 = DIRECTION ( 'NONE',  ( 0.0000000000000000000, 0.0000000000000000000, 1.000000000000000000 ) ) ;
#810 = APPROVAL_PERSON_ORGANIZATION ( #2302, #1631, #984 ) ;
#811 = ORIENTED_EDGE ( 'NONE', *, *, #1460, .T. ) ;
#812 = CARTESIAN_POINT ( 'NONE',  ( 119.0000000000000000, 37.99999999999999289, -133.0000000000000000 ) ) ;
#813 = DIRECTION ( 'NONE',  ( -1.000000000000000000, -0.0000000000000000000, 2.065146995210484695E-17 ) ) ;
#814 = LINE ( 'NONE', #1598, #1169 ) ;
#815 = LINE ( 'NONE', #1172, #1905 ) ;
#816 = EDGE_CURVE ( 'NONE', #3512, #2371, #2953, .T. ) ;
#817 = VERTEX_POINT ( 'NONE', #3012 ) ;
#818 = VECTOR ( 'NONE', #435, 1000.000000000000000 ) ;
#819 = DIRECTION ( 'NONE',  ( 0.0000000000000000000, 0.0000000000000000000, -1.000000000000000000 ) ) ;
#820 = FACE_OUTER_BOUND ( 'NONE', #2501, .T. ) ;
#821 = AXIS2_PLACEMENT_3D ( 'NONE', #3240, #2704, #2691 ) ;
#822 = CARTESIAN_POINT ( 'NONE',  ( 50.00000000000000000, 42.00000000000000000, -73.40000000000000568 ) ) ;
#823 = ADVANCED_FACE ( 'NONE', ( #1744 ), #999, .F. ) ;
#824 = DIRECTION ( 'NONE',  ( -1.000000000000000000, 0.0000000000000000000, 0.0000000000000000000 ) ) ;
#825 = ORIENTED_EDGE ( 'NONE', *, *, #2930, .T. ) ;
#826 = CARTESIAN_POINT ( 'NONE',  ( 8.000000000000012434, 26.00000000000000000, -6.549999999999993605 ) ) ;
#827 = DIRECTION ( 'NONE',  ( 0.0000000000000000000, 1.000000000000000000, 2.312964634635742957E-16 ) ) ;
#828 = AXIS2_PLACEMENT_3D ( 'NONE', #3344, #2048, #356 ) ;
#829 = ORIENTED_EDGE ( 'NONE', *, *, #2853, .F. ) ;
#830 = CARTESIAN_POINT ( 'NONE',  ( 124.0000000000000284, 4.000000000000000000, -14.99999999999998579 ) ) ;
#831 = AXIS2_PLACEMENT_3D ( 'NONE', #2284, #3135, #677 ) ;
#832 = ORIENTED_EDGE ( 'NONE', *, *, #2359, .F. ) ;
#833 = DIRECTION ( 'NONE',  ( 1.000000000000000000, 0.0000000000000000000, 0.0000000000000000000 ) ) ;
#834 = DIRECTION ( 'NONE',  ( 0.0000000000000000000, 0.0000000000000000000, 1.000000000000000000 ) ) ;
#835 = LINE ( 'NONE', #400, #178 ) ;
#836 = ORIENTED_EDGE ( 'NONE', *, *, #658, .T. ) ;
#837 = EDGE_CURVE ( 'NONE', #964, #1577, #3036, .T. ) ;
#838 = CARTESIAN_POINT ( 'NONE',  ( 129.0000000000000000, 54.00000000000000711, -5.000000000000002665 ) ) ;
#839 = CARTESIAN_POINT ( 'NONE',  ( 132.0000000000000000, 26.00000000000000000, -19.00000000000000000 ) ) ;
#840 = DIRECTION ( 'NONE',  ( 0.0000000000000000000, -0.0000000000000000000, -1.000000000000000000 ) ) ;
#841 = DIRECTION ( 'NONE',  ( 0.0000000000000000000, 0.0000000000000000000, -1.000000000000000000 ) ) ;
#842 = ADVANCED_FACE ( 'NONE', ( #2832, #1648 ), #1638, .T. ) ;
#843 = EDGE_CURVE ( 'NONE', #185, #2855, #246, .T. ) ;
#844 = CARTESIAN_POINT ( 'NONE',  ( 8.000000000000012434, 4.000000000000000000, -7.999999999999992895 ) ) ;
#845 = VERTEX_POINT ( 'NONE', #1893 ) ;
#846 = DIRECTION ( 'NONE',  ( 1.000000000000000000, 0.0000000000000000000, -1.222191539892750677E-16 ) ) ;
#847 = FACE_BOUND ( 'NONE', #3309, .T. ) ;
#848 = ORIENTED_EDGE ( 'NONE', *, *, #3310, .T. ) ;
#849 = AXIS2_PLACEMENT_3D ( 'NONE', #2792, #3594, #1948 ) ;
#850 = CARTESIAN_POINT ( 'NONE',  ( 4.999999999999999112, 6.000000000000000000, -113.0000000000000000 ) ) ;
#851 = DIRECTION ( 'NONE',  ( -0.0000000000000000000, 1.000000000000000000, -0.0000000000000000000 ) ) ;
#852 = LINE ( 'NONE', #3050, #2420 ) ;
#853 = AXIS2_PLACEMENT_3D ( 'NONE', #2851, #2041, #3401 ) ;
#854 = CARTESIAN_POINT ( 'NONE',  ( 0.0000000000000000000, 42.00000000000000000, -13.40000000000000213 ) ) ;
#855 = LINE ( 'NONE', #1152, #1518 ) ;
#856 = VERTEX_POINT ( 'NONE', #484 ) ;
#857 = EDGE_CURVE ( 'NONE', #2241, #3124, #3134, .T. ) ;
#858 = ORIENTED_EDGE ( 'NONE', *, *, #2548, .T. ) ;
#859 = ADVANCED_FACE ( 'NONE', ( #605 ), #728, .T. ) ;
#860 = FACE_OUTER_BOUND ( 'NONE', #2192, .T. ) ;
#861 = TOROIDAL_SURFACE ( 'NONE', #2210, 6.999999999999992895, 3.000000000000000000 ) ;
#862 = DIRECTION ( 'NONE',  ( -0.0000000000000000000, -1.000000000000000000, -0.0000000000000000000 ) ) ;
#863 = CARTESIAN_POINT ( 'NONE',  ( 128.7439267183457901, 5.020857075097944211, -7.762145856636230690 ) ) ;
#864 = VERTEX_POINT ( 'NONE', #2739 ) ;
#865 = DIRECTION ( 'NONE',  ( 0.0000000000000000000, -1.000000000000000000, 0.0000000000000000000 ) ) ;
#866 = VECTOR ( 'NONE', #591, 1000.000000000000000 ) ;
#867 = EDGE_CURVE ( 'NONE', #2213, #3437, #2004, .T. ) ;
#868 = CARTESIAN_POINT ( 'NONE',  ( 5.000000000000000000, 6.000000000000000000, -111.0000000000000000 ) ) ;
#869 = ORIENTED_EDGE ( 'NONE', *, *, #2787, .T. ) ;
#870 = CARTESIAN_POINT ( 'NONE',  ( 119.0000000000000000, 26.00000000000000000, -3.000000000000002665 ) ) ;
#871 = ORIENTED_EDGE ( 'NONE', *, *, #373, .F. ) ;
#872 = ADVANCED_FACE ( 'NONE', ( #2400 ), #24, .T. ) ;
#873 = DIRECTION ( 'NONE',  ( 1.000000000000000000, -0.0000000000000000000, -0.0000000000000000000 ) ) ;
#874 = CARTESIAN_POINT ( 'NONE',  ( 128.0000000000000000, 0.0000000000000000000, -4.000000000000000000 ) ) ;
#875 = DIRECTION ( 'NONE',  ( 0.0000000000000000000, 1.000000000000000000, 0.0000000000000000000 ) ) ;
#876 = ORIENTED_EDGE ( 'NONE', *, *, #90, .F. ) ;
#877 = AXIS2_PLACEMENT_3D ( 'NONE', #1582, #3507, #2133 ) ;
#878 = DIRECTION ( 'NONE',  ( -0.0000000000000000000, -1.000000000000000000, -0.0000000000000000000 ) ) ;
#879 = ADVANCED_FACE ( 'NONE', ( #2179 ), #2728, .F. ) ;
#880 = CARTESIAN_POINT ( 'NONE',  ( 129.0000000000000000, 26.00000000000000000, -16.00000000000000711 ) ) ;
#881 = ORIENTED_EDGE ( 'NONE', *, *, #2603, .T. ) ;
#882 = VERTEX_POINT ( 'NONE', #1706 ) ;
#883 = ORIENTED_EDGE ( 'NONE', *, *, #2289, .T. ) ;
#884 = EDGE_CURVE ( 'NONE', #1387, #3026, #2743, .T. ) ;
#885 = ORIENTED_EDGE ( 'NONE', *, *, #3027, .T. ) ;
#886 = DIRECTION ( 'NONE',  ( 0.0000000000000000000, 0.0000000000000000000, 1.000000000000000000 ) ) ;
#887 = DIRECTION ( 'NONE',  ( 0.0000000000000000000, 0.0000000000000000000, -1.000000000000000000 ) ) ;
#888 = LINE ( 'NONE', #2936, #2031 ) ;
#889 = CARTESIAN_POINT ( 'NONE',  ( 0.0000000000000000000, 42.00000000000000000, -73.40000000000000568 ) ) ;
#890 = EDGE_CURVE ( 'NONE', #374, #1667, #2305, .T. ) ;
#891 = DIRECTION ( 'NONE',  ( 0.0000000000000000000, 0.0000000000000000000, 1.000000000000000000 ) ) ;
#892 = ADVANCED_FACE ( 'NONE', ( #3467 ), #2214, .F. ) ;
#893 = VERTEX_POINT ( 'NONE', #2046 ) ;
#894 = CYLINDRICAL_SURFACE ( 'NONE', #3525, 2.000000000000000000 ) ;
#895 = DIRECTION ( 'NONE',  ( -1.000000000000000000, -0.0000000000000000000, -0.0000000000000000000 ) ) ;
#896 = PRODUCT ( 'Shield_box', 'Shield_box', '', ( #1512 ) ) ;
#897 = CARTESIAN_POINT ( 'NONE',  ( 10.21126065765850122, 4.730803256954400737, -3.448673127976307651 ) ) ;
#898 = VECTOR ( 'NONE', #865, 1000.000000000000000 ) ;
#899 = AXIS2_PLACEMENT_3D ( 'NONE', #1879, #1614, #2426 ) ;
#900 = ORIENTED_EDGE ( 'NONE', *, *, #788, .F. ) ;
#901 = DIRECTION ( 'NONE',  ( 0.0000000000000000000, 0.0000000000000000000, -1.000000000000000000 ) ) ;
#902 = VERTEX_POINT ( 'NONE', #880 ) ;
#903 = CARTESIAN_POINT ( 'NONE',  ( 4.280042255145407815, 4.125850989199737029, -12.86429312889714360 ) ) ;
#904 = CYLINDRICAL_SURFACE ( 'NONE', #2979, 4.599999999999999645 ) ;
#905 = AXIS2_PLACEMENT_3D ( 'NONE', #364, #2533, #1721 ) ;
#906 = DIRECTION ( 'NONE',  ( 0.0000000000000000000, 0.0000000000000000000, -1.000000000000000000 ) ) ;
#907 = CARTESIAN_POINT ( 'NONE',  ( 132.0000000000000000, 38.00000000000000000, -15.99999999999999645 ) ) ;
#908 = VECTOR ( 'NONE', #2976, 1000.000000000000000 ) ;
#909 = ORIENTED_EDGE ( 'NONE', *, *, #457, .T. ) ;
#910 = FACE_OUTER_BOUND ( 'NONE', #1712, .T. ) ;
#911 = FACE_BOUND ( 'NONE', #2798, .T. ) ;
#912 = DIRECTION ( 'NONE',  ( 0.0000000000000000000, 0.0000000000000000000, 1.000000000000000000 ) ) ;
#913 = EDGE_CURVE ( 'NONE', #751, #717, #1926, .T. ) ;
#914 = CARTESIAN_POINT ( 'NONE',  ( 13.70225997350648939, 4.025765155985234323, -4.673991126016352027 ) ) ;
#915 = ADVANCED_FACE ( 'NONE', ( #911, #993 ), #1189, .T. ) ;
#916 = CARTESIAN_POINT ( 'NONE',  ( 127.0000000000000000, 54.00000000000000711, -5.000000000000002665 ) ) ;
#917 = EDGE_CURVE ( 'NONE', #3014, #3184, #1442, .T. ) ;
#918 = DIRECTION ( 'NONE',  ( -1.000000000000000000, 0.0000000000000000000, 0.0000000000000000000 ) ) ;
#919 = EDGE_LOOP ( 'NONE', ( #750, #2882, #2187, #305 ) ) ;
#920 = CARTESIAN_POINT ( 'NONE',  ( 3.292323828372544003, 4.958086292463826261, -6.970317746037291151 ) ) ;
#921 = CARTESIAN_POINT ( 'NONE',  ( 0.0000000000000000000, 4.000000000000000000, 0.0000000000000000000 ) ) ;
#922 = ORIENTED_EDGE ( 'NONE', *, *, #3513, .T. ) ;
#923 = DIRECTION ( 'NONE',  ( 0.0000000000000000000, -0.0000000000000000000, -1.000000000000000000 ) ) ;
#924 = AXIS2_PLACEMENT_3D ( 'NONE', #1505, #1237, #375 ) ;
#925 = VERTEX_POINT ( 'NONE', #2062 ) ;
#926 = CARTESIAN_POINT ( 'NONE',  ( 12.31360369928329490, 4.223998682323123255, -4.051531420884842305 ) ) ;
#927 = VERTEX_POINT ( 'NONE', #625 ) ;
#928 = ORIENTED_EDGE ( 'NONE', *, *, #2158, .T. ) ;
#929 = CARTESIAN_POINT ( 'NONE',  ( 8.000000000000000000, 6.999999999999999112, -112.0000000000000000 ) ) ;
#930 = AXIS2_PLACEMENT_3D ( 'NONE', #2923, #699, #3478 ) ;
#931 = CARTESIAN_POINT ( 'NONE',  ( 3.000000000000000000, 6.000000000000000000, -111.0000000000000000 ) ) ;
#932 = VECTOR ( 'NONE', #2063, 1000.000000000000000 ) ;
#933 = CARTESIAN_POINT ( 'NONE',  ( 5.000000000000011546, 4.000000000000000000, -14.32455532033675105 ) ) ;
#934 = CARTESIAN_POINT ( 'NONE',  ( 128.1449666758223600, 4.352620335800044593, -104.2530476212002384 ) ) ;
#935 = ADVANCED_FACE ( 'NONE', ( #688 ), #1834, .F. ) ;
#936 = EDGE_CURVE ( 'NONE', #3600, #1333, #3128, .T. ) ;
#937 = EDGE_CURVE ( 'NONE', #1840, #2308, #2660, .T. ) ;
#938 = DIRECTION ( 'NONE',  ( 0.0000000000000000000, 1.000000000000000000, 0.0000000000000000000 ) ) ;
#939 = ORIENTED_EDGE ( 'NONE', *, *, #1849, .T. ) ;
#940 = CARTESIAN_POINT ( 'NONE',  ( 3.000000000000003109, 41.99999999999999289, -93.39999999999999147 ) ) ;
#941 = VECTOR ( 'NONE', #262, 1000.000000000000000 ) ;
#942 = DIRECTION ( 'NONE',  ( 0.0000000000000000000, 0.0000000000000000000, -1.000000000000000000 ) ) ;
#943 = DIRECTION ( 'NONE',  ( 0.0000000000000000000, 0.0000000000000000000, -1.000000000000000000 ) ) ;
#944 = ORIENTED_EDGE ( 'NONE', *, *, #1635, .F. ) ;
#945 = DIRECTION ( 'NONE',  ( 0.0000000000000000000, 0.0000000000000000000, -1.000000000000000000 ) ) ;
#946 = LINE ( 'NONE', #2444, #190 ) ;
#947 = CARTESIAN_POINT ( 'NONE',  ( 3.000000000000016875, 42.00000000000000000, -13.40000000000000213 ) ) ;
#948 = FACE_OUTER_BOUND ( 'NONE', #123, .T. ) ;
#949 = ORIENTED_EDGE ( 'NONE', *, *, #857, .F. ) ;
#950 = AXIS2_PLACEMENT_3D ( 'NONE', #3181, #2899, #1157 ) ;
#951 = CARTESIAN_POINT ( 'NONE',  ( 127.6103750914718802, 4.429243338868630531, -3.909724973552674232 ) ) ;
#952 = ORIENTED_EDGE ( 'NONE', *, *, #630, .F. ) ;
#953 = CARTESIAN_POINT ( 'NONE',  ( 128.0000000000000000, 4.000000000000000000, -4.000000000000000000 ) ) ;
#954 = VECTOR ( 'NONE', #3315, 1000.000000000000000 ) ;
#955 = CARTESIAN_POINT ( 'NONE',  ( 127.0000000000000000, 4.000000000000000000, -14.32455532033675460 ) ) ;
#956 = VECTOR ( 'NONE', #1438, 1000.000000000000000 ) ;
#957 = ORIENTED_EDGE ( 'NONE', *, *, #702, .T. ) ;
#958 = CARTESIAN_POINT ( 'NONE',  ( 129.0000000000000000, 34.99999999999999289, -106.0000000000000000 ) ) ;
#959 = LINE ( 'NONE', #1137, #3340 ) ;
#960 = DIRECTION ( 'NONE',  ( 0.0000000000000000000, 0.0000000000000000000, -1.000000000000000000 ) ) ;
#961 = EDGE_CURVE ( 'NONE', #3173, #882, #3383, .T. ) ;
#962 = DIRECTION ( 'NONE',  ( -0.0000000000000000000, 1.000000000000000000, -0.0000000000000000000 ) ) ;
#963 = CARTESIAN_POINT ( 'NONE',  ( 3.000000000000000000, 26.00000000000001066, -8.000000000000017764 ) ) ;
#964 = VERTEX_POINT ( 'NONE', #2751 ) ;
#965 = EDGE_LOOP ( 'NONE', ( #1900, #1858, #1377, #3520 ) ) ;
#966 = VERTEX_POINT ( 'NONE', #2456 ) ;
#967 = CARTESIAN_POINT ( 'NONE',  ( 8.565991292831657944, 5.021916647179737403, -112.7445208382062845 ) ) ;
#968 = DIRECTION ( 'NONE',  ( 0.0000000000000000000, 0.0000000000000000000, -1.000000000000000000 ) ) ;
#969 = ORIENTED_EDGE ( 'NONE', *, *, #2264, .T. ) ;
#970 = LOCAL_TIME ( 16, 22, 53.00000000000000000, #3148 ) ;
#971 = VERTEX_POINT ( 'NONE', #1911 ) ;
#972 = VERTEX_POINT ( 'NONE', #1358 ) ;
#973 = ORIENTED_EDGE ( 'NONE', *, *, #3111, .F. ) ;
#974 = DIRECTION ( 'NONE',  ( -2.065146995210485003E-17, 0.0000000000000000000, -1.000000000000000000 ) ) ;
#975 = CARTESIAN_POINT ( 'NONE',  ( 126.0255378458918187, 4.770254875814771367, -112.6152418796091155 ) ) ;
#976 = AXIS2_PLACEMENT_3D ( 'NONE', #2763, #1632, #255 ) ;
#977 = CARTESIAN_POINT ( 'NONE',  ( 119.0000000000000000, 40.99999999999999289, -3.000000000000002665 ) ) ;
#978 = DIRECTION ( 'NONE',  ( 1.000000000000000000, 0.0000000000000000000, -1.224646799147353207E-16 ) ) ;
#979 = DIRECTION ( 'NONE',  ( 0.0000000000000000000, 0.0000000000000000000, -1.000000000000000000 ) ) ;
#980 = EDGE_CURVE ( 'NONE', #2414, #2758, #3377, .T. ) ;
#981 = CARTESIAN_POINT ( 'NONE',  ( 5.000000000000013323, 4.533464469858674128, -3.640120027784401024 ) ) ;
#982 = FACE_BOUND ( 'NONE', #3004, .T. ) ;
#983 = VERTEX_POINT ( 'NONE', #3314 ) ;
#984 = APPROVAL_ROLE ( '' ) ;
#985 = VECTOR ( 'NONE', #1852, 1000.000000000000000 ) ;
#986 = EDGE_CURVE ( 'NONE', #1456, #620, #1082, .T. ) ;
#987 = CARTESIAN_POINT ( 'NONE',  ( 129.0000000000000000, 23.00000000000000000, -103.0000000000000000 ) ) ;
#988 = VECTOR ( 'NONE', #295, 1000.000000000000000 ) ;
#989 = ORGANIZATION ( 'UNSPECIFIED', 'UNSPECIFIED', '' ) ;
#990 = EDGE_CURVE ( 'NONE', #2308, #1625, #340, .T. ) ;
#991 = ORIENTED_EDGE ( 'NONE', *, *, #1734, .F. ) ;
#992 = CARTESIAN_POINT ( 'NONE',  ( 4.684048424762350393, 4.466597215412893895, -3.743917505581487060 ) ) ;
#993 = FACE_OUTER_BOUND ( 'NONE', #2829, .T. ) ;
#994 = VECTOR ( 'NONE', #281, 1000.000000000000000 ) ;
#995 = ORIENTED_EDGE ( 'NONE', *, *, #2967, .T. ) ;
#996 = APPLICATION_PROTOCOL_DEFINITION ( 'international standard', 'config_control_design', 1994, #1234 ) ;
#997 = LINE ( 'NONE', #1674, #2709 ) ;
#998 = CARTESIAN_POINT ( 'NONE',  ( 24.99999999999998934, 28.99999999999999645, -113.0000000000000000 ) ) ;
#999 = CYLINDRICAL_SURFACE ( 'NONE', #359, 1.449999999999999956 ) ;
#1000 = EDGE_LOOP ( 'NONE', ( #537, #627, #2777, #175 ) ) ;
#1001 = CARTESIAN_POINT ( 'NONE',  ( 127.0000000000000000, 54.00000000000000711, -5.000000000000002665 ) ) ;
#1002 = DIRECTION ( 'NONE',  ( 0.0000000000000000000, 0.0000000000000000000, -1.000000000000000000 ) ) ;
#1003 = CARTESIAN_POINT ( 'NONE',  ( 8.000000000000012434, 26.00000000000000000, -9.449999999999993960 ) ) ;
#1004 = CARTESIAN_POINT ( 'NONE',  ( 21.99999999999999289, 40.99999999999999289, -133.0000000000000000 ) ) ;
#1005 = EDGE_LOOP ( 'NONE', ( #256, #2463, #233, #1907 ) ) ;
#1006 = EDGE_CURVE ( 'NONE', #817, #1089, #1564, .T. ) ;
#1007 = ORIENTED_EDGE ( 'NONE', *, *, #1483, .T. ) ;
#1008 = DIRECTION ( 'NONE',  ( 1.000000000000000000, -0.0000000000000000000, -0.0000000000000000000 ) ) ;
#1009 = APPROVAL_PERSON_ORGANIZATION ( #520, #1933, #413 ) ;
#1010 = EDGE_LOOP ( 'NONE', ( #1458, #1498, #2203, #2409 ) ) ;
#1011 = DIRECTION ( 'NONE',  ( 0.0000000000000000000, 0.0000000000000000000, -1.000000000000000000 ) ) ;
#1012 = ORIENTED_EDGE ( 'NONE', *, *, #1227, .F. ) ;
#1013 = CARTESIAN_POINT ( 'NONE',  ( 127.0000000000000000, 54.00000000000000711, -3.000000000000002665 ) ) ;
#1014 = ORIENTED_EDGE ( 'NONE', *, *, #2198, .F. ) ;
#1015 = ORIENTED_EDGE ( 'NONE', *, *, #3326, .F. ) ;
#1016 = AXIS2_PLACEMENT_3D ( 'NONE', #235, #2190, #1383 ) ;
#1017 = CARTESIAN_POINT ( 'NONE',  ( 8.000000000000012434, 26.00000000000000000, -9.449999999999993960 ) ) ;
#1018 = DIRECTION ( 'NONE',  ( -0.0000000000000000000, -1.000000000000000000, -0.0000000000000000000 ) ) ;
#1019 = VECTOR ( 'NONE', #527, 1000.000000000000000 ) ;
#1020 = ORIENTED_EDGE ( 'NONE', *, *, #1391, .T. ) ;
#1021 = PLANE ( 'NONE',  #1201 ) ;
#1022 = DIRECTION ( 'NONE',  ( -1.000000000000000000, -0.0000000000000000000, -0.0000000000000000000 ) ) ;
#1023 = FACE_BOUND ( 'NONE', #1408, .T. ) ;
#1024 = VERTEX_POINT ( 'NONE', #3055 ) ;
#1025 = EDGE_CURVE ( 'NONE', #1024, #2110, #2914, .T. ) ;
#1026 = CIRCLE ( 'NONE', #3235, 2.000000000000000000 ) ;
#1027 = EDGE_CURVE ( 'NONE', #518, #3473, #3041, .T. ) ;
#1028 = DIRECTION ( 'NONE',  ( -0.0000000000000000000, -0.0000000000000000000, -1.000000000000000000 ) ) ;
#1029 = FACE_OUTER_BOUND ( 'NONE', #3098, .T. ) ;
#1030 = ORIENTED_EDGE ( 'NONE', *, *, #2428, .F. ) ;
#1031 = CARTESIAN_POINT ( 'NONE',  ( 119.6896685601841739, 4.224690764245933927, -4.050299465245338126 ) ) ;
#1032 = DIRECTION ( 'NONE',  ( -0.0000000000000000000, -0.0000000000000000000, -1.000000000000000000 ) ) ;
#1033 = DIRECTION ( 'NONE',  ( 0.0000000000000000000, 0.0000000000000000000, 1.000000000000000000 ) ) ;
#1034 = ORIENTED_EDGE ( 'NONE', *, *, #2496, .T. ) ;
#1035 = CARTESIAN_POINT ( 'NONE',  ( 0.0000000000000000000, 29.00000000000000355, -8.000000000000021316 ) ) ;
#1036 = DIRECTION ( 'NONE',  ( -0.0000000000000000000, -1.000000000000000000, -0.0000000000000000000 ) ) ;
#1037 = LINE ( 'NONE', #1678, #284 ) ;
#1038 = LINE ( 'NONE', #1105, #462 ) ;
#1039 = AXIS2_PLACEMENT_3D ( 'NONE', #2453, #3290, #1063 ) ;
#1040 = CYLINDRICAL_SURFACE ( 'NONE', #1467, 4.599999999999999645 ) ;
#1041 = AXIS2_PLACEMENT_3D ( 'NONE', #2130, #2367, #675 ) ;
#1042 = DIRECTION ( 'NONE',  ( 0.0000000000000000000, 0.0000000000000000000, 1.000000000000000000 ) ) ;
#1043 = CARTESIAN_POINT ( 'NONE',  ( 124.0000000000000000, 4.000000000000000000, -108.0000000000000000 ) ) ;
#1044 = VERTEX_POINT ( 'NONE', #1921 ) ;
#1045 = CARTESIAN_POINT ( 'NONE',  ( 127.0000000000000000, 54.00000000000000711, -111.0000000000000000 ) ) ;
#1046 = CARTESIAN_POINT ( 'NONE',  ( 129.0000000000000000, 5.999999999999998224, -113.0000000000000000 ) ) ;
#1047 = ORIENTED_EDGE ( 'NONE', *, *, #3221, .T. ) ;
#1048 = VERTEX_POINT ( 'NONE', #1643 ) ;
#1049 = EDGE_CURVE ( 'NONE', #1801, #731, #1439, .T. ) ;
#1050 = ORIENTED_EDGE ( 'NONE', *, *, #392, .T. ) ;
#1051 = LINE ( 'NONE', #467, #707 ) ;
#1052 = DIRECTION ( 'NONE',  ( -1.000000000000000000, 0.0000000000000000000, 0.0000000000000000000 ) ) ;
#1053 = ORIENTED_EDGE ( 'NONE', *, *, #1298, .T. ) ;
#1054 = ORIENTED_EDGE ( 'NONE', *, *, #2666, .F. ) ;
#1055 = DIRECTION ( 'NONE',  ( 0.0000000000000000000, 1.000000000000000000, 0.0000000000000000000 ) ) ;
#1056 = DIRECTION ( 'NONE',  ( 0.0000000000000000000, 1.000000000000000000, 0.0000000000000000000 ) ) ;
#1057 = EDGE_LOOP ( 'NONE', ( #3234, #2821, #581, #1309, #1800 ) ) ;
#1058 = CARTESIAN_POINT ( 'NONE',  ( 120.2031837104323699, 4.341314147472079554, -112.1347638328934693 ) ) ;
#1059 = AXIS2_PLACEMENT_3D ( 'NONE', #3116, #2547, #2561 ) ;
#1060 = CARTESIAN_POINT ( 'NONE',  ( 3.000000000000012879, 54.00000000000000711, -3.000000000000000000 ) ) ;
#1061 = FACE_BOUND ( 'NONE', #1130, .T. ) ;
#1062 = ORIENTED_EDGE ( 'NONE', *, *, #1405, .F. ) ;
#1063 = DIRECTION ( 'NONE',  ( 1.000000000000000000, 0.0000000000000000000, 0.0000000000000000000 ) ) ;
#1064 = CARTESIAN_POINT ( 'NONE',  ( 5.000000000000012434, 54.00000000000000711, -5.000000000000004441 ) ) ;
#1065 = EDGE_LOOP ( 'NONE', ( #1927, #1342, #1796, #99 ) ) ;
#1066 = CARTESIAN_POINT ( 'NONE',  ( 0.0000000000000000000, 6.000000000000000000, -111.0000000000000000 ) ) ;
#1067 = CIRCLE ( 'NONE', #3342, 1.450000000000006839 ) ;
#1068 = ORIENTED_EDGE ( 'NONE', *, *, #1460, .F. ) ;
#1069 = DIRECTION ( 'NONE',  ( -0.0000000000000000000, 1.000000000000000000, -0.0000000000000000000 ) ) ;
#1070 = DIRECTION ( 'NONE',  ( 0.0000000000000000000, 0.0000000000000000000, 1.000000000000000000 ) ) ;
#1071 = CARTESIAN_POINT ( 'NONE',  ( 128.0000000000000000, 4.000000000000000000, -116.0000000000000000 ) ) ;
#1072 = CYLINDRICAL_SURFACE ( 'NONE', #2795, 2.000000000000000000 ) ;
#1073 = EDGE_CURVE ( 'NONE', #614, #2560, #1350, .T. ) ;
#1074 = ORIENTED_EDGE ( 'NONE', *, *, #2246, .F. ) ;
#1075 = ORIENTED_EDGE ( 'NONE', *, *, #1027, .T. ) ;
#1076 = VECTOR ( 'NONE', #1299, 1000.000000000000000 ) ;
#1077 = EDGE_CURVE ( 'NONE', #2069, #2855, #3543, .T. ) ;
#1078 = CIRCLE ( 'NONE', #2145, 4.599999999999992539 ) ;
#1079 = VERTEX_POINT ( 'NONE', #1962 ) ;
#1080 = CARTESIAN_POINT ( 'NONE',  ( 3.259701773835723682, 5.014223360223757808, -107.6188920207666939 ) ) ;
#1081 = LINE ( 'NONE', #1867, #2177 ) ;
#1082 = LINE ( 'NONE', #1083, #2481 ) ;
#1083 = CARTESIAN_POINT ( 'NONE',  ( 0.0000000000000000000, 29.00000000000000355, -11.00000000000002309 ) ) ;
#1084 = DIRECTION ( 'NONE',  ( 2.065146995210484695E-17, -0.0000000000000000000, 1.000000000000000000 ) ) ;
#1085 = DIRECTION ( 'NONE',  ( 0.0000000000000000000, 0.0000000000000000000, -1.000000000000000000 ) ) ;
#1086 = CARTESIAN_POINT ( 'NONE',  ( 127.0000000000000000, 6.000000000000000000, -113.0000000000000000 ) ) ;
#1087 = B_SPLINE_CURVE_WITH_KNOTS ( 'NONE', 3,
 ( #385, #2330, #2908, #2070, #3211, #2631, #1548, #1794, #2659, #2887 ),
 .UNSPECIFIED., .F., .F.,
 ( 4, 2, 2, 2, 4 ),
 ( 1.477700343807052534E-17, 0.0005064967774774648381, 0.001012993554954914931, 0.001519490332432365132, 0.002025987109909815117 ),
 .UNSPECIFIED. ) ;
#1088 = AXIS2_PLACEMENT_3D ( 'NONE', #3190, #676, #294 ) ;
#1089 = VERTEX_POINT ( 'NONE', #1445 ) ;
#1090 = AXIS2_PLACEMENT_3D ( 'NONE', #399, #2074, #659 ) ;
#1091 = DIRECTION ( 'NONE',  ( -1.000000000000000000, 0.0000000000000000000, 0.0000000000000000000 ) ) ;
#1092 = ORIENTED_EDGE ( 'NONE', *, *, #1129, .T. ) ;
#1093 = CARTESIAN_POINT ( 'NONE',  ( 128.0000000000000000, 4.000000000000000000, 0.0000000000000000000 ) ) ;
#1094 = ORIENTED_EDGE ( 'NONE', *, *, #2732, .T. ) ;
#1095 = EDGE_CURVE ( 'NONE', #3294, #2757, #3589, .T. ) ;
#1096 = ORIENTED_EDGE ( 'NONE', *, *, #105, .T. ) ;
#1097 = DIRECTION ( 'NONE',  ( 0.0000000000000000000, 1.000000000000000000, 0.0000000000000000000 ) ) ;
#1098 = DIRECTION ( 'NONE',  ( 0.0000000000000000000, 0.0000000000000000000, -1.000000000000000000 ) ) ;
#1099 = DIRECTION ( 'NONE',  ( 0.0000000000000000000, 1.000000000000000000, 0.0000000000000000000 ) ) ;
#1100 = VERTEX_POINT ( 'NONE', #2559 ) ;
#1101 = ORIENTED_EDGE ( 'NONE', *, *, #843, .F. ) ;
#1102 = ADVANCED_FACE ( 'NONE', ( #1313 ), #2959, .T. ) ;
#1103 = ORIENTED_EDGE ( 'NONE', *, *, #3224, .F. ) ;
#1104 = EDGE_CURVE ( 'NONE', #925, #2206, #1788, .T. ) ;
#1105 = CARTESIAN_POINT ( 'NONE',  ( 0.0000000000000000000, 4.000000000000000000, -112.0000000000000000 ) ) ;
#1106 = DIRECTION ( 'NONE',  ( -0.0000000000000000000, -1.000000000000000000, -0.0000000000000000000 ) ) ;
#1107 = AXIS2_PLACEMENT_3D ( 'NONE', #3023, #217, #3001 ) ;
#1108 = DIRECTION ( 'NONE',  ( 0.0000000000000000000, 1.000000000000000000, 0.0000000000000000000 ) ) ;
#1109 = CARTESIAN_POINT ( 'NONE',  ( 8.000000000000010658, 5.021916647178268356, -3.255479161794563758 ) ) ;
#1110 = VECTOR ( 'NONE', #1317, 1000.000000000000000 ) ;
#1111 = EDGE_LOOP ( 'NONE', ( #2880, #306, #210, #1202 ) ) ;
#1112 = LINE ( 'NONE', #2296, #188 ) ;
#1113 = AXIS2_PLACEMENT_3D ( 'NONE', #1553, #401, #3204 ) ;
#1114 = DIRECTION ( 'NONE',  ( -0.0000000000000000000, -1.000000000000000000, -0.0000000000000000000 ) ) ;
#1115 = LINE ( 'NONE', #1158, #2091 ) ;
#1116 = ORIENTED_EDGE ( 'NONE', *, *, #2642, .T. ) ;
#1117 = CARTESIAN_POINT ( 'NONE',  ( 129.0000000000000000, 26.00000000000000000, -106.0000000000000000 ) ) ;
#1118 = EDGE_LOOP ( 'NONE', ( #772, #130, #1154, #2667 ) ) ;
#1119 = EDGE_CURVE ( 'NONE', #614, #2325, #1038, .T. ) ;
#1120 = ADVANCED_FACE ( 'NONE', ( #2826 ), #2617, .F. ) ;
#1121 = CARTESIAN_POINT ( 'NONE',  ( 0.0000000000000000000, 6.999999999999992895, -105.0000000000000142 ) ) ;
#1122 = DIRECTION ( 'NONE',  ( -1.000000000000000000, 0.0000000000000000000, 0.0000000000000000000 ) ) ;
#1123 = VECTOR ( 'NONE', #264, 1000.000000000000000 ) ;
#1124 = DIRECTION ( 'NONE',  ( 0.0000000000000000000, 0.0000000000000000000, 1.000000000000000000 ) ) ;
#1125 = VERTEX_POINT ( 'NONE', #2443 ) ;
#1126 = DIRECTION ( 'NONE',  ( 1.222191539892750677E-16, 0.0000000000000000000, 1.000000000000000000 ) ) ;
#1127 = CARTESIAN_POINT ( 'NONE',  ( 0.0000000000000000000, 4.000000000000000000, -112.0000000000000000 ) ) ;
#1128 = PLANE ( 'NONE',  #120 ) ;
#1129 = EDGE_CURVE ( 'NONE', #347, #1951, #1524, .T. ) ;
#1130 = EDGE_LOOP ( 'NONE', ( #3245, #2552 ) ) ;
#1131 = VECTOR ( 'NONE', #2771, 1000.000000000000000 ) ;
#1132 = CIRCLE ( 'NONE', #1950, 1.450000000000006839 ) ;
#1133 = ORIENTED_EDGE ( 'NONE', *, *, #2364, .T. ) ;
#1134 = FACE_BOUND ( 'NONE', #1971, .T. ) ;
#1135 = EDGE_LOOP ( 'NONE', ( #1434, #3035, #317, #618 ) ) ;
#1136 = CARTESIAN_POINT ( 'NONE',  ( 50.00000000000000000, 42.00000000000000711, -38.00000000000000711 ) ) ;
#1137 = CARTESIAN_POINT ( 'NONE',  ( 50.00000000000000000, 42.00000000000000000, -62.60000000000000142 ) ) ;
#1138 = CARTESIAN_POINT ( 'NONE',  ( 124.0000000000000000, 6.999999999999999112, -108.0000000000000000 ) ) ;
#1139 = AXIS2_PLACEMENT_3D ( 'NONE', #76, #2589, #667 ) ;
#1140 = ORIENTED_EDGE ( 'NONE', *, *, #3200, .T. ) ;
#1141 = ADVANCED_FACE ( 'NONE', ( #647 ), #3088, .F. ) ;
#1142 = ORIENTED_EDGE ( 'NONE', *, *, #108, .T. ) ;
#1143 = ORIENTED_EDGE ( 'NONE', *, *, #2595, .T. ) ;
#1144 = VECTOR ( 'NONE', #2553, 1000.000000000000000 ) ;
#1145 = EDGE_CURVE ( 'NONE', #2694, #3212, #1218, .T. ) ;
#1146 = CARTESIAN_POINT ( 'NONE',  ( 127.0488568393918456, 4.000000000000000000, -14.23509133858340903 ) ) ;
#1147 = CARTESIAN_POINT ( 'NONE',  ( 3.333759577887122294, 4.889025293437145869, -6.569528171942361716 ) ) ;
#1148 = AXIS2_PLACEMENT_3D ( 'NONE', #3363, #1753, #68 ) ;
#1149 = CARTESIAN_POINT ( 'NONE',  ( 129.0000000000000000, 4.000000000000003553, -111.0000000000000000 ) ) ;
#1150 = ADVANCED_FACE ( 'NONE', ( #3509 ), #3428, .F. ) ;
#1151 = ADVANCED_FACE ( 'NONE', ( #734 ), #330, .F. ) ;
#1152 = CARTESIAN_POINT ( 'NONE',  ( 24.99999999999998934, 26.00000000000000000, 0.0000000000000000000 ) ) ;
#1153 = CIRCLE ( 'NONE', #3567, 4.000000000000003553 ) ;
#1154 = ORIENTED_EDGE ( 'NONE', *, *, #2183, .F. ) ;
#1155 = CARTESIAN_POINT ( 'NONE',  ( 3.000000000000000444, 9.999999999999992895, -105.0000000000000142 ) ) ;
#1156 = VERTEX_POINT ( 'NONE', #1490 ) ;
#1157 = DIRECTION ( 'NONE',  ( 0.0000000000000000000, 0.0000000000000000000, -1.000000000000000000 ) ) ;
#1158 = CARTESIAN_POINT ( 'NONE',  ( 3.000000000000000000, 28.99999999999998934, -108.0000000000000142 ) ) ;
#1159 = VECTOR ( 'NONE', #1211, 1000.000000000000000 ) ;
#1160 = CARTESIAN_POINT ( 'NONE',  ( 124.0000000000000284, 6.999999999999999112, -11.99999999999998579 ) ) ;
#1161 = AXIS2_PLACEMENT_3D ( 'NONE', #2925, #91, #648 ) ;
#1162 = CARTESIAN_POINT ( 'NONE',  ( 128.5432175765676277, 4.723637412692515802, -110.2216325986199053 ) ) ;
#1163 = DIRECTION ( 'NONE',  ( -0.0000000000000000000, -1.000000000000000000, -0.0000000000000000000 ) ) ;
#1164 = VECTOR ( 'NONE', #1481, 1000.000000000000000 ) ;
#1165 = ORIENTED_EDGE ( 'NONE', *, *, #201, .F. ) ;
#1166 = EDGE_CURVE ( 'NONE', #1824, #179, #1998, .T. ) ;
#1167 = VERTEX_POINT ( 'NONE', #74 ) ;
#1168 = CARTESIAN_POINT ( 'NONE',  ( 14.07624837246617666, 4.003439402619625831, -4.866002079415792103 ) ) ;
#1169 = VECTOR ( 'NONE', #2722, 1000.000000000000000 ) ;
#1170 = CIRCLE ( 'NONE', #1016, 2.999999999999999112 ) ;
#1171 = ADVANCED_FACE ( 'NONE', ( #3175 ), #1767, .F. ) ;
#1172 = CARTESIAN_POINT ( 'NONE',  ( 0.0000000000000000000, 28.99999999999998934, -108.0000000000000142 ) ) ;
#1173 = ORIENTED_EDGE ( 'NONE', *, *, #483, .T. ) ;
#1174 = LOCAL_TIME ( 16, 22, 53.00000000000000000, #2176 ) ;
#1175 = EDGE_CURVE ( 'NONE', #3260, #207, #775, .T. ) ;
#1176 = CIRCLE ( 'NONE', #1793, 2.999999999999999112 ) ;
#1177 = CARTESIAN_POINT ( 'NONE',  ( 3.000000000000000000, 9.999999999999992895, -108.0000000000000142 ) ) ;
#1178 = CARTESIAN_POINT ( 'NONE',  ( 4.951046518170953092, 4.000000000000000888, -14.23491437236361890 ) ) ;
#1179 = CARTESIAN_POINT ( 'NONE',  ( 128.3598799722135197, 4.533464469856741452, -111.0000000000000000 ) ) ;
#1180 = CARTESIAN_POINT ( 'NONE',  ( 14.32455532033675993, 4.000000000000000000, -111.0000000000000000 ) ) ;
#1181 = CARTESIAN_POINT ( 'NONE',  ( 8.000000000000012434, 26.00000000000000000, -7.999999999999992895 ) ) ;
#1182 = AXIS2_PLACEMENT_3D ( 'NONE', #2845, #2006, #1765 ) ;
#1183 = ORIENTED_EDGE ( 'NONE', *, *, #2878, .T. ) ;
#1184 = DIRECTION ( 'NONE',  ( 0.0000000000000000000, 0.0000000000000000000, 1.000000000000000000 ) ) ;
#1185 = VERTEX_POINT ( 'NONE', #2572 ) ;
#1186 = AXIS2_PLACEMENT_3D ( 'NONE', #2612, #1198, #2059 ) ;
#1187 = ORIENTED_EDGE ( 'NONE', *, *, #1910, .F. ) ;
#1188 = PLANE ( 'NONE',  #831 ) ;
#1189 = PLANE ( 'NONE',  #2053 ) ;
#1190 = CALENDAR_DATE ( 2019, 12, 12 ) ;
#1191 = ORIENTED_EDGE ( 'NONE', *, *, #1049, .F. ) ;
#1192 = CARTESIAN_POINT ( 'NONE',  ( 128.7086737780464603, 4.959763911955195503, -106.9838330753162836 ) ) ;
#1193 = ADVANCED_FACE ( 'NONE', ( #2788 ), #1869, .F. ) ;
#1194 = VERTEX_POINT ( 'NONE', #2036 ) ;
#1195 = ORIENTED_EDGE ( 'NONE', *, *, #3282, .T. ) ;
#1196 = CARTESIAN_POINT ( 'NONE',  ( 128.0000000000000000, 4.000000000000000000, 0.0000000000000000000 ) ) ;
#1197 = EDGE_CURVE ( 'NONE', #3136, #2757, #1132, .T. ) ;
#1198 = DIRECTION ( 'NONE',  ( -0.0000000000000000000, -1.000000000000000000, -0.0000000000000000000 ) ) ;
#1199 = VECTOR ( 'NONE', #716, 1000.000000000000000 ) ;
#1200 = CARTESIAN_POINT ( 'NONE',  ( 0.0000000000000000000, 42.00000000000000000, -58.00000000000000711 ) ) ;
#1201 = AXIS2_PLACEMENT_3D ( 'NONE', #1326, #718, #478 ) ;
#1202 = ORIENTED_EDGE ( 'NONE', *, *, #2574, .F. ) ;
#1203 = CIRCLE ( 'NONE', #2592, 3.000000000000002665 ) ;
#1204 = ORIENTED_EDGE ( 'NONE', *, *, #1683, .T. ) ;
#1205 = DIRECTION ( 'NONE',  ( -0.0000000000000000000, 1.000000000000000000, -0.0000000000000000000 ) ) ;
#1206 = DIRECTION ( 'NONE',  ( 0.0000000000000000000, 0.0000000000000000000, 1.000000000000000000 ) ) ;
#1207 = VECTOR ( 'NONE', #1565, 1000.000000000000000 ) ;
#1208 = AXIS2_PLACEMENT_3D ( 'NONE', #2833, #298, #1412 ) ;
#1209 = ADVANCED_FACE ( 'NONE', ( #1397 ), #556, .F. ) ;
#1210 = ORIENTED_EDGE ( 'NONE', *, *, #798, .T. ) ;
#1211 = DIRECTION ( 'NONE',  ( -1.000000000000000000, 0.0000000000000000000, 0.0000000000000000000 ) ) ;
#1212 = DIRECTION ( 'NONE',  ( 2.168404344971008474E-15, 0.0000000000000000000, -1.000000000000000000 ) ) ;
#1213 = ORIENTED_EDGE ( 'NONE', *, *, #3138, .T. ) ;
#1214 = DIRECTION ( 'NONE',  ( 0.0000000000000000000, 0.0000000000000000000, -1.000000000000000000 ) ) ;
#1215 = DIRECTION ( 'NONE',  ( -9.427844978134836224E-17, 0.0000000000000000000, -1.000000000000000000 ) ) ;
#1216 = VERTEX_POINT ( 'NONE', #2348 ) ;
#1217 = CIRCLE ( 'NONE', #849, 1.449999999999999956 ) ;
#1218 = LINE ( 'NONE', #3139, #505 ) ;
#1219 = EDGE_CURVE ( 'NONE', #1630, #2225, #2875, .T. ) ;
#1220 = ORIENTED_EDGE ( 'NONE', *, *, #2337, .F. ) ;
#1221 = VERTEX_POINT ( 'NONE', #947 ) ;
#1222 = CARTESIAN_POINT ( 'NONE',  ( 50.00000000000000000, 41.99999999999999289, -98.00000000000000000 ) ) ;
#1223 = LINE ( 'NONE', #2245, #425 ) ;
#1224 = DIRECTION ( 'NONE',  ( 0.0000000000000000000, 0.0000000000000000000, -1.000000000000000000 ) ) ;
#1225 = DIRECTION ( 'NONE',  ( -1.000000000000000000, 0.0000000000000000000, 0.0000000000000000000 ) ) ;
#1226 = CARTESIAN_POINT ( 'NONE',  ( 127.2408427078176345, 4.014009264541049227, -13.87022129031310236 ) ) ;
#1227 = EDGE_CURVE ( 'NONE', #649, #1619, #19, .T. ) ;
#1228 = DIRECTION ( 'NONE',  ( 0.0000000000000000000, 0.0000000000000000000, -1.000000000000000000 ) ) ;
#1229 = DIRECTION ( 'NONE',  ( -1.000000000000000000, 0.0000000000000000000, 0.0000000000000000000 ) ) ;
#1230 = PRODUCT_DEFINITION_SHAPE ( 'NONE', 'NONE',  #2086 ) ;
#1231 = ORIENTED_EDGE ( 'NONE', *, *, #884, .T. ) ;
#1232 = ORIENTED_EDGE ( 'NONE', *, *, #1175, .T. ) ;
#1233 = AXIS2_PLACEMENT_3D ( 'NONE', #1884, #205, #1052 ) ;
#1234 = APPLICATION_CONTEXT ( 'configuration controlled 3d designs of mechanical parts and assemblies' ) ;
#1235 = VERTEX_POINT ( 'NONE', #1522 ) ;
#1236 = VERTEX_POINT ( 'NONE', #119 ) ;
#1237 = DIRECTION ( 'NONE',  ( 0.0000000000000000000, -1.000000000000000000, 0.0000000000000000000 ) ) ;
#1238 = AXIS2_PLACEMENT_3D ( 'NONE', #2181, #2970, #1042 ) ;
#1239 = EDGE_LOOP ( 'NONE', ( #1644, #1737 ) ) ;
#1240 = CARTESIAN_POINT ( 'NONE',  ( 8.000000000000012434, 26.00000000000000000, -7.999999999999992895 ) ) ;
#1241 = CARTESIAN_POINT ( 'NONE',  ( 119.0000000000000000, 37.99999999999999289, -113.0000000000000000 ) ) ;
#1242 = CARTESIAN_POINT ( 'NONE',  ( 5.000000000000012434, 6.000000000000000000, -5.000000000000000000 ) ) ;
#1243 = EDGE_CURVE ( 'NONE', #1283, #3294, #1954, .T. ) ;
#1244 = ORIENTED_EDGE ( 'NONE', *, *, #1145, .F. ) ;
#1245 = EDGE_CURVE ( 'NONE', #2859, #703, #2140, .T. ) ;
#1246 = DIRECTION ( 'NONE',  ( 1.000000000000000000, 0.0000000000000000000, 0.0000000000000000000 ) ) ;
#1247 = LINE ( 'NONE', #1485, #96 ) ;
#1248 = DIRECTION ( 'NONE',  ( 1.000000000000000000, 0.0000000000000000000, -0.0000000000000000000 ) ) ;
#1249 = ORIENTED_EDGE ( 'NONE', *, *, #296, .T. ) ;
#1250 = DIRECTION ( 'NONE',  ( -0.0000000000000000000, 1.000000000000000000, -9.462128050782594729E-16 ) ) ;
#1251 = DIRECTION ( 'NONE',  ( -0.0000000000000000000, -0.0000000000000000000, -1.000000000000000000 ) ) ;
#1252 = CIRCLE ( 'NONE', #2865, 1.450000000000006839 ) ;
#1253 = ORIENTED_EDGE ( 'NONE', *, *, #1579, .F. ) ;
#1254 = VECTOR ( 'NONE', #3155, 1000.000000000000000 ) ;
#1255 = ORIENTED_EDGE ( 'NONE', *, *, #2990, .F. ) ;
#1256 = AXIS2_PLACEMENT_3D ( 'NONE', #1931, #1366, #1091 ) ;
#1257 = DIRECTION ( 'NONE',  ( 0.0000000000000000000, 0.0000000000000000000, -1.000000000000000000 ) ) ;
#1258 = ORIENTED_EDGE ( 'NONE', *, *, #2425, .T. ) ;
#1259 = VECTOR ( 'NONE', #502, 1000.000000000000000 ) ;
#1260 = CARTESIAN_POINT ( 'NONE',  ( 119.0000000000000000, 28.99999999999999645, -116.0000000000000000 ) ) ;
#1261 = LINE ( 'NONE', #1696, #2433 ) ;
#1262 = DIRECTION ( 'NONE',  ( 0.0000000000000000000, 1.000000000000000000, 0.0000000000000000000 ) ) ;
#1263 = ORIENTED_EDGE ( 'NONE', *, *, #1049, .T. ) ;
#1264 = CC_DESIGN_DATE_AND_TIME_ASSIGNMENT ( #3100, #2669, ( #2086 ) ) ;
#1265 = DIRECTION ( 'NONE',  ( -4.336808689942017736E-16, 1.000000000000000000, 0.0000000000000000000 ) ) ;
#1266 = CARTESIAN_POINT ( 'NONE',  ( 132.0000000000000000, 4.000000000000000000, -4.000000000000000000 ) ) ;
#1267 = CIRCLE ( 'NONE', #3000, 1.449999999999999956 ) ;
#1268 = VECTOR ( 'NONE', #1904, 1000.000000000000000 ) ;
#1269 = CARTESIAN_POINT ( 'NONE',  ( 4.013831615082466442, 4.420059382263039183, -4.251773659796003635 ) ) ;
#1270 = EDGE_CURVE ( 'NONE', #321, #751, #2025, .T. ) ;
#1271 = PERSON_AND_ORGANIZATION_ROLE ( 'creator' ) ;
#1272 = CARTESIAN_POINT ( 'NONE',  ( 128.3598799722155945, 4.533464469858673240, -5.000000000000002665 ) ) ;
#1273 = DIRECTION ( 'NONE',  ( 0.0000000000000000000, 0.0000000000000000000, 1.000000000000000000 ) ) ;
#1274 = ORIENTED_EDGE ( 'NONE', *, *, #2342, .F. ) ;
#1275 = CARTESIAN_POINT ( 'NONE',  ( 124.0000000000178062, 5.021916647178264803, -3.255479161794568199 ) ) ;
#1276 = EDGE_CURVE ( 'NONE', #1970, #439, #684, .T. ) ;
#1277 = DIRECTION ( 'NONE',  ( 1.000000000000000000, 0.0000000000000000000, -0.0000000000000000000 ) ) ;
#1278 = ORIENTED_EDGE ( 'NONE', *, *, #2043, .T. ) ;
#1279 = CARTESIAN_POINT ( 'NONE',  ( 3.000000000000012879, 40.99999999999999289, -3.000000000000000000 ) ) ;
#1280 = DIRECTION ( 'NONE',  ( -1.000000000000000000, -0.0000000000000000000, 1.222191539892750677E-16 ) ) ;
#1281 = ORIENTED_EDGE ( 'NONE', *, *, #1830, .F. ) ;
#1282 = CARTESIAN_POINT ( 'NONE',  ( 0.0000000000000000000, 41.99999999999999289, -98.00000000000000000 ) ) ;
#1283 = VERTEX_POINT ( 'NONE', #2021 ) ;
#1284 = ORIENTED_EDGE ( 'NONE', *, *, #1025, .T. ) ;
#1285 = AXIS2_PLACEMENT_3D ( 'NONE', #32, #1786, #2073 ) ;
#1286 = EDGE_LOOP ( 'NONE', ( #242, #2969, #1583, #1050, #656 ) ) ;
#1287 = LINE ( 'NONE', #1003, #528 ) ;
#1288 = DIRECTION ( 'NONE',  ( 0.0000000000000000000, 0.0000000000000000000, 1.000000000000000000 ) ) ;
#1289 = CARTESIAN_POINT ( 'NONE',  ( 122.0000000000000000, 54.00000000000000711, -3.000000000000002665 ) ) ;
#1290 = AXIS2_PLACEMENT_3D ( 'NONE', #2100, #1822, #2084 ) ;
#1291 = DIRECTION ( 'NONE',  ( 0.0000000000000000000, -1.000000000000000000, 0.0000000000000000000 ) ) ;
#1292 = DIRECTION ( 'NONE',  ( 0.0000000000000000000, 0.0000000000000000000, 1.000000000000000000 ) ) ;
#1293 = DIRECTION ( 'NONE',  ( -0.0000000000000000000, 1.000000000000000000, -9.462128050782594729E-16 ) ) ;
#1294 = DIRECTION ( 'NONE',  ( -0.0000000000000000000, -1.000000000000000000, -0.0000000000000000000 ) ) ;
#1295 = EDGE_CURVE ( 'NONE', #1760, #1024, #2707, .T. ) ;
#1296 = VECTOR ( 'NONE', #3505, 1000.000000000000000 ) ;
#1297 = LINE ( 'NONE', #2267, #2081 ) ;
#1298 = EDGE_CURVE ( 'NONE', #1625, #3483, #2740, .T. ) ;
#1299 = DIRECTION ( 'NONE',  ( -1.000000000000000000, -0.0000000000000000000, -0.0000000000000000000 ) ) ;
#1300 = CARTESIAN_POINT ( 'NONE',  ( 124.0000000000000000, 26.00000000000000000, -104.0000000000000142 ) ) ;
#1301 = CARTESIAN_POINT ( 'NONE',  ( 0.0000000000000000000, 10.00000000000003020, -8.000000000000003553 ) ) ;
#1302 = LINE ( 'NONE', #3065, #411 ) ;
#1303 = ORIENTED_EDGE ( 'NONE', *, *, #326, .T. ) ;
#1304 = DIRECTION ( 'NONE',  ( -1.000000000000000000, -0.0000000000000000000, -0.0000000000000000000 ) ) ;
#1305 = CARTESIAN_POINT ( 'NONE',  ( 24.99999999999998934, 37.99999999999999289, -113.0000000000000000 ) ) ;
#1306 = CIRCLE ( 'NONE', #1797, 4.599999999999992539 ) ;
#1307 = AXIS2_PLACEMENT_3D ( 'NONE', #1355, #2193, #2167 ) ;
#1308 = ORIENTED_EDGE ( 'NONE', *, *, #346, .T. ) ;
#1309 = ORIENTED_EDGE ( 'NONE', *, *, #1556, .F. ) ;
#1310 = LINE ( 'NONE', #1847, #818 ) ;
#1311 = AXIS2_PLACEMENT_3D ( 'NONE', #1977, #2521, #1420 ) ;
#1312 = CARTESIAN_POINT ( 'NONE',  ( 6.721464490245386614, 4.912294849173176381, -112.6793182343996733 ) ) ;
#1313 = FACE_OUTER_BOUND ( 'NONE', #3275, .T. ) ;
#1314 = CARTESIAN_POINT ( 'NONE',  ( 118.9288761842676792, 4.097134689468016511, -4.373488142936821532 ) ) ;
#1315 = ORIENTED_EDGE ( 'NONE', *, *, #1504, .F. ) ;
#1316 = CARTESIAN_POINT ( 'NONE',  ( 3.000000000000000000, 54.00000000000000711, -111.0000000000000000 ) ) ;
#1317 = DIRECTION ( 'NONE',  ( 0.0000000000000000000, 0.0000000000000000000, -1.000000000000000000 ) ) ;
#1318 = DIRECTION ( 'NONE',  ( 0.0000000000000000000, 0.0000000000000000000, -1.000000000000000000 ) ) ;
#1319 = EDGE_CURVE ( 'NONE', #1185, #85, #3112, .T. ) ;
#1320 = ORIENTED_EDGE ( 'NONE', *, *, #890, .T. ) ;
#1321 = CARTESIAN_POINT ( 'NONE',  ( 129.0000000000000000, 54.00000000000000711, -113.0000000000000000 ) ) ;
#1322 = ORIENTED_EDGE ( 'NONE', *, *, #2666, .T. ) ;
#1323 = DIRECTION ( 'NONE',  ( 0.0000000000000000000, 1.000000000000000000, 0.0000000000000000000 ) ) ;
#1324 = DIRECTION ( 'NONE',  ( 0.0000000000000000000, 1.000000000000000000, 0.0000000000000000000 ) ) ;
#1325 = VERTEX_POINT ( 'NONE', #3551 ) ;
#1326 = CARTESIAN_POINT ( 'NONE',  ( 2.999999999999999556, 54.00000000000000711, -113.0000000000000000 ) ) ;
#1327 = CARTESIAN_POINT ( 'NONE',  ( 8.000000000000000000, 26.00000000000000000, -108.0000000000000000 ) ) ;
#1328 = CIRCLE ( 'NONE', #2019, 2.000000000000000000 ) ;
#1329 = ORIENTED_EDGE ( 'NONE', *, *, #483, .F. ) ;
#1330 = AXIS2_PLACEMENT_3D ( 'NONE', #598, #1163, #2007 ) ;
#1331 = CARTESIAN_POINT ( 'NONE',  ( 122.0000000000000000, 4.000000000000000000, -116.0000000000000000 ) ) ;
#1332 = CARTESIAN_POINT ( 'NONE',  ( 3.731071781970380030, 4.448011782617930621, -104.6484152899949152 ) ) ;
#1333 = VERTEX_POINT ( 'NONE', #1180 ) ;
#1334 = DIRECTION ( 'NONE',  ( 1.000000000000000000, 0.0000000000000000000, 0.0000000000000000000 ) ) ;
#1335 = TOROIDAL_SURFACE ( 'NONE', #1090, 6.999999999999992006, 3.000000000000000000 ) ;
#1336 = EDGE_CURVE ( 'NONE', #617, #1048, #3380, .T. ) ;
#1337 = ORIENTED_EDGE ( 'NONE', *, *, #2342, .T. ) ;
#1338 = CYLINDRICAL_SURFACE ( 'NONE', #3416, 4.599999999999999645 ) ;
#1339 = AXIS2_PLACEMENT_3D ( 'NONE', #454, #3530, #1878 ) ;
#1340 = CARTESIAN_POINT ( 'NONE',  ( 2.999999999999999556, 5.999999999999998224, -113.0000000000000000 ) ) ;
#1341 = CALENDAR_DATE ( 2019, 12, 12 ) ;
#1342 = ORIENTED_EDGE ( 'NONE', *, *, #1119, .T. ) ;
#1343 = CARTESIAN_POINT ( 'NONE',  ( 124.0000000000178062, 5.021916647178264803, -3.255479161794568199 ) ) ;
#1344 = CARTESIAN_POINT ( 'NONE',  ( 4.806108849393731397, 4.008842861441621608, -102.0387114605139942 ) ) ;
#1345 = DIRECTION ( 'NONE',  ( 0.0000000000000000000, 0.0000000000000000000, -1.000000000000000000 ) ) ;
#1346 = ORIENTED_EDGE ( 'NONE', *, *, #3396, .T. ) ;
#1347 = CARTESIAN_POINT ( 'NONE',  ( 119.0000000000000000, 26.00000000000000000, -116.0000000000000000 ) ) ;
#1348 = DIRECTION ( 'NONE',  ( 0.0000000000000000000, -1.000000000000000000, 0.0000000000000000000 ) ) ;
#1349 = LINE ( 'NONE', #2207, #954 ) ;
#1350 = LINE ( 'NONE', #557, #2311 ) ;
#1351 = ORIENTED_EDGE ( 'NONE', *, *, #3289, .F. ) ;
#1352 = FACE_OUTER_BOUND ( 'NONE', #2156, .T. ) ;
#1353 = VECTOR ( 'NONE', #795, 1000.000000000000000 ) ;
#1354 = AXIS2_PLACEMENT_3D ( 'NONE', #3438, #100, #1789 ) ;
#1355 = CARTESIAN_POINT ( 'NONE',  ( 8.000000000000012434, 26.00000000000000000, -7.999999999999992895 ) ) ;
#1356 = CARTESIAN_POINT ( 'NONE',  ( 4.000000000000000000, 54.00000000000000711, -4.000000000000000000 ) ) ;
#1357 = CARTESIAN_POINT ( 'NONE',  ( 4.759157292182411680, 4.014009264541043009, -102.1297787096868035 ) ) ;
#1358 = CARTESIAN_POINT ( 'NONE',  ( 3.000000000000000000, 7.000000000000025757, -10.99999999999999645 ) ) ;
#1359 = ORIENTED_EDGE ( 'NONE', *, *, #1729, .F. ) ;
#1360 = VERTEX_POINT ( 'NONE', #3121 ) ;
#1361 = EDGE_CURVE ( 'NONE', #927, #2213, #2051, .T. ) ;
#1362 = ORIENTED_EDGE ( 'NONE', *, *, #61, .T. ) ;
#1363 = ORIENTED_EDGE ( 'NONE', *, *, #615, .T. ) ;
#1364 = PLANE ( 'NONE',  #336 ) ;
#1365 = ORIENTED_EDGE ( 'NONE', *, *, #3472, .F. ) ;
#1366 = DIRECTION ( 'NONE',  ( 0.0000000000000000000, 0.0000000000000000000, -1.000000000000000000 ) ) ;
#1367 = ORIENTED_EDGE ( 'NONE', *, *, #437, .F. ) ;
#1368 = EDGE_CURVE ( 'NONE', #726, #817, #1261, .T. ) ;
#1369 = CARTESIAN_POINT ( 'NONE',  ( 128.0000000000000000, 54.00000000000000711, -4.000000000000000000 ) ) ;
#1370 = DIRECTION ( 'NONE',  ( -0.0000000000000000000, 1.000000000000000000, 0.0000000000000000000 ) ) ;
#1371 = CARTESIAN_POINT ( 'NONE',  ( 50.00000000000000000, 42.00000000000000000, -58.00000000000000711 ) ) ;
#1372 = ORIENTED_EDGE ( 'NONE', *, *, #990, .T. ) ;
#1373 = AXIS2_PLACEMENT_3D ( 'NONE', #2879, #2888, #3180 ) ;
#1374 = PLANE ( 'NONE',  #2461 ) ;
#1375 = LINE ( 'NONE', #1865, #2499 ) ;
#1376 = CARTESIAN_POINT ( 'NONE',  ( 4.000000000000000000, 4.000000000000000000, 0.0000000000000000000 ) ) ;
#1377 = ORIENTED_EDGE ( 'NONE', *, *, #1175, .F. ) ;
#1378 = ORIENTED_EDGE ( 'NONE', *, *, #2201, .F. ) ;
#1379 = ADVANCED_FACE ( 'NONE', ( #1572 ), #2808, .F. ) ;
#1380 = DIRECTION ( 'NONE',  ( 0.0000000000000000000, -1.000000000000000000, 0.0000000000000000000 ) ) ;
#1381 = LINE ( 'NONE', #727, #1818 ) ;
#1382 = EDGE_LOOP ( 'NONE', ( #2611, #928, #297, #1399 ) ) ;
#1383 = DIRECTION ( 'NONE',  ( 0.0000000000000000000, 0.0000000000000000000, -1.000000000000000000 ) ) ;
#1384 = CARTESIAN_POINT ( 'NONE',  ( 5.974462154108146628, 4.770254875814766038, -3.384758120390898295 ) ) ;
#1385 = FACE_OUTER_BOUND ( 'NONE', #1870, .T. ) ;
#1386 = EDGE_CURVE ( 'NONE', #856, #3452, #383, .T. ) ;
#1387 = VERTEX_POINT ( 'NONE', #2299 ) ;
#1388 = DIRECTION ( 'NONE',  ( 0.0000000000000000000, -1.000000000000000000, 0.0000000000000000000 ) ) ;
#1389 = CIRCLE ( 'NONE', #2912, 3.000000000000000888 ) ;
#1390 = ORIENTED_EDGE ( 'NONE', *, *, #2948, .T. ) ;
#1391 = EDGE_CURVE ( 'NONE', #2325, #2694, #200, .T. ) ;
#1392 = LINE ( 'NONE', #2937, #2568 ) ;
#1393 = DIRECTION ( 'NONE',  ( 1.000000000000000000, 0.0000000000000000000, -1.222191539892750677E-16 ) ) ;
#1394 = VERTEX_POINT ( 'NONE', #14 ) ;
#1395 = DIRECTION ( 'NONE',  ( -1.000000000000000000, -0.0000000000000000000, 0.0000000000000000000 ) ) ;
#1396 = CYLINDRICAL_SURFACE ( 'NONE', #1339, 2.999999999999999112 ) ;
#1397 = FACE_OUTER_BOUND ( 'NONE', #919, .T. ) ;
#1398 = DIRECTION ( 'NONE',  ( 0.0000000000000000000, 1.000000000000000000, 0.0000000000000000000 ) ) ;
#1399 = ORIENTED_EDGE ( 'NONE', *, *, #3576, .T. ) ;
#1400 = ADVANCED_FACE ( 'NONE', ( #1691, #2099 ), #27, .T. ) ;
#1401 = AXIS2_PLACEMENT_3D ( 'NONE', #1837, #1601, #2151 ) ;
#1402 = ORIENTED_EDGE ( 'NONE', *, *, #1104, .T. ) ;
#1403 = CARTESIAN_POINT ( 'NONE',  ( 14.32455532033677592, 4.000000000000000000, -5.000000000000000000 ) ) ;
#1404 = VERTEX_POINT ( 'NONE', #1711 ) ;
#1405 = EDGE_CURVE ( 'NONE', #3483, #1840, #3084, .T. ) ;
#1406 = DIRECTION ( 'NONE',  ( -1.000000000000000000, 0.0000000000000000000, 0.0000000000000000000 ) ) ;
#1407 = CARTESIAN_POINT ( 'NONE',  ( 132.0000000000000000, 38.00000000000000000, -103.0000000000000000 ) ) ;
#1408 = EDGE_LOOP ( 'NONE', ( #832, #1220 ) ) ;
#1409 = EDGE_LOOP ( 'NONE', ( #2715, #1430, #225, #858 ) ) ;
#1410 = ORIENTED_EDGE ( 'NONE', *, *, #3449, .F. ) ;
#1411 = EDGE_CURVE ( 'NONE', #1942, #2676, #287, .T. ) ;
#1412 = DIRECTION ( 'NONE',  ( 0.0000000000000000000, 0.0000000000000000000, 1.000000000000000000 ) ) ;
#1413 = ORIENTED_EDGE ( 'NONE', *, *, #204, .T. ) ;
#1414 = DIRECTION ( 'NONE',  ( 1.000000000000000000, 0.0000000000000000000, 0.0000000000000000000 ) ) ;
#1415 = ADVANCED_FACE ( 'NONE', ( #2350 ), #2259, .F. ) ;
#1416 = CARTESIAN_POINT ( 'NONE',  ( 129.0000000000000000, 26.00000000000000000, -19.00000000000000000 ) ) ;
#1417 = AXIS2_PLACEMENT_3D ( 'NONE', #2623, #938, #121 ) ;
#1418 = ORIENTED_EDGE ( 'NONE', *, *, #28, .T. ) ;
#1419 = CARTESIAN_POINT ( 'NONE',  ( 4.999999999999999112, 6.000000000000000000, -111.0000000000000000 ) ) ;
#1420 = DIRECTION ( 'NONE',  ( 1.000000000000000000, 0.0000000000000000000, -0.0000000000000000000 ) ) ;
#1421 = DIRECTION ( 'NONE',  ( 0.0000000000000000000, 1.000000000000000000, -1.734723475976807341E-16 ) ) ;
#1422 = ORIENTED_EDGE ( 'NONE', *, *, #180, .T. ) ;
#1423 = FACE_BOUND ( 'NONE', #1239, .T. ) ;
#1424 = AXIS2_PLACEMENT_3D ( 'NONE', #2503, #3091, #553 ) ;
#1425 = CARTESIAN_POINT ( 'NONE',  ( 8.000000000000000000, 6.999999999999999112, -108.0000000000000000 ) ) ;
#1426 = FACE_BOUND ( 'NONE', #1892, .T. ) ;
#1427 = CARTESIAN_POINT ( 'NONE',  ( 21.99999999999999289, 26.00000000000000000, -133.0000000000000000 ) ) ;
#1428 = EDGE_CURVE ( 'NONE', #329, #2414, #73, .T. ) ;
#1429 = CIRCLE ( 'NONE', #1725, 4.599999999999992539 ) ;
#1430 = ORIENTED_EDGE ( 'NONE', *, *, #1597, .T. ) ;
#1431 = CARTESIAN_POINT ( 'NONE',  ( 0.0000000000000000000, 4.000000000000000000, -112.0000000000000000 ) ) ;
#1432 = EDGE_CURVE ( 'NONE', #1048, #2162, #2222, .T. ) ;
#1433 = DIRECTION ( 'NONE',  ( 1.000000000000000000, 0.0000000000000000000, -1.222191539892750677E-16 ) ) ;
#1434 = ORIENTED_EDGE ( 'NONE', *, *, #1219, .F. ) ;
#1435 = ADVANCED_FACE ( 'NONE', ( #820 ), #861, .F. ) ;
#1436 = CIRCLE ( 'NONE', #20, 3.999999999999993339 ) ;
#1437 = CARTESIAN_POINT ( 'NONE',  ( 24.99999999999998934, 40.99999999999999289, 0.0000000000000000000 ) ) ;
#1438 = DIRECTION ( 'NONE',  ( -0.0000000000000000000, -0.0000000000000000000, 1.000000000000000000 ) ) ;
#1439 = CIRCLE ( 'NONE', #2230, 3.000000000000002665 ) ;
#1440 = EDGE_LOOP ( 'NONE', ( #1757, #2796, #310, #78 ) ) ;
#1441 = CIRCLE ( 'NONE', #1514, 4.599999999999999645 ) ;
#1442 = LINE ( 'NONE', #2892, #509 ) ;
#1443 = PERSON ( 'UNSPECIFIED', 'UNSPECIFIED', 'UNSPECIFIED', ('UNSPECIFIED'), ('UNSPECIFIED'), ('UNSPECIFIED') ) ;
#1444 = CARTESIAN_POINT ( 'NONE',  ( 127.0000000000000000, 6.000000000000000000, -3.000000000000002665 ) ) ;
#1445 = CARTESIAN_POINT ( 'NONE',  ( 21.99999999999999289, 28.99999999999999645, 0.0000000000000000000 ) ) ;
#1446 = CARTESIAN_POINT ( 'NONE',  ( 128.7382048052167818, 5.010507234517095121, -7.558856017567077146 ) ) ;
#1447 = DIRECTION ( 'NONE',  ( 1.000000000000000000, 0.0000000000000000000, 0.0000000000000000000 ) ) ;
#1448 = AXIS2_PLACEMENT_3D ( 'NONE', #273, #1640, #1687 ) ;
#1449 = CARTESIAN_POINT ( 'NONE',  ( 124.0000000000000284, 6.999999999999999112, -1.000000000000000888 ) ) ;
#1450 = ORIENTED_EDGE ( 'NONE', *, *, #1967, .T. ) ;
#1451 = CARTESIAN_POINT ( 'NONE',  ( 24.99999999999998934, 37.99999999999999289, -133.0000000000000000 ) ) ;
#1452 = CARTESIAN_POINT ( 'NONE',  ( 128.5463947312154858, 4.727556129009895081, -105.7952058142525829 ) ) ;
#1453 = ADVANCED_FACE ( 'NONE', ( #2998, #3585 ), #2765, .T. ) ;
#1454 = CC_DESIGN_PERSON_AND_ORGANIZATION_ASSIGNMENT ( #1665, #1546, ( #2712 ) ) ;
#1455 = VERTEX_POINT ( 'NONE', #1645 ) ;
#1456 = VERTEX_POINT ( 'NONE', #3572 ) ;
#1457 = DIRECTION ( 'NONE',  ( -1.000000000000000000, 0.0000000000000000000, 0.0000000000000000000 ) ) ;
#1458 = ORIENTED_EDGE ( 'NONE', *, *, #1095, .F. ) ;
#1459 = ORIENTED_EDGE ( 'NONE', *, *, #1891, .T. ) ;
#1460 = EDGE_CURVE ( 'NONE', #40, #1620, #3215, .T. ) ;
#1461 = EDGE_LOOP ( 'NONE', ( #110, #753, #1563, #86 ) ) ;
#1462 = DIRECTION ( 'NONE',  ( -0.0000000000000000000, -1.000000000000000000, -0.0000000000000000000 ) ) ;
#1463 = CARTESIAN_POINT ( 'NONE',  ( 4.127022624009979879, 4.193700205455146879, -12.49493064113012331 ) ) ;
#1464 = AXIS2_PLACEMENT_3D ( 'NONE', #2298, #906, #2858 ) ;
#1465 = DIRECTION ( 'NONE',  ( -1.445602896647339656E-16, 0.0000000000000000000, -1.000000000000000000 ) ) ;
#1466 = CIRCLE ( 'NONE', #2843, 7.000000000000006217 ) ;
#1467 = AXIS2_PLACEMENT_3D ( 'NONE', #1371, #3329, #1963 ) ;
#1468 = ADVANCED_FACE ( 'NONE', ( #2476 ), #730, .F. ) ;
#1469 = ORIENTED_EDGE ( 'NONE', *, *, #816, .F. ) ;
#1470 = LINE ( 'NONE', #1821, #2088 ) ;
#1471 = AXIS2_PLACEMENT_3D ( 'NONE', #691, #2061, #1228 ) ;
#1472 = TOROIDAL_SURFACE ( 'NONE', #1819, 7.000000000000000888, 3.000000000000000000 ) ;
#1473 = CARTESIAN_POINT ( 'NONE',  ( 122.0000000000000000, 40.99999999999999289, -133.0000000000000000 ) ) ;
#1474 = CIRCLE ( 'NONE', #2961, 1.450000000000006839 ) ;
#1475 = EDGE_CURVE ( 'NONE', #1494, #1686, #335, .T. ) ;
#1476 = ORIENTED_EDGE ( 'NONE', *, *, #1594, .F. ) ;
#1477 = CARTESIAN_POINT ( 'NONE',  ( 9.397308268637146966, 4.892223330728107555, -3.333506762650756627 ) ) ;
#1478 = CIRCLE ( 'NONE', #1672, 3.999999999999993339 ) ;
#1479 = CIRCLE ( 'NONE', #141, 1.449999999999999956 ) ;
#1480 = EDGE_LOOP ( 'NONE', ( #1751, #507, #770, #883 ) ) ;
#1481 = DIRECTION ( 'NONE',  ( -0.0000000000000000000, -1.000000000000000000, -0.0000000000000000000 ) ) ;
#1482 = LINE ( 'NONE', #208, #1259 ) ;
#1483 = EDGE_CURVE ( 'NONE', #1494, #16, #3298, .T. ) ;
#1484 = VECTOR ( 'NONE', #530, 1000.000000000000000 ) ;
#1485 = CARTESIAN_POINT ( 'NONE',  ( 132.0000000000000000, 34.99999999999999289, -15.99999999999999645 ) ) ;
#1486 = CARTESIAN_POINT ( 'NONE',  ( 3.260640791427870333, 5.012556916466126111, -8.408570065136732552 ) ) ;
#1487 = ORIENTED_EDGE ( 'NONE', *, *, #1166, .F. ) ;
#1488 = ADVANCED_FACE ( 'NONE', ( #3504 ), #1128, .F. ) ;
#1489 = DIRECTION ( 'NONE',  ( 0.0000000000000000000, 1.000000000000000000, 0.0000000000000000000 ) ) ;
#1490 = CARTESIAN_POINT ( 'NONE',  ( 4.999999999999999112, 54.00000000000000711, -113.0000000000000000 ) ) ;
#1491 = AXIS2_PLACEMENT_3D ( 'NONE', #3017, #1084, #2457 ) ;
#1492 = ORIENTED_EDGE ( 'NONE', *, *, #3404, .T. ) ;
#1493 = DIRECTION ( 'NONE',  ( 1.000000000000000000, -0.0000000000000000000, 0.0000000000000000000 ) ) ;
#1494 = VERTEX_POINT ( 'NONE', #2805 ) ;
#1495 = AXIS2_PLACEMENT_3D ( 'NONE', #2928, #1294, #968 ) ;
#1496 = DIRECTION ( 'NONE',  ( -0.0000000000000000000, -1.734723475976807587E-16, -1.000000000000000000 ) ) ;
#1497 = EDGE_LOOP ( 'NONE', ( #3071, #2943 ) ) ;
#1498 = ORIENTED_EDGE ( 'NONE', *, *, #2736, .T. ) ;
#1499 = CARTESIAN_POINT ( 'NONE',  ( 3.000000000000000444, 25.99999999999998934, -105.0000000000000142 ) ) ;
#1500 = ORIENTED_EDGE ( 'NONE', *, *, #3076, .F. ) ;
#1501 = SPHERICAL_SURFACE ( 'NONE', #2394, 4.000000000000000000 ) ;
#1502 = ORIENTED_EDGE ( 'NONE', *, *, #1006, .F. ) ;
#1503 = DIRECTION ( 'NONE',  ( 0.0000000000000000000, 0.0000000000000000000, 1.000000000000000000 ) ) ;
#1504 = EDGE_CURVE ( 'NONE', #202, #127, #1392, .T. ) ;
#1505 = CARTESIAN_POINT ( 'NONE',  ( 0.0000000000000000000, 4.000000000000000000, 0.0000000000000000000 ) ) ;
#1506 = CARTESIAN_POINT ( 'NONE',  ( 127.4674157985892293, 4.053394908414656328, -13.41342411603032403 ) ) ;
#1507 = CARTESIAN_POINT ( 'NONE',  ( 127.0000000000000000, 54.00000000000000711, -113.0000000000000000 ) ) ;
#1508 = DIRECTION ( 'NONE',  ( 0.0000000000000000000, 0.0000000000000000000, 1.000000000000000000 ) ) ;
#1509 = ORIENTED_EDGE ( 'NONE', *, *, #2717, .F. ) ;
#1510 = CYLINDRICAL_SURFACE ( 'NONE', #2534, 3.999999999999989786 ) ;
#1511 = ORIENTED_EDGE ( 'NONE', *, *, #1270, .F. ) ;
#1512 = MECHANICAL_CONTEXT ( 'NONE', #1234, 'mechanical' ) ;
#1513 = CIRCLE ( 'NONE', #686, 3.999999999999989786 ) ;
#1514 = AXIS2_PLACEMENT_3D ( 'NONE', #1999, #2107, #431 ) ;
#1515 = CARTESIAN_POINT ( 'NONE',  ( 127.1591864598145776, 4.494782796811382042, -3.681835509333042378 ) ) ;
#1516 = CARTESIAN_POINT ( 'NONE',  ( 128.7450274632607545, 5.022820170689326069, -8.172601861867615725 ) ) ;
#1517 = CARTESIAN_POINT ( 'NONE',  ( 5.000000000000013323, 6.000000000000000000, -5.000000000000000000 ) ) ;
#1518 = VECTOR ( 'NONE', #834, 1000.000000000000000 ) ;
#1519 = VERTEX_POINT ( 'NONE', #1812 ) ;
#1520 = CARTESIAN_POINT ( 'NONE',  ( 128.0000000000000000, 4.000000000000000000, -4.000000000000000000 ) ) ;
#1521 = VERTEX_POINT ( 'NONE', #977 ) ;
#1522 = CARTESIAN_POINT ( 'NONE',  ( 8.000000000000012434, 6.999999999999999112, -3.999999999999992450 ) ) ;
#1523 = CIRCLE ( 'NONE', #3410, 4.599999999999999645 ) ;
#1524 = CIRCLE ( 'NONE', #402, 4.000000000000000888 ) ;
#1525 = EDGE_CURVE ( 'NONE', #3452, #856, #1479, .T. ) ;
#1526 = FACE_OUTER_BOUND ( 'NONE', #2049, .T. ) ;
#1527 = CARTESIAN_POINT ( 'NONE',  ( 124.0000000000000284, 6.999999999999999112, -7.999999999999992895 ) ) ;
#1528 = CARTESIAN_POINT ( 'NONE',  ( 127.8751156211306608, 4.194635241882870069, -12.48980263863504447 ) ) ;
#1529 = AXIS2_PLACEMENT_3D ( 'NONE', #921, #3471, #2927 ) ;
#1530 = DIRECTION ( 'NONE',  ( 1.000000000000000000, 0.0000000000000000000, -1.222191539892750677E-16 ) ) ;
#1531 = ORIENTED_EDGE ( 'NONE', *, *, #3307, .T. ) ;
#1532 = DIRECTION ( 'NONE',  ( 0.0000000000000000000, 1.000000000000000000, 0.0000000000000000000 ) ) ;
#1533 = AXIS2_PLACEMENT_3D ( 'NONE', #1427, #3125, #923 ) ;
#1534 = ORIENTED_EDGE ( 'NONE', *, *, #397, .F. ) ;
#1535 = ORIENTED_EDGE ( 'NONE', *, *, #1504, .T. ) ;
#1536 = DIRECTION ( 'NONE',  ( 0.0000000000000000000, 0.0000000000000000000, 1.000000000000000000 ) ) ;
#1537 = AXIS2_PLACEMENT_3D ( 'NONE', #2251, #2261, #2822 ) ;
#1538 = VERTEX_POINT ( 'NONE', #2636 ) ;
#1539 = ORIENTED_EDGE ( 'NONE', *, *, #8, .T. ) ;
#1540 = ORIENTED_EDGE ( 'NONE', *, *, #326, .F. ) ;
#1541 = CARTESIAN_POINT ( 'NONE',  ( 10.74615110196835666, 4.594149508303042140, -112.4360584346250960 ) ) ;
#1542 = DIRECTION ( 'NONE',  ( 0.0000000000000000000, -1.000000000000000000, 0.0000000000000000000 ) ) ;
#1543 = EDGE_CURVE ( 'NONE', #179, #17, #1078, .T. ) ;
#1544 = CARTESIAN_POINT ( 'NONE',  ( 3.640120027782340006, 4.533464469860597923, -5.000000000000002665 ) ) ;
#1545 = ORIENTED_EDGE ( 'NONE', *, *, #1993, .F. ) ;
#1546 = PERSON_AND_ORGANIZATION_ROLE ( 'classification_officer' ) ;
#1547 = EDGE_CURVE ( 'NONE', #2110, #3566, #2869, .T. ) ;
#1548 = CARTESIAN_POINT ( 'NONE',  ( 4.389624908529182967, 4.429243338868710467, -112.0902750264480545 ) ) ;
#1549 = DIRECTION ( 'NONE',  ( 0.0000000000000000000, 1.000000000000000000, 0.0000000000000000000 ) ) ;
#1550 = LINE ( 'NONE', #465, #2767 ) ;
#1551 = DIRECTION ( 'NONE',  ( 0.0000000000000000000, 0.0000000000000000000, 1.000000000000000000 ) ) ;
#1552 = ORIENTED_EDGE ( 'NONE', *, *, #346, .F. ) ;
#1553 = CARTESIAN_POINT ( 'NONE',  ( 119.0000000000000000, 28.99999999999999645, 0.0000000000000000000 ) ) ;
#1554 = CYLINDRICAL_SURFACE ( 'NONE', #1238, 2.999999999999999112 ) ;
#1555 = ORIENTED_EDGE ( 'NONE', *, *, #367, .F. ) ;
#1556 = EDGE_CURVE ( 'NONE', #518, #3008, #642, .T. ) ;
#1557 = CARTESIAN_POINT ( 'NONE',  ( 4.389584974229825853, 4.429203662507125827, -3.909639925120032000 ) ) ;
#1558 = LINE ( 'NONE', #3227, #1207 ) ;
#1559 = ORIENTED_EDGE ( 'NONE', *, *, #28, .F. ) ;
#1560 = APPROVAL_STATUS ( 'not_yet_approved' ) ;
#1561 = CARTESIAN_POINT ( 'NONE',  ( 6.972955031244105761, 4.951768142626953306, -112.7035935062856851 ) ) ;
#1562 = CIRCLE ( 'NONE', #2356, 3.000000000000002665 ) ;
#1563 = ORIENTED_EDGE ( 'NONE', *, *, #1836, .F. ) ;
#1564 = LINE ( 'NONE', #2470, #1484 ) ;
#1565 = DIRECTION ( 'NONE',  ( -1.000000000000000000, -0.0000000000000000000, 0.0000000000000000000 ) ) ;
#1566 = VECTOR ( 'NONE', #1496, 1000.000000000000000 ) ;
#1567 = CARTESIAN_POINT ( 'NONE',  ( 24.99999999999998934, 37.99999999999999289, -116.0000000000000000 ) ) ;
#1568 = ORIENTED_EDGE ( 'NONE', *, *, #3529, .F. ) ;
#1569 = CC_DESIGN_DATE_AND_TIME_ASSIGNMENT ( #2191, #142, ( #2712 ) ) ;
#1570 = DIRECTION ( 'NONE',  ( 0.0000000000000000000, -0.0000000000000000000, 1.000000000000000000 ) ) ;
#1571 = CYLINDRICAL_SURFACE ( 'NONE', #277, 2.999999999999999112 ) ;
#1572 = FACE_OUTER_BOUND ( 'NONE', #2993, .T. ) ;
#1573 = ORIENTED_EDGE ( 'NONE', *, *, #2246, .T. ) ;
#1574 = EDGE_CURVE ( 'NONE', #40, #1938, #815, .T. ) ;
#1575 = CARTESIAN_POINT ( 'NONE',  ( 132.0000000000000000, 23.00000000000000000, -102.9999999999999716 ) ) ;
#1576 = CARTESIAN_POINT ( 'NONE',  ( 8.000000000000000000, 4.000000000000000000, -108.0000000000000000 ) ) ;
#1577 = VERTEX_POINT ( 'NONE', #931 ) ;
#1578 = CARTESIAN_POINT ( 'NONE',  ( 125.0270449687615155, 4.951768142626222335, -3.296406493714746588 ) ) ;
#1579 = EDGE_CURVE ( 'NONE', #736, #2405, #420, .T. ) ;
#1580 = VERTEX_POINT ( 'NONE', #2602 ) ;
#1581 = DIRECTION ( 'NONE',  ( -1.000000000000000000, -0.0000000000000000000, -0.0000000000000000000 ) ) ;
#1582 = CARTESIAN_POINT ( 'NONE',  ( 82.00000000000005684, 38.00000000000000000, -15.99999999999999645 ) ) ;
#1583 = ORIENTED_EDGE ( 'NONE', *, *, #105, .F. ) ;
#1584 = ORIENTED_EDGE ( 'NONE', *, *, #3532, .T. ) ;
#1585 = AXIS2_PLACEMENT_3D ( 'NONE', #3296, #2725, #3018 ) ;
#1586 = ORIENTED_EDGE ( 'NONE', *, *, #1729, .T. ) ;
#1587 = ORIENTED_EDGE ( 'NONE', *, *, #890, .F. ) ;
#1588 = CARTESIAN_POINT ( 'NONE',  ( 124.0000000000000284, 6.999999999999999112, -4.000000000000000888 ) ) ;
#1589 = AXIS2_PLACEMENT_3D ( 'NONE', #2540, #3357, #1698 ) ;
#1590 = DIRECTION ( 'NONE',  ( 0.0000000000000000000, 0.0000000000000000000, 1.000000000000000000 ) ) ;
#1591 = CARTESIAN_POINT ( 'NONE',  ( 24.99999999999998934, 26.00000000000000000, -113.0000000000000000 ) ) ;
#1592 = DIRECTION ( 'NONE',  ( -0.0000000000000000000, -1.000000000000000000, -0.0000000000000000000 ) ) ;
#1593 = CARTESIAN_POINT ( 'NONE',  ( 122.6026917313628957, 4.892223330728098674, -112.6664932373492718 ) ) ;
#1594 = EDGE_CURVE ( 'NONE', #3304, #2371, #1170, .T. ) ;
#1595 = CARTESIAN_POINT ( 'NONE',  ( 122.0000000000000000, 54.00000000000000711, -113.0000000000000000 ) ) ;
#1596 = FACE_BOUND ( 'NONE', #2871, .T. ) ;
#1597 = EDGE_CURVE ( 'NONE', #971, #964, #2654, .T. ) ;
#1598 = CARTESIAN_POINT ( 'NONE',  ( 50.00000000000000000, 42.00000000000000711, -42.60000000000000853 ) ) ;
#1599 = CARTESIAN_POINT ( 'NONE',  ( 117.9250751409923481, 4.003478759934504971, -4.865298570484453577 ) ) ;
#1600 = DIRECTION ( 'NONE',  ( 0.0000000000000000000, 0.0000000000000000000, 1.000000000000000000 ) ) ;
#1601 = DIRECTION ( 'NONE',  ( 1.000000000000000000, 0.0000000000000000000, -1.222191539892750677E-16 ) ) ;
#1602 = LINE ( 'NONE', #1331, #1681 ) ;
#1603 = CARTESIAN_POINT ( 'NONE',  ( 124.0000000000000000, 26.00000000000000000, -108.0000000000000000 ) ) ;
#1604 = CYLINDRICAL_SURFACE ( 'NONE', #342, 4.600000000000006750 ) ;
#1605 = ORIENTED_EDGE ( 'NONE', *, *, #2137, .T. ) ;
#1606 = ORIENTED_EDGE ( 'NONE', *, *, #3513, .F. ) ;
#1607 = CIRCLE ( 'NONE', #3274, 2.000000000000000000 ) ;
#1608 = AXIS2_PLACEMENT_3D ( 'NONE', #163, #3228, #443 ) ;
#1609 = VECTOR ( 'NONE', #2042, 1000.000000000000000 ) ;
#1610 = CARTESIAN_POINT ( 'NONE',  ( 3.437971872734680634, 4.720911157526689550, -110.2286017572887857 ) ) ;
#1611 = FACE_OUTER_BOUND ( 'NONE', #261, .T. ) ;
#1612 = EDGE_CURVE ( 'NONE', #2254, #3459, #3037, .T. ) ;
#1613 = DIRECTION ( 'NONE',  ( 0.0000000000000000000, 1.000000000000000000, -0.0000000000000000000 ) ) ;
#1614 = DIRECTION ( 'NONE',  ( 0.0000000000000000000, 1.000000000000000000, 0.0000000000000000000 ) ) ;
#1615 = EDGE_CURVE ( 'NONE', #3499, #2225, #1740, .T. ) ;
#1616 = DIRECTION ( 'NONE',  ( 0.0000000000000000000, 1.000000000000000000, 0.0000000000000000000 ) ) ;
#1617 = ORIENTED_EDGE ( 'NONE', *, *, #427, .F. ) ;
#1618 = DIRECTION ( 'NONE',  ( -0.0000000000000000000, -1.000000000000000000, -0.0000000000000000000 ) ) ;
#1619 = VERTEX_POINT ( 'NONE', #854 ) ;
#1620 = VERTEX_POINT ( 'NONE', #2807 ) ;
#1621 = CARTESIAN_POINT ( 'NONE',  ( 50.00000000000000000, 42.00000000000000000, -78.00000000000000000 ) ) ;
#1622 = DIRECTION ( 'NONE',  ( -0.0000000000000000000, -1.000000000000000000, -0.0000000000000000000 ) ) ;
#1623 = CARTESIAN_POINT ( 'NONE',  ( 5.000000000000000888, 4.000000000000000000, -101.6754446796632294 ) ) ;
#1624 = DIRECTION ( 'NONE',  ( -1.000000000000000000, -0.0000000000000000000, -0.0000000000000000000 ) ) ;
#1625 = VERTEX_POINT ( 'NONE', #327 ) ;
#1626 = ORIENTED_EDGE ( 'NONE', *, *, #1243, .F. ) ;
#1627 = ORIENTED_EDGE ( 'NONE', *, *, #980, .F. ) ;
#1628 = DIRECTION ( 'NONE',  ( 0.0000000000000000000, -1.000000000000000000, 0.0000000000000000000 ) ) ;
#1629 = DIRECTION ( 'NONE',  ( 0.0000000000000000000, 1.000000000000000000, 0.0000000000000000000 ) ) ;
#1630 = VERTEX_POINT ( 'NONE', #532 ) ;
#1631 = APPROVAL ( #1560, 'UNSPECIFIED' ) ;
#1632 = DIRECTION ( 'NONE',  ( -1.000000000000000000, -0.0000000000000000000, -0.0000000000000000000 ) ) ;
#1633 = DIRECTION ( 'NONE',  ( 0.0000000000000000000, -0.0000000000000000000, -1.000000000000000000 ) ) ;
#1634 = CYLINDRICAL_SURFACE ( 'NONE', #1161, 4.000000000000003553 ) ;
#1635 = EDGE_CURVE ( 'NONE', #1456, #1975, #2306, .T. ) ;
#1636 = FACE_OUTER_BOUND ( 'NONE', #447, .T. ) ;
#1637 = AXIS2_PLACEMENT_3D ( 'NONE', #3450, #1530, #1215 ) ;
#1638 = PLANE ( 'NONE',  #1107 ) ;
#1639 = LINE ( 'NONE', #323, #988 ) ;
#1640 = DIRECTION ( 'NONE',  ( 1.000000000000000000, 0.0000000000000000000, 0.0000000000000000000 ) ) ;
#1641 = CARTESIAN_POINT ( 'NONE',  ( 3.640120027784406798, 4.533464469858668799, -111.0000000000000000 ) ) ;
#1642 = VECTOR ( 'NONE', #776, 1000.000000000000000 ) ;
#1643 = CARTESIAN_POINT ( 'NONE',  ( 122.0000000000000000, 37.99999999999999289, -113.0000000000000000 ) ) ;
#1644 = ORIENTED_EDGE ( 'NONE', *, *, #702, .F. ) ;
#1645 = CARTESIAN_POINT ( 'NONE',  ( 24.99999999999998934, 40.99999999999999289, -116.0000000000000000 ) ) ;
#1646 = CARTESIAN_POINT ( 'NONE',  ( 5.000000000000013323, 6.000000000000000000, -5.000000000000004441 ) ) ;
#1647 = B_SPLINE_CURVE_WITH_KNOTS ( 'NONE', 3,
 ( #1272, #3466, #3445, #3179, #2922, #133, #951, #415, #1515, #2378 ),
 .UNSPECIFIED., .F., .F.,
 ( 4, 2, 2, 2, 4 ),
 ( 5.275955480050202716E-18, 0.0005064967774769886565, 0.001012993554953971892, 0.001519490332430955236, 0.002025987109907938580 ),
 .UNSPECIFIED. ) ;
#1648 = FACE_OUTER_BOUND ( 'NONE', #3059, .T. ) ;
#1649 = VECTOR ( 'NONE', #126, 1000.000000000000000 ) ;
#1650 = AXIS2_PLACEMENT_3D ( 'NONE', #1181, #2583, #3395 ) ;
#1651 = ORIENTED_EDGE ( 'NONE', *, *, #151, .F. ) ;
#1652 = ADVANCED_FACE ( 'NONE', ( #2782 ), #1364, .F. ) ;
#1653 = CYLINDRICAL_SURFACE ( 'NONE', #516, 1.450000000000006839 ) ;
#1654 = VECTOR ( 'NONE', #1790, 1000.000000000000000 ) ;
#1655 = AXIS2_PLACEMENT_3D ( 'NONE', #3216, #2962, #1033 ) ;
#1656 = CARTESIAN_POINT ( 'NONE',  ( 8.000000000000000000, 6.999999999999999112, -108.0000000000000000 ) ) ;
#1657 = EDGE_CURVE ( 'NONE', #1619, #649, #154, .T. ) ;
#1658 = EDGE_LOOP ( 'NONE', ( #3080, #2460, #2933, #3426, #2189 ) ) ;
#1659 = DIRECTION ( 'NONE',  ( 0.0000000000000000000, 0.0000000000000000000, 1.000000000000000000 ) ) ;
#1660 = CARTESIAN_POINT ( 'NONE',  ( 5.000000000000012434, 54.00000000000000711, -3.000000000000000000 ) ) ;
#1661 = ORIENTED_EDGE ( 'NONE', *, *, #397, .T. ) ;
#1662 = DIRECTION ( 'NONE',  ( 0.0000000000000000000, -1.000000000000000000, 0.0000000000000000000 ) ) ;
#1663 = EDGE_CURVE ( 'NONE', #3600, #1538, #3384, .T. ) ;
#1664 = VERTEX_POINT ( 'NONE', #3266 ) ;
#1665 = PERSON_AND_ORGANIZATION ( #1443, #989 ) ;
#1666 = ORIENTED_EDGE ( 'NONE', *, *, #2827, .F. ) ;
#1667 = VERTEX_POINT ( 'NONE', #1071 ) ;
#1668 = DIRECTION ( 'NONE',  ( 0.0000000000000000000, 0.0000000000000000000, -1.000000000000000000 ) ) ;
#1669 = ADVANCED_FACE ( 'NONE', ( #2954 ), #1792, .F. ) ;
#1670 = CARTESIAN_POINT ( 'NONE',  ( 119.0000000000000000, 37.99999999999999289, -116.0000000000000000 ) ) ;
#1671 = CIRCLE ( 'NONE', #442, 4.000000000000000000 ) ;
#1672 = AXIS2_PLACEMENT_3D ( 'NONE', #1807, #2095, #1224 ) ;
#1673 = DIRECTION ( 'NONE',  ( 0.0000000000000000000, 0.0000000000000000000, 1.000000000000000000 ) ) ;
#1674 = CARTESIAN_POINT ( 'NONE',  ( 122.0000000000000000, 40.99999999999999289, 0.0000000000000000000 ) ) ;
#1675 = AXIS2_PLACEMENT_3D ( 'NONE', #2917, #1542, #3218 ) ;
#1676 = DIRECTION ( 'NONE',  ( 0.0000000000000000000, 0.0000000000000000000, 1.000000000000000000 ) ) ;
#1677 = VECTOR ( 'NONE', #63, 1000.000000000000000 ) ;
#1678 = CARTESIAN_POINT ( 'NONE',  ( 124.0000000000000284, 26.00000000000000000, -6.549999999999993605 ) ) ;
#1679 = CARTESIAN_POINT ( 'NONE',  ( 4.999999999999999112, 54.00000000000000711, -111.0000000000000000 ) ) ;
#1680 = DIRECTION ( 'NONE',  ( 1.000000000000000000, -0.0000000000000000000, -0.0000000000000000000 ) ) ;
#1681 = VECTOR ( 'NONE', #1885, 1000.000000000000000 ) ;
#1682 = CARTESIAN_POINT ( 'NONE',  ( 119.0000000000000000, 37.99999999999999289, 0.0000000000000000000 ) ) ;
#1683 = EDGE_CURVE ( 'NONE', #3483, #2414, #2216, .T. ) ;
#1684 = ADVANCED_FACE ( 'NONE', ( #2570 ), #2395, .F. ) ;
#1685 = LOCAL_TIME ( 16, 22, 53.00000000000000000, #379 ) ;
#1686 = VERTEX_POINT ( 'NONE', #2996 ) ;
#1687 = DIRECTION ( 'NONE',  ( 0.0000000000000000000, 0.0000000000000000000, -1.000000000000000000 ) ) ;
#1688 = ORIENTED_EDGE ( 'NONE', *, *, #3444, .F. ) ;
#1689 = PLANE ( 'NONE',  #1424 ) ;
#1690 = VECTOR ( 'NONE', #757, 1000.000000000000000 ) ;
#1691 = FACE_OUTER_BOUND ( 'NONE', #1497, .T. ) ;
#1692 = DIRECTION ( 'NONE',  ( -1.000000000000000000, -0.0000000000000000000, -0.0000000000000000000 ) ) ;
#1693 = CIRCLE ( 'NONE', #2329, 2.000000000000001776 ) ;
#1694 = AXIS2_PLACEMENT_3D ( 'NONE', #2380, #715, #2675 ) ;
#1695 = CARTESIAN_POINT ( 'NONE',  ( 7.999999999982232879, 5.021916647178262139, -112.7445208382054318 ) ) ;
#1696 = CARTESIAN_POINT ( 'NONE',  ( 21.99999999999999289, 37.99999999999999289, 0.0000000000000000000 ) ) ;
#1697 = ADVANCED_FACE ( 'NONE', ( #1526 ), #1653, .F. ) ;
#1698 = DIRECTION ( 'NONE',  ( 0.0000000000000000000, 0.0000000000000000000, 1.000000000000000000 ) ) ;
#1699 = ORIENTED_EDGE ( 'NONE', *, *, #615, .F. ) ;
#1700 = ADVANCED_FACE ( 'NONE', ( #70 ), #1743, .T. ) ;
#1701 = ORIENTED_EDGE ( 'NONE', *, *, #84, .T. ) ;
#1702 = EDGE_CURVE ( 'NONE', #1966, #845, #560, .T. ) ;
#1703 = DIRECTION ( 'NONE',  ( 1.000000000000000000, 0.0000000000000000000, -1.222191539892750677E-16 ) ) ;
#1704 = ORIENTED_EDGE ( 'NONE', *, *, #1937, .F. ) ;
#1705 = CARTESIAN_POINT ( 'NONE',  ( 8.000000000000000000, 6.999999999999999112, -100.9999999999999858 ) ) ;
#1706 = CARTESIAN_POINT ( 'NONE',  ( 124.0000000000000284, 4.000000000000000000, -9.449999999999993960 ) ) ;
#1707 = CALENDAR_DATE ( 2019, 12, 12 ) ;
#1708 = ORIENTED_EDGE ( 'NONE', *, *, #2158, .F. ) ;
#1709 = CARTESIAN_POINT ( 'NONE',  ( 128.7444970106940332, 5.021874148160173412, -108.2072688232269542 ) ) ;
#1710 = EDGE_CURVE ( 'NONE', #1667, #2430, #3219, .T. ) ;
#1711 = CARTESIAN_POINT ( 'NONE',  ( 128.0000000000000000, 54.00000000000000711, 0.0000000000000000000 ) ) ;
#1712 = EDGE_LOOP ( 'NONE', ( #1535, #248, #1617, #1928 ) ) ;
#1713 = B_SPLINE_CURVE_WITH_KNOTS ( 'NONE', 3,
 ( #1343, #463, #3247, #739, #474, #1864, #1031, #1314, #3554, #1906, #762, #1599, #2147, #450 ),
 .UNSPECIFIED., .F., .F.,
 ( 4, 2, 2, 2, 2, 2, 4 ),
 ( 0.003065498353655442439, 0.004750408416736222154, 0.006435318479817001003, 0.008120228542897780719, 0.008962683574438169709, 0.009383911090208365072, 0.009805138605978558700 ),
 .UNSPECIFIED. ) ;
#1714 = DIRECTION ( 'NONE',  ( -1.000000000000000000, 0.0000000000000000000, 0.0000000000000000000 ) ) ;
#1715 = AXIS2_PLACEMENT_3D ( 'NONE', #186, #444, #2406 ) ;
#1716 = ADVANCED_FACE ( 'NONE', ( #1832 ), #118, .F. ) ;
#1717 = ORIENTED_EDGE ( 'NONE', *, *, #3156, .F. ) ;
#1718 = ORIENTED_EDGE ( 'NONE', *, *, #2744, .F. ) ;
#1719 = DIRECTION ( 'NONE',  ( -1.000000000000000000, 0.0000000000000000000, 0.0000000000000000000 ) ) ;
#1720 = DIRECTION ( 'NONE',  ( 0.0000000000000000000, 1.000000000000000000, 0.0000000000000000000 ) ) ;
#1721 = DIRECTION ( 'NONE',  ( 0.0000000000000000000, -3.469446951953613696E-16, -1.000000000000000000 ) ) ;
#1722 = ADVANCED_FACE ( 'NONE', ( #2478 ), #3433, .F. ) ;
#1723 = CARTESIAN_POINT ( 'NONE',  ( 3.291326221954397724, 4.959763911953826820, -9.016166924693191476 ) ) ;
#1724 = FACE_OUTER_BOUND ( 'NONE', #1409, .T. ) ;
#1725 = AXIS2_PLACEMENT_3D ( 'NONE', #2492, #846, #3592 ) ;
#1726 = ORIENTED_EDGE ( 'NONE', *, *, #319, .F. ) ;
#1727 = ORIENTED_EDGE ( 'NONE', *, *, #3529, .T. ) ;
#1728 = CIRCLE ( 'NONE', #2421, 2.000000000000001776 ) ;
#1729 = EDGE_CURVE ( 'NONE', #347, #1394, #1081, .T. ) ;
#1730 = CARTESIAN_POINT ( 'NONE',  ( 10.74259165850597597, 4.595019650774425202, -3.563003851045720705 ) ) ;
#1731 = CARTESIAN_POINT ( 'NONE',  ( 122.0000000000000000, 28.99999999999999645, 0.0000000000000000000 ) ) ;
#1732 = LINE ( 'NONE', #2150, #3420 ) ;
#1733 = DIRECTION ( 'NONE',  ( 0.0000000000000000000, 0.0000000000000000000, -1.000000000000000000 ) ) ;
#1734 = EDGE_CURVE ( 'NONE', #2509, #439, #3300, .T. ) ;
#1735 = PLANE ( 'NONE',  #79 ) ;
#1736 = CYLINDRICAL_SURFACE ( 'NONE', #976, 4.600000000000006750 ) ;
#1737 = ORIENTED_EDGE ( 'NONE', *, *, #2878, .F. ) ;
#1738 = VECTOR ( 'NONE', #1628, 1000.000000000000000 ) ;
#1739 = CARTESIAN_POINT ( 'NONE',  ( 127.1939521486434899, 4.008849025534493293, -102.0388291970316317 ) ) ;
#1740 = LINE ( 'NONE', #2523, #1649 ) ;
#1741 = ADVANCED_FACE ( 'NONE', ( #910 ), #2197, .F. ) ;
#1742 = ORIENTED_EDGE ( 'NONE', *, *, #913, .F. ) ;
#1743 = SPHERICAL_SURFACE ( 'NONE', #899, 4.000000000000000000 ) ;
#1744 = FACE_OUTER_BOUND ( 'NONE', #3287, .T. ) ;
#1745 = DIRECTION ( 'NONE',  ( 1.000000000000000000, 0.0000000000000000000, 0.0000000000000000000 ) ) ;
#1746 = AXIS2_PLACEMENT_3D ( 'NONE', #839, #1406, #1 ) ;
#1747 = B_SPLINE_CURVE_WITH_KNOTS ( 'NONE', 3,
 ( #2495, #3317, #1384, #2474 ),
 .UNSPECIFIED., .F., .F.,
 ( 4, 4 ),
 ( 0.006683682598557116883, 0.009774133583641139711 ),
 .UNSPECIFIED. ) ;
#1748 = ORIENTED_EDGE ( 'NONE', *, *, #2647, .T. ) ;
#1749 = DIRECTION ( 'NONE',  ( 0.0000000000000000000, -0.0000000000000000000, -1.000000000000000000 ) ) ;
#1750 = AXIS2_PLACEMENT_3D ( 'NONE', #3132, #3446, #2600 ) ;
#1751 = ORIENTED_EDGE ( 'NONE', *, *, #2697, .T. ) ;
#1752 = CARTESIAN_POINT ( 'NONE',  ( 4.621201156042512359, 4.034002812278638217, -13.59687268315049735 ) ) ;
#1753 = DIRECTION ( 'NONE',  ( 0.0000000000000000000, -1.000000000000000000, 0.0000000000000000000 ) ) ;
#1754 = ORIENTED_EDGE ( 'NONE', *, *, #1547, .T. ) ;
#1755 = CARTESIAN_POINT ( 'NONE',  ( 122.0000000000000000, 40.99999999999999289, -133.0000000000000000 ) ) ;
#1756 = DIRECTION ( 'NONE',  ( 0.0000000000000000000, 0.0000000000000000000, -1.000000000000000000 ) ) ;
#1757 = ORIENTED_EDGE ( 'NONE', *, *, #1428, .F. ) ;
#1758 = ADVANCED_FACE ( 'NONE', ( #338 ), #3006, .F. ) ;
#1759 = EDGE_CURVE ( 'NONE', #1100, #2249, #959, .T. ) ;
#1760 = VERTEX_POINT ( 'NONE', #801 ) ;
#1761 = CARTESIAN_POINT ( 'NONE',  ( 8.000000000000000000, 26.00000000000000000, -106.5499999999999972 ) ) ;
#1762 = VECTOR ( 'NONE', #2695, 1000.000000000000000 ) ;
#1763 = DIRECTION ( 'NONE',  ( 0.0000000000000000000, 0.0000000000000000000, -1.000000000000000000 ) ) ;
#1764 = CARTESIAN_POINT ( 'NONE',  ( 3.855033324179139242, 4.352620335799023188, -11.74695237880425935 ) ) ;
#1765 = DIRECTION ( 'NONE',  ( 0.0000000000000000000, 0.0000000000000000000, -1.000000000000000000 ) ) ;
#1766 = DIRECTION ( 'NONE',  ( -1.000000000000000000, -0.0000000000000000000, -0.0000000000000000000 ) ) ;
#1767 = PLANE ( 'NONE',  #758 ) ;
#1768 = LINE ( 'NONE', #1919, #1019 ) ;
#1769 = AXIS2_PLACEMENT_3D ( 'NONE', #187, #1348, #1318 ) ;
#1770 = ORIENTED_EDGE ( 'NONE', *, *, #3472, .T. ) ;
#1771 = DIRECTION ( 'NONE',  ( -0.0000000000000000000, -1.000000000000000000, -0.0000000000000000000 ) ) ;
#1772 = CYLINDRICAL_SURFACE ( 'NONE', #308, 1.450000000000006839 ) ;
#1773 = ORIENTED_EDGE ( 'NONE', *, *, #176, .F. ) ;
#1774 = DIRECTION ( 'NONE',  ( -1.000000000000000000, 0.0000000000000000000, 0.0000000000000000000 ) ) ;
#1775 = DIRECTION ( 'NONE',  ( -2.065146995210484695E-17, 0.0000000000000000000, -1.000000000000000000 ) ) ;
#1776 = CARTESIAN_POINT ( 'NONE',  ( 14.32455532033675993, 4.000000000000000000, -111.0000000000000000 ) ) ;
#1777 = CIRCLE ( 'NONE', #2838, 2.999999999999999112 ) ;
#1778 = ADVANCED_FACE ( 'NONE', ( #2742 ), #1040, .F. ) ;
#1779 = EDGE_LOOP ( 'NONE', ( #2146, #2388, #1074, #3481 ) ) ;
#1780 = LINE ( 'NONE', #538, #1123 ) ;
#1781 = EDGE_CURVE ( 'NONE', #731, #972, #3546, .T. ) ;
#1782 = EDGE_LOOP ( 'NONE', ( #567, #2956 ) ) ;
#1783 = ORIENTED_EDGE ( 'NONE', *, *, #3007, .F. ) ;
#1784 = DIRECTION ( 'NONE',  ( -0.0000000000000000000, -1.000000000000000000, -0.0000000000000000000 ) ) ;
#1785 = FACE_OUTER_BOUND ( 'NONE', #2608, .T. ) ;
#1786 = DIRECTION ( 'NONE',  ( -1.000000000000000000, -0.0000000000000000000, -0.0000000000000000000 ) ) ;
#1787 = EDGE_CURVE ( 'NONE', #902, #1125, #685, .T. ) ;
#1788 = CIRCLE ( 'NONE', #3338, 7.000000000000000888 ) ;
#1789 = DIRECTION ( 'NONE',  ( -1.000000000000000000, 0.0000000000000000000, -0.0000000000000000000 ) ) ;
#1790 = DIRECTION ( 'NONE',  ( -1.000000000000000000, 0.0000000000000000000, 0.0000000000000000000 ) ) ;
#1791 = CARTESIAN_POINT ( 'NONE',  ( 13.07112381573243098, 4.097134689468004964, -111.6265118570631358 ) ) ;
#1792 = CYLINDRICAL_SURFACE ( 'NONE', #1585, 3.000000000000002665 ) ;
#1793 = AXIS2_PLACEMENT_3D ( 'NONE', #998, #1028, #2432 ) ;
#1794 = CARTESIAN_POINT ( 'NONE',  ( 4.682169985725989747, 4.466324286366968543, -112.2551321689413442 ) ) ;
#1795 = DIRECTION ( 'NONE',  ( -0.0000000000000000000, 1.000000000000000000, -0.0000000000000000000 ) ) ;
#1796 = ORIENTED_EDGE ( 'NONE', *, *, #2827, .T. ) ;
#1797 = AXIS2_PLACEMENT_3D ( 'NONE', #2790, #1714, #3358 ) ;
#1798 = DIRECTION ( 'NONE',  ( 0.0000000000000000000, 0.0000000000000000000, -1.000000000000000000 ) ) ;
#1799 = DIRECTION ( 'NONE',  ( -0.0000000000000000000, -0.0000000000000000000, -1.000000000000000000 ) ) ;
#1800 = ORIENTED_EDGE ( 'NONE', *, *, #2157, .F. ) ;
#1801 = VERTEX_POINT ( 'NONE', #1935 ) ;
#1802 = CARTESIAN_POINT ( 'NONE',  ( 7.999999999982232879, 5.021916647178262139, -112.7445208382054318 ) ) ;
#1803 = LINE ( 'NONE', #2439, #1762 ) ;
#1804 = ORIENTED_EDGE ( 'NONE', *, *, #410, .T. ) ;
#1805 = ORIENTED_EDGE ( 'NONE', *, *, #2756, .F. ) ;
#1806 = EDGE_CURVE ( 'NONE', #1887, #1577, #1693, .T. ) ;
#1807 = CARTESIAN_POINT ( 'NONE',  ( 124.0000000000000284, 6.999999999999999112, -7.999999999999992895 ) ) ;
#1808 = CARTESIAN_POINT ( 'NONE',  ( 50.00000000000000000, 42.00000000000000000, -18.00000000000000355 ) ) ;
#1809 = ORIENTED_EDGE ( 'NONE', *, *, #3553, .T. ) ;
#1810 = CARTESIAN_POINT ( 'NONE',  ( 128.7104555429987442, 4.962736372226841830, -8.997116717540009745 ) ) ;
#1811 = ORIENTED_EDGE ( 'NONE', *, *, #292, .T. ) ;
#1812 = CARTESIAN_POINT ( 'NONE',  ( 124.0000000000000000, 6.999999999999999112, -104.0000000000000142 ) ) ;
#1813 = CARTESIAN_POINT ( 'NONE',  ( 24.99999999999998934, 26.00000000000000000, -113.0000000000000000 ) ) ;
#1814 = CARTESIAN_POINT ( 'NONE',  ( 8.000000000000000000, 26.00000000000000000, -108.0000000000000000 ) ) ;
#1815 = FACE_OUTER_BOUND ( 'NONE', #2678, .T. ) ;
#1816 = ORIENTED_EDGE ( 'NONE', *, *, #3487, .F. ) ;
#1817 = ORIENTED_EDGE ( 'NONE', *, *, #990, .F. ) ;
#1818 = VECTOR ( 'NONE', #2910, 1000.000000000000000 ) ;
#1819 = AXIS2_PLACEMENT_3D ( 'NONE', #1854, #1291, #2393 ) ;
#1820 = CARTESIAN_POINT ( 'NONE',  ( 122.0000000000000000, 28.99999999999999645, -113.0000000000000000 ) ) ;
#1821 = CARTESIAN_POINT ( 'NONE',  ( 129.0000000000000000, 23.00000000000000000, -103.0000000000000000 ) ) ;
#1822 = DIRECTION ( 'NONE',  ( -1.000000000000000000, 0.0000000000000000000, -0.0000000000000000000 ) ) ;
#1823 = CIRCLE ( 'NONE', #2614, 6.999999999999992006 ) ;
#1824 = VERTEX_POINT ( 'NONE', #2 ) ;
#1825 = APPROVAL ( #670, 'UNSPECIFIED' ) ;
#1826 = DIRECTION ( 'NONE',  ( -1.445602896647339656E-16, 0.0000000000000000000, -1.000000000000000000 ) ) ;
#1827 = CLOSED_SHELL ( 'NONE', ( #2252, #3387, #2056, #3090, #578, #872, #823, #602, #25, #3053, #2819, #2835, #3598, #1209, #565, #1991, #2870, #637, #2524, #1415, #3355, #80, #1959, #3103, #2581, #2324, #3085, #2263, #3032, #915, #842, #250, #654, #2598, #1778, #3319, #3335, #60, #2012, #2538, #859, #5, #3365, #3123, #318, #2885, #2288, #1700, #1939, #2762, #1918, #1120, #3143, #2033, #361, #2801, #1722, #1741, #1151, #3407, #3108, #1379, #2269, #1171, #1141, #2237, #303, #879, #2487, #1978, #1468, #3579, #3424, #2784, #582, #1669, #1150, #43, #935, #2813, #892, #2219, #1400, #1697, #1758, #2558, #263, #1716, #1652, #2502, #1453, #2542, #345, #1102, #2307, #1193, #619, #3368, #1684, #526, #1435, #300, #1488, #546, #3068, #1995, #2850, #3158, #283 ) ) ;
#1828 = LINE ( 'NONE', #2129, #1076 ) ;
#1829 = VECTOR ( 'NONE', #2314, 1000.000000000000000 ) ;
#1830 = EDGE_CURVE ( 'NONE', #3459, #1686, #997, .T. ) ;
#1831 = ORIENTED_EDGE ( 'NONE', *, *, #1657, .F. ) ;
#1832 = FACE_OUTER_BOUND ( 'NONE', #1010, .T. ) ;
#1833 = DIRECTION ( 'NONE',  ( -1.000000000000000000, -0.0000000000000000000, -0.0000000000000000000 ) ) ;
#1834 = CYLINDRICAL_SURFACE ( 'NONE', #2351, 3.000000000000002665 ) ;
#1835 = DIRECTION ( 'NONE',  ( 0.0000000000000000000, 1.000000000000000000, 0.0000000000000000000 ) ) ;
#1836 = EDGE_CURVE ( 'NONE', #964, #3349, #2619, .T. ) ;
#1837 = CARTESIAN_POINT ( 'NONE',  ( 3.000000000000002665, 41.99999999999999289, -98.00000000000000000 ) ) ;
#1838 = DIRECTION ( 'NONE',  ( -1.000000000000000000, 0.0000000000000000000, 0.0000000000000000000 ) ) ;
#1839 = CARTESIAN_POINT ( 'NONE',  ( 0.0000000000000000000, 54.00000000000000711, 0.0000000000000000000 ) ) ;
#1840 = VERTEX_POINT ( 'NONE', #1086 ) ;
#1841 = AXIS2_PLACEMENT_3D ( 'NONE', #2904, #1532, #139 ) ;
#1842 = ORIENTED_EDGE ( 'NONE', *, *, #2541, .T. ) ;
#1843 = AXIS2_PLACEMENT_3D ( 'NONE', #668, #1262, #3469 ) ;
#1844 = VERTEX_POINT ( 'NONE', #1924 ) ;
#1845 = DIRECTION ( 'NONE',  ( 0.0000000000000000000, 0.0000000000000000000, 1.000000000000000000 ) ) ;
#1846 = ORIENTED_EDGE ( 'NONE', *, *, #980, .T. ) ;
#1847 = CARTESIAN_POINT ( 'NONE',  ( 124.0000000000000284, 26.00000000000000000, -9.449999999999993960 ) ) ;
#1848 = FACE_OUTER_BOUND ( 'NONE', #1779, .T. ) ;
#1849 = EDGE_CURVE ( 'NONE', #3437, #3349, #1223, .T. ) ;
#1850 = EDGE_CURVE ( 'NONE', #3349, #927, #508, .T. ) ;
#1851 = CARTESIAN_POINT ( 'NONE',  ( 3.640120027782340006, 4.533464469860597923, -5.000000000000002665 ) ) ;
#1852 = DIRECTION ( 'NONE',  ( 1.000000000000000000, -0.0000000000000000000, -0.0000000000000000000 ) ) ;
#1853 = LINE ( 'NONE', #2973, #1110 ) ;
#1854 = CARTESIAN_POINT ( 'NONE',  ( 8.000000000000012434, 6.999999999999999112, -7.999999999999992895 ) ) ;
#1855 = ORIENTED_EDGE ( 'NONE', *, *, #2408, .T. ) ;
#1856 = CARTESIAN_POINT ( 'NONE',  ( 124.0000000000000000, 26.00000000000000000, -104.0000000000000142 ) ) ;
#1857 = DATE_AND_TIME ( #1341, #1685 ) ;
#1858 = ORIENTED_EDGE ( 'NONE', *, *, #2990, .T. ) ;
#1859 = AXIS2_PLACEMENT_3D ( 'NONE', #266, #1108, #3327 ) ;
#1860 = CIRCLE ( 'NONE', #2238, 2.000000000000000000 ) ;
#1861 = ORIENTED_EDGE ( 'NONE', *, *, #1615, .F. ) ;
#1862 = DIRECTION ( 'NONE',  ( 0.0000000000000000000, 0.0000000000000000000, 1.000000000000000000 ) ) ;
#1863 = ORIENTED_EDGE ( 'NONE', *, *, #2496, .F. ) ;
#1864 = CARTESIAN_POINT ( 'NONE',  ( 120.2032841629563933, 4.341351907571277202, -3.865290372762705928 ) ) ;
#1865 = CARTESIAN_POINT ( 'NONE',  ( 8.000000000000000000, 26.00000000000000000, -112.0000000000000000 ) ) ;
#1866 = VERTEX_POINT ( 'NONE', #279 ) ;
#1867 = CARTESIAN_POINT ( 'NONE',  ( 8.000000000000012434, 26.00000000000000000, -11.99999999999999289 ) ) ;
#1868 = VECTOR ( 'NONE', #1126, 1000.000000000000000 ) ;
#1869 = CYLINDRICAL_SURFACE ( 'NONE', #1650, 1.449999999999999956 ) ;
#1870 = EDGE_LOOP ( 'NONE', ( #2022, #969, #2152 ) ) ;
#1871 = ORIENTED_EDGE ( 'NONE', *, *, #2806, .T. ) ;
#1872 = VECTOR ( 'NONE', #3350, 1000.000000000000000 ) ;
#1873 = EDGE_CURVE ( 'NONE', #477, #321, #1747, .T. ) ;
#1874 = CARTESIAN_POINT ( 'NONE',  ( 5.000000000000011546, 4.000000000000000000, -14.32455532033675105 ) ) ;
#1875 = DIRECTION ( 'NONE',  ( 0.0000000000000000000, 0.0000000000000000000, 1.000000000000000000 ) ) ;
#1876 = CARTESIAN_POINT ( 'NONE',  ( 122.0000000000000000, 37.99999999999999289, -116.0000000000000000 ) ) ;
#1877 = ORIENTED_EDGE ( 'NONE', *, *, #788, .T. ) ;
#1878 = DIRECTION ( 'NONE',  ( 0.0000000000000000000, 0.0000000000000000000, -1.000000000000000000 ) ) ;
#1879 = CARTESIAN_POINT ( 'NONE',  ( 4.000000000000000000, 4.000000000000000000, -112.0000000000000000 ) ) ;
#1880 = ORIENTED_EDGE ( 'NONE', *, *, #2226, .T. ) ;
#1881 = EDGE_LOOP ( 'NONE', ( #1651, #1450, #3431, #3535, #696, #1418 ) ) ;
#1882 = AXIS2_PLACEMENT_3D ( 'NONE', #2932, #428, #2939 ) ;
#1883 = VECTOR ( 'NONE', #3419, 1000.000000000000000 ) ;
#1884 = CARTESIAN_POINT ( 'NONE',  ( 82.00000000000005684, 38.00000000000000000, -106.0000000000000000 ) ) ;
#1885 = DIRECTION ( 'NONE',  ( 0.0000000000000000000, 1.000000000000000000, 0.0000000000000000000 ) ) ;
#1886 = CARTESIAN_POINT ( 'NONE',  ( 4.124884378869535517, 4.194635241882772370, -103.5101973613644049 ) ) ;
#1887 = VERTEX_POINT ( 'NONE', #850 ) ;
#1888 = ORIENTED_EDGE ( 'NONE', *, *, #1432, .F. ) ;
#1889 = EDGE_CURVE ( 'NONE', #3026, #1455, #2436, .T. ) ;
#1890 = CYLINDRICAL_SURFACE ( 'NONE', #2403, 4.599999999999999645 ) ;
#1891 = EDGE_CURVE ( 'NONE', #1221, #1619, #3087, .T. ) ;
#1892 = EDGE_LOOP ( 'NONE', ( #3538, #909, #398, #3590, #2643, #594, #1568, #2410 ) ) ;
#1893 = CARTESIAN_POINT ( 'NONE',  ( 8.000000000000000000, 26.00000000000000000, -112.0000000000000000 ) ) ;
#1894 = DIRECTION ( 'NONE',  ( 0.0000000000000000000, 0.0000000000000000000, 1.000000000000000000 ) ) ;
#1895 = ORIENTED_EDGE ( 'NONE', *, *, #13, .T. ) ;
#1896 = CARTESIAN_POINT ( 'NONE',  ( 4.532584201410934988, 4.053394908414627906, -102.5865758839694593 ) ) ;
#1897 = FACE_OUTER_BOUND ( 'NONE', #254, .T. ) ;
#1898 = FACE_OUTER_BOUND ( 'NONE', #3171, .T. ) ;
#1899 = AXIS2_PLACEMENT_3D ( 'NONE', #1045, #1613, #1659 ) ;
#1900 = ORIENTED_EDGE ( 'NONE', *, *, #3444, .T. ) ;
#1901 = EDGE_LOOP ( 'NONE', ( #2719, #660, #3127, #3191 ) ) ;
#1902 = VECTOR ( 'NONE', #3542, 1000.000000000000000 ) ;
#1903 = AXIS2_PLACEMENT_3D ( 'NONE', #1376, #1668, #2776 ) ;
#1904 = DIRECTION ( 'NONE',  ( 0.0000000000000000000, -1.000000000000000000, 0.0000000000000000000 ) ) ;
#1905 = VECTOR ( 'NONE', #589, 1000.000000000000000 ) ;
#1906 = CARTESIAN_POINT ( 'NONE',  ( 118.3004573005996178, 4.025985850748954320, -4.672633483649843988 ) ) ;
#1907 = ORIENTED_EDGE ( 'NONE', *, *, #1987, .T. ) ;
#1908 = FACE_OUTER_BOUND ( 'NONE', #2065, .T. ) ;
#1909 = FACE_OUTER_BOUND ( 'NONE', #1005, .T. ) ;
#1910 = EDGE_CURVE ( 'NONE', #127, #380, #245, .T. ) ;
#1911 = CARTESIAN_POINT ( 'NONE',  ( 3.000000000000012434, 54.00000000000000711, -5.000000000000004441 ) ) ;
#1912 = EDGE_CURVE ( 'NONE', #3566, #1760, #2831, .T. ) ;
#1913 = ORIENTED_EDGE ( 'NONE', *, *, #1579, .T. ) ;
#1914 = CARTESIAN_POINT ( 'NONE',  ( 128.0000000000000000, 4.000000000000000000, -4.000000000000000000 ) ) ;
#1915 = DIRECTION ( 'NONE',  ( 0.0000000000000000000, -1.000000000000000000, 0.0000000000000000000 ) ) ;
#1916 = CARTESIAN_POINT ( 'NONE',  ( 3.000000000000016431, 42.00000000000000000, -18.00000000000000355 ) ) ;
#1917 = ORIENTED_EDGE ( 'NONE', *, *, #1336, .F. ) ;
#1918 = ADVANCED_FACE ( 'NONE', ( #1611 ), #2999, .F. ) ;
#1919 = CARTESIAN_POINT ( 'NONE',  ( 0.0000000000000000000, 10.00000000000003020, -8.000000000000003553 ) ) ;
#1920 = AXIS2_PLACEMENT_3D ( 'NONE', #687, #2645, #1257 ) ;
#1921 = CARTESIAN_POINT ( 'NONE',  ( 3.000000000000000000, 25.99999999999998934, -108.0000000000000142 ) ) ;
#1922 = ORIENTED_EDGE ( 'NONE', *, *, #3570, .F. ) ;
#1923 = CARTESIAN_POINT ( 'NONE',  ( 119.0000000000000000, 28.99999999999999645, -113.0000000000000000 ) ) ;
#1924 = CARTESIAN_POINT ( 'NONE',  ( 3.000000000000009326, 42.00000000000000711, -42.60000000000000853 ) ) ;
#1925 = CALENDAR_DATE ( 2019, 12, 12 ) ;
#1926 = B_SPLINE_CURVE_WITH_KNOTS ( 'NONE', 3,
 ( #2016, #341, #3405, #1147, #920, #3109, #3376, #2297, #1486, #1723, #2578, #325, #353, #2285, #1764, #1463, #903, #2856, #1752, #612, #2565, #2605, #1178, #933 ),
 .UNSPECIFIED., .F., .F.,
 ( 4, 2, 2, 2, 2, 2, 2, 2, 2, 2, 2, 4 ),
 ( 7.722379088132848312E-15, 0.001225642325751839226, 0.002451284651495956330, 0.003064105814368013690, 0.003676926977240071049, 0.004902569302984190538, 0.006128211628728310462, 0.007353853954472431252, 0.008579496280216552043, 0.009192317443088611137, 0.009498728024524642419, 0.009805138605960675435 ),
 .UNSPECIFIED. ) ;
#1927 = ORIENTED_EDGE ( 'NONE', *, *, #1073, .F. ) ;
#1928 = ORIENTED_EDGE ( 'NONE', *, *, #3331, .T. ) ;
#1929 = AXIS2_PLACEMENT_3D ( 'NONE', #2029, #3414, #362 ) ;
#1930 = VERTEX_POINT ( 'NONE', #2616 ) ;
#1931 = CARTESIAN_POINT ( 'NONE',  ( 24.99999999999998934, 28.99999999999999645, -133.0000000000000000 ) ) ;
#1932 = EDGE_LOOP ( 'NONE', ( #458, #922, #2141, #3049, #1101, #1140, #501, #3475 ) ) ;
#1933 = APPROVAL ( #710, 'UNSPECIFIED' ) ;
#1934 = CARTESIAN_POINT ( 'NONE',  ( 4.901780368537861143, 4.001837485910902714, -101.8568328620601875 ) ) ;
#1935 = CARTESIAN_POINT ( 'NONE',  ( 3.000000000000000000, 9.999999999999991118, -108.0000000000000142 ) ) ;
#1936 = CIRCLE ( 'NONE', #405, 4.000000000000000000 ) ;
#1937 = EDGE_CURVE ( 'NONE', #352, #793, #1267, .T. ) ;
#1938 = VERTEX_POINT ( 'NONE', #2890 ) ;
#1939 = ADVANCED_FACE ( 'NONE', ( #3133 ), #384, .T. ) ;
#1940 = FACE_OUTER_BOUND ( 'NONE', #1382, .T. ) ;
#1941 = DIRECTION ( 'NONE',  ( 0.0000000000000000000, -1.000000000000000000, 0.0000000000000000000 ) ) ;
#1942 = VERTEX_POINT ( 'NONE', #874 ) ;
#1943 = VECTOR ( 'NONE', #2001, 1000.000000000000000 ) ;
#1944 = DIRECTION ( 'NONE',  ( -1.000000000000000000, -0.0000000000000000000, -0.0000000000000000000 ) ) ;
#1945 = CARTESIAN_POINT ( 'NONE',  ( 127.0000000000000000, 4.533464469856748558, -3.640120027786480694 ) ) ;
#1946 = CARTESIAN_POINT ( 'NONE',  ( 124.0000000000000284, 4.000000000000000000, -7.999999999999992895 ) ) ;
#1947 = EDGE_LOOP ( 'NONE', ( #1555, #1922, #949, #2587 ) ) ;
#1948 = DIRECTION ( 'NONE',  ( 0.0000000000000000000, 0.0000000000000000000, 1.000000000000000000 ) ) ;
#1949 = DIRECTION ( 'NONE',  ( -0.0000000000000000000, 1.000000000000000000, -0.0000000000000000000 ) ) ;
#1950 = AXIS2_PLACEMENT_3D ( 'NONE', #2873, #1489, #2361 ) ;
#1951 = VERTEX_POINT ( 'NONE', #1976 ) ;
#1952 = CIRCLE ( 'NONE', #94, 3.000000000000002665 ) ;
#1953 = DIRECTION ( 'NONE',  ( 0.0000000000000000000, 0.0000000000000000000, 1.000000000000000000 ) ) ;
#1954 = CIRCLE ( 'NONE', #1841, 1.450000000000006839 ) ;
#1955 = EDGE_LOOP ( 'NONE', ( #2554, #2978 ) ) ;
#1956 = AXIS2_PLACEMENT_3D ( 'NONE', #50, #2320, #2030 ) ;
#1957 = FACE_OUTER_BOUND ( 'NONE', #1065, .T. ) ;
#1958 = DIRECTION ( 'NONE',  ( 0.0000000000000000000, 0.0000000000000000000, -1.000000000000000000 ) ) ;
#1959 = ADVANCED_FACE ( 'NONE', ( #466, #777, #2260, #2399, #3263, #1134, #1957 ), #1984, .F. ) ;
#1960 = CARTESIAN_POINT ( 'NONE',  ( 132.0000000000000000, 4.000000000000000000, -112.0000000000000000 ) ) ;
#1961 = EDGE_CURVE ( 'NONE', #1667, #736, #2918, .T. ) ;
#1962 = CARTESIAN_POINT ( 'NONE',  ( 4.000000000000000000, 54.00000000000000711, 0.0000000000000000000 ) ) ;
#1963 = DIRECTION ( 'NONE',  ( 0.0000000000000000000, 0.0000000000000000000, 1.000000000000000000 ) ) ;
#1964 = CARTESIAN_POINT ( 'NONE',  ( 128.0000000000000000, 0.0000000000000000000, -112.0000000000000000 ) ) ;
#1965 = MANIFOLD_SOLID_BREP ( 'Fillet5', #1827 ) ;
#1966 = VERTEX_POINT ( 'NONE', #3093 ) ;
#1967 = EDGE_CURVE ( 'NONE', #3473, #329, #46, .T. ) ;
#1968 = ORIENTED_EDGE ( 'NONE', *, *, #1635, .T. ) ;
#1969 = EDGE_LOOP ( 'NONE', ( #1034, #194, #2995, #1351 ) ) ;
#1970 = VERTEX_POINT ( 'NONE', #3360 ) ;
#1971 = EDGE_LOOP ( 'NONE', ( #104, #1718 ) ) ;
#1972 = DIRECTION ( 'NONE',  ( 0.0000000000000000000, 1.000000000000000000, 0.0000000000000000000 ) ) ;
#1973 = DIRECTION ( 'NONE',  ( 1.000000000000000000, 0.0000000000000000000, -1.222191539892750677E-16 ) ) ;
#1974 = LINE ( 'NONE', #1279, #664 ) ;
#1975 = VERTEX_POINT ( 'NONE', #113 ) ;
#1976 = CARTESIAN_POINT ( 'NONE',  ( 8.000000000000012434, 26.00000000000000000, -3.999999999999992450 ) ) ;
#1977 = CARTESIAN_POINT ( 'NONE',  ( 0.0000000000000000000, 4.000000000000000000, -116.0000000000000000 ) ) ;
#1978 = ADVANCED_FACE ( 'NONE', ( #1352 ), #2002, .F. ) ;
#1979 = ORIENTED_EDGE ( 'NONE', *, *, #201, .T. ) ;
#1980 = AXIS2_PLACEMENT_3D ( 'NONE', #3545, #1380, #487 ) ;
#1981 = CARTESIAN_POINT ( 'NONE',  ( 3.000000000000009770, 42.00000000000000711, -38.00000000000000711 ) ) ;
#1982 = FACE_OUTER_BOUND ( 'NONE', #3311, .T. ) ;
#1983 = ORIENTED_EDGE ( 'NONE', *, *, #265, .F. ) ;
#1984 = PLANE ( 'NONE',  #1088 ) ;
#1985 = DIRECTION ( 'NONE',  ( 1.000000000000000000, 0.0000000000000000000, -1.222191539892750677E-16 ) ) ;
#1986 = FACE_OUTER_BOUND ( 'NONE', #3013, .T. ) ;
#1987 = EDGE_CURVE ( 'NONE', #2390, #2282, #1441, .T. ) ;
#1988 = DIRECTION ( 'NONE',  ( 1.000000000000000000, 0.0000000000000000000, -1.224646799147353207E-16 ) ) ;
#1989 = CARTESIAN_POINT ( 'NONE',  ( 124.0000000000000000, 26.00000000000000000, -111.9999999999999858 ) ) ;
#1990 = LINE ( 'NONE', #3436, #1254 ) ;
#1991 = ADVANCED_FACE ( 'NONE', ( #23 ), #2658, .F. ) ;
#1992 = ORIENTED_EDGE ( 'NONE', *, *, #3267, .F. ) ;
#1993 = EDGE_CURVE ( 'NONE', #380, #1360, #3382, .T. ) ;
#1994 = EDGE_LOOP ( 'NONE', ( #2965, #2543, #704, #1871 ) ) ;
#1995 = ADVANCED_FACE ( 'NONE', ( #3464 ), #160, .F. ) ;
#1996 = DIRECTION ( 'NONE',  ( -9.427844978134821433E-17, 0.0000000000000000000, -1.000000000000000000 ) ) ;
#1997 = CYLINDRICAL_SURFACE ( 'NONE', #665, 1.449999999999999956 ) ;
#1998 = LINE ( 'NONE', #3421, #2175 ) ;
#1999 = CARTESIAN_POINT ( 'NONE',  ( 0.0000000000000000000, 42.00000000000000711, -38.00000000000000711 ) ) ;
#2000 = ORIENTED_EDGE ( 'NONE', *, *, #3576, .F. ) ;
#2001 = DIRECTION ( 'NONE',  ( -0.0000000000000000000, -1.000000000000000000, -0.0000000000000000000 ) ) ;
#2002 = CYLINDRICAL_SURFACE ( 'NONE', #191, 3.000000000000002665 ) ;
#2003 = AXIS2_PLACEMENT_3D ( 'NONE', #592, #875, #886 ) ;
#2004 = LINE ( 'NONE', #239, #1268 ) ;
#2005 = CARTESIAN_POINT ( 'NONE',  ( 3.000000000000012879, 54.00000000000000711, -3.000000000000000000 ) ) ;
#2006 = DIRECTION ( 'NONE',  ( -0.0000000000000000000, -1.000000000000000000, -0.0000000000000000000 ) ) ;
#2007 = DIRECTION ( 'NONE',  ( 0.0000000000000000000, 0.0000000000000000000, -1.000000000000000000 ) ) ;
#2008 = CC_DESIGN_APPROVAL ( #1933, ( #2893 ) ) ;
#2009 = CARTESIAN_POINT ( 'NONE',  ( 82.00000000000005684, 26.00000000000000000, -103.0000000000000000 ) ) ;
#2010 = ORIENTED_EDGE ( 'NONE', *, *, #1615, .T. ) ;
#2011 = DIRECTION ( 'NONE',  ( 0.0000000000000000000, 0.0000000000000000000, 1.000000000000000000 ) ) ;
#2012 = ADVANCED_FACE ( 'NONE', ( #1908 ), #604, .T. ) ;
#2013 = EDGE_CURVE ( 'NONE', #2106, #2539, #3605, .T. ) ;
#2014 = ORIENTED_EDGE ( 'NONE', *, *, #2920, .T. ) ;
#2015 = VERTEX_POINT ( 'NONE', #1316 ) ;
#2016 = CARTESIAN_POINT ( 'NONE',  ( 3.640120027782340006, 4.533464469860597923, -5.000000000000002665 ) ) ;
#2017 = EDGE_LOOP ( 'NONE', ( #1727, #2582, #2173, #3524 ) ) ;
#2018 = CARTESIAN_POINT ( 'NONE',  ( 127.0000000000000000, 4.000000000000000000, -101.6754446796632436 ) ) ;
#2019 = AXIS2_PLACEMENT_3D ( 'NONE', #1242, #2334, #1265 ) ;
#2020 = DIRECTION ( 'NONE',  ( -1.000000000000000000, 0.0000000000000000000, -0.0000000000000000000 ) ) ;
#2021 = CARTESIAN_POINT ( 'NONE',  ( 124.0000000000000000, 26.00000000000000000, -109.4500000000000028 ) ) ;
#2022 = ORIENTED_EDGE ( 'NONE', *, *, #1961, .T. ) ;
#2023 = ORIENTED_EDGE ( 'NONE', *, *, #2387, .T. ) ;
#2024 = ORIENTED_EDGE ( 'NONE', *, *, #392, .F. ) ;
#2025 = B_SPLINE_CURVE_WITH_KNOTS ( 'NONE', 3,
 ( #981, #3222, #992, #1557, #2652, #1269, #2385, #694, #3206, #1544 ),
 .UNSPECIFIED., .F., .F.,
 ( 4, 2, 2, 2, 4 ),
 ( 9.697399036122160616E-19, 0.0005064967774774596339, 0.001012993554954918184, 0.001519490332432376842, 0.002025987109909835500 ),
 .UNSPECIFIED. ) ;
#2026 = CARTESIAN_POINT ( 'NONE',  ( 21.99999999999999289, 37.99999999999999289, -113.0000000000000000 ) ) ;
#2027 = AXIS2_PLACEMENT_3D ( 'NONE', #2615, #942, #1225 ) ;
#2028 = ORIENTED_EDGE ( 'NONE', *, *, #2853, .T. ) ;
#2029 = CARTESIAN_POINT ( 'NONE',  ( 0.0000000000000000000, 26.00000000000000711, -11.00000000000002309 ) ) ;
#2030 = DIRECTION ( 'NONE',  ( 0.0000000000000000000, 0.0000000000000000000, 1.000000000000000000 ) ) ;
#2031 = VECTOR ( 'NONE', #1011, 1000.000000000000000 ) ;
#2032 = AXIS2_PLACEMENT_3D ( 'NONE', #388, #2108, #407 ) ;
#2033 = ADVANCED_FACE ( 'NONE', ( #3220 ), #1072, .F. ) ;
#2034 = VECTOR ( 'NONE', #1018, 1000.000000000000000 ) ;
#2035 = EDGE_LOOP ( 'NONE', ( #218, #1020, #2633 ) ) ;
#2036 = CARTESIAN_POINT ( 'NONE',  ( 122.0000000000000000, 37.99999999999999289, -3.000000000000002665 ) ) ;
#2037 = EDGE_CURVE ( 'NONE', #2110, #1125, #1777, .T. ) ;
#2038 = DIRECTION ( 'NONE',  ( -1.000000000000000000, 0.0000000000000000000, 0.0000000000000000000 ) ) ;
#2039 = FACE_OUTER_BOUND ( 'NONE', #2040, .T. ) ;
#2040 = EDGE_LOOP ( 'NONE', ( #2886, #1605, #3062, #740, #829, #1742, #1511 ) ) ;
#2041 = DIRECTION ( 'NONE',  ( -0.0000000000000000000, 1.000000000000000000, -0.0000000000000000000 ) ) ;
#2042 = DIRECTION ( 'NONE',  ( -1.000000000000000000, -0.0000000000000000000, 0.0000000000000000000 ) ) ;
#2043 = EDGE_CURVE ( 'NONE', #3046, #1844, #3330, .T. ) ;
#2044 = VECTOR ( 'NONE', #3141, 1000.000000000000000 ) ;
#2045 = ORIENTED_EDGE ( 'NONE', *, *, #135, .T. ) ;
#2046 = CARTESIAN_POINT ( 'NONE',  ( 24.99999999999998934, 40.99999999999999289, -3.000000000000000444 ) ) ;
#2047 = CARTESIAN_POINT ( 'NONE',  ( 128.7445445038389096, 5.021958857469082993, -107.7955379032397616 ) ) ;
#2048 = DIRECTION ( 'NONE',  ( 0.0000000000000000000, 1.000000000000000000, 0.0000000000000000000 ) ) ;
#2049 = EDGE_LOOP ( 'NONE', ( #3095, #1880, #475, #700 ) ) ;
#2050 = VECTOR ( 'NONE', #541, 1000.000000000000000 ) ;
#2051 = LINE ( 'NONE', #1060, #3462 ) ;
#2052 = CARTESIAN_POINT ( 'NONE',  ( 124.0000000000000284, 6.999999999999999112, -14.99999999999998579 ) ) ;
#2053 = AXIS2_PLACEMENT_3D ( 'NONE', #2005, #1775, #2881 ) ;
#2054 = EDGE_LOOP ( 'NONE', ( #1688, #1704 ) ) ;
#2055 = CARTESIAN_POINT ( 'NONE',  ( 129.0000000000000000, 38.00000000000000000, -103.0000000000000000 ) ) ;
#2056 = ADVANCED_FACE ( 'NONE', ( #2039 ), #1472, .F. ) ;
#2057 = DIRECTION ( 'NONE',  ( -1.000000000000000000, 0.0000000000000000000, 0.0000000000000000000 ) ) ;
#2058 = EDGE_LOOP ( 'NONE', ( #2295, #1666, #2313, #871 ) ) ;
#2059 = DIRECTION ( 'NONE',  ( 0.0000000000000000000, 0.0000000000000000000, -1.000000000000000000 ) ) ;
#2060 = AXIS2_PLACEMENT_3D ( 'NONE', #3195, #3460, #3241 ) ;
#2061 = DIRECTION ( 'NONE',  ( 1.000000000000000000, 0.0000000000000000000, 0.0000000000000000000 ) ) ;
#2062 = CARTESIAN_POINT ( 'NONE',  ( 8.000000000000012434, 4.000000000000000000, -14.99999999999999467 ) ) ;
#2063 = DIRECTION ( 'NONE',  ( 0.0000000000000000000, 0.0000000000000000000, -1.000000000000000000 ) ) ;
#2064 = ORIENTED_EDGE ( 'NONE', *, *, #176, .T. ) ;
#2065 = EDGE_LOOP ( 'NONE', ( #1509, #1726, #550, #2442 ) ) ;
#2066 = PERSON_AND_ORGANIZATION_ROLE ( 'design_owner' ) ;
#2067 = ORIENTED_EDGE ( 'NONE', *, *, #2068, .F. ) ;
#2068 = EDGE_CURVE ( 'NONE', #3486, #1455, #1558, .T. ) ;
#2069 = VERTEX_POINT ( 'NONE', #987 ) ;
#2070 = CARTESIAN_POINT ( 'NONE',  ( 3.909639925120046211, 4.429203662507123163, -111.6104150257701946 ) ) ;
#2071 = CARTESIAN_POINT ( 'NONE',  ( 122.0000000000000000, 37.99999999999999289, -116.0000000000000000 ) ) ;
#2072 = ORIENTED_EDGE ( 'NONE', *, *, #2760, .T. ) ;
#2073 = DIRECTION ( 'NONE',  ( 0.0000000000000000000, 0.0000000000000000000, 1.000000000000000000 ) ) ;
#2074 = DIRECTION ( 'NONE',  ( 0.0000000000000000000, -1.000000000000000000, 0.0000000000000000000 ) ) ;
#2075 = CARTESIAN_POINT ( 'NONE',  ( 12.31033143981593803, 4.224690764245916164, -111.9497005347546263 ) ) ;
#2076 = CARTESIAN_POINT ( 'NONE',  ( 24.99999999999998934, 28.99999999999999645, -3.000000000000002665 ) ) ;
#2077 = APPLICATION_CONTEXT ( 'configuration controlled 3d designs of mechanical parts and assemblies' ) ;
#2078 = AXIS2_PLACEMENT_3D ( 'NONE', #2208, #3316, #3029 ) ;
#2079 = DIRECTION ( 'NONE',  ( 0.0000000000000000000, 0.0000000000000000000, -1.000000000000000000 ) ) ;
#2080 = DIRECTION ( 'NONE',  ( 0.0000000000000000000, -1.000000000000000000, 0.0000000000000000000 ) ) ;
#2081 = VECTOR ( 'NONE', #878, 1000.000000000000000 ) ;
#2082 = DIRECTION ( 'NONE',  ( 0.0000000000000000000, 0.0000000000000000000, 1.000000000000000000 ) ) ;
#2083 = ORIENTED_EDGE ( 'NONE', *, *, #506, .F. ) ;
#2084 = DIRECTION ( 'NONE',  ( -0.0000000000000000000, 0.0000000000000000000, 1.000000000000000000 ) ) ;
#2085 = CARTESIAN_POINT ( 'NONE',  ( 117.6754446796632436, 4.000000000000000000, -111.0000000000000000 ) ) ;
#2086 = PRODUCT_DEFINITION ( 'UNKNOWN', '', #2893, #274 ) ;
#2087 = CARTESIAN_POINT ( 'NONE',  ( 128.3598799722135197, 4.533464469856741452, -111.0000000000000000 ) ) ;
#2088 = VECTOR ( 'NONE', #417, 1000.000000000000000 ) ;
#2089 = EDGE_LOOP ( 'NONE', ( #493, #1913, #1992, #1047 ) ) ;
#2090 = UNCERTAINTY_MEASURE_WITH_UNIT (LENGTH_MEASURE( 1.000000000000000082E-05 ), #2837, 'distance_accuracy_value', 'NONE');
#2091 = VECTOR ( 'NONE', #2080, 1000.000000000000000 ) ;
#2092 = EDGE_CURVE ( 'NONE', #2985, #3393, #2557, .T. ) ;
#2093 = ORIENTED_EDGE ( 'NONE', *, *, #3596, .F. ) ;
#2094 = APPLICATION_PROTOCOL_DEFINITION ( 'international standard', 'config_control_design', 1994, #2077 ) ;
#2095 = DIRECTION ( 'NONE',  ( -0.0000000000000000000, 1.000000000000000000, -0.0000000000000000000 ) ) ;
#2096 = EDGE_LOOP ( 'NONE', ( #3586, #2971, #2435, #3292 ) ) ;
#2097 = CIRCLE ( 'NONE', #1491, 3.000000000000002665 ) ;
#2098 = AXIS2_PLACEMENT_3D ( 'NONE', #3518, #164, #2437 ) ;
#2099 = FACE_BOUND ( 'NONE', #56, .T. ) ;
#2100 = CARTESIAN_POINT ( 'NONE',  ( 21.99999999999999289, 40.99999999999999289, -133.0000000000000000 ) ) ;
#2101 = ORIENTED_EDGE ( 'NONE', *, *, #2595, .F. ) ;
#2102 = CARTESIAN_POINT ( 'NONE',  ( 14.07492485900771406, 4.003478759934504083, -111.1347014295155162 ) ) ;
#2103 = VECTOR ( 'NONE', #3045, 1000.000000000000000 ) ;
#2104 = CIRCLE ( 'NONE', #1417, 1.450000000000006839 ) ;
#2105 = CARTESIAN_POINT ( 'NONE',  ( 0.0000000000000000000, 42.00000000000000000, -22.60000000000000142 ) ) ;
#2106 = VERTEX_POINT ( 'NONE', #441 ) ;
#2107 = DIRECTION ( 'NONE',  ( -1.000000000000000000, 0.0000000000000000000, 0.0000000000000000000 ) ) ;
#2108 = DIRECTION ( 'NONE',  ( 0.0000000000000000000, 1.000000000000000000, 0.0000000000000000000 ) ) ;
#2109 = CARTESIAN_POINT ( 'NONE',  ( 124.0000000000000284, 26.00000000000000000, -7.999999999999992895 ) ) ;
#2110 = VERTEX_POINT ( 'NONE', #729 ) ;
#2111 = CARTESIAN_POINT ( 'NONE',  ( 5.000000000000000000, 6.000000000000000000, -111.0000000000000000 ) ) ;
#2112 = PLANE ( 'NONE',  #877 ) ;
#2113 = EDGE_LOOP ( 'NONE', ( #564, #2802, #523, #3422 ) ) ;
#2114 = DIRECTION ( 'NONE',  ( -1.000000000000000000, 0.0000000000000000000, 0.0000000000000000000 ) ) ;
#2115 = ORIENTED_EDGE ( 'NONE', *, *, #1391, .F. ) ;
#2116 = ORIENTED_EDGE ( 'NONE', *, *, #1759, .F. ) ;
#2117 = ORIENTED_EDGE ( 'NONE', *, *, #2408, .F. ) ;
#2118 = CIRCLE ( 'NONE', #228, 2.000000000000000000 ) ;
#2119 = EDGE_CURVE ( 'NONE', #3511, #1236, #332, .T. ) ;
#2120 = CARTESIAN_POINT ( 'NONE',  ( 3.000000000000000000, 6.999999999999992895, -105.0000000000000142 ) ) ;
#2121 = DIRECTION ( 'NONE',  ( 1.000000000000000000, 0.0000000000000000000, 0.0000000000000000000 ) ) ;
#2122 = ORIENTED_EDGE ( 'NONE', *, *, #2525, .T. ) ;
#2123 = DIRECTION ( 'NONE',  ( 0.0000000000000000000, 1.000000000000000000, 0.0000000000000000000 ) ) ;
#2124 = CARTESIAN_POINT ( 'NONE',  ( 132.0000000000000000, 54.00000000000000711, -4.000000000000031086 ) ) ;
#2125 = AXIS2_PLACEMENT_3D ( 'NONE', #1369, #1097, #2448 ) ;
#2126 = LINE ( 'NONE', #452, #1199 ) ;
#2127 = LINE ( 'NONE', #1289, #2770 ) ;
#2128 = AXIS2_PLACEMENT_3D ( 'NONE', #22, #1985, #307 ) ;
#2129 = CARTESIAN_POINT ( 'NONE',  ( 129.0000000000000000, 34.99999999999999289, -106.0000000000000000 ) ) ;
#2130 = CARTESIAN_POINT ( 'NONE',  ( 124.0000000000000000, 26.00000000000000000, -108.0000000000000000 ) ) ;
#2131 = FACE_OUTER_BOUND ( 'NONE', #2599, .T. ) ;
#2132 = PLANE ( 'NONE',  #1715 ) ;
#2133 = DIRECTION ( 'NONE',  ( 0.0000000000000000000, -1.000000000000000000, -2.312964634635742957E-16 ) ) ;
#2134 = CYLINDRICAL_SURFACE ( 'NONE', #3214, 2.999999999999999112 ) ;
#2135 = ORIENTED_EDGE ( 'NONE', *, *, #270, .F. ) ;
#2136 = VECTOR ( 'NONE', #979, 1000.000000000000000 ) ;
#2137 = EDGE_CURVE ( 'NONE', #477, #1235, #148, .T. ) ;
#2138 = VERTEX_POINT ( 'NONE', #741 ) ;
#2139 = FACE_OUTER_BOUND ( 'NONE', #2194, .T. ) ;
#2140 = CIRCLE ( 'NONE', #1882, 3.000000000000002665 ) ;
#2141 = ORIENTED_EDGE ( 'NONE', *, *, #798, .F. ) ;
#2142 = CARTESIAN_POINT ( 'NONE',  ( 4.000000000000000000, 4.000000000000000000, -4.000000000000000000 ) ) ;
#2143 = DIRECTION ( 'NONE',  ( -0.0000000000000000000, -1.000000000000000000, 0.0000000000000000000 ) ) ;
#2144 = CARTESIAN_POINT ( 'NONE',  ( 122.8769095873876012, 4.938566089532854697, -112.6955228317924451 ) ) ;
#2145 = AXIS2_PLACEMENT_3D ( 'NONE', #2668, #1122, #3348 ) ;
#2146 = ORIENTED_EDGE ( 'NONE', *, *, #2942, .F. ) ;
#2147 = CARTESIAN_POINT ( 'NONE',  ( 117.7986755212648546, 3.999999999999998224, -4.932702867366628219 ) ) ;
#2148 = AXIS2_PLACEMENT_3D ( 'NONE', #293, #2229, #2544 ) ;
#2149 = ORIENTED_EDGE ( 'NONE', *, *, #1961, .F. ) ;
#2150 = CARTESIAN_POINT ( 'NONE',  ( 21.99999999999999289, 28.99999999999999645, -116.0000000000000000 ) ) ;
#2151 = DIRECTION ( 'NONE',  ( -9.427844978134807875E-17, 0.0000000000000000000, -1.000000000000000000 ) ) ;
#2152 = ORIENTED_EDGE ( 'NONE', *, *, #1710, .F. ) ;
#2153 = CARTESIAN_POINT ( 'NONE',  ( 124.0000000000000000, 6.999999999999999112, -114.9999999999999858 ) ) ;
#2154 = DIRECTION ( 'NONE',  ( 0.0000000000000000000, 0.0000000000000000000, -1.000000000000000000 ) ) ;
#2155 = CYLINDRICAL_SURFACE ( 'NONE', #1464, 3.000000000000002665 ) ;
#2156 = EDGE_LOOP ( 'NONE', ( #1545, #1187, #1534, #2199 ) ) ;
#2157 = EDGE_CURVE ( 'NONE', #2339, #518, #1823, .T. ) ;
#2158 = EDGE_CURVE ( 'NONE', #2649, #2985, #1732, .T. ) ;
#2159 = DIRECTION ( 'NONE',  ( -0.0000000000000000000, -0.0000000000000000000, -1.000000000000000000 ) ) ;
#2160 = DIRECTION ( 'NONE',  ( -4.336808689942013792E-16, 0.0000000000000000000, -1.000000000000000000 ) ) ;
#2161 = CARTESIAN_POINT ( 'NONE',  ( 4.000000000000000000, 54.00000000000000711, -116.0000000000000000 ) ) ;
#2162 = VERTEX_POINT ( 'NONE', #1876 ) ;
#2163 = DIRECTION ( 'NONE',  ( 0.0000000000000000000, 1.000000000000000000, 0.0000000000000000000 ) ) ;
#2164 = CIRCLE ( 'NONE', #3456, 3.000000000000000000 ) ;
#2165 = VECTOR ( 'NONE', #376, 1000.000000000000000 ) ;
#2166 = AXIS2_PLACEMENT_3D ( 'NONE', #1670, #3054, #3323 ) ;
#2167 = DIRECTION ( 'NONE',  ( 0.0000000000000000000, 0.0000000000000000000, -1.000000000000000000 ) ) ;
#2168 = FACE_OUTER_BOUND ( 'NONE', #2532, .T. ) ;
#2169 = EDGE_LOOP ( 'NONE', ( #34, #1244, #2115, #3442 ) ) ;
#2170 = DIRECTION ( 'NONE',  ( 0.0000000000000000000, 0.0000000000000000000, 1.000000000000000000 ) ) ;
#2171 = CARTESIAN_POINT ( 'NONE',  ( 3.640120027784406798, 4.533464469858668799, -111.0000000000000000 ) ) ;
#2172 = EDGE_CURVE ( 'NONE', #3437, #2414, #1026, .T. ) ;
#2173 = ORIENTED_EDGE ( 'NONE', *, *, #843, .T. ) ;
#2174 = VECTOR ( 'NONE', #1334, 1000.000000000000000 ) ;
#2175 = VECTOR ( 'NONE', #3409, 1000.000000000000000 ) ;
#2176 = COORDINATED_UNIVERSAL_TIME_OFFSET ( 0, 0, .AHEAD. ) ;
#2177 = VECTOR ( 'NONE', #479, 1000.000000000000000 ) ;
#2178 = EDGE_CURVE ( 'NONE', #1580, #3026, #272, .T. ) ;
#2179 = FACE_OUTER_BOUND ( 'NONE', #2017, .T. ) ;
#2180 = CARTESIAN_POINT ( 'NONE',  ( 129.0000000000000000, 54.00000000000000711, -106.0000000000000000 ) ) ;
#2181 = CARTESIAN_POINT ( 'NONE',  ( 82.00000000000005684, 26.00000000000000000, -19.00000000000000000 ) ) ;
#2182 = CARTESIAN_POINT ( 'NONE',  ( 3.315356117680805959, 4.918702152546034156, -109.4489836244839864 ) ) ;
#2183 = EDGE_CURVE ( 'NONE', #3483, #85, #3164, .T. ) ;
#2184 = EDGE_LOOP ( 'NONE', ( #2365, #1284, #1754, #2754 ) ) ;
#2185 = CARTESIAN_POINT ( 'NONE',  ( 8.000000000000000000, 6.999999999999999112, -115.0000000000000000 ) ) ;
#2186 = CARTESIAN_POINT ( 'NONE',  ( 118.2977400264935000, 4.025765155985234323, -111.3260088739836249 ) ) ;
#2187 = ORIENTED_EDGE ( 'NONE', *, *, #1543, .T. ) ;
#2188 = AXIS2_PLACEMENT_3D ( 'NONE', #3261, #755, #763 ) ;
#2189 = ORIENTED_EDGE ( 'NONE', *, *, #1663, .F. ) ;
#2190 = DIRECTION ( 'NONE',  ( 1.000000000000000000, -0.0000000000000000000, 0.0000000000000000000 ) ) ;
#2191 = DATE_AND_TIME ( #1707, #970 ) ;
#2192 = EDGE_LOOP ( 'NONE', ( #3254, #2974, #2689, #1143 ) ) ;
#2193 = DIRECTION ( 'NONE',  ( -0.0000000000000000000, -1.000000000000000000, -0.0000000000000000000 ) ) ;
#2194 = EDGE_LOOP ( 'NONE', ( #3334, #3593 ) ) ;
#2195 = CARTESIAN_POINT ( 'NONE',  ( 8.000000000000000000, 26.00000000000000000, -108.0000000000000000 ) ) ;
#2196 = DIRECTION ( 'NONE',  ( 1.000000000000000000, 0.0000000000000000000, 0.0000000000000000000 ) ) ;
#2197 = PLANE ( 'NONE',  #3498 ) ;
#2198 = EDGE_CURVE ( 'NONE', #972, #1930, #3458, .T. ) ;
#2199 = ORIENTED_EDGE ( 'NONE', *, *, #2900, .F. ) ;
#2200 = FACE_OUTER_BOUND ( 'NONE', #125, .T. ) ;
#2201 = EDGE_CURVE ( 'NONE', #3270, #1519, #2864, .T. ) ;
#2202 = DIRECTION ( 'NONE',  ( 0.0000000000000000000, 1.000000000000000000, 0.0000000000000000000 ) ) ;
#2203 = ORIENTED_EDGE ( 'NONE', *, *, #221, .T. ) ;
#2204 = DIRECTION ( 'NONE',  ( 0.0000000000000000000, 0.0000000000000000000, 1.000000000000000000 ) ) ;
#2205 = CIRCLE ( 'NONE', #169, 3.999999999999992450 ) ;
#2206 = VERTEX_POINT ( 'NONE', #692 ) ;
#2207 = CARTESIAN_POINT ( 'NONE',  ( 0.0000000000000000000, 26.00000000000000000, -116.0000000000000000 ) ) ;
#2208 = CARTESIAN_POINT ( 'NONE',  ( 124.0000000000000284, 26.00000000000000000, -7.999999999999992895 ) ) ;
#2209 = LINE ( 'NONE', #2266, #1943 ) ;
#2210 = AXIS2_PLACEMENT_3D ( 'NONE', #633, #339, #2852 ) ;
#2211 = ORIENTED_EDGE ( 'NONE', *, *, #2425, .F. ) ;
#2212 = CIRCLE ( 'NONE', #2166, 3.000000000000002665 ) ;
#2213 = VERTEX_POINT ( 'NONE', #1013 ) ;
#2214 = CYLINDRICAL_SURFACE ( 'NONE', #588, 2.999999999999999112 ) ;
#2215 = AXIS2_PLACEMENT_3D ( 'NONE', #302, #1972, #2809 ) ;
#2216 = LINE ( 'NONE', #1046, #908 ) ;
#2217 = CARTESIAN_POINT ( 'NONE',  ( 124.0000000000000000, 6.999999999999999112, -108.0000000000000000 ) ) ;
#2218 = ORIENTED_EDGE ( 'NONE', *, *, #936, .T. ) ;
#2219 = ADVANCED_FACE ( 'NONE', ( #2131 ), #807, .T. ) ;
#2220 = CARTESIAN_POINT ( 'NONE',  ( 24.99999999999998934, 26.00000000000000000, -116.0000000000000000 ) ) ;
#2221 = FACE_OUTER_BOUND ( 'NONE', #2708, .T. ) ;
#2222 = LINE ( 'NONE', #2071, #114 ) ;
#2223 = EDGE_CURVE ( 'NONE', #3046, #2390, #2466, .T. ) ;
#2224 = CARTESIAN_POINT ( 'NONE',  ( 129.0000000000000000, 53.99999999999998579, -16.00000000000000000 ) ) ;
#2225 = VERTEX_POINT ( 'NONE', #165 ) ;
#2226 = EDGE_CURVE ( 'NONE', #436, #491, #543, .T. ) ;
#2227 = VERTEX_POINT ( 'NONE', #2124 ) ;
#2228 = ORIENTED_EDGE ( 'NONE', *, *, #3379, .T. ) ;
#2229 = DIRECTION ( 'NONE',  ( 0.0000000000000000000, 1.000000000000000000, 0.0000000000000000000 ) ) ;
#2230 = AXIS2_PLACEMENT_3D ( 'NONE', #1155, #3115, #2545 ) ;
#2231 = DIRECTION ( 'NONE',  ( 0.0000000000000000000, -1.000000000000000000, 0.0000000000000000000 ) ) ;
#2232 = CARTESIAN_POINT ( 'NONE',  ( 0.0000000000000000000, 41.99999999999999289, -93.39999999999999147 ) ) ;
#2233 = DIRECTION ( 'NONE',  ( 0.0000000000000000000, 0.0000000000000000000, 1.000000000000000000 ) ) ;
#2234 = PERSON_AND_ORGANIZATION ( #1443, #989 ) ;
#2235 = ORIENTED_EDGE ( 'NONE', *, *, #3267, .T. ) ;
#2236 = ORIENTED_EDGE ( 'NONE', *, *, #609, .T. ) ;
#2237 = ADVANCED_FACE ( 'NONE', ( #2507 ), #2112, .F. ) ;
#2238 = AXIS2_PLACEMENT_3D ( 'NONE', #916, #1771, #348 ) ;
#2239 = CIRCLE ( 'NONE', #774, 2.999999999999999112 ) ;
#2240 = CARTESIAN_POINT ( 'NONE',  ( 8.000000000000000000, 26.00000000000000000, -104.0000000000000000 ) ) ;
#2241 = VERTEX_POINT ( 'NONE', #1266 ) ;
#2242 = CARTESIAN_POINT ( 'NONE',  ( 122.0000000000000000, 28.99999999999999645, -113.0000000000000000 ) ) ;
#2243 = EDGE_CURVE ( 'NONE', #1630, #726, #636, .T. ) ;
#2244 = CARTESIAN_POINT ( 'NONE',  ( 122.0000000000000000, 28.99999999999999645, 0.0000000000000000000 ) ) ;
#2245 = CARTESIAN_POINT ( 'NONE',  ( 3.000000000000012879, 5.999999999999998224, -3.000000000000000000 ) ) ;
#2246 = EDGE_CURVE ( 'NONE', #3459, #1866, #328, .T. ) ;
#2247 = ORIENTED_EDGE ( 'NONE', *, *, #2697, .F. ) ;
#2248 = VECTOR ( 'NONE', #37, 1000.000000000000000 ) ;
#2249 = VERTEX_POINT ( 'NONE', #3484 ) ;
#2250 = LINE ( 'NONE', #1300, #2034 ) ;
#2251 = CARTESIAN_POINT ( 'NONE',  ( 119.0000000000000000, 28.99999999999999645, -3.000000000000002665 ) ) ;
#2252 = ADVANCED_FACE ( 'NONE', ( #3577 ), #3030, .F. ) ;
#2253 = LINE ( 'NONE', #797, #2511 ) ;
#2254 = VERTEX_POINT ( 'NONE', #2407 ) ;
#2255 = AXIS2_PLACEMENT_3D ( 'NONE', #3197, #1766, #3159 ) ;
#2256 = ORIENTED_EDGE ( 'NONE', *, *, #131, .F. ) ;
#2257 = CIRCLE ( 'NONE', #2125, 4.000000000000000000 ) ;
#2258 = CARTESIAN_POINT ( 'NONE',  ( 8.000000000000012434, 26.00000000000000000, -7.999999999999992895 ) ) ;
#2259 = CYLINDRICAL_SURFACE ( 'NONE', #2027, 2.000000000000001776 ) ;
#2260 = FACE_BOUND ( 'NONE', #644, .T. ) ;
#2261 = DIRECTION ( 'NONE',  ( 2.065146995210484695E-17, -0.0000000000000000000, 1.000000000000000000 ) ) ;
#2262 = DIRECTION ( 'NONE',  ( 0.0000000000000000000, 0.0000000000000000000, -1.000000000000000000 ) ) ;
#2263 = ADVANCED_FACE ( 'NONE', ( #3369, #3207 ), #177, .T. ) ;
#2264 = EDGE_CURVE ( 'NONE', #736, #2430, #2734, .T. ) ;
#2265 = CARTESIAN_POINT ( 'NONE',  ( 128.5620281272653074, 4.720911157526618496, -5.771398242710913173 ) ) ;
#2266 = CARTESIAN_POINT ( 'NONE',  ( 124.0000000000000284, 26.00000000000000000, -11.99999999999998579 ) ) ;
#2267 = CARTESIAN_POINT ( 'NONE',  ( 124.0000000000000284, 26.00000000000000000, -4.000000000000000888 ) ) ;
#2268 = ORIENTED_EDGE ( 'NONE', *, *, #3379, .F. ) ;
#2269 = ADVANCED_FACE ( 'NONE', ( #3291 ), #680, .F. ) ;
#2270 = DIRECTION ( 'NONE',  ( 0.0000000000000000000, 0.0000000000000000000, -1.000000000000000000 ) ) ;
#2271 = CARTESIAN_POINT ( 'NONE',  ( 0.0000000000000000000, 25.99999999999998934, -108.0000000000000142 ) ) ;
#2272 = AXIS2_PLACEMENT_3D ( 'NONE', #1200, #679, #1508 ) ;
#2273 = DIRECTION ( 'NONE',  ( -1.000000000000000000, 0.0000000000000000000, 0.0000000000000000000 ) ) ;
#2274 = ORIENTED_EDGE ( 'NONE', *, *, #2556, .T. ) ;
#2275 = ORIENTED_EDGE ( 'NONE', *, *, #937, .T. ) ;
#2276 = EDGE_LOOP ( 'NONE', ( #3375, #787 ) ) ;
#2277 = B_SPLINE_CURVE_WITH_KNOTS ( 'NONE', 3,
 ( #764, #3003, #1934, #1344, #1357, #226, #1896, #2723, #1886, #2994, #1332, #3281, #3271, #2750, #2469, #1080, #220, #2447, #3024, #2182, #1610, #2171 ),
 .UNSPECIFIED., .F., .F.,
 ( 4, 2, 2, 2, 2, 2, 2, 2, 2, 2, 4 ),
 ( -1.164803559869340899E-05, 0.0002941576400025325473, 0.0005999633156037585289, 0.001211574666806247355, 0.002434797369211225224, 0.003658020071616203094, 0.004881242774021180529, 0.006104465476426157965, 0.006716076827628646682, 0.007327688178831136268, 0.009774133583641132772 ),
 .UNSPECIFIED. ) ;
#2278 = COORDINATED_UNIVERSAL_TIME_OFFSET ( 0, 0, .AHEAD. ) ;
#2279 = CARTESIAN_POINT ( 'NONE',  ( 0.0000000000000000000, 0.0000000000000000000, 0.0000000000000000000 ) ) ;
#2280 = ORIENTED_EDGE ( 'NONE', *, *, #510, .T. ) ;
#2281 = AXIS2_PLACEMENT_3D ( 'NONE', #3588, #1941, #819 ) ;
#2282 = VERTEX_POINT ( 'NONE', #2839 ) ;
#2283 = DIRECTION ( 'NONE',  ( 0.0000000000000000000, -1.000000000000000000, 0.0000000000000000000 ) ) ;
#2284 = CARTESIAN_POINT ( 'NONE',  ( 0.0000000000000000000, 0.0000000000000000000, 0.0000000000000000000 ) ) ;
#2285 = CARTESIAN_POINT ( 'NONE',  ( 3.736068737181809762, 4.443938103741730039, -11.36837679150484881 ) ) ;
#2286 = CARTESIAN_POINT ( 'NONE',  ( 127.0489534818292015, 4.000000000000000000, -101.7650856276364806 ) ) ;
#2287 = CARTESIAN_POINT ( 'NONE',  ( 127.6104150257696688, 4.429203662507173789, -112.0903600748802660 ) ) ;
#2288 = ADVANCED_FACE ( 'NONE', ( #1385 ), #3497, .T. ) ;
#2289 = EDGE_CURVE ( 'NONE', #1686, #1194, #1639, .T. ) ;
#2290 = CIRCLE ( 'NONE', #1401, 4.600000000000006750 ) ;
#2291 = DIRECTION ( 'NONE',  ( 1.000000000000000000, 0.0000000000000000000, 0.0000000000000000000 ) ) ;
#2292 = SPHERICAL_SURFACE ( 'NONE', #737, 2.000000000000000000 ) ;
#2293 = DIRECTION ( 'NONE',  ( -0.0000000000000000000, -0.0000000000000000000, 1.000000000000000000 ) ) ;
#2294 = EDGE_CURVE ( 'NONE', #1519, #152, #2300, .T. ) ;
#2295 = ORIENTED_EDGE ( 'NONE', *, *, #769, .T. ) ;
#2296 = CARTESIAN_POINT ( 'NONE',  ( 50.00000000000000000, 41.99999999999999289, -102.6000000000000085 ) ) ;
#2297 = CARTESIAN_POINT ( 'NONE',  ( 3.255455496161264506, 5.021958857468749926, -8.204462096771170110 ) ) ;
#2298 = CARTESIAN_POINT ( 'NONE',  ( 119.0000000000000000, 28.99999999999999645, -133.0000000000000000 ) ) ;
#2299 = CARTESIAN_POINT ( 'NONE',  ( 119.0000000000000000, 40.99999999999999289, -113.0000000000000000 ) ) ;
#2300 = CIRCLE ( 'NONE', #3476, 3.999999999999989786 ) ;
#2301 = DIRECTION ( 'NONE',  ( 0.0000000000000000000, 0.0000000000000000000, 1.000000000000000000 ) ) ;
#2302 = PERSON_AND_ORGANIZATION ( #1443, #989 ) ;
#2303 = AXIS2_PLACEMENT_3D ( 'NONE', #429, #711, #1288 ) ;
#2304 = ORIENTED_EDGE ( 'NONE', *, *, #1734, .T. ) ;
#2305 = LINE ( 'NONE', #2549, #2475 ) ;
#2306 = LINE ( 'NONE', #3474, #1566 ) ;
#2307 = ADVANCED_FACE ( 'NONE', ( #2696, #2949 ), #569, .T. ) ;
#2308 = VERTEX_POINT ( 'NONE', #9 ) ;
#2309 = LINE ( 'NONE', #2679, #1690 ) ;
#2310 = AXIS2_PLACEMENT_3D ( 'NONE', #48, #1703, #3388 ) ;
#2311 = VECTOR ( 'NONE', #3283, 1000.000000000000000 ) ;
#2312 = DIRECTION ( 'NONE',  ( 1.000000000000000000, 0.0000000000000000000, -1.224646799147353207E-16 ) ) ;
#2313 = ORIENTED_EDGE ( 'NONE', *, *, #743, .F. ) ;
#2314 = DIRECTION ( 'NONE',  ( -0.0000000000000000000, 1.000000000000000000, -0.0000000000000000000 ) ) ;
#2315 = CARTESIAN_POINT ( 'NONE',  ( 8.000000000000012434, 4.000000000000000000, -7.999999999999992895 ) ) ;
#2316 = ORIENTED_EDGE ( 'NONE', *, *, #90, .T. ) ;
#2317 = EDGE_CURVE ( 'NONE', #1620, #1975, #1302, .T. ) ;
#2318 = CARTESIAN_POINT ( 'NONE',  ( 124.0000000000000284, 26.00000000000000000, -7.999999999999992895 ) ) ;
#2319 = EDGE_LOOP ( 'NONE', ( #2844, #2397, #2531, #355 ) ) ;
#2320 = DIRECTION ( 'NONE',  ( 0.0000000000000000000, 1.000000000000000000, 0.0000000000000000000 ) ) ;
#2321 = APPROVAL_PERSON_ORGANIZATION ( #2842, #1825, #3176 ) ;
#2322 = ORIENTED_EDGE ( 'NONE', *, *, #961, .F. ) ;
#2323 = CARTESIAN_POINT ( 'NONE',  ( 128.4647167944216619, 4.631257666960140185, -105.4023947851123921 ) ) ;
#2324 = ADVANCED_FACE ( 'NONE', ( #231, #720 ), #2530, .F. ) ;
#2325 = VERTEX_POINT ( 'NONE', #1127 ) ;
#2326 = CIRCLE ( 'NONE', #1637, 4.599999999999992539 ) ;
#2327 = ORIENTED_EDGE ( 'NONE', *, *, #2984, .T. ) ;
#2328 = DIRECTION ( 'NONE',  ( 0.0000000000000000000, 0.0000000000000000000, -1.000000000000000000 ) ) ;
#2329 = AXIS2_PLACEMENT_3D ( 'NONE', #1419, #1398, #2803 ) ;
#2330 = CARTESIAN_POINT ( 'NONE',  ( 3.682346483271808246, 4.494308984065946255, -111.1611363385973021 ) ) ;
#2331 = DIRECTION ( 'NONE',  ( -0.0000000000000000000, 1.000000000000000000, -0.0000000000000000000 ) ) ;
#2332 = CARTESIAN_POINT ( 'NONE',  ( 119.0000000000000000, 37.99999999999999289, -133.0000000000000000 ) ) ;
#2333 = AXIS2_PLACEMENT_3D ( 'NONE', #1621, #3556, #2204 ) ;
#2334 = DIRECTION ( 'NONE',  ( -1.000000000000000000, -4.336808689942017736E-16, 0.0000000000000000000 ) ) ;
#2335 = CYLINDRICAL_SURFACE ( 'NONE', #1448, 3.000000000000002665 ) ;
#2336 = ORIENTED_EDGE ( 'NONE', *, *, #2223, .F. ) ;
#2337 = EDGE_CURVE ( 'NONE', #1824, #2422, #2386, .T. ) ;
#2338 = FACE_OUTER_BOUND ( 'NONE', #1461, .T. ) ;
#2339 = VERTEX_POINT ( 'NONE', #3339 ) ;
#2340 = CARTESIAN_POINT ( 'NONE',  ( 82.00000000000005684, 23.00000000000000000, -16.00000000000000000 ) ) ;
#2341 = DIRECTION ( 'NONE',  ( -1.000000000000000000, 0.0000000000000000000, 0.0000000000000000000 ) ) ;
#2342 = EDGE_CURVE ( 'NONE', #1156, #1887, #3122, .T. ) ;
#2343 = DIRECTION ( 'NONE',  ( -1.000000000000000000, 0.0000000000000000000, 0.0000000000000000000 ) ) ;
#2344 = FACE_OUTER_BOUND ( 'NONE', #449, .T. ) ;
#2345 = ORIENTED_EDGE ( 'NONE', *, *, #158, .T. ) ;
#2346 = CARTESIAN_POINT ( 'NONE',  ( 14.20132447873487713, 3.999999999999998224, -111.0672971326328025 ) ) ;
#2347 = EDGE_LOOP ( 'NONE', ( #1831, #1012 ) ) ;
#2348 = CARTESIAN_POINT ( 'NONE',  ( 0.0000000000000000000, 42.00000000000000000, -53.40000000000001279 ) ) ;
#2349 = CIRCLE ( 'NONE', #2607, 2.000000000000000000 ) ;
#2350 = FACE_OUTER_BOUND ( 'NONE', #1881, .T. ) ;
#2351 = AXIS2_PLACEMENT_3D ( 'NONE', #2332, #1214, #1229 ) ;
#2352 = ORIENTED_EDGE ( 'NONE', *, *, #3465, .F. ) ;
#2353 = SECURITY_CLASSIFICATION_LEVEL ( 'unclassified' ) ;
#2354 = VECTOR ( 'NONE', #3064, 1000.000000000000000 ) ;
#2355 = DIRECTION ( 'NONE',  ( -0.0000000000000000000, -0.0000000000000000000, 1.000000000000000000 ) ) ;
#2356 = AXIS2_PLACEMENT_3D ( 'NONE', #2877, #1493, #2328 ) ;
#2357 = CARTESIAN_POINT ( 'NONE',  ( 127.0982196314622001, 4.001837485910904491, -14.14316713793978053 ) ) ;
#2358 = CARTESIAN_POINT ( 'NONE',  ( -1.032573497605242347E-16, 4.000000000000000000, -5.000000000000000000 ) ) ;
#2359 = EDGE_CURVE ( 'NONE', #2422, #1824, #2774, .T. ) ;
#2360 = VERTEX_POINT ( 'NONE', #2815 ) ;
#2361 = DIRECTION ( 'NONE',  ( 0.0000000000000000000, 0.0000000000000000000, 1.000000000000000000 ) ) ;
#2362 = EDGE_LOOP ( 'NONE', ( #2670, #3440, #213, #2274 ) ) ;
#2363 = ORIENTED_EDGE ( 'NONE', *, *, #2800, .T. ) ;
#2364 = EDGE_CURVE ( 'NONE', #1167, #3008, #2209, .T. ) ;
#2365 = ORIENTED_EDGE ( 'NONE', *, *, #1295, .T. ) ;
#2366 = CARTESIAN_POINT ( 'NONE',  ( 82.00000000000005684, 34.99999999999999289, -18.99999999999999645 ) ) ;
#2367 = DIRECTION ( 'NONE',  ( -0.0000000000000000000, -1.000000000000000000, -0.0000000000000000000 ) ) ;
#2368 = APPROVAL_DATE_TIME ( #3561, #1825 ) ;
#2369 = ORIENTED_EDGE ( 'NONE', *, *, #2387, .F. ) ;
#2370 = DIRECTION ( 'NONE',  ( 0.0000000000000000000, 0.0000000000000000000, 1.000000000000000000 ) ) ;
#2371 = VERTEX_POINT ( 'NONE', #2804 ) ;
#2372 = PLANE ( 'NONE',  #1354 ) ;
#2373 = ORIENTED_EDGE ( 'NONE', *, *, #2647, .F. ) ;
#2374 = DIRECTION ( 'NONE',  ( 0.0000000000000000000, 1.000000000000000000, 0.0000000000000000000 ) ) ;
#2375 = DIRECTION ( 'NONE',  ( 1.000000000000000000, 0.0000000000000000000, 0.0000000000000000000 ) ) ;
#2376 = EDGE_CURVE ( 'NONE', #3212, #614, #453, .T. ) ;
#2377 = AXIS2_PLACEMENT_3D ( 'NONE', #1004, #1370, #759 ) ;
#2378 = CARTESIAN_POINT ( 'NONE',  ( 127.0000000000000000, 4.533464469856748558, -3.640120027786480694 ) ) ;
#2379 = CIRCLE ( 'NONE', #3149, 3.000000000000002665 ) ;
#2380 = CARTESIAN_POINT ( 'NONE',  ( 8.000000000000000000, 6.999999999999999112, -108.0000000000000000 ) ) ;
#2381 = DIRECTION ( 'NONE',  ( 1.000000000000000000, 0.0000000000000000000, 0.0000000000000000000 ) ) ;
#2382 = ORIENTED_EDGE ( 'NONE', *, *, #1411, .T. ) ;
#2383 = CARTESIAN_POINT ( 'NONE',  ( 21.99999999999999289, 54.00000000000000711, -3.000000000000000444 ) ) ;
#2384 = CYLINDRICAL_SURFACE ( 'NONE', #1186, 3.999999999999993339 ) ;
#2385 = CARTESIAN_POINT ( 'NONE',  ( 3.909724973551961913, 4.429243338868711355, -4.389624908529174085 ) ) ;
#2386 = CIRCLE ( 'NONE', #2310, 4.599999999999992539 ) ;
#2387 = EDGE_CURVE ( 'NONE', #966, #3270, #2606, .T. ) ;
#2388 = ORIENTED_EDGE ( 'NONE', *, *, #13, .F. ) ;
#2389 = DIRECTION ( 'NONE',  ( -9.427844978134821433E-17, 0.0000000000000000000, -1.000000000000000000 ) ) ;
#2390 = VERTEX_POINT ( 'NONE', #33 ) ;
#2391 = CARTESIAN_POINT ( 'NONE',  ( 128.0000000000000000, 0.0000000000000000000, 0.0000000000000000000 ) ) ;
#2392 = LINE ( 'NONE', #2991, #3297 ) ;
#2393 = DIRECTION ( 'NONE',  ( 0.0000000000000000000, 0.0000000000000000000, -1.000000000000000000 ) ) ;
#2394 = AXIS2_PLACEMENT_3D ( 'NONE', #212, #492, #482 ) ;
#2395 = TOROIDAL_SURFACE ( 'NONE', #1769, 7.000000000000000888, 3.000000000000000000 ) ;
#2396 = DIRECTION ( 'NONE',  ( 0.0000000000000000000, 0.0000000000000000000, 1.000000000000000000 ) ) ;
#2397 = ORIENTED_EDGE ( 'NONE', *, *, #84, .F. ) ;
#2398 = DIRECTION ( 'NONE',  ( -1.000000000000000000, -0.0000000000000000000, -0.0000000000000000000 ) ) ;
#2399 = FACE_BOUND ( 'NONE', #693, .T. ) ;
#2400 = FACE_OUTER_BOUND ( 'NONE', #2780, .T. ) ;
#2401 = CARTESIAN_POINT ( 'NONE',  ( 3.000000000000012434, 7.000000000000025757, -11.00000000000000178 ) ) ;
#2402 = ORIENTED_EDGE ( 'NONE', *, *, #61, .F. ) ;
#2403 = AXIS2_PLACEMENT_3D ( 'NONE', #1136, #2468, #2491 ) ;
#2404 = DIRECTION ( 'NONE',  ( 1.000000000000000000, 0.0000000000000000000, 0.0000000000000000000 ) ) ;
#2405 = VERTEX_POINT ( 'NONE', #2830 ) ;
#2406 = DIRECTION ( 'NONE',  ( 0.0000000000000000000, -0.0000000000000000000, 1.000000000000000000 ) ) ;
#2407 = CARTESIAN_POINT ( 'NONE',  ( 122.0000000000000000, 28.99999999999999645, -3.000000000000002665 ) ) ;
#2408 = EDGE_CURVE ( 'NONE', #620, #1620, #587, .T. ) ;
#2409 = ORIENTED_EDGE ( 'NONE', *, *, #3353, .F. ) ;
#2410 = ORIENTED_EDGE ( 'NONE', *, *, #1245, .T. ) ;
#2411 = CYLINDRICAL_SURFACE ( 'NONE', #1148, 4.000000000000000000 ) ;
#2412 = EDGE_CURVE ( 'NONE', #1044, #1801, #1115, .T. ) ;
#2413 = DIRECTION ( 'NONE',  ( -0.0000000000000000000, -0.0000000000000000000, -1.000000000000000000 ) ) ;
#2414 = VERTEX_POINT ( 'NONE', #3144 ) ;
#2415 = CARTESIAN_POINT ( 'NONE',  ( 0.0000000000000000000, 42.00000000000000711, -38.00000000000000711 ) ) ;
#2416 = DIRECTION ( 'NONE',  ( -9.427844978134821433E-17, 0.0000000000000000000, -1.000000000000000000 ) ) ;
#2417 = CARTESIAN_POINT ( 'NONE',  ( 123.4335748909031736, 5.003638764751431545, -112.7345615896568347 ) ) ;
#2418 = AXIS2_PLACEMENT_3D ( 'NONE', #320, #862, #607 ) ;
#2419 = ORIENTED_EDGE ( 'NONE', *, *, #1663, .T. ) ;
#2420 = VECTOR ( 'NONE', #2761, 1000.000000000000000 ) ;
#2421 = AXIS2_PLACEMENT_3D ( 'NONE', #2982, #3259, #1875 ) ;
#2422 = VERTEX_POINT ( 'NONE', #387 ) ;
#2423 = CARTESIAN_POINT ( 'NONE',  ( 124.0000000000000000, 4.000000000000000000, -106.5499999999999972 ) ) ;
#2424 = VECTOR ( 'NONE', #655, 1000.000000000000000 ) ;
#2425 = EDGE_CURVE ( 'NONE', #2758, #2213, #1860, .T. ) ;
#2426 = DIRECTION ( 'NONE',  ( 1.000000000000000000, 0.0000000000000000000, 0.0000000000000000000 ) ) ;
#2427 = ORIENTED_EDGE ( 'NONE', *, *, #3345, .F. ) ;
#2428 = EDGE_CURVE ( 'NONE', #1521, #1494, #1990, .T. ) ;
#2429 = CARTESIAN_POINT ( 'NONE',  ( 127.7469684135645025, 4.420118004391717648, -111.9872153585974530 ) ) ;
#2430 = VERTEX_POINT ( 'NONE', #1964 ) ;
#2431 = LINE ( 'NONE', #799, #2174 ) ;
#2432 = DIRECTION ( 'NONE',  ( 1.000000000000000000, 0.0000000000000000000, 0.0000000000000000000 ) ) ;
#2433 = VECTOR ( 'NONE', #891, 1000.000000000000000 ) ;
#2434 = DIRECTION ( 'NONE',  ( 0.0000000000000000000, 0.0000000000000000000, 1.000000000000000000 ) ) ;
#2435 = ORIENTED_EDGE ( 'NONE', *, *, #1787, .T. ) ;
#2436 = LINE ( 'NONE', #558, #2103 ) ;
#2437 = DIRECTION ( 'NONE',  ( -1.000000000000000000, 0.0000000000000000000, -0.0000000000000000000 ) ) ;
#2438 = DIRECTION ( 'NONE',  ( 0.0000000000000000000, 0.0000000000000000000, -1.000000000000000000 ) ) ;
#2439 = CARTESIAN_POINT ( 'NONE',  ( 119.0000000000000000, 26.00000000000000000, -3.000000000000002665 ) ) ;
#2440 = AXIS2_PLACEMENT_3D ( 'NONE', #812, #1098, #3044 ) ;
#2441 = ORIENTED_EDGE ( 'NONE', *, *, #2068, .T. ) ;
#2442 = ORIENTED_EDGE ( 'NONE', *, *, #3310, .F. ) ;
#2443 = CARTESIAN_POINT ( 'NONE',  ( 129.0000000000000000, 34.99999999999999289, -16.00000000000000355 ) ) ;
#2444 = CARTESIAN_POINT ( 'NONE',  ( 2.999999999999999556, 54.00000000000000711, -113.0000000000000000 ) ) ;
#2445 = CC_DESIGN_APPROVAL ( #1631, ( #2086 ) ) ;
#2446 = ORIENTED_EDGE ( 'NONE', *, *, #1197, .F. ) ;
#2447 = CARTESIAN_POINT ( 'NONE',  ( 3.256073281654222384, 5.020857075097999278, -108.2378541433620711 ) ) ;
#2448 = DIRECTION ( 'NONE',  ( 0.0000000000000000000, 0.0000000000000000000, 1.000000000000000000 ) ) ;
#2449 = ORIENTED_EDGE ( 'NONE', *, *, #131, .T. ) ;
#2450 = EDGE_CURVE ( 'NONE', #436, #2794, #498, .T. ) ;
#2451 = ORIENTED_EDGE ( 'NONE', *, *, #457, .F. ) ;
#2452 = ORIENTED_EDGE ( 'NONE', *, *, #672, .F. ) ;
#2453 = CARTESIAN_POINT ( 'NONE',  ( 128.0000000000000000, 4.000000000000000000, -4.000000000000000000 ) ) ;
#2454 = CARTESIAN_POINT ( 'NONE',  ( 4.999999999999999112, 4.533464469860597035, -112.3598799722176835 ) ) ;
#2455 = DIRECTION ( 'NONE',  ( 0.0000000000000000000, 0.0000000000000000000, 1.000000000000000000 ) ) ;
#2456 = CARTESIAN_POINT ( 'NONE',  ( 127.0000000000000000, 4.000000000000000000, -101.6754446796632436 ) ) ;
#2457 = DIRECTION ( 'NONE',  ( -1.000000000000000000, 0.0000000000000000000, 0.0000000000000000000 ) ) ;
#2458 = CARTESIAN_POINT ( 'NONE',  ( 118.9250697886621708, 4.096568996628806580, -111.6248149701271899 ) ) ;
#2459 = FACE_OUTER_BOUND ( 'NONE', #3279, .T. ) ;
#2460 = ORIENTED_EDGE ( 'NONE', *, *, #2201, .T. ) ;
#2461 = AXIS2_PLACEMENT_3D ( 'NONE', #534, #12, #286 ) ;
#2462 = ORIENTED_EDGE ( 'NONE', *, *, #1759, .T. ) ;
#2463 = ORIENTED_EDGE ( 'NONE', *, *, #3425, .T. ) ;
#2464 = FACE_OUTER_BOUND ( 'NONE', #2089, .T. ) ;
#2465 = AXIS2_PLACEMENT_3D ( 'NONE', #1093, #2455, #2196 ) ;
#2466 = LINE ( 'NONE', #138, #59 ) ;
#2467 = VERTEX_POINT ( 'NONE', #2575 ) ;
#2468 = DIRECTION ( 'NONE',  ( -1.000000000000000000, -0.0000000000000000000, -0.0000000000000000000 ) ) ;
#2469 = CARTESIAN_POINT ( 'NONE',  ( 3.289544457001428945, 4.962736372226566495, -107.0028832824581997 ) ) ;
#2470 = CARTESIAN_POINT ( 'NONE',  ( 21.99999999999999289, 40.99999999999999289, 0.0000000000000000000 ) ) ;
#2471 = ORIENTED_EDGE ( 'NONE', *, *, #2428, .T. ) ;
#2472 = DIRECTION ( 'NONE',  ( 0.0000000000000000000, 0.0000000000000000000, 1.000000000000000000 ) ) ;
#2473 = CARTESIAN_POINT ( 'NONE',  ( 0.0000000000000000000, 25.99999999999998934, -105.0000000000000142 ) ) ;
#2474 = CARTESIAN_POINT ( 'NONE',  ( 5.000000000000013323, 4.533464469858674128, -3.640120027784401024 ) ) ;
#2475 = VECTOR ( 'NONE', #51, 1000.000000000000000 ) ;
#2476 = FACE_OUTER_BOUND ( 'NONE', #258, .T. ) ;
#2477 = ORIENTED_EDGE ( 'NONE', *, *, #3011, .F. ) ;
#2478 = FACE_OUTER_BOUND ( 'NONE', #1118, .T. ) ;
#2479 = EDGE_CURVE ( 'NONE', #491, #3568, #372, .T. ) ;
#2480 = DIRECTION ( 'NONE',  ( 1.000000000000000000, 0.0000000000000000000, -2.065146995210484695E-17 ) ) ;
#2481 = VECTOR ( 'NONE', #3558, 1000.000000000000000 ) ;
#2482 = DIRECTION ( 'NONE',  ( 0.0000000000000000000, 0.0000000000000000000, -1.000000000000000000 ) ) ;
#2483 = DIRECTION ( 'NONE',  ( -1.000000000000000000, -0.0000000000000000000, -0.0000000000000000000 ) ) ;
#2484 = AXIS2_PLACEMENT_3D ( 'NONE', #1914, #784, #497 ) ;
#2485 = ORIENTED_EDGE ( 'NONE', *, *, #3058, .T. ) ;
#2486 = ORIENTED_EDGE ( 'NONE', *, *, #249, .T. ) ;
#2487 = ADVANCED_FACE ( 'NONE', ( #1898 ), #2896, .F. ) ;
#2488 = AXIS2_PLACEMENT_3D ( 'NONE', #2318, #111, #75 ) ;
#2489 = ORIENTED_EDGE ( 'NONE', *, *, #427, .T. ) ;
#2490 = ORIENTED_EDGE ( 'NONE', *, *, #2518, .T. ) ;
#2491 = DIRECTION ( 'NONE',  ( 0.0000000000000000000, 0.0000000000000000000, 1.000000000000000000 ) ) ;
#2492 = CARTESIAN_POINT ( 'NONE',  ( 3.000000000000009770, 42.00000000000000000, -58.00000000000000711 ) ) ;
#2493 = ORIENTED_EDGE ( 'NONE', *, *, #2717, .T. ) ;
#2494 = CARTESIAN_POINT ( 'NONE',  ( 129.0000000000000000, 38.00000000000000000, -18.99999999999999645 ) ) ;
#2495 = CARTESIAN_POINT ( 'NONE',  ( 8.000000000000010658, 5.021916647178268356, -3.255479161794563758 ) ) ;
#2496 = EDGE_CURVE ( 'NONE', #2241, #1942, #803, .T. ) ;
#2497 = ADVANCED_BREP_SHAPE_REPRESENTATION ( 'Shield_box', ( #1965, #3072 ), #783 ) ;
#2498 = CARTESIAN_POINT ( 'NONE',  ( 127.0000000000000000, 6.000000000000000000, -5.000000000000002665 ) ) ;
#2499 = VECTOR ( 'NONE', #2688, 1000.000000000000000 ) ;
#2500 = CARTESIAN_POINT ( 'NONE',  ( 3.000000000000002220, 41.99999999999999289, -102.6000000000000085 ) ) ;
#2501 = EDGE_LOOP ( 'NONE', ( #1378, #2369, #1559, #132, #2681, #1249, #44 ) ) ;
#2502 = ADVANCED_FACE ( 'NONE', ( #3454 ), #2384, .T. ) ;
#2503 = CARTESIAN_POINT ( 'NONE',  ( 21.99999999999999289, 40.99999999999999289, -133.0000000000000000 ) ) ;
#2504 = LINE ( 'NONE', #2242, #941 ) ;
#2505 = CARTESIAN_POINT ( 'NONE',  ( 5.000000000000013323, 4.000000000000000000, -6.110957699463768669E-16 ) ) ;
#2506 = CARTESIAN_POINT ( 'NONE',  ( 128.0000000000000000, 4.000000000000000000, -112.0000000000000000 ) ) ;
#2507 = FACE_OUTER_BOUND ( 'NONE', #2096, .T. ) ;
#2508 = AXIS2_PLACEMENT_3D ( 'NONE', #1646, #1099, #2233 ) ;
#2509 = VERTEX_POINT ( 'NONE', #940 ) ;
#2510 = DIRECTION ( 'NONE',  ( 0.0000000000000000000, 0.0000000000000000000, 1.000000000000000000 ) ) ;
#2511 = VECTOR ( 'NONE', #3312, 1000.000000000000000 ) ;
#2512 = ORIENTED_EDGE ( 'NONE', *, *, #2556, .F. ) ;
#2513 = CC_DESIGN_PERSON_AND_ORGANIZATION_ASSIGNMENT ( #3188, #1271, ( #2893 ) ) ;
#2514 = ORIENTED_EDGE ( 'NONE', *, *, #1145, .T. ) ;
#2515 = CARTESIAN_POINT ( 'NONE',  ( 124.0000000000000000, 26.00000000000000000, -111.9999999999999858 ) ) ;
#2516 = VECTOR ( 'NONE', #1293, 1000.000000000000000 ) ;
#2517 = VECTOR ( 'NONE', #3016, 1000.000000000000000 ) ;
#2518 = EDGE_CURVE ( 'NONE', #1667, #2694, #3496, .T. ) ;
#2519 = DIRECTION ( 'NONE',  ( -0.0000000000000000000, 1.000000000000000000, -0.0000000000000000000 ) ) ;
#2520 = ORIENTED_EDGE ( 'NONE', *, *, #2119, .T. ) ;
#2521 = DIRECTION ( 'NONE',  ( 0.0000000000000000000, 0.0000000000000000000, 1.000000000000000000 ) ) ;
#2522 = VECTOR ( 'NONE', #1624, 1000.000000000000000 ) ;
#2523 = CARTESIAN_POINT ( 'NONE',  ( 3.000000000000012879, 26.00000000000000000, -3.000000000000000000 ) ) ;
#2524 = ADVANCED_FACE ( 'NONE', ( #1986 ), #2555, .F. ) ;
#2525 = EDGE_CURVE ( 'NONE', #1235, #1394, #3205, .T. ) ;
#2526 = ORIENTED_EDGE ( 'NONE', *, *, #3200, .F. ) ;
#2527 = EDGE_LOOP ( 'NONE', ( #3359, #545, #313, #3443, #464 ) ) ;
#2528 = AXIS2_PLACEMENT_3D ( 'NONE', #796, #2202, #525 ) ;
#2529 = CARTESIAN_POINT ( 'NONE',  ( 128.7402982261643274, 5.014223360223903470, -8.381107979230975502 ) ) ;
#2530 = PLANE ( 'NONE',  #1311 ) ;
#2531 = ORIENTED_EDGE ( 'NONE', *, *, #3532, .F. ) ;
#2532 = EDGE_LOOP ( 'NONE', ( #29, #3226, #721, #991 ) ) ;
#2533 = DIRECTION ( 'NONE',  ( 0.0000000000000000000, -1.000000000000000000, 3.469446951953613696E-16 ) ) ;
#2534 = AXIS2_PLACEMENT_3D ( 'NONE', #77, #2563, #887 ) ;
#2535 = LINE ( 'NONE', #102, #358 ) ;
#2536 = DIRECTION ( 'NONE',  ( 0.0000000000000000000, 0.0000000000000000000, -1.000000000000000000 ) ) ;
#2537 = EDGE_LOOP ( 'NONE', ( #1552, #885, #1717, #2024, #766, #3555, #2268 ) ) ;
#2538 = ADVANCED_FACE ( 'NONE', ( #1897 ), #143, .T. ) ;
#2539 = VERTEX_POINT ( 'NONE', #929 ) ;
#2540 = CARTESIAN_POINT ( 'NONE',  ( 4.999999999999999112, 54.00000000000000711, -111.0000000000000000 ) ) ;
#2541 = EDGE_CURVE ( 'NONE', #620, #864, #2944, .T. ) ;
#2542 = ADVANCED_FACE ( 'NONE', ( #2731 ), #2860, .F. ) ;
#2543 = ORIENTED_EDGE ( 'NONE', *, *, #3243, .F. ) ;
#2544 = DIRECTION ( 'NONE',  ( 0.0000000000000000000, 0.0000000000000000000, 1.000000000000000000 ) ) ;
#2545 = DIRECTION ( 'NONE',  ( -1.445602896647337931E-16, -1.156482317317870344E-15, -1.000000000000000000 ) ) ;
#2546 = DIRECTION ( 'NONE',  ( 0.0000000000000000000, 0.0000000000000000000, 1.000000000000000000 ) ) ;
#2547 = DIRECTION ( 'NONE',  ( 0.0000000000000000000, 1.000000000000000000, 0.0000000000000000000 ) ) ;
#2548 = EDGE_CURVE ( 'NONE', #1577, #2015, #2903, .T. ) ;
#2549 = CARTESIAN_POINT ( 'NONE',  ( 128.0000000000000000, 4.000000000000000000, -116.0000000000000000 ) ) ;
#2550 = LINE ( 'NONE', #3389, #3069 ) ;
#2551 = CARTESIAN_POINT ( 'NONE',  ( 127.0982993770087290, 4.001841630010760653, -101.8569826920622177 ) ) ;
#2552 = ORIENTED_EDGE ( 'NONE', *, *, #3172, .F. ) ;
#2553 = DIRECTION ( 'NONE',  ( -1.000000000000000000, -0.0000000000000000000, -0.0000000000000000000 ) ) ;
#2554 = ORIENTED_EDGE ( 'NONE', *, *, #1525, .F. ) ;
#2555 = CYLINDRICAL_SURFACE ( 'NONE', #1373, 2.000000000000000000 ) ;
#2556 = EDGE_CURVE ( 'NONE', #731, #3512, #2816, .T. ) ;
#2557 = CIRCLE ( 'NONE', #2562, 2.999999999999999112 ) ;
#2558 = ADVANCED_FACE ( 'NONE', ( #632 ), #719, .T. ) ;
#2559 = CARTESIAN_POINT ( 'NONE',  ( 3.000000000000009326, 42.00000000000000000, -62.60000000000000142 ) ) ;
#2560 = VERTEX_POINT ( 'NONE', #3455 ) ;
#2561 = DIRECTION ( 'NONE',  ( 0.0000000000000000000, -0.0000000000000000000, 1.000000000000000000 ) ) ;
#2562 = AXIS2_PLACEMENT_3D ( 'NONE', #3492, #1845, #2404 ) ;
#2563 = DIRECTION ( 'NONE',  ( -0.0000000000000000000, -1.000000000000000000, -0.0000000000000000000 ) ) ;
#2564 = ORIENTED_EDGE ( 'NONE', *, *, #561, .T. ) ;
#2565 = CARTESIAN_POINT ( 'NONE',  ( 4.806047851356865408, 4.008849025534462207, -13.96117080296899715 ) ) ;
#2566 = CIRCLE ( 'NONE', #2906, 4.599999999999999645 ) ;
#2567 = DIRECTION ( 'NONE',  ( 0.0000000000000000000, -1.000000000000000000, 0.0000000000000000000 ) ) ;
#2568 = VECTOR ( 'NONE', #1277, 1000.000000000000000 ) ;
#2569 = ORIENTED_EDGE ( 'NONE', *, *, #794, .T. ) ;
#2570 = FACE_OUTER_BOUND ( 'NONE', #2527, .T. ) ;
#2571 = VECTOR ( 'NONE', #92, 1000.000000000000000 ) ;
#2572 = CARTESIAN_POINT ( 'NONE',  ( 127.0000000000000000, 4.533464469858667911, -112.3598799722155945 ) ) ;
#2573 = CARTESIAN_POINT ( 'NONE',  ( 8.566425109096922341, 5.003638764751435986, -3.265438410343155518 ) ) ;
#2574 = EDGE_CURVE ( 'NONE', #2855, #2859, #765, .T. ) ;
#2575 = CARTESIAN_POINT ( 'NONE',  ( 132.0000000000000000, 23.00000000000000000, -19.00000000000000000 ) ) ;
#2576 = DIRECTION ( 'NONE',  ( 0.0000000000000000000, 0.0000000000000000000, -1.000000000000000000 ) ) ;
#2577 = ORIENTED_EDGE ( 'NONE', *, *, #2620, .T. ) ;
#2578 = CARTESIAN_POINT ( 'NONE',  ( 3.331926807252869605, 4.891856555679841456, -9.414940994966627841 ) ) ;
#2579 = CARTESIAN_POINT ( 'NONE',  ( 127.3787988439581653, 4.034002812278748351, -102.4031273168507852 ) ) ;
#2580 = EDGE_CURVE ( 'NONE', #2371, #972, #494, .T. ) ;
#2581 = ADVANCED_FACE ( 'NONE', ( #1426, #2464 ), #2632, .F. ) ;
#2582 = ORIENTED_EDGE ( 'NONE', *, *, #749, .T. ) ;
#2583 = DIRECTION ( 'NONE',  ( -0.0000000000000000000, -1.000000000000000000, -0.0000000000000000000 ) ) ;
#2584 = B_SPLINE_CURVE_WITH_KNOTS ( 'NONE', 3,
 ( #3468, #2686, #975, #2935 ),
 .UNSPECIFIED., .F., .F.,
 ( 4, 4 ),
 ( 0.006683682598557121220, 0.009774133583641982786 ),
 .UNSPECIFIED. ) ;
#2585 = VERTEX_POINT ( 'NONE', #134 ) ;
#2586 = AXIS2_PLACEMENT_3D ( 'NONE', #1260, #2370, #2121 ) ;
#2587 = ORIENTED_EDGE ( 'NONE', *, *, #3221, .F. ) ;
#2588 = DIRECTION ( 'NONE',  ( 0.0000000000000000000, -1.000000000000000000, -0.0000000000000000000 ) ) ;
#2589 = DIRECTION ( 'NONE',  ( -0.0000000000000000000, 1.000000000000000000, 0.0000000000000000000 ) ) ;
#2590 = CYLINDRICAL_SURFACE ( 'NONE', #1182, 1.450000000000006839 ) ;
#2591 = CARTESIAN_POINT ( 'NONE',  ( 24.99999999999998934, 40.99999999999999289, -113.0000000000000000 ) ) ;
#2592 = AXIS2_PLACEMENT_3D ( 'NONE', #1241, #1799, #2634 ) ;
#2593 = PLANE ( 'NONE',  #1529 ) ;
#2594 = DIRECTION ( 'NONE',  ( 0.0000000000000000000, 0.0000000000000000000, 1.000000000000000000 ) ) ;
#2595 = EDGE_CURVE ( 'NONE', #864, #2585, #409, .T. ) ;
#2596 = CARTESIAN_POINT ( 'NONE',  ( 24.99999999999998934, 37.99999999999999289, 0.0000000000000000000 ) ) ;
#2597 = CIRCLE ( 'NONE', #1655, 3.999999999999989786 ) ;
#2598 = ADVANCED_FACE ( 'NONE', ( #671 ), #1338, .F. ) ;
#2599 = EDGE_LOOP ( 'NONE', ( #2083, #71, #2625, #3394 ) ) ;
#2600 = DIRECTION ( 'NONE',  ( 0.0000000000000000000, 0.0000000000000000000, 1.000000000000000000 ) ) ;
#2601 = CIRCLE ( 'NONE', #451, 2.999999999999999112 ) ;
#2602 = CARTESIAN_POINT ( 'NONE',  ( 21.99999999999999289, 37.99999999999999289, -113.0000000000000000 ) ) ;
#2603 = EDGE_CURVE ( 'NONE', #805, #3124, #1381, .T. ) ;
#2604 = ORIENTED_EDGE ( 'NONE', *, *, #2967, .F. ) ;
#2605 = CARTESIAN_POINT ( 'NONE',  ( 4.901700622991460143, 4.001841630010754436, -14.14301730793808609 ) ) ;
#2606 = CIRCLE ( 'NONE', #2980, 6.999999999999992006 ) ;
#2607 = AXIS2_PLACEMENT_3D ( 'NONE', #789, #531, #2472 ) ;
#2608 = EDGE_LOOP ( 'NONE', ( #1142, #2462, #1362, #299 ) ) ;
#2609 = CARTESIAN_POINT ( 'NONE',  ( 13.82709883471367007, 4.016322307318192841, -4.736879356018288689 ) ) ;
#2610 = CARTESIAN_POINT ( 'NONE',  ( 0.0000000000000000000, 54.00000000000000711, 0.0000000000000000000 ) ) ;
#2611 = ORIENTED_EDGE ( 'NONE', *, *, #551, .T. ) ;
#2612 = CARTESIAN_POINT ( 'NONE',  ( 124.0000000000000284, 26.00000000000000000, -7.999999999999992895 ) ) ;
#2613 = CIRCLE ( 'NONE', #3232, 4.600000000000006750 ) ;
#2614 = AXIS2_PLACEMENT_3D ( 'NONE', #183, #476, #2713 ) ;
#2615 = CARTESIAN_POINT ( 'NONE',  ( 127.0000000000000000, 6.000000000000000000, 0.0000000000000000000 ) ) ;
#2616 = CARTESIAN_POINT ( 'NONE',  ( 3.000000000000000000, 10.00000000000003020, -8.000000000000003553 ) ) ;
#2617 = SPHERICAL_SURFACE ( 'NONE', #2528, 2.000000000000000000 ) ;
#2618 = CARTESIAN_POINT ( 'NONE',  ( 8.000000000000000000, 6.999999999999999112, -108.0000000000000000 ) ) ;
#2619 = CIRCLE ( 'NONE', #2508, 2.000000000000000000 ) ;
#2620 = EDGE_CURVE ( 'NONE', #1538, #1185, #2584, .T. ) ;
#2621 = DIRECTION ( 'NONE',  ( -1.000000000000000000, 0.0000000000000000000, 0.0000000000000000000 ) ) ;
#2622 = EDGE_CURVE ( 'NONE', #703, #2069, #1470, .T. ) ;
#2623 = CARTESIAN_POINT ( 'NONE',  ( 8.000000000000000000, 26.00000000000000000, -108.0000000000000000 ) ) ;
#2624 = EDGE_LOOP ( 'NONE', ( #1092, #825 ) ) ;
#2625 = ORIENTED_EDGE ( 'NONE', *, *, #3178, .T. ) ;
#2626 = ORIENTED_EDGE ( 'NONE', *, *, #2243, .T. ) ;
#2627 = ORIENTED_EDGE ( 'NONE', *, *, #2622, .T. ) ;
#2628 = CARTESIAN_POINT ( 'NONE',  ( 0.0000000000000000000, 42.00000000000000000, -18.00000000000000355 ) ) ;
#2629 = ORIENTED_EDGE ( 'NONE', *, *, #2942, .T. ) ;
#2630 = AXIS2_PLACEMENT_3D ( 'NONE', #2866, #2293, #622 ) ;
#2631 = CARTESIAN_POINT ( 'NONE',  ( 4.251773659796012517, 4.420059382263035630, -111.9861683849175478 ) ) ;
#2632 = PLANE ( 'NONE',  #2684 ) ;
#2633 = ORIENTED_EDGE ( 'NONE', *, *, #2920, .F. ) ;
#2634 = DIRECTION ( 'NONE',  ( 1.000000000000000000, 0.0000000000000000000, 0.0000000000000000000 ) ) ;
#2635 = ORIENTED_EDGE ( 'NONE', *, *, #561, .F. ) ;
#2636 = CARTESIAN_POINT ( 'NONE',  ( 124.0000000000000000, 5.021916647178256810, -112.7445208382054318 ) ) ;
#2637 = DIRECTION ( 'NONE',  ( -1.445602896647337931E-16, 0.0000000000000000000, -1.000000000000000000 ) ) ;
#2638 = DIRECTION ( 'NONE',  ( 1.000000000000000000, 0.0000000000000000000, 0.0000000000000000000 ) ) ;
#2639 = CARTESIAN_POINT ( 'NONE',  ( 117.7978653428238545, 4.000000000000001776, -111.0668546890165373 ) ) ;
#2640 = FACE_OUTER_BOUND ( 'NONE', #1000, .T. ) ;
#2641 = ORIENTED_EDGE ( 'NONE', *, *, #2226, .F. ) ;
#2642 = EDGE_CURVE ( 'NONE', #2430, #1942, #324, .T. ) ;
#2643 = ORIENTED_EDGE ( 'NONE', *, *, #1295, .F. ) ;
#2644 = CIRCLE ( 'NONE', #930, 4.000000000000003553 ) ;
#2645 = DIRECTION ( 'NONE',  ( -0.0000000000000000000, -1.000000000000000000, -0.0000000000000000000 ) ) ;
#2646 = CARTESIAN_POINT ( 'NONE',  ( 3.000000000000000000, 10.00000000000002665, -11.00000000000000355 ) ) ;
#2647 = EDGE_CURVE ( 'NONE', #3568, #2794, #1252, .T. ) ;
#2648 = VECTOR ( 'NONE', #1784, 1000.000000000000000 ) ;
#2649 = VERTEX_POINT ( 'NONE', #689 ) ;
#2650 = CARTESIAN_POINT ( 'NONE',  ( 3.000000000000011990, 10.00000000000002665, -11.00000000000000355 ) ) ;
#2651 = ORIENTED_EDGE ( 'NONE', *, *, #1912, .F. ) ;
#2652 = CARTESIAN_POINT ( 'NONE',  ( 4.253031586434918410, 4.420118004391690114, -4.012784641403029262 ) ) ;
#2653 = VECTOR ( 'NONE', #1069, 1000.000000000000000 ) ;
#2654 = LINE ( 'NONE', #155, #240 ) ;
#2655 = AXIS2_PLACEMENT_3D ( 'NONE', #1946, #2231, #1345 ) ;
#2656 = EDGE_LOOP ( 'NONE', ( #3390, #116, #3196, #2322 ) ) ;
#2657 = DIRECTION ( 'NONE',  ( 1.000000000000000000, 0.0000000000000000000, 0.0000000000000000000 ) ) ;
#2658 = CYLINDRICAL_SURFACE ( 'NONE', #1285, 4.599999999999999645 ) ;
#2659 = CARTESIAN_POINT ( 'NONE',  ( 4.840813540187030917, 4.494782796811695569, -112.3181644906675274 ) ) ;
#2660 = LINE ( 'NONE', #1507, #2571 ) ;
#2661 = CARTESIAN_POINT ( 'NONE',  ( 4.000000000000000000, 4.000000000000000000, -116.0000000000000000 ) ) ;
#2662 = AXIS2_PLACEMENT_3D ( 'NONE', #1656, #3580, #3604 ) ;
#2663 = CARTESIAN_POINT ( 'NONE',  ( 132.0000000000000000, 26.00000000000000000, -16.00000000000000000 ) ) ;
#2664 = DIRECTION ( 'NONE',  ( 0.0000000000000000000, 0.0000000000000000000, 1.000000000000000000 ) ) ;
#2665 = CARTESIAN_POINT ( 'NONE',  ( 24.99999999999998934, 37.99999999999999289, -3.000000000000002665 ) ) ;
#2666 = EDGE_CURVE ( 'NONE', #1325, #2430, #3366, .T. ) ;
#2667 = ORIENTED_EDGE ( 'NONE', *, *, #1405, .T. ) ;
#2668 = CARTESIAN_POINT ( 'NONE',  ( 0.0000000000000000000, 42.00000000000000000, -78.00000000000000000 ) ) ;
#2669 = DATE_TIME_ROLE ( 'creation_date' ) ;
#2670 = ORIENTED_EDGE ( 'NONE', *, *, #816, .T. ) ;
#2671 = EDGE_CURVE ( 'NONE', #845, #1966, #2644, .T. ) ;
#2672 = DIRECTION ( 'NONE',  ( 1.000000000000000000, 0.0000000000000000000, 0.0000000000000000000 ) ) ;
#2673 = LOCAL_TIME ( 16, 22, 53.00000000000000000, #3009 ) ;
#2674 = ORIENTED_EDGE ( 'NONE', *, *, #937, .F. ) ;
#2675 = DIRECTION ( 'NONE',  ( 0.0000000000000000000, 0.0000000000000000000, -1.000000000000000000 ) ) ;
#2676 = VERTEX_POINT ( 'NONE', #395 ) ;
#2677 = DIRECTION ( 'NONE',  ( 0.0000000000000000000, -1.000000000000000000, 0.0000000000000000000 ) ) ;
#2678 = EDGE_LOOP ( 'NONE', ( #1278, #836, #459, #2336 ) ) ;
#2679 = CARTESIAN_POINT ( 'NONE',  ( 21.99999999999999289, 4.000000000000000000, -116.0000000000000000 ) ) ;
#2680 = CARTESIAN_POINT ( 'NONE',  ( 128.0000000000000000, 54.00000000000000711, -112.0000000000000000 ) ) ;
#2681 = ORIENTED_EDGE ( 'NONE', *, *, #2620, .F. ) ;
#2682 = AXIS2_PLACEMENT_3D ( 'NONE', #1425, #1662, #2536 ) ;
#2683 = ORIENTED_EDGE ( 'NONE', *, *, #2518, .F. ) ;
#2684 = AXIS2_PLACEMENT_3D ( 'NONE', #161, #146, #171 ) ;
#2685 = DIRECTION ( 'NONE',  ( 1.000000000000000000, 0.0000000000000000000, 0.0000000000000000000 ) ) ;
#2686 = CARTESIAN_POINT ( 'NONE',  ( 125.0380409861266457, 5.021916647178256810, -112.7445208382054318 ) ) ;
#2687 = VECTOR ( 'NONE', #184, 1000.000000000000000 ) ;
#2688 = DIRECTION ( 'NONE',  ( -0.0000000000000000000, -1.000000000000000000, -0.0000000000000000000 ) ) ;
#2689 = ORIENTED_EDGE ( 'NONE', *, *, #265, .T. ) ;
#2690 = CC_DESIGN_PERSON_AND_ORGANIZATION_ASSIGNMENT ( #2234, #3210, ( #2893 ) ) ;
#2691 = DIRECTION ( 'NONE',  ( -9.427844978134807875E-17, 0.0000000000000000000, -1.000000000000000000 ) ) ;
#2692 = DIRECTION ( 'NONE',  ( 0.0000000000000000000, 0.0000000000000000000, -1.000000000000000000 ) ) ;
#2693 = CYLINDRICAL_SURFACE ( 'NONE', #1903, 4.000000000000000000 ) ;
#2694 = VERTEX_POINT ( 'NONE', #2661 ) ;
#2695 = DIRECTION ( 'NONE',  ( -0.0000000000000000000, -0.0000000000000000000, -1.000000000000000000 ) ) ;
#2696 = FACE_OUTER_BOUND ( 'NONE', #2624, .T. ) ;
#2697 = EDGE_CURVE ( 'NONE', #1194, #2254, #2127, .T. ) ;
#2698 = EDGE_LOOP ( 'NONE', ( #2427, #1183, #1459, #337 ) ) ;
#2699 = VECTOR ( 'NONE', #2483, 1000.000000000000000 ) ;
#2700 = EDGE_LOOP ( 'NONE', ( #576, #3354 ) ) ;
#2701 = DIRECTION ( 'NONE',  ( 0.0000000000000000000, 1.000000000000000000, 0.0000000000000000000 ) ) ;
#2702 = DIRECTION ( 'NONE',  ( 0.0000000000000000000, 0.0000000000000000000, -1.000000000000000000 ) ) ;
#2703 = ORIENTED_EDGE ( 'NONE', *, *, #1025, .F. ) ;
#2704 = DIRECTION ( 'NONE',  ( 1.000000000000000000, 0.0000000000000000000, -1.222191539892750677E-16 ) ) ;
#2705 = DIRECTION ( 'NONE',  ( 1.000000000000000000, 0.0000000000000000000, 0.0000000000000000000 ) ) ;
#2706 = CYLINDRICAL_SURFACE ( 'NONE', #3092, 4.000000000000003553 ) ;
#2707 = LINE ( 'NONE', #907, #956 ) ;
#2708 = EDGE_LOOP ( 'NONE', ( #1817, #2674, #1062, #481 ) ) ;
#2709 = VECTOR ( 'NONE', #1949, 1000.000000000000000 ) ;
#2710 = AXIS2_PLACEMENT_3D ( 'NONE', #2076, #682, #2621 ) ;
#2711 = CARTESIAN_POINT ( 'NONE',  ( 124.0000000000000284, 26.00000000000000000, -7.999999999999992895 ) ) ;
#2712 = SECURITY_CLASSIFICATION ( '', '', #2353 ) ;
#2713 = DIRECTION ( 'NONE',  ( 0.0000000000000000000, 0.0000000000000000000, -1.000000000000000000 ) ) ;
#2714 = DIRECTION ( 'NONE',  ( 0.0000000000000000000, 0.0000000000000000000, -1.000000000000000000 ) ) ;
#2715 = ORIENTED_EDGE ( 'NONE', *, *, #2756, .T. ) ;
#2716 = CARTESIAN_POINT ( 'NONE',  ( 8.000000000000012434, 4.000000000000000000, -6.549999999999993605 ) ) ;
#2717 = EDGE_CURVE ( 'NONE', #2560, #1079, #103, .T. ) ;
#2718 = ORIENTED_EDGE ( 'NONE', *, *, #1095, .T. ) ;
#2719 = ORIENTED_EDGE ( 'NONE', *, *, #2787, .F. ) ;
#2720 = FACE_OUTER_BOUND ( 'NONE', #613, .T. ) ;
#2721 = EDGE_CURVE ( 'NONE', #1167, #430, #2205, .T. ) ;
#2722 = DIRECTION ( 'NONE',  ( -1.000000000000000000, -0.0000000000000000000, -0.0000000000000000000 ) ) ;
#2723 = CARTESIAN_POINT ( 'NONE',  ( 4.278759050783992990, 4.126285203506012245, -103.1385980512169596 ) ) ;
#2724 = EDGE_LOOP ( 'NONE', ( #869, #2926, #2441, #3231, #3201, #3233, #2489, #681 ) ) ;
#2725 = DIRECTION ( 'NONE',  ( -1.000000000000000000, 0.0000000000000000000, 0.0000000000000000000 ) ) ;
#2726 = FACE_OUTER_BOUND ( 'NONE', #3563, .T. ) ;
#2727 = AXIS2_PLACEMENT_3D ( 'NONE', #3202, #2343, #115 ) ;
#2728 = PLANE ( 'NONE',  #1233 ) ;
#2729 = CARTESIAN_POINT ( 'NONE',  ( 8.000000000000012434, 4.000000000000000000, -7.999999999999992895 ) ) ;
#2730 = DIRECTION ( 'NONE',  ( 0.0000000000000000000, 1.000000000000000000, 0.0000000000000000000 ) ) ;
#2731 = FACE_OUTER_BOUND ( 'NONE', #2656, .T. ) ;
#2732 = EDGE_CURVE ( 'NONE', #1236, #2339, #1713, .T. ) ;
#2733 = DIRECTION ( 'NONE',  ( 1.000000000000000000, 0.0000000000000000000, 0.0000000000000000000 ) ) ;
#2734 = CIRCLE ( 'NONE', #471, 4.000000000000003553 ) ;
#2735 = ORIENTED_EDGE ( 'NONE', *, *, #2721, .F. ) ;
#2736 = EDGE_CURVE ( 'NONE', #3294, #1283, #1067, .T. ) ;
#2737 = ORIENTED_EDGE ( 'NONE', *, *, #1836, .T. ) ;
#2738 = LINE ( 'NONE', #3548, #2050 ) ;
#2739 = CARTESIAN_POINT ( 'NONE',  ( 0.0000000000000000000, 26.00000000000001066, -8.000000000000017764 ) ) ;
#2740 = LINE ( 'NONE', #1149, #3258 ) ;
#2741 = ORIENTED_EDGE ( 'NONE', *, *, #2092, .F. ) ;
#2742 = FACE_OUTER_BOUND ( 'NONE', #54, .T. ) ;
#2743 = LINE ( 'NONE', #38, #418 ) ;
#2744 = EDGE_CURVE ( 'NONE', #2282, #2390, #227, .T. ) ;
#2745 = CARTESIAN_POINT ( 'NONE',  ( 123.7188910434325066, 5.021916647178256810, -112.7445208382054318 ) ) ;
#2746 = AXIS2_PLACEMENT_3D ( 'NONE', #424, #978, #2692 ) ;
#2747 = ORIENTED_EDGE ( 'NONE', *, *, #1361, .F. ) ;
#2748 = DIRECTION ( 'NONE',  ( -0.0000000000000000000, 1.000000000000000000, -0.0000000000000000000 ) ) ;
#2749 = ORIENTED_EDGE ( 'NONE', *, *, #609, .F. ) ;
#2750 = CARTESIAN_POINT ( 'NONE',  ( 3.329939419224993369, 4.894908106104196577, -106.6017828808493562 ) ) ;
#2751 = CARTESIAN_POINT ( 'NONE',  ( 3.000000000000012434, 6.000000000000000000, -5.000000000000004441 ) ) ;
#2752 = DIRECTION ( 'NONE',  ( 0.0000000000000000000, 0.0000000000000000000, -1.000000000000000000 ) ) ;
#2753 = CARTESIAN_POINT ( 'NONE',  ( 3.000000000000000000, 6.999999999999992006, -108.0000000000000142 ) ) ;
#2754 = ORIENTED_EDGE ( 'NONE', *, *, #1912, .T. ) ;
#2755 = ORIENTED_EDGE ( 'NONE', *, *, #723, .F. ) ;
#2756 = EDGE_CURVE ( 'NONE', #2015, #971, #946, .T. ) ;
#2757 = VERTEX_POINT ( 'NONE', #2423 ) ;
#2758 = VERTEX_POINT ( 'NONE', #182 ) ;
#2759 = CALENDAR_DATE ( 2019, 12, 12 ) ;
#2760 = EDGE_CURVE ( 'NONE', #288, #1519, #2250, .T. ) ;
#2761 = DIRECTION ( 'NONE',  ( -0.0000000000000000000, 0.0000000000000000000, 1.000000000000000000 ) ) ;
#2762 = ADVANCED_FACE ( 'NONE', ( #2338 ), #894, .F. ) ;
#2763 = CARTESIAN_POINT ( 'NONE',  ( 50.00000000000000000, 41.99999999999999289, -98.00000000000000000 ) ) ;
#2764 = DIRECTION ( 'NONE',  ( 0.0000000000000000000, -1.000000000000000000, 0.0000000000000000000 ) ) ;
#2765 = PLANE ( 'NONE',  #2078 ) ;
#2766 = CARTESIAN_POINT ( 'NONE',  ( 119.0000000000000000, 26.00000000000000000, -116.0000000000000000 ) ) ;
#2767 = VECTOR ( 'NONE', #3239, 1000.000000000000000 ) ;
#2768 = AXIS2_PLACEMENT_3D ( 'NONE', #101, #2114, #1733 ) ;
#2769 = ORIENTED_EDGE ( 'NONE', *, *, #1073, .T. ) ;
#2770 = VECTOR ( 'NONE', #3490, 1000.000000000000000 ) ;
#2771 = DIRECTION ( 'NONE',  ( -0.0000000000000000000, -1.000000000000000000, -0.0000000000000000000 ) ) ;
#2772 = ORIENTED_EDGE ( 'NONE', *, *, #221, .F. ) ;
#2773 = AXIS2_PLACEMENT_3D ( 'NONE', #3528, #1324, #2396 ) ;
#2774 = CIRCLE ( 'NONE', #2128, 4.599999999999992539 ) ;
#2775 = DIRECTION ( 'NONE',  ( 0.0000000000000000000, 0.0000000000000000000, -1.000000000000000000 ) ) ;
#2776 = DIRECTION ( 'NONE',  ( -1.000000000000000000, 0.0000000000000000000, 0.0000000000000000000 ) ) ;
#2777 = ORIENTED_EDGE ( 'NONE', *, *, #2013, .T. ) ;
#2778 = LINE ( 'NONE', #3074, #3075 ) ;
#2779 = EDGE_CURVE ( 'NONE', #1840, #1185, #1728, .T. ) ;
#2780 = EDGE_LOOP ( 'NONE', ( #168, #995, #2122, #1359 ) ) ;
#2781 = DIRECTION ( 'NONE',  ( 0.0000000000000000000, -1.000000000000000000, 0.0000000000000000000 ) ) ;
#2782 = FACE_OUTER_BOUND ( 'NONE', #568, .T. ) ;
#2783 = ORIENTED_EDGE ( 'NONE', *, *, #3449, .T. ) ;
#2784 = ADVANCED_FACE ( 'NONE', ( #1636 ), #1554, .F. ) ;
#2785 = CIRCLE ( 'NONE', #2862, 7.000000000000006217 ) ;
#2786 = CARTESIAN_POINT ( 'NONE',  ( 50.00000000000000000, 42.00000000000000000, -58.00000000000000711 ) ) ;
#2787 = EDGE_CURVE ( 'NONE', #1360, #2162, #1602, .T. ) ;
#2788 = FACE_OUTER_BOUND ( 'NONE', #522, .T. ) ;
#2789 = ORIENTED_EDGE ( 'NONE', *, *, #3130, .F. ) ;
#2790 = CARTESIAN_POINT ( 'NONE',  ( 0.0000000000000000000, 42.00000000000000000, -78.00000000000000000 ) ) ;
#2791 = AXIS2_PLACEMENT_3D ( 'NONE', #513, #1622, #1124 ) ;
#2792 = CARTESIAN_POINT ( 'NONE',  ( 124.0000000000000284, 4.000000000000000000, -7.999999999999992895 ) ) ;
#2793 = DIRECTION ( 'NONE',  ( -1.000000000000000000, 0.0000000000000000000, 0.0000000000000000000 ) ) ;
#2794 = VERTEX_POINT ( 'NONE', #195 ) ;
#2795 = AXIS2_PLACEMENT_3D ( 'NONE', #1001, #1835, #1590 ) ;
#2796 = ORIENTED_EDGE ( 'NONE', *, *, #652, .T. ) ;
#2797 = VERTEX_POINT ( 'NONE', #2454 ) ;
#2798 = EDGE_LOOP ( 'NONE', ( #603, #573, #1861, #2629, #2247, #585, #1165, #1422 ) ) ;
#2799 = DIRECTION ( 'NONE',  ( -0.0000000000000000000, -1.000000000000000000, -0.0000000000000000000 ) ) ;
#2800 = EDGE_CURVE ( 'NONE', #3270, #3600, #10, .T. ) ;
#2801 = ADVANCED_FACE ( 'NONE', ( #3117 ), #2292, .F. ) ;
#2802 = ORIENTED_EDGE ( 'NONE', *, *, #3007, .T. ) ;
#2803 = DIRECTION ( 'NONE',  ( 0.0000000000000000000, 0.0000000000000000000, 1.000000000000000000 ) ) ;
#2804 = CARTESIAN_POINT ( 'NONE',  ( 0.0000000000000000000, 7.000000000000025757, -10.99999999999999645 ) ) ;
#2805 = CARTESIAN_POINT ( 'NONE',  ( 119.0000000000000000, 40.99999999999999289, 0.0000000000000000000 ) ) ;
#2806 = EDGE_CURVE ( 'NONE', #152, #1519, #1513, .T. ) ;
#2807 = CARTESIAN_POINT ( 'NONE',  ( 0.0000000000000000000, 28.99999999999998934, -105.0000000000000142 ) ) ;
#2808 = PLANE ( 'NONE',  #643 ) ;
#2809 = DIRECTION ( 'NONE',  ( 0.0000000000000000000, 0.0000000000000000000, 1.000000000000000000 ) ) ;
#2810 = CARTESIAN_POINT ( 'NONE',  ( 129.0000000000000000, 6.000000000000000000, -111.0000000000000000 ) ) ;
#2811 = FACE_OUTER_BOUND ( 'NONE', #2058, .T. ) ;
#2812 = ORIENTED_EDGE ( 'NONE', *, *, #3138, .F. ) ;
#2813 = ADVANCED_FACE ( 'NONE', ( #2989 ), #669, .F. ) ;
#2814 = CARTESIAN_POINT ( 'NONE',  ( 128.6846438823191363, 4.918702152545850304, -6.551016375515466450 ) ) ;
#2815 = CARTESIAN_POINT ( 'NONE',  ( 8.000000000000000000, 4.000000000000000000, -100.9999999999999858 ) ) ;
#2816 = LINE ( 'NONE', #62, #1159 ) ;
#2817 = AXIS2_PLACEMENT_3D ( 'NONE', #1682, #11, #2793 ) ;
#2818 = ORIENTED_EDGE ( 'NONE', *, *, #1027, .F. ) ;
#2819 = ADVANCED_FACE ( 'NONE', ( #3025 ), #1772, .F. ) ;
#2820 = DIRECTION ( 'NONE',  ( -1.000000000000000000, 0.0000000000000000000, 0.0000000000000000000 ) ) ;
#2821 = ORIENTED_EDGE ( 'NONE', *, *, #3076, .T. ) ;
#2822 = DIRECTION ( 'NONE',  ( -1.000000000000000000, 0.0000000000000000000, 0.0000000000000000000 ) ) ;
#2823 = EDGE_LOOP ( 'NONE', ( #540, #2072, #3251, #3430 ) ) ;
#2824 = CARTESIAN_POINT ( 'NONE',  ( 127.0000000000000000, 4.000000000000000000, -14.32455532033675460 ) ) ;
#2825 = FACE_OUTER_BOUND ( 'NONE', #2169, .T. ) ;
#2826 = FACE_OUTER_BOUND ( 'NONE', #631, .T. ) ;
#2827 = EDGE_CURVE ( 'NONE', #2325, #514, #852, .T. ) ;
#2828 = CARTESIAN_POINT ( 'NONE',  ( 127.7212409492162237, 4.126285203506073529, -12.86140194878264431 ) ) ;
#2829 = EDGE_LOOP ( 'NONE', ( #2883, #2840, #939, #189 ) ) ;
#2830 = CARTESIAN_POINT ( 'NONE',  ( 132.0000000000000000, 54.00000000000000711, -112.0000000000000000 ) ) ;
#2831 = LINE ( 'NONE', #1407, #866 ) ;
#2832 = FACE_BOUND ( 'NONE', #1932, .T. ) ;
#2833 = CARTESIAN_POINT ( 'NONE',  ( 124.0000000000000284, 26.00000000000000000, -7.999999999999992895 ) ) ;
#2834 = CARTESIAN_POINT ( 'NONE',  ( 127.1611363385971032, 4.494308984065982671, -112.3176535167282282 ) ) ;
#2835 = ADVANCED_FACE ( 'NONE', ( #2640 ), #761, .T. ) ;
#2836 = ORIENTED_EDGE ( 'NONE', *, *, #1889, .F. ) ;
#2837 =( LENGTH_UNIT ( ) NAMED_UNIT ( * ) SI_UNIT ( .MILLI., .METRE. ) );
#2838 = AXIS2_PLACEMENT_3D ( 'NONE', #3248, #2947, #147 ) ;
#2839 = CARTESIAN_POINT ( 'NONE',  ( 0.0000000000000000000, 42.00000000000000711, -42.60000000000000853 ) ) ;
#2840 = ORIENTED_EDGE ( 'NONE', *, *, #867, .T. ) ;
#2841 = ORIENTED_EDGE ( 'NONE', *, *, #1543, .F. ) ;
#2842 = PERSON_AND_ORGANIZATION ( #1443, #989 ) ;
#2843 = AXIS2_PLACEMENT_3D ( 'NONE', #174, #2677, #2714 ) ;
#2844 = ORIENTED_EDGE ( 'NONE', *, *, #180, .F. ) ;
#2845 = CARTESIAN_POINT ( 'NONE',  ( 124.0000000000000000, 26.00000000000000000, -108.0000000000000000 ) ) ;
#2846 = ORIENTED_EDGE ( 'NONE', *, *, #913, .T. ) ;
#2847 = ORIENTED_EDGE ( 'NONE', *, *, #2317, .F. ) ;
#2848 = FACE_OUTER_BOUND ( 'NONE', #237, .T. ) ;
#2849 = CARTESIAN_POINT ( 'NONE',  ( 8.000000000000010658, 5.021916647178268356, -3.255479161794563758 ) ) ;
#2850 = ADVANCED_FACE ( 'NONE', ( #586 ), #2335, .F. ) ;
#2851 = CARTESIAN_POINT ( 'NONE',  ( 8.000000000000012434, 6.999999999999999112, -7.999999999999992895 ) ) ;
#2852 = DIRECTION ( 'NONE',  ( 0.0000000000000000000, 0.0000000000000000000, -1.000000000000000000 ) ) ;
#2853 = EDGE_CURVE ( 'NONE', #717, #925, #316, .T. ) ;
#2854 = DIRECTION ( 'NONE',  ( 0.0000000000000000000, 0.0000000000000000000, -1.000000000000000000 ) ) ;
#2855 = VERTEX_POINT ( 'NONE', #1117 ) ;
#2856 = CARTESIAN_POINT ( 'NONE',  ( 4.532983073652471440, 4.053313428471305713, -13.41424105239396347 ) ) ;
#2857 = CIRCLE ( 'NONE', #3321, 4.000000000000003553 ) ;
#2858 = DIRECTION ( 'NONE',  ( -1.000000000000000000, 0.0000000000000000000, 0.0000000000000000000 ) ) ;
#2859 = VERTEX_POINT ( 'NONE', #253 ) ;
#2860 = CYLINDRICAL_SURFACE ( 'NONE', #2488, 1.449999999999999956 ) ;
#2861 = DIRECTION ( 'NONE',  ( -1.000000000000000000, 0.0000000000000000000, 0.0000000000000000000 ) ) ;
#2862 = AXIS2_PLACEMENT_3D ( 'NONE', #3272, #3571, #2752 ) ;
#2863 = CARTESIAN_POINT ( 'NONE',  ( 13.32669883979505343, 4.061962540613239803, -4.490538689431606834 ) ) ;
#2864 = CIRCLE ( 'NONE', #2746, 3.000000000000002665 ) ;
#2865 = AXIS2_PLACEMENT_3D ( 'NONE', #1576, #1549, #3237 ) ;
#2866 = CARTESIAN_POINT ( 'NONE',  ( 127.0000000000000000, 6.000000000000000000, -5.000000000000002665 ) ) ;
#2867 = TOROIDAL_SURFACE ( 'NONE', #2662, 7.000000000000001776, 3.000000000000000000 ) ;
#2868 = ORIENTED_EDGE ( 'NONE', *, *, #1525, .T. ) ;
#2869 = LINE ( 'NONE', #3470, #2136 ) ;
#2870 = ADVANCED_FACE ( 'NONE', ( #1815 ), #1890, .F. ) ;
#2871 = EDGE_LOOP ( 'NONE', ( #3086, #552 ) ) ;
#2872 = CC_DESIGN_APPROVAL ( #1825, ( #2712 ) ) ;
#2873 = CARTESIAN_POINT ( 'NONE',  ( 124.0000000000000000, 4.000000000000000000, -108.0000000000000000 ) ) ;
#2874 = FACE_OUTER_BOUND ( 'NONE', #1782, .T. ) ;
#2875 = CIRCLE ( 'NONE', #2710, 2.999999999999999112 ) ;
#2876 = DIRECTION ( 'NONE',  ( 0.0000000000000000000, 0.0000000000000000000, -1.000000000000000000 ) ) ;
#2877 = CARTESIAN_POINT ( 'NONE',  ( 0.0000000000000000000, 9.999999999999992895, -105.0000000000000142 ) ) ;
#2878 = EDGE_CURVE ( 'NONE', #2934, #1221, #583, .T. ) ;
#2879 = CARTESIAN_POINT ( 'NONE',  ( 5.000000000000013323, 6.000000000000000000, -6.110957699463768669E-16 ) ) ;
#2880 = ORIENTED_EDGE ( 'NONE', *, *, #1077, .F. ) ;
#2881 = DIRECTION ( 'NONE',  ( -1.000000000000000000, 0.0000000000000000000, 2.065146995210484695E-17 ) ) ;
#2882 = ORIENTED_EDGE ( 'NONE', *, *, #1166, .T. ) ;
#2883 = ORIENTED_EDGE ( 'NONE', *, *, #1361, .T. ) ;
#2884 = ORIENTED_EDGE ( 'NONE', *, *, #1873, .T. ) ;
#2885 = ADVANCED_FACE ( 'NONE', ( #2811 ), #2693, .T. ) ;
#2886 = ORIENTED_EDGE ( 'NONE', *, *, #1873, .F. ) ;
#2887 = CARTESIAN_POINT ( 'NONE',  ( 4.999999999999999112, 4.533464469860597035, -112.3598799722176835 ) ) ;
#2888 = DIRECTION ( 'NONE',  ( 1.222191539892750677E-16, 0.0000000000000000000, 1.000000000000000000 ) ) ;
#2889 = LINE ( 'NONE', #732, #574 ) ;
#2890 = CARTESIAN_POINT ( 'NONE',  ( 0.0000000000000000000, 9.999999999999991118, -108.0000000000000142 ) ) ;
#2891 = DIRECTION ( 'NONE',  ( 1.000000000000000000, 0.0000000000000000000, -2.065146995210484695E-17 ) ) ;
#2892 = CARTESIAN_POINT ( 'NONE',  ( 132.0000000000000000, 38.00000000000000000, -15.99999999999999645 ) ) ;
#2893 = PRODUCT_DEFINITION_FORMATION_WITH_SPECIFIED_SOURCE ( 'ANY', '', #896, .NOT_KNOWN. ) ;
#2894 = DIRECTION ( 'NONE',  ( 1.000000000000000000, 0.0000000000000000000, -0.0000000000000000000 ) ) ;
#2895 = EDGE_CURVE ( 'NONE', #2422, #17, #404, .T. ) ;
#2896 = PLANE ( 'NONE',  #666 ) ;
#2897 = CIRCLE ( 'NONE', #1537, 3.000000000000002665 ) ;
#2898 = CARTESIAN_POINT ( 'NONE',  ( 0.0000000000000000000, 0.0000000000000000000, -4.000000000000000000 ) ) ;
#2899 = DIRECTION ( 'NONE',  ( 0.0000000000000000000, -1.000000000000000000, 0.0000000000000000000 ) ) ;
#2900 = EDGE_CURVE ( 'NONE', #1360, #617, #2504, .T. ) ;
#2901 = EDGE_LOOP ( 'NONE', ( #251, #1895, #2010, #3332 ) ) ;
#2902 = PLANE ( 'NONE',  #1290 ) ;
#2903 = LINE ( 'NONE', #645, #3536 ) ;
#2904 = CARTESIAN_POINT ( 'NONE',  ( 124.0000000000000000, 26.00000000000000000, -108.0000000000000000 ) ) ;
#2905 = CIRCLE ( 'NONE', #597, 2.999999999999999112 ) ;
#2906 = AXIS2_PLACEMENT_3D ( 'NONE', #2958, #2981, #2389 ) ;
#2907 = ORIENTED_EDGE ( 'NONE', *, *, #461, .T. ) ;
#2908 = CARTESIAN_POINT ( 'NONE',  ( 3.743917505581500826, 4.466597215412887678, -111.3159515752377189 ) ) ;
#2909 = VERTEX_POINT ( 'NONE', #2500 ) ;
#2910 = DIRECTION ( 'NONE',  ( 1.000000000000000000, 0.0000000000000000000, 0.0000000000000000000 ) ) ;
#2911 = CYLINDRICAL_SURFACE ( 'NONE', #1920, 3.999999999999993339 ) ;
#2912 = AXIS2_PLACEMENT_3D ( 'NONE', #3434, #606, #641 ) ;
#2913 = CARTESIAN_POINT ( 'NONE',  ( 128.2689282180299131, 4.448011782618165100, -11.35158471000412206 ) ) ;
#2914 = LINE ( 'NONE', #2494, #2517 ) ;
#2915 = DIRECTION ( 'NONE',  ( -1.000000000000000000, 0.0000000000000000000, -2.168404344971008868E-15 ) ) ;
#2916 = CARTESIAN_POINT ( 'NONE',  ( 10.20687292086912024, 4.731912705975543254, -112.5522368705669152 ) ) ;
#2917 = CARTESIAN_POINT ( 'NONE',  ( 124.0000000000000000, 6.999999999999999112, -108.0000000000000000 ) ) ;
#2918 = CIRCLE ( 'NONE', #950, 4.000000000000003553 ) ;
#2919 = FACE_OUTER_BOUND ( 'NONE', #3351, .T. ) ;
#2920 = EDGE_CURVE ( 'NONE', #1325, #2694, #1153, .T. ) ;
#2921 = EDGE_CURVE ( 'NONE', #2015, #1156, #3451, .T. ) ;
#2922 = CARTESIAN_POINT ( 'NONE',  ( 127.9872153585974672, 4.420118004391725641, -4.253031586435510825 ) ) ;
#2923 = CARTESIAN_POINT ( 'NONE',  ( 8.000000000000000000, 26.00000000000000000, -108.0000000000000000 ) ) ;
#2924 = ORIENTED_EDGE ( 'NONE', *, *, #857, .T. ) ;
#2925 = CARTESIAN_POINT ( 'NONE',  ( 128.0000000000000000, 4.000000000000000000, -112.0000000000000000 ) ) ;
#2926 = ORIENTED_EDGE ( 'NONE', *, *, #3487, .T. ) ;
#2927 = DIRECTION ( 'NONE',  ( 0.0000000000000000000, -0.0000000000000000000, -1.000000000000000000 ) ) ;
#2928 = CARTESIAN_POINT ( 'NONE',  ( 8.000000000000000000, 26.00000000000000000, -108.0000000000000000 ) ) ;
#2929 = ORIENTED_EDGE ( 'NONE', *, *, #3269, .T. ) ;
#2930 = EDGE_CURVE ( 'NONE', #1951, #347, #3160, .T. ) ;
#2931 = DATE_AND_TIME ( #1190, #354 ) ;
#2932 = CARTESIAN_POINT ( 'NONE',  ( 132.0000000000000000, 26.00000000000000000, -103.0000000000000000 ) ) ;
#2933 = ORIENTED_EDGE ( 'NONE', *, *, #2806, .F. ) ;
#2934 = VERTEX_POINT ( 'NONE', #3089 ) ;
#2935 = CARTESIAN_POINT ( 'NONE',  ( 127.0000000000000000, 4.533464469858667911, -112.3598799722155945 ) ) ;
#2936 = CARTESIAN_POINT ( 'NONE',  ( 132.0000000000000000, 23.00000000000000000, -16.00000000000000000 ) ) ;
#2937 = CARTESIAN_POINT ( 'NONE',  ( 2.999999999999999556, 26.00000000000000000, -113.0000000000000000 ) ) ;
#2938 = DIRECTION ( 'NONE',  ( 0.0000000000000000000, 0.0000000000000000000, 1.000000000000000000 ) ) ;
#2939 = DIRECTION ( 'NONE',  ( 0.0000000000000000000, 0.0000000000000000000, 1.000000000000000000 ) ) ;
#2940 = CIRCLE ( 'NONE', #521, 4.000000000000000000 ) ;
#2941 = DIRECTION ( 'NONE',  ( 0.0000000000000000000, -1.000000000000000000, 0.0000000000000000000 ) ) ;
#2942 = EDGE_CURVE ( 'NONE', #3499, #2254, #2897, .T. ) ;
#2943 = ORIENTED_EDGE ( 'NONE', *, *, #1702, .T. ) ;
#2944 = CIRCLE ( 'NONE', #1929, 2.999999999999999112 ) ;
#2945 = CARTESIAN_POINT ( 'NONE',  ( 4.999999999999999112, 4.533464469860597035, -112.3598799722176835 ) ) ;
#2946 = CARTESIAN_POINT ( 'NONE',  ( 132.0000000000000000, 0.0000000000000000000, -112.0000000000000000 ) ) ;
#2947 = DIRECTION ( 'NONE',  ( 1.000000000000000000, -0.0000000000000000000, -0.0000000000000000000 ) ) ;
#2948 = EDGE_CURVE ( 'NONE', #1887, #2797, #224, .T. ) ;
#2949 = FACE_BOUND ( 'NONE', #2054, .T. ) ;
#2950 = CARTESIAN_POINT ( 'NONE',  ( 128.0000000000000000, 4.000000000000000000, -112.0000000000000000 ) ) ;
#2951 = LINE ( 'NONE', #275, #106 ) ;
#2952 = EDGE_LOOP ( 'NONE', ( #331, #386, #3399, #611, #1917, #1661, #1315, #747 ) ) ;
#2953 = LINE ( 'NONE', #181, #1902 ) ;
#2954 = FACE_OUTER_BOUND ( 'NONE', #3131, .T. ) ;
#2955 = AXIS2_PLACEMENT_3D ( 'NONE', #1327, #3284, #779 ) ;
#2956 = ORIENTED_EDGE ( 'NONE', *, *, #961, .T. ) ;
#2957 = FACE_OUTER_BOUND ( 'NONE', #1286, .T. ) ;
#2958 = CARTESIAN_POINT ( 'NONE',  ( 3.000000000000016431, 42.00000000000000000, -18.00000000000000355 ) ) ;
#2959 = CYLINDRICAL_SURFACE ( 'NONE', #2418, 4.000000000000000000 ) ;
#2960 = EDGE_LOOP ( 'NONE', ( #2064, #3110, #673, #3052 ) ) ;
#2961 = AXIS2_PLACEMENT_3D ( 'NONE', #1043, #1056, #809 ) ;
#2962 = DIRECTION ( 'NONE',  ( 0.0000000000000000000, 1.000000000000000000, 0.0000000000000000000 ) ) ;
#2963 = DIRECTION ( 'NONE',  ( 0.0000000000000000000, 1.000000000000000000, 0.0000000000000000000 ) ) ;
#2964 = EDGE_CURVE ( 'NONE', #2405, #374, #2988, .T. ) ;
#2965 = ORIENTED_EDGE ( 'NONE', *, *, #2760, .F. ) ;
#2966 = ORIENTED_EDGE ( 'NONE', *, *, #1483, .F. ) ;
#2967 = EDGE_CURVE ( 'NONE', #1951, #1235, #2550, .T. ) ;
#2968 = CARTESIAN_POINT ( 'NONE',  ( 5.974105494652636850, 4.772260910394132694, -112.5828789081693770 ) ) ;
#2969 = ORIENTED_EDGE ( 'NONE', *, *, #3282, .F. ) ;
#2970 = DIRECTION ( 'NONE',  ( -1.000000000000000000, 0.0000000000000000000, 0.0000000000000000000 ) ) ;
#2971 = ORIENTED_EDGE ( 'NONE', *, *, #3465, .T. ) ;
#2972 = DIRECTION ( 'NONE',  ( 1.000000000000000000, 0.0000000000000000000, -1.222191539892750677E-16 ) ) ;
#2973 = CARTESIAN_POINT ( 'NONE',  ( 132.0000000000000000, 4.000000000000000000, -116.0000000000000000 ) ) ;
#2974 = ORIENTED_EDGE ( 'NONE', *, *, #3326, .T. ) ;
#2975 = DIRECTION ( 'NONE',  ( -0.0000000000000000000, -1.000000000000000000, -0.0000000000000000000 ) ) ;
#2976 = DIRECTION ( 'NONE',  ( -0.0000000000000000000, -0.0000000000000000000, 1.000000000000000000 ) ) ;
#2977 = LINE ( 'NONE', #600, #1144 ) ;
#2978 = ORIENTED_EDGE ( 'NONE', *, *, #1386, .F. ) ;
#2979 = AXIS2_PLACEMENT_3D ( 'NONE', #698, #1833, #752 ) ;
#2980 = AXIS2_PLACEMENT_3D ( 'NONE', #280, #2283, #3 ) ;
#2981 = DIRECTION ( 'NONE',  ( 1.000000000000000000, 0.0000000000000000000, -1.222191539892750677E-16 ) ) ;
#2982 = CARTESIAN_POINT ( 'NONE',  ( 127.0000000000000000, 6.000000000000000000, -111.0000000000000000 ) ) ;
#2983 = CARTESIAN_POINT ( 'NONE',  ( 127.0000000000000000, 6.000000000000000000, -5.000000000000002665 ) ) ;
#2984 = EDGE_CURVE ( 'NONE', #2794, #3568, #3199, .T. ) ;
#2985 = VERTEX_POINT ( 'NONE', #634 ) ;
#2986 = DIRECTION ( 'NONE',  ( 1.000000000000000000, 0.0000000000000000000, -2.065146995210484695E-17 ) ) ;
#2987 = CARTESIAN_POINT ( 'NONE',  ( 117.9237516275338464, 4.003439402619625831, -111.1339979205841928 ) ) ;
#2988 = CIRCLE ( 'NONE', #3278, 4.000000000000003553 ) ;
#2989 = FACE_OUTER_BOUND ( 'NONE', #1135, .T. ) ;
#2990 = EDGE_CURVE ( 'NONE', #352, #207, #268, .T. ) ;
#2991 = CARTESIAN_POINT ( 'NONE',  ( 21.99999999999999289, 26.00000000000000000, 0.0000000000000000000 ) ) ;
#2992 = CYLINDRICAL_SURFACE ( 'NONE', #26, 2.000000000000001776 ) ;
#2993 = EDGE_LOOP ( 'NONE', ( #3183, #2929, #2626, #3447 ) ) ;
#2994 = CARTESIAN_POINT ( 'NONE',  ( 3.851201564260175569, 4.355180431098909288, -104.2643538733628077 ) ) ;
#2995 = ORIENTED_EDGE ( 'NONE', *, *, #2264, .F. ) ;
#2996 = CARTESIAN_POINT ( 'NONE',  ( 122.0000000000000000, 37.99999999999999289, 0.0000000000000000000 ) ) ;
#2997 = VECTOR ( 'NONE', #1388, 1000.000000000000000 ) ;
#2998 = FACE_OUTER_BOUND ( 'NONE', #2700, .T. ) ;
#2999 = CYLINDRICAL_SURFACE ( 'NONE', #571, 2.000000000000001776 ) ;
#3000 = AXIS2_PLACEMENT_3D ( 'NONE', #1240, #98, #2082 ) ;
#3001 = DIRECTION ( 'NONE',  ( 0.0000000000000000000, 0.0000000000000000000, 1.000000000000000000 ) ) ;
#3002 = CARTESIAN_POINT ( 'NONE',  ( 124.0000000000000284, 26.00000000000000000, -7.999999999999992895 ) ) ;
#3003 = CARTESIAN_POINT ( 'NONE',  ( 4.951143160608046934, 3.999999999999999112, -101.7649086614164702 ) ) ;
#3004 = EDGE_LOOP ( 'NONE', ( #3533, #2485, #1502, #1584, #2966, #640, #1281, #1573 ) ) ;
#3005 = CARTESIAN_POINT ( 'NONE',  ( 128.0000000000000000, 54.00000000000000711, -116.0000000000000000 ) ) ;
#3006 = PLANE ( 'NONE',  #708 ) ;
#3007 = EDGE_CURVE ( 'NONE', #1938, #1801, #3534, .T. ) ;
#3008 = VERTEX_POINT ( 'NONE', #1160 ) ;
#3009 = COORDINATED_UNIVERSAL_TIME_OFFSET ( 0, 0, .AHEAD. ) ;
#3010 = ORIENTED_EDGE ( 'NONE', *, *, #3370, .F. ) ;
#3011 = EDGE_CURVE ( 'NONE', #2909, #1970, #1112, .T. ) ;
#3012 = CARTESIAN_POINT ( 'NONE',  ( 21.99999999999999289, 37.99999999999999289, 0.0000000000000000000 ) ) ;
#3013 = EDGE_LOOP ( 'NONE', ( #2789, #2846, #1329, #2228, #1773, #3147 ) ) ;
#3014 = VERTEX_POINT ( 'NONE', #3094 ) ;
#3015 = CARTESIAN_POINT ( 'NONE',  ( 127.0000000000000000, 6.000000000000000000, -5.000000000000002665 ) ) ;
#3016 = DIRECTION ( 'NONE',  ( -1.000000000000000000, 0.0000000000000000000, -0.0000000000000000000 ) ) ;
#3017 = CARTESIAN_POINT ( 'NONE',  ( 119.0000000000000000, 37.99999999999999289, -3.000000000000002665 ) ) ;
#3018 = DIRECTION ( 'NONE',  ( 0.0000000000000000000, 0.0000000000000000000, 1.000000000000000000 ) ) ;
#3019 = AXIS2_PLACEMENT_3D ( 'NONE', #2315, #638, #2594 ) ;
#3020 = CARTESIAN_POINT ( 'NONE',  ( 128.2551321689406905, 4.466324286366739393, -111.3178300142754296 ) ) ;
#3021 = CYLINDRICAL_SURFACE ( 'NONE', #2333, 4.599999999999992539 ) ;
#3022 = AXIS2_PLACEMENT_3D ( 'NONE', #1981, #1973, #1996 ) ;
#3023 = CARTESIAN_POINT ( 'NONE',  ( 129.0000000000000000, 54.00000000000000711, -113.0000000000000000 ) ) ;
#3024 = CARTESIAN_POINT ( 'NONE',  ( 3.261795194783185803, 5.010507234517183939, -108.4411439824314130 ) ) ;
#3025 = FACE_OUTER_BOUND ( 'NONE', #3277, .T. ) ;
#3026 = VERTEX_POINT ( 'NONE', #2591 ) ;
#3027 = EDGE_CURVE ( 'NONE', #2360, #2106, #2379, .T. ) ;
#3028 = CARTESIAN_POINT ( 'NONE',  ( 0.0000000000000000000, 4.000000000000000000, 0.0000000000000000000 ) ) ;
#3029 = DIRECTION ( 'NONE',  ( 0.0000000000000000000, -0.0000000000000000000, 1.000000000000000000 ) ) ;
#3030 = TOROIDAL_SURFACE ( 'NONE', #1675, 6.999999999999992895, 3.000000000000000000 ) ;
#3031 = EDGE_LOOP ( 'NONE', ( #2924, #2345, #1863 ) ) ;
#3032 = ADVANCED_FACE ( 'NONE', ( #3114, #1061, #1023, #1596, #1423, #847, #1724 ), #1735, .T. ) ;
#3033 = EDGE_CURVE ( 'NONE', #1125, #3014, #1247, .T. ) ;
#3034 = PERSON_AND_ORGANIZATION ( #1443, #989 ) ;
#3035 = ORIENTED_EDGE ( 'NONE', *, *, #3269, .F. ) ;
#3036 = LINE ( 'NONE', #1340, #1353 ) ;
#3037 = LINE ( 'NONE', #1731, #3129 ) ;
#3038 = DIRECTION ( 'NONE',  ( 0.0000000000000000000, 0.0000000000000000000, -1.000000000000000000 ) ) ;
#3039 = ORIENTED_EDGE ( 'NONE', *, *, #2779, .F. ) ;
#3040 = LINE ( 'NONE', #2610, #72 ) ;
#3041 = CIRCLE ( 'NONE', #2655, 6.999999999999992006 ) ;
#3042 = AXIS2_PLACEMENT_3D ( 'NONE', #1923, #3559, #2733 ) ;
#3043 = CARTESIAN_POINT ( 'NONE',  ( 8.000000000000012434, 26.00000000000000000, -11.99999999999999289 ) ) ;
#3044 = DIRECTION ( 'NONE',  ( -1.000000000000000000, 0.0000000000000000000, 0.0000000000000000000 ) ) ;
#3045 = DIRECTION ( 'NONE',  ( -0.0000000000000000000, 0.0000000000000000000, -1.000000000000000000 ) ) ;
#3046 = VERTEX_POINT ( 'NONE', #610 ) ;
#3047 = AXIS2_PLACEMENT_3D ( 'NONE', #1356, #1629, #2434 ) ;
#3048 = CARTESIAN_POINT ( 'NONE',  ( 0.0000000000000000000, 4.000000000000000000, -4.000000000000000000 ) ) ;
#3049 = ORIENTED_EDGE ( 'NONE', *, *, #1077, .T. ) ;
#3050 = CARTESIAN_POINT ( 'NONE',  ( 0.0000000000000000000, 4.000000000000000000, 0.0000000000000000000 ) ) ;
#3051 = CC_DESIGN_PERSON_AND_ORGANIZATION_ASSIGNMENT ( #3034, #2066, ( #896 ) ) ;
#3052 = ORIENTED_EDGE ( 'NONE', *, *, #1806, .T. ) ;
#3053 = ADVANCED_FACE ( 'NONE', ( #539 ), #1510, .T. ) ;
#3054 = DIRECTION ( 'NONE',  ( 0.0000000000000000000, 0.0000000000000000000, 1.000000000000000000 ) ) ;
#3055 = CARTESIAN_POINT ( 'NONE',  ( 132.0000000000000000, 38.00000000000000000, -18.99999999999999645 ) ) ;
#3056 = DIRECTION ( 'NONE',  ( -0.0000000000000000000, -1.000000000000000000, -0.0000000000000000000 ) ) ;
#3057 = ORIENTED_EDGE ( 'NONE', *, *, #2337, .T. ) ;
#3058 = EDGE_CURVE ( 'NONE', #1664, #1089, #2601, .T. ) ;
#3059 = EDGE_LOOP ( 'NONE', ( #1204, #1846, #3544, #1053 ) ) ;
#3060 = EDGE_LOOP ( 'NONE', ( #2741, #1708, #2452, #406 ) ) ;
#3061 = DIRECTION ( 'NONE',  ( -1.000000000000000000, -0.0000000000000000000, -0.0000000000000000000 ) ) ;
#3062 = ORIENTED_EDGE ( 'NONE', *, *, #3293, .F. ) ;
#3063 = DIRECTION ( 'NONE',  ( -1.000000000000000000, 0.0000000000000000000, 0.0000000000000000000 ) ) ;
#3064 = DIRECTION ( 'NONE',  ( -0.0000000000000000000, -0.0000000000000000000, -1.000000000000000000 ) ) ;
#3065 = CARTESIAN_POINT ( 'NONE',  ( 3.000000000000000000, 28.99999999999998934, -105.0000000000000142 ) ) ;
#3066 = AXIS2_PLACEMENT_3D ( 'NONE', #489, #2163, #2705 ) ;
#3067 = ORIENTED_EDGE ( 'NONE', *, *, #3396, .F. ) ;
#3068 = ADVANCED_FACE ( 'NONE', ( #7 ), #309, .F. ) ;
#3069 = VECTOR ( 'NONE', #1462, 1000.000000000000000 ) ;
#3070 = DIRECTION ( 'NONE',  ( 0.0000000000000000000, 0.0000000000000000000, 1.000000000000000000 ) ) ;
#3071 = ORIENTED_EDGE ( 'NONE', *, *, #2671, .T. ) ;
#3072 = AXIS2_PLACEMENT_3D ( 'NONE', #2279, #2011, #2657 ) ;
#3073 = VECTOR ( 'NONE', #1008, 1000.000000000000000 ) ;
#3074 = CARTESIAN_POINT ( 'NONE',  ( 129.0000000000000000, 26.00000000000000000, -16.00000000000000000 ) ) ;
#3075 = VECTOR ( 'NONE', #1395, 1000.000000000000000 ) ;
#3076 = EDGE_CURVE ( 'NONE', #1236, #760, #2164, .T. ) ;
#3077 = CARTESIAN_POINT ( 'NONE',  ( 129.0000000000000000, 26.00000000000000000, -103.0000000000000000 ) ) ;
#3078 = DIRECTION ( 'NONE',  ( -0.0000000000000000000, 1.000000000000000000, 0.0000000000000000000 ) ) ;
#3079 = DIRECTION ( 'NONE',  ( 0.0000000000000000000, -0.0000000000000000000, -1.000000000000000000 ) ) ;
#3080 = ORIENTED_EDGE ( 'NONE', *, *, #2800, .F. ) ;
#3081 = LINE ( 'NONE', #2240, #1131 ) ;
#3082 = DIRECTION ( 'NONE',  ( 0.0000000000000000000, 0.0000000000000000000, 1.000000000000000000 ) ) ;
#3083 = EDGE_CURVE ( 'NONE', #430, #760, #1297, .T. ) ;
#3084 = CIRCLE ( 'NONE', #1139, 2.000000000000001776 ) ;
#3085 = ADVANCED_FACE ( 'NONE', ( #2459 ), #1188, .T. ) ;
#3086 = ORIENTED_EDGE ( 'NONE', *, *, #108, .F. ) ;
#3087 = LINE ( 'NONE', #267, #1872 ) ;
#3088 = PLANE ( 'NONE',  #1533 ) ;
#3089 = CARTESIAN_POINT ( 'NONE',  ( 3.000000000000015987, 42.00000000000000000, -22.60000000000000142 ) ) ;
#3090 = ADVANCED_FACE ( 'NONE', ( #3362 ), #1335, .F. ) ;
#3091 = DIRECTION ( 'NONE',  ( -0.0000000000000000000, 1.000000000000000000, 0.0000000000000000000 ) ) ;
#3092 = AXIS2_PLACEMENT_3D ( 'NONE', #767, #2143, #745 ) ;
#3093 = CARTESIAN_POINT ( 'NONE',  ( 8.000000000000000000, 26.00000000000000000, -104.0000000000000000 ) ) ;
#3094 = CARTESIAN_POINT ( 'NONE',  ( 132.0000000000000000, 34.99999999999999289, -15.99999999999999645 ) ) ;
#3095 = ORIENTED_EDGE ( 'NONE', *, *, #2450, .F. ) ;
#3096 = AXIS2_PLACEMENT_3D ( 'NONE', #3411, #1756, #2038 ) ;
#3097 = DIRECTION ( 'NONE',  ( 0.0000000000000000000, 1.000000000000000000, 0.0000000000000000000 ) ) ;
#3098 = EDGE_LOOP ( 'NONE', ( #2067, #2783, #1231, #391 ) ) ;
#3099 = EDGE_CURVE ( 'NONE', #3014, #1024, #3285, .T. ) ;
#3100 = DATE_AND_TIME ( #2759, #1174 ) ;
#3101 = ORIENTED_EDGE ( 'NONE', *, *, #2289, .F. ) ;
#3102 = ORIENTED_EDGE ( 'NONE', *, *, #2479, .F. ) ;
#3103 = ADVANCED_FACE ( 'NONE', ( #982, #2726 ), #2372, .F. ) ;
#3104 = ORIENTED_EDGE ( 'NONE', *, *, #3198, .F. ) ;
#3105 = DIRECTION ( 'NONE',  ( 0.0000000000000000000, 0.0000000000000000000, 1.000000000000000000 ) ) ;
#3106 = CARTESIAN_POINT ( 'NONE',  ( 128.4690873786602481, 4.635951421955263108, -10.57832320247803715 ) ) ;
#3107 = EDGE_CURVE ( 'NONE', #288, #3540, #3415, .T. ) ;
#3108 = ADVANCED_FACE ( 'NONE', ( #1940 ), #2902, .F. ) ;
#3109 = CARTESIAN_POINT ( 'NONE',  ( 3.260837395544915029, 5.012199941517024193, -7.584520910856086928 ) ) ;
#3110 = ORIENTED_EDGE ( 'NONE', *, *, #579, .T. ) ;
#3111 = EDGE_CURVE ( 'NONE', #1387, #1048, #1203, .T. ) ;
#3112 = B_SPLINE_CURVE_WITH_KNOTS ( 'NONE', 3,
 ( #344, #2834, #42, #2287, #2429, #771, #496, #3020, #3276, #781 ),
 .UNSPECIFIED., .F., .F.,
 ( 4, 2, 2, 2, 4 ),
 ( 0.0000000000000000000, 0.0005064967774769875723, 0.001012993554953975145, 0.001519490332430962608, 0.002025987109907950289 ),
 .UNSPECIFIED. ) ;
#3113 = DIRECTION ( 'NONE',  ( 0.0000000000000000000, 0.0000000000000000000, -1.000000000000000000 ) ) ;
#3114 = FACE_BOUND ( 'NONE', #156, .T. ) ;
#3115 = DIRECTION ( 'NONE',  ( -1.000000000000000000, -0.0000000000000000000, 1.222191539892750677E-16 ) ) ;
#3116 = CARTESIAN_POINT ( 'NONE',  ( 8.000000000000012434, 26.00000000000000000, -7.999999999999992895 ) ) ;
#3117 = FACE_OUTER_BOUND ( 'NONE', #1440, .T. ) ;
#3118 = AXIS2_PLACEMENT_3D ( 'NONE', #1814, #2963, #706 ) ;
#3119 = CARTESIAN_POINT ( 'NONE',  ( 8.000000000000012434, 26.00000000000000000, -6.549999999999993605 ) ) ;
#3120 = CARTESIAN_POINT ( 'NONE',  ( 128.6680731927482100, 4.891856555681452612, -106.5850590050421403 ) ) ;
#3121 = CARTESIAN_POINT ( 'NONE',  ( 122.0000000000000000, 28.99999999999999645, -116.0000000000000000 ) ) ;
#3122 = LINE ( 'NONE', #559, #898 ) ;
#3123 = ADVANCED_FACE ( 'NONE', ( #1982 ), #1634, .T. ) ;
#3124 = VERTEX_POINT ( 'NONE', #421 ) ;
#3125 = DIRECTION ( 'NONE',  ( 0.0000000000000000000, -1.000000000000000000, 0.0000000000000000000 ) ) ;
#3126 = CIRCLE ( 'NONE', #3022, 4.599999999999999645 ) ;
#3127 = ORIENTED_EDGE ( 'NONE', *, *, #1336, .T. ) ;
#3128 = LINE ( 'NONE', #3439, #1654 ) ;
#3129 = VECTOR ( 'NONE', #47, 1000.000000000000000 ) ;
#3130 = EDGE_CURVE ( 'NONE', #751, #964, #490, .T. ) ;
#3131 = EDGE_LOOP ( 'NONE', ( #2526, #278, #3488, #2651 ) ) ;
#3132 = CARTESIAN_POINT ( 'NONE',  ( 0.0000000000000000000, 4.000000000000000000, -4.000000000000000000 ) ) ;
#3133 = FACE_OUTER_BOUND ( 'NONE', #3325, .T. ) ;
#3134 = CIRCLE ( 'NONE', #2484, 4.000000000000000000 ) ;
#3135 = DIRECTION ( 'NONE',  ( 0.0000000000000000000, -1.000000000000000000, 0.0000000000000000000 ) ) ;
#3136 = VERTEX_POINT ( 'NONE', #3192 ) ;
#3137 = CARTESIAN_POINT ( 'NONE',  ( 127.4670169263483501, 4.053313428471478908, -102.5857589476076157 ) ) ;
#3138 = EDGE_CURVE ( 'NONE', #2206, #2339, #3244, .T. ) ;
#3139 = CARTESIAN_POINT ( 'NONE',  ( 4.000000000000000000, 4.000000000000000000, -116.0000000000000000 ) ) ;
#3140 = ORIENTED_EDGE ( 'NONE', *, *, #1556, .T. ) ;
#3141 = DIRECTION ( 'NONE',  ( -0.0000000000000000000, 1.000000000000000000, -0.0000000000000000000 ) ) ;
#3142 = AXIS2_PLACEMENT_3D ( 'NONE', #3519, #3531, #455 ) ;
#3143 = ADVANCED_FACE ( 'NONE', ( #448 ), #3491, .F. ) ;
#3144 = CARTESIAN_POINT ( 'NONE',  ( 129.0000000000000000, 6.000000000000000000, -5.000000000000002665 ) ) ;
#3145 = EDGE_LOOP ( 'NONE', ( #2211, #1627, #3161, #271 ) ) ;
#3146 = DIRECTION ( 'NONE',  ( -1.222191539892750677E-16, 0.0000000000000000000, -1.000000000000000000 ) ) ;
#3147 = ORIENTED_EDGE ( 'NONE', *, *, #837, .F. ) ;
#3148 = COORDINATED_UNIVERSAL_TIME_OFFSET ( 0, 0, .AHEAD. ) ;
#3149 = AXIS2_PLACEMENT_3D ( 'NONE', #1705, #1988, #1763 ) ;
#3150 = EDGE_LOOP ( 'NONE', ( #1469, #3400, #3523, #811, #2117, #1842, #1983, #3601 ) ) ;
#3151 = CARTESIAN_POINT ( 'NONE',  ( 128.4615398586889512, 4.627731018981464217, -110.6120654291391361 ) ) ;
#3152 = LINE ( 'NONE', #1989, #1883 ) ;
#3153 = EDGE_CURVE ( 'NONE', #2676, #805, #1936, .T. ) ;
#3154 = CARTESIAN_POINT ( 'NONE',  ( 14.20213465717622014, 4.000000000000000000, -4.933145310983433340 ) ) ;
#3155 = DIRECTION ( 'NONE',  ( 0.0000000000000000000, -0.0000000000000000000, 1.000000000000000000 ) ) ;
#3156 = EDGE_CURVE ( 'NONE', #2539, #2106, #2857, .T. ) ;
#3157 = DIRECTION ( 'NONE',  ( 0.0000000000000000000, -1.000000000000000000, -2.312964634635742957E-16 ) ) ;
#3158 = ADVANCED_FACE ( 'NONE', ( #445 ), #3412, .F. ) ;
#3159 = DIRECTION ( 'NONE',  ( 0.0000000000000000000, 0.0000000000000000000, 1.000000000000000000 ) ) ;
#3160 = CIRCLE ( 'NONE', #2215, 4.000000000000000888 ) ;
#3161 = ORIENTED_EDGE ( 'NONE', *, *, #2172, .F. ) ;
#3162 = AXIS2_PLACEMENT_3D ( 'NONE', #159, #2159, #145 ) ;
#3163 = DIRECTION ( 'NONE',  ( -1.000000000000000000, -0.0000000000000000000, -0.0000000000000000000 ) ) ;
#3164 = CIRCLE ( 'NONE', #2060, 2.000000000000001776 ) ;
#3165 = ORIENTED_EDGE ( 'NONE', *, *, #1475, .F. ) ;
#3166 = CARTESIAN_POINT ( 'NONE',  ( 0.0000000000000000000, 54.00000000000000711, -112.0000000000000000 ) ) ;
#3167 = AXIS2_PLACEMENT_3D ( 'NONE', #1839, #149, #408 ) ;
#3168 = DIRECTION ( 'NONE',  ( 0.0000000000000000000, -0.0000000000000000000, -1.000000000000000000 ) ) ;
#3169 = DIRECTION ( 'NONE',  ( 0.0000000000000000000, 0.0000000000000000000, 1.000000000000000000 ) ) ;
#3170 = FACE_OUTER_BOUND ( 'NONE', #3060, .T. ) ;
#3171 = EDGE_LOOP ( 'NONE', ( #1210, #1303, #1531, #2627 ) ) ;
#3172 = EDGE_CURVE ( 'NONE', #2909, #2509, #2290, .T. ) ;
#3173 = VERTEX_POINT ( 'NONE', #378 ) ;
#3174 = CIRCLE ( 'NONE', #469, 3.000000000000002665 ) ;
#3175 = FACE_OUTER_BOUND ( 'NONE', #1480, .T. ) ;
#3176 = APPROVAL_ROLE ( '' ) ;
#3177 = VECTOR ( 'NONE', #827, 1000.000000000000000 ) ;
#3178 = EDGE_CURVE ( 'NONE', #845, #2539, #1375, .T. ) ;
#3179 = CARTESIAN_POINT ( 'NONE',  ( 128.0903600748803228, 4.429203662507183559, -4.389584974230338332 ) ) ;
#3180 = DIRECTION ( 'NONE',  ( 1.000000000000000000, 0.0000000000000000000, -1.222191539892750677E-16 ) ) ;
#3181 = CARTESIAN_POINT ( 'NONE',  ( 128.0000000000000000, 4.000000000000000000, -112.0000000000000000 ) ) ;
#3182 = CARTESIAN_POINT ( 'NONE',  ( 124.0000000000000000, 6.999999999999999112, -111.9999999999999858 ) ) ;
#3183 = ORIENTED_EDGE ( 'NONE', *, *, #1006, .T. ) ;
#3184 = VERTEX_POINT ( 'NONE', #2663 ) ;
#3185 = AXIS2_PLACEMENT_3D ( 'NONE', #1431, #1248, #1798 ) ;
#3186 = CARTESIAN_POINT ( 'NONE',  ( -1.032573497605242347E-16, 6.000000000000000000, -5.000000000000000000 ) ) ;
#3187 = DIRECTION ( 'NONE',  ( 1.000000000000000000, 0.0000000000000000000, 0.0000000000000000000 ) ) ;
#3188 = PERSON_AND_ORGANIZATION ( #1443, #989 ) ;
#3189 = EDGE_LOOP ( 'NONE', ( #301, #1320, #2490, #2514 ) ) ;
#3190 = CARTESIAN_POINT ( 'NONE',  ( 0.0000000000000000000, 4.000000000000000000, 0.0000000000000000000 ) ) ;
#3191 = ORIENTED_EDGE ( 'NONE', *, *, #1432, .T. ) ;
#3192 = CARTESIAN_POINT ( 'NONE',  ( 124.0000000000000000, 4.000000000000000000, -109.4500000000000028 ) ) ;
#3193 = ORIENTED_EDGE ( 'NONE', *, *, #3130, .T. ) ;
#3194 = CARTESIAN_POINT ( 'NONE',  ( 127.0000000000000000, 4.000000000000000000, 0.0000000000000000000 ) ) ;
#3195 = CARTESIAN_POINT ( 'NONE',  ( 127.0000000000000000, 6.000000000000000000, -111.0000000000000000 ) ) ;
#3196 = ORIENTED_EDGE ( 'NONE', *, *, #270, .T. ) ;
#3197 = CARTESIAN_POINT ( 'NONE',  ( 50.00000000000000000, 42.00000000000000000, -78.00000000000000000 ) ) ;
#3198 = EDGE_CURVE ( 'NONE', #430, #1167, #3242, .T. ) ;
#3199 = CIRCLE ( 'NONE', #1956, 1.450000000000006839 ) ;
#3200 = EDGE_CURVE ( 'NONE', #185, #3566, #3320, .T. ) ;
#3201 = ORIENTED_EDGE ( 'NONE', *, *, #252, .T. ) ;
#3202 = CARTESIAN_POINT ( 'NONE',  ( 132.0000000000000000, 34.99999999999999289, -18.99999999999999645 ) ) ;
#3203 = CARTESIAN_POINT ( 'NONE',  ( 9.118321556789883431, 4.947309007624759225, -112.7056747527549589 ) ) ;
#3204 = DIRECTION ( 'NONE',  ( -1.000000000000000000, 0.0000000000000000000, 0.0000000000000000000 ) ) ;
#3205 = CIRCLE ( 'NONE', #853, 4.000000000000000000 ) ;
#3206 = CARTESIAN_POINT ( 'NONE',  ( 3.681835509332478384, 4.494782796811697345, -4.840813540187031805 ) ) ;
#3207 = FACE_BOUND ( 'NONE', #349, .T. ) ;
#3208 = AXIS2_PLACEMENT_3D ( 'NONE', #2628, #82, #960 ) ;
#3209 = EDGE_LOOP ( 'NONE', ( #3381, #2718, #2446, #2772 ) ) ;
#3210 = PERSON_AND_ORGANIZATION_ROLE ( 'design_supplier' ) ;
#3211 = CARTESIAN_POINT ( 'NONE',  ( 4.012784641403038144, 4.420118004391686561, -111.7469684135651136 ) ) ;
#3212 = VERTEX_POINT ( 'NONE', #2161 ) ;
#3213 = VECTOR ( 'NONE', #1862, 1000.000000000000000 ) ;
#3214 = AXIS2_PLACEMENT_3D ( 'NONE', #6, #2262, #824 ) ;
#3215 = CIRCLE ( 'NONE', #4, 3.000000000000002665 ) ;
#3216 = CARTESIAN_POINT ( 'NONE',  ( 124.0000000000000000, 26.00000000000000000, -108.0000000000000000 ) ) ;
#3217 = ORIENTED_EDGE ( 'NONE', *, *, #2964, .F. ) ;
#3218 = DIRECTION ( 'NONE',  ( 0.0000000000000000000, 0.0000000000000000000, -1.000000000000000000 ) ) ;
#3219 = CIRCLE ( 'NONE', #3255, 4.000000000000003553 ) ;
#3220 = FACE_OUTER_BOUND ( 'NONE', #3145, .T. ) ;
#3221 = EDGE_CURVE ( 'NONE', #2227, #2241, #2126, .T. ) ;
#3222 = CARTESIAN_POINT ( 'NONE',  ( 4.838863661402738714, 4.494308984065952473, -3.682346483271802029 ) ) ;
#3223 = ORIENTED_EDGE ( 'NONE', *, *, #3353, .T. ) ;
#3224 = EDGE_CURVE ( 'NONE', #1455, #368, #52, .T. ) ;
#3225 = CARTESIAN_POINT ( 'NONE',  ( 129.0000000000000000, 23.00000000000000000, -113.0000000000000000 ) ) ;
#3226 = ORIENTED_EDGE ( 'NONE', *, *, #3011, .T. ) ;
#3227 = CARTESIAN_POINT ( 'NONE',  ( 0.0000000000000000000, 40.99999999999999289, -116.0000000000000000 ) ) ;
#3228 = DIRECTION ( 'NONE',  ( 1.000000000000000000, -0.0000000000000000000, -0.0000000000000000000 ) ) ;
#3229 = EDGE_LOOP ( 'NONE', ( #1191, #1783, #709, #2512 ) ) ;
#3230 = DIRECTION ( 'NONE',  ( -1.000000000000000000, -0.0000000000000000000, -0.0000000000000000000 ) ) ;
#3231 = ORIENTED_EDGE ( 'NONE', *, *, #3224, .T. ) ;
#3232 = AXIS2_PLACEMENT_3D ( 'NONE', #3575, #2820, #3070 ) ;
#3233 = ORIENTED_EDGE ( 'NONE', *, *, #2092, .T. ) ;
#3234 = ORIENTED_EDGE ( 'NONE', *, *, #2732, .F. ) ;
#3235 = AXIS2_PLACEMENT_3D ( 'NONE', #2983, #1323, #1600 ) ;
#3236 = FACE_OUTER_BOUND ( 'NONE', #1947, .T. ) ;
#3237 = DIRECTION ( 'NONE',  ( 0.0000000000000000000, 0.0000000000000000000, 1.000000000000000000 ) ) ;
#3238 = CARTESIAN_POINT ( 'NONE',  ( 125.2785355097615110, 4.912294849172051947, -3.320681765601053215 ) ) ;
#3239 = DIRECTION ( 'NONE',  ( -0.0000000000000000000, -0.0000000000000000000, -1.000000000000000000 ) ) ;
#3240 = CARTESIAN_POINT ( 'NONE',  ( 3.000000000000002665, 41.99999999999999289, -98.00000000000000000 ) ) ;
#3241 = DIRECTION ( 'NONE',  ( 1.000000000000000000, 0.0000000000000000000, 0.0000000000000000000 ) ) ;
#3242 = CIRCLE ( 'NONE', #2773, 3.999999999999992450 ) ;
#3243 = EDGE_CURVE ( 'NONE', #3540, #288, #2597, .T. ) ;
#3244 = LINE ( 'NONE', #2358, #713 ) ;
#3245 = ORIENTED_EDGE ( 'NONE', *, *, #223, .F. ) ;
#3246 = CARTESIAN_POINT ( 'NONE',  ( 7.742561129146123378, 5.021916647177592452, -112.7445208382050765 ) ) ;
#3247 = CARTESIAN_POINT ( 'NONE',  ( 122.8816784432103333, 4.947309007624784982, -3.294325247245037058 ) ) ;
#3248 = CARTESIAN_POINT ( 'NONE',  ( 129.0000000000000000, 34.99999999999999289, -18.99999999999999645 ) ) ;
#3249 = CARTESIAN_POINT ( 'NONE',  ( 8.000000000000012434, 4.000000000000000000, -9.449999999999993960 ) ) ;
#3250 = VECTOR ( 'NONE', #3495, 1000.000000000000000 ) ;
#3251 = ORIENTED_EDGE ( 'NONE', *, *, #2294, .T. ) ;
#3252 = PLANE ( 'NONE',  #2098 ) ;
#3253 = CIRCLE ( 'NONE', #3391, 2.999999999999999112 ) ;
#3254 = ORIENTED_EDGE ( 'NONE', *, *, #135, .F. ) ;
#3255 = AXIS2_PLACEMENT_3D ( 'NONE', #222, #1022, #198 ) ;
#3256 = ORIENTED_EDGE ( 'NONE', *, *, #1891, .F. ) ;
#3257 = FACE_OUTER_BOUND ( 'NONE', #2184, .T. ) ;
#3258 = VECTOR ( 'NONE', #2567, 1000.000000000000000 ) ;
#3259 = DIRECTION ( 'NONE',  ( -1.000000000000000000, -0.0000000000000000000, -0.0000000000000000000 ) ) ;
#3260 = VERTEX_POINT ( 'NONE', #3249 ) ;
#3261 = CARTESIAN_POINT ( 'NONE',  ( 8.000000000000012434, 6.999999999999999112, -0.9999999999999922284 ) ) ;
#3262 = CARTESIAN_POINT ( 'NONE',  ( 8.000000000000012434, 6.999999999999999112, -7.999999999999992895 ) ) ;
#3263 = FACE_BOUND ( 'NONE', #2347, .T. ) ;
#3264 = EDGE_LOOP ( 'NONE', ( #1748, #2327 ) ) ;
#3265 = DIRECTION ( 'NONE',  ( 2.065146995210484695E-17, -0.0000000000000000000, 1.000000000000000000 ) ) ;
#3266 = CARTESIAN_POINT ( 'NONE',  ( 24.99999999999998934, 26.00000000000000000, 0.0000000000000000000 ) ) ;
#3267 = EDGE_CURVE ( 'NONE', #2227, #2405, #1550, .T. ) ;
#3268 = ORIENTED_EDGE ( 'NONE', *, *, #1227, .T. ) ;
#3269 = EDGE_CURVE ( 'NONE', #1089, #1630, #802, .T. ) ;
#3270 = VERTEX_POINT ( 'NONE', #3482 ) ;
#3271 = CARTESIAN_POINT ( 'NONE',  ( 3.450574263820385568, 4.731295808520743940, -105.8112129992837396 ) ) ;
#3272 = CARTESIAN_POINT ( 'NONE',  ( 8.000000000000000000, 4.000000000000000000, -108.0000000000000000 ) ) ;
#3273 = CIRCLE ( 'NONE', #821, 4.600000000000006750 ) ;
#3274 = AXIS2_PLACEMENT_3D ( 'NONE', #2498, #3343, #3082 ) ;
#3275 = EDGE_LOOP ( 'NONE', ( #2604, #390, #1586, #3501 ) ) ;
#3276 = CARTESIAN_POINT ( 'NONE',  ( 128.3181644906669874, 4.494782796811375825, -111.1591864598145918 ) ) ;
#3277 = EDGE_LOOP ( 'NONE', ( #3517, #107, #2373, #3102 ) ) ;
#3278 = AXIS2_PLACEMENT_3D ( 'NONE', #2680, #3097, #3374 ) ;
#3279 = EDGE_LOOP ( 'NONE', ( #1322, #1116, #2382, #544 ) ) ;
#3280 = DIRECTION ( 'NONE',  ( 0.0000000000000000000, 0.0000000000000000000, -1.000000000000000000 ) ) ;
#3281 = CARTESIAN_POINT ( 'NONE',  ( 3.530912621340041468, 4.635951421954990437, -105.4216767975208739 ) ) ;
#3282 = EDGE_CURVE ( 'NONE', #1333, #2360, #1466, .T. ) ;
#3283 = DIRECTION ( 'NONE',  ( 0.0000000000000000000, 0.0000000000000000000, 1.000000000000000000 ) ) ;
#3284 = DIRECTION ( 'NONE',  ( 0.0000000000000000000, 1.000000000000000000, 0.0000000000000000000 ) ) ;
#3285 = CIRCLE ( 'NONE', #2727, 2.999999999999999112 ) ;
#3286 = ORIENTED_EDGE ( 'NONE', *, *, #529, .T. ) ;
#3287 = EDGE_LOOP ( 'NONE', ( #2868, #2907, #1367, #2135 ) ) ;
#3288 = VECTOR ( 'NONE', #712, 1000.000000000000000 ) ;
#3289 = EDGE_CURVE ( 'NONE', #2241, #736, #1853, .T. ) ;
#3290 = DIRECTION ( 'NONE',  ( 0.0000000000000000000, 1.000000000000000000, 0.0000000000000000000 ) ) ;
#3291 = FACE_OUTER_BOUND ( 'NONE', #172, .T. ) ;
#3292 = ORIENTED_EDGE ( 'NONE', *, *, #3033, .T. ) ;
#3293 = EDGE_CURVE ( 'NONE', #1394, #1235, #2940, .T. ) ;
#3294 = VERTEX_POINT ( 'NONE', #3493 ) ;
#3295 = CARTESIAN_POINT ( 'NONE',  ( 5.000000000000013323, 4.533464469858674128, -3.640120027784401024 ) ) ;
#3296 = CARTESIAN_POINT ( 'NONE',  ( 82.00000000000005684, 34.99999999999999289, -103.0000000000000000 ) ) ;
#3297 = VECTOR ( 'NONE', #2685, 1000.000000000000000 ) ;
#3298 = LINE ( 'NONE', #3352, #994 ) ;
#3299 = ORIENTED_EDGE ( 'NONE', *, *, #2548, .F. ) ;
#3300 = LINE ( 'NONE', #468, #2522 ) ;
#3301 = AXIS2_PLACEMENT_3D ( 'NONE', #2506, #1720, #1447 ) ;
#3302 = LINE ( 'NONE', #3225, #3213 ) ;
#3303 = DIRECTION ( 'NONE',  ( -1.000000000000000000, 0.0000000000000000000, 0.0000000000000000000 ) ) ;
#3304 = VERTEX_POINT ( 'NONE', #1301 ) ;
#3305 = CARTESIAN_POINT ( 'NONE',  ( 128.3598799722155945, 4.533464469858673240, -5.000000000000002665 ) ) ;
#3306 = DIRECTION ( 'NONE',  ( 0.0000000000000000000, 3.469446951953614189E-16, 1.000000000000000000 ) ) ;
#3307 = EDGE_CURVE ( 'NONE', #2467, #703, #888, .T. ) ;
#3308 = ORIENTED_EDGE ( 'NONE', *, *, #2412, .T. ) ;
#3309 = EDGE_LOOP ( 'NONE', ( #81, #3367 ) ) ;
#3310 = EDGE_CURVE ( 'NONE', #1079, #805, #536, .T. ) ;
#3311 = EDGE_LOOP ( 'NONE', ( #3217, #1253, #2149, #1587 ) ) ;
#3312 = DIRECTION ( 'NONE',  ( -1.000000000000000000, 0.0000000000000000000, 0.0000000000000000000 ) ) ;
#3313 = FACE_OUTER_BOUND ( 'NONE', #3209, .T. ) ;
#3314 = CARTESIAN_POINT ( 'NONE',  ( 129.0000000000000000, 23.00000000000000000, -19.00000000000000355 ) ) ;
#3315 = DIRECTION ( 'NONE',  ( 1.000000000000000000, 0.0000000000000000000, -0.0000000000000000000 ) ) ;
#3316 = DIRECTION ( 'NONE',  ( 0.0000000000000000000, 1.000000000000000000, 0.0000000000000000000 ) ) ;
#3317 = CARTESIAN_POINT ( 'NONE',  ( 6.961959013873232571, 5.021916647178269244, -3.255479161794562870 ) ) ;
#3318 = AXIS2_PLACEMENT_3D ( 'NONE', #2142, #3480, #2702 ) ;
#3319 = ADVANCED_FACE ( 'NONE', ( #365 ), #3021, .F. ) ;
#3320 = CIRCLE ( 'NONE', #1608, 3.000000000000002665 ) ;
#3321 = AXIS2_PLACEMENT_3D ( 'NONE', #2618, #2331, #945 ) ;
#3322 = DIRECTION ( 'NONE',  ( -9.427844978134821433E-17, 0.0000000000000000000, -1.000000000000000000 ) ) ;
#3323 = DIRECTION ( 'NONE',  ( 1.000000000000000000, 0.0000000000000000000, 0.0000000000000000000 ) ) ;
#3324 = VECTOR ( 'NONE', #1944, 1000.000000000000000 ) ;
#3325 = EDGE_LOOP ( 'NONE', ( #167, #1054, #2014, #2683 ) ) ;
#3326 = EDGE_CURVE ( 'NONE', #1930, #3304, #1768, .T. ) ;
#3327 = DIRECTION ( 'NONE',  ( 0.0000000000000000000, 0.0000000000000000000, 1.000000000000000000 ) ) ;
#3328 = CARTESIAN_POINT ( 'NONE',  ( 8.000000000000000000, 26.00000000000000000, -106.5499999999999972 ) ) ;
#3329 = DIRECTION ( 'NONE',  ( -1.000000000000000000, -0.0000000000000000000, -0.0000000000000000000 ) ) ;
#3330 = CIRCLE ( 'NONE', #446, 4.599999999999999645 ) ;
#3331 = EDGE_CURVE ( 'NONE', #3393, #202, #140, .T. ) ;
#3332 = ORIENTED_EDGE ( 'NONE', *, *, #3510, .T. ) ;
#3333 = CARTESIAN_POINT ( 'NONE',  ( 4.000000000000000000, 4.000000000000000000, -112.0000000000000000 ) ) ;
#3334 = ORIENTED_EDGE ( 'NONE', *, *, #3243, .T. ) ;
#3335 = ADVANCED_FACE ( 'NONE', ( #2200 ), #1736, .F. ) ;
#3336 = LINE ( 'NONE', #197, #3427 ) ;
#3337 = VECTOR ( 'NONE', #31, 1000.000000000000000 ) ;
#3338 = AXIS2_PLACEMENT_3D ( 'NONE', #2729, #1915, #2775 ) ;
#3339 = CARTESIAN_POINT ( 'NONE',  ( 117.6754446796632720, 4.000000000000000000, -5.000000000000002665 ) ) ;
#3340 = VECTOR ( 'NONE', #1692, 1000.000000000000000 ) ;
#3341 = DIRECTION ( 'NONE',  ( 0.0000000000000000000, 1.734723475976807341E-16, 1.000000000000000000 ) ) ;
#3342 = AXIS2_PLACEMENT_3D ( 'NONE', #785, #2730, #2170 ) ;
#3343 = DIRECTION ( 'NONE',  ( -1.000000000000000000, 0.0000000000000000000, 0.0000000000000000000 ) ) ;
#3344 = CARTESIAN_POINT ( 'NONE',  ( 8.000000000000000000, 26.00000000000000000, -108.0000000000000000 ) ) ;
#3345 = EDGE_CURVE ( 'NONE', #2934, #649, #456, .T. ) ;
#3346 = EDGE_LOOP ( 'NONE', ( #1103, #2836, #3356, #2000 ) ) ;
#3347 = DIRECTION ( 'NONE',  ( 1.000000000000000000, -0.0000000000000000000, -0.0000000000000000000 ) ) ;
#3348 = DIRECTION ( 'NONE',  ( 0.0000000000000000000, 0.0000000000000000000, 1.000000000000000000 ) ) ;
#3349 = VERTEX_POINT ( 'NONE', #500 ) ;
#3350 = DIRECTION ( 'NONE',  ( -1.000000000000000000, -0.0000000000000000000, -0.0000000000000000000 ) ) ;
#3351 = EDGE_LOOP ( 'NONE', ( #216, #2520, #1094, #2812, #1809, #2884, #2316, #519 ) ) ;
#3352 = CARTESIAN_POINT ( 'NONE',  ( 21.99999999999999289, 40.99999999999999289, 0.0000000000000000000 ) ) ;
#3353 = EDGE_CURVE ( 'NONE', #2757, #3136, #1474, .T. ) ;
#3354 = ORIENTED_EDGE ( 'NONE', *, *, #3198, .T. ) ;
#3355 = ADVANCED_FACE ( 'NONE', ( #948 ), #2992, .F. ) ;
#3356 = ORIENTED_EDGE ( 'NONE', *, *, #2178, .F. ) ;
#3357 = DIRECTION ( 'NONE',  ( -0.0000000000000000000, -1.000000000000000000, -0.0000000000000000000 ) ) ;
#3358 = DIRECTION ( 'NONE',  ( 0.0000000000000000000, 0.0000000000000000000, 1.000000000000000000 ) ) ;
#3359 = ORIENTED_EDGE ( 'NONE', *, *, #2137, .F. ) ;
#3360 = CARTESIAN_POINT ( 'NONE',  ( 0.0000000000000000000, 41.99999999999999289, -102.6000000000000085 ) ) ;
#3361 = DIRECTION ( 'NONE',  ( 1.000000000000000000, 0.0000000000000000000, -0.0000000000000000000 ) ) ;
#3362 = FACE_OUTER_BOUND ( 'NONE', #1057, .T. ) ;
#3363 = CARTESIAN_POINT ( 'NONE',  ( 128.0000000000000000, 4.000000000000000000, -4.000000000000000000 ) ) ;
#3364 = EDGE_LOOP ( 'NONE', ( #2256, #2847, #1068, #3010 ) ) ;
#3365 = ADVANCED_FACE ( 'NONE', ( #3500 ), #64, .T. ) ;
#3366 = LINE ( 'NONE', #2946, #985 ) ;
#3367 = ORIENTED_EDGE ( 'NONE', *, *, #3425, .F. ) ;
#3368 = ADVANCED_FACE ( 'NONE', ( #2344 ), #150, .F. ) ;
#3369 = FACE_OUTER_BOUND ( 'NONE', #782, .T. ) ;
#3370 = EDGE_CURVE ( 'NONE', #1044, #40, #2253, .T. ) ;
#3371 = CARTESIAN_POINT ( 'NONE',  ( 124.0000000000000000, 26.00000000000000000, -106.5499999999999972 ) ) ;
#3372 = VERTEX_POINT ( 'NONE', #1641 ) ;
#3373 = CARTESIAN_POINT ( 'NONE',  ( 128.3598799722155945, 4.533464469858673240, -5.000000000000002665 ) ) ;
#3374 = DIRECTION ( 'NONE',  ( 0.0000000000000000000, 0.0000000000000000000, 1.000000000000000000 ) ) ;
#3375 = ORIENTED_EDGE ( 'NONE', *, *, #510, .F. ) ;
#3376 = CARTESIAN_POINT ( 'NONE',  ( 3.255502989305779415, 5.021874148160525131, -7.792731176784690739 ) ) ;
#3377 = LINE ( 'NONE', #838, #2653 ) ;
#3378 = CARTESIAN_POINT ( 'NONE',  ( 127.7199577448557051, 4.125850989200133156, -103.1357068711053273 ) ) ;
#3379 = EDGE_CURVE ( 'NONE', #381, #3372, #2277, .T. ) ;
#3380 = LINE ( 'NONE', #1595, #601 ) ;
#3381 = ORIENTED_EDGE ( 'NONE', *, *, #1243, .T. ) ;
#3382 = CIRCLE ( 'NONE', #2586, 3.000000000000002665 ) ;
#3383 = CIRCLE ( 'NONE', #1859, 1.449999999999999956 ) ;
#3384 = B_SPLINE_CURVE_WITH_KNOTS ( 'NONE', 3,
 ( #2085, #2639, #2987, #3537, #2186, #746, #2458, #503, #1058, #3549, #790, #1593, #2144, #2417, #2745, #209 ),
 .UNSPECIFIED., .F., .F.,
 ( 4, 2, 2, 2, 2, 2, 2, 4 ),
 ( -1.164803559870642111E-05, 0.0004068101290360565960, 0.0008252682936708196368, 0.001662184622940290207, 0.003336017281479248045, 0.005009849940018204148, 0.005846766269287663118, 0.006683682598557121220 ),
 .UNSPECIFIED. ) ;
#3385 = CARTESIAN_POINT ( 'NONE',  ( 11.79681628956767092, 4.341314147472075113, -3.865236167106494314 ) ) ;
#3386 = AXIS2_PLACEMENT_3D ( 'NONE', #1282, #2273, #599 ) ;
#3387 = ADVANCED_FACE ( 'NONE', ( #236 ), #2867, .F. ) ;
#3388 = DIRECTION ( 'NONE',  ( -9.427844978134836224E-17, 0.0000000000000000000, -1.000000000000000000 ) ) ;
#3389 = CARTESIAN_POINT ( 'NONE',  ( 8.000000000000012434, 26.00000000000000000, -3.999999999999992450 ) ) ;
#3390 = ORIENTED_EDGE ( 'NONE', *, *, #461, .F. ) ;
#3391 = AXIS2_PLACEMENT_3D ( 'NONE', #2596, #3113, #1457 ) ;
#3392 = CARTESIAN_POINT ( 'NONE',  ( 128.7393592085725231, 5.012556916466759382, -107.5914299348738155 ) ) ;
#3393 = VERTEX_POINT ( 'NONE', #2220 ) ;
#3394 = ORIENTED_EDGE ( 'NONE', *, *, #3156, .T. ) ;
#3395 = DIRECTION ( 'NONE',  ( 0.0000000000000000000, 0.0000000000000000000, -1.000000000000000000 ) ) ;
#3396 = EDGE_CURVE ( 'NONE', #1887, #1840, #725, .T. ) ;
#3397 = APPROVAL_DATE_TIME ( #2931, #1933 ) ;
#3398 =( NAMED_UNIT ( * ) SI_UNIT ( $, .STERADIAN. ) SOLID_ANGLE_UNIT ( ) );
#3399 = ORIENTED_EDGE ( 'NONE', *, *, #884, .F. ) ;
#3400 = ORIENTED_EDGE ( 'NONE', *, *, #3550, .T. ) ;
#3401 = DIRECTION ( 'NONE',  ( 0.0000000000000000000, 0.0000000000000000000, -1.000000000000000000 ) ) ;
#3402 = ORIENTED_EDGE ( 'NONE', *, *, #8, .F. ) ;
#3403 = LINE ( 'NONE', #3194, #932 ) ;
#3404 = EDGE_CURVE ( 'NONE', #1100, #144, #1429, .T. ) ;
#3405 = CARTESIAN_POINT ( 'NONE',  ( 3.456782423429596740, 4.723637412695948612, -5.778367401394839398 ) ) ;
#3406 = CARTESIAN_POINT ( 'NONE',  ( 119.0000000000000000, 26.00000000000000000, -113.0000000000000000 ) ) ;
#3407 = ADVANCED_FACE ( 'NONE', ( #1029 ), #1689, .F. ) ;
#3408 = ORIENTED_EDGE ( 'NONE', *, *, #2198, .T. ) ;
#3409 = DIRECTION ( 'NONE',  ( -1.000000000000000000, -0.0000000000000000000, -0.0000000000000000000 ) ) ;
#3410 = AXIS2_PLACEMENT_3D ( 'NONE', #575, #3599, #1953 ) ;
#3411 = CARTESIAN_POINT ( 'NONE',  ( 24.99999999999998934, 28.99999999999999645, -133.0000000000000000 ) ) ;
#3412 = CYLINDRICAL_SURFACE ( 'NONE', #1471, 3.000000000000002665 ) ;
#3413 = ORIENTED_EDGE ( 'NONE', *, *, #3083, .T. ) ;
#3414 = DIRECTION ( 'NONE',  ( 1.000000000000000000, -0.0000000000000000000, 0.0000000000000000000 ) ) ;
#3415 = CIRCLE ( 'NONE', #1843, 3.999999999999989786 ) ;
#3416 = AXIS2_PLACEMENT_3D ( 'NONE', #1808, #122, #1273 ) ;
#3417 = ORIENTED_EDGE ( 'NONE', *, *, #986, .F. ) ;
#3418 = DIRECTION ( 'NONE',  ( -1.000000000000000000, -0.0000000000000000000, -0.0000000000000000000 ) ) ;
#3419 = DIRECTION ( 'NONE',  ( -0.0000000000000000000, -1.000000000000000000, -0.0000000000000000000 ) ) ;
#3420 = VECTOR ( 'NONE', #1032, 1000.000000000000000 ) ;
#3421 = CARTESIAN_POINT ( 'NONE',  ( 50.00000000000000000, 42.00000000000000000, -82.59999999999999432 ) ) ;
#3422 = ORIENTED_EDGE ( 'NONE', *, *, #3370, .T. ) ;
#3423 = CARTESIAN_POINT ( 'NONE',  ( 8.281108956567678092, 5.021916647178269244, -3.255479161794563758 ) ) ;
#3424 = ADVANCED_FACE ( 'NONE', ( #639 ), #2134, .F. ) ;
#3425 = EDGE_CURVE ( 'NONE', #1844, #3046, #3126, .T. ) ;
#3426 = ORIENTED_EDGE ( 'NONE', *, *, #296, .F. ) ;
#3427 = VECTOR ( 'NONE', #1581, 1000.000000000000000 ) ;
#3428 = CYLINDRICAL_SURFACE ( 'NONE', #780, 3.000000000000002665 ) ;
#3429 = CARTESIAN_POINT ( 'NONE',  ( 4.000000000000000000, 4.000000000000000000, -4.000000000000000000 ) ) ;
#3430 = ORIENTED_EDGE ( 'NONE', *, *, #35, .F. ) ;
#3431 = ORIENTED_EDGE ( 'NONE', *, *, #1428, .T. ) ;
#3432 = CARTESIAN_POINT ( 'NONE',  ( 3.000000000000010214, 42.00000000000000000, -53.40000000000001279 ) ) ;
#3433 = SPHERICAL_SURFACE ( 'NONE', #3066, 2.000000000000000000 ) ;
#3434 = CARTESIAN_POINT ( 'NONE',  ( 8.000000000000012434, 6.999999999999999112, -14.99999999999999467 ) ) ;
#3435 = AXIS2_PLACEMENT_3D ( 'NONE', #2052, #895, #57 ) ;
#3436 = CARTESIAN_POINT ( 'NONE',  ( 119.0000000000000000, 40.99999999999999289, 0.0000000000000000000 ) ) ;
#3437 = VERTEX_POINT ( 'NONE', #1444 ) ;
#3438 = CARTESIAN_POINT ( 'NONE',  ( 0.0000000000000000000, 4.000000000000000000, 0.0000000000000000000 ) ) ;
#3439 = CARTESIAN_POINT ( 'NONE',  ( 0.0000000000000000000, 4.000000000000000000, -111.0000000000000000 ) ) ;
#3440 = ORIENTED_EDGE ( 'NONE', *, *, #2580, .T. ) ;
#3441 = CARTESIAN_POINT ( 'NONE',  ( 13.32309118370159950, 4.062394160901537710, -111.5111618160365197 ) ) ;
#3442 = ORIENTED_EDGE ( 'NONE', *, *, #1119, .F. ) ;
#3443 = ORIENTED_EDGE ( 'NONE', *, *, #3591, .T. ) ;
#3444 = EDGE_CURVE ( 'NONE', #793, #352, #3581, .T. ) ;
#3445 = CARTESIAN_POINT ( 'NONE',  ( 128.2560824944186777, 4.466597215412948074, -4.684048424762613294 ) ) ;
#3446 = DIRECTION ( 'NONE',  ( -1.000000000000000000, 0.0000000000000000000, 0.0000000000000000000 ) ) ;
#3447 = ORIENTED_EDGE ( 'NONE', *, *, #1368, .T. ) ;
#3448 = CARTESIAN_POINT ( 'NONE',  ( 128.6700605807752140, 4.894908106104489676, -9.398217119149107290 ) ) ;
#3449 = EDGE_CURVE ( 'NONE', #3486, #1387, #2951, .T. ) ;
#3450 = CARTESIAN_POINT ( 'NONE',  ( 3.000000000000009770, 42.00000000000000000, -58.00000000000000711 ) ) ;
#3451 = CIRCLE ( 'NONE', #1589, 2.000000000000001776 ) ;
#3452 = VERTEX_POINT ( 'NONE', #30 ) ;
#3453 = AXIS2_PLACEMENT_3D ( 'NONE', #3077, #873, #3105 ) ;
#3454 = FACE_OUTER_BOUND ( 'NONE', #3522, .T. ) ;
#3455 = CARTESIAN_POINT ( 'NONE',  ( 0.0000000000000000000, 54.00000000000000711, -4.000000000000031086 ) ) ;
#3456 = AXIS2_PLACEMENT_3D ( 'NONE', #1449, #2312, #2854 ) ;
#3457 = CARTESIAN_POINT ( 'NONE',  ( 128.1487984357401047, 4.355180431099094918, -11.73564612663635920 ) ) ;
#3458 = CIRCLE ( 'NONE', #804, 2.999999999999999112 ) ;
#3459 = VERTEX_POINT ( 'NONE', #2244 ) ;
#3460 = DIRECTION ( 'NONE',  ( 0.0000000000000000000, -0.0000000000000000000, -1.000000000000000000 ) ) ;
#3461 = FACE_OUTER_BOUND ( 'NONE', #744, .T. ) ;
#3462 = VECTOR ( 'NONE', #2480, 1000.000000000000000 ) ;
#3463 = ORIENTED_EDGE ( 'NONE', *, *, #2541, .F. ) ;
#3464 = FACE_OUTER_BOUND ( 'NONE', #129, .T. ) ;
#3465 = EDGE_CURVE ( 'NONE', #3184, #902, #2778, .T. ) ;
#3466 = CARTESIAN_POINT ( 'NONE',  ( 128.3176535167282566, 4.494308984065992441, -4.838863661402873717 ) ) ;
#3467 = FACE_OUTER_BOUND ( 'NONE', #2319, .T. ) ;
#3468 = CARTESIAN_POINT ( 'NONE',  ( 124.0000000000000000, 5.021916647178256810, -112.7445208382054318 ) ) ;
#3469 = DIRECTION ( 'NONE',  ( 0.0000000000000000000, 0.0000000000000000000, 1.000000000000000000 ) ) ;
#3470 = CARTESIAN_POINT ( 'NONE',  ( 129.0000000000000000, 38.00000000000000000, -113.0000000000000000 ) ) ;
#3471 = DIRECTION ( 'NONE',  ( 0.0000000000000000000, -1.000000000000000000, 0.0000000000000000000 ) ) ;
#3472 = EDGE_CURVE ( 'NONE', #17, #179, #1306, .T. ) ;
#3473 = VERTEX_POINT ( 'NONE', #2824 ) ;
#3474 = CARTESIAN_POINT ( 'NONE',  ( 3.000000000000000000, 28.99999999999998934, -108.0000000000000142 ) ) ;
#3475 = ORIENTED_EDGE ( 'NONE', *, *, #2037, .T. ) ;
#3476 = AXIS2_PLACEMENT_3D ( 'NONE', #1138, #851, #841 ) ;
#3477 = ORIENTED_EDGE ( 'NONE', *, *, #3033, .F. ) ;
#3478 = DIRECTION ( 'NONE',  ( 0.0000000000000000000, 0.0000000000000000000, 1.000000000000000000 ) ) ;
#3479 = ORIENTED_EDGE ( 'NONE', *, *, #2364, .F. ) ;
#3480 = DIRECTION ( 'NONE',  ( 0.0000000000000000000, -1.000000000000000000, 0.0000000000000000000 ) ) ;
#3481 = ORIENTED_EDGE ( 'NONE', *, *, #1612, .F. ) ;
#3482 = CARTESIAN_POINT ( 'NONE',  ( 124.0000000000000000, 4.000000000000000000, -101.0000000000000000 ) ) ;
#3483 = VERTEX_POINT ( 'NONE', #2810 ) ;
#3484 = CARTESIAN_POINT ( 'NONE',  ( 0.0000000000000000000, 42.00000000000000000, -62.60000000000000142 ) ) ;
#3485 = ORIENTED_EDGE ( 'NONE', *, *, #3099, .F. ) ;
#3486 = VERTEX_POINT ( 'NONE', #577 ) ;
#3487 = EDGE_CURVE ( 'NONE', #2162, #3486, #2212, .T. ) ;
#3488 = ORIENTED_EDGE ( 'NONE', *, *, #414, .F. ) ;
#3489 = CARTESIAN_POINT ( 'NONE',  ( 7.482398070118982503, 5.006720552361329624, -112.7362075913810457 ) ) ;
#3490 = DIRECTION ( 'NONE',  ( 0.0000000000000000000, -1.000000000000000000, 0.0000000000000000000 ) ) ;
#3491 = SPHERICAL_SURFACE ( 'NONE', #2032, 2.000000000000000000 ) ;
#3492 = CARTESIAN_POINT ( 'NONE',  ( 24.99999999999998934, 28.99999999999999645, -116.0000000000000000 ) ) ;
#3493 = CARTESIAN_POINT ( 'NONE',  ( 124.0000000000000000, 26.00000000000000000, -106.5499999999999972 ) ) ;
#3494 = PLANE ( 'NONE',  #45 ) ;
#3495 = DIRECTION ( 'NONE',  ( 0.0000000000000000000, 1.000000000000000000, 0.0000000000000000000 ) ) ;
#3496 = LINE ( 'NONE', #621, #2165 ) ;
#3497 = SPHERICAL_SURFACE ( 'NONE', #3301, 4.000000000000000000 ) ;
#3498 = AXIS2_PLACEMENT_3D ( 'NONE', #229, #533, #3595 ) ;
#3499 = VERTEX_POINT ( 'NONE', #870 ) ;
#3500 = FACE_OUTER_BOUND ( 'NONE', #1969, .T. ) ;
#3501 = ORIENTED_EDGE ( 'NONE', *, *, #3293, .T. ) ;
#3502 = AXIS2_PLACEMENT_3D ( 'NONE', #1567, #1551, #2381 ) ;
#3503 = CARTESIAN_POINT ( 'NONE',  ( 127.0000000000000000, 4.533464469856748558, -3.640120027786480694 ) ) ;
#3504 = FACE_OUTER_BOUND ( 'NONE', #282, .T. ) ;
#3505 = DIRECTION ( 'NONE',  ( -0.0000000000000000000, -0.0000000000000000000, -1.000000000000000000 ) ) ;
#3506 = ORIENTED_EDGE ( 'NONE', *, *, #3083, .F. ) ;
#3507 = DIRECTION ( 'NONE',  ( 0.0000000000000000000, -2.312964634635742957E-16, 1.000000000000000000 ) ) ;
#3508 = CIRCLE ( 'NONE', #584, 3.000000000000002665 ) ;
#3509 = FACE_OUTER_BOUND ( 'NONE', #1111, .T. ) ;
#3510 = EDGE_CURVE ( 'NONE', #2225, #1664, #855, .T. ) ;
#3511 = VERTEX_POINT ( 'NONE', #1945 ) ;
#3512 = VERTEX_POINT ( 'NONE', #1121 ) ;
#3513 = EDGE_CURVE ( 'NONE', #902, #983, #276, .T. ) ;
#3514 = CARTESIAN_POINT ( 'NONE',  ( 7.999999999982232879, 5.021916647178262139, -112.7445208382054318 ) ) ;
#3515 = DIRECTION ( 'NONE',  ( 0.0000000000000000000, 1.000000000000000000, 0.0000000000000000000 ) ) ;
#3516 = CARTESIAN_POINT ( 'NONE',  ( 126.5148614064149371, 4.651351207722912662, -3.512987418184174260 ) ) ;
#3517 = ORIENTED_EDGE ( 'NONE', *, *, #630, .T. ) ;
#3518 = CARTESIAN_POINT ( 'NONE',  ( 3.000000000000000000, 28.99999999999998934, -108.0000000000000142 ) ) ;
#3519 = CARTESIAN_POINT ( 'NONE',  ( 124.0000000000000000, 26.00000000000000000, -108.0000000000000000 ) ) ;
#3520 = ORIENTED_EDGE ( 'NONE', *, *, #249, .F. ) ;
#3521 = AXIS2_PLACEMENT_3D ( 'NONE', #1473, #1745, #370 ) ;
#3522 = EDGE_LOOP ( 'NONE', ( #3506, #2735, #1133, #697 ) ) ;
#3523 = ORIENTED_EDGE ( 'NONE', *, *, #1574, .F. ) ;
#3524 = ORIENTED_EDGE ( 'NONE', *, *, #2574, .T. ) ;
#3525 = AXIS2_PLACEMENT_3D ( 'NONE', #1064, #1055, #486 ) ;
#3526 = FACE_BOUND ( 'NONE', #2952, .T. ) ;
#3527 = CARTESIAN_POINT ( 'NONE',  ( 132.0000000000000000, 4.000000000000000000, -112.0000000000000000 ) ) ;
#3528 = CARTESIAN_POINT ( 'NONE',  ( 124.0000000000000284, 26.00000000000000000, -7.999999999999992895 ) ) ;
#3529 = EDGE_CURVE ( 'NONE', #2859, #2138, #1780, .T. ) ;
#3530 = DIRECTION ( 'NONE',  ( 1.000000000000000000, 0.0000000000000000000, 0.0000000000000000000 ) ) ;
#3531 = DIRECTION ( 'NONE',  ( -0.0000000000000000000, -1.000000000000000000, -0.0000000000000000000 ) ) ;
#3532 = EDGE_CURVE ( 'NONE', #817, #16, #3253, .T. ) ;
#3533 = ORIENTED_EDGE ( 'NONE', *, *, #695, .F. ) ;
#3534 = LINE ( 'NONE', #1177, #1677 ) ;
#3535 = ORIENTED_EDGE ( 'NONE', *, *, #1683, .F. ) ;
#3536 = VECTOR ( 'NONE', #1795, 1000.000000000000000 ) ;
#3537 = CARTESIAN_POINT ( 'NONE',  ( 118.1729011652863477, 4.016322307318191953, -111.2631206439817078 ) ) ;
#3538 = ORIENTED_EDGE ( 'NONE', *, *, #3307, .F. ) ;
#3539 = AXIS2_PLACEMENT_3D ( 'NONE', #2646, #419, #690 ) ;
#3540 = VERTEX_POINT ( 'NONE', #2515 ) ;
#3541 = FACE_OUTER_BOUND ( 'NONE', #2113, .T. ) ;
#3542 = DIRECTION ( 'NONE',  ( 0.0000000000000000000, 3.469446951953614189E-16, 1.000000000000000000 ) ) ;
#3543 = CIRCLE ( 'NONE', #3453, 3.000000000000002665 ) ;
#3544 = ORIENTED_EDGE ( 'NONE', *, *, #723, .T. ) ;
#3545 = CARTESIAN_POINT ( 'NONE',  ( 124.0000000000000284, 6.999999999999999112, -7.999999999999992895 ) ) ;
#3546 = LINE ( 'NONE', #2753, #289 ) ;
#3547 = LINE ( 'NONE', #1321, #426 ) ;
#3548 = CARTESIAN_POINT ( 'NONE',  ( 0.0000000000000000000, 4.000000000000000000, -4.000000000000000000 ) ) ;
#3549 = CARTESIAN_POINT ( 'NONE',  ( 121.2574083414940134, 4.595019650774414544, -112.4369961489542504 ) ) ;
#3550 = EDGE_CURVE ( 'NONE', #3512, #1938, #1562, .T. ) ;
#3551 = CARTESIAN_POINT ( 'NONE',  ( 4.000000000000000000, 0.0000000000000000000, -112.0000000000000000 ) ) ;
#3552 = ORIENTED_EDGE ( 'NONE', *, *, #986, .T. ) ;
#3553 = EDGE_CURVE ( 'NONE', #2206, #477, #616, .T. ) ;
#3554 = CARTESIAN_POINT ( 'NONE',  ( 118.6769088162984644, 4.062394160901542151, -4.488838183963439477 ) ) ;
#3555 = ORIENTED_EDGE ( 'NONE', *, *, #579, .F. ) ;
#3556 = DIRECTION ( 'NONE',  ( -1.000000000000000000, -0.0000000000000000000, -0.0000000000000000000 ) ) ;
#3557 = ORIENTED_EDGE ( 'NONE', *, *, #3153, .F. ) ;
#3558 = DIRECTION ( 'NONE',  ( -1.000000000000000000, 0.0000000000000000000, 0.0000000000000000000 ) ) ;
#3559 = DIRECTION ( 'NONE',  ( -0.0000000000000000000, -0.0000000000000000000, -1.000000000000000000 ) ) ;
#3560 = CARTESIAN_POINT ( 'NONE',  ( 8.000000000000000000, 26.00000000000000000, -108.0000000000000000 ) ) ;
#3561 = DATE_AND_TIME ( #1925, #2673 ) ;
#3562 = B_SPLINE_CURVE_WITH_KNOTS ( 'NONE', 3,
 ( #1802, #967, #3203, #2916, #1541, #117, #2075, #1791, #3441, #389, #662, #2102, #2346, #1776 ),
 .UNSPECIFIED., .F., .F.,
 ( 4, 2, 2, 2, 2, 2, 4 ),
 ( 0.003065498353638685444, 0.004750408416719180231, 0.006435318479799675452, 0.008120228542880169806, 0.008962683574420423488, 0.009383911090190556401, 0.009805138605960691048 ),
 .UNSPECIFIED. ) ;
#3563 = EDGE_LOOP ( 'NONE', ( #881, #357, #2749, #848 ) ) ;
#3564 = ORIENTED_EDGE ( 'NONE', *, *, #151, .T. ) ;
#3565 = ORIENTED_EDGE ( 'NONE', *, *, #2895, .T. ) ;
#3566 = VERTEX_POINT ( 'NONE', #2055 ) ;
#3567 = AXIS2_PLACEMENT_3D ( 'NONE', #3333, #833, #1676 ) ;
#3568 = VERTEX_POINT ( 'NONE', #371 ) ;
#3569 = DIRECTION ( 'NONE',  ( 0.0000000000000000000, 0.0000000000000000000, 1.000000000000000000 ) ) ;
#3570 = EDGE_CURVE ( 'NONE', #3124, #1404, #768, .T. ) ;
#3571 = DIRECTION ( 'NONE',  ( 0.0000000000000000000, -1.000000000000000000, 0.0000000000000000000 ) ) ;
#3572 = CARTESIAN_POINT ( 'NONE',  ( 3.000000000000000000, 29.00000000000000355, -11.00000000000005151 ) ) ;
#3573 = PERSON_AND_ORGANIZATION ( #1443, #989 ) ;
#3574 = VECTOR ( 'NONE', #3187, 1000.000000000000000 ) ;
#3575 = CARTESIAN_POINT ( 'NONE',  ( 0.0000000000000000000, 41.99999999999999289, -98.00000000000000000 ) ) ;
#3576 = EDGE_CURVE ( 'NONE', #368, #1580, #193, .T. ) ;
#3577 = FACE_OUTER_BOUND ( 'NONE', #1658, .T. ) ;
#3578 = CARTESIAN_POINT ( 'NONE',  ( 8.000000000000000000, 26.00000000000000000, -108.0000000000000000 ) ) ;
#3579 = ADVANCED_FACE ( 'NONE', ( #3170 ), #15, .F. ) ;
#3580 = DIRECTION ( 'NONE',  ( 0.0000000000000000000, -1.000000000000000000, 0.0000000000000000000 ) ) ;
#3581 = CIRCLE ( 'NONE', #2148, 1.449999999999999956 ) ;
#3582 = AXIS2_PLACEMENT_3D ( 'NONE', #3186, #403, #974 ) ;
#3583 = ORIENTED_EDGE ( 'NONE', *, *, #1967, .F. ) ;
#3584 = CARTESIAN_POINT ( 'NONE',  ( 21.99999999999999289, 37.99999999999999289, -116.0000000000000000 ) ) ;
#3585 = FACE_BOUND ( 'NONE', #1955, .T. ) ;
#3586 = ORIENTED_EDGE ( 'NONE', *, *, #917, .T. ) ;
#3587 = CIRCLE ( 'NONE', #3042, 3.000000000000002665 ) ;
#3588 = CARTESIAN_POINT ( 'NONE',  ( 4.000000000000000000, 4.000000000000000000, -4.000000000000000000 ) ) ;
#3589 = LINE ( 'NONE', #3371, #3337 ) ;
#3590 = ORIENTED_EDGE ( 'NONE', *, *, #3099, .T. ) ;
#3591 = EDGE_CURVE ( 'NONE', #925, #1394, #1389, .T. ) ;
#3592 = DIRECTION ( 'NONE',  ( -9.427844978134836224E-17, 0.0000000000000000000, -1.000000000000000000 ) ) ;
#3593 = ORIENTED_EDGE ( 'NONE', *, *, #3107, .T. ) ;
#3594 = DIRECTION ( 'NONE',  ( 0.0000000000000000000, 1.000000000000000000, 0.0000000000000000000 ) ) ;
#3595 = DIRECTION ( 'NONE',  ( 0.0000000000000000000, -0.0000000000000000000, -1.000000000000000000 ) ) ;
#3596 = EDGE_CURVE ( 'NONE', #2585, #1456, #2905, .T. ) ;
#3597 = ORIENTED_EDGE ( 'NONE', *, *, #1937, .T. ) ;
#3598 = ADVANCED_FACE ( 'NONE', ( #2168 ), #1604, .F. ) ;
#3599 = DIRECTION ( 'NONE',  ( -1.000000000000000000, 0.0000000000000000000, 0.0000000000000000000 ) ) ;
#3600 = VERTEX_POINT ( 'NONE', #95 ) ;
#3601 = ORIENTED_EDGE ( 'NONE', *, *, #1594, .T. ) ;
#3602 = ORIENTED_EDGE ( 'NONE', *, *, #1270, .T. ) ;
#3603 = DIRECTION ( 'NONE',  ( 0.0000000000000000000, -1.000000000000000000, 0.0000000000000000000 ) ) ;
#3604 = DIRECTION ( 'NONE',  ( 0.0000000000000000000, 0.0000000000000000000, -1.000000000000000000 ) ) ;
#3605 = CIRCLE ( 'NONE', #1694, 4.000000000000003553 ) ;
ENDSEC;
END-ISO-10303-21;
