ISO-10303-21;
HEADER;
FILE_DESCRIPTION (( 'STEP AP203' ),
    '1' );
FILE_NAME ('Fixation_V2.STEP',
    '2019-12-12T16:49:34',
    ( '' ),
    ( '' ),
    'SwSTEP 2.0',
    'SolidWorks 2018',
    '' );
FILE_SCHEMA (( 'CONFIG_CONTROL_DESIGN' ));
ENDSEC;

DATA;
#1 = ORIENTED_EDGE ( 'NONE', *, *, #1359, .F. ) ;
#2 = CARTESIAN_POINT ( 'NONE',  ( 38.13843209305808557, 3.905893890915627331, -7.119171009651032556 ) ) ;
#3 = CARTESIAN_POINT ( 'NONE',  ( 16.86094080401079509, 6.094657088608625095, -7.119012951081986174 ) ) ;
#4 = LINE ( 'NONE', #29, #3254 ) ;
#5 = EDGE_CURVE ( 'NONE', #703, #798, #758, .T. ) ;
#6 = VERTEX_POINT ( 'NONE', #1509 ) ;
#7 = DIRECTION ( 'NONE',  ( -1.000000000000000000, 0.0000000000000000000, 0.0000000000000000000 ) ) ;
#8 = FACE_OUTER_BOUND ( 'NONE', #2975, .T. ) ;
#9 = ORIENTED_EDGE ( 'NONE', *, *, #1771, .T. ) ;
#10 = DIRECTION ( 'NONE',  ( 0.0000000000000000000, 0.0000000000000000000, 1.000000000000000000 ) ) ;
#11 = DIRECTION ( 'NONE',  ( 1.000000000000000000, 0.0000000000000000000, 0.0000000000000000000 ) ) ;
#12 = CYLINDRICAL_SURFACE ( 'NONE', #461, 3.060000000000001830 ) ;
#13 = ORIENTED_EDGE ( 'NONE', *, *, #83, .T. ) ;
#14 = CARTESIAN_POINT ( 'NONE',  ( 15.88999999999999702, 2.000000000000000000, -11.00000000000000000 ) ) ;
#15 = CARTESIAN_POINT ( 'NONE',  ( 27.49999999999999645, 0.0000000000000000000, -11.00000000000000000 ) ) ;
#16 = LINE ( 'NONE', #1671, #1662 ) ;
#17 = CARTESIAN_POINT ( 'NONE',  ( 5.999999999999991118, -13.50000000000000000, -11.00000000000000533 ) ) ;
#18 = AXIS2_PLACEMENT_3D ( 'NONE', #304, #1899, #2168 ) ;
#19 = VECTOR ( 'NONE', #1569, 1000.000000000000000 ) ;
#20 = CARTESIAN_POINT ( 'NONE',  ( 40.55691705258031021, 5.000000000000000000, -18.00000000000000000 ) ) ;
#21 = ORIENTED_EDGE ( 'NONE', *, *, #700, .T. ) ;
#22 = CIRCLE ( 'NONE', #164, 1.149999999999999911 ) ;
#23 = CARTESIAN_POINT ( 'NONE',  ( 46.24999999999999289, 4.099999999999997868, -16.00000000000000000 ) ) ;
#24 = EDGE_CURVE ( 'NONE', #1513, #2176, #2100, .T. ) ;
#25 = CARTESIAN_POINT ( 'NONE',  ( 37.79290932872569186, 5.645754054070989625, -14.77713816003822345 ) ) ;
#26 = EDGE_CURVE ( 'NONE', #2775, #2494, #3189, .T. ) ;
#27 = EDGE_LOOP ( 'NONE', ( #1093, #1931 ) ) ;
#28 = AXIS2_PLACEMENT_3D ( 'NONE', #2552, #1451, #3091 ) ;
#29 = CARTESIAN_POINT ( 'NONE',  ( 0.2499999999999968636, -14.50000000000000711, -21.75000000000000000 ) ) ;
#30 = ORIENTED_EDGE ( 'NONE', *, *, #32, .T. ) ;
#31 = DIRECTION ( 'NONE',  ( 0.0000000000000000000, 0.0000000000000000000, -1.000000000000000000 ) ) ;
#32 = EDGE_CURVE ( 'NONE', #1642, #3069, #2691, .T. ) ;
#33 = ORIENTED_EDGE ( 'NONE', *, *, #1162, .T. ) ;
#34 = CARTESIAN_POINT ( 'NONE',  ( 40.55691705258031021, 5.000000000000000000, -14.72913274675926232 ) ) ;
#35 = EDGE_LOOP ( 'NONE', ( #474, #1403, #417, #447 ) ) ;
#36 = ADVANCED_FACE ( 'NONE', ( #2431 ), #753, .T. ) ;
#37 = CARTESIAN_POINT ( 'NONE',  ( 49.00000000000000000, -13.50000000000000000, -11.00000000000000000 ) ) ;
#38 = CARTESIAN_POINT ( 'NONE',  ( 15.00030481223189405, 3.841865047060317728, -7.097748303766722167 ) ) ;
#39 = ORIENTED_EDGE ( 'NONE', *, *, #978, .T. ) ;
#40 = CARTESIAN_POINT ( 'NONE',  ( 55.00000000000000000, -14.50000000000000000, -21.50000000000000000 ) ) ;
#41 = CC_DESIGN_PERSON_AND_ORGANIZATION_ASSIGNMENT ( #2533, #1344, ( #1857 ) ) ;
#42 = EDGE_CURVE ( 'NONE', #1397, #2229, #1082, .T. ) ;
#43 = CIRCLE ( 'NONE', #3447, 3.000000000000002665 ) ;
#44 = DIRECTION ( 'NONE',  ( 0.0000000000000000000, 0.0000000000000000000, -1.000000000000000000 ) ) ;
#45 = EDGE_LOOP ( 'NONE', ( #1155, #2922, #1756, #1626, #1009, #3242 ) ) ;
#46 = AXIS2_PLACEMENT_3D ( 'NONE', #668, #1764, #2298 ) ;
#47 = CARTESIAN_POINT ( 'NONE',  ( 25.71028178428880651, 4.516108993646091641, -15.50777942348100602 ) ) ;
#48 = LINE ( 'NONE', #1914, #214 ) ;
#49 = CARTESIAN_POINT ( 'NONE',  ( 54.50000000000000711, 9.500000000000000000, -22.00000000000000000 ) ) ;
#50 = ORIENTED_EDGE ( 'NONE', *, *, #623, .T. ) ;
#51 = VECTOR ( 'NONE', #666, 1000.000000000000000 ) ;
#52 = EDGE_LOOP ( 'NONE', ( #2325, #209, #1529, #2282 ) ) ;
#53 = CARTESIAN_POINT ( 'NONE',  ( 0.4999999999999935052, -15.00000000000000000, 0.0000000000000000000 ) ) ;
#54 = CARTESIAN_POINT ( 'NONE',  ( 43.50000000000000000, -15.00000000000000000, -21.50000000000000000 ) ) ;
#55 = ADVANCED_FACE ( 'NONE', ( #616 ), #2351, .F. ) ;
#56 = CARTESIAN_POINT ( 'NONE',  ( 39.10691705258031448, 5.000000000000000000, -2.749999999999999112 ) ) ;
#57 = FACE_OUTER_BOUND ( 'NONE', #1337, .T. ) ;
#58 = CYLINDRICAL_SURFACE ( 'NONE', #2341, 1.449999999999999956 ) ;
#59 = VERTEX_POINT ( 'NONE', #192 ) ;
#60 = DIRECTION ( 'NONE',  ( 0.0000000000000000000, -1.000000000000000000, 0.0000000000000000000 ) ) ;
#61 = CARTESIAN_POINT ( 'NONE',  ( 28.43073120083226968, 6.603367312356430041, -15.76096043454137963 ) ) ;
#62 = VECTOR ( 'NONE', #3208, 1000.000000000000000 ) ;
#63 = AXIS2_PLACEMENT_3D ( 'NONE', #932, #2522, #3072 ) ;
#64 = CARTESIAN_POINT ( 'NONE',  ( 15.88999999999999702, 10.00000000000000000, -7.000000000000000000 ) ) ;
#65 = CARTESIAN_POINT ( 'NONE',  ( 11.85264855687606023, -14.64735144312395754, -11.31633667470748428 ) ) ;
#66 = ORIENTED_EDGE ( 'NONE', *, *, #1226, .T. ) ;
#67 = EDGE_CURVE ( 'NONE', #1440, #243, #2186, .T. ) ;
#68 = ORIENTED_EDGE ( 'NONE', *, *, #761, .F. ) ;
#69 = CARTESIAN_POINT ( 'NONE',  ( 43.25000000000000000, -14.50000000000000711, -21.75000000000000355 ) ) ;
#70 = ADVANCED_FACE ( 'NONE', ( #2013 ), #3458, .F. ) ;
#71 = CARTESIAN_POINT ( 'NONE',  ( 25.83872802872625485, 4.176981490918486806, -15.55687967933772597 ) ) ;
#72 = VERTEX_POINT ( 'NONE', #2066 ) ;
#73 = CARTESIAN_POINT ( 'NONE',  ( 28.89377138229054154, 3.777582069837008394, -6.353747785142421556 ) ) ;
#74 = EDGE_LOOP ( 'NONE', ( #2340, #2587, #1303, #2037 ) ) ;
#75 = CARTESIAN_POINT ( 'NONE',  ( 40.36484101419639359, 4.272715185241638736, -7.201531362534209890 ) ) ;
#76 = CARTESIAN_POINT ( 'NONE',  ( 1.649999999999999911, 0.0000000000000000000, -16.00000000000000000 ) ) ;
#77 = VERTEX_POINT ( 'NONE', #992 ) ;
#78 = DIRECTION ( 'NONE',  ( 0.7071067811865524577, 0.7071067811865425767, -0.0000000000000000000 ) ) ;
#79 = CYLINDRICAL_SURFACE ( 'NONE', #360, 3.999999999999999112 ) ;
#80 = ORIENTED_EDGE ( 'NONE', *, *, #551, .T. ) ;
#81 = CARTESIAN_POINT ( 'NONE',  ( 29.35000000000000142, 5.000000000000000000, -22.00000000000000000 ) ) ;
#82 = ADVANCED_FACE ( 'NONE', ( #2983 ), #1415, .T. ) ;
#83 = EDGE_CURVE ( 'NONE', #699, #2796, #22, .T. ) ;
#84 = FACE_OUTER_BOUND ( 'NONE', #2812, .T. ) ;
#85 = PLANE ( 'NONE',  #3276 ) ;
#86 = ORIENTED_EDGE ( 'NONE', *, *, #1962, .T. ) ;
#87 = DIRECTION ( 'NONE',  ( 0.0000000000000000000, 0.0000000000000000000, 1.000000000000000000 ) ) ;
#88 = LINE ( 'NONE', #1848, #2886 ) ;
#89 = ORIENTED_EDGE ( 'NONE', *, *, #109, .T. ) ;
#90 = DIRECTION ( 'NONE',  ( 0.0000000000000000000, 1.000000000000000000, 0.0000000000000000000 ) ) ;
#91 = LINE ( 'NONE', #2071, #3312 ) ;
#92 = VERTEX_POINT ( 'NONE', #1844 ) ;
#93 = B_SPLINE_CURVE_WITH_KNOTS ( 'NONE', 3,
 ( #432, #2323, #757, #2638, #475 ),
 .UNSPECIFIED., .F., .F.,
 ( 4, 1, 4 ),
 ( 0.002283717969437809754, 0.002288318568285973090, 0.002292919167134136859 ),
 .UNSPECIFIED. ) ;
#94 = CARTESIAN_POINT ( 'NONE',  ( 14.59049390432636173, 4.356009527792454428, -7.216777817334819822 ) ) ;
#95 = VECTOR ( 'NONE', #648, 1000.000000000000000 ) ;
#96 = CARTESIAN_POINT ( 'NONE',  ( 26.67651582255240328, 3.338949348500606984, -6.219080799118166247 ) ) ;
#97 = CARTESIAN_POINT ( 'NONE',  ( 15.89922950476124797, 6.449986972297629073, -7.000010647983939904 ) ) ;
#98 = VECTOR ( 'NONE', #1634, 1000.000000000000000 ) ;
#99 = CARTESIAN_POINT ( 'NONE',  ( 11.99999999999999645, 0.0000000000000000000, 0.0000000000000000000 ) ) ;
#100 = LINE ( 'NONE', #1151, #575 ) ;
#101 = ADVANCED_FACE ( 'NONE', ( #1761 ), #766, .F. ) ;
#102 = DIRECTION ( 'NONE',  ( -0.0000000000000000000, 0.0000000000000000000, 1.000000000000000000 ) ) ;
#103 = PLANE ( 'NONE',  #2151 ) ;
#104 = VERTEX_POINT ( 'NONE', #853 ) ;
#105 = AXIS2_PLACEMENT_3D ( 'NONE', #224, #2123, #2641 ) ;
#106 = CARTESIAN_POINT ( 'NONE',  ( 15.89461566203048370, 3.549998362267465346, -14.99999822428923757 ) ) ;
#107 = DIRECTION ( 'NONE',  ( 0.0000000000000000000, 0.0000000000000000000, -1.000000000000000000 ) ) ;
#108 = CARTESIAN_POINT ( 'NONE',  ( 26.27755527384111289, 3.606168385235764884, -6.305745688666972271 ) ) ;
#109 = EDGE_CURVE ( 'NONE', #879, #1340, #662, .T. ) ;
#110 = VERTEX_POINT ( 'NONE', #2911 ) ;
#111 = CARTESIAN_POINT ( 'NONE',  ( 43.50000000000000000, -15.00000000000000000, -22.00000000000000000 ) ) ;
#112 = AXIS2_PLACEMENT_3D ( 'NONE', #2633, #442, #1247 ) ;
#113 = CARTESIAN_POINT ( 'NONE',  ( 49.00000000000000000, 10.00000000000000000, -7.939999999999997726 ) ) ;
#114 = EDGE_LOOP ( 'NONE', ( #557, #2270 ) ) ;
#115 = CARTESIAN_POINT ( 'NONE',  ( 27.98254954272402273, 6.790129512700639580, -6.172571002784687622 ) ) ;
#116 = CARTESIAN_POINT ( 'NONE',  ( 0.5000000000000004441, -15.00000000000000000, -21.50000000000000000 ) ) ;
#117 = EDGE_CURVE ( 'NONE', #2566, #2091, #2645, .T. ) ;
#118 = ORIENTED_EDGE ( 'NONE', *, *, #1206, .T. ) ;
#119 = ORIENTED_EDGE ( 'NONE', *, *, #2811, .T. ) ;
#120 = B_SPLINE_CURVE_WITH_KNOTS ( 'NONE', 3,
 ( #1921, #1692, #1405, #296, #347, #3299, #61, #323, #334, #2484, #2721, #1956, #618, #2473, #2233, #2491 ),
 .UNSPECIFIED., .F., .F.,
 ( 4, 2, 2, 2, 2, 2, 2, 4 ),
 ( 0.0000000000000000000, 0.0003651201021148106130, 0.0007302402042296212261, 0.001095360306344431893, 0.001460480408459242452, 0.002190720612688865088, 0.002555840714803676080, 0.002920960816918486639 ),
 .UNSPECIFIED. ) ;
#121 = CARTESIAN_POINT ( 'NONE',  ( 15.51163111810797446, 3.597854764479174072, -7.016842791136928881 ) ) ;
#122 = CARTESIAN_POINT ( 'NONE',  ( 5.999999999999991118, -15.00000000000000000, -7.850000000000005862 ) ) ;
#123 = CARTESIAN_POINT ( 'NONE',  ( 43.00000000000000000, -14.50000000000000533, -0.5000000000000004441 ) ) ;
#124 = ADVANCED_FACE ( 'NONE', ( #1973 ), #2606, .T. ) ;
#125 = DIRECTION ( 'NONE',  ( 0.0000000000000000000, 0.0000000000000000000, -1.000000000000000000 ) ) ;
#126 = LINE ( 'NONE', #2734, #2622 ) ;
#127 = CARTESIAN_POINT ( 'NONE',  ( 39.30083880279937603, 6.449590965784715912, -15.00000000000002842 ) ) ;
#128 = ORIENTED_EDGE ( 'NONE', *, *, #1887, .F. ) ;
#129 = DIRECTION ( 'NONE',  ( -0.7071067811865425767, -0.7071067811865524577, 0.0000000000000000000 ) ) ;
#130 = VECTOR ( 'NONE', #250, 1000.000000000000000 ) ;
#131 = AXIS2_PLACEMENT_3D ( 'NONE', #1227, #1246, #3112 ) ;
#132 = DIRECTION ( 'NONE',  ( 0.7071067811865525687, 0.7071067811865425767, 0.0000000000000000000 ) ) ;
#133 = ORIENTED_EDGE ( 'NONE', *, *, #1027, .T. ) ;
#134 = LINE ( 'NONE', #3042, #302 ) ;
#135 = CARTESIAN_POINT ( 'NONE',  ( 15.69775018848539361, 3.560082685406510628, -7.003533514306084840 ) ) ;
#136 = CARTESIAN_POINT ( 'NONE',  ( 27.49999999999986855, 6.850000000001354117, -6.149999999999485212 ) ) ;
#137 = CARTESIAN_POINT ( 'NONE',  ( 26.56890364814856653, 3.396912338323430092, -6.239127096213677781 ) ) ;
#138 = EDGE_CURVE ( 'NONE', #1691, #1735, #535, .T. ) ;
#139 = LINE ( 'NONE', #1983, #51 ) ;
#140 = EDGE_LOOP ( 'NONE', ( #2967, #2364, #1749, #2354 ) ) ;
#141 = DIRECTION ( 'NONE',  ( 0.0000000000000000000, 1.000000000000000000, 0.0000000000000000000 ) ) ;
#142 = FACE_BOUND ( 'NONE', #730, .T. ) ;
#143 = AXIS2_PLACEMENT_3D ( 'NONE', #2635, #2912, #1785 ) ;
#144 = ADVANCED_FACE ( 'NONE', ( #754 ), #1926, .T. ) ;
#145 = CARTESIAN_POINT ( 'NONE',  ( 15.90537606210286725, 5.000000000000000000, -2.750000000000000000 ) ) ;
#146 = CARTESIAN_POINT ( 'NONE',  ( 5.999999999999991118, -13.50000000000000000, -14.15000000000000213 ) ) ;
#147 = ORIENTED_EDGE ( 'NONE', *, *, #2875, .T. ) ;
#148 = EDGE_CURVE ( 'NONE', #3363, #2591, #2730, .T. ) ;
#149 = B_SPLINE_CURVE_WITH_KNOTS ( 'NONE', 3,
 ( #390, #127, #2284, #2824, #1475, #1774, #2024, #3384, #3374, #407, #2567, #1220 ),
 .UNSPECIFIED., .F., .F.,
 ( 4, 2, 2, 2, 2, 4 ),
 ( 0.006860891297807650974, 0.007431643340592477762, 0.008002395383377304550, 0.008287771404769713607, 0.008573147426162120929, 0.009143899468946933839 ),
 .UNSPECIFIED. ) ;
#150 = DIRECTION ( 'NONE',  ( -0.5773502691896337247, -0.5773502691896178485, 0.5773502691896257311 ) ) ;
#151 = DIRECTION ( 'NONE',  ( -0.0000000000000000000, -0.0000000000000000000, -1.000000000000000000 ) ) ;
#152 = DIRECTION ( 'NONE',  ( 1.000000000000000000, -5.981805089575197183E-16, 0.0000000000000000000 ) ) ;
#153 = VECTOR ( 'NONE', #680, 1000.000000000000000 ) ;
#154 = ORIENTED_EDGE ( 'NONE', *, *, #3496, .F. ) ;
#155 = DIRECTION ( 'NONE',  ( -0.0000000000000000000, -0.0000000000000000000, 1.000000000000000000 ) ) ;
#156 = ORIENTED_EDGE ( 'NONE', *, *, #1504, .F. ) ;
#157 = CARTESIAN_POINT ( 'NONE',  ( 55.00000000000000000, 9.500000000000000000, -0.5000000000000004441 ) ) ;
#158 = EDGE_CURVE ( 'NONE', #1593, #1219, #1287, .T. ) ;
#159 = ORIENTED_EDGE ( 'NONE', *, *, #3452, .F. ) ;
#160 = DIRECTION ( 'NONE',  ( -1.000000000000000000, 0.0000000000000000000, 0.0000000000000000000 ) ) ;
#161 = ADVANCED_FACE ( 'NONE', ( #1333 ), #2128, .T. ) ;
#162 = ORIENTED_EDGE ( 'NONE', *, *, #1355, .T. ) ;
#163 = DIRECTION ( 'NONE',  ( 0.0000000000000000000, 0.0000000000000000000, -1.000000000000000000 ) ) ;
#164 = AXIS2_PLACEMENT_3D ( 'NONE', #3277, #1026, #3008 ) ;
#165 = CARTESIAN_POINT ( 'NONE',  ( 7.400000000000000355, 4.099999999999997868, -16.00000000000000000 ) ) ;
#166 = ORIENTED_EDGE ( 'NONE', *, *, #1288, .F. ) ;
#167 = CARTESIAN_POINT ( 'NONE',  ( 39.10999999999982180, 6.449996722562051588, -6.999999999999315214 ) ) ;
#168 = CIRCLE ( 'NONE', #2355, 3.060000000000001830 ) ;
#169 = EDGE_LOOP ( 'NONE', ( #3326, #592, #965, #2674 ) ) ;
#170 = CARTESIAN_POINT ( 'NONE',  ( 54.50000000000000711, -15.00000000000000000, -21.50000000000000000 ) ) ;
#171 = CYLINDRICAL_SURFACE ( 'NONE', #131, 1.349999999999996980 ) ;
#172 = VERTEX_POINT ( 'NONE', #1660 ) ;
#173 = CARTESIAN_POINT ( 'NONE',  ( 40.37254632577506896, 4.267454366639814367, -14.79630835387322385 ) ) ;
#174 = LINE ( 'NONE', #1624, #2969 ) ;
#175 = EDGE_LOOP ( 'NONE', ( #607, #2109 ) ) ;
#176 = LINE ( 'NONE', #684, #2255 ) ;
#177 = VERTEX_POINT ( 'NONE', #1585 ) ;
#178 = EDGE_CURVE ( 'NONE', #2319, #1842, #2266, .T. ) ;
#179 = FACE_BOUND ( 'NONE', #3396, .T. ) ;
#180 = DIRECTION ( 'NONE',  ( 0.0000000000000000000, 1.000000000000000000, 0.0000000000000000000 ) ) ;
#181 = VERTEX_POINT ( 'NONE', #40 ) ;
#182 = DIRECTION ( 'NONE',  ( -6.839255870354804471E-17, -0.7071067811865414665, 0.7071067811865536790 ) ) ;
#183 = EDGE_CURVE ( 'NONE', #3007, #488, #3274, .T. ) ;
#184 = FACE_OUTER_BOUND ( 'NONE', #3317, .T. ) ;
#185 = DIRECTION ( 'NONE',  ( 0.0000000000000000000, 0.0000000000000000000, 1.000000000000000000 ) ) ;
#186 = DIRECTION ( 'NONE',  ( 0.0000000000000000000, -0.0000000000000000000, 1.000000000000000000 ) ) ;
#187 = VECTOR ( 'NONE', #1030, 1000.000000000000000 ) ;
#188 = CARTESIAN_POINT ( 'NONE',  ( 27.50000000000000000, 5.000000000000000000, 0.0000000000000000000 ) ) ;
#189 = CARTESIAN_POINT ( 'NONE',  ( 0.0000000000000000000, -15.00000000000000000, -21.50000000000000000 ) ) ;
#190 = ORIENTED_EDGE ( 'NONE', *, *, #957, .F. ) ;
#191 = CARTESIAN_POINT ( 'NONE',  ( 28.43035695369958304, 3.396437822547846874, -15.76102866331145336 ) ) ;
#192 = CARTESIAN_POINT ( 'NONE',  ( 11.99999999999999645, 0.0000000000000000000, -10.06838849298648952 ) ) ;
#193 = CARTESIAN_POINT ( 'NONE',  ( 43.00000000000000000, -14.50000000000000533, 2.632990618166809235E-15 ) ) ;
#194 = ORIENTED_EDGE ( 'NONE', *, *, #579, .T. ) ;
#195 = AXIS2_PLACEMENT_3D ( 'NONE', #1676, #1940, #329 ) ;
#196 = CARTESIAN_POINT ( 'NONE',  ( 16.99559137917359664, 4.039369676196844949, -14.84479465823235955 ) ) ;
#197 = ORIENTED_EDGE ( 'NONE', *, *, #2021, .T. ) ;
#198 = EDGE_CURVE ( 'NONE', #2889, #348, #1262, .T. ) ;
#199 = CARTESIAN_POINT ( 'NONE',  ( 11.99999999999999645, -15.00000000000000000, -21.50000000000000000 ) ) ;
#200 = ORIENTED_EDGE ( 'NONE', *, *, #3387, .T. ) ;
#201 = EDGE_CURVE ( 'NONE', #1182, #1358, #841, .T. ) ;
#202 = EDGE_LOOP ( 'NONE', ( #802, #858, #811, #1468, #1773, #3260 ) ) ;
#203 = DIRECTION ( 'NONE',  ( 0.0000000000000000000, 0.0000000000000000000, -1.000000000000000000 ) ) ;
#204 = DIRECTION ( 'NONE',  ( 0.0000000000000000000, 0.0000000000000000000, 1.000000000000000000 ) ) ;
#205 = DIRECTION ( 'NONE',  ( 9.614813431917809911E-15, 0.7071067811865414665, -0.7071067811865536790 ) ) ;
#206 = CIRCLE ( 'NONE', #1553, 3.000000000000002665 ) ;
#207 = CARTESIAN_POINT ( 'NONE',  ( 17.31685601808394637, 4.617061431678582295, -14.73767233140265098 ) ) ;
#208 = EDGE_CURVE ( 'NONE', #3467, #92, #100, .T. ) ;
#209 = ORIENTED_EDGE ( 'NONE', *, *, #2475, .T. ) ;
#210 = CYLINDRICAL_SURFACE ( 'NONE', #2130, 4.849999999999996980 ) ;
#211 = CARTESIAN_POINT ( 'NONE',  ( 17.35537606210353800, 4.999999999998893330, -7.278082080886949079 ) ) ;
#212 = ORIENTED_EDGE ( 'NONE', *, *, #933, .T. ) ;
#213 = CARTESIAN_POINT ( 'NONE',  ( 39.10077049523872716, 6.449986972297629073, -7.000010647983939904 ) ) ;
#214 = VECTOR ( 'NONE', #1380, 1000.000000000000000 ) ;
#215 = ORIENTED_EDGE ( 'NONE', *, *, #2196, .T. ) ;
#216 = DIRECTION ( 'NONE',  ( 0.0000000000000000000, 1.000000000000000000, 0.0000000000000000000 ) ) ;
#217 = LINE ( 'NONE', #3475, #1707 ) ;
#218 = ORIENTED_EDGE ( 'NONE', *, *, #1131, .F. ) ;
#219 = APPROVAL_ROLE ( '' ) ;
#220 = CC_DESIGN_APPROVAL ( #713, ( #1857 ) ) ;
#221 = EDGE_CURVE ( 'NONE', #2223, #2229, #2814, .T. ) ;
#222 = VECTOR ( 'NONE', #3121, 1000.000000000000000 ) ;
#223 = EDGE_CURVE ( 'NONE', #1295, #2072, #452, .T. ) ;
#224 = CARTESIAN_POINT ( 'NONE',  ( 39.09462393789713985, 5.000000000000000000, -2.750000000000000000 ) ) ;
#225 = CARTESIAN_POINT ( 'NONE',  ( 16.63554176164308984, 3.732877409806669711, -7.066076454945761753 ) ) ;
#226 = LINE ( 'NONE', #276, #3020 ) ;
#227 = ORIENTED_EDGE ( 'NONE', *, *, #3009, .F. ) ;
#228 = DIRECTION ( 'NONE',  ( -1.000000000000000000, 0.0000000000000000000, 0.0000000000000000000 ) ) ;
#229 = DIRECTION ( 'NONE',  ( 0.0000000000000000000, 0.0000000000000000000, 1.000000000000000000 ) ) ;
#230 = CIRCLE ( 'NONE', #2047, 3.060000000000000053 ) ;
#231 = CARTESIAN_POINT ( 'NONE',  ( 16.79486422866154527, 6.160446275115795345, -14.89875030262396294 ) ) ;
#232 = PERSON_AND_ORGANIZATION_ROLE ( 'creator' ) ;
#233 = CARTESIAN_POINT ( 'NONE',  ( 17.20649735584400020, 4.352939120109636129, -14.77734865353656879 ) ) ;
#234 = CARTESIAN_POINT ( 'NONE',  ( 14.79937448462725591, 4.043372413286545175, -14.84905755734514265 ) ) ;
#235 = ORIENTED_EDGE ( 'NONE', *, *, #761, .T. ) ;
#236 = DIRECTION ( 'NONE',  ( 1.000000000000000000, 0.0000000000000000000, 0.0000000000000000000 ) ) ;
#237 = CARTESIAN_POINT ( 'NONE',  ( 38.21276040447217071, 3.845133040293510440, -7.101102742204945528 ) ) ;
#238 = CARTESIAN_POINT ( 'NONE',  ( 3.000000000000000000, 0.0000000000000000000, -16.00000000000000000 ) ) ;
#239 = EDGE_LOOP ( 'NONE', ( #1784, #1426, #1997, #2637, #2733 ) ) ;
#240 = DIRECTION ( 'NONE',  ( -0.0000000000000000000, -0.0000000000000000000, -1.000000000000000000 ) ) ;
#241 = CARTESIAN_POINT ( 'NONE',  ( 5.999999999999991118, -13.50000000000000000, -11.00000000000000533 ) ) ;
#242 = AXIS2_PLACEMENT_3D ( 'NONE', #1197, #129, #102 ) ;
#243 = VERTEX_POINT ( 'NONE', #81 ) ;
#244 = CARTESIAN_POINT ( 'NONE',  ( 17.35537606210286654, 5.000000000000000000, -14.72191791911319214 ) ) ;
#245 = CARTESIAN_POINT ( 'NONE',  ( 38.72034723457731076, 6.404113676467348526, -14.98208436068460969 ) ) ;
#246 = EDGE_CURVE ( 'NONE', #1276, #2194, #3503, .T. ) ;
#247 = ORIENTED_EDGE ( 'NONE', *, *, #1713, .F. ) ;
#248 = CARTESIAN_POINT ( 'NONE',  ( 49.00000000000000711, -13.50000000000000000, -7.849999999999992539 ) ) ;
#249 = CARTESIAN_POINT ( 'NONE',  ( 38.71680429887061337, 6.412756219940233926, -7.015417487768267790 ) ) ;
#250 = DIRECTION ( 'NONE',  ( 1.000000000000000000, 0.0000000000000000000, 0.0000000000000000000 ) ) ;
#251 = VERTEX_POINT ( 'NONE', #2760 ) ;
#252 = DIRECTION ( 'NONE',  ( 0.0000000000000000000, -1.000000000000000000, -0.0000000000000000000 ) ) ;
#253 = FACE_OUTER_BOUND ( 'NONE', #3405, .T. ) ;
#254 = EDGE_LOOP ( 'NONE', ( #1590, #2375, #1516 ) ) ;
#255 = PRODUCT_DEFINITION_SHAPE ( 'NONE', 'NONE',  #2943 ) ;
#256 = LINE ( 'NONE', #459, #1824 ) ;
#257 = CARTESIAN_POINT ( 'NONE',  ( 39.09462393789713985, 5.000000000000000000, -22.00000000000000000 ) ) ;
#258 = EDGE_LOOP ( 'NONE', ( #2932, #1678, #159 ) ) ;
#259 = CARTESIAN_POINT ( 'NONE',  ( 27.49999999999999645, 3.149999999999998579, -15.84999999999999964 ) ) ;
#260 = FACE_OUTER_BOUND ( 'NONE', #388, .T. ) ;
#261 = CARTESIAN_POINT ( 'NONE',  ( 39.10077049517801839, 3.550013027702113355, -7.000010647984079348 ) ) ;
#262 = CARTESIAN_POINT ( 'NONE',  ( 17.30791808572234913, 5.380103384581232717, -7.259690315382877124 ) ) ;
#263 = AXIS2_PLACEMENT_3D ( 'NONE', #3462, #746, #2658 ) ;
#264 = VECTOR ( 'NONE', #1705, 1000.000000000000000 ) ;
#265 = EDGE_LOOP ( 'NONE', ( #3335, #351, #1853, #2455 ) ) ;
#266 = DIRECTION ( 'NONE',  ( 0.0000000000000000000, 0.0000000000000000000, 1.000000000000000000 ) ) ;
#267 = ADVANCED_FACE ( 'NONE', ( #1164 ), #2894, .F. ) ;
#268 = FACE_OUTER_BOUND ( 'NONE', #1811, .T. ) ;
#269 = EDGE_CURVE ( 'NONE', #854, #1297, #1716, .T. ) ;
#270 = CARTESIAN_POINT ( 'NONE',  ( 39.10999999999999943, 0.0000000000000000000, -11.00000000000000000 ) ) ;
#271 = VECTOR ( 'NONE', #637, 1000.000000000000000 ) ;
#272 = CARTESIAN_POINT ( 'NONE',  ( 26.89984156729788367, 3.245866807797824105, -15.81405082514985061 ) ) ;
#273 = CARTESIAN_POINT ( 'NONE',  ( 37.93675362420813713, 5.893202680809313421, -7.173402489865220666 ) ) ;
#274 = AXIS2_PLACEMENT_3D ( 'NONE', #2830, #3425, #2099 ) ;
#275 = CARTESIAN_POINT ( 'NONE',  ( 16.54577304371084168, 6.304358253583852267, -7.053130910959655608 ) ) ;
#276 = CARTESIAN_POINT ( 'NONE',  ( 39.10999999999999943, 2.000000000000000000, -7.000000000000000000 ) ) ;
#277 = EDGE_LOOP ( 'NONE', ( #937, #1631 ) ) ;
#278 = ORIENTED_EDGE ( 'NONE', *, *, #614, .F. ) ;
#279 = CARTESIAN_POINT ( 'NONE',  ( 37.83857033142294313, 5.730580631651252865, -14.79295750770566364 ) ) ;
#280 = DIRECTION ( 'NONE',  ( 0.0000000000000000000, 0.0000000000000000000, 1.000000000000000000 ) ) ;
#281 = ORIENTED_EDGE ( 'NONE', *, *, #389, .T. ) ;
#282 = CARTESIAN_POINT ( 'NONE',  ( 46.24999999999999289, 4.099999999999997868, -22.00000000000000000 ) ) ;
#283 = CARTESIAN_POINT ( 'NONE',  ( 15.89922950476143804, 3.550013027702370039, -14.99998935201605832 ) ) ;
#284 = VERTEX_POINT ( 'NONE', #1423 ) ;
#285 = DIRECTION ( 'NONE',  ( -0.0000000000000000000, -0.0000000000000000000, -1.000000000000000000 ) ) ;
#286 = AXIS2_PLACEMENT_3D ( 'NONE', #1640, #1056, #1376 ) ;
#287 = ORIENTED_EDGE ( 'NONE', *, *, #1935, .F. ) ;
#288 = CARTESIAN_POINT ( 'NONE',  ( 55.00000000000000000, 9.500000000000000000, -0.5000000000000004441 ) ) ;
#289 = EDGE_CURVE ( 'NONE', #419, #2494, #1461, .T. ) ;
#290 = ORIENTED_EDGE ( 'NONE', *, *, #2625, .T. ) ;
#291 = CARTESIAN_POINT ( 'NONE',  ( 43.00000000000000000, -15.00000000000000000, 2.632990618166809235E-15 ) ) ;
#292 = AXIS2_PLACEMENT_3D ( 'NONE', #123, #3353, #2020 ) ;
#293 = CIRCLE ( 'NONE', #3512, 1.149999999999996581 ) ;
#294 = CARTESIAN_POINT ( 'NONE',  ( 27.37842779042768626, 3.149999999999999467, -15.85000000000000320 ) ) ;
#295 = ORIENTED_EDGE ( 'NONE', *, *, #689, .F. ) ;
#296 = CARTESIAN_POINT ( 'NONE',  ( 27.98298317876943386, 6.789966900362005120, -15.82736894825878160 ) ) ;
#297 = CARTESIAN_POINT ( 'NONE',  ( 15.42123637059957453, 3.625623753721135323, -7.026574010142361715 ) ) ;
#298 = VECTOR ( 'NONE', #687, 1000.000000000000000 ) ;
#299 = EDGE_CURVE ( 'NONE', #3100, #2502, #1845, .T. ) ;
#300 = ORIENTED_EDGE ( 'NONE', *, *, #178, .F. ) ;
#301 = DIRECTION ( 'NONE',  ( -0.0000000000000000000, 1.000000000000000000, -0.0000000000000000000 ) ) ;
#302 = VECTOR ( 'NONE', #3341, 1000.000000000000000 ) ;
#303 = DIRECTION ( 'NONE',  ( 0.0000000000000000000, 0.0000000000000000000, -1.000000000000000000 ) ) ;
#304 = CARTESIAN_POINT ( 'NONE',  ( 27.49999999999999645, 10.00000000000000000, -11.00000000000000000 ) ) ;
#305 = PLANE ( 'NONE',  #530 ) ;
#306 = VERTEX_POINT ( 'NONE', #2794 ) ;
#307 = DIRECTION ( 'NONE',  ( -0.0000000000000000000, -0.0000000000000000000, 1.000000000000000000 ) ) ;
#308 = CARTESIAN_POINT ( 'NONE',  ( 39.30083936506736109, 6.449590964589206443, -6.999999999999981348 ) ) ;
#309 = LINE ( 'NONE', #3390, #1922 ) ;
#310 = ORIENTED_EDGE ( 'NONE', *, *, #1138, .F. ) ;
#311 = PLANE ( 'NONE',  #63 ) ;
#312 = AXIS2_PLACEMENT_3D ( 'NONE', #1858, #2441, #523 ) ;
#313 = VECTOR ( 'NONE', #182, 1000.000000000000000 ) ;
#314 = DIRECTION ( 'NONE',  ( 0.0000000000000000000, 0.0000000000000000000, 1.000000000000000000 ) ) ;
#315 = ORIENTED_EDGE ( 'NONE', *, *, #809, .F. ) ;
#316 = DIRECTION ( 'NONE',  ( 1.000000000000000000, 0.0000000000000000000, 0.0000000000000000000 ) ) ;
#317 = FACE_OUTER_BOUND ( 'NONE', #1731, .T. ) ;
#318 = EDGE_CURVE ( 'NONE', #306, #1408, #2773, .T. ) ;
#319 = DIRECTION ( 'NONE',  ( 1.000000000000000000, 0.0000000000000000000, 0.0000000000000000000 ) ) ;
#320 = ORIENTED_EDGE ( 'NONE', *, *, #1131, .T. ) ;
#321 = ADVANCED_FACE ( 'NONE', ( #1375 ), #1672, .T. ) ;
#322 = CARTESIAN_POINT ( 'NONE',  ( 14.45537606210286619, 5.000000000000000000, -18.00000000000000000 ) ) ;
#323 = CARTESIAN_POINT ( 'NONE',  ( 28.63103329291929100, 6.468948942898948395, -15.71739001120104184 ) ) ;
#324 = AXIS2_PLACEMENT_3D ( 'NONE', #3302, #3338, #1720 ) ;
#325 = EDGE_LOOP ( 'NONE', ( #500, #2857, #1229, #1968 ) ) ;
#326 = DIRECTION ( 'NONE',  ( -0.0000000000000000000, 1.000000000000000000, -0.0000000000000000000 ) ) ;
#327 = EDGE_CURVE ( 'NONE', #251, #2942, #3321, .T. ) ;
#328 = EDGE_LOOP ( 'NONE', ( #1448, #1421 ) ) ;
#329 = DIRECTION ( 'NONE',  ( 0.0000000000000000000, 0.0000000000000000000, 1.000000000000000000 ) ) ;
#330 = CARTESIAN_POINT ( 'NONE',  ( 39.10999999999999943, 2.000000000000000000, -11.00000000000000000 ) ) ;
#331 = VERTEX_POINT ( 'NONE', #3030 ) ;
#332 = CARTESIAN_POINT ( 'NONE',  ( 11.99999999999999645, 62.30000000000000426, -11.93161150701350870 ) ) ;
#333 = AXIS2_PLACEMENT_3D ( 'NONE', #3421, #2837, #1801 ) ;
#334 = CARTESIAN_POINT ( 'NONE',  ( 28.72482990164137107, 6.391608737820417829, -15.69361070670527525 ) ) ;
#335 = ORIENTED_EDGE ( 'NONE', *, *, #2087, .F. ) ;
#336 = DIRECTION ( 'NONE',  ( -0.0000000000000000000, 1.000000000000000000, -0.0000000000000000000 ) ) ;
#337 = ADVANCED_FACE ( 'NONE', ( #1928 ), #352, .T. ) ;
#338 = EDGE_CURVE ( 'NONE', #631, #1691, #3372, .T. ) ;
#339 = DIRECTION ( 'NONE',  ( 0.0000000000000000000, 0.0000000000000000000, 1.000000000000000000 ) ) ;
#340 = EDGE_CURVE ( 'NONE', #3264, #2775, #2059, .T. ) ;
#341 = FACE_OUTER_BOUND ( 'NONE', #2650, .T. ) ;
#342 = CARTESIAN_POINT ( 'NONE',  ( 17.35537606210286654, 5.000000000000000000, -30.00000000000000000 ) ) ;
#343 = VERTEX_POINT ( 'NONE', #1139 ) ;
#344 = AXIS2_PLACEMENT_3D ( 'NONE', #1760, #2280, #649 ) ;
#345 = DIRECTION ( 'NONE',  ( 1.000000000000000000, 0.0000000000000000000, 0.0000000000000000000 ) ) ;
#346 = VECTOR ( 'NONE', #2230, 1000.000000000000000 ) ;
#347 = CARTESIAN_POINT ( 'NONE',  ( 28.10117783603158159, 6.753788596223929908, -15.81392446413892472 ) ) ;
#348 = VERTEX_POINT ( 'NONE', #1189 ) ;
#349 = EDGE_CURVE ( 'NONE', #172, #670, #2277, .T. ) ;
#350 = CIRCLE ( 'NONE', #2437, 1.349999999999996980 ) ;
#351 = ORIENTED_EDGE ( 'NONE', *, *, #2586, .F. ) ;
#352 = PLANE ( 'NONE',  #292 ) ;
#353 = LINE ( 'NONE', #3049, #989 ) ;
#354 = VERTEX_POINT ( 'NONE', #3089 ) ;
#355 = VECTOR ( 'NONE', #1317, 1000.000000000000000 ) ;
#356 = ORIENTED_EDGE ( 'NONE', *, *, #289, .F. ) ;
#357 = ADVANCED_FACE ( 'NONE', ( #3066 ), #1802, .F. ) ;
#358 = CARTESIAN_POINT ( 'NONE',  ( 37.79333996826002107, 4.353318737724674037, -14.77729041019833822 ) ) ;
#359 = LINE ( 'NONE', #1097, #3145 ) ;
#360 = AXIS2_PLACEMENT_3D ( 'NONE', #14, #1652, #280 ) ;
#361 = DIRECTION ( 'NONE',  ( 0.0000000000000000000, -1.000000000000000000, -0.0000000000000000000 ) ) ;
#362 = FACE_OUTER_BOUND ( 'NONE', #1085, .T. ) ;
#363 = CARTESIAN_POINT ( 'NONE',  ( 39.10077049523872716, 3.550013027702370483, -9.000000000000000000 ) ) ;
#364 = ORIENTED_EDGE ( 'NONE', *, *, #1675, .T. ) ;
#365 = DIRECTION ( 'NONE',  ( 0.0000000000000000000, -1.000000000000000000, 0.0000000000000000000 ) ) ;
#366 = DIRECTION ( 'NONE',  ( 1.000000000000000000, 0.0000000000000000000, 0.0000000000000000000 ) ) ;
#367 = ORIENTED_EDGE ( 'NONE', *, *, #1754, .F. ) ;
#368 = CARTESIAN_POINT ( 'NONE',  ( 26.27505966837962958, 6.391545442495173646, -6.306413125413069309 ) ) ;
#369 = EDGE_CURVE ( 'NONE', #3069, #2049, #2516, .T. ) ;
#370 = EDGE_LOOP ( 'NONE', ( #1257, #1919 ) ) ;
#371 = B_SPLINE_CURVE_WITH_KNOTS ( 'NONE', 3,
 ( #3373, #3356, #2239, #1996, #2549 ),
 .UNSPECIFIED., .F., .F.,
 ( 4, 1, 4 ),
 ( 0.002283717969437809754, 0.002288318568285973090, 0.002292919167134136859 ),
 .UNSPECIFIED. ) ;
#372 = DIRECTION ( 'NONE',  ( 0.0000000000000000000, -1.000000000000000000, 0.0000000000000000000 ) ) ;
#373 = DIRECTION ( 'NONE',  ( -1.000000000000000000, 0.0000000000000000000, 0.0000000000000000000 ) ) ;
#374 = ADVANCED_FACE ( 'NONE', ( #362 ), #3371, .F. ) ;
#375 = ORIENTED_EDGE ( 'NONE', *, *, #2220, .F. ) ;
#376 = ORIENTED_EDGE ( 'NONE', *, *, #998, .T. ) ;
#377 = LOCAL_TIME ( 16, 49, 34.00000000000000000, #1898 ) ;
#378 = CARTESIAN_POINT ( 'NONE',  ( 29.25385561129688128, 5.600955557368008542, -6.477945899473357194 ) ) ;
#379 = AXIS2_PLACEMENT_3D ( 'NONE', #499, #1040, #1821 ) ;
#380 = DIRECTION ( 'NONE',  ( -0.5773502691896251759, -0.5773502691896351680, -0.5773502691896170713 ) ) ;
#381 = CIRCLE ( 'NONE', #1990, 3.150000000000005240 ) ;
#382 = EDGE_LOOP ( 'NONE', ( #3308, #1901, #2598, #2143 ) ) ;
#383 = CARTESIAN_POINT ( 'NONE',  ( 14.44305901104027967, 4.810084209527855315, -7.270876540642816188 ) ) ;
#384 = CARTESIAN_POINT ( 'NONE',  ( 27.25419703041995234, 3.162381226731521444, -6.154760152879982904 ) ) ;
#385 = EDGE_CURVE ( 'NONE', #1852, #784, #3229, .T. ) ;
#386 = CIRCLE ( 'NONE', #2104, 1.449999999999999956 ) ;
#387 = CARTESIAN_POINT ( 'NONE',  ( 5.999999999999991118, -18.00199999999999889, -7.940000000000003944 ) ) ;
#388 = EDGE_LOOP ( 'NONE', ( #1778, #1768 ) ) ;
#389 = EDGE_CURVE ( 'NONE', #1340, #1100, #674, .T. ) ;
#390 = CARTESIAN_POINT ( 'NONE',  ( 39.10999999999965127, 6.449996722563535734, -15.00000000000122213 ) ) ;
#391 = LINE ( 'NONE', #2526, #2839 ) ;
#392 = VERTEX_POINT ( 'NONE', #1746 ) ;
#393 = AXIS2_PLACEMENT_3D ( 'NONE', #2271, #3360, #2813 ) ;
#394 = ADVANCED_FACE ( 'NONE', ( #1623 ), #3147, .F. ) ;
#395 = DIRECTION ( 'NONE',  ( 1.000000000000000000, 0.0000000000000000000, 0.0000000000000000000 ) ) ;
#396 = DIRECTION ( 'NONE',  ( 0.0000000000000000000, 0.0000000000000000000, -1.000000000000000000 ) ) ;
#397 = LINE ( 'NONE', #1988, #3176 ) ;
#398 = ORIENTED_EDGE ( 'NONE', *, *, #269, .F. ) ;
#399 = B_SPLINE_CURVE_WITH_KNOTS ( 'NONE', 3,
 ( #501, #1054, #1591, #245, #2410, #2096, #478, #1882, #569, #279, #25, #2966, #1902, #3012 ),
 .UNSPECIFIED., .F., .F.,
 ( 4, 2, 2, 2, 2, 2, 4 ),
 ( 0.002280081207686294586, 0.002566637088044844937, 0.002853192968403395289, 0.003426304729120476910, 0.003712860609479018154, 0.003999416489837559832, 0.004572528250554652729 ),
 .UNSPECIFIED. ) ;
#400 = CARTESIAN_POINT ( 'NONE',  ( 39.09462393789713985, 5.000000000000000000, -2.749999999999999112 ) ) ;
#401 = CIRCLE ( 'NONE', #2272, 3.999999999999999112 ) ;
#402 = CARTESIAN_POINT ( 'NONE',  ( 49.00000000000000711, -18.00000000000000000, -12.14999999999999503 ) ) ;
#403 = CARTESIAN_POINT ( 'NONE',  ( 25.64999999999999503, 4.878464016147906257, -6.516697645708020126 ) ) ;
#404 = EDGE_LOOP ( 'NONE', ( #1699, #1535 ) ) ;
#405 = DIRECTION ( 'NONE',  ( 0.0000000000000000000, -0.0000000000000000000, -1.000000000000000000 ) ) ;
#406 = LINE ( 'NONE', #2952, #3315 ) ;
#407 = CARTESIAN_POINT ( 'NONE',  ( 40.51876747658479161, 5.381208619447297004, -14.74451215003834115 ) ) ;
#408 = LINE ( 'NONE', #1835, #187 ) ;
#409 = CARTESIAN_POINT ( 'NONE',  ( 11.99999999999999645, 0.0000000000000000000, -21.50000000000000000 ) ) ;
#410 = CARTESIAN_POINT ( 'NONE',  ( 26.02992921055514586, 6.129531297616998664, -6.377623169965431771 ) ) ;
#411 = ORIENTED_EDGE ( 'NONE', *, *, #3452, .T. ) ;
#412 = EDGE_CURVE ( 'NONE', #2825, #584, #408, .T. ) ;
#413 = DIRECTION ( 'NONE',  ( -1.000000000000000000, 0.0000000000000000000, 0.0000000000000000000 ) ) ;
#414 = CARTESIAN_POINT ( 'NONE',  ( 27.49999999999999645, 3.149999999999998579, -6.150000000000001243 ) ) ;
#415 = ADVANCED_FACE ( 'NONE', ( #1212 ), #1286, .T. ) ;
#416 = EDGE_CURVE ( 'NONE', #3376, #699, #1537, .T. ) ;
#417 = ORIENTED_EDGE ( 'NONE', *, *, #3009, .T. ) ;
#418 = AXIS2_PLACEMENT_3D ( 'NONE', #2687, #2379, #2918 ) ;
#419 = VERTEX_POINT ( 'NONE', #3174 ) ;
#420 = ORIENTED_EDGE ( 'NONE', *, *, #700, .F. ) ;
#421 = PLANE ( 'NONE',  #242 ) ;
#422 = CARTESIAN_POINT ( 'NONE',  ( 39.10077049523872716, 6.449986972297629073, -2.749999999999999112 ) ) ;
#423 = EDGE_LOOP ( 'NONE', ( #1877, #822 ) ) ;
#424 = B_SPLINE_CURVE_WITH_KNOTS ( 'NONE', 3,
 ( #1339, #837, #2711, #262, #1091, #2163, #541, #1083, #3238, #3, #2187, #549, #275, #562, #2984, #1363 ),
 .UNSPECIFIED., .F., .F.,
 ( 4, 2, 2, 2, 2, 2, 2, 4 ),
 ( 0.002303205592997919875, 0.002589767386343721969, 0.002876329179689524496, 0.003162890973035326590, 0.003449452766381129118, 0.003736014559726931212, 0.004022576353072733306, 0.004595699939764337494 ),
 .UNSPECIFIED. ) ;
#425 = CARTESIAN_POINT ( 'NONE',  ( -3.833233541708402065E-17, -14.50000000000000711, -0.5000000000000005551 ) ) ;
#426 = DIRECTION ( 'NONE',  ( 1.000000000000000000, 0.0000000000000000000, 0.0000000000000000000 ) ) ;
#427 = ORIENTED_EDGE ( 'NONE', *, *, #3460, .T. ) ;
#428 = DIRECTION ( 'NONE',  ( -0.0000000000000000000, -0.0000000000000000000, 1.000000000000000000 ) ) ;
#429 = CARTESIAN_POINT ( 'NONE',  ( 39.09462393789713985, 5.000000000000000000, -2.750000000000000000 ) ) ;
#430 = ORIENTED_EDGE ( 'NONE', *, *, #1381, .F. ) ;
#431 = ADVANCED_FACE ( 'NONE', ( #317 ), #1556, .T. ) ;
#432 = CARTESIAN_POINT ( 'NONE',  ( 39.10999999999982180, 3.550003277437948856, -15.00000000000068390 ) ) ;
#433 = FACE_BOUND ( 'NONE', #277, .T. ) ;
#434 = AXIS2_PLACEMENT_3D ( 'NONE', #17, #3504, #2680 ) ;
#435 = ORIENTED_EDGE ( 'NONE', *, *, #2038, .T. ) ;
#436 = CYLINDRICAL_SURFACE ( 'NONE', #883, 3.150000000000005240 ) ;
#437 = CARTESIAN_POINT ( 'NONE',  ( 11.49999999999999645, -15.00000000000000000, 0.0000000000000000000 ) ) ;
#438 = EDGE_CURVE ( 'NONE', #59, #348, #2771, .T. ) ;
#439 = DIRECTION ( 'NONE',  ( 0.0000000000000000000, -1.000000000000000000, 0.0000000000000000000 ) ) ;
#440 = LINE ( 'NONE', #794, #3440 ) ;
#441 = ORIENTED_EDGE ( 'NONE', *, *, #2945, .F. ) ;
#442 = DIRECTION ( 'NONE',  ( -0.0000000000000000000, -0.0000000000000000000, -1.000000000000000000 ) ) ;
#443 = FACE_OUTER_BOUND ( 'NONE', #3435, .T. ) ;
#444 = ORIENTED_EDGE ( 'NONE', *, *, #3334, .F. ) ;
#445 = CARTESIAN_POINT ( 'NONE',  ( 40.00060111637700544, 3.842894355346539115, -14.90199477508897807 ) ) ;
#446 = CIRCLE ( 'NONE', #2994, 3.999999999999999112 ) ;
#447 = ORIENTED_EDGE ( 'NONE', *, *, #2862, .F. ) ;
#448 = EDGE_CURVE ( 'NONE', #3069, #2180, #2939, .T. ) ;
#449 = CARTESIAN_POINT ( 'NONE',  ( 15.90537606210286725, 5.000000000000000000, -18.00000000000000000 ) ) ;
#450 = CARTESIAN_POINT ( 'NONE',  ( 0.0000000000000000000, 10.00000000000000000, 0.0000000000000000000 ) ) ;
#451 = FACE_OUTER_BOUND ( 'NONE', #1850, .T. ) ;
#452 = CIRCLE ( 'NONE', #2404, 3.000000000000006217 ) ;
#453 = PLANE ( 'NONE',  #2634 ) ;
#454 = CARTESIAN_POINT ( 'NONE',  ( 40.26524001646303219, 4.107894294315415529, -14.83199087651263604 ) ) ;
#455 = ORIENTED_EDGE ( 'NONE', *, *, #2425, .T. ) ;
#456 = CARTESIAN_POINT ( 'NONE',  ( 8.750000000000000000, 4.099999999999997868, -22.00000000000000000 ) ) ;
#457 = EDGE_CURVE ( 'NONE', #1095, #110, #230, .T. ) ;
#458 = ORIENTED_EDGE ( 'NONE', *, *, #1156, .T. ) ;
#459 = CARTESIAN_POINT ( 'NONE',  ( 0.0000000000000000000, 9.500000000000000000, 0.0000000000000000000 ) ) ;
#460 = ORIENTED_EDGE ( 'NONE', *, *, #3291, .T. ) ;
#461 = AXIS2_PLACEMENT_3D ( 'NONE', #1021, #2073, #467 ) ;
#462 = CARTESIAN_POINT ( 'NONE',  ( 15.90537606210286725, 5.000000000000000000, -2.749999999999999112 ) ) ;
#463 = CARTESIAN_POINT ( 'NONE',  ( 15.90537606210286725, 5.000000000000000000, -2.750000000000000000 ) ) ;
#464 = EDGE_LOOP ( 'NONE', ( #1481, #1020, #2022, #2655 ) ) ;
#465 = DIRECTION ( 'NONE',  ( 1.000000000000000000, 0.0000000000000000000, 0.0000000000000000000 ) ) ;
#466 = DIRECTION ( 'NONE',  ( 1.000000000000000000, 0.0000000000000000000, 0.0000000000000000000 ) ) ;
#467 = DIRECTION ( 'NONE',  ( 0.0000000000000000000, 0.0000000000000000000, 1.000000000000000000 ) ) ;
#468 = VECTOR ( 'NONE', #2700, 1000.000000000000000 ) ;
#469 = CARTESIAN_POINT ( 'NONE',  ( 29.33762154823201485, 4.754216769173456925, -15.48846462960080750 ) ) ;
#470 = ORIENTED_EDGE ( 'NONE', *, *, #412, .T. ) ;
#471 = DIRECTION ( 'NONE',  ( 0.0000000000000000000, -1.000000000000000000, 0.0000000000000000000 ) ) ;
#472 = CARTESIAN_POINT ( 'NONE',  ( 49.00000000000000000, -13.50000000000000000, -7.939999999999997726 ) ) ;
#473 = LINE ( 'NONE', #808, #2294 ) ;
#474 = ORIENTED_EDGE ( 'NONE', *, *, #2445, .T. ) ;
#475 = CARTESIAN_POINT ( 'NONE',  ( 39.10077049523872716, 3.550013027702370483, -14.99998935201605832 ) ) ;
#476 = DIRECTION ( 'NONE',  ( 0.0000000000000000000, 0.0000000000000000000, 1.000000000000000000 ) ) ;
#477 = VECTOR ( 'NONE', #738, 1000.000000000000000 ) ;
#478 = CARTESIAN_POINT ( 'NONE',  ( 38.20408992657588243, 6.159777486626877518, -14.89852245235788786 ) ) ;
#479 = VERTEX_POINT ( 'NONE', #1335 ) ;
#480 = LINE ( 'NONE', #528, #3444 ) ;
#481 = PLANE ( 'NONE',  #639 ) ;
#482 = ORIENTED_EDGE ( 'NONE', *, *, #1018, .T. ) ;
#483 = AXIS2_PLACEMENT_3D ( 'NONE', #1035, #496, #2665 ) ;
#484 = CARTESIAN_POINT ( 'NONE',  ( 15.89922950476127816, 3.550013027702370483, -2.749999999999999112 ) ) ;
#485 = VECTOR ( 'NONE', #3289, 1000.000000000000000 ) ;
#486 = DIRECTION ( 'NONE',  ( 0.0000000000000000000, -1.000000000000000000, 0.0000000000000000000 ) ) ;
#487 = EDGE_CURVE ( 'NONE', #2180, #1577, #399, .T. ) ;
#488 = VERTEX_POINT ( 'NONE', #1872 ) ;
#489 = CARTESIAN_POINT ( 'NONE',  ( 15.90537606210286725, 5.000000000000000000, -2.750000000000000000 ) ) ;
#490 = CARTESIAN_POINT ( 'NONE',  ( 15.88999999999977852, 6.449996722562282514, -15.00000000000076739 ) ) ;
#491 = VECTOR ( 'NONE', #3204, 1000.000000000000000 ) ;
#492 = DIRECTION ( 'NONE',  ( -0.0000000000000000000, -0.0000000000000000000, 1.000000000000000000 ) ) ;
#493 = CARTESIAN_POINT ( 'NONE',  ( 3.000000000000000000, 0.0000000000000000000, -22.00000000000000000 ) ) ;
#494 = EDGE_LOOP ( 'NONE', ( #2147, #2872, #1605, #3437 ) ) ;
#495 = CARTESIAN_POINT ( 'NONE',  ( 29.35000000000000142, 5.000000000000000000, -15.48330235429197543 ) ) ;
#496 = DIRECTION ( 'NONE',  ( 0.0000000000000000000, 0.7071067811865524577, -0.7071067811865425767 ) ) ;
#497 = ORIENTED_EDGE ( 'NONE', *, *, #3359, .F. ) ;
#498 = AXIS2_PLACEMENT_3D ( 'NONE', #2309, #3407, #2338 ) ;
#499 = CARTESIAN_POINT ( 'NONE',  ( 27.50000000000000000, 5.000000000000000000, -27.00000000000000355 ) ) ;
#500 = ORIENTED_EDGE ( 'NONE', *, *, #623, .F. ) ;
#501 = CARTESIAN_POINT ( 'NONE',  ( 39.10077049523863479, 6.449986972297629961, -14.99998935201605832 ) ) ;
#502 = EDGE_CURVE ( 'NONE', #2091, #2566, #2093, .T. ) ;
#503 = PLANE ( 'NONE',  #844 ) ;
#504 = ORIENTED_EDGE ( 'NONE', *, *, #2749, .F. ) ;
#505 = DIRECTION ( 'NONE',  ( -1.000000000000000000, 0.0000000000000000000, 0.0000000000000000000 ) ) ;
#506 = CARTESIAN_POINT ( 'NONE',  ( 1.649999999999999911, 0.0000000000000000000, -16.00000000000000000 ) ) ;
#507 = AXIS2_PLACEMENT_3D ( 'NONE', #2476, #2462, #866 ) ;
#508 = DIRECTION ( 'NONE',  ( -0.0000000000000000000, 1.000000000000000000, -0.0000000000000000000 ) ) ;
#509 = CALENDAR_DATE ( 2019, 12, 12 ) ;
#510 = EDGE_LOOP ( 'NONE', ( #3027, #1897, #3111, #2486, #2701, #278 ) ) ;
#511 = CARTESIAN_POINT ( 'NONE',  ( 14.74035945433120709, 5.884618178759584595, -14.83162195504864656 ) ) ;
#512 = FACE_OUTER_BOUND ( 'NONE', #3225, .T. ) ;
#513 = DIRECTION ( 'NONE',  ( 0.0000000000000000000, 0.0000000000000000000, 1.000000000000000000 ) ) ;
#514 = VERTEX_POINT ( 'NONE', #1613 ) ;
#515 = DIRECTION ( 'NONE',  ( 0.0000000000000000000, 0.0000000000000000000, -1.000000000000000000 ) ) ;
#516 = CIRCLE ( 'NONE', #1467, 1.449999999999999956 ) ;
#517 = AXIS2_PLACEMENT_3D ( 'NONE', #2324, #2885, #2051 ) ;
#518 = DIRECTION ( 'NONE',  ( 0.0000000000000000000, -1.000000000000000000, 0.0000000000000000000 ) ) ;
#519 = LINE ( 'NONE', #3481, #739 ) ;
#520 = ORIENTED_EDGE ( 'NONE', *, *, #984, .F. ) ;
#521 = DIRECTION ( 'NONE',  ( 0.0000000000000000000, 0.0000000000000000000, 1.000000000000000000 ) ) ;
#522 = AXIS2_PLACEMENT_3D ( 'NONE', #3139, #521, #2964 ) ;
#523 = DIRECTION ( 'NONE',  ( 0.0000000000000000000, 0.0000000000000000000, -1.000000000000000000 ) ) ;
#524 = CARTESIAN_POINT ( 'NONE',  ( 15.51163111810796913, 6.402145235520825928, -14.98315720886306757 ) ) ;
#525 = LINE ( 'NONE', #2403, #1918 ) ;
#526 = ORIENTED_EDGE ( 'NONE', *, *, #3187, .F. ) ;
#527 = EDGE_CURVE ( 'NONE', #2011, #488, #359, .T. ) ;
#528 = CARTESIAN_POINT ( 'NONE',  ( 43.00000000000000000, 0.0000000000000000000, -21.50000000000000000 ) ) ;
#529 = LINE ( 'NONE', #1830, #2766 ) ;
#530 = AXIS2_PLACEMENT_3D ( 'NONE', #291, #829, #2699 ) ;
#531 = ORIENTED_EDGE ( 'NONE', *, *, #3355, .T. ) ;
#532 = CARTESIAN_POINT ( 'NONE',  ( 27.49999999999999645, 10.00000000000000000, -11.00000000000000000 ) ) ;
#533 = DIRECTION ( 'NONE',  ( 0.0000000000000000000, 0.0000000000000000000, 1.000000000000000000 ) ) ;
#534 = EDGE_CURVE ( 'NONE', #3122, #654, #2810, .T. ) ;
#535 = LINE ( 'NONE', #1293, #712 ) ;
#536 = CARTESIAN_POINT ( 'NONE',  ( 27.49999999999999645, 10.00000000000000000, -6.150000000000001243 ) ) ;
#537 = CARTESIAN_POINT ( 'NONE',  ( 36.09462393789713275, 5.000000000000000000, 0.0000000000000000000 ) ) ;
#538 = ORIENTED_EDGE ( 'NONE', *, *, #2293, .F. ) ;
#539 = CARTESIAN_POINT ( 'NONE',  ( 15.89308294741969085, 5.000000000000000000, -18.00000000000000000 ) ) ;
#540 = CARTESIAN_POINT ( 'NONE',  ( 15.88999999999977852, 3.550003277437717042, -6.999999999999230837 ) ) ;
#541 = CARTESIAN_POINT ( 'NONE',  ( 17.16090998196610684, 5.731453912133843254, -7.206868936314380747 ) ) ;
#542 = ORIENTED_EDGE ( 'NONE', *, *, #2489, .T. ) ;
#543 = CARTESIAN_POINT ( 'NONE',  ( 17.35537606210286654, 5.000000000000000000, -14.72191791911319214 ) ) ;
#544 = ORIENTED_EDGE ( 'NONE', *, *, #1524, .T. ) ;
#545 = DIRECTION ( 'NONE',  ( -0.0000000000000000000, 1.000000000000000000, -0.0000000000000000000 ) ) ;
#546 = EDGE_CURVE ( 'NONE', #72, #2065, #1883, .T. ) ;
#547 = VERTEX_POINT ( 'NONE', #537 ) ;
#548 = CARTESIAN_POINT ( 'NONE',  ( 43.00000000000000000, -14.50000000000000533, -10.06838849298645577 ) ) ;
#549 = CARTESIAN_POINT ( 'NONE',  ( 16.63068970366794375, 6.259119793747135674, -7.068351871366171935 ) ) ;
#550 = ORIENTED_EDGE ( 'NONE', *, *, #246, .F. ) ;
#551 = EDGE_CURVE ( 'NONE', #2728, #92, #2312, .T. ) ;
#552 = DIRECTION ( 'NONE',  ( -0.0000000000000000000, 1.000000000000000000, -0.0000000000000000000 ) ) ;
#553 = FACE_OUTER_BOUND ( 'NONE', #726, .T. ) ;
#554 = VERTEX_POINT ( 'NONE', #1393 ) ;
#555 = CARTESIAN_POINT ( 'NONE',  ( 5.999999999999991118, -15.00000000000000000, -14.15000000000000213 ) ) ;
#556 = VECTOR ( 'NONE', #1301, 1000.000000000000000 ) ;
#557 = ORIENTED_EDGE ( 'NONE', *, *, #2697, .T. ) ;
#558 = CARTESIAN_POINT ( 'NONE',  ( 43.50000000000000000, -15.00000000000000000, -21.50000000000000000 ) ) ;
#559 = LINE ( 'NONE', #2156, #3349 ) ;
#560 = CARTESIAN_POINT ( 'NONE',  ( 15.88999999999999702, 10.00000000000000000, -15.00000000000000000 ) ) ;
#561 = ORIENTED_EDGE ( 'NONE', *, *, #804, .F. ) ;
#562 = CARTESIAN_POINT ( 'NONE',  ( 16.28327424638061416, 6.412631570261412506, -7.015455994639594905 ) ) ;
#563 = LINE ( 'NONE', #2110, #2681 ) ;
#564 = ORIENTED_EDGE ( 'NONE', *, *, #689, .T. ) ;
#565 = CARTESIAN_POINT ( 'NONE',  ( 0.4999999999999935052, 10.00000000000000000, 0.0000000000000000000 ) ) ;
#566 = CARTESIAN_POINT ( 'NONE',  ( 55.00000000000000000, 10.00000000000000000, -0.5000000000000004441 ) ) ;
#567 = CARTESIAN_POINT ( 'NONE',  ( 43.00000000000000000, -14.50000000000000533, -11.93161150701353890 ) ) ;
#568 = EDGE_CURVE ( 'NONE', #1583, #331, #1413, .T. ) ;
#569 = CARTESIAN_POINT ( 'NONE',  ( 37.94394551402747595, 5.887331891978192289, -14.82666656414457762 ) ) ;
#570 = FACE_BOUND ( 'NONE', #990, .T. ) ;
#571 = EDGE_CURVE ( 'NONE', #2452, #1708, #1580, .T. ) ;
#572 = ORIENTED_EDGE ( 'NONE', *, *, #457, .T. ) ;
#573 = ADVANCED_FACE ( 'NONE', ( #2221 ), #305, .F. ) ;
#574 = CARTESIAN_POINT ( 'NONE',  ( 27.49999999999999645, 3.149999999999998579, -6.150000000000001243 ) ) ;
#575 = VECTOR ( 'NONE', #2228, 1000.000000000000000 ) ;
#576 = DIRECTION ( 'NONE',  ( -0.0000000000000000000, -0.0000000000000000000, 1.000000000000000000 ) ) ;
#577 = PLANE ( 'NONE',  #507 ) ;
#578 = ORIENTED_EDGE ( 'NONE', *, *, #198, .T. ) ;
#579 = EDGE_CURVE ( 'NONE', #2570, #392, #3062, .T. ) ;
#580 = ORIENTED_EDGE ( 'NONE', *, *, #2968, .F. ) ;
#581 = DIRECTION ( 'NONE',  ( 0.0000000000000000000, 0.0000000000000000000, 1.000000000000000000 ) ) ;
#582 = VERTEX_POINT ( 'NONE', #2454 ) ;
#583 = CARTESIAN_POINT ( 'NONE',  ( 27.74395328199336319, 3.149999999999998135, -6.150000000000001243 ) ) ;
#584 = VERTEX_POINT ( 'NONE', #2732 ) ;
#585 = CARTESIAN_POINT ( 'NONE',  ( 49.00000000000000711, -13.50000000000000000, -10.99999999999999822 ) ) ;
#586 = ADVANCED_FACE ( 'NONE', ( #184 ), #2391, .F. ) ;
#587 = EDGE_CURVE ( 'NONE', #1444, #1735, #710, .T. ) ;
#588 = EDGE_CURVE ( 'NONE', #1583, #3388, #1372, .T. ) ;
#589 = PLANE ( 'NONE',  #3076 ) ;
#590 = AXIS2_PLACEMENT_3D ( 'NONE', #3001, #1650, #2443 ) ;
#591 = CARTESIAN_POINT ( 'NONE',  ( 27.49999999999999645, 10.00000000000000000, -15.84999999999999609 ) ) ;
#592 = ORIENTED_EDGE ( 'NONE', *, *, #2068, .T. ) ;
#593 = CARTESIAN_POINT ( 'NONE',  ( 49.00000000000000000, 10.00000000000000000, -11.00000000000000000 ) ) ;
#594 = LINE ( 'NONE', #1828, #1525 ) ;
#595 = ORIENTED_EDGE ( 'NONE', *, *, #1515, .F. ) ;
#596 = DIRECTION ( 'NONE',  ( 0.0000000000000000000, 0.0000000000000000000, -1.000000000000000000 ) ) ;
#597 = DIRECTION ( 'NONE',  ( -0.5773502691896184036, -0.5773502691896345018, -0.5773502691896245098 ) ) ;
#598 = VECTOR ( 'NONE', #1207, 1000.000000000000000 ) ;
#599 = CARTESIAN_POINT ( 'NONE',  ( 39.10691705258031448, 5.000000000000000000, -18.00000000000000000 ) ) ;
#600 = ORIENTED_EDGE ( 'NONE', *, *, #3406, .F. ) ;
#601 = VECTOR ( 'NONE', #2132, 1000.000000000000000 ) ;
#602 = ORIENTED_EDGE ( 'NONE', *, *, #1900, .F. ) ;
#603 = ADVANCED_FACE ( 'NONE', ( #2603 ), #1112, .F. ) ;
#604 = CARTESIAN_POINT ( 'NONE',  ( 15.90537606210286725, 5.000000000000000000, -30.00000000000000000 ) ) ;
#605 = CARTESIAN_POINT ( 'NONE',  ( 39.10999999999982180, 6.449996722562051588, -6.999999999999315214 ) ) ;
#606 = FACE_BOUND ( 'NONE', #2384, .T. ) ;
#607 = ORIENTED_EDGE ( 'NONE', *, *, #714, .F. ) ;
#608 = LINE ( 'NONE', #3443, #3408 ) ;
#609 = DIRECTION ( 'NONE',  ( -0.0000000000000000000, -0.0000000000000000000, -1.000000000000000000 ) ) ;
#610 = CARTESIAN_POINT ( 'NONE',  ( 15.90537606210286725, 5.000000000000000000, 0.0000000000000000000 ) ) ;
#611 = ORIENTED_EDGE ( 'NONE', *, *, #887, .T. ) ;
#612 = CARTESIAN_POINT ( 'NONE',  ( 15.89153870575298733, 6.449999994118544855, -7.000000000000000888 ) ) ;
#613 = LINE ( 'NONE', #99, #3319 ) ;
#614 = EDGE_CURVE ( 'NONE', #818, #3251, #2854, .T. ) ;
#615 = CARTESIAN_POINT ( 'NONE',  ( 49.00000000000000711, -18.00000000000000000, -10.99999999999999822 ) ) ;
#616 = FACE_OUTER_BOUND ( 'NONE', #2936, .T. ) ;
#617 = CARTESIAN_POINT ( 'NONE',  ( 39.10846214632795181, 6.449999992306869601, -15.00000000000000711 ) ) ;
#618 = CARTESIAN_POINT ( 'NONE',  ( 29.29017263392503878, 5.482378000655420358, -15.50759891104180888 ) ) ;
#619 = ORIENTED_EDGE ( 'NONE', *, *, #1648, .T. ) ;
#620 = CARTESIAN_POINT ( 'NONE',  ( 39.10999999999965127, 3.550003277436465154, -6.999999999998776090 ) ) ;
#621 = CARTESIAN_POINT ( 'NONE',  ( 15.88999999999999702, 2.000000000000000000, -11.00000000000000000 ) ) ;
#622 = ADVANCED_FACE ( 'NONE', ( #1036 ), #1133, .T. ) ;
#623 = EDGE_CURVE ( 'NONE', #1039, #306, #3228, .T. ) ;
#624 = ORIENTED_EDGE ( 'NONE', *, *, #438, .F. ) ;
#625 = PLANE ( 'NONE',  #2913 ) ;
#626 = CARTESIAN_POINT ( 'NONE',  ( 49.00000000000000000, -13.50000000000000000, -11.00000000000000000 ) ) ;
#627 = EDGE_LOOP ( 'NONE', ( #1519, #1114, #1752, #1694, #2248, #2951, #762, #2683, #2992, #2832, #993, #941 ) ) ;
#628 = CARTESIAN_POINT ( 'NONE',  ( 37.94434482947075793, 4.112169005890558893, -14.82678738132603158 ) ) ;
#629 = AXIS2_PLACEMENT_3D ( 'NONE', #1029, #3172, #1555 ) ;
#630 = CARTESIAN_POINT ( 'NONE',  ( 7.400000000000000355, 4.099999999999997868, -22.00000000000000000 ) ) ;
#631 = VERTEX_POINT ( 'NONE', #2500 ) ;
#632 = CARTESIAN_POINT ( 'NONE',  ( 39.84122176609400157, 3.735476163471402433, -7.063464492957730378 ) ) ;
#633 = CARTESIAN_POINT ( 'NONE',  ( 11.85264855687605845, -14.64735144312395754, -10.68366332529251750 ) ) ;
#634 = EDGE_CURVE ( 'NONE', #1505, #798, #2980, .T. ) ;
#635 = ORIENTED_EDGE ( 'NONE', *, *, #2625, .F. ) ;
#636 = EDGE_CURVE ( 'NONE', #1408, #3003, #1799, .T. ) ;
#637 = DIRECTION ( 'NONE',  ( -0.7071067811865524577, 2.307555223660242461E-15, 0.7071067811865426878 ) ) ;
#638 = VERTEX_POINT ( 'NONE', #890 ) ;
#639 = AXIS2_PLACEMENT_3D ( 'NONE', #3192, #2383, #2349 ) ;
#640 = ADVANCED_FACE ( 'NONE', ( #838 ), #589, .T. ) ;
#641 = LINE ( 'NONE', #2829, #3479 ) ;
#642 = PLANE ( 'NONE',  #1223 ) ;
#643 = ORIENTED_EDGE ( 'NONE', *, *, #3303, .F. ) ;
#644 = LINE ( 'NONE', #146, #2172 ) ;
#645 = B_SPLINE_CURVE_WITH_KNOTS ( 'NONE', 3,
 ( #2345, #721, #1241, #1800, #2060, #173, #454, #445, #3420, #2353, #745, #2069 ),
 .UNSPECIFIED., .F., .F.,
 ( 4, 2, 2, 2, 2, 4 ),
 ( 0.0000000000000000000, 0.0002854647461797273577, 0.0005709294923594547154, 0.001141858984718906395, 0.001712788477078358183, 0.002283717969437809754 ),
 .UNSPECIFIED. ) ;
#646 = DIRECTION ( 'NONE',  ( 1.000000000000000000, 0.0000000000000000000, 0.0000000000000000000 ) ) ;
#647 = EDGE_LOOP ( 'NONE', ( #679, #3207 ) ) ;
#648 = DIRECTION ( 'NONE',  ( -9.614813431917943574E-17, -0.7071067811865414665, 0.7071067811865536790 ) ) ;
#649 = DIRECTION ( 'NONE',  ( 0.0000000000000000000, 0.0000000000000000000, 1.000000000000000000 ) ) ;
#650 = DIRECTION ( 'NONE',  ( 0.0000000000000000000, -1.000000000000000000, 0.0000000000000000000 ) ) ;
#651 = LINE ( 'NONE', #2246, #3263 ) ;
#652 = ORIENTED_EDGE ( 'NONE', *, *, #1566, .T. ) ;
#653 = LINE ( 'NONE', #565, #3058 ) ;
#654 = VERTEX_POINT ( 'NONE', #2242 ) ;
#655 = DIRECTION ( 'NONE',  ( 0.0000000000000000000, 0.0000000000000000000, 1.000000000000000000 ) ) ;
#656 = CARTESIAN_POINT ( 'NONE',  ( 27.49999999999999645, 10.00000000000000000, -11.00000000000000000 ) ) ;
#657 = FACE_OUTER_BOUND ( 'NONE', #2898, .T. ) ;
#658 = AXIS2_PLACEMENT_3D ( 'NONE', #2098, #1558, #3465 ) ;
#659 = ORIENTED_EDGE ( 'NONE', *, *, #2809, .T. ) ;
#660 = CARTESIAN_POINT ( 'NONE',  ( 14.79976488573946902, 4.042862100856773111, -7.150822314752586450 ) ) ;
#661 = CARTESIAN_POINT ( 'NONE',  ( 25.71032430713833250, 4.515736293531611878, -6.492202840522760532 ) ) ;
#662 = LINE ( 'NONE', #2682, #1248 ) ;
#663 = ADVANCED_FACE ( 'NONE', ( #451 ), #2183, .F. ) ;
#664 = EDGE_CURVE ( 'NONE', #2909, #953, #2263, .T. ) ;
#665 = CARTESIAN_POINT ( 'NONE',  ( 39.09462393789713985, 5.000000000000000000, -2.750000000000000000 ) ) ;
#666 = DIRECTION ( 'NONE',  ( 1.922962686383537439E-16, -0.7071067811865524577, -0.7071067811865426878 ) ) ;
#667 = AXIS2_PLACEMENT_3D ( 'NONE', #3053, #1946, #1436 ) ;
#668 = CARTESIAN_POINT ( 'NONE',  ( 39.10999999999999943, 10.00000000000000000, -11.00000000000000000 ) ) ;
#669 = CARTESIAN_POINT ( 'NONE',  ( 27.62209039179533576, 6.850000000000021849, -6.149999999999993250 ) ) ;
#670 = VERTEX_POINT ( 'NONE', #3329 ) ;
#671 = CARTESIAN_POINT ( 'NONE',  ( 27.49999999999986855, 6.850000000001354117, -6.149999999999485212 ) ) ;
#672 = EDGE_CURVE ( 'NONE', #3130, #798, #3106, .T. ) ;
#673 = ORIENTED_EDGE ( 'NONE', *, *, #2811, .F. ) ;
#674 = B_SPLINE_CURVE_WITH_KNOTS ( 'NONE', 3,
 ( #688, #970, #2317, #1460, #1065, #3220, #2146, #234, #2649, #1823, #771, #2121, #1041, #1017, #2659, #2368, #803, #511, #2906, #2956, #3483, #3200, #524, #3449, #1579, #490 ),
 .UNSPECIFIED., .F., .F.,
 ( 4, 2, 2, 2, 2, 2, 2, 2, 2, 2, 2, 2, 4 ),
 ( 0.002290161874716127414, 0.002575429675601695421, 0.002860697476487258223, 0.003431233078258389031, 0.003716500879143951400, 0.004001768680029513768, 0.004572304281800634168, 0.005142839883571754568, 0.005428107684457313467, 0.005713375485342873233, 0.006283911087113993633, 0.006569178887999553400, 0.006854446688885113166 ),
 .UNSPECIFIED. ) ;
#675 = DIRECTION ( 'NONE',  ( -0.0000000000000000000, -0.0000000000000000000, -1.000000000000000000 ) ) ;
#676 = CARTESIAN_POINT ( 'NONE',  ( 15.89769165364272219, 6.449993491314880423, -14.99999290042656597 ) ) ;
#677 = CARTESIAN_POINT ( 'NONE',  ( 49.00000000000000000, -15.00000000000000000, -11.00000000000000000 ) ) ;
#678 = CARTESIAN_POINT ( 'NONE',  ( 15.90537606210286725, 5.000000000000000000, -30.00000000000000000 ) ) ;
#679 = ORIENTED_EDGE ( 'NONE', *, *, #3434, .F. ) ;
#680 = DIRECTION ( 'NONE',  ( 1.000000000000000000, 0.0000000000000000000, 0.0000000000000000000 ) ) ;
#681 = ADVANCED_FACE ( 'NONE', ( #2513 ), #1715, .T. ) ;
#682 = DIRECTION ( 'NONE',  ( 0.0000000000000000000, 1.000000000000000000, 0.0000000000000000000 ) ) ;
#683 = AXIS2_PLACEMENT_3D ( 'NONE', #691, #2579, #1783 ) ;
#684 = CARTESIAN_POINT ( 'NONE',  ( 14.45537606210286619, 5.000000000000000000, -30.00000000000000000 ) ) ;
#685 = CALENDAR_DATE ( 2019, 12, 12 ) ;
#686 = EDGE_LOOP ( 'NONE', ( #1598, #3039, #200, #2834 ) ) ;
#687 = DIRECTION ( 'NONE',  ( -9.614813431917809911E-15, 0.7071067811865414665, 0.7071067811865536790 ) ) ;
#688 = CARTESIAN_POINT ( 'NONE',  ( 15.88999999999988688, 3.550003277438696703, -15.00000000000041211 ) ) ;
#689 = EDGE_CURVE ( 'NONE', #3467, #2194, #960, .T. ) ;
#690 = VECTOR ( 'NONE', #160, 1000.000000000000000 ) ;
#691 = CARTESIAN_POINT ( 'NONE',  ( 49.00000000000000711, -13.50000000000000000, -10.99999999999999822 ) ) ;
#692 = ORIENTED_EDGE ( 'NONE', *, *, #2363, .T. ) ;
#693 = CARTESIAN_POINT ( 'NONE',  ( 0.0000000000000000000, -15.00000000000000000, -21.50000000000000000 ) ) ;
#694 = VECTOR ( 'NONE', #125, 1000.000000000000000 ) ;
#695 = ORIENTED_EDGE ( 'NONE', *, *, #2021, .F. ) ;
#696 = AXIS2_PLACEMENT_3D ( 'NONE', #49, #872, #1101 ) ;
#697 = CARTESIAN_POINT ( 'NONE',  ( 29.10367650690637475, 5.930187289253936456, -6.422257119742711851 ) ) ;
#698 = DIRECTION ( 'NONE',  ( 0.0000000000000000000, 0.0000000000000000000, -1.000000000000000000 ) ) ;
#699 = VERTEX_POINT ( 'NONE', #2528 ) ;
#700 = EDGE_CURVE ( 'NONE', #547, #584, #750, .T. ) ;
#701 = CIRCLE ( 'NONE', #3237, 1.149999999999999911 ) ;
#702 = CARTESIAN_POINT ( 'NONE',  ( 0.0000000000000000000, 10.00000000000000000, -22.00000000000000000 ) ) ;
#703 = VERTEX_POINT ( 'NONE', #1414 ) ;
#704 = ADVANCED_FACE ( 'NONE', ( #1714 ), #1966, .F. ) ;
#705 = DIRECTION ( 'NONE',  ( 0.0000000000000000000, 0.0000000000000000000, -1.000000000000000000 ) ) ;
#706 = LINE ( 'NONE', #1936, #3103 ) ;
#707 = EDGE_LOOP ( 'NONE', ( #2756, #2446, #441, #3075 ) ) ;
#708 = DIRECTION ( 'NONE',  ( -1.922962686383537439E-16, 0.7071067811865426878, -0.7071067811865524577 ) ) ;
#709 = AXIS2_PLACEMENT_3D ( 'NONE', #2611, #3427, #3439 ) ;
#710 = LINE ( 'NONE', #1078, #1502 ) ;
#711 = CARTESIAN_POINT ( 'NONE',  ( 27.50000000000000000, 5.000000000000000000, -27.00000000000000355 ) ) ;
#712 = VECTOR ( 'NONE', #2926, 1000.000000000000000 ) ;
#713 = APPROVAL ( #2941, 'UNSPECIFIED' ) ;
#714 = EDGE_CURVE ( 'NONE', #1219, #1593, #2892, .T. ) ;
#715 = CARTESIAN_POINT ( 'NONE',  ( 54.50000000000000711, -15.00000000000000000, 0.0000000000000000000 ) ) ;
#716 = EDGE_CURVE ( 'NONE', #918, #582, #1670, .T. ) ;
#717 = ORIENTED_EDGE ( 'NONE', *, *, #1244, .F. ) ;
#718 = AXIS2_PLACEMENT_3D ( 'NONE', #1106, #1390, #3181 ) ;
#719 = DIRECTION ( 'NONE',  ( -0.0000000000000000000, -0.0000000000000000000, -1.000000000000000000 ) ) ;
#720 = EDGE_LOOP ( 'NONE', ( #561, #2173, #3306, #1646 ) ) ;
#721 = CARTESIAN_POINT ( 'NONE',  ( 40.55691705258030311, 4.903403718819618895, -14.72913274675926054 ) ) ;
#722 = DIRECTION ( 'NONE',  ( -1.000000000000000000, 0.0000000000000000000, 0.0000000000000000000 ) ) ;
#723 = ORIENTED_EDGE ( 'NONE', *, *, #2764, .F. ) ;
#724 = DIRECTION ( 'NONE',  ( 1.000000000000000000, 0.0000000000000000000, 0.0000000000000000000 ) ) ;
#725 = CARTESIAN_POINT ( 'NONE',  ( 36.09462393789713275, 5.000000000000000000, -2.750000000000000000 ) ) ;
#726 = EDGE_LOOP ( 'NONE', ( #779, #3161, #2482, #3117, #3014 ) ) ;
#727 = DIRECTION ( 'NONE',  ( -0.0000000000000000000, -0.0000000000000000000, 1.000000000000000000 ) ) ;
#728 = APPROVAL_PERSON_ORGANIZATION ( #1689, #713, #2376 ) ;
#729 = DIRECTION ( 'NONE',  ( 0.0000000000000000000, -1.000000000000000000, 0.0000000000000000000 ) ) ;
#730 = EDGE_LOOP ( 'NONE', ( #2779, #3422 ) ) ;
#731 = LINE ( 'NONE', #332, #2493 ) ;
#732 = AXIS2_PLACEMENT_3D ( 'NONE', #1023, #3477, #2910 ) ;
#733 = ORIENTED_EDGE ( 'NONE', *, *, #1306, .T. ) ;
#734 = CIRCLE ( 'NONE', #1057, 1.149999999999999911 ) ;
#735 = VERTEX_POINT ( 'NONE', #3343 ) ;
#736 = DIRECTION ( 'NONE',  ( 0.0000000000000000000, 0.0000000000000000000, -1.000000000000000000 ) ) ;
#737 = EDGE_CURVE ( 'NONE', #2164, #2580, #874, .T. ) ;
#738 = DIRECTION ( 'NONE',  ( 0.0000000000000000000, 1.000000000000000000, 0.0000000000000000000 ) ) ;
#739 = VECTOR ( 'NONE', #3495, 1000.000000000000000 ) ;
#740 = ORIENTED_EDGE ( 'NONE', *, *, #208, .T. ) ;
#741 = CARTESIAN_POINT ( 'NONE',  ( 55.00000000000000000, 10.00000000000000000, -0.5000000000000004441 ) ) ;
#742 = EDGE_CURVE ( 'NONE', #3130, #3198, #1455, .T. ) ;
#743 = CIRCLE ( 'NONE', #2504, 1.350000000000000533 ) ;
#744 = ORIENTED_EDGE ( 'NONE', *, *, #2973, .F. ) ;
#745 = CARTESIAN_POINT ( 'NONE',  ( 39.30083936506737530, 3.550409035410794889, -15.00000000000001421 ) ) ;
#746 = DIRECTION ( 'NONE',  ( 0.0000000000000000000, 1.000000000000000000, 0.0000000000000000000 ) ) ;
#747 = CIRCLE ( 'NONE', #1180, 3.999999999999999112 ) ;
#748 = CARTESIAN_POINT ( 'NONE',  ( 39.10999999999965127, 3.550003277436465154, -6.999999999998776090 ) ) ;
#749 = DIRECTION ( 'NONE',  ( 0.0000000000000000000, 0.0000000000000000000, -1.000000000000000000 ) ) ;
#750 = CIRCLE ( 'NONE', #2833, 3.000000000000002665 ) ;
#751 = EDGE_LOOP ( 'NONE', ( #1511, #3488, #3222, #364, #788, #1284, #3186, #2001, #922, #1979 ) ) ;
#752 = CARTESIAN_POINT ( 'NONE',  ( 54.50000000000000711, -14.50000000000000711, 0.0000000000000000000 ) ) ;
#753 = PLANE ( 'NONE',  #914 ) ;
#754 = FACE_OUTER_BOUND ( 'NONE', #2078, .T. ) ;
#755 = DIRECTION ( 'NONE',  ( -0.0000000000000000000, -0.0000000000000000000, -1.000000000000000000 ) ) ;
#756 = AXIS2_PLACEMENT_3D ( 'NONE', #489, #476, #2647 ) ;
#757 = CARTESIAN_POINT ( 'NONE',  ( 39.10538614950598202, 3.549998360353738835, -14.99999822637918001 ) ) ;
#758 = LINE ( 'NONE', #1269, #2817 ) ;
#759 = CARTESIAN_POINT ( 'NONE',  ( 47.59999999999998721, 4.099999999999997868, -22.00000000000000000 ) ) ;
#760 = DIRECTION ( 'NONE',  ( -0.0000000000000000000, -0.0000000000000000000, -1.000000000000000000 ) ) ;
#761 = EDGE_CURVE ( 'NONE', #582, #918, #3498, .T. ) ;
#762 = ORIENTED_EDGE ( 'NONE', *, *, #1226, .F. ) ;
#763 = CARTESIAN_POINT ( 'NONE',  ( 0.4999999999999935052, -14.50000000000000711, 0.0000000000000000000 ) ) ;
#764 = CARTESIAN_POINT ( 'NONE',  ( 11.50000000000000355, 10.00000000000000000, 0.0000000000000000000 ) ) ;
#765 = ORIENTED_EDGE ( 'NONE', *, *, #3165, .T. ) ;
#766 = PLANE ( 'NONE',  #483 ) ;
#767 = AXIS2_PLACEMENT_3D ( 'NONE', #1258, #3158, #3148 ) ;
#768 = PLANE ( 'NONE',  #767 ) ;
#769 = ORIENTED_EDGE ( 'NONE', *, *, #888, .T. ) ;
#770 = DIRECTION ( 'NONE',  ( 0.0000000000000000000, 0.0000000000000000000, -1.000000000000000000 ) ) ;
#771 = CARTESIAN_POINT ( 'NONE',  ( 14.59019080055859519, 4.356683990208036761, -14.78311613024655991 ) ) ;
#772 = ORIENTED_EDGE ( 'NONE', *, *, #961, .T. ) ;
#773 = DIRECTION ( 'NONE',  ( 0.5773502691896231775, 0.5773502691896231775, 0.5773502691896310601 ) ) ;
#774 = COORDINATED_UNIVERSAL_TIME_OFFSET ( 0, 0, .AHEAD. ) ;
#775 = CARTESIAN_POINT ( 'NONE',  ( 29.35000000000000497, 4.878038961325252387, -15.48330235429197543 ) ) ;
#776 = VERTEX_POINT ( 'NONE', #113 ) ;
#777 = CARTESIAN_POINT ( 'NONE',  ( 15.88999999999999702, 10.00000000000000000, -11.00000000000000000 ) ) ;
#778 = CIRCLE ( 'NONE', #1622, 1.449999999999999956 ) ;
#779 = ORIENTED_EDGE ( 'NONE', *, *, #2512, .T. ) ;
#780 = CARTESIAN_POINT ( 'NONE',  ( 43.00000000000000000, -15.00000000000000000, 2.632990618166809235E-15 ) ) ;
#781 = EDGE_CURVE ( 'NONE', #2942, #251, #2429, .T. ) ;
#782 = CIRCLE ( 'NONE', #1171, 1.349999999999996980 ) ;
#783 = CARTESIAN_POINT ( 'NONE',  ( 5.999999999999991118, -13.50000000000000000, -12.15000000000000391 ) ) ;
#784 = VERTEX_POINT ( 'NONE', #2858 ) ;
#785 = EDGE_CURVE ( 'NONE', #110, #1095, #2056, .T. ) ;
#786 = LINE ( 'NONE', #2144, #601 ) ;
#787 = CARTESIAN_POINT ( 'NONE',  ( 17.17041957817439624, 4.266520073215818165, -7.209678767696469315 ) ) ;
#788 = ORIENTED_EDGE ( 'NONE', *, *, #2614, .T. ) ;
#789 = AXIS2_PLACEMENT_3D ( 'NONE', #982, #729, #2879 ) ;
#790 = VECTOR ( 'NONE', #3404, 1000.000000000000000 ) ;
#791 = CARTESIAN_POINT ( 'NONE',  ( 3.000000000000000000, 0.0000000000000000000, -16.00000000000000000 ) ) ;
#792 = CARTESIAN_POINT ( 'NONE',  ( 15.89922950476127816, 6.449986972297629073, -14.99998935201605832 ) ) ;
#793 = ORIENTED_EDGE ( 'NONE', *, *, #878, .T. ) ;
#794 = CARTESIAN_POINT ( 'NONE',  ( 4.349999999999999645, 1.653273178848926867E-16, -16.00000000000000000 ) ) ;
#795 = VECTOR ( 'NONE', #2257, 1000.000000000000000 ) ;
#796 = DIRECTION ( 'NONE',  ( 0.7071067811865524577, 0.0000000000000000000, -0.7071067811865425767 ) ) ;
#797 = DIRECTION ( 'NONE',  ( 0.0000000000000000000, -0.0000000000000000000, 1.000000000000000000 ) ) ;
#798 = VERTEX_POINT ( 'NONE', #1999 ) ;
#799 = ORIENTED_EDGE ( 'NONE', *, *, #716, .F. ) ;
#800 = AXIS2_PLACEMENT_3D ( 'NONE', #463, #3413, #1788 ) ;
#801 = APPROVAL_STATUS ( 'not_yet_approved' ) ;
#802 = ORIENTED_EDGE ( 'NONE', *, *, #1838, .F. ) ;
#803 = CARTESIAN_POINT ( 'NONE',  ( 14.63587356613779100, 5.728522714352016543, -14.79870597421602518 ) ) ;
#804 = EDGE_CURVE ( 'NONE', #331, #2190, #3024, .T. ) ;
#805 = DIRECTION ( 'NONE',  ( 0.0000000000000000000, 0.0000000000000000000, 1.000000000000000000 ) ) ;
#806 = ORIENTED_EDGE ( 'NONE', *, *, #1454, .T. ) ;
#807 = CARTESIAN_POINT ( 'NONE',  ( 37.64462393789713701, 5.000000000000000000, -14.72191791911319392 ) ) ;
#808 = CARTESIAN_POINT ( 'NONE',  ( 49.00000000000000000, -18.00199999999999889, -14.06000000000000050 ) ) ;
#809 = EDGE_CURVE ( 'NONE', #1276, #554, #3412, .T. ) ;
#810 = CARTESIAN_POINT ( 'NONE',  ( 17.34573755066704592, 5.192237107773888027, -14.72575277898679680 ) ) ;
#811 = ORIENTED_EDGE ( 'NONE', *, *, #614, .T. ) ;
#812 = ADVANCED_FACE ( 'NONE', ( #1328 ), #2849, .F. ) ;
#813 = DIRECTION ( 'NONE',  ( -0.0000000000000000000, -0.0000000000000000000, -1.000000000000000000 ) ) ;
#814 = EDGE_CURVE ( 'NONE', #59, #631, #613, .T. ) ;
#815 = ORIENTED_EDGE ( 'NONE', *, *, #2029, .T. ) ;
#816 = SHAPE_DEFINITION_REPRESENTATION ( #255, #3149 ) ;
#817 = CARTESIAN_POINT ( 'NONE',  ( 18.90537606210287436, 5.000000000000000000, -2.750000000000000000 ) ) ;
#818 = VERTEX_POINT ( 'NONE', #1737 ) ;
#819 = CARTESIAN_POINT ( 'NONE',  ( 39.10077049523872716, 6.449986972297629073, -7.000010647983939904 ) ) ;
#820 = CARTESIAN_POINT ( 'NONE',  ( 49.00000000000000000, -15.00000000000000000, -14.14999999999999858 ) ) ;
#821 = LINE ( 'NONE', #3489, #939 ) ;
#822 = ORIENTED_EDGE ( 'NONE', *, *, #1706, .T. ) ;
#823 = DIRECTION ( 'NONE',  ( 0.0000000000000000000, 0.0000000000000000000, -1.000000000000000000 ) ) ;
#824 = VECTOR ( 'NONE', #1881, 1000.000000000000000 ) ;
#825 = ORIENTED_EDGE ( 'NONE', *, *, #1336, .T. ) ;
#826 = CC_DESIGN_APPROVAL ( #3185, ( #3230 ) ) ;
#827 = CARTESIAN_POINT ( 'NONE',  ( 43.00000000000000000, 0.0000000000000000000, -10.06838849298647354 ) ) ;
#828 = EDGE_CURVE ( 'NONE', #177, #2106, #149, .T. ) ;
#829 = DIRECTION ( 'NONE',  ( 1.000000000000000000, 0.0000000000000000000, 0.0000000000000000000 ) ) ;
#830 = CYLINDRICAL_SURFACE ( 'NONE', #1787, 1.350000000000000089 ) ;
#831 = EDGE_LOOP ( 'NONE', ( #2120, #3461, #2695, #30 ) ) ;
#832 = CARTESIAN_POINT ( 'NONE',  ( 26.56832795443512651, 3.397228582618304404, -15.76076408276021112 ) ) ;
#833 = CARTESIAN_POINT ( 'NONE',  ( 15.88999999999977852, 3.550003277437717042, -6.999999999999230837 ) ) ;
#834 = LINE ( 'NONE', #2206, #1369 ) ;
#835 = AXIS2_PLACEMENT_3D ( 'NONE', #165, #719, #3125 ) ;
#836 = ORIENTED_EDGE ( 'NONE', *, *, #3119, .T. ) ;
#837 = CARTESIAN_POINT ( 'NONE',  ( 17.35537606210293760, 5.095869652675076189, -7.278082080886833616 ) ) ;
#838 = FACE_OUTER_BOUND ( 'NONE', #3104, .T. ) ;
#839 = DIRECTION ( 'NONE',  ( -1.000000000000000000, 0.0000000000000000000, 0.0000000000000000000 ) ) ;
#840 = DIRECTION ( 'NONE',  ( 1.000000000000000000, 0.0000000000000000000, 0.0000000000000000000 ) ) ;
#841 = CIRCLE ( 'NONE', #1022, 1.350000000000000533 ) ;
#842 = DIRECTION ( 'NONE',  ( 0.0000000000000000000, -1.000000000000000000, -0.0000000000000000000 ) ) ;
#843 = ORIENTED_EDGE ( 'NONE', *, *, #1536, .T. ) ;
#844 = AXIS2_PLACEMENT_3D ( 'NONE', #2083, #2921, #236 ) ;
#845 = ORIENTED_EDGE ( 'NONE', *, *, #3472, .T. ) ;
#846 = CARTESIAN_POINT ( 'NONE',  ( 54.50000000000000711, 9.500000000000007105, 0.0000000000000000000 ) ) ;
#847 = DIRECTION ( 'NONE',  ( 0.0000000000000000000, 0.0000000000000000000, -1.000000000000000000 ) ) ;
#848 = EDGE_LOOP ( 'NONE', ( #460, #865, #3445, #1343 ) ) ;
#849 = ORIENTED_EDGE ( 'NONE', *, *, #2400, .T. ) ;
#850 = ORIENTED_EDGE ( 'NONE', *, *, #809, .T. ) ;
#851 = EDGE_CURVE ( 'NONE', #1842, #2723, #1242, .T. ) ;
#852 = DIRECTION ( 'NONE',  ( 0.0000000000000000000, 0.0000000000000000000, 1.000000000000000000 ) ) ;
#853 = CARTESIAN_POINT ( 'NONE',  ( 15.89922950476127816, 6.449986972297629073, -14.99998935201605832 ) ) ;
#854 = VERTEX_POINT ( 'NONE', #1464 ) ;
#855 = CARTESIAN_POINT ( 'NONE',  ( 15.89308294741969085, 5.000000000000000000, -18.00000000000000000 ) ) ;
#856 = CIRCLE ( 'NONE', #286, 1.449999999999999956 ) ;
#857 = DIRECTION ( 'NONE',  ( -1.000000000000000000, 0.0000000000000000000, 0.0000000000000000000 ) ) ;
#858 = ORIENTED_EDGE ( 'NONE', *, *, #2157, .T. ) ;
#859 = ADVANCED_FACE ( 'NONE', ( #2935 ), #1282, .F. ) ;
#860 = CARTESIAN_POINT ( 'NONE',  ( 17.35537606210286654, 5.000000000000000000, -14.72191791911319214 ) ) ;
#861 = LINE ( 'NONE', #900, #1609 ) ;
#862 = CARTESIAN_POINT ( 'NONE',  ( 28.43156993898881169, 3.397118784722588991, -6.239204051985655752 ) ) ;
#863 = AXIS2_PLACEMENT_3D ( 'NONE', #1843, #1864, #1292 ) ;
#864 = FACE_OUTER_BOUND ( 'NONE', #1243, .T. ) ;
#865 = ORIENTED_EDGE ( 'NONE', *, *, #2749, .T. ) ;
#866 = DIRECTION ( 'NONE',  ( -0.0000000000000000000, 0.0000000000000000000, 1.000000000000000000 ) ) ;
#867 = DIRECTION ( 'NONE',  ( -0.7071067811865536790, 0.7071067811865414665, 2.775557561562891351E-17 ) ) ;
#868 = FACE_BOUND ( 'NONE', #2863, .T. ) ;
#869 = EDGE_CURVE ( 'NONE', #953, #776, #3142, .T. ) ;
#870 = LINE ( 'NONE', #741, #3184 ) ;
#871 = ORIENTED_EDGE ( 'NONE', *, *, #2068, .F. ) ;
#872 = DIRECTION ( 'NONE',  ( 0.5773502691896338357, 0.5773502691896178485, -0.5773502691896257311 ) ) ;
#873 = AXIS2_PLACEMENT_3D ( 'NONE', #593, #3273, #1638 ) ;
#874 = LINE ( 'NONE', #2321, #994 ) ;
#875 = DIRECTION ( 'NONE',  ( -0.0000000000000000000, 1.000000000000000000, 0.0000000000000000000 ) ) ;
#876 = DIRECTION ( 'NONE',  ( 0.0000000000000000000, 0.7071067811865414665, -0.7071067811865536790 ) ) ;
#877 = ADVANCED_FACE ( 'NONE', ( #1576 ), #3429, .T. ) ;
#878 = EDGE_CURVE ( 'NONE', #172, #3007, #1498, .T. ) ;
#879 = VERTEX_POINT ( 'NONE', #2900 ) ;
#880 = CARTESIAN_POINT ( 'NONE',  ( 39.09462393789713985, 5.000000000000000000, 0.0000000000000000000 ) ) ;
#881 = DIRECTION ( 'NONE',  ( 1.000000000000000000, 0.0000000000000000000, 0.0000000000000000000 ) ) ;
#882 = ORIENTED_EDGE ( 'NONE', *, *, #1388, .T. ) ;
#883 = AXIS2_PLACEMENT_3D ( 'NONE', #1747, #2537, #2023 ) ;
#884 = CARTESIAN_POINT ( 'NONE',  ( 28.32380574815084628, 3.339145718349799452, -6.219147824348947751 ) ) ;
#885 = EDGE_LOOP ( 'NONE', ( #1923, #2477 ) ) ;
#886 = CC_DESIGN_PERSON_AND_ORGANIZATION_ASSIGNMENT ( #2747, #1332, ( #919 ) ) ;
#887 = EDGE_CURVE ( 'NONE', #1193, #2176, #2508, .T. ) ;
#888 = EDGE_CURVE ( 'NONE', #554, #2570, #529, .T. ) ;
#889 = ORIENTED_EDGE ( 'NONE', *, *, #148, .T. ) ;
#890 = CARTESIAN_POINT ( 'NONE',  ( 11.50000000000000355, 0.4999999999999935052, -22.00000000000000000 ) ) ;
#891 = AXIS2_PLACEMENT_3D ( 'NONE', #2808, #1994, #373 ) ;
#892 = ADVANCED_FACE ( 'NONE', ( #2427 ), #58, .F. ) ;
#893 = DIRECTION ( 'NONE',  ( 0.5773502691896330585, -0.5773502691896271743, -0.5773502691896170713 ) ) ;
#894 = VERTEX_POINT ( 'NONE', #1011 ) ;
#895 = LINE ( 'NONE', #248, #468 ) ;
#896 = EDGE_LOOP ( 'NONE', ( #455, #80, #2706, #1875, #1070, #3348, #3298, #3205 ) ) ;
#897 = CARTESIAN_POINT ( 'NONE',  ( 40.19995916360443289, 4.042620092574991553, -7.150754168709331893 ) ) ;
#898 = DIRECTION ( 'NONE',  ( -1.000000000000000000, 0.0000000000000000000, 0.0000000000000000000 ) ) ;
#899 = FACE_OUTER_BOUND ( 'NONE', #202, .T. ) ;
#900 = CARTESIAN_POINT ( 'NONE',  ( 0.0000000000000000000, -14.50000000000000711, -22.00000000000000000 ) ) ;
#901 = ORIENTED_EDGE ( 'NONE', *, *, #1355, .F. ) ;
#902 = ADVANCED_FACE ( 'NONE', ( #1796 ), #2052, .F. ) ;
#903 = LINE ( 'NONE', #2696, #2798 ) ;
#904 = ORIENTED_EDGE ( 'NONE', *, *, #1684, .F. ) ;
#905 = CARTESIAN_POINT ( 'NONE',  ( 11.50000000000000355, -14.50000000000000711, 0.0000000000000000000 ) ) ;
#906 = CIRCLE ( 'NONE', #3227, 1.349999999999996980 ) ;
#907 = ORIENTED_EDGE ( 'NONE', *, *, #1538, .F. ) ;
#908 = AXIS2_PLACEMENT_3D ( 'NONE', #1483, #576, #2818 ) ;
#909 = CIRCLE ( 'NONE', #1362, 3.149999999999999911 ) ;
#910 = CARTESIAN_POINT ( 'NONE',  ( 43.50000000000000000, -15.00000000000000000, -21.50000000000000000 ) ) ;
#911 = DIRECTION ( 'NONE',  ( 0.0000000000000000000, -1.000000000000000000, 0.0000000000000000000 ) ) ;
#912 = ADVANCED_FACE ( 'NONE', ( #2138 ), #453, .T. ) ;
#913 = VECTOR ( 'NONE', #2390, 1000.000000000000000 ) ;
#914 = AXIS2_PLACEMENT_3D ( 'NONE', #1238, #3442, #1816 ) ;
#915 = CARTESIAN_POINT ( 'NONE',  ( 0.0000000000000000000, 10.00000000000000000, -21.50000000000000000 ) ) ;
#916 = DIRECTION ( 'NONE',  ( 0.7071067811865439090, 0.7071067811865512365, 1.196099074440452597E-16 ) ) ;
#917 = EDGE_CURVE ( 'NONE', #3379, #181, #608, .T. ) ;
#918 = VERTEX_POINT ( 'NONE', #3459 ) ;
#919 = PRODUCT ( 'Fixation_V2', 'Fixation_V2', '', ( #2954 ) ) ;
#920 = CARTESIAN_POINT ( 'NONE',  ( 28.66666666666626284, -14.33333333333332860, -7.166666666666470675 ) ) ;
#921 = DIRECTION ( 'NONE',  ( 0.0000000000000000000, -1.000000000000000000, 0.0000000000000000000 ) ) ;
#922 = ORIENTED_EDGE ( 'NONE', *, *, #1684, .T. ) ;
#923 = DIRECTION ( 'NONE',  ( 6.839255870354804471E-17, 0.7071067811865414665, 0.7071067811865536790 ) ) ;
#924 = CARTESIAN_POINT ( 'NONE',  ( 0.0000000000000000000, -15.00000000000000000, -21.50000000000000000 ) ) ;
#925 = ORIENTED_EDGE ( 'NONE', *, *, #828, .T. ) ;
#926 = ADVANCED_FACE ( 'NONE', ( #1665 ), #1551, .F. ) ;
#927 = CARTESIAN_POINT ( 'NONE',  ( 25.64999999999999858, 5.000000000000000000, -15.48330235429197721 ) ) ;
#928 = AXIS2_PLACEMENT_3D ( 'NONE', #56, #339, #316 ) ;
#929 = CARTESIAN_POINT ( 'NONE',  ( 25.89612348555711208, 5.929800626313975975, -6.422330744665145197 ) ) ;
#930 = EDGE_LOOP ( 'NONE', ( #411, #3041, #1738, #3071 ) ) ;
#931 = EDGE_LOOP ( 'NONE', ( #1915, #2259 ) ) ;
#932 = CARTESIAN_POINT ( 'NONE',  ( 11.99999999999999645, -15.00000000000000000, 0.0000000000000000000 ) ) ;
#933 = EDGE_CURVE ( 'NONE', #1193, #1941, #1409, .T. ) ;
#934 = EDGE_LOOP ( 'NONE', ( #2296, #2006, #1170, #3168 ) ) ;
#935 = VECTOR ( 'NONE', #1289, 999.9999999999998863 ) ;
#936 = DIRECTION ( 'NONE',  ( 0.0000000000000000000, 0.0000000000000000000, 1.000000000000000000 ) ) ;
#937 = ORIENTED_EDGE ( 'NONE', *, *, #83, .F. ) ;
#938 = CARTESIAN_POINT ( 'NONE',  ( 7.400000000000000355, 4.099999999999997868, -16.00000000000000000 ) ) ;
#939 = VECTOR ( 'NONE', #2899, 1000.000000000000000 ) ;
#940 = CARTESIAN_POINT ( 'NONE',  ( 25.69952833818721771, 5.488610964839325312, -6.495494832190172652 ) ) ;
#941 = ORIENTED_EDGE ( 'NONE', *, *, #1067, .F. ) ;
#942 = EDGE_CURVE ( 'NONE', #2086, #894, #3271, .T. ) ;
#943 = VECTOR ( 'NONE', #1473, 1000.000000000000000 ) ;
#944 = B_SPLINE_CURVE_WITH_KNOTS ( 'NONE', 3,
 ( #2865, #1781, #1794, #676, #2316 ),
 .UNSPECIFIED., .F., .F.,
 ( 4, 1, 4 ),
 ( 0.006854446688885113166, 0.006859046781813099222, 0.006863646874741085278 ),
 .UNSPECIFIED. ) ;
#945 = CARTESIAN_POINT ( 'NONE',  ( 15.42088060978711894, 6.374286192532480300, -7.026606772853195793 ) ) ;
#946 = ORIENTED_EDGE ( 'NONE', *, *, #2087, .T. ) ;
#947 = CARTESIAN_POINT ( 'NONE',  ( 15.89922950476127816, 3.550013027702370483, -18.00000000000000000 ) ) ;
#948 = CARTESIAN_POINT ( 'NONE',  ( 25.64999999999999858, 5.000000000000000000, -6.516697645708021902 ) ) ;
#949 = ADVANCED_FACE ( 'NONE', ( #657, #3494, #570, #1710 ), #768, .F. ) ;
#950 = FACE_OUTER_BOUND ( 'NONE', #2478, .T. ) ;
#951 = CARTESIAN_POINT ( 'NONE',  ( 39.10999999999999943, 10.00000000000000000, -11.00000000000000000 ) ) ;
#952 = VECTOR ( 'NONE', #1514, 1000.000000000000000 ) ;
#953 = VERTEX_POINT ( 'NONE', #472 ) ;
#954 = CARTESIAN_POINT ( 'NONE',  ( 27.49999999999986855, 6.850000000001354117, -6.149999999999485212 ) ) ;
#955 = DIRECTION ( 'NONE',  ( 0.0000000000000000000, 0.0000000000000000000, -1.000000000000000000 ) ) ;
#956 = ORIENTED_EDGE ( 'NONE', *, *, #2301, .F. ) ;
#957 = EDGE_CURVE ( 'NONE', #3379, #3198, #1924, .T. ) ;
#958 = DIRECTION ( 'NONE',  ( 0.0000000000000000000, 0.0000000000000000000, -1.000000000000000000 ) ) ;
#959 = DIRECTION ( 'NONE',  ( 0.0000000000000000000, -1.000000000000000000, 0.0000000000000000000 ) ) ;
#960 = LINE ( 'NONE', #915, #1079 ) ;
#961 = EDGE_CURVE ( 'NONE', #2223, #2580, #870, .T. ) ;
#962 = CARTESIAN_POINT ( 'NONE',  ( 27.50000000000000000, 5.000000000000000000, -22.00000000000000000 ) ) ;
#963 = ORIENTED_EDGE ( 'NONE', *, *, #3232, .T. ) ;
#964 = ADVANCED_FACE ( 'NONE', ( #1076 ), #3216, .T. ) ;
#965 = ORIENTED_EDGE ( 'NONE', *, *, #1726, .T. ) ;
#966 = CARTESIAN_POINT ( 'NONE',  ( 27.49999999999999645, 10.00000000000000000, -15.84999999999999609 ) ) ;
#967 = ORIENTED_EDGE ( 'NONE', *, *, #2675, .T. ) ;
#968 = DIRECTION ( 'NONE',  ( 1.000000000000000000, 0.0000000000000000000, 0.0000000000000000000 ) ) ;
#969 = DIRECTION ( 'NONE',  ( 0.0000000000000000000, 0.0000000000000000000, 1.000000000000000000 ) ) ;
#970 = CARTESIAN_POINT ( 'NONE',  ( 15.79460799041462415, 3.550206097587811804, -14.99999999999999467 ) ) ;
#971 = CARTESIAN_POINT ( 'NONE',  ( 15.89922950476127816, 3.550013027702370483, -7.000010647983939904 ) ) ;
#972 = ORIENTED_EDGE ( 'NONE', *, *, #1792, .F. ) ;
#973 = CARTESIAN_POINT ( 'NONE',  ( 27.49999999999999645, 0.0000000000000000000, -15.84999999999999609 ) ) ;
#974 = DIRECTION ( 'NONE',  ( -0.0000000000000000000, -0.0000000000000000000, 1.000000000000000000 ) ) ;
#975 = LOCAL_TIME ( 16, 49, 34.00000000000000000, #1304 ) ;
#976 = ORIENTED_EDGE ( 'NONE', *, *, #3173, .F. ) ;
#977 = CARTESIAN_POINT ( 'NONE',  ( 39.09462393789713985, 5.000000000000000000, -2.750000000000000000 ) ) ;
#978 = EDGE_CURVE ( 'NONE', #2046, #59, #3454, .T. ) ;
#979 = LINE ( 'NONE', #1729, #2451 ) ;
#980 = CARTESIAN_POINT ( 'NONE',  ( 48.94999999999998863, 4.099999999999997868, -16.00000000000000000 ) ) ;
#981 = ORIENTED_EDGE ( 'NONE', *, *, #385, .F. ) ;
#982 = CARTESIAN_POINT ( 'NONE',  ( 49.00000000000000711, -13.50000000000000000, -10.99999999999999822 ) ) ;
#983 = CARTESIAN_POINT ( 'NONE',  ( 43.00000000000000000, 62.30000000000000426, -10.06838849298647354 ) ) ;
#984 = EDGE_CURVE ( 'NONE', #1299, #918, #2685, .T. ) ;
#985 = DIRECTION ( 'NONE',  ( 0.0000000000000000000, 1.000000000000000000, 0.0000000000000000000 ) ) ;
#986 = DIRECTION ( 'NONE',  ( 0.7071067811865523467, -0.7071067811865426878, -2.775557561562891967E-17 ) ) ;
#987 = CYLINDRICAL_SURFACE ( 'NONE', #379, 1.850000000000000977 ) ;
#988 = VERTEX_POINT ( 'NONE', #1587 ) ;
#989 = VECTOR ( 'NONE', #2286, 1000.000000000000000 ) ;
#990 = EDGE_LOOP ( 'NONE', ( #972, #3032 ) ) ;
#991 = VECTOR ( 'NONE', #2362, 1000.000000000000000 ) ;
#992 = CARTESIAN_POINT ( 'NONE',  ( 54.50000000000000711, -15.00000000000000000, -0.5000000000000004441 ) ) ;
#993 = ORIENTED_EDGE ( 'NONE', *, *, #978, .F. ) ;
#994 = VECTOR ( 'NONE', #708, 1000.000000000000000 ) ;
#995 = CARTESIAN_POINT ( 'NONE',  ( 26.37118538452580196, 6.470594132294387180, -15.71790924257882693 ) ) ;
#996 = EDGE_CURVE ( 'NONE', #3251, #104, #3389, .T. ) ;
#997 = CARTESIAN_POINT ( 'NONE',  ( 43.50000000000000000, -14.75000000000000355, -0.2500000000000002776 ) ) ;
#998 = EDGE_CURVE ( 'NONE', #3202, #2086, #3366, .T. ) ;
#999 = ORIENTED_EDGE ( 'NONE', *, *, #3034, .F. ) ;
#1000 = CARTESIAN_POINT ( 'NONE',  ( 0.4999999999999935052, -14.50000000000000711, -22.00000000000000000 ) ) ;
#1001 = AXIS2_PLACEMENT_3D ( 'NONE', #450, #413, #2019 ) ;
#1002 = DIRECTION ( 'NONE',  ( 1.000000000000000000, 0.0000000000000000000, 0.0000000000000000000 ) ) ;
#1003 = ORIENTED_EDGE ( 'NONE', *, *, #3233, .T. ) ;
#1004 = CARTESIAN_POINT ( 'NONE',  ( 43.50000000000000000, 0.0000000000000000000, -22.00000000000000000 ) ) ;
#1005 = CARTESIAN_POINT ( 'NONE',  ( 15.89922950476143804, 3.550013027702370039, -14.99998935201605832 ) ) ;
#1006 = ORIENTED_EDGE ( 'NONE', *, *, #1949, .T. ) ;
#1007 = EDGE_LOOP ( 'NONE', ( #2483, #2115 ) ) ;
#1008 = DIRECTION ( 'NONE',  ( -0.0000000000000000000, 0.7071067811865536790, 0.7071067811865414665 ) ) ;
#1009 = ORIENTED_EDGE ( 'NONE', *, *, #2783, .F. ) ;
#1010 = DIRECTION ( 'NONE',  ( 0.0000000000000000000, -1.000000000000000000, 0.0000000000000000000 ) ) ;
#1011 = CARTESIAN_POINT ( 'NONE',  ( 43.49999999999999289, -14.50000000000000711, 0.0000000000000000000 ) ) ;
#1012 = EDGE_LOOP ( 'NONE', ( #1016, #3278, #2907 ) ) ;
#1013 = FACE_BOUND ( 'NONE', #1007, .T. ) ;
#1014 = AXIS2_PLACEMENT_3D ( 'NONE', #2689, #2447, #1920 ) ;
#1015 = DIRECTION ( 'NONE',  ( -0.0000000000000000000, -0.0000000000000000000, -1.000000000000000000 ) ) ;
#1016 = ORIENTED_EDGE ( 'NONE', *, *, #138, .T. ) ;
#1017 = CARTESIAN_POINT ( 'NONE',  ( 14.44305901104027967, 5.189915790472147350, -14.72912345935718648 ) ) ;
#1018 = EDGE_CURVE ( 'NONE', #2053, #1389, #2643, .T. ) ;
#1019 = LINE ( 'NONE', #920, #1442 ) ;
#1020 = ORIENTED_EDGE ( 'NONE', *, *, #3472, .F. ) ;
#1021 = CARTESIAN_POINT ( 'NONE',  ( 49.00000000000000000, -18.00199999999999889, -11.00000000000000000 ) ) ;
#1022 = AXIS2_PLACEMENT_3D ( 'NONE', #2237, #1687, #898 ) ;
#1023 = CARTESIAN_POINT ( 'NONE',  ( 39.09462393789713985, 5.000000000000000000, -22.00000000000000000 ) ) ;
#1024 = FACE_OUTER_BOUND ( 'NONE', #2209, .T. ) ;
#1025 = EDGE_LOOP ( 'NONE', ( #2572, #2574, #3464, #2205 ) ) ;
#1026 = DIRECTION ( 'NONE',  ( 0.0000000000000000000, -1.000000000000000000, 0.0000000000000000000 ) ) ;
#1027 = EDGE_CURVE ( 'NONE', #3036, #1842, #2726, .T. ) ;
#1028 = CIRCLE ( 'NONE', #2331, 4.849999999999996980 ) ;
#1029 = CARTESIAN_POINT ( 'NONE',  ( 0.4999999999999935052, 10.00000000000000000, -0.5000000000000004441 ) ) ;
#1030 = DIRECTION ( 'NONE',  ( -0.0000000000000000000, -0.0000000000000000000, 1.000000000000000000 ) ) ;
#1031 = FACE_BOUND ( 'NONE', #2583, .T. ) ;
#1032 = DIRECTION ( 'NONE',  ( 0.0000000000000000000, 0.0000000000000000000, -1.000000000000000000 ) ) ;
#1033 = VECTOR ( 'NONE', #839, 1000.000000000000000 ) ;
#1034 = ORIENTED_EDGE ( 'NONE', *, *, #1089, .T. ) ;
#1035 = CARTESIAN_POINT ( 'NONE',  ( 0.0000000000000000000, 0.4999999999999935052, 0.0000000000000000000 ) ) ;
#1036 = FACE_OUTER_BOUND ( 'NONE', #2914, .T. ) ;
#1037 = CARTESIAN_POINT ( 'NONE',  ( 49.00000000000000711, -13.50000000000000000, -9.850000000000001421 ) ) ;
#1038 = AXIS2_PLACEMENT_3D ( 'NONE', #780, #1285, #770 ) ;
#1039 = VERTEX_POINT ( 'NONE', #1037 ) ;
#1040 = DIRECTION ( 'NONE',  ( -0.0000000000000000000, -0.0000000000000000000, 1.000000000000000000 ) ) ;
#1041 = CARTESIAN_POINT ( 'NONE',  ( 14.44310690681061615, 4.809718878488829397, -14.72914204308989916 ) ) ;
#1042 = EDGE_CURVE ( 'NONE', #2308, #2796, #1879, .T. ) ;
#1043 = ORIENTED_EDGE ( 'NONE', *, *, #3209, .F. ) ;
#1044 = PLANE ( 'NONE',  #1575 ) ;
#1045 = CARTESIAN_POINT ( 'NONE',  ( 38.45328406775181662, 6.303922975146748264, -7.053279925257709415 ) ) ;
#1046 = CARTESIAN_POINT ( 'NONE',  ( 27.74317910631465622, 3.149999999999998579, -15.85000000000000320 ) ) ;
#1047 = ORIENTED_EDGE ( 'NONE', *, *, #385, .T. ) ;
#1048 = DIRECTION ( 'NONE',  ( 0.0000000000000000000, 0.0000000000000000000, -1.000000000000000000 ) ) ;
#1049 = AXIS2_PLACEMENT_3D ( 'NONE', #1518, #3417, #2373 ) ;
#1050 = EDGE_LOOP ( 'NONE', ( #3196, #3044, #1944, #315 ) ) ;
#1051 = APPLICATION_CONTEXT ( 'configuration controlled 3d designs of mechanical parts and assemblies' ) ;
#1052 = DIRECTION ( 'NONE',  ( -0.7071067811865439090, -0.7071067811865512365, 1.196099074440452597E-16 ) ) ;
#1053 = EDGE_CURVE ( 'NONE', #2065, #2616, #406, .T. ) ;
#1054 = CARTESIAN_POINT ( 'NONE',  ( 39.00500596531903597, 6.450392922272133234, -14.99976838663163470 ) ) ;
#1055 = ORIENTED_EDGE ( 'NONE', *, *, #3034, .T. ) ;
#1056 = DIRECTION ( 'NONE',  ( 0.0000000000000000000, 0.0000000000000000000, 1.000000000000000000 ) ) ;
#1057 = AXIS2_PLACEMENT_3D ( 'NONE', #2088, #1010, #1584 ) ;
#1058 = EDGE_LOOP ( 'NONE', ( #367, #1554, #3109, #572 ) ) ;
#1059 = DIRECTION ( 'NONE',  ( -0.0000000000000000000, -0.0000000000000000000, 1.000000000000000000 ) ) ;
#1060 = LINE ( 'NONE', #2981, #2411 ) ;
#1061 = EDGE_LOOP ( 'NONE', ( #1893, #2709 ) ) ;
#1062 = DIRECTION ( 'NONE',  ( 0.0000000000000000000, 1.000000000000000000, 0.0000000000000000000 ) ) ;
#1063 = EDGE_CURVE ( 'NONE', #654, #3379, #1158, .T. ) ;
#1064 = FACE_OUTER_BOUND ( 'NONE', #848, .T. ) ;
#1065 = CARTESIAN_POINT ( 'NONE',  ( 15.42088060978711361, 3.625713807467522365, -14.97339322714680598 ) ) ;
#1066 = ORIENTED_EDGE ( 'NONE', *, *, #1425, .T. ) ;
#1067 = EDGE_CURVE ( 'NONE', #879, #2046, #446, .T. ) ;
#1068 = ADVANCED_FACE ( 'NONE', ( #2469 ), #1755, .F. ) ;
#1069 = VECTOR ( 'NONE', #813, 1000.000000000000000 ) ;
#1070 = ORIENTED_EDGE ( 'NONE', *, *, #2318, .T. ) ;
#1071 = AXIS2_PLACEMENT_3D ( 'NONE', #777, #2395, #204 ) ;
#1072 = DIRECTION ( 'NONE',  ( 0.5773502691896263972, -0.5773502691896343908, -0.5773502691896165162 ) ) ;
#1073 = CIRCLE ( 'NONE', #3362, 1.449999999999999956 ) ;
#1074 = CLOSED_SHELL ( 'NONE', ( #2517, #586, #2555, #1762, #859, #394, #2026, #82, #2748, #1152, #3114, #1986, #2821, #55, #3391, #1416, #902, #3331, #1168, #3190, #357, #2273, #1124, #2412, #2592, #3279, #1953, #573, #1136, #2855, #1776, #663, #267, #1938, #2496, #892, #2578, #949, #3067, #1330, #1367, #1225, #2781, #2009, #1190, #2199, #3031, #877, #2313, #415, #2292, #3016, #1885, #2480, #1491, #3507, #681, #2253, #912, #3296, #1645, #1437, #2800, #2219, #374, #1739, #1471, #3045, #3375, #321, #431, #1974, #337, #36, #926, #704, #964, #603, #144, #1703, #2835, #101, #3101, #1507, #640, #1722, #2769, #1688, #1399, #124, #1068, #3318, #2464, #2536, #3080, #1667, #161, #812, #3354, #1213, #622, #70, #2042, #2232, #1453 ) ) ;
#1075 = EDGE_CURVE ( 'NONE', #2525, #2723, #2600, .T. ) ;
#1076 = FACE_OUTER_BOUND ( 'NONE', #1025, .T. ) ;
#1077 = CARTESIAN_POINT ( 'NONE',  ( 11.99999999999999645, 0.0000000000000000000, 0.0000000000000000000 ) ) ;
#1078 = CARTESIAN_POINT ( 'NONE',  ( 11.99999999999999645, -14.50000000000000711, 0.0000000000000000000 ) ) ;
#1079 = VECTOR ( 'NONE', #2222, 1000.000000000000000 ) ;
#1080 = CARTESIAN_POINT ( 'NONE',  ( 43.14735144312393800, -14.64735144312395576, -11.31633667470748250 ) ) ;
#1081 = CARTESIAN_POINT ( 'NONE',  ( 37.68376181899853350, 4.615381347226588993, -7.262100514995912803 ) ) ;
#1082 = LINE ( 'NONE', #2058, #2474 ) ;
#1083 = CARTESIAN_POINT ( 'NONE',  ( 17.05560992188511449, 5.887892063999605519, -7.173198599540232756 ) ) ;
#1084 = CARTESIAN_POINT ( 'NONE',  ( 17.30814789813855015, 5.379245961572674872, -14.74022220269801409 ) ) ;
#1085 = EDGE_LOOP ( 'NONE', ( #3244, #2617, #3513, #2103 ) ) ;
#1086 = AXIS2_PLACEMENT_3D ( 'NONE', #3235, #2435, #1627 ) ;
#1087 = CARTESIAN_POINT ( 'NONE',  ( 40.54462393789713559, 5.000000000000000000, -30.00000000000000000 ) ) ;
#1088 = VERTEX_POINT ( 'NONE', #2438 ) ;
#1089 = EDGE_CURVE ( 'NONE', #2380, #1253, #2387, .T. ) ;
#1090 = ORIENTED_EDGE ( 'NONE', *, *, #587, .T. ) ;
#1091 = CARTESIAN_POINT ( 'NONE',  ( 17.27998329744433903, 5.471334209435543272, -7.249067436081462645 ) ) ;
#1092 = EDGE_CURVE ( 'NONE', #77, #284, #706, .T. ) ;
#1093 = ORIENTED_EDGE ( 'NONE', *, *, #2919, .T. ) ;
#1094 = CARTESIAN_POINT ( 'NONE',  ( 49.00000000000000000, -15.00000000000000000, -11.00000000000000000 ) ) ;
#1095 = VERTEX_POINT ( 'NONE', #3021 ) ;
#1096 = CARTESIAN_POINT ( 'NONE',  ( 29.35000000000000142, 5.000000000000000000, -15.48330235429197543 ) ) ;
#1097 = CARTESIAN_POINT ( 'NONE',  ( 29.35000000000000142, 5.000000000000000000, -27.00000000000000355 ) ) ;
#1098 = CYLINDRICAL_SURFACE ( 'NONE', #3398, 3.000000000000006217 ) ;
#1099 = CARTESIAN_POINT ( 'NONE',  ( 43.00000000000000000, -14.50000000000000533, -11.93161150701353890 ) ) ;
#1100 = VERTEX_POINT ( 'NONE', #2738 ) ;
#1101 = DIRECTION ( 'NONE',  ( -0.7071067811865425767, 0.0000000000000000000, -0.7071067811865525687 ) ) ;
#1102 = LINE ( 'NONE', #2631, #2169 ) ;
#1103 = AXIS2_PLACEMENT_3D ( 'NONE', #566, #2987, #3266 ) ;
#1104 = EDGE_LOOP ( 'NONE', ( #398, #2388, #3126, #1159, #673, #375 ) ) ;
#1105 = DIRECTION ( 'NONE',  ( 1.000000000000000000, 0.0000000000000000000, 0.0000000000000000000 ) ) ;
#1106 = CARTESIAN_POINT ( 'NONE',  ( 0.0000000000000000000, 0.0000000000000000000, -21.50000000000000000 ) ) ;
#1107 = LINE ( 'NONE', #2281, #2590 ) ;
#1108 = CARTESIAN_POINT ( 'NONE',  ( 40.55691705258031021, 5.000000000000000000, -18.00000000000000000 ) ) ;
#1109 = ORIENTED_EDGE ( 'NONE', *, *, #117, .T. ) ;
#1110 = PLANE ( 'NONE',  #1419 ) ;
#1111 = EDGE_CURVE ( 'NONE', #1149, #343, #226, .T. ) ;
#1112 = PLANE ( 'NONE',  #2111 ) ;
#1113 = FACE_OUTER_BOUND ( 'NONE', #2624, .T. ) ;
#1114 = ORIENTED_EDGE ( 'NONE', *, *, #2116, .F. ) ;
#1115 = DIRECTION ( 'NONE',  ( 0.0000000000000000000, 0.0000000000000000000, -1.000000000000000000 ) ) ;
#1116 = CARTESIAN_POINT ( 'NONE',  ( 40.37254632577506896, 5.732545633360183857, -7.203691646126775261 ) ) ;
#1117 = VECTOR ( 'NONE', #969, 1000.000000000000000 ) ;
#1118 = ORIENTED_EDGE ( 'NONE', *, *, #1454, .F. ) ;
#1119 = CARTESIAN_POINT ( 'NONE',  ( 15.88999999999988688, 6.449996722561303741, -6.999999999999585221 ) ) ;
#1120 = VECTOR ( 'NONE', #518, 1000.000000000000000 ) ;
#1121 = CARTESIAN_POINT ( 'NONE',  ( 39.10999999999999943, 0.0000000000000000000, -7.000000000000000000 ) ) ;
#1122 = CARTESIAN_POINT ( 'NONE',  ( 47.59999999999998721, 4.099999999999997868, -16.00000000000000000 ) ) ;
#1123 = ORIENTED_EDGE ( 'NONE', *, *, #2809, .F. ) ;
#1124 = ADVANCED_FACE ( 'NONE', ( #606, #268 ), #2759, .T. ) ;
#1125 = CARTESIAN_POINT ( 'NONE',  ( 15.90537606210286725, 5.000000000000000000, -22.00000000000000000 ) ) ;
#1126 = VECTOR ( 'NONE', #2265, 1000.000000000000000 ) ;
#1127 = CARTESIAN_POINT ( 'NONE',  ( 26.27660488972250974, 3.607002777733590904, -15.69400561478245848 ) ) ;
#1128 = CARTESIAN_POINT ( 'NONE',  ( 40.51009700937620295, 5.377628796887662155, -7.252984453245357344 ) ) ;
#1129 = EDGE_LOOP ( 'NONE', ( #1666, #1856, #550, #1 ) ) ;
#1130 = ORIENTED_EDGE ( 'NONE', *, *, #198, .F. ) ;
#1131 = EDGE_CURVE ( 'NONE', #1100, #1593, #1203, .T. ) ;
#1132 = ORIENTED_EDGE ( 'NONE', *, *, #269, .T. ) ;
#1133 = PLANE ( 'NONE',  #3502 ) ;
#1134 = ORIENTED_EDGE ( 'NONE', *, *, #201, .T. ) ;
#1135 = AXIS2_PLACEMENT_3D ( 'NONE', #677, #959, #2032 ) ;
#1136 = ADVANCED_FACE ( 'NONE', ( #3180 ), #577, .F. ) ;
#1137 = CARTESIAN_POINT ( 'NONE',  ( 39.00499193577196166, 3.549607018256007773, -14.99976835426011235 ) ) ;
#1138 = EDGE_CURVE ( 'NONE', #1642, #2106, #2466, .T. ) ;
#1139 = CARTESIAN_POINT ( 'NONE',  ( 39.10999999999965127, 3.550003277436465154, -6.999999999998776090 ) ) ;
#1140 = CARTESIAN_POINT ( 'NONE',  ( 0.0000000000000000000, 9.500000000000000000, -0.5000000000000004441 ) ) ;
#1141 = CIRCLE ( 'NONE', #1086, 3.999999999999999112 ) ;
#1142 = DIRECTION ( 'NONE',  ( 0.0000000000000000000, 0.0000000000000000000, 1.000000000000000000 ) ) ;
#1143 = ORIENTED_EDGE ( 'NONE', *, *, #1494, .T. ) ;
#1144 = CARTESIAN_POINT ( 'NONE',  ( 25.64999999999999858, 4.878099096895970099, -15.48330235429198076 ) ) ;
#1145 = VECTOR ( 'NONE', #1166, 1000.000000000000000 ) ;
#1146 = CARTESIAN_POINT ( 'NONE',  ( 28.97107436768822453, 3.871820580216280394, -6.377947239146516623 ) ) ;
#1147 = ORIENTED_EDGE ( 'NONE', *, *, #1309, .F. ) ;
#1148 = FACE_OUTER_BOUND ( 'NONE', #1058, .T. ) ;
#1149 = VERTEX_POINT ( 'NONE', #1121 ) ;
#1150 = CARTESIAN_POINT ( 'NONE',  ( 15.88999999999999702, 0.0000000000000000000, -11.00000000000000000 ) ) ;
#1151 = CARTESIAN_POINT ( 'NONE',  ( 0.0000000000000000000, 9.500000000000000000, -21.50000000000000000 ) ) ;
#1152 = ADVANCED_FACE ( 'NONE', ( #3267 ), #2258, .T. ) ;
#1153 = DIRECTION ( 'NONE',  ( -0.7071067811865524577, -0.7071067811865426878, -1.559530880412040254E-16 ) ) ;
#1154 = CYLINDRICAL_SURFACE ( 'NONE', #1476, 4.849999999999996980 ) ;
#1155 = ORIENTED_EDGE ( 'NONE', *, *, #2725, .T. ) ;
#1156 = EDGE_CURVE ( 'NONE', #1253, #2223, #653, .T. ) ;
#1157 = DIRECTION ( 'NONE',  ( 0.0000000000000000000, -1.000000000000000000, 0.0000000000000000000 ) ) ;
#1158 = LINE ( 'NONE', #2430, #1120 ) ;
#1159 = ORIENTED_EDGE ( 'NONE', *, *, #389, .F. ) ;
#1160 = DIRECTION ( 'NONE',  ( 0.7071067811865439090, 0.7071067811865511255, 0.0000000000000000000 ) ) ;
#1161 = DIRECTION ( 'NONE',  ( 0.0000000000000000000, -1.000000000000000000, 0.0000000000000000000 ) ) ;
#1162 = EDGE_CURVE ( 'NONE', #2775, #3264, #909, .T. ) ;
#1163 = VECTOR ( 'NONE', #545, 1000.000000000000000 ) ;
#1164 = FACE_OUTER_BOUND ( 'NONE', #1636, .T. ) ;
#1165 = EDGE_CURVE ( 'NONE', #1182, #3199, #16, .T. ) ;
#1166 = DIRECTION ( 'NONE',  ( -0.0000000000000000000, 1.000000000000000000, -0.0000000000000000000 ) ) ;
#1167 = EDGE_LOOP ( 'NONE', ( #33, #765, #1043, #3509 ) ) ;
#1168 = ADVANCED_FACE ( 'NONE', ( #1534 ), #2347, .F. ) ;
#1169 = CARTESIAN_POINT ( 'NONE',  ( 39.10077049523872716, 3.550013027702370483, -14.99998935201605832 ) ) ;
#1170 = ORIENTED_EDGE ( 'NONE', *, *, #1206, .F. ) ;
#1171 = AXIS2_PLACEMENT_3D ( 'NONE', #2740, #2440, #1632 ) ;
#1172 = PLANE ( 'NONE',  #1281 ) ;
#1173 = ORIENTED_EDGE ( 'NONE', *, *, #1949, .F. ) ;
#1174 = CARTESIAN_POINT ( 'NONE',  ( 25.64999999999999858, 5.000000000000000000, -27.00000000000000355 ) ) ;
#1175 = DIRECTION ( 'NONE',  ( -1.000000000000000000, 0.0000000000000000000, 0.0000000000000000000 ) ) ;
#1176 = EDGE_CURVE ( 'NONE', #2778, #1444, #1751, .T. ) ;
#1177 = EDGE_CURVE ( 'NONE', #177, #582, #834, .T. ) ;
#1178 = ORIENTED_EDGE ( 'NONE', *, *, #2871, .F. ) ;
#1179 = DIRECTION ( 'NONE',  ( -0.0000000000000000000, 1.000000000000000000, -0.0000000000000000000 ) ) ;
#1180 = AXIS2_PLACEMENT_3D ( 'NONE', #3052, #1435, #1686 ) ;
#1181 = PLANE ( 'NONE',  #3028 ) ;
#1182 = VERTEX_POINT ( 'NONE', #1945 ) ;
#1183 = CARTESIAN_POINT ( 'NONE',  ( 26.10567894774948172, 6.221779987481509622, -6.353915049358658251 ) ) ;
#1184 = VECTOR ( 'NONE', #2456, 1000.000000000000000 ) ;
#1185 = VERTEX_POINT ( 'NONE', #2487 ) ;
#1186 = PERSON ( 'UNSPECIFIED', 'UNSPECIFIED', 'UNSPECIFIED', ('UNSPECIFIED'), ('UNSPECIFIED'), ('UNSPECIFIED') ) ;
#1187 = DIRECTION ( 'NONE',  ( 0.7071067811865536790, -0.7071067811865414665, 0.0000000000000000000 ) ) ;
#1188 = DIRECTION ( 'NONE',  ( -0.0000000000000000000, -0.0000000000000000000, -1.000000000000000000 ) ) ;
#1189 = CARTESIAN_POINT ( 'NONE',  ( 11.99999999999999645, -14.50000000000000533, -10.06838849298646643 ) ) ;
#1190 = ADVANCED_FACE ( 'NONE', ( #3450 ), #2553, .F. ) ;
#1191 = LINE ( 'NONE', #3175, #2035 ) ;
#1192 = DIRECTION ( 'NONE',  ( 1.000000000000000000, 0.0000000000000000000, 0.0000000000000000000 ) ) ;
#1193 = VERTEX_POINT ( 'NONE', #3325 ) ;
#1194 = DIRECTION ( 'NONE',  ( -0.0000000000000000000, -1.000000000000000000, -0.0000000000000000000 ) ) ;
#1195 = CYLINDRICAL_SURFACE ( 'NONE', #709, 1.449999999999999956 ) ;
#1196 = ORIENTED_EDGE ( 'NONE', *, *, #1042, .F. ) ;
#1197 = CARTESIAN_POINT ( 'NONE',  ( 43.50000000000000000, -15.00000000000000000, 0.0000000000000000000 ) ) ;
#1198 = CARTESIAN_POINT ( 'NONE',  ( 40.54462393789713559, 5.000000000000000000, -22.00000000000000000 ) ) ;
#1199 = CIRCLE ( 'NONE', #3105, 1.349999999999996980 ) ;
#1200 = ORIENTED_EDGE ( 'NONE', *, *, #2135, .T. ) ;
#1201 = AXIS2_PLACEMENT_3D ( 'NONE', #539, #1348, #345 ) ;
#1202 = CARTESIAN_POINT ( 'NONE',  ( 15.51153850091691666, 6.402126235447184399, -7.016849484217131838 ) ) ;
#1203 = LINE ( 'NONE', #2177, #1618 ) ;
#1204 = DIRECTION ( 'NONE',  ( 0.0000000000000000000, 0.0000000000000000000, -1.000000000000000000 ) ) ;
#1205 = ORIENTED_EDGE ( 'NONE', *, *, #1176, .T. ) ;
#1206 = EDGE_CURVE ( 'NONE', #1505, #3130, #2306, .T. ) ;
#1207 = DIRECTION ( 'NONE',  ( 0.0000000000000000000, 0.0000000000000000000, -1.000000000000000000 ) ) ;
#1208 = VECTOR ( 'NONE', #2881, 1000.000000000000000 ) ;
#1209 = AXIS2_PLACEMENT_3D ( 'NONE', #621, #336, #2780 ) ;
#1210 = EDGE_LOOP ( 'NONE', ( #2402, #162, #1833, #976 ) ) ;
#1211 = DIRECTION ( 'NONE',  ( 0.0000000000000000000, 0.0000000000000000000, 1.000000000000000000 ) ) ;
#1212 = FACE_OUTER_BOUND ( 'NONE', #831, .T. ) ;
#1213 = ADVANCED_FACE ( 'NONE', ( #2385 ), #2179, .F. ) ;
#1214 = CARTESIAN_POINT ( 'NONE',  ( 5.999999999999991118, -13.50000000000000000, -12.15000000000000391 ) ) ;
#1215 = EDGE_CURVE ( 'NONE', #1358, #1182, #2722, .T. ) ;
#1216 = B_SPLINE_CURVE_WITH_KNOTS ( 'NONE', 3,
 ( #574, #583, #3286, #884, #862, #2770, #1669, #73, #1146, #3038, #1420, #3311, #1742, #2003 ),
 .UNSPECIFIED., .F., .F.,
 ( 4, 2, 2, 2, 2, 2, 4 ),
 ( 0.008757744854659826883, 0.009487783827295101849, 0.009852803313612738464, 0.01021782279993037681, 0.01058284228624801343, 0.01094786177256565005, 0.01167790074520092328 ),
 .UNSPECIFIED. ) ;
#1217 = CARTESIAN_POINT ( 'NONE',  ( 11.99999999999999645, 0.0000000000000000000, -21.50000000000000000 ) ) ;
#1218 = CARTESIAN_POINT ( 'NONE',  ( 25.74580166254965974, 4.400053113867782528, -6.478079769819506062 ) ) ;
#1219 = VERTEX_POINT ( 'NONE', #64 ) ;
#1220 = CARTESIAN_POINT ( 'NONE',  ( 40.55691705258031021, 5.000000000000000000, -14.72913274675926232 ) ) ;
#1221 = ORIENTED_EDGE ( 'NONE', *, *, #3387, .F. ) ;
#1222 = CARTESIAN_POINT ( 'NONE',  ( 43.00000000000000000, -14.50000000000000533, -0.5000000000000004441 ) ) ;
#1223 = AXIS2_PLACEMENT_3D ( 'NONE', #2367, #1625, #1647 ) ;
#1224 = ORIENTED_EDGE ( 'NONE', *, *, #338, .T. ) ;
#1225 = ADVANCED_FACE ( 'NONE', ( #2008, #1031, #1406, #2890, #1574, #179 ), #2264, .T. ) ;
#1226 = EDGE_CURVE ( 'NONE', #2176, #1149, #747, .T. ) ;
#1227 = CARTESIAN_POINT ( 'NONE',  ( 52.00000000000000000, 0.0000000000000000000, -16.00000000000000000 ) ) ;
#1228 = APPROVAL_PERSON_ORGANIZATION ( #2408, #3185, #219 ) ;
#1229 = ORIENTED_EDGE ( 'NONE', *, *, #3083, .T. ) ;
#1230 = CARTESIAN_POINT ( 'NONE',  ( 29.35000000000000142, 5.000000000000000000, -6.516697645708024567 ) ) ;
#1231 = LINE ( 'NONE', #506, #556 ) ;
#1232 = CARTESIAN_POINT ( 'NONE',  ( 1.649999999999999911, 0.0000000000000000000, -22.00000000000000000 ) ) ;
#1233 = ORIENTED_EDGE ( 'NONE', *, *, #781, .T. ) ;
#1234 = CYLINDRICAL_SURFACE ( 'NONE', #1641, 1.449999999999999956 ) ;
#1235 = CARTESIAN_POINT ( 'NONE',  ( 5.999999999999991118, -13.50000000000000000, -11.00000000000000533 ) ) ;
#1236 = CARTESIAN_POINT ( 'NONE',  ( 25.66215749062490659, 4.755489603991517988, -6.511625101738405696 ) ) ;
#1237 = CIRCLE ( 'NONE', #3419, 1.449999999999999956 ) ;
#1238 = CARTESIAN_POINT ( 'NONE',  ( 43.50000000000000000, 10.00000000000000000, -22.00000000000000000 ) ) ;
#1239 = FACE_OUTER_BOUND ( 'NONE', #265, .T. ) ;
#1240 = ORIENTED_EDGE ( 'NONE', *, *, #2973, .T. ) ;
#1241 = CARTESIAN_POINT ( 'NONE',  ( 40.54736269327507614, 4.808600272737973746, -14.73287900035163211 ) ) ;
#1242 = CIRCLE ( 'NONE', #2140, 1.449999999999999956 ) ;
#1243 = EDGE_LOOP ( 'NONE', ( #1353, #212, #9, #2134 ) ) ;
#1244 = EDGE_CURVE ( 'NONE', #2566, #3288, #1836, .T. ) ;
#1245 = VECTOR ( 'NONE', #2797, 1000.000000000000000 ) ;
#1246 = DIRECTION ( 'NONE',  ( -0.0000000000000000000, -0.0000000000000000000, -1.000000000000000000 ) ) ;
#1247 = DIRECTION ( 'NONE',  ( -1.000000000000000000, 0.0000000000000000000, 0.0000000000000000000 ) ) ;
#1248 = VECTOR ( 'NONE', #2195, 1000.000000000000000 ) ;
#1249 = DIRECTION ( 'NONE',  ( -0.0000000000000000000, -0.0000000000000000000, 1.000000000000000000 ) ) ;
#1250 = VERTEX_POINT ( 'NONE', #2227 ) ;
#1251 = DIRECTION ( 'NONE',  ( 0.0000000000000000000, 0.0000000000000000000, 1.000000000000000000 ) ) ;
#1252 = EDGE_CURVE ( 'NONE', #3077, #988, #1452, .T. ) ;
#1253 = VERTEX_POINT ( 'NONE', #1711 ) ;
#1254 = DIRECTION ( 'NONE',  ( 0.0000000000000000000, 0.0000000000000000000, -1.000000000000000000 ) ) ;
#1255 = DIRECTION ( 'NONE',  ( 0.0000000000000000000, 0.0000000000000000000, -1.000000000000000000 ) ) ;
#1256 = CARTESIAN_POINT ( 'NONE',  ( 40.55691705258031021, 5.000000000000000000, -2.749999999999999112 ) ) ;
#1257 = ORIENTED_EDGE ( 'NONE', *, *, #2725, .F. ) ;
#1258 = CARTESIAN_POINT ( 'NONE',  ( 0.0000000000000000000, 10.00000000000000000, 0.0000000000000000000 ) ) ;
#1259 = ORIENTED_EDGE ( 'NONE', *, *, #1792, .T. ) ;
#1260 = DIRECTION ( 'NONE',  ( -1.000000000000000000, 0.0000000000000000000, 0.0000000000000000000 ) ) ;
#1261 = CALENDAR_DATE ( 2019, 12, 12 ) ;
#1262 =( BOUNDED_CURVE ( )  B_SPLINE_CURVE ( 3, ( #1937, #65, #633, #1410 ),
 .UNSPECIFIED., .F., .F. ) 
 B_SPLINE_CURVE_WITH_KNOTS ( ( 4, 4 ),
 ( 6.048123722810077041, 6.518246891549094535 ),
 .UNSPECIFIED. ) 
 CURVE ( )  GEOMETRIC_REPRESENTATION_ITEM ( )  RATIONAL_B_SPLINE_CURVE ( ( 1.000000000000000000, 0.9816666666666660213, 0.9816666666666660213, 1.000000000000000000 ) ) 
 REPRESENTATION_ITEM ( '' )  );
#1263 = ORIENTED_EDGE ( 'NONE', *, *, #3146, .T. ) ;
#1264 = DIRECTION ( 'NONE',  ( 0.0000000000000000000, -1.000000000000000000, -0.0000000000000000000 ) ) ;
#1265 = AXIS2_PLACEMENT_3D ( 'NONE', #626, #365, #3025 ) ;
#1266 = FACE_OUTER_BOUND ( 'NONE', #2322, .T. ) ;
#1267 = CARTESIAN_POINT ( 'NONE',  ( 29.28969170122588039, 4.515989705021295819, -15.50779006834472540 ) ) ;
#1268 = EDGE_LOOP ( 'NONE', ( #1196, #430, #1991, #13 ) ) ;
#1269 = CARTESIAN_POINT ( 'NONE',  ( 43.00000000000000000, -15.00000000000000000, -21.50000000000000355 ) ) ;
#1270 = CARTESIAN_POINT ( 'NONE',  ( 43.49999999999999289, 10.00000000000000000, 0.0000000000000000000 ) ) ;
#1271 = LINE ( 'NONE', #997, #298 ) ;
#1272 = EDGE_CURVE ( 'NONE', #479, #879, #401, .T. ) ;
#1273 = EDGE_LOOP ( 'NONE', ( #901, #154, #3484, #1259 ) ) ;
#1274 = DIRECTION ( 'NONE',  ( -0.0000000000000000000, 1.000000000000000000, 0.0000000000000000000 ) ) ;
#1275 = CYLINDRICAL_SURFACE ( 'NONE', #3159, 1.850000000000000977 ) ;
#1276 = VERTEX_POINT ( 'NONE', #2772 ) ;
#1277 = CARTESIAN_POINT ( 'NONE',  ( 49.00000000000000711, -18.00000000000000000, -10.99999999999999822 ) ) ;
#1278 = FACE_OUTER_BOUND ( 'NONE', #3272, .T. ) ;
#1279 = ORIENTED_EDGE ( 'NONE', *, *, #1288, .T. ) ;
#1280 = LINE ( 'NONE', #2326, #222 ) ;
#1281 = AXIS2_PLACEMENT_3D ( 'NONE', #2803, #2505, #132 ) ;
#1282 = CYLINDRICAL_SURFACE ( 'NONE', #835, 1.350000000000000533 ) ;
#1283 = CARTESIAN_POINT ( 'NONE',  ( 26.27693976657678121, 6.393209405966347347, -15.69408089386031868 ) ) ;
#1284 = ORIENTED_EDGE ( 'NONE', *, *, #1900, .T. ) ;
#1285 = DIRECTION ( 'NONE',  ( 1.000000000000000000, 0.0000000000000000000, 0.0000000000000000000 ) ) ;
#1286 = PLANE ( 'NONE',  #2897 ) ;
#1287 = CIRCLE ( 'NONE', #1071, 3.999999999999999112 ) ;
#1288 = EDGE_CURVE ( 'NONE', #343, #1365, #3086, .T. ) ;
#1289 = DIRECTION ( 'NONE',  ( -0.7071067811865425767, 1.645406930227243866E-16, -0.7071067811865525687 ) ) ;
#1290 = CARTESIAN_POINT ( 'NONE',  ( 17.30830309281558854, 4.621215956581321116, -7.259836482957457093 ) ) ;
#1291 = ORIENTED_EDGE ( 'NONE', *, *, #3281, .T. ) ;
#1292 = DIRECTION ( 'NONE',  ( 1.000000000000000000, 0.0000000000000000000, 0.0000000000000000000 ) ) ;
#1293 = CARTESIAN_POINT ( 'NONE',  ( 11.74999999999999822, -14.50000000000000711, -0.2499999999999993061 ) ) ;
#1294 = AXIS2_PLACEMENT_3D ( 'NONE', #189, #1008, #2896 ) ;
#1295 = VERTEX_POINT ( 'NONE', #1459 ) ;
#1296 = PLANE ( 'NONE',  #756 ) ;
#1297 = VERTEX_POINT ( 'NONE', #947 ) ;
#1298 = CARTESIAN_POINT ( 'NONE',  ( 27.50000000000000000, 5.000000000000000000, -27.00000000000000355 ) ) ;
#1299 = VERTEX_POINT ( 'NONE', #167 ) ;
#1300 = CARTESIAN_POINT ( 'NONE',  ( 16.37166790513526493, 3.623725202235129839, -7.028112190238222645 ) ) ;
#1301 = DIRECTION ( 'NONE',  ( -0.0000000000000000000, -0.0000000000000000000, -1.000000000000000000 ) ) ;
#1302 = DIRECTION ( 'NONE',  ( -0.7071067811865524577, 0.0000000000000000000, 0.7071067811865425767 ) ) ;
#1303 = ORIENTED_EDGE ( 'NONE', *, *, #2991, .F. ) ;
#1304 = COORDINATED_UNIVERSAL_TIME_OFFSET ( 0, 0, .AHEAD. ) ;
#1305 = APPROVAL_ROLE ( '' ) ;
#1306 = EDGE_CURVE ( 'NONE', #2046, #1523, #1280, .T. ) ;
#1307 = ORIENTED_EDGE ( 'NONE', *, *, #2545, .F. ) ;
#1308 = CARTESIAN_POINT ( 'NONE',  ( 39.10077049523872716, 6.449986972297629073, -9.000000000000000000 ) ) ;
#1309 = EDGE_CURVE ( 'NONE', #3198, #77, #2807, .T. ) ;
#1310 = CYLINDRICAL_SURFACE ( 'NONE', #434, 1.149999999999999911 ) ;
#1311 = PLANE ( 'NONE',  #1445 ) ;
#1312 = VERTEX_POINT ( 'NONE', #3073 ) ;
#1313 = CARTESIAN_POINT ( 'NONE',  ( 39.00386910560413867, 3.549602258534533927, -7.000234236539851551 ) ) ;
#1314 = CARTESIAN_POINT ( 'NONE',  ( 28.96947575925336693, 3.869729253653293455, -15.62256416092828282 ) ) ;
#1315 = FACE_OUTER_BOUND ( 'NONE', #2905, .T. ) ;
#1316 = DIRECTION ( 'NONE',  ( 1.000000000000000000, 0.0000000000000000000, 0.0000000000000000000 ) ) ;
#1317 = DIRECTION ( 'NONE',  ( 0.0000000000000000000, -1.000000000000000000, 0.0000000000000000000 ) ) ;
#1318 = FACE_OUTER_BOUND ( 'NONE', #3401, .T. ) ;
#1319 = EDGE_LOOP ( 'NONE', ( #118, #2150, #3367 ) ) ;
#1320 = CARTESIAN_POINT ( 'NONE',  ( 5.999999999999991118, 10.00000000000000000, -11.00000000000000533 ) ) ;
#1321 = FACE_OUTER_BOUND ( 'NONE', #3358, .T. ) ;
#1322 = EDGE_LOOP ( 'NONE', ( #531, #1550, #2998 ) ) ;
#1323 = DIRECTION ( 'NONE',  ( 0.0000000000000000000, 0.0000000000000000000, 1.000000000000000000 ) ) ;
#1324 = CARTESIAN_POINT ( 'NONE',  ( 37.64459425618426991, 5.095501560142064790, -7.278093767030901162 ) ) ;
#1325 = VECTOR ( 'NONE', #2067, 1000.000000000000000 ) ;
#1326 = VERTEX_POINT ( 'NONE', #1217 ) ;
#1327 = DIRECTION ( 'NONE',  ( 0.7071067811865439090, 0.7071067811865511255, 0.0000000000000000000 ) ) ;
#1328 = FACE_OUTER_BOUND ( 'NONE', #1466, .T. ) ;
#1329 = AXIS2_PLACEMENT_3D ( 'NONE', #1447, #372, #2018 ) ;
#1330 = ADVANCED_FACE ( 'NONE', ( #2640, #142, #3017, #868, #2089, #1495, #2931, #2214 ), #1759, .T. ) ;
#1331 = DESIGN_CONTEXT ( 'detailed design', #1869, 'design' ) ;
#1332 = PERSON_AND_ORGANIZATION_ROLE ( 'design_owner' ) ;
#1333 = FACE_OUTER_BOUND ( 'NONE', #114, .T. ) ;
#1334 = CARTESIAN_POINT ( 'NONE',  ( 15.88999999999999702, 0.0000000000000000000, -7.000000000000000000 ) ) ;
#1335 = CARTESIAN_POINT ( 'NONE',  ( 11.99999999999999645, 0.0000000000000000000, -11.93161150701350870 ) ) ;
#1336 = EDGE_CURVE ( 'NONE', #1397, #1487, #3361, .T. ) ;
#1337 = EDGE_LOOP ( 'NONE', ( #2409, #578, #744, #542, #1478, #2610 ) ) ;
#1338 = DIRECTION ( 'NONE',  ( -9.875502259259736105E-15, 0.7071067811865414665, -0.7071067811865536790 ) ) ;
#1339 = CARTESIAN_POINT ( 'NONE',  ( 17.35537606210353800, 4.999999999998893330, -7.278082080886949079 ) ) ;
#1340 = VERTEX_POINT ( 'NONE', #2290 ) ;
#1341 = EDGE_CURVE ( 'NONE', #1100, #104, #944, .T. ) ;
#1342 = DIRECTION ( 'NONE',  ( 1.000000000000000000, 0.0000000000000000000, 0.0000000000000000000 ) ) ;
#1343 = ORIENTED_EDGE ( 'NONE', *, *, #869, .F. ) ;
#1344 = PERSON_AND_ORGANIZATION_ROLE ( 'classification_officer' ) ;
#1345 = DIRECTION ( 'NONE',  ( 0.0000000000000000000, 0.0000000000000000000, -1.000000000000000000 ) ) ;
#1346 = CARTESIAN_POINT ( 'NONE',  ( 55.00000000000000000, 10.00000000000000000, -0.5000000000000004441 ) ) ;
#1347 = VERTEX_POINT ( 'NONE', #2562 ) ;
#1348 = DIRECTION ( 'NONE',  ( -0.0000000000000000000, -0.0000000000000000000, 1.000000000000000000 ) ) ;
#1349 = CARTESIAN_POINT ( 'NONE',  ( 38.36818159828130348, 6.258450449012720185, -7.068569678192931249 ) ) ;
#1350 = AXIS2_PLACEMENT_3D ( 'NONE', #665, #1427, #1192 ) ;
#1351 = ORIENTED_EDGE ( 'NONE', *, *, #933, .F. ) ;
#1352 = ORGANIZATION ( 'UNSPECIFIED', 'UNSPECIFIED', '' ) ;
#1353 = ORIENTED_EDGE ( 'NONE', *, *, #887, .F. ) ;
#1354 = CARTESIAN_POINT ( 'NONE',  ( 43.49999999999999289, 0.4999999999999935052, 0.0000000000000000000 ) ) ;
#1355 = EDGE_CURVE ( 'NONE', #735, #1295, #309, .T. ) ;
#1356 = FACE_OUTER_BOUND ( 'NONE', #2716, .T. ) ;
#1357 = DIRECTION ( 'NONE',  ( -0.0000000000000000000, 1.000000000000000000, 0.0000000000000000000 ) ) ;
#1358 = VERTEX_POINT ( 'NONE', #1506 ) ;
#1359 = EDGE_CURVE ( 'NONE', #1487, #1276, #2133, .T. ) ;
#1360 = CARTESIAN_POINT ( 'NONE',  ( 3.000000000000000000, 0.0000000000000000000, -16.00000000000000000 ) ) ;
#1361 = FACE_OUTER_BOUND ( 'NONE', #2532, .T. ) ;
#1362 = AXIS2_PLACEMENT_3D ( 'NONE', #1094, #2986, #3240 ) ;
#1363 = CARTESIAN_POINT ( 'NONE',  ( 15.89922950476124797, 6.449986972297629073, -7.000010647983939904 ) ) ;
#1364 = FACE_OUTER_BOUND ( 'NONE', #382, .T. ) ;
#1365 = VERTEX_POINT ( 'NONE', #2307 ) ;
#1366 = DIRECTION ( 'NONE',  ( 0.0000000000000000000, -1.000000000000000000, 0.0000000000000000000 ) ) ;
#1367 = ADVANCED_FACE ( 'NONE', ( #3490 ), #1484, .T. ) ;
#1368 = DIRECTION ( 'NONE',  ( -0.0000000000000000000, -0.0000000000000000000, 1.000000000000000000 ) ) ;
#1369 = VECTOR ( 'NONE', #326, 1000.000000000000000 ) ;
#1370 = CARTESIAN_POINT ( 'NONE',  ( 55.00000000000000000, -14.50000000000000000, -0.5000000000000004441 ) ) ;
#1371 = DIRECTION ( 'NONE',  ( 0.0000000000000000000, 0.0000000000000000000, -1.000000000000000000 ) ) ;
#1372 = LINE ( 'NONE', #1891, #1163 ) ;
#1373 = ORIENTED_EDGE ( 'NONE', *, *, #869, .T. ) ;
#1374 = CARTESIAN_POINT ( 'NONE',  ( 11.50000000000000355, 0.4999999999999935052, 0.0000000000000000000 ) ) ;
#1375 = FACE_OUTER_BOUND ( 'NONE', #1319, .T. ) ;
#1376 = DIRECTION ( 'NONE',  ( 1.000000000000000000, 0.0000000000000000000, 0.0000000000000000000 ) ) ;
#1377 = DIRECTION ( 'NONE',  ( 1.000000000000000000, 0.0000000000000000000, 0.0000000000000000000 ) ) ;
#1378 = VECTOR ( 'NONE', #2601, 1000.000000000000000 ) ;
#1379 = AXIS2_PLACEMENT_3D ( 'NONE', #604, #307, #881 ) ;
#1380 = DIRECTION ( 'NONE',  ( 0.0000000000000000000, 0.0000000000000000000, -1.000000000000000000 ) ) ;
#1381 = EDGE_CURVE ( 'NONE', #3376, #2308, #701, .T. ) ;
#1382 = ORIENTED_EDGE ( 'NONE', *, *, #3165, .F. ) ;
#1383 = DIRECTION ( 'NONE',  ( 0.0000000000000000000, 1.000000000000000000, 0.0000000000000000000 ) ) ;
#1384 = AXIS2_PLACEMENT_3D ( 'NONE', #791, #2101, #1563 ) ;
#1385 = EDGE_LOOP ( 'NONE', ( #482, #2413, #695, #128 ) ) ;
#1386 = DIRECTION ( 'NONE',  ( -0.7071067811865426878, -9.903257834875357130E-15, -0.7071067811865524577 ) ) ;
#1387 = CARTESIAN_POINT ( 'NONE',  ( 15.89153870575301930, 3.550000005881456921, -15.00000000000000355 ) ) ;
#1388 = EDGE_CURVE ( 'NONE', #243, #2315, #2048, .T. ) ;
#1389 = VERTEX_POINT ( 'NONE', #122 ) ;
#1390 = DIRECTION ( 'NONE',  ( -0.0000000000000000000, -0.7071067811865524577, -0.7071067811865425767 ) ) ;
#1391 = CARTESIAN_POINT ( 'NONE',  ( 54.50000000000000711, 10.00000000000000000, -21.50000000000000355 ) ) ;
#1392 = ORIENTED_EDGE ( 'NONE', *, *, #2545, .T. ) ;
#1393 = CARTESIAN_POINT ( 'NONE',  ( 11.49999999999999645, -15.00000000000000000, -21.50000000000000000 ) ) ;
#1394 = CARTESIAN_POINT ( 'NONE',  ( 54.50000000000000711, -15.00000000000000000, -21.50000000000000000 ) ) ;
#1395 = ORIENTED_EDGE ( 'NONE', *, *, #3119, .F. ) ;
#1396 = LINE ( 'NONE', #3143, #690 ) ;
#1397 = VERTEX_POINT ( 'NONE', #3415 ) ;
#1398 = CARTESIAN_POINT ( 'NONE',  ( 39.09462393789713985, 5.000000000000000000, -30.00000000000000000 ) ) ;
#1399 = ADVANCED_FACE ( 'NONE', ( #57 ), #3088, .T. ) ;
#1400 = VECTOR ( 'NONE', #3305, 1000.000000000000000 ) ;
#1401 = DIRECTION ( 'NONE',  ( -1.000000000000000000, 0.0000000000000000000, 0.0000000000000000000 ) ) ;
#1402 = AXIS2_PLACEMENT_3D ( 'NONE', #2612, #163, #3135 ) ;
#1403 = ORIENTED_EDGE ( 'NONE', *, *, #1524, .F. ) ;
#1404 = PLANE ( 'NONE',  #2668 ) ;
#1405 = CARTESIAN_POINT ( 'NONE',  ( 27.74479485950044122, 6.837751270473773957, -15.84529041341688149 ) ) ;
#1406 = FACE_BOUND ( 'NONE', #175, .T. ) ;
#1407 = AXIS2_PLACEMENT_3D ( 'NONE', #1564, #252, #3493 ) ;
#1408 = VERTEX_POINT ( 'NONE', #402 ) ;
#1409 = LINE ( 'NONE', #193, #1208 ) ;
#1410 = CARTESIAN_POINT ( 'NONE',  ( 11.99999999999999645, -14.50000000000000533, -10.06838849298646643 ) ) ;
#1411 = ORIENTED_EDGE ( 'NONE', *, *, #3460, .F. ) ;
#1412 = PLANE ( 'NONE',  #1103 ) ;
#1413 = CIRCLE ( 'NONE', #1930, 3.999999999999999112 ) ;
#1414 = CARTESIAN_POINT ( 'NONE',  ( 43.00000000000000000, 0.0000000000000000000, -21.50000000000000355 ) ) ;
#1415 = CYLINDRICAL_SURFACE ( 'NONE', #789, 3.150000000000005240 ) ;
#1416 = ADVANCED_FACE ( 'NONE', ( #1321 ), #1154, .F. ) ;
#1417 = CARTESIAN_POINT ( 'NONE',  ( 39.10230914336175090, 6.449993494693415208, -14.99999290226555182 ) ) ;
#1418 = MANIFOLD_SOLID_BREP ( 'Boss-Extrude8', #1074 ) ;
#1419 = AXIS2_PLACEMENT_3D ( 'NONE', #2181, #1345, #2955 ) ;
#1420 = CARTESIAN_POINT ( 'NONE',  ( 29.16115362348206830, 4.176663624638959682, -6.443074905418304077 ) ) ;
#1421 = ORIENTED_EDGE ( 'NONE', *, *, #340, .F. ) ;
#1422 = CARTESIAN_POINT ( 'NONE',  ( 39.49253115600549791, 3.589494520153490686, -7.014442700938892550 ) ) ;
#1423 = CARTESIAN_POINT ( 'NONE',  ( 43.50000000000000000, -15.00000000000000000, -0.5000000000000004441 ) ) ;
#1424 = CC_DESIGN_DATE_AND_TIME_ASSIGNMENT ( #3295, #3219, ( #2943 ) ) ;
#1425 = EDGE_CURVE ( 'NONE', #2091, #1531, #3137, .T. ) ;
#1426 = ORIENTED_EDGE ( 'NONE', *, *, #1138, .T. ) ;
#1427 = DIRECTION ( 'NONE',  ( 0.0000000000000000000, 0.0000000000000000000, 1.000000000000000000 ) ) ;
#1428 = DIRECTION ( 'NONE',  ( 0.0000000000000000000, 0.0000000000000000000, 1.000000000000000000 ) ) ;
#1429 = VERTEX_POINT ( 'NONE', #136 ) ;
#1430 = AXIS2_PLACEMENT_3D ( 'NONE', #1679, #3035, #1428 ) ;
#1431 = DIRECTION ( 'NONE',  ( 0.0000000000000000000, -1.000000000000000000, 0.0000000000000000000 ) ) ;
#1432 = CARTESIAN_POINT ( 'NONE',  ( 0.0000000000000000000, -15.00000000000000000, -0.5000000000000004441 ) ) ;
#1433 = ORIENTED_EDGE ( 'NONE', *, *, #2586, .T. ) ;
#1434 = LOCAL_TIME ( 16, 49, 34.00000000000000000, #3079 ) ;
#1435 = DIRECTION ( 'NONE',  ( 0.0000000000000000000, -1.000000000000000000, -0.0000000000000000000 ) ) ;
#1436 = DIRECTION ( 'NONE',  ( 1.000000000000000000, 0.0000000000000000000, 0.0000000000000000000 ) ) ;
#1437 = ADVANCED_FACE ( 'NONE', ( #2423 ), #2040, .T. ) ;
#1438 = VERTEX_POINT ( 'NONE', #725 ) ;
#1439 = FACE_OUTER_BOUND ( 'NONE', #2424, .T. ) ;
#1440 = VERTEX_POINT ( 'NONE', #3154 ) ;
#1441 = CARTESIAN_POINT ( 'NONE',  ( 38.90766247328944161, 3.558943357541862973, -14.99598122463477345 ) ) ;
#1442 = VECTOR ( 'NONE', #150, 1000.000000000000000 ) ;
#1443 = DIRECTION ( 'NONE',  ( 0.7071067811865426878, -0.7071067811865524577, 9.905085388176745461E-15 ) ) ;
#1444 = VERTEX_POINT ( 'NONE', #763 ) ;
#1445 = AXIS2_PLACEMENT_3D ( 'NONE', #3474, #1581, #1851 ) ;
#1446 = CYLINDRICAL_SURFACE ( 'NONE', #2802, 1.449999999999999956 ) ;
#1447 = CARTESIAN_POINT ( 'NONE',  ( 5.999999999999991118, -15.00000000000000000, -11.00000000000000533 ) ) ;
#1448 = ORIENTED_EDGE ( 'NONE', *, *, #1162, .F. ) ;
#1449 = LINE ( 'NONE', #2874, #2506 ) ;
#1450 = VERTEX_POINT ( 'NONE', #1572 ) ;
#1451 = DIRECTION ( 'NONE',  ( 0.0000000000000000000, 1.000000000000000000, 0.0000000000000000000 ) ) ;
#1452 = CIRCLE ( 'NONE', #1775, 3.149999999999998135 ) ;
#1453 = ADVANCED_FACE ( 'NONE', ( #443 ), #12, .F. ) ;
#1454 = EDGE_CURVE ( 'NONE', #2303, #3156, #1449, .T. ) ;
#1455 = LINE ( 'NONE', #693, #153 ) ;
#1456 = ORIENTED_EDGE ( 'NONE', *, *, #3499, .F. ) ;
#1457 = B_SPLINE_CURVE_WITH_KNOTS ( 'NONE', 3,
 ( #259, #294, #1616, #3518, #272, #2171, #832, #2708, #1127, #3026, #1690, #3332, #71, #1969, #47, #2472, #1144, #3037 ),
 .UNSPECIFIED., .F., .F.,
 ( 4, 2, 2, 2, 2, 2, 2, 2, 4 ),
 ( 0.005839814219284591816, 0.006204618851270726071, 0.006569423483256859458, 0.006934228115242993713, 0.007299032747229127101, 0.007663837379215261356, 0.008028642011201393008, 0.008393446643187526396, 0.008758251275173659783 ),
 .UNSPECIFIED. ) ;
#1458 = CARTESIAN_POINT ( 'NONE',  ( 14.74035945433120709, 4.115381821240415405, -7.168378044951356109 ) ) ;
#1459 = CARTESIAN_POINT ( 'NONE',  ( 12.90537606210286192, 5.000000000000000000, 0.0000000000000000000 ) ) ;
#1460 = CARTESIAN_POINT ( 'NONE',  ( 15.51153850091691133, 3.597873764552816489, -14.98315051578286727 ) ) ;
#1461 = CIRCLE ( 'NONE', #1499, 3.150000000000005240 ) ;
#1462 = CARTESIAN_POINT ( 'NONE',  ( 0.0000000000000000000, -14.50000000000000711, -21.50000000000000000 ) ) ;
#1463 = VERTEX_POINT ( 'NONE', #213 ) ;
#1464 = CARTESIAN_POINT ( 'NONE',  ( 15.89922950476127816, 6.449986972297629073, -18.00000000000000000 ) ) ;
#1465 = CARTESIAN_POINT ( 'NONE',  ( 28.89221941367370761, 6.224133902450842193, -6.353288313893408201 ) ) ;
#1466 = EDGE_LOOP ( 'NONE', ( #871, #1957, #2192, #2763 ) ) ;
#1467 = AXIS2_PLACEMENT_3D ( 'NONE', #1125, #303, #1401 ) ;
#1468 = ORIENTED_EDGE ( 'NONE', *, *, #996, .T. ) ;
#1469 = CARTESIAN_POINT ( 'NONE',  ( 14.44310690681061793, 5.190281121511171492, -7.270857956910102615 ) ) ;
#1470 = DIRECTION ( 'NONE',  ( -0.0000000000000000000, -1.000000000000000000, -0.0000000000000000000 ) ) ;
#1471 = ADVANCED_FACE ( 'NONE', ( #1278 ), #481, .T. ) ;
#1472 = EDGE_CURVE ( 'NONE', #1513, #2086, #217, .T. ) ;
#1473 = DIRECTION ( 'NONE',  ( -1.000000000000000000, 0.0000000000000000000, 0.0000000000000000000 ) ) ;
#1474 = ORIENTED_EDGE ( 'NONE', *, *, #1042, .T. ) ;
#1475 = CARTESIAN_POINT ( 'NONE',  ( 40.00104433360712619, 6.156851667145068596, -14.90190437961798509 ) ) ;
#1476 = AXIS2_PLACEMENT_3D ( 'NONE', #2576, #1470, #958 ) ;
#1477 = CARTESIAN_POINT ( 'NONE',  ( 39.09462393789713985, 5.000000000000000000, 0.0000000000000000000 ) ) ;
#1478 = ORIENTED_EDGE ( 'NONE', *, *, #3146, .F. ) ;
#1479 = CARTESIAN_POINT ( 'NONE',  ( 25.83825990183023791, 5.821951681136293466, -6.443294929547355387 ) ) ;
#1480 = EDGE_CURVE ( 'NONE', #2525, #3036, #2304, .T. ) ;
#1481 = ORIENTED_EDGE ( 'NONE', *, *, #2064, .F. ) ;
#1482 = B_SPLINE_CURVE_WITH_KNOTS ( 'NONE', 3,
 ( #97, #1698, #3327, #612, #2254 ),
 .UNSPECIFIED., .F., .F.,
 ( 4, 1, 4 ),
 ( 0.002280958940249481169, 0.002285560407482804725, 0.002290161874716128282 ),
 .UNSPECIFIED. ) ;
#1483 = CARTESIAN_POINT ( 'NONE',  ( 39.10691705258031448, 5.000000000000000000, -18.00000000000000000 ) ) ;
#1484 = PLANE ( 'NONE',  #1001 ) ;
#1485 = CARTESIAN_POINT ( 'NONE',  ( 25.89692574671385117, 4.068863318180867772, -6.422051998176115717 ) ) ;
#1486 = CIRCLE ( 'NONE', #1329, 3.149999999999998135 ) ;
#1487 = VERTEX_POINT ( 'NONE', #1559 ) ;
#1488 = DIRECTION ( 'NONE',  ( 1.000000000000000000, 0.0000000000000000000, 0.0000000000000000000 ) ) ;
#1489 = CYLINDRICAL_SURFACE ( 'NONE', #3469, 1.449999999999999956 ) ;
#1490 = ORIENTED_EDGE ( 'NONE', *, *, #1780, .F. ) ;
#1491 = ADVANCED_FACE ( 'NONE', ( #3221, #2596 ), #2125, .T. ) ;
#1492 = CARTESIAN_POINT ( 'NONE',  ( 0.0000000000000000000, 0.0000000000000000000, 0.0000000000000000000 ) ) ;
#1493 = CIRCLE ( 'NONE', #18, 4.849999999999996980 ) ;
#1494 = EDGE_CURVE ( 'NONE', #784, #1852, #1793, .T. ) ;
#1495 = FACE_BOUND ( 'NONE', #1965, .T. ) ;
#1496 = DIRECTION ( 'NONE',  ( 0.0000000000000000000, -1.000000000000000000, 0.0000000000000000000 ) ) ;
#1497 = EDGE_CURVE ( 'NONE', #2065, #181, #563, .T. ) ;
#1498 = LINE ( 'NONE', #1806, #2215 ) ;
#1499 = AXIS2_PLACEMENT_3D ( 'NONE', #3316, #1696, #2524 ) ;
#1500 = ORIENTED_EDGE ( 'NONE', *, *, #2363, .F. ) ;
#1501 = DIRECTION ( 'NONE',  ( 0.0000000000000000000, -1.000000000000000000, 0.0000000000000000000 ) ) ;
#1502 = VECTOR ( 'NONE', #11, 1000.000000000000000 ) ;
#1503 = CARTESIAN_POINT ( 'NONE',  ( 25.69959371795765790, 5.489199784624688050, -15.50454119004175979 ) ) ;
#1504 = EDGE_CURVE ( 'NONE', #2308, #3376, #3357, .T. ) ;
#1505 = VERTEX_POINT ( 'NONE', #2629 ) ;
#1506 = CARTESIAN_POINT ( 'NONE',  ( 8.750000000000000000, 4.099999999999997868, -16.00000000000000000 ) ) ;
#1507 = ADVANCED_FACE ( 'NONE', ( #3403 ), #1813, .F. ) ;
#1508 = EDGE_LOOP ( 'NONE', ( #717, #2357, #1066, #619 ) ) ;
#1509 = CARTESIAN_POINT ( 'NONE',  ( 14.45537606210286619, 5.000000000000000000, -22.00000000000000000 ) ) ;
#1510 = CARTESIAN_POINT ( 'NONE',  ( 49.00000000000000000, -18.00199999999999889, -7.939999999999997726 ) ) ;
#1511 = ORIENTED_EDGE ( 'NONE', *, *, #2196, .F. ) ;
#1512 = CARTESIAN_POINT ( 'NONE',  ( 26.10715697022005699, 6.223477452938054100, -15.64653204735307668 ) ) ;
#1513 = VERTEX_POINT ( 'NONE', #3144 ) ;
#1514 = DIRECTION ( 'NONE',  ( -0.0000000000000000000, -0.0000000000000000000, 1.000000000000000000 ) ) ;
#1515 = EDGE_CURVE ( 'NONE', #2960, #1642, #1073, .T. ) ;
#1516 = ORIENTED_EDGE ( 'NONE', *, *, #1601, .F. ) ;
#1517 = DIRECTION ( 'NONE',  ( 0.0000000000000000000, 0.0000000000000000000, 1.000000000000000000 ) ) ;
#1518 = CARTESIAN_POINT ( 'NONE',  ( 15.90537606210286725, 5.000000000000000000, -30.00000000000000000 ) ) ;
#1519 = ORIENTED_EDGE ( 'NONE', *, *, #1272, .F. ) ;
#1520 = EDGE_CURVE ( 'NONE', #1523, #2525, #3368, .T. ) ;
#1521 = DIRECTION ( 'NONE',  ( 0.0000000000000000000, -1.000000000000000000, 0.0000000000000000000 ) ) ;
#1522 = FACE_OUTER_BOUND ( 'NONE', #1861, .T. ) ;
#1523 = VERTEX_POINT ( 'NONE', #833 ) ;
#1524 = EDGE_CURVE ( 'NONE', #1463, #1347, #1757, .T. ) ;
#1525 = VECTOR ( 'NONE', #2924, 1000.000000000000114 ) ;
#1526 = CARTESIAN_POINT ( 'NONE',  ( 5.999999999999991118, -13.50000000000000000, -7.940000000000003944 ) ) ;
#1527 = EDGE_LOOP ( 'NONE', ( #1395, #3085 ) ) ;
#1528 = LINE ( 'NONE', #536, #2501 ) ;
#1529 = ORIENTED_EDGE ( 'NONE', *, *, #742, .T. ) ;
#1530 = LINE ( 'NONE', #157, #2175 ) ;
#1531 = VERTEX_POINT ( 'NONE', #282 ) ;
#1532 = CARTESIAN_POINT ( 'NONE',  ( 26.67622192538019377, 6.660944904727651661, -15.78088079204668226 ) ) ;
#1533 = DIRECTION ( 'NONE',  ( -0.0000000000000000000, -0.0000000000000000000, -1.000000000000000000 ) ) ;
#1534 = FACE_OUTER_BOUND ( 'NONE', #45, .T. ) ;
#1535 = ORIENTED_EDGE ( 'NONE', *, *, #1504, .T. ) ;
#1536 = EDGE_CURVE ( 'NONE', #1450, #3473, #2636, .T. ) ;
#1537 = LINE ( 'NONE', #783, #62 ) ;
#1538 = EDGE_CURVE ( 'NONE', #1326, #703, #480, .T. ) ;
#1539 = CARTESIAN_POINT ( 'NONE',  ( 29.10305612527886510, 4.068827606569914934, -15.57795472761994127 ) ) ;
#1540 = DIRECTION ( 'NONE',  ( 0.0000000000000000000, -1.000000000000000000, 0.0000000000000000000 ) ) ;
#1541 = AXIS2_PLACEMENT_3D ( 'NONE', #2581, #2033, #2012 ) ;
#1542 = VECTOR ( 'NONE', #1540, 1000.000000000000000 ) ;
#1543 =( LENGTH_UNIT ( ) NAMED_UNIT ( * ) SI_UNIT ( .MILLI., .METRE. ) );
#1544 = ORIENTED_EDGE ( 'NONE', *, *, #2609, .T. ) ;
#1545 = CARTESIAN_POINT ( 'NONE',  ( 16.63445042505808757, 3.732339754572369550, -14.93410599591883603 ) ) ;
#1546 = ORIENTED_EDGE ( 'NONE', *, *, #785, .T. ) ;
#1547 = DIRECTION ( 'NONE',  ( 0.0000000000000000000, 0.0000000000000000000, 1.000000000000000000 ) ) ;
#1548 = CARTESIAN_POINT ( 'NONE',  ( 17.35537606210353800, 4.999999999998893330, -7.278082080886949079 ) ) ;
#1549 = CARTESIAN_POINT ( 'NONE',  ( 54.50000000000000711, 10.00000000000000000, -0.5000000000000004441 ) ) ;
#1550 = ORIENTED_EDGE ( 'NONE', *, *, #1053, .T. ) ;
#1551 = PLANE ( 'NONE',  #2859 ) ;
#1552 = ORIENTED_EDGE ( 'NONE', *, *, #1497, .T. ) ;
#1553 = AXIS2_PLACEMENT_3D ( 'NONE', #1477, #655, #395 ) ;
#1554 = ORIENTED_EDGE ( 'NONE', *, *, #327, .T. ) ;
#1555 = DIRECTION ( 'NONE',  ( -0.7071067811865425767, -0.7071067811865525687, 0.0000000000000000000 ) ) ;
#1556 = PLANE ( 'NONE',  #418 ) ;
#1557 = ORIENTED_EDGE ( 'NONE', *, *, #1975, .F. ) ;
#1558 = DIRECTION ( 'NONE',  ( -0.0000000000000000000, -0.0000000000000000000, 1.000000000000000000 ) ) ;
#1559 = CARTESIAN_POINT ( 'NONE',  ( 0.5000000000000004441, -15.00000000000000000, -0.5000000000000004441 ) ) ;
#1560 = AXIS2_PLACEMENT_3D ( 'NONE', #1854, #229, #1316 ) ;
#1561 = FACE_OUTER_BOUND ( 'NONE', #1210, .T. ) ;
#1562 = ORIENTED_EDGE ( 'NONE', *, *, #942, .T. ) ;
#1563 = DIRECTION ( 'NONE',  ( -1.000000000000000000, 0.0000000000000000000, -0.0000000000000000000 ) ) ;
#1564 = CARTESIAN_POINT ( 'NONE',  ( 15.88999999999999702, 0.0000000000000000000, -11.00000000000000000 ) ) ;
#1565 = FACE_OUTER_BOUND ( 'NONE', #751, .T. ) ;
#1566 = EDGE_CURVE ( 'NONE', #3122, #72, #525, .T. ) ;
#1567 = ORIENTED_EDGE ( 'NONE', *, *, #587, .F. ) ;
#1568 = LINE ( 'NONE', #2465, #1400 ) ;
#1569 = DIRECTION ( 'NONE',  ( 0.0000000000000000000, -1.000000000000000000, 0.0000000000000000000 ) ) ;
#1570 = CARTESIAN_POINT ( 'NONE',  ( 39.10846214631784079, 3.550000007693111304, -7.000000000000000888 ) ) ;
#1571 = LINE ( 'NONE', #1087, #1702 ) ;
#1572 = CARTESIAN_POINT ( 'NONE',  ( 27.49999999999999645, 0.0000000000000000000, -6.150000000000001243 ) ) ;
#1573 = ORIENTED_EDGE ( 'NONE', *, *, #2135, .F. ) ;
#1574 = FACE_BOUND ( 'NONE', #1865, .T. ) ;
#1575 = AXIS2_PLACEMENT_3D ( 'NONE', #1277, #2392, #513 ) ;
#1576 = FACE_OUTER_BOUND ( 'NONE', #2743, .T. ) ;
#1577 = VERTEX_POINT ( 'NONE', #807 ) ;
#1578 = CARTESIAN_POINT ( 'NONE',  ( 16.09101844687723215, 3.549200026101191341, -14.99954682159943609 ) ) ;
#1579 = CARTESIAN_POINT ( 'NONE',  ( 15.79458290713568758, 6.449793849080724506, -14.99999999999999112 ) ) ;
#1580 = CIRCLE ( 'NONE', #1607, 1.449999999999999956 ) ;
#1581 = DIRECTION ( 'NONE',  ( -1.000000000000000000, 0.0000000000000000000, 0.0000000000000000000 ) ) ;
#1582 = CARTESIAN_POINT ( 'NONE',  ( 38.21110726973181926, 6.153609250344729276, -7.101483516025156817 ) ) ;
#1583 = VERTEX_POINT ( 'NONE', #2690 ) ;
#1584 = DIRECTION ( 'NONE',  ( 0.0000000000000000000, 0.0000000000000000000, -1.000000000000000000 ) ) ;
#1585 = CARTESIAN_POINT ( 'NONE',  ( 39.10999999999965127, 6.449996722563535734, -15.00000000000122213 ) ) ;
#1586 = AXIS2_PLACEMENT_3D ( 'NONE', #2793, #2534, #1175 ) ;
#1587 = CARTESIAN_POINT ( 'NONE',  ( 5.999999999999991118, -18.00000000000000000, -14.15000000000000213 ) ) ;
#1588 = ORIENTED_EDGE ( 'NONE', *, *, #664, .F. ) ;
#1589 = CARTESIAN_POINT ( 'NONE',  ( 16.79533216825728914, 3.839828307765774440, -14.89865190954758134 ) ) ;
#1590 = ORIENTED_EDGE ( 'NONE', *, *, #246, .T. ) ;
#1591 = CARTESIAN_POINT ( 'NONE',  ( 38.90771657249510440, 6.441070402114026372, -14.99598630480227790 ) ) ;
#1592 = CARTESIAN_POINT ( 'NONE',  ( 49.00000000000000711, -18.00000000000000000, -10.99999999999999822 ) ) ;
#1593 = VERTEX_POINT ( 'NONE', #560 ) ;
#1594 = CARTESIAN_POINT ( 'NONE',  ( 37.83012976231066204, 4.265481173480085708, -7.209488150181132760 ) ) ;
#1595 = DIRECTION ( 'NONE',  ( -0.0000000000000000000, 1.000000000000000000, -0.0000000000000000000 ) ) ;
#1596 = AXIS2_PLACEMENT_3D ( 'NONE', #855, #1963, #840 ) ;
#1597 = CARTESIAN_POINT ( 'NONE',  ( 0.4999999999999935052, 10.00000000000000000, 0.0000000000000000000 ) ) ;
#1598 = ORIENTED_EDGE ( 'NONE', *, *, #3328, .F. ) ;
#1599 = APPROVAL_STATUS ( 'not_yet_approved' ) ;
#1600 = CARTESIAN_POINT ( 'NONE',  ( 39.10077049523863479, 6.449986972297629961, -14.99998935201605832 ) ) ;
#1601 = EDGE_CURVE ( 'NONE', #1276, #2728, #3056, .T. ) ;
#1602 = ORIENTED_EDGE ( 'NONE', *, *, #2267, .F. ) ;
#1603 = CARTESIAN_POINT ( 'NONE',  ( 0.4999999999999935052, 10.00000000000000000, -22.00000000000000000 ) ) ;
#1604 = CYLINDRICAL_SURFACE ( 'NONE', #658, 1.850000000000000977 ) ;
#1605 = ORIENTED_EDGE ( 'NONE', *, *, #1849, .F. ) ;
#1606 = CARTESIAN_POINT ( 'NONE',  ( 0.2499999999999968081, 9.500000000000003553, -0.2500000000000002220 ) ) ;
#1607 = AXIS2_PLACEMENT_3D ( 'NONE', #257, #1371, #3270 ) ;
#1608 = CARTESIAN_POINT ( 'NONE',  ( 54.50000000000000711, -15.00000000000000000, -0.5000000000000004441 ) ) ;
#1609 = VECTOR ( 'NONE', #2782, 1000.000000000000000 ) ;
#1610 = ORIENTED_EDGE ( 'NONE', *, *, #1252, .T. ) ;
#1611 = CIRCLE ( 'NONE', #2015, 1.349999999999996980 ) ;
#1612 = EDGE_LOOP ( 'NONE', ( #1602, #1927 ) ) ;
#1613 = CARTESIAN_POINT ( 'NONE',  ( 25.64999999999999858, 5.000000000000000000, -15.48330235429197721 ) ) ;
#1614 = CYLINDRICAL_SURFACE ( 'NONE', #2261, 1.349999999999996980 ) ;
#1615 = ORIENTED_EDGE ( 'NONE', *, *, #2828, .T. ) ;
#1616 = CARTESIAN_POINT ( 'NONE',  ( 27.25538136653944221, 3.162170745546115214, -15.84531912826002120 ) ) ;
#1617 = DIRECTION ( 'NONE',  ( 0.0000000000000000000, -1.000000000000000000, 0.0000000000000000000 ) ) ;
#1618 = VECTOR ( 'NONE', #301, 1000.000000000000000 ) ;
#1619 = ORIENTED_EDGE ( 'NONE', *, *, #1480, .T. ) ;
#1620 = VECTOR ( 'NONE', #2468, 1000.000000000000000 ) ;
#1621 = DIRECTION ( 'NONE',  ( -0.0000000000000000000, -0.0000000000000000000, 1.000000000000000000 ) ) ;
#1622 = AXIS2_PLACEMENT_3D ( 'NONE', #400, #675, #646 ) ;
#1623 = FACE_OUTER_BOUND ( 'NONE', #2467, .T. ) ;
#1624 = CARTESIAN_POINT ( 'NONE',  ( 0.0000000000000000000, -14.50000000000000711, 0.0000000000000000000 ) ) ;
#1625 = DIRECTION ( 'NONE',  ( -0.0000000000000000000, 0.7071067811865536790, 0.7071067811865414665 ) ) ;
#1626 = ORIENTED_EDGE ( 'NONE', *, *, #1713, .T. ) ;
#1627 = DIRECTION ( 'NONE',  ( 0.0000000000000000000, 0.0000000000000000000, 1.000000000000000000 ) ) ;
#1628 = CARTESIAN_POINT ( 'NONE',  ( 38.36984625293769113, 3.740596056226884514, -7.068255965944080010 ) ) ;
#1629 = VERTEX_POINT ( 'NONE', #2958 ) ;
#1630 = EDGE_CURVE ( 'NONE', #2778, #2229, #2084, .T. ) ;
#1631 = ORIENTED_EDGE ( 'NONE', *, *, #2675, .F. ) ;
#1632 = DIRECTION ( 'NONE',  ( -1.000000000000000000, 0.0000000000000000000, 0.0000000000000000000 ) ) ;
#1633 = DIRECTION ( 'NONE',  ( -0.0000000000000000000, -0.0000000000000000000, 1.000000000000000000 ) ) ;
#1634 = DIRECTION ( 'NONE',  ( 0.7071067811865426878, 2.348192206748161519E-15, 0.7071067811865524577 ) ) ;
#1635 = ORIENTED_EDGE ( 'NONE', *, *, #1566, .F. ) ;
#1636 = EDGE_LOOP ( 'NONE', ( #2158, #2878, #733, #3323, #1619, #659, #692, #3282, #2669, #218, #2218, #1976, #2554, #119 ) ) ;
#1637 = CARTESIAN_POINT ( 'NONE',  ( 6.049999999999999822, 4.099999999999997868, -22.00000000000000000 ) ) ;
#1638 = DIRECTION ( 'NONE',  ( 0.0000000000000000000, 0.0000000000000000000, 1.000000000000000000 ) ) ;
#1639 = PERSON_AND_ORGANIZATION ( #1186, #1352 ) ;
#1640 = CARTESIAN_POINT ( 'NONE',  ( 15.89308294741969085, 5.000000000000000000, -2.749999999999999112 ) ) ;
#1641 = AXIS2_PLACEMENT_3D ( 'NONE', #599, #3252, #3033 ) ;
#1642 = VERTEX_POINT ( 'NONE', #3501 ) ;
#1643 = CARTESIAN_POINT ( 'NONE',  ( 5.999999999999991118, -13.50000000000000000, -11.00000000000000533 ) ) ;
#1644 = FACE_OUTER_BOUND ( 'NONE', #3416, .T. ) ;
#1645 = ADVANCED_FACE ( 'NONE', ( #950 ), #2993, .T. ) ;
#1646 = ORIENTED_EDGE ( 'NONE', *, *, #2432, .T. ) ;
#1647 = DIRECTION ( 'NONE',  ( 1.000000000000000000, 0.0000000000000000000, 0.0000000000000000000 ) ) ;
#1648 = EDGE_CURVE ( 'NONE', #1531, #3288, #1199, .T. ) ;
#1649 = LINE ( 'NONE', #1839, #935 ) ;
#1650 = DIRECTION ( 'NONE',  ( -0.0000000000000000000, 1.000000000000000000, -0.0000000000000000000 ) ) ;
#1651 = ORIENTED_EDGE ( 'NONE', *, *, #2856, .T. ) ;
#1652 = DIRECTION ( 'NONE',  ( -0.0000000000000000000, 1.000000000000000000, -0.0000000000000000000 ) ) ;
#1653 = CIRCLE ( 'NONE', #1350, 3.000000000000002665 ) ;
#1654 = DIRECTION ( 'NONE',  ( -0.0000000000000000000, -0.0000000000000000000, -1.000000000000000000 ) ) ;
#1655 = EDGE_LOOP ( 'NONE', ( #2017, #86, #190 ) ) ;
#1656 = AXIS2_PLACEMENT_3D ( 'NONE', #15, #1617, #1906 ) ;
#1657 = CARTESIAN_POINT ( 'NONE',  ( 14.48171473052450864, 5.382195624734245953, -7.255321236832823040 ) ) ;
#1658 = VECTOR ( 'NONE', #1338, 1000.000000000000000 ) ;
#1659 = EDGE_LOOP ( 'NONE', ( #624, #1888, #1224, #1240 ) ) ;
#1660 = CARTESIAN_POINT ( 'NONE',  ( 25.64999999999999858, 5.000000000000000000, -6.516697645708021902 ) ) ;
#1661 = EDGE_CURVE ( 'NONE', #1185, #776, #1748, .T. ) ;
#1662 = VECTOR ( 'NONE', #285, 1000.000000000000000 ) ;
#1663 = ORIENTED_EDGE ( 'NONE', *, *, #804, .T. ) ;
#1664 = CARTESIAN_POINT ( 'NONE',  ( 43.50000000000000000, -15.00000000000000000, -21.50000000000000000 ) ) ;
#1665 = FACE_OUTER_BOUND ( 'NONE', #3128, .T. ) ;
#1666 = ORIENTED_EDGE ( 'NONE', *, *, #1336, .F. ) ;
#1667 = ADVANCED_FACE ( 'NONE', ( #2382 ), #830, .F. ) ;
#1668 = CARTESIAN_POINT ( 'NONE',  ( 38.20624904440192182, 3.838352549311375483, -14.89906287213300295 ) ) ;
#1669 = CARTESIAN_POINT ( 'NONE',  ( 28.72414594947464650, 3.607746087647482280, -6.306203561662919732 ) ) ;
#1670 = CIRCLE ( 'NONE', #46, 3.999999999999999112 ) ;
#1671 = CARTESIAN_POINT ( 'NONE',  ( 6.049999999999999822, 4.099999999999997868, -16.00000000000000000 ) ) ;
#1672 = PLANE ( 'NONE',  #3193 ) ;
#1673 = ORIENTED_EDGE ( 'NONE', *, *, #1677, .F. ) ;
#1674 = CC_DESIGN_PERSON_AND_ORGANIZATION_ASSIGNMENT ( #3514, #2398, ( #3230 ) ) ;
#1675 = EDGE_CURVE ( 'NONE', #2850, #2315, #120, .T. ) ;
#1676 = CARTESIAN_POINT ( 'NONE',  ( 5.999999999999991118, -18.00199999999999889, -11.00000000000000533 ) ) ;
#1677 = EDGE_CURVE ( 'NONE', #1365, #1299, #2030, .T. ) ;
#1678 = ORIENTED_EDGE ( 'NONE', *, *, #2991, .T. ) ;
#1679 = CARTESIAN_POINT ( 'NONE',  ( 49.00000000000000711, -13.50000000000000000, -10.99999999999999822 ) ) ;
#1680 = AXIS2_PLACEMENT_3D ( 'NONE', #1734, #1770, #152 ) ;
#1681 = CARTESIAN_POINT ( 'NONE',  ( 38.72049171172200488, 3.595854739224530139, -14.98209614596530059 ) ) ;
#1682 = ORIENTED_EDGE ( 'NONE', *, *, #737, .F. ) ;
#1683 = CARTESIAN_POINT ( 'NONE',  ( 39.49250991773719477, 6.410454481947891026, -7.014457264833326988 ) ) ;
#1684 = EDGE_CURVE ( 'NONE', #670, #2011, #1216, .T. ) ;
#1685 = ORIENTED_EDGE ( 'NONE', *, *, #2828, .F. ) ;
#1686 = DIRECTION ( 'NONE',  ( -1.734723475976807489E-15, 0.0000000000000000000, 1.000000000000000000 ) ) ;
#1687 = DIRECTION ( 'NONE',  ( 0.0000000000000000000, 0.0000000000000000000, -1.000000000000000000 ) ) ;
#1688 = ADVANCED_FACE ( 'NONE', ( #2550 ), #1172, .T. ) ;
#1689 = PERSON_AND_ORGANIZATION ( #1186, #1352 ) ;
#1690 = CARTESIAN_POINT ( 'NONE',  ( 26.02976186918123958, 3.870748656252733788, -15.62231859159032865 ) ) ;
#1691 = VERTEX_POINT ( 'NONE', #2201 ) ;
#1692 = CARTESIAN_POINT ( 'NONE',  ( 27.62354076641318912, 6.850000000000002309, -15.84999999999999964 ) ) ;
#1693 = LINE ( 'NONE', #591, #3166 ) ;
#1694 = ORIENTED_EDGE ( 'NONE', *, *, #2428, .F. ) ;
#1695 = DIRECTION ( 'NONE',  ( -1.000000000000000000, 0.0000000000000000000, 0.0000000000000000000 ) ) ;
#1696 = DIRECTION ( 'NONE',  ( 0.0000000000000000000, -1.000000000000000000, 0.0000000000000000000 ) ) ;
#1697 = VECTOR ( 'NONE', #3123, 1000.000000000000000 ) ;
#1698 = CARTESIAN_POINT ( 'NONE',  ( 15.89769170866117953, 6.449993491081653652, -7.000007099700385815 ) ) ;
#1699 = ORIENTED_EDGE ( 'NONE', *, *, #1381, .T. ) ;
#1700 = EDGE_CURVE ( 'NONE', #1429, #172, #3110, .T. ) ;
#1701 = CARTESIAN_POINT ( 'NONE',  ( 54.50000000000000711, 10.00000000000000000, 0.0000000000000000000 ) ) ;
#1702 = VECTOR ( 'NONE', #1633, 1000.000000000000000 ) ;
#1703 = ADVANCED_FACE ( 'NONE', ( #2804 ), #2816, .T. ) ;
#1704 = CARTESIAN_POINT ( 'NONE',  ( 37.68340323373600143, 4.616460402830480092, -14.73776505349338528 ) ) ;
#1705 = DIRECTION ( 'NONE',  ( -1.000000000000000000, 0.0000000000000000000, 0.0000000000000000000 ) ) ;
#1706 = EDGE_CURVE ( 'NONE', #2434, #2560, #1028, .T. ) ;
#1707 = VECTOR ( 'NONE', #773, 1000.000000000000114 ) ;
#1708 = VERTEX_POINT ( 'NONE', #1198 ) ;
#1709 = B_SPLINE_CURVE_WITH_KNOTS ( 'NONE', 3,
 ( #1005, #1578, #1870, #1545, #1589, #196, #1834, #2671, #233, #207, #2944, #244 ),
 .UNSPECIFIED., .F., .F.,
 ( 4, 2, 2, 2, 2, 4 ),
 ( 0.006850826717223188790, 0.007424109284259174275, 0.007997391851295158893, 0.008284033134813149901, 0.008570674418331139174, 0.009143956985367121190 ),
 .UNSPECIFIED. ) ;
#1710 = FACE_BOUND ( 'NONE', #2416, .T. ) ;
#1711 = CARTESIAN_POINT ( 'NONE',  ( 0.4999999999999935052, 10.00000000000000000, -21.50000000000000355 ) ) ;
#1712 = DIRECTION ( 'NONE',  ( -0.7071067811865426878, -0.7071067811865524577, -9.185433182841617365E-17 ) ) ;
#1713 = EDGE_CURVE ( 'NONE', #1312, #2960, #353, .T. ) ;
#1714 = FACE_OUTER_BOUND ( 'NONE', #1129, .T. ) ;
#1715 = PLANE ( 'NONE',  #2297 ) ;
#1716 = CIRCLE ( 'NONE', #2767, 1.449999999999999956 ) ;
#1717 = AXIS2_PLACEMENT_3D ( 'NONE', #962, #705, #2844 ) ;
#1718 = DIRECTION ( 'NONE',  ( 0.7071067811865524577, -0.7071067811865425767, 0.0000000000000000000 ) ) ;
#1719 = CARTESIAN_POINT ( 'NONE',  ( 15.15796323184167704, 3.735762665739426946, -7.063563042729692931 ) ) ;
#1720 = DIRECTION ( 'NONE',  ( 0.0000000000000000000, -0.0000000000000000000, 1.000000000000000000 ) ) ;
#1721 = CARTESIAN_POINT ( 'NONE',  ( 0.4999999999999935052, 10.00000000000000000, -0.5000000000000004441 ) ) ;
#1722 = ADVANCED_FACE ( 'NONE', ( #1239 ), #103, .F. ) ;
#1723 = EDGE_CURVE ( 'NONE', #1250, #1487, #1876, .T. ) ;
#1724 = ORIENTED_EDGE ( 'NONE', *, *, #1962, .F. ) ;
#1725 = CARTESIAN_POINT ( 'NONE',  ( 15.89922950476127816, 6.449986972297629073, -2.749999999999999112 ) ) ;
#1726 = EDGE_CURVE ( 'NONE', #1826, #3199, #743, .T. ) ;
#1727 = ORIENTED_EDGE ( 'NONE', *, *, #208, .F. ) ;
#1728 = AXIS2_PLACEMENT_3D ( 'NONE', #2085, #2358, #749 ) ;
#1729 = CARTESIAN_POINT ( 'NONE',  ( 0.0000000000000000000, 0.0000000000000000000, -0.5000000000000004441 ) ) ;
#1730 = ORIENTED_EDGE ( 'NONE', *, *, #851, .T. ) ;
#1731 = EDGE_LOOP ( 'NONE', ( #1960, #3480, #1727 ) ) ;
#1732 = EDGE_CURVE ( 'NONE', #2380, #3122, #651, .T. ) ;
#1733 = CARTESIAN_POINT ( 'NONE',  ( 0.0000000000000000000, -14.50000000000000711, -0.5000000000000004441 ) ) ;
#1734 = CARTESIAN_POINT ( 'NONE',  ( 39.09462393789713985, 5.000000000000000000, -18.00000000000000000 ) ) ;
#1735 = VERTEX_POINT ( 'NONE', #905 ) ;
#1736 = CYLINDRICAL_SURFACE ( 'NONE', #1201, 1.449999999999999956 ) ;
#1737 = CARTESIAN_POINT ( 'NONE',  ( 17.35537606210286654, 5.000000000000000000, -22.00000000000000000 ) ) ;
#1738 = ORIENTED_EDGE ( 'NONE', *, *, #1472, .F. ) ;
#1739 = ADVANCED_FACE ( 'NONE', ( #1113 ), #3095, .F. ) ;
#1740 = CARTESIAN_POINT ( 'NONE',  ( 28.63864777123856342, 6.477530399285001295, -6.282288816439516310 ) ) ;
#1741 = CIRCLE ( 'NONE', #3094, 1.350000000000000089 ) ;
#1742 = CARTESIAN_POINT ( 'NONE',  ( 29.35000000000000497, 4.752943578648562983, -6.516697645708026343 ) ) ;
#1743 = ORIENTED_EDGE ( 'NONE', *, *, #716, .T. ) ;
#1744 = LINE ( 'NONE', #1804, #1697 ) ;
#1745 = ORIENTED_EDGE ( 'NONE', *, *, #1630, .F. ) ;
#1746 = CARTESIAN_POINT ( 'NONE',  ( 11.99999999999999645, -14.50000000000000533, -21.50000000000000000 ) ) ;
#1747 = CARTESIAN_POINT ( 'NONE',  ( 49.00000000000000711, -13.50000000000000000, -10.99999999999999822 ) ) ;
#1748 = CIRCLE ( 'NONE', #873, 3.060000000000001830 ) ;
#1749 = ORIENTED_EDGE ( 'NONE', *, *, #917, .F. ) ;
#1750 = AXIS2_PLACEMENT_3D ( 'NONE', #2563, #1496, #3382 ) ;
#1751 = LINE ( 'NONE', #53, #2846 ) ;
#1752 = ORIENTED_EDGE ( 'NONE', *, *, #1538, .T. ) ;
#1753 = DIRECTION ( 'NONE',  ( 0.0000000000000000000, 0.0000000000000000000, 1.000000000000000000 ) ) ;
#1754 = EDGE_CURVE ( 'NONE', #251, #110, #397, .T. ) ;
#1755 = CYLINDRICAL_SURFACE ( 'NONE', #2703, 1.149999999999999911 ) ;
#1756 = ORIENTED_EDGE ( 'NONE', *, *, #3314, .T. ) ;
#1757 = B_SPLINE_CURVE_WITH_KNOTS ( 'NONE', 3,
 ( #819, #2949, #249, #1045, #1349, #1582, #2678, #273, #1886, #2982, #2934, #3246, #1324, #2702, #1081, #1594, #3236, #2, #237, #1628, #2149, #3203, #3487, #2137, #1313, #261 ),
 .UNSPECIFIED., .F., .F.,
 ( 4, 2, 2, 2, 2, 2, 2, 2, 2, 2, 2, 2, 4 ),
 ( 0.004549650517915508792, 0.005122844528554678853, 0.005409441533874253909, 0.005696038539193828965, 0.006269232549832977341, 0.006555829555152547193, 0.006842426560472117045, 0.007415620571111260217, 0.007988814581750403390, 0.008275411587069974109, 0.008562008592389546563, 0.008848605597709117282, 0.009135202603028688001 ),
 .UNSPECIFIED. ) ;
#1758 = CARTESIAN_POINT ( 'NONE',  ( 15.88999999999977852, 3.550003277437717042, -6.999999999999230837 ) ) ;
#1759 = PLANE ( 'NONE',  #2492 ) ;
#1760 = CARTESIAN_POINT ( 'NONE',  ( 39.10999999999999943, 2.000000000000000000, -11.00000000000000000 ) ) ;
#1761 = FACE_OUTER_BOUND ( 'NONE', #2822, .T. ) ;
#1762 = ADVANCED_FACE ( 'NONE', ( #1364 ), #1614, .F. ) ;
#1763 = EDGE_LOOP ( 'NONE', ( #2529, #3178, #600, #3057, #3194 ) ) ;
#1764 = DIRECTION ( 'NONE',  ( 0.0000000000000000000, 1.000000000000000000, 0.0000000000000000000 ) ) ;
#1765 = ORIENTED_EDGE ( 'NONE', *, *, #672, .F. ) ;
#1766 = AXIS2_PLACEMENT_3D ( 'NONE', #1394, #893, #1160 ) ;
#1767 = DIRECTION ( 'NONE',  ( 1.000000000000000000, 0.0000000000000000000, 0.0000000000000000000 ) ) ;
#1768 = ORIENTED_EDGE ( 'NONE', *, *, #3339, .T. ) ;
#1769 = DIRECTION ( 'NONE',  ( 0.0000000000000000000, 0.0000000000000000000, -1.000000000000000000 ) ) ;
#1770 = DIRECTION ( 'NONE',  ( -0.0000000000000000000, -0.0000000000000000000, -1.000000000000000000 ) ) ;
#1771 = EDGE_CURVE ( 'NONE', #1941, #1513, #2343, .T. ) ;
#1772 = CARTESIAN_POINT ( 'NONE',  ( 0.0000000000000000000, -15.00000000000000000, 0.0000000000000000000 ) ) ;
#1773 = ORIENTED_EDGE ( 'NONE', *, *, #3163, .T. ) ;
#1774 = CARTESIAN_POINT ( 'NONE',  ( 40.19995916360443289, 5.957379907425011112, -14.84924583129066633 ) ) ;
#1775 = AXIS2_PLACEMENT_3D ( 'NONE', #2252, #921, #107 ) ;
#1776 = ADVANCED_FACE ( 'NONE', ( #2718, #2887 ), #3399, .F. ) ;
#1777 = CARTESIAN_POINT ( 'NONE',  ( 27.49999999999999645, 0.0000000000000000000, -11.00000000000000000 ) ) ;
#1778 = ORIENTED_EDGE ( 'NONE', *, *, #3496, .T. ) ;
#1779 = COORDINATED_UNIVERSAL_TIME_OFFSET ( 0, 0, .AHEAD. ) ;
#1780 = EDGE_CURVE ( 'NONE', #1941, #284, #91, .T. ) ;
#1781 = CARTESIAN_POINT ( 'NONE',  ( 15.89153865067356008, 6.449999994001435866, -14.99999999999999822 ) ) ;
#1782 = CIRCLE ( 'NONE', #2893, 4.849999999999996980 ) ;
#1783 = DIRECTION ( 'NONE',  ( 0.0000000000000000000, 0.0000000000000000000, -1.000000000000000000 ) ) ;
#1784 = ORIENTED_EDGE ( 'NONE', *, *, #32, .F. ) ;
#1785 = DIRECTION ( 'NONE',  ( 1.000000000000000000, 0.0000000000000000000, -0.0000000000000000000 ) ) ;
#1786 = LINE ( 'NONE', #2774, #2126 ) ;
#1787 = AXIS2_PLACEMENT_3D ( 'NONE', #3223, #1654, #2213 ) ;
#1788 = DIRECTION ( 'NONE',  ( 1.000000000000000000, 0.0000000000000000000, 0.0000000000000000000 ) ) ;
#1789 = DIRECTION ( 'NONE',  ( 0.0000000000000000000, 1.000000000000000000, 0.0000000000000000000 ) ) ;
#1790 = CIRCLE ( 'NONE', #928, 1.449999999999999956 ) ;
#1791 = EDGE_LOOP ( 'NONE', ( #1003, #3430, #427, #1905, #2784, #1291, #2791, #235, #520, #849, #544, #1055, #2917 ) ) ;
#1792 = EDGE_CURVE ( 'NONE', #2072, #1295, #2974, .T. ) ;
#1793 = CIRCLE ( 'NONE', #2449, 1.350000000000000089 ) ;
#1794 = CARTESIAN_POINT ( 'NONE',  ( 15.89461555193301479, 6.450001637849029024, -14.99999822441632169 ) ) ;
#1795 = ORIENTED_EDGE ( 'NONE', *, *, #2648, .T. ) ;
#1796 = FACE_OUTER_BOUND ( 'NONE', #2439, .T. ) ;
#1797 = AXIS2_PLACEMENT_3D ( 'NONE', #2577, #2041, #426 ) ;
#1798 = CARTESIAN_POINT ( 'NONE',  ( 54.50000000000000711, -15.00000000000000000, 0.0000000000000000000 ) ) ;
#1799 = CIRCLE ( 'NONE', #2162, 1.149999999999996581 ) ;
#1800 = CARTESIAN_POINT ( 'NONE',  ( 40.51009700937619584, 4.622371203112337845, -14.74701554675463910 ) ) ;
#1801 = DIRECTION ( 'NONE',  ( 1.000000000000000000, 0.0000000000000000000, 0.0000000000000000000 ) ) ;
#1802 = CYLINDRICAL_SURFACE ( 'NONE', #344, 3.999999999999999112 ) ;
#1803 = ORIENTED_EDGE ( 'NONE', *, *, #2741, .F. ) ;
#1804 = CARTESIAN_POINT ( 'NONE',  ( 11.49999999999999645, -15.00000000000000000, -0.5000000000000004441 ) ) ;
#1805 = CARTESIAN_POINT ( 'NONE',  ( 49.00000000000000711, -13.50000000000000000, -14.15000000000000213 ) ) ;
#1806 = CARTESIAN_POINT ( 'NONE',  ( 25.64999999999999858, 5.000000000000000000, -27.00000000000000355 ) ) ;
#1807 = ORIENTED_EDGE ( 'NONE', *, *, #3355, .F. ) ;
#1808 = CARTESIAN_POINT ( 'NONE',  ( 26.03116454074254804, 6.131167282954475439, -15.62277351836737616 ) ) ;
#1809 = AXIS2_PLACEMENT_3D ( 'NONE', #1733, #2193, #1187 ) ;
#1810 = DIRECTION ( 'NONE',  ( -0.0000000000000000000, 1.000000000000000000, 0.0000000000000000000 ) ) ;
#1811 = EDGE_LOOP ( 'NONE', ( #3478, #1588 ) ) ;
#1812 = ORIENTED_EDGE ( 'NONE', *, *, #534, .T. ) ;
#1813 = PLANE ( 'NONE',  #1294 ) ;
#1814 = AXIS2_PLACEMENT_3D ( 'NONE', #2717, #847, #857 ) ;
#1815 = VERTEX_POINT ( 'NONE', #422 ) ;
#1816 = DIRECTION ( 'NONE',  ( 0.0000000000000000000, -1.000000000000000000, 0.0000000000000000000 ) ) ;
#1817 = DIRECTION ( 'NONE',  ( 0.7071067811865524577, 0.0000000000000000000, 0.7071067811865425767 ) ) ;
#1818 = EDGE_CURVE ( 'NONE', #3363, #2303, #906, .T. ) ;
#1819 =( NAMED_UNIT ( * ) SI_UNIT ( $, .STERADIAN. ) SOLID_ANGLE_UNIT ( ) );
#1820 = VECTOR ( 'NONE', #2847, 1000.000000000000000 ) ;
#1821 = DIRECTION ( 'NONE',  ( 1.000000000000000000, 0.0000000000000000000, 0.0000000000000000000 ) ) ;
#1822 = ORIENTED_EDGE ( 'NONE', *, *, #502, .T. ) ;
#1823 = CARTESIAN_POINT ( 'NONE',  ( 14.63548279529586083, 4.272129432777525437, -14.79857795915617302 ) ) ;
#1824 = VECTOR ( 'NONE', #3155, 1000.000000000000000 ) ;
#1825 = CARTESIAN_POINT ( 'NONE',  ( 55.00000000000000000, 9.500000000000000000, -21.50000000000000000 ) ) ;
#1826 = VERTEX_POINT ( 'NONE', #456 ) ;
#1827 = CARTESIAN_POINT ( 'NONE',  ( 16.27865369348999280, 3.595624250523371757, -7.017819067903618091 ) ) ;
#1828 = CARTESIAN_POINT ( 'NONE',  ( 16.99999999999995381, -4.999999999999952038, -16.49999999999997158 ) ) ;
#1829 = LINE ( 'NONE', #2057, #2632 ) ;
#1830 = CARTESIAN_POINT ( 'NONE',  ( 11.50000000000000000, -14.75000000000000355, -21.75000000000000000 ) ) ;
#1831 = AXIS2_PLACEMENT_3D ( 'NONE', #2079, #1251, #1767 ) ;
#1832 = CIRCLE ( 'NONE', #333, 1.449999999999999956 ) ;
#1833 = ORIENTED_EDGE ( 'NONE', *, *, #223, .T. ) ;
#1834 = CARTESIAN_POINT ( 'NONE',  ( 17.05662065588723308, 4.113421057894166566, -14.82649194428561579 ) ) ;
#1835 = CARTESIAN_POINT ( 'NONE',  ( 42.09462393789713985, 5.000000000000000000, -2.750000000000000000 ) ) ;
#1836 = LINE ( 'NONE', #1993, #2976 ) ;
#1837 = ORIENTED_EDGE ( 'NONE', *, *, #961, .F. ) ;
#1838 = EDGE_CURVE ( 'NONE', #6, #3293, #176, .T. ) ;
#1839 = CARTESIAN_POINT ( 'NONE',  ( 0.0000000000000000000, -14.50000000000000711, -0.5000000000000004441 ) ) ;
#1840 = CARTESIAN_POINT ( 'NONE',  ( 0.0000000000000000000, -15.00000000000000000, 0.0000000000000000000 ) ) ;
#1841 = VECTOR ( 'NONE', #2656, 1000.000000000000000 ) ;
#1842 = VERTEX_POINT ( 'NONE', #3386 ) ;
#1843 = CARTESIAN_POINT ( 'NONE',  ( 39.10691705258031448, 5.000000000000000000, -18.00000000000000000 ) ) ;
#1844 = CARTESIAN_POINT ( 'NONE',  ( 0.4999999999999935052, 9.500000000000000000, -22.00000000000000000 ) ) ;
#1845 = CIRCLE ( 'NONE', #667, 1.449999999999999956 ) ;
#1846 = DIRECTION ( 'NONE',  ( -0.0000000000000000000, -0.0000000000000000000, 1.000000000000000000 ) ) ;
#1847 = ORIENTED_EDGE ( 'NONE', *, *, #3262, .F. ) ;
#1848 = CARTESIAN_POINT ( 'NONE',  ( 54.50000000000000711, -15.00000000000000000, -21.50000000000000000 ) ) ;
#1849 = EDGE_CURVE ( 'NONE', #2164, #72, #1530, .T. ) ;
#1850 = EDGE_LOOP ( 'NONE', ( #2394, #2768, #1663, #1977, #611, #66, #3301, #1279, #2397, #2996, #1743, #2311, #925, #2686 ) ) ;
#1851 = DIRECTION ( 'NONE',  ( 0.0000000000000000000, 0.0000000000000000000, 1.000000000000000000 ) ) ;
#1852 = VERTEX_POINT ( 'NONE', #1232 ) ;
#1853 = ORIENTED_EDGE ( 'NONE', *, *, #138, .F. ) ;
#1854 = CARTESIAN_POINT ( 'NONE',  ( 27.50000000000000000, 5.000000000000000000, 0.0000000000000000000 ) ) ;
#1855 = CARTESIAN_POINT ( 'NONE',  ( 17.16947671377880624, 5.735370881934318099, -14.79065108466962464 ) ) ;
#1856 = ORIENTED_EDGE ( 'NONE', *, *, #2082, .F. ) ;
#1857 = SECURITY_CLASSIFICATION ( '', '', #2117 ) ;
#1858 = CARTESIAN_POINT ( 'NONE',  ( 5.999999999999991118, -18.00000000000000000, -11.00000000000000533 ) ) ;
#1859 = EDGE_CURVE ( 'NONE', #1297, #3293, #1832, .T. ) ;
#1860 = EDGE_CURVE ( 'NONE', #3199, #1826, #3096, .T. ) ;
#1861 = EDGE_LOOP ( 'NONE', ( #1351, #963, #2212, #1765, #2372, #1490 ) ) ;
#1862 = DIRECTION ( 'NONE',  ( 1.000000000000000000, 0.0000000000000000000, 0.0000000000000000000 ) ) ;
#1863 = APPROVAL_DATE_TIME ( #2786, #713 ) ;
#1864 = DIRECTION ( 'NONE',  ( -0.0000000000000000000, -0.0000000000000000000, 1.000000000000000000 ) ) ;
#1865 = EDGE_LOOP ( 'NONE', ( #3383, #2226 ) ) ;
#1866 = CARTESIAN_POINT ( 'NONE',  ( 17.35537606210287365, 5.097025226860154135, -14.72191791911319569 ) ) ;
#1867 = VECTOR ( 'NONE', #916, 999.9999999999998863 ) ;
#1868 = ORIENTED_EDGE ( 'NONE', *, *, #2107, .T. ) ;
#1869 = APPLICATION_CONTEXT ( 'configuration controlled 3d designs of mechanical parts and assemblies' ) ;
#1870 = CARTESIAN_POINT ( 'NONE',  ( 16.28367428750778600, 3.587412878010106443, -14.98452217685495036 ) ) ;
#1871 = VECTOR ( 'NONE', #2823, 1000.000000000000000 ) ;
#1872 = CARTESIAN_POINT ( 'NONE',  ( 29.35000000000000142, 5.000000000000000000, 0.0000000000000000000 ) ) ;
#1873 = LINE ( 'NONE', #2488, #2045 ) ;
#1874 = CARTESIAN_POINT ( 'NONE',  ( 0.5000000000000004441, -15.00000000000000000, -21.50000000000000000 ) ) ;
#1875 = ORIENTED_EDGE ( 'NONE', *, *, #1063, .T. ) ;
#1876 = LINE ( 'NONE', #1432, #264 ) ;
#1877 = ORIENTED_EDGE ( 'NONE', *, *, #2145, .T. ) ;
#1878 = CARTESIAN_POINT ( 'NONE',  ( 15.88999999999999702, 0.0000000000000000000, -11.00000000000000000 ) ) ;
#1879 = LINE ( 'NONE', #3511, #355 ) ;
#1880 = ORIENTED_EDGE ( 'NONE', *, *, #2269, .T. ) ;
#1881 = DIRECTION ( 'NONE',  ( -0.0000000000000000000, -0.0000000000000000000, 1.000000000000000000 ) ) ;
#1882 = CARTESIAN_POINT ( 'NONE',  ( 38.00364506373892226, 5.959777972810443636, -14.84457622478449679 ) ) ;
#1883 = LINE ( 'NONE', #1346, #1620 ) ;
#1884 = EDGE_CURVE ( 'NONE', #3156, #2591, #350, .T. ) ;
#1885 = ADVANCED_FACE ( 'NONE', ( #1318 ), #1275, .F. ) ;
#1886 = CARTESIAN_POINT ( 'NONE',  ( 37.83018995627417524, 5.735036760323932725, -7.209457187532932743 ) ) ;
#1887 = EDGE_CURVE ( 'NONE', #2053, #988, #644, .T. ) ;
#1888 = ORIENTED_EDGE ( 'NONE', *, *, #814, .T. ) ;
#1889 = CARTESIAN_POINT ( 'NONE',  ( 0.4999999999999935052, 10.00000000000000000, -0.5000000000000004441 ) ) ;
#1890 = ORIENTED_EDGE ( 'NONE', *, *, #2630, .F. ) ;
#1891 = CARTESIAN_POINT ( 'NONE',  ( 39.10999999999999943, 2.000000000000000000, -15.00000000000000000 ) ) ;
#1892 = CARTESIAN_POINT ( 'NONE',  ( 54.50000000000000711, -15.00000000000000000, -21.50000000000000000 ) ) ;
#1893 = ORIENTED_EDGE ( 'NONE', *, *, #781, .F. ) ;
#1894 = CARTESIAN_POINT ( 'NONE',  ( 15.89922950476127816, 3.550013027702370483, -7.000010647983939904 ) ) ;
#1895 = UNCERTAINTY_MEASURE_WITH_UNIT (LENGTH_MEASURE( 1.000000000000000082E-05 ), #1543, 'distance_accuracy_value', 'NONE');
#1896 = CARTESIAN_POINT ( 'NONE',  ( 5.999999999999991118, -13.50000000000000000, -11.00000000000000533 ) ) ;
#1897 = ORIENTED_EDGE ( 'NONE', *, *, #1838, .T. ) ;
#1898 = COORDINATED_UNIVERSAL_TIME_OFFSET ( 0, 0, .AHEAD. ) ;
#1899 = DIRECTION ( 'NONE',  ( 0.0000000000000000000, -1.000000000000000000, 0.0000000000000000000 ) ) ;
#1900 = EDGE_CURVE ( 'NONE', #2081, #3473, #3307, .T. ) ;
#1901 = ORIENTED_EDGE ( 'NONE', *, *, #1244, .T. ) ;
#1902 = CARTESIAN_POINT ( 'NONE',  ( 37.64462393789714412, 5.190954681384520875, -14.72191791911319747 ) ) ;
#1903 = EDGE_CURVE ( 'NONE', #3288, #1531, #1611, .T. ) ;
#1904 = LINE ( 'NONE', #409, #3002 ) ;
#1905 = ORIENTED_EDGE ( 'NONE', *, *, #3314, .F. ) ;
#1906 = DIRECTION ( 'NONE',  ( 0.0000000000000000000, 0.0000000000000000000, -1.000000000000000000 ) ) ;
#1907 = AXIS2_PLACEMENT_3D ( 'NONE', #1840, #1264, #3453 ) ;
#1908 = DIRECTION ( 'NONE',  ( 0.7071067811865524577, 0.7071067811865425767, 0.0000000000000000000 ) ) ;
#1909 = CIRCLE ( 'NONE', #2062, 1.850000000000000977 ) ;
#1910 = ORIENTED_EDGE ( 'NONE', *, *, #851, .F. ) ;
#1911 = DIRECTION ( 'NONE',  ( 0.0000000000000000000, -1.000000000000000000, 0.0000000000000000000 ) ) ;
#1912 = EDGE_CURVE ( 'NONE', #3467, #1253, #786, .T. ) ;
#1913 = LINE ( 'NONE', #764, #477 ) ;
#1914 = CARTESIAN_POINT ( 'NONE',  ( 11.99999999999999645, -14.50000000000000533, -22.00000000000000000 ) ) ;
#1915 = ORIENTED_EDGE ( 'NONE', *, *, #1018, .F. ) ;
#1916 = DIRECTION ( 'NONE',  ( -0.0000000000000000000, -1.000000000000000000, -0.0000000000000000000 ) ) ;
#1917 = DIRECTION ( 'NONE',  ( -0.0000000000000000000, -0.0000000000000000000, 1.000000000000000000 ) ) ;
#1918 = VECTOR ( 'NONE', #797, 1000.000000000000000 ) ;
#1919 = ORIENTED_EDGE ( 'NONE', *, *, #571, .F. ) ;
#1920 = DIRECTION ( 'NONE',  ( -1.000000000000000000, 0.0000000000000000000, 0.0000000000000000000 ) ) ;
#1921 = CARTESIAN_POINT ( 'NONE',  ( 27.49999999999999645, 6.850000000000001421, -15.84999999999999964 ) ) ;
#1922 = VECTOR ( 'NONE', #2031, 1000.000000000000000 ) ;
#1923 = ORIENTED_EDGE ( 'NONE', *, *, #1818, .T. ) ;
#1924 = LINE ( 'NONE', #170, #313 ) ;
#1925 = DIRECTION ( 'NONE',  ( 0.0000000000000000000, 0.0000000000000000000, 1.000000000000000000 ) ) ;
#1926 = PLANE ( 'NONE',  #718 ) ;
#1927 = ORIENTED_EDGE ( 'NONE', *, *, #2157, .F. ) ;
#1928 = FACE_OUTER_BOUND ( 'NONE', #258, .T. ) ;
#1929 = DIRECTION ( 'NONE',  ( 0.0000000000000000000, 1.000000000000000000, 0.0000000000000000000 ) ) ;
#1930 = AXIS2_PLACEMENT_3D ( 'NONE', #270, #842, #2433 ) ;
#1931 = ORIENTED_EDGE ( 'NONE', *, *, #2334, .T. ) ;
#1932 = CARTESIAN_POINT ( 'NONE',  ( 39.10999999999965127, 6.449996722563535734, -15.00000000000122213 ) ) ;
#1933 = CARTESIAN_POINT ( 'NONE',  ( 40.00060111637700544, 6.157105644653461773, -7.098005224911019262 ) ) ;
#1934 = ORIENTED_EDGE ( 'NONE', *, *, #3328, .T. ) ;
#1935 = EDGE_CURVE ( 'NONE', #776, #1185, #3486, .T. ) ;
#1936 = CARTESIAN_POINT ( 'NONE',  ( 43.00000000000000000, -15.00000000000000000, -0.5000000000000004441 ) ) ;
#1937 = CARTESIAN_POINT ( 'NONE',  ( 11.99999999999999645, -14.50000000000000533, -11.93161150701353534 ) ) ;
#1938 = ADVANCED_FACE ( 'NONE', ( #2419 ), #1446, .F. ) ;
#1939 = ORIENTED_EDGE ( 'NONE', *, *, #3424, .T. ) ;
#1940 = DIRECTION ( 'NONE',  ( -0.0000000000000000000, 1.000000000000000000, -0.0000000000000000000 ) ) ;
#1941 = VERTEX_POINT ( 'NONE', #2119 ) ;
#1942 = CARTESIAN_POINT ( 'NONE',  ( 38.62961405355414968, 3.623274721813699362, -14.97204869960775042 ) ) ;
#1943 = CARTESIAN_POINT ( 'NONE',  ( 47.59999999999998721, 4.099999999999997868, -22.00000000000000000 ) ) ;
#1944 = ORIENTED_EDGE ( 'NONE', *, *, #888, .F. ) ;
#1945 = CARTESIAN_POINT ( 'NONE',  ( 6.049999999999999822, 4.099999999999997868, -16.00000000000000000 ) ) ;
#1946 = DIRECTION ( 'NONE',  ( 0.0000000000000000000, 0.0000000000000000000, 1.000000000000000000 ) ) ;
#1947 = LOCAL_TIME ( 16, 49, 34.00000000000000000, #774 ) ;
#1948 = ORIENTED_EDGE ( 'NONE', *, *, #1156, .F. ) ;
#1949 = EDGE_CURVE ( 'NONE', #354, #784, #440, .T. ) ;
#1950 = CYLINDRICAL_SURFACE ( 'NONE', #2485, 1.850000000000000977 ) ;
#1951 = DIRECTION ( 'NONE',  ( 0.0000000000000000000, 0.0000000000000000000, 1.000000000000000000 ) ) ;
#1952 = ORIENTED_EDGE ( 'NONE', *, *, #221, .T. ) ;
#1953 = ADVANCED_FACE ( 'NONE', ( #864 ), #2916, .F. ) ;
#1954 = DIRECTION ( 'NONE',  ( 0.0000000000000000000, -0.0000000000000000000, -1.000000000000000000 ) ) ;
#1955 = FACE_OUTER_BOUND ( 'NONE', #494, .T. ) ;
#1956 = CARTESIAN_POINT ( 'NONE',  ( 29.25406497889558111, 5.600201671860107311, -15.52196867125121216 ) ) ;
#1957 = ORIENTED_EDGE ( 'NONE', *, *, #201, .F. ) ;
#1958 = AXIS2_PLACEMENT_3D ( 'NONE', #1896, #1911, #596 ) ;
#1959 = VECTOR ( 'NONE', #2999, 1000.000000000000000 ) ;
#1960 = ORIENTED_EDGE ( 'NONE', *, *, #1912, .T. ) ;
#1961 = CARTESIAN_POINT ( 'NONE',  ( 0.5000000000000004441, -15.00000000000000000, -21.50000000000000000 ) ) ;
#1962 = EDGE_CURVE ( 'NONE', #181, #3198, #88, .T. ) ;
#1963 = DIRECTION ( 'NONE',  ( -0.0000000000000000000, -0.0000000000000000000, 1.000000000000000000 ) ) ;
#1964 = VECTOR ( 'NONE', #1386, 1000.000000000000000 ) ;
#1965 = EDGE_LOOP ( 'NONE', ( #3212, #3426 ) ) ;
#1966 = PLANE ( 'NONE',  #3015 ) ;
#1967 = VECTOR ( 'NONE', #1846, 1000.000000000000000 ) ;
#1968 = ORIENTED_EDGE ( 'NONE', *, *, #318, .F. ) ;
#1969 = CARTESIAN_POINT ( 'NONE',  ( 25.74556510756974959, 4.400715228748721231, -15.52182874318832262 ) ) ;
#1970 = CARTESIAN_POINT ( 'NONE',  ( 39.84046021630746992, 6.264902419262430300, -7.063339917722232464 ) ) ;
#1971 = VECTOR ( 'NONE', #1501, 1000.000000000000000 ) ;
#1972 = CARTESIAN_POINT ( 'NONE',  ( 40.51876747658479871, 4.618791380552702108, -7.255487849961656188 ) ) ;
#1973 = FACE_OUTER_BOUND ( 'NONE', #2420, .T. ) ;
#1974 = ADVANCED_FACE ( 'NONE', ( #8 ), #3206, .T. ) ;
#1975 = EDGE_CURVE ( 'NONE', #554, #392, #519, .T. ) ;
#1976 = ORIENTED_EDGE ( 'NONE', *, *, #996, .F. ) ;
#1977 = ORIENTED_EDGE ( 'NONE', *, *, #3232, .F. ) ;
#1978 = CARTESIAN_POINT ( 'NONE',  ( 27.25418775948294225, 6.837619813189506957, -6.154759799332524040 ) ) ;
#1979 = ORIENTED_EDGE ( 'NONE', *, *, #3406, .T. ) ;
#1980 = B_SPLINE_CURVE_WITH_KNOTS ( 'NONE', 3,
 ( #2933, #3191, #3201, #1570, #748 ),
 .UNSPECIFIED., .F., .F.,
 ( 4, 1, 4 ),
 ( 0.006851692611614196293, 0.006856291954710923633, 0.006860891297807650974 ),
 .UNSPECIFIED. ) ;
#1981 = CARTESIAN_POINT ( 'NONE',  ( 40.40927501432177138, 4.355485339721208327, -7.216696721332514386 ) ) ;
#1982 = CARTESIAN_POINT ( 'NONE',  ( 37.64462393789713701, 5.000000000000000000, -22.00000000000000000 ) ) ;
#1983 = CARTESIAN_POINT ( 'NONE',  ( 0.4999999999999933942, 9.750000000000000000, -21.75000000000000355 ) ) ;
#1984 = EDGE_LOOP ( 'NONE', ( #1803, #2589, #1730 ) ) ;
#1985 = DIRECTION ( 'NONE',  ( 0.7071067811865414665, 0.7071067811865536790, 0.0000000000000000000 ) ) ;
#1986 = ADVANCED_FACE ( 'NONE', ( #1361 ), #987, .F. ) ;
#1987 = EDGE_LOOP ( 'NONE', ( #1382, #2713, #3393, #356 ) ) ;
#1988 = CARTESIAN_POINT ( 'NONE',  ( 5.999999999999991118, -18.00199999999999889, -14.06000000000000405 ) ) ;
#1989 = CIRCLE ( 'NONE', #2178, 1.350000000000000089 ) ;
#1990 = AXIS2_PLACEMENT_3D ( 'NONE', #2957, #2185, #3257 ) ;
#1991 = ORIENTED_EDGE ( 'NONE', *, *, #416, .T. ) ;
#1992 = CARTESIAN_POINT ( 'NONE',  ( 15.79458290713569113, 3.550206150919275938, -7.000000000000011546 ) ) ;
#1993 = CARTESIAN_POINT ( 'NONE',  ( 48.94999999999998863, 4.099999999999997868, -16.00000000000000000 ) ) ;
#1994 = DIRECTION ( 'NONE',  ( 0.0000000000000000000, 0.0000000000000000000, -1.000000000000000000 ) ) ;
#1995 = FACE_OUTER_BOUND ( 'NONE', #1659, .T. ) ;
#1996 = CARTESIAN_POINT ( 'NONE',  ( 39.10230919711084852, 6.449993494921262283, -7.000007097610426499 ) ) ;
#1997 = ORIENTED_EDGE ( 'NONE', *, *, #828, .F. ) ;
#1998 = AXIS2_PLACEMENT_3D ( 'NONE', #330, #1179, #1142 ) ;
#1999 = CARTESIAN_POINT ( 'NONE',  ( 43.00000000000000000, -14.50000000000000533, -21.50000000000000355 ) ) ;
#2000 = FACE_OUTER_BOUND ( 'NONE', #325, .T. ) ;
#2001 = ORIENTED_EDGE ( 'NONE', *, *, #2038, .F. ) ;
#2002 = CARTESIAN_POINT ( 'NONE',  ( 54.50000000000000711, -14.50000000000000711, -22.00000000000000000 ) ) ;
#2003 = CARTESIAN_POINT ( 'NONE',  ( 29.35000000000000142, 5.000000000000000000, -6.516697645708024567 ) ) ;
#2004 = EDGE_CURVE ( 'NONE', #2947, #3251, #1709, .T. ) ;
#2005 = VECTOR ( 'NONE', #151, 1000.000000000000000 ) ;
#2006 = ORIENTED_EDGE ( 'NONE', *, *, #742, .F. ) ;
#2007 = CARTESIAN_POINT ( 'NONE',  ( 14.79937448462725946, 5.956627586713453049, -7.150942442654852904 ) ) ;
#2008 = FACE_OUTER_BOUND ( 'NONE', #2613, .T. ) ;
#2009 = ADVANCED_FACE ( 'NONE', ( #3133, #260 ), #1296, .T. ) ;
#2010 = CARTESIAN_POINT ( 'NONE',  ( 27.49999999999999645, 10.00000000000000000, -6.150000000000001243 ) ) ;
#2011 = VERTEX_POINT ( 'NONE', #3197 ) ;
#2012 = DIRECTION ( 'NONE',  ( 0.0000000000000000000, 0.0000000000000000000, -1.000000000000000000 ) ) ;
#2013 = FACE_OUTER_BOUND ( 'NONE', #3239, .T. ) ;
#2014 = CARTESIAN_POINT ( 'NONE',  ( 50.64999999999999858, 0.0000000000000000000, -16.00000000000000000 ) ) ;
#2015 = AXIS2_PLACEMENT_3D ( 'NONE', #759, #2356, #2904 ) ;
#2016 = DIRECTION ( 'NONE',  ( 0.7071067811865536790, -0.7071067811865414665, 0.0000000000000000000 ) ) ;
#2017 = ORIENTED_EDGE ( 'NONE', *, *, #917, .T. ) ;
#2018 = DIRECTION ( 'NONE',  ( 0.0000000000000000000, 0.0000000000000000000, 1.000000000000000000 ) ) ;
#2019 = DIRECTION ( 'NONE',  ( 0.0000000000000000000, 0.0000000000000000000, 1.000000000000000000 ) ) ;
#2020 = DIRECTION ( 'NONE',  ( 0.7071067811865524577, -0.7071067811865425767, 0.0000000000000000000 ) ) ;
#2021 = EDGE_CURVE ( 'NONE', #988, #3077, #3400, .T. ) ;
#2022 = ORIENTED_EDGE ( 'NONE', *, *, #318, .T. ) ;
#2023 = DIRECTION ( 'NONE',  ( 0.0000000000000000000, 0.0000000000000000000, -1.000000000000000000 ) ) ;
#2024 = CARTESIAN_POINT ( 'NONE',  ( 40.26054036906787559, 5.883441644163464268, -14.83135052166541179 ) ) ;
#2025 = ORIENTED_EDGE ( 'NONE', *, *, #2871, .T. ) ;
#2026 = ADVANCED_FACE ( 'NONE', ( #2000 ), #3217, .F. ) ;
#2027 = CARTESIAN_POINT ( 'NONE',  ( 26.36910911221528053, 6.469005884238519855, -6.282588050661991552 ) ) ;
#2028 = ORIENTED_EDGE ( 'NONE', *, *, #412, .F. ) ;
#2029 = EDGE_CURVE ( 'NONE', #181, #3122, #559, .T. ) ;
#2030 = B_SPLINE_CURVE_WITH_KNOTS ( 'NONE', 3,
 ( #2755, #2735, #2745, #1128, #2458, #1116, #3004, #1933, #1970, #1683, #308, #605 ),
 .UNSPECIFIED., .F., .F.,
 ( 4, 2, 2, 2, 2, 4 ),
 ( 0.0000000000000000000, 0.0002854647461797273035, 0.0005709294923594546069, 0.001141858984718906395, 0.001712788477078358183, 0.002283717969437809754 ),
 .UNSPECIFIED. ) ;
#2031 = DIRECTION ( 'NONE',  ( -0.0000000000000000000, -0.0000000000000000000, 1.000000000000000000 ) ) ;
#2032 = DIRECTION ( 'NONE',  ( 0.0000000000000000000, 0.0000000000000000000, -1.000000000000000000 ) ) ;
#2033 = DIRECTION ( 'NONE',  ( 0.0000000000000000000, -1.000000000000000000, 0.0000000000000000000 ) ) ;
#2034 = CARTESIAN_POINT ( 'NONE',  ( 25.64999999999999858, 5.243952075504574317, -15.48330235429198076 ) ) ;
#2035 = VECTOR ( 'NONE', #3211, 1000.000000000000000 ) ;
#2036 = DIRECTION ( 'NONE',  ( 0.0000000000000000000, -1.000000000000000000, 0.0000000000000000000 ) ) ;
#2037 = ORIENTED_EDGE ( 'NONE', *, *, #1092, .F. ) ;
#2038 = EDGE_CURVE ( 'NONE', #670, #1450, #1528, .T. ) ;
#2039 = LINE ( 'NONE', #111, #694 ) ;
#2040 = PLANE ( 'NONE',  #274 ) ;
#2041 = DIRECTION ( 'NONE',  ( 0.0000000000000000000, -0.7071067811865425767, 0.7071067811865524577 ) ) ;
#2042 = ADVANCED_FACE ( 'NONE', ( #2302 ), #1110, .T. ) ;
#2043 = EDGE_CURVE ( 'NONE', #2616, #2164, #903, .T. ) ;
#2044 = CARTESIAN_POINT ( 'NONE',  ( 27.49999999999999645, 10.00000000000000000, -15.84999999999999609 ) ) ;
#2045 = VECTOR ( 'NONE', #1368, 1000.000000000000000 ) ;
#2046 = VERTEX_POINT ( 'NONE', #1334 ) ;
#2047 = AXIS2_PLACEMENT_3D ( 'NONE', #1320, #3497, #3471 ) ;
#2048 = LINE ( 'NONE', #3131, #952 ) ;
#2049 = VERTEX_POINT ( 'NONE', #3231 ) ;
#2050 = CARTESIAN_POINT ( 'NONE',  ( 49.00000000000000711, -13.50000000000000000, -10.99999999999999822 ) ) ;
#2051 = DIRECTION ( 'NONE',  ( -1.000000000000000000, 0.0000000000000000000, 0.0000000000000000000 ) ) ;
#2052 = CYLINDRICAL_SURFACE ( 'NONE', #1049, 1.449999999999999956 ) ;
#2053 = VERTEX_POINT ( 'NONE', #555 ) ;
#2054 = CARTESIAN_POINT ( 'NONE',  ( 49.00000000000000711, -18.00000000000000000, -9.850000000000001421 ) ) ;
#2055 = CARTESIAN_POINT ( 'NONE',  ( 0.5000000000000004441, -15.00000000000000000, 0.0000000000000000000 ) ) ;
#2056 = CIRCLE ( 'NONE', #28, 3.060000000000000053 ) ;
#2057 = CARTESIAN_POINT ( 'NONE',  ( 36.09462393789713275, 5.000000000000000000, -2.750000000000000000 ) ) ;
#2058 = CARTESIAN_POINT ( 'NONE',  ( 0.0000000000000000000, 10.00000000000000000, -0.5000000000000004441 ) ) ;
#2059 = CIRCLE ( 'NONE', #1135, 3.149999999999999911 ) ;
#2060 = CARTESIAN_POINT ( 'NONE',  ( 40.48188960396556979, 4.529962104221628927, -14.75758087073786662 ) ) ;
#2061 = ORIENTED_EDGE ( 'NONE', *, *, #2978, .T. ) ;
#2062 = AXIS2_PLACEMENT_3D ( 'NONE', #188, #1323, #466 ) ;
#2063 = ORIENTED_EDGE ( 'NONE', *, *, #2697, .F. ) ;
#2064 = EDGE_CURVE ( 'NONE', #1039, #3003, #2594, .T. ) ;
#2065 = VERTEX_POINT ( 'NONE', #1370 ) ;
#2066 = CARTESIAN_POINT ( 'NONE',  ( 55.00000000000000000, 9.500000000000000000, -0.5000000000000004441 ) ) ;
#2067 = DIRECTION ( 'NONE',  ( -0.0000000000000000000, 1.000000000000000000, -0.0000000000000000000 ) ) ;
#2068 = EDGE_CURVE ( 'NONE', #1358, #1826, #3013, .T. ) ;
#2069 = CARTESIAN_POINT ( 'NONE',  ( 39.10999999999982180, 3.550003277437948856, -15.00000000000068390 ) ) ;
#2070 = ORIENTED_EDGE ( 'NONE', *, *, #3150, .F. ) ;
#2071 = CARTESIAN_POINT ( 'NONE',  ( 43.00000000000000000, -14.50000000000000533, -0.5000000000000004441 ) ) ;
#2072 = VERTEX_POINT ( 'NONE', #3508 ) ;
#2073 = DIRECTION ( 'NONE',  ( -0.0000000000000000000, 1.000000000000000000, -0.0000000000000000000 ) ) ;
#2074 = VECTOR ( 'NONE', #1274, 1000.000000000000000 ) ;
#2075 = EDGE_LOOP ( 'NONE', ( #3218, #2657 ) ) ;
#2076 = VECTOR ( 'NONE', #3120, 1000.000000000000000 ) ;
#2077 = AXIS2_PLACEMENT_3D ( 'NONE', #1492, #1810, #186 ) ;
#2078 = EDGE_LOOP ( 'NONE', ( #2386, #907, #635, #723 ) ) ;
#2079 = CARTESIAN_POINT ( 'NONE',  ( 15.90537606210286725, 5.000000000000000000, 0.0000000000000000000 ) ) ;
#2080 = VECTOR ( 'NONE', #3253, 1000.000000000000000 ) ;
#2081 = VERTEX_POINT ( 'NONE', #3243 ) ;
#2082 = EDGE_CURVE ( 'NONE', #2194, #1397, #174, .T. ) ;
#2083 = CARTESIAN_POINT ( 'NONE',  ( 0.0000000000000000000, -15.00000000000000000, -0.5000000000000004441 ) ) ;
#2084 = LINE ( 'NONE', #1606, #1964 ) ;
#2085 = CARTESIAN_POINT ( 'NONE',  ( 5.999999999999991118, -13.50000000000000000, -11.00000000000000533 ) ) ;
#2086 = VERTEX_POINT ( 'NONE', #1354 ) ;
#2087 = EDGE_CURVE ( 'NONE', #72, #2580, #2677, .T. ) ;
#2088 = CARTESIAN_POINT ( 'NONE',  ( 5.999999999999991118, -18.00000000000000000, -11.00000000000000533 ) ) ;
#2089 = FACE_OUTER_BOUND ( 'NONE', #896, .T. ) ;
#2090 = DIRECTION ( 'NONE',  ( 1.000000000000000000, 0.0000000000000000000, 0.0000000000000000000 ) ) ;
#2091 = VERTEX_POINT ( 'NONE', #23 ) ;
#2092 = DIRECTION ( 'NONE',  ( 0.7071067811865426878, 9.971650393578880646E-15, 0.7071067811865524577 ) ) ;
#2093 = CIRCLE ( 'NONE', #1814, 1.349999999999996980 ) ;
#2094 = CARTESIAN_POINT ( 'NONE',  ( 25.83896243744342414, 5.823422138516883173, -15.55696365402185499 ) ) ;
#2095 = ORIENTED_EDGE ( 'NONE', *, *, #1818, .F. ) ;
#2096 = CARTESIAN_POINT ( 'NONE',  ( 38.36330698651754290, 6.266675986725887881, -14.93376664717805546 ) ) ;
#2097 = VECTOR ( 'NONE', #1712, 1000.000000000000000 ) ;
#2098 = CARTESIAN_POINT ( 'NONE',  ( 27.50000000000000000, 5.000000000000000000, -27.00000000000000355 ) ) ;
#2099 = DIRECTION ( 'NONE',  ( -0.7071067811865425767, 0.7071067811865525687, 0.0000000000000000000 ) ) ;
#2100 = LINE ( 'NONE', #3157, #1378 ) ;
#2101 = DIRECTION ( 'NONE',  ( 0.0000000000000000000, 0.0000000000000000000, -1.000000000000000000 ) ) ;
#2102 = DIRECTION ( 'NONE',  ( -0.0000000000000000000, 1.000000000000000000, -0.0000000000000000000 ) ) ;
#2103 = ORIENTED_EDGE ( 'NONE', *, *, #1089, .F. ) ;
#2104 = AXIS2_PLACEMENT_3D ( 'NONE', #449, #2336, #724 ) ;
#2105 = DIRECTION ( 'NONE',  ( 0.0000000000000000000, -1.000000000000000000, 0.0000000000000000000 ) ) ;
#2106 = VERTEX_POINT ( 'NONE', #34 ) ;
#2107 = EDGE_CURVE ( 'NONE', #1708, #2049, #1571, .T. ) ;
#2108 = DIRECTION ( 'NONE',  ( -0.0000000000000000000, -0.0000000000000000000, 1.000000000000000000 ) ) ;
#2109 = ORIENTED_EDGE ( 'NONE', *, *, #158, .F. ) ;
#2110 = CARTESIAN_POINT ( 'NONE',  ( 55.00000000000000000, -14.50000000000000000, -22.00000000000000000 ) ) ;
#2111 = AXIS2_PLACEMENT_3D ( 'NONE', #2742, #2979, #1357 ) ;
#2112 = CARTESIAN_POINT ( 'NONE',  ( 27.49999999999999645, 3.149999999999998579, -15.84999999999999964 ) ) ;
#2113 = DIRECTION ( 'NONE',  ( 1.000000000000000000, 5.981805089575197183E-16, 0.0000000000000000000 ) ) ;
#2114 = CARTESIAN_POINT ( 'NONE',  ( 15.99512961686680868, 6.450393497010876054, -14.99976807379169941 ) ) ;
#2115 = ORIENTED_EDGE ( 'NONE', *, *, #3083, .F. ) ;
#2116 = EDGE_CURVE ( 'NONE', #1326, #479, #2715, .T. ) ;
#2117 = SECURITY_CLASSIFICATION_LEVEL ( 'unclassified' ) ;
#2118 = APPROVAL_PERSON_ORGANIZATION ( #3476, #2646, #1305 ) ;
#2119 = CARTESIAN_POINT ( 'NONE',  ( 43.00000000000000000, -14.50000000000000533, -0.5000000000000004441 ) ) ;
#2120 = ORIENTED_EDGE ( 'NONE', *, *, #369, .T. ) ;
#2121 = CARTESIAN_POINT ( 'NONE',  ( 14.48171473052450686, 4.617804375265754047, -14.74467876316717607 ) ) ;
#2122 = LINE ( 'NONE', #2139, #130 ) ;
#2123 = DIRECTION ( 'NONE',  ( -0.0000000000000000000, -0.0000000000000000000, 1.000000000000000000 ) ) ;
#2124 = ORIENTED_EDGE ( 'NONE', *, *, #3054, .F. ) ;
#2125 = PLANE ( 'NONE',  #1907 ) ;
#2126 = VECTOR ( 'NONE', #1153, 1000.000000000000000 ) ;
#2127 = ORIENTED_EDGE ( 'NONE', *, *, #3241, .T. ) ;
#2128 = PLANE ( 'NONE',  #1384 ) ;
#2129 = CARTESIAN_POINT ( 'NONE',  ( 16.63370872654144605, 6.268027134819396551, -14.93423043929101546 ) ) ;
#2130 = AXIS2_PLACEMENT_3D ( 'NONE', #532, #3226, #515 ) ;
#2131 = FACE_OUTER_BOUND ( 'NONE', #934, .T. ) ;
#2132 = DIRECTION ( 'NONE',  ( 0.7071067811865426878, 0.7071067811865524577, -1.008879405183357510E-14 ) ) ;
#2133 = LINE ( 'NONE', #2055, #3098 ) ;
#2134 = ORIENTED_EDGE ( 'NONE', *, *, #24, .T. ) ;
#2135 = EDGE_CURVE ( 'NONE', #2778, #2223, #2211, .T. ) ;
#2136 = PLANE ( 'NONE',  #2714 ) ;
#2137 = CARTESIAN_POINT ( 'NONE',  ( 38.90879488196112135, 3.558813589167652225, -7.003967067131007695 ) ) ;
#2138 = FACE_OUTER_BOUND ( 'NONE', #2870, .T. ) ;
#2139 = CARTESIAN_POINT ( 'NONE',  ( 55.00000000000000000, -14.50000000000000711, 0.0000000000000000000 ) ) ;
#2140 = AXIS2_PLACEMENT_3D ( 'NONE', #462, #755, #3411 ) ;
#2141 = VECTOR ( 'NONE', #1383, 1000.000000000000000 ) ;
#2142 = APPLICATION_PROTOCOL_DEFINITION ( 'international standard', 'config_control_design', 1994, #1869 ) ;
#2143 = ORIENTED_EDGE ( 'NONE', *, *, #1425, .F. ) ;
#2144 = CARTESIAN_POINT ( 'NONE',  ( 0.0000000000000000000, 9.500000000000000000, -21.50000000000000000 ) ) ;
#2145 = EDGE_CURVE ( 'NONE', #2560, #2434, #1493, .T. ) ;
#2146 = CARTESIAN_POINT ( 'NONE',  ( 14.99835762021603003, 3.843581064734641117, -14.90176962988905451 ) ) ;
#2147 = ORIENTED_EDGE ( 'NONE', *, *, #1053, .F. ) ;
#2148 = DIRECTION ( 'NONE',  ( 0.0000000000000000000, 0.0000000000000000000, -1.000000000000000000 ) ) ;
#2149 = CARTESIAN_POINT ( 'NONE',  ( 38.45307341708919324, 3.696154370292381586, -7.053307342374706579 ) ) ;
#2150 = ORIENTED_EDGE ( 'NONE', *, *, #672, .T. ) ;
#2151 = AXIS2_PLACEMENT_3D ( 'NONE', #2275, #2788, #90 ) ;
#2152 = CARTESIAN_POINT ( 'NONE',  ( 5.999999999999991118, -15.00000000000000000, -11.00000000000000533 ) ) ;
#2153 = ORIENTED_EDGE ( 'NONE', *, *, #1732, .T. ) ;
#2154 = DATE_TIME_ROLE ( 'classification_date' ) ;
#2155 = PRODUCT_RELATED_PRODUCT_CATEGORY ( 'detail', '', ( #919 ) ) ;
#2156 = CARTESIAN_POINT ( 'NONE',  ( 55.00000000000000000, 10.00000000000000000, -21.50000000000000000 ) ) ;
#2157 = EDGE_CURVE ( 'NONE', #6, #818, #1237, .T. ) ;
#2158 = ORIENTED_EDGE ( 'NONE', *, *, #109, .F. ) ;
#2159 = CARTESIAN_POINT ( 'NONE',  ( 11.50000000000000355, -15.00000000000000000, -22.00000000000000000 ) ) ;
#2160 = CARTESIAN_POINT ( 'NONE',  ( 39.10691705258031448, 5.000000000000000000, -18.00000000000000000 ) ) ;
#2161 = CALENDAR_DATE ( 2019, 12, 12 ) ;
#2162 = AXIS2_PLACEMENT_3D ( 'NONE', #615, #1157, #1951 ) ;
#2163 = CARTESIAN_POINT ( 'NONE',  ( 17.20591598261466970, 5.648303095467325896, -7.222446056912224854 ) ) ;
#2164 = VERTEX_POINT ( 'NONE', #846 ) ;
#2165 = CARTESIAN_POINT ( 'NONE',  ( 17.06133187984870503, 5.895316091275929260, -14.82714186068034579 ) ) ;
#2166 = FACE_OUTER_BOUND ( 'NONE', #140, .T. ) ;
#2167 = EDGE_LOOP ( 'NONE', ( #335, #1635, #2541, #497 ) ) ;
#2168 = DIRECTION ( 'NONE',  ( 0.0000000000000000000, 0.0000000000000000000, -1.000000000000000000 ) ) ;
#2169 = VECTOR ( 'NONE', #2618, 1000.000000000000000 ) ;
#2170 = EDGE_LOOP ( 'NONE', ( #538, #806, #3410, #3470 ) ) ;
#2171 = CARTESIAN_POINT ( 'NONE',  ( 26.67623307053604265, 3.339102216796479006, -15.78086640028675980 ) ) ;
#2172 = VECTOR ( 'NONE', #2036, 1000.000000000000000 ) ;
#2173 = ORIENTED_EDGE ( 'NONE', *, *, #2428, .T. ) ;
#2174 = DIRECTION ( 'NONE',  ( 0.5773502691896330585, -0.5773502691896271743, 0.5773502691896170713 ) ) ;
#2175 = VECTOR ( 'NONE', #2571, 1000.000000000000000 ) ;
#2176 = VERTEX_POINT ( 'NONE', #827 ) ;
#2177 = CARTESIAN_POINT ( 'NONE',  ( 15.88999999999999702, 2.000000000000000000, -15.00000000000000000 ) ) ;
#2178 = AXIS2_PLACEMENT_3D ( 'NONE', #1360, #2148, #3245 ) ;
#2179 = CYLINDRICAL_SURFACE ( 'NONE', #3059, 1.349999999999996980 ) ;
#2180 = VERTEX_POINT ( 'NONE', #1600 ) ;
#2181 = CARTESIAN_POINT ( 'NONE',  ( 52.00000000000000000, 0.0000000000000000000, -16.00000000000000000 ) ) ;
#2182 = DIRECTION ( 'NONE',  ( -0.7071067811865426878, 9.614813431917954667E-17, -0.7071067811865524577 ) ) ;
#2183 = CYLINDRICAL_SURFACE ( 'NONE', #1998, 3.999999999999999112 ) ;
#2184 = ORIENTED_EDGE ( 'NONE', *, *, #2789, .T. ) ;
#2185 = DIRECTION ( 'NONE',  ( 0.0000000000000000000, -1.000000000000000000, 0.0000000000000000000 ) ) ;
#2186 = CIRCLE ( 'NONE', #1402, 1.850000000000000977 ) ;
#2187 = CARTESIAN_POINT ( 'NONE',  ( 16.78825046079214545, 6.154121020424315525, -7.101330437931899553 ) ) ;
#2188 = EDGE_CURVE ( 'NONE', #1253, #92, #139, .T. ) ;
#2189 = DIRECTION ( 'NONE',  ( 0.0000000000000000000, -1.000000000000000000, 0.0000000000000000000 ) ) ;
#2190 = VERTEX_POINT ( 'NONE', #567 ) ;
#2191 = CARTESIAN_POINT ( 'NONE',  ( 53.34999999999999432, 1.653273178848926867E-16, -22.00000000000000000 ) ) ;
#2192 = ORIENTED_EDGE ( 'NONE', *, *, #1165, .T. ) ;
#2193 = DIRECTION ( 'NONE',  ( -0.5773502691896251759, -0.5773502691896351680, 0.5773502691896170713 ) ) ;
#2194 = VERTEX_POINT ( 'NONE', #1462 ) ;
#2195 = DIRECTION ( 'NONE',  ( -0.0000000000000000000, 1.000000000000000000, -0.0000000000000000000 ) ) ;
#2196 = EDGE_CURVE ( 'NONE', #2434, #1429, #2757, .T. ) ;
#2197 = ORIENTED_EDGE ( 'NONE', *, *, #1887, .T. ) ;
#2198 = CYLINDRICAL_SURFACE ( 'NONE', #1379, 1.449999999999999956 ) ;
#2199 = ADVANCED_FACE ( 'NONE', ( #2845, #2249 ), #2620, .T. ) ;
#2200 = DIRECTION ( 'NONE',  ( -0.5773502691896231775, 0.5773502691896231775, 0.5773502691896310601 ) ) ;
#2201 = CARTESIAN_POINT ( 'NONE',  ( 11.99999999999999645, -14.50000000000000533, -0.5000000000000004441 ) ) ;
#2202 = AXIS2_PLACEMENT_3D ( 'NONE', #951, #141, #1211 ) ;
#2203 = CARTESIAN_POINT ( 'NONE',  ( 14.63548279529585550, 5.727870567222474563, -7.201422040843822536 ) ) ;
#2204 = CIRCLE ( 'NONE', #3324, 1.449999999999999956 ) ;
#2205 = ORIENTED_EDGE ( 'NONE', *, *, #1176, .F. ) ;
#2206 = CARTESIAN_POINT ( 'NONE',  ( 39.10999999999999943, 2.000000000000000000, -15.00000000000000000 ) ) ;
#2207 = CIRCLE ( 'NONE', #1717, 1.850000000000000977 ) ;
#2208 = CARTESIAN_POINT ( 'NONE',  ( 5.999999999999991118, -13.50000000000000000, -9.850000000000004974 ) ) ;
#2209 = EDGE_LOOP ( 'NONE', ( #3506, #166, #999, #2327, #2274 ) ) ;
#2210 = DIRECTION ( 'NONE',  ( 0.0000000000000000000, 0.0000000000000000000, -1.000000000000000000 ) ) ;
#2211 = LINE ( 'NONE', #1889, #1959 ) ;
#2212 = ORIENTED_EDGE ( 'NONE', *, *, #2432, .F. ) ;
#2213 = DIRECTION ( 'NONE',  ( -1.000000000000000000, 0.0000000000000000000, 0.0000000000000000000 ) ) ;
#2214 = FACE_BOUND ( 'NONE', #370, .T. ) ;
#2215 = VECTOR ( 'NONE', #2330, 1000.000000000000000 ) ;
#2216 = DIRECTION ( 'NONE',  ( -0.0000000000000000000, -0.0000000000000000000, 1.000000000000000000 ) ) ;
#2217 = CC_DESIGN_PERSON_AND_ORGANIZATION_ASSIGNMENT ( #3124, #2421, ( #2943 ) ) ;
#2218 = ORIENTED_EDGE ( 'NONE', *, *, #1341, .T. ) ;
#2219 = ADVANCED_FACE ( 'NONE', ( #2131 ), #642, .F. ) ;
#2220 = EDGE_CURVE ( 'NONE', #1297, #2947, #1873, .T. ) ;
#2221 = FACE_OUTER_BOUND ( 'NONE', #720, .T. ) ;
#2222 = DIRECTION ( 'NONE',  ( 0.0000000000000000000, -1.000000000000000000, 0.0000000000000000000 ) ) ;
#2223 = VERTEX_POINT ( 'NONE', #2762 ) ;
#2224 = DIRECTION ( 'NONE',  ( -0.0000000000000000000, 1.000000000000000000, -0.0000000000000000000 ) ) ;
#2225 = DIRECTION ( 'NONE',  ( 0.0000000000000000000, 0.0000000000000000000, -1.000000000000000000 ) ) ;
#2226 = ORIENTED_EDGE ( 'NONE', *, *, #785, .F. ) ;
#2227 = CARTESIAN_POINT ( 'NONE',  ( 11.49999999999999645, -15.00000000000000000, -0.5000000000000004441 ) ) ;
#2228 = DIRECTION ( 'NONE',  ( 0.7071067811865426878, 1.516592855504374230E-16, -0.7071067811865524577 ) ) ;
#2229 = VERTEX_POINT ( 'NONE', #1140 ) ;
#2230 = DIRECTION ( 'NONE',  ( -0.0000000000000000000, -0.0000000000000000000, 1.000000000000000000 ) ) ;
#2231 = ORIENTED_EDGE ( 'NONE', *, *, #1359, .T. ) ;
#2232 = ADVANCED_FACE ( 'NONE', ( #1148 ), #2672, .F. ) ;
#2233 = CARTESIAN_POINT ( 'NONE',  ( 29.35000000000000853, 5.122049094644782308, -15.48330235429197543 ) ) ;
#2234 = ORIENTED_EDGE ( 'NONE', *, *, #527, .F. ) ;
#2235 = APPROVAL_DATE_TIME ( #2619, #3185 ) ;
#2236 = CARTESIAN_POINT ( 'NONE',  ( 40.55691705258031021, 4.806867483474093206, -7.270867253240736794 ) ) ;
#2237 = CARTESIAN_POINT ( 'NONE',  ( 7.400000000000000355, 4.099999999999997868, -16.00000000000000000 ) ) ;
#2238 = ORIENTED_EDGE ( 'NONE', *, *, #3378, .T. ) ;
#2239 = CARTESIAN_POINT ( 'NONE',  ( 39.10538614950598202, 6.450001639646262497, -7.000001773620809331 ) ) ;
#2240 = EDGE_CURVE ( 'NONE', #2502, #1815, #1790, .T. ) ;
#2241 = FACE_OUTER_BOUND ( 'NONE', #2075, .T. ) ;
#2242 = CARTESIAN_POINT ( 'NONE',  ( 54.50000000000000711, 9.500000000000000000, -22.00000000000000000 ) ) ;
#2243 = ORIENTED_EDGE ( 'NONE', *, *, #1726, .F. ) ;
#2244 = CARTESIAN_POINT ( 'NONE',  ( 37.83907622560506923, 4.268572735303303389, -14.79312620382388843 ) ) ;
#2245 = CYLINDRICAL_SURFACE ( 'NONE', #908, 1.449999999999999956 ) ;
#2246 = CARTESIAN_POINT ( 'NONE',  ( 54.75000000000000000, 9.750000000000000000, -21.50000000000000000 ) ) ;
#2247 = EDGE_CURVE ( 'NONE', #2889, #392, #48, .T. ) ;
#2248 = ORIENTED_EDGE ( 'NONE', *, *, #568, .F. ) ;
#2249 = FACE_OUTER_BOUND ( 'NONE', #27, .T. ) ;
#2250 = B_SPLINE_CURVE_WITH_KNOTS ( 'NONE', 3,
 ( #2777, #1417, #3046, #617, #1932 ),
 .UNSPECIFIED., .F., .F.,
 ( 4, 1, 4 ),
 ( 0.006851692611674635794, 0.006856291954741143384, 0.006860891297807650974 ),
 .UNSPECIFIED. ) ;
#2251 = ORIENTED_EDGE ( 'NONE', *, *, #158, .T. ) ;
#2252 = CARTESIAN_POINT ( 'NONE',  ( 5.999999999999991118, -18.00000000000000000, -11.00000000000000533 ) ) ;
#2253 = ADVANCED_FACE ( 'NONE', ( #1955 ), #1412, .F. ) ;
#2254 = CARTESIAN_POINT ( 'NONE',  ( 15.88999999999988688, 6.449996722561303741, -6.999999999999585221 ) ) ;
#2255 = VECTOR ( 'NONE', #3116, 1000.000000000000000 ) ;
#2256 = ORIENTED_EDGE ( 'NONE', *, *, #1472, .T. ) ;
#2257 = DIRECTION ( 'NONE',  ( -0.7071067811865524577, 0.7071067811865426878, -9.905085388176775438E-15 ) ) ;
#2258 = CYLINDRICAL_SURFACE ( 'NONE', #1958, 3.149999999999998135 ) ;
#2259 = ORIENTED_EDGE ( 'NONE', *, *, #2856, .F. ) ;
#2260 = CARTESIAN_POINT ( 'NONE',  ( 29.28999811112684171, 5.482852975749974433, -6.492332141305944049 ) ) ;
#2261 = AXIS2_PLACEMENT_3D ( 'NONE', #3108, #1533, #3152 ) ;
#2262 = DIRECTION ( 'NONE',  ( 0.0000000000000000000, 0.0000000000000000000, -1.000000000000000000 ) ) ;
#2263 = CIRCLE ( 'NONE', #1265, 3.060000000000001830 ) ;
#2264 = PLANE ( 'NONE',  #324 ) ;
#2265 = DIRECTION ( 'NONE',  ( 0.0000000000000000000, -1.000000000000000000, 0.0000000000000000000 ) ) ;
#2266 = CIRCLE ( 'NONE', #2538, 1.449999999999999956 ) ;
#2267 = EDGE_CURVE ( 'NONE', #818, #6, #516, .T. ) ;
#2268 = CARTESIAN_POINT ( 'NONE',  ( 5.999999999999991118, -13.50000000000000000, -11.00000000000000533 ) ) ;
#2269 = EDGE_CURVE ( 'NONE', #1365, #2502, #3304, .T. ) ;
#2270 = ORIENTED_EDGE ( 'NONE', *, *, #3150, .T. ) ;
#2271 = CARTESIAN_POINT ( 'NONE',  ( 7.400000000000000355, 4.099999999999997868, -16.00000000000000000 ) ) ;
#2272 = AXIS2_PLACEMENT_3D ( 'NONE', #1150, #361, #3040 ) ;
#2273 = ADVANCED_FACE ( 'NONE', ( #2547 ), #2965, .F. ) ;
#2274 = ORIENTED_EDGE ( 'NONE', *, *, #299, .T. ) ;
#2275 = CARTESIAN_POINT ( 'NONE',  ( 11.50000000000000355, 10.00000000000000000, 0.0000000000000000000 ) ) ;
#2276 = ORIENTED_EDGE ( 'NONE', *, *, #571, .T. ) ;
#2277 = B_SPLINE_CURVE_WITH_KNOTS ( 'NONE', 3,
 ( #948, #403, #1236, #661, #1218, #2843, #1485, #2291, #3099, #108, #2831, #137, #96, #3074, #2535, #384, #2853, #414 ),
 .UNSPECIFIED., .F., .F.,
 ( 4, 2, 2, 2, 2, 2, 2, 2, 4 ),
 ( 0.005839558096932677064, 0.006204331441648570575, 0.006569104786364464085, 0.006933878131080358463, 0.007298651475796251974, 0.007663424820512145484, 0.008028198165228039862, 0.008392971509943933373, 0.008757744854659826883 ),
 .UNSPECIFIED. ) ;
#2278 = CARTESIAN_POINT ( 'NONE',  ( 14.63587356613779100, 4.271477285647987898, -7.201294025783980146 ) ) ;
#2279 = CARTESIAN_POINT ( 'NONE',  ( 40.00104433360714751, 3.843148332854930960, -7.098095620382007809 ) ) ;
#2280 = DIRECTION ( 'NONE',  ( -0.0000000000000000000, 1.000000000000000000, -0.0000000000000000000 ) ) ;
#2281 = CARTESIAN_POINT ( 'NONE',  ( 54.50000000000000711, -15.00000000000000000, -0.5000000000000004441 ) ) ;
#2282 = ORIENTED_EDGE ( 'NONE', *, *, #1309, .T. ) ;
#2283 = ORIENTED_EDGE ( 'NONE', *, *, #1306, .F. ) ;
#2284 = CARTESIAN_POINT ( 'NONE',  ( 39.49253115600549791, 6.410505479846507981, -14.98555729906110656 ) ) ;
#2285 = ORIENTED_EDGE ( 'NONE', *, *, #2862, .T. ) ;
#2286 = DIRECTION ( 'NONE',  ( 0.0000000000000000000, 0.0000000000000000000, -1.000000000000000000 ) ) ;
#2287 = LINE ( 'NONE', #817, #1184 ) ;
#2288 = ORIENTED_EDGE ( 'NONE', *, *, #2442, .F. ) ;
#2289 = PLANE ( 'NONE',  #1809 ) ;
#2290 = CARTESIAN_POINT ( 'NONE',  ( 15.88999999999988688, 3.550003277438696703, -15.00000000000041211 ) ) ;
#2291 = CARTESIAN_POINT ( 'NONE',  ( 26.03045909495420318, 3.869817665075553581, -6.377456923148318246 ) ) ;
#2292 = ADVANCED_FACE ( 'NONE', ( #1315 ), #1234, .F. ) ;
#2293 = EDGE_CURVE ( 'NONE', #2303, #3363, #782, .T. ) ;
#2294 = VECTOR ( 'NONE', #1595, 1000.000000000000000 ) ;
#2295 = DIRECTION ( 'NONE',  ( 0.0000000000000000000, -0.0000000000000000000, -1.000000000000000000 ) ) ;
#2296 = ORIENTED_EDGE ( 'NONE', *, *, #957, .T. ) ;
#2297 = AXIS2_PLACEMENT_3D ( 'NONE', #1701, #78, #87 ) ;
#2298 = DIRECTION ( 'NONE',  ( 0.0000000000000000000, 0.0000000000000000000, 1.000000000000000000 ) ) ;
#2299 = LINE ( 'NONE', #3068, #943 ) ;
#2300 = CARTESIAN_POINT ( 'NONE',  ( 28.10047544272485354, 6.753979693983797716, -6.186002827243933133 ) ) ;
#2301 = EDGE_CURVE ( 'NONE', #1389, #3077, #1568, .T. ) ;
#2302 = FACE_OUTER_BOUND ( 'NONE', #885, .T. ) ;
#2303 = VERTEX_POINT ( 'NONE', #3280 ) ;
#2304 = B_SPLINE_CURVE_WITH_KNOTS ( 'NONE', 3,
 ( #2923, #2370, #2393, #1827, #1300, #225, #2642, #3164, #787, #3438, #1290, #2652, #3177, #1548 ),
 .UNSPECIFIED., .F., .F.,
 ( 4, 2, 2, 2, 2, 2, 4 ),
 ( 9.098656106112018027E-06, 0.0002958620232175919462, 0.0005826253903290719337, 0.001156152124552021826, 0.001729678858774972043, 0.002016442225886446067, 0.002303205592997919875 ),
 .UNSPECIFIED. ) ;
#2305 = CARTESIAN_POINT ( 'NONE',  ( 11.99999999999999645, -14.50000000000000533, -22.00000000000000000 ) ) ;
#2306 = LINE ( 'NONE', #910, #95 ) ;
#2307 = CARTESIAN_POINT ( 'NONE',  ( 40.55691705258031021, 5.000000000000000000, -7.270867253240735906 ) ) ;
#2308 = VERTEX_POINT ( 'NONE', #2208 ) ;
#2309 = CARTESIAN_POINT ( 'NONE',  ( 49.00000000000000000, -18.00199999999999889, -11.00000000000000000 ) ) ;
#2310 = VECTOR ( 'NONE', #508, 1000.000000000000000 ) ;
#2311 = ORIENTED_EDGE ( 'NONE', *, *, #1177, .F. ) ;
#2312 = LINE ( 'NONE', #1603, #2141 ) ;
#2313 = ADVANCED_FACE ( 'NONE', ( #3047 ), #3010, .F. ) ;
#2314 = CARTESIAN_POINT ( 'NONE',  ( 28.96942997551277088, 6.130399167974567298, -6.377415899779184549 ) ) ;
#2315 = VERTEX_POINT ( 'NONE', #1096 ) ;
#2316 = CARTESIAN_POINT ( 'NONE',  ( 15.89922950476127816, 6.449986972297629073, -14.99998935201605832 ) ) ;
#2317 = CARTESIAN_POINT ( 'NONE',  ( 15.69783683345968939, 3.560064897375608162, -14.99647275170176997 ) ) ;
#2318 = EDGE_CURVE ( 'NONE', #3379, #1505, #2299, .T. ) ;
#2319 = VERTEX_POINT ( 'NONE', #1725 ) ;
#2320 = DIRECTION ( 'NONE',  ( -0.0000000000000000000, -0.0000000000000000000, 1.000000000000000000 ) ) ;
#2321 = CARTESIAN_POINT ( 'NONE',  ( 54.50000000000000711, 9.750000000000003553, -0.2500000000000001110 ) ) ;
#2322 = EDGE_LOOP ( 'NONE', ( #290, #1221, #3456, #526 ) ) ;
#2323 = CARTESIAN_POINT ( 'NONE',  ( 39.10846220001756990, 3.550000007807283975, -14.99999999999999822 ) ) ;
#2324 = CARTESIAN_POINT ( 'NONE',  ( 7.400000000000000355, 4.099999999999997868, -22.00000000000000000 ) ) ;
#2325 = ORIENTED_EDGE ( 'NONE', *, *, #1092, .T. ) ;
#2326 = CARTESIAN_POINT ( 'NONE',  ( 15.88999999999999702, 2.000000000000000000, -7.000000000000000000 ) ) ;
#2327 = ORIENTED_EDGE ( 'NONE', *, *, #2445, .F. ) ;
#2328 = CARTESIAN_POINT ( 'NONE',  ( 15.89922950476124797, 6.449986972297629073, -7.000010647983939904 ) ) ;
#2329 = CALENDAR_DATE ( 2019, 12, 12 ) ;
#2330 = DIRECTION ( 'NONE',  ( -0.0000000000000000000, -0.0000000000000000000, 1.000000000000000000 ) ) ;
#2331 = AXIS2_PLACEMENT_3D ( 'NONE', #656, #1161, #396 ) ;
#2332 = CIRCLE ( 'NONE', #800, 3.000000000000006217 ) ;
#2333 = DIRECTION ( 'NONE',  ( -0.0000000000000000000, -1.000000000000000000, -0.0000000000000000000 ) ) ;
#2334 = EDGE_CURVE ( 'NONE', #1438, #2825, #1653, .T. ) ;
#2335 = LINE ( 'NONE', #3055, #1871 ) ;
#2336 = DIRECTION ( 'NONE',  ( -0.0000000000000000000, -0.0000000000000000000, -1.000000000000000000 ) ) ;
#2337 = ORIENTED_EDGE ( 'NONE', *, *, #1859, .T. ) ;
#2338 = DIRECTION ( 'NONE',  ( 0.0000000000000000000, 0.0000000000000000000, 1.000000000000000000 ) ) ;
#2339 = VECTOR ( 'NONE', #1194, 1000.000000000000000 ) ;
#2340 = ORIENTED_EDGE ( 'NONE', *, *, #2381, .T. ) ;
#2341 = AXIS2_PLACEMENT_3D ( 'NONE', #2867, #1249, #1002 ) ;
#2342 = DIRECTION ( 'NONE',  ( 0.0000000000000000000, 0.0000000000000000000, -1.000000000000000000 ) ) ;
#2343 = LINE ( 'NONE', #3433, #2460 ) ;
#2344 = ORIENTED_EDGE ( 'NONE', *, *, #1706, .F. ) ;
#2345 = CARTESIAN_POINT ( 'NONE',  ( 40.55691705258031021, 5.000000000000000000, -14.72913274675926232 ) ) ;
#2346 = CARTESIAN_POINT ( 'NONE',  ( 52.00000000000000000, 0.0000000000000000000, -22.00000000000000000 ) ) ;
#2347 = CYLINDRICAL_SURFACE ( 'NONE', #2880, 1.449999999999999956 ) ;
#2348 = ORIENTED_EDGE ( 'NONE', *, *, #1497, .F. ) ;
#2349 = DIRECTION ( 'NONE',  ( -1.000000000000000000, 0.0000000000000000000, 0.0000000000000000000 ) ) ;
#2350 = VECTOR ( 'NONE', #2182, 1000.000000000000000 ) ;
#2351 = CYLINDRICAL_SURFACE ( 'NONE', #3455, 3.000000000000002665 ) ;
#2352 = DIRECTION ( 'NONE',  ( 0.7071067811865512365, -0.7071067811865439090, 0.0000000000000000000 ) ) ;
#2353 = CARTESIAN_POINT ( 'NONE',  ( 39.49250991773718766, 3.589545518052108974, -14.98554273516666946 ) ) ;
#2354 = ORIENTED_EDGE ( 'NONE', *, *, #1063, .F. ) ;
#2355 = AXIS2_PLACEMENT_3D ( 'NONE', #37, #1431, #581 ) ;
#2356 = DIRECTION ( 'NONE',  ( 0.0000000000000000000, 0.0000000000000000000, -1.000000000000000000 ) ) ;
#2357 = ORIENTED_EDGE ( 'NONE', *, *, #502, .F. ) ;
#2358 = DIRECTION ( 'NONE',  ( 0.0000000000000000000, -1.000000000000000000, 0.0000000000000000000 ) ) ;
#2359 = CARTESIAN_POINT ( 'NONE',  ( 50.64999999999999858, 0.0000000000000000000, -22.00000000000000000 ) ) ;
#2360 = ORIENTED_EDGE ( 'NONE', *, *, #1520, .F. ) ;
#2361 = CARTESIAN_POINT ( 'NONE',  ( 39.10691705258031448, 5.000000000000000000, -18.00000000000000000 ) ) ;
#2362 = DIRECTION ( 'NONE',  ( 0.0000000000000000000, -1.000000000000000000, 0.0000000000000000000 ) ) ;
#2363 = EDGE_CURVE ( 'NONE', #2499, #1629, #1482, .T. ) ;
#2364 = ORIENTED_EDGE ( 'NONE', *, *, #2029, .F. ) ;
#2365 = CARTESIAN_POINT ( 'NONE',  ( 27.25297979072044541, 6.850000000000000533, -15.84999999999999254 ) ) ;
#2366 = ORIENTED_EDGE ( 'NONE', *, *, #2648, .F. ) ;
#2367 = CARTESIAN_POINT ( 'NONE',  ( 0.0000000000000000000, -15.00000000000000000, -21.50000000000000000 ) ) ;
#2368 = CARTESIAN_POINT ( 'NONE',  ( 14.59049390432635640, 5.643990472207549125, -14.78322218266518462 ) ) ;
#2369 = APPROVAL_DATE_TIME ( #2448, #2646 ) ;
#2370 = CARTESIAN_POINT ( 'NONE',  ( 15.99613821931932733, 3.549602227479809802, -7.000234253439782783 ) ) ;
#2371 = FACE_OUTER_BOUND ( 'NONE', #510, .T. ) ;
#2372 = ORIENTED_EDGE ( 'NONE', *, *, #2475, .F. ) ;
#2373 = DIRECTION ( 'NONE',  ( 1.000000000000000000, 0.0000000000000000000, 0.0000000000000000000 ) ) ;
#2374 = FACE_OUTER_BOUND ( 'NONE', #1322, .T. ) ;
#2375 = ORIENTED_EDGE ( 'NONE', *, *, #2761, .T. ) ;
#2376 = APPROVAL_ROLE ( '' ) ;
#2377 = DIRECTION ( 'NONE',  ( 0.0000000000000000000, 0.0000000000000000000, -1.000000000000000000 ) ) ;
#2378 = LINE ( 'NONE', #387, #1145 ) ;
#2379 = DIRECTION ( 'NONE',  ( -0.5773502691896338357, 0.5773502691896177375, -0.5773502691896257311 ) ) ;
#2380 = VERTEX_POINT ( 'NONE', #1391 ) ;
#2381 = EDGE_CURVE ( 'NONE', #77, #2616, #1107, .T. ) ;
#2382 = FACE_OUTER_BOUND ( 'NONE', #3492, .T. ) ;
#2383 = DIRECTION ( 'NONE',  ( 0.0000000000000000000, 0.7071067811865524577, 0.7071067811865425767 ) ) ;
#2384 = EDGE_LOOP ( 'NONE', ( #845, #50 ) ) ;
#2385 = FACE_OUTER_BOUND ( 'NONE', #1508, .T. ) ;
#2386 = ORIENTED_EDGE ( 'NONE', *, *, #2945, .T. ) ;
#2387 = LINE ( 'NONE', #3248, #1033 ) ;
#2388 = ORIENTED_EDGE ( 'NONE', *, *, #3163, .F. ) ;
#2389 = CARTESIAN_POINT ( 'NONE',  ( 39.09462393789713985, 5.000000000000000000, -30.00000000000000000 ) ) ;
#2390 = DIRECTION ( 'NONE',  ( -0.0000000000000000000, -0.0000000000000000000, 1.000000000000000000 ) ) ;
#2391 = CYLINDRICAL_SURFACE ( 'NONE', #590, 3.060000000000000053 ) ;
#2392 = DIRECTION ( 'NONE',  ( -0.0000000000000000000, 1.000000000000000000, 0.0000000000000000000 ) ) ;
#2393 = CARTESIAN_POINT ( 'NONE',  ( 16.09137090195609332, 3.558815294502473581, -7.003968665130262394 ) ) ;
#2394 = ORIENTED_EDGE ( 'NONE', *, *, #588, .F. ) ;
#2395 = DIRECTION ( 'NONE',  ( 0.0000000000000000000, 1.000000000000000000, 0.0000000000000000000 ) ) ;
#2396 = CARTESIAN_POINT ( 'NONE',  ( 16.37114541845869553, 6.376417170723140515, -14.97194121823834045 ) ) ;
#2397 = ORIENTED_EDGE ( 'NONE', *, *, #1677, .T. ) ;
#2398 = PERSON_AND_ORGANIZATION_ROLE ( 'design_supplier' ) ;
#2399 = CC_DESIGN_APPROVAL ( #2646, ( #2943 ) ) ;
#2400 = EDGE_CURVE ( 'NONE', #1299, #1463, #371, .T. ) ;
#2401 = VERTEX_POINT ( 'NONE', #76 ) ;
#2402 = ORIENTED_EDGE ( 'NONE', *, *, #3339, .F. ) ;
#2403 = CARTESIAN_POINT ( 'NONE',  ( 55.00000000000000000, 9.500000000000000000, 0.0000000000000000000 ) ) ;
#2404 = AXIS2_PLACEMENT_3D ( 'NONE', #610, #2746, #3065 ) ;
#2405 = DIRECTION ( 'NONE',  ( -0.0000000000000000000, -0.0000000000000000000, -1.000000000000000000 ) ) ;
#2406 = ORIENTED_EDGE ( 'NONE', *, *, #1675, .F. ) ;
#2407 = EDGE_CURVE ( 'NONE', #92, #654, #391, .T. ) ;
#2408 = PERSON_AND_ORGANIZATION ( #1186, #1352 ) ;
#2409 = ORIENTED_EDGE ( 'NONE', *, *, #2247, .F. ) ;
#2410 = CARTESIAN_POINT ( 'NONE',  ( 38.62919463054693381, 6.376616756595787194, -14.97200753013052577 ) ) ;
#2411 = VECTOR ( 'NONE', #805, 1000.000000000000000 ) ;
#2412 = ADVANCED_FACE ( 'NONE', ( #3215, #2497 ), #625, .F. ) ;
#2413 = ORIENTED_EDGE ( 'NONE', *, *, #2301, .T. ) ;
#2414 = DIRECTION ( 'NONE',  ( 1.000000000000000000, 0.0000000000000000000, 0.0000000000000000000 ) ) ;
#2415 = FACE_OUTER_BOUND ( 'NONE', #464, .T. ) ;
#2416 = EDGE_LOOP ( 'NONE', ( #2750, #420 ) ) ;
#2417 = DIRECTION ( 'NONE',  ( 0.0000000000000000000, -1.000000000000000000, -0.0000000000000000000 ) ) ;
#2418 = AXIS2_PLACEMENT_3D ( 'NONE', #2860, #2615, #985 ) ;
#2419 = FACE_OUTER_BOUND ( 'NONE', #3268, .T. ) ;
#2420 = EDGE_LOOP ( 'NONE', ( #956, #1651, #2197, #3022 ) ) ;
#2421 = PERSON_AND_ORGANIZATION_ROLE ( 'creator' ) ;
#2422 = CARTESIAN_POINT ( 'NONE',  ( 49.00000000000000711, -13.50000000000000000, -9.850000000000001421 ) ) ;
#2423 = FACE_OUTER_BOUND ( 'NONE', #2436, .T. ) ;
#2424 = EDGE_LOOP ( 'NONE', ( #1500, #2124, #2901, #3151, #2360, #1685 ) ) ;
#2425 = EDGE_CURVE ( 'NONE', #2570, #2728, #861, .T. ) ;
#2426 = CARTESIAN_POINT ( 'NONE',  ( 43.14735144312393089, -14.64735144312395576, -10.68366332529251217 ) ) ;
#2427 = FACE_OUTER_BOUND ( 'NONE', #35, .T. ) ;
#2428 = EDGE_CURVE ( 'NONE', #331, #703, #134, .T. ) ;
#2429 = CIRCLE ( 'NONE', #1541, 3.060000000000000053 ) ;
#2430 = CARTESIAN_POINT ( 'NONE',  ( 54.50000000000000711, -15.00000000000000000, -22.00000000000000000 ) ) ;
#2431 = FACE_OUTER_BOUND ( 'NONE', #707, .T. ) ;
#2432 = EDGE_CURVE ( 'NONE', #798, #2190, #2335, .T. ) ;
#2433 = DIRECTION ( 'NONE',  ( 0.0000000000000000000, 0.0000000000000000000, 1.000000000000000000 ) ) ;
#2434 = VERTEX_POINT ( 'NONE', #2010 ) ;
#2435 = DIRECTION ( 'NONE',  ( 0.0000000000000000000, -1.000000000000000000, -0.0000000000000000000 ) ) ;
#2436 = EDGE_LOOP ( 'NONE', ( #2511, #946, #1682 ) ) ;
#2437 = AXIS2_PLACEMENT_3D ( 'NONE', #2346, #955, #1260 ) ;
#2438 = CARTESIAN_POINT ( 'NONE',  ( 18.90537606210287436, 5.000000000000000000, -2.750000000000000000 ) ) ;
#2439 = EDGE_LOOP ( 'NONE', ( #1123, #133, #300, #2883 ) ) ;
#2440 = DIRECTION ( 'NONE',  ( 0.0000000000000000000, 0.0000000000000000000, -1.000000000000000000 ) ) ;
#2441 = DIRECTION ( 'NONE',  ( 0.0000000000000000000, -1.000000000000000000, 0.0000000000000000000 ) ) ;
#2442 = EDGE_CURVE ( 'NONE', #2942, #1095, #2378, .T. ) ;
#2443 = DIRECTION ( 'NONE',  ( 0.0000000000000000000, 0.0000000000000000000, 1.000000000000000000 ) ) ;
#2444 = ORIENTED_EDGE ( 'NONE', *, *, #2988, .F. ) ;
#2445 = EDGE_CURVE ( 'NONE', #3100, #1347, #2457, .T. ) ;
#2446 = ORIENTED_EDGE ( 'NONE', *, *, #5, .F. ) ;
#2447 = DIRECTION ( 'NONE',  ( 0.0000000000000000000, 0.0000000000000000000, -1.000000000000000000 ) ) ;
#2448 = DATE_AND_TIME ( #685, #1947 ) ;
#2449 = AXIS2_PLACEMENT_3D ( 'NONE', #493, #736, #505 ) ;
#2450 = CARTESIAN_POINT ( 'NONE',  ( 15.89769170866133230, 3.550006508918346348, -14.99999290029960974 ) ) ;
#2451 = VECTOR ( 'NONE', #3345, 1000.000000000000000 ) ;
#2452 = VERTEX_POINT ( 'NONE', #1982 ) ;
#2453 = LINE ( 'NONE', #2627, #3090 ) ;
#2454 = CARTESIAN_POINT ( 'NONE',  ( 39.10999999999999943, 10.00000000000000000, -15.00000000000000000 ) ) ;
#2455 = ORIENTED_EDGE ( 'NONE', *, *, #338, .F. ) ;
#2456 = DIRECTION ( 'NONE',  ( -0.0000000000000000000, -0.0000000000000000000, 1.000000000000000000 ) ) ;
#2457 = LINE ( 'NONE', #363, #598 ) ;
#2458 = CARTESIAN_POINT ( 'NONE',  ( 40.48188960396556979, 5.470037895778372850, -7.242419129262137822 ) ) ;
#2459 = ORIENTED_EDGE ( 'NONE', *, *, #183, .T. ) ;
#2460 = VECTOR ( 'NONE', #1789, 1000.000000000000000 ) ;
#2461 = ORIENTED_EDGE ( 'NONE', *, *, #1723, .T. ) ;
#2462 = DIRECTION ( 'NONE',  ( -1.000000000000000000, 0.0000000000000000000, -0.0000000000000000000 ) ) ;
#2463 = CARTESIAN_POINT ( 'NONE',  ( 15.90537606210286725, 5.000000000000000000, -2.749999999999999112 ) ) ;
#2464 = ADVANCED_FACE ( 'NONE', ( #3092 ), #436, .T. ) ;
#2465 = CARTESIAN_POINT ( 'NONE',  ( 5.999999999999991118, -13.50000000000000000, -7.850000000000005862 ) ) ;
#2466 = LINE ( 'NONE', #20, #485 ) ;
#2467 = EDGE_LOOP ( 'NONE', ( #2070, #1006, #1143, #2366 ) ) ;
#2468 = DIRECTION ( 'NONE',  ( 0.0000000000000000000, -1.000000000000000000, 0.0000000000000000000 ) ) ;
#2469 = FACE_OUTER_BOUND ( 'NONE', #1268, .T. ) ;
#2470 = AXIS2_PLACEMENT_3D ( 'NONE', #2540, #3394, #936 ) ;
#2471 = ORIENTED_EDGE ( 'NONE', *, *, #2573, .F. ) ;
#2472 = CARTESIAN_POINT ( 'NONE',  ( 25.66239014870339474, 4.754171132499980246, -15.48846929997575295 ) ) ;
#2473 = CARTESIAN_POINT ( 'NONE',  ( 29.33804008320601042, 5.242930540069613343, -15.48829306692505625 ) ) ;
#2474 = VECTOR ( 'NONE', #180, 1000.000000000000000 ) ;
#2475 = EDGE_CURVE ( 'NONE', #284, #3130, #2039, .T. ) ;
#2476 = CARTESIAN_POINT ( 'NONE',  ( 11.99999999999999645, -15.00000000000000000, 0.0000000000000000000 ) ) ;
#2477 = ORIENTED_EDGE ( 'NONE', *, *, #2293, .T. ) ;
#2478 = EDGE_LOOP ( 'NONE', ( #2153, #1812, #580 ) ) ;
#2479 = DIRECTION ( 'NONE',  ( -1.000000000000000000, 0.0000000000000000000, -0.0000000000000000000 ) ) ;
#2480 = ADVANCED_FACE ( 'NONE', ( #3395, #2754 ), #85, .T. ) ;
#2481 = DIRECTION ( 'NONE',  ( -0.0000000000000000000, -1.000000000000000000, -0.0000000000000000000 ) ) ;
#2482 = ORIENTED_EDGE ( 'NONE', *, *, #3241, .F. ) ;
#2483 = ORIENTED_EDGE ( 'NONE', *, *, #636, .F. ) ;
#2484 = CARTESIAN_POINT ( 'NONE',  ( 28.97813672267427521, 6.137868400832681814, -15.62259351936710416 ) ) ;
#2485 = AXIS2_PLACEMENT_3D ( 'NONE', #1298, #492, #3500 ) ;
#2486 = ORIENTED_EDGE ( 'NONE', *, *, #2220, .T. ) ;
#2487 = CARTESIAN_POINT ( 'NONE',  ( 49.00000000000000000, 10.00000000000000000, -14.06000000000000050 ) ) ;
#2488 = CARTESIAN_POINT ( 'NONE',  ( 15.89922950476127816, 3.550013027702370483, -9.000000000000000000 ) ) ;
#2489 = EDGE_CURVE ( 'NONE', #1691, #1250, #1786, .T. ) ;
#2490 = ORIENTED_EDGE ( 'NONE', *, *, #664, .T. ) ;
#2491 = CARTESIAN_POINT ( 'NONE',  ( 29.35000000000000142, 5.000000000000000000, -15.48330235429197543 ) ) ;
#2492 = AXIS2_PLACEMENT_3D ( 'NONE', #702, #2597, #2852 ) ;
#2493 = VECTOR ( 'NONE', #2224, 1000.000000000000000 ) ;
#2494 = VERTEX_POINT ( 'NONE', #2599 ) ;
#2495 = CARTESIAN_POINT ( 'NONE',  ( 15.89308294741969085, 5.000000000000000000, -18.00000000000000000 ) ) ;
#2496 = ADVANCED_FACE ( 'NONE', ( #899 ), #1489, .F. ) ;
#2497 = FACE_OUTER_BOUND ( 'NONE', #1061, .T. ) ;
#2498 = DIRECTION ( 'NONE',  ( 1.000000000000000000, 0.0000000000000000000, 0.0000000000000000000 ) ) ;
#2499 = VERTEX_POINT ( 'NONE', #2328 ) ;
#2500 = CARTESIAN_POINT ( 'NONE',  ( 11.99999999999999645, 0.0000000000000000000, -0.5000000000000004441 ) ) ;
#2501 = VECTOR ( 'NONE', #1916, 1000.000000000000000 ) ;
#2502 = VERTEX_POINT ( 'NONE', #1256 ) ;
#2503 = PLANE ( 'NONE',  #1766 ) ;
#2504 = AXIS2_PLACEMENT_3D ( 'NONE', #630, #2519, #3365 ) ;
#2505 = DIRECTION ( 'NONE',  ( 0.5773502691896263972, -0.5773502691896345018, 0.5773502691896164052 ) ) ;
#2506 = VECTOR ( 'NONE', #2908, 1000.000000000000000 ) ;
#2507 = ORIENTED_EDGE ( 'NONE', *, *, #1935, .T. ) ;
#2508 = LINE ( 'NONE', #983, #1325 ) ;
#2509 = CARTESIAN_POINT ( 'NONE',  ( 40.55691705258031021, 5.000000000000000000, -7.270867253240735906 ) ) ;
#2510 = DIRECTION ( 'NONE',  ( 1.000000000000000000, 0.0000000000000000000, 0.0000000000000000000 ) ) ;
#2511 = ORIENTED_EDGE ( 'NONE', *, *, #1849, .T. ) ;
#2512 = EDGE_CURVE ( 'NONE', #243, #1440, #2207, .T. ) ;
#2513 = FACE_OUTER_BOUND ( 'NONE', #2167, .T. ) ;
#2514 = DIRECTION ( 'NONE',  ( 0.0000000000000000000, -0.7071067811865536790, 0.7071067811865414665 ) ) ;
#2515 = AXIS2_PLACEMENT_3D ( 'NONE', #1597, #1302, #216 ) ;
#2516 = CIRCLE ( 'NONE', #1680, 1.449999999999999956 ) ;
#2517 = ADVANCED_FACE ( 'NONE', ( #1064 ), #3258, .F. ) ;
#2518 = CARTESIAN_POINT ( 'NONE',  ( 38.00419023032760180, 4.039537602418937112, -14.84474303705003173 ) ) ;
#2519 = DIRECTION ( 'NONE',  ( 0.0000000000000000000, 0.0000000000000000000, -1.000000000000000000 ) ) ;
#2520 = ORIENTED_EDGE ( 'NONE', *, *, #2082, .T. ) ;
#2521 = B_SPLINE_CURVE_WITH_KNOTS ( 'NONE', 3,
 ( #1230, #2556, #3115, #2260, #378, #2815, #697, #2314, #1465, #1740, #3093, #2300, #115, #2569, #669, #954 ),
 .UNSPECIFIED., .F., .F.,
 ( 4, 2, 2, 2, 2, 2, 2, 4 ),
 ( 0.0000000000000000000, 0.0003650870811033204533, 0.0007301741622066409065, 0.001095261243309961306, 0.001460348324413281813, 0.002190522486619923478, 0.002555609567723248540, 0.002920696648826574034 ),
 .UNSPECIFIED. ) ;
#2522 = DIRECTION ( 'NONE',  ( -1.000000000000000000, 0.0000000000000000000, -0.0000000000000000000 ) ) ;
#2523 = CARTESIAN_POINT ( 'NONE',  ( 47.59999999999998721, 4.099999999999997868, -16.00000000000000000 ) ) ;
#2524 = DIRECTION ( 'NONE',  ( 0.0000000000000000000, 0.0000000000000000000, 1.000000000000000000 ) ) ;
#2525 = VERTEX_POINT ( 'NONE', #971 ) ;
#2526 = CARTESIAN_POINT ( 'NONE',  ( 0.0000000000000000000, 9.500000000000000000, -22.00000000000000000 ) ) ;
#2527 = CARTESIAN_POINT ( 'NONE',  ( 27.49999999999999645, 10.00000000000000000, -6.150000000000001243 ) ) ;
#2528 = CARTESIAN_POINT ( 'NONE',  ( 5.999999999999991118, -18.00000000000000000, -12.15000000000000391 ) ) ;
#2529 = ORIENTED_EDGE ( 'NONE', *, *, #878, .F. ) ;
#2530 = DIRECTION ( 'NONE',  ( 0.0000000000000000000, 0.0000000000000000000, -1.000000000000000000 ) ) ;
#2531 = DIRECTION ( 'NONE',  ( -0.0000000000000000000, 1.000000000000000000, -0.0000000000000000000 ) ) ;
#2532 = EDGE_LOOP ( 'NONE', ( #3018, #793, #2459, #2234, #904 ) ) ;
#2533 = PERSON_AND_ORGANIZATION ( #1186, #1352 ) ;
#2534 = DIRECTION ( 'NONE',  ( 0.0000000000000000000, 0.0000000000000000000, -1.000000000000000000 ) ) ;
#2535 = CARTESIAN_POINT ( 'NONE',  ( 27.01597442594037801, 3.210312569363194868, -6.172734985560640375 ) ) ;
#2536 = ADVANCED_FACE ( 'NONE', ( #2415 ), #2925, .F. ) ;
#2537 = DIRECTION ( 'NONE',  ( 0.0000000000000000000, -1.000000000000000000, 0.0000000000000000000 ) ) ;
#2538 = AXIS2_PLACEMENT_3D ( 'NONE', #2463, #240, #2113 ) ;
#2539 = LINE ( 'NONE', #3310, #2915 ) ;
#2540 = CARTESIAN_POINT ( 'NONE',  ( 15.88999999999999702, 10.00000000000000000, -11.00000000000000000 ) ) ;
#2541 = ORIENTED_EDGE ( 'NONE', *, *, #1732, .F. ) ;
#2542 = DIRECTION ( 'NONE',  ( -0.0000000000000000000, -0.0000000000000000000, 1.000000000000000000 ) ) ;
#2543 = FACE_OUTER_BOUND ( 'NONE', #239, .T. ) ;
#2544 = CARTESIAN_POINT ( 'NONE',  ( 27.37798632290681411, 6.849999999999983658, -6.150000000000005684 ) ) ;
#2545 = EDGE_CURVE ( 'NONE', #1438, #547, #1829, .T. ) ;
#2546 = ORIENTED_EDGE ( 'NONE', *, *, #1272, .T. ) ;
#2547 = FACE_OUTER_BOUND ( 'NONE', #2719, .T. ) ;
#2548 = CARTESIAN_POINT ( 'NONE',  ( 15.79460799041462771, 6.449793902412191748, -7.000000000000004441 ) ) ;
#2549 = CARTESIAN_POINT ( 'NONE',  ( 39.10077049523872716, 6.449986972297629073, -7.000010647983939904 ) ) ;
#2550 = FACE_OUTER_BOUND ( 'NONE', #1012, .T. ) ;
#2551 = EDGE_LOOP ( 'NONE', ( #2231, #850, #1263, #2461 ) ) ;
#2552 = CARTESIAN_POINT ( 'NONE',  ( 5.999999999999991118, 10.00000000000000000, -11.00000000000000533 ) ) ;
#2553 = CYLINDRICAL_SURFACE ( 'NONE', #3287, 3.000000000000006217 ) ;
#2554 = ORIENTED_EDGE ( 'NONE', *, *, #2004, .F. ) ;
#2555 = ADVANCED_FACE ( 'NONE', ( #3129 ), #171, .F. ) ;
#2556 = CARTESIAN_POINT ( 'NONE',  ( 29.35000000000000497, 5.123551085791267390, -6.516697645708024567 ) ) ;
#2557 = AXIS2_PLACEMENT_3D ( 'NONE', #3023, #3292, #2729 ) ;
#2558 = CARTESIAN_POINT ( 'NONE',  ( 26.67435611859215783, 6.660045644341828996, -6.219433686736150158 ) ) ;
#2559 = VECTOR ( 'NONE', #2102, 1000.000000000000000 ) ;
#2560 = VERTEX_POINT ( 'NONE', #2044 ) ;
#2561 = DIRECTION ( 'NONE',  ( 9.875502259259736105E-15, -0.7071067811865414665, -0.7071067811865536790 ) ) ;
#2562 = CARTESIAN_POINT ( 'NONE',  ( 39.10077049517801839, 3.550013027702113355, -7.000010647984079348 ) ) ;
#2563 = CARTESIAN_POINT ( 'NONE',  ( 5.999999999999991118, -13.50000000000000000, -11.00000000000000533 ) ) ;
#2564 = VECTOR ( 'NONE', #867, 1000.000000000000000 ) ;
#2565 = AXIS2_PLACEMENT_3D ( 'NONE', #2361, #1517, #2090 ) ;
#2566 = VERTEX_POINT ( 'NONE', #980 ) ;
#2567 = CARTESIAN_POINT ( 'NONE',  ( 40.55691705258031732, 5.193132516525907683, -14.72913274675926232 ) ) ;
#2568 = AXIS2_PLACEMENT_3D ( 'NONE', #2152, #2694, #533 ) ;
#2569 = CARTESIAN_POINT ( 'NONE',  ( 27.74301603063740274, 6.838031812096366124, -6.154603422505890542 ) ) ;
#2570 = VERTEX_POINT ( 'NONE', #3132 ) ;
#2571 = DIRECTION ( 'NONE',  ( 0.7071067811865426878, -1.009555410351371248E-14, -0.7071067811865524577 ) ) ;
#2572 = ORIENTED_EDGE ( 'NONE', *, *, #1630, .T. ) ;
#2573 = EDGE_CURVE ( 'NONE', #1735, #1250, #1744, .T. ) ;
#2574 = ORIENTED_EDGE ( 'NONE', *, *, #42, .F. ) ;
#2575 = B_SPLINE_CURVE_WITH_KNOTS ( 'NONE', 3,
 ( #495, #775, #469, #1267, #3466, #3167, #1539, #1314, #2937, #2663, #3457, #191, #3179, #2654, #1046, #2112 ),
 .UNSPECIFIED., .F., .F.,
 ( 4, 2, 2, 2, 2, 2, 2, 4 ),
 ( 0.002920960816918486639, 0.003285817492214251900, 0.003650674167510017595, 0.004015530842805783290, 0.004380387518101548118, 0.004745244193397312078, 0.005110100868693075171, 0.005839814219284591816 ),
 .UNSPECIFIED. ) ;
#2576 = CARTESIAN_POINT ( 'NONE',  ( 27.49999999999999645, 10.00000000000000000, -11.00000000000000000 ) ) ;
#2577 = CARTESIAN_POINT ( 'NONE',  ( 0.0000000000000000000, 9.500000000000000000, -22.00000000000000000 ) ) ;
#2578 = ADVANCED_FACE ( 'NONE', ( #3482 ), #1195, .F. ) ;
#2579 = DIRECTION ( 'NONE',  ( 0.0000000000000000000, -1.000000000000000000, 0.0000000000000000000 ) ) ;
#2580 = VERTEX_POINT ( 'NONE', #1549 ) ;
#2581 = CARTESIAN_POINT ( 'NONE',  ( 5.999999999999991118, -13.50000000000000000, -11.00000000000000533 ) ) ;
#2582 = DIRECTION ( 'NONE',  ( -1.000000000000000000, 0.0000000000000000000, -0.0000000000000000000 ) ) ;
#2583 = EDGE_LOOP ( 'NONE', ( #799, #68 ) ) ;
#2584 = LOCAL_TIME ( 16, 49, 34.00000000000000000, #1779 ) ;
#2585 = CC_DESIGN_DATE_AND_TIME_ASSIGNMENT ( #3428, #2154, ( #1857 ) ) ;
#2586 = EDGE_CURVE ( 'NONE', #1735, #3202, #1913, .T. ) ;
#2587 = ORIENTED_EDGE ( 'NONE', *, *, #2789, .F. ) ;
#2588 = CARTESIAN_POINT ( 'NONE',  ( 39.10077049523872716, 3.550013027702370483, -18.00000000000000000 ) ) ;
#2589 = ORIENTED_EDGE ( 'NONE', *, *, #178, .T. ) ;
#2590 = VECTOR ( 'NONE', #923, 1000.000000000000000 ) ;
#2591 = VERTEX_POINT ( 'NONE', #2359 ) ;
#2592 = ADVANCED_FACE ( 'NONE', ( #1024 ), #2751, .F. ) ;
#2593 = DIRECTION ( 'NONE',  ( 0.0000000000000000000, -1.000000000000000000, 0.0000000000000000000 ) ) ;
#2594 = LINE ( 'NONE', #2422, #2928 ) ;
#2595 = ORIENTED_EDGE ( 'NONE', *, *, #998, .F. ) ;
#2596 = FACE_BOUND ( 'NONE', #931, .T. ) ;
#2597 = DIRECTION ( 'NONE',  ( 0.0000000000000000000, 0.0000000000000000000, -1.000000000000000000 ) ) ;
#2598 = ORIENTED_EDGE ( 'NONE', *, *, #1903, .T. ) ;
#2599 = CARTESIAN_POINT ( 'NONE',  ( 49.00000000000000711, -18.00000000000000000, -14.15000000000000213 ) ) ;
#2600 = LINE ( 'NONE', #2684, #3224 ) ;
#2601 = DIRECTION ( 'NONE',  ( 0.0000000000000000000, 0.0000000000000000000, -1.000000000000000000 ) ) ;
#2602 = ORIENTED_EDGE ( 'NONE', *, *, #1661, .F. ) ;
#2603 = FACE_OUTER_BOUND ( 'NONE', #930, .T. ) ;
#2604 = PLANE ( 'NONE',  #2418 ) ;
#2605 =( GEOMETRIC_REPRESENTATION_CONTEXT ( 3 ) GLOBAL_UNCERTAINTY_ASSIGNED_CONTEXT ( ( #1895 ) ) GLOBAL_UNIT_ASSIGNED_CONTEXT ( ( #1543, #3446, #1819 ) ) REPRESENTATION_CONTEXT ( 'NONE', 'WORKASPACE' ) );
#2606 = CYLINDRICAL_SURFACE ( 'NONE', #2653, 3.149999999999998135 ) ;
#2607 = CARTESIAN_POINT ( 'NONE',  ( 49.00000000000000000, -13.50000000000000000, -14.06000000000000050 ) ) ;
#2608 = DIRECTION ( 'NONE',  ( 0.0000000000000000000, 0.0000000000000000000, 1.000000000000000000 ) ) ;
#2609 = EDGE_CURVE ( 'NONE', #2229, #3467, #256, .T. ) ;
#2610 = ORIENTED_EDGE ( 'NONE', *, *, #1975, .T. ) ;
#2611 = CARTESIAN_POINT ( 'NONE',  ( 15.90537606210286725, 5.000000000000000000, -30.00000000000000000 ) ) ;
#2612 = CARTESIAN_POINT ( 'NONE',  ( 27.50000000000000000, 5.000000000000000000, -22.00000000000000000 ) ) ;
#2613 = EDGE_LOOP ( 'NONE', ( #1034, #458, #772, #3113 ) ) ;
#2614 = EDGE_CURVE ( 'NONE', #2315, #2081, #2575, .T. ) ;
#2615 = DIRECTION ( 'NONE',  ( 0.7071067811865524577, 0.0000000000000000000, -0.7071067811865425767 ) ) ;
#2616 = VERTEX_POINT ( 'NONE', #752 ) ;
#2617 = ORIENTED_EDGE ( 'NONE', *, *, #2407, .F. ) ;
#2618 = DIRECTION ( 'NONE',  ( -0.0000000000000000000, 1.000000000000000000, -0.0000000000000000000 ) ) ;
#2619 = DATE_AND_TIME ( #2329, #1434 ) ;
#2620 = PLANE ( 'NONE',  #2868 ) ;
#2621 = CARTESIAN_POINT ( 'NONE',  ( 26.57040560153791731, 6.603971256723372818, -15.76117047706410190 ) ) ;
#2622 = VECTOR ( 'NONE', #1115, 1000.000000000000000 ) ;
#2623 = CARTESIAN_POINT ( 'NONE',  ( 49.00000000000000711, -13.50000000000000000, -10.99999999999999822 ) ) ;
#2624 = EDGE_LOOP ( 'NONE', ( #3330, #1948, #3000, #3256 ) ) ;
#2625 = EDGE_CURVE ( 'NONE', #638, #1326, #594, .T. ) ;
#2626 = VECTOR ( 'NONE', #1254, 1000.000000000000000 ) ;
#2627 = CARTESIAN_POINT ( 'NONE',  ( 39.10077049523872716, 6.449986972297629073, -9.000000000000000000 ) ) ;
#2628 = ORIENTED_EDGE ( 'NONE', *, *, #2761, .F. ) ;
#2629 = CARTESIAN_POINT ( 'NONE',  ( 43.50000000000000000, -14.50000000000000711, -22.00000000000000000 ) ) ;
#2630 = EDGE_CURVE ( 'NONE', #1629, #1219, #1102, .T. ) ;
#2631 = CARTESIAN_POINT ( 'NONE',  ( 15.88999999999999702, 2.000000000000000000, -7.000000000000000000 ) ) ;
#2632 = VECTOR ( 'NONE', #727, 1000.000000000000000 ) ;
#2633 = CARTESIAN_POINT ( 'NONE',  ( 52.00000000000000000, 0.0000000000000000000, -16.00000000000000000 ) ) ;
#2634 = AXIS2_PLACEMENT_3D ( 'NONE', #1798, #2352, #2342 ) ;
#2635 = CARTESIAN_POINT ( 'NONE',  ( 15.89308294741969085, 5.000000000000000000, -18.00000000000000000 ) ) ;
#2636 = CIRCLE ( 'NONE', #1656, 4.849999999999996980 ) ;
#2637 = ORIENTED_EDGE ( 'NONE', *, *, #3281, .F. ) ;
#2638 = CARTESIAN_POINT ( 'NONE',  ( 39.10230919711084852, 3.550006505078740826, -14.99999290238957883 ) ) ;
#2639 = DIRECTION ( 'NONE',  ( -1.000000000000000000, 0.0000000000000000000, 0.0000000000000000000 ) ) ;
#2640 = FACE_BOUND ( 'NONE', #1527, .T. ) ;
#2641 = DIRECTION ( 'NONE',  ( 1.000000000000000000, 0.0000000000000000000, 0.0000000000000000000 ) ) ;
#2642 = CARTESIAN_POINT ( 'NONE',  ( 16.79614066702620434, 3.840531012570793212, -7.101550811498268168 ) ) ;
#2643 = CIRCLE ( 'NONE', #2568, 3.149999999999998135 ) ;
#2644 = EDGE_LOOP ( 'NONE', ( #1544, #564, #2520, #3160 ) ) ;
#2645 = CIRCLE ( 'NONE', #3309, 1.349999999999996980 ) ;
#2646 = APPROVAL ( #801, 'UNSPECIFIED' ) ;
#2647 = DIRECTION ( 'NONE',  ( 1.000000000000000000, 0.0000000000000000000, -0.0000000000000000000 ) ) ;
#2648 = EDGE_CURVE ( 'NONE', #2401, #1852, #1231, .T. ) ;
#2649 = CARTESIAN_POINT ( 'NONE',  ( 14.74010053394425768, 4.115700695766973283, -14.83154526877218515 ) ) ;
#2650 = EDGE_LOOP ( 'NONE', ( #2546, #89, #281, #320, #2251, #1890, #1615, #2283, #39, #2660, #1130, #1934 ) ) ;
#2651 = CARTESIAN_POINT ( 'NONE',  ( 5.999999999999991118, -18.00000000000000000, -7.850000000000005862 ) ) ;
#2652 = CARTESIAN_POINT ( 'NONE',  ( 17.34594809988396236, 4.809123576583603565, -7.274329331818152333 ) ) ;
#2653 = AXIS2_PLACEMENT_3D ( 'NONE', #1643, #2938, #31 ) ;
#2654 = CARTESIAN_POINT ( 'NONE',  ( 27.98873240072475355, 3.199527795767147520, -15.83054940565274649 ) ) ;
#2655 = ORIENTED_EDGE ( 'NONE', *, *, #636, .T. ) ;
#2656 = DIRECTION ( 'NONE',  ( 1.000000000000000000, 0.0000000000000000000, 0.0000000000000000000 ) ) ;
#2657 = ORIENTED_EDGE ( 'NONE', *, *, #289, .T. ) ;
#2658 = DIRECTION ( 'NONE',  ( 0.0000000000000000000, 0.0000000000000000000, 1.000000000000000000 ) ) ;
#2659 = CARTESIAN_POINT ( 'NONE',  ( 14.48148102785298796, 5.381743100264125168, -14.74459864464983738 ) ) ;
#2660 = ORIENTED_EDGE ( 'NONE', *, *, #438, .T. ) ;
#2661 = CARTESIAN_POINT ( 'NONE',  ( 39.10077049523872716, 6.449986972297629073, -18.00000000000000000 ) ) ;
#2662 = CARTESIAN_POINT ( 'NONE',  ( 15.89769165364272219, 3.550006508685122242, -7.000007099573439362 ) ) ;
#2663 = CARTESIAN_POINT ( 'NONE',  ( 28.72245924535248918, 3.606277715477419044, -15.69423590895567244 ) ) ;
#2664 = ORIENTED_EDGE ( 'NONE', *, *, #1480, .F. ) ;
#2665 = DIRECTION ( 'NONE',  ( 1.000000000000000000, 0.0000000000000000000, 0.0000000000000000000 ) ) ;
#2666 = CARTESIAN_POINT ( 'NONE',  ( 0.0000000000000000000, 0.4999999999999935052, 0.0000000000000000000 ) ) ;
#2667 = FACE_OUTER_BOUND ( 'NONE', #74, .T. ) ;
#2668 = AXIS2_PLACEMENT_3D ( 'NONE', #3297, #60, #1954 ) ;
#2669 = ORIENTED_EDGE ( 'NONE', *, *, #714, .T. ) ;
#2670 = APPLICATION_PROTOCOL_DEFINITION ( 'international standard', 'config_control_design', 1994, #1051 ) ;
#2671 = CARTESIAN_POINT ( 'NONE',  ( 17.16172133336757710, 4.269943225033813405, -14.79285765679167497 ) ) ;
#2672 = CYLINDRICAL_SURFACE ( 'NONE', #195, 3.060000000000000053 ) ;
#2673 = DIRECTION ( 'NONE',  ( 0.0000000000000000000, 0.0000000000000000000, 1.000000000000000000 ) ) ;
#2674 = ORIENTED_EDGE ( 'NONE', *, *, #1165, .F. ) ;
#2675 = EDGE_CURVE ( 'NONE', #2796, #699, #734, .T. ) ;
#2676 = DIRECTION ( 'NONE',  ( 0.0000000000000000000, -1.000000000000000000, 0.0000000000000000000 ) ) ;
#2677 = LINE ( 'NONE', #288, #2080 ) ;
#2678 = CARTESIAN_POINT ( 'NONE',  ( 38.13827851048643680, 6.094027923113704226, -7.119201597926382519 ) ) ;
#2679 = ORIENTED_EDGE ( 'NONE', *, *, #183, .F. ) ;
#2680 = DIRECTION ( 'NONE',  ( 0.0000000000000000000, 0.0000000000000000000, -1.000000000000000000 ) ) ;
#2681 = VECTOR ( 'NONE', #1255, 1000.000000000000000 ) ;
#2682 = CARTESIAN_POINT ( 'NONE',  ( 15.88999999999999702, 2.000000000000000000, -15.00000000000000000 ) ) ;
#2683 = ORIENTED_EDGE ( 'NONE', *, *, #24, .F. ) ;
#2684 = CARTESIAN_POINT ( 'NONE',  ( 15.89922950476127816, 3.550013027702370483, -9.000000000000000000 ) ) ;
#2685 = LINE ( 'NONE', #3195, #2310 ) ;
#2686 = ORIENTED_EDGE ( 'NONE', *, *, #3499, .T. ) ;
#2687 = CARTESIAN_POINT ( 'NONE',  ( 0.0000000000000000000, 9.500000000000000000, -21.50000000000000000 ) ) ;
#2688 = VECTOR ( 'NONE', #1488, 1000.000000000000000 ) ;
#2689 = CARTESIAN_POINT ( 'NONE',  ( 52.00000000000000000, 0.0000000000000000000, -22.00000000000000000 ) ) ;
#2690 = CARTESIAN_POINT ( 'NONE',  ( 39.10999999999999943, 0.0000000000000000000, -15.00000000000000000 ) ) ;
#2691 = CIRCLE ( 'NONE', #2565, 1.449999999999999956 ) ;
#2692 = PLANE ( 'NONE',  #3070 ) ;
#2693 = AXIS2_PLACEMENT_3D ( 'NONE', #2623, #2105, #2377 ) ;
#2694 = DIRECTION ( 'NONE',  ( 0.0000000000000000000, -1.000000000000000000, 0.0000000000000000000 ) ) ;
#2695 = ORIENTED_EDGE ( 'NONE', *, *, #1515, .T. ) ;
#2696 = CARTESIAN_POINT ( 'NONE',  ( 54.50000000000000711, 10.00000000000000000, 0.0000000000000000000 ) ) ;
#2697 = EDGE_CURVE ( 'NONE', #2401, #354, #1741, .T. ) ;
#2698 = ORIENTED_EDGE ( 'NONE', *, *, #2902, .F. ) ;
#2699 = DIRECTION ( 'NONE',  ( 0.0000000000000000000, 0.0000000000000000000, -1.000000000000000000 ) ) ;
#2700 = DIRECTION ( 'NONE',  ( 0.0000000000000000000, -1.000000000000000000, 0.0000000000000000000 ) ) ;
#2701 = ORIENTED_EDGE ( 'NONE', *, *, #2004, .T. ) ;
#2702 = CARTESIAN_POINT ( 'NONE',  ( 37.64468351043252170, 4.807648082527778755, -7.278058626268942177 ) ) ;
#2703 = AXIS2_PLACEMENT_3D ( 'NONE', #241, #2961, #823 ) ;
#2704 = CARTESIAN_POINT ( 'NONE',  ( 43.50000000000000000, 0.4999999999999935052, -22.00000000000000000 ) ) ;
#2705 = CARTESIAN_POINT ( 'NONE',  ( 17.27969209082971958, 5.472028231227282546, -14.75103718581775780 ) ) ;
#2706 = ORIENTED_EDGE ( 'NONE', *, *, #2407, .T. ) ;
#2707 = CARTESIAN_POINT ( 'NONE',  ( 15.90537606210286725, 5.000000000000000000, -22.00000000000000000 ) ) ;
#2708 = CARTESIAN_POINT ( 'NONE',  ( 26.36915149630926436, 3.530962669445329993, -15.71742187151913761 ) ) ;
#2709 = ORIENTED_EDGE ( 'NONE', *, *, #327, .F. ) ;
#2710 = CARTESIAN_POINT ( 'NONE',  ( 15.89153865067356364, 3.550000005998565467, -7.000000000000000888 ) ) ;
#2711 = CARTESIAN_POINT ( 'NONE',  ( 17.34563090577832156, 5.193051019831867343, -7.274205198779443826 ) ) ;
#2712 = LINE ( 'NONE', #1174, #2882 ) ;
#2713 = ORIENTED_EDGE ( 'NONE', *, *, #340, .T. ) ;
#2714 = AXIS2_PLACEMENT_3D ( 'NONE', #199, #796, #2676 ) ;
#2715 = LINE ( 'NONE', #1077, #824 ) ;
#2716 = EDGE_LOOP ( 'NONE', ( #2953, #825, #1178 ) ) ;
#2717 = CARTESIAN_POINT ( 'NONE',  ( 47.59999999999998721, 4.099999999999997868, -16.00000000000000000 ) ) ;
#2718 = FACE_OUTER_BOUND ( 'NONE', #627, .T. ) ;
#2719 = EDGE_LOOP ( 'NONE', ( #1673, #1880, #3418, #227, #3313 ) ) ;
#2720 = DIRECTION ( 'NONE',  ( 0.0000000000000000000, -1.000000000000000000, 0.0000000000000000000 ) ) ;
#2721 = CARTESIAN_POINT ( 'NONE',  ( 29.11523569988385063, 5.933518945810585699, -15.57419851883175710 ) ) ;
#2722 = CIRCLE ( 'NONE', #1586, 1.350000000000000533 ) ;
#2723 = VERTEX_POINT ( 'NONE', #484 ) ;
#2724 = CARTESIAN_POINT ( 'NONE',  ( 0.4999999999999935052, 9.500000000000007105, 0.0000000000000000000 ) ) ;
#2725 = EDGE_CURVE ( 'NONE', #1708, #2452, #2920, .T. ) ;
#2726 = LINE ( 'NONE', #3468, #1967 ) ;
#2727 = CARTESIAN_POINT ( 'NONE',  ( 39.09462393789713985, 5.000000000000000000, -2.750000000000000000 ) ) ;
#2728 = VERTEX_POINT ( 'NONE', #1000 ) ;
#2729 = DIRECTION ( 'NONE',  ( 1.000000000000000000, 0.0000000000000000000, 0.0000000000000000000 ) ) ;
#2730 = LINE ( 'NONE', #3491, #491 ) ;
#2731 = DIRECTION ( 'NONE',  ( 0.0000000000000000000, 0.0000000000000000000, -1.000000000000000000 ) ) ;
#2732 = CARTESIAN_POINT ( 'NONE',  ( 42.09462393789713985, 5.000000000000000000, 0.0000000000000000000 ) ) ;
#2733 = ORIENTED_EDGE ( 'NONE', *, *, #448, .F. ) ;
#2734 = CARTESIAN_POINT ( 'NONE',  ( 15.89922950476127816, 6.449986972297629073, -9.000000000000000000 ) ) ;
#2735 = CARTESIAN_POINT ( 'NONE',  ( 40.55691705258031021, 5.096596281180381993, -7.270867253240737682 ) ) ;
#2736 = CARTESIAN_POINT ( 'NONE',  ( 14.59019080055859519, 5.643316009791962351, -7.216883869753438319 ) ) ;
#2737 = ORIENTED_EDGE ( 'NONE', *, *, #1723, .F. ) ;
#2738 = CARTESIAN_POINT ( 'NONE',  ( 15.88999999999977852, 6.449996722562282514, -15.00000000000076739 ) ) ;
#2739 = EDGE_LOOP ( 'NONE', ( #3441, #2243 ) ) ;
#2740 = CARTESIAN_POINT ( 'NONE',  ( 52.00000000000000000, 0.0000000000000000000, -16.00000000000000000 ) ) ;
#2741 = EDGE_CURVE ( 'NONE', #2319, #2723, #856, .T. ) ;
#2742 = CARTESIAN_POINT ( 'NONE',  ( 43.00000000000000000, -15.00000000000000000, -0.5000000000000004441 ) ) ;
#2743 = EDGE_LOOP ( 'NONE', ( #2337, #147, #1132 ) ) ;
#2744 = CARTESIAN_POINT ( 'NONE',  ( 48.94999999999998863, 4.099999999999997868, -22.00000000000000000 ) ) ;
#2745 = CARTESIAN_POINT ( 'NONE',  ( 40.54736269327507614, 5.191399727262026254, -7.267120999648370550 ) ) ;
#2746 = DIRECTION ( 'NONE',  ( 0.0000000000000000000, 0.0000000000000000000, 1.000000000000000000 ) ) ;
#2747 = PERSON_AND_ORGANIZATION ( #1186, #1352 ) ;
#2748 = ADVANCED_FACE ( 'NONE', ( #2795 ), #1310, .F. ) ;
#2749 = EDGE_CURVE ( 'NONE', #2909, #1185, #473, .T. ) ;
#2750 = ORIENTED_EDGE ( 'NONE', *, *, #3378, .F. ) ;
#2751 = CYLINDRICAL_SURFACE ( 'NONE', #863, 1.449999999999999956 ) ;
#2752 = ORIENTED_EDGE ( 'NONE', *, *, #1494, .F. ) ;
#2753 = CARTESIAN_POINT ( 'NONE',  ( 49.00000000000000711, -15.00000000000000000, -7.849999999999999645 ) ) ;
#2754 = FACE_BOUND ( 'NONE', #328, .T. ) ;
#2755 = CARTESIAN_POINT ( 'NONE',  ( 40.55691705258031021, 5.000000000000000000, -7.270867253240735906 ) ) ;
#2756 = ORIENTED_EDGE ( 'NONE', *, *, #634, .T. ) ;
#2757 = LINE ( 'NONE', #2527, #2339 ) ;
#2758 = ORIENTED_EDGE ( 'NONE', *, *, #2240, .F. ) ;
#2759 = PLANE ( 'NONE',  #2927 ) ;
#2760 = CARTESIAN_POINT ( 'NONE',  ( 5.999999999999991118, -13.50000000000000000, -14.06000000000000405 ) ) ;
#2761 = EDGE_CURVE ( 'NONE', #2194, #2728, #4, .T. ) ;
#2762 = CARTESIAN_POINT ( 'NONE',  ( 0.4999999999999935052, 10.00000000000000000, -0.5000000000000004441 ) ) ;
#2763 = ORIENTED_EDGE ( 'NONE', *, *, #1860, .T. ) ;
#2764 = EDGE_CURVE ( 'NONE', #2799, #638, #821, .T. ) ;
#2765 = DIRECTION ( 'NONE',  ( 0.0000000000000000000, 0.0000000000000000000, 1.000000000000000000 ) ) ;
#2766 = VECTOR ( 'NONE', #205, 1000.000000000000000 ) ;
#2767 = AXIS2_PLACEMENT_3D ( 'NONE', #2495, #314, #2510 ) ;
#2768 = ORIENTED_EDGE ( 'NONE', *, *, #568, .T. ) ;
#2769 = ADVANCED_FACE ( 'NONE', ( #84 ), #3261, .T. ) ;
#2770 = CARTESIAN_POINT ( 'NONE',  ( 28.63182432372726538, 3.531659289627878451, -6.282800162164344115 ) ) ;
#2771 = LINE ( 'NONE', #3188, #19 ) ;
#2772 = CARTESIAN_POINT ( 'NONE',  ( 0.5000000000000004441, -15.00000000000000000, -21.50000000000000000 ) ) ;
#2773 = LINE ( 'NONE', #3290, #3414 ) ;
#2774 = CARTESIAN_POINT ( 'NONE',  ( 11.49999999999999645, -15.00000000000000000, -0.5000000000000004441 ) ) ;
#2775 = VERTEX_POINT ( 'NONE', #820 ) ;
#2776 = DIRECTION ( 'NONE',  ( 1.000000000000000000, 0.0000000000000000000, 0.0000000000000000000 ) ) ;
#2777 = CARTESIAN_POINT ( 'NONE',  ( 39.10077049523863479, 6.449986972297629961, -14.99998935201605832 ) ) ;
#2778 = VERTEX_POINT ( 'NONE', #2724 ) ;
#2779 = ORIENTED_EDGE ( 'NONE', *, *, #1648, .F. ) ;
#2780 = DIRECTION ( 'NONE',  ( 0.0000000000000000000, 0.0000000000000000000, 1.000000000000000000 ) ) ;
#2781 = ADVANCED_FACE ( 'NONE', ( #1565 ), #210, .F. ) ;
#2782 = DIRECTION ( 'NONE',  ( -1.000000000000000000, 0.0000000000000000000, 0.0000000000000000000 ) ) ;
#2783 = EDGE_CURVE ( 'NONE', #2049, #2960, #2204, .T. ) ;
#2784 = ORIENTED_EDGE ( 'NONE', *, *, #487, .F. ) ;
#2785 = CARTESIAN_POINT ( 'NONE',  ( 47.59999999999998721, 4.099999999999997868, -16.00000000000000000 ) ) ;
#2786 = DATE_AND_TIME ( #509, #2584 ) ;
#2787 = CARTESIAN_POINT ( 'NONE',  ( 38.36498309930903616, 3.732502077634940019, -14.93404574656649864 ) ) ;
#2788 = DIRECTION ( 'NONE',  ( -0.7071067811865524577, 0.0000000000000000000, -0.7071067811865425767 ) ) ;
#2789 = EDGE_CURVE ( 'NONE', #894, #2616, #2122, .T. ) ;
#2790 = VECTOR ( 'NONE', #2720, 1000.000000000000000 ) ;
#2791 = ORIENTED_EDGE ( 'NONE', *, *, #1177, .T. ) ;
#2792 = B_SPLINE_CURVE_WITH_KNOTS ( 'NONE', 3,
 ( #927, #2034, #1503, #2094, #2869, #1808, #1512, #1283, #995, #2621, #1532, #3431, #2365, #2884 ),
 .UNSPECIFIED., .F., .F.,
 ( 4, 2, 2, 2, 2, 2, 4 ),
 ( 0.008758251275173659783, 0.009488310239960405512, 0.009853339722353780111, 0.01021836920474715645, 0.01058339868714053104, 0.01094842816953390564, 0.01167848713432064790 ),
 .UNSPECIFIED. ) ;
#2793 = CARTESIAN_POINT ( 'NONE',  ( 7.400000000000000355, 4.099999999999997868, -16.00000000000000000 ) ) ;
#2794 = CARTESIAN_POINT ( 'NONE',  ( 49.00000000000000711, -13.50000000000000000, -12.14999999999999503 ) ) ;
#2795 = FACE_OUTER_BOUND ( 'NONE', #3515, .T. ) ;
#2796 = VERTEX_POINT ( 'NONE', #2959 ) ;
#2797 = DIRECTION ( 'NONE',  ( -0.0000000000000000000, -0.0000000000000000000, 1.000000000000000000 ) ) ;
#2798 = VECTOR ( 'NONE', #1929, 1000.000000000000000 ) ;
#2799 = VERTEX_POINT ( 'NONE', #2704 ) ;
#2800 = ADVANCED_FACE ( 'NONE', ( #2374 ), #2692, .T. ) ;
#2801 = DIRECTION ( 'NONE',  ( 1.000000000000000000, 0.0000000000000000000, 0.0000000000000000000 ) ) ;
#2802 = AXIS2_PLACEMENT_3D ( 'NONE', #2389, #3448, #3162 ) ;
#2803 = CARTESIAN_POINT ( 'NONE',  ( 11.49999999999999645, -15.00000000000000000, -0.5000000000000004441 ) ) ;
#2804 = FACE_OUTER_BOUND ( 'NONE', #254, .T. ) ;
#2805 = ORIENTED_EDGE ( 'NONE', *, *, #487, .T. ) ;
#2806 = DIRECTION ( 'NONE',  ( -0.0000000000000000000, -0.0000000000000000000, 1.000000000000000000 ) ) ;
#2807 = LINE ( 'NONE', #715, #1117 ) ;
#2808 = CARTESIAN_POINT ( 'NONE',  ( 3.000000000000000000, 0.0000000000000000000, -22.00000000000000000 ) ) ;
#2809 = EDGE_CURVE ( 'NONE', #3036, #2499, #424, .T. ) ;
#2810 = LINE ( 'NONE', #2990, #2350 ) ;
#2811 = EDGE_CURVE ( 'NONE', #2947, #1340, #3063, .T. ) ;
#2812 = EDGE_LOOP ( 'NONE', ( #769, #194, #1557 ) ) ;
#2813 = DIRECTION ( 'NONE',  ( -1.000000000000000000, 0.0000000000000000000, 0.0000000000000000000 ) ) ;
#2814 = LINE ( 'NONE', #1721, #2097 ) ;
#2815 = CARTESIAN_POINT ( 'NONE',  ( 29.16057840704977266, 5.824400655779153446, -6.442866893823767427 ) ) ;
#2816 = PLANE ( 'NONE',  #2985 ) ;
#2817 = VECTOR ( 'NONE', #471, 1000.000000000000000 ) ;
#2818 = DIRECTION ( 'NONE',  ( 1.000000000000000000, 0.0000000000000000000, 0.0000000000000000000 ) ) ;
#2819 = DIRECTION ( 'NONE',  ( 0.7071067811865425767, -0.7071067811865524577, 0.0000000000000000000 ) ) ;
#2820 = CARTESIAN_POINT ( 'NONE',  ( 11.99999999999999645, -15.00000000000000000, -0.5000000000000004441 ) ) ;
#2821 = ADVANCED_FACE ( 'NONE', ( #2543 ), #2245, .F. ) ;
#2822 = EDGE_LOOP ( 'NONE', ( #2256, #2595, #1847, #444 ) ) ;
#2823 = DIRECTION ( 'NONE',  ( 0.0000000000000000000, 0.0000000000000000000, 1.000000000000000000 ) ) ;
#2824 = CARTESIAN_POINT ( 'NONE',  ( 39.84122176609399446, 6.264523836528597123, -14.93653550704226163 ) ) ;
#2825 = VERTEX_POINT ( 'NONE', #3380 ) ;
#2826 = CARTESIAN_POINT ( 'NONE',  ( 39.10999999999982180, 3.550003277437948856, -15.00000000000068390 ) ) ;
#2827 = ORIENTED_EDGE ( 'NONE', *, *, #3019, .F. ) ;
#2828 = EDGE_CURVE ( 'NONE', #1629, #1523, #2840, .T. ) ;
#2829 = CARTESIAN_POINT ( 'NONE',  ( 0.4999999999999970579, -14.75000000000000355, -0.2500000000000010547 ) ) ;
#2830 = CARTESIAN_POINT ( 'NONE',  ( 55.00000000000000000, 9.500000000000000000, -0.5000000000000004441 ) ) ;
#2831 = CARTESIAN_POINT ( 'NONE',  ( 26.37006803178742942, 3.530277504199523797, -6.282362352866728727 ) ) ;
#2832 = ORIENTED_EDGE ( 'NONE', *, *, #814, .F. ) ;
#2833 = AXIS2_PLACEMENT_3D ( 'NONE', #880, #2765, #319 ) ;
#2834 = ORIENTED_EDGE ( 'NONE', *, *, #2116, .T. ) ;
#2835 = ADVANCED_FACE ( 'NONE', ( #1356 ), #2289, .T. ) ;
#2836 = LINE ( 'NONE', #2851, #2076 ) ;
#2837 = DIRECTION ( 'NONE',  ( -0.0000000000000000000, -0.0000000000000000000, -1.000000000000000000 ) ) ;
#2838 = EDGE_LOOP ( 'NONE', ( #2971, #2664, #2841, #1910 ) ) ;
#2839 = VECTOR ( 'NONE', #2498, 1000.000000000000000 ) ;
#2840 = B_SPLINE_CURVE_WITH_KNOTS ( 'NONE', 3,
 ( #1119, #2548, #3369, #1202, #945, #3275, #3350, #2007, #3005, #2203, #2736, #1657, #1469, #383, #3064, #94, #2278, #1458, #660, #38, #1719, #297, #121, #135, #1992, #1758 ),
 .UNSPECIFIED., .F., .F.,
 ( 4, 2, 2, 2, 2, 2, 2, 2, 2, 2, 2, 2, 4 ),
 ( 0.002290161874716128282, 0.002575429675601695854, 0.002860697476487258657, 0.003431233078258388164, 0.003716500879143950532, 0.004001768680029512901, 0.004572304281800634168, 0.005142839883571756303, 0.005428107684457315202, 0.005713375485342874968, 0.006283911087113996236, 0.006569178887999556002, 0.006854446688885116636 ),
 .UNSPECIFIED. ) ;
#2841 = ORIENTED_EDGE ( 'NONE', *, *, #1075, .T. ) ;
#2842 = CARTESIAN_POINT ( 'NONE',  ( 46.24999999999999289, 4.099999999999997868, -16.00000000000000000 ) ) ;
#2843 = CARTESIAN_POINT ( 'NONE',  ( 25.83891733268949409, 4.176621323051254997, -6.443051597001591801 ) ) ;
#2844 = DIRECTION ( 'NONE',  ( -1.000000000000000000, 0.0000000000000000000, 0.0000000000000000000 ) ) ;
#2845 = FACE_BOUND ( 'NONE', #2989, .T. ) ;
#2846 = VECTOR ( 'NONE', #1366, 1000.000000000000000 ) ;
#2847 = DIRECTION ( 'NONE',  ( 0.0000000000000000000, 0.0000000000000000000, -1.000000000000000000 ) ) ;
#2848 = AXIS2_PLACEMENT_3D ( 'NONE', #3385, #1753, #2801 ) ;
#2849 = CYLINDRICAL_SURFACE ( 'NONE', #393, 1.350000000000000533 ) ;
#2850 = VERTEX_POINT ( 'NONE', #3087 ) ;
#2851 = CARTESIAN_POINT ( 'NONE',  ( 54.50000000000000711, 9.500000000000000000, -22.00000000000000000 ) ) ;
#2852 = DIRECTION ( 'NONE',  ( -1.000000000000000000, 0.0000000000000000000, -0.0000000000000000000 ) ) ;
#2853 = CARTESIAN_POINT ( 'NONE',  ( 27.37810561084716099, 3.149999999999998135, -6.150000000000004796 ) ) ;
#2854 = LINE ( 'NONE', #342, #1245 ) ;
#2855 = ADVANCED_FACE ( 'NONE', ( #1995 ), #311, .F. ) ;
#2856 = EDGE_CURVE ( 'NONE', #1389, #2053, #1486, .T. ) ;
#2857 = ORIENTED_EDGE ( 'NONE', *, *, #2064, .T. ) ;
#2858 = CARTESIAN_POINT ( 'NONE',  ( 4.349999999999999645, 1.653273178848927360E-16, -22.00000000000000000 ) ) ;
#2859 = AXIS2_PLACEMENT_3D ( 'NONE', #3136, #1817, #486 ) ;
#2860 = CARTESIAN_POINT ( 'NONE',  ( 54.50000000000000711, 10.00000000000000000, -22.00000000000000000 ) ) ;
#2861 = ORIENTED_EDGE ( 'NONE', *, *, #1700, .T. ) ;
#2862 = EDGE_CURVE ( 'NONE', #3100, #1815, #778, .T. ) ;
#2863 = EDGE_LOOP ( 'NONE', ( #981, #2752 ) ) ;
#2864 = CARTESIAN_POINT ( 'NONE',  ( 15.89922950476143804, 3.550013027702370039, -14.99998935201605832 ) ) ;
#2865 = CARTESIAN_POINT ( 'NONE',  ( 15.88999999999977852, 6.449996722562282514, -15.00000000000076739 ) ) ;
#2866 = ORIENTED_EDGE ( 'NONE', *, *, #737, .T. ) ;
#2867 = CARTESIAN_POINT ( 'NONE',  ( 39.09462393789713985, 5.000000000000000000, -30.00000000000000000 ) ) ;
#2868 = AXIS2_PLACEMENT_3D ( 'NONE', #2727, #2608, #2888 ) ;
#2869 = CARTESIAN_POINT ( 'NONE',  ( 25.89685367576902308, 5.931095532962837424, -15.57792905925762206 ) ) ;
#2870 = EDGE_LOOP ( 'NONE', ( #1724, #2348, #1807, #1147 ) ) ;
#2871 = EDGE_CURVE ( 'NONE', #1444, #1487, #641, .T. ) ;
#2872 = ORIENTED_EDGE ( 'NONE', *, *, #546, .F. ) ;
#2873 = DIRECTION ( 'NONE',  ( 0.0000000000000000000, 0.0000000000000000000, 1.000000000000000000 ) ) ;
#2874 = CARTESIAN_POINT ( 'NONE',  ( 53.34999999999999432, 1.653273178848924895E-16, -16.00000000000000000 ) ) ;
#2875 = EDGE_CURVE ( 'NONE', #3293, #854, #386, .T. ) ;
#2876 = LINE ( 'NONE', #1222, #3210 ) ;
#2877 = DIRECTION ( 'NONE',  ( 1.000000000000000000, 0.0000000000000000000, 0.0000000000000000000 ) ) ;
#2878 = ORIENTED_EDGE ( 'NONE', *, *, #1067, .T. ) ;
#2879 = DIRECTION ( 'NONE',  ( 0.0000000000000000000, 0.0000000000000000000, -1.000000000000000000 ) ) ;
#2880 = AXIS2_PLACEMENT_3D ( 'NONE', #1398, #1621, #1105 ) ;
#2881 = DIRECTION ( 'NONE',  ( 0.0000000000000000000, 0.0000000000000000000, 1.000000000000000000 ) ) ;
#2882 = VECTOR ( 'NONE', #2806, 1000.000000000000000 ) ;
#2883 = ORIENTED_EDGE ( 'NONE', *, *, #3054, .T. ) ;
#2884 = CARTESIAN_POINT ( 'NONE',  ( 27.49999999999999645, 6.850000000000001421, -15.84999999999999964 ) ) ;
#2885 = DIRECTION ( 'NONE',  ( 0.0000000000000000000, 0.0000000000000000000, -1.000000000000000000 ) ) ;
#2886 = VECTOR ( 'NONE', #1052, 999.9999999999998863 ) ;
#2887 = FACE_BOUND ( 'NONE', #647, .T. ) ;
#2888 = DIRECTION ( 'NONE',  ( 1.000000000000000000, 0.0000000000000000000, -0.0000000000000000000 ) ) ;
#2889 = VERTEX_POINT ( 'NONE', #3097 ) ;
#2890 = FACE_BOUND ( 'NONE', #423, .T. ) ;
#2891 =( BOUNDED_CURVE ( )  B_SPLINE_CURVE ( 3, ( #548, #2426, #1080, #1099 ),
 .UNSPECIFIED., .F., .T. ) 
 B_SPLINE_CURVE_WITH_KNOTS ( ( 4, 4 ),
 ( 6.048123722810075265, 6.518246891549096311 ),
 .UNSPECIFIED. ) 
 CURVE ( )  GEOMETRIC_REPRESENTATION_ITEM ( )  RATIONAL_B_SPLINE_CURVE ( ( 1.000000000000000000, 0.9816666666666656882, 0.9816666666666656882, 1.000000000000000000 ) ) 
 REPRESENTATION_ITEM ( '' )  );
#2892 = CIRCLE ( 'NONE', #2470, 3.999999999999999112 ) ;
#2893 = AXIS2_PLACEMENT_3D ( 'NONE', #1777, #1521, #2903 ) ;
#2894 = CYLINDRICAL_SURFACE ( 'NONE', #1209, 3.999999999999999112 ) ;
#2895 = DIRECTION ( 'NONE',  ( 0.0000000000000000000, -1.000000000000000000, 0.0000000000000000000 ) ) ;
#2896 = DIRECTION ( 'NONE',  ( 1.000000000000000000, 0.0000000000000000000, 0.0000000000000000000 ) ) ;
#2897 = AXIS2_PLACEMENT_3D ( 'NONE', #3463, #2673, #2930 ) ;
#2898 = EDGE_LOOP ( 'NONE', ( #1562, #2184, #3451, #2061, #1205, #1090, #1433, #376 ) ) ;
#2899 = DIRECTION ( 'NONE',  ( -1.000000000000000000, 0.0000000000000000000, 0.0000000000000000000 ) ) ;
#2900 = CARTESIAN_POINT ( 'NONE',  ( 15.88999999999999702, 0.0000000000000000000, -15.00000000000000000 ) ) ;
#2901 = ORIENTED_EDGE ( 'NONE', *, *, #2741, .T. ) ;
#2902 = EDGE_CURVE ( 'NONE', #1440, #514, #2712, .T. ) ;
#2903 = DIRECTION ( 'NONE',  ( 0.0000000000000000000, 0.0000000000000000000, -1.000000000000000000 ) ) ;
#2904 = DIRECTION ( 'NONE',  ( -1.000000000000000000, 0.0000000000000000000, 0.0000000000000000000 ) ) ;
#2905 = EDGE_LOOP ( 'NONE', ( #310, #595, #247, #1411, #1456 ) ) ;
#2906 = CARTESIAN_POINT ( 'NONE',  ( 14.79976488573947258, 5.957137899143227777, -14.84917768524741177 ) ) ;
#2907 = ORIENTED_EDGE ( 'NONE', *, *, #2489, .F. ) ;
#2908 = DIRECTION ( 'NONE',  ( -0.0000000000000000000, -0.0000000000000000000, -1.000000000000000000 ) ) ;
#2909 = VERTEX_POINT ( 'NONE', #2607 ) ;
#2910 = DIRECTION ( 'NONE',  ( -1.000000000000000000, 0.0000000000000000000, 0.0000000000000000000 ) ) ;
#2911 = CARTESIAN_POINT ( 'NONE',  ( 5.999999999999991118, 10.00000000000000000, -14.06000000000000405 ) ) ;
#2912 = DIRECTION ( 'NONE',  ( 0.0000000000000000000, 0.0000000000000000000, 1.000000000000000000 ) ) ;
#2913 = AXIS2_PLACEMENT_3D ( 'NONE', #2268, #650, #405 ) ;
#2914 = EDGE_LOOP ( 'NONE', ( #1822, #1109 ) ) ;
#2915 = VECTOR ( 'NONE', #2200, 1000.000000000000114 ) ;
#2916 = PLANE ( 'NONE',  #1038 ) ;
#2917 = ORIENTED_EDGE ( 'NONE', *, *, #1111, .F. ) ;
#2918 = DIRECTION ( 'NONE',  ( -0.7071067811865425767, 0.0000000000000000000, 0.7071067811865525687 ) ) ;
#2919 = EDGE_CURVE ( 'NONE', #2825, #1438, #43, .T. ) ;
#2920 = CIRCLE ( 'NONE', #732, 1.449999999999999956 ) ;
#2921 = DIRECTION ( 'NONE',  ( 0.0000000000000000000, -0.7071067811865536790, 0.7071067811865414665 ) ) ;
#2922 = ORIENTED_EDGE ( 'NONE', *, *, #3019, .T. ) ;
#2923 = CARTESIAN_POINT ( 'NONE',  ( 15.89922950476127816, 3.550013027702370483, -7.000010647983939904 ) ) ;
#2924 = DIRECTION ( 'NONE',  ( 0.5773502691896231775, -0.5773502691896231775, 0.5773502691896310601 ) ) ;
#2925 = CYLINDRICAL_SURFACE ( 'NONE', #683, 1.149999999999996581 ) ;
#2926 = DIRECTION ( 'NONE',  ( -0.7071067811865426878, -2.527607067914224749E-15, 0.7071067811865523467 ) ) ;
#2927 = AXIS2_PLACEMENT_3D ( 'NONE', #585, #875, #852 ) ;
#2928 = VECTOR ( 'NONE', #2189, 1000.000000000000000 ) ;
#2929 = ORIENTED_EDGE ( 'NONE', *, *, #1754, .T. ) ;
#2930 = DIRECTION ( 'NONE',  ( 1.000000000000000000, 0.0000000000000000000, -0.0000000000000000000 ) ) ;
#2931 = FACE_BOUND ( 'NONE', #1612, .T. ) ;
#2932 = ORIENTED_EDGE ( 'NONE', *, *, #1780, .T. ) ;
#2933 = CARTESIAN_POINT ( 'NONE',  ( 39.10077049517801839, 3.550013027702113355, -7.000010647984079348 ) ) ;
#2934 = CARTESIAN_POINT ( 'NONE',  ( 37.69193181491979061, 5.379513619234274735, -7.259747554127454094 ) ) ;
#2935 = FACE_OUTER_BOUND ( 'NONE', #169, .T. ) ;
#2936 = EDGE_LOOP ( 'NONE', ( #2963, #1392, #21, #2028 ) ) ;
#2937 = CARTESIAN_POINT ( 'NONE',  ( 28.89209158382821840, 3.775684095032129317, -15.64675568517555782 ) ) ;
#2938 = DIRECTION ( 'NONE',  ( 0.0000000000000000000, -1.000000000000000000, 0.0000000000000000000 ) ) ;
#2939 = LINE ( 'NONE', #1308, #913 ) ;
#2940 = DIRECTION ( 'NONE',  ( -0.7071067811865426878, -9.971650393578880646E-15, 0.7071067811865524577 ) ) ;
#2941 = APPROVAL_STATUS ( 'not_yet_approved' ) ;
#2942 = VERTEX_POINT ( 'NONE', #1526 ) ;
#2943 = PRODUCT_DEFINITION ( 'UNKNOWN', '', #3230, #1331 ) ;
#2944 = CARTESIAN_POINT ( 'NONE',  ( 17.35537606210286654, 4.806007544771182083, -14.72191791911319037 ) ) ;
#2945 = EDGE_CURVE ( 'NONE', #2799, #703, #1019, .T. ) ;
#2946 = CARTESIAN_POINT ( 'NONE',  ( 3.000000000000000000, 0.0000000000000000000, -16.00000000000000000 ) ) ;
#2947 = VERTEX_POINT ( 'NONE', #2864 ) ;
#2948 = CARTESIAN_POINT ( 'NONE',  ( 39.10077049523872716, 3.550013027702370483, -2.749999999999999112 ) ) ;
#2949 = CARTESIAN_POINT ( 'NONE',  ( 38.90973013239621281, 6.450796800638988415, -7.000451451141969095 ) ) ;
#2950 = AXIS2_PLACEMENT_3D ( 'NONE', #2946, #760, #2639 ) ;
#2951 = ORIENTED_EDGE ( 'NONE', *, *, #3233, .F. ) ;
#2952 = CARTESIAN_POINT ( 'NONE',  ( 54.75000000000000000, -14.50000000000000355, -0.2500000000000001665 ) ) ;
#2953 = ORIENTED_EDGE ( 'NONE', *, *, #3102, .T. ) ;
#2954 = MECHANICAL_CONTEXT ( 'NONE', #1051, 'mechanical' ) ;
#2955 = DIRECTION ( 'NONE',  ( -1.000000000000000000, 0.0000000000000000000, -0.0000000000000000000 ) ) ;
#2956 = CARTESIAN_POINT ( 'NONE',  ( 15.00030481223190115, 6.158134952939681384, -14.90225169623327695 ) ) ;
#2957 = CARTESIAN_POINT ( 'NONE',  ( 49.00000000000000711, -18.00000000000000000, -10.99999999999999822 ) ) ;
#2958 = CARTESIAN_POINT ( 'NONE',  ( 15.88999999999988688, 6.449996722561303741, -6.999999999999585221 ) ) ;
#2959 = CARTESIAN_POINT ( 'NONE',  ( 5.999999999999991118, -18.00000000000000000, -9.850000000000004974 ) ) ;
#2960 = VERTEX_POINT ( 'NONE', #2588 ) ;
#2961 = DIRECTION ( 'NONE',  ( 0.0000000000000000000, -1.000000000000000000, 0.0000000000000000000 ) ) ;
#2962 = LINE ( 'NONE', #3081, #1820 ) ;
#2963 = ORIENTED_EDGE ( 'NONE', *, *, #2334, .F. ) ;
#2964 = DIRECTION ( 'NONE',  ( 1.000000000000000000, 0.0000000000000000000, 0.0000000000000000000 ) ) ;
#2965 = CYLINDRICAL_SURFACE ( 'NONE', #2557, 1.449999999999999956 ) ;
#2966 = CARTESIAN_POINT ( 'NONE',  ( 37.68355531131709313, 5.383695477428800835, -14.73781455072709967 ) ) ;
#2967 = ORIENTED_EDGE ( 'NONE', *, *, #534, .F. ) ;
#2968 = EDGE_CURVE ( 'NONE', #2380, #654, #2836, .T. ) ;
#2969 = VECTOR ( 'NONE', #10, 1000.000000000000000 ) ;
#2970 = DIRECTION ( 'NONE',  ( 0.0000000000000000000, 0.0000000000000000000, 1.000000000000000000 ) ) ;
#2971 = ORIENTED_EDGE ( 'NONE', *, *, #1027, .F. ) ;
#2972 = CARTESIAN_POINT ( 'NONE',  ( 39.09462393789713985, 5.000000000000000000, -18.00000000000000000 ) ) ;
#2973 = EDGE_CURVE ( 'NONE', #1691, #348, #3436, .T. ) ;
#2974 = CIRCLE ( 'NONE', #1831, 3.000000000000006217 ) ;
#2975 = EDGE_LOOP ( 'NONE', ( #1200, #1952, #1745 ) ) ;
#2976 = VECTOR ( 'NONE', #609, 1000.000000000000000 ) ;
#2977 = DIRECTION ( 'NONE',  ( -1.000000000000000000, 0.0000000000000000000, 0.0000000000000000000 ) ) ;
#2978 = EDGE_CURVE ( 'NONE', #2164, #2778, #1396, .T. ) ;
#2979 = DIRECTION ( 'NONE',  ( 0.7071067811865524577, 0.0000000000000000000, -0.7071067811865425767 ) ) ;
#2980 = LINE ( 'NONE', #69, #271 ) ;
#2981 = CARTESIAN_POINT ( 'NONE',  ( 11.49999999999999645, -15.00000000000000000, 0.0000000000000000000 ) ) ;
#2982 = CARTESIAN_POINT ( 'NONE',  ( 37.71968892767942094, 5.470315639656377016, -7.249191118908382414 ) ) ;
#2983 = FACE_OUTER_BOUND ( 'NONE', #1167, .T. ) ;
#2984 = CARTESIAN_POINT ( 'NONE',  ( 16.09024095920703701, 6.450796678095052528, -7.000451384439243974 ) ) ;
#2985 = AXIS2_PLACEMENT_3D ( 'NONE', #116, #380, #2016 ) ;
#2986 = DIRECTION ( 'NONE',  ( 0.0000000000000000000, -1.000000000000000000, 0.0000000000000000000 ) ) ;
#2987 = DIRECTION ( 'NONE',  ( -0.7071067811865524577, -0.0000000000000000000, -0.7071067811865425767 ) ) ;
#2988 = EDGE_CURVE ( 'NONE', #488, #3007, #1909, .T. ) ;
#2989 = EDGE_LOOP ( 'NONE', ( #3510, #2285, #2758 ) ) ;
#2990 = CARTESIAN_POINT ( 'NONE',  ( 54.50000000000000711, 9.500000000000000000, -22.00000000000000000 ) ) ;
#2991 = EDGE_CURVE ( 'NONE', #284, #894, #1271, .T. ) ;
#2992 = ORIENTED_EDGE ( 'NONE', *, *, #3334, .T. ) ;
#2993 = PLANE ( 'NONE',  #696 ) ;
#2994 = AXIS2_PLACEMENT_3D ( 'NONE', #1878, #2417, #266 ) ;
#2995 = DIRECTION ( 'NONE',  ( 1.000000000000000000, 0.0000000000000000000, 0.0000000000000000000 ) ) ;
#2996 = ORIENTED_EDGE ( 'NONE', *, *, #984, .T. ) ;
#2997 = CARTESIAN_POINT ( 'NONE',  ( 15.90537606210286725, 5.000000000000000000, -2.750000000000000000 ) ) ;
#2998 = ORIENTED_EDGE ( 'NONE', *, *, #2381, .F. ) ;
#2999 = DIRECTION ( 'NONE',  ( 0.0000000000000000000, 0.7071067811865426878, -0.7071067811865524577 ) ) ;
#3000 = ORIENTED_EDGE ( 'NONE', *, *, #1912, .F. ) ;
#3001 = CARTESIAN_POINT ( 'NONE',  ( 5.999999999999991118, -18.00199999999999889, -11.00000000000000533 ) ) ;
#3002 = VECTOR ( 'NONE', #682, 1000.000000000000000 ) ;
#3003 = VERTEX_POINT ( 'NONE', #2054 ) ;
#3004 = CARTESIAN_POINT ( 'NONE',  ( 40.26524001646303930, 5.892105705684583583, -7.168009123487355971 ) ) ;
#3005 = CARTESIAN_POINT ( 'NONE',  ( 14.74010053394425235, 5.884299304233024941, -7.168454731227813959 ) ) ;
#3006 = VECTOR ( 'NONE', #1032, 1000.000000000000000 ) ;
#3007 = VERTEX_POINT ( 'NONE', #3402 ) ;
#3008 = DIRECTION ( 'NONE',  ( 0.0000000000000000000, 0.0000000000000000000, -1.000000000000000000 ) ) ;
#3009 = EDGE_CURVE ( 'NONE', #1463, #1815, #2453, .T. ) ;
#3010 = CYLINDRICAL_SURFACE ( 'NONE', #1596, 1.449999999999999956 ) ;
#3011 = ORIENTED_EDGE ( 'NONE', *, *, #416, .F. ) ;
#3012 = CARTESIAN_POINT ( 'NONE',  ( 37.64462393789713701, 5.000000000000000000, -14.72191791911319392 ) ) ;
#3013 = LINE ( 'NONE', #3269, #1069 ) ;
#3014 = ORIENTED_EDGE ( 'NONE', *, *, #1388, .F. ) ;
#3015 = AXIS2_PLACEMENT_3D ( 'NONE', #3320, #1985, #44 ) ;
#3016 = ADVANCED_FACE ( 'NONE', ( #3346 ), #1950, .F. ) ;
#3017 = FACE_BOUND ( 'NONE', #2739, .T. ) ;
#3018 = ORIENTED_EDGE ( 'NONE', *, *, #349, .F. ) ;
#3019 = EDGE_CURVE ( 'NONE', #2452, #1577, #1191, .T. ) ;
#3020 = VECTOR ( 'NONE', #552, 1000.000000000000000 ) ;
#3021 = CARTESIAN_POINT ( 'NONE',  ( 5.999999999999991118, 10.00000000000000000, -7.940000000000003944 ) ) ;
#3022 = ORIENTED_EDGE ( 'NONE', *, *, #1252, .F. ) ;
#3023 = CARTESIAN_POINT ( 'NONE',  ( 39.10691705258031448, 5.000000000000000000, -18.00000000000000000 ) ) ;
#3024 = LINE ( 'NONE', #3078, #1971 ) ;
#3025 = DIRECTION ( 'NONE',  ( 0.0000000000000000000, 0.0000000000000000000, 1.000000000000000000 ) ) ;
#3026 = CARTESIAN_POINT ( 'NONE',  ( 26.10560695725121860, 3.778196047057222895, -15.64607924488959867 ) ) ;
#3027 = ORIENTED_EDGE ( 'NONE', *, *, #2267, .T. ) ;
#3028 = AXIS2_PLACEMENT_3D ( 'NONE', #938, #2530, #2582 ) ;
#3029 = CARTESIAN_POINT ( 'NONE',  ( 40.26054036906787559, 4.116558355836535732, -7.168649478334589098 ) ) ;
#3030 = CARTESIAN_POINT ( 'NONE',  ( 43.00000000000000000, 0.0000000000000000000, -11.93161150701352469 ) ) ;
#3031 = ADVANCED_FACE ( 'NONE', ( #3392 ), #3170, .F. ) ;
#3032 = ORIENTED_EDGE ( 'NONE', *, *, #223, .F. ) ;
#3033 = DIRECTION ( 'NONE',  ( 1.000000000000000000, 0.0000000000000000000, 0.0000000000000000000 ) ) ;
#3034 = EDGE_CURVE ( 'NONE', #1347, #343, #1980, .T. ) ;
#3035 = DIRECTION ( 'NONE',  ( 0.0000000000000000000, -1.000000000000000000, 0.0000000000000000000 ) ) ;
#3036 = VERTEX_POINT ( 'NONE', #211 ) ;
#3037 = CARTESIAN_POINT ( 'NONE',  ( 25.64999999999999858, 5.000000000000000000, -15.48330235429197721 ) ) ;
#3038 = CARTESIAN_POINT ( 'NONE',  ( 29.10427812244518009, 4.070946554639320425, -6.422476299872785788 ) ) ;
#3039 = ORIENTED_EDGE ( 'NONE', *, *, #2247, .T. ) ;
#3040 = DIRECTION ( 'NONE',  ( 0.0000000000000000000, 0.0000000000000000000, 1.000000000000000000 ) ) ;
#3041 = ORIENTED_EDGE ( 'NONE', *, *, #942, .F. ) ;
#3042 = CARTESIAN_POINT ( 'NONE',  ( 43.00000000000000000, 0.0000000000000000000, 2.632990618166809235E-15 ) ) ;
#3043 = CIRCLE ( 'NONE', #3250, 1.149999999999996581 ) ;
#3044 = ORIENTED_EDGE ( 'NONE', *, *, #2425, .F. ) ;
#3045 = ADVANCED_FACE ( 'NONE', ( #2667 ), #503, .T. ) ;
#3046 = CARTESIAN_POINT ( 'NONE',  ( 39.10538604206786317, 6.450001639532946918, -14.99999822625530399 ) ) ;
#3047 = FACE_OUTER_BOUND ( 'NONE', #1104, .T. ) ;
#3048 = AXIS2_PLACEMENT_3D ( 'NONE', #3333, #1718, #2262 ) ;
#3049 = CARTESIAN_POINT ( 'NONE',  ( 39.10077049523872716, 3.550013027702370483, -9.000000000000000000 ) ) ;
#3050 = ORIENTED_EDGE ( 'NONE', *, *, #2919, .F. ) ;
#3051 = VECTOR ( 'NONE', #2333, 1000.000000000000000 ) ;
#3052 = CARTESIAN_POINT ( 'NONE',  ( 39.10999999999999943, 0.0000000000000000000, -11.00000000000000000 ) ) ;
#3053 = CARTESIAN_POINT ( 'NONE',  ( 39.10691705258031448, 5.000000000000000000, -2.749999999999999112 ) ) ;
#3054 = EDGE_CURVE ( 'NONE', #2319, #2499, #3300, .T. ) ;
#3055 = CARTESIAN_POINT ( 'NONE',  ( 43.00000000000000000, -14.50000000000000533, 2.632990618166809235E-15 ) ) ;
#3056 = LINE ( 'NONE', #1874, #1658 ) ;
#3057 = ORIENTED_EDGE ( 'NONE', *, *, #527, .T. ) ;
#3058 = VECTOR ( 'NONE', #1925, 1000.000000000000000 ) ;
#3059 = AXIS2_PLACEMENT_3D ( 'NONE', #2523, #1188, #1695 ) ;
#3060 = CARTESIAN_POINT ( 'NONE',  ( 37.64462393789714412, 4.809079065067351166, -14.72191791911320280 ) ) ;
#3061 = CARTESIAN_POINT ( 'NONE',  ( 26.56830682769172824, 6.602760219332897584, -6.239239815690599933 ) ) ;
#3062 = LINE ( 'NONE', #3255, #98 ) ;
#3063 = B_SPLINE_CURVE_WITH_KNOTS ( 'NONE', 3,
 ( #283, #2450, #106, #1387, #3337 ),
 .UNSPECIFIED., .F., .F.,
 ( 4, 1, 4 ),
 ( 0.002280958940249292084, 0.002285560407482709749, 0.002290161874716127414 ),
 .UNSPECIFIED. ) ;
#3064 = CARTESIAN_POINT ( 'NONE',  ( 14.48148102785299152, 4.618256899735876608, -7.255401355350162618 ) ) ;
#3065 = DIRECTION ( 'NONE',  ( 1.000000000000000000, 0.0000000000000000000, 0.0000000000000000000 ) ) ;
#3066 = FACE_OUTER_BOUND ( 'NONE', #1791, .T. ) ;
#3067 = ADVANCED_FACE ( 'NONE', ( #512 ), #1311, .F. ) ;
#3068 = CARTESIAN_POINT ( 'NONE',  ( 0.0000000000000000000, -14.50000000000000711, -22.00000000000000000 ) ) ;
#3069 = VERTEX_POINT ( 'NONE', #2661 ) ;
#3070 = AXIS2_PLACEMENT_3D ( 'NONE', #1608, #2174, #1327 ) ;
#3071 = ORIENTED_EDGE ( 'NONE', *, *, #1771, .F. ) ;
#3072 = DIRECTION ( 'NONE',  ( -0.0000000000000000000, 0.0000000000000000000, 1.000000000000000000 ) ) ;
#3073 = CARTESIAN_POINT ( 'NONE',  ( 39.10077049523872716, 3.550013027702370483, -14.99998935201605832 ) ) ;
#3074 = CARTESIAN_POINT ( 'NONE',  ( 26.90046943174293048, 3.245640129540563024, -6.185866880362311804 ) ) ;
#3075 = ORIENTED_EDGE ( 'NONE', *, *, #3516, .F. ) ;
#3076 = AXIS2_PLACEMENT_3D ( 'NONE', #3294, #2514, #2776 ) ;
#3077 = VERTEX_POINT ( 'NONE', #2651 ) ;
#3078 = CARTESIAN_POINT ( 'NONE',  ( 43.00000000000000000, 62.30000000000000426, -11.93161150701352469 ) ) ;
#3079 = COORDINATED_UNIVERSAL_TIME_OFFSET ( 0, 0, .AHEAD. ) ;
#3080 = ADVANCED_FACE ( 'NONE', ( #2241, #1013 ), #1044, .F. ) ;
#3081 = CARTESIAN_POINT ( 'NONE',  ( 54.50000000000000711, 10.00000000000000000, -22.00000000000000000 ) ) ;
#3082 = CARTESIAN_POINT ( 'NONE',  ( 26.89993277159247498, 6.754240200655488024, -6.185914269997818238 ) ) ;
#3083 = EDGE_CURVE ( 'NONE', #3003, #1408, #293, .T. ) ;
#3084 = FACE_OUTER_BOUND ( 'NONE', #1655, .T. ) ;
#3085 = ORIENTED_EDGE ( 'NONE', *, *, #1884, .F. ) ;
#3086 = B_SPLINE_CURVE_WITH_KNOTS ( 'NONE', 3,
 ( #620, #3352, #1422, #632, #2279, #897, #3029, #75, #1981, #1972, #2236, #2509 ),
 .UNSPECIFIED., .F., .F.,
 ( 4, 2, 2, 2, 2, 4 ),
 ( 0.006860891297807650974, 0.007431643340592478629, 0.008002395383377306284, 0.008287771404769713607, 0.008573147426162120929, 0.009143899468946933839 ),
 .UNSPECIFIED. ) ;
#3087 = CARTESIAN_POINT ( 'NONE',  ( 27.49999999999999645, 6.850000000000001421, -15.84999999999999964 ) ) ;
#3088 = PLANE ( 'NONE',  #3169 ) ;
#3089 = CARTESIAN_POINT ( 'NONE',  ( 4.349999999999999645, 1.653273178848927360E-16, -16.00000000000000000 ) ) ;
#3090 = VECTOR ( 'NONE', #2108, 1000.000000000000000 ) ;
#3091 = DIRECTION ( 'NONE',  ( 0.0000000000000000000, 0.0000000000000000000, 1.000000000000000000 ) ) ;
#3092 = FACE_OUTER_BOUND ( 'NONE', #1987, .T. ) ;
#3093 = CARTESIAN_POINT ( 'NONE',  ( 28.43410158228815732, 6.614935395258634721, -6.235494529288186705 ) ) ;
#3094 = AXIS2_PLACEMENT_3D ( 'NONE', #238, #203, #228 ) ;
#3095 = PLANE ( 'NONE',  #3048 ) ;
#3096 = CIRCLE ( 'NONE', #517, 1.350000000000000533 ) ;
#3097 = CARTESIAN_POINT ( 'NONE',  ( 11.99999999999999645, -14.50000000000000533, -11.93161150701353534 ) ) ;
#3098 = VECTOR ( 'NONE', #3370, 1000.000000000000000 ) ;
#3099 = CARTESIAN_POINT ( 'NONE',  ( 26.10643610958060279, 3.777250081926361247, -6.353670875701816101 ) ) ;
#3100 = VERTEX_POINT ( 'NONE', #2948 ) ;
#3101 = ADVANCED_FACE ( 'NONE', ( #1266 ), #2136, .T. ) ;
#3102 = EDGE_CURVE ( 'NONE', #1444, #1397, #1649, .T. ) ;
#3103 = VECTOR ( 'NONE', #7, 1000.000000000000000 ) ;
#3104 = EDGE_LOOP ( 'NONE', ( #2025, #2737, #2471, #1567 ) ) ;
#3105 = AXIS2_PLACEMENT_3D ( 'NONE', #1943, #2225, #3259 ) ;
#3106 = LINE ( 'NONE', #1664, #795 ) ;
#3107 = DIRECTION ( 'NONE',  ( 0.7071067811865426878, -2.348192206748161519E-15, 0.7071067811865524577 ) ) ;
#3108 = CARTESIAN_POINT ( 'NONE',  ( 47.59999999999998721, 4.099999999999997868, -16.00000000000000000 ) ) ;
#3109 = ORIENTED_EDGE ( 'NONE', *, *, #2442, .T. ) ;
#3110 = B_SPLINE_CURVE_WITH_KNOTS ( 'NONE', 3,
 ( #671, #2544, #1978, #3322, #3082, #2558, #3061, #2027, #368, #1183, #410, #929, #1479, #940, #3377, #3347 ),
 .UNSPECIFIED., .F., .F.,
 ( 4, 2, 2, 2, 2, 2, 2, 4 ),
 ( 0.002920696648826574034, 0.003285554329839836859, 0.003650412010853099683, 0.004015269691866362942, 0.004380127372879625766, 0.004744985053892888591, 0.005109842734906151415, 0.005839558096932677064 ),
 .UNSPECIFIED. ) ;
#3111 = ORIENTED_EDGE ( 'NONE', *, *, #1859, .F. ) ;
#3112 = DIRECTION ( 'NONE',  ( -1.000000000000000000, 0.0000000000000000000, 0.0000000000000000000 ) ) ;
#3113 = ORIENTED_EDGE ( 'NONE', *, *, #3359, .T. ) ;
#3114 = ADVANCED_FACE ( 'NONE', ( #553 ), #1604, .F. ) ;
#3115 = CARTESIAN_POINT ( 'NONE',  ( 29.33774998132071943, 5.244775897882139937, -6.511588502788893784 ) ) ;
#3116 = DIRECTION ( 'NONE',  ( -0.0000000000000000000, -0.0000000000000000000, 1.000000000000000000 ) ) ;
#3117 = ORIENTED_EDGE ( 'NONE', *, *, #2614, .F. ) ;
#3118 = CC_DESIGN_PERSON_AND_ORGANIZATION_ASSIGNMENT ( #1639, #232, ( #3230 ) ) ;
#3119 = EDGE_CURVE ( 'NONE', #2591, #3156, #3127, .T. ) ;
#3120 = DIRECTION ( 'NONE',  ( 0.0000000000000000000, -0.7071067811865524577, -0.7071067811865426878 ) ) ;
#3121 = DIRECTION ( 'NONE',  ( -0.0000000000000000000, 1.000000000000000000, -0.0000000000000000000 ) ) ;
#3122 = VERTEX_POINT ( 'NONE', #1825 ) ;
#3123 = DIRECTION ( 'NONE',  ( -9.807109700556165258E-15, -0.7071067811865414665, -0.7071067811865536790 ) ) ;
#3124 = PERSON_AND_ORGANIZATION ( #1186, #1352 ) ;
#3125 = DIRECTION ( 'NONE',  ( -1.000000000000000000, 0.0000000000000000000, 0.0000000000000000000 ) ) ;
#3126 = ORIENTED_EDGE ( 'NONE', *, *, #1341, .F. ) ;
#3127 = CIRCLE ( 'NONE', #1014, 1.349999999999996980 ) ;
#3128 = EDGE_LOOP ( 'NONE', ( #740, #3351, #2628, #295 ) ) ;
#3129 = FACE_OUTER_BOUND ( 'NONE', #2170, .T. ) ;
#3130 = VERTEX_POINT ( 'NONE', #558 ) ;
#3131 = CARTESIAN_POINT ( 'NONE',  ( 29.35000000000000142, 5.000000000000000000, -27.00000000000000355 ) ) ;
#3132 = CARTESIAN_POINT ( 'NONE',  ( 11.50000000000000355, -14.50000000000000711, -22.00000000000000000 ) ) ;
#3133 = FACE_BOUND ( 'NONE', #1984, .T. ) ;
#3134 = ORIENTED_EDGE ( 'NONE', *, *, #349, .T. ) ;
#3135 = DIRECTION ( 'NONE',  ( -1.000000000000000000, 0.0000000000000000000, 0.0000000000000000000 ) ) ;
#3136 = CARTESIAN_POINT ( 'NONE',  ( 0.0000000000000000000, 10.00000000000000000, -21.50000000000000000 ) ) ;
#3137 = LINE ( 'NONE', #2842, #2005 ) ;
#3138 = EDGE_LOOP ( 'NONE', ( #2444, #2679 ) ) ;
#3139 = CARTESIAN_POINT ( 'NONE',  ( 0.0000000000000000000, 0.0000000000000000000, 0.0000000000000000000 ) ) ;
#3140 = AXIS2_PLACEMENT_3D ( 'NONE', #3214, #1072, #1908 ) ;
#3141 = CARTESIAN_POINT ( 'NONE',  ( 52.00000000000000000, 0.0000000000000000000, -16.00000000000000000 ) ) ;
#3142 = LINE ( 'NONE', #1510, #2559 ) ;
#3143 = CARTESIAN_POINT ( 'NONE',  ( 0.0000000000000000000, 9.500000000000007105, 0.0000000000000000000 ) ) ;
#3144 = CARTESIAN_POINT ( 'NONE',  ( 43.00000000000000000, 0.0000000000000000000, -0.5000000000000004441 ) ) ;
#3145 = VECTOR ( 'NONE', #1917, 1000.000000000000000 ) ;
#3146 = EDGE_CURVE ( 'NONE', #554, #1250, #1060, .T. ) ;
#3147 = CYLINDRICAL_SURFACE ( 'NONE', #2950, 1.350000000000000089 ) ;
#3148 = DIRECTION ( 'NONE',  ( -1.000000000000000000, 0.0000000000000000000, -0.0000000000000000000 ) ) ;
#3149 = ADVANCED_BREP_SHAPE_REPRESENTATION ( 'Fixation_V2', ( #1418, #522 ), #2605 ) ;
#3150 = EDGE_CURVE ( 'NONE', #354, #2401, #1989, .T. ) ;
#3151 = ORIENTED_EDGE ( 'NONE', *, *, #1075, .F. ) ;
#3152 = DIRECTION ( 'NONE',  ( -1.000000000000000000, 0.0000000000000000000, 0.0000000000000000000 ) ) ;
#3153 = ORIENTED_EDGE ( 'NONE', *, *, #369, .F. ) ;
#3154 = CARTESIAN_POINT ( 'NONE',  ( 25.64999999999999858, 5.000000000000000000, -22.00000000000000000 ) ) ;
#3155 = DIRECTION ( 'NONE',  ( 0.0000000000000000000, 0.0000000000000000000, -1.000000000000000000 ) ) ;
#3156 = VERTEX_POINT ( 'NONE', #2191 ) ;
#3157 = CARTESIAN_POINT ( 'NONE',  ( 43.00000000000000000, 0.0000000000000000000, 2.632990618166809235E-15 ) ) ;
#3158 = DIRECTION ( 'NONE',  ( 0.0000000000000000000, 0.0000000000000000000, -1.000000000000000000 ) ) ;
#3159 = AXIS2_PLACEMENT_3D ( 'NONE', #711, #974, #465 ) ;
#3160 = ORIENTED_EDGE ( 'NONE', *, *, #42, .T. ) ;
#3161 = ORIENTED_EDGE ( 'NONE', *, *, #2902, .T. ) ;
#3162 = DIRECTION ( 'NONE',  ( 1.000000000000000000, 0.0000000000000000000, 0.0000000000000000000 ) ) ;
#3163 = EDGE_CURVE ( 'NONE', #104, #854, #126, .T. ) ;
#3164 = CARTESIAN_POINT ( 'NONE',  ( 17.06233361164726148, 4.105975871272726785, -7.173169603082649282 ) ) ;
#3165 = EDGE_CURVE ( 'NONE', #3264, #419, #895, .T. ) ;
#3166 = VECTOR ( 'NONE', #2481, 1000.000000000000000 ) ;
#3167 = CARTESIAN_POINT ( 'NONE',  ( 29.16022566425281326, 4.174735885317866213, -15.55726625404303221 ) ) ;
#3168 = ORIENTED_EDGE ( 'NONE', *, *, #2318, .F. ) ;
#3169 = AXIS2_PLACEMENT_3D ( 'NONE', #437, #2819, #1204 ) ;
#3170 = CYLINDRICAL_SURFACE ( 'NONE', #105, 3.000000000000002665 ) ;
#3171 = ORIENTED_EDGE ( 'NONE', *, *, #546, .T. ) ;
#3172 = DIRECTION ( 'NONE',  ( -0.5773502691896338357, 0.5773502691896257311, 0.5773502691896178485 ) ) ;
#3173 = EDGE_CURVE ( 'NONE', #1088, #2072, #2287, .T. ) ;
#3174 = CARTESIAN_POINT ( 'NONE',  ( 49.00000000000000711, -18.00000000000000000, -7.849999999999992539 ) ) ;
#3175 = CARTESIAN_POINT ( 'NONE',  ( 37.64462393789713701, 5.000000000000000000, -30.00000000000000000 ) ) ;
#3176 = VECTOR ( 'NONE', #2531, 1000.000000000000000 ) ;
#3177 = CARTESIAN_POINT ( 'NONE',  ( 17.35537606210279904, 4.904062910534854325, -7.278082080886777661 ) ) ;
#3178 = ORIENTED_EDGE ( 'NONE', *, *, #1700, .F. ) ;
#3179 = CARTESIAN_POINT ( 'NONE',  ( 28.32239276193893218, 3.338469072047171249, -15.78108898422765627 ) ) ;
#3180 = FACE_OUTER_BOUND ( 'NONE', #686, .T. ) ;
#3181 = DIRECTION ( 'NONE',  ( -1.000000000000000000, 0.0000000000000000000, 0.0000000000000000000 ) ) ;
#3182 = ORIENTED_EDGE ( 'NONE', *, *, #448, .T. ) ;
#3183 = CARTESIAN_POINT ( 'NONE',  ( 16.27838033471943646, 6.404481015544510214, -14.98221894615699767 ) ) ;
#3184 = VECTOR ( 'NONE', #1342, 1000.000000000000000 ) ;
#3185 = APPROVAL ( #1599, 'UNSPECIFIED' ) ;
#3186 = ORIENTED_EDGE ( 'NONE', *, *, #3434, .T. ) ;
#3187 = EDGE_CURVE ( 'NONE', #638, #2570, #3432, .T. ) ;
#3188 = CARTESIAN_POINT ( 'NONE',  ( 11.99999999999999645, 62.30000000000000426, -10.06838849298648952 ) ) ;
#3189 = LINE ( 'NONE', #1805, #1542 ) ;
#3190 = ADVANCED_FACE ( 'NONE', ( #341 ), #79, .F. ) ;
#3191 = CARTESIAN_POINT ( 'NONE',  ( 39.10230914331120999, 3.550006505306734006, -7.000007097734538775 ) ) ;
#3192 = CARTESIAN_POINT ( 'NONE',  ( 0.0000000000000000000, 10.00000000000000000, -0.5000000000000004441 ) ) ;
#3193 = AXIS2_PLACEMENT_3D ( 'NONE', #54, #597, #876 ) ;
#3194 = ORIENTED_EDGE ( 'NONE', *, *, #2988, .T. ) ;
#3195 = CARTESIAN_POINT ( 'NONE',  ( 39.10999999999999943, 2.000000000000000000, -7.000000000000000000 ) ) ;
#3196 = ORIENTED_EDGE ( 'NONE', *, *, #1601, .T. ) ;
#3197 = CARTESIAN_POINT ( 'NONE',  ( 29.35000000000000142, 5.000000000000000000, -6.516697645708024567 ) ) ;
#3198 = VERTEX_POINT ( 'NONE', #1892 ) ;
#3199 = VERTEX_POINT ( 'NONE', #1637 ) ;
#3200 = CARTESIAN_POINT ( 'NONE',  ( 15.42123637059957453, 6.374376246278863789, -14.97342598985763473 ) ) ;
#3201 = CARTESIAN_POINT ( 'NONE',  ( 39.10538604203755142, 3.549998360467052194, -7.000001773744725320 ) ) ;
#3202 = VERTEX_POINT ( 'NONE', #1374 ) ;
#3203 = CARTESIAN_POINT ( 'NONE',  ( 38.62942573726814288, 3.623340590055714738, -7.027974843094772162 ) ) ;
#3204 = DIRECTION ( 'NONE',  ( -0.0000000000000000000, -0.0000000000000000000, -1.000000000000000000 ) ) ;
#3205 = ORIENTED_EDGE ( 'NONE', *, *, #3187, .T. ) ;
#3206 = PLANE ( 'NONE',  #629 ) ;
#3207 = ORIENTED_EDGE ( 'NONE', *, *, #1536, .F. ) ;
#3208 = DIRECTION ( 'NONE',  ( 0.0000000000000000000, -1.000000000000000000, 0.0000000000000000000 ) ) ;
#3209 = EDGE_CURVE ( 'NONE', #2494, #419, #381, .T. ) ;
#3210 = VECTOR ( 'NONE', #3107, 1000.000000000000000 ) ;
#3211 = DIRECTION ( 'NONE',  ( -0.0000000000000000000, -0.0000000000000000000, 1.000000000000000000 ) ) ;
#3212 = ORIENTED_EDGE ( 'NONE', *, *, #2512, .F. ) ;
#3213 = CARTESIAN_POINT ( 'NONE',  ( 15.89461555193300768, 3.549998362150967868, -7.000001775583680086 ) ) ;
#3214 = CARTESIAN_POINT ( 'NONE',  ( 11.99999999999999645, -14.50000000000000533, -21.50000000000000000 ) ) ;
#3215 = FACE_BOUND ( 'NONE', #404, .T. ) ;
#3216 = PLANE ( 'NONE',  #2515 ) ;
#3217 = CYLINDRICAL_SURFACE ( 'NONE', #2693, 1.149999999999996581 ) ;
#3218 = ORIENTED_EDGE ( 'NONE', *, *, #3209, .T. ) ;
#3219 = DATE_TIME_ROLE ( 'creation_date' ) ;
#3220 = CARTESIAN_POINT ( 'NONE',  ( 15.15638880436840452, 3.736539638058140156, -14.93618108995041815 ) ) ;
#3221 = FACE_OUTER_BOUND ( 'NONE', #2551, .T. ) ;
#3222 = ORIENTED_EDGE ( 'NONE', *, *, #3303, .T. ) ;
#3223 = CARTESIAN_POINT ( 'NONE',  ( 3.000000000000000000, 0.0000000000000000000, -16.00000000000000000 ) ) ;
#3224 = VECTOR ( 'NONE', #1059, 1000.000000000000000 ) ;
#3225 = EDGE_LOOP ( 'NONE', ( #815, #652, #3171, #1552 ) ) ;
#3226 = DIRECTION ( 'NONE',  ( -0.0000000000000000000, -1.000000000000000000, -0.0000000000000000000 ) ) ;
#3227 = AXIS2_PLACEMENT_3D ( 'NONE', #3141, #698, #722 ) ;
#3228 = CIRCLE ( 'NONE', #1430, 1.149999999999996581 ) ;
#3229 = CIRCLE ( 'NONE', #891, 1.350000000000000089 ) ;
#3230 = PRODUCT_DEFINITION_FORMATION_WITH_SPECIFIED_SOURCE ( 'ANY', '', #919, .NOT_KNOWN. ) ;
#3231 = CARTESIAN_POINT ( 'NONE',  ( 40.54462393789713559, 5.000000000000000000, -18.00000000000000000 ) ) ;
#3232 = EDGE_CURVE ( 'NONE', #1193, #2190, #2891, .T. ) ;
#3233 = EDGE_CURVE ( 'NONE', #1149, #1583, #1141, .T. ) ;
#3234 = EDGE_LOOP ( 'NONE', ( #1307, #3050, #470, #2238 ) ) ;
#3235 = CARTESIAN_POINT ( 'NONE',  ( 39.10999999999999943, 0.0000000000000000000, -11.00000000000000000 ) ) ;
#3236 = CARTESIAN_POINT ( 'NONE',  ( 37.93817428898616839, 4.105232824795466584, -7.172999098048601141 ) ) ;
#3237 = AXIS2_PLACEMENT_3D ( 'NONE', #1235, #3381, #1769 ) ;
#3238 = CARTESIAN_POINT ( 'NONE',  ( 16.99457230578233435, 5.961784622653743426, -7.154911374225403797 ) ) ;
#3239 = EDGE_LOOP ( 'NONE', ( #1118, #2095, #889, #836 ) ) ;
#3240 = DIRECTION ( 'NONE',  ( 0.0000000000000000000, 0.0000000000000000000, -1.000000000000000000 ) ) ;
#3241 = EDGE_CURVE ( 'NONE', #2081, #514, #1457, .T. ) ;
#3242 = ORIENTED_EDGE ( 'NONE', *, *, #2107, .F. ) ;
#3243 = CARTESIAN_POINT ( 'NONE',  ( 27.49999999999999645, 3.149999999999998579, -15.84999999999999964 ) ) ;
#3244 = ORIENTED_EDGE ( 'NONE', *, *, #2968, .T. ) ;
#3245 = DIRECTION ( 'NONE',  ( -1.000000000000000000, 0.0000000000000000000, 0.0000000000000000000 ) ) ;
#3246 = CARTESIAN_POINT ( 'NONE',  ( 37.65433492436702068, 5.192726066092318682, -7.274218884049324707 ) ) ;
#3247 = DIRECTION ( 'NONE',  ( 0.7071067811865425767, -1.645406930227243866E-16, -0.7071067811865525687 ) ) ;
#3248 = CARTESIAN_POINT ( 'NONE',  ( 0.0000000000000000000, 10.00000000000000000, -21.50000000000000355 ) ) ;
#3249 = LINE ( 'NONE', #3364, #1867 ) ;
#3250 = AXIS2_PLACEMENT_3D ( 'NONE', #2050, #2593, #185 ) ;
#3251 = VERTEX_POINT ( 'NONE', #860 ) ;
#3252 = DIRECTION ( 'NONE',  ( -0.0000000000000000000, -0.0000000000000000000, 1.000000000000000000 ) ) ;
#3253 = DIRECTION ( 'NONE',  ( -0.7071067811865426878, 0.7071067811865524577, 1.473654830596740253E-16 ) ) ;
#3254 = VECTOR ( 'NONE', #3247, 999.9999999999998863 ) ;
#3255 = CARTESIAN_POINT ( 'NONE',  ( 11.99999999999999645, -14.50000000000000533, -21.50000000000000000 ) ) ;
#3256 = ORIENTED_EDGE ( 'NONE', *, *, #2609, .F. ) ;
#3257 = DIRECTION ( 'NONE',  ( 0.0000000000000000000, 0.0000000000000000000, 1.000000000000000000 ) ) ;
#3258 = CYLINDRICAL_SURFACE ( 'NONE', #498, 3.060000000000001830 ) ;
#3259 = DIRECTION ( 'NONE',  ( -1.000000000000000000, 0.0000000000000000000, 0.0000000000000000000 ) ) ;
#3260 = ORIENTED_EDGE ( 'NONE', *, *, #2875, .F. ) ;
#3261 = PLANE ( 'NONE',  #3140 ) ;
#3262 = EDGE_CURVE ( 'NONE', #631, #3202, #2539, .T. ) ;
#3263 = VECTOR ( 'NONE', #1443, 1000.000000000000000 ) ;
#3264 = VERTEX_POINT ( 'NONE', #2753 ) ;
#3265 = DIRECTION ( 'NONE',  ( -1.000000000000000000, 0.0000000000000000000, 0.0000000000000000000 ) ) ;
#3266 = DIRECTION ( 'NONE',  ( 0.0000000000000000000, -1.000000000000000000, 0.0000000000000000000 ) ) ;
#3267 = FACE_OUTER_BOUND ( 'NONE', #1385, .T. ) ;
#3268 = EDGE_LOOP ( 'NONE', ( #2827, #2276, #1868, #3153, #3182, #2805 ) ) ;
#3269 = CARTESIAN_POINT ( 'NONE',  ( 8.750000000000000000, 4.099999999999997868, -16.00000000000000000 ) ) ;
#3270 = DIRECTION ( 'NONE',  ( -1.000000000000000000, 0.0000000000000000000, 0.0000000000000000000 ) ) ;
#3271 = LINE ( 'NONE', #1270, #991 ) ;
#3272 = EDGE_LOOP ( 'NONE', ( #2866, #1837, #1573, #3284 ) ) ;
#3273 = DIRECTION ( 'NONE',  ( 0.0000000000000000000, 1.000000000000000000, 0.0000000000000000000 ) ) ;
#3274 = CIRCLE ( 'NONE', #1560, 1.850000000000000977 ) ;
#3275 = CARTESIAN_POINT ( 'NONE',  ( 15.15638880436840452, 6.263460361941859844, -7.063818910049582733 ) ) ;
#3276 = AXIS2_PLACEMENT_3D ( 'NONE', #1772, #439, #2295 ) ;
#3277 = CARTESIAN_POINT ( 'NONE',  ( 5.999999999999991118, -18.00000000000000000, -11.00000000000000533 ) ) ;
#3278 = ORIENTED_EDGE ( 'NONE', *, *, #2573, .T. ) ;
#3279 = ADVANCED_FACE ( 'NONE', ( #1439 ), #1736, .F. ) ;
#3280 = CARTESIAN_POINT ( 'NONE',  ( 53.34999999999999432, 1.653273178848926867E-16, -16.00000000000000000 ) ) ;
#3281 = EDGE_CURVE ( 'NONE', #2180, #177, #2250, .T. ) ;
#3282 = ORIENTED_EDGE ( 'NONE', *, *, #2630, .T. ) ;
#3283 = CARTESIAN_POINT ( 'NONE',  ( 37.64462393789713701, 5.000000000000000000, -14.72191791911319392 ) ) ;
#3284 = ORIENTED_EDGE ( 'NONE', *, *, #2978, .F. ) ;
#3285 = ORIENTED_EDGE ( 'NONE', *, *, #67, .T. ) ;
#3286 = CARTESIAN_POINT ( 'NONE',  ( 27.98934390726594756, 3.199607275433949294, -6.169486954279403079 ) ) ;
#3287 = AXIS2_PLACEMENT_3D ( 'NONE', #2997, #2216, #1377 ) ;
#3288 = VERTEX_POINT ( 'NONE', #2744 ) ;
#3289 = DIRECTION ( 'NONE',  ( -0.0000000000000000000, -0.0000000000000000000, 1.000000000000000000 ) ) ;
#3290 = CARTESIAN_POINT ( 'NONE',  ( 49.00000000000000711, -13.50000000000000000, -12.14999999999999503 ) ) ;
#3291 = EDGE_CURVE ( 'NONE', #953, #2909, #168, .T. ) ;
#3292 = DIRECTION ( 'NONE',  ( -0.0000000000000000000, -0.0000000000000000000, 1.000000000000000000 ) ) ;
#3293 = VERTEX_POINT ( 'NONE', #322 ) ;
#3294 = CARTESIAN_POINT ( 'NONE',  ( 0.0000000000000000000, -15.00000000000000000, -0.5000000000000004441 ) ) ;
#3295 = DATE_AND_TIME ( #2161, #975 ) ;
#3296 = ADVANCED_FACE ( 'NONE', ( #3084 ), #2503, .T. ) ;
#3297 = CARTESIAN_POINT ( 'NONE',  ( 5.999999999999991118, -18.00000000000000000, -11.00000000000000533 ) ) ;
#3298 = ORIENTED_EDGE ( 'NONE', *, *, #2764, .T. ) ;
#3299 = CARTESIAN_POINT ( 'NONE',  ( 28.32484945424339884, 6.660365203386014343, -15.78068059117163457 ) ) ;
#3300 = LINE ( 'NONE', #3485, #3006 ) ;
#3301 = ORIENTED_EDGE ( 'NONE', *, *, #1111, .T. ) ;
#3302 = CARTESIAN_POINT ( 'NONE',  ( 0.0000000000000000000, 10.00000000000000000, 0.0000000000000000000 ) ) ;
#3303 = EDGE_CURVE ( 'NONE', #2560, #2850, #1693, .T. ) ;
#3304 = LINE ( 'NONE', #1108, #346 ) ;
#3305 = DIRECTION ( 'NONE',  ( 0.0000000000000000000, -1.000000000000000000, 0.0000000000000000000 ) ) ;
#3306 = ORIENTED_EDGE ( 'NONE', *, *, #5, .T. ) ;
#3307 = LINE ( 'NONE', #966, #3051 ) ;
#3308 = ORIENTED_EDGE ( 'NONE', *, *, #117, .F. ) ;
#3309 = AXIS2_PLACEMENT_3D ( 'NONE', #1122, #1048, #3265 ) ;
#3310 = CARTESIAN_POINT ( 'NONE',  ( 7.666666666666705154, 4.333333333333293069, 3.833333333333352577 ) ) ;
#3311 = CARTESIAN_POINT ( 'NONE',  ( 29.30147994095888464, 4.513762801174030947, -6.495872921856638449 ) ) ;
#3312 = VECTOR ( 'NONE', #986, 1000.000000000000000 ) ;
#3313 = ORIENTED_EDGE ( 'NONE', *, *, #2400, .F. ) ;
#3314 = EDGE_CURVE ( 'NONE', #1577, #1312, #3336, .T. ) ;
#3315 = VECTOR ( 'NONE', #2940, 1000.000000000000000 ) ;
#3316 = CARTESIAN_POINT ( 'NONE',  ( 49.00000000000000711, -18.00000000000000000, -10.99999999999999822 ) ) ;
#3317 = EDGE_LOOP ( 'NONE', ( #1233, #2929, #1546, #2288 ) ) ;
#3318 = ADVANCED_FACE ( 'NONE', ( #253, #433 ), #1404, .T. ) ;
#3319 = VECTOR ( 'NONE', #155, 1000.000000000000000 ) ;
#3320 = CARTESIAN_POINT ( 'NONE',  ( 0.5000000000000004441, -15.00000000000000000, 0.0000000000000000000 ) ) ;
#3321 = CIRCLE ( 'NONE', #1750, 3.060000000000000053 ) ;
#3322 = CARTESIAN_POINT ( 'NONE',  ( 27.01589867394520539, 6.789669282724224431, -6.172741754798669156 ) ) ;
#3323 = ORIENTED_EDGE ( 'NONE', *, *, #1520, .T. ) ;
#3324 = AXIS2_PLACEMENT_3D ( 'NONE', #2972, #2405, #2995 ) ;
#3325 = CARTESIAN_POINT ( 'NONE',  ( 43.00000000000000000, -14.50000000000000533, -10.06838849298645577 ) ) ;
#3326 = ORIENTED_EDGE ( 'NONE', *, *, #1215, .F. ) ;
#3327 = CARTESIAN_POINT ( 'NONE',  ( 15.89461566203038956, 6.450001637732532878, -7.000001775710759766 ) ) ;
#3328 = EDGE_CURVE ( 'NONE', #2889, #479, #731, .T. ) ;
#3329 = CARTESIAN_POINT ( 'NONE',  ( 27.49999999999999645, 3.149999999999998579, -6.150000000000001243 ) ) ;
#3330 = ORIENTED_EDGE ( 'NONE', *, *, #221, .F. ) ;
#3331 = ADVANCED_FACE ( 'NONE', ( #2371 ), #2198, .F. ) ;
#3332 = CARTESIAN_POINT ( 'NONE',  ( 25.89657957931867571, 4.069488466911561630, -15.57782396756550014 ) ) ;
#3333 = CARTESIAN_POINT ( 'NONE',  ( 0.0000000000000000000, 9.500000000000000000, 0.0000000000000000000 ) ) ;
#3334 = EDGE_CURVE ( 'NONE', #1513, #631, #979, .T. ) ;
#3335 = ORIENTED_EDGE ( 'NONE', *, *, #3262, .T. ) ;
#3336 = B_SPLINE_CURVE_WITH_KNOTS ( 'NONE', 3,
 ( #3283, #3060, #1704, #358, #2244, #628, #2518, #1668, #2787, #1942, #1681, #1441, #1137, #1169 ),
 .UNSPECIFIED., .F., .F.,
 ( 4, 2, 2, 2, 2, 2, 4 ),
 ( 0.004572528250554652729, 0.005145538728138436546, 0.005432043966930328455, 0.005718549205722219496, 0.006291559683306016323, 0.006578064922097915171, 0.006864570160889813151 ),
 .UNSPECIFIED. ) ;
#3337 = CARTESIAN_POINT ( 'NONE',  ( 15.88999999999988688, 3.550003277438696703, -15.00000000000041211 ) ) ;
#3338 = DIRECTION ( 'NONE',  ( -0.0000000000000000000, 1.000000000000000000, 0.0000000000000000000 ) ) ;
#3339 = EDGE_CURVE ( 'NONE', #735, #1088, #3342, .T. ) ;
#3340 = ORIENTED_EDGE ( 'NONE', *, *, #1215, .T. ) ;
#3341 = DIRECTION ( 'NONE',  ( 0.0000000000000000000, 0.0000000000000000000, -1.000000000000000000 ) ) ;
#3342 = CIRCLE ( 'NONE', #2848, 3.000000000000006217 ) ;
#3343 = CARTESIAN_POINT ( 'NONE',  ( 12.90537606210286192, 5.000000000000000000, -2.750000000000000000 ) ) ;
#3344 = ORIENTED_EDGE ( 'NONE', *, *, #3424, .F. ) ;
#3345 = DIRECTION ( 'NONE',  ( -1.000000000000000000, 0.0000000000000000000, 0.0000000000000000000 ) ) ;
#3346 = FACE_OUTER_BOUND ( 'NONE', #1763, .T. ) ;
#3347 = CARTESIAN_POINT ( 'NONE',  ( 25.64999999999999858, 5.000000000000000000, -6.516697645708021902 ) ) ;
#3348 = ORIENTED_EDGE ( 'NONE', *, *, #3516, .T. ) ;
#3349 = VECTOR ( 'NONE', #1062, 1000.000000000000000 ) ;
#3350 = CARTESIAN_POINT ( 'NONE',  ( 14.99835762021603180, 6.156418935265359771, -7.098230370110948151 ) ) ;
#3351 = ORIENTED_EDGE ( 'NONE', *, *, #551, .F. ) ;
#3352 = CARTESIAN_POINT ( 'NONE',  ( 39.30083880279938313, 3.550409034215282755, -6.999999999999971578 ) ) ;
#3353 = DIRECTION ( 'NONE',  ( -0.5773502691896263972, -0.5773502691896343908, 0.5773502691896165162 ) ) ;
#3354 = ADVANCED_FACE ( 'NONE', ( #1644 ), #1181, .T. ) ;
#3355 = EDGE_CURVE ( 'NONE', #77, #2065, #3249, .T. ) ;
#3356 = CARTESIAN_POINT ( 'NONE',  ( 39.10846220001756990, 6.449999992192716469, -6.999999999999998224 ) ) ;
#3357 = CIRCLE ( 'NONE', #1728, 1.149999999999999911 ) ;
#3358 = EDGE_LOOP ( 'NONE', ( #2344, #215, #2861, #3134, #435, #843, #602, #2127, #1939, #643 ) ) ;
#3359 = EDGE_CURVE ( 'NONE', #2580, #2380, #2962, .T. ) ;
#3360 = DIRECTION ( 'NONE',  ( -0.0000000000000000000, -0.0000000000000000000, -1.000000000000000000 ) ) ;
#3361 = LINE ( 'NONE', #425, #790 ) ;
#3362 = AXIS2_PLACEMENT_3D ( 'NONE', #2160, #2970, #2414 ) ;
#3363 = VERTEX_POINT ( 'NONE', #2014 ) ;
#3364 = CARTESIAN_POINT ( 'NONE',  ( 54.50000000000000711, -15.00000000000000000, -0.5000000000000004441 ) ) ;
#3365 = DIRECTION ( 'NONE',  ( -1.000000000000000000, 0.0000000000000000000, 0.0000000000000000000 ) ) ;
#3366 = LINE ( 'NONE', #2666, #1841 ) ;
#3367 = ORIENTED_EDGE ( 'NONE', *, *, #634, .F. ) ;
#3368 = B_SPLINE_CURVE_WITH_KNOTS ( 'NONE', 3,
 ( #540, #2710, #3213, #2662, #1894 ),
 .UNSPECIFIED., .F., .F.,
 ( 4, 1, 4 ),
 ( 0.006854446688885116636, 0.006859046781813102692, 0.006863646874741088748 ),
 .UNSPECIFIED. ) ;
#3369 = CARTESIAN_POINT ( 'NONE',  ( 15.69783683345969294, 6.439935102624391838, -7.003527248298227370 ) ) ;
#3370 = DIRECTION ( 'NONE',  ( 0.0000000000000000000, 0.0000000000000000000, -1.000000000000000000 ) ) ;
#3371 = PLANE ( 'NONE',  #1797 ) ;
#3372 = LINE ( 'NONE', #2820, #1126 ) ;
#3373 = CARTESIAN_POINT ( 'NONE',  ( 39.10999999999982180, 6.449996722562051588, -6.999999999999315214 ) ) ;
#3374 = CARTESIAN_POINT ( 'NONE',  ( 40.40927501432177138, 5.644514660278791673, -14.78330327866748028 ) ) ;
#3375 = ADVANCED_FACE ( 'NONE', ( #1522 ), #421, .T. ) ;
#3376 = VERTEX_POINT ( 'NONE', #1214 ) ;
#3377 = CARTESIAN_POINT ( 'NONE',  ( 25.65000000000000213, 5.243128166409623425, -6.516697645708021014 ) ) ;
#3378 = EDGE_CURVE ( 'NONE', #584, #547, #206, .T. ) ;
#3379 = VERTEX_POINT ( 'NONE', #2002 ) ;
#3380 = CARTESIAN_POINT ( 'NONE',  ( 42.09462393789713985, 5.000000000000000000, -2.750000000000000000 ) ) ;
#3381 = DIRECTION ( 'NONE',  ( 0.0000000000000000000, -1.000000000000000000, 0.0000000000000000000 ) ) ;
#3382 = DIRECTION ( 'NONE',  ( 0.0000000000000000000, 0.0000000000000000000, -1.000000000000000000 ) ) ;
#3383 = ORIENTED_EDGE ( 'NONE', *, *, #457, .F. ) ;
#3384 = CARTESIAN_POINT ( 'NONE',  ( 40.36484101419638648, 5.727284814758358600, -14.79846863746578478 ) ) ;
#3385 = CARTESIAN_POINT ( 'NONE',  ( 15.90537606210286725, 5.000000000000000000, -2.750000000000000000 ) ) ;
#3386 = CARTESIAN_POINT ( 'NONE',  ( 17.35537606210286654, 5.000000000000000000, -2.749999999999999112 ) ) ;
#3387 = EDGE_CURVE ( 'NONE', #392, #1326, #1904, .T. ) ;
#3388 = VERTEX_POINT ( 'NONE', #2826 ) ;
#3389 = B_SPLINE_CURVE_WITH_KNOTS ( 'NONE', 3,
 ( #543, #1866, #810, #1084, #2705, #1855, #2165, #231, #2129, #2396, #3183, #3505, #2114, #792 ),
 .UNSPECIFIED., .F., .F.,
 ( 4, 2, 2, 2, 2, 2, 4 ),
 ( 0.0000000000000000000, 0.0002867269815005399737, 0.0005734539630010799475, 0.001146907926002155124, 0.001720361889003230085, 0.002007088870503767782, 0.002293815852004305478 ),
 .UNSPECIFIED. ) ;
#3390 = CARTESIAN_POINT ( 'NONE',  ( 12.90537606210286192, 5.000000000000000000, -2.750000000000000000 ) ) ;
#3391 = ADVANCED_FACE ( 'NONE', ( #1561 ), #1098, .F. ) ;
#3392 = FACE_OUTER_BOUND ( 'NONE', #3234, .T. ) ;
#3393 = ORIENTED_EDGE ( 'NONE', *, *, #26, .T. ) ;
#3394 = DIRECTION ( 'NONE',  ( 0.0000000000000000000, 1.000000000000000000, 0.0000000000000000000 ) ) ;
#3395 = FACE_OUTER_BOUND ( 'NONE', #52, .T. ) ;
#3396 = EDGE_LOOP ( 'NONE', ( #287, #2602 ) ) ;
#3397 = CARTESIAN_POINT ( 'NONE',  ( 0.0000000000000000000, 9.500000000000000000, -21.50000000000000000 ) ) ;
#3398 = AXIS2_PLACEMENT_3D ( 'NONE', #145, #2542, #366 ) ;
#3399 = PLANE ( 'NONE',  #2077 ) ;
#3400 = CIRCLE ( 'NONE', #312, 3.149999999999998135 ) ;
#3401 = EDGE_LOOP ( 'NONE', ( #2698, #3285, #882, #2406, #3344 ) ) ;
#3402 = CARTESIAN_POINT ( 'NONE',  ( 25.64999999999999858, 5.000000000000000000, 0.0000000000000000000 ) ) ;
#3403 = FACE_OUTER_BOUND ( 'NONE', #1050, .T. ) ;
#3404 = DIRECTION ( 'NONE',  ( 0.7071067811865536790, -0.7071067811865414665, 2.775557561562891351E-17 ) ) ;
#3405 = EDGE_LOOP ( 'NONE', ( #197, #1610 ) ) ;
#3406 = EDGE_CURVE ( 'NONE', #2011, #1429, #2521, .T. ) ;
#3407 = DIRECTION ( 'NONE',  ( -0.0000000000000000000, 1.000000000000000000, -0.0000000000000000000 ) ) ;
#3408 = VECTOR ( 'NONE', #2092, 1000.000000000000000 ) ;
#3409 = DIRECTION ( 'NONE',  ( 1.000000000000000000, 0.0000000000000000000, 0.0000000000000000000 ) ) ;
#3410 = ORIENTED_EDGE ( 'NONE', *, *, #1884, .T. ) ;
#3411 = DIRECTION ( 'NONE',  ( 1.000000000000000000, 0.0000000000000000000, 0.0000000000000000000 ) ) ;
#3412 = LINE ( 'NONE', #924, #2688 ) ;
#3413 = DIRECTION ( 'NONE',  ( 0.0000000000000000000, 0.0000000000000000000, 1.000000000000000000 ) ) ;
#3414 = VECTOR ( 'NONE', #911, 1000.000000000000000 ) ;
#3415 = CARTESIAN_POINT ( 'NONE',  ( 0.0000000000000000000, -14.50000000000000711, -0.5000000000000004441 ) ) ;
#3416 = EDGE_LOOP ( 'NONE', ( #1134, #3340 ) ) ;
#3417 = DIRECTION ( 'NONE',  ( -0.0000000000000000000, -0.0000000000000000000, 1.000000000000000000 ) ) ;
#3418 = ORIENTED_EDGE ( 'NONE', *, *, #2240, .T. ) ;
#3419 = AXIS2_PLACEMENT_3D ( 'NONE', #2707, #2731, #2977 ) ;
#3420 = CARTESIAN_POINT ( 'NONE',  ( 39.84046021630746282, 3.735097580737570588, -14.93666008227776842 ) ) ;
#3421 = CARTESIAN_POINT ( 'NONE',  ( 15.90537606210286725, 5.000000000000000000, -18.00000000000000000 ) ) ;
#3422 = ORIENTED_EDGE ( 'NONE', *, *, #1903, .F. ) ;
#3423 = CC_DESIGN_SECURITY_CLASSIFICATION ( #1857, ( #3230 ) ) ;
#3424 = EDGE_CURVE ( 'NONE', #514, #2850, #2792, .T. ) ;
#3425 = DIRECTION ( 'NONE',  ( 0.5773502691896338357, 0.5773502691896257311, 0.5773502691896177375 ) ) ;
#3426 = ORIENTED_EDGE ( 'NONE', *, *, #67, .F. ) ;
#3427 = DIRECTION ( 'NONE',  ( -0.0000000000000000000, -0.0000000000000000000, 1.000000000000000000 ) ) ;
#3428 = DATE_AND_TIME ( #1261, #377 ) ;
#3429 = PLANE ( 'NONE',  #143 ) ;
#3430 = ORIENTED_EDGE ( 'NONE', *, *, #588, .T. ) ;
#3431 = CARTESIAN_POINT ( 'NONE',  ( 27.01368294822908922, 6.801496293700521001, -15.83091312083933033 ) ) ;
#3432 = LINE ( 'NONE', #2159, #2790 ) ;
#3433 = CARTESIAN_POINT ( 'NONE',  ( 43.00000000000000000, -15.00000000000000000, -0.5000000000000004441 ) ) ;
#3434 = EDGE_CURVE ( 'NONE', #3473, #1450, #1782, .T. ) ;
#3435 = EDGE_LOOP ( 'NONE', ( #504, #2490, #1373, #2507 ) ) ;
#3436 = LINE ( 'NONE', #2305, #2626 ) ;
#3437 = ORIENTED_EDGE ( 'NONE', *, *, #2043, .F. ) ;
#3438 = CARTESIAN_POINT ( 'NONE',  ( 17.27984166873200778, 4.528511642422551553, -7.249021131636164128 ) ) ;
#3439 = DIRECTION ( 'NONE',  ( 1.000000000000000000, 0.0000000000000000000, 0.0000000000000000000 ) ) ;
#3440 = VECTOR ( 'NONE', #1015, 1000.000000000000000 ) ;
#3441 = ORIENTED_EDGE ( 'NONE', *, *, #1860, .F. ) ;
#3442 = DIRECTION ( 'NONE',  ( -0.7071067811865425767, -0.0000000000000000000, -0.7071067811865524577 ) ) ;
#3443 = CARTESIAN_POINT ( 'NONE',  ( 54.75000000000000000, -14.50000000000000355, -21.75000000000000000 ) ) ;
#3444 = VECTOR ( 'NONE', #1862, 1000.000000000000000 ) ;
#3445 = ORIENTED_EDGE ( 'NONE', *, *, #1661, .T. ) ;
#3446 =( NAMED_UNIT ( * ) PLANE_ANGLE_UNIT ( ) SI_UNIT ( $, .RADIAN. ) );
#3447 = AXIS2_PLACEMENT_3D ( 'NONE', #977, #2873, #968 ) ;
#3448 = DIRECTION ( 'NONE',  ( -0.0000000000000000000, -0.0000000000000000000, 1.000000000000000000 ) ) ;
#3449 = CARTESIAN_POINT ( 'NONE',  ( 15.69775018848539361, 6.439917314593490261, -14.99646648569391516 ) ) ;
#3450 = FACE_OUTER_BOUND ( 'NONE', #1273, .T. ) ;
#3451 = ORIENTED_EDGE ( 'NONE', *, *, #2043, .T. ) ;
#3452 = EDGE_CURVE ( 'NONE', #1941, #894, #2876, .T. ) ;
#3453 = DIRECTION ( 'NONE',  ( 0.0000000000000000000, 0.0000000000000000000, -1.000000000000000000 ) ) ;
#3454 = CIRCLE ( 'NONE', #1407, 3.999999999999999112 ) ;
#3455 = AXIS2_PLACEMENT_3D ( 'NONE', #429, #2320, #3409 ) ;
#3456 = ORIENTED_EDGE ( 'NONE', *, *, #579, .F. ) ;
#3457 = CARTESIAN_POINT ( 'NONE',  ( 28.63021750369977880, 3.530447648913829450, -15.71758056513093038 ) ) ;
#3458 = CYLINDRICAL_SURFACE ( 'NONE', #112, 1.349999999999996980 ) ;
#3459 = CARTESIAN_POINT ( 'NONE',  ( 39.10999999999999943, 10.00000000000000000, -7.000000000000000000 ) ) ;
#3460 = EDGE_CURVE ( 'NONE', #3388, #1312, #93, .T. ) ;
#3461 = ORIENTED_EDGE ( 'NONE', *, *, #2783, .T. ) ;
#3462 = CARTESIAN_POINT ( 'NONE',  ( 49.00000000000000000, 10.00000000000000000, -11.00000000000000000 ) ) ;
#3463 = CARTESIAN_POINT ( 'NONE',  ( 39.10691705258031448, 5.000000000000000000, -18.00000000000000000 ) ) ;
#3464 = ORIENTED_EDGE ( 'NONE', *, *, #3102, .F. ) ;
#3465 = DIRECTION ( 'NONE',  ( 1.000000000000000000, 0.0000000000000000000, 0.0000000000000000000 ) ) ;
#3466 = CARTESIAN_POINT ( 'NONE',  ( 29.25429141953890166, 4.400106900724829906, -15.52188971358383185 ) ) ;
#3467 = VERTEX_POINT ( 'NONE', #3397 ) ;
#3468 = CARTESIAN_POINT ( 'NONE',  ( 17.35537606210286654, 5.000000000000000000, -30.00000000000000000 ) ) ;
#3469 = AXIS2_PLACEMENT_3D ( 'NONE', #678, #428, #2877 ) ;
#3470 = ORIENTED_EDGE ( 'NONE', *, *, #148, .F. ) ;
#3471 = DIRECTION ( 'NONE',  ( 0.0000000000000000000, 0.0000000000000000000, 1.000000000000000000 ) ) ;
#3472 = EDGE_CURVE ( 'NONE', #306, #1039, #3043, .T. ) ;
#3473 = VERTEX_POINT ( 'NONE', #973 ) ;
#3474 = CARTESIAN_POINT ( 'NONE',  ( 55.00000000000000000, 10.00000000000000000, 0.0000000000000000000 ) ) ;
#3475 = CARTESIAN_POINT ( 'NONE',  ( 38.00000000000004263, -4.999999999999952038, -5.500000000000023981 ) ) ;
#3476 = PERSON_AND_ORGANIZATION ( #1186, #1352 ) ;
#3477 = DIRECTION ( 'NONE',  ( 0.0000000000000000000, 0.0000000000000000000, -1.000000000000000000 ) ) ;
#3478 = ORIENTED_EDGE ( 'NONE', *, *, #3291, .F. ) ;
#3479 = VECTOR ( 'NONE', #2561, 1000.000000000000000 ) ;
#3480 = ORIENTED_EDGE ( 'NONE', *, *, #2188, .T. ) ;
#3481 = CARTESIAN_POINT ( 'NONE',  ( 11.99999999999999645, -14.50000000000000533, -21.50000000000000000 ) ) ;
#3482 = FACE_OUTER_BOUND ( 'NONE', #2838, .T. ) ;
#3483 = CARTESIAN_POINT ( 'NONE',  ( 15.15796323184167349, 6.264237334260574386, -14.93643695727030440 ) ) ;
#3484 = ORIENTED_EDGE ( 'NONE', *, *, #3173, .T. ) ;
#3485 = CARTESIAN_POINT ( 'NONE',  ( 15.89922950476127816, 6.449986972297629073, -9.000000000000000000 ) ) ;
#3486 = CIRCLE ( 'NONE', #263, 3.060000000000001830 ) ;
#3487 = CARTESIAN_POINT ( 'NONE',  ( 38.72208461216025199, 3.595448413344176419, -7.017753855928072326 ) ) ;
#3488 = ORIENTED_EDGE ( 'NONE', *, *, #2145, .F. ) ;
#3489 = CARTESIAN_POINT ( 'NONE',  ( 11.99999999999999645, 0.4999999999999935052, -22.00000000000000000 ) ) ;
#3490 = FACE_OUTER_BOUND ( 'NONE', #2644, .T. ) ;
#3491 = CARTESIAN_POINT ( 'NONE',  ( 50.64999999999999858, 0.0000000000000000000, -16.00000000000000000 ) ) ;
#3492 = EDGE_LOOP ( 'NONE', ( #1173, #2063, #1795, #1047 ) ) ;
#3493 = DIRECTION ( 'NONE',  ( 0.0000000000000000000, 0.0000000000000000000, 1.000000000000000000 ) ) ;
#3494 = FACE_BOUND ( 'NONE', #3138, .T. ) ;
#3495 = DIRECTION ( 'NONE',  ( 0.7071067811865523467, 0.7071067811865426878, -2.775557561562891967E-17 ) ) ;
#3496 = EDGE_CURVE ( 'NONE', #1088, #735, #2332, .T. ) ;
#3497 = DIRECTION ( 'NONE',  ( 0.0000000000000000000, 1.000000000000000000, 0.0000000000000000000 ) ) ;
#3498 = CIRCLE ( 'NONE', #2202, 3.999999999999999112 ) ;
#3499 = EDGE_CURVE ( 'NONE', #2106, #3388, #645, .T. ) ;
#3500 = DIRECTION ( 'NONE',  ( 1.000000000000000000, 0.0000000000000000000, 0.0000000000000000000 ) ) ;
#3501 = CARTESIAN_POINT ( 'NONE',  ( 40.55691705258031021, 5.000000000000000000, -18.00000000000000000 ) ) ;
#3502 = AXIS2_PLACEMENT_3D ( 'NONE', #2785, #2210, #2479 ) ;
#3503 = LINE ( 'NONE', #1961, #2564 ) ;
#3504 = DIRECTION ( 'NONE',  ( 0.0000000000000000000, -1.000000000000000000, 0.0000000000000000000 ) ) ;
#3505 = CARTESIAN_POINT ( 'NONE',  ( 16.09013775983049044, 6.441375116154002711, -14.99610459030023080 ) ) ;
#3506 = ORIENTED_EDGE ( 'NONE', *, *, #2269, .F. ) ;
#3507 = ADVANCED_FACE ( 'NONE', ( #2166 ), #2604, .T. ) ;
#3508 = CARTESIAN_POINT ( 'NONE',  ( 18.90537606210287436, 5.000000000000000000, 0.0000000000000000000 ) ) ;
#3509 = ORIENTED_EDGE ( 'NONE', *, *, #26, .F. ) ;
#3510 = ORIENTED_EDGE ( 'NONE', *, *, #299, .F. ) ;
#3511 = CARTESIAN_POINT ( 'NONE',  ( 5.999999999999991118, -13.50000000000000000, -9.850000000000004974 ) ) ;
#3512 = AXIS2_PLACEMENT_3D ( 'NONE', #1592, #2895, #1547 ) ;
#3513 = ORIENTED_EDGE ( 'NONE', *, *, #2188, .F. ) ;
#3514 = PERSON_AND_ORGANIZATION ( #1186, #1352 ) ;
#3515 = EDGE_LOOP ( 'NONE', ( #156, #1474, #967, #3011 ) ) ;
#3516 = EDGE_CURVE ( 'NONE', #1505, #2799, #3517, .T. ) ;
#3517 = LINE ( 'NONE', #1004, #2074 ) ;
#3518 = CARTESIAN_POINT ( 'NONE',  ( 27.01559749185711823, 3.210360691516996656, -15.82724662106913271 ) ) ;
ENDSEC;
END-ISO-10303-21;
