ISO-10303-21;
HEADER;
FILE_DESCRIPTION (( 'STEP AP203' ),
    '1' );
FILE_NAME ('FixationY_V2.STEP',
    '2019-12-12T16:50:19',
    ( '' ),
    ( '' ),
    'SwSTEP 2.0',
    'SolidWorks 2018',
    '' );
FILE_SCHEMA (( 'CONFIG_CONTROL_DESIGN' ));
ENDSEC;

DATA;
#1 = DIRECTION ( 'NONE',  ( 1.000000000000000000, 0.0000000000000000000, -0.0000000000000000000 ) ) ;
#2 = ORIENTED_EDGE ( 'NONE', *, *, #1871, .F. ) ;
#3 = ORIENTED_EDGE ( 'NONE', *, *, #5386, .T. ) ;
#4 = DIRECTION ( 'NONE',  ( -0.0000000000000000000, -0.0000000000000000000, 1.000000000000000000 ) ) ;
#5 = ORIENTED_EDGE ( 'NONE', *, *, #4152, .F. ) ;
#6 = ORIENTED_EDGE ( 'NONE', *, *, #5870, .F. ) ;
#7 = ADVANCED_FACE ( 'NONE', ( #2227, #4813 ), #193, .T. ) ;
#8 = ORIENTED_EDGE ( 'NONE', *, *, #618, .F. ) ;
#9 = DIRECTION ( 'NONE',  ( 0.0000000000000000000, 1.000000000000000000, 0.0000000000000000000 ) ) ;
#10 = ORIENTED_EDGE ( 'NONE', *, *, #5854, .F. ) ;
#11 = DIRECTION ( 'NONE',  ( 0.0000000000000000000, 0.0000000000000000000, 1.000000000000000000 ) ) ;
#12 = EDGE_LOOP ( 'NONE', ( #4546, #3479, #5437, #5775 ) ) ;
#13 = CARTESIAN_POINT ( 'NONE',  ( 15.89769142625769760, 3.550006508080621792, -14.99999290082094561 ) ) ;
#14 = CARTESIAN_POINT ( 'NONE',  ( 15.88999999999977852, 6.449996722562282514, -6.999999999999234390 ) ) ;
#15 = ORIENTED_EDGE ( 'NONE', *, *, #1337, .F. ) ;
#16 = CARTESIAN_POINT ( 'NONE',  ( 3.122501086012366311, -44.00000000000001421, -12.39999999999999503 ) ) ;
#17 = CARTESIAN_POINT ( 'NONE',  ( 34.50000000000000000, -35.50000000000000000, 0.0000000000000000000 ) ) ;
#18 = DIRECTION ( 'NONE',  ( 0.0000000000000000000, 0.0000000000000000000, 1.000000000000000000 ) ) ;
#19 = EDGE_CURVE ( 'NONE', #1046, #770, #5471, .T. ) ;
#20 = ORIENTED_EDGE ( 'NONE', *, *, #2175, .F. ) ;
#21 = CARTESIAN_POINT ( 'NONE',  ( 15.88999999999988688, 3.550003277438696703, -15.00000000000041211 ) ) ;
#22 = CYLINDRICAL_SURFACE ( 'NONE', #3529, 1.399999999999998579 ) ;
#23 = DIRECTION ( 'NONE',  ( 1.000000000000000000, -0.0000000000000000000, -0.0000000000000000000 ) ) ;
#24 = VERTEX_POINT ( 'NONE', #3822 ) ;
#25 = CARTESIAN_POINT ( 'NONE',  ( 40.51009700937620295, 4.622371203112338733, -7.252984453245357344 ) ) ;
#26 = EDGE_CURVE ( 'NONE', #353, #774, #5813, .T. ) ;
#27 = FACE_OUTER_BOUND ( 'NONE', #5550, .T. ) ;
#28 = CARTESIAN_POINT ( 'NONE',  ( 0.5000000000000004441, 10.00000000000000000, 0.0000000000000000000 ) ) ;
#29 = DIRECTION ( 'NONE',  ( 0.0000000000000000000, 0.5299989400031803743, 0.8479983040050877996 ) ) ;
#30 = DIRECTION ( 'NONE',  ( 1.000000000000000000, 0.0000000000000000000, 0.0000000000000000000 ) ) ;
#31 = LINE ( 'NONE', #3950, #168 ) ;
#32 = CARTESIAN_POINT ( 'NONE',  ( 15.89461549254155415, 3.549998362268049767, -14.99999822441966124 ) ) ;
#33 = AXIS2_PLACEMENT_3D ( 'NONE', #2027, #2892, #659 ) ;
#34 = DIRECTION ( 'NONE',  ( 0.6583521792383930649, 0.3648901426239209989, 0.6583521792384022797 ) ) ;
#35 = CARTESIAN_POINT ( 'NONE',  ( 2.877808953048646590, -42.78744846119565892, -11.70566068437750928 ) ) ;
#36 = DIRECTION ( 'NONE',  ( 0.0000000000000000000, 0.0000000000000000000, 1.000000000000000000 ) ) ;
#37 = PLANE ( 'NONE',  #2349 ) ;
#38 = CYLINDRICAL_SURFACE ( 'NONE', #5731, 1.000000000000000888 ) ;
#39 = LINE ( 'NONE', #2972, #3286 ) ;
#40 = ADVANCED_FACE ( 'NONE', ( #1805 ), #4747, .T. ) ;
#41 = DIRECTION ( 'NONE',  ( 0.0000000000000000000, -0.5299989400031803743, -0.8479983040050877996 ) ) ;
#42 = LINE ( 'NONE', #2622, #2294 ) ;
#43 = CARTESIAN_POINT ( 'NONE',  ( 39.10077083408297227, 6.449986973733966344, -14.99998935279788803 ) ) ;
#44 = VERTEX_POINT ( 'NONE', #5277 ) ;
#45 = CARTESIAN_POINT ( 'NONE',  ( 39.09462461558574375, 5.000000000000000000, -22.00000000000000000 ) ) ;
#46 = PERSON_AND_ORGANIZATION ( #1148, #4178 ) ;
#47 = VECTOR ( 'NONE', #4968, 1000.000000000000000 ) ;
#48 = DIRECTION ( 'NONE',  ( 0.0000000000000000000, -0.5299989400031799303, 0.8479983040050880216 ) ) ;
#49 = DIRECTION ( 'NONE',  ( 0.0000000000000000000, 0.0000000000000000000, 1.000000000000000000 ) ) ;
#50 = ORIENTED_EDGE ( 'NONE', *, *, #493, .T. ) ;
#51 = CARTESIAN_POINT ( 'NONE',  ( 0.4999999999999942824, -30.00000000000000711, -17.99999999999998579 ) ) ;
#52 = EDGE_CURVE ( 'NONE', #2047, #2092, #4598, .T. ) ;
#53 = CARTESIAN_POINT ( 'NONE',  ( 39.10538621143155780, 6.450001639532035647, -7.000001773614496159 ) ) ;
#54 = CARTESIAN_POINT ( 'NONE',  ( 2.819788266444912761, -72.64574134649456028, -11.36672221146016959 ) ) ;
#55 = VERTEX_POINT ( 'NONE', #2973 ) ;
#56 = FACE_OUTER_BOUND ( 'NONE', #5518, .T. ) ;
#57 = CARTESIAN_POINT ( 'NONE',  ( 8.877498913987631468, -43.90774919236107365, -12.39999999999998970 ) ) ;
#58 = EDGE_CURVE ( 'NONE', #2320, #2153, #5891, .T. ) ;
#59 = VERTEX_POINT ( 'NONE', #1247 ) ;
#60 = CARTESIAN_POINT ( 'NONE',  ( 43.00000000000000000, 0.0000000000000000000, -21.50000000000000000 ) ) ;
#61 = ORIENTED_EDGE ( 'NONE', *, *, #5497, .F. ) ;
#62 = DIRECTION ( 'NONE',  ( -1.000000000000000000, 0.0000000000000000000, 0.0000000000000000000 ) ) ;
#63 = ADVANCED_FACE ( 'NONE', ( #3368 ), #3969, .T. ) ;
#64 = ORIENTED_EDGE ( 'NONE', *, *, #5183, .F. ) ;
#65 = DIRECTION ( 'NONE',  ( 0.0000000000000000000, 0.0000000000000000000, 1.000000000000000000 ) ) ;
#66 = EDGE_CURVE ( 'NONE', #5838, #3825, #4018, .T. ) ;
#67 = DIRECTION ( 'NONE',  ( 0.0000000000000000000, -1.000000000000000000, 0.0000000000000000000 ) ) ;
#68 = EDGE_CURVE ( 'NONE', #4772, #2977, #3733, .T. ) ;
#69 = ORIENTED_EDGE ( 'NONE', *, *, #2001, .T. ) ;
#70 = ORIENTED_EDGE ( 'NONE', *, *, #5387, .T. ) ;
#71 = CARTESIAN_POINT ( 'NONE',  ( 39.09462461558574375, 5.000000000000000000, -22.00000000000000000 ) ) ;
#72 = CARTESIAN_POINT ( 'NONE',  ( 11.99999999999999645, -15.00000000000000000, -21.50000000000000355 ) ) ;
#73 = CARTESIAN_POINT ( 'NONE',  ( 8.896633427261255278, -74.37109715242132779, -12.36212111305040473 ) ) ;
#74 = ORIENTED_EDGE ( 'NONE', *, *, #5164, .T. ) ;
#75 = CARTESIAN_POINT ( 'NONE',  ( 25.83825990183023791, 5.821951681136293466, -6.443294929547355387 ) ) ;
#76 = ORIENTED_EDGE ( 'NONE', *, *, #651, .F. ) ;
#77 = CARTESIAN_POINT ( 'NONE',  ( 9.168606936674287056, -42.67293452291258404, -11.45524892494459657 ) ) ;
#78 = ORIENTED_EDGE ( 'NONE', *, *, #4064, .T. ) ;
#79 = EDGE_LOOP ( 'NONE', ( #3688, #1949, #1469, #3764, #5516, #3708, #5290, #3317, #3105, #4181, #4840, #1848, #50, #2877, #1779, #2164 ) ) ;
#80 = DIRECTION ( 'NONE',  ( 1.000000000000000000, 0.0000000000000000000, 0.0000000000000000000 ) ) ;
#81 = CARTESIAN_POINT ( 'NONE',  ( 43.00000000000000000, -28.00826881492389475, -8.130168009327428891 ) ) ;
#82 = EDGE_LOOP ( 'NONE', ( #1763, #3687 ) ) ;
#83 = VERTEX_POINT ( 'NONE', #5906 ) ;
#84 = CARTESIAN_POINT ( 'NONE',  ( 51.95897417818824238, -43.29050284336582166, -12.22085419404171347 ) ) ;
#85 = EDGE_CURVE ( 'NONE', #4210, #2412, #3227, .T. ) ;
#86 = DIRECTION ( 'NONE',  ( 1.000000000000000000, -0.0000000000000000000, -0.0000000000000000000 ) ) ;
#87 = LINE ( 'NONE', #5289, #4784 ) ;
#88 = CARTESIAN_POINT ( 'NONE',  ( 40.54736269327507614, 4.808600272737973746, -14.73287900035163211 ) ) ;
#89 = ORIENTED_EDGE ( 'NONE', *, *, #2776, .T. ) ;
#90 = ORIENTED_EDGE ( 'NONE', *, *, #807, .T. ) ;
#91 = FACE_OUTER_BOUND ( 'NONE', #2312, .T. ) ;
#92 = AXIS2_PLACEMENT_3D ( 'NONE', #2668, #1762, #3132 ) ;
#93 = CARTESIAN_POINT ( 'NONE',  ( 26.67435611859215783, 6.660045644341828996, -6.219433686736150158 ) ) ;
#94 = EDGE_CURVE ( 'NONE', #933, #55, #2573, .T. ) ;
#95 = ADVANCED_FACE ( 'NONE', ( #475 ), #4536, .F. ) ;
#96 = DIRECTION ( 'NONE',  ( 1.000000000000000000, 0.0000000000000000000, 0.0000000000000000000 ) ) ;
#97 = VECTOR ( 'NONE', #4608, 1000.000000000000000 ) ;
#98 = DIRECTION ( 'NONE',  ( 0.0000000000000000000, 0.0000000000000000000, -1.000000000000000000 ) ) ;
#99 = CARTESIAN_POINT ( 'NONE',  ( 15.42088060978711361, 3.625713807467522365, -14.97339322714680598 ) ) ;
#100 = EDGE_CURVE ( 'NONE', #5352, #5718, #2150, .T. ) ;
#102 = LINE ( 'NONE', #2219, #1011 ) ;
#101 = CARTESIAN_POINT ( 'NONE',  ( 51.88209281856961042, -43.81398283291683526, -9.609334584225070586 ) ) ;
#103 = LINE ( 'NONE', #5869, #4800 ) ;
#104 = CARTESIAN_POINT ( 'NONE',  ( 46.04155200817269389, -43.29314612192127498, -9.777934282373506036 ) ) ;
#105 = CARTESIAN_POINT ( 'NONE',  ( 40.55691705258031021, 5.000000000000000000, -14.72913274675926232 ) ) ;
#106 = LINE ( 'NONE', #2165, #2646 ) ;
#107 = CYLINDRICAL_SURFACE ( 'NONE', #3680, 1.399999999999998579 ) ;
#108 = CARTESIAN_POINT ( 'NONE',  ( 2.799977398940683315, -72.59994834042932155, -11.09196686544499499 ) ) ;
#109 = LINE ( 'NONE', #1388, #1453 ) ;
#110 = CIRCLE ( 'NONE', #3453, 1.149999999999999911 ) ;
#111 = VERTEX_POINT ( 'NONE', #3637 ) ;
#112 = DIRECTION ( 'NONE',  ( 0.0000000000000000000, -0.5299989400031803743, -0.8479983040050877996 ) ) ;
#113 = VERTEX_POINT ( 'NONE', #578 ) ;
#114 = AXIS2_PLACEMENT_3D ( 'NONE', #920, #4121, #3682 ) ;
#115 = CARTESIAN_POINT ( 'NONE',  ( 54.50000000000000000, -79.00000000000001421, 0.0000000000000000000 ) ) ;
#116 = CYLINDRICAL_SURFACE ( 'NONE', #2504, 1.449999999999999956 ) ;
#117 = CARTESIAN_POINT ( 'NONE',  ( 20.49999999999999289, -39.09202969672710992, -7.127016653792576761 ) ) ;
#118 = FACE_OUTER_BOUND ( 'NONE', #689, .T. ) ;
#119 = ORIENTED_EDGE ( 'NONE', *, *, #4752, .T. ) ;
#120 = CARTESIAN_POINT ( 'NONE',  ( 39.10999999999999943, 0.0000000000000000000, -11.00000000000000000 ) ) ;
#121 = ADVANCED_FACE ( 'NONE', ( #3156 ), #4527, .F. ) ;
#122 = DIRECTION ( 'NONE',  ( -0.0000000000000000000, -0.7071067811865524577, -0.7071067811865425767 ) ) ;
#123 = ORIENTED_EDGE ( 'NONE', *, *, #5171, .T. ) ;
#124 = EDGE_CURVE ( 'NONE', #3998, #5686, #1306, .T. ) ;
#125 = CARTESIAN_POINT ( 'NONE',  ( 54.50000000000000000, -2.500000000000002220, -5.204748896376250896E-15 ) ) ;
#126 = LINE ( 'NONE', #4054, #2383 ) ;
#127 = CARTESIAN_POINT ( 'NONE',  ( 8.899322864347190887, -74.36625518212106556, -9.645625412719644132 ) ) ;
#128 = CARTESIAN_POINT ( 'NONE',  ( 39.10077083408305043, 3.550013026266034988, -7.000010647202110192 ) ) ;
#129 = ORIENTED_EDGE ( 'NONE', *, *, #817, .F. ) ;
#130 = DIRECTION ( 'NONE',  ( -0.0000000000000000000, -1.000000000000000000, -0.0000000000000000000 ) ) ;
#131 = EDGE_CURVE ( 'NONE', #3990, #4292, #2652, .T. ) ;
#132 = ORIENTED_EDGE ( 'NONE', *, *, #1329, .T. ) ;
#133 = CARTESIAN_POINT ( 'NONE',  ( 26.56832795443512651, 3.397228582618304404, -15.76076408276021112 ) ) ;
#134 = CARTESIAN_POINT ( 'NONE',  ( 14.74010053394425768, 4.115700695766973283, -14.83154526877218515 ) ) ;
#135 = EDGE_LOOP ( 'NONE', ( #1536, #3595, #2803, #2694 ) ) ;
#136 = B_SPLINE_CURVE_WITH_KNOTS ( 'NONE', 3,
 ( #1967, #1155, #1616, #5782, #4402, #5294, #5337, #750, #4844, #3007, #5721, #1219 ),
 .UNSPECIFIED., .F., .F.,
 ( 4, 2, 2, 2, 2, 4 ),
 ( 0.006860891297807651841, 0.007431643340592479496, 0.008002395383377306284, 0.008287771404769713607, 0.008573147426162120929, 0.009143899468946933839 ),
 .UNSPECIFIED. ) ;
#137 = ORIENTED_EDGE ( 'NONE', *, *, #3795, .F. ) ;
#138 = DIRECTION ( 'NONE',  ( 0.0000000000000000000, 0.0000000000000000000, -1.000000000000000000 ) ) ;
#139 = CARTESIAN_POINT ( 'NONE',  ( 15.89308294741969085, 5.000000000000000000, -18.00000000000000000 ) ) ;
#140 = VERTEX_POINT ( 'NONE', #2705 ) ;
#141 = DIRECTION ( 'NONE',  ( -0.0000000000000000000, 1.000000000000000000, 0.0000000000000000000 ) ) ;
#142 = ORIENTED_EDGE ( 'NONE', *, *, #682, .F. ) ;
#143 = ORIENTED_EDGE ( 'NONE', *, *, #3989, .T. ) ;
#144 = EDGE_LOOP ( 'NONE', ( #2251, #5044, #504, #4266, #3475, #5902, #5112, #5063 ) ) ;
#145 = CARTESIAN_POINT ( 'NONE',  ( 17.27984101505657222, 4.528511715604206955, -7.249020889584203431 ) ) ;
#146 = ORIENTED_EDGE ( 'NONE', *, *, #3316, .T. ) ;
#147 = DIRECTION ( 'NONE',  ( 0.0000000000000000000, 1.000000000000000000, 0.0000000000000000000 ) ) ;
#148 = CARTESIAN_POINT ( 'NONE',  ( 3.122501086012366311, -74.00000000000001421, -12.39999999999999503 ) ) ;
#149 = ADVANCED_FACE ( 'NONE', ( #3804 ), #955, .F. ) ;
#150 = EDGE_LOOP ( 'NONE', ( #3202, #202, #5855, #1255, #2867, #3238, #2191, #4832, #3896, #5144 ) ) ;
#151 = AXIS2_PLACEMENT_3D ( 'NONE', #3478, #5306, #2114 ) ;
#152 = ORIENTED_EDGE ( 'NONE', *, *, #319, .T. ) ;
#153 = CARTESIAN_POINT ( 'NONE',  ( 26.02976186918123958, 3.870748656252733788, -15.62231859159032865 ) ) ;
#154 = ORIENTED_EDGE ( 'NONE', *, *, #3730, .T. ) ;
#155 = CARTESIAN_POINT ( 'NONE',  ( 15.69783683345968939, 3.560064897375608162, -14.99647275170176997 ) ) ;
#156 = FACE_OUTER_BOUND ( 'NONE', #3831, .T. ) ;
#157 = CARTESIAN_POINT ( 'NONE',  ( 0.4999999999999935052, -32.50000000000000000, -5.204748896376250896E-15 ) ) ;
#158 = CARTESIAN_POINT ( 'NONE',  ( 52.00135076982549975, -43.13812778198470710, -9.881916482718338557 ) ) ;
#159 = EDGE_CURVE ( 'NONE', #1624, #4281, #3954, .T. ) ;
#160 = CARTESIAN_POINT ( 'NONE',  ( 16.37114499100666265, 6.376417085046761635, -14.97194126954483195 ) ) ;
#161 = ORIENTED_EDGE ( 'NONE', *, *, #625, .T. ) ;
#162 = DIRECTION ( 'NONE',  ( -0.0000000000000000000, -0.0000000000000000000, 1.000000000000000000 ) ) ;
#163 = CIRCLE ( 'NONE', #5108, 4.849999999999996980 ) ;
#164 = PLANE ( 'NONE',  #203 ) ;
#165 = CARTESIAN_POINT ( 'NONE',  ( 41.99999999999999289, 0.0000000000000000000, -13.76548368283018675 ) ) ;
#166 = CARTESIAN_POINT ( 'NONE',  ( 39.10077083408285148, 6.449986973735676088, -7.000010647201491132 ) ) ;
#167 = EDGE_CURVE ( 'NONE', #1401, #288, #3299, .T. ) ;
#168 = VECTOR ( 'NONE', #2593, 1000.000000000000000 ) ;
#169 = CARTESIAN_POINT ( 'NONE',  ( 28.43410158228815732, 6.614935395258634721, -6.235494529288186705 ) ) ;
#170 = VECTOR ( 'NONE', #2833, 1000.000000000000000 ) ;
#171 = CARTESIAN_POINT ( 'NONE',  ( 15.90537538441425269, 5.000000000000000000, -2.750000000000000000 ) ) ;
#172 = LINE ( 'NONE', #917, #4878 ) ;
#173 = CARTESIAN_POINT ( 'NONE',  ( 14.44305901104027967, 5.189915790472147350, -14.72912345935718648 ) ) ;
#174 = EDGE_CURVE ( 'NONE', #1512, #2330, #2480, .T. ) ;
#175 = EDGE_CURVE ( 'NONE', #4915, #5846, #1157, .T. ) ;
#176 = CARTESIAN_POINT ( 'NONE',  ( 6.000000000000000000, -18.50000000000000000, -11.00000000000000000 ) ) ;
#177 = CARTESIAN_POINT ( 'NONE',  ( 3.041093915296350758, -74.70913043484213745, -12.22100875885207927 ) ) ;
#178 = ADVANCED_FACE ( 'NONE', ( #2509 ), #3593, .F. ) ;
#179 = FACE_BOUND ( 'NONE', #5823, .T. ) ;
#180 = CARTESIAN_POINT ( 'NONE',  ( 45.83152495720930375, -42.67325050098692429, -11.45612248960533464 ) ) ;
#181 = VECTOR ( 'NONE', #4263, 999.9999999999998863 ) ;
#182 = CARTESIAN_POINT ( 'NONE',  ( 8.877498913987633244, -44.00000000000001421, -12.39999999999999503 ) ) ;
#183 = ORIENTED_EDGE ( 'NONE', *, *, #1062, .T. ) ;
#184 = APPROVAL_DATE_TIME ( #3514, #4633 ) ;
#185 = AXIS2_PLACEMENT_3D ( 'NONE', #5530, #3646, #30 ) ;
#187 = LINE ( 'NONE', #1797, #3373 ) ;
#186 = DIRECTION ( 'NONE',  ( 0.0000000000000000000, 1.000000000000000000, 0.0000000000000000000 ) ) ;
#188 = DIRECTION ( 'NONE',  ( 1.000000000000000000, 0.0000000000000000000, 0.0000000000000000000 ) ) ;
#189 = CARTESIAN_POINT ( 'NONE',  ( 37.83013038224986246, 4.265481280499686889, -7.209487941444566950 ) ) ;
#190 = ORIENTED_EDGE ( 'NONE', *, *, #3125, .F. ) ;
#191 = LINE ( 'NONE', #3211, #2730 ) ;
#192 = CARTESIAN_POINT ( 'NONE',  ( 28.63864777123856342, 6.477530399285001295, -6.282288816439516310 ) ) ;
#193 = PLANE ( 'NONE',  #260 ) ;
#194 = ORIENTED_EDGE ( 'NONE', *, *, #771, .T. ) ;
#195 = CARTESIAN_POINT ( 'NONE',  ( 34.50000000000000000, -39.00000000000000000, 0.0000000000000000000 ) ) ;
#196 = DIRECTION ( 'NONE',  ( -0.7071067811865443531, -0.5996253511966919136, -0.3747658444979322101 ) ) ;
#197 = FACE_BOUND ( 'NONE', #5253, .T. ) ;
#198 = DIRECTION ( 'NONE',  ( 0.0000000000000000000, 0.0000000000000000000, -1.000000000000000000 ) ) ;
#199 = ORIENTED_EDGE ( 'NONE', *, *, #5211, .T. ) ;
#200 = DIRECTION ( 'NONE',  ( -0.0000000000000000000, -1.000000000000000000, -0.0000000000000000000 ) ) ;
#201 = CARTESIAN_POINT ( 'NONE',  ( 0.0000000000000000000, 9.500000000000000000, 0.0000000000000000000 ) ) ;
#202 = ORIENTED_EDGE ( 'NONE', *, *, #5911, .T. ) ;
#203 = AXIS2_PLACEMENT_3D ( 'NONE', #4702, #4721, #2869 ) ;
#204 = EDGE_CURVE ( 'NONE', #4244, #897, #1936, .T. ) ;
#205 = ORIENTED_EDGE ( 'NONE', *, *, #3473, .F. ) ;
#206 = CARTESIAN_POINT ( 'NONE',  ( 0.4999999999999935052, 10.00000000000000000, -0.4999999999999935052 ) ) ;
#207 = EDGE_LOOP ( 'NONE', ( #2971, #3986 ) ) ;
#208 = CARTESIAN_POINT ( 'NONE',  ( 20.49999999999999645, -40.00000000000000000, -12.00000000000000000 ) ) ;
#209 = ADVANCED_FACE ( 'NONE', ( #1229 ), #4171, .F. ) ;
#210 = ORIENTED_EDGE ( 'NONE', *, *, #2768, .F. ) ;
#211 = CARTESIAN_POINT ( 'NONE',  ( -13.00000000000003197, -30.00000000000000355, -4.000000000000004441 ) ) ;
#212 = EDGE_CURVE ( 'NONE', #645, #2723, #4669, .T. ) ;
#213 = ORIENTED_EDGE ( 'NONE', *, *, #414, .F. ) ;
#214 = CARTESIAN_POINT ( 'NONE',  ( 12.40233854392631052, -0.1899959953294382276, -12.96757557851146103 ) ) ;
#215 = VERTEX_POINT ( 'NONE', #5675 ) ;
#216 = CARTESIAN_POINT ( 'NONE',  ( 43.00000000000000000, -5.587236803053636791, -5.882976998091471899 ) ) ;
#217 = B_SPLINE_CURVE_WITH_KNOTS ( 'NONE', 3,
 ( #3360, #5635, #1450, #5198, #2839, #1504, #133, #1903, #2856, #2878, #153, #4728, #3280, #3320, #4672, #608, #2381, #5118 ),
 .UNSPECIFIED., .F., .F.,
 ( 4, 2, 2, 2, 2, 2, 2, 2, 4 ),
 ( 0.005839814219284591816, 0.006204618851270726071, 0.006569423483256859458, 0.006934228115242993713, 0.007299032747229127101, 0.007663837379215261356, 0.008028642011201393008, 0.008393446643187526396, 0.008758251275173659783 ),
 .UNSPECIFIED. ) ;
#218 = ORIENTED_EDGE ( 'NONE', *, *, #1855, .F. ) ;
#219 = CARTESIAN_POINT ( 'NONE',  ( 2.877795703485915624, -75.21258493882275786, -10.29440005481758291 ) ) ;
#220 = ORIENTED_EDGE ( 'NONE', *, *, #5889, .T. ) ;
#221 = ORIENTED_EDGE ( 'NONE', *, *, #4634, .F. ) ;
#222 = CARTESIAN_POINT ( 'NONE',  ( 43.50000000000000000, -5.000000000000000888, -4.000000000000004441 ) ) ;
#223 = EDGE_LOOP ( 'NONE', ( #4625, #2173 ) ) ;
#224 = ORIENTED_EDGE ( 'NONE', *, *, #5672, .T. ) ;
#225 = CARTESIAN_POINT ( 'NONE',  ( 17.30830242867973467, 4.621216009239983435, -7.259836231146572061 ) ) ;
#226 = LINE ( 'NONE', #2428, #3561 ) ;
#227 = CARTESIAN_POINT ( 'NONE',  ( 40.83847866840421403, -33.97514192085773743, -2.661521331595750883 ) ) ;
#228 = CARTESIAN_POINT ( 'NONE',  ( 27.49999999999999645, 0.0000000000000000000, -15.84999999999999609 ) ) ;
#229 = ORIENTED_EDGE ( 'NONE', *, *, #2120, .F. ) ;
#230 = AXIS2_PLACEMENT_3D ( 'NONE', #4576, #5464, #3219 ) ;
#231 = ORIENTED_EDGE ( 'NONE', *, *, #4634, .T. ) ;
#232 = CARTESIAN_POINT ( 'NONE',  ( 42.94457695437660760, -0.6634917632081541727, -9.859215479443697916 ) ) ;
#233 = DIRECTION ( 'NONE',  ( 0.0000000000000000000, 1.000000000000000000, 0.0000000000000000000 ) ) ;
#234 = LINE ( 'NONE', #708, #3417 ) ;
#235 = CARTESIAN_POINT ( 'NONE',  ( 6.000000000000000000, -14.00000000000001066, -14.09999999999999964 ) ) ;
#236 = CARTESIAN_POINT ( 'NONE',  ( 41.97162348458831360, -30.84709907900172965, -5.528376515411667746 ) ) ;
#237 = CARTESIAN_POINT ( 'NONE',  ( 9.180088189335362969, -72.64603028807751173, -11.36785145321618984 ) ) ;
#238 = CARTESIAN_POINT ( 'NONE',  ( 2.877805662874427295, -75.21255529652906091, -11.70562711651190035 ) ) ;
#239 = LINE ( 'NONE', #5305, #1218 ) ;
#240 = ADVANCED_FACE ( 'NONE', ( #1374 ), #3791, .F. ) ;
#241 = AXIS2_PLACEMENT_3D ( 'NONE', #4220, #5637, #2403 ) ;
#242 = EDGE_CURVE ( 'NONE', #1839, #3107, #1867, .T. ) ;
#243 = CARTESIAN_POINT ( 'NONE',  ( 27.49999999999999645, -40.00000000000000000, -11.00000000000000000 ) ) ;
#244 = LINE ( 'NONE', #2318, #1572 ) ;
#245 = VECTOR ( 'NONE', #5888, 1000.000000000000000 ) ;
#246 = CARTESIAN_POINT ( 'NONE',  ( 15.88999999999999702, 2.000000000000000000, -7.000000000000000000 ) ) ;
#247 = DIRECTION ( 'NONE',  ( 0.0000000000000000000, -1.000000000000000000, 0.0000000000000000000 ) ) ;
#248 = CARTESIAN_POINT ( 'NONE',  ( 0.0000000000000000000, -2.222876179246458861, -0.4999999999999935052 ) ) ;
#249 = EDGE_CURVE ( 'NONE', #1880, #1342, #1505, .T. ) ;
#250 = CYLINDRICAL_SURFACE ( 'NONE', #3384, 3.000000000000002665 ) ;
#251 = LINE ( 'NONE', #443, #2717 ) ;
#252 = CARTESIAN_POINT ( 'NONE',  ( 29.33774998132071943, 5.244775897882139937, -6.511588502788893784 ) ) ;
#253 = CARTESIAN_POINT ( 'NONE',  ( 12.16400348744356563, -0.4374530522400663091, -12.46510421891898091 ) ) ;
#254 = FACE_OUTER_BOUND ( 'NONE', #686, .T. ) ;
#255 = DIRECTION ( 'NONE',  ( 1.000000000000000000, 0.0000000000000000000, -0.0000000000000000000 ) ) ;
#256 = CARTESIAN_POINT ( 'NONE',  ( 54.50000000000000000, -30.00000000000000355, -4.000000000000004441 ) ) ;
#257 = LINE ( 'NONE', #5045, #4812 ) ;
#258 = B_SPLINE_CURVE_WITH_KNOTS ( 'NONE', 3,
 ( #761, #4354, #1188, #4815, #2938, #3910, #2097, #2057, #5774, #2955, #5286, #262, #1149, #3421 ),
 .UNSPECIFIED., .F., .F.,
 ( 4, 2, 2, 2, 2, 2, 4 ),
 ( 0.008757744854659826883, 0.009487783827295101849, 0.009852803313612738464, 0.01021782279993037681, 0.01058284228624801343, 0.01094786177256565005, 0.01167790074520092328 ),
 .UNSPECIFIED. ) ;
#259 = ORIENTED_EDGE ( 'NONE', *, *, #625, .F. ) ;
#260 = AXIS2_PLACEMENT_3D ( 'NONE', #4766, #3882, #2950 ) ;
#261 = ORIENTED_EDGE ( 'NONE', *, *, #483, .T. ) ;
#262 = CARTESIAN_POINT ( 'NONE',  ( 29.30147994095888464, 4.513762801174030947, -6.495872921856638449 ) ) ;
#263 = CARTESIAN_POINT ( 'NONE',  ( 3.087949812874313249, -74.45494118435192377, -12.32720028988984495 ) ) ;
#264 = LINE ( 'NONE', #721, #1096 ) ;
#265 = VECTOR ( 'NONE', #2674, 1000.000000000000000 ) ;
#266 = VERTEX_POINT ( 'NONE', #157 ) ;
#267 = AXIS2_PLACEMENT_3D ( 'NONE', #5429, #869, #3549 ) ;
#268 = CARTESIAN_POINT ( 'NONE',  ( 52.13944672329417074, -45.25585994774971255, -10.37441808897784057 ) ) ;
#269 = VECTOR ( 'NONE', #5434, 1000.000000000000000 ) ;
#270 = DIRECTION ( 'NONE',  ( 0.0000000000000000000, 0.0000000000000000000, 1.000000000000000000 ) ) ;
#271 = ADVANCED_FACE ( 'NONE', ( #2565 ), #2929, .F. ) ;
#272 = DIRECTION ( 'NONE',  ( 0.0000000000000000000, 0.7071067811865524577, -0.7071067811865425767 ) ) ;
#273 = FACE_BOUND ( 'NONE', #2511, .T. ) ;
#274 = CARTESIAN_POINT ( 'NONE',  ( 43.00000000000000000, -1.000000000000000888, -21.50000000000000355 ) ) ;
#275 = ORIENTED_EDGE ( 'NONE', *, *, #3433, .T. ) ;
#276 = EDGE_CURVE ( 'NONE', #5222, #3378, #1998, .T. ) ;
#277 = CARTESIAN_POINT ( 'NONE',  ( 40.55691705258031021, 5.000000000000000000, -14.72913274675926232 ) ) ;
#278 = ORIENTED_EDGE ( 'NONE', *, *, #3196, .T. ) ;
#279 = DIRECTION ( 'NONE',  ( 0.0000000000000000000, 0.7071067811865425767, -0.7071067811865524577 ) ) ;
#280 = CARTESIAN_POINT ( 'NONE',  ( 54.50000000000000000, -5.000000000000000888, -4.000000000000004441 ) ) ;
#281 = VERTEX_POINT ( 'NONE', #5640 ) ;
#282 = CARTESIAN_POINT ( 'NONE',  ( 11.99999999999999645, -1.000000000000000888, -0.4999999999999935052 ) ) ;
#283 = AXIS2_PLACEMENT_3D ( 'NONE', #2363, #2798, #5598 ) ;
#284 = ORIENTED_EDGE ( 'NONE', *, *, #2820, .T. ) ;
#285 = EDGE_CURVE ( 'NONE', #5357, #1260, #5885, .T. ) ;
#286 = ORIENTED_EDGE ( 'NONE', *, *, #5870, .T. ) ;
#287 = APPROVAL_STATUS ( 'not_yet_approved' ) ;
#288 = VERTEX_POINT ( 'NONE', #4694 ) ;
#289 = CARTESIAN_POINT ( 'NONE',  ( -13.00000000000003197, -30.00000000000000355, -4.000000000000004441 ) ) ;
#290 = DIRECTION ( 'NONE',  ( 0.0000000000000000000, 0.0000000000000000000, -1.000000000000000000 ) ) ;
#291 = ORIENTED_EDGE ( 'NONE', *, *, #2931, .F. ) ;
#292 = CARTESIAN_POINT ( 'NONE',  ( 6.000000000000000000, -18.50000000000001776, -11.00000000000000000 ) ) ;
#293 = VERTEX_POINT ( 'NONE', #647 ) ;
#294 = EDGE_CURVE ( 'NONE', #5642, #512, #2221, .T. ) ;
#295 = EDGE_CURVE ( 'NONE', #2092, #2529, #400, .T. ) ;
#296 = CARTESIAN_POINT ( 'NONE',  ( 43.00000000000000000, -15.00000000000000000, -17.49999999999999289 ) ) ;
#297 = CARTESIAN_POINT ( 'NONE',  ( 11.99999999999999645, -2.222876179246449091, -21.50000000000000000 ) ) ;
#298 = CARTESIAN_POINT ( 'NONE',  ( 27.49999999999999645, 10.00000000000000000, -11.00000000000000000 ) ) ;
#299 = EDGE_LOOP ( 'NONE', ( #2295, #2888, #5298, #653 ) ) ;
#300 = CARTESIAN_POINT ( 'NONE',  ( 0.4999999999999933942, -67.00000000000000000, -21.99999999999999289 ) ) ;
#301 = CARTESIAN_POINT ( 'NONE',  ( 45.81690678988478993, -75.36243319523984496, -11.37053024668288970 ) ) ;
#302 = ADVANCED_FACE ( 'NONE', ( #2785, #5735 ), #1544, .T. ) ;
#303 = DIRECTION ( 'NONE',  ( 0.0000000000000000000, -1.000000000000000000, 0.0000000000000000000 ) ) ;
#304 = CARTESIAN_POINT ( 'NONE',  ( 52.16860693667427284, -72.67293452291259825, -10.54475107505538389 ) ) ;
#305 = EDGE_LOOP ( 'NONE', ( #1486, #3470, #5214, #5149 ) ) ;
#306 = AXIS2_PLACEMENT_3D ( 'NONE', #1325, #5872, #3159 ) ;
#307 = CARTESIAN_POINT ( 'NONE',  ( 15.90537538441425269, 5.000000000000000000, -2.750000000000000000 ) ) ;
#308 = LINE ( 'NONE', #5736, #4158 ) ;
#309 = CARTESIAN_POINT ( 'NONE',  ( 26.67651582255240328, 3.338949348500606984, -6.219080799118166247 ) ) ;
#310 = CARTESIAN_POINT ( 'NONE',  ( 2.936149957101176433, -45.05398175891404833, -10.07404435558292377 ) ) ;
#311 = CARTESIAN_POINT ( 'NONE',  ( 0.0000000000000000000, -32.50000000000000000, -0.5000000000000004441 ) ) ;
#312 = CIRCLE ( 'NONE', #2103, 4.950000000000002842 ) ;
#313 = DIRECTION ( 'NONE',  ( 0.0000000000000000000, 0.0000000000000000000, -1.000000000000000000 ) ) ;
#314 = CARTESIAN_POINT ( 'NONE',  ( 51.87749891398786417, -44.00000000000002132, -12.39999999999999858 ) ) ;
#315 = VECTOR ( 'NONE', #3398, 999.9999999999998863 ) ;
#316 = DIRECTION ( 'NONE',  ( 0.0000000000000000000, 0.0000000000000000000, 1.000000000000000000 ) ) ;
#317 = CARTESIAN_POINT ( 'NONE',  ( 9.139750440019120958, -72.74339119574261758, -11.62393002588699709 ) ) ;
#318 = CARTESIAN_POINT ( 'NONE',  ( 45.87779570348591562, -75.21258493882272944, -11.70559994518241709 ) ) ;
#319 = EDGE_CURVE ( 'NONE', #288, #4639, #5025, .T. ) ;
#320 = VECTOR ( 'NONE', #2897, 1000.000000000000000 ) ;
#321 = DIRECTION ( 'NONE',  ( -0.0000000000000000000, -0.0000000000000000000, 1.000000000000000000 ) ) ;
#322 = CARTESIAN_POINT ( 'NONE',  ( 51.89636671088688047, -73.63013765801196087, -12.36274466660499982 ) ) ;
#323 = VECTOR ( 'NONE', #2999, 1000.000000000000000 ) ;
#324 = DIRECTION ( 'NONE',  ( 0.0000000000000000000, 0.0000000000000000000, -1.000000000000000000 ) ) ;
#325 = CARTESIAN_POINT ( 'NONE',  ( 14.63548279529585550, 4.272129432777525437, -7.201422040843825201 ) ) ;
#327 = VECTOR ( 'NONE', #3502, 1000.000000000000000 ) ;
#326 = CARTESIAN_POINT ( 'NONE',  ( 51.89932286434720510, -44.36625518212108688, -12.35437458728034343 ) ) ;
#328 = ORIENTED_EDGE ( 'NONE', *, *, #2481, .F. ) ;
#329 = CARTESIAN_POINT ( 'NONE',  ( 2.998649230174497138, -44.86187221801532843, -12.11808351728165256 ) ) ;
#330 = DIRECTION ( 'NONE',  ( -0.0000000000000000000, -0.0000000000000000000, 1.000000000000000000 ) ) ;
#331 = ORIENTED_EDGE ( 'NONE', *, *, #4528, .F. ) ;
#332 = EDGE_CURVE ( 'NONE', #2123, #3632, #2359, .T. ) ;
#333 = ADVANCED_FACE ( 'NONE', ( #668 ), #5326, .T. ) ;
#334 = SHAPE_DEFINITION_REPRESENTATION ( #5574, #5693 ) ;
#335 = LINE ( 'NONE', #2832, #1811 ) ;
#336 = CARTESIAN_POINT ( 'NONE',  ( 33.94739712985294489, -39.90153907381213827, -6.260608896119489231 ) ) ;
#337 = VERTEX_POINT ( 'NONE', #300 ) ;
#338 = CARTESIAN_POINT ( 'NONE',  ( 52.12219104695135741, -75.21255153880437661, -10.29433931562248894 ) ) ;
#339 = DIRECTION ( 'NONE',  ( 0.0000000000000000000, 1.000000000000000000, 0.0000000000000000000 ) ) ;
#340 = AXIS2_PLACEMENT_3D ( 'NONE', #5136, #997, #112 ) ;
#341 = DIRECTION ( 'NONE',  ( 1.000000000000000000, -0.0000000000000000000, -0.0000000000000000000 ) ) ;
#342 = DIRECTION ( 'NONE',  ( 0.0000000000000000000, 0.0000000000000000000, 1.000000000000000000 ) ) ;
#343 = ORIENTED_EDGE ( 'NONE', *, *, #3278, .T. ) ;
#344 = DIRECTION ( 'NONE',  ( 0.0000000000000000000, -1.000000000000000000, 0.0000000000000000000 ) ) ;
#345 = DIRECTION ( 'NONE',  ( 0.0000000000000000000, 0.0000000000000000000, 1.000000000000000000 ) ) ;
#346 = DIRECTION ( 'NONE',  ( 0.0000000000000000000, 1.000000000000000000, 0.0000000000000000000 ) ) ;
#347 = LINE ( 'NONE', #1654, #2738 ) ;
#348 = CARTESIAN_POINT ( 'NONE',  ( 15.51163111810797623, 6.402145235520827704, -7.016842791136933322 ) ) ;
#349 = ORIENTED_EDGE ( 'NONE', *, *, #1679, .T. ) ;
#350 = DIRECTION ( 'NONE',  ( 1.000000000000000000, 0.0000000000000000000, 0.0000000000000000000 ) ) ;
#351 = CARTESIAN_POINT ( 'NONE',  ( 2.998914892865648163, -44.86099574405054824, -9.881173854912114862 ) ) ;
#352 = CARTESIAN_POINT ( 'NONE',  ( 15.89922916591697266, 6.449986973733965456, -9.000000000000000000 ) ) ;
#353 = VERTEX_POINT ( 'NONE', #3402 ) ;
#354 = ORIENTED_EDGE ( 'NONE', *, *, #4216, .T. ) ;
#355 = VERTEX_POINT ( 'NONE', #4857 ) ;
#356 = CARTESIAN_POINT ( 'NONE',  ( 52.16865175164786450, -75.32718212886572928, -10.54489063668227367 ) ) ;
#357 = ORIENTED_EDGE ( 'NONE', *, *, #2120, .T. ) ;
#358 = EDGE_CURVE ( 'NONE', #4057, #2817, #3798, .T. ) ;
#359 = ORIENTED_EDGE ( 'NONE', *, *, #5547, .F. ) ;
#360 = CARTESIAN_POINT ( 'NONE',  ( 29.33762154823201485, 4.754216769173456925, -15.48846462960080750 ) ) ;
#361 = CARTESIAN_POINT ( 'NONE',  ( 45.81991181066463525, -75.35396971192254512, -10.63214854678380661 ) ) ;
#362 = ADVANCED_FACE ( 'NONE', ( #4310 ), #5593, .F. ) ;
#363 = EDGE_LOOP ( 'NONE', ( #5483, #3760 ) ) ;
#364 = PLANE ( 'NONE',  #544 ) ;
#365 = ORIENTED_EDGE ( 'NONE', *, *, #5497, .T. ) ;
#366 = CARTESIAN_POINT ( 'NONE',  ( 53.36685518381590754, -29.37195715814399577, -19.13314481618407825 ) ) ;
#367 = ORIENTED_EDGE ( 'NONE', *, *, #2799, .F. ) ;
#368 = CARTESIAN_POINT ( 'NONE',  ( 39.09462461558574375, 5.000000000000000000, -2.749999999999999112 ) ) ;
#369 = EDGE_CURVE ( 'NONE', #3378, #5630, #3870, .T. ) ;
#370 = EDGE_LOOP ( 'NONE', ( #5040, #2736, #4345, #860 ) ) ;
#371 = DIRECTION ( 'NONE',  ( 0.0000000000000000000, -0.0000000000000000000, 1.000000000000000000 ) ) ;
#372 = ORIENTED_EDGE ( 'NONE', *, *, #1636, .T. ) ;
#373 = CARTESIAN_POINT ( 'NONE',  ( 27.98298317876943386, 6.789966900362005120, -15.82736894825878160 ) ) ;
#374 = ORIENTED_EDGE ( 'NONE', *, *, #5586, .F. ) ;
#375 = ORIENTED_EDGE ( 'NONE', *, *, #2621, .T. ) ;
#376 = DIRECTION ( 'NONE',  ( 0.0000000000000000000, 0.0000000000000000000, -1.000000000000000000 ) ) ;
#377 = EDGE_CURVE ( 'NONE', #281, #4034, #258, .T. ) ;
#378 = VECTOR ( 'NONE', #2984, 1000.000000000000114 ) ;
#379 = EDGE_CURVE ( 'NONE', #2344, #55, #813, .T. ) ;
#380 = VERTEX_POINT ( 'NONE', #1211 ) ;
#381 = CARTESIAN_POINT ( 'NONE',  ( 43.00000000000000000, -35.00000000000000000, 2.632990618166809235E-15 ) ) ;
#382 = CARTESIAN_POINT ( 'NONE',  ( 52.08446357166556595, -75.11733626813990838, -11.86257920188086246 ) ) ;
#383 = ORIENTED_EDGE ( 'NONE', *, *, #276, .T. ) ;
#384 = CARTESIAN_POINT ( 'NONE',  ( 28.89209158382821840, 3.775684095032129317, -15.64675568517555782 ) ) ;
#385 = LINE ( 'NONE', #3090, #4790 ) ;
#386 = DIRECTION ( 'NONE',  ( 0.0000000000000000000, 0.0000000000000000000, 1.000000000000000000 ) ) ;
#387 = AXIS2_PLACEMENT_3D ( 'NONE', #171, #1073, #1921 ) ;
#388 = DIRECTION ( 'NONE',  ( 0.0000000000000000000, 1.000000000000000000, 0.0000000000000000000 ) ) ;
#389 = CARTESIAN_POINT ( 'NONE',  ( 14.79937448462725946, 4.043372413286547840, -7.150942442654858233 ) ) ;
#390 = FACE_OUTER_BOUND ( 'NONE', #4155, .T. ) ;
#391 = DIRECTION ( 'NONE',  ( -0.0000000000000000000, 1.000000000000000000, -0.0000000000000000000 ) ) ;
#392 = CARTESIAN_POINT ( 'NONE',  ( 15.88999999999999702, 2.000000000000000000, -7.000000000000000000 ) ) ;
#393 = PLANE ( 'NONE',  #439 ) ;
#394 = VECTOR ( 'NONE', #5762, 1000.000000000000000 ) ;
#395 = VECTOR ( 'NONE', #2215, 1000.000000000000000 ) ;
#396 = CARTESIAN_POINT ( 'NONE',  ( 45.83134824835213550, -72.67281787113429914, -10.54489063668227367 ) ) ;
#397 = EDGE_CURVE ( 'NONE', #3399, #5425, #3282, .T. ) ;
#398 = CARTESIAN_POINT ( 'NONE',  ( 6.000000000000000000, -18.50000000000001776, -11.00000000000000000 ) ) ;
#399 = CARTESIAN_POINT ( 'NONE',  ( 6.000000000000000000, -18.50000000000001776, -14.19999999999999929 ) ) ;
#400 = LINE ( 'NONE', #2860, #4661 ) ;
#401 = CARTESIAN_POINT ( 'NONE',  ( 0.0000000000000000000, -44.00000000000001421, -12.39999999999999503 ) ) ;
#402 = DIRECTION ( 'NONE',  ( 0.0000000000000000000, 0.0000000000000000000, -1.000000000000000000 ) ) ;
#403 = AXIS2_PLACEMENT_3D ( 'NONE', #4033, #3579, #2654 ) ;
#404 = EDGE_CURVE ( 'NONE', #1880, #3835, #1931, .T. ) ;
#405 = CARTESIAN_POINT ( 'NONE',  ( 0.0000000000000000000, -79.00000000000001421, -21.99999999999999289 ) ) ;
#406 = VECTOR ( 'NONE', #740, 1000.000000000000000 ) ;
#407 = FACE_OUTER_BOUND ( 'NONE', #5781, .T. ) ;
#408 = DIRECTION ( 'NONE',  ( -0.6583521792383901783, -0.3648901426239316570, -0.6583521792383991711 ) ) ;
#409 = ORIENTED_EDGE ( 'NONE', *, *, #100, .T. ) ;
#410 = DIRECTION ( 'NONE',  ( -0.7071067811865426878, 9.614813431917954667E-17, -0.7071067811865524577 ) ) ;
#411 = LINE ( 'NONE', #506, #5107 ) ;
#412 = LINE ( 'NONE', #5169, #5109 ) ;
#413 = DIRECTION ( 'NONE',  ( 1.000000000000000000, -0.0000000000000000000, -0.0000000000000000000 ) ) ;
#414 = EDGE_CURVE ( 'NONE', #5705, #3036, #3400, .T. ) ;
#415 = ORIENTED_EDGE ( 'NONE', *, *, #4167, .F. ) ;
#416 = VECTOR ( 'NONE', #4738, 1000.000000000000000 ) ;
#417 = CARTESIAN_POINT ( 'NONE',  ( 2.915725246490109335, -42.88871468302146894, -11.85631955483967559 ) ) ;
#418 = CARTESIAN_POINT ( 'NONE',  ( 11.99999999999999645, -15.00000000000000000, 0.0000000000000000000 ) ) ;
#419 = ORIENTED_EDGE ( 'NONE', *, *, #3386, .F. ) ;
#420 = AXIS2_PLACEMENT_3D ( 'NONE', #2932, #5259, #2011 ) ;
#421 = VECTOR ( 'NONE', #34, 1000.000000000000114 ) ;
#422 = CARTESIAN_POINT ( 'NONE',  ( -13.00000000000003197, -30.00000000000000355, -4.000000000000004441 ) ) ;
#423 = DIRECTION ( 'NONE',  ( 0.0000000000000000000, 0.0000000000000000000, 1.000000000000000000 ) ) ;
#424 = ORIENTED_EDGE ( 'NONE', *, *, #2279, .F. ) ;
#425 = VERTEX_POINT ( 'NONE', #2199 ) ;
#426 = ORIENTED_EDGE ( 'NONE', *, *, #1098, .T. ) ;
#427 = AXIS2_PLACEMENT_3D ( 'NONE', #4381, #2109, #731 ) ;
#428 = ADVANCED_FACE ( 'NONE', ( #5466 ), #2162, .T. ) ;
#429 = ORIENTED_EDGE ( 'NONE', *, *, #379, .F. ) ;
#430 = CARTESIAN_POINT ( 'NONE',  ( 27.74479485950044122, 6.837751270473773957, -15.84529041341688149 ) ) ;
#431 = PLANE ( 'NONE',  #4286 ) ;
#432 = ORIENTED_EDGE ( 'NONE', *, *, #1906, .F. ) ;
#433 = ORIENTED_EDGE ( 'NONE', *, *, #1270, .T. ) ;
#434 = CARTESIAN_POINT ( 'NONE',  ( 12.99999999999999822, 0.0000000000000000000, -10.06838849298650373 ) ) ;
#435 = VERTEX_POINT ( 'NONE', #805 ) ;
#436 = EDGE_LOOP ( 'NONE', ( #2683, #2461, #2389, #3735 ) ) ;
#437 = CARTESIAN_POINT ( 'NONE',  ( 21.50000000000000000, -39.00000000000000000, 0.0000000000000000000 ) ) ;
#438 = CARTESIAN_POINT ( 'NONE',  ( 3.122501086012145155, -44.00000000000000711, -9.599999999999994316 ) ) ;
#439 = AXIS2_PLACEMENT_3D ( 'NONE', #3493, #4491, #1739 ) ;
#440 = VERTEX_POINT ( 'NONE', #3587 ) ;
#441 = CARTESIAN_POINT ( 'NONE',  ( 16.99559080541753531, 4.039369795349444736, -14.84479482286427121 ) ) ;
#442 = EDGE_CURVE ( 'NONE', #4203, #3018, #1299, .T. ) ;
#443 = CARTESIAN_POINT ( 'NONE',  ( 0.0000000000000000000, -32.92399915200255833, -21.73500052999839482 ) ) ;
#444 = ORIENTED_EDGE ( 'NONE', *, *, #5304, .T. ) ;
#445 = CARTESIAN_POINT ( 'NONE',  ( -13.00000000000003197, -2.500000000000002220, -5.204748896376250896E-15 ) ) ;
#446 = VERTEX_POINT ( 'NONE', #2617 ) ;
#447 = CARTESIAN_POINT ( 'NONE',  ( 8.877498913987633244, -44.00000000000001421, -12.39999999999999503 ) ) ;
#448 = CARTESIAN_POINT ( 'NONE',  ( 43.00000000000000000, -15.00000000000000000, -0.4999999999999935052 ) ) ;
#449 = ORIENTED_EDGE ( 'NONE', *, *, #4907, .F. ) ;
#450 = EDGE_CURVE ( 'NONE', #4292, #4203, #3432, .T. ) ;
#451 = VERTEX_POINT ( 'NONE', #401 ) ;
#452 = CARTESIAN_POINT ( 'NONE',  ( 39.10999999999999943, 2.000000000000000000, -7.000000000000000000 ) ) ;
#453 = ORIENTED_EDGE ( 'NONE', *, *, #1601, .F. ) ;
#454 = CARTESIAN_POINT ( 'NONE',  ( 39.10999999999999943, 2.000000000000000000, -15.00000000000000000 ) ) ;
#455 = CARTESIAN_POINT ( 'NONE',  ( 45.91553642833444115, -72.88266373186012004, -11.86257920188086246 ) ) ;
#456 = AXIS2_PLACEMENT_3D ( 'NONE', #801, #272, #737 ) ;
#457 = CARTESIAN_POINT ( 'NONE',  ( 46.12250108601238452, -44.18742037433769099, -12.39999999999999680 ) ) ;
#458 = CYLINDRICAL_SURFACE ( 'NONE', #5191, 1.399999999999998579 ) ;
#459 = CARTESIAN_POINT ( 'NONE',  ( 55.00000000000000000, -32.77712382075355890, -21.50000000000000000 ) ) ;
#460 = CARTESIAN_POINT ( 'NONE',  ( 6.000000000000000000, -18.50000000000000000, -9.849999999999999645 ) ) ;
#461 = ADVANCED_FACE ( 'NONE', ( #5399 ), #107, .F. ) ;
#462 = CARTESIAN_POINT ( 'NONE',  ( 15.88999999999999702, 0.0000000000000000000, -11.00000000000000000 ) ) ;
#463 = VECTOR ( 'NONE', #3435, 1000.000000000000000 ) ;
#464 = CARTESIAN_POINT ( 'NONE',  ( 39.09462461558574375, 5.000000000000000000, -18.00000000000000000 ) ) ;
#465 = DIRECTION ( 'NONE',  ( -1.000000000000000000, 0.0000000000000000000, 0.0000000000000000000 ) ) ;
#467 = FACE_OUTER_BOUND ( 'NONE', #3184, .T. ) ;
#466 = DIRECTION ( 'NONE',  ( -0.0000000000000000000, -0.0000000000000000000, 1.000000000000000000 ) ) ;
#468 = CIRCLE ( 'NONE', #3288, 3.999999999999999112 ) ;
#469 = DIRECTION ( 'NONE',  ( 0.0000000000000000000, 0.0000000000000000000, -1.000000000000000000 ) ) ;
#470 = DIRECTION ( 'NONE',  ( 1.000000000000000000, 0.0000000000000000000, 0.0000000000000000000 ) ) ;
#471 = CARTESIAN_POINT ( 'NONE',  ( 0.5000000000000004441, -2.500000000000002220, 0.0000000000000000000 ) ) ;
#472 = DIRECTION ( 'NONE',  ( -1.000000000000000000, -0.0000000000000000000, -0.0000000000000000000 ) ) ;
#473 = EDGE_CURVE ( 'NONE', #5116, #5833, #2070, .T. ) ;
#474 = VECTOR ( 'NONE', #966, 1000.000000000000000 ) ;
#475 = FACE_OUTER_BOUND ( 'NONE', #2229, .T. ) ;
#476 = CARTESIAN_POINT ( 'NONE',  ( 45.81991181066464947, -45.35396971192256643, -10.63214854678381371 ) ) ;
#477 = ORIENTED_EDGE ( 'NONE', *, *, #3596, .T. ) ;
#478 = DIRECTION ( 'NONE',  ( 0.0000000000000000000, 0.0000000000000000000, -1.000000000000000000 ) ) ;
#479 = DIRECTION ( 'NONE',  ( 0.0000000000000000000, 0.0000000000000000000, -1.000000000000000000 ) ) ;
#480 = LINE ( 'NONE', #227, #819 ) ;
#481 = DIRECTION ( 'NONE',  ( 1.000000000000000000, 0.0000000000000000000, 0.0000000000000000000 ) ) ;
#482 = VERTEX_POINT ( 'NONE', #1232 ) ;
#483 = EDGE_CURVE ( 'NONE', #1342, #4057, #5099, .T. ) ;
#484 = LINE ( 'NONE', #5729, #4183 ) ;
#485 = CARTESIAN_POINT ( 'NONE',  ( 40.48188960396556979, 4.529962104221628927, -7.242419129262137822 ) ) ;
#486 = ORIENTED_EDGE ( 'NONE', *, *, #4209, .F. ) ;
#487 = CARTESIAN_POINT ( 'NONE',  ( 49.00000000000000000, -18.50000000000000000, -12.14999999999999503 ) ) ;
#488 = ADVANCED_FACE ( 'NONE', ( #736, #5247 ), #1771, .T. ) ;
#489 = DIRECTION ( 'NONE',  ( 0.0000000000000000000, -1.000000000000000000, 0.0000000000000000000 ) ) ;
#490 = LINE ( 'NONE', #4011, #1246 ) ;
#491 = EDGE_CURVE ( 'NONE', #1774, #3399, #1796, .T. ) ;
#492 = DIRECTION ( 'NONE',  ( 1.000000000000000000, 0.0000000000000000000, 0.0000000000000000000 ) ) ;
#493 = EDGE_CURVE ( 'NONE', #4348, #505, #3944, .T. ) ;
#494 = ORIENTED_EDGE ( 'NONE', *, *, #332, .F. ) ;
#495 = CARTESIAN_POINT ( 'NONE',  ( 46.04109391529635786, -44.70913043484214455, -9.778991241147922509 ) ) ;
#496 = CARTESIAN_POINT ( 'NONE',  ( 15.88999999999999702, 2.000000000000000000, -15.00000000000000000 ) ) ;
#497 = DIRECTION ( 'NONE',  ( -0.6583521792383952853, -0.3648901426239458123, 0.6583521792383861815 ) ) ;
#498 = ORIENTED_EDGE ( 'NONE', *, *, #4454, .T. ) ;
#499 = ORIENTED_EDGE ( 'NONE', *, *, #5445, .T. ) ;
#500 = AXIS2_PLACEMENT_3D ( 'NONE', #5734, #667, #5692 ) ;
#501 = CARTESIAN_POINT ( 'NONE',  ( 15.88999999999999702, 0.0000000000000000000, -14.99999999999999645 ) ) ;
#502 = ORIENTED_EDGE ( 'NONE', *, *, #4600, .T. ) ;
#503 = VERTEX_POINT ( 'NONE', #1370 ) ;
#504 = ORIENTED_EDGE ( 'NONE', *, *, #4405, .T. ) ;
#505 = VERTEX_POINT ( 'NONE', #2700 ) ;
#506 = CARTESIAN_POINT ( 'NONE',  ( 43.50000000000000000, -4.999999999999999112, -17.99999999999998579 ) ) ;
#507 = VERTEX_POINT ( 'NONE', #4084 ) ;
#508 = ORIENTED_EDGE ( 'NONE', *, *, #100, .F. ) ;
#509 = ORIENTED_EDGE ( 'NONE', *, *, #2038, .T. ) ;
#510 = DIRECTION ( 'NONE',  ( 0.0000000000000000000, 1.000000000000000000, 0.0000000000000000000 ) ) ;
#511 = CARTESIAN_POINT ( 'NONE',  ( 45.91562788000577200, -45.11155037805734480, -10.14404688695105072 ) ) ;
#512 = VERTEX_POINT ( 'NONE', #1812 ) ;
#513 = CARTESIAN_POINT ( 'NONE',  ( 39.10999999999999943, 10.00000000000000000, -15.00000000000000000 ) ) ;
#514 = PLANE ( 'NONE',  #1318 ) ;
#515 = AXIS2_PLACEMENT_3D ( 'NONE', #5072, #972, #4172 ) ;
#516 = CARTESIAN_POINT ( 'NONE',  ( 26.27505966837962958, 6.391545442495173646, -6.306413125413069309 ) ) ;
#517 = EDGE_CURVE ( 'NONE', #3694, #1056, #4221, .T. ) ;
#518 = ADVANCED_FACE ( 'NONE', ( #4027 ), #2303, .T. ) ;
#519 = ORIENTED_EDGE ( 'NONE', *, *, #3055, .T. ) ;
#520 = LINE ( 'NONE', #2940, #5225 ) ;
#521 = ORIENTED_EDGE ( 'NONE', *, *, #2319, .F. ) ;
#522 = CARTESIAN_POINT ( 'NONE',  ( 43.00000000000000000, -44.00000000000001421, -10.99999999999999645 ) ) ;
#523 = ORIENTED_EDGE ( 'NONE', *, *, #4362, .T. ) ;
#524 = EDGE_CURVE ( 'NONE', #2332, #59, #1439, .T. ) ;
#525 = VECTOR ( 'NONE', #4822, 1000.000000000000000 ) ;
#526 = CARTESIAN_POINT ( 'NONE',  ( 29.33804008320601042, 5.242930540069613343, -15.48829306692505625 ) ) ;
#527 = LINE ( 'NONE', #5831, #2059 ) ;
#528 = AXIS2_PLACEMENT_3D ( 'NONE', #838, #2217, #1768 ) ;
#529 = CARTESIAN_POINT ( 'NONE',  ( 43.00000000000000000, -74.00000000000001421, -10.99999999999999645 ) ) ;
#530 = CARTESIAN_POINT ( 'NONE',  ( 41.99999999999999289, 0.0000000000000000000, -0.5000000000000004441 ) ) ;
#531 = VECTOR ( 'NONE', #1879, 999.9999999999998863 ) ;
#532 = VECTOR ( 'NONE', #2876, 1000.000000000000000 ) ;
#533 = CARTESIAN_POINT ( 'NONE',  ( 9.001350769825501530, -43.13812778198469289, -12.11808351728164901 ) ) ;
#534 = AXIS2_PLACEMENT_3D ( 'NONE', #3496, #783, #1272 ) ;
#535 = FACE_OUTER_BOUND ( 'NONE', #3396, .T. ) ;
#536 = VECTOR ( 'NONE', #787, 1000.000000000000000 ) ;
#537 = PLANE ( 'NONE',  #4817 ) ;
#538 = DIRECTION ( 'NONE',  ( 0.0000000000000000000, 0.0000000000000000000, 1.000000000000000000 ) ) ;
#539 = ADVANCED_FACE ( 'NONE', ( #4956 ), #4142, .T. ) ;
#540 = FACE_OUTER_BOUND ( 'NONE', #4939, .T. ) ;
#541 = DIRECTION ( 'NONE',  ( 0.0000000000000000000, 0.0000000000000000000, 1.000000000000000000 ) ) ;
#542 = CARTESIAN_POINT ( 'NONE',  ( 40.00060111637700544, 3.842894355346539115, -14.90199477508897807 ) ) ;
#543 = VERTEX_POINT ( 'NONE', #5018 ) ;
#544 = AXIS2_PLACEMENT_3D ( 'NONE', #809, #1717, #725 ) ;
#545 = EDGE_CURVE ( 'NONE', #5473, #4203, #2857, .T. ) ;
#546 = FACE_OUTER_BOUND ( 'NONE', #4471, .T. ) ;
#547 = CARTESIAN_POINT ( 'NONE',  ( 12.99999999999999822, -1.000000000000000888, 0.0000000000000000000 ) ) ;
#548 = PLANE ( 'NONE',  #707 ) ;
#549 = CARTESIAN_POINT ( 'NONE',  ( 9.200022601059314908, -75.40005165957070687, -11.09196686544500032 ) ) ;
#550 = CARTESIAN_POINT ( 'NONE',  ( 25.69952833818721771, 5.488610964839325312, -6.495494832190172652 ) ) ;
#551 = VERTEX_POINT ( 'NONE', #3631 ) ;
#552 = FACE_OUTER_BOUND ( 'NONE', #4201, .T. ) ;
#553 = CARTESIAN_POINT ( 'NONE',  ( 9.001085107134352725, -43.13900425594947308, -9.881173854912121968 ) ) ;
#554 = EDGE_CURVE ( 'NONE', #3632, #4349, #251, .T. ) ;
#555 = VERTEX_POINT ( 'NONE', #3203 ) ;
#556 = CARTESIAN_POINT ( 'NONE',  ( 39.10538621143169991, 6.450001639532032982, -14.99999822638550029 ) ) ;
#557 = CARTESIAN_POINT ( 'NONE',  ( 15.88999999999988688, 3.550003277438696703, -15.00000000000041211 ) ) ;
#558 = LINE ( 'NONE', #5130, #5338 ) ;
#559 = EDGE_LOOP ( 'NONE', ( #4419, #3166, #754, #4671, #4412, #3401, #5288, #4717, #4628, #3533 ) ) ;
#560 = CARTESIAN_POINT ( 'NONE',  ( 51.89636671088688047, -43.63013765801196087, -12.36274466660499272 ) ) ;
#561 = ORIENTED_EDGE ( 'NONE', *, *, #2584, .T. ) ;
#562 = CARTESIAN_POINT ( 'NONE',  ( 17.30814723548057188, 5.379245902149458303, -14.74022245391038055 ) ) ;
#563 = AXIS2_PLACEMENT_3D ( 'NONE', #2362, #5472, #3283 ) ;
#564 = VERTEX_POINT ( 'NONE', #501 ) ;
#565 = VERTEX_POINT ( 'NONE', #21 ) ;
#566 = CARTESIAN_POINT ( 'NONE',  ( 15.99613786877785238, 3.549602248739808008, -7.000234244421641883 ) ) ;
#567 = ORIENTED_EDGE ( 'NONE', *, *, #4216, .F. ) ;
#568 = CARTESIAN_POINT ( 'NONE',  ( 2.831348248352142605, -72.67281787113431335, -11.45510936331772101 ) ) ;
#569 = ADVANCED_FACE ( 'NONE', ( #3727, #4233, #2502, #4807, #4102, #880 ), #3142, .T. ) ;
#570 = ORIENTED_EDGE ( 'NONE', *, *, #5386, .F. ) ;
#571 = AXIS2_PLACEMENT_3D ( 'NONE', #5335, #346, #1613 ) ;
#572 = EDGE_LOOP ( 'NONE', ( #1317, #1895, #685, #4007 ) ) ;
#573 = CARTESIAN_POINT ( 'NONE',  ( 9.180088189335361193, -42.64603028807746909, -11.36785145321617918 ) ) ;
#574 = EDGE_LOOP ( 'NONE', ( #2405, #1887 ) ) ;
#575 = VERTEX_POINT ( 'NONE', #4595 ) ;
#576 = CARTESIAN_POINT ( 'NONE',  ( 14.79976488573947258, 5.957137899143227777, -14.84917768524741177 ) ) ;
#577 = EDGE_LOOP ( 'NONE', ( #643, #359 ) ) ;
#578 = CARTESIAN_POINT ( 'NONE',  ( 39.10077083408302911, 3.550013026266034988, -18.00000000000000000 ) ) ;
#579 = CARTESIAN_POINT ( 'NONE',  ( 55.00000000000000000, 10.00000000000000000, -0.4999999999999935052 ) ) ;
#580 = ORIENTED_EDGE ( 'NONE', *, *, #4295, .F. ) ;
#581 = CARTESIAN_POINT ( 'NONE',  ( 6.000000000000000000, -18.50000000000001776, -7.799999999999999822 ) ) ;
#582 = FACE_OUTER_BOUND ( 'NONE', #3806, .T. ) ;
#583 = ORIENTED_EDGE ( 'NONE', *, *, #1898, .F. ) ;
#584 = ORIENTED_EDGE ( 'NONE', *, *, #1415, .T. ) ;
#585 = CARTESIAN_POINT ( 'NONE',  ( 39.10077083408302911, 3.550013026266034988, -2.749999999999999112 ) ) ;
#586 = LINE ( 'NONE', #1238, #4012 ) ;
#587 = CARTESIAN_POINT ( 'NONE',  ( 8.877498913987633244, -74.00000000000001421, -12.39999999999999503 ) ) ;
#588 = AXIS2_PLACEMENT_3D ( 'NONE', #684, #4282, #5716 ) ;
#589 = CARTESIAN_POINT ( 'NONE',  ( 3.041552008172694332, -73.29314612192128209, -12.22206571762648508 ) ) ;
#590 = EDGE_CURVE ( 'NONE', #2105, #1943, #5143, .T. ) ;
#591 = CARTESIAN_POINT ( 'NONE',  ( 43.00000000000000000, -1.000000000000000888, -10.06838849298647354 ) ) ;
#592 = LINE ( 'NONE', #2714, #1496 ) ;
#593 = DIRECTION ( 'NONE',  ( 0.0000000000000000000, 0.0000000000000000000, -1.000000000000000000 ) ) ;
#594 = CARTESIAN_POINT ( 'NONE',  ( 14.74035945433120709, 5.884618178759584595, -14.83162195504864656 ) ) ;
#595 = B_SPLINE_CURVE_WITH_KNOTS ( 'NONE', 3,
 ( #2880, #5676, #5264, #3365, #263, #177, #3889, #5228, #2939, #238, #1545, #2463, #4774, #1150, #3345, #3811, #1983, #2917, #219, #3851, #5351, #1712, #4000, #4462, #762, #4919 ),
 .UNSPECIFIED., .F., .F.,
 ( 4, 2, 2, 2, 2, 2, 2, 2, 2, 2, 2, 2, 4 ),
 ( 0.004433535381358145316, 0.004710352795980517725, 0.004987170210602890133, 0.005540805039847672246, 0.005817622454470065471, 0.006094439869092457829, 0.006371257283714851054, 0.006648074698337244279, 0.007201709527582034198, 0.007478526942204419617, 0.007755344356826804168, 0.008308979186071598425, 0.008862614015316393548 ),
 .UNSPECIFIED. ) ;
#596 = EDGE_CURVE ( 'NONE', #564, #3690, #602, .T. ) ;
#597 = CARTESIAN_POINT ( 'NONE',  ( 51.87749891398786417, -44.00000000000002132, -12.39999999999999858 ) ) ;
#598 = VECTOR ( 'NONE', #5840, 1000.000000000000000 ) ;
#599 = ADVANCED_FACE ( 'NONE', ( #4376 ), #1083, .F. ) ;
#600 = DIRECTION ( 'NONE',  ( 0.0000000000000000000, -0.5299989400031798192, 0.8479983040050881327 ) ) ;
#601 = VECTOR ( 'NONE', #3497, 1000.000000000000000 ) ;
#602 = CIRCLE ( 'NONE', #1458, 3.999999999999995559 ) ;
#603 = AXIS2_PLACEMENT_3D ( 'NONE', #1741, #2610, #3154 ) ;
#604 = CARTESIAN_POINT ( 'NONE',  ( 2.936580642157083254, -72.94729088230722880, -11.92734262920315302 ) ) ;
#605 = LINE ( 'NONE', #5321, #2659 ) ;
#606 = VECTOR ( 'NONE', #4184, 1000.000000000000000 ) ;
#607 = ORIENTED_EDGE ( 'NONE', *, *, #5580, .F. ) ;
#608 = CARTESIAN_POINT ( 'NONE',  ( 25.66239014870339474, 4.754171132499980246, -15.48846929997575295 ) ) ;
#609 = CARTESIAN_POINT ( 'NONE',  ( 14.59049390432635640, 5.643990472207549125, -14.78322218266518462 ) ) ;
#610 = FACE_BOUND ( 'NONE', #82, .T. ) ;
#611 = ORIENTED_EDGE ( 'NONE', *, *, #4781, .T. ) ;
#612 = DIRECTION ( 'NONE',  ( -0.0000000000000000000, -0.0000000000000000000, -1.000000000000000000 ) ) ;
#613 = DIRECTION ( 'NONE',  ( 0.0000000000000000000, -1.000000000000000000, 0.0000000000000000000 ) ) ;
#614 = CARTESIAN_POINT ( 'NONE',  ( 17.27969143731031920, 5.472028158128374287, -14.75103742779170624 ) ) ;
#615 = VECTOR ( 'NONE', #5192, 1000.000000000000000 ) ;
#616 = AXIS2_PLACEMENT_3D ( 'NONE', #208, #2912, #4250 ) ;
#617 = EDGE_LOOP ( 'NONE', ( #4460, #4925 ) ) ;
#618 = EDGE_CURVE ( 'NONE', #3389, #3033, #468, .T. ) ;
#619 = CARTESIAN_POINT ( 'NONE',  ( 43.00000000000000000, -1.000000000000000888, -21.50000000000000000 ) ) ;
#620 = LINE ( 'NONE', #5363, #2451 ) ;
#621 = DIRECTION ( 'NONE',  ( 0.6583521792384008364, 0.3648901426239257173, 0.6583521792383918436 ) ) ;
#622 = ADVANCED_FACE ( 'NONE', ( #3149 ), #5806, .F. ) ;
#623 = ORIENTED_EDGE ( 'NONE', *, *, #3044, .T. ) ;
#624 = CARTESIAN_POINT ( 'NONE',  ( 27.98254954272402273, 6.790129512700639580, -6.172571002784687622 ) ) ;
#625 = EDGE_CURVE ( 'NONE', #5055, #5613, #950, .T. ) ;
#626 = ORIENTED_EDGE ( 'NONE', *, *, #1929, .F. ) ;
#627 = DIRECTION ( 'NONE',  ( 0.0000000000000000000, 0.0000000000000000000, -1.000000000000000000 ) ) ;
#628 = CARTESIAN_POINT ( 'NONE',  ( 20.51314922019959752, -39.18133185834027898, -7.103102019580758153 ) ) ;
#629 = ORIENTED_EDGE ( 'NONE', *, *, #590, .T. ) ;
#630 = B_SPLINE_CURVE_WITH_KNOTS ( 'NONE', 3,
 ( #14, #4119, #4077, #5013, #2296 ),
 .UNSPECIFIED., .F., .F.,
 ( 4, 1, 4 ),
 ( 0.006854446688885119238, 0.006859046613302389496, 0.006863646537719659754 ),
 .UNSPECIFIED. ) ;
#631 = ORIENTED_EDGE ( 'NONE', *, *, #4435, .F. ) ;
#632 = DIRECTION ( 'NONE',  ( 0.0000000000000000000, 1.000000000000000000, 0.0000000000000000000 ) ) ;
#633 = CARTESIAN_POINT ( 'NONE',  ( 27.49999999999999645, 10.00000000000000000, -11.00000000000000000 ) ) ;
#634 = ORIENTED_EDGE ( 'NONE', *, *, #896, .T. ) ;
#635 = CARTESIAN_POINT ( 'NONE',  ( 16.27837993076931511, 6.404480942029280754, -14.98221898517009443 ) ) ;
#636 = VERTEX_POINT ( 'NONE', #3277 ) ;
#637 = ORIENTED_EDGE ( 'NONE', *, *, #3938, .T. ) ;
#638 = ORIENTED_EDGE ( 'NONE', *, *, #3463, .F. ) ;
#639 = DIRECTION ( 'NONE',  ( 0.0000000000000000000, 0.0000000000000000000, -1.000000000000000000 ) ) ;
#640 = ORIENTED_EDGE ( 'NONE', *, *, #2664, .F. ) ;
#641 = CARTESIAN_POINT ( 'NONE',  ( 38.00364563861740663, 5.959777854549219711, -14.84457638983554872 ) ) ;
#642 = DIRECTION ( 'NONE',  ( 1.000000000000000000, 0.0000000000000000000, 0.0000000000000000000 ) ) ;
#643 = ORIENTED_EDGE ( 'NONE', *, *, #5059, .F. ) ;
#644 = DIRECTION ( 'NONE',  ( 1.000000000000000000, -0.0000000000000000000, -0.0000000000000000000 ) ) ;
#645 = VERTEX_POINT ( 'NONE', #1053 ) ;
#646 = VECTOR ( 'NONE', #80, 1000.000000000000000 ) ;
#647 = CARTESIAN_POINT ( 'NONE',  ( 15.88999999999977852, 6.449996722562282514, -15.00000000000076739 ) ) ;
#648 = EDGE_LOOP ( 'NONE', ( #937, #3850, #3559, #90, #1676, #1313 ) ) ;
#649 = CARTESIAN_POINT ( 'NONE',  ( 12.73123889793530950, -6.834350458291862155E-16, -0.5000000000000008882 ) ) ;
#650 = ADVANCED_FACE ( 'NONE', ( #1723 ), #4670, .T. ) ;
#651 = EDGE_CURVE ( 'NONE', #5625, #778, #3222, .T. ) ;
#652 = CARTESIAN_POINT ( 'NONE',  ( 49.00000000000000000, 10.00000000000000000, -7.899999999999997691 ) ) ;
#653 = ORIENTED_EDGE ( 'NONE', *, *, #1449, .F. ) ;
#654 = VECTOR ( 'NONE', #1023, 1000.000000000000000 ) ;
#655 = CARTESIAN_POINT ( 'NONE',  ( 34.50000000000000000, -39.00000000000000000, -7.127016653792590972 ) ) ;
#656 = CARTESIAN_POINT ( 'NONE',  ( 38.36984673357714115, 3.740596170791652852, -7.068255875936327648 ) ) ;
#657 = EDGE_CURVE ( 'NONE', #2380, #777, #1369, .T. ) ;
#658 = CIRCLE ( 'NONE', #1422, 1.449999999999999956 ) ;
#659 = DIRECTION ( 'NONE',  ( 0.0000000000000000000, 0.0000000000000000000, 1.000000000000000000 ) ) ;
#660 = CIRCLE ( 'NONE', #1250, 4.849999999999996980 ) ;
#661 = CARTESIAN_POINT ( 'NONE',  ( 0.0000000000000000000, -2.076000847997459431, -0.2649994700015944060 ) ) ;
#662 = LINE ( 'NONE', #3515, #4371 ) ;
#663 = EDGE_CURVE ( 'NONE', #1966, #5428, #3866, .T. ) ;
#664 = EDGE_CURVE ( 'NONE', #4998, #1334, #1565, .T. ) ;
#665 = DIRECTION ( 'NONE',  ( 0.0000000000000000000, 1.000000000000000000, 0.0000000000000000000 ) ) ;
#666 = VECTOR ( 'NONE', #3523, 999.9999999999998863 ) ;
#667 = DIRECTION ( 'NONE',  ( -0.7071067811865462405, 0.5996253511966904703, -0.3747658444979313219 ) ) ;
#668 = FACE_OUTER_BOUND ( 'NONE', #3891, .T. ) ;
#669 = DIRECTION ( 'NONE',  ( 0.0000000000000000000, 0.0000000000000000000, 1.000000000000000000 ) ) ;
#670 = APPROVAL_PERSON_ORGANIZATION ( #5249, #3817, #4973 ) ;
#672 = VECTOR ( 'NONE', #1700, 1000.000000000000000 ) ;
#671 = DIRECTION ( 'NONE',  ( 1.000000000000000000, -0.0000000000000000000, -0.0000000000000000000 ) ) ;
#673 = CARTESIAN_POINT ( 'NONE',  ( 27.49999999999999645, 10.00000000000000000, -11.00000000000000000 ) ) ;
#674 = VERTEX_POINT ( 'NONE', #1034 ) ;
#675 = ADVANCED_FACE ( 'NONE', ( #2289 ), #3577, .F. ) ;
#676 = CIRCLE ( 'NONE', #1481, 3.999999999999999112 ) ;
#677 = CARTESIAN_POINT ( 'NONE',  ( 25.83896243744342414, 5.823422138516883173, -15.55696365402185499 ) ) ;
#678 = CARTESIAN_POINT ( 'NONE',  ( 27.50000000000000000, -62.00000000000000711, -10.99999999999999645 ) ) ;
#679 = EDGE_LOOP ( 'NONE', ( #5786, #5196 ) ) ;
#680 = CARTESIAN_POINT ( 'NONE',  ( 11.99999999999999645, -1.000000000000000888, -11.93161150701351048 ) ) ;
#681 = DIRECTION ( 'NONE',  ( 0.0000000000000000000, 1.000000000000000000, 0.0000000000000000000 ) ) ;
#682 = EDGE_CURVE ( 'NONE', #5372, #2242, #2432, .T. ) ;
#683 = VECTOR ( 'NONE', #2433, 999.9999999999998863 ) ;
#684 = CARTESIAN_POINT ( 'NONE',  ( 43.00000000000000000, -15.47487725249183477, -0.2967982828073946755 ) ) ;
#685 = ORIENTED_EDGE ( 'NONE', *, *, #450, .T. ) ;
#686 = EDGE_LOOP ( 'NONE', ( #4421, #5644, #4904, #194 ) ) ;
#687 = AXIS2_PLACEMENT_3D ( 'NONE', #5864, #3508, #4468 ) ;
#688 = EDGE_CURVE ( 'NONE', #1352, #2899, #1573, .T. ) ;
#689 = EDGE_LOOP ( 'NONE', ( #4208, #3983, #1766, #199, #4135, #3903, #4849, #2157, #2690, #1688, #3541, #1617, #4205, #623, #844, #1621 ) ) ;
#690 = CARTESIAN_POINT ( 'NONE',  ( 25.74580166254965974, 4.400053113867782528, -6.478079769819506062 ) ) ;
#691 = DIRECTION ( 'NONE',  ( 0.0000000000000000000, 1.000000000000000000, 0.0000000000000000000 ) ) ;
#692 = DIRECTION ( 'NONE',  ( 0.0000000000000000000, -1.000000000000000000, 0.0000000000000000000 ) ) ;
#693 = ORIENTED_EDGE ( 'NONE', *, *, #242, .T. ) ;
#694 = CARTESIAN_POINT ( 'NONE',  ( 26.27693976657678121, 6.393209405966347347, -15.69408089386031868 ) ) ;
#695 = EDGE_LOOP ( 'NONE', ( #2085, #1533 ) ) ;
#696 = EDGE_CURVE ( 'NONE', #3700, #5778, #3503, .T. ) ;
#697 = ORIENTED_EDGE ( 'NONE', *, *, #3434, .F. ) ;
#698 = DIRECTION ( 'NONE',  ( 0.0000000000000000000, 0.5299989400031798192, 0.8479983040050881327 ) ) ;
#699 = CARTESIAN_POINT ( 'NONE',  ( 27.49999999999999645, -46.00000000000000711, -19.00000000000000355 ) ) ;
#700 = CLOSED_SHELL ( 'NONE', ( #178, #2755, #2308, #3868, #5146, #5484, #5828, #4930, #1834, #2338, #1917, #4868, #2154, #3933, #3474, #4448, #2666, #3723, #599, #2486, #5704, #2540, #362, #1587, #149, #5677, #5589, #3500, #5237, #7, #5897, #4744, #3356, #1862, #622, #675, #3535, #2060, #2811, #1778, #2903, #4837, #1443, #3181, #569, #5763, #302, #1945, #488, #3841, #2512, #5648, #4804, #5393, #4302, #1714, #2992, #3212, #4357, #2782, #240, #1390, #1202, #4775, #1527, #1620, #4897, #4188, #2725, #1995, #1644, #2927, #705, #1471, #5054, #428, #650, #2427, #2252, #5172, #2698, #4001, #4999, #3414, #3383, #1560, #5299, #800, #3086, #4161, #2454, #2396, #1060, #827, #3296, #977, #1088, #2119, #4272, #3150, #4212, #1032, #4103, #4384, #3056, #4238, #1234, #333, #1004, #1889, #3668, #5265, #1501, #5730, #3640, #1264, #1111, #4629, #2365, #1167, #3784, #5328, #2844, #121, #763, #1360, #3264, #2091, #3812, #4578, #925, #4329, #1972, #271, #3442, #3756, #951, #40, #2563, #5537, #3328, #2597, #3902, #518, #3121, #5560, #3025, #5456, #5113, #2957, #5204, #1141, #2024, #734, #63, #4715, #5026, #539, #1416, #5617, #209, #2874, #461, #4657, #95 ) ) ;
#701 = B_SPLINE_CURVE_WITH_KNOTS ( 'NONE', 3,
 ( #1310, #4176, #944, #2352, #3741, #93, #1010, #2809, #516, #5092, #3684, #5036, #75, #550, #958, #3666 ),
 .UNSPECIFIED., .F., .F.,
 ( 4, 2, 2, 2, 2, 2, 2, 4 ),
 ( 0.002920696648826574034, 0.003285554329839836859, 0.003650412010853099683, 0.004015269691866362942, 0.004380127372879625766, 0.004744985053892888591, 0.005109842734906151415, 0.005839558096932677064 ),
 .UNSPECIFIED. ) ;
#702 = ORIENTED_EDGE ( 'NONE', *, *, #2350, .F. ) ;
#703 = CARTESIAN_POINT ( 'NONE',  ( 49.00000000000000000, -14.00000000000000000, -11.00000000000000000 ) ) ;
#704 = CARTESIAN_POINT ( 'NONE',  ( 12.01716402312555054, -0.8102334799985312364, -9.999076097975507338 ) ) ;
#705 = ADVANCED_FACE ( 'NONE', ( #2924 ), #5706, .F. ) ;
#706 = ORIENTED_EDGE ( 'NONE', *, *, #4262, .F. ) ;
#707 = AXIS2_PLACEMENT_3D ( 'NONE', #3718, #5496, #936 ) ;
#708 = CARTESIAN_POINT ( 'NONE',  ( 7.666666666666557717, 4.333333333333324155, 3.833333333333384552 ) ) ;
#709 = ORIENTED_EDGE ( 'NONE', *, *, #5818, .T. ) ;
#710 = VERTEX_POINT ( 'NONE', #1955 ) ;
#711 = CARTESIAN_POINT ( 'NONE',  ( 52.18021173355509745, -45.35425865350546815, -10.63327778853981798 ) ) ;
#712 = LINE ( 'NONE', #1926, #2340 ) ;
#713 = PLANE ( 'NONE',  #3080 ) ;
#714 = ORIENTED_EDGE ( 'NONE', *, *, #2046, .T. ) ;
#715 = AXIS2_PLACEMENT_3D ( 'NONE', #2189, #4470, #5416 ) ;
#716 = EDGE_LOOP ( 'NONE', ( #4842, #2655, #5336, #4335 ) ) ;
#717 = DIRECTION ( 'NONE',  ( -0.0000000000000000000, -1.000000000000000000, -0.0000000000000000000 ) ) ;
#718 = CIRCLE ( 'NONE', #4042, 8.000000000000003553 ) ;
#719 = CARTESIAN_POINT ( 'NONE',  ( 27.50000000000000000, 5.000000000000000000, -27.00000000000000355 ) ) ;
#720 = DIRECTION ( 'NONE',  ( -1.000000000000000000, -0.0000000000000000000, -0.0000000000000000000 ) ) ;
#721 = CARTESIAN_POINT ( 'NONE',  ( 43.50000000000000000, 10.00000000000000000, 0.0000000000000000000 ) ) ;
#722 = FACE_OUTER_BOUND ( 'NONE', #1699, .T. ) ;
#723 = AXIS2_PLACEMENT_3D ( 'NONE', #1300, #913, #4532 ) ;
#724 = EDGE_CURVE ( 'NONE', #4034, #5324, #1904, .T. ) ;
#725 = DIRECTION ( 'NONE',  ( 0.0000000000000000000, 0.5299989400031803743, 0.8479983040050877996 ) ) ;
#726 = CARTESIAN_POINT ( 'NONE',  ( 43.00000000000000000, -15.00000000000000000, -17.49999999999999289 ) ) ;
#727 = CARTESIAN_POINT ( 'NONE',  ( 0.0000000000000000000, -4.722876179246465078, -4.500000000000004441 ) ) ;
#728 = VECTOR ( 'NONE', #3075, 1000.000000000000000 ) ;
#729 = FACE_OUTER_BOUND ( 'NONE', #5674, .T. ) ;
#730 = CARTESIAN_POINT ( 'NONE',  ( 25.66215749062490659, 4.755489603991517988, -6.511625101738405696 ) ) ;
#731 = DIRECTION ( 'NONE',  ( 1.000000000000000000, 0.0000000000000000000, 0.0000000000000000000 ) ) ;
#732 = CARTESIAN_POINT ( 'NONE',  ( 3.122501086012145155, -44.00000000000000711, -9.599999999999994316 ) ) ;
#733 = EDGE_CURVE ( 'NONE', #4125, #5404, #3077, .T. ) ;
#734 = ADVANCED_FACE ( 'NONE', ( #3658, #5588, #1861 ), #5240, .F. ) ;
#735 = LINE ( 'NONE', #4372, #5167 ) ;
#736 = FACE_BOUND ( 'NONE', #3371, .T. ) ;
#737 = DIRECTION ( 'NONE',  ( 1.000000000000000000, 0.0000000000000000000, 0.0000000000000000000 ) ) ;
#738 = PLANE ( 'NONE',  #1612 ) ;
#739 = LINE ( 'NONE', #3927, #4967 ) ;
#740 = DIRECTION ( 'NONE',  ( -0.0000000000000000000, -0.0000000000000000000, 1.000000000000000000 ) ) ;
#741 = LINE ( 'NONE', #5003, #3661 ) ;
#742 = VECTOR ( 'NONE', #5490, 1000.000000000000000 ) ;
#743 = AXIS2_PLACEMENT_3D ( 'NONE', #1743, #2653, #2056 ) ;
#744 = CARTESIAN_POINT ( 'NONE',  ( 45.99864923017450025, -74.86187221801527869, -9.881916482718329675 ) ) ;
#745 = CARTESIAN_POINT ( 'NONE',  ( 0.0000000000000000000, -35.50000000000000711, -22.00000000000000000 ) ) ;
#746 = VECTOR ( 'NONE', #3588, 1000.000000000000000 ) ;
#747 = LINE ( 'NONE', #2989, #1378 ) ;
#748 = ORIENTED_EDGE ( 'NONE', *, *, #2406, .F. ) ;
#749 = AXIS2_PLACEMENT_3D ( 'NONE', #1755, #4548, #2205 ) ;
#750 = CARTESIAN_POINT ( 'NONE',  ( 40.36484101419639359, 5.727284814758357712, -7.201531362534209890 ) ) ;
#751 = FACE_BOUND ( 'NONE', #1417, .T. ) ;
#752 = DIRECTION ( 'NONE',  ( 1.000000000000000000, 0.0000000000000000000, 0.0000000000000000000 ) ) ;
#753 = DIRECTION ( 'NONE',  ( 0.0000000000000000000, 1.000000000000000000, 0.0000000000000000000 ) ) ;
#754 = ORIENTED_EDGE ( 'NONE', *, *, #4295, .T. ) ;
#755 = FACE_OUTER_BOUND ( 'NONE', #4850, .T. ) ;
#756 = CARTESIAN_POINT ( 'NONE',  ( 39.10999999999999943, 0.0000000000000000000, -15.00000000000000000 ) ) ;
#757 = DIRECTION ( 'NONE',  ( 0.7071067811865475727, 0.0000000000000000000, 0.7071067811865475727 ) ) ;
#758 = CARTESIAN_POINT ( 'NONE',  ( 38.20624956237404035, 3.838352676379269468, -14.89906299061731332 ) ) ;
#759 = ORIENTED_EDGE ( 'NONE', *, *, #4405, .F. ) ;
#760 = EDGE_CURVE ( 'NONE', #4281, #1624, #5880, .T. ) ;
#761 = CARTESIAN_POINT ( 'NONE',  ( 27.49999999999999645, 3.149999999999998579, -6.150000000000001243 ) ) ;
#762 = CARTESIAN_POINT ( 'NONE',  ( 3.122501086012370308, -74.18742037433770520, -9.599999999999999645 ) ) ;
#763 = ADVANCED_FACE ( 'NONE', ( #4949 ), #2993, .F. ) ;
#764 = ORIENTED_EDGE ( 'NONE', *, *, #3634, .T. ) ;
#765 = DIRECTION ( 'NONE',  ( 1.000000000000000000, 0.0000000000000000000, 0.0000000000000000000 ) ) ;
#766 = CARTESIAN_POINT ( 'NONE',  ( 12.00000000000000355, -44.00000000000001421, -12.39999999999999503 ) ) ;
#767 = ORIENTED_EDGE ( 'NONE', *, *, #5182, .F. ) ;
#768 = DIRECTION ( 'NONE',  ( -0.5773502691896257311, 0.5773502691896178485, -0.5773502691896338357 ) ) ;
#769 = PRODUCT_DEFINITION ( 'UNKNOWN', '', #2582, #3069 ) ;
#770 = VERTEX_POINT ( 'NONE', #1179 ) ;
#771 = EDGE_CURVE ( 'NONE', #5540, #435, #5395, .T. ) ;
#772 = ORIENTED_EDGE ( 'NONE', *, *, #1799, .T. ) ;
#773 = DIRECTION ( 'NONE',  ( 0.0000000000000000000, 0.0000000000000000000, -1.000000000000000000 ) ) ;
#774 = VERTEX_POINT ( 'NONE', #3992 ) ;
#775 = PLANE ( 'NONE',  #2342 ) ;
#776 = CARTESIAN_POINT ( 'NONE',  ( 15.89922916591697266, 3.550013026266034988, -9.000000000000000000 ) ) ;
#777 = VERTEX_POINT ( 'NONE', #5724 ) ;
#778 = VERTEX_POINT ( 'NONE', #5343 ) ;
#779 = DIRECTION ( 'NONE',  ( 0.0000000000000000000, -1.000000000000000000, -0.0000000000000000000 ) ) ;
#780 = ORIENTED_EDGE ( 'NONE', *, *, #5068, .F. ) ;
#781 = EDGE_CURVE ( 'NONE', #2977, #355, #662, .T. ) ;
#782 = CARTESIAN_POINT ( 'NONE',  ( 34.44415589005245693, -39.33956822228471850, -7.027521393784531334 ) ) ;
#783 = DIRECTION ( 'NONE',  ( -0.0000000000000000000, -0.0000000000000000000, 1.000000000000000000 ) ) ;
#784 = ORIENTED_EDGE ( 'NONE', *, *, #4871, .F. ) ;
#785 = CARTESIAN_POINT ( 'NONE',  ( 20.49999999999999645, -35.50000000000000000, 0.0000000000000000000 ) ) ;
#786 = EDGE_LOOP ( 'NONE', ( #286, #637, #1464, #5689 ) ) ;
#787 = DIRECTION ( 'NONE',  ( 1.000000000000000000, -0.0000000000000000000, -0.0000000000000000000 ) ) ;
#788 = CARTESIAN_POINT ( 'NONE',  ( 11.50000000000000355, -2.499999999999999556, -21.99999999999998579 ) ) ;
#789 = DIRECTION ( 'NONE',  ( 0.0000000000000000000, 0.0000000000000000000, -1.000000000000000000 ) ) ;
#790 = ORIENTED_EDGE ( 'NONE', *, *, #1907, .T. ) ;
#791 = DIRECTION ( 'NONE',  ( 1.000000000000000000, -0.0000000000000000000, -0.0000000000000000000 ) ) ;
#792 = CARTESIAN_POINT ( 'NONE',  ( 14.79976488573947080, 5.957137899143228665, -7.150822314752590891 ) ) ;
#793 = LINE ( 'NONE', #2720, #3849 ) ;
#794 = ORIENTED_EDGE ( 'NONE', *, *, #2882, .T. ) ;
#795 = CARTESIAN_POINT ( 'NONE',  ( 54.50000000000000711, 10.00000000000000000, -0.4999999999999935052 ) ) ;
#796 = EDGE_LOOP ( 'NONE', ( #229, #3338, #2627, #638, #3272 ) ) ;
#797 = CARTESIAN_POINT ( 'NONE',  ( 3.041025821811772278, -44.70949715663419965, -9.779145805958275872 ) ) ;
#798 = CARTESIAN_POINT ( 'NONE',  ( 43.00000000000000000, -1.000000000000000888, -11.93161150701352469 ) ) ;
#799 = FACE_BOUND ( 'NONE', #577, .T. ) ;
#800 = ADVANCED_FACE ( 'NONE', ( #4594 ), #5746, .F. ) ;
#801 = CARTESIAN_POINT ( 'NONE',  ( 0.0000000000000000000, 0.4999999999999935052, 0.0000000000000000000 ) ) ;
#802 = FACE_OUTER_BOUND ( 'NONE', #4550, .T. ) ;
#803 = CARTESIAN_POINT ( 'NONE',  ( 55.00000000000000000, -30.27712382075353759, -4.500000000000004441 ) ) ;
#804 = DIRECTION ( 'NONE',  ( 0.0000000000000000000, 0.0000000000000000000, -1.000000000000000000 ) ) ;
#805 = CARTESIAN_POINT ( 'NONE',  ( 55.00000000000000000, -74.00000000000001421, -9.599999999999997868 ) ) ;
#806 = CARTESIAN_POINT ( 'NONE',  ( 46.12250108601237031, -74.18742037433769099, -12.40000000000000036 ) ) ;
#807 = EDGE_CURVE ( 'NONE', #4780, #113, #39, .T. ) ;
#808 = CIRCLE ( 'NONE', #2959, 8.000000000000003553 ) ;
#809 = CARTESIAN_POINT ( 'NONE',  ( 11.99999999999999645, -18.12062836548568967, 1.950392728428558931 ) ) ;
#810 = VECTOR ( 'NONE', #779, 1000.000000000000000 ) ;
#811 = DIRECTION ( 'NONE',  ( 0.0000000000000000000, -0.7071067811865425767, 0.7071067811865524577 ) ) ;
#812 = CARTESIAN_POINT ( 'NONE',  ( 27.25419703041995234, 3.162381226731521444, -6.154760152879982904 ) ) ;
#813 = CIRCLE ( 'NONE', #3369, 1.149999999999996581 ) ;
#814 = CARTESIAN_POINT ( 'NONE',  ( 11.99999999999999645, -5.587236803053637679, -5.882976998091473675 ) ) ;
#815 = DIRECTION ( 'NONE',  ( -0.0000000000000000000, -0.0000000000000000000, 1.000000000000000000 ) ) ;
#816 = ORIENTED_EDGE ( 'NONE', *, *, #1408, .T. ) ;
#817 = EDGE_CURVE ( 'NONE', #5628, #4057, #4022, .T. ) ;
#818 = COORDINATED_UNIVERSAL_TIME_OFFSET ( 0, 0, .AHEAD. ) ;
#819 = VECTOR ( 'NONE', #621, 1000.000000000000114 ) ;
#820 = ORIENTED_EDGE ( 'NONE', *, *, #404, .T. ) ;
#821 = CARTESIAN_POINT ( 'NONE',  ( 0.0000000000000000000, -5.000000000000000888, -4.500000000000004441 ) ) ;
#822 = CARTESIAN_POINT ( 'NONE',  ( 51.95890356296349921, -74.70897816249753021, -12.22100195828159386 ) ) ;
#823 = CARTESIAN_POINT ( 'NONE',  ( 54.50000000000000711, 10.00000000000000000, -21.50000000000000355 ) ) ;
#824 = FACE_OUTER_BOUND ( 'NONE', #4929, .T. ) ;
#825 = CARTESIAN_POINT ( 'NONE',  ( 54.50000000000000711, 10.00000000000000000, -21.50000000000000355 ) ) ;
#826 = APPLICATION_CONTEXT ( 'configuration controlled 3d designs of mechanical parts and assemblies' ) ;
#827 = ADVANCED_FACE ( 'NONE', ( #4307 ), #1638, .F. ) ;
#828 = EDGE_LOOP ( 'NONE', ( #5500, #3110 ) ) ;
#829 = DIRECTION ( 'NONE',  ( 0.0000000000000000000, 0.5299989400031798192, -0.8479983040050881327 ) ) ;
#830 = CARTESIAN_POINT ( 'NONE',  ( 11.50000000000000355, -4.999999999999999112, -17.99999999999998579 ) ) ;
#831 = CIRCLE ( 'NONE', #2808, 3.100000000000000533 ) ;
#832 = CARTESIAN_POINT ( 'NONE',  ( 12.39177830407230196, -4.505733978220752611, -4.891778304072296635 ) ) ;
#833 = CARTESIAN_POINT ( 'NONE',  ( 11.99999999999999645, -18.12062836548568967, 1.950392728428558931 ) ) ;
#834 = CARTESIAN_POINT ( 'NONE',  ( 12.90537538441424914, 5.000000000000000000, 0.0000000000000000000 ) ) ;
#835 = ORIENTED_EDGE ( 'NONE', *, *, #2998, .T. ) ;
#836 = CARTESIAN_POINT ( 'NONE',  ( 46.12250108601236320, -73.81531273051234621, -9.600000000000001421 ) ) ;
#837 = ORIENTED_EDGE ( 'NONE', *, *, #4700, .T. ) ;
#838 = CARTESIAN_POINT ( 'NONE',  ( 0.0000000000000000000, 10.00000000000000000, -22.00000000000000000 ) ) ;
#839 = CARTESIAN_POINT ( 'NONE',  ( 51.88208942133616830, -74.18576657202490310, -12.39067040013781096 ) ) ;
#840 = ORIENTED_EDGE ( 'NONE', *, *, #5182, .T. ) ;
#841 = AXIS2_PLACEMENT_3D ( 'NONE', #3583, #1293, #1809 ) ;
#842 = CARTESIAN_POINT ( 'NONE',  ( 16.79533164388598010, 3.839828429348316696, -14.89865202991613913 ) ) ;
#843 = EDGE_CURVE ( 'NONE', #2609, #1610, #3722, .T. ) ;
#844 = ORIENTED_EDGE ( 'NONE', *, *, #1548, .T. ) ;
#845 = CARTESIAN_POINT ( 'NONE',  ( 43.00000000000000000, -44.00000000000001421, -10.99999999999999645 ) ) ;
#846 = CARTESIAN_POINT ( 'NONE',  ( 46.12250108601213583, -74.00000000000001421, -12.39999999999999858 ) ) ;
#847 = ORIENTED_EDGE ( 'NONE', *, *, #167, .T. ) ;
#848 = ORIENTED_EDGE ( 'NONE', *, *, #3213, .F. ) ;
#849 = CARTESIAN_POINT ( 'NONE',  ( 0.0000000000000000000, -4.722876179246458861, -17.49999999999998579 ) ) ;
#850 = ORIENTED_EDGE ( 'NONE', *, *, #3644, .T. ) ;
#851 = CARTESIAN_POINT ( 'NONE',  ( 15.79460799041462771, 3.550206097587812248, -7.000000000000009770 ) ) ;
#852 = EDGE_CURVE ( 'NONE', #5701, #3018, #1145, .T. ) ;
#853 = VERTEX_POINT ( 'NONE', #4887 ) ;
#854 = DIRECTION ( 'NONE',  ( 0.0000000000000000000, -1.000000000000000000, 0.0000000000000000000 ) ) ;
#855 = DIRECTION ( 'NONE',  ( -1.000000000000000000, -0.0000000000000000000, -0.0000000000000000000 ) ) ;
#856 = VERTEX_POINT ( 'NONE', #2552 ) ;
#857 = ORIENTED_EDGE ( 'NONE', *, *, #174, .T. ) ;
#858 = AXIS2_PLACEMENT_3D ( 'NONE', #3567, #2596, #4957 ) ;
#859 = VECTOR ( 'NONE', #4375, 1000.000000000000000 ) ;
#860 = ORIENTED_EDGE ( 'NONE', *, *, #962, .F. ) ;
#861 = CARTESIAN_POINT ( 'NONE',  ( 43.00000000000000000, -74.00000000000001421, -10.99999999999999645 ) ) ;
#862 = PLANE ( 'NONE',  #5359 ) ;
#863 = CARTESIAN_POINT ( 'NONE',  ( 54.50000000000000000, -4.999999999999999112, -17.99999999999998579 ) ) ;
#864 = VERTEX_POINT ( 'NONE', #3034 ) ;
#865 = PERSON_AND_ORGANIZATION_ROLE ( 'design_owner' ) ;
#866 = FACE_OUTER_BOUND ( 'NONE', #2478, .T. ) ;
#867 = DIRECTION ( 'NONE',  ( 0.0000000000000000000, -0.5299989400031799303, 0.8479983040050880216 ) ) ;
#868 = AXIS2_PLACEMENT_3D ( 'NONE', #2662, #5413, #3167 ) ;
#869 = DIRECTION ( 'NONE',  ( 0.0000000000000000000, 1.000000000000000000, 0.0000000000000000000 ) ) ;
#870 = LINE ( 'NONE', #1927, #5582 ) ;
#871 = DIRECTION ( 'NONE',  ( -0.7071067811865430208, 0.5996253511966932459, -0.3747658444979330428 ) ) ;
#872 = DIRECTION ( 'NONE',  ( 1.000000000000000000, -0.0000000000000000000, -0.0000000000000000000 ) ) ;
#873 = CIRCLE ( 'NONE', #1436, 1.399999999999998579 ) ;
#874 = VECTOR ( 'NONE', #130, 1000.000000000000000 ) ;
#875 = CARTESIAN_POINT ( 'NONE',  ( 55.00000000000000000, -4.722876179246465078, -4.500000000000004441 ) ) ;
#876 = EDGE_CURVE ( 'NONE', #4141, #3053, #1224, .T. ) ;
#877 = CARTESIAN_POINT ( 'NONE',  ( 2.831524957209304638, -42.67325050098691719, -10.54387751039465293 ) ) ;
#878 = DIRECTION ( 'NONE',  ( 1.000000000000000000, 0.0000000000000000000, 0.0000000000000000000 ) ) ;
#879 = VECTOR ( 'NONE', #1278, 1000.000000000000000 ) ;
#880 = FACE_BOUND ( 'NONE', #363, .T. ) ;
#881 = DIRECTION ( 'NONE',  ( -1.000000000000000000, -0.0000000000000000000, -0.0000000000000000000 ) ) ;
#882 = EDGE_CURVE ( 'NONE', #5907, #3662, #2064, .T. ) ;
#883 = CIRCLE ( 'NONE', #151, 1.449999999999999956 ) ;
#884 = FACE_OUTER_BOUND ( 'NONE', #5773, .T. ) ;
#885 = CARTESIAN_POINT ( 'NONE',  ( 54.50000000000001421, -79.00000000000001421, -21.99999999999999289 ) ) ;
#886 = ORIENTED_EDGE ( 'NONE', *, *, #3558, .T. ) ;
#887 = CARTESIAN_POINT ( 'NONE',  ( 39.09462461558574375, 5.000000000000000000, -30.00000000000000000 ) ) ;
#888 = ORIENTED_EDGE ( 'NONE', *, *, #4452, .F. ) ;
#889 = DIRECTION ( 'NONE',  ( -0.0000000000000000000, -1.000000000000000000, -0.0000000000000000000 ) ) ;
#890 = APPROVAL_PERSON_ORGANIZATION ( #4112, #4633, #4255 ) ;
#891 = FACE_OUTER_BOUND ( 'NONE', #1210, .T. ) ;
#892 = CARTESIAN_POINT ( 'NONE',  ( -13.00000000000003197, -2.499999999999999556, -21.99999999999998579 ) ) ;
#893 = DIRECTION ( 'NONE',  ( -0.6583521792383928428, 0.3648901426239221646, -0.6583521792384018356 ) ) ;
#894 = EDGE_CURVE ( 'NONE', #1610, #2609, #4166, .T. ) ;
#895 = CARTESIAN_POINT ( 'NONE',  ( 15.90537538441425269, 5.000000000000000000, -30.00000000000000000 ) ) ;
#896 = EDGE_CURVE ( 'NONE', #482, #551, #5095, .T. ) ;
#897 = VERTEX_POINT ( 'NONE', #875 ) ;
#898 = CARTESIAN_POINT ( 'NONE',  ( 46.04155200817268678, -73.29314612192128209, -9.777934282373504260 ) ) ;
#899 = CYLINDRICAL_SURFACE ( 'NONE', #2317, 1.449999999999999956 ) ;
#900 = CARTESIAN_POINT ( 'NONE',  ( 0.0000000000000000000, 10.00000000000000000, -0.4999999999999935052 ) ) ;
#901 = CARTESIAN_POINT ( 'NONE',  ( 43.00000000000000000, -44.00000000000001421, -10.99999999999999645 ) ) ;
#902 = ORIENTED_EDGE ( 'NONE', *, *, #524, .F. ) ;
#903 = AXIS2_PLACEMENT_3D ( 'NONE', #2168, #5397, #2625 ) ;
#904 = LINE ( 'NONE', #2562, #1171 ) ;
#905 = CARTESIAN_POINT ( 'NONE',  ( 17.05560933395886636, 5.887891946010248567, -7.173198420747526782 ) ) ;
#906 = ORIENTED_EDGE ( 'NONE', *, *, #5772, .F. ) ;
#907 = CARTESIAN_POINT ( 'NONE',  ( 39.10999999999965127, 6.449996722563535734, -6.999999999998776090 ) ) ;
#908 = CARTESIAN_POINT ( 'NONE',  ( 18.90537538441425980, 5.000000000000000000, -2.750000000000000000 ) ) ;
#909 = EDGE_LOOP ( 'NONE', ( #419, #5639 ) ) ;
#910 = CARTESIAN_POINT ( 'NONE',  ( 55.00000000000000000, -74.00000000000001421, -12.39999999999999503 ) ) ;
#911 = ORIENTED_EDGE ( 'NONE', *, *, #5254, .T. ) ;
#912 = CARTESIAN_POINT ( 'NONE',  ( 28.63103329291929100, 6.468948942898948395, -15.71739001120104184 ) ) ;
#913 = DIRECTION ( 'NONE',  ( 0.0000000000000000000, 1.000000000000000000, 0.0000000000000000000 ) ) ;
#914 = DIRECTION ( 'NONE',  ( 0.0000000000000000000, -1.000000000000000000, 0.0000000000000000000 ) ) ;
#915 = ORIENTED_EDGE ( 'NONE', *, *, #2001, .F. ) ;
#916 = EDGE_LOOP ( 'NONE', ( #3527, #5618, #3465, #1050 ) ) ;
#917 = CARTESIAN_POINT ( 'NONE',  ( 54.50000000000000711, -2.499999999999999556, -22.00000000000000000 ) ) ;
#918 = EDGE_LOOP ( 'NONE', ( #343, #69, #5743, #426 ) ) ;
#919 = CARTESIAN_POINT ( 'NONE',  ( 2.831348248352142605, -42.67281787113429203, -11.45510936331772101 ) ) ;
#920 = CARTESIAN_POINT ( 'NONE',  ( 0.0000000000000000000, 10.00000000000000000, 0.0000000000000000000 ) ) ;
#921 = AXIS2_PLACEMENT_3D ( 'NONE', #1051, #4686, #1518 ) ;
#922 = VERTEX_POINT ( 'NONE', #2236 ) ;
#923 = PLANE ( 'NONE',  #4016 ) ;
#924 = EDGE_CURVE ( 'NONE', #281, #440, #4729, .T. ) ;
#925 = ADVANCED_FACE ( 'NONE', ( #3863 ), #5848, .F. ) ;
#926 = ORIENTED_EDGE ( 'NONE', *, *, #2465, .F. ) ;
#927 = EDGE_LOOP ( 'NONE', ( #1975, #5509, #4115, #4481 ) ) ;
#928 = ORIENTED_EDGE ( 'NONE', *, *, #3426, .T. ) ;
#929 = CARTESIAN_POINT ( 'NONE',  ( 0.4999999999999935052, -5.000000000000000888, -4.000000000000004441 ) ) ;
#930 = ORIENTED_EDGE ( 'NONE', *, *, #5017, .T. ) ;
#931 = EDGE_CURVE ( 'NONE', #5222, #864, #1993, .T. ) ;
#932 = DIRECTION ( 'NONE',  ( 0.0000000000000000000, 0.0000000000000000000, 1.000000000000000000 ) ) ;
#933 = VERTEX_POINT ( 'NONE', #4970 ) ;
#934 = DIRECTION ( 'NONE',  ( 0.0000000000000000000, -0.5299989400031803743, -0.8479983040050877996 ) ) ;
#935 = CIRCLE ( 'NONE', #1084, 4.849999999999996980 ) ;
#936 = DIRECTION ( 'NONE',  ( 0.0000000000000000000, 1.000000000000000000, 0.0000000000000000000 ) ) ;
#937 = ORIENTED_EDGE ( 'NONE', *, *, #5059, .T. ) ;
#938 = PLANE ( 'NONE',  #1194 ) ;
#939 = ORIENTED_EDGE ( 'NONE', *, *, #1139, .T. ) ;
#940 = CARTESIAN_POINT ( 'NONE',  ( 25.64999999999999858, 5.000000000000000000, -15.48330235429197721 ) ) ;
#941 = DIRECTION ( 'NONE',  ( 0.0000000000000000000, 0.0000000000000000000, 1.000000000000000000 ) ) ;
#942 = VECTOR ( 'NONE', #1343, 1000.000000000000000 ) ;
#943 = CARTESIAN_POINT ( 'NONE',  ( 6.000000000000000000, -14.00000000000001066, -11.00000000000000000 ) ) ;
#944 = CARTESIAN_POINT ( 'NONE',  ( 27.25418775948294225, 6.837619813189506957, -6.154759799332524040 ) ) ;
#945 = CARTESIAN_POINT ( 'NONE',  ( 0.0000000000000000000, 10.00000000000000000, 0.0000000000000000000 ) ) ;
#946 = VECTOR ( 'NONE', #1271, 1000.000000000000000 ) ;
#947 = AXIS2_PLACEMENT_3D ( 'NONE', #1176, #270, #752 ) ;
#949 = FACE_OUTER_BOUND ( 'NONE', #2589, .T. ) ;
#948 = CARTESIAN_POINT ( 'NONE',  ( 27.49999999999999645, 10.00000000000000000, -6.150000000000001243 ) ) ;
#950 = CIRCLE ( 'NONE', #2055, 3.100000000000000533 ) ;
#951 = ADVANCED_FACE ( 'NONE', ( #2144, #5529, #5658, #2643 ), #4013, .F. ) ;
#952 = AXIS2_PLACEMENT_3D ( 'NONE', #5016, #5482, #479 ) ;
#953 = EDGE_CURVE ( 'NONE', #1965, #1095, #2013, .T. ) ;
#954 = CYLINDRICAL_SURFACE ( 'NONE', #1546, 1.149999999999996581 ) ;
#955 = CYLINDRICAL_SURFACE ( 'NONE', #3603, 1.449999999999999956 ) ;
#956 = ORIENTED_EDGE ( 'NONE', *, *, #3324, .F. ) ;
#957 = CARTESIAN_POINT ( 'NONE',  ( 39.10691705258031448, 5.000000000000000000, -2.749999999999999112 ) ) ;
#958 = CARTESIAN_POINT ( 'NONE',  ( 25.65000000000000213, 5.243128166409623425, -6.516697645708021014 ) ) ;
#959 = APPROVAL_DATE_TIME ( #4245, #2775 ) ;
#960 = LINE ( 'NONE', #392, #4179 ) ;
#961 = ORIENTED_EDGE ( 'NONE', *, *, #5254, .F. ) ;
#962 = EDGE_CURVE ( 'NONE', #5504, #5222, #103, .T. ) ;
#963 = VECTOR ( 'NONE', #4795, 1000.000000000000000 ) ;
#964 = ORIENTED_EDGE ( 'NONE', *, *, #4944, .F. ) ;
#965 = CARTESIAN_POINT ( 'NONE',  ( 11.99999999999999645, 0.0000000000000000000, -10.06838849298650373 ) ) ;
#966 = DIRECTION ( 'NONE',  ( 0.0000000000000000000, 0.0000000000000000000, -1.000000000000000000 ) ) ;
#967 = VECTOR ( 'NONE', #3985, 1000.000000000000000 ) ;
#968 = EDGE_CURVE ( 'NONE', #503, #2341, #3145, .T. ) ;
#969 = DIRECTION ( 'NONE',  ( 0.0000000000000000000, 1.000000000000000000, 0.0000000000000000000 ) ) ;
#970 = EDGE_CURVE ( 'NONE', #2529, #2896, #1925, .T. ) ;
#971 = EDGE_LOOP ( 'NONE', ( #331, #5513 ) ) ;
#972 = DIRECTION ( 'NONE',  ( 0.7071067811865425767, 0.0000000000000000000, 0.7071067811865524577 ) ) ;
#973 = CARTESIAN_POINT ( 'NONE',  ( 55.00000000000000000, -79.00000000000001421, -0.5000000000000004441 ) ) ;
#974 = DIRECTION ( 'NONE',  ( 0.0000000000000000000, 0.0000000000000000000, 1.000000000000000000 ) ) ;
#975 = ORIENTED_EDGE ( 'NONE', *, *, #4563, .T. ) ;
#976 = CARTESIAN_POINT ( 'NONE',  ( 3.087821877724902908, -73.54429576384154643, -9.673083422590673663 ) ) ;
#977 = ADVANCED_FACE ( 'NONE', ( #2354 ), #1821, .T. ) ;
#978 = ORIENTED_EDGE ( 'NONE', *, *, #3351, .F. ) ;
#979 = CARTESIAN_POINT ( 'NONE',  ( 9.063850042898824455, -42.94601824108595167, -10.07404435558292377 ) ) ;
#980 = ORIENTED_EDGE ( 'NONE', *, *, #4592, .T. ) ;
#981 = ORIENTED_EDGE ( 'NONE', *, *, #2543, .F. ) ;
#982 = ORIENTED_EDGE ( 'NONE', *, *, #68, .F. ) ;
#983 = CARTESIAN_POINT ( 'NONE',  ( 52.20002425768755216, -42.59994455385500345, -11.18428206009113346 ) ) ;
#984 = ORIENTED_EDGE ( 'NONE', *, *, #3938, .F. ) ;
#985 = EDGE_CURVE ( 'NONE', #3835, #897, #1012, .T. ) ;
#986 = PLANE ( 'NONE',  #3072 ) ;
#987 = ORIENTED_EDGE ( 'NONE', *, *, #4134, .T. ) ;
#988 = CARTESIAN_POINT ( 'NONE',  ( 8.877498913987629692, -44.09380448277015319, -9.600000000000001421 ) ) ;
#989 = ORIENTED_EDGE ( 'NONE', *, *, #3947, .F. ) ;
#990 = DIRECTION ( 'NONE',  ( 0.0000000000000000000, -1.000000000000000000, 0.0000000000000000000 ) ) ;
#991 = ORIENTED_EDGE ( 'NONE', *, *, #4828, .F. ) ;
#992 = ORIENTED_EDGE ( 'NONE', *, *, #5292, .T. ) ;
#993 = CARTESIAN_POINT ( 'NONE',  ( 9.063419357842914081, -75.05270911769282804, -11.92734262920314947 ) ) ;
#994 = AXIS2_PLACEMENT_3D ( 'NONE', #3245, #1909, #1018 ) ;
#995 = CARTESIAN_POINT ( 'NONE',  ( 2.874743589284769474, -72.77879232802420972, -10.29155123224860091 ) ) ;
#996 = EDGE_CURVE ( 'NONE', #5140, #3662, #172, .T. ) ;
#997 = DIRECTION ( 'NONE',  ( -0.7071067811865550112, 0.5996253511966828098, -0.3747658444979271031 ) ) ;
#998 = VECTOR ( 'NONE', #5510, 1000.000000000000000 ) ;
#999 = EDGE_LOOP ( 'NONE', ( #3838, #4641 ) ) ;
#1000 = VERTEX_POINT ( 'NONE', #2293 ) ;
#1001 = CARTESIAN_POINT ( 'NONE',  ( 14.48171473052450686, 4.617804375265754047, -14.74467876316717607 ) ) ;
#1002 = B_SPLINE_CURVE_WITH_KNOTS ( 'NONE', 3,
 ( #5627, #2471, #4722, #2418, #1086, #3353, #3876, #641, #3816, #2022, #5215, #2947, #4761, #1596 ),
 .UNSPECIFIED., .F., .F.,
 ( 4, 2, 2, 2, 2, 2, 4 ),
 ( 0.002280081577359808608, 0.002566637411186416164, 0.002853193245013023720, 0.003426304912666221052, 0.003712860746492819500, 0.003999416580319417949, 0.004572528247972617449 ),
 .UNSPECIFIED. ) ;
#1003 = EDGE_CURVE ( 'NONE', #777, #565, #4336, .T. ) ;
#1004 = ADVANCED_FACE ( 'NONE', ( #2995 ), #938, .F. ) ;
#1005 = CARTESIAN_POINT ( 'NONE',  ( 45.81977043499945523, -42.64569908896244499, -11.36664364091364909 ) ) ;
#1006 = CARTESIAN_POINT ( 'NONE',  ( 9.084463571665553516, -45.11733626813991549, -10.13742079811913577 ) ) ;
#1007 = VECTOR ( 'NONE', #969, 1000.000000000000000 ) ;
#1008 = AXIS2_PLACEMENT_3D ( 'NONE', #3695, #4571, #49 ) ;
#1009 = CARTESIAN_POINT ( 'NONE',  ( 15.88999999999999702, 10.00000000000000000, -15.00000000000000000 ) ) ;
#1010 = CARTESIAN_POINT ( 'NONE',  ( 26.56830682769172824, 6.602760219332897584, -6.239239815690599933 ) ) ;
#1011 = VECTOR ( 'NONE', #3606, 1000.000000000000000 ) ;
#1012 = LINE ( 'NONE', #2749, #5726 ) ;
#1013 = CARTESIAN_POINT ( 'NONE',  ( 15.89922916591697266, 3.550013026266034988, -9.000000000000000000 ) ) ;
#1014 = AXIS2_PLACEMENT_3D ( 'NONE', #5503, #1858, #2733 ) ;
#1015 = CARTESIAN_POINT ( 'NONE',  ( 49.00000000000000000, -14.00000000000000000, -12.14999999999999503 ) ) ;
#1016 = VECTOR ( 'NONE', #1493, 1000.000000000000000 ) ;
#1017 = CARTESIAN_POINT ( 'NONE',  ( 14.63587356613779100, 5.728522714352016543, -14.79870597421602518 ) ) ;
#1018 = DIRECTION ( 'NONE',  ( 0.0000000000000000000, 0.0000000000000000000, 1.000000000000000000 ) ) ;
#1019 = VECTOR ( 'NONE', #3935, 1000.000000000000000 ) ;
#1020 = LINE ( 'NONE', #5027, #474 ) ;
#1021 = CARTESIAN_POINT ( 'NONE',  ( 46.10067713565279490, -43.63374481787893444, -12.35437458728034343 ) ) ;
#1022 = ORIENTED_EDGE ( 'NONE', *, *, #4572, .T. ) ;
#1023 = DIRECTION ( 'NONE',  ( -0.0000000000000000000, -0.0000000000000000000, 1.000000000000000000 ) ) ;
#1024 = ORIENTED_EDGE ( 'NONE', *, *, #2193, .T. ) ;
#1025 = AXIS2_PLACEMENT_3D ( 'NONE', #1773, #4065, #1731 ) ;
#1026 = EDGE_CURVE ( 'NONE', #2258, #2123, #2711, .T. ) ;
#1028 = VECTOR ( 'NONE', #1987, 1000.000000000000000 ) ;
#1027 = CARTESIAN_POINT ( 'NONE',  ( 54.50000000000000711, 9.500000000000000000, -22.00000000000000000 ) ) ;
#1029 = CARTESIAN_POINT ( 'NONE',  ( 9.001069508483649173, -74.86084347742072964, -12.11874566413738563 ) ) ;
#1030 = CARTESIAN_POINT ( 'NONE',  ( 38.13827904994661822, 6.094027801819502876, -7.119201463120436557 ) ) ;
#1031 = VERTEX_POINT ( 'NONE', #5477 ) ;
#1032 = ADVANCED_FACE ( 'NONE', ( #1854 ), #4133, .F. ) ;
#1033 = LINE ( 'NONE', #1261, #4972 ) ;
#1034 = CARTESIAN_POINT ( 'NONE',  ( 6.000000000000000000, -79.00000000000001421, -7.799999999999999822 ) ) ;
#1035 = EDGE_CURVE ( 'NONE', #1257, #5865, #5801, .T. ) ;
#1036 = EDGE_LOOP ( 'NONE', ( #284, #2339, #494, #5060 ) ) ;
#1037 = CARTESIAN_POINT ( 'NONE',  ( 20.76935636518214778, -39.69292147568866369, -6.672763355133350949 ) ) ;
#1038 = B_SPLINE_CURVE_WITH_KNOTS ( 'NONE', 3,
 ( #2850, #3252, #3702, #127, #2787, #5584, #4174, #1480, #2772, #1426, #3293, #1933, #4248, #549, #1463, #4627, #5131, #4663, #3719, #1498, #993, #1029, #1952, #73, #1440, #587 ),
 .UNSPECIFIED., .F., .F.,
 ( 4, 2, 2, 2, 2, 2, 2, 2, 2, 2, 2, 2, 4 ),
 ( 1.409296014025916843E-17, 0.0002770959613349086395, 0.0005541919226698031843, 0.001108383845339555628, 0.001662575768009308180, 0.001939671729344192479, 0.002216767690679076561, 0.002493863652013960427, 0.002770959613348844726, 0.003048055574683729025, 0.003325151536018612890, 0.003879343458688378019, 0.004433535381358142714 ),
 .UNSPECIFIED. ) ;
#1039 = LINE ( 'NONE', #352, #3174 ) ;
#1040 = CARTESIAN_POINT ( 'NONE',  ( 55.00000000000000000, 1.435235107058719484, 5.352978058088297963 ) ) ;
#1041 = CARTESIAN_POINT ( 'NONE',  ( 52.19585010348750842, -42.60941344289022226, -10.81340498500110137 ) ) ;
#1042 = ORIENTED_EDGE ( 'NONE', *, *, #5220, .F. ) ;
#1043 = CARTESIAN_POINT ( 'NONE',  ( 46.12250108601213583, -44.00000000000000711, -12.39999999999999858 ) ) ;
#1044 = AXIS2_PLACEMENT_3D ( 'NONE', #211, #4764, #3395 ) ;
#1045 = CARTESIAN_POINT ( 'NONE',  ( 17.35537538441425198, 5.000000000000000000, -30.00000000000000000 ) ) ;
#1046 = VERTEX_POINT ( 'NONE', #5517 ) ;
#1047 = ORIENTED_EDGE ( 'NONE', *, *, #2094, .T. ) ;
#1048 = CARTESIAN_POINT ( 'NONE',  ( 0.5000000000000004441, 9.500000000000000000, 0.0000000000000000000 ) ) ;
#1049 = DIRECTION ( 'NONE',  ( 0.0000000000000000000, 0.5299989400031803743, 0.8479983040050877996 ) ) ;
#1050 = ORIENTED_EDGE ( 'NONE', *, *, #1371, .F. ) ;
#1051 = CARTESIAN_POINT ( 'NONE',  ( 15.88999999999999702, 0.0000000000000000000, -11.00000000000000000 ) ) ;
#1052 = ORIENTED_EDGE ( 'NONE', *, *, #1182, .T. ) ;
#1053 = CARTESIAN_POINT ( 'NONE',  ( 15.89922916591697266, 6.449986973733965456, -2.749999999999999112 ) ) ;
#1054 = ORIENTED_EDGE ( 'NONE', *, *, #5478, .F. ) ;
#1055 = ORIENTED_EDGE ( 'NONE', *, *, #1971, .T. ) ;
#1056 = VERTEX_POINT ( 'NONE', #3648 ) ;
#1057 = DIRECTION ( 'NONE',  ( 0.0000000000000000000, 0.0000000000000000000, 1.000000000000000000 ) ) ;
#1058 = ORIENTED_EDGE ( 'NONE', *, *, #295, .T. ) ;
#1059 = CARTESIAN_POINT ( 'NONE',  ( 51.91205018712569341, -43.54505881564811176, -9.672799710110147942 ) ) ;
#1060 = ADVANCED_FACE ( 'NONE', ( #2918 ), #3679, .T. ) ;
#1061 = ORIENTED_EDGE ( 'NONE', *, *, #5022, .F. ) ;
#1062 = EDGE_CURVE ( 'NONE', #5428, #1532, #1291, .T. ) ;
#1063 = CARTESIAN_POINT ( 'NONE',  ( 15.89922916591697266, 3.550013026266034988, -18.00000000000000000 ) ) ;
#1064 = ORIENTED_EDGE ( 'NONE', *, *, #319, .F. ) ;
#1065 = ORIENTED_EDGE ( 'NONE', *, *, #124, .T. ) ;
#1066 = CIRCLE ( 'NONE', #3223, 3.100000000000000533 ) ;
#1067 = DIRECTION ( 'NONE',  ( 0.5773502691896338357, 0.5773502691896178485, -0.5773502691896257311 ) ) ;
#1068 = CARTESIAN_POINT ( 'NONE',  ( 2.915725246490108891, -72.88871468302147605, -11.85631955483967204 ) ) ;
#1069 = EDGE_CURVE ( 'NONE', #5151, #1260, #658, .T. ) ;
#1070 = ORIENTED_EDGE ( 'NONE', *, *, #5128, .F. ) ;
#1071 = CARTESIAN_POINT ( 'NONE',  ( 27.62209039179533576, 6.850000000000021849, -6.149999999999993250 ) ) ;
#1072 = FACE_OUTER_BOUND ( 'NONE', #3972, .T. ) ;
#1073 = DIRECTION ( 'NONE',  ( 0.0000000000000000000, 0.0000000000000000000, 1.000000000000000000 ) ) ;
#1074 = CARTESIAN_POINT ( 'NONE',  ( 15.15638880436840452, 3.736539638058140156, -14.93618108995041815 ) ) ;
#1075 = B_SPLINE_CURVE_WITH_KNOTS ( 'NONE', 3,
 ( #680, #5279, #3846, #2975, #3456, #4350, #3862, #253, #3418, #214, #1541, #1125, #4332, #2495 ),
 .UNSPECIFIED., .F., .F.,
 ( 4, 2, 2, 2, 2, 2, 4 ),
 ( 0.0000000000000000000, 0.0001544403248495432800, 0.0003088806496990865601, 0.0006177612993981727949, 0.001235522598796349493, 0.001853283898194526408, 0.002471045197592703323 ),
 .UNSPECIFIED. ) ;
#1076 = EDGE_CURVE ( 'NONE', #2699, #5814, #5236, .T. ) ;
#1077 = EDGE_CURVE ( 'NONE', #2676, #5917, #1989, .T. ) ;
#1078 = CARTESIAN_POINT ( 'NONE',  ( 18.66666666666672825, -28.33333333333327531, -14.83333333333336590 ) ) ;
#1079 = VECTOR ( 'NONE', #4913, 1000.000000000000000 ) ;
#1080 = CARTESIAN_POINT ( 'NONE',  ( 15.99512926033492732, 6.450393475961146095, -14.99976808273820339 ) ) ;
#1081 = DIRECTION ( 'NONE',  ( -0.0000000000000000000, -0.0000000000000000000, 1.000000000000000000 ) ) ;
#1082 = FACE_OUTER_BOUND ( 'NONE', #79, .T. ) ;
#1083 = CYLINDRICAL_SURFACE ( 'NONE', #4951, 1.449999999999999956 ) ;
#1084 = AXIS2_PLACEMENT_3D ( 'NONE', #4636, #2343, #98 ) ;
#1085 = DIRECTION ( 'NONE',  ( -0.7071067811865425767, -0.0000000000000000000, -0.7071067811865524577 ) ) ;
#1086 = CARTESIAN_POINT ( 'NONE',  ( 38.62919505805539444, 6.376616671219320409, -14.97200758146275490 ) ) ;
#1087 = CARTESIAN_POINT ( 'NONE',  ( 38.90973050482330819, 6.450796757288343564, -7.000451434099296932 ) ) ;
#1088 = ADVANCED_FACE ( 'NONE', ( #5313 ), #3532, .F. ) ;
#1089 = VECTOR ( 'NONE', #233, 1000.000000000000000 ) ;
#1090 = CARTESIAN_POINT ( 'NONE',  ( 42.49777497629907685, -0.1240568239035133302, -8.864144625000461630 ) ) ;
#1091 = PERSON_AND_ORGANIZATION_ROLE ( 'classification_officer' ) ;
#1092 = EDGE_LOOP ( 'NONE', ( #5074, #580, #1772, #1266, #1484 ) ) ;
#1093 = LINE ( 'NONE', #2182, #746 ) ;
#1094 = FACE_OUTER_BOUND ( 'NONE', #2247, .T. ) ;
#1095 = VERTEX_POINT ( 'NONE', #3962 ) ;
#1096 = VECTOR ( 'NONE', #3931, 1000.000000000000000 ) ;
#1097 = DIRECTION ( 'NONE',  ( -1.000000000000000000, -0.0000000000000000000, -0.0000000000000000000 ) ) ;
#1098 = EDGE_CURVE ( 'NONE', #446, #3510, #2777, .T. ) ;
#1099 = CIRCLE ( 'NONE', #5410, 3.200000000000003286 ) ;
#1100 = PLANE ( 'NONE',  #2026 ) ;
#1101 = CARTESIAN_POINT ( 'NONE',  ( 38.36818207899100486, 6.258450334051394393, -7.068569587981393454 ) ) ;
#1102 = EDGE_LOOP ( 'NONE', ( #3096, #2611, #3908, #4342, #2470, #519 ) ) ;
#1103 = CARTESIAN_POINT ( 'NONE',  ( 42.27123231490586619, -0.02969622997209785467, -8.541238579254260443 ) ) ;
#1104 = EDGE_CURVE ( 'NONE', #1913, #3566, #2898, .T. ) ;
#1105 = ORIENTED_EDGE ( 'NONE', *, *, #3393, .T. ) ;
#1106 = DIRECTION ( 'NONE',  ( 0.0000000000000000000, 0.5299989400031799303, -0.8479983040050880216 ) ) ;
#1107 = VERTEX_POINT ( 'NONE', #2206 ) ;
#1108 = B_SPLINE_CURVE_WITH_KNOTS ( 'NONE', 3,
 ( #105, #1912, #88, #4621, #1872, #2331, #3289, #542, #2413, #2866, #5544, #1435 ),
 .UNSPECIFIED., .F., .F.,
 ( 4, 2, 2, 2, 2, 4 ),
 ( 0.0000000000000000000, 0.0002854647461797273577, 0.0005709294923594547154, 0.001141858984718906395, 0.001712788477078358183, 0.002283717969437809754 ),
 .UNSPECIFIED. ) ;
#1109 = CARTESIAN_POINT ( 'NONE',  ( 55.00000000000000000, -44.00000000000001421, -10.99999999999999645 ) ) ;
#1110 = CARTESIAN_POINT ( 'NONE',  ( 12.07968190180729806, -0.6039188056118659498, -9.779787683507771945 ) ) ;
#1111 = ADVANCED_FACE ( 'NONE', ( #729 ), #1718, .T. ) ;
#1112 = ORIENTED_EDGE ( 'NONE', *, *, #3016, .F. ) ;
#1113 = VERTEX_POINT ( 'NONE', #2601 ) ;
#1114 = AXIS2_PLACEMENT_3D ( 'NONE', #2049, #2112, #2566 ) ;
#1115 = CARTESIAN_POINT ( 'NONE',  ( 9.195881382937530546, -45.39065727055937316, -11.18594094980131359 ) ) ;
#1116 = VERTEX_POINT ( 'NONE', #5415 ) ;
#1117 = ORIENTED_EDGE ( 'NONE', *, *, #5183, .T. ) ;
#1118 = CARTESIAN_POINT ( 'NONE',  ( 17.35537538441418448, 4.904062930832192357, -7.278081814070469946 ) ) ;
#1119 = EDGE_LOOP ( 'NONE', ( #759, #3129, #1389, #1959, #132, #1052, #3520, #2464, #4984, #523, #2269, #4401, #2665, #5841 ) ) ;
#1120 = DIRECTION ( 'NONE',  ( 0.0000000000000000000, 0.0000000000000000000, -1.000000000000000000 ) ) ;
#1121 = ORIENTED_EDGE ( 'NONE', *, *, #1408, .F. ) ;
#1122 = CARTESIAN_POINT ( 'NONE',  ( 42.83599651255642726, -0.4374530522400641996, -9.534895781081003108 ) ) ;
#1123 = DIRECTION ( 'NONE',  ( 0.0000000000000000000, -0.0000000000000000000, -1.000000000000000000 ) ) ;
#1124 = ORIENTED_EDGE ( 'NONE', *, *, #1139, .F. ) ;
#1125 = CARTESIAN_POINT ( 'NONE',  ( 12.72876768509413381, -0.02969622997209899959, -13.45876142074572357 ) ) ;
#1126 = ORIENTED_EDGE ( 'NONE', *, *, #3989, .F. ) ;
#1127 = CARTESIAN_POINT ( 'NONE',  ( 39.10999999999999943, 10.00000000000000000, -11.00000000000000000 ) ) ;
#1128 = CIRCLE ( 'NONE', #387, 3.000000000000006217 ) ;
#1129 = CARTESIAN_POINT ( 'NONE',  ( 9.195850103487501315, -72.60941344289021515, -11.18659501499889153 ) ) ;
#1130 = ORIENTED_EDGE ( 'NONE', *, *, #760, .F. ) ;
#1131 = PLANE ( 'NONE',  #588 ) ;
#1132 = EDGE_CURVE ( 'NONE', #337, #2258, #4014, .T. ) ;
#1133 = ORIENTED_EDGE ( 'NONE', *, *, #1907, .F. ) ;
#1134 = PLANE ( 'NONE',  #5077 ) ;
#1135 = LINE ( 'NONE', #282, #2201 ) ;
#1136 = CARTESIAN_POINT ( 'NONE',  ( 26.10643610958060279, 3.777250081926361247, -6.353670875701816101 ) ) ;
#1137 = CARTESIAN_POINT ( 'NONE',  ( 15.90537538441425269, 5.000000000000000000, -2.750000000000000000 ) ) ;
#1138 = DIRECTION ( 'NONE',  ( 0.0000000000000000000, 1.000000000000000000, 0.0000000000000000000 ) ) ;
#1139 = EDGE_CURVE ( 'NONE', #5907, #5197, #3355, .T. ) ;
#1140 = FACE_OUTER_BOUND ( 'NONE', #2326, .T. ) ;
#1141 = ADVANCED_FACE ( 'NONE', ( #390 ), #4094, .F. ) ;
#1142 = CARTESIAN_POINT ( 'NONE',  ( 29.25385561129688128, 5.600955557368008542, -6.477945899473357194 ) ) ;
#1143 = CIRCLE ( 'NONE', #841, 1.000000000000000888 ) ;
#1144 = PLANE ( 'NONE',  #2222 ) ;
#1145 = LINE ( 'NONE', #3013, #4526 ) ;
#1146 = CARTESIAN_POINT ( 'NONE',  ( 39.10999999999999943, 0.0000000000000000000, -7.000000000000000000 ) ) ;
#1147 = CARTESIAN_POINT ( 'NONE',  ( 12.00000000000000355, -74.00000000000001421, -12.39999999999999503 ) ) ;
#1148 = PERSON ( 'UNSPECIFIED', 'UNSPECIFIED', 'UNSPECIFIED', ('UNSPECIFIED'), ('UNSPECIFIED'), ('UNSPECIFIED') ) ;
#1149 = CARTESIAN_POINT ( 'NONE',  ( 29.35000000000000497, 4.752943578648562983, -6.516697645708026343 ) ) ;
#1150 = CARTESIAN_POINT ( 'NONE',  ( 2.804149896512499573, -75.39058655710978485, -11.18659501499889330 ) ) ;
#1151 = CIRCLE ( 'NONE', #3777, 1.149999999999999911 ) ;
#1152 = DIRECTION ( 'NONE',  ( -0.7071067811865425767, -0.0000000000000000000, -0.7071067811865524577 ) ) ;
#1153 = VECTOR ( 'NONE', #5409, 1000.000000000000000 ) ;
#1154 = CARTESIAN_POINT ( 'NONE',  ( 55.00000000000000000, -4.722876179246459749, -17.49999999999998579 ) ) ;
#1156 = VECTOR ( 'NONE', #1191, 1000.000000000000000 ) ;
#1155 = CARTESIAN_POINT ( 'NONE',  ( 39.30083880279938313, 6.449590965784717689, -6.999999999999971578 ) ) ;
#1157 = LINE ( 'NONE', #3188, #1445 ) ;
#1158 = CARTESIAN_POINT ( 'NONE',  ( 55.00000000000000000, 9.500000000000000000, -0.4999999999999935052 ) ) ;
#1159 = VERTEX_POINT ( 'NONE', #2031 ) ;
#1160 = VECTOR ( 'NONE', #4601, 1000.000000000000000 ) ;
#1161 = VECTOR ( 'NONE', #2534, 999.9999999999998863 ) ;
#1162 = EDGE_LOOP ( 'NONE', ( #2891, #4431, #5511, #3542 ) ) ;
#1163 = DIRECTION ( 'NONE',  ( -0.7071067811865550112, 0.5996253511966829208, 0.3747658444979267700 ) ) ;
#1164 = EDGE_CURVE ( 'NONE', #1559, #1767, #2493, .T. ) ;
#1165 = VECTOR ( 'NONE', #990, 1000.000000000000000 ) ;
#1166 = DIRECTION ( 'NONE',  ( 0.0000000000000000000, 1.000000000000000000, 0.0000000000000000000 ) ) ;
#1167 = ADVANCED_FACE ( 'NONE', ( #2852 ), #2052, .F. ) ;
#1168 = ORIENTED_EDGE ( 'NONE', *, *, #4074, .T. ) ;
#1169 = CARTESIAN_POINT ( 'NONE',  ( -2.502827757238498041, -0.8356897976985258047, -3.002827757238456741 ) ) ;
#1170 = DIRECTION ( 'NONE',  ( 0.0000000000000000000, 0.0000000000000000000, -1.000000000000000000 ) ) ;
#1171 = VECTOR ( 'NONE', #4947, 999.9999999999998863 ) ;
#1172 = AXIS2_PLACEMENT_3D ( 'NONE', #4754, #1568, #2956 ) ;
#1173 = EDGE_CURVE ( 'NONE', #5055, #2669, #2559, .T. ) ;
#1174 = EDGE_LOOP ( 'NONE', ( #20, #2019, #3847, #3468 ) ) ;
#1175 = CARTESIAN_POINT ( 'NONE',  ( 26.27755527384111289, 3.606168385235764884, -6.305745688666972271 ) ) ;
#1176 = CARTESIAN_POINT ( 'NONE',  ( 39.10691705258031448, 5.000000000000000000, -18.00000000000000000 ) ) ;
#1177 = DIRECTION ( 'NONE',  ( 0.0000000000000000000, 0.0000000000000000000, 1.000000000000000000 ) ) ;
#1178 = ORIENTED_EDGE ( 'NONE', *, *, #696, .T. ) ;
#1179 = CARTESIAN_POINT ( 'NONE',  ( 11.99999999999999645, -4.722876179246457085, -17.49999999999998579 ) ) ;
#1180 = ORIENTED_EDGE ( 'NONE', *, *, #5402, .F. ) ;
#1181 = EDGE_CURVE ( 'NONE', #425, #3690, #1075, .T. ) ;
#1182 = EDGE_CURVE ( 'NONE', #1914, #4494, #3654, .T. ) ;
#1183 = VERTEX_POINT ( 'NONE', #274 ) ;
#1184 = DIRECTION ( 'NONE',  ( 0.0000000000000000000, 0.8479983040050880216, 0.5299989400031799303 ) ) ;
#1185 = EDGE_LOOP ( 'NONE', ( #365, #1894, #4683 ) ) ;
#1186 = CARTESIAN_POINT ( 'NONE',  ( 38.00419080425280782, 4.039537721712622265, -14.84474320172084383 ) ) ;
#1187 = ORIENTED_EDGE ( 'NONE', *, *, #5788, .F. ) ;
#1188 = CARTESIAN_POINT ( 'NONE',  ( 27.98934390726594756, 3.199607275433949294, -6.169486954279403079 ) ) ;
#1189 = CARTESIAN_POINT ( 'NONE',  ( 45.80414989651249869, -75.39058655710978485, -10.81340498500109426 ) ) ;
#1190 = ORIENTED_EDGE ( 'NONE', *, *, #1548, .F. ) ;
#1191 = DIRECTION ( 'NONE',  ( 0.7071067811865426878, -0.0000000000000000000, 0.7071067811865524577 ) ) ;
#1192 = PLANE ( 'NONE',  #1649 ) ;
#1193 = ORIENTED_EDGE ( 'NONE', *, *, #517, .F. ) ;
#1194 = AXIS2_PLACEMENT_3D ( 'NONE', #2278, #1803, #510 ) ;
#1195 = CARTESIAN_POINT ( 'NONE',  ( 43.00000000000000000, -44.00000000000001421, -10.99999999999999645 ) ) ;
#1196 = ORIENTED_EDGE ( 'NONE', *, *, #1214, .T. ) ;
#1197 = EDGE_LOOP ( 'NONE', ( #984, #354, #2958, #2394 ) ) ;
#1198 = CARTESIAN_POINT ( 'NONE',  ( 51.87749891398786417, -44.00000000000002132, -12.39999999999999858 ) ) ;
#1199 = VERTEX_POINT ( 'NONE', #5667 ) ;
#1200 = CARTESIAN_POINT ( 'NONE',  ( 3.122501086012145155, -44.00000000000000711, -9.599999999999994316 ) ) ;
#1201 = CARTESIAN_POINT ( 'NONE',  ( 43.00000000000000000, -18.12062836548568256, 1.950392728428557154 ) ) ;
#1202 = ADVANCED_FACE ( 'NONE', ( #2285 ), #5239, .F. ) ;
#1203 = ORIENTED_EDGE ( 'NONE', *, *, #4287, .F. ) ;
#1204 = DIRECTION ( 'NONE',  ( 0.0000000000000000000, 0.5299989400031798192, -0.8479983040050881327 ) ) ;
#1205 = PLANE ( 'NONE',  #2430 ) ;
#1206 = LINE ( 'NONE', #1511, #2553 ) ;
#1207 = DIRECTION ( 'NONE',  ( 0.0000000000000000000, 1.000000000000000000, 0.0000000000000000000 ) ) ;
#1208 = PLANE ( 'NONE',  #4008 ) ;
#1209 = DIRECTION ( 'NONE',  ( 0.0000000000000000000, -1.000000000000000000, 0.0000000000000000000 ) ) ;
#1210 = EDGE_LOOP ( 'NONE', ( #5554, #5914, #4703, #3779 ) ) ;
#1211 = CARTESIAN_POINT ( 'NONE',  ( 27.50000000000000000, -79.00000000000001421, -15.94999999999999929 ) ) ;
#1212 = CIRCLE ( 'NONE', #185, 1.449999999999999956 ) ;
#1213 = AXIS2_PLACEMENT_3D ( 'NONE', #2090, #753, #2990 ) ;
#1214 = EDGE_CURVE ( 'NONE', #2449, #5711, #5163, .T. ) ;
#1215 = CARTESIAN_POINT ( 'NONE',  ( 52.19998782966531792, -72.60002781790886672, -10.90722784976671633 ) ) ;
#1216 = CARTESIAN_POINT ( 'NONE',  ( 40.19995916360443289, 5.957379907425011112, -14.84924583129066633 ) ) ;
#1217 = DIRECTION ( 'NONE',  ( 0.0000000000000000000, 0.5299989400031799303, -0.8479983040050880216 ) ) ;
#1218 = VECTOR ( 'NONE', #4312, 1000.000000000000000 ) ;
#1219 = CARTESIAN_POINT ( 'NONE',  ( 40.55691705258031021, 5.000000000000000000, -7.270867253240735906 ) ) ;
#1220 = CARTESIAN_POINT ( 'NONE',  ( 2.804149896512498685, -45.39058655710979195, -11.18659501499888798 ) ) ;
#1221 = CARTESIAN_POINT ( 'NONE',  ( 3.122501086012366311, -44.00000000000001421, -12.39999999999999503 ) ) ;
#1222 = EDGE_CURVE ( 'NONE', #4687, #5504, #4873, .T. ) ;
#1223 = CIRCLE ( 'NONE', #952, 1.399999999999998579 ) ;
#1224 = LINE ( 'NONE', #2514, #810 ) ;
#1225 = DIRECTION ( 'NONE',  ( 0.0000000000000000000, 0.8479983040050881327, -0.5299989400031798192 ) ) ;
#1226 = CARTESIAN_POINT ( 'NONE',  ( 51.95844799182731322, -74.70685387807874633, -9.777934282373504260 ) ) ;
#1227 = CARTESIAN_POINT ( 'NONE',  ( 37.94434541956577078, 4.112169120758077945, -14.82678756081350713 ) ) ;
#1228 = LINE ( 'NONE', #4463, #3875 ) ;
#1229 = FACE_OUTER_BOUND ( 'NONE', #1197, .T. ) ;
#1230 = AXIS2_PLACEMENT_3D ( 'NONE', #4566, #1816, #2271 ) ;
#1231 = ORIENTED_EDGE ( 'NONE', *, *, #2319, .T. ) ;
#1232 = CARTESIAN_POINT ( 'NONE',  ( 12.99999999999999822, 0.0000000000000000000, -0.5000000000000004441 ) ) ;
#1233 = CARTESIAN_POINT ( 'NONE',  ( 42.70710678118653192, -0.2928932188134437120, -0.7928932188134485415 ) ) ;
#1234 = ADVANCED_FACE ( 'NONE', ( #3857 ), #1144, .F. ) ;
#1235 = CARTESIAN_POINT ( 'NONE',  ( 0.0000000000000000000, -30.27712382075355180, -17.49999999999998579 ) ) ;
#1236 = CARTESIAN_POINT ( 'NONE',  ( 52.12219433712558470, -72.78744470347095330, -10.29437288348808899 ) ) ;
#1237 = FACE_OUTER_BOUND ( 'NONE', #1383, .T. ) ;
#1238 = CARTESIAN_POINT ( 'NONE',  ( 55.00000000000000000, 9.500000000000000000, -0.4999999999999935052 ) ) ;
#1239 = DIRECTION ( 'NONE',  ( -0.0000000000000000000, -0.0000000000000000000, -1.000000000000000000 ) ) ;
#1240 = ORIENTED_EDGE ( 'NONE', *, *, #2350, .T. ) ;
#1241 = AXIS2_PLACEMENT_3D ( 'NONE', #4228, #3313, #5549 ) ;
#1242 = CARTESIAN_POINT ( 'NONE',  ( 27.01597442594037801, 3.210312569363194868, -6.172734985560640375 ) ) ;
#1243 = VECTOR ( 'NONE', #4236, 1000.000000000000000 ) ;
#1244 = ORIENTED_EDGE ( 'NONE', *, *, #2901, .T. ) ;
#1245 = CARTESIAN_POINT ( 'NONE',  ( 54.50000000000000000, -30.00000000000000355, -4.000000000000004441 ) ) ;
#1246 = VECTOR ( 'NONE', #330, 1000.000000000000000 ) ;
#1247 = CARTESIAN_POINT ( 'NONE',  ( 0.5000000000000004441, -79.00000000000001421, 0.0000000000000000000 ) ) ;
#1248 = CARTESIAN_POINT ( 'NONE',  ( 34.04876204398642869, -39.84432998562319028, -6.402135828666504658 ) ) ;
#1249 = DIRECTION ( 'NONE',  ( 0.0000000000000000000, -0.5299989400031803743, -0.8479983040050877996 ) ) ;
#1250 = AXIS2_PLACEMENT_3D ( 'NONE', #673, #1597, #1120 ) ;
#1251 = CARTESIAN_POINT ( 'NONE',  ( 34.50000000000000000, -35.00000000000000000, 0.0000000000000000000 ) ) ;
#1252 = EDGE_LOOP ( 'NONE', ( #772, #629 ) ) ;
#1253 = EDGE_CURVE ( 'NONE', #5628, #1472, #2636, .T. ) ;
#1254 = CARTESIAN_POINT ( 'NONE',  ( 39.09462461558574375, 5.000000000000000000, -2.750000000000000000 ) ) ;
#1255 = ORIENTED_EDGE ( 'NONE', *, *, #4287, .T. ) ;
#1256 = CARTESIAN_POINT ( 'NONE',  ( 49.00000000000000000, -14.00000000000000000, -11.00000000000000000 ) ) ;
#1257 = VERTEX_POINT ( 'NONE', #4768 ) ;
#1258 = CARTESIAN_POINT ( 'NONE',  ( 14.59019080055859696, 4.356683990208036761, -7.216883869753443648 ) ) ;
#1259 = EDGE_CURVE ( 'NONE', #5361, #5779, #239, .T. ) ;
#1260 = VERTEX_POINT ( 'NONE', #3824 ) ;
#1261 = CARTESIAN_POINT ( 'NONE',  ( 39.10999999999999943, 2.000000000000000000, -7.000000000000000000 ) ) ;
#1262 = ORIENTED_EDGE ( 'NONE', *, *, #3092, .F. ) ;
#1263 = CARTESIAN_POINT ( 'NONE',  ( 28.10117783603158159, 6.753788596223929908, -15.81392446413892472 ) ) ;
#1264 = ADVANCED_FACE ( 'NONE', ( #4945 ), #5749, .F. ) ;
#1265 = EDGE_LOOP ( 'NONE', ( #154, #2179, #902, #4823, #1168, #5715, #1519, #3980, #4339, #5082, #4710, #1477, #2574, #2020, #1678, #2821 ) ) ;
#1266 = ORIENTED_EDGE ( 'NONE', *, *, #4367, .T. ) ;
#1267 = CARTESIAN_POINT ( 'NONE',  ( 45.91572524649011910, -72.88871468302144763, -10.14368044516032263 ) ) ;
#1268 = ORIENTED_EDGE ( 'NONE', *, *, #2356, .T. ) ;
#1269 = EDGE_CURVE ( 'NONE', #5430, #3825, #3939, .T. ) ;
#1270 = EDGE_CURVE ( 'NONE', #1183, #3768, #5349, .T. ) ;
#1271 = DIRECTION ( 'NONE',  ( 0.0000000000000000000, 1.000000000000000000, 0.0000000000000000000 ) ) ;
#1272 = DIRECTION ( 'NONE',  ( 1.000000000000000000, 0.0000000000000000000, 0.0000000000000000000 ) ) ;
#1273 = ORIENTED_EDGE ( 'NONE', *, *, #1758, .F. ) ;
#1274 = CARTESIAN_POINT ( 'NONE',  ( 34.50000000000000000, -35.00000000000000000, -7.127016653792590972 ) ) ;
#1275 = EDGE_LOOP ( 'NONE', ( #5137, #5132 ) ) ;
#1276 = ORIENTED_EDGE ( 'NONE', *, *, #2550, .F. ) ;
#1277 = APPLICATION_PROTOCOL_DEFINITION ( 'international standard', 'config_control_design', 1994, #826 ) ;
#1278 = DIRECTION ( 'NONE',  ( 1.000000000000000000, -0.0000000000000000000, -0.0000000000000000000 ) ) ;
#1279 = VERTEX_POINT ( 'NONE', #5768 ) ;
#1280 = AXIS2_PLACEMENT_3D ( 'NONE', #5166, #2388, #3776 ) ;
#1281 = CARTESIAN_POINT ( 'NONE',  ( 41.99999999999999289, 0.0000000000000000000, -0.5000000000000004441 ) ) ;
#1282 = DIRECTION ( 'NONE',  ( -0.7071067811865525687, 0.0000000000000000000, 0.7071067811865425767 ) ) ;
#1283 = VECTOR ( 'NONE', #5655, 1000.000000000000000 ) ;
#1284 = VERTEX_POINT ( 'NONE', #4455 ) ;
#1285 = ORIENTED_EDGE ( 'NONE', *, *, #1979, .F. ) ;
#1286 = DIRECTION ( 'NONE',  ( 0.0000000000000000000, 0.0000000000000000000, -1.000000000000000000 ) ) ;
#1287 = FACE_OUTER_BOUND ( 'NONE', #5275, .T. ) ;
#1288 = CARTESIAN_POINT ( 'NONE',  ( 0.0000000000000000000, 10.00000000000000000, -21.49999999999998579 ) ) ;
#1289 = EDGE_CURVE ( 'NONE', #1338, #59, #31, .T. ) ;
#1290 = CARTESIAN_POINT ( 'NONE',  ( 33.62030616608995359, -39.99999999999999289, -5.844911747868674290 ) ) ;
#1291 = LINE ( 'NONE', #2125, #3495 ) ;
#1292 = CARTESIAN_POINT ( 'NONE',  ( 17.35537538441425198, 5.000000000000000000, -14.72191818592950341 ) ) ;
#1293 = DIRECTION ( 'NONE',  ( 0.0000000000000000000, 0.0000000000000000000, -1.000000000000000000 ) ) ;
#1294 = CARTESIAN_POINT ( 'NONE',  ( 9.183093210115220728, -72.63756680476022609, -10.62946975331710497 ) ) ;
#1295 = CARTESIAN_POINT ( 'NONE',  ( 0.5000000000000004441, -79.00000000000001421, 0.0000000000000000000 ) ) ;
#1296 = EDGE_CURVE ( 'NONE', #4348, #4992, #3716, .T. ) ;
#1297 = VECTOR ( 'NONE', #3565, 1000.000000000000000 ) ;
#1298 = FACE_OUTER_BOUND ( 'NONE', #559, .T. ) ;
#1299 = LINE ( 'NONE', #4060, #1153 ) ;
#1300 = CARTESIAN_POINT ( 'NONE',  ( 39.10999999999999943, 0.0000000000000000000, -11.00000000000000000 ) ) ;
#1301 = EDGE_CURVE ( 'NONE', #5701, #4646, #1362, .T. ) ;
#1302 = EDGE_CURVE ( 'NONE', #1113, #4539, #3216, .T. ) ;
#1303 = VECTOR ( 'NONE', #3951, 1000.000000000000000 ) ;
#1304 = CARTESIAN_POINT ( 'NONE',  ( 46.11791057866384591, -73.81423342797513953, -12.39067040013781096 ) ) ;
#1305 = FACE_OUTER_BOUND ( 'NONE', #4742, .T. ) ;
#1306 = LINE ( 'NONE', #5452, #5174 ) ;
#1307 = DIRECTION ( 'NONE',  ( -0.0000000000000000000, -0.0000000000000000000, 1.000000000000000000 ) ) ;
#1308 = ORIENTED_EDGE ( 'NONE', *, *, #2960, .F. ) ;
#1309 = PLANE ( 'NONE',  #3761 ) ;
#1310 = CARTESIAN_POINT ( 'NONE',  ( 27.49999999999986855, 6.850000000001354117, -6.149999999999485212 ) ) ;
#1311 = AXIS2_PLACEMENT_3D ( 'NONE', #3678, #11, #1820 ) ;
#1312 = FACE_OUTER_BOUND ( 'NONE', #4288, .T. ) ;
#1313 = ORIENTED_EDGE ( 'NONE', *, *, #1672, .F. ) ;
#1314 = DIRECTION ( 'NONE',  ( 0.0000000000000000000, 0.5299989400031797082, -0.8479983040050880216 ) ) ;
#1315 = CARTESIAN_POINT ( 'NONE',  ( 12.29289321881344854, -0.2928932188134524273, -21.20710678118654258 ) ) ;
#1316 = VECTOR ( 'NONE', #3799, 1000.000000000000000 ) ;
#1317 = ORIENTED_EDGE ( 'NONE', *, *, #1483, .T. ) ;
#1318 = AXIS2_PLACEMENT_3D ( 'NONE', #901, #4997, #5481 ) ;
#1319 = DIRECTION ( 'NONE',  ( -0.6583521792384016136, -0.3648901426239229973, 0.6583521792383925098 ) ) ;
#1320 = VECTOR ( 'NONE', #3112, 1000.000000000000000 ) ;
#1321 = DIRECTION ( 'NONE',  ( -0.0000000000000000000, -0.0000000000000000000, 1.000000000000000000 ) ) ;
#1322 = CARTESIAN_POINT ( 'NONE',  ( 46.08782187772490602, -73.54429576384156064, -12.32691657740932456 ) ) ;
#1323 = ORIENTED_EDGE ( 'NONE', *, *, #4239, .T. ) ;
#1324 = CARTESIAN_POINT ( 'NONE',  ( 43.00000000000000000, -35.00000000000000000, -21.50000000000000355 ) ) ;
#1325 = CARTESIAN_POINT ( 'NONE',  ( 27.49999999999999645, -46.00000000000000711, -11.00000000000000000 ) ) ;
#1326 = EDGE_LOOP ( 'NONE', ( #5647, #1973, #4617, #3624 ) ) ;
#1327 = AXIS2_PLACEMENT_3D ( 'NONE', #3144, #3242, #3106 ) ;
#1328 = DIRECTION ( 'NONE',  ( 0.0000000000000000000, -0.8479983040050877996, 0.5299989400031803743 ) ) ;
#1329 = EDGE_CURVE ( 'NONE', #5865, #1914, #5460, .T. ) ;
#1330 = EDGE_LOOP ( 'NONE', ( #2914, #1276 ) ) ;
#1331 = CARTESIAN_POINT ( 'NONE',  ( 16.63068923062597904, 6.259119674310954728, -7.068351782815182283 ) ) ;
#1332 = ORIENTED_EDGE ( 'NONE', *, *, #3517, .F. ) ;
#1333 = DIRECTION ( 'NONE',  ( 0.7071067811865442421, -0.5996253511966921357, -0.3747658444979323766 ) ) ;
#1334 = VERTEX_POINT ( 'NONE', #5345 ) ;
#1335 = CARTESIAN_POINT ( 'NONE',  ( 0.5000000000000143219, -79.00000000000001421, -21.99999999999999289 ) ) ;
#1336 = VERTEX_POINT ( 'NONE', #1660 ) ;
#1337 = EDGE_CURVE ( 'NONE', #4129, #4244, #4230, .T. ) ;
#1338 = VERTEX_POINT ( 'NONE', #3037 ) ;
#1339 = DIRECTION ( 'NONE',  ( -0.0000000000000000000, 1.000000000000000000, -0.0000000000000000000 ) ) ;
#1340 = ORIENTED_EDGE ( 'NONE', *, *, #2998, .F. ) ;
#1341 = DIRECTION ( 'NONE',  ( 1.000000000000000000, 0.0000000000000000000, -0.0000000000000000000 ) ) ;
#1342 = VERTEX_POINT ( 'NONE', #5405 ) ;
#1343 = DIRECTION ( 'NONE',  ( -0.0000000000000000000, -0.0000000000000000000, 1.000000000000000000 ) ) ;
#1344 = ORIENTED_EDGE ( 'NONE', *, *, #596, .T. ) ;
#1345 = CARTESIAN_POINT ( 'NONE',  ( 12.00000000000000355, -74.00000000000001421, -10.99999999999999645 ) ) ;
#1346 = AXIS2_PLACEMENT_3D ( 'NONE', #4299, #5616, #3381 ) ;
#1347 = CARTESIAN_POINT ( 'NONE',  ( 45.93614995710117910, -45.05398175891406254, -11.92595564441707090 ) ) ;
#1348 = VERTEX_POINT ( 'NONE', #1639 ) ;
#1349 = DIRECTION ( 'NONE',  ( -0.7071067811865524577, 0.0000000000000000000, 0.7071067811865425767 ) ) ;
#1350 = CARTESIAN_POINT ( 'NONE',  ( 11.49999999999999645, -2.500000000000002220, -5.204748896376250896E-15 ) ) ;
#1351 = CARTESIAN_POINT ( 'NONE',  ( 16.09101807310433330, 3.549200069632455268, -14.99954683870863192 ) ) ;
#1352 = VERTEX_POINT ( 'NONE', #2613 ) ;
#1353 = LINE ( 'NONE', #3447, #2915 ) ;
#1354 = AXIS2_PLACEMENT_3D ( 'NONE', #4922, #5396, #388 ) ;
#1355 = PLANE ( 'NONE',  #2491 ) ;
#1356 = ORIENTED_EDGE ( 'NONE', *, *, #3949, .F. ) ;
#1357 = DIRECTION ( 'NONE',  ( -0.0000000000000000000, -0.0000000000000000000, -1.000000000000000000 ) ) ;
#1358 = LINE ( 'NONE', #5548, #97 ) ;
#1359 = CARTESIAN_POINT ( 'NONE',  ( 11.49999999999999645, -32.50000000000000711, -21.99999999999998579 ) ) ;
#1360 = ADVANCED_FACE ( 'NONE', ( #802 ), #738, .F. ) ;
#1361 = DIRECTION ( 'NONE',  ( -0.7071067811865499042, -0.5996253511966870287, 0.3747658444979297121 ) ) ;
#1362 = LINE ( 'NONE', #1707, #4445 ) ;
#1363 = CARTESIAN_POINT ( 'NONE',  ( 0.0000000000000000000, 10.00000000000000000, -0.4999999999999935052 ) ) ;
#1364 = EDGE_CURVE ( 'NONE', #2341, #2025, #4301, .T. ) ;
#1365 = DIRECTION ( 'NONE',  ( 0.0000000000000000000, -1.000000000000000000, 0.0000000000000000000 ) ) ;
#1366 = CARTESIAN_POINT ( 'NONE',  ( 2.860553276705851911, -42.74414005225030877, -11.62558191102215943 ) ) ;
#1367 = CARTESIAN_POINT ( 'NONE',  ( 55.00000000000000000, 9.500000000000000000, -21.50000000000000000 ) ) ;
#1368 = VECTOR ( 'NONE', #4428, 999.9999999999998863 ) ;
#1369 = LINE ( 'NONE', #1013, #4656 ) ;
#1370 = CARTESIAN_POINT ( 'NONE',  ( 0.0000000000000000000, -67.00000000000000000, -21.50000000000000355 ) ) ;
#1371 = EDGE_CURVE ( 'NONE', #3176, #380, #5389, .T. ) ;
#1372 = FACE_OUTER_BOUND ( 'NONE', #1102, .T. ) ;
#1373 = DIRECTION ( 'NONE',  ( -0.0000000000000000000, -1.000000000000000000, -0.0000000000000000000 ) ) ;
#1374 = FACE_OUTER_BOUND ( 'NONE', #5488, .T. ) ;
#1375 = ORIENTED_EDGE ( 'NONE', *, *, #1601, .T. ) ;
#1376 = CARTESIAN_POINT ( 'NONE',  ( 43.50000000000000000, -32.50000000000000711, -21.99999999999998579 ) ) ;
#1377 = DATE_AND_TIME ( #1810, #2724 ) ;
#1378 = VECTOR ( 'NONE', #5866, 1000.000000000000000 ) ;
#1379 = CARTESIAN_POINT ( 'NONE',  ( 29.29017263392503878, 5.482378000655420358, -15.50759891104180888 ) ) ;
#1380 = EDGE_CURVE ( 'NONE', #2676, #83, #527, .T. ) ;
#1381 = DIRECTION ( 'NONE',  ( 0.0000000000000000000, -1.000000000000000000, 0.0000000000000000000 ) ) ;
#1382 = EDGE_CURVE ( 'NONE', #440, #4505, #163, .T. ) ;
#1383 = EDGE_LOOP ( 'NONE', ( #4291, #2595, #911, #697, #3772, #3257, #4856 ) ) ;
#1384 = CARTESIAN_POINT ( 'NONE',  ( 15.89153864924556636, 3.550000006001601704, -15.00000000000000355 ) ) ;
#1385 = LINE ( 'NONE', #452, #4606 ) ;
#1386 = CARTESIAN_POINT ( 'NONE',  ( 39.10999999999965127, 6.449996722563535734, -6.999999999998776090 ) ) ;
#1387 = CARTESIAN_POINT ( 'NONE',  ( 20.49999999999999645, -40.00000000000000000, 0.0000000000000000000 ) ) ;
#1388 = CARTESIAN_POINT ( 'NONE',  ( 11.99999999999999645, -28.00826881492389475, -8.130168009327432443 ) ) ;
#1389 = ORIENTED_EDGE ( 'NONE', *, *, #4483, .T. ) ;
#1390 = ADVANCED_FACE ( 'NONE', ( #4163 ), #5851, .F. ) ;
#1391 = AXIS2_PLACEMENT_3D ( 'NONE', #3485, #345, #3979 ) ;
#1392 = FACE_OUTER_BOUND ( 'NONE', #2264, .T. ) ;
#1393 = CARTESIAN_POINT ( 'NONE',  ( 8.877498913987633244, -44.00000000000001421, -12.39999999999999503 ) ) ;
#1394 = VERTEX_POINT ( 'NONE', #314 ) ;
#1395 = CARTESIAN_POINT ( 'NONE',  ( 39.10999999999965127, 6.449996722563535734, -15.00000000000122213 ) ) ;
#1396 = VERTEX_POINT ( 'NONE', #3651 ) ;
#1397 = ORIENTED_EDGE ( 'NONE', *, *, #2292, .F. ) ;
#1398 = CARTESIAN_POINT ( 'NONE',  ( 54.50000000000000000, -32.50000000000000711, -21.99999999999998579 ) ) ;
#1399 = DIRECTION ( 'NONE',  ( -1.000000000000000000, 0.0000000000000000000, 0.0000000000000000000 ) ) ;
#1400 = EDGE_LOOP ( 'NONE', ( #3836, #5212, #2623, #1961 ) ) ;
#1401 = VERTEX_POINT ( 'NONE', #2696 ) ;
#1402 = DIRECTION ( 'NONE',  ( 0.0000000000000000000, 1.000000000000000000, 0.0000000000000000000 ) ) ;
#1403 = ORIENTED_EDGE ( 'NONE', *, *, #970, .F. ) ;
#1404 = CARTESIAN_POINT ( 'NONE',  ( 39.10538631886193883, 3.549998360354673199, -14.99999822650937631 ) ) ;
#1405 = CARTESIAN_POINT ( 'NONE',  ( 54.50000000000000711, 10.00000000000000000, -21.50000000000000355 ) ) ;
#1406 = AXIS2_PLACEMENT_3D ( 'NONE', #529, #3292, #2351 ) ;
#1407 = ORIENTED_EDGE ( 'NONE', *, *, #2657, .T. ) ;
#1408 = EDGE_CURVE ( 'NONE', #3477, #3185, #3787, .T. ) ;
#1409 = ORIENTED_EDGE ( 'NONE', *, *, #1104, .T. ) ;
#1410 = ORIENTED_EDGE ( 'NONE', *, *, #852, .T. ) ;
#1411 = VERTEX_POINT ( 'NONE', #756 ) ;
#1412 = CARTESIAN_POINT ( 'NONE',  ( 27.50000000000000000, -62.00000000000000711, -10.99999999999999645 ) ) ;
#1413 = ORIENTED_EDGE ( 'NONE', *, *, #1891, .F. ) ;
#1414 = ORIENTED_EDGE ( 'NONE', *, *, #3170, .F. ) ;
#1415 = EDGE_CURVE ( 'NONE', #4500, #4679, #4750, .T. ) ;
#1416 = ADVANCED_FACE ( 'NONE', ( #4652 ), #458, .F. ) ;
#1417 = EDGE_LOOP ( 'NONE', ( #3009, #2367 ) ) ;
#1418 = CARTESIAN_POINT ( 'NONE',  ( 29.35000000000000853, 5.122049094644782308, -15.48330235429197543 ) ) ;
#1419 = FACE_OUTER_BOUND ( 'NONE', #3909, .T. ) ;
#1420 = ORIENTED_EDGE ( 'NONE', *, *, #5903, .T. ) ;
#1421 = ORIENTED_EDGE ( 'NONE', *, *, #5586, .T. ) ;
#1422 = AXIS2_PLACEMENT_3D ( 'NONE', #368, #1239, #4508 ) ;
#1423 = DIRECTION ( 'NONE',  ( 1.000000000000000000, -0.0000000000000000000, -0.0000000000000000000 ) ) ;
#1424 = DIRECTION ( 'NONE',  ( -0.0000000000000000000, 1.000000000000000000, -0.0000000000000000000 ) ) ;
#1425 = CYLINDRICAL_SURFACE ( 'NONE', #2301, 1.399999999999998579 ) ;
#1426 = CARTESIAN_POINT ( 'NONE',  ( 9.168475042790698026, -75.32674949901310413, -10.54387751039465115 ) ) ;
#1427 = CARTESIAN_POINT ( 'NONE',  ( 2.915536428334447372, -72.88266373186013425, -10.13742079811913044 ) ) ;
#1428 = VECTOR ( 'NONE', #5688, 999.9999999999998863 ) ;
#1429 = AXIS2_PLACEMENT_3D ( 'NONE', #3782, #147, #5608 ) ;
#1430 = CARTESIAN_POINT ( 'NONE',  ( 49.00000000000000000, -18.50000000000000000, -11.00000000000000000 ) ) ;
#1432 = FACE_OUTER_BOUND ( 'NONE', #572, .T. ) ;
#1431 = DIRECTION ( 'NONE',  ( 0.0000000000000000000, 1.000000000000000000, 0.0000000000000000000 ) ) ;
#1433 = VECTOR ( 'NONE', #3537, 1000.000000000000000 ) ;
#1434 = DIRECTION ( 'NONE',  ( -0.7071067811865535679, -0.5996253511966840311, -0.3747658444979274917 ) ) ;
#1435 = CARTESIAN_POINT ( 'NONE',  ( 39.10999999999982180, 3.550003277437948856, -15.00000000000068390 ) ) ;
#1436 = AXIS2_PLACEMENT_3D ( 'NONE', #2926, #5274, #290 ) ;
#1437 = EDGE_CURVE ( 'NONE', #1914, #1113, #592, .T. ) ;
#1438 = VECTOR ( 'NONE', #1209, 1000.000000000000000 ) ;
#1439 = LINE ( 'NONE', #5056, #3003 ) ;
#1440 = CARTESIAN_POINT ( 'NONE',  ( 8.877498913987635021, -74.18468726948773906, -12.39999999999999503 ) ) ;
#1441 = CARTESIAN_POINT ( 'NONE',  ( 3.122501086012145155, -74.00000000000001421, -9.599999999999994316 ) ) ;
#1442 = FACE_OUTER_BOUND ( 'NONE', #1265, .T. ) ;
#1443 = ADVANCED_FACE ( 'NONE', ( #2133, #1637, #3210, #799 ), #4055, .T. ) ;
#1444 = CIRCLE ( 'NONE', #3462, 1.149999999999996581 ) ;
#1445 = VECTOR ( 'NONE', #2462, 1000.000000000000000 ) ;
#1446 = CARTESIAN_POINT ( 'NONE',  ( 9.195850103487497762, -42.60941344289021515, -11.18659501499888442 ) ) ;
#1447 = CC_DESIGN_PERSON_AND_ORGANIZATION_ASSIGNMENT ( #5668, #4277, ( #2582 ) ) ;
#1448 = ORIENTED_EDGE ( 'NONE', *, *, #4570, .T. ) ;
#1449 = EDGE_CURVE ( 'NONE', #4494, #3767, #4517, .T. ) ;
#1450 = CARTESIAN_POINT ( 'NONE',  ( 27.25538136653944221, 3.162170745546115214, -15.84531912826002120 ) ) ;
#1451 = CIRCLE ( 'NONE', #283, 3.999999999999999112 ) ;
#1452 = DIRECTION ( 'NONE',  ( 0.0000000000000000000, -1.000000000000000000, 0.0000000000000000000 ) ) ;
#1453 = VECTOR ( 'NONE', #5521, 999.9999999999998863 ) ;
#1454 = EDGE_LOOP ( 'NONE', ( #1397, #607, #3538, #5380 ) ) ;
#1455 = CARTESIAN_POINT ( 'NONE',  ( 40.37254632577506896, 4.267454366639813479, -7.203691646126774373 ) ) ;
#1456 = CARTESIAN_POINT ( 'NONE',  ( 46.11791057866384591, -43.81423342797511822, -12.39067040013780918 ) ) ;
#1457 = VECTOR ( 'NONE', #2450, 1000.000000000000000 ) ;
#1458 = AXIS2_PLACEMENT_3D ( 'NONE', #5157, #2321, #3318 ) ;
#1459 = CARTESIAN_POINT ( 'NONE',  ( 12.29289321881345565, -0.2928932188134472092, -0.7928932188134502068 ) ) ;
#1460 = ORIENTED_EDGE ( 'NONE', *, *, #4624, .F. ) ;
#1461 = DIRECTION ( 'NONE',  ( -1.000000000000000000, 0.0000000000000000000, 0.0000000000000000000 ) ) ;
#1462 = VECTOR ( 'NONE', #893, 1000.000000000000000 ) ;
#1463 = CARTESIAN_POINT ( 'NONE',  ( 9.195881382937528770, -75.39065727055937316, -11.18594094980130826 ) ) ;
#1464 = ORIENTED_EDGE ( 'NONE', *, *, #1799, .F. ) ;
#1465 = AXIS2_PLACEMENT_3D ( 'NONE', #3307, #122, #3813 ) ;
#1466 = CARTESIAN_POINT ( 'NONE',  ( 8.877498913987855289, -44.00000000000002132, -9.599999999999994316 ) ) ;
#1467 = ORIENTED_EDGE ( 'NONE', *, *, #1593, .T. ) ;
#1468 = CARTESIAN_POINT ( 'NONE',  ( 6.000000000000000000, -18.50000000000000000, -11.00000000000000000 ) ) ;
#1469 = ORIENTED_EDGE ( 'NONE', *, *, #1721, .T. ) ;
#1470 = VERTEX_POINT ( 'NONE', #5894 ) ;
#1471 = ADVANCED_FACE ( 'NONE', ( #1787 ), #1309, .T. ) ;
#1472 = VERTEX_POINT ( 'NONE', #4555 ) ;
#1473 = EDGE_CURVE ( 'NONE', #5711, #2449, #5309, .T. ) ;
#1474 = ORIENTED_EDGE ( 'NONE', *, *, #2203, .F. ) ;
#1475 = CARTESIAN_POINT ( 'NONE',  ( 46.12250108601236320, -43.81531273051231778, -9.599999999999996092 ) ) ;
#1476 = ORIENTED_EDGE ( 'NONE', *, *, #5818, .F. ) ;
#1477 = ORIENTED_EDGE ( 'NONE', *, *, #4980, .T. ) ;
#1478 = DIRECTION ( 'NONE',  ( 0.0000000000000000000, 0.0000000000000000000, -1.000000000000000000 ) ) ;
#1479 = ORIENTED_EDGE ( 'NONE', *, *, #3901, .F. ) ;
#1480 = CARTESIAN_POINT ( 'NONE',  ( 9.084463571665551740, -75.11733626813989417, -10.13742079811912689 ) ) ;
#1481 = AXIS2_PLACEMENT_3D ( 'NONE', #5816, #2163, #2555 ) ;
#1482 = CARTESIAN_POINT ( 'NONE',  ( 3.103366572738746054, -73.62890284757868642, -12.36212111305040473 ) ) ;
#1483 = EDGE_CURVE ( 'NONE', #5473, #3182, #2283, .T. ) ;
#1484 = ORIENTED_EDGE ( 'NONE', *, *, #1582, .T. ) ;
#1485 = ORIENTED_EDGE ( 'NONE', *, *, #131, .T. ) ;
#1486 = ORIENTED_EDGE ( 'NONE', *, *, #2473, .T. ) ;
#1487 = DIRECTION ( 'NONE',  ( -1.000000000000000000, -0.0000000000000000000, -0.0000000000000000000 ) ) ;
#1488 = ORIENTED_EDGE ( 'NONE', *, *, #1864, .T. ) ;
#1489 = CARTESIAN_POINT ( 'NONE',  ( 21.26650710669548161, -39.97901606410405151, -5.982585108597236356 ) ) ;
#1490 = EDGE_CURVE ( 'NONE', #564, #565, #5454, .T. ) ;
#1491 = CIRCLE ( 'NONE', #1574, 8.000000000000003553 ) ;
#1492 = EDGE_CURVE ( 'NONE', #5151, #5357, #3652, .T. ) ;
#1493 = DIRECTION ( 'NONE',  ( 0.0000000000000000000, -1.000000000000000000, 0.0000000000000000000 ) ) ;
#1494 = DIRECTION ( 'NONE',  ( 1.000000000000000000, -0.0000000000000000000, -0.0000000000000000000 ) ) ;
#1495 = CARTESIAN_POINT ( 'NONE',  ( 27.49999999999999645, -35.00000000000000000, -11.00000000000000000 ) ) ;
#1496 = VECTOR ( 'NONE', #4996, 1000.000000000000000 ) ;
#1497 = AXIS2_PLACEMENT_3D ( 'NONE', #5502, #5075, #1877 ) ;
#1498 = CARTESIAN_POINT ( 'NONE',  ( 9.084274753509889777, -75.11128531697855237, -11.85631955483967381 ) ) ;
#1499 = CARTESIAN_POINT ( 'NONE',  ( 37.65433559841423516, 5.192726032917843959, -7.274218620736913721 ) ) ;
#1500 = VECTOR ( 'NONE', #2729, 999.9999999999998863 ) ;
#1501 = ADVANCED_FACE ( 'NONE', ( #4439 ), #4137, .T. ) ;
#1502 = CARTESIAN_POINT ( 'NONE',  ( 9.122194337125577590, -42.78744470347093909, -11.70562711651189147 ) ) ;
#1503 = VECTOR ( 'NONE', #3865, 999.9999999999998863 ) ;
#1504 = CARTESIAN_POINT ( 'NONE',  ( 26.67623307053604265, 3.339102216796479006, -15.78086640028675980 ) ) ;
#1505 = LINE ( 'NONE', #2408, #1016 ) ;
#1506 = DIRECTION ( 'NONE',  ( 1.000000000000000000, 5.981805089575197183E-16, 0.0000000000000000000 ) ) ;
#1507 = DIRECTION ( 'NONE',  ( -0.0000000000000000000, -0.0000000000000000000, 1.000000000000000000 ) ) ;
#1508 = LINE ( 'NONE', #2557, #3591 ) ;
#1509 = CARTESIAN_POINT ( 'NONE',  ( 17.34573687607818471, 5.192237076998244660, -14.72575304252209527 ) ) ;
#1510 = ORIENTED_EDGE ( 'NONE', *, *, #2169, .F. ) ;
#1511 = CARTESIAN_POINT ( 'NONE',  ( 6.000000000000000000, -14.00000000000001066, -7.899999999999999467 ) ) ;
#1512 = VERTEX_POINT ( 'NONE', #2238 ) ;
#1513 = EDGE_CURVE ( 'NONE', #5418, #853, #5651, .T. ) ;
#1514 = PERSON_AND_ORGANIZATION ( #1148, #4178 ) ;
#1516 = CIRCLE ( 'NONE', #715, 3.999999999999999112 ) ;
#1515 = CARTESIAN_POINT ( 'NONE',  ( 43.00000000000000000, -44.00000000000001421, -10.99999999999999645 ) ) ;
#1517 = DIRECTION ( 'NONE',  ( -0.7071067811865425767, 0.0000000000000000000, -0.7071067811865525687 ) ) ;
#1518 = DIRECTION ( 'NONE',  ( 0.0000000000000000000, 0.0000000000000000000, 1.000000000000000000 ) ) ;
#1519 = ORIENTED_EDGE ( 'NONE', *, *, #1979, .T. ) ;
#1520 = CYLINDRICAL_SURFACE ( 'NONE', #4590, 4.849999999999996980 ) ;
#1521 = EDGE_CURVE ( 'NONE', #5140, #4203, #2847, .T. ) ;
#1522 = EDGE_LOOP ( 'NONE', ( #992, #2198, #5766, #231 ) ) ;
#1523 = CARTESIAN_POINT ( 'NONE',  ( 14.63548279529586083, 4.272129432777525437, -14.79857795915617302 ) ) ;
#1524 = B_SPLINE_CURVE_WITH_KNOTS ( 'NONE', 3,
 ( #2178, #4035, #4518, #3540, #1769 ),
 .UNSPECIFIED., .F., .F.,
 ( 4, 1, 4 ),
 ( 0.006854446688885113166, 0.006859046612885250083, 0.006863646536885386999 ),
 .UNSPECIFIED. ) ;
#1525 = LINE ( 'NONE', #3058, #4829 ) ;
#1526 = DIRECTION ( 'NONE',  ( -1.000000000000000000, -0.0000000000000000000, -0.0000000000000000000 ) ) ;
#1527 = ADVANCED_FACE ( 'NONE', ( #1919 ), #3235, .F. ) ;
#1528 = ORIENTED_EDGE ( 'NONE', *, *, #1826, .F. ) ;
#1529 = CARTESIAN_POINT ( 'NONE',  ( 17.35537538441425909, 5.097025211093260566, -14.72191818592950519 ) ) ;
#1530 = AXIS2_PLACEMENT_3D ( 'NONE', #1585, #2035, #2499 ) ;
#1531 = DIRECTION ( 'NONE',  ( -0.0000000000000000000, 1.000000000000000000, 0.0000000000000000000 ) ) ;
#1532 = VERTEX_POINT ( 'NONE', #530 ) ;
#1533 = ORIENTED_EDGE ( 'NONE', *, *, #4863, .F. ) ;
#1534 = DIRECTION ( 'NONE',  ( 0.0000000000000000000, -0.0000000000000000000, 1.000000000000000000 ) ) ;
#1535 = DIRECTION ( 'NONE',  ( 0.0000000000000000000, 0.0000000000000000000, 1.000000000000000000 ) ) ;
#1536 = ORIENTED_EDGE ( 'NONE', *, *, #1259, .T. ) ;
#1537 = ORIENTED_EDGE ( 'NONE', *, *, #2960, .T. ) ;
#1538 = VERTEX_POINT ( 'NONE', #973 ) ;
#1539 = CARTESIAN_POINT ( 'NONE',  ( 54.50000000000001421, -79.00000000000001421, -22.00000000000000000 ) ) ;
#1540 = EDGE_LOOP ( 'NONE', ( #4503, #3192, #4157, #2967 ) ) ;
#1541 = CARTESIAN_POINT ( 'NONE',  ( 12.50222502370091249, -0.1240568239035157727, -13.13585537499952949 ) ) ;
#1542 = VERTEX_POINT ( 'NONE', #2770 ) ;
#1543 = ORIENTED_EDGE ( 'NONE', *, *, #1492, .F. ) ;
#1544 = PLANE ( 'NONE',  #4225 ) ;
#1545 = CARTESIAN_POINT ( 'NONE',  ( 2.860249559980880818, -75.25660880425739663, -11.62393002588699176 ) ) ;
#1546 = AXIS2_PLACEMENT_3D ( 'NONE', #1430, #3547, #4041 ) ;
#1547 = ORIENTED_EDGE ( 'NONE', *, *, #3133, .F. ) ;
#1548 = EDGE_CURVE ( 'NONE', #425, #4864, #5723, .T. ) ;
#1549 = CARTESIAN_POINT ( 'NONE',  ( 51.87749891398763680, -74.00000000000001421, -9.599999999999997868 ) ) ;
#1550 = ORIENTED_EDGE ( 'NONE', *, *, #1173, .F. ) ;
#1551 = CARTESIAN_POINT ( 'NONE',  ( 11.99999999999999645, -1.000000000000000888, -21.50000000000000000 ) ) ;
#1552 = VERTEX_POINT ( 'NONE', #513 ) ;
#1553 = CARTESIAN_POINT ( 'NONE',  ( 54.49999999999999289, -67.00000000000000000, 3.469446951953614189E-15 ) ) ;
#1554 = LINE ( 'NONE', #5246, #378 ) ;
#1555 = CARTESIAN_POINT ( 'NONE',  ( 28.99999999999986500, -20.99999999999986855, -7.500000000000065725 ) ) ;
#1556 = CC_DESIGN_APPROVAL ( #3817, ( #769 ) ) ;
#1557 = PLANE ( 'NONE',  #3270 ) ;
#1558 = EDGE_CURVE ( 'NONE', #446, #3060, #1358, .T. ) ;
#1559 = VERTEX_POINT ( 'NONE', #2336 ) ;
#1560 = ADVANCED_FACE ( 'NONE', ( #722 ), #548, .F. ) ;
#1561 = VERTEX_POINT ( 'NONE', #4173 ) ;
#1562 = CARTESIAN_POINT ( 'NONE',  ( 25.69959371795765790, 5.489199784624688050, -15.50454119004175979 ) ) ;
#1563 = VECTOR ( 'NONE', #4962, 1000.000000000000000 ) ;
#1564 = DIRECTION ( 'NONE',  ( 0.7071067811865425767, 0.0000000000000000000, 0.7071067811865524577 ) ) ;
#1565 = B_SPLINE_CURVE_WITH_KNOTS ( 'NONE', 3,
 ( #4746, #5687, #1562, #677, #2930, #2456, #3357, #694, #3416, #1990, #2008, #3858, #5631, #3377 ),
 .UNSPECIFIED., .F., .F.,
 ( 4, 2, 2, 2, 2, 2, 4 ),
 ( 0.008758251275173659783, 0.009488310239960405512, 0.009853339722353780111, 0.01021836920474715645, 0.01058339868714053104, 0.01094842816953390564, 0.01167848713432064790 ),
 .UNSPECIFIED. ) ;
#1566 = EDGE_CURVE ( 'NONE', #2609, #1965, #4296, .T. ) ;
#1567 = EDGE_CURVE ( 'NONE', #551, #2117, #3349, .T. ) ;
#1568 = DIRECTION ( 'NONE',  ( 0.0000000000000000000, 1.000000000000000000, 0.0000000000000000000 ) ) ;
#1569 = VECTOR ( 'NONE', #3572, 1000.000000000000000 ) ;
#1570 = CARTESIAN_POINT ( 'NONE',  ( 55.00000000000000000, -79.00000000000001421, -0.5000000000000004441 ) ) ;
#1571 = CARTESIAN_POINT ( 'NONE',  ( 12.29289321881344854, -0.2928932188134524273, -21.20710678118654258 ) ) ;
#1572 = VECTOR ( 'NONE', #3201, 1000.000000000000000 ) ;
#1573 = LINE ( 'NONE', #3843, #2496 ) ;
#1574 = AXIS2_PLACEMENT_3D ( 'NONE', #1495, #2347, #2369 ) ;
#1575 = CARTESIAN_POINT ( 'NONE',  ( 11.50000000000000355, -4.999999999999999112, -17.99999999999998579 ) ) ;
#1576 = CARTESIAN_POINT ( 'NONE',  ( 54.50000000000000711, 10.00000000000000000, -21.50000000000000355 ) ) ;
#1577 = LINE ( 'NONE', #2440, #4101 ) ;
#1578 = VECTOR ( 'NONE', #5486, 1000.000000000000000 ) ;
#1579 = CARTESIAN_POINT ( 'NONE',  ( 29.35000000000000497, 5.123551085791267390, -6.516697645708024567 ) ) ;
#1580 = CIRCLE ( 'NONE', #1692, 1.449999999999999956 ) ;
#1581 = CARTESIAN_POINT ( 'NONE',  ( -13.00000000000003197, -4.999999999999999112, -17.99999999999998579 ) ) ;
#1582 = EDGE_CURVE ( 'NONE', #4416, #44, #2556, .T. ) ;
#1583 = LINE ( 'NONE', #3739, #5334 ) ;
#1584 = VERTEX_POINT ( 'NONE', #1838 ) ;
#1585 = CARTESIAN_POINT ( 'NONE',  ( 15.90537538441425269, 5.000000000000000000, 0.0000000000000000000 ) ) ;
#1586 = CARTESIAN_POINT ( 'NONE',  ( -13.00000000000003197, -32.50000000000000000, -5.204748896376250896E-15 ) ) ;
#1587 = ADVANCED_FACE ( 'NONE', ( #1072 ), #3932, .F. ) ;
#1588 = CARTESIAN_POINT ( 'NONE',  ( 51.87749891398763680, -73.90774919236110918, -9.599999999999999645 ) ) ;
#1589 = CYLINDRICAL_SURFACE ( 'NONE', #994, 3.999999999999999112 ) ;
#1590 = CIRCLE ( 'NONE', #5433, 1.449999999999999956 ) ;
#1591 = AXIS2_PLACEMENT_3D ( 'NONE', #4344, #3898, #4801 ) ;
#1592 = EDGE_LOOP ( 'NONE', ( #1064, #2661 ) ) ;
#1593 = EDGE_CURVE ( 'NONE', #380, #778, #312, .T. ) ;
#1594 = CARTESIAN_POINT ( 'NONE',  ( 52.20002260105934511, -45.40005165957071398, -10.90803313455498724 ) ) ;
#1595 = LINE ( 'NONE', #2313, #1165 ) ;
#1596 = CARTESIAN_POINT ( 'NONE',  ( 37.64462461558574091, 5.000000000000000000, -14.72191818592950341 ) ) ;
#1597 = DIRECTION ( 'NONE',  ( 0.0000000000000000000, -1.000000000000000000, 0.0000000000000000000 ) ) ;
#1598 = ORIENTED_EDGE ( 'NONE', *, *, #5101, .F. ) ;
#1599 = CARTESIAN_POINT ( 'NONE',  ( 42.76638041296932613, -0.3473387047821613338, -9.367205351248665934 ) ) ;
#1600 = FACE_BOUND ( 'NONE', #3394, .T. ) ;
#1601 = EDGE_CURVE ( 'NONE', #5718, #2380, #1212, .T. ) ;
#1602 = VERTEX_POINT ( 'NONE', #3214 ) ;
#1603 = EDGE_CURVE ( 'NONE', #4191, #4701, #5015, .T. ) ;
#1604 = DIRECTION ( 'NONE',  ( 0.0000000000000000000, 0.0000000000000000000, 1.000000000000000000 ) ) ;
#1605 = CARTESIAN_POINT ( 'NONE',  ( 11.99999999999999645, 0.0000000000000000000, -21.50000000000000000 ) ) ;
#1606 = ORIENTED_EDGE ( 'NONE', *, *, #5128, .T. ) ;
#1607 = B_SPLINE_CURVE_WITH_KNOTS ( 'NONE', 3,
 ( #2697, #1351, #4937, #2180, #842, #441, #4542, #4558, #5875, #4520, #5918, #4082 ),
 .UNSPECIFIED., .F., .F.,
 ( 4, 2, 2, 2, 2, 4 ),
 ( 0.006850827085061731402, 0.007424109559088459473, 0.007997392033115186677, 0.008284033270128545942, 0.008570674507141905207, 0.009143956981168622003 ),
 .UNSPECIFIED. ) ;
#1608 = CARTESIAN_POINT ( 'NONE',  ( 15.90537538441425269, 5.000000000000000000, -30.00000000000000000 ) ) ;
#1609 = CARTESIAN_POINT ( 'NONE',  ( 12.29289321881345565, -0.2928932188134472092, -0.7928932188134502068 ) ) ;
#1610 = VERTEX_POINT ( 'NONE', #5515 ) ;
#1611 = VERTEX_POINT ( 'NONE', #1853 ) ;
#1612 = AXIS2_PLACEMENT_3D ( 'NONE', #5792, #4851, #1207 ) ;
#1613 = DIRECTION ( 'NONE',  ( 0.0000000000000000000, -0.0000000000000000000, 1.000000000000000000 ) ) ;
#1614 = ORIENTED_EDGE ( 'NONE', *, *, #358, .T. ) ;
#1615 = ORIENTED_EDGE ( 'NONE', *, *, #473, .T. ) ;
#1616 = CARTESIAN_POINT ( 'NONE',  ( 39.49253115600549791, 6.410505479846507093, -7.014442700938892550 ) ) ;
#1617 = ORIENTED_EDGE ( 'NONE', *, *, #2849, .T. ) ;
#1618 = ORIENTED_EDGE ( 'NONE', *, *, #3546, .T. ) ;
#1619 = CARTESIAN_POINT ( 'NONE',  ( 0.4999999999999935052, 10.00000000000000000, 0.0000000000000000000 ) ) ;
#1620 = ADVANCED_FACE ( 'NONE', ( #27 ), #3152, .F. ) ;
#1621 = ORIENTED_EDGE ( 'NONE', *, *, #4528, .T. ) ;
#1622 =( BOUNDED_CURVE ( )  B_SPLINE_CURVE ( 3, ( #1571, #5208, #4719, #1551 ),
 .UNSPECIFIED., .F., .T. ) 
 B_SPLINE_CURVE_WITH_KNOTS ( ( 4, 4 ),
 ( 5.497787143782138841, 6.283185307179586232 ),
 .UNSPECIFIED. ) 
 CURVE ( )  GEOMETRIC_REPRESENTATION_ITEM ( )  RATIONAL_B_SPLINE_CURVE ( ( 1.000000000000000000, 0.9492530216741912330, 0.9492530216741912330, 1.000000000000000000 ) ) 
 REPRESENTATION_ITEM ( '' )  );
#1623 = EDGE_LOOP ( 'NONE', ( #8, #2028 ) ) ;
#1624 = VERTEX_POINT ( 'NONE', #2234 ) ;
#1625 = CARTESIAN_POINT ( 'NONE',  ( 54.50000000000000711, -67.00000000000000000, -21.99999999999999645 ) ) ;
#1626 = ORIENTED_EDGE ( 'NONE', *, *, #3017, .F. ) ;
#1627 = DIRECTION ( 'NONE',  ( -0.0000000000000000000, -0.0000000000000000000, 1.000000000000000000 ) ) ;
#1628 = DIRECTION ( 'NONE',  ( 0.0000000000000000000, 0.5299989400031799303, -0.8479983040050880216 ) ) ;
#1629 = AXIS2_PLACEMENT_3D ( 'NONE', #5216, #5155, #2453 ) ;
#1630 = EDGE_CURVE ( 'NONE', #2380, #5352, #5797, .T. ) ;
#1631 = DIRECTION ( 'NONE',  ( 0.0000000000000000000, 0.0000000000000000000, -1.000000000000000000 ) ) ;
#1632 = EDGE_LOOP ( 'NONE', ( #2443, #161 ) ) ;
#1633 = LINE ( 'NONE', #201, #5384 ) ;
#1634 = CARTESIAN_POINT ( 'NONE',  ( 49.00000000000000000, -79.00000000000001421, -11.00000000000000000 ) ) ;
#1635 = CARTESIAN_POINT ( 'NONE',  ( 3.100553753972600468, -44.36733078444571987, -12.35411254328455755 ) ) ;
#1636 = EDGE_CURVE ( 'NONE', #5217, #2257, #4584, .T. ) ;
#1637 = FACE_BOUND ( 'NONE', #1830, .T. ) ;
#1638 = PLANE ( 'NONE',  #4268 ) ;
#1639 = CARTESIAN_POINT ( 'NONE',  ( 11.49999999999999645, 0.4999999999999935052, 0.0000000000000000000 ) ) ;
#1640 = DIRECTION ( 'NONE',  ( 0.6583521792384008364, 0.3648901426239257173, 0.6583521792383918436 ) ) ;
#1641 = AXIS2_PLACEMENT_3D ( 'NONE', #5807, #5366, #4386 ) ;
#1642 = DIRECTION ( 'NONE',  ( -0.6583521792383902893, -0.3648901426239316015, 0.6583521792383992821 ) ) ;
#1643 = CARTESIAN_POINT ( 'NONE',  ( 12.00000000000000355, -74.00000000000001421, -10.99999999999999645 ) ) ;
#1644 = ADVANCED_FACE ( 'NONE', ( #1140 ), #4169, .F. ) ;
#1645 = LINE ( 'NONE', #785, #5097 ) ;
#1646 = CARTESIAN_POINT ( 'NONE',  ( 15.88999999999977852, 6.449996722562282514, -6.999999999999234390 ) ) ;
#1647 = LINE ( 'NONE', #766, #1019 ) ;
#1648 = DIRECTION ( 'NONE',  ( 0.0000000000000000000, -1.000000000000000000, 0.0000000000000000000 ) ) ;
#1649 = AXIS2_PLACEMENT_3D ( 'NONE', #2101, #757, #4810 ) ;
#1651 = LINE ( 'NONE', #3589, #3803 ) ;
#1650 = CARTESIAN_POINT ( 'NONE',  ( 51.89663342726123574, -44.37109715242130648, -9.637878886949584611 ) ) ;
#1652 = VECTOR ( 'NONE', #2050, 1000.000000000000000 ) ;
#1653 = CARTESIAN_POINT ( 'NONE',  ( 42.76562488461258482, -0.3465292638261920910, -12.63440630954393207 ) ) ;
#1654 = CARTESIAN_POINT ( 'NONE',  ( 0.4999999999999935052, 10.00000000000000000, -21.50000000000000355 ) ) ;
#1655 = APPROVAL_DATE_TIME ( #2231, #3817 ) ;
#1656 = DIRECTION ( 'NONE',  ( 0.0000000000000000000, 0.0000000000000000000, -1.000000000000000000 ) ) ;
#1657 = LINE ( 'NONE', #3763, #5403 ) ;
#1658 = DIRECTION ( 'NONE',  ( -0.0000000000000000000, -1.000000000000000000, -0.0000000000000000000 ) ) ;
#1659 = ORIENTED_EDGE ( 'NONE', *, *, #3743, .T. ) ;
#1660 = CARTESIAN_POINT ( 'NONE',  ( 11.99999999999999645, -35.00000000000000000, -0.4999999999999935052 ) ) ;
#1661 = CARTESIAN_POINT ( 'NONE',  ( 54.50000000000000711, 10.00000000000000000, -22.00000000000000000 ) ) ;
#1662 = CARTESIAN_POINT ( 'NONE',  ( 54.50000000000000000, 10.00000000000000000, 0.0000000000000000000 ) ) ;
#1663 = EDGE_CURVE ( 'NONE', #3198, #3043, #3573, .T. ) ;
#1664 = FACE_OUTER_BOUND ( 'NONE', #4069, .T. ) ;
#1665 = CARTESIAN_POINT ( 'NONE',  ( 8.882092818569606862, -73.81398283291684947, -12.39066541577492231 ) ) ;
#1666 = CARTESIAN_POINT ( 'NONE',  ( 45.93603126605853504, -75.05431670845852921, -10.07444616784520619 ) ) ;
#1667 = ORIENTED_EDGE ( 'NONE', *, *, #94, .F. ) ;
#1668 = CARTESIAN_POINT ( 'NONE',  ( 40.51876747658479161, 5.381208619447297004, -14.74451215003834115 ) ) ;
#1669 = CIRCLE ( 'NONE', #403, 4.950000000000002842 ) ;
#1670 = CARTESIAN_POINT ( 'NONE',  ( 15.42123637059957453, 6.374376246278864677, -7.026574010142369708 ) ) ;
#1671 = CC_DESIGN_PERSON_AND_ORGANIZATION_ASSIGNMENT ( #1514, #865, ( #5261 ) ) ;
#1672 = EDGE_CURVE ( 'NONE', #5552, #1107, #4720, .T. ) ;
#1673 = ORIENTED_EDGE ( 'NONE', *, *, #3778, .F. ) ;
#1674 = CARTESIAN_POINT ( 'NONE',  ( 0.0000000000000000000, 10.00000000000000000, 0.0000000000000000000 ) ) ;
#1675 = CARTESIAN_POINT ( 'NONE',  ( 0.0000000000000000000, -35.50000000000000000, 0.0000000000000000000 ) ) ;
#1676 = ORIENTED_EDGE ( 'NONE', *, *, #2075, .F. ) ;
#1677 = DIRECTION ( 'NONE',  ( 0.0000000000000000000, 0.0000000000000000000, -1.000000000000000000 ) ) ;
#1678 = ORIENTED_EDGE ( 'NONE', *, *, #1663, .T. ) ;
#1679 = EDGE_CURVE ( 'NONE', #2817, #1472, #2422, .T. ) ;
#1680 = EDGE_CURVE ( 'NONE', #4579, #1584, #5624, .T. ) ;
#1681 = ORIENTED_EDGE ( 'NONE', *, *, #3901, .T. ) ;
#1682 = DIRECTION ( 'NONE',  ( 0.0000000000000000000, 0.0000000000000000000, -1.000000000000000000 ) ) ;
#1683 = CARTESIAN_POINT ( 'NONE',  ( 54.50000000000000000, -4.999999999999999112, -17.99999999999998579 ) ) ;
#1684 = ORIENTED_EDGE ( 'NONE', *, *, #5553, .F. ) ;
#1685 = CARTESIAN_POINT ( 'NONE',  ( 38.36498357772399714, 3.732502195779427545, -14.93404583549335030 ) ) ;
#1686 = EDGE_LOOP ( 'NONE', ( #2684, #429 ) ) ;
#1687 = DIRECTION ( 'NONE',  ( -1.000000000000000000, -0.0000000000000000000, -0.0000000000000000000 ) ) ;
#1688 = ORIENTED_EDGE ( 'NONE', *, *, #3325, .T. ) ;
#1689 = DIRECTION ( 'NONE',  ( 0.6583521792383972837, -0.3648901426239388179, 0.6583521792383881799 ) ) ;
#1690 = CARTESIAN_POINT ( 'NONE',  ( 51.95897417818826369, -73.29050284336584298, -12.22085419404172235 ) ) ;
#1691 = ORIENTED_EDGE ( 'NONE', *, *, #2386, .F. ) ;
#1692 = AXIS2_PLACEMENT_3D ( 'NONE', #2519, #4791, #2073 ) ;
#1693 = CARTESIAN_POINT ( 'NONE',  ( 43.50000000000000000, 10.00000000000000000, 0.0000000000000000000 ) ) ;
#1694 = EDGE_LOOP ( 'NONE', ( #2272, #1414, #4045, #4994, #2753 ) ) ;
#1695 = CARTESIAN_POINT ( 'NONE',  ( 14.99835762021603003, 3.843581064734641117, -7.098230370110951704 ) ) ;
#1696 = ORIENTED_EDGE ( 'NONE', *, *, #1173, .T. ) ;
#1697 = CARTESIAN_POINT ( 'NONE',  ( 27.37810561084716099, 3.149999999999998135, -6.150000000000004796 ) ) ;
#1698 =( BOUNDED_CURVE ( )  B_SPLINE_CURVE ( 3, ( #2138, #3062, #2158, #2637 ),
 .UNSPECIFIED., .F., .F. ) 
 B_SPLINE_CURVE_WITH_KNOTS ( ( 4, 4 ),
 ( 2.356194490192354607, 3.141592653589793116 ),
 .UNSPECIFIED. ) 
 CURVE ( )  GEOMETRIC_REPRESENTATION_ITEM ( )  RATIONAL_B_SPLINE_CURVE ( ( 1.000000000000000000, 0.9492530216741924542, 0.9492530216741924542, 1.000000000000000000 ) ) 
 REPRESENTATION_ITEM ( '' )  );
#1699 = EDGE_LOOP ( 'NONE', ( #1614, #1813, #5007, #3704 ) ) ;
#1700 = DIRECTION ( 'NONE',  ( -0.5773502691896337247, -0.5773502691896178485, 0.5773502691896257311 ) ) ;
#1701 = DIRECTION ( 'NONE',  ( 0.0000000000000000000, 1.000000000000000000, 0.0000000000000000000 ) ) ;
#1702 = ORIENTED_EDGE ( 'NONE', *, *, #4239, .F. ) ;
#1703 = CARTESIAN_POINT ( 'NONE',  ( 55.00000000000000000, -32.50000000000000711, -21.50000000000000000 ) ) ;
#1704 = CARTESIAN_POINT ( 'NONE',  ( 34.50000000000000000, -39.00000000000000000, -7.127016653792590972 ) ) ;
#1705 = VECTOR ( 'NONE', #3655, 1000.000000000000000 ) ;
#1706 = ORIENTED_EDGE ( 'NONE', *, *, #379, .T. ) ;
#1707 = CARTESIAN_POINT ( 'NONE',  ( 0.0000000000000000000, 10.00000000000000000, -21.50000000000000355 ) ) ;
#1708 = CARTESIAN_POINT ( 'NONE',  ( 6.000000000000000000, -18.50000000000000000, -9.849999999999999645 ) ) ;
#1709 = CARTESIAN_POINT ( 'NONE',  ( 38.90766284388490703, 3.558943398455613139, -14.99598124292205981 ) ) ;
#1710 = ORIENTED_EDGE ( 'NONE', *, *, #3434, .T. ) ;
#1711 = CARTESIAN_POINT ( 'NONE',  ( 29.10305612527886510, 4.068827606569914934, -15.57795472761994127 ) ) ;
#1712 = CARTESIAN_POINT ( 'NONE',  ( 2.998914892865648163, -74.86099574405056956, -9.881173854912118415 ) ) ;
#1713 = LINE ( 'NONE', #1693, #4222 ) ;
#1714 = ADVANCED_FACE ( 'NONE', ( #4227 ), #2348, .F. ) ;
#1715 = AXIS2_PLACEMENT_3D ( 'NONE', #3228, #932, #2287 ) ;
#1716 = EDGE_CURVE ( 'NONE', #3694, #2723, #1851, .T. ) ;
#1717 = DIRECTION ( 'NONE',  ( -0.7071067811865524577, -0.5996253511966848082, 0.3747658444979283798 ) ) ;
#1718 = PLANE ( 'NONE',  #903 ) ;
#1719 = VECTOR ( 'NONE', #3019, 1000.000000000000000 ) ;
#1720 = CARTESIAN_POINT ( 'NONE',  ( 0.4999999999999928391, -32.50000000000000000, -4.566659090808603040E-15 ) ) ;
#1721 = EDGE_CURVE ( 'NONE', #1966, #1284, #870, .T. ) ;
#1722 = LINE ( 'NONE', #4591, #3076 ) ;
#1723 = FACE_OUTER_BOUND ( 'NONE', #1036, .T. ) ;
#1724 = DIRECTION ( 'NONE',  ( 0.0000000000000000000, 1.000000000000000000, 0.0000000000000000000 ) ) ;
#1725 = CARTESIAN_POINT ( 'NONE',  ( 52.19593030396504929, -75.39077006702608230, -11.18524885350230136 ) ) ;
#1726 = LINE ( 'NONE', #1147, #601 ) ;
#1727 = VECTOR ( 'NONE', #4235, 1000.000000000000000 ) ;
#1728 = AXIS2_PLACEMENT_3D ( 'NONE', #5301, #5765, #1677 ) ;
#1729 = CARTESIAN_POINT ( 'NONE',  ( 27.74317910631465622, 3.149999999999998579, -15.85000000000000320 ) ) ;
#1730 = DIRECTION ( 'NONE',  ( -0.7071067811865474617, 0.0000000000000000000, -0.7071067811865474617 ) ) ;
#1731 = DIRECTION ( 'NONE',  ( 1.000000000000000000, 0.0000000000000000000, 0.0000000000000000000 ) ) ;
#1732 = VECTOR ( 'NONE', #2871, 1000.000000000000000 ) ;
#1733 = CARTESIAN_POINT ( 'NONE',  ( 14.48171473052450686, 4.617804375265753158, -7.255321236832825704 ) ) ;
#1734 = ORIENTED_EDGE ( 'NONE', *, *, #4751, .T. ) ;
#1735 = AXIS2_PLACEMENT_3D ( 'NONE', #3412, #691, #4802 ) ;
#1736 = VECTOR ( 'NONE', #4149, 1000.000000000000000 ) ;
#1737 = VECTOR ( 'NONE', #1640, 1000.000000000000114 ) ;
#1738 = DIRECTION ( 'NONE',  ( 0.0000000000000000000, 1.000000000000000000, 0.0000000000000000000 ) ) ;
#1739 = DIRECTION ( 'NONE',  ( -1.000000000000000000, 0.0000000000000000000, -0.0000000000000000000 ) ) ;
#1740 = ORIENTED_EDGE ( 'NONE', *, *, #657, .F. ) ;
#1741 = CARTESIAN_POINT ( 'NONE',  ( 0.0000000000000000000, -79.00000000000001421, 0.0000000000000000000 ) ) ;
#1742 = LINE ( 'NONE', #2945, #2310 ) ;
#1743 = CARTESIAN_POINT ( 'NONE',  ( 12.00000000000000355, -74.00000000000001421, -10.99999999999999645 ) ) ;
#1744 = CARTESIAN_POINT ( 'NONE',  ( 39.10230947944799595, 3.550006504241509209, -7.000007097089321562 ) ) ;
#1745 = CARTESIAN_POINT ( 'NONE',  ( 3.122501086012369420, -43.90619551722988945, -9.599999999999997868 ) ) ;
#1746 = CARTESIAN_POINT ( 'NONE',  ( 3.122501086012145155, -74.00000000000001421, -9.599999999999994316 ) ) ;
#1747 = PLANE ( 'NONE',  #2848 ) ;
#1748 = VERTEX_POINT ( 'NONE', #5126 ) ;
#1749 = EDGE_CURVE ( 'NONE', #1611, #5227, #3139, .T. ) ;
#1750 = CIRCLE ( 'NONE', #2393, 4.950000000000002842 ) ;
#1751 = CARTESIAN_POINT ( 'NONE',  ( 27.98873240072475355, 3.199527795767147520, -15.83054940565274649 ) ) ;
#1752 = EDGE_LOOP ( 'NONE', ( #2186, #5446, #502, #748 ) ) ;
#1753 = CARTESIAN_POINT ( 'NONE',  ( 43.00000000000000000, -35.00000000000000000, -21.50000000000000355 ) ) ;
#1754 = ORIENTED_EDGE ( 'NONE', *, *, #970, .T. ) ;
#1755 = CARTESIAN_POINT ( 'NONE',  ( 11.99999999999999645, -15.00000000000000000, -4.499999999999998224 ) ) ;
#1756 = CARTESIAN_POINT ( 'NONE',  ( 15.15638880436840452, 3.736539638058139712, -7.063818910049587174 ) ) ;
#1757 = PRODUCT_RELATED_PRODUCT_CATEGORY ( 'detail', '', ( #5261 ) ) ;
#1758 = EDGE_CURVE ( 'NONE', #2258, #5504, #3854, .T. ) ;
#1759 = VERTEX_POINT ( 'NONE', #4226 ) ;
#1760 = CARTESIAN_POINT ( 'NONE',  ( 55.00000000000000000, 10.00000000000000000, -0.4999999999999935052 ) ) ;
#1761 = ORIENTED_EDGE ( 'NONE', *, *, #733, .F. ) ;
#1762 = DIRECTION ( 'NONE',  ( -1.000000000000000000, 0.0000000000000000000, 0.0000000000000000000 ) ) ;
#1763 = ORIENTED_EDGE ( 'NONE', *, *, #5070, .T. ) ;
#1764 = ORIENTED_EDGE ( 'NONE', *, *, #2970, .F. ) ;
#1765 = CARTESIAN_POINT ( 'NONE',  ( 45.81977043499945523, -72.64569908896247341, -11.36664364091365442 ) ) ;
#1766 = ORIENTED_EDGE ( 'NONE', *, *, #3855, .T. ) ;
#1767 = VERTEX_POINT ( 'NONE', #3332 ) ;
#1768 = DIRECTION ( 'NONE',  ( -1.000000000000000000, 0.0000000000000000000, -0.0000000000000000000 ) ) ;
#1769 = CARTESIAN_POINT ( 'NONE',  ( 15.89922916591697266, 6.449986973733965456, -14.99998935279788803 ) ) ;
#1770 = EDGE_LOOP ( 'NONE', ( #886, #2551, #3996, #4050 ) ) ;
#1771 = PLANE ( 'NONE',  #3714 ) ;
#1772 = ORIENTED_EDGE ( 'NONE', *, *, #724, .F. ) ;
#1773 = CARTESIAN_POINT ( 'NONE',  ( 39.10691705258031448, 5.000000000000000000, -18.00000000000000000 ) ) ;
#1774 = VERTEX_POINT ( 'NONE', #5086 ) ;
#1775 = LINE ( 'NONE', #2446, #3343 ) ;
#1776 = ORIENTED_EDGE ( 'NONE', *, *, #3848, .T. ) ;
#1777 = CARTESIAN_POINT ( 'NONE',  ( 43.00000000000000000, -74.00000000000001421, -9.599999999999997868 ) ) ;
#1778 = ADVANCED_FACE ( 'NONE', ( #4862 ), #5010, .F. ) ;
#1779 = ORIENTED_EDGE ( 'NONE', *, *, #4167, .T. ) ;
#1780 = CARTESIAN_POINT ( 'NONE',  ( -13.00000000000003197, -32.50000000000000711, -21.99999999999998579 ) ) ;
#1781 = FACE_OUTER_BOUND ( 'NONE', #716, .T. ) ;
#1782 = DIRECTION ( 'NONE',  ( 0.0000000000000000000, 0.8479983040050881327, -0.5299989400031798192 ) ) ;
#1783 = CARTESIAN_POINT ( 'NONE',  ( 45.80411861706247834, -72.60934272944066947, -10.81405905019868285 ) ) ;
#1784 = EDGE_CURVE ( 'NONE', #5846, #4383, #1108, .T. ) ;
#1785 = PLANE ( 'NONE',  #515 ) ;
#1786 = CARTESIAN_POINT ( 'NONE',  ( 2.804118617062472563, -42.60934272944064816, -11.18594094980131359 ) ) ;
#1787 = FACE_OUTER_BOUND ( 'NONE', #2615, .T. ) ;
#1788 = PLANE ( 'NONE',  #5545 ) ;
#1789 = CARTESIAN_POINT ( 'NONE',  ( 17.30791742246954712, 5.380103327990437556, -7.259690063989227227 ) ) ;
#1790 = EDGE_CURVE ( 'NONE', #3700, #2886, #1491, .T. ) ;
#1791 = DIRECTION ( 'NONE',  ( 0.0000000000000000000, -1.000000000000000000, 0.0000000000000000000 ) ) ;
#1792 = VECTOR ( 'NONE', #4895, 1000.000000000000000 ) ;
#1793 = DIRECTION ( 'NONE',  ( 0.0000000000000000000, 1.000000000000000000, 0.0000000000000000000 ) ) ;
#1795 = LINE ( 'NONE', #1662, #2220 ) ;
#1794 = DIRECTION ( 'NONE',  ( 0.0000000000000000000, 0.0000000000000000000, -1.000000000000000000 ) ) ;
#1796 = LINE ( 'NONE', #5467, #3291 ) ;
#1797 = CARTESIAN_POINT ( 'NONE',  ( 53.70961437461049570, -26.84134531217548414, -32.20961437461036070 ) ) ;
#1798 = CARTESIAN_POINT ( 'NONE',  ( 0.0000000000000000000, -35.00000000000000000, -0.5000000000000004441 ) ) ;
#1799 = EDGE_CURVE ( 'NONE', #1943, #2105, #3363, .T. ) ;
#1800 = CARTESIAN_POINT ( 'NONE',  ( 11.99999999999999645, -1.000000000000000888, -0.4999999999999935052 ) ) ;
#1801 = EDGE_CURVE ( 'NONE', #5404, #4125, #5153, .T. ) ;
#1802 = LINE ( 'NONE', #5750, #1303 ) ;
#1803 = DIRECTION ( 'NONE',  ( -0.7071067811865524577, 0.0000000000000000000, 0.7071067811865425767 ) ) ;
#1804 = LINE ( 'NONE', #81, #2149 ) ;
#1805 = FACE_OUTER_BOUND ( 'NONE', #223, .T. ) ;
#1806 = DIRECTION ( 'NONE',  ( 0.0000000000000000000, 0.0000000000000000000, -1.000000000000000000 ) ) ;
#1807 = CARTESIAN_POINT ( 'NONE',  ( 55.00000000000000000, 9.500000000000000000, -0.4999999999999935052 ) ) ;
#1808 = CARTESIAN_POINT ( 'NONE',  ( 11.99999999999999645, -15.47487725249182589, -0.2967982828073917889 ) ) ;
#1809 = DIRECTION ( 'NONE',  ( -1.000000000000000000, 0.0000000000000000000, 0.0000000000000000000 ) ) ;
#1810 = CALENDAR_DATE ( 2019, 12, 12 ) ;
#1811 = VECTOR ( 'NONE', #5090, 1000.000000000000000 ) ;
#1812 = CARTESIAN_POINT ( 'NONE',  ( 11.99999999999999645, -1.000000000000000888, -10.06838849298648775 ) ) ;
#1813 = ORIENTED_EDGE ( 'NONE', *, *, #2356, .F. ) ;
#1814 = CARTESIAN_POINT ( 'NONE',  ( 42.09462461558574375, 5.000000000000000000, 0.0000000000000000000 ) ) ;
#1815 = FACE_OUTER_BOUND ( 'NONE', #2457, .T. ) ;
#1816 = DIRECTION ( 'NONE',  ( 0.0000000000000000000, 0.0000000000000000000, -1.000000000000000000 ) ) ;
#1817 = ORIENTED_EDGE ( 'NONE', *, *, #1076, .F. ) ;
#1818 = CARTESIAN_POINT ( 'NONE',  ( 12.99999999999999822, 0.0000000000000000000, -21.50000000000000000 ) ) ;
#1819 = LINE ( 'NONE', #5867, #1320 ) ;
#1820 = DIRECTION ( 'NONE',  ( 1.000000000000000000, 0.0000000000000000000, 0.0000000000000000000 ) ) ;
#1821 = PLANE ( 'NONE',  #2415 ) ;
#1822 = CARTESIAN_POINT ( 'NONE',  ( 45.99864923017450735, -44.86187221801532132, -9.881916482718338557 ) ) ;
#1823 = ORIENTED_EDGE ( 'NONE', *, *, #771, .F. ) ;
#1824 = AXIS2_PLACEMENT_3D ( 'NONE', #2172, #1701, #2588 ) ;
#1825 = DIRECTION ( 'NONE',  ( -0.0000000000000000000, 0.0000000000000000000, 1.000000000000000000 ) ) ;
#1826 = EDGE_CURVE ( 'NONE', #4125, #2767, #3645, .T. ) ;
#1827 = ORIENTED_EDGE ( 'NONE', *, *, #4053, .F. ) ;
#1828 = DIRECTION ( 'NONE',  ( 0.0000000000000000000, 0.0000000000000000000, -1.000000000000000000 ) ) ;
#1829 = ORIENTED_EDGE ( 'NONE', *, *, #2160, .F. ) ;
#1830 = EDGE_LOOP ( 'NONE', ( #4933, #1130 ) ) ;
#1831 = ORIENTED_EDGE ( 'NONE', *, *, #664, .F. ) ;
#1832 = EDGE_CURVE ( 'NONE', #5613, #575, #1206, .T. ) ;
#1833 = ORIENTED_EDGE ( 'NONE', *, *, #3730, .F. ) ;
#1834 = ADVANCED_FACE ( 'NONE', ( #866 ), #22, .F. ) ;
#1835 = VERTEX_POINT ( 'NONE', #1154 ) ;
#1836 = DIRECTION ( 'NONE',  ( -0.0000000000000000000, 0.0000000000000000000, -1.000000000000000000 ) ) ;
#1837 = ORIENTED_EDGE ( 'NONE', *, *, #1364, .F. ) ;
#1838 = CARTESIAN_POINT ( 'NONE',  ( 12.29289321881345565, -0.2928932188134472092, -0.7928932188134502068 ) ) ;
#1839 = VERTEX_POINT ( 'NONE', #5232 ) ;
#1840 = DIRECTION ( 'NONE',  ( -0.0000000000000000000, 0.0000000000000000000, 1.000000000000000000 ) ) ;
#1841 = CARTESIAN_POINT ( 'NONE',  ( 45.99891489286564905, -44.86099574405054824, -12.11882614508787626 ) ) ;
#1842 = ORIENTED_EDGE ( 'NONE', *, *, #1289, .F. ) ;
#1843 = CARTESIAN_POINT ( 'NONE',  ( 11.99999999999999645, -1.000000000000000888, -11.93161150701351048 ) ) ;
#1844 = CARTESIAN_POINT ( 'NONE',  ( -1.788933584601082316E-15, -67.00000000000000000, -0.5000000000000056621 ) ) ;
#1845 = CARTESIAN_POINT ( 'NONE',  ( 27.49999999999999645, -46.00000000000000711, -11.00000000000000000 ) ) ;
#1846 = VERTEX_POINT ( 'NONE', #5719 ) ;
#1847 = LINE ( 'NONE', #5061, #5713 ) ;
#1848 = ORIENTED_EDGE ( 'NONE', *, *, #1296, .F. ) ;
#1849 = CARTESIAN_POINT ( 'NONE',  ( 39.10999999999999943, 10.00000000000000000, -7.000000000000000000 ) ) ;
#1850 = ORIENTED_EDGE ( 'NONE', *, *, #4708, .T. ) ;
#1851 = LINE ( 'NONE', #2828, #654 ) ;
#1852 = CARTESIAN_POINT ( 'NONE',  ( 8.877498913987633244, -74.00000000000001421, -12.39999999999999503 ) ) ;
#1853 = CARTESIAN_POINT ( 'NONE',  ( 55.00000000000000711, -67.00000000000000000, -0.4999999999999987232 ) ) ;
#1854 = FACE_OUTER_BOUND ( 'NONE', #4131, .T. ) ;
#1855 = EDGE_CURVE ( 'NONE', #4559, #1542, #1916, .T. ) ;
#1856 = CARTESIAN_POINT ( 'NONE',  ( 39.10846225645850893, 3.550000007927287093, -14.99999999999999822 ) ) ;
#1857 = DIRECTION ( 'NONE',  ( 0.7071067811865425767, 0.0000000000000000000, -0.7071067811865524577 ) ) ;
#1858 = DIRECTION ( 'NONE',  ( -0.0000000000000000000, 0.0000000000000000000, -1.000000000000000000 ) ) ;
#1859 = DIRECTION ( 'NONE',  ( 0.0000000000000000000, 0.0000000000000000000, -1.000000000000000000 ) ) ;
#1860 = VECTOR ( 'NONE', #5685, 1000.000000000000000 ) ;
#1861 = FACE_BOUND ( 'NONE', #1252, .T. ) ;
#1862 = ADVANCED_FACE ( 'NONE', ( #2701, #156 ), #1134, .F. ) ;
#1863 = DIRECTION ( 'NONE',  ( -1.000000000000000000, -0.0000000000000000000, -0.0000000000000000000 ) ) ;
#1864 = EDGE_CURVE ( 'NONE', #4197, #5217, #1633, .T. ) ;
#1865 = LINE ( 'NONE', #5322, #666 ) ;
#1866 = CARTESIAN_POINT ( 'NONE',  ( 49.00000000000000000, -79.00000000000001421, -14.20000000000000284 ) ) ;
#1867 = CIRCLE ( 'NONE', #3064, 1.399999999999998579 ) ;
#1868 = VECTOR ( 'NONE', #1730, 1000.000000000000114 ) ;
#1869 = LINE ( 'NONE', #3800, #1028 ) ;
#1870 = CARTESIAN_POINT ( 'NONE',  ( 28.43073120083226968, 6.603367312356430041, -15.76096043454137963 ) ) ;
#1871 = EDGE_CURVE ( 'NONE', #3998, #3171, #1622, .T. ) ;
#1872 = CARTESIAN_POINT ( 'NONE',  ( 40.48188960396556979, 4.529962104221628927, -14.75758087073786662 ) ) ;
#1873 = EDGE_CURVE ( 'NONE', #2402, #2414, #718, .T. ) ;
#1874 = ORIENTED_EDGE ( 'NONE', *, *, #5791, .T. ) ;
#1875 = VECTOR ( 'NONE', #3974, 1000.000000000000114 ) ;
#1876 = DIRECTION ( 'NONE',  ( 0.0000000000000000000, 0.5299989400031798192, 0.8479983040050881327 ) ) ;
#1877 = DIRECTION ( 'NONE',  ( 0.0000000000000000000, 0.0000000000000000000, 1.000000000000000000 ) ) ;
#1878 = CARTESIAN_POINT ( 'NONE',  ( 27.50000000000000000, 5.000000000000000000, -27.00000000000000355 ) ) ;
#1879 = DIRECTION ( 'NONE',  ( 0.0000000000000000000, 0.5299989400031798192, -0.8479983040050881327 ) ) ;
#1880 = VERTEX_POINT ( 'NONE', #222 ) ;
#1881 = AXIS2_PLACEMENT_3D ( 'NONE', #3226, #2286, #4107 ) ;
#1882 = FACE_OUTER_BOUND ( 'NONE', #1275, .T. ) ;
#1883 = CARTESIAN_POINT ( 'NONE',  ( 15.88999999999999702, 10.00000000000000000, -11.00000000000000000 ) ) ;
#1884 = ORIENTED_EDGE ( 'NONE', *, *, #212, .T. ) ;
#1885 = DIRECTION ( 'NONE',  ( 0.0000000000000000000, -1.000000000000000000, 0.0000000000000000000 ) ) ;
#1886 = CARTESIAN_POINT ( 'NONE',  ( 20.49999999999999645, -35.00000000000000000, -7.127016653792578538 ) ) ;
#1887 = ORIENTED_EDGE ( 'NONE', *, *, #3519, .F. ) ;
#1888 = CARTESIAN_POINT ( 'NONE',  ( 11.99999999999999645, -4.722876179246465966, -4.499999999999998224 ) ) ;
#1889 = ADVANCED_FACE ( 'NONE', ( #2417 ), #3894, .T. ) ;
#1890 = ORIENTED_EDGE ( 'NONE', *, *, #2590, .T. ) ;
#1891 = EDGE_CURVE ( 'NONE', #1584, #1348, #234, .T. ) ;
#1892 = CARTESIAN_POINT ( 'NONE',  ( 45.87474358928477614, -42.77879232802418130, -11.70844876775138488 ) ) ;
#1893 = CARTESIAN_POINT ( 'NONE',  ( -13.00000000000003197, -32.50000000000000711, -21.99999999999998579 ) ) ;
#1894 = ORIENTED_EDGE ( 'NONE', *, *, #1521, .T. ) ;
#1895 = ORIENTED_EDGE ( 'NONE', *, *, #5526, .F. ) ;
#1896 = ORIENTED_EDGE ( 'NONE', *, *, #4362, .F. ) ;
#1897 = PLANE ( 'NONE',  #616 ) ;
#1898 = EDGE_CURVE ( 'NONE', #2827, #1913, #4676, .T. ) ;
#1899 = EDGE_LOOP ( 'NONE', ( #5033, #2974, #2385, #5847 ) ) ;
#1900 = CARTESIAN_POINT ( 'NONE',  ( 39.10999999999999943, 2.000000000000000000, -11.00000000000000000 ) ) ;
#1901 = EDGE_LOOP ( 'NONE', ( #521, #4707, #4557, #5849 ) ) ;
#1902 = ORIENTED_EDGE ( 'NONE', *, *, #1296, .T. ) ;
#1903 = CARTESIAN_POINT ( 'NONE',  ( 26.36915149630926436, 3.530962669445329993, -15.71742187151913761 ) ) ;
#1904 = B_SPLINE_CURVE_WITH_KNOTS ( 'NONE', 3,
 ( #2421, #1579, #252, #4293, #1142, #4726, #5218, #5650, #5175, #192, #169, #3339, #624, #3805, #1071, #2437 ),
 .UNSPECIFIED., .F., .F.,
 ( 4, 2, 2, 2, 2, 2, 2, 4 ),
 ( 0.0000000000000000000, 0.0003650870811033204533, 0.0007301741622066409065, 0.001095261243309961306, 0.001460348324413281813, 0.002190522486619923478, 0.002555609567723248540, 0.002920696648826574034 ),
 .UNSPECIFIED. ) ;
#1905 = ORIENTED_EDGE ( 'NONE', *, *, #4563, .F. ) ;
#1906 = EDGE_CURVE ( 'NONE', #853, #2757, #308, .T. ) ;
#1907 = EDGE_CURVE ( 'NONE', #4197, #3182, #586, .T. ) ;
#1908 = DIRECTION ( 'NONE',  ( 0.0000000000000000000, 1.000000000000000000, 0.0000000000000000000 ) ) ;
#1909 = DIRECTION ( 'NONE',  ( -0.0000000000000000000, 1.000000000000000000, -0.0000000000000000000 ) ) ;
#1910 = ORIENTED_EDGE ( 'NONE', *, *, #5093, .T. ) ;
#1911 = LINE ( 'NONE', #2994, #1705 ) ;
#1912 = CARTESIAN_POINT ( 'NONE',  ( 40.55691705258030311, 4.903403718819618895, -14.72913274675926054 ) ) ;
#1913 = VERTEX_POINT ( 'NONE', #5758 ) ;
#1914 = VERTEX_POINT ( 'NONE', #727 ) ;
#1915 = DIRECTION ( 'NONE',  ( 1.000000000000000000, 0.0000000000000000000, 0.0000000000000000000 ) ) ;
#1916 = LINE ( 'NONE', #2963, #4647 ) ;
#1917 = ADVANCED_FACE ( 'NONE', ( #5868 ), #1425, .F. ) ;
#1918 = CARTESIAN_POINT ( 'NONE',  ( 9.084372119994233330, -42.88844962194267652, -11.85595311304893862 ) ) ;
#1919 = FACE_OUTER_BOUND ( 'NONE', #1522, .T. ) ;
#1920 = AXIS2_PLACEMENT_3D ( 'NONE', #4091, #3131, #1738 ) ;
#1921 = DIRECTION ( 'NONE',  ( 1.000000000000000000, 0.0000000000000000000, 0.0000000000000000000 ) ) ;
#1922 = DIRECTION ( 'NONE',  ( 1.000000000000000000, 0.0000000000000000000, 0.0000000000000000000 ) ) ;
#1924 = LINE ( 'NONE', #1675, #728 ) ;
#1923 = CARTESIAN_POINT ( 'NONE',  ( 12.40256222899966154, -0.1898928609401578094, -9.032093733158015780 ) ) ;
#1925 = LINE ( 'NONE', #1703, #3428 ) ;
#1926 = CARTESIAN_POINT ( 'NONE',  ( 20.49999999999999645, -45.00000000000000711, -7.127016653792578538 ) ) ;
#1927 = CARTESIAN_POINT ( 'NONE',  ( 43.00000000000000000, -1.000000000000000888, -10.06838849298647354 ) ) ;
#1928 = AXIS2_PLACEMENT_3D ( 'NONE', #2159, #3928, #5771 ) ;
#1929 = EDGE_CURVE ( 'NONE', #512, #4579, #1135, .T. ) ;
#1930 = FACE_OUTER_BOUND ( 'NONE', #2675, .T. ) ;
#1931 = LINE ( 'NONE', #3930, #536 ) ;
#1932 = CARTESIAN_POINT ( 'NONE',  ( 16.79614014565180824, 3.840531136763930764, -7.101550691736805199 ) ) ;
#1933 = CARTESIAN_POINT ( 'NONE',  ( 9.195930303965047514, -75.39077006702612493, -10.81475114649769154 ) ) ;
#1934 = VECTOR ( 'NONE', #4456, 1000.000000000000114 ) ;
#1935 = VECTOR ( 'NONE', #3068, 1000.000000000000114 ) ;
#1936 = LINE ( 'NONE', #1040, #181 ) ;
#1937 = CARTESIAN_POINT ( 'NONE',  ( 8.958906084703649242, -43.29086956515789808, -12.22100875885207039 ) ) ;
#1938 = EDGE_CURVE ( 'NONE', #674, #3628, #3134, .T. ) ;
#1939 = CIRCLE ( 'NONE', #2887, 1.399999999999998579 ) ;
#1940 = CARTESIAN_POINT ( 'NONE',  ( 14.48148102785298796, 5.381743100264125168, -14.74459864464983738 ) ) ;
#1941 = LINE ( 'NONE', #3095, #47 ) ;
#1942 = B_SPLINE_CURVE_WITH_KNOTS ( 'NONE', 3,
 ( #43, #5042, #556, #3208, #1395 ),
 .UNSPECIFIED., .F., .F.,
 ( 4, 1, 4 ),
 ( 0.006851692949300311475, 0.006856292123553981224, 0.006860891297807650974 ),
 .UNSPECIFIED. ) ;
#1943 = VERTEX_POINT ( 'NONE', #2580 ) ;
#1944 = CARTESIAN_POINT ( 'NONE',  ( 12.50179458576018376, -0.1241613392375897212, -8.864680544579503163 ) ) ;
#1945 = ADVANCED_FACE ( 'NONE', ( #4942 ), #5303, .F. ) ;
#1946 = CARTESIAN_POINT ( 'NONE',  ( 17.16947609234424732, 5.735370778224477384, -14.79065129385847399 ) ) ;
#1947 = VECTOR ( 'NONE', #4046, 1000.000000000000000 ) ;
#1948 = DIRECTION ( 'NONE',  ( 1.000000000000000000, -0.0000000000000000000, -0.0000000000000000000 ) ) ;
#1949 = ORIENTED_EDGE ( 'NONE', *, *, #3463, .T. ) ;
#1950 = DIRECTION ( 'NONE',  ( -0.0000000000000000000, 1.000000000000000000, 0.0000000000000000000 ) ) ;
#1951 = LINE ( 'NONE', #2751, #421 ) ;
#1952 = CARTESIAN_POINT ( 'NONE',  ( 8.958447991827306112, -74.70685387807873212, -12.22206571762648508 ) ) ;
#1953 = CARTESIAN_POINT ( 'NONE',  ( 37.93817487609543093, 4.105232946469403288, -7.172998919638310156 ) ) ;
#1954 = AXIS2_PLACEMENT_3D ( 'NONE', #5620, #162, #4698 ) ;
#1955 = CARTESIAN_POINT ( 'NONE',  ( 49.00000000000000000, -14.00000000000001066, -14.10000000000000142 ) ) ;
#1956 = ORIENTED_EDGE ( 'NONE', *, *, #4319, .T. ) ;
#1957 = CARTESIAN_POINT ( 'NONE',  ( 39.09462461558574375, 5.000000000000000000, -2.750000000000000000 ) ) ;
#1958 = ORIENTED_EDGE ( 'NONE', *, *, #5283, .F. ) ;
#1959 = ORIENTED_EDGE ( 'NONE', *, *, #1035, .T. ) ;
#1960 = DIRECTION ( 'NONE',  ( 0.5773502691896285066, 0.5773502691896285066, 0.5773502691896204020 ) ) ;
#1961 = ORIENTED_EDGE ( 'NONE', *, *, #2890, .F. ) ;
#1962 = EDGE_CURVE ( 'NONE', #1532, #482, #1353, .T. ) ;
#1963 = ORIENTED_EDGE ( 'NONE', *, *, #517, .T. ) ;
#1964 = DIRECTION ( 'NONE',  ( -1.000000000000000000, 0.0000000000000000000, 0.0000000000000000000 ) ) ;
#1965 = VERTEX_POINT ( 'NONE', #5355 ) ;
#1966 = VERTEX_POINT ( 'NONE', #3961 ) ;
#1967 = CARTESIAN_POINT ( 'NONE',  ( 39.10999999999965127, 6.449996722563535734, -6.999999999998776090 ) ) ;
#1968 = ORIENTED_EDGE ( 'NONE', *, *, #4666, .F. ) ;
#1969 = DIRECTION ( 'NONE',  ( 0.7071067811865425767, 0.0000000000000000000, 0.7071067811865524577 ) ) ;
#1970 = CARTESIAN_POINT ( 'NONE',  ( 37.64459493373816912, 5.095501537223180222, -7.278093500261388904 ) ) ;
#1971 = EDGE_CURVE ( 'NONE', #1000, #5846, #2978, .T. ) ;
#1972 = ADVANCED_FACE ( 'NONE', ( #4515, #4085 ), #3466, .F. ) ;
#1973 = ORIENTED_EDGE ( 'NONE', *, *, #3426, .F. ) ;
#1974 = CARTESIAN_POINT ( 'NONE',  ( 42.92000186398648509, -0.6032206159318520555, -9.778819877172642450 ) ) ;
#1975 = ORIENTED_EDGE ( 'NONE', *, *, #1749, .F. ) ;
#1976 = ORIENTED_EDGE ( 'NONE', *, *, #896, .F. ) ;
#1977 = CARTESIAN_POINT ( 'NONE',  ( 29.35000000000000142, 5.000000000000000000, -6.516697645708024567 ) ) ;
#1978 = B_SPLINE_CURVE_WITH_KNOTS ( 'NONE', 3,
 ( #3311, #1856, #1404, #4662, #3698 ),
 .UNSPECIFIED., .F., .F.,
 ( 4, 1, 4 ),
 ( 0.002283717969437809754, 0.002288318399432954283, 0.002292918829428098812 ),
 .UNSPECIFIED. ) ;
#1979 = EDGE_CURVE ( 'NONE', #636, #4772, #1713, .T. ) ;
#1980 = LINE ( 'NONE', #4147, #998 ) ;
#1981 = EDGE_CURVE ( 'NONE', #4073, #1559, #3781, .T. ) ;
#1982 = EDGE_LOOP ( 'NONE', ( #975, #3907, #1413, #5210, #3448, #357 ) ) ;
#1983 = CARTESIAN_POINT ( 'NONE',  ( 2.816906789884781492, -75.36243319523981654, -10.62946975331709965 ) ) ;
#1984 = DIRECTION ( 'NONE',  ( -0.6583521792383959514, 0.3648901426239435919, 0.6583521792383869586 ) ) ;
#1985 = ORIENTED_EDGE ( 'NONE', *, *, #2203, .T. ) ;
#1986 = VECTOR ( 'NONE', #914, 1000.000000000000000 ) ;
#1987 = DIRECTION ( 'NONE',  ( 1.000000000000000000, -0.0000000000000000000, -0.0000000000000000000 ) ) ;
#1988 = DIRECTION ( 'NONE',  ( 1.000000000000000000, 0.0000000000000000000, 0.0000000000000000000 ) ) ;
#1989 = LINE ( 'NONE', #5356, #1569 ) ;
#1990 = CARTESIAN_POINT ( 'NONE',  ( 26.57040560153791731, 6.603971256723372818, -15.76117047706410190 ) ) ;
#1991 = DIRECTION ( 'NONE',  ( 0.0000000000000000000, -1.000000000000000000, 0.0000000000000000000 ) ) ;
#1992 = FACE_OUTER_BOUND ( 'NONE', #4763, .T. ) ;
#1993 = LINE ( 'NONE', #4909, #245 ) ;
#1994 = DIRECTION ( 'NONE',  ( 0.0000000000000000000, 1.000000000000000000, 0.0000000000000000000 ) ) ;
#1995 = ADVANCED_FACE ( 'NONE', ( #1287 ), #2062, .F. ) ;
#1996 = LINE ( 'NONE', #5223, #4309 ) ;
#1997 = CARTESIAN_POINT ( 'NONE',  ( 51.89944624602739509, -73.63266921555428723, -9.645887456715433572 ) ) ;
#1998 = LINE ( 'NONE', #1078, #5318 ) ;
#1999 = CARTESIAN_POINT ( 'NONE',  ( 9.199977207314555372, -45.39994790242671030, -10.90646698819375970 ) ) ;
#2000 = ORIENTED_EDGE ( 'NONE', *, *, #2854, .F. ) ;
#2001 = EDGE_CURVE ( 'NONE', #5814, #3060, #2490, .T. ) ;
#2002 = PERSON_AND_ORGANIZATION ( #1148, #4178 ) ;
#2004 = FACE_OUTER_BOUND ( 'NONE', #5135, .T. ) ;
#2003 = PLANE ( 'NONE',  #3350 ) ;
#2005 = DIRECTION ( 'NONE',  ( 1.000000000000000000, -0.0000000000000000000, -0.0000000000000000000 ) ) ;
#2006 = ORIENTED_EDGE ( 'NONE', *, *, #5487, .F. ) ;
#2007 = LINE ( 'NONE', #1586, #963 ) ;
#2008 = CARTESIAN_POINT ( 'NONE',  ( 26.67622192538019377, 6.660944904727651661, -15.78088079204668226 ) ) ;
#2009 = EDGE_CURVE ( 'NONE', #933, #5542, #2987, .T. ) ;
#2010 = ORIENTED_EDGE ( 'NONE', *, *, #1337, .T. ) ;
#2011 = DIRECTION ( 'NONE',  ( -0.0000000000000000000, 1.000000000000000000, 0.0000000000000000000 ) ) ;
#2012 = DIRECTION ( 'NONE',  ( 0.0000000000000000000, 1.000000000000000000, 0.0000000000000000000 ) ) ;
#2013 = B_SPLINE_CURVE_WITH_KNOTS ( 'NONE', 3,
 ( #4950, #3136, #1304, #3601, #1322, #2192, #3097, #455, #3622, #5419, #1765, #4534, #5385, #4516, #1783, #4993, #396, #5461, #2691, #1267, #2650, #2633, #898, #3560, #836, #4095 ),
 .UNSPECIFIED., .F., .F.,
 ( 4, 2, 2, 2, 2, 2, 2, 2, 2, 2, 2, 2, 4 ),
 ( 1.398578778534940505E-17, 0.0002770959613349059289, 0.0005541919226697978717, 0.001108383845339545870, 0.001662575768009294085, 0.001939671729344177734, 0.002216767690679061382, 0.002493863652013945248, 0.002770959613348828246, 0.003048055574683712111, 0.003325151536018595543, 0.003879343458688371080, 0.004433535381358146184 ),
 .UNSPECIFIED. ) ;
#2014 = LINE ( 'NONE', #5883, #4825 ) ;
#2015 = CARTESIAN_POINT ( 'NONE',  ( 39.30083936506736109, 3.550409035410795777, -6.999999999999981348 ) ) ;
#2016 = VERTEX_POINT ( 'NONE', #2145 ) ;
#2017 = CARTESIAN_POINT ( 'NONE',  ( 37.64462461558574091, 5.000000000000000000, -14.72191818592950341 ) ) ;
#2018 = CARTESIAN_POINT ( 'NONE',  ( 12.00000000000000355, -44.00000000000001421, -10.99999999999999645 ) ) ;
#2019 = ORIENTED_EDGE ( 'NONE', *, *, #3752, .T. ) ;
#2020 = ORIENTED_EDGE ( 'NONE', *, *, #4666, .T. ) ;
#2021 = CARTESIAN_POINT ( 'NONE',  ( 49.00000000000000000, -14.00000000000000000, -11.00000000000000000 ) ) ;
#2022 = CARTESIAN_POINT ( 'NONE',  ( 37.83857094992647063, 5.730580528299742404, -14.79295771477787547 ) ) ;
#2023 = CARTESIAN_POINT ( 'NONE',  ( 11.49999999999999645, 10.00000000000000000, 0.0000000000000000000 ) ) ;
#2024 = ADVANCED_FACE ( 'NONE', ( #91 ), #5578, .F. ) ;
#2025 = VERTEX_POINT ( 'NONE', #1335 ) ;
#2026 = AXIS2_PLACEMENT_3D ( 'NONE', #5235, #1969, #247 ) ;
#2027 = CARTESIAN_POINT ( 'NONE',  ( 15.88999999999999702, 2.000000000000000000, -11.00000000000000000 ) ) ;
#2028 = ORIENTED_EDGE ( 'NONE', *, *, #5791, .F. ) ;
#2029 = DIRECTION ( 'NONE',  ( 0.7071067811865474617, -0.0000000000000000000, 0.7071067811865474617 ) ) ;
#2030 = ORIENTED_EDGE ( 'NONE', *, *, #5417, .T. ) ;
#2031 = CARTESIAN_POINT ( 'NONE',  ( 0.5000000000000004441, 9.500000000000000000, -22.00000000000000000 ) ) ;
#2032 = DIRECTION ( 'NONE',  ( 0.0000000000000000000, -0.5299989400031798192, -0.8479983040050881327 ) ) ;
#2033 = ORIENTED_EDGE ( 'NONE', *, *, #5341, .F. ) ;
#2034 = ORIENTED_EDGE ( 'NONE', *, *, #3892, .F. ) ;
#2035 = DIRECTION ( 'NONE',  ( 0.0000000000000000000, 0.0000000000000000000, 1.000000000000000000 ) ) ;
#2036 = DIRECTION ( 'NONE',  ( -0.0000000000000000000, -1.000000000000000000, -0.0000000000000000000 ) ) ;
#2037 = ORIENTED_EDGE ( 'NONE', *, *, #4397, .F. ) ;
#2038 = EDGE_CURVE ( 'NONE', #1602, #1260, #5233, .T. ) ;
#2039 = DIRECTION ( 'NONE',  ( 0.0000000000000000000, -1.000000000000000000, 0.0000000000000000000 ) ) ;
#2040 = ORIENTED_EDGE ( 'NONE', *, *, #2901, .F. ) ;
#2041 = ORIENTED_EDGE ( 'NONE', *, *, #5487, .T. ) ;
#2042 = CARTESIAN_POINT ( 'NONE',  ( 51.87749891398765101, -44.09380448277014608, -12.39999999999999503 ) ) ;
#2043 = LINE ( 'NONE', #3301, #5514 ) ;
#2044 = DIRECTION ( 'NONE',  ( -0.5773502691896285066, 0.5773502691896285066, 0.5773502691896204020 ) ) ;
#2045 = CARTESIAN_POINT ( 'NONE',  ( 43.00000000000000000, -44.00000000000001421, -12.39999999999999503 ) ) ;
#2046 = EDGE_CURVE ( 'NONE', #4500, #1748, #385, .T. ) ;
#2047 = VERTEX_POINT ( 'NONE', #885 ) ;
#2048 = EDGE_LOOP ( 'NONE', ( #4619, #3765, #4052, #5071 ) ) ;
#2049 = CARTESIAN_POINT ( 'NONE',  ( 0.0000000000000000000, 9.500000000000000000, 0.0000000000000000000 ) ) ;
#2050 = DIRECTION ( 'NONE',  ( 0.0000000000000000000, 1.000000000000000000, 0.0000000000000000000 ) ) ;
#2051 = VECTOR ( 'NONE', #4023, 1000.000000000000000 ) ;
#2052 = PLANE ( 'NONE',  #420 ) ;
#2053 = DIRECTION ( 'NONE',  ( 0.0000000000000000000, -1.000000000000000000, 0.0000000000000000000 ) ) ;
#2054 = DIRECTION ( 'NONE',  ( 0.0000000000000000000, 0.0000000000000000000, 1.000000000000000000 ) ) ;
#2055 = AXIS2_PLACEMENT_3D ( 'NONE', #5115, #2355, #2813 ) ;
#2056 = DIRECTION ( 'NONE',  ( 0.0000000000000000000, 0.0000000000000000000, -1.000000000000000000 ) ) ;
#2057 = CARTESIAN_POINT ( 'NONE',  ( 28.89377138229054154, 3.777582069837008394, -6.353747785142421556 ) ) ;
#2058 = CARTESIAN_POINT ( 'NONE',  ( 12.00419839837273273, -0.8982303593953726573, -10.05065650357313523 ) ) ;
#2059 = VECTOR ( 'NONE', #1249, 999.9999999999998863 ) ;
#2060 = ADVANCED_FACE ( 'NONE', ( #5083 ), #5720, .F. ) ;
#2061 = DIRECTION ( 'NONE',  ( -0.0000000000000000000, 1.000000000000000000, -0.0000000000000000000 ) ) ;
#2062 = PLANE ( 'NONE',  #868 ) ;
#2063 = VECTOR ( 'NONE', #5742, 1000.000000000000114 ) ;
#2064 = LINE ( 'NONE', #4429, #395 ) ;
#2065 = AXIS2_PLACEMENT_3D ( 'NONE', #2919, #1152, #5717 ) ;
#2066 = CARTESIAN_POINT ( 'NONE',  ( 52.00106950848365273, -44.86084347742073675, -9.881254335862600158 ) ) ;
#2067 = CARTESIAN_POINT ( 'NONE',  ( 42.98283597687445479, -0.8102334799985313474, -12.00092390202450510 ) ) ;
#2068 = CARTESIAN_POINT ( 'NONE',  ( 43.00000000000000000, -4.722876179246466855, -4.499999999999998224 ) ) ;
#2069 = VECTOR ( 'NONE', #1452, 1000.000000000000000 ) ;
#2070 = LINE ( 'NONE', #5392, #5532 ) ;
#2071 = CARTESIAN_POINT ( 'NONE',  ( 55.00000000000000000, -74.00000000000001421, -10.99999999999999645 ) ) ;
#2072 = LINE ( 'NONE', #1808, #4675 ) ;
#2073 = DIRECTION ( 'NONE',  ( 1.000000000000000000, 0.0000000000000000000, 0.0000000000000000000 ) ) ;
#2074 = DIRECTION ( 'NONE',  ( 0.0000000000000000000, 1.000000000000000000, 0.0000000000000000000 ) ) ;
#2075 = EDGE_CURVE ( 'NONE', #1107, #113, #3569, .T. ) ;
#2076 = LINE ( 'NONE', #1169, #5323 ) ;
#2077 = VECTOR ( 'NONE', #1908, 1000.000000000000000 ) ;
#2078 = VERTEX_POINT ( 'NONE', #849 ) ;
#2079 = CARTESIAN_POINT ( 'NONE',  ( 8.899446246027400420, -73.63266921555428723, -12.35411254328455755 ) ) ;
#2080 = CARTESIAN_POINT ( 'NONE',  ( 0.4999999999999935052, 10.00000000000000000, -0.4999999999999935052 ) ) ;
#2081 = CARTESIAN_POINT ( 'NONE',  ( 6.000000000000000000, -79.00000000000001421, -14.19999999999999929 ) ) ;
#2082 = CARTESIAN_POINT ( 'NONE',  ( 52.08437211999424221, -72.88844962194266941, -10.14404688695104184 ) ) ;
#2083 = PERSON_AND_ORGANIZATION ( #1148, #4178 ) ;
#2084 = FACE_BOUND ( 'NONE', #4931, .T. ) ;
#2085 = ORIENTED_EDGE ( 'NONE', *, *, #5302, .F. ) ;
#2086 = EDGE_CURVE ( 'NONE', #5649, #4920, #3274, .T. ) ;
#2087 = CARTESIAN_POINT ( 'NONE',  ( 40.55691705258031021, 5.000000000000000000, -2.749999999999999112 ) ) ;
#2088 = LINE ( 'NONE', #1760, #4392 ) ;
#2089 = CARTESIAN_POINT ( 'NONE',  ( 42.49820541423981268, -0.1241613392375874453, -13.13531945542050572 ) ) ;
#2090 = CARTESIAN_POINT ( 'NONE',  ( 49.00000000000000000, -18.50000000000000000, -11.00000000000000000 ) ) ;
#2091 = ADVANCED_FACE ( 'NONE', ( #1781 ), #4982, .F. ) ;
#2092 = VERTEX_POINT ( 'NONE', #2226 ) ;
#2093 = FACE_BOUND ( 'NONE', #1592, .T. ) ;
#2094 = EDGE_CURVE ( 'NONE', #543, #3998, #3748, .T. ) ;
#2095 = PLANE ( 'NONE',  #4936 ) ;
#2096 = ORIENTED_EDGE ( 'NONE', *, *, #3324, .T. ) ;
#2097 = CARTESIAN_POINT ( 'NONE',  ( 28.72414594947464650, 3.607746087647482280, -6.306203561662919732 ) ) ;
#2098 = PERSON_AND_ORGANIZATION_ROLE ( 'creator' ) ;
#2099 = ORIENTED_EDGE ( 'NONE', *, *, #2395, .T. ) ;
#2100 = CARTESIAN_POINT ( 'NONE',  ( 17.35537538441492345, 4.999999999998893330, -7.278081814070639588 ) ) ;
#2101 = CARTESIAN_POINT ( 'NONE',  ( 0.0000000000000000000, 10.00000000000000000, -21.49999999999998579 ) ) ;
#2102 = ORIENTED_EDGE ( 'NONE', *, *, #2590, .F. ) ;
#2103 = AXIS2_PLACEMENT_3D ( 'NONE', #3619, #1381, #3659 ) ;
#2104 = CARTESIAN_POINT ( 'NONE',  ( 40.40927501432177138, 5.644514660278791673, -14.78330327866748028 ) ) ;
#2105 = VERTEX_POINT ( 'NONE', #447 ) ;
#2106 = ORIENTED_EDGE ( 'NONE', *, *, #3055, .F. ) ;
#2107 = CARTESIAN_POINT ( 'NONE',  ( 26.90046943174293048, 3.245640129540563024, -6.185866880362311804 ) ) ;
#2108 = VERTEX_POINT ( 'NONE', #3612 ) ;
#2109 = DIRECTION ( 'NONE',  ( -0.0000000000000000000, -0.0000000000000000000, 1.000000000000000000 ) ) ;
#2110 = VERTEX_POINT ( 'NONE', #907 ) ;
#2111 = ORIENTED_EDGE ( 'NONE', *, *, #4600, .F. ) ;
#2112 = DIRECTION ( 'NONE',  ( 0.7071067811865524577, -0.7071067811865425767, 0.0000000000000000000 ) ) ;
#2113 = VERTEX_POINT ( 'NONE', #5004 ) ;
#2114 = DIRECTION ( 'NONE',  ( 1.000000000000000000, -1.794541526872559254E-15, 0.0000000000000000000 ) ) ;
#2115 = ORIENTED_EDGE ( 'NONE', *, *, #1873, .F. ) ;
#2116 = PLANE ( 'NONE',  #2541 ) ;
#2117 = VERTEX_POINT ( 'NONE', #2166 ) ;
#2118 = CARTESIAN_POINT ( 'NONE',  ( 46.10363328911314085, -74.36986234198808177, -12.36274466660499982 ) ) ;
#2119 = ADVANCED_FACE ( 'NONE', ( #4360 ), #3636, .T. ) ;
#2120 = EDGE_CURVE ( 'NONE', #1532, #5838, #4894, .T. ) ;
#2121 = PLANE ( 'NONE',  #3161 ) ;
#2122 = CARTESIAN_POINT ( 'NONE',  ( 52.12220429651409148, -72.78741506117729898, -11.70559994518241709 ) ) ;
#2123 = VERTEX_POINT ( 'NONE', #2248 ) ;
#2124 = CARTESIAN_POINT ( 'NONE',  ( 15.89769142625720910, 3.550006508080620460, -7.000007099179055281 ) ) ;
#2125 = CARTESIAN_POINT ( 'NONE',  ( 41.99999999999999289, 0.0000000000000000000, -0.5000000000000004441 ) ) ;
#2126 = LINE ( 'NONE', #60, #646 ) ;
#2127 = ORIENTED_EDGE ( 'NONE', *, *, #2849, .F. ) ;
#2128 = CARTESIAN_POINT ( 'NONE',  ( 52.12219104695137162, -45.21255153880436950, -10.29433931562248716 ) ) ;
#2129 = ORIENTED_EDGE ( 'NONE', *, *, #4024, .T. ) ;
#2130 = CARTESIAN_POINT ( 'NONE',  ( 3.041093915296348538, -44.70913043484212324, -12.22100875885207394 ) ) ;
#2131 = DIRECTION ( 'NONE',  ( 0.0000000000000000000, 0.0000000000000000000, -1.000000000000000000 ) ) ;
#2132 = EDGE_CURVE ( 'NONE', #5284, #4559, #2632, .T. ) ;
#2133 = FACE_OUTER_BOUND ( 'NONE', #5219, .T. ) ;
#2134 = DIRECTION ( 'NONE',  ( 0.0000000000000000000, 0.0000000000000000000, -1.000000000000000000 ) ) ;
#2135 = CARTESIAN_POINT ( 'NONE',  ( 33.73350541896439125, -39.97898524642866391, -5.982613431544320903 ) ) ;
#2136 = CARTESIAN_POINT ( 'NONE',  ( 0.0000000000000000000, -79.00000000000001421, -21.49999999999998579 ) ) ;
#2137 = VECTOR ( 'NONE', #2905, 1000.000000000000114 ) ;
#2138 = CARTESIAN_POINT ( 'NONE',  ( 42.70710678118653902, -0.2928932188134472092, -21.20710678118654968 ) ) ;
#2139 = DIRECTION ( 'NONE',  ( -0.0000000000000000000, 1.000000000000000000, -0.0000000000000000000 ) ) ;
#2140 = AXIS2_PLACEMENT_3D ( 'NONE', #3594, #4109, #5005 ) ;
#2141 = CARTESIAN_POINT ( 'NONE',  ( 0.0000000000000000000, -30.27712382075353403, -4.500000000000004441 ) ) ;
#2142 = LINE ( 'NONE', #3452, #2213 ) ;
#2143 = DIRECTION ( 'NONE',  ( -1.000000000000000000, 0.0000000000000000000, 0.0000000000000000000 ) ) ;
#2144 = FACE_BOUND ( 'NONE', #2628, .T. ) ;
#2145 = CARTESIAN_POINT ( 'NONE',  ( 12.90537538441424914, 5.000000000000000000, -2.750000000000000000 ) ) ;
#2146 = CARTESIAN_POINT ( 'NONE',  ( 0.4999999999999932832, -2.499999999999999556, -21.99999999999998579 ) ) ;
#2147 = AXIS2_PLACEMENT_3D ( 'NONE', #4028, #4928, #3151 ) ;
#2149 = VECTOR ( 'NONE', #829, 999.9999999999998863 ) ;
#2148 = CARTESIAN_POINT ( 'NONE',  ( 15.89308294741969085, 5.000000000000000000, -18.00000000000000000 ) ) ;
#2150 = CIRCLE ( 'NONE', #4118, 1.449999999999999956 ) ;
#2151 = CARTESIAN_POINT ( 'NONE',  ( 0.0000000000000000000, 10.00000000000000000, -22.00000000000000000 ) ) ;
#2152 = DIRECTION ( 'NONE',  ( 0.0000000000000000000, 0.0000000000000000000, 1.000000000000000000 ) ) ;
#2153 = VERTEX_POINT ( 'NONE', #1866 ) ;
#2154 = ADVANCED_FACE ( 'NONE', ( #3925 ), #4582, .F. ) ;
#2155 = COORDINATED_UNIVERSAL_TIME_OFFSET ( 0, 0, .AHEAD. ) ;
#2156 = FACE_OUTER_BOUND ( 'NONE', #3207, .T. ) ;
#2157 = ORIENTED_EDGE ( 'NONE', *, *, #4024, .F. ) ;
#2158 = CARTESIAN_POINT ( 'NONE',  ( 42.26876110206468695, -6.834350458291861168E-16, -21.49999999999999645 ) ) ;
#2159 = CARTESIAN_POINT ( 'NONE',  ( 15.88999999999999702, 0.0000000000000000000, -11.00000000000000000 ) ) ;
#2160 = EDGE_CURVE ( 'NONE', #1183, #2837, #4932, .T. ) ;
#2161 = LINE ( 'NONE', #3190, #3814 ) ;
#2162 = PLANE ( 'NONE',  #858 ) ;
#2163 = DIRECTION ( 'NONE',  ( 0.0000000000000000000, 1.000000000000000000, 0.0000000000000000000 ) ) ;
#2164 = ORIENTED_EDGE ( 'NONE', *, *, #3977, .T. ) ;
#2165 = CARTESIAN_POINT ( 'NONE',  ( 55.00000000000000000, -79.00000000000001421, -21.99999999999999289 ) ) ;
#2166 = CARTESIAN_POINT ( 'NONE',  ( 15.88999999999999702, 0.0000000000000000000, -7.000000000000003553 ) ) ;
#2167 = LINE ( 'NONE', #5908, #967 ) ;
#2168 = CARTESIAN_POINT ( 'NONE',  ( 43.50000000000000000, 10.00000000000000000, -22.00000000000000000 ) ) ;
#2169 = EDGE_CURVE ( 'NONE', #4505, #440, #935, .T. ) ;
#2170 = EDGE_LOOP ( 'NONE', ( #1618, #1187, #4070, #2532 ) ) ;
#2171 = DIRECTION ( 'NONE',  ( 0.0000000000000000000, 1.000000000000000000, 0.0000000000000000000 ) ) ;
#2172 = CARTESIAN_POINT ( 'NONE',  ( 6.000000000000000000, -14.00000000000001066, -11.00000000000000000 ) ) ;
#2173 = ORIENTED_EDGE ( 'NONE', *, *, #4658, .T. ) ;
#2174 = VERTEX_POINT ( 'NONE', #5555 ) ;
#2175 = EDGE_CURVE ( 'NONE', #710, #1759, #3204, .T. ) ;
#2176 = DIRECTION ( 'NONE',  ( 0.0000000000000000000, 0.0000000000000000000, -1.000000000000000000 ) ) ;
#2177 = EDGE_CURVE ( 'NONE', #5504, #5630, #5575, .T. ) ;
#2178 = CARTESIAN_POINT ( 'NONE',  ( 15.88999999999977852, 6.449996722562282514, -15.00000000000076739 ) ) ;
#2179 = ORIENTED_EDGE ( 'NONE', *, *, #1289, .T. ) ;
#2180 = CARTESIAN_POINT ( 'NONE',  ( 16.63444993949213924, 3.732339869255623999, -14.93410608592963662 ) ) ;
#2181 = ORIENTED_EDGE ( 'NONE', *, *, #1855, .T. ) ;
#2182 = CARTESIAN_POINT ( 'NONE',  ( 54.50000000000001421, -79.00000000000001421, -22.00000000000000000 ) ) ;
#2183 = EDGE_LOOP ( 'NONE', ( #3258, #1702, #1827, #5852 ) ) ;
#2184 = ORIENTED_EDGE ( 'NONE', *, *, #4261, .T. ) ;
#2185 = AXIS2_PLACEMENT_3D ( 'NONE', #307, #3028, #2545 ) ;
#2186 = ORIENTED_EDGE ( 'NONE', *, *, #2810, .T. ) ;
#2187 = ORIENTED_EDGE ( 'NONE', *, *, #159, .T. ) ;
#2188 = VERTEX_POINT ( 'NONE', #3260 ) ;
#2189 = CARTESIAN_POINT ( 'NONE',  ( 39.10999999999999943, 0.0000000000000000000, -11.00000000000000000 ) ) ;
#2190 = ORIENTED_EDGE ( 'NONE', *, *, #204, .T. ) ;
#2191 = ORIENTED_EDGE ( 'NONE', *, *, #962, .T. ) ;
#2192 = CARTESIAN_POINT ( 'NONE',  ( 46.04109643703650789, -73.29102183750249822, -12.22100195828159386 ) ) ;
#2193 = EDGE_CURVE ( 'NONE', #4348, #4772, #1980, .T. ) ;
#2194 = LINE ( 'NONE', #3405, #4509 ) ;
#2195 = ORIENTED_EDGE ( 'NONE', *, *, #2465, .T. ) ;
#2196 = CARTESIAN_POINT ( 'NONE',  ( 2.819770434999450792, -42.64569908896244499, -10.63335635908634735 ) ) ;
#2197 = DIRECTION ( 'NONE',  ( 0.0000000000000000000, 0.0000000000000000000, -1.000000000000000000 ) ) ;
#2198 = ORIENTED_EDGE ( 'NONE', *, *, #4328, .T. ) ;
#2199 = CARTESIAN_POINT ( 'NONE',  ( 11.99999999999999645, -1.000000000000000888, -11.93161150701351048 ) ) ;
#2200 = MECHANICAL_CONTEXT ( 'NONE', #2678, 'mechanical' ) ;
#2201 = VECTOR ( 'NONE', #3487, 1000.000000000000000 ) ;
#2202 = AXIS2_PLACEMENT_3D ( 'NONE', #3172, #2707, #5084 ) ;
#2203 = EDGE_CURVE ( 'NONE', #3674, #1000, #1942, .T. ) ;
#2204 = CARTESIAN_POINT ( 'NONE',  ( 0.0000000000000000000, 9.500000000000000000, -0.4999999999999935052 ) ) ;
#2205 = DIRECTION ( 'NONE',  ( 0.0000000000000000000, -1.000000000000000000, 0.0000000000000000000 ) ) ;
#2206 = CARTESIAN_POINT ( 'NONE',  ( 40.54462461558574660, 5.000000000000000000, -18.00000000000000000 ) ) ;
#2207 = VECTOR ( 'NONE', #3218, 1000.000000000000000 ) ;
#2208 = DIRECTION ( 'NONE',  ( -0.0000000000000000000, 1.000000000000000000, -0.0000000000000000000 ) ) ;
#2209 = DIRECTION ( 'NONE',  ( 0.0000000000000000000, -0.5299989400031797082, -0.8479983040050880216 ) ) ;
#2210 = CARTESIAN_POINT ( 'NONE',  ( 27.49999999999999645, -46.00000000000000711, -11.00000000000000000 ) ) ;
#2211 = EDGE_CURVE ( 'NONE', #2123, #4687, #1847, .T. ) ;
#2212 = EDGE_CURVE ( 'NONE', #575, #2669, #1066, .T. ) ;
#2213 = VECTOR ( 'NONE', #5703, 1000.000000000000000 ) ;
#2214 = LINE ( 'NONE', #1570, #2137 ) ;
#2215 = DIRECTION ( 'NONE',  ( 1.000000000000000000, -0.0000000000000000000, -0.0000000000000000000 ) ) ;
#2216 = CARTESIAN_POINT ( 'NONE',  ( 0.4999999999999935052, -2.500000000000002220, -5.204748896376250896E-15 ) ) ;
#2217 = DIRECTION ( 'NONE',  ( 0.0000000000000000000, 0.0000000000000000000, -1.000000000000000000 ) ) ;
#2218 = CARTESIAN_POINT ( 'NONE',  ( 51.87749891398763680, -74.00000000000001421, -9.599999999999997868 ) ) ;
#2219 = CARTESIAN_POINT ( 'NONE',  ( 0.5000000000000143219, 10.00000000000000000, -22.00000000000000000 ) ) ;
#2220 = VECTOR ( 'NONE', #3457, 1000.000000000000000 ) ;
#2221 = LINE ( 'NONE', #3829, #1727 ) ;
#2222 = AXIS2_PLACEMENT_3D ( 'NONE', #2458, #1163, #1106 ) ;
#2223 = CARTESIAN_POINT ( 'NONE',  ( 8.882092818569612191, -43.81398283291683526, -12.39066541577492231 ) ) ;
#2224 = CYLINDRICAL_SURFACE ( 'NONE', #4805, 3.100000000000000533 ) ;
#2225 = CIRCLE ( 'NONE', #3769, 8.000000000000003553 ) ;
#2226 = CARTESIAN_POINT ( 'NONE',  ( 55.00000000000000000, -79.00000000000001421, -21.50000000000001066 ) ) ;
#2227 = FACE_BOUND ( 'NONE', #5697, .T. ) ;
#2228 = DIRECTION ( 'NONE',  ( 0.7071067811865425767, 0.0000000000000000000, -0.7071067811865524577 ) ) ;
#2229 = EDGE_LOOP ( 'NONE', ( #5270, #2885, #5632, #1196 ) ) ;
#2230 = AXIS2_PLACEMENT_3D ( 'NONE', #1398, #1361, #934 ) ;
#2231 = DATE_AND_TIME ( #5037, #4030 ) ;
#2232 = LINE ( 'NONE', #1350, #5887 ) ;
#2233 = CARTESIAN_POINT ( 'NONE',  ( 15.89308294741969085, 5.000000000000000000, -18.00000000000000000 ) ) ;
#2234 = CARTESIAN_POINT ( 'NONE',  ( 29.35000000000000142, 5.000000000000000000, -22.00000000000000000 ) ) ;
#2235 = VERTEX_POINT ( 'NONE', #1849 ) ;
#2236 = CARTESIAN_POINT ( 'NONE',  ( 46.12250108601237031, -44.00000000000001421, -9.599999999999997868 ) ) ;
#2237 = LINE ( 'NONE', #2645, #269 ) ;
#2238 = CARTESIAN_POINT ( 'NONE',  ( 40.55691705258031021, 5.000000000000000000, -7.270867253240735906 ) ) ;
#2239 = CARTESIAN_POINT ( 'NONE',  ( 43.00000000000000000, -2.222876179246455752, -21.50000000000000355 ) ) ;
#2240 = AXIS2_PLACEMENT_3D ( 'NONE', #5793, #5391, #2616 ) ;
#2241 = DIRECTION ( 'NONE',  ( 0.0000000000000000000, -1.000000000000000000, 0.0000000000000000000 ) ) ;
#2242 = VERTEX_POINT ( 'NONE', #1814 ) ;
#2243 = EDGE_CURVE ( 'NONE', #1338, #2964, #793, .T. ) ;
#2244 = FACE_BOUND ( 'NONE', #1330, .T. ) ;
#2245 = CARTESIAN_POINT ( 'NONE',  ( 16.28327383387404126, 6.412631496262125808, -7.015455955557168721 ) ) ;
#2246 = DIRECTION ( 'NONE',  ( 0.6583521792384013915, -0.3648901426239237189, 0.6583521792383922877 ) ) ;
#2247 = EDGE_LOOP ( 'NONE', ( #611, #5666, #3664, #4202 ) ) ;
#2248 = CARTESIAN_POINT ( 'NONE',  ( 0.4999999999999935052, -30.00000000000000711, -17.99999999999998579 ) ) ;
#2249 = DIRECTION ( 'NONE',  ( 1.000000000000000000, 0.0000000000000000000, 0.0000000000000000000 ) ) ;
#2250 = EDGE_CURVE ( 'NONE', #543, #1846, #2126, .T. ) ;
#2251 = ORIENTED_EDGE ( 'NONE', *, *, #524, .T. ) ;
#2252 = ADVANCED_FACE ( 'NONE', ( #582 ), #1355, .T. ) ;
#2253 = ORIENTED_EDGE ( 'NONE', *, *, #618, .T. ) ;
#2254 = CARTESIAN_POINT ( 'NONE',  ( 15.88999999999999702, 10.00000000000000000, -7.000000000000000000 ) ) ;
#2255 = CARTESIAN_POINT ( 'NONE',  ( 49.00000000000000000, -79.00000000000001421, -11.00000000000000000 ) ) ;
#2256 = DIRECTION ( 'NONE',  ( 1.000000000000000000, 0.0000000000000000000, 0.0000000000000000000 ) ) ;
#2257 = VERTEX_POINT ( 'NONE', #4597 ) ;
#2258 = VERTEX_POINT ( 'NONE', #4218 ) ;
#2259 = DIRECTION ( 'NONE',  ( -1.000000000000000000, 0.0000000000000000000, -0.0000000000000000000 ) ) ;
#2260 = ORIENTED_EDGE ( 'NONE', *, *, #657, .T. ) ;
#2261 = AXIS2_PLACEMENT_3D ( 'NONE', #945, #3183, #4560 ) ;
#2262 = CARTESIAN_POINT ( 'NONE',  ( 46.12250108601213583, -44.00000000000000711, -12.39999999999999858 ) ) ;
#2263 = DIRECTION ( 'NONE',  ( 1.000000000000000000, -0.0000000000000000000, -0.0000000000000000000 ) ) ;
#2264 = EDGE_LOOP ( 'NONE', ( #5566, #89, #143, #4436 ) ) ;
#2265 = CARTESIAN_POINT ( 'NONE',  ( 21.50000000000000000, -39.00000000000000000, -12.00000000000000000 ) ) ;
#2266 = ORIENTED_EDGE ( 'NONE', *, *, #5330, .T. ) ;
#2267 = CARTESIAN_POINT ( 'NONE',  ( 17.34563023147483563, 5.193050988032232418, -7.274204935375522041 ) ) ;
#2268 = EDGE_LOOP ( 'NONE', ( #1193, #4645, #3241, #5266 ) ) ;
#2269 = ORIENTED_EDGE ( 'NONE', *, *, #5101, .T. ) ;
#2270 = AXIS2_PLACEMENT_3D ( 'NONE', #5051, #5895, #3140 ) ;
#2271 = DIRECTION ( 'NONE',  ( -1.000000000000000000, 0.0000000000000000000, 0.0000000000000000000 ) ) ;
#2272 = ORIENTED_EDGE ( 'NONE', *, *, #175, .F. ) ;
#2273 = PLANE ( 'NONE',  #4979 ) ;
#2274 = ORIENTED_EDGE ( 'NONE', *, *, #3977, .F. ) ;
#2275 = CARTESIAN_POINT ( 'NONE',  ( 12.00000000000000355, -44.00000000000001421, -9.599999999999997868 ) ) ;
#2276 = LINE ( 'NONE', #4303, #5079 ) ;
#2277 = DIRECTION ( 'NONE',  ( -0.0000000000000000000, -0.0000000000000000000, -1.000000000000000000 ) ) ;
#2278 = CARTESIAN_POINT ( 'NONE',  ( 11.99999999999999645, -15.00000000000000000, -17.49999999999998579 ) ) ;
#2279 = EDGE_CURVE ( 'NONE', #5151, #215, #2043, .T. ) ;
#2280 = EDGE_LOOP ( 'NONE', ( #3189, #4066, #2689, #1673 ) ) ;
#2281 = CARTESIAN_POINT ( 'NONE',  ( 45.91569879369050966, -45.11135795130591930, -11.85622252981933045 ) ) ;
#2282 = CARTESIAN_POINT ( 'NONE',  ( 2.800022792685444628, -42.60005209757331812, -10.90646698819376326 ) ) ;
#2283 = LINE ( 'NONE', #1807, #4796 ) ;
#2284 = EDGE_CURVE ( 'NONE', #4920, #5783, #4289, .T. ) ;
#2285 = FACE_OUTER_BOUND ( 'NONE', #5561, .T. ) ;
#2286 = DIRECTION ( 'NONE',  ( 0.0000000000000000000, 1.000000000000000000, 0.0000000000000000000 ) ) ;
#2288 = LINE ( 'NONE', #3254, #3501 ) ;
#2287 = DIRECTION ( 'NONE',  ( 1.000000000000000000, 0.0000000000000000000, 0.0000000000000000000 ) ) ;
#2289 = FACE_OUTER_BOUND ( 'NONE', #2370, .T. ) ;
#2290 = CARTESIAN_POINT ( 'NONE',  ( 6.000000000000000000, -14.00000000000000000, -11.00000000000000000 ) ) ;
#2291 = EDGE_CURVE ( 'NONE', #1401, #2016, #1128, .T. ) ;
#2292 = EDGE_CURVE ( 'NONE', #503, #337, #4353, .T. ) ;
#2293 = CARTESIAN_POINT ( 'NONE',  ( 39.10999999999965127, 6.449996722563535734, -15.00000000000122213 ) ) ;
#2294 = VECTOR ( 'NONE', #5837, 1000.000000000000000 ) ;
#2295 = ORIENTED_EDGE ( 'NONE', *, *, #3517, .T. ) ;
#2296 = CARTESIAN_POINT ( 'NONE',  ( 15.89922916675418740, 6.449986973737514617, -7.000010647204041980 ) ) ;
#2297 = ORIENTED_EDGE ( 'NONE', *, *, #2592, .F. ) ;
#2298 = DIRECTION ( 'NONE',  ( 0.0000000000000000000, -1.000000000000000000, 0.0000000000000000000 ) ) ;
#2299 = CARTESIAN_POINT ( 'NONE',  ( 3.100677135652805116, -73.63374481787894865, -9.645625412719644132 ) ) ;
#2300 = LOCAL_TIME ( 16, 50, 19.00000000000000000, #5333 ) ;
#2301 = AXIS2_PLACEMENT_3D ( 'NONE', #1195, #791, #324 ) ;
#2302 = CIRCLE ( 'NONE', #3146, 1.399999999999998579 ) ;
#2303 = PLANE ( 'NONE',  #4718 ) ;
#2304 = EDGE_LOOP ( 'NONE', ( #1550, #2000, #5508, #3920 ) ) ;
#2305 = VECTOR ( 'NONE', #889, 1000.000000000000000 ) ;
#2306 = ORIENTED_EDGE ( 'NONE', *, *, #5171, .F. ) ;
#2307 = CARTESIAN_POINT ( 'NONE',  ( 54.50000000000000000, -32.50000000000000000, -5.204748896376250896E-15 ) ) ;
#2308 = ADVANCED_FACE ( 'NONE', ( #2626 ), #3706, .F. ) ;
#2309 = CARTESIAN_POINT ( 'NONE',  ( 21.50000000000000000, -40.00000000000000000, 0.0000000000000000000 ) ) ;
#2310 = VECTOR ( 'NONE', #2469, 1000.000000000000000 ) ;
#2311 = DIRECTION ( 'NONE',  ( -0.0000000000000000000, 0.0000000000000000000, -1.000000000000000000 ) ) ;
#2312 = EDGE_LOOP ( 'NONE', ( #2102, #5621, #714, #5919 ) ) ;
#2313 = CARTESIAN_POINT ( 'NONE',  ( 0.0000000000000000000, -30.00000000000000711, -17.49999999999998579 ) ) ;
#2314 = DIRECTION ( 'NONE',  ( 1.000000000000000000, 0.0000000000000000000, 0.0000000000000000000 ) ) ;
#2315 = CARTESIAN_POINT ( 'NONE',  ( 20.49999999999999645, -39.00000000000000000, -7.127016653792578538 ) ) ;
#2316 = ORIENTED_EDGE ( 'NONE', *, *, #5827, .T. ) ;
#2317 = AXIS2_PLACEMENT_3D ( 'NONE', #2148, #3597, #4071 ) ;
#2318 = CARTESIAN_POINT ( 'NONE',  ( 0.0000000000000000000, -4.576000847997454102, -17.73500052999839482 ) ) ;
#2319 = EDGE_CURVE ( 'NONE', #353, #2763, #4643, .T. ) ;
#2320 = VERTEX_POINT ( 'NONE', #2401 ) ;
#2321 = DIRECTION ( 'NONE',  ( 0.0000000000000000000, 1.000000000000000000, 0.0000000000000000000 ) ) ;
#2322 = VERTEX_POINT ( 'NONE', #195 ) ;
#2323 = DIRECTION ( 'NONE',  ( 1.000000000000000000, 0.0000000000000000000, 0.0000000000000000000 ) ) ;
#2324 = ORIENTED_EDGE ( 'NONE', *, *, #2325, .F. ) ;
#2325 = EDGE_CURVE ( 'NONE', #3036, #4998, #217, .T. ) ;
#2326 = EDGE_LOOP ( 'NONE', ( #3993, #3742, #820, #4331 ) ) ;
#2327 = DIRECTION ( 'NONE',  ( -0.0000000000000000000, 1.000000000000000000, -0.0000000000000000000 ) ) ;
#2328 = EDGE_LOOP ( 'NONE', ( #5058, #3710 ) ) ;
#2329 = DIRECTION ( 'NONE',  ( 1.000000000000000000, -0.0000000000000000000, -0.0000000000000000000 ) ) ;
#2330 = VERTEX_POINT ( 'NONE', #3788 ) ;
#2331 = CARTESIAN_POINT ( 'NONE',  ( 40.37254632577506896, 4.267454366639814367, -14.79630835387322385 ) ) ;
#2332 = VERTEX_POINT ( 'NONE', #115 ) ;
#2333 = AXIS2_PLACEMENT_3D ( 'NONE', #296, #1564, #3061 ) ;
#2334 = DIRECTION ( 'NONE',  ( -1.000000000000000000, 0.0000000000000000000, 0.0000000000000000000 ) ) ;
#2335 = ORIENTED_EDGE ( 'NONE', *, *, #2094, .F. ) ;
#2336 = CARTESIAN_POINT ( 'NONE',  ( 54.50000000000000000, -30.00000000000000711, -17.99999999999998579 ) ) ;
#2337 = CARTESIAN_POINT ( 'NONE',  ( 2.804069696034957815, -72.60922993297393191, -10.81475114649769509 ) ) ;
#2338 = ADVANCED_FACE ( 'NONE', ( #5378 ), #2910, .F. ) ;
#2339 = ORIENTED_EDGE ( 'NONE', *, *, #554, .F. ) ;
#2340 = VECTOR ( 'NONE', #141, 1000.000000000000000 ) ;
#2341 = VERTEX_POINT ( 'NONE', #3747 ) ;
#2342 = AXIS2_PLACEMENT_3D ( 'NONE', #1674, #4846, #5296 ) ;
#2343 = DIRECTION ( 'NONE',  ( 0.0000000000000000000, -1.000000000000000000, 0.0000000000000000000 ) ) ;
#2344 = VERTEX_POINT ( 'NONE', #1015 ) ;
#2345 = DIRECTION ( 'NONE',  ( 0.0000000000000000000, 1.000000000000000000, 0.0000000000000000000 ) ) ;
#2346 = CARTESIAN_POINT ( 'NONE',  ( 51.87749891398763680, -44.00000000000001421, -9.599999999999997868 ) ) ;
#2347 = DIRECTION ( 'NONE',  ( 0.0000000000000000000, -1.000000000000000000, 0.0000000000000000000 ) ) ;
#2348 = CYLINDRICAL_SURFACE ( 'NONE', #1954, 1.449999999999999956 ) ;
#2349 = AXIS2_PLACEMENT_3D ( 'NONE', #1845, #5522, #2773 ) ;
#2350 = EDGE_CURVE ( 'NONE', #4210, #3628, #2482, .T. ) ;
#2351 = DIRECTION ( 'NONE',  ( 0.0000000000000000000, 0.0000000000000000000, -1.000000000000000000 ) ) ;
#2352 = CARTESIAN_POINT ( 'NONE',  ( 27.01589867394520539, 6.789669282724224431, -6.172741754798669156 ) ) ;
#2353 = VECTOR ( 'NONE', #4382, 1000.000000000000000 ) ;
#2354 = FACE_OUTER_BOUND ( 'NONE', #2048, .T. ) ;
#2355 = DIRECTION ( 'NONE',  ( 0.0000000000000000000, 1.000000000000000000, 0.0000000000000000000 ) ) ;
#2356 = EDGE_CURVE ( 'NONE', #897, #2817, #1911, .T. ) ;
#2357 = CIRCLE ( 'NONE', #4623, 3.000000000000002665 ) ;
#2358 = CARTESIAN_POINT ( 'NONE',  ( 0.0000000000000000000, -67.00000000000000000, -21.50000000000000355 ) ) ;
#2359 = LINE ( 'NONE', #5714, #3084 ) ;
#2360 = CARTESIAN_POINT ( 'NONE',  ( 15.51153850091691133, 3.597873764552816489, -14.98315051578286727 ) ) ;
#2361 = B_SPLINE_CURVE_WITH_KNOTS ( 'NONE', 3,
 ( #165, #5646, #4884, #2089, #5803, #1653, #4447, #5722, #5315, #4826, #2067, #2587, #2969, #3921 ),
 .UNSPECIFIED., .F., .F.,
 ( 4, 2, 2, 2, 2, 2, 4 ),
 ( 0.0000000000000000000, 0.0006096105317262634016, 0.001219221063452526803, 0.001828831595178790096, 0.002133636861041916973, 0.002286039493973482037, 0.002438442126905047101 ),
 .UNSPECIFIED. ) ;
#2362 = CARTESIAN_POINT ( 'NONE',  ( 49.00000000000000000, -14.00000000000001066, -11.00000000000000000 ) ) ;
#2363 = CARTESIAN_POINT ( 'NONE',  ( 39.10999999999999943, 10.00000000000000000, -11.00000000000000000 ) ) ;
#2364 = FACE_OUTER_BOUND ( 'NONE', #1092, .T. ) ;
#2365 = ADVANCED_FACE ( 'NONE', ( #4153 ), #5177, .F. ) ;
#2366 = LINE ( 'NONE', #5375, #4379 ) ;
#2367 = ORIENTED_EDGE ( 'NONE', *, *, #5862, .F. ) ;
#2368 = AXIS2_PLACEMENT_3D ( 'NONE', #4366, #3945, #3924 ) ;
#2369 = DIRECTION ( 'NONE',  ( 0.0000000000000000000, 0.0000000000000000000, -1.000000000000000000 ) ) ;
#2370 = EDGE_LOOP ( 'NONE', ( #4285, #5, #1117, #583, #74, #1963, #4699, #4078, #2253, #570, #4343, #1691, #5354, #4256 ) ) ;
#2371 = VECTOR ( 'NONE', #854, 1000.000000000000000 ) ;
#2372 = CIRCLE ( 'NONE', #3879, 3.200000000000003286 ) ;
#2373 = CARTESIAN_POINT ( 'NONE',  ( 8.330034283221895208, -28.24305397781743210, -21.16996571677813677 ) ) ;
#2374 = CARTESIAN_POINT ( 'NONE',  ( 39.10999999999982180, 3.550003277437948856, -15.00000000000068390 ) ) ;
#2375 = ORIENTED_EDGE ( 'NONE', *, *, #5402, .T. ) ;
#2376 = AXIS2_PLACEMENT_3D ( 'NONE', #4320, #3893, #4358 ) ;
#2377 = CYLINDRICAL_SURFACE ( 'NONE', #1406, 1.399999999999998579 ) ;
#2378 = CARTESIAN_POINT ( 'NONE',  ( 42.89714957897565739, -0.4829360166025576384, -0.6028504210243362804 ) ) ;
#2379 = APPROVAL_STATUS ( 'not_yet_approved' ) ;
#2380 = VERTEX_POINT ( 'NONE', #1063 ) ;
#2381 = CARTESIAN_POINT ( 'NONE',  ( 25.64999999999999858, 4.878099096895970099, -15.48330235429198076 ) ) ;
#2382 = PLANE ( 'NONE',  #4098 ) ;
#2383 = VECTOR ( 'NONE', #1307, 1000.000000000000000 ) ;
#2384 = CARTESIAN_POINT ( 'NONE',  ( 12.23437511538740985, -0.3465292638261925906, -9.365593690456083920 ) ) ;
#2385 = ORIENTED_EDGE ( 'NONE', *, *, #4863, .T. ) ;
#2386 = EDGE_CURVE ( 'NONE', #2767, #856, #3826, .T. ) ;
#2387 = CARTESIAN_POINT ( 'NONE',  ( 45.93658064215708237, -42.94729088230720748, -10.07265737079683632 ) ) ;
#2388 = DIRECTION ( 'NONE',  ( -0.0000000000000000000, -0.0000000000000000000, 1.000000000000000000 ) ) ;
#2389 = ORIENTED_EDGE ( 'NONE', *, *, #58, .T. ) ;
#2390 = ORIENTED_EDGE ( 'NONE', *, *, #1558, .T. ) ;
#2391 = CARTESIAN_POINT ( 'NONE',  ( 17.17041895954660191, 4.266520183253579290, -7.209678559321084812 ) ) ;
#2392 = CARTESIAN_POINT ( 'NONE',  ( 15.89308294741969085, 5.000000000000000000, -2.749999999999999112 ) ) ;
#2393 = AXIS2_PLACEMENT_3D ( 'NONE', #5850, #1365, #2693 ) ;
#2394 = ORIENTED_EDGE ( 'NONE', *, *, #590, .F. ) ;
#2395 = EDGE_CURVE ( 'NONE', #555, #3700, #712, .T. ) ;
#2396 = ADVANCED_FACE ( 'NONE', ( #5790 ), #3346, .T. ) ;
#2397 = ORIENTED_EDGE ( 'NONE', *, *, #4870, .F. ) ;
#2398 = CARTESIAN_POINT ( 'NONE',  ( 42.99574382422000696, -0.8976636150500679756, -10.05041726859702145 ) ) ;
#2399 = ORIENTED_EDGE ( 'NONE', *, *, #2922, .T. ) ;
#2400 = ORIENTED_EDGE ( 'NONE', *, *, #2819, .T. ) ;
#2401 = CARTESIAN_POINT ( 'NONE',  ( 49.00000000000000000, -18.50000000000001776, -14.20000000000000284 ) ) ;
#2402 = VERTEX_POINT ( 'NONE', #4265 ) ;
#2403 = DIRECTION ( 'NONE',  ( 0.0000000000000000000, 0.0000000000000000000, 1.000000000000000000 ) ) ;
#2404 = B_SPLINE_CURVE_WITH_KNOTS ( 'NONE', 3,
 ( #1549, #1588, #2501, #1997, #3367, #3387, #5678, #5332, #2082, #1236, #2558, #304, #2544, #5353, #1215, #2577, #3027, #3958, #2122, #4440, #5777, #3046, #1690, #322, #5798, #3464 ),
 .UNSPECIFIED., .F., .F.,
 ( 4, 2, 2, 2, 2, 2, 2, 2, 2, 2, 2, 2, 4 ),
 ( 0.004433535381358146184, 0.004710352795980519459, 0.004987170210602892735, 0.005540805039847680920, 0.005817622454470072410, 0.006094439869092463900, 0.006371257283714855391, 0.006648074698337246881, 0.007201709527582035933, 0.007478526942204419617, 0.007755344356826803301, 0.008308979186071600159, 0.008862614015316397018 ),
 .UNSPECIFIED. ) ;
#2405 = ORIENTED_EDGE ( 'NONE', *, *, #1582, .F. ) ;
#2406 = EDGE_CURVE ( 'NONE', #2537, #5540, #226, .T. ) ;
#2407 = EDGE_CURVE ( 'NONE', #1542, #922, #2859, .T. ) ;
#2408 = CARTESIAN_POINT ( 'NONE',  ( 43.50000000000000000, -5.000000000000000888, -4.000000000000004441 ) ) ;
#2409 = DIRECTION ( 'NONE',  ( 0.0000000000000000000, 0.0000000000000000000, -1.000000000000000000 ) ) ;
#2410 = ORIENTED_EDGE ( 'NONE', *, *, #2211, .F. ) ;
#2411 = CARTESIAN_POINT ( 'NONE',  ( 45.80002279268543930, -42.60005209757331812, -11.09353301180622964 ) ) ;
#2412 = VERTEX_POINT ( 'NONE', #581 ) ;
#2413 = CARTESIAN_POINT ( 'NONE',  ( 39.84046021630746282, 3.735097580737570588, -14.93666008227776842 ) ) ;
#2414 = VERTEX_POINT ( 'NONE', #2826 ) ;
#2415 = AXIS2_PLACEMENT_3D ( 'NONE', #1363, #4605, #4573 ) ;
#2416 = PLANE ( 'NONE',  #3042 ) ;
#2417 = FACE_OUTER_BOUND ( 'NONE', #5230, .T. ) ;
#2418 = CARTESIAN_POINT ( 'NONE',  ( 38.72034764413593422, 6.404113603906401053, -14.98208440028443178 ) ) ;
#2419 = CARTESIAN_POINT ( 'NONE',  ( 29.35000000000000142, 5.000000000000000000, 0.0000000000000000000 ) ) ;
#2420 = ORIENTED_EDGE ( 'NONE', *, *, #1680, .F. ) ;
#2421 = CARTESIAN_POINT ( 'NONE',  ( 29.35000000000000142, 5.000000000000000000, -6.516697645708024567 ) ) ;
#2422 = LINE ( 'NONE', #4644, #3423 ) ;
#2423 = CARTESIAN_POINT ( 'NONE',  ( 13.02837651541167929, -30.84709907900172965, -5.528376515411665970 ) ) ;
#2424 = DIRECTION ( 'NONE',  ( 1.000000000000000000, 0.0000000000000000000, 0.0000000000000000000 ) ) ;
#2425 = CARTESIAN_POINT ( 'NONE',  ( 52.18309321011522428, -42.63756680476020477, -11.37053024668289325 ) ) ;
#2426 = VECTOR ( 'NONE', #1217, 1000.000000000000000 ) ;
#2427 = ADVANCED_FACE ( 'NONE', ( #5645 ), #5125, .F. ) ;
#2428 = CARTESIAN_POINT ( 'NONE',  ( 43.00000000000000000, -74.00000000000001421, -12.39999999999999503 ) ) ;
#2429 = DIRECTION ( 'NONE',  ( 0.0000000000000000000, 1.000000000000000000, 0.0000000000000000000 ) ) ;
#2430 = AXIS2_PLACEMENT_3D ( 'NONE', #3518, #1225, #3078 ) ;
#2431 = EDGE_CURVE ( 'NONE', #4057, #3835, #5440, .T. ) ;
#2432 = CIRCLE ( 'NONE', #4032, 3.000000000000002665 ) ;
#2433 = DIRECTION ( 'NONE',  ( 0.0000000000000000000, -0.5299989400031798192, -0.8479983040050881327 ) ) ;
#2434 = CARTESIAN_POINT ( 'NONE',  ( 38.71680471208527763, 6.412756146480780295, -7.015417448531953148 ) ) ;
#2435 = VECTOR ( 'NONE', #1836, 1000.000000000000000 ) ;
#2436 = CYLINDRICAL_SURFACE ( 'NONE', #2682, 4.950000000000002842 ) ;
#2437 = CARTESIAN_POINT ( 'NONE',  ( 27.49999999999986855, 6.850000000001354117, -6.149999999999485212 ) ) ;
#2438 = ORIENTED_EDGE ( 'NONE', *, *, #882, .T. ) ;
#2439 = EDGE_CURVE ( 'NONE', #2123, #446, #3489, .T. ) ;
#2440 = CARTESIAN_POINT ( 'NONE',  ( 57.50282775723832884, -0.8356897976986750187, -18.99717224276163563 ) ) ;
#2441 = LINE ( 'NONE', #833, #5670 ) ;
#2442 = B_SPLINE_CURVE_WITH_KNOTS ( 'NONE', 3,
 ( #3273, #566, #5583, #2830, #3762, #4684, #1932, #5152, #2391, #145, #225, #3352, #1118, #2909 ),
 .UNSPECIFIED., .F., .F.,
 ( 4, 2, 2, 2, 2, 2, 4 ),
 ( 9.098321845350294004E-06, 0.0002958616420182104238, 0.0005826249621910705367, 0.001156151602536790437, 0.001729678242882511530, 0.002016441563055371318, 0.002303204883228230672 ),
 .UNSPECIFIED. ) ;
#2443 = ORIENTED_EDGE ( 'NONE', *, *, #2854, .T. ) ;
#2444 = CARTESIAN_POINT ( 'NONE',  ( 39.49250991773719477, 3.589545518052108530, -7.014457264833326988 ) ) ;
#2445 = DIRECTION ( 'NONE',  ( -0.0000000000000000000, -0.0000000000000000000, 1.000000000000000000 ) ) ;
#2446 = CARTESIAN_POINT ( 'NONE',  ( 0.2500000000000002220, 9.500000000000000000, -0.2499999999999968081 ) ) ;
#2447 = CIRCLE ( 'NONE', #1172, 3.100000000000001865 ) ;
#2448 = EDGE_CURVE ( 'NONE', #3510, #4646, #520, .T. ) ;
#2449 = VERTEX_POINT ( 'NONE', #652 ) ;
#2450 = DIRECTION ( 'NONE',  ( 1.000000000000000000, -0.0000000000000000000, -0.0000000000000000000 ) ) ;
#2451 = VECTOR ( 'NONE', #2607, 1000.000000000000000 ) ;
#2452 = CARTESIAN_POINT ( 'NONE',  ( 27.49999999999999645, -45.00000000000000711, -19.00000000000000355 ) ) ;
#2453 = DIRECTION ( 'NONE',  ( 0.0000000000000000000, 0.0000000000000000000, -1.000000000000000000 ) ) ;
#2454 = ADVANCED_FACE ( 'NONE', ( #4006 ), #2961, .F. ) ;
#2455 = ORIENTED_EDGE ( 'NONE', *, *, #3005, .T. ) ;
#2456 = CARTESIAN_POINT ( 'NONE',  ( 26.03116454074254804, 6.131167282954475439, -15.62277351836737616 ) ) ;
#2457 = EDGE_LOOP ( 'NONE', ( #2756, #499, #4697, #5370 ) ) ;
#2458 = CARTESIAN_POINT ( 'NONE',  ( 11.99999999999999645, -15.47487725249182589, -0.2967982828073917889 ) ) ;
#2459 = PLANE ( 'NONE',  #4318 ) ;
#2460 = ORIENTED_EDGE ( 'NONE', *, *, #26, .F. ) ;
#2461 = ORIENTED_EDGE ( 'NONE', *, *, #5495, .F. ) ;
#2462 = DIRECTION ( 'NONE',  ( -0.0000000000000000000, -0.0000000000000000000, 1.000000000000000000 ) ) ;
#2463 = CARTESIAN_POINT ( 'NONE',  ( 2.831393063325719162, -75.32706547708744438, -11.45524892494460723 ) ) ;
#2464 = ORIENTED_EDGE ( 'NONE', *, *, #5371, .T. ) ;
#2465 = EDGE_CURVE ( 'NONE', #3182, #4244, #2276, .T. ) ;
#2466 = ORIENTED_EDGE ( 'NONE', *, *, #2584, .F. ) ;
#2467 = ORIENTED_EDGE ( 'NONE', *, *, #3163, .T. ) ;
#2468 = ORIENTED_EDGE ( 'NONE', *, *, #2431, .T. ) ;
#2469 = DIRECTION ( 'NONE',  ( 0.0000000000000000000, 1.000000000000000000, 0.0000000000000000000 ) ) ;
#2470 = ORIENTED_EDGE ( 'NONE', *, *, #3947, .T. ) ;
#2471 = CARTESIAN_POINT ( 'NONE',  ( 39.00500631759831549, 6.450392901272114621, -14.99976839555684371 ) ) ;
#2472 = CC_DESIGN_DATE_AND_TIME_ASSIGNMENT ( #3302, #5683, ( #769 ) ) ;
#2473 = EDGE_CURVE ( 'NONE', #4251, #3043, #1554, .T. ) ;
#2474 = ORIENTED_EDGE ( 'NONE', *, *, #4368, .F. ) ;
#2475 = CARTESIAN_POINT ( 'NONE',  ( 42.59766145607368770, -0.1899959953294351467, -9.032424421488526534 ) ) ;
#2476 = ORIENTED_EDGE ( 'NONE', *, *, #2481, .T. ) ;
#2477 = CARTESIAN_POINT ( 'NONE',  ( 11.99999999999999645, -15.00000000000000000, -17.49999999999998579 ) ) ;
#2478 = EDGE_LOOP ( 'NONE', ( #2807, #1890, #2488, #4599 ) ) ;
#2479 = ORIENTED_EDGE ( 'NONE', *, *, #1069, .F. ) ;
#2480 = B_SPLINE_CURVE_WITH_KNOTS ( 'NONE', 3,
 ( #3169, #2722, #4127, #25, #485, #1455, #3754, #5241, #4317, #2444, #2015, #5597 ),
 .UNSPECIFIED., .F., .F.,
 ( 4, 2, 2, 2, 2, 4 ),
 ( 0.0000000000000000000, 0.0002854647461797273577, 0.0005709294923594547154, 0.001141858984718906612, 0.001712788477078358400, 0.002283717969437810188 ),
 .UNSPECIFIED. ) ;
#2481 = EDGE_CURVE ( 'NONE', #1000, #1552, #87, .T. ) ;
#2482 = LINE ( 'NONE', #2895, #3128 ) ;
#2483 = CARTESIAN_POINT ( 'NONE',  ( 54.50000000000000000, -30.00000000000000355, -4.000000000000004441 ) ) ;
#2484 = ORIENTED_EDGE ( 'NONE', *, *, #1222, .F. ) ;
#2485 = CARTESIAN_POINT ( 'NONE',  ( 12.05516269173676136, -0.6642272557815588341, -9.860101909250245100 ) ) ;
#2486 = ADVANCED_FACE ( 'NONE', ( #1419 ), #5861, .F. ) ;
#2487 = CARTESIAN_POINT ( 'NONE',  ( 0.4999999999999935052, -4.999999999999999112, -17.99999999999998579 ) ) ;
#2488 = ORIENTED_EDGE ( 'NONE', *, *, #5070, .F. ) ;
#2489 = CARTESIAN_POINT ( 'NONE',  ( 15.90537538441425269, 5.000000000000000000, -22.00000000000000000 ) ) ;
#2490 = LINE ( 'NONE', #830, #2771 ) ;
#2491 = AXIS2_PLACEMENT_3D ( 'NONE', #929, #4182, #5159 ) ;
#2492 = CARTESIAN_POINT ( 'NONE',  ( 33.50000000000000000, -39.00000000000000000, -12.00000000000000000 ) ) ;
#2493 = LINE ( 'NONE', #4748, #1428 ) ;
#2494 = UNCERTAINTY_MEASURE_WITH_UNIT (LENGTH_MEASURE( 1.000000000000000082E-05 ), #4506, 'distance_accuracy_value', 'NONE');
#2495 = CARTESIAN_POINT ( 'NONE',  ( 12.99999999999999822, 0.0000000000000000000, -13.76548368283017609 ) ) ;
#2496 = VECTOR ( 'NONE', #4788, 1000.000000000000000 ) ;
#2497 = DIRECTION ( 'NONE',  ( -0.6583521792383933979, -0.3648901426239199997, -0.6583521792384025018 ) ) ;
#2498 = EDGE_CURVE ( 'NONE', #4251, #1336, #2194, .T. ) ;
#2499 = DIRECTION ( 'NONE',  ( 1.000000000000000000, 0.0000000000000000000, 0.0000000000000000000 ) ) ;
#2500 = CARTESIAN_POINT ( 'NONE',  ( 0.0000000000000000000, 9.500000000000000000, -21.50000000000000355 ) ) ;
#2501 = CARTESIAN_POINT ( 'NONE',  ( 51.88209281856961042, -73.81398283291684947, -9.609334584225070586 ) ) ;
#2502 = FACE_OUTER_BOUND ( 'NONE', #1540, .T. ) ;
#2503 = CARTESIAN_POINT ( 'NONE',  ( 9.200022601059316685, -45.40005165957070687, -11.09196686544500388 ) ) ;
#2504 = AXIS2_PLACEMENT_3D ( 'NONE', #139, #1507, #5145 ) ;
#2505 = EDGE_CURVE ( 'NONE', #5361, #2676, #3411, .T. ) ;
#2506 = FACE_OUTER_BOUND ( 'NONE', #4841, .T. ) ;
#2508 = FACE_OUTER_BOUND ( 'NONE', #4693, .T. ) ;
#2507 = CARTESIAN_POINT ( 'NONE',  ( 52.18022956500057319, -45.35430091103760475, -11.36664364091364909 ) ) ;
#2509 = FACE_OUTER_BOUND ( 'NONE', #1174, .T. ) ;
#2510 = CARTESIAN_POINT ( 'NONE',  ( 11.49999999999999645, -35.50000000000000000, 0.0000000000000000000 ) ) ;
#2511 = EDGE_LOOP ( 'NONE', ( #2006, #142 ) ) ;
#2512 = ADVANCED_FACE ( 'NONE', ( #2980 ), #4963, .F. ) ;
#2513 = CYLINDRICAL_SURFACE ( 'NONE', #687, 3.200000000000003286 ) ;
#2514 = CARTESIAN_POINT ( 'NONE',  ( 34.50000000000000000, -45.00000000000000711, -7.127016653792590972 ) ) ;
#2515 = FACE_OUTER_BOUND ( 'NONE', #1162, .T. ) ;
#2516 = EDGE_CURVE ( 'NONE', #3767, #5217, #1775, .T. ) ;
#2517 = ORIENTED_EDGE ( 'NONE', *, *, #5304, .F. ) ;
#2518 = CARTESIAN_POINT ( 'NONE',  ( -13.00000000000003197, -4.999999999999999112, -17.99999999999998579 ) ) ;
#2519 = CARTESIAN_POINT ( 'NONE',  ( 15.90537538441425269, 5.000000000000000000, -2.749999999999999112 ) ) ;
#2520 = LINE ( 'NONE', #5700, #4044 ) ;
#2521 = CARTESIAN_POINT ( 'NONE',  ( 0.0000000000000000000, -67.00000000000000000, -0.5000000000000004441 ) ) ;
#2522 = CARTESIAN_POINT ( 'NONE',  ( 6.000000000000000000, -18.50000000000001776, -7.799999999999999822 ) ) ;
#2523 = AXIS2_PLACEMENT_3D ( 'NONE', #3193, #2311, #1399 ) ;
#2524 = DIRECTION ( 'NONE',  ( 0.7071067811865524577, 9.614813431917954667E-17, -0.7071067811865426878 ) ) ;
#2525 = LINE ( 'NONE', #5458, #5193 ) ;
#2526 = ORIENTED_EDGE ( 'NONE', *, *, #1382, .F. ) ;
#2527 = CARTESIAN_POINT ( 'NONE',  ( 52.00154438774791998, -44.86243464841687967, -12.11744784792325902 ) ) ;
#2528 = CARTESIAN_POINT ( 'NONE',  ( 3.117907181430390473, -44.18601716708317895, -12.39066541577492053 ) ) ;
#2529 = VERTEX_POINT ( 'NONE', #4819 ) ;
#2530 = AXIS2_PLACEMENT_3D ( 'NONE', #2151, #2629, #4946 ) ;
#2531 = DIRECTION ( 'NONE',  ( 1.000000000000000000, 0.0000000000000000000, 0.0000000000000000000 ) ) ;
#2532 = ORIENTED_EDGE ( 'NONE', *, *, #3753, .F. ) ;
#2533 = ORIENTED_EDGE ( 'NONE', *, *, #5672, .F. ) ;
#2534 = DIRECTION ( 'NONE',  ( 0.0000000000000000000, -0.5299989400031798192, 0.8479983040050881327 ) ) ;
#2535 = ORIENTED_EDGE ( 'NONE', *, *, #4154, .T. ) ;
#2536 = DIRECTION ( 'NONE',  ( -0.0000000000000000000, -0.7071067811865426878, 0.7071067811865524577 ) ) ;
#2537 = VERTEX_POINT ( 'NONE', #3914 ) ;
#2538 = CARTESIAN_POINT ( 'NONE',  ( 8.958906084703647466, -73.29086956515787676, -12.22100875885207394 ) ) ;
#2539 = CARTESIAN_POINT ( 'NONE',  ( 45.83139306332572716, -75.32706547708744438, -10.54475107505538389 ) ) ;
#2540 = ADVANCED_FACE ( 'NONE', ( #1298 ), #3067, .F. ) ;
#2541 = AXIS2_PLACEMENT_3D ( 'NONE', #3040, #1328, #3629 ) ;
#2542 = ORIENTED_EDGE ( 'NONE', *, *, #1971, .F. ) ;
#2543 = EDGE_CURVE ( 'NONE', #1538, #2332, #2214, .T. ) ;
#2544 = CARTESIAN_POINT ( 'NONE',  ( 52.18008818933535053, -72.64603028807745488, -10.63214854678380661 ) ) ;
#2545 = DIRECTION ( 'NONE',  ( 1.000000000000000000, 0.0000000000000000000, 0.0000000000000000000 ) ) ;
#2546 = ORIENTED_EDGE ( 'NONE', *, *, #2177, .F. ) ;
#2547 = EDGE_LOOP ( 'NONE', ( #6, #567 ) ) ;
#2548 = CARTESIAN_POINT ( 'NONE',  ( 26.37006803178742942, 3.530277504199523797, -6.282362352866728727 ) ) ;
#2549 = VERTEX_POINT ( 'NONE', #2017 ) ;
#2550 = EDGE_CURVE ( 'NONE', #507, #2537, #2404, .T. ) ;
#2551 = ORIENTED_EDGE ( 'NONE', *, *, #295, .F. ) ;
#2552 = CARTESIAN_POINT ( 'NONE',  ( 15.89922916591697266, 6.449986973733965456, -14.99998935279788803 ) ) ;
#2553 = VECTOR ( 'NONE', #2429, 1000.000000000000000 ) ;
#2554 = CARTESIAN_POINT ( 'NONE',  ( 9.084372119994231554, -72.88844962194268362, -11.85595311304894395 ) ) ;
#2555 = DIRECTION ( 'NONE',  ( 0.0000000000000000000, 0.0000000000000000000, 1.000000000000000000 ) ) ;
#2556 = CIRCLE ( 'NONE', #1311, 1.850000000000000977 ) ;
#2557 = CARTESIAN_POINT ( 'NONE',  ( 15.89922916591697266, 6.449986973733965456, -9.000000000000000000 ) ) ;
#2558 = CARTESIAN_POINT ( 'NONE',  ( 52.13975044001913517, -72.74339119574263179, -10.37606997411299936 ) ) ;
#2559 = LINE ( 'NONE', #235, #463 ) ;
#2560 = CARTESIAN_POINT ( 'NONE',  ( 51.91217812227511530, -44.45570423615852462, -12.32691657740931568 ) ) ;
#2561 = CARTESIAN_POINT ( 'NONE',  ( 2.819911810664640139, -45.35396971192256643, -11.36785145321617918 ) ) ;
#2562 = CARTESIAN_POINT ( 'NONE',  ( 0.4999999999999939493, -5.000000000000000888, -4.000000000000004441 ) ) ;
#2563 = ADVANCED_FACE ( 'NONE', ( #3279 ), #2436, .F. ) ;
#2564 = LINE ( 'NONE', #1720, #1368 ) ;
#2565 = FACE_OUTER_BOUND ( 'NONE', #5276, .T. ) ;
#2566 = DIRECTION ( 'NONE',  ( 0.0000000000000000000, 0.0000000000000000000, -1.000000000000000000 ) ) ;
#2567 = DIRECTION ( 'NONE',  ( 1.000000000000000000, 0.0000000000000000000, 0.0000000000000000000 ) ) ;
#2568 = CARTESIAN_POINT ( 'NONE',  ( 57.93625534914637853, -0.5954635771195353477, -3.436255349146327909 ) ) ;
#2569 = CARTESIAN_POINT ( 'NONE',  ( 6.000000000000000000, -14.00000000000001066, -11.00000000000000000 ) ) ;
#2570 = CARTESIAN_POINT ( 'NONE',  ( 54.50000000000000711, -45.00000000000000711, -22.00000000000000000 ) ) ;
#2571 = EDGE_CURVE ( 'NONE', #4639, #288, #3267, .T. ) ;
#2572 = VECTOR ( 'NONE', #3676, 1000.000000000000000 ) ;
#2573 = LINE ( 'NONE', #5021, #2077 ) ;
#2574 = ORIENTED_EDGE ( 'NONE', *, *, #4899, .F. ) ;
#2575 = CARTESIAN_POINT ( 'NONE',  ( 29.28969170122588039, 4.515989705021295819, -15.50779006834472540 ) ) ;
#2576 = CARTESIAN_POINT ( 'NONE',  ( 39.10077083408302911, 6.449986973733965456, -18.00000000000000000 ) ) ;
#2577 = CARTESIAN_POINT ( 'NONE',  ( 52.20002425768755216, -72.59994455385498213, -11.18428206009112635 ) ) ;
#2578 = CALENDAR_DATE ( 2019, 12, 12 ) ;
#2579 = VECTOR ( 'NONE', #5569, 999.9999999999998863 ) ;
#2580 = CARTESIAN_POINT ( 'NONE',  ( 8.877498913987855289, -44.00000000000002132, -9.599999999999994316 ) ) ;
#2581 = CARTESIAN_POINT ( 'NONE',  ( 15.88999999999988688, 3.550003277438696703, -6.999999999999588773 ) ) ;
#2582 = PRODUCT_DEFINITION_FORMATION_WITH_SPECIFIED_SOURCE ( 'ANY', '', #5261, .NOT_KNOWN. ) ;
#2583 = VERTEX_POINT ( 'NONE', #5757 ) ;
#2584 = EDGE_CURVE ( 'NONE', #1279, #1411, #4365, .T. ) ;
#2585 = CARTESIAN_POINT ( 'NONE',  ( 51.87749891398763680, -44.00000000000001421, -9.599999999999997868 ) ) ;
#2586 = CYLINDRICAL_SURFACE ( 'NONE', #3124, 1.000000000000000888 ) ;
#2587 = CARTESIAN_POINT ( 'NONE',  ( 42.99580160162727793, -0.8982303593953727683, -11.94934349642688076 ) ) ;
#2588 = DIRECTION ( 'NONE',  ( 0.0000000000000000000, 0.0000000000000000000, 1.000000000000000000 ) ) ;
#2589 = EDGE_LOOP ( 'NONE', ( #1479, #291, #4219, #3031 ) ) ;
#2590 = EDGE_CURVE ( 'NONE', #4679, #451, #1647, .T. ) ;
#2591 = CARTESIAN_POINT ( 'NONE',  ( 46.12250108601236320, -44.09225080763894056, -9.599999999999997868 ) ) ;
#2592 = EDGE_CURVE ( 'NONE', #2723, #1470, #1580, .T. ) ;
#2593 = DIRECTION ( 'NONE',  ( 0.0000000000000000000, -1.000000000000000000, 0.0000000000000000000 ) ) ;
#2594 = CARTESIAN_POINT ( 'NONE',  ( 37.68340389890178699, 4.616460463509190149, -14.73776530677493035 ) ) ;
#2595 = ORIENTED_EDGE ( 'NONE', *, *, #4855, .F. ) ;
#2596 = DIRECTION ( 'NONE',  ( -0.7071067811865492381, 0.5996253511966878058, 0.3747658444979296566 ) ) ;
#2597 = ADVANCED_FACE ( 'NONE', ( #3729 ), #1192, .F. ) ;
#2598 = EDGE_LOOP ( 'NONE', ( #1823, #2111 ) ) ;
#2599 = ORIENTED_EDGE ( 'NONE', *, *, #1603, .F. ) ;
#2600 = AXIS2_PLACEMENT_3D ( 'NONE', #4257, #1487, #2815 ) ;
#2601 = CARTESIAN_POINT ( 'NONE',  ( 0.4999999999999935052, -5.000000000000000888, -4.000000000000004441 ) ) ;
#2602 = ORIENTED_EDGE ( 'NONE', *, *, #1181, .T. ) ;
#2603 = ORIENTED_EDGE ( 'NONE', *, *, #1164, .T. ) ;
#2604 = CARTESIAN_POINT ( 'NONE',  ( 36.09462461558574375, 5.000000000000000000, -2.750000000000000000 ) ) ;
#2605 = ORIENTED_EDGE ( 'NONE', *, *, #2169, .T. ) ;
#2606 = CARTESIAN_POINT ( 'NONE',  ( 11.99999999999999645, -35.00000000000000000, -21.50000000000000355 ) ) ;
#2607 = DIRECTION ( 'NONE',  ( -9.903257834875357130E-15, -0.7071067811865524577, 0.7071067811865426878 ) ) ;
#2608 = ORIENTED_EDGE ( 'NONE', *, *, #4989, .T. ) ;
#2609 = VERTEX_POINT ( 'NONE', #2952 ) ;
#2610 = DIRECTION ( 'NONE',  ( 0.0000000000000000000, 1.000000000000000000, 0.0000000000000000000 ) ) ;
#2611 = ORIENTED_EDGE ( 'NONE', *, *, #5547, .T. ) ;
#2612 = CARTESIAN_POINT ( 'NONE',  ( 39.10077083408305043, 3.550013026266034988, -7.000010647202110192 ) ) ;
#2613 = CARTESIAN_POINT ( 'NONE',  ( 49.00000000000000000, -18.50000000000001776, -7.799999999999995381 ) ) ;
#2614 = CARTESIAN_POINT ( 'NONE',  ( 33.50000000000000000, -40.00000000000000000, -5.708497377870821232 ) ) ;
#2615 = EDGE_LOOP ( 'NONE', ( #3244, #1833, #3265, #4927 ) ) ;
#2616 = DIRECTION ( 'NONE',  ( 0.0000000000000000000, -1.000000000000000000, 0.0000000000000000000 ) ) ;
#2617 = CARTESIAN_POINT ( 'NONE',  ( 0.4999999999999935052, -4.999999999999999112, -17.99999999999998579 ) ) ;
#2618 = ORIENTED_EDGE ( 'NONE', *, *, #1035, .F. ) ;
#2619 = DIRECTION ( 'NONE',  ( 1.000000000000000000, -0.0000000000000000000, -0.0000000000000000000 ) ) ;
#2620 = AXIS2_PLACEMENT_3D ( 'NONE', #4514, #872, #4072 ) ;
#2621 = EDGE_CURVE ( 'NONE', #1512, #5357, #4821, .T. ) ;
#2622 = CARTESIAN_POINT ( 'NONE',  ( 49.00000000000000000, -14.00000000000001066, -14.10000000000000142 ) ) ;
#2623 = ORIENTED_EDGE ( 'NONE', *, *, #2473, .F. ) ;
#2624 = DIRECTION ( 'NONE',  ( 0.0000000000000000000, 0.0000000000000000000, 1.000000000000000000 ) ) ;
#2625 = DIRECTION ( 'NONE',  ( 0.0000000000000000000, -1.000000000000000000, 0.0000000000000000000 ) ) ;
#2626 = FACE_OUTER_BOUND ( 'NONE', #3191, .T. ) ;
#2627 = ORIENTED_EDGE ( 'NONE', *, *, #663, .F. ) ;
#2628 = EDGE_LOOP ( 'NONE', ( #2954, #3548 ) ) ;
#2629 = DIRECTION ( 'NONE',  ( 0.0000000000000000000, 0.0000000000000000000, -1.000000000000000000 ) ) ;
#2630 = DIRECTION ( 'NONE',  ( 0.0000000000000000000, -0.5299989400031803743, -0.8479983040050877996 ) ) ;
#2631 = EDGE_CURVE ( 'NONE', #1342, #636, #3153, .T. ) ;
#2632 = CIRCLE ( 'NONE', #3724, 1.399999999999998579 ) ;
#2633 = CARTESIAN_POINT ( 'NONE',  ( 45.99893049151634727, -73.13915652257929878, -9.881254335862603710 ) ) ;
#2634 = CARTESIAN_POINT ( 'NONE',  ( 34.50000000000000711, -39.09208882747649483, -7.127016653792588308 ) ) ;
#2635 = CARTESIAN_POINT ( 'NONE',  ( -13.00000000000003197, -5.000000000000000888, -4.000000000000004441 ) ) ;
#2636 = LINE ( 'NONE', #4808, #4587 ) ;
#2637 = CARTESIAN_POINT ( 'NONE',  ( 41.99999999999999289, 0.0000000000000000000, -21.50000000000000000 ) ) ;
#2638 = CARTESIAN_POINT ( 'NONE',  ( 55.00000000000000000, -2.222876179246459305, -0.4999999999999935052 ) ) ;
#2639 = CARTESIAN_POINT ( 'NONE',  ( 29.25429141953890166, 4.400106900724829906, -15.52188971358383185 ) ) ;
#2640 = CARTESIAN_POINT ( 'NONE',  ( 54.50000000000000000, 10.00000000000000000, 0.0000000000000000000 ) ) ;
#2641 = LINE ( 'NONE', #4229, #170 ) ;
#2642 = DIRECTION ( 'NONE',  ( 1.000000000000000000, 0.0000000000000000000, 0.0000000000000000000 ) ) ;
#2643 = FACE_BOUND ( 'NONE', #5278, .T. ) ;
#2644 = CARTESIAN_POINT ( 'NONE',  ( 43.50000000000000000, 0.0000000000000000000, -22.00000000000000000 ) ) ;
#2646 = VECTOR ( 'NONE', #386, 1000.000000000000000 ) ;
#2645 = CARTESIAN_POINT ( 'NONE',  ( 0.0000000000000000000, 9.500000000000000000, 0.0000000000000000000 ) ) ;
#2647 = VECTOR ( 'NONE', #341, 1000.000000000000000 ) ;
#2648 = DIRECTION ( 'NONE',  ( 0.0000000000000000000, 0.0000000000000000000, -1.000000000000000000 ) ) ;
#2649 = LINE ( 'NONE', #4411, #4533 ) ;
#2650 = CARTESIAN_POINT ( 'NONE',  ( 45.93658064215708947, -72.94729088230721459, -10.07265737079684165 ) ) ;
#2651 = CIRCLE ( 'NONE', #3582, 3.000000000000002665 ) ;
#2652 = LINE ( 'NONE', #2685, #4242 ) ;
#2653 = DIRECTION ( 'NONE',  ( -1.000000000000000000, 0.0000000000000000000, 0.0000000000000000000 ) ) ;
#2654 = DIRECTION ( 'NONE',  ( 0.0000000000000000000, 0.0000000000000000000, -1.000000000000000000 ) ) ;
#2655 = ORIENTED_EDGE ( 'NONE', *, *, #5139, .F. ) ;
#2656 = CARTESIAN_POINT ( 'NONE',  ( 25.64999999999999858, 5.000000000000000000, -22.00000000000000000 ) ) ;
#2657 = EDGE_CURVE ( 'NONE', #3616, #1107, #883, .T. ) ;
#2658 = CIRCLE ( 'NONE', #5696, 1.449999999999999956 ) ;
#2659 = VECTOR ( 'NONE', #5346, 1000.000000000000000 ) ;
#2660 = CARTESIAN_POINT ( 'NONE',  ( 0.0000000000000000000, 0.0000000000000000000, 0.0000000000000000000 ) ) ;
#2661 = ORIENTED_EDGE ( 'NONE', *, *, #2571, .F. ) ;
#2662 = CARTESIAN_POINT ( 'NONE',  ( -13.00000000000003197, -4.999999999999999112, -17.99999999999998579 ) ) ;
#2663 = FACE_OUTER_BOUND ( 'NONE', #3878, .T. ) ;
#2664 = EDGE_CURVE ( 'NONE', #5542, #2344, #1802, .T. ) ;
#2665 = ORIENTED_EDGE ( 'NONE', *, *, #5580, .T. ) ;
#2666 = ADVANCED_FACE ( 'NONE', ( #3881 ), #3738, .F. ) ;
#2667 = PLANE ( 'NONE',  #2530 ) ;
#2668 = CARTESIAN_POINT ( 'NONE',  ( 55.00000000000000000, 10.00000000000000000, 0.0000000000000000000 ) ) ;
#2669 = VERTEX_POINT ( 'NONE', #4390 ) ;
#2670 = DIRECTION ( 'NONE',  ( -0.0000000000000000000, -1.000000000000000000, -0.0000000000000000000 ) ) ;
#2671 = EDGE_LOOP ( 'NONE', ( #3232, #146, #1910, #4059, #2106, #1985, #2476, #4692, #1684, #3984, #5708, #3310, #3845 ) ) ;
#2672 = AXIS2_PLACEMENT_3D ( 'NONE', #2071, #2531, #2134 ) ;
#2673 = CARTESIAN_POINT ( 'NONE',  ( 6.000000000000000000, -14.00000000000001066, -14.09999999999999964 ) ) ;
#2674 = DIRECTION ( 'NONE',  ( -0.0000000000000000000, -0.0000000000000000000, -1.000000000000000000 ) ) ;
#2675 = EDGE_LOOP ( 'NONE', ( #4278, #5285, #835, #2041 ) ) ;
#2676 = VERTEX_POINT ( 'NONE', #4333 ) ;
#2677 = CARTESIAN_POINT ( 'NONE',  ( 17.35537538441431593, 5.095869632375758407, -7.278081814070520572 ) ) ;
#2678 = APPLICATION_CONTEXT ( 'configuration controlled 3d designs of mechanical parts and assemblies' ) ;
#2679 = VERTEX_POINT ( 'NONE', #1146 ) ;
#2680 = CARTESIAN_POINT ( 'NONE',  ( 54.50000000000000000, -5.000000000000000888, -4.000000000000004441 ) ) ;
#2681 = ORIENTED_EDGE ( 'NONE', *, *, #174, .F. ) ;
#2682 = AXIS2_PLACEMENT_3D ( 'NONE', #4756, #200, #789 ) ;
#2683 = ORIENTED_EDGE ( 'NONE', *, *, #688, .F. ) ;
#2684 = ORIENTED_EDGE ( 'NONE', *, *, #3647, .F. ) ;
#2685 = CARTESIAN_POINT ( 'NONE',  ( 55.00000000000000000, 10.00000000000000000, -21.50000000000000000 ) ) ;
#2686 = EDGE_LOOP ( 'NONE', ( #2455, #5062 ) ) ;
#2687 = DIRECTION ( 'NONE',  ( 1.000000000000000000, 0.0000000000000000000, 0.0000000000000000000 ) ) ;
#2688 = DIRECTION ( 'NONE',  ( -0.0000000000000000000, 1.000000000000000000, -0.0000000000000000000 ) ) ;
#2689 = ORIENTED_EDGE ( 'NONE', *, *, #2702, .F. ) ;
#2690 = ORIENTED_EDGE ( 'NONE', *, *, #369, .T. ) ;
#2691 = CARTESIAN_POINT ( 'NONE',  ( 45.87780895304864259, -72.78744846119566603, -10.29433931562248894 ) ) ;
#2692 = EDGE_CURVE ( 'NONE', #4396, #1880, #739, .T. ) ;
#2693 = DIRECTION ( 'NONE',  ( 0.0000000000000000000, 0.0000000000000000000, -1.000000000000000000 ) ) ;
#2694 = ORIENTED_EDGE ( 'NONE', *, *, #2505, .F. ) ;
#2695 = ORIENTED_EDGE ( 'NONE', *, *, #5788, .T. ) ;
#2696 = CARTESIAN_POINT ( 'NONE',  ( 18.90537538441425980, 5.000000000000000000, -2.750000000000000000 ) ) ;
#2697 = CARTESIAN_POINT ( 'NONE',  ( 15.89922916591712720, 3.550013026266034100, -14.99998935279788803 ) ) ;
#2698 = ADVANCED_FACE ( 'NONE', ( #3006 ), #1208, .T. ) ;
#2699 = VERTEX_POINT ( 'NONE', #297 ) ;
#2700 = CARTESIAN_POINT ( 'NONE',  ( 43.00000000000000000, -32.77712382075353759, -0.4999999999999946709 ) ) ;
#2701 = FACE_BOUND ( 'NONE', #5420, .T. ) ;
#2702 = EDGE_CURVE ( 'NONE', #1396, #1342, #3436, .T. ) ;
#2703 = CARTESIAN_POINT ( 'NONE',  ( 43.00000000000000000, -15.47487725249183477, -0.2967982828073946755 ) ) ;
#2704 = DIRECTION ( 'NONE',  ( 1.000000000000000000, 0.0000000000000000000, 0.0000000000000000000 ) ) ;
#2705 = CARTESIAN_POINT ( 'NONE',  ( 20.49999999999999645, -35.50000000000000000, 0.0000000000000000000 ) ) ;
#2706 = VECTOR ( 'NONE', #3701, 1000.000000000000000 ) ;
#2707 = DIRECTION ( 'NONE',  ( 0.0000000000000000000, 0.0000000000000000000, -1.000000000000000000 ) ) ;
#2708 = DIRECTION ( 'NONE',  ( 0.0000000000000000000, 0.0000000000000000000, 1.000000000000000000 ) ) ;
#2709 = EDGE_CURVE ( 'NONE', #2113, #2549, #5103, .T. ) ;
#2710 = EDGE_CURVE ( 'NONE', #1835, #3990, #2649, .T. ) ;
#2711 = LINE ( 'NONE', #51, #1500 ) ;
#2712 = CARTESIAN_POINT ( 'NONE',  ( 0.0000000000000000000, -30.42399915200254412, -4.264999470001592741 ) ) ;
#2713 = CARTESIAN_POINT ( 'NONE',  ( 39.10077083408285148, 6.449986973735676088, -7.000010647201491132 ) ) ;
#2714 = CARTESIAN_POINT ( 'NONE',  ( 0.4999999999999936162, -5.000000000000000888, -4.000000000000004441 ) ) ;
#2715 = CARTESIAN_POINT ( 'NONE',  ( 11.50000000000000355, -2.499999999999992006, -22.00000000000000000 ) ) ;
#2716 = FACE_OUTER_BOUND ( 'NONE', #786, .T. ) ;
#2717 = VECTOR ( 'NONE', #41, 999.9999999999998863 ) ;
#2718 = DIRECTION ( 'NONE',  ( 0.0000000000000000000, 1.000000000000000000, 0.0000000000000000000 ) ) ;
#2719 = CIRCLE ( 'NONE', #4308, 1.399999999999998579 ) ;
#2720 = CARTESIAN_POINT ( 'NONE',  ( 0.4999999999999935052, -67.00000000000000000, 0.0000000000000000000 ) ) ;
#2721 = EDGE_LOOP ( 'NONE', ( #2187, #4198, #2324, #213, #3759 ) ) ;
#2722 = CARTESIAN_POINT ( 'NONE',  ( 40.55691705258031021, 4.903403718819619783, -7.270867253240737682 ) ) ;
#2723 = VERTEX_POINT ( 'NONE', #5710 ) ;
#2724 = LOCAL_TIME ( 16, 50, 19.00000000000000000, #818 ) ;
#2725 = ADVANCED_FACE ( 'NONE', ( #2515 ), #5769, .F. ) ;
#2726 = FACE_OUTER_BOUND ( 'NONE', #150, .T. ) ;
#2727 = CARTESIAN_POINT ( 'NONE',  ( 28.72482990164137107, 6.391608737820417829, -15.69361070670527525 ) ) ;
#2728 = EDGE_LOOP ( 'NONE', ( #1761, #4635 ) ) ;
#2729 = DIRECTION ( 'NONE',  ( 0.0000000000000000000, 0.5299989400031803743, 0.8479983040050877996 ) ) ;
#2730 = VECTOR ( 'NONE', #466, 1000.000000000000000 ) ;
#2731 = CARTESIAN_POINT ( 'NONE',  ( 45.80414989651249869, -45.39058655710979906, -10.81340498500110137 ) ) ;
#2732 = CARTESIAN_POINT ( 'NONE',  ( 2.799977398940683759, -42.59994834042931444, -11.09196686544500743 ) ) ;
#2733 = DIRECTION ( 'NONE',  ( -1.000000000000000000, 0.0000000000000000000, 0.0000000000000000000 ) ) ;
#2734 = AXIS2_PLACEMENT_3D ( 'NONE', #2210, #5886, #5009 ) ;
#2735 = CARTESIAN_POINT ( 'NONE',  ( 3.122501086012368976, -73.90619551722987524, -9.599999999999997868 ) ) ;
#2736 = ORIENTED_EDGE ( 'NONE', *, *, #369, .F. ) ;
#2737 = EDGE_CURVE ( 'NONE', #1759, #2449, #605, .T. ) ;
#2738 = VECTOR ( 'NONE', #4866, 1000.000000000000000 ) ;
#2739 = DIRECTION ( 'NONE',  ( 0.0000000000000000000, 1.000000000000000000, 0.0000000000000000000 ) ) ;
#2740 = ORIENTED_EDGE ( 'NONE', *, *, #3558, .F. ) ;
#2741 = DIRECTION ( 'NONE',  ( 0.0000000000000000000, 1.000000000000000000, 0.0000000000000000000 ) ) ;
#2742 = EDGE_CURVE ( 'NONE', #1352, #2320, #2372, .T. ) ;
#2743 = EDGE_LOOP ( 'NONE', ( #3063, #5184, #61, #3011 ) ) ;
#2744 = CARTESIAN_POINT ( 'NONE',  ( 12.00000000000000355, -44.00000000000001421, -10.99999999999999645 ) ) ;
#2745 = ORIENTED_EDGE ( 'NONE', *, *, #3507, .F. ) ;
#2746 = DIRECTION ( 'NONE',  ( 0.0000000000000000000, 0.0000000000000000000, -1.000000000000000000 ) ) ;
#2747 = ORIENTED_EDGE ( 'NONE', *, *, #414, .T. ) ;
#2748 = ORIENTED_EDGE ( 'NONE', *, *, #5412, .T. ) ;
#2749 = CARTESIAN_POINT ( 'NONE',  ( 54.50000000000000000, -5.000000000000000888, -4.000000000000004441 ) ) ;
#2750 = EDGE_LOOP ( 'NONE', ( #978, #2397, #2181, #2769 ) ) ;
#2751 = CARTESIAN_POINT ( 'NONE',  ( -0.6331448161841310984, -33.12804284185602199, -1.133144816184140202 ) ) ;
#2752 = CARTESIAN_POINT ( 'NONE',  ( 15.89922916591675062, 3.550013026263717286, -7.000010647201273528 ) ) ;
#2753 = ORIENTED_EDGE ( 'NONE', *, *, #1784, .F. ) ;
#2754 = CARTESIAN_POINT ( 'NONE',  ( 2.998455612252100000, -73.13756535158313454, -9.882552152076728547 ) ) ;
#2755 = ADVANCED_FACE ( 'NONE', ( #1312 ), #2224, .F. ) ;
#2756 = ORIENTED_EDGE ( 'NONE', *, *, #894, .F. ) ;
#2757 = VERTEX_POINT ( 'NONE', #2614 ) ;
#2758 = CARTESIAN_POINT ( 'NONE',  ( 43.00000000000000000, -1.000000000000000888, -0.4999999999999935052 ) ) ;
#2759 = ORIENTED_EDGE ( 'NONE', *, *, #1826, .T. ) ;
#2760 = AXIS2_PLACEMENT_3D ( 'NONE', #814, #871, #2209 ) ;
#2761 = ORIENTED_EDGE ( 'NONE', *, *, #1437, .F. ) ;
#2762 = DIRECTION ( 'NONE',  ( 0.0000000000000000000, -1.000000000000000000, 0.0000000000000000000 ) ) ;
#2763 = VERTEX_POINT ( 'NONE', #1708 ) ;
#2764 = DIRECTION ( 'NONE',  ( 0.0000000000000000000, 1.000000000000000000, 0.0000000000000000000 ) ) ;
#2765 = VECTOR ( 'NONE', #5267, 1000.000000000000000 ) ;
#2766 = CARTESIAN_POINT ( 'NONE',  ( 43.00000000000000000, 0.0000000000000000000, -11.93161150701352469 ) ) ;
#2767 = VERTEX_POINT ( 'NONE', #1292 ) ;
#2768 = EDGE_CURVE ( 'NONE', #293, #856, #1524, .T. ) ;
#2769 = ORIENTED_EDGE ( 'NONE', *, *, #2407, .T. ) ;
#2770 = CARTESIAN_POINT ( 'NONE',  ( 46.12250108601213583, -44.00000000000000711, -12.39999999999999858 ) ) ;
#2771 = VECTOR ( 'NONE', #4043, 1000.000000000000000 ) ;
#2772 = CARTESIAN_POINT ( 'NONE',  ( 9.125256410715230970, -75.22120767197580449, -10.29155123224860091 ) ) ;
#2773 = DIRECTION ( 'NONE',  ( 0.0000000000000000000, -0.0000000000000000000, 1.000000000000000000 ) ) ;
#2774 = CARTESIAN_POINT ( 'NONE',  ( 8.877498913987627915, -43.81257962566234454, -9.599999999999996092 ) ) ;
#2775 = APPROVAL ( #287, 'UNSPECIFIED' ) ;
#2776 = EDGE_CURVE ( 'NONE', #1774, #1031, #3295, .T. ) ;
#2777 = LINE ( 'NONE', #2146, #2426 ) ;
#2778 = CARTESIAN_POINT ( 'NONE',  ( 6.000000000000000000, 10.00000000000000000, -11.00000000000000000 ) ) ;
#2780 = LINE ( 'NONE', #311, #5878 ) ;
#2779 = CARTESIAN_POINT ( 'NONE',  ( 49.00000000000000000, -18.50000000000001776, -11.00000000000000000 ) ) ;
#2781 = VECTOR ( 'NONE', #1204, 999.9999999999998863 ) ;
#2782 = ADVANCED_FACE ( 'NONE', ( #118 ), #862, .F. ) ;
#2783 = CARTESIAN_POINT ( 'NONE',  ( 0.0000000000000000000, -74.00000000000001421, -10.99999999999999645 ) ) ;
#2784 = VECTOR ( 'NONE', #1791, 1000.000000000000000 ) ;
#2785 = FACE_BOUND ( 'NONE', #3693, .T. ) ;
#2786 = CARTESIAN_POINT ( 'NONE',  ( 39.10691705258031448, 5.000000000000000000, -18.00000000000000000 ) ) ;
#2787 = CARTESIAN_POINT ( 'NONE',  ( 8.912178122275095760, -74.45570423615848199, -9.673083422590671887 ) ) ;
#2788 = CARTESIAN_POINT ( 'NONE',  ( 2.800022792685444628, -72.60005209757332523, -10.90646698819375615 ) ) ;
#2789 = COORDINATED_UNIVERSAL_TIME_OFFSET ( 0, 0, .AHEAD. ) ;
#2790 = AXIS2_PLACEMENT_3D ( 'NONE', #1412, #1373, #4164 ) ;
#2791 = FACE_OUTER_BOUND ( 'NONE', #1185, .T. ) ;
#2792 = DIRECTION ( 'NONE',  ( -0.0000000000000000000, 1.000000000000000000, -0.0000000000000000000 ) ) ;
#2793 = ORIENTED_EDGE ( 'NONE', *, *, #1630, .T. ) ;
#2794 = FACE_OUTER_BOUND ( 'NONE', #4638, .T. ) ;
#2795 = CARTESIAN_POINT ( 'NONE',  ( 15.79460799041462415, 3.550206097587811804, -14.99999999999999467 ) ) ;
#2796 = LINE ( 'NONE', #1683, #1934 ) ;
#2797 = VERTEX_POINT ( 'NONE', #1746 ) ;
#2798 = DIRECTION ( 'NONE',  ( 0.0000000000000000000, 1.000000000000000000, 0.0000000000000000000 ) ) ;
#2799 = EDGE_CURVE ( 'NONE', #1835, #1199, #2796, .T. ) ;
#2800 = CARTESIAN_POINT ( 'NONE',  ( 45.99893049151635438, -43.13915652257929878, -9.881254335862600158 ) ) ;
#2801 = LINE ( 'NONE', #619, #1316 ) ;
#2802 = CARTESIAN_POINT ( 'NONE',  ( 8.912178122275097536, -44.45570423615851041, -9.673083422590678992 ) ) ;
#2803 = ORIENTED_EDGE ( 'NONE', *, *, #1077, .F. ) ;
#2804 = PERSON_AND_ORGANIZATION_ROLE ( 'creator' ) ;
#2805 = CIRCLE ( 'NONE', #5209, 1.000000000000000888 ) ;
#2806 = CARTESIAN_POINT ( 'NONE',  ( 27.49999999999999645, 3.149999999999998579, -15.84999999999999964 ) ) ;
#2807 = ORIENTED_EDGE ( 'NONE', *, *, #3196, .F. ) ;
#2808 = AXIS2_PLACEMENT_3D ( 'NONE', #4926, #2171, #4529 ) ;
#2809 = CARTESIAN_POINT ( 'NONE',  ( 26.36910911221528053, 6.469005884238519855, -6.282588050661991552 ) ) ;
#2810 = EDGE_CURVE ( 'NONE', #2537, #507, #4833, .T. ) ;
#2811 = ADVANCED_FACE ( 'NONE', ( #2506 ), #3599, .F. ) ;
#2812 = ORIENTED_EDGE ( 'NONE', *, *, #4938, .T. ) ;
#2813 = DIRECTION ( 'NONE',  ( 0.0000000000000000000, 0.0000000000000000000, 1.000000000000000000 ) ) ;
#2814 = ORIENTED_EDGE ( 'NONE', *, *, #5662, .T. ) ;
#2815 = DIRECTION ( 'NONE',  ( 0.0000000000000000000, 0.0000000000000000000, 1.000000000000000000 ) ) ;
#2816 = DIRECTION ( 'NONE',  ( 0.0000000000000000000, 0.0000000000000000000, 1.000000000000000000 ) ) ;
#2817 = VERTEX_POINT ( 'NONE', #803 ) ;
#2818 = B_SPLINE_CURVE_WITH_KNOTS ( 'NONE', 3,
 ( #1441, #2735, #3703, #2299, #976, #5111, #2754, #1427, #995, #5551, #5570, #2337, #2788, #108, #3276, #54, #568, #5133, #5609, #1068, #604, #3294, #589, #1482, #3801, #148 ),
 .UNSPECIFIED., .F., .F.,
 ( 4, 2, 2, 2, 2, 2, 2, 2, 2, 2, 2, 2, 4 ),
 ( 1.404617285391336434E-17, 0.0002770959613349083142, 0.0005541919226698026422, 0.001108383845339555845, 0.001662575768009309047, 0.001939671729344193346, 0.002216767690679077429, 0.002493863652013961728, 0.002770959613348846461, 0.003048055574683730760, 0.003325151536018615493, 0.003879343458688380188, 0.004433535381358145316 ),
 .UNSPECIFIED. ) ;
#2819 = EDGE_CURVE ( 'NONE', #3768, #1846, #1698, .T. ) ;
#2820 = EDGE_CURVE ( 'NONE', #2258, #4349, #5599, .T. ) ;
#2821 = ORIENTED_EDGE ( 'NONE', *, *, #5292, .F. ) ;
#2822 = CARTESIAN_POINT ( 'NONE',  ( 49.00000000000000000, -14.00000000000001066, -11.00000000000000000 ) ) ;
#2823 = CARTESIAN_POINT ( 'NONE',  ( 52.06385004289885643, -42.94601824108596588, -11.92595564441707090 ) ) ;
#2824 = ORIENTED_EDGE ( 'NONE', *, *, #1593, .F. ) ;
#2825 = EDGE_LOOP ( 'NONE', ( #5691, #982, #4786, #991 ) ) ;
#2826 = CARTESIAN_POINT ( 'NONE',  ( 21.50000000000000000, -40.00000000000000000, -5.708497377870814127 ) ) ;
#2827 = VERTEX_POINT ( 'NONE', #2752 ) ;
#2828 = CARTESIAN_POINT ( 'NONE',  ( 17.35537538441425198, 5.000000000000000000, -30.00000000000000000 ) ) ;
#2829 = ORIENTED_EDGE ( 'NONE', *, *, #596, .F. ) ;
#2830 = CARTESIAN_POINT ( 'NONE',  ( 16.27865328784088561, 3.595624323927652632, -7.017819028792652070 ) ) ;
#2831 = ORIENTED_EDGE ( 'NONE', *, *, #493, .F. ) ;
#2832 = CARTESIAN_POINT ( 'NONE',  ( 42.09462461558574375, 5.000000000000000000, -2.750000000000000000 ) ) ;
#2833 = DIRECTION ( 'NONE',  ( -0.0000000000000000000, -0.0000000000000000000, -1.000000000000000000 ) ) ;
#2834 = ORIENTED_EDGE ( 'NONE', *, *, #1269, .F. ) ;
#2835 = DIRECTION ( 'NONE',  ( 0.0000000000000000000, 0.0000000000000000000, 1.000000000000000000 ) ) ;
#2836 = ORIENTED_EDGE ( 'NONE', *, *, #2516, .T. ) ;
#2837 = VERTEX_POINT ( 'NONE', #2239 ) ;
#2838 = AXIS2_PLACEMENT_3D ( 'NONE', #1576, #1067, #1517 ) ;
#2839 = CARTESIAN_POINT ( 'NONE',  ( 26.89984156729788367, 3.245866807797824105, -15.81405082514985061 ) ) ;
#2840 = ORIENTED_EDGE ( 'NONE', *, *, #4572, .F. ) ;
#2841 = CARTESIAN_POINT ( 'NONE',  ( 20.55600191682269795, -39.34003429738687174, -7.027244242364879767 ) ) ;
#2842 = CARTESIAN_POINT ( 'NONE',  ( 0.0000000000000000000, -35.00000000000000000, 0.0000000000000000000 ) ) ;
#2843 = CARTESIAN_POINT ( 'NONE',  ( 12.16390825738432113, -0.4374935950922189121, -9.535073806451432432 ) ) ;
#2844 = ADVANCED_FACE ( 'NONE', ( #5898 ), #5443, .F. ) ;
#2845 = CARTESIAN_POINT ( 'NONE',  ( 16.79486370522961636, 6.160446152752038884, -14.89875042268682215 ) ) ;
#2846 = CARTESIAN_POINT ( 'NONE',  ( 8.882089421336152313, -44.18576657202491731, -9.609329599862180160 ) ) ;
#2847 = LINE ( 'NONE', #1405, #2706 ) ;
#2848 = AXIS2_PLACEMENT_3D ( 'NONE', #5424, #4954, #4058 ) ;
#2849 = EDGE_CURVE ( 'NONE', #770, #2699, #2072, .T. ) ;
#2850 = CARTESIAN_POINT ( 'NONE',  ( 8.877498913987855289, -74.00000000000001421, -9.599999999999994316 ) ) ;
#2851 = CARTESIAN_POINT ( 'NONE',  ( 37.69193247837186078, 5.379513563588297131, -7.259747302626327503 ) ) ;
#2852 = FACE_OUTER_BOUND ( 'NONE', #4489, .T. ) ;
#2853 = CARTESIAN_POINT ( 'NONE',  ( 42.97398483311980044, -0.7703929467663905850, -9.965126266269940913 ) ) ;
#2854 = EDGE_CURVE ( 'NONE', #5613, #5055, #5468, .T. ) ;
#2855 = CIRCLE ( 'NONE', #5243, 4.849999999999996980 ) ;
#2856 = CARTESIAN_POINT ( 'NONE',  ( 26.27660488972250974, 3.607002777733590904, -15.69400561478245848 ) ) ;
#2857 = LINE ( 'NONE', #3609, #1578 ) ;
#2858 = CARTESIAN_POINT ( 'NONE',  ( 15.79458290713568758, 6.449793849080724506, -14.99999999999999112 ) ) ;
#2859 = B_SPLINE_CURVE_WITH_KNOTS ( 'NONE', 3,
 ( #1043, #4696, #1456, #1021, #3774, #5187, #2864, #5643, #1892, #180, #1005, #5165, #2411, #2883, #4224, #5147, #5619, #4284, #5105, #5562, #2387, #2800, #104, #3266, #1475, #4659 ),
 .UNSPECIFIED., .F., .F.,
 ( 4, 2, 2, 2, 2, 2, 2, 2, 2, 2, 2, 2, 4 ),
 ( 2.110382192020081086E-17, 0.0002770959613349014837, 0.0005541919226697819339, 0.001108383845339542617, 0.001662575768009303626, 0.001939671729344189443, 0.002216767690679076128, 0.002493863652013961728, 0.002770959613348847328, 0.003048055574683733362, 0.003325151536018619396, 0.003879343458688380188, 0.004433535381358140980 ),
 .UNSPECIFIED. ) ;
#2860 = CARTESIAN_POINT ( 'NONE',  ( 55.00000000000000000, -67.00000000000000000, -21.50000000000001066 ) ) ;
#2861 = CARTESIAN_POINT ( 'NONE',  ( 51.89944624602740220, -43.63266921555428013, -9.645887456715431796 ) ) ;
#2862 = FACE_OUTER_BOUND ( 'NONE', #617, .T. ) ;
#2863 = LINE ( 'NONE', #2703, #5812 ) ;
#2864 = CARTESIAN_POINT ( 'NONE',  ( 45.99845561225210133, -43.13756535158317007, -12.11744784792325902 ) ) ;
#2865 = VECTOR ( 'NONE', #465, 1000.000000000000000 ) ;
#2866 = CARTESIAN_POINT ( 'NONE',  ( 39.49250991773718766, 3.589545518052108974, -14.98554273516666946 ) ) ;
#2867 = ORIENTED_EDGE ( 'NONE', *, *, #1132, .T. ) ;
#2868 = COORDINATED_UNIVERSAL_TIME_OFFSET ( 0, 0, .AHEAD. ) ;
#2870 = LINE ( 'NONE', #2373, #2579 ) ;
#2869 = DIRECTION ( 'NONE',  ( 0.0000000000000000000, 1.000000000000000000, 0.0000000000000000000 ) ) ;
#2871 = DIRECTION ( 'NONE',  ( -0.7071067811865426878, -0.7071067811865524577, -0.0000000000000000000 ) ) ;
#2872 = CARTESIAN_POINT ( 'NONE',  ( 38.62942616783959693, 3.623340674269927231, -7.027974791389040909 ) ) ;
#2873 = EDGE_LOOP ( 'NONE', ( #3130, #1231 ) ) ;
#2874 = ADVANCED_FACE ( 'NONE', ( #2862 ), #514, .T. ) ;
#2875 = LINE ( 'NONE', #5186, #1243 ) ;
#2876 = DIRECTION ( 'NONE',  ( -0.0000000000000000000, -0.0000000000000000000, 1.000000000000000000 ) ) ;
#2877 = ORIENTED_EDGE ( 'NONE', *, *, #3778, .T. ) ;
#2878 = CARTESIAN_POINT ( 'NONE',  ( 26.10560695725121860, 3.778196047057222895, -15.64607924488959867 ) ) ;
#2879 = CIRCLE ( 'NONE', #723, 3.999999999999999112 ) ;
#2880 = CARTESIAN_POINT ( 'NONE',  ( 3.122501086012366311, -74.00000000000001421, -12.39999999999999503 ) ) ;
#2881 = ORIENTED_EDGE ( 'NONE', *, *, #1790, .T. ) ;
#2882 = EDGE_CURVE ( 'NONE', #4539, #5833, #2232, .T. ) ;
#2883 = CARTESIAN_POINT ( 'NONE',  ( 45.79997739894068332, -42.59994834042931444, -10.90803313455498724 ) ) ;
#2884 = CARTESIAN_POINT ( 'NONE',  ( 9.063419357842915858, -45.05270911769282094, -11.92734262920314947 ) ) ;
#2885 = ORIENTED_EDGE ( 'NONE', *, *, #5709, .F. ) ;
#2886 = VERTEX_POINT ( 'NONE', #4138 ) ;
#2887 = AXIS2_PLACEMENT_3D ( 'NONE', #4061, #2619, #402 ) ;
#2888 = ORIENTED_EDGE ( 'NONE', *, *, #1636, .F. ) ;
#2889 = CARTESIAN_POINT ( 'NONE',  ( 37.68376248376127080, 4.615381409159925674, -7.262100261942914692 ) ) ;
#2890 = EDGE_CURVE ( 'NONE', #4920, #4251, #109, .T. ) ;
#2891 = ORIENTED_EDGE ( 'NONE', *, *, #4751, .F. ) ;
#2892 = DIRECTION ( 'NONE',  ( -0.0000000000000000000, 1.000000000000000000, -0.0000000000000000000 ) ) ;
#2893 = ORIENTED_EDGE ( 'NONE', *, *, #696, .F. ) ;
#2894 = EDGE_LOOP ( 'NONE', ( #5376, #3246, #4148, #1842 ) ) ;
#2895 = CARTESIAN_POINT ( 'NONE',  ( 6.000000000000000000, -18.50000000000001776, -14.19999999999999929 ) ) ;
#2896 = VERTEX_POINT ( 'NONE', #459 ) ;
#2897 = DIRECTION ( 'NONE',  ( 1.000000000000000000, -0.0000000000000000000, -0.0000000000000000000 ) ) ;
#2898 = B_SPLINE_CURVE_WITH_KNOTS ( 'NONE', 3,
 ( #2581, #851, #5431, #4486, #3030, #1756, #1695, #389, #5377, #325, #1258, #1733, #5822, #3488, #3050, #3070, #3505, #4442, #792, #4422, #3551, #1670, #348, #4880, #3982, #4005 ),
 .UNSPECIFIED., .F., .F.,
 ( 4, 2, 2, 2, 2, 2, 2, 2, 2, 2, 2, 2, 4 ),
 ( 0.002290161874716128716, 0.002575429675601696722, 0.002860697476487259958, 0.003431233078258391633, 0.003716500879143954435, 0.004001768680029517238, 0.004572304281800639372, 0.005142839883571760640, 0.005428107684457320406, 0.005713375485342880172, 0.006283911087113997970, 0.006569178887999556002, 0.006854446688885119238 ),
 .UNSPECIFIED. ) ;
#2899 = VERTEX_POINT ( 'NONE', #3627 ) ;
#2900 = EDGE_CURVE ( 'NONE', #507, #435, #4809, .T. ) ;
#2901 = EDGE_CURVE ( 'NONE', #5686, #5814, #3446, .T. ) ;
#2902 = DIRECTION ( 'NONE',  ( 0.0000000000000000000, -1.000000000000000000, 0.0000000000000000000 ) ) ;
#2903 = ADVANCED_FACE ( 'NONE', ( #1442 ), #4159, .F. ) ;
#2904 = EDGE_LOOP ( 'NONE', ( #2010, #926, #1133, #3955 ) ) ;
#2905 = DIRECTION ( 'NONE',  ( -0.7071067811865474617, -0.0000000000000000000, 0.7071067811865474617 ) ) ;
#2906 = ORIENTED_EDGE ( 'NONE', *, *, #1521, .F. ) ;
#2907 = CARTESIAN_POINT ( 'NONE',  ( 8.958447991827304335, -44.70685387807872502, -12.22206571762648686 ) ) ;
#2908 = ORIENTED_EDGE ( 'NONE', *, *, #332, .T. ) ;
#2909 = CARTESIAN_POINT ( 'NONE',  ( 17.35537538441492345, 4.999999999998893330, -7.278081814070639588 ) ) ;
#2910 = CYLINDRICAL_SURFACE ( 'NONE', #2600, 1.399999999999998579 ) ;
#2911 = DIRECTION ( 'NONE',  ( -1.000000000000000000, 0.0000000000000000000, 0.0000000000000000000 ) ) ;
#2912 = DIRECTION ( 'NONE',  ( 0.0000000000000000000, -1.000000000000000000, 0.0000000000000000000 ) ) ;
#2913 = ORIENTED_EDGE ( 'NONE', *, *, #4152, .T. ) ;
#2914 = ORIENTED_EDGE ( 'NONE', *, *, #2810, .F. ) ;
#2915 = VECTOR ( 'NONE', #3530, 1000.000000000000000 ) ;
#2916 = CARTESIAN_POINT ( 'NONE',  ( 12.29289321881344854, -0.2928932188134524273, -21.20710678118654258 ) ) ;
#2917 = CARTESIAN_POINT ( 'NONE',  ( 2.860247578145034275, -75.25661478876656929, -10.37606210929853390 ) ) ;
#2918 = FACE_OUTER_BOUND ( 'NONE', #4848, .T. ) ;
#2919 = CARTESIAN_POINT ( 'NONE',  ( 55.00000000000000000, 10.00000000000000000, -0.4999999999999935052 ) ) ;
#2920 = CARTESIAN_POINT ( 'NONE',  ( 9.139446723294149422, -45.25585994774970544, -11.62558191102215588 ) ) ;
#2921 = AXIS2_PLACEMENT_3D ( 'NONE', #3948, #2567, #2176 ) ;
#2922 = EDGE_CURVE ( 'NONE', #446, #2078, #4105, .T. ) ;
#2923 = CIRCLE ( 'NONE', #3890, 4.950000000000002842 ) ;
#2924 = FACE_OUTER_BOUND ( 'NONE', #12, .T. ) ;
#2925 = CARTESIAN_POINT ( 'NONE',  ( 11.49999999999999645, -35.50000000000000711, -22.00000000000000000 ) ) ;
#2926 = CARTESIAN_POINT ( 'NONE',  ( 55.00000000000000000, -74.00000000000001421, -10.99999999999999645 ) ) ;
#2927 = ADVANCED_FACE ( 'NONE', ( #3873 ), #5035, .F. ) ;
#2928 = LINE ( 'NONE', #5669, #5733 ) ;
#2929 = CYLINDRICAL_SURFACE ( 'NONE', #5752, 1.149999999999999911 ) ;
#2930 = CARTESIAN_POINT ( 'NONE',  ( 25.89685367576902308, 5.931095532962837424, -15.57792905925762206 ) ) ;
#2931 = EDGE_CURVE ( 'NONE', #4283, #555, #4667, .T. ) ;
#2932 = CARTESIAN_POINT ( 'NONE',  ( 43.00000000000000000, -15.00000000000000000, -0.4999999999999935052 ) ) ;
#2933 = DIRECTION ( 'NONE',  ( 0.0000000000000000000, 1.000000000000000000, 0.0000000000000000000 ) ) ;
#2934 = DIRECTION ( 'NONE',  ( -0.0000000000000000000, -0.0000000000000000000, 1.000000000000000000 ) ) ;
#2935 = CYLINDRICAL_SURFACE ( 'NONE', #427, 1.850000000000000977 ) ;
#2936 = B_SPLINE_CURVE_WITH_KNOTS ( 'NONE', 3,
 ( #5119, #117, #628, #2841, #3771, #5100, #1037, #5556, #4234, #1489, #5160, #5614 ),
 .UNSPECIFIED., .F., .F.,
 ( 4, 2, 2, 2, 2, 4 ),
 ( 0.0000000000000000000, 0.0002716896256230723165, 0.0005433792512461446331, 0.001086758502492308999, 0.001630137753738473364, 0.002173517004984637947 ),
 .UNSPECIFIED. ) ;
#2937 = ORIENTED_EDGE ( 'NONE', *, *, #1630, .F. ) ;
#2938 = CARTESIAN_POINT ( 'NONE',  ( 28.43156993898881169, 3.397118784722588991, -6.239204051985655752 ) ) ;
#2939 = CARTESIAN_POINT ( 'NONE',  ( 2.915627880005768890, -75.11155037805734480, -11.85595311304894572 ) ) ;
#2940 = CARTESIAN_POINT ( 'NONE',  ( -2.936255349146469129, -0.5954635771193983462, -18.56374465085357528 ) ) ;
#2941 = LINE ( 'NONE', #4585, #2305 ) ;
#2942 = AXIS2_PLACEMENT_3D ( 'NONE', #4076, #3578, #376 ) ;
#2943 = CARTESIAN_POINT ( 'NONE',  ( 8.896633427261258831, -44.37109715242131358, -12.36212111305040651 ) ) ;
#2944 = ORIENTED_EDGE ( 'NONE', *, *, #2132, .F. ) ;
#2945 = CARTESIAN_POINT ( 'NONE',  ( 55.00000000000000000, 10.00000000000000000, -17.49999999999998579 ) ) ;
#2946 = CYLINDRICAL_SURFACE ( 'NONE', #5091, 1.399999999999998579 ) ;
#2947 = CARTESIAN_POINT ( 'NONE',  ( 37.68355597644018218, 5.383695416933712785, -14.73781480397275878 ) ) ;
#2948 = ORIENTED_EDGE ( 'NONE', *, *, #4319, .F. ) ;
#2949 = FACE_BOUND ( 'NONE', #5476, .T. ) ;
#2950 = DIRECTION ( 'NONE',  ( 0.0000000000000000000, -0.0000000000000000000, 1.000000000000000000 ) ) ;
#2951 = EDGE_LOOP ( 'NONE', ( #3194, #4630, #1332, #5076 ) ) ;
#2952 = CARTESIAN_POINT ( 'NONE',  ( 43.00000000000000000, -74.00000000000001421, -12.39999999999999503 ) ) ;
#2953 = CARTESIAN_POINT ( 'NONE',  ( 49.00000000000000000, -18.50000000000000000, -11.00000000000000000 ) ) ;
#2954 = ORIENTED_EDGE ( 'NONE', *, *, #5633, .F. ) ;
#2955 = CARTESIAN_POINT ( 'NONE',  ( 29.10427812244518009, 4.070946554639320425, -6.422476299872785788 ) ) ;
#2956 = DIRECTION ( 'NONE',  ( 0.0000000000000000000, 0.0000000000000000000, 1.000000000000000000 ) ) ;
#2957 = ADVANCED_FACE ( 'NONE', ( #254 ), #4037, .F. ) ;
#2958 = ORIENTED_EDGE ( 'NONE', *, *, #4553, .T. ) ;
#2959 = AXIS2_PLACEMENT_3D ( 'NONE', #4827, #692, #4762 ) ;
#2960 = EDGE_CURVE ( 'NONE', #645, #1470, #1590, .T. ) ;
#2961 = PLANE ( 'NONE',  #500 ) ;
#2962 = ORIENTED_EDGE ( 'NONE', *, *, #2664, .T. ) ;
#2963 = CARTESIAN_POINT ( 'NONE',  ( 43.00000000000000000, -44.00000000000001421, -12.39999999999999503 ) ) ;
#2964 = VERTEX_POINT ( 'NONE', #1844 ) ;
#2965 = ORIENTED_EDGE ( 'NONE', *, *, #4781, .F. ) ;
#2966 = CARTESIAN_POINT ( 'NONE',  ( 52.08446357166558016, -45.11733626813992259, -11.86257920188085180 ) ) ;
#2967 = ORIENTED_EDGE ( 'NONE', *, *, #4624, .T. ) ;
#2968 = ORIENTED_EDGE ( 'NONE', *, *, #4100, .T. ) ;
#2969 = CARTESIAN_POINT ( 'NONE',  ( 42.99999999999998579, -0.9478782781886894160, -11.93161150701352291 ) ) ;
#2970 = EDGE_CURVE ( 'NONE', #2763, #353, #3590, .T. ) ;
#2971 = ORIENTED_EDGE ( 'NONE', *, *, #5330, .F. ) ;
#2972 = CARTESIAN_POINT ( 'NONE',  ( 39.10077083408302911, 3.550013026266034988, -9.000000000000000000 ) ) ;
#2973 = CARTESIAN_POINT ( 'NONE',  ( 49.00000000000000000, -14.00000000000000000, -9.850000000000003197 ) ) ;
#2974 = ORIENTED_EDGE ( 'NONE', *, *, #688, .T. ) ;
#2975 = CARTESIAN_POINT ( 'NONE',  ( 12.01727448666287579, -0.8096606593654428474, -12.00135384834251795 ) ) ;
#2976 = CARTESIAN_POINT ( 'NONE',  ( 49.00000000000000000, -18.50000000000001776, -11.00000000000000000 ) ) ;
#2977 = VERTEX_POINT ( 'NONE', #17 ) ;
#2978 = B_SPLINE_CURVE_WITH_KNOTS ( 'NONE', 3,
 ( #4399, #3981, #4004, #4879, #4861, #1216, #4420, #3915, #2104, #1668, #4901, #3048 ),
 .UNSPECIFIED., .F., .F.,
 ( 4, 2, 2, 2, 2, 4 ),
 ( 0.006860891297807650974, 0.007431643340592477762, 0.008002395383377304550, 0.008287771404769713607, 0.008573147426162120929, 0.009143899468946933839 ),
 .UNSPECIFIED. ) ;
#2979 = EDGE_CURVE ( 'NONE', #2896, #4073, #412, .T. ) ;
#2980 = FACE_OUTER_BOUND ( 'NONE', #5636, .T. ) ;
#2981 = DIRECTION ( 'NONE',  ( 0.0000000000000000000, 0.0000000000000000000, 1.000000000000000000 ) ) ;
#2982 = EDGE_LOOP ( 'NONE', ( #3552, #1976, #3641, #2420, #626 ) ) ;
#2983 = DIRECTION ( 'NONE',  ( -0.0000000000000000000, -0.0000000000000000000, 1.000000000000000000 ) ) ;
#2984 = DIRECTION ( 'NONE',  ( -0.6583521792384005034, 0.3648901426239268275, 0.6583521792383915106 ) ) ;
#2985 = ORIENTED_EDGE ( 'NONE', *, *, #2571, .T. ) ;
#2986 = CARTESIAN_POINT ( 'NONE',  ( 15.89922916591675062, 3.550013026263717286, -7.000010647201273528 ) ) ;
#2987 = CIRCLE ( 'NONE', #267, 1.149999999999996581 ) ;
#2988 = CARTESIAN_POINT ( 'NONE',  ( 51.87749891398762259, -44.18468726948769643, -9.599999999999996092 ) ) ;
#2989 = CARTESIAN_POINT ( 'NONE',  ( 11.99999999999999645, 0.4999999999999935052, -22.00000000000000000 ) ) ;
#2990 = DIRECTION ( 'NONE',  ( 0.0000000000000000000, 0.0000000000000000000, 1.000000000000000000 ) ) ;
#2991 = VECTOR ( 'NONE', #4682, 1000.000000000000000 ) ;
#2992 = ADVANCED_FACE ( 'NONE', ( #2364 ), #5820, .F. ) ;
#2993 = PLANE ( 'NONE',  #456 ) ;
#2994 = CARTESIAN_POINT ( 'NONE',  ( 55.00000000000000000, 10.00000000000000000, -4.500000000000004441 ) ) ;
#2995 = FACE_OUTER_BOUND ( 'NONE', #5764, .T. ) ;
#2996 = DIRECTION ( 'NONE',  ( -0.0000000000000000000, -0.0000000000000000000, 1.000000000000000000 ) ) ;
#2997 = DIRECTION ( 'NONE',  ( 1.000000000000000000, 0.0000000000000000000, 0.0000000000000000000 ) ) ;
#2998 = EDGE_CURVE ( 'NONE', #1116, #2242, #335, .T. ) ;
#2999 = DIRECTION ( 'NONE',  ( 0.0000000000000000000, 1.000000000000000000, 0.0000000000000000000 ) ) ;
#3000 = CARTESIAN_POINT ( 'NONE',  ( 11.49999999999999645, -30.00000000000000355, -4.000000000000004441 ) ) ;
#3001 = VECTOR ( 'NONE', #4637, 1000.000000000000000 ) ;
#3002 = DIRECTION ( 'NONE',  ( -0.0000000000000000000, 1.000000000000000000, 0.0000000000000000000 ) ) ;
#3003 = VECTOR ( 'NONE', #1863, 1000.000000000000000 ) ;
#3004 = CARTESIAN_POINT ( 'NONE',  ( 6.000000000000000000, -79.00000000000001421, -11.00000000000000000 ) ) ;
#3005 = EDGE_CURVE ( 'NONE', #5425, #3399, #1038, .T. ) ;
#3006 = FACE_OUTER_BOUND ( 'NONE', #4622, .T. ) ;
#3008 = CYLINDRICAL_SURFACE ( 'NONE', #1025, 1.449999999999999956 ) ;
#3007 = CARTESIAN_POINT ( 'NONE',  ( 40.51876747658479871, 5.381208619447297892, -7.255487849961656188 ) ) ;
#3009 = ORIENTED_EDGE ( 'NONE', *, *, #953, .F. ) ;
#3010 = CARTESIAN_POINT ( 'NONE',  ( 2.831393063325715609, -45.32706547708743017, -11.45524892494459657 ) ) ;
#3011 = ORIENTED_EDGE ( 'NONE', *, *, #131, .F. ) ;
#3012 = LINE ( 'NONE', #2640, #4737 ) ;
#3013 = CARTESIAN_POINT ( 'NONE',  ( 0.4999999999999935052, 10.00000000000000000, -21.50000000000000355 ) ) ;
#3014 = FACE_OUTER_BOUND ( 'NONE', #796, .T. ) ;
#3015 = DIRECTION ( 'NONE',  ( -0.0000000000000000000, -1.000000000000000000, -0.0000000000000000000 ) ) ;
#3016 = EDGE_CURVE ( 'NONE', #4687, #1046, #2870, .T. ) ;
#3017 = EDGE_CURVE ( 'NONE', #5430, #4396, #1657, .T. ) ;
#3018 = VERTEX_POINT ( 'NONE', #4648 ) ;
#3019 = DIRECTION ( 'NONE',  ( -0.0000000000000000000, -1.000000000000000000, -0.0000000000000000000 ) ) ;
#3020 = DIRECTION ( 'NONE',  ( -0.0000000000000000000, -0.0000000000000000000, 1.000000000000000000 ) ) ;
#3021 = CARTESIAN_POINT ( 'NONE',  ( 54.50000000000000000, 10.00000000000000000, 0.0000000000000000000 ) ) ;
#3022 = LINE ( 'NONE', #3717, #5905 ) ;
#3023 = CARTESIAN_POINT ( 'NONE',  ( 9.122194337125572261, -72.78744470347096751, -11.70562711651190035 ) ) ;
#3024 = CARTESIAN_POINT ( 'NONE',  ( 45.79997574231243362, -75.40005544614503208, -11.18428206009112635 ) ) ;
#3025 = ADVANCED_FACE ( 'NONE', ( #3014 ), #4387, .F. ) ;
#3026 = ORIENTED_EDGE ( 'NONE', *, *, #3519, .T. ) ;
#3027 = CARTESIAN_POINT ( 'NONE',  ( 52.18309321011523139, -72.63756680476021188, -11.37053024668288970 ) ) ;
#3028 = DIRECTION ( 'NONE',  ( -0.0000000000000000000, -0.0000000000000000000, 1.000000000000000000 ) ) ;
#3029 = FACE_BOUND ( 'NONE', #207, .T. ) ;
#3030 = CARTESIAN_POINT ( 'NONE',  ( 15.42088060978711361, 3.625713807467522365, -7.026606772853196681 ) ) ;
#3031 = ORIENTED_EDGE ( 'NONE', *, *, #3420, .F. ) ;
#3032 = CARTESIAN_POINT ( 'NONE',  ( 11.99999999999999645, -1.000000000000000888, -21.50000000000000000 ) ) ;
#3033 = VERTEX_POINT ( 'NONE', #1009 ) ;
#3034 = CARTESIAN_POINT ( 'NONE',  ( 43.50000000000000000, -35.50000000000000711, -22.00000000000000000 ) ) ;
#3035 = ORIENTED_EDGE ( 'NONE', *, *, #1566, .T. ) ;
#3036 = VERTEX_POINT ( 'NONE', #2806 ) ;
#3037 = CARTESIAN_POINT ( 'NONE',  ( 0.4999999999999932832, -67.00000000000000000, -5.421010862427523403E-17 ) ) ;
#3038 = CARTESIAN_POINT ( 'NONE',  ( 51.87749891398786417, -74.00000000000001421, -12.39999999999999858 ) ) ;
#3039 = EDGE_LOOP ( 'NONE', ( #906, #78, #205, #956 ) ) ;
#3040 = CARTESIAN_POINT ( 'NONE',  ( -13.00000000000003197, -32.50000000000000711, -21.99999999999998579 ) ) ;
#3041 = EDGE_LOOP ( 'NONE', ( #76, #964, #4885, #1467 ) ) ;
#3042 = AXIS2_PLACEMENT_3D ( 'NONE', #3856, #4324, #5250 ) ;
#3043 = VERTEX_POINT ( 'NONE', #3275 ) ;
#3044 = EDGE_CURVE ( 'NONE', #3171, #425, #1583, .T. ) ;
#3045 = CARTESIAN_POINT ( 'NONE',  ( 39.09462461558574375, 5.000000000000000000, -30.00000000000000000 ) ) ;
#3046 = CARTESIAN_POINT ( 'NONE',  ( 52.00108510713437227, -73.13900425594948729, -12.11882614508787448 ) ) ;
#3047 = EDGE_LOOP ( 'NONE', ( #1615, #3963, #3897, #3536 ) ) ;
#3048 = CARTESIAN_POINT ( 'NONE',  ( 40.55691705258031021, 5.000000000000000000, -14.72913274675926232 ) ) ;
#3049 = ORIENTED_EDGE ( 'NONE', *, *, #3584, .F. ) ;
#3050 = CARTESIAN_POINT ( 'NONE',  ( 14.48148102785299152, 5.381743100264124280, -7.255401355350166170 ) ) ;
#3051 = ORIENTED_EDGE ( 'NONE', *, *, #2009, .F. ) ;
#3052 = CARTESIAN_POINT ( 'NONE',  ( 25.71032430713833250, 4.515736293531611878, -6.492202840522760532 ) ) ;
#3053 = VERTEX_POINT ( 'NONE', #655 ) ;
#3054 = CARTESIAN_POINT ( 'NONE',  ( 2.915698793690502999, -45.11135795130592641, -10.14377747018066245 ) ) ;
#3055 = EDGE_CURVE ( 'NONE', #3674, #2549, #1002, .T. ) ;
#3056 = ADVANCED_FACE ( 'NONE', ( #2004 ), #5251, .F. ) ;
#3057 = EDGE_LOOP ( 'NONE', ( #3390, #4690, #15, #780 ) ) ;
#3058 = CARTESIAN_POINT ( 'NONE',  ( 20.49999999999999645, -35.00000000000000000, 0.0000000000000000000 ) ) ;
#3059 = VECTOR ( 'NONE', #5592, 1000.000000000000114 ) ;
#3060 = VERTEX_POINT ( 'NONE', #3839 ) ;
#3061 = DIRECTION ( 'NONE',  ( 0.0000000000000000000, -1.000000000000000000, 0.0000000000000000000 ) ) ;
#3062 = CARTESIAN_POINT ( 'NONE',  ( 42.51706398339741355, -0.1028504210243381539, -21.39714957897565739 ) ) ;
#3063 = ORIENTED_EDGE ( 'NONE', *, *, #4053, .T. ) ;
#3064 = AXIS2_PLACEMENT_3D ( 'NONE', #1109, #2424, #138 ) ;
#3065 = CARTESIAN_POINT ( 'NONE',  ( 29.35000000000000142, 5.000000000000000000, -15.48330235429197543 ) ) ;
#3066 = CARTESIAN_POINT ( 'NONE',  ( 46.04109391529634365, -74.70913043484210903, -9.778991241147915403 ) ) ;
#3067 = CYLINDRICAL_SURFACE ( 'NONE', #5469, 4.849999999999996980 ) ;
#3068 = DIRECTION ( 'NONE',  ( 0.5773502691896337247, 0.5773502691896177375, -0.5773502691896257311 ) ) ;
#3069 = DESIGN_CONTEXT ( 'detailed design', #826, 'design' ) ;
#3070 = CARTESIAN_POINT ( 'NONE',  ( 14.59049390432636173, 5.643990472207549125, -7.216777817334821599 ) ) ;
#3071 = VECTOR ( 'NONE', #3539, 1000.000000000000114 ) ;
#3072 = AXIS2_PLACEMENT_3D ( 'NONE', #3247, #1434, #48 ) ;
#3073 = CARTESIAN_POINT ( 'NONE',  ( 43.00000000000000000, -2.222876179246463746, -0.4999999999999935052 ) ) ;
#3074 = CARTESIAN_POINT ( 'NONE',  ( 27.49999999999999645, 10.00000000000000000, -6.150000000000001243 ) ) ;
#3075 = DIRECTION ( 'NONE',  ( -1.000000000000000000, 0.0000000000000000000, 0.0000000000000000000 ) ) ;
#3076 = VECTOR ( 'NONE', #3720, 1000.000000000000000 ) ;
#3077 = CIRCLE ( 'NONE', #2368, 1.449999999999999956 ) ;
#3078 = DIRECTION ( 'NONE',  ( 0.0000000000000000000, 0.5299989400031797082, 0.8479983040050880216 ) ) ;
#3079 = CARTESIAN_POINT ( 'NONE',  ( 42.70710678118653902, -0.2928932188134472092, -21.20710678118654968 ) ) ;
#3080 = AXIS2_PLACEMENT_3D ( 'NONE', #4803, #3877, #1138 ) ;
#3081 = CARTESIAN_POINT ( 'NONE',  ( 39.10077083408302911, 3.550013026266034988, -14.99998935279788803 ) ) ;
#3082 = EDGE_CURVE ( 'NONE', #2016, #1401, #4113, .T. ) ;
#3083 = CIRCLE ( 'NONE', #1928, 3.999999999999995559 ) ;
#3084 = VECTOR ( 'NONE', #1642, 1000.000000000000000 ) ;
#3085 = CARTESIAN_POINT ( 'NONE',  ( 8.958974178188226389, -73.29050284336582877, -9.779145805958275872 ) ) ;
#3086 = ADVANCED_FACE ( 'NONE', ( #891 ), #1100, .F. ) ;
#3087 = DIRECTION ( 'NONE',  ( 0.0000000000000000000, 0.0000000000000000000, 1.000000000000000000 ) ) ;
#3088 = VECTOR ( 'NONE', #4438, 1000.000000000000000 ) ;
#3089 = LINE ( 'NONE', #289, #3516 ) ;
#3090 = CARTESIAN_POINT ( 'NONE',  ( 12.00000000000000355, -44.00000000000001421, -9.599999999999997868 ) ) ;
#3091 = ORIENTED_EDGE ( 'NONE', *, *, #4064, .F. ) ;
#3092 = EDGE_CURVE ( 'NONE', #5779, #1199, #1869, .T. ) ;
#3093 = CARTESIAN_POINT ( 'NONE',  ( 0.0000000000000000000, 0.4999999999999935052, 0.0000000000000000000 ) ) ;
#3094 = FACE_OUTER_BOUND ( 'NONE', #2671, .T. ) ;
#3095 = CARTESIAN_POINT ( 'NONE',  ( 43.00000000000000000, -44.00000000000001421, -9.599999999999997868 ) ) ;
#3096 = ORIENTED_EDGE ( 'NONE', *, *, #2709, .F. ) ;
#3097 = CARTESIAN_POINT ( 'NONE',  ( 45.99845561225208712, -73.13756535158314875, -12.11744784792325902 ) ) ;
#3098 = VECTOR ( 'NONE', #3391, 1000.000000000000000 ) ;
#3099 = AXIS2_PLACEMENT_3D ( 'NONE', #1900, #2792, #5612 ) ;
#3100 = CARTESIAN_POINT ( 'NONE',  ( 27.49999999999999645, 0.0000000000000000000, -11.00000000000000000 ) ) ;
#3101 = DIRECTION ( 'NONE',  ( -0.0000000000000000000, 0.0000000000000000000, 1.000000000000000000 ) ) ;
#3102 = DIRECTION ( 'NONE',  ( 0.0000000000000000000, 1.000000000000000000, 0.0000000000000000000 ) ) ;
#3103 = ORIENTED_EDGE ( 'NONE', *, *, #5244, .F. ) ;
#3104 = CARTESIAN_POINT ( 'NONE',  ( 29.16022566425281326, 4.174735885317866213, -15.55726625404303221 ) ) ;
#3105 = ORIENTED_EDGE ( 'NONE', *, *, #2505, .T. ) ;
#3106 = DIRECTION ( 'NONE',  ( 0.0000000000000000000, -0.5299989400031797082, 0.8479983040050880216 ) ) ;
#3107 = VERTEX_POINT ( 'NONE', #5702 ) ;
#3108 = AXIS2_PLACEMENT_3D ( 'NONE', #3109, #4, #2704 ) ;
#3109 = CARTESIAN_POINT ( 'NONE',  ( 15.90537538441425269, 5.000000000000000000, -30.00000000000000000 ) ) ;
#3110 = ORIENTED_EDGE ( 'NONE', *, *, #4473, .T. ) ;
#3111 = ORIENTED_EDGE ( 'NONE', *, *, #5698, .T. ) ;
#3112 = DIRECTION ( 'NONE',  ( 1.000000000000000000, -0.0000000000000000000, -0.0000000000000000000 ) ) ;
#3113 = ORIENTED_EDGE ( 'NONE', *, *, #3206, .T. ) ;
#3114 = ORIENTED_EDGE ( 'NONE', *, *, #5633, .T. ) ;
#3115 = EDGE_CURVE ( 'NONE', #3477, #2886, #5475, .T. ) ;
#3116 = ORIENTED_EDGE ( 'NONE', *, *, #2211, .T. ) ;
#3117 = CARTESIAN_POINT ( 'NONE',  ( 3.087821877724899799, -43.54429576384151090, -9.673083422590680769 ) ) ;
#3118 = CARTESIAN_POINT ( 'NONE',  ( 51.91217812227510819, -74.45570423615851041, -12.32691657740932456 ) ) ;
#3119 = ORIENTED_EDGE ( 'NONE', *, *, #4185, .F. ) ;
#3120 = CARTESIAN_POINT ( 'NONE',  ( 20.49999999999999645, -39.00000000000000000, 0.0000000000000000000 ) ) ;
#3121 = ADVANCED_FACE ( 'NONE', ( #540 ), #5194, .T. ) ;
#3122 = DIRECTION ( 'NONE',  ( 0.0000000000000000000, 0.0000000000000000000, -1.000000000000000000 ) ) ;
#3123 = EDGE_LOOP ( 'NONE', ( #4340, #5577, #1240, #3114 ) ) ;
#3124 = AXIS2_PLACEMENT_3D ( 'NONE', #4488, #371, #350 ) ;
#3125 = EDGE_CURVE ( 'NONE', #864, #4992, #4031, .T. ) ;
#3126 = CARTESIAN_POINT ( 'NONE',  ( 11.99999999999999645, -15.00000000000000000, -4.499999999999998224 ) ) ;
#3127 = CARTESIAN_POINT ( 'NONE',  ( 0.0000000000000000000, -35.50000000000000000, 0.0000000000000000000 ) ) ;
#3128 = VECTOR ( 'NONE', #4709, 1000.000000000000000 ) ;
#3129 = ORIENTED_EDGE ( 'NONE', *, *, #5780, .T. ) ;
#3130 = ORIENTED_EDGE ( 'NONE', *, *, #2970, .T. ) ;
#3131 = DIRECTION ( 'NONE',  ( 0.7071067811865475727, 0.0000000000000000000, -0.7071067811865475727 ) ) ;
#3132 = DIRECTION ( 'NONE',  ( 0.0000000000000000000, 0.0000000000000000000, 1.000000000000000000 ) ) ;
#3133 = EDGE_CURVE ( 'NONE', #5134, #3767, #4315, .T. ) ;
#3134 = CIRCLE ( 'NONE', #4759, 3.199999999999999734 ) ;
#3135 = EDGE_CURVE ( 'NONE', #505, #636, #480, .T. ) ;
#3136 = CARTESIAN_POINT ( 'NONE',  ( 46.12250108601237031, -73.90619551722986103, -12.39999999999999503 ) ) ;
#3137 = CARTESIAN_POINT ( 'NONE',  ( 46.11790718143038958, -44.18601716708317895, -9.609334584225070586 ) ) ;
#3138 = CARTESIAN_POINT ( 'NONE',  ( 3.122501086012367644, -43.81531273051233200, -12.39999999999999858 ) ) ;
#3139 = LINE ( 'NONE', #3796, #2991 ) ;
#3140 = DIRECTION ( 'NONE',  ( 0.0000000000000000000, 0.0000000000000000000, -1.000000000000000000 ) ) ;
#3141 = AXIS2_PLACEMENT_3D ( 'NONE', #4552, #1782, #5028 ) ;
#3142 = PLANE ( 'NONE',  #2261 ) ;
#3143 = VECTOR ( 'NONE', #815, 1000.000000000000000 ) ;
#3144 = CARTESIAN_POINT ( 'NONE',  ( 11.99999999999999645, -28.00826881492389475, -8.130168009327430667 ) ) ;
#3145 = LINE ( 'NONE', #1288, #4450 ) ;
#3146 = AXIS2_PLACEMENT_3D ( 'NONE', #4189, #2329, #4114 ) ;
#3148 = LINE ( 'NONE', #216, #1503 ) ;
#3147 = CARTESIAN_POINT ( 'NONE',  ( 39.10999999999999943, 2.000000000000000000, -11.00000000000000000 ) ) ;
#3149 = FACE_OUTER_BOUND ( 'NONE', #4614, .T. ) ;
#3150 = ADVANCED_FACE ( 'NONE', ( #2791 ), #4326, .T. ) ;
#3151 = DIRECTION ( 'NONE',  ( 0.0000000000000000000, -1.000000000000000000, 0.0000000000000000000 ) ) ;
#3152 = PLANE ( 'NONE',  #2523 ) ;
#3153 = LINE ( 'NONE', #4351, #1161 ) ;
#3154 = DIRECTION ( 'NONE',  ( 0.0000000000000000000, -0.0000000000000000000, 1.000000000000000000 ) ) ;
#3155 = LINE ( 'NONE', #5819, #1935 ) ;
#3156 = FACE_OUTER_BOUND ( 'NONE', #3828, .T. ) ;
#3157 = CARTESIAN_POINT ( 'NONE',  ( 46.10055375397259070, -44.36733078444571987, -9.645887456715431796 ) ) ;
#3158 = ORIENTED_EDGE ( 'NONE', *, *, #4100, .F. ) ;
#3159 = DIRECTION ( 'NONE',  ( 0.0000000000000000000, 0.0000000000000000000, 1.000000000000000000 ) ) ;
#3160 = DIRECTION ( 'NONE',  ( 0.0000000000000000000, 0.5299989400031798192, 0.8479983040050881327 ) ) ;
#3161 = AXIS2_PLACEMENT_3D ( 'NONE', #745, #279, #2143 ) ;
#3162 = CARTESIAN_POINT ( 'NONE',  ( 54.50000000000000711, 10.00000000000000000, 0.0000000000000000000 ) ) ;
#3163 = EDGE_CURVE ( 'NONE', #1279, #4701, #2361, .T. ) ;
#3164 = FACE_OUTER_BOUND ( 'NONE', #1770, .T. ) ;
#3165 = CARTESIAN_POINT ( 'NONE',  ( 16.86094026295764792, 6.094656968625794313, -7.119012816023896129 ) ) ;
#3166 = ORIENTED_EDGE ( 'NONE', *, *, #5623, .T. ) ;
#3167 = DIRECTION ( 'NONE',  ( 0.0000000000000000000, -0.5299989400031799303, 0.8479983040050880216 ) ) ;
#3168 = VECTOR ( 'NONE', #5381, 1000.000000000000000 ) ;
#3169 = CARTESIAN_POINT ( 'NONE',  ( 40.55691705258031021, 5.000000000000000000, -7.270867253240735906 ) ) ;
#3170 = EDGE_CURVE ( 'NONE', #113, #4915, #4602, .T. ) ;
#3171 = VERTEX_POINT ( 'NONE', #3032 ) ;
#3172 = CARTESIAN_POINT ( 'NONE',  ( 12.99999999999999822, -1.000000000000000888, 0.0000000000000000000 ) ) ;
#3173 = CARTESIAN_POINT ( 'NONE',  ( 27.49999999999999645, -40.00000000000000000, -11.00000000000000000 ) ) ;
#3174 = VECTOR ( 'NONE', #1286, 1000.000000000000000 ) ;
#3175 = DIRECTION ( 'NONE',  ( 0.0000000000000000000, 0.5299989400031798192, -0.8479983040050881327 ) ) ;
#3176 = VERTEX_POINT ( 'NONE', #5273 ) ;
#3177 = AXIS2_PLACEMENT_3D ( 'NONE', #5202, #1526, #5161 ) ;
#3178 = CARTESIAN_POINT ( 'NONE',  ( 45.86024757814503516, -45.25661478876653376, -11.62393789070147676 ) ) ;
#3179 = ORIENTED_EDGE ( 'NONE', *, *, #5526, .T. ) ;
#3180 = CARTESIAN_POINT ( 'NONE',  ( 54.50000000000000000, 9.500000000000000000, 0.0000000000000000000 ) ) ;
#3181 = ADVANCED_FACE ( 'NONE', ( #2084, #610, #5180 ), #775, .T. ) ;
#3182 = VERTEX_POINT ( 'NONE', #1158 ) ;
#3183 = DIRECTION ( 'NONE',  ( -0.0000000000000000000, 1.000000000000000000, 0.0000000000000000000 ) ) ;
#3184 = EDGE_LOOP ( 'NONE', ( #987, #5432, #374, #4132, #1956 ) ) ;
#3185 = VERTEX_POINT ( 'NONE', #4865 ) ;
#3186 = AXIS2_PLACEMENT_3D ( 'NONE', #4168, #4620, #4130 ) ;
#3187 = ORIENTED_EDGE ( 'NONE', *, *, #1567, .F. ) ;
#3188 = CARTESIAN_POINT ( 'NONE',  ( 40.55691705258031021, 5.000000000000000000, -18.00000000000000000 ) ) ;
#3189 = ORIENTED_EDGE ( 'NONE', *, *, #3135, .T. ) ;
#3190 = CARTESIAN_POINT ( 'NONE',  ( 55.00000000000000000, 9.500000000000000000, 0.0000000000000000000 ) ) ;
#3191 = EDGE_LOOP ( 'NONE', ( #2944, #5065, #4757, #218 ) ) ;
#3192 = ORIENTED_EDGE ( 'NONE', *, *, #545, .T. ) ;
#3193 = CARTESIAN_POINT ( 'NONE',  ( -13.00000000000003197, -5.000000000000000888, -4.000000000000004441 ) ) ;
#3194 = ORIENTED_EDGE ( 'NONE', *, *, #1437, .T. ) ;
#3195 = DIRECTION ( 'NONE',  ( 0.0000000000000000000, -1.000000000000000000, 0.0000000000000000000 ) ) ;
#3196 = EDGE_CURVE ( 'NONE', #4679, #4500, #3323, .T. ) ;
#3197 = DIRECTION ( 'NONE',  ( 0.0000000000000000000, 0.5299989400031797082, 0.8479983040050880216 ) ) ;
#3198 = VERTEX_POINT ( 'NONE', #2510 ) ;
#3199 = CARTESIAN_POINT ( 'NONE',  ( 2.804069696034957815, -42.60922993297393901, -10.81475114649770042 ) ) ;
#3200 = CARTESIAN_POINT ( 'NONE',  ( 43.00000000000000000, -74.00000000000001421, -9.599999999999997868 ) ) ;
#3201 = DIRECTION ( 'NONE',  ( 0.0000000000000000000, -0.5299989400031799303, 0.8479983040050880216 ) ) ;
#3202 = ORIENTED_EDGE ( 'NONE', *, *, #4145, .T. ) ;
#3203 = CARTESIAN_POINT ( 'NONE',  ( 20.49999999999999645, -39.00000000000000000, -7.127016653792578538 ) ) ;
#3204 = CIRCLE ( 'NONE', #1881, 3.100000000000001865 ) ;
#3205 = AXIS2_PLACEMENT_3D ( 'NONE', #1643, #1687, #342 ) ;
#3206 = EDGE_CURVE ( 'NONE', #1336, #3198, #3960, .T. ) ;
#3207 = EDGE_LOOP ( 'NONE', ( #5052, #5106, #3385, #4916, #1831 ) ) ;
#3208 = CARTESIAN_POINT ( 'NONE',  ( 39.10846220277284857, 6.449999992186857156, -15.00000000000000355 ) ) ;
#3209 = ORIENTED_EDGE ( 'NONE', *, *, #1906, .T. ) ;
#3210 = FACE_BOUND ( 'NONE', #2728, .T. ) ;
#3211 = CARTESIAN_POINT ( 'NONE',  ( 34.50000000000000000, -35.00000000000000000, -12.00000000000000000 ) ) ;
#3212 = ADVANCED_FACE ( 'NONE', ( #2156 ), #2935, .F. ) ;
#3213 = EDGE_CURVE ( 'NONE', #1284, #4191, #1516, .T. ) ;
#3214 = CARTESIAN_POINT ( 'NONE',  ( 39.10077083408285148, 6.449986973735676088, -7.000010647201491132 ) ) ;
#3215 = EDGE_CURVE ( 'NONE', #451, #1748, #4544, .T. ) ;
#3216 = LINE ( 'NONE', #2635, #1079 ) ;
#3217 = DIRECTION ( 'NONE',  ( 0.0000000000000000000, 0.0000000000000000000, -1.000000000000000000 ) ) ;
#3218 = DIRECTION ( 'NONE',  ( -0.0000000000000000000, 1.000000000000000000, -0.0000000000000000000 ) ) ;
#3219 = DIRECTION ( 'NONE',  ( -0.0000000000000000000, 0.5299989400031797082, 0.8479983040050880216 ) ) ;
#3220 = PLANE ( 'NONE',  #5329 ) ;
#3221 = VECTOR ( 'NONE', #3102, 1000.000000000000000 ) ;
#3222 = LINE ( 'NONE', #5590, #874 ) ;
#3223 = AXIS2_PLACEMENT_3D ( 'NONE', #2778, #2741, #5020 ) ;
#3224 = DIRECTION ( 'NONE',  ( 0.0000000000000000000, -0.0000000000000000000, 1.000000000000000000 ) ) ;
#3225 = LINE ( 'NONE', #1251, #5531 ) ;
#3226 = CARTESIAN_POINT ( 'NONE',  ( 49.00000000000000000, -14.00000000000001066, -11.00000000000000000 ) ) ;
#3227 = CIRCLE ( 'NONE', #2140, 3.199999999999999734 ) ;
#3228 = CARTESIAN_POINT ( 'NONE',  ( 39.09462461558574375, 5.000000000000000000, 0.0000000000000000000 ) ) ;
#3229 = VECTOR ( 'NONE', #4739, 1000.000000000000000 ) ;
#3230 = CARTESIAN_POINT ( 'NONE',  ( 49.00000000000000000, -18.50000000000000000, -11.00000000000000000 ) ) ;
#3231 = CARTESIAN_POINT ( 'NONE',  ( 15.90537538441425269, 5.000000000000000000, -18.00000000000000000 ) ) ;
#3232 = ORIENTED_EDGE ( 'NONE', *, *, #4789, .F. ) ;
#3233 = LINE ( 'NONE', #2521, #5541 ) ;
#3234 = CARTESIAN_POINT ( 'NONE',  ( 11.99999999999999645, -2.222876179246463746, -0.4999999999999932832 ) ) ;
#3235 = PLANE ( 'NONE',  #3335 ) ;
#3236 = AXIS2_PLACEMENT_3D ( 'NONE', #398, #1658, #4475 ) ;
#3237 = CARTESIAN_POINT ( 'NONE',  ( 43.50000000000000000, -2.500000000000002220, -5.204748896376250896E-15 ) ) ;
#3238 = ORIENTED_EDGE ( 'NONE', *, *, #1758, .T. ) ;
#3239 = EDGE_CURVE ( 'NONE', #5197, #5686, #747, .T. ) ;
#3240 = LINE ( 'NONE', #832, #3744 ) ;
#3241 = ORIENTED_EDGE ( 'NONE', *, *, #212, .F. ) ;
#3242 = DIRECTION ( 'NONE',  ( -0.7071067811865447972, -0.5996253511966915806, -0.3747658444979320436 ) ) ;
#3243 = EDGE_CURVE ( 'NONE', #2174, #5783, #3089, .T. ) ;
#3244 = ORIENTED_EDGE ( 'NONE', *, *, #2243, .F. ) ;
#3245 = CARTESIAN_POINT ( 'NONE',  ( 15.88999999999999702, 2.000000000000000000, -11.00000000000000000 ) ) ;
#3246 = ORIENTED_EDGE ( 'NONE', *, *, #5780, .F. ) ;
#3247 = CARTESIAN_POINT ( 'NONE',  ( 0.4999999999999935052, -4.999999999999999112, -17.99999999999998579 ) ) ;
#3248 = ORIENTED_EDGE ( 'NONE', *, *, #285, .T. ) ;
#3249 = ORIENTED_EDGE ( 'NONE', *, *, #3546, .F. ) ;
#3250 = AXIS2_PLACEMENT_3D ( 'NONE', #3379, #4370, #4297 ) ;
#3251 = CARTESIAN_POINT ( 'NONE',  ( 43.00000000000000000, -74.00000000000001421, -12.39999999999999503 ) ) ;
#3252 = CARTESIAN_POINT ( 'NONE',  ( 8.877498913987629692, -74.09380448277016740, -9.599999999999997868 ) ) ;
#3253 = ORIENTED_EDGE ( 'NONE', *, *, #4452, .T. ) ;
#3254 = CARTESIAN_POINT ( 'NONE',  ( 34.50000000000000000, -39.00000000000000000, 0.0000000000000000000 ) ) ;
#3255 = ORIENTED_EDGE ( 'NONE', *, *, #1483, .F. ) ;
#3256 = CARTESIAN_POINT ( 'NONE',  ( 9.139752421854966613, -42.74338521123350176, -10.37606210929851791 ) ) ;
#3257 = ORIENTED_EDGE ( 'NONE', *, *, #876, .F. ) ;
#3258 = ORIENTED_EDGE ( 'NONE', *, *, #2799, .T. ) ;
#3259 = AXIS2_PLACEMENT_3D ( 'NONE', #1878, #5534, #4195 ) ;
#3260 = CARTESIAN_POINT ( 'NONE',  ( 12.00000000000000355, -44.00000000000001421, -12.39999999999999503 ) ) ;
#3261 = EDGE_LOOP ( 'NONE', ( #640, #3051, #5258, #5129 ) ) ;
#3262 = EDGE_LOOP ( 'NONE', ( #2335, #4695, #4067, #5863, #2 ) ) ;
#3263 = CARTESIAN_POINT ( 'NONE',  ( 52.19998782966533213, -42.60002781790888804, -10.90722784976672344 ) ) ;
#3264 = ADVANCED_FACE ( 'NONE', ( #5538 ), #4987, .F. ) ;
#3265 = ORIENTED_EDGE ( 'NONE', *, *, #4989, .F. ) ;
#3266 = CARTESIAN_POINT ( 'NONE',  ( 46.10336657273873584, -43.62890284757871484, -9.637878886949584611 ) ) ;
#3267 = CIRCLE ( 'NONE', #1391, 3.000000000000006217 ) ;
#3268 = CARTESIAN_POINT ( 'NONE',  ( 8.958903562963495659, -44.70897816249753731, -9.778998041718407919 ) ) ;
#3269 = ORIENTED_EDGE ( 'NONE', *, *, #3433, .F. ) ;
#3270 = AXIS2_PLACEMENT_3D ( 'NONE', #1201, #3512, #2630 ) ;
#3271 = EDGE_CURVE ( 'NONE', #5571, #83, #187, .T. ) ;
#3272 = ORIENTED_EDGE ( 'NONE', *, *, #66, .F. ) ;
#3273 = CARTESIAN_POINT ( 'NONE',  ( 15.89922916591675062, 3.550013026263717286, -7.000010647201273528 ) ) ;
#3274 = LINE ( 'NONE', #3126, #2051 ) ;
#3275 = CARTESIAN_POINT ( 'NONE',  ( 11.49999999999999645, -32.50000000000000000, -5.204748896376250896E-15 ) ) ;
#3276 = CARTESIAN_POINT ( 'NONE',  ( 2.804118617062472119, -72.60934272944065526, -11.18594094980130826 ) ) ;
#3277 = CARTESIAN_POINT ( 'NONE',  ( 43.50000000000000000, -32.50000000000000000, -5.204748896376250896E-15 ) ) ;
#3278 = EDGE_CURVE ( 'NONE', #3510, #5814, #3809, .T. ) ;
#3279 = FACE_OUTER_BOUND ( 'NONE', #3041, .T. ) ;
#3280 = CARTESIAN_POINT ( 'NONE',  ( 25.83872802872625485, 4.176981490918486806, -15.55687967933772597 ) ) ;
#3281 = DIRECTION ( 'NONE',  ( 1.000000000000000000, 0.0000000000000000000, 0.0000000000000000000 ) ) ;
#3282 = B_SPLINE_CURVE_WITH_KNOTS ( 'NONE', 3,
 ( #4414, #4373, #1665, #2079, #5307, #2538, #5753, #3459, #2554, #3023, #317, #3482, #237, #1129, #5876, #4461, #1294, #4019, #5815, #4977, #3498, #4437, #3085, #4940, #4504, #3525 ),
 .UNSPECIFIED., .F., .F.,
 ( 4, 2, 2, 2, 2, 2, 2, 2, 2, 2, 2, 2, 4 ),
 ( 0.004433535381358142714, 0.004710352795980515123, 0.004987170210602888398, 0.005540805039847672246, 0.005817622454470063736, 0.006094439869092456094, 0.006371257283714848452, 0.006648074698337240809, 0.007201709527582023790, 0.007478526942204409209, 0.007755344356826792893, 0.008308979186071586281, 0.008862614015316381405 ),
 .UNSPECIFIED. ) ;
#3283 = DIRECTION ( 'NONE',  ( 0.0000000000000000000, 0.0000000000000000000, 1.000000000000000000 ) ) ;
#3285 = LINE ( 'NONE', #3942, #2063 ) ;
#3284 = CARTESIAN_POINT ( 'NONE',  ( 51.87749891398765101, -43.90774919236108786, -9.599999999999997868 ) ) ;
#3286 = VECTOR ( 'NONE', #1656, 1000.000000000000000 ) ;
#3287 = CARTESIAN_POINT ( 'NONE',  ( 17.35537538441425198, 5.000000000000000000, -14.72191818592950341 ) ) ;
#3288 = AXIS2_PLACEMENT_3D ( 'NONE', #1883, #5096, #2835 ) ;
#3289 = CARTESIAN_POINT ( 'NONE',  ( 40.26524001646303219, 4.107894294315415529, -14.83199087651263604 ) ) ;
#3290 = LINE ( 'NONE', #1605, #5591 ) ;
#3291 = VECTOR ( 'NONE', #881, 1000.000000000000000 ) ;
#3292 = DIRECTION ( 'NONE',  ( 1.000000000000000000, -0.0000000000000000000, -0.0000000000000000000 ) ) ;
#3293 = CARTESIAN_POINT ( 'NONE',  ( 9.180229565000550096, -75.35430091103759764, -10.63335635908633847 ) ) ;
#3294 = CARTESIAN_POINT ( 'NONE',  ( 2.998930491516348162, -73.13915652257931299, -12.11874566413738563 ) ) ;
#3295 = CIRCLE ( 'NONE', #4126, 1.399999999999998579 ) ;
#3296 = ADVANCED_FACE ( 'NONE', ( #3303 ), #5909, .F. ) ;
#3297 = AXIS2_PLACEMENT_3D ( 'NONE', #464, #3571, #4943 ) ;
#3298 = LINE ( 'NONE', #5776, #1156 ) ;
#3299 = LINE ( 'NONE', #908, #742 ) ;
#3300 = ORIENTED_EDGE ( 'NONE', *, *, #3325, .F. ) ;
#3301 = CARTESIAN_POINT ( 'NONE',  ( 39.10077083408302911, 3.550013026266034988, -9.000000000000000000 ) ) ;
#3302 = DATE_AND_TIME ( #4543, #2300 ) ;
#3303 = FACE_OUTER_BOUND ( 'NONE', #2904, .T. ) ;
#3304 = ORIENTED_EDGE ( 'NONE', *, *, #249, .T. ) ;
#3305 = CARTESIAN_POINT ( 'NONE',  ( 52.06396873394148628, -42.94568329154150632, -10.07444616784521507 ) ) ;
#3306 = EDGE_CURVE ( 'NONE', #3566, #3389, #960, .T. ) ;
#3307 = CARTESIAN_POINT ( 'NONE',  ( 0.0000000000000000000, -35.50000000000000000, 0.0000000000000000000 ) ) ;
#3308 = LINE ( 'NONE', #4783, #683 ) ;
#3309 = CARTESIAN_POINT ( 'NONE',  ( 9.125256410715232747, -45.22120767197584001, -10.29155123224860446 ) ) ;
#3310 = ORIENTED_EDGE ( 'NONE', *, *, #4938, .F. ) ;
#3311 = CARTESIAN_POINT ( 'NONE',  ( 39.10999999999982180, 3.550003277437948856, -15.00000000000068390 ) ) ;
#3312 = CYLINDRICAL_SURFACE ( 'NONE', #2620, 1.399999999999998579 ) ;
#3313 = DIRECTION ( 'NONE',  ( 0.0000000000000000000, -0.0000000000000000000, 1.000000000000000000 ) ) ;
#3314 = AXIS2_PLACEMENT_3D ( 'NONE', #2786, #5533, #1915 ) ;
#3315 = CARTESIAN_POINT ( 'NONE',  ( 38.13843263328679711, 3.905894011989710091, -7.119170874740314403 ) ) ;
#3316 = EDGE_CURVE ( 'NONE', #1411, #4383, #5607, .T. ) ;
#3317 = ORIENTED_EDGE ( 'NONE', *, *, #3753, .T. ) ;
#3318 = DIRECTION ( 'NONE',  ( 0.0000000000000000000, 0.0000000000000000000, 1.000000000000000000 ) ) ;
#3319 = ORIENTED_EDGE ( 'NONE', *, *, #2395, .F. ) ;
#3320 = CARTESIAN_POINT ( 'NONE',  ( 25.74556510756974959, 4.400715228748721231, -15.52182874318832262 ) ) ;
#3321 = CARTESIAN_POINT ( 'NONE',  ( 11.99999999999999645, -15.00000000000000000, -0.4999999999999935052 ) ) ;
#3322 = ORIENTED_EDGE ( 'NONE', *, *, #2038, .F. ) ;
#3323 = B_SPLINE_CURVE_WITH_KNOTS ( 'NONE', 3,
 ( #4403, #5339, #2528, #1635, #3941, #2130, #329, #5362, #4905, #3511, #4364, #3010, #2561, #1220, #3451, #5761, #5784, #3966, #4427, #3054, #310, #351, #797, #3987, #3471, #1200 ),
 .UNSPECIFIED., .F., .F.,
 ( 4, 2, 2, 2, 2, 2, 2, 2, 2, 2, 2, 2, 4 ),
 ( 0.004433535381358147918, 0.004710352795980540276, 0.004987170210602932634, 0.005540805039847717349, 0.005817622454470107105, 0.006094439869092497727, 0.006371257283714889218, 0.006648074698337278973, 0.007201709527582060219, 0.007478526942204453444, 0.007755344356826845802, 0.008308979186071617506, 0.008862614015316388344 ),
 .UNSPECIFIED. ) ;
#3324 = EDGE_CURVE ( 'NONE', #2797, #111, #5747, .T. ) ;
#3325 = EDGE_CURVE ( 'NONE', #5630, #1046, #2441, .T. ) ;
#3326 = ORIENTED_EDGE ( 'NONE', *, *, #3163, .F. ) ;
#3327 = CARTESIAN_POINT ( 'NONE',  ( 52.08430120630951876, -42.88864204869408780, -11.85622252981933045 ) ) ;
#3328 = ADVANCED_FACE ( 'NONE', ( #3164 ), #4490, .T. ) ;
#3329 = ORIENTED_EDGE ( 'NONE', *, *, #1898, .T. ) ;
#3330 = CARTESIAN_POINT ( 'NONE',  ( 27.49999999999999645, -45.00000000000000711, -11.00000000000000000 ) ) ;
#3331 = ORIENTED_EDGE ( 'NONE', *, *, #1003, .F. ) ;
#3332 = CARTESIAN_POINT ( 'NONE',  ( 54.50000000000000000, -32.50000000000000711, -21.99999999999998579 ) ) ;
#3333 = ORIENTED_EDGE ( 'NONE', *, *, #491, .T. ) ;
#3334 = ORIENTED_EDGE ( 'NONE', *, *, #2448, .F. ) ;
#3335 = AXIS2_PLACEMENT_3D ( 'NONE', #4588, #5089, #3665 ) ;
#3336 = CARTESIAN_POINT ( 'NONE',  ( 27.49999999999986855, 6.850000000001354117, -6.149999999999485212 ) ) ;
#3337 = ORIENTED_EDGE ( 'NONE', *, *, #404, .F. ) ;
#3338 = ORIENTED_EDGE ( 'NONE', *, *, #1062, .F. ) ;
#3339 = CARTESIAN_POINT ( 'NONE',  ( 28.10047544272485354, 6.753979693983797716, -6.186002827243933133 ) ) ;
#3340 = DIRECTION ( 'NONE',  ( 0.0000000000000000000, 1.000000000000000000, 0.0000000000000000000 ) ) ;
#3341 = VERTEX_POINT ( 'NONE', #3074 ) ;
#3342 = CARTESIAN_POINT ( 'NONE',  ( 14.99835762021603003, 3.843581064734641117, -14.90176962988905451 ) ) ;
#3343 = VECTOR ( 'NONE', #4734, 1000.000000000000000 ) ;
#3344 = DIRECTION ( 'NONE',  ( 0.0000000000000000000, 1.000000000000000000, 0.0000000000000000000 ) ) ;
#3345 = CARTESIAN_POINT ( 'NONE',  ( 2.800012170334682526, -75.39997218209114749, -11.09277215023327479 ) ) ;
#3346 = PLANE ( 'NONE',  #5156 ) ;
#3347 = ORIENTED_EDGE ( 'NONE', *, *, #1749, .T. ) ;
#3348 = CARTESIAN_POINT ( 'NONE',  ( 9.195930303965043962, -45.39077006702608230, -10.81475114649769864 ) ) ;
#3349 = CIRCLE ( 'NONE', #1008, 3.999999999999995559 ) ;
#3350 = AXIS2_PLACEMENT_3D ( 'NONE', #2021, #186, #1534 ) ;
#3351 = EDGE_CURVE ( 'NONE', #5284, #922, #1941, .T. ) ;
#3352 = CARTESIAN_POINT ( 'NONE',  ( 17.34594742614918772, 4.809123611310305968, -7.274329068566000700 ) ) ;
#3353 = CARTESIAN_POINT ( 'NONE',  ( 38.36330746466042996, 6.266675868077522082, -14.93376673625318318 ) ) ;
#3354 = CARTESIAN_POINT ( 'NONE',  ( 37.71968958260389115, 5.470315568319763067, -7.249190876339612011 ) ) ;
#3355 = LINE ( 'NONE', #2644, #1792 ) ;
#3356 = ADVANCED_FACE ( 'NONE', ( #2726 ), #2667, .T. ) ;
#3357 = CARTESIAN_POINT ( 'NONE',  ( 26.10715697022005699, 6.223477452938054100, -15.64653204735307668 ) ) ;
#3358 = EDGE_CURVE ( 'NONE', #1334, #5705, #3439, .T. ) ;
#3359 = CIRCLE ( 'NONE', #1213, 1.149999999999996581 ) ;
#3360 = CARTESIAN_POINT ( 'NONE',  ( 27.49999999999999645, 3.149999999999998579, -15.84999999999999964 ) ) ;
#3361 = VECTOR ( 'NONE', #2670, 1000.000000000000000 ) ;
#3362 = DIRECTION ( 'NONE',  ( -0.7071067811865475727, -0.0000000000000000000, -0.7071067811865475727 ) ) ;
#3363 = B_SPLINE_CURVE_WITH_KNOTS ( 'NONE', 3,
 ( #3715, #988, #2846, #5565, #2802, #3268, #3734, #1006, #3309, #4206, #4243, #3348, #1999, #2503, #1115, #5695, #3370, #2920, #5656, #3424, #2884, #3407, #2907, #2943, #5248, #182 ),
 .UNSPECIFIED., .F., .F.,
 ( 4, 2, 2, 2, 2, 2, 2, 2, 2, 2, 2, 2, 4 ),
 ( 2.117499858742978245E-17, 0.0002770959613349007248, 0.0005541919226697801992, 0.001108383845339538498, 0.001662575768009296904, 0.001939671729344179902, 0.002216767690679063117, 0.002493863652013946115, 0.002770959613348829113, 0.003048055574683712111, 0.003325151536018595110, 0.003879343458688371948, 0.004433535381358148786 ),
 .UNSPECIFIED. ) ;
#3364 = DIRECTION ( 'NONE',  ( 0.0000000000000000000, -0.0000000000000000000, -1.000000000000000000 ) ) ;
#3365 = CARTESIAN_POINT ( 'NONE',  ( 3.100553753972600024, -74.36733078444572698, -12.35411254328455755 ) ) ;
#3366 = FACE_OUTER_BOUND ( 'NONE', #3261, .T. ) ;
#3367 = CARTESIAN_POINT ( 'NONE',  ( 51.91205018712569341, -73.54505881564810466, -9.672799710110144389 ) ) ;
#3368 = FACE_OUTER_BOUND ( 'NONE', #909, .T. ) ;
#3369 = AXIS2_PLACEMENT_3D ( 'NONE', #703, #1166, #2981 ) ;
#3370 = CARTESIAN_POINT ( 'NONE',  ( 9.168651751647859172, -45.32718212886572928, -11.45510936331772278 ) ) ;
#3371 = EDGE_LOOP ( 'NONE', ( #1543, #4040, #3406 ) ) ;
#3372 = CYLINDRICAL_SURFACE ( 'NONE', #3205, 1.399999999999998579 ) ;
#3373 = VECTOR ( 'NONE', #3574, 1000.000000000000000 ) ;
#3374 = CARTESIAN_POINT ( 'NONE',  ( 38.21276092627424248, 3.845133160599274458, -7.101102622601439762 ) ) ;
#3375 = ORIENTED_EDGE ( 'NONE', *, *, #2692, .F. ) ;
#3376 = LINE ( 'NONE', #3615, #1736 ) ;
#3377 = CARTESIAN_POINT ( 'NONE',  ( 27.49999999999999645, 6.850000000000001421, -15.84999999999999964 ) ) ;
#3378 = VERTEX_POINT ( 'NONE', #2606 ) ;
#3379 = CARTESIAN_POINT ( 'NONE',  ( 49.00000000000000000, 10.00000000000000000, -11.00000000000000000 ) ) ;
#3380 = CYLINDRICAL_SURFACE ( 'NONE', #4175, 3.200000000000003286 ) ;
#3381 = DIRECTION ( 'NONE',  ( 1.000000000000000000, 0.0000000000000000000, 0.0000000000000000000 ) ) ;
#3382 = CARTESIAN_POINT ( 'NONE',  ( 15.89922916591697266, 6.449986973733965456, -18.00000000000000000 ) ) ;
#3383 = ADVANCED_FACE ( 'NONE', ( #1094 ), #4151, .F. ) ;
#3384 = AXIS2_PLACEMENT_3D ( 'NONE', #1957, #3808, #1922 ) ;
#3385 = ORIENTED_EDGE ( 'NONE', *, *, #4818, .T. ) ;
#3386 = EDGE_CURVE ( 'NONE', #1031, #1774, #2302, .T. ) ;
#3387 = CARTESIAN_POINT ( 'NONE',  ( 51.95890608470363503, -73.29086956515789097, -9.778991241147915403 ) ) ;
#3388 = CARTESIAN_POINT ( 'NONE',  ( 0.0000000000000000000, 0.0000000000000000000, 0.0000000000000000000 ) ) ;
#3389 = VERTEX_POINT ( 'NONE', #2254 ) ;
#3390 = ORIENTED_EDGE ( 'NONE', *, *, #985, .T. ) ;
#3391 = DIRECTION ( 'NONE',  ( -0.0000000000000000000, -0.0000000000000000000, 1.000000000000000000 ) ) ;
#3392 = CC_DESIGN_DATE_AND_TIME_ASSIGNMENT ( #1377, #3823, ( #5660 ) ) ;
#3393 = EDGE_CURVE ( 'NONE', #3690, #543, #4668, .T. ) ;
#3394 = EDGE_LOOP ( 'NONE', ( #3600, #4778 ) ) ;
#3395 = DIRECTION ( 'NONE',  ( 0.0000000000000000000, 0.5299989400031797082, -0.8479983040050880216 ) ) ;
#3396 = EDGE_LOOP ( 'NONE', ( #3833, #928, #1734, #2603 ) ) ;
#3397 = ORIENTED_EDGE ( 'NONE', *, *, #3017, .T. ) ;
#3398 = DIRECTION ( 'NONE',  ( 0.0000000000000000000, -0.5299989400031803743, -0.8479983040050877996 ) ) ;
#3399 = VERTEX_POINT ( 'NONE', #1852 ) ;
#3400 = B_SPLINE_CURVE_WITH_KNOTS ( 'NONE', 3,
 ( #3065, #3999, #360, #2575, #2639, #3104, #1711, #5426, #384, #4479, #5834, #5373, #4918, #1751, #1729, #3973 ),
 .UNSPECIFIED., .F., .F.,
 ( 4, 2, 2, 2, 2, 2, 2, 4 ),
 ( 0.002920960816918486639, 0.003285817492214251900, 0.003650674167510017595, 0.004015530842805783290, 0.004380387518101548118, 0.004745244193397312078, 0.005110100868693075171, 0.005839814219284591816 ),
 .UNSPECIFIED. ) ;
#3401 = ORIENTED_EDGE ( 'NONE', *, *, #1382, .T. ) ;
#3402 = CARTESIAN_POINT ( 'NONE',  ( 6.000000000000000000, -18.50000000000000000, -12.14999999999999858 ) ) ;
#3403 = DIRECTION ( 'NONE',  ( 1.000000000000000000, 0.0000000000000000000, 0.0000000000000000000 ) ) ;
#3404 = ORIENTED_EDGE ( 'NONE', *, *, #1801, .T. ) ;
#3405 = CARTESIAN_POINT ( 'NONE',  ( 11.99999999999999645, -15.00000000000000000, -0.4999999999999935052 ) ) ;
#3406 = ORIENTED_EDGE ( 'NONE', *, *, #285, .F. ) ;
#3407 = CARTESIAN_POINT ( 'NONE',  ( 9.001069508483649173, -44.86084347742072964, -12.11874566413738741 ) ) ;
#3408 = ORIENTED_EDGE ( 'NONE', *, *, #3644, .F. ) ;
#3409 = ORIENTED_EDGE ( 'NONE', *, *, #1104, .F. ) ;
#3410 = CARTESIAN_POINT ( 'NONE',  ( 52.08427475350991642, -45.11128531697856658, -10.14368044516031730 ) ) ;
#3411 = LINE ( 'NONE', #726, #859 ) ;
#3412 = CARTESIAN_POINT ( 'NONE',  ( 39.10999999999999943, 0.0000000000000000000, -11.00000000000000000 ) ) ;
#3413 = VERTEX_POINT ( 'NONE', #2275 ) ;
#3414 = ADVANCED_FACE ( 'NONE', ( #4535 ), #986, .T. ) ;
#3415 = ORIENTED_EDGE ( 'NONE', *, *, #2407, .F. ) ;
#3416 = CARTESIAN_POINT ( 'NONE',  ( 26.37118538452580196, 6.470594132294387180, -15.71790924257882693 ) ) ;
#3417 = VECTOR ( 'NONE', #5189, 1000.000000000000000 ) ;
#3418 = CARTESIAN_POINT ( 'NONE',  ( 12.23361958703066676, -0.3473387047821646645, -12.63279464875132696 ) ) ;
#3419 = CARTESIAN_POINT ( 'NONE',  ( -13.00000000000003197, -32.50000000000000711, -21.99999999999998579 ) ) ;
#3420 = EDGE_CURVE ( 'NONE', #2414, #5418, #4961, .T. ) ;
#3421 = CARTESIAN_POINT ( 'NONE',  ( 29.35000000000000142, 5.000000000000000000, -6.516697645708024567 ) ) ;
#3422 = CARTESIAN_POINT ( 'NONE',  ( 12.99999999999999822, 0.0000000000000000000, -0.5000000000000004441 ) ) ;
#3423 = VECTOR ( 'NONE', #600, 999.9999999999998863 ) ;
#3424 = CARTESIAN_POINT ( 'NONE',  ( 9.084274753509891553, -45.11128531697856658, -11.85631955483967737 ) ) ;
#3425 = AXIS2_PLACEMENT_3D ( 'NONE', #71, #3681, #2334 ) ;
#3426 = EDGE_CURVE ( 'NONE', #5571, #5917, #257, .T. ) ;
#3427 = LINE ( 'NONE', #4160, #531 ) ;
#3428 = VECTOR ( 'NONE', #1402, 1000.000000000000000 ) ;
#3429 = CARTESIAN_POINT ( 'NONE',  ( 52.06341935784293184, -45.05270911769283515, -10.07265737079683632 ) ) ;
#3430 = CARTESIAN_POINT ( 'NONE',  ( 11.99999999999999645, 0.0000000000000000000, 0.0000000000000000000 ) ) ;
#3431 = VECTOR ( 'NONE', #2074, 1000.000000000000000 ) ;
#3432 = LINE ( 'NONE', #825, #4531 ) ;
#3433 = EDGE_CURVE ( 'NONE', #1561, #774, #110, .T. ) ;
#3434 = EDGE_CURVE ( 'NONE', #2757, #2402, #2225, .T. ) ;
#3435 = DIRECTION ( 'NONE',  ( 0.0000000000000000000, 1.000000000000000000, 0.0000000000000000000 ) ) ;
#3436 = LINE ( 'NONE', #236, #1737 ) ;
#3437 = DIRECTION ( 'NONE',  ( 1.000000000000000000, 0.0000000000000000000, 0.0000000000000000000 ) ) ;
#3438 = LINE ( 'NONE', #5756, #4733 ) ;
#3439 = B_SPLINE_CURVE_WITH_KNOTS ( 'NONE', 3,
 ( #4047, #5400, #430, #373, #1263, #3642, #1870, #912, #2727, #5494, #5085, #5008, #1379, #526, #1418, #4586 ),
 .UNSPECIFIED., .F., .F.,
 ( 4, 2, 2, 2, 2, 2, 2, 4 ),
 ( 0.0000000000000000000, 0.0003651201021148106130, 0.0007302402042296212261, 0.001095360306344431893, 0.001460480408459242452, 0.002190720612688865088, 0.002555840714803676080, 0.002920960816918486639 ),
 .UNSPECIFIED. ) ;
#3440 = ORIENTED_EDGE ( 'NONE', *, *, #1329, .F. ) ;
#3441 = ORIENTED_EDGE ( 'NONE', *, *, #3420, .T. ) ;
#3442 = ADVANCED_FACE ( 'NONE', ( #179, #3731 ), #5066, .F. ) ;
#3443 = DIRECTION ( 'NONE',  ( 0.6583521792384011695, -0.3648901426239249401, -0.6583521792383920657 ) ) ;
#3444 = DIRECTION ( 'NONE',  ( -0.0000000000000000000, -0.0000000000000000000, 1.000000000000000000 ) ) ;
#3445 = LINE ( 'NONE', #4025, #5679 ) ;
#3446 = LINE ( 'NONE', #2715, #5257 ) ;
#3447 = CARTESIAN_POINT ( 'NONE',  ( 0.0000000000000000000, 0.0000000000000000000, -0.5000000000000004441 ) ) ;
#3448 = ORIENTED_EDGE ( 'NONE', *, *, #1962, .F. ) ;
#3449 = CARTESIAN_POINT ( 'NONE',  ( 52.16847504279071757, -45.32674949901311123, -11.45612248960533464 ) ) ;
#3450 = LINE ( 'NONE', #4269, #3098 ) ;
#3451 = CARTESIAN_POINT ( 'NONE',  ( 2.800012170334683859, -45.39997218209116880, -11.09277215023327479 ) ) ;
#3452 = CARTESIAN_POINT ( 'NONE',  ( 43.00000000000000000, 0.0000000000000000000, 2.632990618166809235E-15 ) ) ;
#3453 = AXIS2_PLACEMENT_3D ( 'NONE', #2290, #9, #541 ) ;
#3454 = DIRECTION ( 'NONE',  ( -0.0000000000000000000, 0.7071067811865426878, -0.7071067811865524577 ) ) ;
#3455 = LINE ( 'NONE', #4988, #1462 ) ;
#3456 = CARTESIAN_POINT ( 'NONE',  ( 12.02601516688019068, -0.7703929467663910291, -12.03487373373004132 ) ) ;
#3457 = DIRECTION ( 'NONE',  ( 0.0000000000000000000, 1.000000000000000000, 0.0000000000000000000 ) ) ;
#3458 = EDGE_LOOP ( 'NONE', ( #2748, #709, #1448, #220, #1488, #372, #4478, #3253 ) ) ;
#3459 = CARTESIAN_POINT ( 'NONE',  ( 9.063968733941480949, -72.94568329154149922, -11.92555383215478493 ) ) ;
#3460 = CARTESIAN_POINT ( 'NONE',  ( 45.86024757814504227, -75.25661478876651245, -11.62393789070146610 ) ) ;
#3461 = ORIENTED_EDGE ( 'NONE', *, *, #724, .T. ) ;
#3462 = AXIS2_PLACEMENT_3D ( 'NONE', #1256, #3528, #4002 ) ;
#3463 = EDGE_CURVE ( 'NONE', #3825, #1966, #1020, .T. ) ;
#3464 = CARTESIAN_POINT ( 'NONE',  ( 51.87749891398786417, -74.00000000000001421, -12.39999999999999858 ) ) ;
#3465 = ORIENTED_EDGE ( 'NONE', *, *, #4907, .T. ) ;
#3466 = PLANE ( 'NONE',  #571 ) ;
#3467 = ORIENTED_EDGE ( 'NONE', *, *, #953, .T. ) ;
#3468 = ORIENTED_EDGE ( 'NONE', *, *, #2737, .F. ) ;
#3469 = CARTESIAN_POINT ( 'NONE',  ( 52.16865175164785740, -45.32718212886573639, -10.54489063668227011 ) ) ;
#3470 = ORIENTED_EDGE ( 'NONE', *, *, #1663, .F. ) ;
#3471 = CARTESIAN_POINT ( 'NONE',  ( 3.122501086012369420, -44.18742037433769099, -9.599999999999999645 ) ) ;
#3472 = CARTESIAN_POINT ( 'NONE',  ( 43.00000000000000000, -44.00000000000001421, -12.39999999999999503 ) ) ;
#3473 = EDGE_CURVE ( 'NONE', #111, #2108, #2719, .T. ) ;
#3474 = ADVANCED_FACE ( 'NONE', ( #3953 ), #5104, .F. ) ;
#3475 = ORIENTED_EDGE ( 'NONE', *, *, #3697, .T. ) ;
#3476 = ORIENTED_EDGE ( 'NONE', *, *, #167, .F. ) ;
#3477 = VERTEX_POINT ( 'NONE', #699 ) ;
#3478 = CARTESIAN_POINT ( 'NONE',  ( 39.09462461558574375, 5.000000000000000000, -18.00000000000000000 ) ) ;
#3479 = ORIENTED_EDGE ( 'NONE', *, *, #2631, .T. ) ;
#3480 = CARTESIAN_POINT ( 'NONE',  ( 43.00000000000000000, 0.0000000000000000000, -11.93161150701352469 ) ) ;
#3481 = ORIENTED_EDGE ( 'NONE', *, *, #1832, .F. ) ;
#3482 = CARTESIAN_POINT ( 'NONE',  ( 9.168606936674283503, -72.67293452291259825, -11.45524892494461078 ) ) ;
#3483 = CARTESIAN_POINT ( 'NONE',  ( 45.93614995710117199, -75.05398175891404833, -11.92595564441706557 ) ) ;
#3484 = CARTESIAN_POINT ( 'NONE',  ( 6.000000000000000000, -18.50000000000001776, -11.00000000000000000 ) ) ;
#3485 = CARTESIAN_POINT ( 'NONE',  ( 15.90537538441425269, 5.000000000000000000, 0.0000000000000000000 ) ) ;
#3486 = ORIENTED_EDGE ( 'NONE', *, *, #377, .T. ) ;
#3487 = DIRECTION ( 'NONE',  ( 0.0000000000000000000, 0.0000000000000000000, 1.000000000000000000 ) ) ;
#3488 = CARTESIAN_POINT ( 'NONE',  ( 14.44305901104027967, 5.189915790472146462, -7.270876540642819741 ) ) ;
#3489 = LINE ( 'NONE', #2487, #1283 ) ;
#3490 = AXIS2_PLACEMENT_3D ( 'NONE', #3230, #2764, #4642 ) ;
#3491 = CARTESIAN_POINT ( 'NONE',  ( 43.00000000000000000, -4.722876179246464190, -17.49999999999999289 ) ) ;
#3492 = ORIENTED_EDGE ( 'NONE', *, *, #1716, .F. ) ;
#3493 = CARTESIAN_POINT ( 'NONE',  ( 0.0000000000000000000, 10.00000000000000000, 0.0000000000000000000 ) ) ;
#3494 = CARTESIAN_POINT ( 'NONE',  ( 33.50000000000000000, -40.00000000000000000, -5.708497377870821232 ) ) ;
#3495 = VECTOR ( 'NONE', #4903, 1000.000000000000000 ) ;
#3496 = CARTESIAN_POINT ( 'NONE',  ( 39.09462461558574375, 5.000000000000000000, -30.00000000000000000 ) ) ;
#3497 = DIRECTION ( 'NONE',  ( -1.000000000000000000, -0.0000000000000000000, -0.0000000000000000000 ) ) ;
#3498 = CARTESIAN_POINT ( 'NONE',  ( 9.063850042898826231, -72.94601824108595167, -10.07404435558292910 ) ) ;
#3499 = CARTESIAN_POINT ( 'NONE',  ( 43.50000000000000000, -4.999999999999999112, -17.99999999999998579 ) ) ;
#3500 = ADVANCED_FACE ( 'NONE', ( #407 ), #5739, .F. ) ;
#3501 = VECTOR ( 'NONE', #1825, 1000.000000000000000 ) ;
#3502 = DIRECTION ( 'NONE',  ( -0.0000000000000000000, -1.000000000000000000, -0.0000000000000000000 ) ) ;
#3503 = LINE ( 'NONE', #5256, #532 ) ;
#3504 = CARTESIAN_POINT ( 'NONE',  ( 15.89461549254125927, 3.549998362268049323, -7.000001775580341423 ) ) ;
#3505 = CARTESIAN_POINT ( 'NONE',  ( 14.63587356613779100, 5.728522714352016543, -7.201294025783982811 ) ) ;
#3506 =( GEOMETRIC_REPRESENTATION_CONTEXT ( 3 ) GLOBAL_UNCERTAINTY_ASSIGNED_CONTEXT ( ( #2494 ) ) GLOBAL_UNIT_ASSIGNED_CONTEXT ( ( #4506, #3543, #4958 ) ) REPRESENTATION_CONTEXT ( 'NONE', 'WORKASPACE' ) );
#3507 = EDGE_CURVE ( 'NONE', #645, #1056, #1508, .T. ) ;
#3509 = LINE ( 'NONE', #405, #5470 ) ;
#3508 = DIRECTION ( 'NONE',  ( -0.0000000000000000000, -1.000000000000000000, -0.0000000000000000000 ) ) ;
#3510 = VERTEX_POINT ( 'NONE', #4877 ) ;
#3511 = CARTESIAN_POINT ( 'NONE',  ( 2.877805662874425519, -45.21255529652907512, -11.70562711651189503 ) ) ;
#3512 = DIRECTION ( 'NONE',  ( 0.7071067811865427988, -0.5996253511966931349, 0.3747658444979335424 ) ) ;
#3513 = ORIENTED_EDGE ( 'NONE', *, *, #2279, .T. ) ;
#3514 = DATE_AND_TIME ( #2578, #3807 ) ;
#3515 = CARTESIAN_POINT ( 'NONE',  ( 34.50000000000000000, -35.50000000000000000, 0.0000000000000000000 ) ) ;
#3516 = VECTOR ( 'NONE', #413, 1000.000000000000000 ) ;
#3517 = EDGE_CURVE ( 'NONE', #4494, #2257, #2076, .T. ) ;
#3518 = CARTESIAN_POINT ( 'NONE',  ( -13.00000000000003197, -2.500000000000002220, -5.204748896376250896E-15 ) ) ;
#3519 = EDGE_CURVE ( 'NONE', #44, #4416, #4106, .T. ) ;
#3520 = ORIENTED_EDGE ( 'NONE', *, *, #1449, .T. ) ;
#3521 = CARTESIAN_POINT ( 'NONE',  ( 43.00000000000000000, -1.000000000000000888, -21.50000000000000355 ) ) ;
#3522 = CARTESIAN_POINT ( 'NONE',  ( 52.18021173355509035, -75.35425865350545394, -10.63327778853982153 ) ) ;
#3523 = DIRECTION ( 'NONE',  ( 0.6583521792383901783, 0.3648901426239316570, 0.6583521792383991711 ) ) ;
#3524 = CIRCLE ( 'NONE', #3740, 3.200000000000003286 ) ;
#3525 = CARTESIAN_POINT ( 'NONE',  ( 8.877498913987855289, -74.00000000000001421, -9.599999999999994316 ) ) ;
#3526 = CARTESIAN_POINT ( 'NONE',  ( 45.99891489286564905, -74.86099574405056956, -12.11882614508787448 ) ) ;
#3527 = ORIENTED_EDGE ( 'NONE', *, *, #4658, .F. ) ;
#3528 = DIRECTION ( 'NONE',  ( 0.0000000000000000000, 1.000000000000000000, 0.0000000000000000000 ) ) ;
#3529 = AXIS2_PLACEMENT_3D ( 'NONE', #2018, #1097, #669 ) ;
#3530 = DIRECTION ( 'NONE',  ( -1.000000000000000000, 0.0000000000000000000, 0.0000000000000000000 ) ) ;
#3531 = LINE ( 'NONE', #1575, #615 ) ;
#3532 = PLANE ( 'NONE',  #4192 ) ;
#3533 = ORIENTED_EDGE ( 'NONE', *, *, #5523, .F. ) ;
#3534 = CARTESIAN_POINT ( 'NONE',  ( 27.49999999999999645, 3.149999999999998579, -6.150000000000001243 ) ) ;
#3535 = ADVANCED_FACE ( 'NONE', ( #1372 ), #5173, .F. ) ;
#3536 = ORIENTED_EDGE ( 'NONE', *, *, #5211, .F. ) ;
#3537 = DIRECTION ( 'NONE',  ( -0.0000000000000000000, 0.0000000000000000000, -1.000000000000000000 ) ) ;
#3538 = ORIENTED_EDGE ( 'NONE', *, *, #2820, .F. ) ;
#3539 = DIRECTION ( 'NONE',  ( 0.7071067811865474617, -0.0000000000000000000, -0.7071067811865474617 ) ) ;
#3540 = CARTESIAN_POINT ( 'NONE',  ( 15.89769137124312515, 6.449993492152575669, -14.99999290094788584 ) ) ;
#3541 = ORIENTED_EDGE ( 'NONE', *, *, #19, .T. ) ;
#3542 = ORIENTED_EDGE ( 'NONE', *, *, #3623, .T. ) ;
#3543 =( NAMED_UNIT ( * ) PLANE_ANGLE_UNIT ( ) SI_UNIT ( $, .RADIAN. ) );
#3544 = AXIS2_PLACEMENT_3D ( 'NONE', #2216, #4096, #3197 ) ;
#3545 = ORIENTED_EDGE ( 'NONE', *, *, #852, .F. ) ;
#3546 = EDGE_CURVE ( 'NONE', #2837, #5907, #1228, .T. ) ;
#3547 = DIRECTION ( 'NONE',  ( 0.0000000000000000000, 1.000000000000000000, 0.0000000000000000000 ) ) ;
#3548 = ORIENTED_EDGE ( 'NONE', *, *, #1938, .F. ) ;
#3549 = DIRECTION ( 'NONE',  ( 0.0000000000000000000, 0.0000000000000000000, 1.000000000000000000 ) ) ;
#3550 = ORIENTED_EDGE ( 'NONE', *, *, #4367, .F. ) ;
#3551 = CARTESIAN_POINT ( 'NONE',  ( 15.15796323184167171, 6.264237334260574386, -7.063563042729693819 ) ) ;
#3552 = ORIENTED_EDGE ( 'NONE', *, *, #5690, .F. ) ;
#3553 = CARTESIAN_POINT ( 'NONE',  ( 8.877498913987855289, -74.00000000000001421, -9.599999999999994316 ) ) ;
#3554 = ORIENTED_EDGE ( 'NONE', *, *, #175, .T. ) ;
#3555 = DIRECTION ( 'NONE',  ( -1.000000000000000000, -0.0000000000000000000, -0.0000000000000000000 ) ) ;
#3556 = DIRECTION ( 'NONE',  ( 0.0000000000000000000, 0.0000000000000000000, -1.000000000000000000 ) ) ;
#3557 = ORIENTED_EDGE ( 'NONE', *, *, #3278, .F. ) ;
#3558 = EDGE_CURVE ( 'NONE', #3912, #2529, #3298, .T. ) ;
#3559 = ORIENTED_EDGE ( 'NONE', *, *, #4110, .T. ) ;
#3560 = CARTESIAN_POINT ( 'NONE',  ( 46.10336657273874295, -73.62890284757870063, -9.637878886949591717 ) ) ;
#3561 = VECTOR ( 'NONE', #1494, 1000.000000000000000 ) ;
#3562 = EDGE_LOOP ( 'NONE', ( #2829, #3853, #4139, #3, #1874, #5342, #3409, #64, #3187, #3773, #4487, #631, #1190, #2602 ) ) ;
#3563 = CARTESIAN_POINT ( 'NONE',  ( 2.936580642157083698, -42.94729088230720038, -11.92734262920315658 ) ) ;
#3564 = CARTESIAN_POINT ( 'NONE',  ( 51.87749891398765101, -74.09380448277013897, -12.39999999999999503 ) ) ;
#3565 = DIRECTION ( 'NONE',  ( 0.0000000000000000000, -0.5299989400031799303, 0.8479983040050880216 ) ) ;
#3566 = VERTEX_POINT ( 'NONE', #1646 ) ;
#3567 = CARTESIAN_POINT ( 'NONE',  ( 0.4999999999999935052, -30.00000000000000355, -4.000000000000004441 ) ) ;
#3568 = APPLICATION_PROTOCOL_DEFINITION ( 'international standard', 'config_control_design', 1994, #2678 ) ;
#3569 = CIRCLE ( 'NONE', #3297, 1.449999999999999956 ) ;
#3570 = CARTESIAN_POINT ( 'NONE',  ( 39.09462461558574375, 5.000000000000000000, -2.750000000000000000 ) ) ;
#3571 = DIRECTION ( 'NONE',  ( -0.0000000000000000000, -0.0000000000000000000, -1.000000000000000000 ) ) ;
#3572 = DIRECTION ( 'NONE',  ( 0.6583521792384018356, 0.3648901426239224421, -0.6583521792383927318 ) ) ;
#3573 = LINE ( 'NONE', #4093, #1007 ) ;
#3574 = DIRECTION ( 'NONE',  ( -0.6583521792384018356, -0.3648901426239224421, 0.6583521792383927318 ) ) ;
#3575 = CARTESIAN_POINT ( 'NONE',  ( 43.50000000000000000, -35.50000000000000000, 0.0000000000000000000 ) ) ;
#3576 = FACE_OUTER_BOUND ( 'NONE', #2721, .T. ) ;
#3577 = CYLINDRICAL_SURFACE ( 'NONE', #33, 3.999999999999999112 ) ;
#3578 = DIRECTION ( 'NONE',  ( 1.000000000000000000, 0.0000000000000000000, 0.0000000000000000000 ) ) ;
#3579 = DIRECTION ( 'NONE',  ( 0.0000000000000000000, -1.000000000000000000, 0.0000000000000000000 ) ) ;
#3580 = CARTESIAN_POINT ( 'NONE',  ( 3.103366572738745166, -43.62890284757872905, -12.36212111305040828 ) ) ;
#3581 = CARTESIAN_POINT ( 'NONE',  ( 52.20002260105932379, -75.40005165957070687, -10.90803313455499257 ) ) ;
#3582 = AXIS2_PLACEMENT_3D ( 'NONE', #3570, #3087, #2642 ) ;
#3583 = CARTESIAN_POINT ( 'NONE',  ( 33.50000000000000000, -39.00000000000000000, 0.0000000000000000000 ) ) ;
#3584 = EDGE_CURVE ( 'NONE', #2412, #4210, #5890, .T. ) ;
#3585 = LINE ( 'NONE', #5879, #3001 ) ;
#3586 = VECTOR ( 'NONE', #2739, 1000.000000000000000 ) ;
#3587 = CARTESIAN_POINT ( 'NONE',  ( 27.49999999999999645, 0.0000000000000000000, -6.150000000000001243 ) ) ;
#3588 = DIRECTION ( 'NONE',  ( 0.0000000000000000000, -1.000000000000000000, 0.0000000000000000000 ) ) ;
#3589 = CARTESIAN_POINT ( 'NONE',  ( 45.46883461388276260, -6.091221941262005224, -2.031165386117264937 ) ) ;
#3590 = CIRCLE ( 'NONE', #1429, 1.149999999999999911 ) ;
#3591 = VECTOR ( 'NONE', #4417, 1000.000000000000000 ) ;
#3592 = CARTESIAN_POINT ( 'NONE',  ( 39.10077083408302911, 6.449986973733965456, -9.000000000000000000 ) ) ;
#3593 = CYLINDRICAL_SURFACE ( 'NONE', #4537, 3.100000000000001865 ) ;
#3594 = CARTESIAN_POINT ( 'NONE',  ( 6.000000000000000000, -18.50000000000001776, -11.00000000000000000 ) ) ;
#3595 = ORIENTED_EDGE ( 'NONE', *, *, #5596, .F. ) ;
#3596 = EDGE_CURVE ( 'NONE', #2412, #674, #5600, .T. ) ;
#3597 = DIRECTION ( 'NONE',  ( -0.0000000000000000000, -0.0000000000000000000, 1.000000000000000000 ) ) ;
#3598 = FACE_OUTER_BOUND ( 'NONE', #2170, .T. ) ;
#3599 = CYLINDRICAL_SURFACE ( 'NONE', #534, 1.449999999999999956 ) ;
#3600 = ORIENTED_EDGE ( 'NONE', *, *, #4368, .T. ) ;
#3601 = CARTESIAN_POINT ( 'NONE',  ( 46.10067713565279490, -73.63374481787896286, -12.35437458728034521 ) ) ;
#3602 = CIRCLE ( 'NONE', #3425, 1.449999999999999956 ) ;
#3603 = AXIS2_PLACEMENT_3D ( 'NONE', #887, #5882, #2249 ) ;
#3604 = DIRECTION ( 'NONE',  ( -1.000000000000000000, 0.0000000000000000000, 0.0000000000000000000 ) ) ;
#3605 = CARTESIAN_POINT ( 'NONE',  ( 3.100677135652804228, -43.63374481787892734, -9.645625412719644132 ) ) ;
#3606 = DIRECTION ( 'NONE',  ( 0.0000000000000000000, 1.000000000000000000, 0.0000000000000000000 ) ) ;
#3607 = ORIENTED_EDGE ( 'NONE', *, *, #4444, .F. ) ;
#3608 = VECTOR ( 'NONE', #470, 1000.000000000000000 ) ;
#3609 = CARTESIAN_POINT ( 'NONE',  ( 54.50000000000000711, 10.00000000000000000, -22.00000000000000000 ) ) ;
#3610 = DIRECTION ( 'NONE',  ( 1.000000000000000000, 0.0000000000000000000, 0.0000000000000000000 ) ) ;
#3611 = ORIENTED_EDGE ( 'NONE', *, *, #5553, .T. ) ;
#3612 = CARTESIAN_POINT ( 'NONE',  ( 0.0000000000000000000, -74.00000000000001421, -12.39999999999999503 ) ) ;
#3613 = CARTESIAN_POINT ( 'NONE',  ( 15.90537538441425269, 5.000000000000000000, -18.00000000000000000 ) ) ;
#3614 = EDGE_LOOP ( 'NONE', ( #4769, #4413 ) ) ;
#3615 = CARTESIAN_POINT ( 'NONE',  ( 0.0000000000000000000, 10.00000000000000000, -21.50000000000000355 ) ) ;
#3616 = VERTEX_POINT ( 'NONE', #2576 ) ;
#3617 = DIRECTION ( 'NONE',  ( -0.0000000000000000000, 1.000000000000000000, -0.0000000000000000000 ) ) ;
#3618 = DIRECTION ( 'NONE',  ( 0.0000000000000000000, -0.8479983040050877996, 0.5299989400031803743 ) ) ;
#3619 = CARTESIAN_POINT ( 'NONE',  ( 27.50000000000000000, -79.00000000000001421, -10.99999999999999645 ) ) ;
#3620 = ORIENTED_EDGE ( 'NONE', *, *, #4708, .F. ) ;
#3621 = ORIENTED_EDGE ( 'NONE', *, *, #4145, .F. ) ;
#3622 = CARTESIAN_POINT ( 'NONE',  ( 45.87474358928476903, -72.77879232802419551, -11.70844876775138843 ) ) ;
#3623 = EDGE_CURVE ( 'NONE', #1199, #1559, #4882, .T. ) ;
#3624 = ORIENTED_EDGE ( 'NONE', *, *, #1380, .F. ) ;
#3625 = CARTESIAN_POINT ( 'NONE',  ( 45.79997574231244073, -45.40005544614502497, -11.18428206009113346 ) ) ;
#3626 = DIRECTION ( 'NONE',  ( 1.000000000000000000, -0.0000000000000000000, -0.0000000000000000000 ) ) ;
#3627 = CARTESIAN_POINT ( 'NONE',  ( 49.00000000000000000, -79.00000000000001421, -7.799999999999995381 ) ) ;
#3628 = VERTEX_POINT ( 'NONE', #2081 ) ;
#3629 = DIRECTION ( 'NONE',  ( 0.0000000000000000000, -0.5299989400031803743, -0.8479983040050877996 ) ) ;
#3630 = ORIENTED_EDGE ( 'NONE', *, *, #4154, .F. ) ;
#3631 = CARTESIAN_POINT ( 'NONE',  ( 12.99999999999999822, 0.0000000000000000000, -8.234516317169822130 ) ) ;
#3632 = VERTEX_POINT ( 'NONE', #1235 ) ;
#3633 = AXIS2_PLACEMENT_3D ( 'NONE', #3147, #2327, #4111 ) ;
#3634 = EDGE_CURVE ( 'NONE', #3510, #1159, #3438, .T. ) ;
#3635 = ORIENTED_EDGE ( 'NONE', *, *, #1784, .T. ) ;
#3636 = PLANE ( 'NONE',  #1354 ) ;
#3637 = CARTESIAN_POINT ( 'NONE',  ( 0.0000000000000000000, -74.00000000000001421, -9.599999999999997868 ) ) ;
#3638 = ORIENTED_EDGE ( 'NONE', *, *, #3707, .T. ) ;
#3639 = DIRECTION ( 'NONE',  ( 0.0000000000000000000, 1.000000000000000000, 0.0000000000000000000 ) ) ;
#3640 = ADVANCED_FACE ( 'NONE', ( #2508 ), #2121, .T. ) ;
#3641 = ORIENTED_EDGE ( 'NONE', *, *, #5732, .F. ) ;
#3642 = CARTESIAN_POINT ( 'NONE',  ( 28.32484945424339884, 6.660365203386014343, -15.78068059117163457 ) ) ;
#3643 = PLANE ( 'NONE',  #4062 ) ;
#3644 = EDGE_CURVE ( 'NONE', #1846, #1279, #2366, .T. ) ;
#3645 = LINE ( 'NONE', #1045, #3712 ) ;
#3646 = DIRECTION ( 'NONE',  ( 0.0000000000000000000, 0.0000000000000000000, 1.000000000000000000 ) ) ;
#3647 = EDGE_CURVE ( 'NONE', #55, #2344, #1444, .T. ) ;
#3648 = CARTESIAN_POINT ( 'NONE',  ( 15.89922916675418740, 6.449986973737514617, -7.000010647204041980 ) ) ;
#3649 = ORIENTED_EDGE ( 'NONE', *, *, #4991, .T. ) ;
#3650 = CARTESIAN_POINT ( 'NONE',  ( 46.04102582181177183, -44.70949715663420676, -12.22085419404171347 ) ) ;
#3651 = CARTESIAN_POINT ( 'NONE',  ( 43.00000000000000000, -30.27712382075354114, -4.499999999999998224 ) ) ;
#3652 = CIRCLE ( 'NONE', #3871, 1.449999999999999956 ) ;
#3653 = DIRECTION ( 'NONE',  ( 0.0000000000000000000, -1.000000000000000000, 0.0000000000000000000 ) ) ;
#3654 = LINE ( 'NONE', #661, #5087 ) ;
#3655 = DIRECTION ( 'NONE',  ( 0.0000000000000000000, -1.000000000000000000, 0.0000000000000000000 ) ) ;
#3657 = LINE ( 'NONE', #2045, #394 ) ;
#3656 = CARTESIAN_POINT ( 'NONE',  ( 6.000000000000000000, -14.00000000000001066, -7.899999999999999467 ) ) ;
#3658 = FACE_OUTER_BOUND ( 'NONE', #3123, .T. ) ;
#3659 = DIRECTION ( 'NONE',  ( 0.0000000000000000000, 0.0000000000000000000, -1.000000000000000000 ) ) ;
#3660 = DIRECTION ( 'NONE',  ( 0.0000000000000000000, 0.0000000000000000000, 1.000000000000000000 ) ) ;
#3661 = VECTOR ( 'NONE', #3711, 1000.000000000000000 ) ;
#3662 = VERTEX_POINT ( 'NONE', #3913 ) ;
#3663 = CARTESIAN_POINT ( 'NONE',  ( 45.93603126605854214, -45.05431670845852210, -10.07444616784521507 ) ) ;
#3664 = ORIENTED_EDGE ( 'NONE', *, *, #1981, .F. ) ;
#3665 = DIRECTION ( 'NONE',  ( 0.0000000000000000000, 0.5299989400031797082, -0.8479983040050880216 ) ) ;
#3666 = CARTESIAN_POINT ( 'NONE',  ( 25.64999999999999858, 5.000000000000000000, -6.516697645708021902 ) ) ;
#3667 = EDGE_CURVE ( 'NONE', #3768, #5197, #3155, .T. ) ;
#3668 = ADVANCED_FACE ( 'NONE', ( #1305 ), #364, .F. ) ;
#3669 = VECTOR ( 'NONE', #3617, 1000.000000000000000 ) ;
#3670 = ORIENTED_EDGE ( 'NONE', *, *, #1270, .F. ) ;
#3671 = DIRECTION ( 'NONE',  ( 0.6583521792383965066, -0.3648901426239410384, 0.6583521792383876248 ) ) ;
#3672 = CIRCLE ( 'NONE', #5291, 3.999999999999999112 ) ;
#3673 = EDGE_CURVE ( 'NONE', #864, #5571, #741, .T. ) ;
#3674 = VERTEX_POINT ( 'NONE', #4859 ) ;
#3675 = DIRECTION ( 'NONE',  ( -1.000000000000000000, 0.0000000000000000000, 0.0000000000000000000 ) ) ;
#3676 = DIRECTION ( 'NONE',  ( 0.0000000000000000000, 0.0000000000000000000, 1.000000000000000000 ) ) ;
#3677 = FACE_OUTER_BOUND ( 'NONE', #1752, .T. ) ;
#3678 = CARTESIAN_POINT ( 'NONE',  ( 27.50000000000000000, 5.000000000000000000, 0.0000000000000000000 ) ) ;
#3679 = PLANE ( 'NONE',  #5311 ) ;
#3680 = AXIS2_PLACEMENT_3D ( 'NONE', #845, #4038, #3122 ) ;
#3681 = DIRECTION ( 'NONE',  ( 0.0000000000000000000, 0.0000000000000000000, -1.000000000000000000 ) ) ;
#3682 = DIRECTION ( 'NONE',  ( -1.000000000000000000, 0.0000000000000000000, -0.0000000000000000000 ) ) ;
#3683 = ORIENTED_EDGE ( 'NONE', *, *, #1680, .T. ) ;
#3684 = CARTESIAN_POINT ( 'NONE',  ( 26.02992921055514586, 6.129531297616998664, -6.377623169965431771 ) ) ;
#3685 = ORIENTED_EDGE ( 'NONE', *, *, #5827, .F. ) ;
#3686 = CARTESIAN_POINT ( 'NONE',  ( 43.00000000000000000, -15.00000000000000000, -0.4999999999999935052 ) ) ;
#3687 = ORIENTED_EDGE ( 'NONE', *, *, #3215, .T. ) ;
#3688 = ORIENTED_EDGE ( 'NONE', *, *, #1269, .T. ) ;
#3689 = CARTESIAN_POINT ( 'NONE',  ( 43.00000000000000000, -2.499999999999999556, -21.50000000000000355 ) ) ;
#3690 = VERTEX_POINT ( 'NONE', #5904 ) ;
#3691 = ORIENTED_EDGE ( 'NONE', *, *, #2979, .T. ) ;
#3692 = CARTESIAN_POINT ( 'NONE',  ( 11.99999999999999645, -32.77712382075355890, -21.50000000000000355 ) ) ;
#3693 = EDGE_LOOP ( 'NONE', ( #1308, #1884, #4359 ) ) ;
#3694 = VERTEX_POINT ( 'NONE', #2100 ) ;
#3695 = CARTESIAN_POINT ( 'NONE',  ( 15.88999999999999702, 0.0000000000000000000, -11.00000000000000000 ) ) ;
#3696 = ORIENTED_EDGE ( 'NONE', *, *, #377, .F. ) ;
#3697 = EDGE_CURVE ( 'NONE', #2025, #2047, #3509, .T. ) ;
#3698 = CARTESIAN_POINT ( 'NONE',  ( 39.10077083408302911, 3.550013026266034988, -14.99998935279788803 ) ) ;
#3699 = EDGE_LOOP ( 'NONE', ( #2033, #4323, #3026, #3550, #3696 ) ) ;
#3700 = VERTEX_POINT ( 'NONE', #1886 ) ;
#3701 = DIRECTION ( 'NONE',  ( -0.0000000000000000000, 0.7071067811865524577, 0.7071067811865426878 ) ) ;
#3702 = CARTESIAN_POINT ( 'NONE',  ( 8.882089421336152313, -74.18576657202490310, -9.609329599862176607 ) ) ;
#3703 = CARTESIAN_POINT ( 'NONE',  ( 3.117910578663846799, -73.81423342797513953, -9.609329599862178384 ) ) ;
#3704 = ORIENTED_EDGE ( 'NONE', *, *, #2431, .F. ) ;
#3705 = CARTESIAN_POINT ( 'NONE',  ( 8.912050187125688083, -43.54505881564811887, -12.32720028988984140 ) ) ;
#3706 = CYLINDRICAL_SURFACE ( 'NONE', #4231, 1.399999999999998579 ) ;
#3707 = EDGE_CURVE ( 'NONE', #5441, #1116, #2651, .T. ) ;
#3708 = ORIENTED_EDGE ( 'NONE', *, *, #5244, .T. ) ;
#3709 = CARTESIAN_POINT ( 'NONE',  ( 42.51706398339741355, -0.1028504210243371825, -0.6028504210243390560 ) ) ;
#3710 = ORIENTED_EDGE ( 'NONE', *, *, #5654, .F. ) ;
#3711 = DIRECTION ( 'NONE',  ( -0.0000000000000000000, 1.000000000000000000, 0.0000000000000000000 ) ) ;
#3712 = VECTOR ( 'NONE', #1081, 1000.000000000000000 ) ;
#3713 = CARTESIAN_POINT ( 'NONE',  ( 52.18008818933535764, -42.64603028807746909, -10.63214854678381371 ) ) ;
#3714 = AXIS2_PLACEMENT_3D ( 'NONE', #1254, #5795, #1 ) ;
#3715 = CARTESIAN_POINT ( 'NONE',  ( 8.877498913987855289, -44.00000000000002132, -9.599999999999994316 ) ) ;
#3716 = LINE ( 'NONE', #381, #5019 ) ;
#3717 = CARTESIAN_POINT ( 'NONE',  ( 11.49999999999999645, -5.000000000000000888, -4.000000000000004441 ) ) ;
#3718 = CARTESIAN_POINT ( 'NONE',  ( 54.50000000000000000, -5.000000000000000888, -4.000000000000004441 ) ) ;
#3719 = CARTESIAN_POINT ( 'NONE',  ( 9.122191046951348525, -75.21255153880434818, -11.70566068437750218 ) ) ;
#3720 = DIRECTION ( 'NONE',  ( -0.0000000000000000000, -0.0000000000000000000, 1.000000000000000000 ) ) ;
#3721 = FACE_OUTER_BOUND ( 'NONE', #2304, .T. ) ;
#3722 = CIRCLE ( 'NONE', #1728, 1.399999999999998579 ) ;
#3723 = ADVANCED_FACE ( 'NONE', ( #884 ), #3008, .F. ) ;
#3724 = AXIS2_PLACEMENT_3D ( 'NONE', #522, #2323, #5081 ) ;
#3725 = DIRECTION ( 'NONE',  ( -0.0000000000000000000, -0.0000000000000000000, 1.000000000000000000 ) ) ;
#3726 = LINE ( 'NONE', #4874, #3431 ) ;
#3727 = FACE_BOUND ( 'NONE', #1623, .T. ) ;
#3728 = CARTESIAN_POINT ( 'NONE',  ( 15.15796323184167349, 6.264237334260574386, -14.93643695727030440 ) ) ;
#3729 = FACE_OUTER_BOUND ( 'NONE', #4196, .T. ) ;
#3730 = EDGE_CURVE ( 'NONE', #266, #1338, #4240, .T. ) ;
#3731 = FACE_OUTER_BOUND ( 'NONE', #5770, .T. ) ;
#3732 = CARTESIAN_POINT ( 'NONE',  ( 15.89922916591697266, 6.449986973733965456, -14.99998935279788803 ) ) ;
#3733 = LINE ( 'NONE', #3127, #2865 ) ;
#3734 = CARTESIAN_POINT ( 'NONE',  ( 9.001544387747903997, -44.86243464841686546, -9.882552152076733876 ) ) ;
#3735 = ORIENTED_EDGE ( 'NONE', *, *, #5302, .T. ) ;
#3736 = FACE_OUTER_BOUND ( 'NONE', #2894, .T. ) ;
#3738 = CYLINDRICAL_SURFACE ( 'NONE', #5682, 1.850000000000000977 ) ;
#3737 = DIRECTION ( 'NONE',  ( 0.0000000000000000000, 0.0000000000000000000, -1.000000000000000000 ) ) ;
#3739 = CARTESIAN_POINT ( 'NONE',  ( 11.99999999999999645, -1.000000000000000888, -11.93161150701349627 ) ) ;
#3740 = AXIS2_PLACEMENT_3D ( 'NONE', #2779, #2762, #1794 ) ;
#3741 = CARTESIAN_POINT ( 'NONE',  ( 26.89993277159247498, 6.754240200655488024, -6.185914269997818238 ) ) ;
#3742 = ORIENTED_EDGE ( 'NONE', *, *, #2692, .T. ) ;
#3743 = EDGE_CURVE ( 'NONE', #4496, #1880, #1651, .T. ) ;
#3744 = VECTOR ( 'NONE', #1319, 1000.000000000000114 ) ;
#3745 = CARTESIAN_POINT ( 'NONE',  ( 8.896366710886862705, -43.63013765801193955, -9.637255333394994850 ) ) ;
#3746 = ORIENTED_EDGE ( 'NONE', *, *, #843, .F. ) ;
#3747 = CARTESIAN_POINT ( 'NONE',  ( 0.0000000000000000000, -79.00000000000001421, -21.49999999999998579 ) ) ;
#3748 =( BOUNDED_CURVE ( )  B_SPLINE_CURVE ( 3, ( #5881, #4068, #4465, #1315 ),
 .UNSPECIFIED., .F., .T. ) 
 B_SPLINE_CURVE_WITH_KNOTS ( ( 4, 4 ),
 ( 0.0000000000000000000, 0.7853981633974481680 ),
 .UNSPECIFIED. ) 
 CURVE ( )  GEOMETRIC_REPRESENTATION_ITEM ( )  RATIONAL_B_SPLINE_CURVE ( ( 1.000000000000000000, 0.9492530216741911220, 0.9492530216741911220, 1.000000000000000000 ) ) 
 REPRESENTATION_ITEM ( '' )  );
#3749 = CARTESIAN_POINT ( 'NONE',  ( 15.51163111810796913, 6.402145235520825928, -14.98315720886306757 ) ) ;
#3750 = B_SPLINE_CURVE_WITH_KNOTS ( 'NONE', 3,
 ( #3997, #4477, #2594, #3952, #3971, #1227, #1186, #758, #1685, #4457, #5811, #1709, #4831, #3081 ),
 .UNSPECIFIED., .F., .F.,
 ( 4, 2, 2, 2, 2, 2, 4 ),
 ( 0.004572528247972617449, 0.005145538632867055484, 0.005432043825314278838, 0.005718549017761503060, 0.006291559402655935891, 0.006578064595103161848, 0.006864569787550387804 ),
 .UNSPECIFIED. ) ;
#3751 = FACE_OUTER_BOUND ( 'NONE', #3458, .T. ) ;
#3752 = EDGE_CURVE ( 'NONE', #710, #5711, #42, .T. ) ;
#3753 = EDGE_CURVE ( 'NONE', #2837, #5361, #2863, .T. ) ;
#3754 = CARTESIAN_POINT ( 'NONE',  ( 40.26524001646303930, 4.107894294315414641, -7.168009123487355971 ) ) ;
#3755 = CARTESIAN_POINT ( 'NONE',  ( 15.90537538441425269, 5.000000000000000000, -2.750000000000000000 ) ) ;
#3756 = ADVANCED_FACE ( 'NONE', ( #3366 ), #954, .F. ) ;
#3757 = ORIENTED_EDGE ( 'NONE', *, *, #3135, .F. ) ;
#3758 = CARTESIAN_POINT ( 'NONE',  ( 0.4999999999999935052, 10.00000000000000000, -0.4999999999999935052 ) ) ;
#3759 = ORIENTED_EDGE ( 'NONE', *, *, #4818, .F. ) ;
#3760 = ORIENTED_EDGE ( 'NONE', *, *, #1473, .F. ) ;
#3761 = AXIS2_PLACEMENT_3D ( 'NONE', #4097, #1349, #5442 ) ;
#3762 = CARTESIAN_POINT ( 'NONE',  ( 16.37166747756465668, 3.623725287782401328, -7.028112138805479248 ) ) ;
#3763 = CARTESIAN_POINT ( 'NONE',  ( 46.06940016533044258, -3.924083981722272796, 2.569400165330409269 ) ) ;
#3764 = ORIENTED_EDGE ( 'NONE', *, *, #4492, .T. ) ;
#3765 = ORIENTED_EDGE ( 'NONE', *, *, #1864, .F. ) ;
#3766 = CARTESIAN_POINT ( 'NONE',  ( 42.99999999999999289, -0.9476673429160707984, -10.06838849298647354 ) ) ;
#3767 = VERTEX_POINT ( 'NONE', #2204 ) ;
#3768 = VERTEX_POINT ( 'NONE', #4525 ) ;
#3769 = AXIS2_PLACEMENT_3D ( 'NONE', #3173, #489, #469 ) ;
#3770 = DIRECTION ( 'NONE',  ( 0.7071067811865524577, -0.0000000000000000000, -0.7071067811865426878 ) ) ;
#3771 = CARTESIAN_POINT ( 'NONE',  ( 20.58563858120902523, -39.41100184468078282, -6.975588149960804785 ) ) ;
#3772 = ORIENTED_EDGE ( 'NONE', *, *, #4871, .T. ) ;
#3773 = ORIENTED_EDGE ( 'NONE', *, *, #5690, .T. ) ;
#3774 = CARTESIAN_POINT ( 'NONE',  ( 46.08782187772488470, -43.54429576384151090, -12.32691657740931568 ) ) ;
#3775 = ORIENTED_EDGE ( 'NONE', *, *, #931, .F. ) ;
#3776 = DIRECTION ( 'NONE',  ( 1.000000000000000000, 0.0000000000000000000, 0.0000000000000000000 ) ) ;
#3777 = AXIS2_PLACEMENT_3D ( 'NONE', #4674, #2345, #2816 ) ;
#3778 = EDGE_CURVE ( 'NONE', #505, #1396, #1804, .T. ) ;
#3779 = ORIENTED_EDGE ( 'NONE', *, *, #3634, .F. ) ;
#3780 = PLANE ( 'NONE',  #5817 ) ;
#3781 = LINE ( 'NONE', #366, #525 ) ;
#3782 = CARTESIAN_POINT ( 'NONE',  ( 6.000000000000000000, -18.50000000000000000, -11.00000000000000000 ) ) ;
#3783 = CARTESIAN_POINT ( 'NONE',  ( 38.72208501679192949, 3.595448486846127167, -7.017753816984657611 ) ) ;
#3784 = ADVANCED_FACE ( 'NONE', ( #4596 ), #537, .F. ) ;
#3785 = CARTESIAN_POINT ( 'NONE',  ( 9.063968733941482725, -42.94568329154149922, -11.92555383215477782 ) ) ;
#3786 = EDGE_CURVE ( 'NONE', #2257, #5833, #3943, .T. ) ;
#3787 = CIRCLE ( 'NONE', #306, 8.000000000000005329 ) ;
#3788 = CARTESIAN_POINT ( 'NONE',  ( 39.10999999999982180, 3.550003277437948856, -6.999999999999315214 ) ) ;
#3789 = CARTESIAN_POINT ( 'NONE',  ( 15.69775018848539361, 6.439917314593490261, -14.99646648569391516 ) ) ;
#3790 = B_SPLINE_CURVE_WITH_KNOTS ( 'NONE', 3,
 ( #166, #1087, #2434, #4290, #1101, #5661, #1030, #5170, #4723, #3354, #2851, #1499, #1970, #5195, #2889, #189, #1953, #3315, #3374, #656, #4704, #2872, #3783, #3840, #4665, #128 ),
 .UNSPECIFIED., .F., .F.,
 ( 4, 2, 2, 2, 2, 2, 2, 2, 2, 2, 2, 2, 4 ),
 ( 0.004549651598726161573, 0.005122845515701451163, 0.005409442474189095525, 0.005696039432676739886, 0.006269233349652031211, 0.006555830308139680776, 0.006842427266627329474, 0.007415621183602625136, 0.007988815100577920797, 0.008275412059065569495, 0.008562009017553218193, 0.008848605976040865156, 0.009135202934528512120 ),
 .UNSPECIFIED. ) ;
#3791 = PLANE ( 'NONE',  #5263 ) ;
#3792 = CARTESIAN_POINT ( 'NONE',  ( 51.95890608470365635, -43.29086956515791229, -9.778991241147922509 ) ) ;
#3793 = VECTOR ( 'NONE', #3175, 999.9999999999998863 ) ;
#3794 = CARTESIAN_POINT ( 'NONE',  ( 17.06133128918800068, 5.895315973566129131, -14.82714204000997960 ) ) ;
#3795 = EDGE_CURVE ( 'NONE', #83, #4992, #4806, .T. ) ;
#3796 = CARTESIAN_POINT ( 'NONE',  ( 55.00000000000000000, -67.00000000000000000, -0.4999999999999935052 ) ) ;
#3797 = VECTOR ( 'NONE', #1177, 1000.000000000000000 ) ;
#3798 = LINE ( 'NONE', #2483, #5168 ) ;
#3799 = DIRECTION ( 'NONE',  ( 0.0000000000000000000, 0.0000000000000000000, -1.000000000000000000 ) ) ;
#3800 = CARTESIAN_POINT ( 'NONE',  ( -13.00000000000003197, -4.999999999999999112, -17.99999999999998579 ) ) ;
#3801 = CARTESIAN_POINT ( 'NONE',  ( 3.122501086012365867, -73.81531273051233200, -12.39999999999999325 ) ) ;
#3802 = AXIS2_PLACEMENT_3D ( 'NONE', #3484, #344, #1631 ) ;
#3803 = VECTOR ( 'NONE', #2246, 1000.000000000000114 ) ;
#3804 = FACE_OUTER_BOUND ( 'NONE', #648, .T. ) ;
#3805 = CARTESIAN_POINT ( 'NONE',  ( 27.74301603063740274, 6.838031812096366124, -6.154603422505890542 ) ) ;
#3806 = EDGE_LOOP ( 'NONE', ( #2316, #1054, #2761, #3440 ) ) ;
#3807 = LOCAL_TIME ( 16, 50, 19.00000000000000000, #2868 ) ;
#3808 = DIRECTION ( 'NONE',  ( -0.0000000000000000000, -0.0000000000000000000, 1.000000000000000000 ) ) ;
#3809 = LINE ( 'NONE', #892, #4888 ) ;
#3810 = ORIENTED_EDGE ( 'NONE', *, *, #2819, .F. ) ;
#3811 = CARTESIAN_POINT ( 'NONE',  ( 2.799975742312446059, -75.40005544614501787, -10.81571793990885944 ) ) ;
#3812 = ADVANCED_FACE ( 'NONE', ( #4170 ), #4021, .F. ) ;
#3813 = DIRECTION ( 'NONE',  ( -1.000000000000000000, 0.0000000000000000000, 0.0000000000000000000 ) ) ;
#3814 = VECTOR ( 'NONE', #5512, 1000.000000000000000 ) ;
#3815 = VECTOR ( 'NONE', #5340, 1000.000000000000000 ) ;
#3816 = CARTESIAN_POINT ( 'NONE',  ( 37.94394610456557615, 5.887331777647591302, -14.82666674383935224 ) ) ;
#3817 = APPROVAL ( #5900, 'UNSPECIFIED' ) ;
#3818 = CARTESIAN_POINT ( 'NONE',  ( 27.50000000000000000, 5.000000000000000000, -27.00000000000000355 ) ) ;
#3819 = EDGE_CURVE ( 'NONE', #2092, #1538, #106, .T. ) ;
#3820 = EDGE_LOOP ( 'NONE', ( #1659, #3375, #1626, #2274 ) ) ;
#3821 =( BOUNDED_CURVE ( )  B_SPLINE_CURVE ( 3, ( #1609, #4356, #649, #3422 ),
 .UNSPECIFIED., .F., .F. ) 
 B_SPLINE_CURVE_WITH_KNOTS ( ( 4, 4 ),
 ( 2.356194490192353719, 3.141592653589793116 ),
 .UNSPECIFIED. ) 
 CURVE ( )  GEOMETRIC_REPRESENTATION_ITEM ( )  RATIONAL_B_SPLINE_CURVE ( ( 1.000000000000000000, 0.9492530216741923432, 0.9492530216741923432, 1.000000000000000000 ) ) 
 REPRESENTATION_ITEM ( '' )  );
#3822 = CARTESIAN_POINT ( 'NONE',  ( 25.64999999999999858, 5.000000000000000000, -6.516697645708021902 ) ) ;
#3823 = DATE_TIME_ROLE ( 'classification_date' ) ;
#3824 = CARTESIAN_POINT ( 'NONE',  ( 39.10077083408302911, 6.449986973733965456, -2.749999999999999112 ) ) ;
#3825 = VERTEX_POINT ( 'NONE', #4959 ) ;
#3826 = B_SPLINE_CURVE_WITH_KNOTS ( 'NONE', 3,
 ( #3287, #1529, #1509, #562, #614, #1946, #3794, #2845, #4241, #160, #635, #5601, #1080, #3732 ),
 .UNSPECIFIED., .F., .F.,
 ( 4, 2, 2, 2, 2, 2, 4 ),
 ( 0.0000000000000000000, 0.0002867269351066076581, 0.0005734538702132153162, 0.001146907740426434752, 0.001720361610639654188, 0.002007088545746269111, 0.002293815480852883816 ),
 .UNSPECIFIED. ) ;
#3827 = EDGE_CURVE ( 'NONE', #1159, #5701, #3585, .T. ) ;
#3828 = EDGE_LOOP ( 'NONE', ( #3397, #1476, #1905, #5293, #2834 ) ) ;
#3829 = CARTESIAN_POINT ( 'NONE',  ( 11.99999999999999645, 0.0000000000000000000, -10.06838849298650373 ) ) ;
#3830 = DIRECTION ( 'NONE',  ( 0.0000000000000000000, -1.000000000000000000, 0.0000000000000000000 ) ) ;
#3831 = EDGE_LOOP ( 'NONE', ( #3991, #634, #5411, #2913, #1344, #1105, #5176, #850, #561, #3883, #224, #183 ) ) ;
#3832 = CARTESIAN_POINT ( 'NONE',  ( 39.09462461558574375, 5.000000000000000000, -2.750000000000000000 ) ) ;
#3833 = ORIENTED_EDGE ( 'NONE', *, *, #4017, .F. ) ;
#3834 = DIRECTION ( 'NONE',  ( 0.0000000000000000000, 0.0000000000000000000, -1.000000000000000000 ) ) ;
#3835 = VERTEX_POINT ( 'NONE', #2680 ) ;
#3836 = ORIENTED_EDGE ( 'NONE', *, *, #2284, .T. ) ;
#3837 = CARTESIAN_POINT ( 'NONE',  ( 43.00000000000000000, -44.00000000000001421, -9.599999999999997868 ) ) ;
#3838 = ORIENTED_EDGE ( 'NONE', *, *, #843, .T. ) ;
#3839 = CARTESIAN_POINT ( 'NONE',  ( 11.50000000000000355, -4.999999999999999112, -17.99999999999998579 ) ) ;
#3840 = CARTESIAN_POINT ( 'NONE',  ( 38.90879524785550103, 3.558813630420663010, -7.003967049178389637 ) ) ;
#3841 = ADVANCED_FACE ( 'NONE', ( #1930 ), #250, .F. ) ;
#3842 = VERTEX_POINT ( 'NONE', #4711 ) ;
#3843 = CARTESIAN_POINT ( 'NONE',  ( 49.00000000000000000, -18.50000000000001776, -7.799999999999996270 ) ) ;
#3844 = ORIENTED_EDGE ( 'NONE', *, *, #882, .F. ) ;
#3845 = ORIENTED_EDGE ( 'NONE', *, *, #5387, .F. ) ;
#3846 = CARTESIAN_POINT ( 'NONE',  ( 12.00425617577999127, -0.8976636150500697520, -11.94958273140296257 ) ) ;
#3847 = ORIENTED_EDGE ( 'NONE', *, *, #1473, .T. ) ;
#3848 = EDGE_CURVE ( 'NONE', #1116, #5441, #2357, .T. ) ;
#3849 = VECTOR ( 'NONE', #4616, 1000.000000000000000 ) ;
#3850 = ORIENTED_EDGE ( 'NONE', *, *, #2709, .T. ) ;
#3851 = CARTESIAN_POINT ( 'NONE',  ( 2.915698793690500334, -75.11135795130593351, -10.14377747018066600 ) ) ;
#3852 = DIRECTION ( 'NONE',  ( 0.0000000000000000000, -1.000000000000000000, 0.0000000000000000000 ) ) ;
#3853 = ORIENTED_EDGE ( 'NONE', *, *, #1490, .T. ) ;
#3854 = LINE ( 'NONE', #1893, #5449 ) ;
#3855 = EDGE_CURVE ( 'NONE', #4579, #5116, #4458, .T. ) ;
#3856 = CARTESIAN_POINT ( 'NONE',  ( 0.4999999999999935052, -4.999999999999999112, -17.99999999999998579 ) ) ;
#3857 = FACE_OUTER_BOUND ( 'NONE', #5557, .T. ) ;
#3858 = CARTESIAN_POINT ( 'NONE',  ( 27.01368294822908922, 6.801496293700521001, -15.83091312083933033 ) ) ;
#3859 = CARTESIAN_POINT ( 'NONE',  ( 49.00000000000000000, -18.50000000000001776, -14.20000000000000284 ) ) ;
#3860 = EDGE_CURVE ( 'NONE', #565, #293, #5712, .T. ) ;
#3861 = LINE ( 'NONE', #5316, #5238 ) ;
#3862 = CARTESIAN_POINT ( 'NONE',  ( 12.07999813601349892, -0.6032206159318539429, -12.22118012282734334 ) ) ;
#3863 = FACE_OUTER_BOUND ( 'NONE', #4569, .T. ) ;
#3864 = DIRECTION ( 'NONE',  ( 0.0000000000000000000, 1.000000000000000000, 0.0000000000000000000 ) ) ;
#3865 = DIRECTION ( 'NONE',  ( 0.0000000000000000000, 0.5299989400031798192, 0.8479983040050881327 ) ) ;
#3866 = B_SPLINE_CURVE_WITH_KNOTS ( 'NONE', 3,
 ( #591, #3766, #2398, #4254, #2853, #232, #1974, #1122, #1599, #2475, #1090, #1103, #4311, #4275 ),
 .UNSPECIFIED., .F., .F.,
 ( 4, 2, 2, 2, 2, 2, 4 ),
 ( 0.0000000000000000000, 0.0001544403248495450961, 0.0003088806496990901922, 0.0006177612993981761559, 0.001235522598796352095, 0.001853283898194528143, 0.002471045197592704190 ),
 .UNSPECIFIED. ) ;
#3867 = DIRECTION ( 'NONE',  ( 0.0000000000000000000, -1.000000000000000000, 0.0000000000000000000 ) ) ;
#3868 = ADVANCED_FACE ( 'NONE', ( #2716 ), #4374, .F. ) ;
#3869 = FACE_OUTER_BOUND ( 'NONE', #4063, .T. ) ;
#3870 = LINE ( 'NONE', #3956, #323 ) ;
#3871 = AXIS2_PLACEMENT_3D ( 'NONE', #957, #941, #2314 ) ;
#3872 = DIRECTION ( 'NONE',  ( -1.000000000000000000, 0.0000000000000000000, 0.0000000000000000000 ) ) ;
#3873 = FACE_OUTER_BOUND ( 'NONE', #5740, .T. ) ;
#3875 = VECTOR ( 'NONE', #3443, 1000.000000000000000 ) ;
#3874 = CARTESIAN_POINT ( 'NONE',  ( 25.83891733268949409, 4.176621323051254997, -6.443051597001591801 ) ) ;
#3876 = CARTESIAN_POINT ( 'NONE',  ( 38.20409044776685192, 6.159777361835906184, -14.89852257196205443 ) ) ;
#3877 = DIRECTION ( 'NONE',  ( -0.7071067811865425767, 0.0000000000000000000, -0.7071067811865524577 ) ) ;
#3878 = EDGE_LOOP ( 'NONE', ( #4352, #4484, #3917, #415 ) ) ;
#3879 = AXIS2_PLACEMENT_3D ( 'NONE', #2976, #2053, #5280 ) ;
#3880 = LINE ( 'NONE', #4415, #1875 ) ;
#3881 = FACE_OUTER_BOUND ( 'NONE', #3699, .T. ) ;
#3882 = DIRECTION ( 'NONE',  ( 0.0000000000000000000, 1.000000000000000000, 0.0000000000000000000 ) ) ;
#3883 = ORIENTED_EDGE ( 'NONE', *, *, #4789, .T. ) ;
#3884 = CARTESIAN_POINT ( 'NONE',  ( 11.50000000000000355, -32.50000000000000711, -21.99999999999998579 ) ) ;
#3885 = DIRECTION ( 'NONE',  ( 0.0000000000000000000, 0.0000000000000000000, 1.000000000000000000 ) ) ;
#3886 = DIRECTION ( 'NONE',  ( 0.0000000000000000000, 0.5299989400031797082, -0.8479983040050880216 ) ) ;
#3887 = FACE_OUTER_BOUND ( 'NONE', #3262, .T. ) ;
#3888 = CARTESIAN_POINT ( 'NONE',  ( 11.99999999999999645, -15.00000000000000000, -21.50000000000000000 ) ) ;
#3889 = CARTESIAN_POINT ( 'NONE',  ( 2.998649230174500246, -74.86187221801529290, -12.11808351728165967 ) ) ;
#3890 = AXIS2_PLACEMENT_3D ( 'NONE', #4404, #5804, #2131 ) ;
#3891 = EDGE_LOOP ( 'NONE', ( #5794, #2040, #5281, #4604, #1356 ) ) ;
#3892 = EDGE_CURVE ( 'NONE', #774, #1561, #1151, .T. ) ;
#3893 = DIRECTION ( 'NONE',  ( -0.0000000000000000000, -0.0000000000000000000, 1.000000000000000000 ) ) ;
#3894 = PLANE ( 'NONE',  #3918 ) ;
#3895 = CIRCLE ( 'NONE', #2734, 8.000000000000005329 ) ;
#3896 = ORIENTED_EDGE ( 'NONE', *, *, #3673, .T. ) ;
#3897 = ORIENTED_EDGE ( 'NONE', *, *, #5379, .F. ) ;
#3898 = DIRECTION ( 'NONE',  ( 0.7071067811865425767, 0.0000000000000000000, -0.7071067811865524577 ) ) ;
#3899 = CC_DESIGN_PERSON_AND_ORGANIZATION_ASSIGNMENT ( #5745, #2804, ( #769 ) ) ;
#3900 = CARTESIAN_POINT ( 'NONE',  ( 12.00000000000000355, -44.00000000000001421, -9.599999999999997868 ) ) ;
#3901 = EDGE_CURVE ( 'NONE', #555, #2414, #2936, .T. ) ;
#3902 = ADVANCED_FACE ( 'NONE', ( #5465 ), #2382, .F. ) ;
#3903 = ORIENTED_EDGE ( 'NONE', *, *, #2890, .T. ) ;
#3904 = ORIENTED_EDGE ( 'NONE', *, *, #1513, .T. ) ;
#3905 = ORIENTED_EDGE ( 'NONE', *, *, #3243, .T. ) ;
#3906 = DIRECTION ( 'NONE',  ( 0.7071067811865524577, 0.0000000000000000000, -0.7071067811865425767 ) ) ;
#3907 = ORIENTED_EDGE ( 'NONE', *, *, #5412, .F. ) ;
#3908 = ORIENTED_EDGE ( 'NONE', *, *, #1672, .T. ) ;
#3909 = EDGE_LOOP ( 'NONE', ( #4736, #4860, #4890, #1340 ) ) ;
#3910 = CARTESIAN_POINT ( 'NONE',  ( 28.63182432372726538, 3.531659289627878451, -6.282800162164344115 ) ) ;
#3911 = CARTESIAN_POINT ( 'NONE',  ( 11.49999999999999645, -2.500000000000002220, -5.204748896376250896E-15 ) ) ;
#3912 = VERTEX_POINT ( 'NONE', #1625 ) ;
#3913 = CARTESIAN_POINT ( 'NONE',  ( 54.50000000000000000, -2.499999999999999556, -21.99999999999998579 ) ) ;
#3914 = CARTESIAN_POINT ( 'NONE',  ( 51.87749891398786417, -74.00000000000001421, -12.39999999999999858 ) ) ;
#3915 = CARTESIAN_POINT ( 'NONE',  ( 40.36484101419638648, 5.727284814758358600, -14.79846863746578478 ) ) ;
#3916 = EDGE_LOOP ( 'NONE', ( #3904, #3209, #1710, #4986, #3441 ) ) ;
#3917 = ORIENTED_EDGE ( 'NONE', *, *, #3743, .F. ) ;
#3918 = AXIS2_PLACEMENT_3D ( 'NONE', #4322, #4779, #1964 ) ;
#3919 = CARTESIAN_POINT ( 'NONE',  ( 26.03045909495420318, 3.869817665075553581, -6.377456923148318246 ) ) ;
#3920 = ORIENTED_EDGE ( 'NONE', *, *, #2212, .T. ) ;
#3921 = CARTESIAN_POINT ( 'NONE',  ( 43.00000000000000000, -1.000000000000000888, -11.93161150701352469 ) ) ;
#3922 = ORIENTED_EDGE ( 'NONE', *, *, #663, .T. ) ;
#3923 = EDGE_LOOP ( 'NONE', ( #3545, #4406, #1547, #1460 ) ) ;
#3924 = DIRECTION ( 'NONE',  ( -1.000000000000000000, 0.0000000000000000000, 0.0000000000000000000 ) ) ;
#3925 = FACE_OUTER_BOUND ( 'NONE', #916, .T. ) ;
#3926 = CARTESIAN_POINT ( 'NONE',  ( -13.00000000000003197, -4.999999999999999112, -17.99999999999998579 ) ) ;
#3927 = CARTESIAN_POINT ( 'NONE',  ( 43.50000000000000000, -2.500000000000002220, -5.204748896376250896E-15 ) ) ;
#3928 = DIRECTION ( 'NONE',  ( 0.0000000000000000000, 1.000000000000000000, 0.0000000000000000000 ) ) ;
#3929 = EDGE_CURVE ( 'NONE', #2235, #1552, #4660, .T. ) ;
#3930 = CARTESIAN_POINT ( 'NONE',  ( -13.00000000000003197, -5.000000000000000888, -4.000000000000004441 ) ) ;
#3931 = DIRECTION ( 'NONE',  ( 0.0000000000000000000, -1.000000000000000000, 0.0000000000000000000 ) ) ;
#3932 = CYLINDRICAL_SURFACE ( 'NONE', #5506, 1.449999999999999956 ) ;
#3933 = ADVANCED_FACE ( 'NONE', ( #3869 ), #4530, .F. ) ;
#3934 = CARTESIAN_POINT ( 'NONE',  ( 27.50000000000000000, 5.000000000000000000, 0.0000000000000000000 ) ) ;
#3935 = DIRECTION ( 'NONE',  ( -1.000000000000000000, -0.0000000000000000000, -0.0000000000000000000 ) ) ;
#3936 = DIRECTION ( 'NONE',  ( -0.0000000000000000000, -0.0000000000000000000, -1.000000000000000000 ) ) ;
#3937 = AXIS2_PLACEMENT_3D ( 'NONE', #2255, #4981, #5142 ) ;
#3938 = EDGE_CURVE ( 'NONE', #2188, #2105, #4026, .T. ) ;
#3939 = LINE ( 'NONE', #5809, #5653 ) ;
#3940 = CARTESIAN_POINT ( 'NONE',  ( 52.19588138293754298, -45.39065727055938027, -10.81405905019867753 ) ) ;
#3941 = CARTESIAN_POINT ( 'NONE',  ( 3.087949812874312805, -44.45494118435191666, -12.32720028988984673 ) ) ;
#3942 = CARTESIAN_POINT ( 'NONE',  ( 37.99999999999999289, -4.999999999999857003, -5.499999999999927169 ) ) ;
#3943 = LINE ( 'NONE', #445, #879 ) ;
#3944 = LINE ( 'NONE', #3686, #3586 ) ;
#3945 = DIRECTION ( 'NONE',  ( 0.0000000000000000000, 0.0000000000000000000, -1.000000000000000000 ) ) ;
#3946 = CARTESIAN_POINT ( 'NONE',  ( 43.00000000000000000, -0.7312388979353058316, -0.4999999999999943934 ) ) ;
#3947 = EDGE_CURVE ( 'NONE', #3616, #3674, #1996, .T. ) ;
#3948 = CARTESIAN_POINT ( 'NONE',  ( 43.00000000000000000, -44.00000000000001421, -10.99999999999999645 ) ) ;
#3949 = EDGE_CURVE ( 'NONE', #2699, #3171, #3290, .T. ) ;
#3950 = CARTESIAN_POINT ( 'NONE',  ( 0.5000000000000004441, -79.00000000000001421, 0.0000000000000000000 ) ) ;
#3951 = DIRECTION ( 'NONE',  ( 0.0000000000000000000, 1.000000000000000000, 0.0000000000000000000 ) ) ;
#3952 = CARTESIAN_POINT ( 'NONE',  ( 37.79334060001091444, 4.353318832327844667, -14.77729063026266410 ) ) ;
#3953 = FACE_OUTER_BOUND ( 'NONE', #1901, .T. ) ;
#3954 = CIRCLE ( 'NONE', #1230, 1.850000000000000977 ) ;
#3955 = ORIENTED_EDGE ( 'NONE', *, *, #5889, .F. ) ;
#3956 = CARTESIAN_POINT ( 'NONE',  ( 11.99999999999999645, -32.50000000000000711, -21.50000000000000355 ) ) ;
#3957 = CARTESIAN_POINT ( 'NONE',  ( 46.04102582181177183, -74.70949715663422808, -12.22085419404172235 ) ) ;
#3958 = CARTESIAN_POINT ( 'NONE',  ( 52.13975242185497905, -72.74338521123350176, -11.62393789070146610 ) ) ;
#3959 = AXIS2_PLACEMENT_3D ( 'NONE', #5012, #2259, #1840 ) ;
#3960 = LINE ( 'NONE', #5741, #672 ) ;
#3961 = CARTESIAN_POINT ( 'NONE',  ( 43.00000000000000000, -1.000000000000000888, -10.06838849298647354 ) ) ;
#3962 = CARTESIAN_POINT ( 'NONE',  ( 46.12250108601237031, -74.00000000000001421, -9.599999999999997868 ) ) ;
#3963 = ORIENTED_EDGE ( 'NONE', *, *, #2882, .F. ) ;
#3964 = CARTESIAN_POINT ( 'NONE',  ( 51.95890356296352053, -44.70897816249754442, -12.22100195828158853 ) ) ;
#3965 = CIRCLE ( 'NONE', #3976, 3.199999999999999734 ) ;
#3966 = CARTESIAN_POINT ( 'NONE',  ( 2.860247578145034275, -45.25661478876652666, -10.37606210929851969 ) ) ;
#3967 = ORIENTED_EDGE ( 'NONE', *, *, #3667, .T. ) ;
#3968 = CIRCLE ( 'NONE', #2921, 1.399999999999998579 ) ;
#3969 = PLANE ( 'NONE',  #743 ) ;
#3970 = CARTESIAN_POINT ( 'NONE',  ( 34.48688926390047982, -39.18107043685903079, -7.103172352261124090 ) ) ;
#3971 = CARTESIAN_POINT ( 'NONE',  ( 37.83907684437389918, 4.268572838119362167, -14.79312641088820968 ) ) ;
#3972 = EDGE_LOOP ( 'NONE', ( #5499, #840, #2937, #2260, #4204, #1528 ) ) ;
#3973 = CARTESIAN_POINT ( 'NONE',  ( 27.49999999999999645, 3.149999999999998579, -15.84999999999999964 ) ) ;
#3974 = DIRECTION ( 'NONE',  ( 0.6583521792383930649, 0.3648901426239209989, 0.6583521792384022797 ) ) ;
#3975 = ORIENTED_EDGE ( 'NONE', *, *, #3016, .T. ) ;
#3976 = AXIS2_PLACEMENT_3D ( 'NONE', #5559, #613, #2409 ) ;
#3977 = EDGE_CURVE ( 'NONE', #4496, #5430, #3148, .T. ) ;
#3978 = DIRECTION ( 'NONE',  ( 0.0000000000000000000, 1.000000000000000000, 0.0000000000000000000 ) ) ;
#3979 = DIRECTION ( 'NONE',  ( 1.000000000000000000, 0.0000000000000000000, 0.0000000000000000000 ) ) ;
#3980 = ORIENTED_EDGE ( 'NONE', *, *, #68, .T. ) ;
#3981 = CARTESIAN_POINT ( 'NONE',  ( 39.30083880279937603, 6.449590965784715912, -15.00000000000002842 ) ) ;
#3982 = CARTESIAN_POINT ( 'NONE',  ( 15.79458290713568758, 6.449793849080724506, -7.000000000000013323 ) ) ;
#3983 = ORIENTED_EDGE ( 'NONE', *, *, #1929, .T. ) ;
#3984 = ORIENTED_EDGE ( 'NONE', *, *, #4991, .F. ) ;
#3985 = DIRECTION ( 'NONE',  ( 0.0000000000000000000, -1.000000000000000000, 0.0000000000000000000 ) ) ;
#3986 = ORIENTED_EDGE ( 'NONE', *, *, #5662, .F. ) ;
#3987 = CARTESIAN_POINT ( 'NONE',  ( 3.103633289113138627, -44.36986234198808887, -9.637255333395000179 ) ) ;
#3988 = CARTESIAN_POINT ( 'NONE',  ( 11.50000000000000355, -30.00000000000000711, -17.99999999999998579 ) ) ;
#3989 = EDGE_CURVE ( 'NONE', #1031, #5425, #2928, .T. ) ;
#3990 = VERTEX_POINT ( 'NONE', #4334 ) ;
#3991 = ORIENTED_EDGE ( 'NONE', *, *, #1962, .T. ) ;
#3992 = CARTESIAN_POINT ( 'NONE',  ( 6.000000000000000000, -14.00000000000000000, -12.14999999999999858 ) ) ;
#3993 = ORIENTED_EDGE ( 'NONE', *, *, #4570, .F. ) ;
#3994 = CARTESIAN_POINT ( 'NONE',  ( 39.10999999999982180, 3.550003277437948856, -6.999999999999315214 ) ) ;
#3995 = DIRECTION ( 'NONE',  ( 0.0000000000000000000, 0.0000000000000000000, -1.000000000000000000 ) ) ;
#3996 = ORIENTED_EDGE ( 'NONE', *, *, #52, .F. ) ;
#3997 = CARTESIAN_POINT ( 'NONE',  ( 37.64462461558574091, 5.000000000000000000, -14.72191818592950341 ) ) ;
#3998 = VERTEX_POINT ( 'NONE', #2916 ) ;
#3999 = CARTESIAN_POINT ( 'NONE',  ( 29.35000000000000497, 4.878038961325252387, -15.48330235429197543 ) ) ;
#4000 = CARTESIAN_POINT ( 'NONE',  ( 3.041025821811774499, -74.70949715663422808, -9.779145805958274096 ) ) ;
#4001 = ADVANCED_FACE ( 'NONE', ( #4955 ), #2459, .F. ) ;
#4002 = DIRECTION ( 'NONE',  ( 0.0000000000000000000, 0.0000000000000000000, 1.000000000000000000 ) ) ;
#4003 = ORIENTED_EDGE ( 'NONE', *, *, #1938, .T. ) ;
#4004 = CARTESIAN_POINT ( 'NONE',  ( 39.49253115600549791, 6.410505479846507981, -14.98555729906110656 ) ) ;
#4005 = CARTESIAN_POINT ( 'NONE',  ( 15.88999999999977852, 6.449996722562282514, -6.999999999999234390 ) ) ;
#4006 = FACE_OUTER_BOUND ( 'NONE', #3057, .T. ) ;
#4007 = ORIENTED_EDGE ( 'NONE', *, *, #545, .F. ) ;
#4008 = AXIS2_PLACEMENT_3D ( 'NONE', #1661, #3906, #2933 ) ;
#4009 = ORIENTED_EDGE ( 'NONE', *, *, #5164, .F. ) ;
#4010 = DIRECTION ( 'NONE',  ( 1.000000000000000000, -0.0000000000000000000, -0.0000000000000000000 ) ) ;
#4011 = CARTESIAN_POINT ( 'NONE',  ( 36.09462461558574375, 5.000000000000000000, -2.750000000000000000 ) ) ;
#4012 = VECTOR ( 'NONE', #2524, 1000.000000000000000 ) ;
#4013 = PLANE ( 'NONE',  #603 ) ;
#4014 = LINE ( 'NONE', #4466, #598 ) ;
#4015 = CARTESIAN_POINT ( 'NONE',  ( 51.89663342726126416, -74.37109715242132779, -9.637878886949591717 ) ) ;
#4016 = AXIS2_PLACEMENT_3D ( 'NONE', #3162, #4122, #18 ) ;
#4017 = EDGE_CURVE ( 'NONE', #5571, #1767, #5398, .T. ) ;
#4018 =( BOUNDED_CURVE ( )  B_SPLINE_CURVE ( 3, ( #5138, #2378, #3946, #2758 ),
 .UNSPECIFIED., .F., .F. ) 
 B_SPLINE_CURVE_WITH_KNOTS ( ( 4, 4 ),
 ( 5.497787143782125518, 6.283185307179586232 ),
 .UNSPECIFIED. ) 
 CURVE ( )  GEOMETRIC_REPRESENTATION_ITEM ( )  RATIONAL_B_SPLINE_CURVE ( ( 1.000000000000000000, 0.9492530216741894566, 0.9492530216741894566, 1.000000000000000000 ) ) 
 REPRESENTATION_ITEM ( '' )  );
#4019 = CARTESIAN_POINT ( 'NONE',  ( 9.139752421854968389, -72.74338521123351597, -10.37606210929853034 ) ) ;
#4020 = LINE ( 'NONE', #4741, #1860 ) ;
#4021 = PLANE ( 'NONE',  #1327 ) ;
#4022 = LINE ( 'NONE', #1245, #2781 ) ;
#4023 = DIRECTION ( 'NONE',  ( 0.0000000000000000000, -1.000000000000000000, 0.0000000000000000000 ) ) ;
#4024 = EDGE_CURVE ( 'NONE', #3378, #1336, #735, .T. ) ;
#4026 = LINE ( 'NONE', #4749, #4232 ) ;
#4025 = CARTESIAN_POINT ( 'NONE',  ( 54.75000000000000000, 9.500000000000000000, -21.75000000000000000 ) ) ;
#4027 = FACE_OUTER_BOUND ( 'NONE', #971, .T. ) ;
#4028 = CARTESIAN_POINT ( 'NONE',  ( 55.00000000000000000, 10.00000000000000000, -0.4999999999999935052 ) ) ;
#4029 = CARTESIAN_POINT ( 'NONE',  ( 0.0000000000000000000, -2.222876179246446426, -21.50000000000000355 ) ) ;
#4030 = LOCAL_TIME ( 16, 50, 19.00000000000000000, #2789 ) ;
#4031 = LINE ( 'NONE', #1555, #5038 ) ;
#4032 = AXIS2_PLACEMENT_3D ( 'NONE', #4330, #5665, #642 ) ;
#4033 = CARTESIAN_POINT ( 'NONE',  ( 27.50000000000000000, -79.00000000000001421, -10.99999999999999645 ) ) ;
#4034 = VERTEX_POINT ( 'NONE', #1977 ) ;
#4035 = CARTESIAN_POINT ( 'NONE',  ( 15.89153859417015369, 6.449999993881298188, -14.99999999999999822 ) ) ;
#4036 = CYLINDRICAL_SURFACE ( 'NONE', #2202, 1.000000000000000888 ) ;
#4037 = CYLINDRICAL_SURFACE ( 'NONE', #2270, 1.399999999999998579 ) ;
#4038 = DIRECTION ( 'NONE',  ( 1.000000000000000000, -0.0000000000000000000, -0.0000000000000000000 ) ) ;
#4039 = DIRECTION ( 'NONE',  ( -0.0000000000000000000, 1.000000000000000000, 0.0000000000000000000 ) ) ;
#4040 = ORIENTED_EDGE ( 'NONE', *, *, #1069, .T. ) ;
#4041 = DIRECTION ( 'NONE',  ( 0.0000000000000000000, 0.0000000000000000000, 1.000000000000000000 ) ) ;
#4042 = AXIS2_PLACEMENT_3D ( 'NONE', #243, #5680, #4798 ) ;
#4043 = DIRECTION ( 'NONE',  ( 0.0000000000000000000, -0.5299989400031799303, 0.8479983040050880216 ) ) ;
#4044 = VECTOR ( 'NONE', #1950, 1000.000000000000000 ) ;
#4045 = ORIENTED_EDGE ( 'NONE', *, *, #807, .F. ) ;
#4046 = DIRECTION ( 'NONE',  ( 1.000000000000000000, -0.0000000000000000000, -0.0000000000000000000 ) ) ;
#4047 = CARTESIAN_POINT ( 'NONE',  ( 27.49999999999999645, 6.850000000000001421, -15.84999999999999964 ) ) ;
#4048 = FACE_OUTER_BOUND ( 'NONE', #5767, .T. ) ;
#4049 = CARTESIAN_POINT ( 'NONE',  ( 39.10077083408302911, 3.550013026266034988, -14.99998935279788803 ) ) ;
#4050 = ORIENTED_EDGE ( 'NONE', *, *, #5911, .F. ) ;
#4051 = DIRECTION ( 'NONE',  ( -1.000000000000000000, 0.0000000000000000000, 0.0000000000000000000 ) ) ;
#4052 = ORIENTED_EDGE ( 'NONE', *, *, #4700, .F. ) ;
#4053 = EDGE_CURVE ( 'NONE', #3990, #3662, #1577, .T. ) ;
#4054 = CARTESIAN_POINT ( 'NONE',  ( 12.90537538441424914, 5.000000000000000000, -2.750000000000000000 ) ) ;
#4055 = PLANE ( 'NONE',  #528 ) ;
#4056 = CARTESIAN_POINT ( 'NONE',  ( 52.13944672329415653, -75.25585994774974097, -10.37441808897784057 ) ) ;
#4057 = VERTEX_POINT ( 'NONE', #5199 ) ;
#4058 = DIRECTION ( 'NONE',  ( 0.7071067811865525687, 0.0000000000000000000, -0.7071067811865425767 ) ) ;
#4059 = ORIENTED_EDGE ( 'NONE', *, *, #4110, .F. ) ;
#4060 = CARTESIAN_POINT ( 'NONE',  ( 0.0000000000000000000, 10.00000000000000000, -21.50000000000000355 ) ) ;
#4061 = CARTESIAN_POINT ( 'NONE',  ( 12.00000000000000355, -44.00000000000001421, -10.99999999999999645 ) ) ;
#4062 = AXIS2_PLACEMENT_3D ( 'NONE', #1780, #3618, #4092 ) ;
#4063 = EDGE_LOOP ( 'NONE', ( #2840, #2962, #1706, #1667 ) ) ;
#4064 = EDGE_CURVE ( 'NONE', #5080, #2108, #1726, .T. ) ;
#4065 = DIRECTION ( 'NONE',  ( -0.0000000000000000000, -0.0000000000000000000, 1.000000000000000000 ) ) ;
#4066 = ORIENTED_EDGE ( 'NONE', *, *, #2631, .F. ) ;
#4067 = ORIENTED_EDGE ( 'NONE', *, *, #1181, .F. ) ;
#4068 = CARTESIAN_POINT ( 'NONE',  ( 12.73123889793530594, -6.505213034913027590E-16, -21.50000000000000000 ) ) ;
#4069 = EDGE_LOOP ( 'NONE', ( #3326, #3408, #3810, #3670, #3103 ) ) ;
#4070 = ORIENTED_EDGE ( 'NONE', *, *, #1259, .F. ) ;
#4071 = DIRECTION ( 'NONE',  ( 1.000000000000000000, 0.0000000000000000000, 0.0000000000000000000 ) ) ;
#4072 = DIRECTION ( 'NONE',  ( 0.0000000000000000000, 0.0000000000000000000, -1.000000000000000000 ) ) ;
#4073 = VERTEX_POINT ( 'NONE', #5347 ) ;
#4074 = EDGE_CURVE ( 'NONE', #5227, #5628, #5317, .T. ) ;
#4075 = ORIENTED_EDGE ( 'NONE', *, *, #1302, .F. ) ;
#4076 = CARTESIAN_POINT ( 'NONE',  ( 43.00000000000000000, -74.00000000000001421, -10.99999999999999645 ) ) ;
#4077 = CARTESIAN_POINT ( 'NONE',  ( 15.89461538287065956, 6.450001637848429503, -7.000001775453596586 ) ) ;
#4078 = ORIENTED_EDGE ( 'NONE', *, *, #3306, .T. ) ;
#4079 = EDGE_LOOP ( 'NONE', ( #5348, #3746, #3035, #3467 ) ) ;
#4080 = CARTESIAN_POINT ( 'NONE',  ( 3.041552008172695221, -43.29314612192128209, -12.22206571762648508 ) ) ;
#4081 = DIRECTION ( 'NONE',  ( 0.0000000000000000000, 0.5299989400031799303, -0.8479983040050880216 ) ) ;
#4082 = CARTESIAN_POINT ( 'NONE',  ( 17.35537538441425198, 5.000000000000000000, -14.72191818592950341 ) ) ;
#4083 = ORIENTED_EDGE ( 'NONE', *, *, #4492, .F. ) ;
#4084 = CARTESIAN_POINT ( 'NONE',  ( 51.87749891398763680, -74.00000000000001421, -9.599999999999997868 ) ) ;
#4085 = FACE_OUTER_BOUND ( 'NONE', #3614, .T. ) ;
#4086 = CARTESIAN_POINT ( 'NONE',  ( 0.4999999999999935052, -45.00000000000000711, 0.0000000000000000000 ) ) ;
#4087 = DIRECTION ( 'NONE',  ( -1.000000000000000000, -0.0000000000000000000, -0.0000000000000000000 ) ) ;
#4088 = DIRECTION ( 'NONE',  ( -0.0000000000000000000, 1.000000000000000000, 0.0000000000000000000 ) ) ;
#4089 = VECTOR ( 'NONE', #4626, 1000.000000000000000 ) ;
#4090 = DIRECTION ( 'NONE',  ( -0.7071067811865475727, 0.0000000000000000000, 0.7071067811865475727 ) ) ;
#4091 = CARTESIAN_POINT ( 'NONE',  ( 54.50000000000001421, 10.00000000000000000, -22.00000000000000000 ) ) ;
#4092 = DIRECTION ( 'NONE',  ( 0.0000000000000000000, -0.5299989400031803743, -0.8479983040050877996 ) ) ;
#4093 = CARTESIAN_POINT ( 'NONE',  ( 11.49999999999999645, 10.00000000000000000, 0.0000000000000000000 ) ) ;
#4094 = CYLINDRICAL_SURFACE ( 'NONE', #5231, 1.399999999999998579 ) ;
#4095 = CARTESIAN_POINT ( 'NONE',  ( 46.12250108601237031, -74.00000000000001421, -9.599999999999997868 ) ) ;
#4096 = DIRECTION ( 'NONE',  ( -0.7071067811865511255, -0.5996253511966862515, 0.3747658444979286574 ) ) ;
#4097 = CARTESIAN_POINT ( 'NONE',  ( 0.4999999999999935052, 10.00000000000000000, 0.0000000000000000000 ) ) ;
#4098 = AXIS2_PLACEMENT_3D ( 'NONE', #4811, #3362, #4770 ) ;
#4099 = CARTESIAN_POINT ( 'NONE',  ( 11.99999999999999645, -32.77712382075353759, -0.4999999999999950040 ) ) ;
#4100 = EDGE_CURVE ( 'NONE', #5778, #140, #1645, .T. ) ;
#4101 = VECTOR ( 'NONE', #2497, 1000.000000000000000 ) ;
#4102 = FACE_BOUND ( 'NONE', #4150, .T. ) ;
#4103 = ADVANCED_FACE ( 'NONE', ( #467 ), #2095, .F. ) ;
#4104 = CARTESIAN_POINT ( 'NONE',  ( 15.89922916675418740, 6.449986973737514617, -7.000010647204041980 ) ) ;
#4105 = LINE ( 'NONE', #4609, #4960 ) ;
#4106 = CIRCLE ( 'NONE', #4615, 1.850000000000000977 ) ;
#4107 = DIRECTION ( 'NONE',  ( 0.0000000000000000000, 0.0000000000000000000, 1.000000000000000000 ) ) ;
#4108 = VECTOR ( 'NONE', #3015, 1000.000000000000000 ) ;
#4109 = DIRECTION ( 'NONE',  ( 0.0000000000000000000, -1.000000000000000000, 0.0000000000000000000 ) ) ;
#4110 = EDGE_CURVE ( 'NONE', #2549, #4780, #3750, .T. ) ;
#4111 = DIRECTION ( 'NONE',  ( 0.0000000000000000000, 0.0000000000000000000, 1.000000000000000000 ) ) ;
#4112 = PERSON_AND_ORGANIZATION ( #1148, #4178 ) ;
#4113 = CIRCLE ( 'NONE', #5117, 3.000000000000006217 ) ;
#4114 = DIRECTION ( 'NONE',  ( 0.0000000000000000000, 0.0000000000000000000, -1.000000000000000000 ) ) ;
#4115 = ORIENTED_EDGE ( 'NONE', *, *, #1253, .F. ) ;
#4116 = CARTESIAN_POINT ( 'NONE',  ( 0.4999999999999935052, 10.00000000000000000, -21.50000000000000355 ) ) ;
#4117 = LINE ( 'NONE', #246, #5479 ) ;
#4118 = AXIS2_PLACEMENT_3D ( 'NONE', #3613, #1357, #4983 ) ;
#4119 = CARTESIAN_POINT ( 'NONE',  ( 15.89153859430967053, 6.449999993881593952, -7.000000000000002665 ) ) ;
#4120 = DIRECTION ( 'NONE',  ( 0.7071067811865426878, -0.7071067811865524577, -0.0000000000000000000 ) ) ;
#4121 = DIRECTION ( 'NONE',  ( 0.0000000000000000000, 0.0000000000000000000, -1.000000000000000000 ) ) ;
#4122 = DIRECTION ( 'NONE',  ( 0.7071067811865524577, 0.7071067811865425767, -0.0000000000000000000 ) ) ;
#4123 = ORIENTED_EDGE ( 'NONE', *, *, #1026, .T. ) ;
#4124 = LINE ( 'NONE', #1798, #3608 ) ;
#4125 = VERTEX_POINT ( 'NONE', #4391 ) ;
#4126 = AXIS2_PLACEMENT_3D ( 'NONE', #5369, #5406, #3995 ) ;
#4127 = CARTESIAN_POINT ( 'NONE',  ( 40.54736269327507614, 4.808600272737973746, -7.267120999648370550 ) ) ;
#4128 = ORIENTED_EDGE ( 'NONE', *, *, #2931, .T. ) ;
#4129 = VERTEX_POINT ( 'NONE', #4434 ) ;
#4130 = DIRECTION ( 'NONE',  ( 0.0000000000000000000, 0.0000000000000000000, 1.000000000000000000 ) ) ;
#4131 = EDGE_LOOP ( 'NONE', ( #1178, #2968, #5048, #4128, #2099 ) ) ;
#4132 = ORIENTED_EDGE ( 'NONE', *, *, #876, .T. ) ;
#4133 = PLANE ( 'NONE',  #3959 ) ;
#4134 = EDGE_CURVE ( 'NONE', #2322, #2977, #3225, .T. ) ;
#4135 = ORIENTED_EDGE ( 'NONE', *, *, #2086, .T. ) ;
#4136 = PLANE ( 'NONE',  #3544 ) ;
#4137 = PLANE ( 'NONE',  #5000 ) ;
#4138 = CARTESIAN_POINT ( 'NONE',  ( 27.49999999999999645, -35.00000000000000000, -19.00000000000000355 ) ) ;
#4139 = ORIENTED_EDGE ( 'NONE', *, *, #3860, .T. ) ;
#4140 = DIRECTION ( 'NONE',  ( 1.000000000000000000, 0.0000000000000000000, 0.0000000000000000000 ) ) ;
#4141 = VERTEX_POINT ( 'NONE', #1274 ) ;
#4142 = PLANE ( 'NONE',  #5564 ) ;
#4143 = EDGE_LOOP ( 'NONE', ( #4923, #5205, #5681, #129 ) ) ;
#4144 = CC_DESIGN_APPROVAL ( #2775, ( #2582 ) ) ;
#4145 = EDGE_CURVE ( 'NONE', #1767, #3912, #5884, .T. ) ;
#4146 = ORIENTED_EDGE ( 'NONE', *, *, #4177, .F. ) ;
#4147 = CARTESIAN_POINT ( 'NONE',  ( 28.99999999999959854, -20.99999999999999645, -14.50000000000020073 ) ) ;
#4148 = ORIENTED_EDGE ( 'NONE', *, *, #5912, .F. ) ;
#4149 = DIRECTION ( 'NONE',  ( 0.0000000000000000000, -1.000000000000000000, 0.0000000000000000000 ) ) ;
#4150 = EDGE_LOOP ( 'NONE', ( #4705, #1180 ) ) ;
#4151 = PLANE ( 'NONE',  #2230 ) ;
#4152 = EDGE_CURVE ( 'NONE', #2117, #564, #3083, .T. ) ;
#4153 = FACE_OUTER_BOUND ( 'NONE', #2825, .T. ) ;
#4154 = EDGE_CURVE ( 'NONE', #3060, #770, #1865, .T. ) ;
#4155 = EDGE_LOOP ( 'NONE', ( #3091, #2474, #2096, #4562 ) ) ;
#4156 = CARTESIAN_POINT ( 'NONE',  ( 15.89922916591712720, 3.550013026266034100, -14.99998935279788803 ) ) ;
#4157 = ORIENTED_EDGE ( 'NONE', *, *, #442, .T. ) ;
#4158 = VECTOR ( 'NONE', #3936, 1000.000000000000000 ) ;
#4159 = PLANE ( 'NONE',  #114 ) ;
#4160 = CARTESIAN_POINT ( 'NONE',  ( 11.49999999999999645, -30.00000000000000355, -4.000000000000004441 ) ) ;
#4161 = ADVANCED_FACE ( 'NONE', ( #5245 ), #4854, .F. ) ;
#4162 = CARTESIAN_POINT ( 'NONE',  ( 16.78824993780908770, 6.154120900387493265, -7.101330318007969211 ) ) ;
#4163 = FACE_OUTER_BOUND ( 'NONE', #918, .T. ) ;
#4164 = DIRECTION ( 'NONE',  ( 0.0000000000000000000, 0.0000000000000000000, -1.000000000000000000 ) ) ;
#4165 = VECTOR ( 'NONE', #4785, 1000.000000000000000 ) ;
#4166 = CIRCLE ( 'NONE', #2942, 1.399999999999998579 ) ;
#4167 = EDGE_CURVE ( 'NONE', #1396, #4496, #3726, .T. ) ;
#4168 = CARTESIAN_POINT ( 'NONE',  ( 6.000000000000000000, -18.50000000000000000, -11.00000000000000000 ) ) ;
#4169 = PLANE ( 'NONE',  #3141 ) ;
#4170 = FACE_OUTER_BOUND ( 'NONE', #1400, .T. ) ;
#4171 = CYLINDRICAL_SURFACE ( 'NONE', #3177, 1.399999999999998579 ) ;
#4172 = DIRECTION ( 'NONE',  ( 0.0000000000000000000, -1.000000000000000000, 0.0000000000000000000 ) ) ;
#4173 = CARTESIAN_POINT ( 'NONE',  ( 6.000000000000000000, -14.00000000000000000, -9.849999999999999645 ) ) ;
#4174 = CARTESIAN_POINT ( 'NONE',  ( 9.001544387747903997, -74.86243464841686546, -9.882552152076733876 ) ) ;
#4175 = AXIS2_PLACEMENT_3D ( 'NONE', #5519, #5915, #3217 ) ;
#4176 = CARTESIAN_POINT ( 'NONE',  ( 27.37798632290681411, 6.849999999999983658, -6.150000000000005684 ) ) ;
#4177 = EDGE_CURVE ( 'NONE', #2332, #5227, #1795, .T. ) ;
#4178 = ORGANIZATION ( 'UNSPECIFIED', 'UNSPECIFIED', '' ) ;
#4179 = VECTOR ( 'NONE', #2688, 1000.000000000000000 ) ;
#4180 = CARTESIAN_POINT ( 'NONE',  ( 8.958974178188226389, -43.29050284336582166, -9.779145805958275872 ) ) ;
#4181 = ORIENTED_EDGE ( 'NONE', *, *, #1380, .T. ) ;
#4182 = DIRECTION ( 'NONE',  ( -0.7071067811865524577, 0.0000000000000000000, 0.7071067811865425767 ) ) ;
#4183 = VECTOR ( 'NONE', #1628, 1000.000000000000000 ) ;
#4184 = DIRECTION ( 'NONE',  ( 0.0000000000000000000, -1.000000000000000000, 0.0000000000000000000 ) ) ;
#4185 = EDGE_CURVE ( 'NONE', #4565, #3341, #2855, .T. ) ;
#4186 = EDGE_LOOP ( 'NONE', ( #767, #3404, #2759, #5748, #4838, #508 ) ) ;
#4187 = CARTESIAN_POINT ( 'NONE',  ( 52.16860693667429416, -42.67293452291258404, -10.54475107505539277 ) ) ;
#4188 = ADVANCED_FACE ( 'NONE', ( #535 ), #2116, .F. ) ;
#4189 = CARTESIAN_POINT ( 'NONE',  ( 12.00000000000000355, -74.00000000000001421, -10.99999999999999645 ) ) ;
#4190 = CIRCLE ( 'NONE', #4482, 1.399999999999998579 ) ;
#4191 = VERTEX_POINT ( 'NONE', #3480 ) ;
#4192 = AXIS2_PLACEMENT_3D ( 'NONE', #4924, #811, #5800 ) ;
#4193 = DIRECTION ( 'NONE',  ( 0.0000000000000000000, 1.000000000000000000, 0.0000000000000000000 ) ) ;
#4194 = FACE_BOUND ( 'NONE', #2598, .T. ) ;
#4195 = DIRECTION ( 'NONE',  ( 1.000000000000000000, 0.0000000000000000000, 0.0000000000000000000 ) ) ;
#4196 = EDGE_LOOP ( 'NONE', ( #5563, #1203, #1837, #4388 ) ) ;
#4197 = VERTEX_POINT ( 'NONE', #3180 ) ;
#4198 = ORIENTED_EDGE ( 'NONE', *, *, #4677, .T. ) ;
#4199 = AXIS2_PLACEMENT_3D ( 'NONE', #2492, #4270, #2911 ) ;
#4200 = DIRECTION ( 'NONE',  ( 0.0000000000000000000, 0.0000000000000000000, 1.000000000000000000 ) ) ;
#4201 = EDGE_LOOP ( 'NONE', ( #2908, #1598, #5121, #4814 ) ) ;
#4202 = ORIENTED_EDGE ( 'NONE', *, *, #2979, .F. ) ;
#4203 = VERTEX_POINT ( 'NONE', #823 ) ;
#4204 = ORIENTED_EDGE ( 'NONE', *, *, #4252, .T. ) ;
#4205 = ORIENTED_EDGE ( 'NONE', *, *, #3949, .T. ) ;
#4206 = CARTESIAN_POINT ( 'NONE',  ( 9.168475042790696250, -45.32674949901311123, -10.54387751039465471 ) ) ;
#4207 = AXIS2_PLACEMENT_3D ( 'NONE', #5383, #5826, #3556 ) ;
#4208 = ORIENTED_EDGE ( 'NONE', *, *, #294, .T. ) ;
#4209 = EDGE_CURVE ( 'NONE', #2322, #853, #1143, .T. ) ;
#4210 = VERTEX_POINT ( 'NONE', #399 ) ;
#4211 = CARTESIAN_POINT ( 'NONE',  ( 43.00000000000000000, -35.00000000000000000, -0.4999999999999935052 ) ) ;
#4212 = ADVANCED_FACE ( 'NONE', ( #1432 ), #923, .T. ) ;
#4213 = ORIENTED_EDGE ( 'NONE', *, *, #19, .F. ) ;
#4214 = CARTESIAN_POINT ( 'NONE',  ( 9.183093210115213623, -42.63756680476020477, -10.62946975331709609 ) ) ;
#4215 = AXIS2_PLACEMENT_3D ( 'NONE', #5858, #4039, #423 ) ;
#4216 = EDGE_CURVE ( 'NONE', #2188, #3413, #1223, .T. ) ;
#4217 = ORIENTED_EDGE ( 'NONE', *, *, #2439, .T. ) ;
#4218 = CARTESIAN_POINT ( 'NONE',  ( 0.4999999999999935052, -32.50000000000000711, -21.99999999999998579 ) ) ;
#4219 = ORIENTED_EDGE ( 'NONE', *, *, #4980, .F. ) ;
#4220 = CARTESIAN_POINT ( 'NONE',  ( 12.00000000000000355, -44.00000000000001421, -10.99999999999999645 ) ) ;
#4221 = B_SPLINE_CURVE_WITH_KNOTS ( 'NONE', 3,
 ( #4613, #2677, #2267, #1789, #5001, #5524, #5899, #905, #5039, #3165, #4162, #1331, #4545, #2245, #4581, #4104 ),
 .UNSPECIFIED., .F., .F.,
 ( 4, 2, 2, 2, 2, 2, 2, 4 ),
 ( 0.002303204883228230672, 0.002589766629619847434, 0.002876328376011464197, 0.003162890122403080959, 0.003449451868794697722, 0.003736013615186314484, 0.004022575361577931247, 0.004595698854361165639 ),
 .UNSPECIFIED. ) ;
#4222 = VECTOR ( 'NONE', #5821, 1000.000000000000000 ) ;
#4223 = CARTESIAN_POINT ( 'NONE',  ( 52.12219433712559891, -42.78744470347094619, -10.29437288348809609 ) ) ;
#4224 = CARTESIAN_POINT ( 'NONE',  ( 45.80411861706247123, -42.60934272944064105, -10.81405905019867753 ) ) ;
#4225 = AXIS2_PLACEMENT_3D ( 'NONE', #4753, #5226, #4393 ) ;
#4226 = CARTESIAN_POINT ( 'NONE',  ( 49.00000000000000000, -14.00000000000001066, -7.899999999999997691 ) ) ;
#4227 = FACE_OUTER_BOUND ( 'NONE', #1694, .T. ) ;
#4228 = CARTESIAN_POINT ( 'NONE',  ( 41.99999999999999289, -1.000000000000000888, 2.632990618166809235E-15 ) ) ;
#4229 = CARTESIAN_POINT ( 'NONE',  ( 0.0000000000000000000, -79.00000000000001421, -21.99999999999999289 ) ) ;
#4230 = LINE ( 'NONE', #2568, #5525 ) ;
#4231 = AXIS2_PLACEMENT_3D ( 'NONE', #5141, #644, #627 ) ;
#4232 = VECTOR ( 'NONE', #5282, 1000.000000000000000 ) ;
#4233 = FACE_BOUND ( 'NONE', #2328, .T. ) ;
#4234 = CARTESIAN_POINT ( 'NONE',  ( 21.05218224947324757, -39.90136044250380820, -6.261167643887345591 ) ) ;
#4235 = DIRECTION ( 'NONE',  ( 0.0000000000000000000, -1.000000000000000000, 0.0000000000000000000 ) ) ;
#4236 = DIRECTION ( 'NONE',  ( -0.0000000000000000000, -0.0000000000000000000, 1.000000000000000000 ) ) ;
#4237 = VECTOR ( 'NONE', #497, 1000.000000000000114 ) ;
#4238 = ADVANCED_FACE ( 'NONE', ( #949 ), #38, .F. ) ;
#4239 = EDGE_CURVE ( 'NONE', #3662, #1199, #5657, .T. ) ;
#4240 = LINE ( 'NONE', #4086, #606 ) ;
#4241 = CARTESIAN_POINT ( 'NONE',  ( 16.63370824020390870, 6.268027020576758979, -14.93423052931441752 ) ) ;
#4242 = VECTOR ( 'NONE', #1793, 1000.000000000000000 ) ;
#4243 = CARTESIAN_POINT ( 'NONE',  ( 9.180229565000546543, -45.35430091103757633, -10.63335635908634380 ) ) ;
#4244 = VERTEX_POINT ( 'NONE', #2638 ) ;
#4245 = DATE_AND_TIME ( #4385, #5536 ) ;
#4247 = VECTOR ( 'NONE', #3555, 1000.000000000000000 ) ;
#4246 = DIRECTION ( 'NONE',  ( -0.0000000000000000000, 1.000000000000000000, -0.0000000000000000000 ) ) ;
#4248 = CARTESIAN_POINT ( 'NONE',  ( 9.199977207314555372, -75.39994790242673162, -10.90646698819375615 ) ) ;
#4249 = CC_DESIGN_PERSON_AND_ORGANIZATION_ASSIGNMENT ( #2083, #2098, ( #2582 ) ) ;
#4250 = DIRECTION ( 'NONE',  ( 0.0000000000000000000, -0.0000000000000000000, -1.000000000000000000 ) ) ;
#4251 = VERTEX_POINT ( 'NONE', #4099 ) ;
#4252 = EDGE_CURVE ( 'NONE', #777, #2767, #1607, .T. ) ;
#4253 = CYLINDRICAL_SURFACE ( 'NONE', #4361, 1.000000000000000888 ) ;
#4254 = CARTESIAN_POINT ( 'NONE',  ( 42.98272551333712954, -0.8096606593654412931, -9.998646151657466064 ) ) ;
#4255 = APPROVAL_ROLE ( '' ) ;
#4256 = ORIENTED_EDGE ( 'NONE', *, *, #1003, .T. ) ;
#4257 = CARTESIAN_POINT ( 'NONE',  ( 12.00000000000000355, -74.00000000000001421, -10.99999999999999645 ) ) ;
#4258 = CARTESIAN_POINT ( 'NONE',  ( 15.42123637059957453, 6.374376246278863789, -14.97342598985763473 ) ) ;
#4259 = B_SPLINE_CURVE_WITH_KNOTS ( 'NONE', 3,
 ( #3494, #1290, #2135, #336, #1248, #5789, #5871, #4453, #782, #3970, #2634, #1704 ),
 .UNSPECIFIED., .F., .F.,
 ( 4, 2, 2, 2, 2, 4 ),
 ( 0.0000000000000000000, 0.0005378929015088938954, 0.001075785803017787791, 0.001613678704526681686, 0.001882625155281129285, 0.002151571606035576883 ),
 .UNSPECIFIED. ) ;
#4260 = FACE_OUTER_BOUND ( 'NONE', #1454, .T. ) ;
#4261 = EDGE_CURVE ( 'NONE', #2763, #1561, #4306, .T. ) ;
#4262 = EDGE_CURVE ( 'NONE', #1159, #5140, #4655, .T. ) ;
#4263 = DIRECTION ( 'NONE',  ( 0.0000000000000000000, -0.5299989400031798192, -0.8479983040050881327 ) ) ;
#4264 = CARTESIAN_POINT ( 'NONE',  ( 52.13975242185499326, -42.74338521123350887, -11.62393789070147676 ) ) ;
#4265 = CARTESIAN_POINT ( 'NONE',  ( 27.49999999999999645, -40.00000000000000000, -2.999999999999997335 ) ) ;
#4266 = ORIENTED_EDGE ( 'NONE', *, *, #1364, .T. ) ;
#4267 = ORIENTED_EDGE ( 'NONE', *, *, #1098, .F. ) ;
#4268 = AXIS2_PLACEMENT_3D ( 'NONE', #5319, #5787, #4869 ) ;
#4269 = CARTESIAN_POINT ( 'NONE',  ( 14.45537538441425340, 5.000000000000000000, -30.00000000000000000 ) ) ;
#4270 = DIRECTION ( 'NONE',  ( 0.0000000000000000000, 0.0000000000000000000, -1.000000000000000000 ) ) ;
#4271 = ORIENTED_EDGE ( 'NONE', *, *, #1302, .T. ) ;
#4272 = ADVANCED_FACE ( 'NONE', ( #4727 ), #1747, .T. ) ;
#4273 = ORIENTED_EDGE ( 'NONE', *, *, #4678, .F. ) ;
#4274 = MANIFOLD_SOLID_BREP ( 'Boss-Extrude18', #700 ) ;
#4275 = CARTESIAN_POINT ( 'NONE',  ( 41.99999999999999289, 0.0000000000000000000, -8.234516317169811472 ) ) ;
#4276 = ORIENTED_EDGE ( 'NONE', *, *, #3623, .F. ) ;
#4277 = PERSON_AND_ORGANIZATION_ROLE ( 'design_supplier' ) ;
#4278 = ORIENTED_EDGE ( 'NONE', *, *, #4743, .F. ) ;
#4279 = ORIENTED_EDGE ( 'NONE', *, *, #4521, .T. ) ;
#4280 = CARTESIAN_POINT ( 'NONE',  ( 14.79937448462725591, 4.043372413286545175, -14.84905755734514265 ) ) ;
#4281 = VERTEX_POINT ( 'NONE', #2656 ) ;
#4282 = DIRECTION ( 'NONE',  ( 0.7071067811865439090, 0.5996253511966922467, 0.3747658444979325987 ) ) ;
#4283 = VERTEX_POINT ( 'NONE', #3120 ) ;
#4284 = CARTESIAN_POINT ( 'NONE',  ( 45.86055327670587189, -42.74414005225032298, -10.37441808897784057 ) ) ;
#4285 = ORIENTED_EDGE ( 'NONE', *, *, #1490, .F. ) ;
#4286 = AXIS2_PLACEMENT_3D ( 'NONE', #2233, #2708, #1341 ) ;
#4287 = EDGE_CURVE ( 'NONE', #2025, #337, #102, .T. ) ;
#4288 = EDGE_LOOP ( 'NONE', ( #259, #1696, #2375, #3481 ) ) ;
#4289 = LINE ( 'NONE', #2423, #3059 ) ;
#4290 = CARTESIAN_POINT ( 'NONE',  ( 38.45328452802777974, 6.303922867471960956, -7.053279849058486484 ) ) ;
#4291 = ORIENTED_EDGE ( 'NONE', *, *, #3115, .F. ) ;
#4292 = VERTEX_POINT ( 'NONE', #1367 ) ;
#4293 = CARTESIAN_POINT ( 'NONE',  ( 29.28999811112684171, 5.482852975749974433, -6.492332141305944049 ) ) ;
#4294 = CARTESIAN_POINT ( 'NONE',  ( 6.000000000000000000, -18.50000000000000000, -12.14999999999999858 ) ) ;
#4295 = EDGE_CURVE ( 'NONE', #5324, #24, #701, .T. ) ;
#4296 = LINE ( 'NONE', #3251, #5158 ) ;
#4297 = DIRECTION ( 'NONE',  ( 0.0000000000000000000, 0.0000000000000000000, 1.000000000000000000 ) ) ;
#4298 = B_SPLINE_CURVE_WITH_KNOTS ( 'NONE', 3,
 ( #2346, #3284, #101, #2861, #1059, #3792, #158, #3305, #5162, #4223, #5641, #4187, #3713, #1041, #3263, #983, #2425, #4264, #4714, #3327, #2823, #5102, #84, #560, #4640, #597 ),
 .UNSPECIFIED., .F., .F.,
 ( 4, 2, 2, 2, 2, 2, 2, 2, 2, 2, 2, 2, 4 ),
 ( 0.004433535381358140980, 0.004710352795980531602, 0.004987170210602922225, 0.005540805039847707808, 0.005817622454470095829, 0.006094439869092483850, 0.006371257283714872738, 0.006648074698337261626, 0.007201709527582042872, 0.007478526942204433495, 0.007755344356826824118, 0.008308979186071596690, 0.008862614015316369262 ),
 .UNSPECIFIED. ) ;
#4299 = CARTESIAN_POINT ( 'NONE',  ( 39.10691705258031448, 5.000000000000000000, -2.749999999999999112 ) ) ;
#4300 = DIRECTION ( 'NONE',  ( 0.0000000000000000000, 1.000000000000000000, 0.0000000000000000000 ) ) ;
#4301 = LINE ( 'NONE', #2136, #3071 ) ;
#4302 = ADVANCED_FACE ( 'NONE', ( #5024 ), #1788, .T. ) ;
#4303 = CARTESIAN_POINT ( 'NONE',  ( 55.00000000000000000, 10.00000000000000000, -0.4999999999999935052 ) ) ;
#4304 = AXIS2_PLACEMENT_3D ( 'NONE', #5185, #612, #1506 ) ;
#4305 = DIRECTION ( 'NONE',  ( 1.000000000000000000, -0.0000000000000000000, -0.0000000000000000000 ) ) ;
#4306 = LINE ( 'NONE', #460, #3221 ) ;
#4307 = FACE_OUTER_BOUND ( 'NONE', #2183, .T. ) ;
#4308 = AXIS2_PLACEMENT_3D ( 'NONE', #2783, #86, #2746 ) ;
#4309 = VECTOR ( 'NONE', #4792, 1000.000000000000000 ) ;
#4310 = FACE_OUTER_BOUND ( 'NONE', #2268, .T. ) ;
#4311 = CARTESIAN_POINT ( 'NONE',  ( 42.14225055326043190, -7.724940478959220078E-16, -8.383171722904096512 ) ) ;
#4312 = DIRECTION ( 'NONE',  ( 0.6583521792384011695, -0.3648901426239249401, -0.6583521792383920657 ) ) ;
#4313 = LINE ( 'NONE', #1295, #1868 ) ;
#4314 = DIRECTION ( 'NONE',  ( 0.0000000000000000000, 0.0000000000000000000, 1.000000000000000000 ) ) ;
#4315 = LINE ( 'NONE', #206, #1732 ) ;
#4316 = ORIENTED_EDGE ( 'NONE', *, *, #5523, .T. ) ;
#4317 = CARTESIAN_POINT ( 'NONE',  ( 39.84046021630746992, 3.735097580737570144, -7.063339917722232464 ) ) ;
#4318 = AXIS2_PLACEMENT_3D ( 'NONE', #256, #196, #3886 ) ;
#4319 = EDGE_CURVE ( 'NONE', #3053, #2322, #2288, .T. ) ;
#4320 = CARTESIAN_POINT ( 'NONE',  ( 39.10691705258031448, 5.000000000000000000, -18.00000000000000000 ) ) ;
#4321 = FACE_OUTER_BOUND ( 'NONE', #1899, .T. ) ;
#4322 = CARTESIAN_POINT ( 'NONE',  ( 0.0000000000000000000, 0.0000000000000000000, -21.50000000000000000 ) ) ;
#4323 = ORIENTED_EDGE ( 'NONE', *, *, #5673, .T. ) ;
#4324 = DIRECTION ( 'NONE',  ( -0.7071067811865524577, -0.0000000000000000000, -0.7071067811865425767 ) ) ;
#4325 = FACE_BOUND ( 'NONE', #4853, .T. ) ;
#4326 = PLANE ( 'NONE',  #2838 ) ;
#4327 = CARTESIAN_POINT ( 'NONE',  ( 11.49999999999999645, -5.000000000000000888, -4.000000000000004441 ) ) ;
#4328 = EDGE_CURVE ( 'NONE', #3043, #5783, #3427, .T. ) ;
#4329 = ADVANCED_FACE ( 'NONE', ( #1992 ), #37, .T. ) ;
#4330 = CARTESIAN_POINT ( 'NONE',  ( 39.09462461558574375, 5.000000000000000000, 0.0000000000000000000 ) ) ;
#4331 = ORIENTED_EDGE ( 'NONE', *, *, #5068, .T. ) ;
#4332 = CARTESIAN_POINT ( 'NONE',  ( 12.85774944673956099, -9.978048118655659966E-16, -13.61682827709589994 ) ) ;
#4333 = CARTESIAN_POINT ( 'NONE',  ( 43.00000000000000000, -30.27712382075353759, -17.49999999999999289 ) ) ;
#4334 = CARTESIAN_POINT ( 'NONE',  ( 55.00000000000000000, -2.222876179246451311, -21.50000000000000000 ) ) ;
#4335 = ORIENTED_EDGE ( 'NONE', *, *, #2086, .F. ) ;
#4336 = B_SPLINE_CURVE_WITH_KNOTS ( 'NONE', 3,
 ( #4156, #13, #32, #1384, #5029 ),
 .UNSPECIFIED., .F., .F.,
 ( 4, 1, 4 ),
 ( 0.002280959278218018006, 0.002285560576467072710, 0.002290161874716127414 ),
 .UNSPECIFIED. ) ;
#4337 = AXIS2_PLACEMENT_3D ( 'NONE', #678, #1991, #1123 ) ;
#4338 = CARTESIAN_POINT ( 'NONE',  ( 11.99999999999999289, -0.9478782781886876396, -10.06838849298648242 ) ) ;
#4339 = ORIENTED_EDGE ( 'NONE', *, *, #4134, .F. ) ;
#4340 = ORIENTED_EDGE ( 'NONE', *, *, #3596, .F. ) ;
#4341 = DIRECTION ( 'NONE',  ( 0.0000000000000000000, -0.0000000000000000000, 1.000000000000000000 ) ) ;
#4342 = ORIENTED_EDGE ( 'NONE', *, *, #2657, .F. ) ;
#4343 = ORIENTED_EDGE ( 'NONE', *, *, #2768, .T. ) ;
#4344 = CARTESIAN_POINT ( 'NONE',  ( 43.00000000000000000, -15.00000000000000000, -4.499999999999998224 ) ) ;
#4345 = ORIENTED_EDGE ( 'NONE', *, *, #276, .F. ) ;
#4346 = DIRECTION ( 'NONE',  ( 0.0000000000000000000, 0.0000000000000000000, 1.000000000000000000 ) ) ;
#4347 = CARTESIAN_POINT ( 'NONE',  ( 11.99999999999999645, -1.000000000000000888, -0.4999999999999935052 ) ) ;
#4348 = VERTEX_POINT ( 'NONE', #4211 ) ;
#4349 = VERTEX_POINT ( 'NONE', #5535 ) ;
#4350 = CARTESIAN_POINT ( 'NONE',  ( 12.05542304562339062, -0.6634917632081550609, -12.14078452055628787 ) ) ;
#4351 = CARTESIAN_POINT ( 'NONE',  ( 43.50000000000000000, -30.00000000000000355, -4.000000000000004441 ) ) ;
#4352 = ORIENTED_EDGE ( 'NONE', *, *, #2702, .T. ) ;
#4353 = LINE ( 'NONE', #2358, #4713 ) ;
#4354 = CARTESIAN_POINT ( 'NONE',  ( 27.74395328199336319, 3.149999999999998135, -6.150000000000001243 ) ) ;
#4355 = ORIENTED_EDGE ( 'NONE', *, *, #3082, .F. ) ;
#4356 = CARTESIAN_POINT ( 'NONE',  ( 12.48293601660256869, -0.1028504210243385980, -0.6028504210243401662 ) ) ;
#4357 = ADVANCED_FACE ( 'NONE', ( #1082 ), #3220, .F. ) ;
#4358 = DIRECTION ( 'NONE',  ( 1.000000000000000000, 0.0000000000000000000, 0.0000000000000000000 ) ) ;
#4359 = ORIENTED_EDGE ( 'NONE', *, *, #2592, .T. ) ;
#4360 = FACE_OUTER_BOUND ( 'NONE', #2743, .T. ) ;
#4361 = AXIS2_PLACEMENT_3D ( 'NONE', #547, #3737, #1461 ) ;
#4362 = EDGE_CURVE ( 'NONE', #4646, #2078, #244, .T. ) ;
#4363 = CARTESIAN_POINT ( 'NONE',  ( 52.19997720731457491, -45.39994790242671030, -11.09353301180622964 ) ) ;
#4364 = CARTESIAN_POINT ( 'NONE',  ( 2.860249559980879042, -45.25660880425738952, -11.62393002588698643 ) ) ;
#4365 = CIRCLE ( 'NONE', #4843, 3.999999999999999112 ) ;
#4366 = CARTESIAN_POINT ( 'NONE',  ( 15.90537538441425269, 5.000000000000000000, -22.00000000000000000 ) ) ;
#4367 = EDGE_CURVE ( 'NONE', #4034, #4416, #1722, .T. ) ;
#4368 = EDGE_CURVE ( 'NONE', #2797, #5080, #2818, .T. ) ;
#4369 = LINE ( 'NONE', #5785, #3143 ) ;
#4370 = DIRECTION ( 'NONE',  ( 0.0000000000000000000, 1.000000000000000000, 0.0000000000000000000 ) ) ;
#4371 = VECTOR ( 'NONE', #3454, 1000.000000000000000 ) ;
#4372 = CARTESIAN_POINT ( 'NONE',  ( 11.99999999999999645, -35.00000000000000000, 0.0000000000000000000 ) ) ;
#4373 = CARTESIAN_POINT ( 'NONE',  ( 8.877498913987635021, -73.90774919236109497, -12.39999999999999858 ) ) ;
#4374 = CYLINDRICAL_SURFACE ( 'NONE', #241, 1.399999999999998579 ) ;
#4375 = DIRECTION ( 'NONE',  ( 0.0000000000000000000, -1.000000000000000000, 0.0000000000000000000 ) ) ;
#4376 = FACE_OUTER_BOUND ( 'NONE', #5427, .T. ) ;
#4377 = VECTOR ( 'NONE', #2263, 1000.000000000000000 ) ;
#4379 = VECTOR ( 'NONE', #321, 1000.000000000000000 ) ;
#4378 = CARTESIAN_POINT ( 'NONE',  ( 51.88208942133616830, -44.18576657202491020, -12.39067040013780918 ) ) ;
#4380 = ORIENTED_EDGE ( 'NONE', *, *, #242, .F. ) ;
#4381 = CARTESIAN_POINT ( 'NONE',  ( 27.50000000000000000, 5.000000000000000000, -27.00000000000000355 ) ) ;
#4382 = DIRECTION ( 'NONE',  ( 0.0000000000000000000, 1.000000000000000000, 0.0000000000000000000 ) ) ;
#4383 = VERTEX_POINT ( 'NONE', #2374 ) ;
#4384 = ADVANCED_FACE ( 'NONE', ( #4948 ), #1897, .F. ) ;
#4385 = CALENDAR_DATE ( 2019, 12, 12 ) ;
#4386 = DIRECTION ( 'NONE',  ( -1.000000000000000000, 0.0000000000000000000, 0.0000000000000000000 ) ) ;
#4387 = CYLINDRICAL_SURFACE ( 'NONE', #1241, 1.000000000000000888 ) ;
#4388 = ORIENTED_EDGE ( 'NONE', *, *, #968, .F. ) ;
#4389 = DIRECTION ( 'NONE',  ( 0.0000000000000000000, -0.5299989400031799303, 0.8479983040050880216 ) ) ;
#4390 = CARTESIAN_POINT ( 'NONE',  ( 6.000000000000000000, 10.00000000000000000, -14.09999999999999964 ) ) ;
#4391 = CARTESIAN_POINT ( 'NONE',  ( 17.35537538441425198, 5.000000000000000000, -22.00000000000000000 ) ) ;
#4392 = VECTOR ( 'NONE', #2687, 1000.000000000000000 ) ;
#4393 = DIRECTION ( 'NONE',  ( 1.000000000000000000, 0.0000000000000000000, -0.0000000000000000000 ) ) ;
#4394 = CARTESIAN_POINT ( 'NONE',  ( 45.91569879369050255, -75.11135795130591930, -11.85622252981932689 ) ) ;
#4395 = AXIS2_PLACEMENT_3D ( 'NONE', #1127, #1994, #4314 ) ;
#4396 = VERTEX_POINT ( 'NONE', #3237 ) ;
#4397 = EDGE_CURVE ( 'NONE', #1602, #215, #3790, .T. ) ;
#4398 = DIRECTION ( 'NONE',  ( 0.0000000000000000000, 0.0000000000000000000, 1.000000000000000000 ) ) ;
#4399 = CARTESIAN_POINT ( 'NONE',  ( 39.10999999999965127, 6.449996722563535734, -15.00000000000122213 ) ) ;
#4400 = FACE_OUTER_BOUND ( 'NONE', #2951, .T. ) ;
#4401 = ORIENTED_EDGE ( 'NONE', *, *, #554, .T. ) ;
#4402 = CARTESIAN_POINT ( 'NONE',  ( 40.00104433360714751, 6.156851667145070373, -7.098095620382007809 ) ) ;
#4403 = CARTESIAN_POINT ( 'NONE',  ( 3.122501086012366311, -44.00000000000001421, -12.39999999999999503 ) ) ;
#4404 = CARTESIAN_POINT ( 'NONE',  ( 27.50000000000000000, -62.00000000000000711, -10.99999999999999645 ) ) ;
#4405 = EDGE_CURVE ( 'NONE', #2583, #2341, #2641, .T. ) ;
#4406 = ORIENTED_EDGE ( 'NONE', *, *, #5371, .F. ) ;
#4407 = ORIENTED_EDGE ( 'NONE', *, *, #1891, .T. ) ;
#4408 = CARTESIAN_POINT ( 'NONE',  ( 40.55691705258031021, 5.000000000000000000, -18.00000000000000000 ) ) ;
#4409 = ORIENTED_EDGE ( 'NONE', *, *, #5220, .T. ) ;
#4410 = CARTESIAN_POINT ( 'NONE',  ( 42.99999999999999289, -0.7312388979353081631, -21.50000000000000000 ) ) ;
#4411 = CARTESIAN_POINT ( 'NONE',  ( 55.00000000000000000, -8.452405342379469388, -11.53275333898716681 ) ) ;
#4412 = ORIENTED_EDGE ( 'NONE', *, *, #924, .T. ) ;
#4413 = ORIENTED_EDGE ( 'NONE', *, *, #3584, .T. ) ;
#4414 = CARTESIAN_POINT ( 'NONE',  ( 8.877498913987633244, -74.00000000000001421, -12.39999999999999503 ) ) ;
#4415 = CARTESIAN_POINT ( 'NONE',  ( 0.4999999999999935052, -30.00000000000000355, -4.000000000000004441 ) ) ;
#4416 = VERTEX_POINT ( 'NONE', #2419 ) ;
#4417 = DIRECTION ( 'NONE',  ( 0.0000000000000000000, 0.0000000000000000000, -1.000000000000000000 ) ) ;
#4418 = CARTESIAN_POINT ( 'NONE',  ( 39.10999999999999943, 0.0000000000000000000, -11.00000000000000000 ) ) ;
#4419 = ORIENTED_EDGE ( 'NONE', *, *, #4473, .F. ) ;
#4420 = CARTESIAN_POINT ( 'NONE',  ( 40.26054036906787559, 5.883441644163464268, -14.83135052166541179 ) ) ;
#4421 = ORIENTED_EDGE ( 'NONE', *, *, #2900, .F. ) ;
#4422 = CARTESIAN_POINT ( 'NONE',  ( 15.00030481223190293, 6.158134952939683160, -7.097748303766727496 ) ) ;
#4423 = VERTEX_POINT ( 'NONE', #5629 ) ;
#4424 = AXIS2_PLACEMENT_3D ( 'NONE', #943, #4541, #36 ) ;
#4425 = CARTESIAN_POINT ( 'NONE',  ( 52.12525641071524518, -45.22120767197584001, -11.70844876775138488 ) ) ;
#4426 = ORIENTED_EDGE ( 'NONE', *, *, #3827, .T. ) ;
#4427 = CARTESIAN_POINT ( 'NONE',  ( 2.877795703485917400, -45.21258493882272234, -10.29440005481757403 ) ) ;
#4428 = DIRECTION ( 'NONE',  ( 0.0000000000000000000, -0.5299989400031798192, 0.8479983040050881327 ) ) ;
#4429 = CARTESIAN_POINT ( 'NONE',  ( -13.00000000000003197, -2.499999999999999556, -21.99999999999998579 ) ) ;
#4430 = VECTOR ( 'NONE', #1885, 1000.000000000000000 ) ;
#4431 = ORIENTED_EDGE ( 'NONE', *, *, #5596, .T. ) ;
#4432 = DIRECTION ( 'NONE',  ( 0.0000000000000000000, -1.000000000000000000, 0.0000000000000000000 ) ) ;
#4433 = CARTESIAN_POINT ( 'NONE',  ( 52.19997720731456781, -75.39994790242671741, -11.09353301180623674 ) ) ;
#4434 = CARTESIAN_POINT ( 'NONE',  ( 54.50000000000000000, -2.500000000000002220, -5.204748896376250896E-15 ) ) ;
#4435 = EDGE_CURVE ( 'NONE', #4864, #5642, #4799, .T. ) ;
#4436 = ORIENTED_EDGE ( 'NONE', *, *, #397, .F. ) ;
#4437 = CARTESIAN_POINT ( 'NONE',  ( 9.001085107134352725, -73.13900425594945887, -9.881173854912121968 ) ) ;
#4438 = DIRECTION ( 'NONE',  ( 9.903257834875357130E-15, -0.7071067811865524577, 0.7071067811865426878 ) ) ;
#4439 = FACE_OUTER_BOUND ( 'NONE', #370, .T. ) ;
#4440 = CARTESIAN_POINT ( 'NONE',  ( 52.08430120630950455, -72.88864204869409491, -11.85622252981932689 ) ) ;
#4441 = CARTESIAN_POINT ( 'NONE',  ( 15.89153864924546689, 3.550000006001601704, -7.000000000000005329 ) ) ;
#4442 = CARTESIAN_POINT ( 'NONE',  ( 14.74035945433121242, 5.884618178759589036, -7.168378044951358774 ) ) ;
#4443 = CC_DESIGN_PERSON_AND_ORGANIZATION_ASSIGNMENT ( #46, #1091, ( #5660 ) ) ;
#4444 = EDGE_CURVE ( 'NONE', #3107, #1839, #4593, .T. ) ;
#4445 = VECTOR ( 'NONE', #4934, 1000.000000000000000 ) ;
#4446 = CARTESIAN_POINT ( 'NONE',  ( 36.09462461558574375, 5.000000000000000000, 0.0000000000000000000 ) ) ;
#4447 = CARTESIAN_POINT ( 'NONE',  ( 42.83609174261566466, -0.4374935950922173022, -12.46492619354857645 ) ) ;
#4448 = ADVANCED_FACE ( 'NONE', ( #3576 ), #5094, .F. ) ;
#4449 = VECTOR ( 'NONE', #878, 1000.000000000000000 ) ;
#4450 = VECTOR ( 'NONE', #5401, 1000.000000000000000 ) ;
#4451 = DIRECTION ( 'NONE',  ( 0.7071067811865426878, 0.7071067811865524577, -0.0000000000000000000 ) ) ;
#4452 = EDGE_CURVE ( 'NONE', #5833, #1348, #5528, .T. ) ;
#4453 = CARTESIAN_POINT ( 'NONE',  ( 34.41490759280990375, -39.40986486307447478, -6.976521075692602381 ) ) ;
#4454 = EDGE_CURVE ( 'NONE', #4992, #3378, #4020, .T. ) ;
#4455 = CARTESIAN_POINT ( 'NONE',  ( 43.00000000000000000, 0.0000000000000000000, -10.06838849298647354 ) ) ;
#4456 = DIRECTION ( 'NONE',  ( -0.6583521792383959514, -0.3648901426239271606, -0.6583521792383958404 ) ) ;
#4457 = CARTESIAN_POINT ( 'NONE',  ( 38.62961448138197795, 3.623274806997863973, -14.97204875093546583 ) ) ;
#4458 = LINE ( 'NONE', #3321, #2069 ) ;
#4459 = ORIENTED_EDGE ( 'NONE', *, *, #3170, .T. ) ;
#4460 = ORIENTED_EDGE ( 'NONE', *, *, #4870, .T. ) ;
#4461 = CARTESIAN_POINT ( 'NONE',  ( 9.200024257687557494, -72.59994455385501055, -10.81571793990886476 ) ) ;
#4462 = CARTESIAN_POINT ( 'NONE',  ( 3.103633289113139071, -74.36986234198806756, -9.637255333394994850 ) ) ;
#4463 = CARTESIAN_POINT ( 'NONE',  ( 40.49717224276160010, -0.8356897976986351617, -18.99717224276164274 ) ) ;
#4464 = CYLINDRICAL_SURFACE ( 'NONE', #4215, 8.000000000000001776 ) ;
#4465 = CARTESIAN_POINT ( 'NONE',  ( 12.48293601660256513, -0.1028504210243407213, -21.39714957897565739 ) ) ;
#4466 = CARTESIAN_POINT ( 'NONE',  ( 0.5000000000000004441, 10.00000000000000000, -22.00000000000000000 ) ) ;
#4467 = ORIENTED_EDGE ( 'NONE', *, *, #3473, .T. ) ;
#4468 = DIRECTION ( 'NONE',  ( 0.0000000000000000000, 0.0000000000000000000, -1.000000000000000000 ) ) ;
#4469 = FACE_OUTER_BOUND ( 'NONE', #2982, .T. ) ;
#4470 = DIRECTION ( 'NONE',  ( 0.0000000000000000000, 1.000000000000000000, 0.0000000000000000000 ) ) ;
#4471 = EDGE_LOOP ( 'NONE', ( #4883, #3333, #4765, #1126 ) ) ;
#4472 = DIRECTION ( 'NONE',  ( 0.0000000000000000000, -1.000000000000000000, 0.0000000000000000000 ) ) ;
#4473 = EDGE_CURVE ( 'NONE', #3341, #4565, #660, .T. ) ;
#4474 = FACE_BOUND ( 'NONE', #1686, .T. ) ;
#4475 = DIRECTION ( 'NONE',  ( 0.0000000000000000000, 0.0000000000000000000, -1.000000000000000000 ) ) ;
#4476 = CARTESIAN_POINT ( 'NONE',  ( 27.50000000000000000, -62.00000000000000711, -15.94999999999999929 ) ) ;
#4477 = CARTESIAN_POINT ( 'NONE',  ( 37.64462461558575512, 4.809079095872571763, -14.72191818592950696 ) ) ;
#4478 = ORIENTED_EDGE ( 'NONE', *, *, #3786, .T. ) ;
#4479 = CARTESIAN_POINT ( 'NONE',  ( 28.72245924535248918, 3.606277715477419044, -15.69423590895567244 ) ) ;
#4480 = CARTESIAN_POINT ( 'NONE',  ( 27.49999999999999645, 10.00000000000000000, -15.84999999999999609 ) ) ;
#4481 = ORIENTED_EDGE ( 'NONE', *, *, #4074, .F. ) ;
#4482 = AXIS2_PLACEMENT_3D ( 'NONE', #5606, #1423, #1478 ) ;
#4483 = EDGE_CURVE ( 'NONE', #2964, #1257, #2780, .T. ) ;
#4484 = ORIENTED_EDGE ( 'NONE', *, *, #249, .F. ) ;
#4485 = CARTESIAN_POINT ( 'NONE',  ( 42.26876110206467985, -6.505213034913025618E-16, -0.5000000000000009992 ) ) ;
#4486 = CARTESIAN_POINT ( 'NONE',  ( 15.51153850091690956, 3.597873764552815601, -7.016849484217131838 ) ) ;
#4487 = ORIENTED_EDGE ( 'NONE', *, *, #294, .F. ) ;
#4488 = CARTESIAN_POINT ( 'NONE',  ( 41.99999999999999289, -1.000000000000000888, 2.632990618166809235E-15 ) ) ;
#4489 = EDGE_LOOP ( 'NONE', ( #1024, #1285, #3757, #2831 ) ) ;
#4490 = PLANE ( 'NONE',  #1920 ) ;
#4491 = DIRECTION ( 'NONE',  ( 0.0000000000000000000, 0.0000000000000000000, -1.000000000000000000 ) ) ;
#4492 = EDGE_CURVE ( 'NONE', #1284, #4191, #2142, .T. ) ;
#4493 = ORIENTED_EDGE ( 'NONE', *, *, #442, .F. ) ;
#4494 = VERTEX_POINT ( 'NONE', #248 ) ;
#4495 = CARTESIAN_POINT ( 'NONE',  ( 0.0000000000000000000, -35.50000000000000000, 0.0000000000000000000 ) ) ;
#4496 = VERTEX_POINT ( 'NONE', #2068 ) ;
#4497 = CARTESIAN_POINT ( 'NONE',  ( 11.99999999999999645, -30.27712382075354114, -4.499999999999998224 ) ) ;
#4498 = DIRECTION ( 'NONE',  ( 0.0000000000000000000, 1.000000000000000000, 0.0000000000000000000 ) ) ;
#4499 = CARTESIAN_POINT ( 'NONE',  ( 52.06341935784293184, -75.05270911769282804, -10.07265737079684165 ) ) ;
#4500 = VERTEX_POINT ( 'NONE', #732 ) ;
#4501 = CARTESIAN_POINT ( 'NONE',  ( 0.0000000000000000000, 9.500000000000000000, -22.00000000000000000 ) ) ;
#4502 = AXIS2_PLACEMENT_3D ( 'NONE', #3926, #1184, #4389 ) ;
#4503 = ORIENTED_EDGE ( 'NONE', *, *, #5453, .T. ) ;
#4504 = CARTESIAN_POINT ( 'NONE',  ( 8.877498913987627915, -73.81257962566236586, -9.599999999999999645 ) ) ;
#4505 = VERTEX_POINT ( 'NONE', #228 ) ;
#4506 =( LENGTH_UNIT ( ) NAMED_UNIT ( * ) SI_UNIT ( .MILLI., .METRE. ) );
#4507 = EDGE_LOOP ( 'NONE', ( #3492, #4009, #1850, #2297 ) ) ;
#4508 = DIRECTION ( 'NONE',  ( 1.000000000000000000, 0.0000000000000000000, 0.0000000000000000000 ) ) ;
#4509 = VECTOR ( 'NONE', #2039, 1000.000000000000000 ) ;
#4510 = ORIENTED_EDGE ( 'NONE', *, *, #5139, .T. ) ;
#4511 = AXIS2_PLACEMENT_3D ( 'NONE', #5457, #4010, #2648 ) ;
#4512 = ORIENTED_EDGE ( 'NONE', *, *, #4855, .T. ) ;
#4513 = DIRECTION ( 'NONE',  ( 1.000000000000000000, -0.0000000000000000000, -0.0000000000000000000 ) ) ;
#4514 = CARTESIAN_POINT ( 'NONE',  ( 43.00000000000000000, -74.00000000000001421, -10.99999999999999645 ) ) ;
#4515 = FACE_BOUND ( 'NONE', #2873, .T. ) ;
#4516 = CARTESIAN_POINT ( 'NONE',  ( 45.79997739894068332, -72.59994834042932155, -10.90803313455499257 ) ) ;
#4517 = LINE ( 'NONE', #900, #5873 ) ;
#4518 = CARTESIAN_POINT ( 'NONE',  ( 15.89461538245215699, 6.450001637848423286, -14.99999822454672760 ) ) ;
#4519 = AXIS2_PLACEMENT_3D ( 'NONE', #3818, #5585, #1988 ) ;
#4520 = CARTESIAN_POINT ( 'NONE',  ( 17.31685535404550436, 4.617061495242682057, -14.73767258432662608 ) ) ;
#4521 = EDGE_CURVE ( 'NONE', #2886, #4141, #808, .T. ) ;
#4522 = DIRECTION ( 'NONE',  ( -0.6583521792384016136, -0.3648901426239229973, 0.6583521792383925098 ) ) ;
#4523 = DIRECTION ( 'NONE',  ( -0.0000000000000000000, -1.000000000000000000, -0.0000000000000000000 ) ) ;
#4524 = FACE_OUTER_BOUND ( 'NONE', #305, .T. ) ;
#4525 = CARTESIAN_POINT ( 'NONE',  ( 42.70710678118653902, -0.2928932188134472092, -21.20710678118654968 ) ) ;
#4526 = VECTOR ( 'NONE', #4451, 1000.000000000000000 ) ;
#4527 = PLANE ( 'NONE',  #5462 ) ;
#4528 = EDGE_CURVE ( 'NONE', #4864, #5642, #5394, .T. ) ;
#4530 = CYLINDRICAL_SURFACE ( 'NONE', #5622, 1.149999999999996581 ) ;
#4529 = DIRECTION ( 'NONE',  ( 0.0000000000000000000, 0.0000000000000000000, 1.000000000000000000 ) ) ;
#4531 = VECTOR ( 'NONE', #5856, 1000.000000000000000 ) ;
#4532 = DIRECTION ( 'NONE',  ( 0.0000000000000000000, 0.0000000000000000000, 1.000000000000000000 ) ) ;
#4533 = VECTOR ( 'NONE', #5727, 1000.000000000000000 ) ;
#4534 = CARTESIAN_POINT ( 'NONE',  ( 45.80406969603495071, -72.60922993297394612, -11.18524885350230136 ) ) ;
#4535 = FACE_OUTER_BOUND ( 'NONE', #5423, .T. ) ;
#4536 = CYLINDRICAL_SURFACE ( 'NONE', #563, 3.100000000000001865 ) ;
#4537 = AXIS2_PLACEMENT_3D ( 'NONE', #2822, #632, #4773 ) ;
#4538 = CARTESIAN_POINT ( 'NONE',  ( 39.10846220277279883, 6.449999992186859821, -6.999999999999999112 ) ) ;
#4539 = VERTEX_POINT ( 'NONE', #4327 ) ;
#4540 = CARTESIAN_POINT ( 'NONE',  ( 2.915536428334444707, -42.88266373186010583, -10.13742079811913932 ) ) ;
#4541 = DIRECTION ( 'NONE',  ( 0.0000000000000000000, 1.000000000000000000, 0.0000000000000000000 ) ) ;
#4542 = CARTESIAN_POINT ( 'NONE',  ( 17.05662006570382516, 4.113421172982837604, -14.82649212395755711 ) ) ;
#4543 = CALENDAR_DATE ( 2019, 12, 12 ) ;
#4544 = CIRCLE ( 'NONE', #4511, 1.399999999999998579 ) ;
#4545 = CARTESIAN_POINT ( 'NONE',  ( 16.54577258083799052, 6.304358147288003700, -7.053130834465146215 ) ) ;
#4546 = ORIENTED_EDGE ( 'NONE', *, *, #483, .F. ) ;
#4547 = AXIS2_PLACEMENT_3D ( 'NONE', #2489, #3834, #3872 ) ;
#4548 = DIRECTION ( 'NONE',  ( -0.7071067811865425767, -0.0000000000000000000, -0.7071067811865524577 ) ) ;
#4549 = LINE ( 'NONE', #5626, #416 ) ;
#4550 = EDGE_LOOP ( 'NONE', ( #4407, #888, #5568, #4755, #3683 ) ) ;
#4551 = PLANE ( 'NONE',  #92 ) ;
#4552 = CARTESIAN_POINT ( 'NONE',  ( -13.00000000000003197, -2.500000000000002220, -5.204748896376250896E-15 ) ) ;
#4553 = EDGE_CURVE ( 'NONE', #3413, #1943, #5725, .T. ) ;
#4554 = CARTESIAN_POINT ( 'NONE',  ( 45.83139306332571294, -45.32706547708743017, -10.54475107505539277 ) ) ;
#4555 = CARTESIAN_POINT ( 'NONE',  ( 55.00000000000000000, -32.77712382075354469, -0.4999999999999925060 ) ) ;
#4556 = CARTESIAN_POINT ( 'NONE',  ( 0.4999999999999915623, -32.50000000000001421, -21.99999999999998934 ) ) ;
#4557 = ORIENTED_EDGE ( 'NONE', *, *, #3892, .T. ) ;
#4558 = CARTESIAN_POINT ( 'NONE',  ( 17.16172071376809782, 4.269943326772889236, -14.79285786427400673 ) ) ;
#4559 = VERTEX_POINT ( 'NONE', #3472 ) ;
#4560 = DIRECTION ( 'NONE',  ( 0.0000000000000000000, -0.0000000000000000000, 1.000000000000000000 ) ) ;
#4561 = CC_DESIGN_SECURITY_CLASSIFICATION ( #5660, ( #2582 ) ) ;
#4562 = ORIENTED_EDGE ( 'NONE', *, *, #4732, .F. ) ;
#4563 = EDGE_CURVE ( 'NONE', #5838, #4423, #3285, .T. ) ;
#4564 = ORIENTED_EDGE ( 'NONE', *, *, #3358, .T. ) ;
#4565 = VERTEX_POINT ( 'NONE', #5252 ) ;
#4566 = CARTESIAN_POINT ( 'NONE',  ( 27.50000000000000000, 5.000000000000000000, -22.00000000000000000 ) ) ;
#4567 = ORIENTED_EDGE ( 'NONE', *, *, #3673, .F. ) ;
#4568 = EDGE_LOOP ( 'NONE', ( #1776, #3638 ) ) ;
#4569 = EDGE_LOOP ( 'NONE', ( #3158, #5491, #3113, #1968 ) ) ;
#4570 = EDGE_CURVE ( 'NONE', #4396, #4129, #3861, .T. ) ;
#4571 = DIRECTION ( 'NONE',  ( 0.0000000000000000000, 1.000000000000000000, 0.0000000000000000000 ) ) ;
#4572 = EDGE_CURVE ( 'NONE', #5542, #933, #3359, .T. ) ;
#4573 = DIRECTION ( 'NONE',  ( -1.000000000000000000, 0.0000000000000000000, 0.0000000000000000000 ) ) ;
#4574 = CARTESIAN_POINT ( 'NONE',  ( 45.81690678988478993, -45.36243319523981654, -11.37053024668289325 ) ) ;
#4575 = ORIENTED_EDGE ( 'NONE', *, *, #4971, .F. ) ;
#4576 = CARTESIAN_POINT ( 'NONE',  ( 43.00000000000000000, -5.587236803053636791, -5.882976998091471899 ) ) ;
#4577 = DIRECTION ( 'NONE',  ( 1.000000000000000000, 0.0000000000000000000, -0.0000000000000000000 ) ) ;
#4578 = ADVANCED_FACE ( 'NONE', ( #4524 ), #713, .F. ) ;
#4579 = VERTEX_POINT ( 'NONE', #4347 ) ;
#4580 = AXIS2_PLACEMENT_3D ( 'NONE', #4495, #5439, #4051 ) ;
#4581 = CARTESIAN_POINT ( 'NONE',  ( 16.09024058766352638, 6.450796634644634153, -7.000451367441034911 ) ) ;
#4582 = CYLINDRICAL_SURFACE ( 'NONE', #2790, 4.950000000000002842 ) ;
#4583 = ORIENTED_EDGE ( 'NONE', *, *, #5022, .T. ) ;
#4584 = LINE ( 'NONE', #471, #4867 ) ;
#4585 = CARTESIAN_POINT ( 'NONE',  ( 27.49999999999999645, 10.00000000000000000, -15.84999999999999609 ) ) ;
#4586 = CARTESIAN_POINT ( 'NONE',  ( 29.35000000000000142, 5.000000000000000000, -15.48330235429197543 ) ) ;
#4587 = VECTOR ( 'NONE', #4830, 1000.000000000000000 ) ;
#4588 = CARTESIAN_POINT ( 'NONE',  ( -13.00000000000003197, -30.00000000000000355, -4.000000000000004441 ) ) ;
#4589 = DIRECTION ( 'NONE',  ( -0.6583521792383908444, 0.3648901426239293810, 0.6583521792383999482 ) ) ;
#4590 = AXIS2_PLACEMENT_3D ( 'NONE', #633, #2036, #198 ) ;
#4591 = CARTESIAN_POINT ( 'NONE',  ( 29.35000000000000142, 5.000000000000000000, -27.00000000000000355 ) ) ;
#4592 = EDGE_CURVE ( 'NONE', #1394, #3107, #3657, .T. ) ;
#4593 = CIRCLE ( 'NONE', #1629, 1.399999999999998579 ) ;
#4594 = FACE_OUTER_BOUND ( 'NONE', #3923, .T. ) ;
#4595 = CARTESIAN_POINT ( 'NONE',  ( 6.000000000000000000, 10.00000000000000000, -7.899999999999999467 ) ) ;
#4596 = FACE_OUTER_BOUND ( 'NONE', #2280, .T. ) ;
#4597 = CARTESIAN_POINT ( 'NONE',  ( 0.5000000000000004441, -2.500000000000002220, -5.204748896376250896E-15 ) ) ;
#4598 = LINE ( 'NONE', #1539, #5664 ) ;
#4599 = ORIENTED_EDGE ( 'NONE', *, *, #2046, .F. ) ;
#4600 = EDGE_CURVE ( 'NONE', #435, #5540, #873, .T. ) ;
#4601 = DIRECTION ( 'NONE',  ( -0.0000000000000000000, -1.000000000000000000, -0.0000000000000000000 ) ) ;
#4602 = CIRCLE ( 'NONE', #947, 1.449999999999999956 ) ;
#4603 = DIRECTION ( 'NONE',  ( 1.000000000000000000, -0.0000000000000000000, -0.0000000000000000000 ) ) ;
#4604 = ORIENTED_EDGE ( 'NONE', *, *, #1871, .T. ) ;
#4605 = DIRECTION ( 'NONE',  ( 0.0000000000000000000, 0.7071067811865425767, 0.7071067811865524577 ) ) ;
#4606 = VECTOR ( 'NONE', #1339, 1000.000000000000000 ) ;
#4607 = DIRECTION ( 'NONE',  ( 1.000000000000000000, 0.0000000000000000000, 0.0000000000000000000 ) ) ;
#4608 = DIRECTION ( 'NONE',  ( 1.000000000000000000, -0.0000000000000000000, -0.0000000000000000000 ) ) ;
#4609 = CARTESIAN_POINT ( 'NONE',  ( 0.4999999999999935052, -4.999999999999999112, -17.99999999999998579 ) ) ;
#4610 = CARTESIAN_POINT ( 'NONE',  ( 43.00000000000000000, -15.00000000000000000, 2.632990618166809235E-15 ) ) ;
#4611 = ORIENTED_EDGE ( 'NONE', *, *, #2250, .F. ) ;
#4612 = LINE ( 'NONE', #3093, #3168 ) ;
#4613 = CARTESIAN_POINT ( 'NONE',  ( 17.35537538441492345, 4.999999999998893330, -7.278081814070639588 ) ) ;
#4614 = EDGE_LOOP ( 'NONE', ( #5300, #2466, #2467, #2599, #848, #5438, #3922, #2533, #70, #2681, #2517, #3611, #5699, #328, #1055, #3635 ) ) ;
#4615 = AXIS2_PLACEMENT_3D ( 'NONE', #3934, #5331, #4839 ) ;
#4616 = DIRECTION ( 'NONE',  ( -0.7071067811865426878, 0.0000000000000000000, -0.7071067811865524577 ) ) ;
#4617 = ORIENTED_EDGE ( 'NONE', *, *, #3271, .T. ) ;
#4618 = DIRECTION ( 'NONE',  ( 0.0000000000000000000, 1.000000000000000000, 0.0000000000000000000 ) ) ;
#4619 = ORIENTED_EDGE ( 'NONE', *, *, #5854, .T. ) ;
#4620 = DIRECTION ( 'NONE',  ( 0.0000000000000000000, 1.000000000000000000, 0.0000000000000000000 ) ) ;
#4621 = CARTESIAN_POINT ( 'NONE',  ( 40.51009700937619584, 4.622371203112337845, -14.74701554675463910 ) ) ;
#4622 = EDGE_LOOP ( 'NONE', ( #2740, #3621, #2965, #1403 ) ) ;
#4623 = AXIS2_PLACEMENT_3D ( 'NONE', #4691, #1057, #3281 ) ;
#4624 = EDGE_CURVE ( 'NONE', #3018, #5134, #5587, .T. ) ;
#4625 = ORIENTED_EDGE ( 'NONE', *, *, #4944, .T. ) ;
#4626 = DIRECTION ( 'NONE',  ( 1.000000000000000000, 0.0000000000000000000, 0.0000000000000000000 ) ) ;
#4627 = CARTESIAN_POINT ( 'NONE',  ( 9.180211733555085019, -75.35425865350546815, -11.36672221146016781 ) ) ;
#4628 = ORIENTED_EDGE ( 'NONE', *, *, #664, .T. ) ;
#4629 = ADVANCED_FACE ( 'NONE', ( #4876 ), #1557, .F. ) ;
#4630 = ORIENTED_EDGE ( 'NONE', *, *, #4771, .F. ) ;
#4631 = CARTESIAN_POINT ( 'NONE',  ( 9.200024257687555718, -42.59994455385500345, -10.81571793990885588 ) ) ;
#4632 = EDGE_LOOP ( 'NONE', ( #119, #4493, #2906, #706 ) ) ;
#4633 = APPROVAL ( #2379, 'UNSPECIFIED' ) ;
#4634 = EDGE_CURVE ( 'NONE', #2174, #266, #2564, .T. ) ;
#4635 = ORIENTED_EDGE ( 'NONE', *, *, #1801, .F. ) ;
#4636 = CARTESIAN_POINT ( 'NONE',  ( 27.49999999999999645, 0.0000000000000000000, -11.00000000000000000 ) ) ;
#4637 = DIRECTION ( 'NONE',  ( -0.7071067811865524577, 9.614813431917954667E-17, 0.7071067811865426878 ) ) ;
#4638 = EDGE_LOOP ( 'NONE', ( #3329, #1409, #930, #2745, #1537, #3620 ) ) ;
#4639 = VERTEX_POINT ( 'NONE', #834 ) ;
#4640 = CARTESIAN_POINT ( 'NONE',  ( 51.87749891398765101, -43.81257962566236586, -12.39999999999999680 ) ) ;
#4641 = ORIENTED_EDGE ( 'NONE', *, *, #894, .T. ) ;
#4642 = DIRECTION ( 'NONE',  ( 0.0000000000000000000, -0.0000000000000000000, 1.000000000000000000 ) ) ;
#4643 = CIRCLE ( 'NONE', #5572, 1.149999999999999911 ) ;
#4644 = CARTESIAN_POINT ( 'NONE',  ( 55.00000000000000000, -20.98579690481154714, -19.36612306550720675 ) ) ;
#4645 = ORIENTED_EDGE ( 'NONE', *, *, #1716, .T. ) ;
#4646 = VERTEX_POINT ( 'NONE', #4029 ) ;
#4647 = VECTOR ( 'NONE', #4305, 1000.000000000000000 ) ;
#4648 = CARTESIAN_POINT ( 'NONE',  ( 0.4999999999999935052, 10.00000000000000000, -21.50000000000000355 ) ) ;
#4649 = DIRECTION ( 'NONE',  ( 0.0000000000000000000, 0.0000000000000000000, 1.000000000000000000 ) ) ;
#4650 = AXIS2_PLACEMENT_3D ( 'NONE', #5839, #4087, #2624 ) ;
#4651 = CARTESIAN_POINT ( 'NONE',  ( 9.199987829665319694, -42.60002781790888093, -11.09277215023327301 ) ) ;
#4652 = FACE_OUTER_BOUND ( 'NONE', #4079, .T. ) ;
#4653 = CARTESIAN_POINT ( 'NONE',  ( 15.88999999999977852, 6.449996722562282514, -15.00000000000076739 ) ) ;
#4655 = LINE ( 'NONE', #4501, #4449 ) ;
#4654 = CARTESIAN_POINT ( 'NONE',  ( 11.50000000000000355, 0.4999999999999935052, -22.00000000000000000 ) ) ;
#4656 = VECTOR ( 'NONE', #5573, 1000.000000000000000 ) ;
#4657 = ADVANCED_FACE ( 'NONE', ( #3721 ), #5459, .F. ) ;
#4658 = EDGE_CURVE ( 'NONE', #5625, #3176, #2923, .T. ) ;
#4659 = CARTESIAN_POINT ( 'NONE',  ( 46.12250108601237031, -44.00000000000001421, -9.599999999999997868 ) ) ;
#4660 = CIRCLE ( 'NONE', #4395, 3.999999999999999112 ) ;
#4661 = VECTOR ( 'NONE', #3344, 1000.000000000000000 ) ;
#4662 = CARTESIAN_POINT ( 'NONE',  ( 39.10230947944796753, 3.550006504241509209, -14.99999290291068377 ) ) ;
#4663 = CARTESIAN_POINT ( 'NONE',  ( 9.139446723294147645, -75.25585994774971255, -11.62558191102215055 ) ) ;
#4664 = AXIS2_PLACEMENT_3D ( 'NONE', #28, #4090, #4618 ) ;
#4665 = CARTESIAN_POINT ( 'NONE',  ( 39.00386945587692367, 3.549602279787664738, -7.000234227521500152 ) ) ;
#4666 = EDGE_CURVE ( 'NONE', #140, #3198, #1924, .T. ) ;
#4667 = LINE ( 'NONE', #2315, #265 ) ;
#4668 = LINE ( 'NONE', #1818, #2435 ) ;
#4669 = CIRCLE ( 'NONE', #4304, 1.449999999999999956 ) ;
#4670 = PLANE ( 'NONE',  #340 ) ;
#4671 = ORIENTED_EDGE ( 'NONE', *, *, #5341, .T. ) ;
#4672 = CARTESIAN_POINT ( 'NONE',  ( 25.71028178428880651, 4.516108993646091641, -15.50777942348100602 ) ) ;
#4673 = CYLINDRICAL_SURFACE ( 'NONE', #3633, 3.999999999999999112 ) ;
#4674 = CARTESIAN_POINT ( 'NONE',  ( 6.000000000000000000, -14.00000000000000000, -11.00000000000000000 ) ) ;
#4675 = VECTOR ( 'NONE', #4081, 1000.000000000000000 ) ;
#4676 = B_SPLINE_CURVE_WITH_KNOTS ( 'NONE', 3,
 ( #2986, #2124, #3504, #4441, #5312 ),
 .UNSPECIFIED., .F., .F.,
 ( 4, 1, 4 ),
 ( 0.002280959278218611715, 0.002285560576467370215, 0.002290161874716128716 ),
 .UNSPECIFIED. ) ;
#4677 = EDGE_CURVE ( 'NONE', #4281, #4998, #4369, .T. ) ;
#4678 = EDGE_CURVE ( 'NONE', #856, #5718, #1039, .T. ) ;
#4679 = VERTEX_POINT ( 'NONE', #1221 ) ;
#4680 = CARTESIAN_POINT ( 'NONE',  ( 12.73023076988380886, -0.02916193062567000449, -8.539231112397546397 ) ) ;
#4681 = VECTOR ( 'NONE', #1876, 999.9999999999998863 ) ;
#4682 = DIRECTION ( 'NONE',  ( -0.7071067811865524577, -0.0000000000000000000, 0.7071067811865426878 ) ) ;
#4683 = ORIENTED_EDGE ( 'NONE', *, *, #450, .F. ) ;
#4684 = CARTESIAN_POINT ( 'NONE',  ( 16.63554128280436473, 3.732877527891167446, -7.066076365887931310 ) ) ;
#4685 = CYLINDRICAL_SURFACE ( 'NONE', #3236, 3.199999999999999734 ) ;
#4686 = DIRECTION ( 'NONE',  ( 0.0000000000000000000, 1.000000000000000000, 0.0000000000000000000 ) ) ;
#4687 = VERTEX_POINT ( 'NONE', #3988 ) ;
#4688 = CARTESIAN_POINT ( 'NONE',  ( 9.084301206309497445, -42.88864204869408070, -10.14377747018066422 ) ) ;
#4689 = SECURITY_CLASSIFICATION_LEVEL ( 'unclassified' ) ;
#4690 = ORIENTED_EDGE ( 'NONE', *, *, #204, .F. ) ;
#4691 = CARTESIAN_POINT ( 'NONE',  ( 39.09462461558574375, 5.000000000000000000, -2.750000000000000000 ) ) ;
#4692 = ORIENTED_EDGE ( 'NONE', *, *, #5654, .T. ) ;
#4693 = EDGE_LOOP ( 'NONE', ( #383, #4782, #190, #3775 ) ) ;
#4694 = CARTESIAN_POINT ( 'NONE',  ( 18.90537538441425980, 5.000000000000000000, 0.0000000000000000000 ) ) ;
#4695 = ORIENTED_EDGE ( 'NONE', *, *, #3393, .F. ) ;
#4696 = CARTESIAN_POINT ( 'NONE',  ( 46.12250108601237031, -43.90619551722988945, -12.39999999999999503 ) ) ;
#4697 = ORIENTED_EDGE ( 'NONE', *, *, #5862, .T. ) ;
#4698 = DIRECTION ( 'NONE',  ( 1.000000000000000000, 0.0000000000000000000, 0.0000000000000000000 ) ) ;
#4699 = ORIENTED_EDGE ( 'NONE', *, *, #5017, .F. ) ;
#4700 = EDGE_CURVE ( 'NONE', #5473, #4197, #620, .T. ) ;
#4701 = VERTEX_POINT ( 'NONE', #798 ) ;
#4702 = CARTESIAN_POINT ( 'NONE',  ( 0.5000000000000004441, 10.00000000000000000, 0.0000000000000000000 ) ) ;
#4703 = ORIENTED_EDGE ( 'NONE', *, *, #3827, .F. ) ;
#4704 = CARTESIAN_POINT ( 'NONE',  ( 38.45307387914053976, 3.696154477144007799, -7.053307265857802655 ) ) ;
#4705 = ORIENTED_EDGE ( 'NONE', *, *, #2212, .F. ) ;
#4706 = CARTESIAN_POINT ( 'NONE',  ( 9.139750440019124511, -42.74339119574264600, -11.62393002588698998 ) ) ;
#4707 = ORIENTED_EDGE ( 'NONE', *, *, #26, .T. ) ;
#4708 = EDGE_CURVE ( 'NONE', #2827, #1470, #4976, .T. ) ;
#4709 = DIRECTION ( 'NONE',  ( -0.0000000000000000000, -1.000000000000000000, -0.0000000000000000000 ) ) ;
#4710 = ORIENTED_EDGE ( 'NONE', *, *, #1513, .F. ) ;
#4711 = CARTESIAN_POINT ( 'NONE',  ( 51.87749891398763680, -44.00000000000001421, -9.599999999999997868 ) ) ;
#4712 = B_SPLINE_CURVE_WITH_KNOTS ( 'NONE', 3,
 ( #4889, #2591, #3137, #3157, #5480, #495, #1822, #3663, #511, #5050, #5892, #4554, #476, #2731, #4995, #3625, #4574, #3178, #5032, #2281, #1347, #1841, #3650, #5501, #457, #2262 ),
 .UNSPECIFIED., .F., .F.,
 ( 4, 2, 2, 2, 2, 2, 2, 2, 2, 2, 2, 2, 4 ),
 ( 0.004433535381358140980, 0.004710352795980531602, 0.004987170210602922225, 0.005540805039847707808, 0.005817622454470095829, 0.006094439869092483850, 0.006371257283714872738, 0.006648074698337261626, 0.007201709527582042872, 0.007478526942204433495, 0.007755344356826824118, 0.008308979186071596690, 0.008862614015316369262 ),
 .UNSPECIFIED. ) ;
#4713 = VECTOR ( 'NONE', #3770, 1000.000000000000000 ) ;
#4714 = CARTESIAN_POINT ( 'NONE',  ( 52.12220429651409148, -42.78741506117731319, -11.70559994518242064 ) ) ;
#4715 = ADVANCED_FACE ( 'NONE', ( #1392 ), #5120, .F. ) ;
#4716 = DIRECTION ( 'NONE',  ( 0.7071067811865525687, 0.0000000000000000000, 0.7071067811865425767 ) ) ;
#4717 = ORIENTED_EDGE ( 'NONE', *, *, #2325, .T. ) ;
#4718 = AXIS2_PLACEMENT_3D ( 'NONE', #462, #2718, #3224 ) ;
#4719 = CARTESIAN_POINT ( 'NONE',  ( 11.99999999999999645, -0.7312388979353107166, -21.50000000000000000 ) ) ;
#4720 = LINE ( 'NONE', #4990, #942 ) ;
#4721 = DIRECTION ( 'NONE',  ( -0.7071067811865425767, 0.0000000000000000000, 0.7071067811865524577 ) ) ;
#4722 = CARTESIAN_POINT ( 'NONE',  ( 38.90771694316438811, 6.441070361232475783, -14.99598632309174739 ) ) ;
#4723 = CARTESIAN_POINT ( 'NONE',  ( 37.83019056606909913, 5.735036631278509489, -7.209456982405614944 ) ) ;
#4724 = VECTOR ( 'NONE', #408, 999.9999999999998863 ) ;
#4725 = AXIS2_PLACEMENT_3D ( 'NONE', #3045, #2983, #765 ) ;
#4726 = CARTESIAN_POINT ( 'NONE',  ( 29.16057840704977266, 5.824400655779153446, -6.442866893823767427 ) ) ;
#4727 = FACE_OUTER_BOUND ( 'NONE', #5382, .T. ) ;
#4728 = CARTESIAN_POINT ( 'NONE',  ( 25.89657957931867571, 4.069488466911561630, -15.57782396756550014 ) ) ;
#4729 = LINE ( 'NONE', #5913, #3361 ) ;
#4730 = CARTESIAN_POINT ( 'NONE',  ( 15.00030481223190115, 6.158134952939681384, -14.90225169623327695 ) ) ;
#4731 = CARTESIAN_POINT ( 'NONE',  ( 29.35000000000000142, 5.000000000000000000, -15.48330235429197543 ) ) ;
#4732 = EDGE_CURVE ( 'NONE', #2108, #111, #5485, .T. ) ;
#4733 = VECTOR ( 'NONE', #3978, 1000.000000000000000 ) ;
#4734 = DIRECTION ( 'NONE',  ( 0.7071067811865524577, -9.614813431917954667E-17, 0.7071067811865426878 ) ) ;
#4735 = ORIENTED_EDGE ( 'NONE', *, *, #3271, .F. ) ;
#4736 = ORIENTED_EDGE ( 'NONE', *, *, #3707, .F. ) ;
#4737 = VECTOR ( 'NONE', #5835, 1000.000000000000000 ) ;
#4738 = DIRECTION ( 'NONE',  ( 1.000000000000000000, -0.0000000000000000000, -0.0000000000000000000 ) ) ;
#4739 = DIRECTION ( 'NONE',  ( -0.0000000000000000000, 1.000000000000000000, 0.0000000000000000000 ) ) ;
#4740 = AXIS2_PLACEMENT_3D ( 'NONE', #2660, #4941, #5877 ) ;
#4741 = CARTESIAN_POINT ( 'NONE',  ( 11.99999999999999645, -35.00000000000000000, -21.50000000000000355 ) ) ;
#4742 = EDGE_LOOP ( 'NONE', ( #3975, #3300, #2546, #2484 ) ) ;
#4743 = EDGE_CURVE ( 'NONE', #5441, #5372, #490, .T. ) ;
#4744 = ADVANCED_FACE ( 'NONE', ( #273, #2093, #5269, #3751 ), #393, .F. ) ;
#4745 = LINE ( 'NONE', #5824, #2371 ) ;
#4746 = CARTESIAN_POINT ( 'NONE',  ( 25.64999999999999858, 5.000000000000000000, -15.48330235429197721 ) ) ;
#4747 = PLANE ( 'NONE',  #4337 ) ;
#4748 = CARTESIAN_POINT ( 'NONE',  ( 54.50000000000000000, -32.50000000000000711, -21.99999999999998579 ) ) ;
#4749 = CARTESIAN_POINT ( 'NONE',  ( 12.00000000000000355, -44.00000000000001421, -12.39999999999999503 ) ) ;
#4750 = B_SPLINE_CURVE_WITH_KNOTS ( 'NONE', 3,
 ( #438, #1745, #5034, #3605, #3117, #4952, #5014, #4540, #4974, #877, #2196, #3199, #2282, #2732, #1786, #5421, #919, #1366, #35, #417, #3563, #5916, #4080, #3580, #3138, #16 ),
 .UNSPECIFIED., .F., .F.,
 ( 4, 2, 2, 2, 2, 2, 2, 2, 2, 2, 2, 2, 4 ),
 ( 2.117499858742978245E-17, 0.0002770959613349030558, 0.0005541919226697848613, 0.001108383845339548689, 0.001662575768009312300, 0.001939671729344197900, 0.002216767690679083934, 0.002493863652013969534, 0.002770959613348855134, 0.003048055574683741168, 0.003325151536018626768, 0.003879343458688387560, 0.004433535381358147918 ),
 .UNSPECIFIED. ) ;
#4751 = EDGE_CURVE ( 'NONE', #5917, #1559, #1819, .T. ) ;
#4752 = EDGE_CURVE ( 'NONE', #1159, #3018, #347, .T. ) ;
#4753 = CARTESIAN_POINT ( 'NONE',  ( 15.90537538441425269, 5.000000000000000000, -2.750000000000000000 ) ) ;
#4754 = CARTESIAN_POINT ( 'NONE',  ( 49.00000000000000000, -14.00000000000001066, -11.00000000000000000 ) ) ;
#4755 = ORIENTED_EDGE ( 'NONE', *, *, #3855, .F. ) ;
#4756 = CARTESIAN_POINT ( 'NONE',  ( 27.50000000000000000, -62.00000000000000711, -10.99999999999999645 ) ) ;
#4757 = ORIENTED_EDGE ( 'NONE', *, *, #4971, .T. ) ;
#4758 = EDGE_LOOP ( 'NONE', ( #5493, #1058, #1754, #3691, #5893, #4921, #1485, #3179, #2195, #2190, #1268, #349, #3111, #2030 ) ) ;
#4759 = AXIS2_PLACEMENT_3D ( 'NONE', #3004, #1648, #1170 ) ;
#4760 = CARTESIAN_POINT ( 'NONE',  ( 43.50000000000000000, 0.4999999999999935052, -22.00000000000000000 ) ) ;
#4761 = CARTESIAN_POINT ( 'NONE',  ( 37.64462461558575512, 5.190954650454520980, -14.72191818592950519 ) ) ;
#4762 = DIRECTION ( 'NONE',  ( 0.0000000000000000000, 0.0000000000000000000, -1.000000000000000000 ) ) ;
#4763 = EDGE_LOOP ( 'NONE', ( #4512, #816 ) ) ;
#4764 = DIRECTION ( 'NONE',  ( 0.0000000000000000000, -0.8479983040050881327, -0.5299989400031798192 ) ) ;
#4765 = ORIENTED_EDGE ( 'NONE', *, *, #3005, .F. ) ;
#4766 = CARTESIAN_POINT ( 'NONE',  ( 6.000000000000000000, -14.00000000000000000, -11.00000000000000000 ) ) ;
#4767 = ORIENTED_EDGE ( 'NONE', *, *, #2075, .T. ) ;
#4768 = CARTESIAN_POINT ( 'NONE',  ( 0.0000000000000000000, -32.77712382075353759, -0.4999999999999992784 ) ) ;
#4769 = ORIENTED_EDGE ( 'NONE', *, *, #85, .T. ) ;
#4770 = DIRECTION ( 'NONE',  ( 0.0000000000000000000, -1.000000000000000000, 0.0000000000000000000 ) ) ;
#4771 = EDGE_CURVE ( 'NONE', #2257, #1113, #904, .T. ) ;
#4772 = VERTEX_POINT ( 'NONE', #3575 ) ;
#4773 = DIRECTION ( 'NONE',  ( 0.0000000000000000000, 0.0000000000000000000, 1.000000000000000000 ) ) ;
#4774 = CARTESIAN_POINT ( 'NONE',  ( 2.819911810664639695, -75.35396971192257354, -11.36785145321618451 ) ) ;
#4775 = ADVANCED_FACE ( 'NONE', ( #4048 ), #3643, .F. ) ;
#4776 = ORIENTED_EDGE ( 'NONE', *, *, #5417, .F. ) ;
#4777 = DIRECTION ( 'NONE',  ( -0.0000000000000000000, -1.000000000000000000, -0.0000000000000000000 ) ) ;
#4778 = ORIENTED_EDGE ( 'NONE', *, *, #5772, .T. ) ;
#4779 = DIRECTION ( 'NONE',  ( -0.0000000000000000000, -0.7071067811865524577, -0.7071067811865425767 ) ) ;
#4780 = VERTEX_POINT ( 'NONE', #4049 ) ;
#4781 = EDGE_CURVE ( 'NONE', #2896, #1767, #3455, .T. ) ;
#4782 = ORIENTED_EDGE ( 'NONE', *, *, #4454, .F. ) ;
#4783 = CARTESIAN_POINT ( 'NONE',  ( 11.99999999999999645, -5.587236803053636791, -5.882976998091474563 ) ) ;
#4784 = VECTOR ( 'NONE', #2061, 1000.000000000000000 ) ;
#4785 = DIRECTION ( 'NONE',  ( -0.0000000000000000000, -0.0000000000000000000, 1.000000000000000000 ) ) ;
#4786 = ORIENTED_EDGE ( 'NONE', *, *, #2193, .F. ) ;
#4787 = ORIENTED_EDGE ( 'NONE', *, *, #5049, .T. ) ;
#4788 = DIRECTION ( 'NONE',  ( -0.0000000000000000000, -1.000000000000000000, -0.0000000000000000000 ) ) ;
#4789 = EDGE_CURVE ( 'NONE', #1411, #2679, #2879, .T. ) ;
#4790 = VECTOR ( 'NONE', #5451, 1000.000000000000000 ) ;
#4791 = DIRECTION ( 'NONE',  ( -0.0000000000000000000, -0.0000000000000000000, -1.000000000000000000 ) ) ;
#4792 = DIRECTION ( 'NONE',  ( -0.0000000000000000000, -0.0000000000000000000, 1.000000000000000000 ) ) ;
#4793 = B_SPLINE_CURVE_WITH_KNOTS ( 'NONE', 3,
 ( #5738, #5802, #730, #3052, #690, #3874, #5314, #3919, #1136, #1175, #2548, #5760, #309, #2107, #1242, #812, #1697, #3534 ),
 .UNSPECIFIED., .F., .F.,
 ( 4, 2, 2, 2, 2, 2, 2, 2, 4 ),
 ( 0.005839558096932677064, 0.006204331441648570575, 0.006569104786364464085, 0.006933878131080358463, 0.007298651475796251974, 0.007663424820512145484, 0.008028198165228039862, 0.008392971509943933373, 0.008757744854659826883 ),
 .UNSPECIFIED. ) ;
#4794 = DIRECTION ( 'NONE',  ( 0.6583521792383982829, -0.3648901426239190005, -0.6583521792383982829 ) ) ;
#4795 = DIRECTION ( 'NONE',  ( 1.000000000000000000, -0.0000000000000000000, -0.0000000000000000000 ) ) ;
#4796 = VECTOR ( 'NONE', #4120, 1000.000000000000000 ) ;
#4797 = DIRECTION ( 'NONE',  ( 0.0000000000000000000, 0.0000000000000000000, -1.000000000000000000 ) ) ;
#4798 = DIRECTION ( 'NONE',  ( 0.0000000000000000000, 0.0000000000000000000, -1.000000000000000000 ) ) ;
#4799 = CIRCLE ( 'NONE', #921, 3.999999999999995559 ) ;
#4800 = VECTOR ( 'NONE', #4472, 1000.000000000000000 ) ;
#4801 = DIRECTION ( 'NONE',  ( 0.0000000000000000000, 1.000000000000000000, 0.0000000000000000000 ) ) ;
#4802 = DIRECTION ( 'NONE',  ( 0.0000000000000000000, -0.0000000000000000000, 1.000000000000000000 ) ) ;
#4803 = CARTESIAN_POINT ( 'NONE',  ( 11.49999999999999645, 10.00000000000000000, 0.0000000000000000000 ) ) ;
#4804 = ADVANCED_FACE ( 'NONE', ( #56 ), #431, .T. ) ;
#4805 = AXIS2_PLACEMENT_3D ( 'NONE', #2569, #3864, #3885 ) ;
#4806 = LINE ( 'NONE', #1753, #2784 ) ;
#4807 = FACE_BOUND ( 'NONE', #828, .T. ) ;
#4808 = CARTESIAN_POINT ( 'NONE',  ( 55.63314481618409957, -33.12804284185601489, -1.133144816184086023 ) ) ;
#4809 = LINE ( 'NONE', #3200, #4377 ) ;
#4810 = DIRECTION ( 'NONE',  ( 0.0000000000000000000, -1.000000000000000000, 0.0000000000000000000 ) ) ;
#4811 = CARTESIAN_POINT ( 'NONE',  ( 55.00000000000000000, 10.00000000000000000, -0.5000000000000004441 ) ) ;
#4812 = VECTOR ( 'NONE', #29, 999.9999999999998863 ) ;
#4813 = FACE_OUTER_BOUND ( 'NONE', #1632, .T. ) ;
#4814 = ORIENTED_EDGE ( 'NONE', *, *, #2439, .F. ) ;
#4815 = CARTESIAN_POINT ( 'NONE',  ( 28.32380574815084628, 3.339145718349799452, -6.219147824348947751 ) ) ;
#4816 = CARTESIAN_POINT ( 'NONE',  ( 20.49999999999999645, -35.00000000000000000, -0.5000000000000004441 ) ) ;
#4817 = AXIS2_PLACEMENT_3D ( 'NONE', #5450, #1333, #1314 ) ;
#4818 = EDGE_CURVE ( 'NONE', #1624, #5705, #2525, .T. ) ;
#4819 = CARTESIAN_POINT ( 'NONE',  ( 55.00000000000000000, -67.00000000000000000, -21.50000000000000000 ) ) ;
#4820 = VECTOR ( 'NONE', #3830, 1000.000000000000000 ) ;
#4821 = LINE ( 'NONE', #5260, #5737 ) ;
#4822 = DIRECTION ( 'NONE',  ( -0.6583521792383953963, 0.3648901426239292700, -0.6583521792383953963 ) ) ;
#4823 = ORIENTED_EDGE ( 'NONE', *, *, #4177, .T. ) ;
#4824 = PLANE ( 'NONE',  #1591 ) ;
#4825 = VECTOR ( 'NONE', #391, 1000.000000000000000 ) ;
#4826 = CARTESIAN_POINT ( 'NONE',  ( 42.97415700619951906, -0.7711259167491701927, -12.03422765432703834 ) ) ;
#4827 = CARTESIAN_POINT ( 'NONE',  ( 27.49999999999999645, -35.00000000000000000, -11.00000000000000000 ) ) ;
#4828 = EDGE_CURVE ( 'NONE', #355, #4348, #4124, .T. ) ;
#4829 = VECTOR ( 'NONE', #5368, 1000.000000000000000 ) ;
#4830 = DIRECTION ( 'NONE',  ( 0.6583521792384008364, -0.3648901426239260504, -0.6583521792383917326 ) ) ;
#4831 = CARTESIAN_POINT ( 'NONE',  ( 39.00499228818166131, 3.549607039259857988, -14.99976836318680817 ) ) ;
#4832 = ORIENTED_EDGE ( 'NONE', *, *, #931, .T. ) ;
#4833 = B_SPLINE_CURVE_WITH_KNOTS ( 'NONE', 3,
 ( #3038, #3564, #839, #4914, #3118, #822, #4935, #382, #5810, #5390, #5422, #1725, #4433, #3581, #4891, #3522, #356, #4056, #338, #5832, #4499, #4975, #1226, #4015, #4953, #2218 ),
 .UNSPECIFIED., .F., .F.,
 ( 4, 2, 2, 2, 2, 2, 2, 2, 2, 2, 2, 2, 4 ),
 ( 1.398578778534940505E-17, 0.0002770959613349059289, 0.0005541919226697978717, 0.001108383845339545870, 0.001662575768009294085, 0.001939671729344177734, 0.002216767690679061382, 0.002493863652013945248, 0.002770959613348828246, 0.003048055574683712111, 0.003325151536018595543, 0.003879343458688371080, 0.004433535381358146184 ),
 .UNSPECIFIED. ) ;
#4834 = AXIS2_PLACEMENT_3D ( 'NONE', #292, #717, #313 ) ;
#4835 = DIRECTION ( 'NONE',  ( 1.000000000000000000, 0.0000000000000000000, 0.0000000000000000000 ) ) ;
#4836 = CARTESIAN_POINT ( 'NONE',  ( 46.10055375397260491, -74.36733078444572698, -9.645887456715433572 ) ) ;
#4837 = ADVANCED_FACE ( 'NONE', ( #4194, #197, #5344 ), #4551, .F. ) ;
#4838 = ORIENTED_EDGE ( 'NONE', *, *, #4678, .T. ) ;
#4839 = DIRECTION ( 'NONE',  ( 1.000000000000000000, 0.0000000000000000000, 0.0000000000000000000 ) ) ;
#4840 = ORIENTED_EDGE ( 'NONE', *, *, #3795, .T. ) ;
#4841 = EDGE_LOOP ( 'NONE', ( #3513, #2037, #509, #2479 ) ) ;
#4842 = ORIENTED_EDGE ( 'NONE', *, *, #5379, .T. ) ;
#4843 = AXIS2_PLACEMENT_3D ( 'NONE', #4418, #5310, #4398 ) ;
#4844 = CARTESIAN_POINT ( 'NONE',  ( 40.40927501432177138, 5.644514660278792562, -7.216696721332514386 ) ) ;
#4845 = ORIENTED_EDGE ( 'NONE', *, *, #3125, .T. ) ;
#4846 = DIRECTION ( 'NONE',  ( -1.000000000000000000, 0.0000000000000000000, 0.0000000000000000000 ) ) ;
#4847 = DIRECTION ( 'NONE',  ( -1.000000000000000000, -0.0000000000000000000, -0.0000000000000000000 ) ) ;
#4848 = EDGE_LOOP ( 'NONE', ( #4426, #1410, #5325 ) ) ;
#4849 = ORIENTED_EDGE ( 'NONE', *, *, #2498, .T. ) ;
#4850 = EDGE_LOOP ( 'NONE', ( #3049, #477, #4003, #702 ) ) ;
#4851 = DIRECTION ( 'NONE',  ( -0.7071067811865425767, 0.0000000000000000000, -0.7071067811865524577 ) ) ;
#4852 = CARTESIAN_POINT ( 'NONE',  ( 37.64462461558574091, 5.000000000000000000, -30.00000000000000000 ) ) ;
#4853 = EDGE_LOOP ( 'NONE', ( #3415, #4575 ) ) ;
#4854 = PLANE ( 'NONE',  #2240 ) ;
#4855 = EDGE_CURVE ( 'NONE', #3185, #3477, #3895, .T. ) ;
#4856 = ORIENTED_EDGE ( 'NONE', *, *, #4521, .F. ) ;
#4857 = CARTESIAN_POINT ( 'NONE',  ( 34.50000000000000000, -35.00000000000000000, -0.5000000000000004441 ) ) ;
#4858 = CARTESIAN_POINT ( 'NONE',  ( 46.12250108601237031, -74.00000000000001421, -9.599999999999997868 ) ) ;
#4859 = CARTESIAN_POINT ( 'NONE',  ( 39.10077083408297227, 6.449986973733966344, -14.99998935279788803 ) ) ;
#4860 = ORIENTED_EDGE ( 'NONE', *, *, #4743, .T. ) ;
#4861 = CARTESIAN_POINT ( 'NONE',  ( 40.00104433360712619, 6.156851667145068596, -14.90190437961798509 ) ) ;
#4862 = FACE_OUTER_BOUND ( 'NONE', #4507, .T. ) ;
#4863 = EDGE_CURVE ( 'NONE', #2899, #2153, #4902, .T. ) ;
#4864 = VERTEX_POINT ( 'NONE', #5436 ) ;
#4865 = CARTESIAN_POINT ( 'NONE',  ( 27.49999999999999645, -46.00000000000000711, -2.999999999999993783 ) ) ;
#4866 = DIRECTION ( 'NONE',  ( -9.903257834875357130E-15, 0.7071067811865524577, 0.7071067811865426878 ) ) ;
#4867 = VECTOR ( 'NONE', #67, 1000.000000000000000 ) ;
#4868 = ADVANCED_FACE ( 'NONE', ( #3677 ), #3312, .F. ) ;
#4869 = DIRECTION ( 'NONE',  ( 0.0000000000000000000, -0.5299989400031799303, 0.8479983040050880216 ) ) ;
#4870 = EDGE_CURVE ( 'NONE', #4559, #5284, #3968, .T. ) ;
#4871 = EDGE_CURVE ( 'NONE', #2757, #3053, #4259, .T. ) ;
#4872 = CARTESIAN_POINT ( 'NONE',  ( 42.89714957897565739, -0.4829360166025613021, -21.39714957897566450 ) ) ;
#4873 = LINE ( 'NONE', #3884, #315 ) ;
#4874 = CARTESIAN_POINT ( 'NONE',  ( 43.00000000000000000, -15.00000000000000000, -4.499999999999998224 ) ) ;
#4875 = CARTESIAN_POINT ( 'NONE',  ( 45.86024955998087194, -75.25660880425739663, -10.37606997411299936 ) ) ;
#4876 = FACE_OUTER_BOUND ( 'NONE', #1326, .T. ) ;
#4877 = CARTESIAN_POINT ( 'NONE',  ( 0.5000000000000004441, -2.499999999999999556, -21.99999999999998579 ) ) ;
#4878 = VECTOR ( 'NONE', #3195, 1000.000000000000000 ) ;
#4879 = CARTESIAN_POINT ( 'NONE',  ( 39.84122176609399446, 6.264523836528597123, -14.93653550704226163 ) ) ;
#4880 = CARTESIAN_POINT ( 'NONE',  ( 15.69775018848539716, 6.439917314593490261, -7.003533514306089280 ) ) ;
#4882 = LINE ( 'NONE', #4900, #5030 ) ;
#4881 = CARTESIAN_POINT ( 'NONE',  ( 52.19593030396504219, -45.39077006702608230, -11.18524885350229248 ) ) ;
#4883 = ORIENTED_EDGE ( 'NONE', *, *, #3386, .T. ) ;
#4884 = CARTESIAN_POINT ( 'NONE',  ( 42.26976923011618936, -0.02916193062566813446, -13.46076888760246426 ) ) ;
#4885 = ORIENTED_EDGE ( 'NONE', *, *, #1371, .T. ) ;
#4886 = LINE ( 'NONE', #4480, #5178 ) ;
#4887 = CARTESIAN_POINT ( 'NONE',  ( 33.50000000000000000, -40.00000000000000000, 0.0000000000000000000 ) ) ;
#4888 = VECTOR ( 'NONE', #4513, 1000.000000000000000 ) ;
#4889 = CARTESIAN_POINT ( 'NONE',  ( 46.12250108601237031, -44.00000000000001421, -9.599999999999997868 ) ) ;
#4890 = ORIENTED_EDGE ( 'NONE', *, *, #682, .T. ) ;
#4891 = CARTESIAN_POINT ( 'NONE',  ( 52.19588138293754298, -75.39065727055938737, -10.81405905019868285 ) ) ;
#4892 = CARTESIAN_POINT ( 'NONE',  ( 34.50000000000000000, -35.00000000000000000, -12.00000000000000000 ) ) ;
#4893 = FACE_OUTER_BOUND ( 'NONE', #2547, .T. ) ;
#4894 =( BOUNDED_CURVE ( )  B_SPLINE_CURVE ( 3, ( #1281, #4485, #3709, #5098 ),
 .UNSPECIFIED., .F., .F. ) 
 B_SPLINE_CURVE_WITH_KNOTS ( ( 4, 4 ),
 ( 0.0000000000000000000, 0.7853981633974348453 ),
 .UNSPECIFIED. ) 
 CURVE ( )  GEOMETRIC_REPRESENTATION_ITEM ( )  RATIONAL_B_SPLINE_CURVE ( ( 1.000000000000000000, 0.9492530216741927873, 0.9492530216741927873, 1.000000000000000000 ) ) 
 REPRESENTATION_ITEM ( '' )  );
#4895 = DIRECTION ( 'NONE',  ( -0.0000000000000000000, 1.000000000000000000, 0.0000000000000000000 ) ) ;
#4896 = CARTESIAN_POINT ( 'NONE',  ( 46.11790718143039669, -74.18601716708317895, -9.609334584225070586 ) ) ;
#4897 = ADVANCED_FACE ( 'NONE', ( #5615 ), #1205, .F. ) ;
#4898 = ORIENTED_EDGE ( 'NONE', *, *, #4771, .T. ) ;
#4899 = EDGE_CURVE ( 'NONE', #140, #4283, #1525, .T. ) ;
#4900 = CARTESIAN_POINT ( 'NONE',  ( 54.50000000000000000, -4.999999999999999112, -17.99999999999998579 ) ) ;
#4901 = CARTESIAN_POINT ( 'NONE',  ( 40.55691705258031732, 5.193132516525907683, -14.72913274675926232 ) ) ;
#4902 = CIRCLE ( 'NONE', #3937, 3.200000000000003286 ) ;
#4903 = DIRECTION ( 'NONE',  ( -0.0000000000000000000, -0.0000000000000000000, 1.000000000000000000 ) ) ;
#4904 = ORIENTED_EDGE ( 'NONE', *, *, #2406, .T. ) ;
#4905 = CARTESIAN_POINT ( 'NONE',  ( 2.915627880005767558, -45.11155037805734480, -11.85595311304894217 ) ) ;
#4906 = CARTESIAN_POINT ( 'NONE',  ( 12.00000000000000355, -74.00000000000001421, -10.99999999999999645 ) ) ;
#4907 = EDGE_CURVE ( 'NONE', #778, #380, #1669, .T. ) ;
#4908 = EDGE_LOOP ( 'NONE', ( #4355, #4583, #2985, #3476 ) ) ;
#4909 = CARTESIAN_POINT ( 'NONE',  ( 43.00000000000000000, -35.50000000000000711, -22.00000000000000000 ) ) ;
#4910 = EDGE_LOOP ( 'NONE', ( #4271, #794, #5002, #4898 ) ) ;
#4911 = CARTESIAN_POINT ( 'NONE',  ( 39.10538631886193173, 3.549998360354673199, -7.000001773490620138 ) ) ;
#4912 = EDGE_LOOP ( 'NONE', ( #1407, #4767, #4459, #1606 ) ) ;
#4913 = DIRECTION ( 'NONE',  ( 1.000000000000000000, -0.0000000000000000000, -0.0000000000000000000 ) ) ;
#4914 = CARTESIAN_POINT ( 'NONE',  ( 51.89932286434720510, -74.36625518212107977, -12.35437458728034521 ) ) ;
#4915 = VERTEX_POINT ( 'NONE', #4408 ) ;
#4916 = ORIENTED_EDGE ( 'NONE', *, *, #3358, .F. ) ;
#4917 = AXIS2_PLACEMENT_3D ( 'NONE', #2518, #1604, #5221 ) ;
#4918 = CARTESIAN_POINT ( 'NONE',  ( 28.32239276193893218, 3.338469072047171249, -15.78108898422765627 ) ) ;
#4919 = CARTESIAN_POINT ( 'NONE',  ( 3.122501086012145155, -74.00000000000001421, -9.599999999999994316 ) ) ;
#4920 = VERTEX_POINT ( 'NONE', #4497 ) ;
#4921 = ORIENTED_EDGE ( 'NONE', *, *, #2710, .T. ) ;
#4922 = CARTESIAN_POINT ( 'NONE',  ( 54.50000000000000711, 10.00000000000000000, -22.00000000000000000 ) ) ;
#4923 = ORIENTED_EDGE ( 'NONE', *, *, #1253, .T. ) ;
#4924 = CARTESIAN_POINT ( 'NONE',  ( 0.0000000000000000000, 9.500000000000000000, -22.00000000000000000 ) ) ;
#4925 = ORIENTED_EDGE ( 'NONE', *, *, #2132, .T. ) ;
#4926 = CARTESIAN_POINT ( 'NONE',  ( 6.000000000000000000, 10.00000000000000000, -11.00000000000000000 ) ) ;
#4927 = ORIENTED_EDGE ( 'NONE', *, *, #4483, .F. ) ;
#4928 = DIRECTION ( 'NONE',  ( -0.7071067811865425767, -0.0000000000000000000, -0.7071067811865524577 ) ) ;
#4929 = EDGE_LOOP ( 'NONE', ( #5546, #3119, #4316, #4564, #2747, #1420, #2605, #5558, #3486, #3461 ) ) ;
#4930 = ADVANCED_FACE ( 'NONE', ( #2949, #1600, #755 ), #4685, .F. ) ;
#4931 = EDGE_LOOP ( 'NONE', ( #4467, #5604 ) ) ;
#4932 = LINE ( 'NONE', #3689, #4430 ) ;
#4933 = ORIENTED_EDGE ( 'NONE', *, *, #159, .F. ) ;
#4934 = DIRECTION ( 'NONE',  ( 0.0000000000000000000, -1.000000000000000000, 0.0000000000000000000 ) ) ;
#4935 = CARTESIAN_POINT ( 'NONE',  ( 52.00154438774790577, -74.86243464841685125, -12.11744784792325902 ) ) ;
#4936 = AXIS2_PLACEMENT_3D ( 'NONE', #4892, #2997, #804 ) ;
#4937 = CARTESIAN_POINT ( 'NONE',  ( 16.28367387856144788, 3.587412953738129850, -14.98452221541012896 ) ) ;
#4938 = EDGE_CURVE ( 'NONE', #2330, #215, #5638, .T. ) ;
#4939 = EDGE_LOOP ( 'NONE', ( #4083, #5367 ) ) ;
#4940 = CARTESIAN_POINT ( 'NONE',  ( 8.896366710886860929, -73.63013765801196087, -9.637255333394994850 ) ) ;
#4941 = DIRECTION ( 'NONE',  ( 0.0000000000000000000, 0.0000000000000000000, 1.000000000000000000 ) ) ;
#4942 = FACE_OUTER_BOUND ( 'NONE', #5067, .T. ) ;
#4943 = DIRECTION ( 'NONE',  ( 1.000000000000000000, 0.0000000000000000000, 0.0000000000000000000 ) ) ;
#4944 = EDGE_CURVE ( 'NONE', #3176, #5625, #1750, .T. ) ;
#4945 = FACE_OUTER_BOUND ( 'NONE', #135, .T. ) ;
#4946 = DIRECTION ( 'NONE',  ( -1.000000000000000000, 0.0000000000000000000, -0.0000000000000000000 ) ) ;
#4947 = DIRECTION ( 'NONE',  ( 0.0000000000000000000, -0.5299989400031798192, -0.8479983040050881327 ) ) ;
#4948 = FACE_OUTER_BOUND ( 'NONE', #3916, .T. ) ;
#4949 = FACE_OUTER_BOUND ( 'NONE', #1982, .T. ) ;
#4950 = CARTESIAN_POINT ( 'NONE',  ( 46.12250108601213583, -74.00000000000001421, -12.39999999999999858 ) ) ;
#4951 = AXIS2_PLACEMENT_3D ( 'NONE', #5539, #3725, #96 ) ;
#4952 = CARTESIAN_POINT ( 'NONE',  ( 3.041096437036504341, -43.29102183750248400, -9.778998041718407919 ) ) ;
#4953 = CARTESIAN_POINT ( 'NONE',  ( 51.87749891398764390, -74.18468726948772485, -9.600000000000001421 ) ) ;
#4954 = DIRECTION ( 'NONE',  ( 0.5773502691896257311, 0.5773502691896178485, 0.5773502691896338357 ) ) ;
#4955 = FACE_OUTER_BOUND ( 'NONE', #4143, .T. ) ;
#4956 = FACE_OUTER_BOUND ( 'NONE', #999, .T. ) ;
#4957 = DIRECTION ( 'NONE',  ( 0.0000000000000000000, 0.5299989400031797082, -0.8479983040050880216 ) ) ;
#4958 =( NAMED_UNIT ( * ) SI_UNIT ( $, .STERADIAN. ) SOLID_ANGLE_UNIT ( ) );
#4959 = CARTESIAN_POINT ( 'NONE',  ( 43.00000000000000000, -1.000000000000000888, -0.4999999999999935052 ) ) ;
#4960 = VECTOR ( 'NONE', #4589, 1000.000000000000000 ) ;
#4961 = LINE ( 'NONE', #2309, #2572 ) ;
#4962 = DIRECTION ( 'NONE',  ( -0.0000000000000000000, -0.0000000000000000000, 1.000000000000000000 ) ) ;
#4963 = CYLINDRICAL_SURFACE ( 'NONE', #2376, 1.449999999999999956 ) ;
#4964 = EDGE_LOOP ( 'NONE', ( #2306, #2814, #980, #5755 ) ) ;
#4965 = CARTESIAN_POINT ( 'NONE',  ( 14.45537538441425340, 5.000000000000000000, -22.00000000000000000 ) ) ;
#4966 = LINE ( 'NONE', #2080, #3088 ) ;
#4967 = VECTOR ( 'NONE', #2032, 999.9999999999998863 ) ;
#4968 = DIRECTION ( 'NONE',  ( 1.000000000000000000, -0.0000000000000000000, -0.0000000000000000000 ) ) ;
#4969 = ORIENTED_EDGE ( 'NONE', *, *, #1492, .T. ) ;
#4970 = CARTESIAN_POINT ( 'NONE',  ( 49.00000000000000000, -18.50000000000000000, -9.850000000000003197 ) ) ;
#4971 = EDGE_CURVE ( 'NONE', #922, #1542, #4712, .T. ) ;
#4972 = VECTOR ( 'NONE', #2208, 1000.000000000000000 ) ;
#4973 = APPROVAL_ROLE ( '' ) ;
#4974 = CARTESIAN_POINT ( 'NONE',  ( 2.874743589284769474, -42.77879232802418841, -10.29155123224860624 ) ) ;
#4975 = CARTESIAN_POINT ( 'NONE',  ( 52.00106950848365273, -74.86084347742074385, -9.881254335862603710 ) ) ;
#4976 = LINE ( 'NONE', #776, #3815 ) ;
#4977 = CARTESIAN_POINT ( 'NONE',  ( 9.084301206309500998, -72.88864204869412333, -10.14377747018068021 ) ) ;
#4978 = CARTESIAN_POINT ( 'NONE',  ( 43.50000000000000000, -2.499999999999999556, -21.99999999999998579 ) ) ;
#4979 = AXIS2_PLACEMENT_3D ( 'NONE', #2744, #3675, #5064 ) ;
#4980 = EDGE_CURVE ( 'NONE', #5418, #4283, #2805, .T. ) ;
#4981 = DIRECTION ( 'NONE',  ( 0.0000000000000000000, -1.000000000000000000, 0.0000000000000000000 ) ) ;
#4982 = PLANE ( 'NONE',  #749 ) ;
#4983 = DIRECTION ( 'NONE',  ( 1.000000000000000000, 0.0000000000000000000, 0.0000000000000000000 ) ) ;
#4984 = ORIENTED_EDGE ( 'NONE', *, *, #1301, .T. ) ;
#4985 = CARTESIAN_POINT ( 'NONE',  ( 41.99999999999999289, 0.0000000000000000000, -8.234516317169811472 ) ) ;
#4986 = ORIENTED_EDGE ( 'NONE', *, *, #1873, .T. ) ;
#4987 = PLANE ( 'NONE',  #2760 ) ;
#4988 = CARTESIAN_POINT ( 'NONE',  ( 54.50000000000000711, -32.50000000000002132, -22.00000000000000000 ) ) ;
#4989 = EDGE_CURVE ( 'NONE', #1257, #266, #1951, .T. ) ;
#4990 = CARTESIAN_POINT ( 'NONE',  ( 40.54462461558574660, 5.000000000000000000, -30.00000000000000000 ) ) ;
#4991 = EDGE_CURVE ( 'NONE', #1602, #2110, #5181, .T. ) ;
#4992 = VERTEX_POINT ( 'NONE', #1324 ) ;
#4993 = CARTESIAN_POINT ( 'NONE',  ( 45.81978826644491676, -72.64574134649454606, -10.63327778853982153 ) ) ;
#4994 = ORIENTED_EDGE ( 'NONE', *, *, #5093, .F. ) ;
#4995 = CARTESIAN_POINT ( 'NONE',  ( 45.80001217033468919, -45.39997218209116880, -10.90722784976672344 ) ) ;
#4996 = DIRECTION ( 'NONE',  ( 0.6583521792383921767, -0.3648901426239246071, 0.6583521792384012805 ) ) ;
#4997 = DIRECTION ( 'NONE',  ( 1.000000000000000000, 0.0000000000000000000, 0.0000000000000000000 ) ) ;
#4998 = VERTEX_POINT ( 'NONE', #940 ) ;
#4999 = ADVANCED_FACE ( 'NONE', ( #4400 ), #4136, .T. ) ;
#5000 = AXIS2_PLACEMENT_3D ( 'NONE', #72, #1857, #2298 ) ;
#5001 = CARTESIAN_POINT ( 'NONE',  ( 17.27998264937633621, 5.471334121773204551, -7.249067196046200756 ) ) ;
#5002 = ORIENTED_EDGE ( 'NONE', *, *, #3786, .F. ) ;
#5003 = CARTESIAN_POINT ( 'NONE',  ( 43.50000000000000000, -32.50000000000000711, -22.00000000000000000 ) ) ;
#5004 = CARTESIAN_POINT ( 'NONE',  ( 37.64462461558574091, 5.000000000000000000, -22.00000000000000000 ) ) ;
#5005 = DIRECTION ( 'NONE',  ( 0.0000000000000000000, 0.0000000000000000000, -1.000000000000000000 ) ) ;
#5006 = DIRECTION ( 'NONE',  ( 0.0000000000000000000, 0.0000000000000000000, -1.000000000000000000 ) ) ;
#5007 = ORIENTED_EDGE ( 'NONE', *, *, #985, .F. ) ;
#5008 = CARTESIAN_POINT ( 'NONE',  ( 29.25406497889558111, 5.600201671860107311, -15.52196867125121216 ) ) ;
#5009 = DIRECTION ( 'NONE',  ( 0.0000000000000000000, 0.0000000000000000000, 1.000000000000000000 ) ) ;
#5010 = CYLINDRICAL_SURFACE ( 'NONE', #1280, 1.449999999999999956 ) ;
#5011 = CARTESIAN_POINT ( 'NONE',  ( 12.10285042102434083, -0.4829360166025602474, -0.6028504210243350592 ) ) ;
#5012 = CARTESIAN_POINT ( 'NONE',  ( 20.49999999999999645, -35.00000000000000000, -12.00000000000000000 ) ) ;
#5013 = CARTESIAN_POINT ( 'NONE',  ( 15.89769137194045001, 6.449993492150507102, -7.000007099053410897 ) ) ;
#5014 = CARTESIAN_POINT ( 'NONE',  ( 2.998455612252098224, -43.13756535158315586, -9.882552152076732099 ) ) ;
#5015 = LINE ( 'NONE', #2766, #1986 ) ;
#5016 = CARTESIAN_POINT ( 'NONE',  ( 12.00000000000000355, -44.00000000000001421, -10.99999999999999645 ) ) ;
#5017 = EDGE_CURVE ( 'NONE', #3566, #1056, #630, .T. ) ;
#5018 = CARTESIAN_POINT ( 'NONE',  ( 12.99999999999999822, 0.0000000000000000000, -21.50000000000000000 ) ) ;
#5019 = VECTOR ( 'NONE', #1682, 1000.000000000000000 ) ;
#5020 = DIRECTION ( 'NONE',  ( 0.0000000000000000000, 0.0000000000000000000, 1.000000000000000000 ) ) ;
#5021 = CARTESIAN_POINT ( 'NONE',  ( 49.00000000000000000, -18.50000000000000000, -9.850000000000003197 ) ) ;
#5022 = EDGE_CURVE ( 'NONE', #2016, #4639, #126, .T. ) ;
#5024 = FACE_OUTER_BOUND ( 'NONE', #4912, .T. ) ;
#5023 = CARTESIAN_POINT ( 'NONE',  ( 40.54462461558574660, 5.000000000000000000, -22.00000000000000000 ) ) ;
#5025 = CIRCLE ( 'NONE', #1530, 3.000000000000006217 ) ;
#5026 = ADVANCED_FACE ( 'NONE', ( #5910, #3029, #2244 ), #3380, .F. ) ;
#5027 = CARTESIAN_POINT ( 'NONE',  ( 43.00000000000000000, -1.000000000000000888, -10.06838849298647354 ) ) ;
#5028 = DIRECTION ( 'NONE',  ( 0.0000000000000000000, 0.5299989400031797082, 0.8479983040050880216 ) ) ;
#5029 = CARTESIAN_POINT ( 'NONE',  ( 15.88999999999988688, 3.550003277438696703, -15.00000000000041211 ) ) ;
#5030 = VECTOR ( 'NONE', #303, 1000.000000000000000 ) ;
#5031 = ORIENTED_EDGE ( 'NONE', *, *, #2291, .F. ) ;
#5032 = CARTESIAN_POINT ( 'NONE',  ( 45.87779570348591562, -45.21258493882272234, -11.70559994518242064 ) ) ;
#5033 = ORIENTED_EDGE ( 'NONE', *, *, #2742, .F. ) ;
#5034 = CARTESIAN_POINT ( 'NONE',  ( 3.117910578663845911, -43.81423342797511111, -9.609329599862178384 ) ) ;
#5035 = PLANE ( 'NONE',  #1014 ) ;
#5036 = CARTESIAN_POINT ( 'NONE',  ( 25.89612348555711208, 5.929800626313975975, -6.422330744665145197 ) ) ;
#5037 = CALENDAR_DATE ( 2019, 12, 12 ) ;
#5038 = VECTOR ( 'NONE', #2044, 1000.000000000000114 ) ;
#5039 = CARTESIAN_POINT ( 'NONE',  ( 16.99457173717271985, 5.961784498317746817, -7.154911211186628428 ) ) ;
#5040 = ORIENTED_EDGE ( 'NONE', *, *, #2177, .T. ) ;
#5041 = AXIS2_PLACEMENT_3D ( 'NONE', #3330, #3002, #65 ) ;
#5042 = CARTESIAN_POINT ( 'NONE',  ( 39.10230942570284896, 6.449993495530674359, -14.99999290278667097 ) ) ;
#5043 = FACE_OUTER_BOUND ( 'NONE', #3562, .T. ) ;
#5044 = ORIENTED_EDGE ( 'NONE', *, *, #5912, .T. ) ;
#5045 = CARTESIAN_POINT ( 'NONE',  ( 43.50000000000000000, -32.50000000000000711, -21.99999999999998579 ) ) ;
#5046 = CARTESIAN_POINT ( 'NONE',  ( 11.99999999999999645, -0.7312388979353074969, -0.4999999999999941713 ) ) ;
#5047 = DIRECTION ( 'NONE',  ( 0.6583521792383972837, 0.3648901426239222756, -0.6583521792383972837 ) ) ;
#5048 = ORIENTED_EDGE ( 'NONE', *, *, #4899, .T. ) ;
#5049 = EDGE_CURVE ( 'NONE', #1336, #5778, #558, .T. ) ;
#5050 = CARTESIAN_POINT ( 'NONE',  ( 45.87780566287442952, -45.21255529652908223, -10.29437288348809609 ) ) ;
#5051 = CARTESIAN_POINT ( 'NONE',  ( 43.00000000000000000, -74.00000000000001421, -10.99999999999999645 ) ) ;
#5052 = ORIENTED_EDGE ( 'NONE', *, *, #4677, .F. ) ;
#5053 = CARTESIAN_POINT ( 'NONE',  ( 39.10691705258031448, 5.000000000000000000, -18.00000000000000000 ) ) ;
#5054 = ADVANCED_FACE ( 'NONE', ( #4260 ), #1785, .F. ) ;
#5055 = VERTEX_POINT ( 'NONE', #2673 ) ;
#5056 = CARTESIAN_POINT ( 'NONE',  ( 0.0000000000000000000, -79.00000000000001421, 0.0000000000000000000 ) ) ;
#5057 = CC_DESIGN_APPROVAL ( #4633, ( #5660 ) ) ;
#5058 = ORIENTED_EDGE ( 'NONE', *, *, #3929, .F. ) ;
#5059 = EDGE_CURVE ( 'NONE', #5552, #2113, #3602, .T. ) ;
#5060 = ORIENTED_EDGE ( 'NONE', *, *, #1026, .F. ) ;
#5061 = CARTESIAN_POINT ( 'NONE',  ( -13.00000000000003197, -30.00000000000000711, -17.99999999999998579 ) ) ;
#5062 = ORIENTED_EDGE ( 'NONE', *, *, #397, .T. ) ;
#5063 = ORIENTED_EDGE ( 'NONE', *, *, #2543, .T. ) ;
#5064 = DIRECTION ( 'NONE',  ( 0.0000000000000000000, 0.0000000000000000000, -1.000000000000000000 ) ) ;
#5065 = ORIENTED_EDGE ( 'NONE', *, *, #3351, .T. ) ;
#5066 = PLANE ( 'NONE',  #3490 ) ;
#5067 = EDGE_LOOP ( 'NONE', ( #1061, #5031, #847, #152 ) ) ;
#5068 = EDGE_CURVE ( 'NONE', #3835, #4129, #5751, .T. ) ;
#5069 = DIRECTION ( 'NONE',  ( -0.0000000000000000000, -0.0000000000000000000, 1.000000000000000000 ) ) ;
#5070 = EDGE_CURVE ( 'NONE', #1748, #451, #4190, .T. ) ;
#5071 = ORIENTED_EDGE ( 'NONE', *, *, #5453, .F. ) ;
#5072 = CARTESIAN_POINT ( 'NONE',  ( 0.0000000000000000000, 10.00000000000000000, -21.50000000000000355 ) ) ;
#5073 = ORIENTED_EDGE ( 'NONE', *, *, #5495, .T. ) ;
#5074 = ORIENTED_EDGE ( 'NONE', *, *, #5673, .F. ) ;
#5075 = DIRECTION ( 'NONE',  ( 0.0000000000000000000, 1.000000000000000000, 0.0000000000000000000 ) ) ;
#5076 = ORIENTED_EDGE ( 'NONE', *, *, #1182, .F. ) ;
#5077 = AXIS2_PLACEMENT_3D ( 'NONE', #3388, #1531, #4341 ) ;
#5078 = CARTESIAN_POINT ( 'NONE',  ( 9.122204296514082600, -42.78741506117731319, -10.29440005481757403 ) ) ;
#5079 = VECTOR ( 'NONE', #3852, 1000.000000000000000 ) ;
#5080 = VERTEX_POINT ( 'NONE', #5088 ) ;
#5081 = DIRECTION ( 'NONE',  ( 0.0000000000000000000, 0.0000000000000000000, -1.000000000000000000 ) ) ;
#5082 = ORIENTED_EDGE ( 'NONE', *, *, #4209, .T. ) ;
#5083 = FACE_OUTER_BOUND ( 'NONE', #4186, .T. ) ;
#5084 = DIRECTION ( 'NONE',  ( -1.000000000000000000, 0.0000000000000000000, 0.0000000000000000000 ) ) ;
#5085 = CARTESIAN_POINT ( 'NONE',  ( 29.11523569988385063, 5.933518945810585699, -15.57419851883175710 ) ) ;
#5086 = CARTESIAN_POINT ( 'NONE',  ( 12.00000000000000355, -74.00000000000001421, -12.39999999999999503 ) ) ;
#5087 = VECTOR ( 'NONE', #698, 999.9999999999998863 ) ;
#5088 = CARTESIAN_POINT ( 'NONE',  ( 3.122501086012366311, -74.00000000000001421, -12.39999999999999503 ) ) ;
#5089 = DIRECTION ( 'NONE',  ( 0.0000000000000000000, -0.8479983040050881327, -0.5299989400031798192 ) ) ;
#5090 = DIRECTION ( 'NONE',  ( -0.0000000000000000000, -0.0000000000000000000, 1.000000000000000000 ) ) ;
#5091 = AXIS2_PLACEMENT_3D ( 'NONE', #1515, #671, #639 ) ;
#5092 = CARTESIAN_POINT ( 'NONE',  ( 26.10567894774948172, 6.221779987481509622, -6.353915049358658251 ) ) ;
#5093 = EDGE_CURVE ( 'NONE', #4383, #4780, #1978, .T. ) ;
#5094 = CYLINDRICAL_SURFACE ( 'NONE', #4519, 1.850000000000000977 ) ;
#5095 = LINE ( 'NONE', #434, #1433 ) ;
#5096 = DIRECTION ( 'NONE',  ( 0.0000000000000000000, 1.000000000000000000, 0.0000000000000000000 ) ) ;
#5097 = VECTOR ( 'NONE', #2536, 1000.000000000000000 ) ;
#5098 = CARTESIAN_POINT ( 'NONE',  ( 42.70710678118653192, -0.2928932188134437120, -0.7928932188134485415 ) ) ;
#5099 = LINE ( 'NONE', #422, #2647 ) ;
#5100 = CARTESIAN_POINT ( 'NONE',  ( 20.68580469074611727, -39.59749751497955828, -6.806686207669803146 ) ) ;
#5101 = EDGE_CURVE ( 'NONE', #2078, #3632, #1595, .T. ) ;
#5102 = CARTESIAN_POINT ( 'NONE',  ( 52.00108510713435805, -43.13900425594946597, -12.11882614508787626 ) ) ;
#5103 = LINE ( 'NONE', #4852, #406 ) ;
#5104 = CYLINDRICAL_SURFACE ( 'NONE', #3186, 1.149999999999999911 ) ;
#5105 = CARTESIAN_POINT ( 'NONE',  ( 45.87780895304865680, -42.78744846119568024, -10.29433931562248716 ) ) ;
#5106 = ORIENTED_EDGE ( 'NONE', *, *, #760, .T. ) ;
#5107 = VECTOR ( 'NONE', #3639, 1000.000000000000000 ) ;
#5108 = AXIS2_PLACEMENT_3D ( 'NONE', #3100, #4432, #5320 ) ;
#5109 = VECTOR ( 'NONE', #1049, 999.9999999999998863 ) ;
#5110 = DIRECTION ( 'NONE',  ( 1.000000000000000000, 0.0000000000000000000, 0.0000000000000000000 ) ) ;
#5111 = CARTESIAN_POINT ( 'NONE',  ( 3.041096437036508782, -73.29102183750251243, -9.778998041718399037 ) ) ;
#5112 = ORIENTED_EDGE ( 'NONE', *, *, #3819, .T. ) ;
#5113 = ADVANCED_FACE ( 'NONE', ( #3887 ), #4253, .F. ) ;
#5114 = FACE_OUTER_BOUND ( 'NONE', #5576, .T. ) ;
#5115 = CARTESIAN_POINT ( 'NONE',  ( 6.000000000000000000, -14.00000000000001066, -11.00000000000000000 ) ) ;
#5116 = VERTEX_POINT ( 'NONE', #3234 ) ;
#5117 = AXIS2_PLACEMENT_3D ( 'NONE', #1137, #1535, #188 ) ;
#5118 = CARTESIAN_POINT ( 'NONE',  ( 25.64999999999999858, 5.000000000000000000, -15.48330235429197721 ) ) ;
#5119 = CARTESIAN_POINT ( 'NONE',  ( 20.49999999999999645, -39.00000000000000000, -7.127016653792578538 ) ) ;
#5120 = CYLINDRICAL_SURFACE ( 'NONE', #5444, 1.399999999999998579 ) ;
#5121 = ORIENTED_EDGE ( 'NONE', *, *, #2922, .F. ) ;
#5122 = DIRECTION ( 'NONE',  ( -0.5773502691896231775, 0.5773502691896231775, -0.5773502691896310601 ) ) ;
#5123 = CARTESIAN_POINT ( 'NONE',  ( 12.99999999999999822, 0.0000000000000000000, -8.234516317169822130 ) ) ;
#5124 = ORIENTED_EDGE ( 'NONE', *, *, #4592, .F. ) ;
#5125 = PLANE ( 'NONE',  #2065 ) ;
#5126 = CARTESIAN_POINT ( 'NONE',  ( 0.0000000000000000000, -44.00000000000001421, -9.599999999999997868 ) ) ;
#5127 = ORIENTED_EDGE ( 'NONE', *, *, #5478, .T. ) ;
#5128 = EDGE_CURVE ( 'NONE', #4915, #3616, #5611, .T. ) ;
#5129 = ORIENTED_EDGE ( 'NONE', *, *, #3647, .T. ) ;
#5130 = CARTESIAN_POINT ( 'NONE',  ( 0.0000000000000000000, -35.00000000000000000, -0.5000000000000004441 ) ) ;
#5131 = CARTESIAN_POINT ( 'NONE',  ( 9.168651751647860948, -75.32718212886574349, -11.45510936331772278 ) ) ;
#5132 = ORIENTED_EDGE ( 'NONE', *, *, #2175, .T. ) ;
#5133 = CARTESIAN_POINT ( 'NONE',  ( 2.860553276705850578, -72.74414005225031588, -11.62558191102214522 ) ) ;
#5134 = VERTEX_POINT ( 'NONE', #5567 ) ;
#5135 = EDGE_LOOP ( 'NONE', ( #784, #432, #486, #2948 ) ) ;
#5136 = CARTESIAN_POINT ( 'NONE',  ( 0.4999999999999935052, -32.50000000000000711, -21.99999999999998579 ) ) ;
#5137 = ORIENTED_EDGE ( 'NONE', *, *, #5709, .T. ) ;
#5138 = CARTESIAN_POINT ( 'NONE',  ( 42.70710678118653192, -0.2928932188134437120, -0.7928932188134485415 ) ) ;
#5139 = EDGE_CURVE ( 'NONE', #5783, #4539, #3022, .T. ) ;
#5140 = VERTEX_POINT ( 'NONE', #1027 ) ;
#5141 = CARTESIAN_POINT ( 'NONE',  ( 43.00000000000000000, -44.00000000000001421, -10.99999999999999645 ) ) ;
#5142 = DIRECTION ( 'NONE',  ( 0.0000000000000000000, 0.0000000000000000000, -1.000000000000000000 ) ) ;
#5143 = B_SPLINE_CURVE_WITH_KNOTS ( 'NONE', 3,
 ( #1393, #57, #2223, #5447, #3705, #1937, #533, #3785, #1918, #1502, #4706, #77, #573, #1446, #4651, #4631, #4214, #3256, #5078, #4688, #979, #553, #4180, #3745, #2774, #1466 ),
 .UNSPECIFIED., .F., .F.,
 ( 4, 2, 2, 2, 2, 2, 2, 2, 2, 2, 2, 2, 4 ),
 ( 0.004433535381358148786, 0.004710352795980542011, 0.004987170210602934368, 0.005540805039847719951, 0.005817622454470110574, 0.006094439869092501197, 0.006371257283714891820, 0.006648074698337282443, 0.007201709527582064556, 0.007478526942204457781, 0.007755344356826850138, 0.008308979186071620976, 0.008862614015316391813 ),
 .UNSPECIFIED. ) ;
#5144 = ORIENTED_EDGE ( 'NONE', *, *, #4017, .T. ) ;
#5145 = DIRECTION ( 'NONE',  ( 1.000000000000000000, 0.0000000000000000000, 0.0000000000000000000 ) ) ;
#5146 = ADVANCED_FACE ( 'NONE', ( #1815 ), #2377, .F. ) ;
#5147 = CARTESIAN_POINT ( 'NONE',  ( 45.81978826644490965, -42.64574134649455317, -10.63327778853981798 ) ) ;
#5148 = AXIS2_PLACEMENT_3D ( 'NONE', #1608, #1627, #4835 ) ;
#5149 = ORIENTED_EDGE ( 'NONE', *, *, #2498, .F. ) ;
#5150 = ORIENTED_EDGE ( 'NONE', *, *, #2621, .F. ) ;
#5151 = VERTEX_POINT ( 'NONE', #585 ) ;
#5152 = CARTESIAN_POINT ( 'NONE',  ( 17.06233302273529517, 4.105975991481701115, -7.173169424123405413 ) ) ;
#5153 = CIRCLE ( 'NONE', #4547, 1.449999999999999956 ) ;
#5154 = DIRECTION ( 'NONE',  ( 0.6583521792384013915, -0.3648901426239237189, 0.6583521792383922877 ) ) ;
#5155 = DIRECTION ( 'NONE',  ( 1.000000000000000000, 0.0000000000000000000, 0.0000000000000000000 ) ) ;
#5156 = AXIS2_PLACEMENT_3D ( 'NONE', #3758, #5581, #4716 ) ;
#5157 = CARTESIAN_POINT ( 'NONE',  ( 15.88999999999999702, 0.0000000000000000000, -11.00000000000000000 ) ) ;
#5158 = VECTOR ( 'NONE', #4603, 1000.000000000000000 ) ;
#5159 = DIRECTION ( 'NONE',  ( 0.0000000000000000000, 1.000000000000000000, 0.0000000000000000000 ) ) ;
#5160 = CARTESIAN_POINT ( 'NONE',  ( 21.37980295397667163, -39.99999999999999289, -5.844788017343230280 ) ) ;
#5161 = DIRECTION ( 'NONE',  ( 0.0000000000000000000, 0.0000000000000000000, 1.000000000000000000 ) ) ;
#5162 = CARTESIAN_POINT ( 'NONE',  ( 52.08437211999424221, -42.88844962194268362, -10.14404688695105072 ) ) ;
#5163 = CIRCLE ( 'NONE', #3250, 3.100000000000001865 ) ;
#5164 = EDGE_CURVE ( 'NONE', #2827, #3694, #2442, .T. ) ;
#5165 = CARTESIAN_POINT ( 'NONE',  ( 45.80406969603495071, -42.60922993297393191, -11.18524885350229248 ) ) ;
#5166 = CARTESIAN_POINT ( 'NONE',  ( 15.90537538441425269, 5.000000000000000000, -30.00000000000000000 ) ) ;
#5167 = VECTOR ( 'NONE', #2934, 1000.000000000000000 ) ;
#5168 = VECTOR ( 'NONE', #4794, 1000.000000000000114 ) ;
#5169 = CARTESIAN_POINT ( 'NONE',  ( 55.00000000000000000, -11.09815645537331896, 13.18634778460833878 ) ) ;
#5170 = CARTESIAN_POINT ( 'NONE',  ( 37.93675419966742624, 5.893202546026169664, -7.173402314525486823 ) ) ;
#5171 = EDGE_CURVE ( 'NONE', #3842, #1839, #5684, .T. ) ;
#5172 = ADVANCED_FACE ( 'NONE', ( #552 ), #2416, .T. ) ;
#5173 = CYLINDRICAL_SURFACE ( 'NONE', #4725, 1.449999999999999956 ) ;
#5174 = VECTOR ( 'NONE', #5122, 1000.000000000000114 ) ;
#5175 = CARTESIAN_POINT ( 'NONE',  ( 28.89221941367370761, 6.224133902450842193, -6.353288313893408201 ) ) ;
#5176 = ORIENTED_EDGE ( 'NONE', *, *, #2250, .T. ) ;
#5177 = PLANE ( 'NONE',  #1465 ) ;
#5178 = VECTOR ( 'NONE', #4523, 1000.000000000000000 ) ;
#5179 = CARTESIAN_POINT ( 'NONE',  ( 14.59019080055859519, 4.356683990208036761, -14.78311613024655991 ) ) ;
#5180 = FACE_OUTER_BOUND ( 'NONE', #1119, .T. ) ;
#5181 = B_SPLINE_CURVE_WITH_KNOTS ( 'NONE', 3,
 ( #2713, #5463, #53, #4538, #1386 ),
 .UNSPECIFIED., .F., .F.,
 ( 4, 1, 4 ),
 ( 0.006851692949300054736, 0.006856292123553852855, 0.006860891297807651841 ),
 .UNSPECIFIED. ) ;
#5182 = EDGE_CURVE ( 'NONE', #5404, #5352, #3450, .T. ) ;
#5183 = EDGE_CURVE ( 'NONE', #2117, #1913, #4117, .T. ) ;
#5184 = ORIENTED_EDGE ( 'NONE', *, *, #996, .F. ) ;
#5185 = CARTESIAN_POINT ( 'NONE',  ( 15.90537538441425269, 5.000000000000000000, -2.749999999999999112 ) ) ;
#5186 = CARTESIAN_POINT ( 'NONE',  ( 25.64999999999999858, 5.000000000000000000, -27.00000000000000355 ) ) ;
#5187 = CARTESIAN_POINT ( 'NONE',  ( 46.04109643703650079, -43.29102183750249111, -12.22100195828158853 ) ) ;
#5188 = FACE_OUTER_BOUND ( 'NONE', #4908, .T. ) ;
#5189 = DIRECTION ( 'NONE',  ( -0.5773502691896337247, 0.5773502691896178485, 0.5773502691896257311 ) ) ;
#5190 = ORIENTED_EDGE ( 'NONE', *, *, #1790, .F. ) ;
#5191 = AXIS2_PLACEMENT_3D ( 'NONE', #861, #3626, #478 ) ;
#5192 = DIRECTION ( 'NONE',  ( 0.0000000000000000000, -1.000000000000000000, 0.0000000000000000000 ) ) ;
#5193 = VECTOR ( 'NONE', #1321, 1000.000000000000000 ) ;
#5194 = PLANE ( 'NONE',  #1735 ) ;
#5195 = CARTESIAN_POINT ( 'NONE',  ( 37.64468418839254582, 4.807648121936190400, -7.278058359358301033 ) ) ;
#5196 = ORIENTED_EDGE ( 'NONE', *, *, #3082, .T. ) ;
#5197 = VERTEX_POINT ( 'NONE', #4760 ) ;
#5198 = CARTESIAN_POINT ( 'NONE',  ( 27.01559749185711823, 3.210360691516996656, -15.82724662106913271 ) ) ;
#5199 = CARTESIAN_POINT ( 'NONE',  ( 54.50000000000000000, -30.00000000000000355, -4.000000000000004441 ) ) ;
#5200 = ORIENTED_EDGE ( 'NONE', *, *, #3860, .F. ) ;
#5201 = ORIENTED_EDGE ( 'NONE', *, *, #3239, .T. ) ;
#5202 = CARTESIAN_POINT ( 'NONE',  ( 12.00000000000000355, -44.00000000000001421, -10.99999999999999645 ) ) ;
#5203 = CARTESIAN_POINT ( 'NONE',  ( 12.02584299380047206, -0.7711259167491703037, -9.965772345672977650 ) ) ;
#5204 = ADVANCED_FACE ( 'NONE', ( #5414 ), #2946, .F. ) ;
#5205 = ORIENTED_EDGE ( 'NONE', *, *, #1679, .F. ) ;
#5206 = CARTESIAN_POINT ( 'NONE',  ( 27.49999999999999645, 10.00000000000000000, -11.00000000000000000 ) ) ;
#5207 = ORIENTED_EDGE ( 'NONE', *, *, #996, .T. ) ;
#5208 = CARTESIAN_POINT ( 'NONE',  ( 12.10285042102433728, -0.4829360166025661316, -21.39714957897565739 ) ) ;
#5209 = AXIS2_PLACEMENT_3D ( 'NONE', #437, #1806, #3604 ) ;
#5210 = ORIENTED_EDGE ( 'NONE', *, *, #5732, .T. ) ;
#5211 = EDGE_CURVE ( 'NONE', #5116, #5649, #3308, .T. ) ;
#5212 = ORIENTED_EDGE ( 'NONE', *, *, #4328, .F. ) ;
#5213 = CARTESIAN_POINT ( 'NONE',  ( 43.00000000000000000, -44.00000000000001421, -9.599999999999997868 ) ) ;
#5214 = ORIENTED_EDGE ( 'NONE', *, *, #3206, .F. ) ;
#5215 = CARTESIAN_POINT ( 'NONE',  ( 37.79290996092704802, 5.645753960255607495, -14.77713838034319949 ) ) ;
#5216 = CARTESIAN_POINT ( 'NONE',  ( 55.00000000000000000, -44.00000000000001421, -10.99999999999999645 ) ) ;
#5217 = VERTEX_POINT ( 'NONE', #1048 ) ;
#5218 = CARTESIAN_POINT ( 'NONE',  ( 29.10367650690637475, 5.930187289253936456, -6.422257119742711851 ) ) ;
#5219 = EDGE_LOOP ( 'NONE', ( #3844, #939, #5201, #1244, #3557, #764, #5857, #5207 ) ) ;
#5220 = EDGE_CURVE ( 'NONE', #3060, #4687, #3531, .T. ) ;
#5221 = DIRECTION ( 'NONE',  ( 1.000000000000000000, 0.0000000000000000000, -0.0000000000000000000 ) ) ;
#5222 = VERTEX_POINT ( 'NONE', #2925 ) ;
#5223 = CARTESIAN_POINT ( 'NONE',  ( 39.10077083408302911, 6.449986973733965456, -9.000000000000000000 ) ) ;
#5224 = B_SPLINE_CURVE_WITH_KNOTS ( 'NONE', 3,
 ( #4858, #5327, #4896, #4836, #5374, #3066, #744, #1666, #5308, #5796, #4875, #2539, #361, #1189, #5754, #3024, #301, #3460, #318, #4394, #3483, #3526, #3957, #2118, #806, #846 ),
 .UNSPECIFIED., .F., .F.,
 ( 4, 2, 2, 2, 2, 2, 2, 2, 2, 2, 2, 2, 4 ),
 ( 0.004433535381358146184, 0.004710352795980519459, 0.004987170210602892735, 0.005540805039847680920, 0.005817622454470072410, 0.006094439869092463900, 0.006371257283714855391, 0.006648074698337246881, 0.007201709527582035933, 0.007478526942204419617, 0.007755344356826803301, 0.008308979186071600159, 0.008862614015316397018 ),
 .UNSPECIFIED. ) ;
#5225 = VECTOR ( 'NONE', #1984, 1000.000000000000000 ) ;
#5226 = DIRECTION ( 'NONE',  ( 0.0000000000000000000, 0.0000000000000000000, 1.000000000000000000 ) ) ;
#5227 = VERTEX_POINT ( 'NONE', #1553 ) ;
#5228 = CARTESIAN_POINT ( 'NONE',  ( 2.936031266058522160, -75.05431670845854342, -11.92555383215479203 ) ) ;
#5229 = DIRECTION ( 'NONE',  ( 1.000000000000000000, 0.0000000000000000000, 0.0000000000000000000 ) ) ;
#5230 = EDGE_LOOP ( 'NONE', ( #1065, #5498, #5707, #2400, #4611, #1047 ) ) ;
#5231 = AXIS2_PLACEMENT_3D ( 'NONE', #1345, #472, #3660 ) ;
#5232 = CARTESIAN_POINT ( 'NONE',  ( 55.00000000000000000, -44.00000000000001421, -9.599999999999997868 ) ) ;
#5233 = LINE ( 'NONE', #3592, #1563 ) ;
#5234 = CARTESIAN_POINT ( 'NONE',  ( 43.50000000000000000, 10.00000000000000000, -22.00000000000000000 ) ) ;
#5235 = CARTESIAN_POINT ( 'NONE',  ( 0.0000000000000000000, 10.00000000000000000, -21.50000000000000355 ) ) ;
#5236 = LINE ( 'NONE', #5860, #4724 ) ;
#5237 = ADVANCED_FACE ( 'NONE', ( #4474, #1882 ), #2003, .T. ) ;
#5238 = VECTOR ( 'NONE', #2005, 1000.000000000000000 ) ;
#5239 = PLANE ( 'NONE',  #4917 ) ;
#5240 = CYLINDRICAL_SURFACE ( 'NONE', #4834, 3.199999999999999734 ) ;
#5241 = CARTESIAN_POINT ( 'NONE',  ( 40.00060111637700544, 3.842894355346539115, -7.098005224911019262 ) ) ;
#5242 = CARTESIAN_POINT ( 'NONE',  ( 49.00000000000000000, 10.00000000000000000, -14.10000000000000142 ) ) ;
#5243 = AXIS2_PLACEMENT_3D ( 'NONE', #298, #2241, #5407 ) ;
#5244 = EDGE_CURVE ( 'NONE', #4701, #1183, #2801, .T. ) ;
#5245 = FACE_OUTER_BOUND ( 'NONE', #5829, .T. ) ;
#5246 = CARTESIAN_POINT ( 'NONE',  ( 14.16152133159577886, -33.97514192085773743, -2.661521331595746442 ) ) ;
#5247 = FACE_OUTER_BOUND ( 'NONE', #4568, .T. ) ;
#5248 = CARTESIAN_POINT ( 'NONE',  ( 8.877498913987635021, -44.18468726948770353, -12.39999999999999680 ) ) ;
#5249 = PERSON_AND_ORGANIZATION ( #1148, #4178 ) ;
#5251 = CYLINDRICAL_SURFACE ( 'NONE', #4199, 1.000000000000000888 ) ;
#5250 = DIRECTION ( 'NONE',  ( 0.0000000000000000000, -1.000000000000000000, 0.0000000000000000000 ) ) ;
#5252 = CARTESIAN_POINT ( 'NONE',  ( 27.49999999999999645, 10.00000000000000000, -15.84999999999999609 ) ) ;
#5253 = EDGE_LOOP ( 'NONE', ( #3607, #4380 ) ) ;
#5254 = EDGE_CURVE ( 'NONE', #3185, #2402, #2520, .T. ) ;
#5255 = LINE ( 'NONE', #948, #1160 ) ;
#5256 = CARTESIAN_POINT ( 'NONE',  ( 20.49999999999999645, -35.00000000000000000, -12.00000000000000000 ) ) ;
#5257 = VECTOR ( 'NONE', #3653, 1000.000000000000000 ) ;
#5258 = ORIENTED_EDGE ( 'NONE', *, *, #94, .T. ) ;
#5259 = DIRECTION ( 'NONE',  ( 0.7071067811865425767, 0.0000000000000000000, -0.7071067811865524577 ) ) ;
#5260 = CARTESIAN_POINT ( 'NONE',  ( 40.55691705258031021, 5.000000000000000000, -18.00000000000000000 ) ) ;
#5261 = PRODUCT ( 'FixationY_V2', 'FixationY_V2', '', ( #2200 ) ) ;
#5262 = FACE_OUTER_BOUND ( 'NONE', #299, .T. ) ;
#5263 = AXIS2_PLACEMENT_3D ( 'NONE', #2842, #2902, #3364 ) ;
#5264 = CARTESIAN_POINT ( 'NONE',  ( 3.117907181430390473, -74.18601716708316474, -12.39066541577492053 ) ) ;
#5265 = ADVANCED_FACE ( 'NONE', ( #5114 ), #3780, .T. ) ;
#5266 = ORIENTED_EDGE ( 'NONE', *, *, #3507, .T. ) ;
#5267 = DIRECTION ( 'NONE',  ( 0.0000000000000000000, 1.000000000000000000, 0.0000000000000000000 ) ) ;
#5268 = DIRECTION ( 'NONE',  ( -1.000000000000000000, 0.0000000000000000000, 0.0000000000000000000 ) ) ;
#5269 = FACE_BOUND ( 'NONE', #574, .T. ) ;
#5270 = ORIENTED_EDGE ( 'NONE', *, *, #3752, .F. ) ;
#5271 = EDGE_LOOP ( 'NONE', ( #2608, #221, #3685, #2618 ) ) ;
#5272 = DIRECTION ( 'NONE',  ( 0.0000000000000000000, -1.000000000000000000, 0.0000000000000000000 ) ) ;
#5273 = CARTESIAN_POINT ( 'NONE',  ( 27.50000000000000000, -62.00000000000000711, -15.94999999999999929 ) ) ;
#5274 = DIRECTION ( 'NONE',  ( 1.000000000000000000, 0.0000000000000000000, 0.0000000000000000000 ) ) ;
#5275 = EDGE_LOOP ( 'NONE', ( #1262, #2695, #2438, #1323 ) ) ;
#5276 = EDGE_LOOP ( 'NONE', ( #2460, #1764, #2184, #275 ) ) ;
#5277 = CARTESIAN_POINT ( 'NONE',  ( 25.64999999999999858, 5.000000000000000000, 0.0000000000000000000 ) ) ;
#5278 = EDGE_LOOP ( 'NONE', ( #2824, #449 ) ) ;
#5279 = CARTESIAN_POINT ( 'NONE',  ( 11.99999999999999467, -0.9476673429160706874, -11.93161150701351048 ) ) ;
#5280 = DIRECTION ( 'NONE',  ( 0.0000000000000000000, 0.0000000000000000000, -1.000000000000000000 ) ) ;
#5281 = ORIENTED_EDGE ( 'NONE', *, *, #124, .F. ) ;
#5282 = DIRECTION ( 'NONE',  ( -1.000000000000000000, -0.0000000000000000000, -0.0000000000000000000 ) ) ;
#5283 = EDGE_CURVE ( 'NONE', #4073, #1835, #1742, .T. ) ;
#5284 = VERTEX_POINT ( 'NONE', #5213 ) ;
#5285 = ORIENTED_EDGE ( 'NONE', *, *, #3848, .F. ) ;
#5286 = CARTESIAN_POINT ( 'NONE',  ( 29.16115362348206830, 4.176663624638959682, -6.443074905418304077 ) ) ;
#5287 = CARTESIAN_POINT ( 'NONE',  ( 11.99999999999999645, -1.000000000000000888, -10.06838849298648775 ) ) ;
#5288 = ORIENTED_EDGE ( 'NONE', *, *, #5903, .F. ) ;
#5289 = CARTESIAN_POINT ( 'NONE',  ( 39.10999999999999943, 2.000000000000000000, -15.00000000000000000 ) ) ;
#5290 = ORIENTED_EDGE ( 'NONE', *, *, #2160, .T. ) ;
#5291 = AXIS2_PLACEMENT_3D ( 'NONE', #120, #1431, #538 ) ;
#5292 = EDGE_CURVE ( 'NONE', #266, #3043, #4549, .T. ) ;
#5293 = ORIENTED_EDGE ( 'NONE', *, *, #66, .T. ) ;
#5294 = CARTESIAN_POINT ( 'NONE',  ( 40.19995916360443289, 5.957379907425011112, -7.150754168709331893 ) ) ;
#5295 = VECTOR ( 'NONE', #3671, 1000.000000000000114 ) ;
#5296 = DIRECTION ( 'NONE',  ( 0.0000000000000000000, 0.0000000000000000000, 1.000000000000000000 ) ) ;
#5297 = DIRECTION ( 'NONE',  ( 0.0000000000000000000, 1.000000000000000000, 0.0000000000000000000 ) ) ;
#5298 = ORIENTED_EDGE ( 'NONE', *, *, #2516, .F. ) ;
#5299 = ADVANCED_FACE ( 'NONE', ( #5262 ), #164, .T. ) ;
#5300 = ORIENTED_EDGE ( 'NONE', *, *, #3316, .F. ) ;
#5301 = CARTESIAN_POINT ( 'NONE',  ( 43.00000000000000000, -74.00000000000001421, -10.99999999999999645 ) ) ;
#5302 = EDGE_CURVE ( 'NONE', #2153, #2899, #1099, .T. ) ;
#5303 = CYLINDRICAL_SURFACE ( 'NONE', #2185, 3.000000000000006217 ) ;
#5304 = EDGE_CURVE ( 'NONE', #2110, #1512, #136, .T. ) ;
#5305 = CARTESIAN_POINT ( 'NONE',  ( 45.46883461388276970, -6.091221941262011441, -19.96883461388273062 ) ) ;
#5306 = DIRECTION ( 'NONE',  ( -0.0000000000000000000, -0.0000000000000000000, -1.000000000000000000 ) ) ;
#5307 = CARTESIAN_POINT ( 'NONE',  ( 8.912050187125686307, -73.54505881564810466, -12.32720028988984495 ) ) ;
#5308 = CARTESIAN_POINT ( 'NONE',  ( 45.91562788000577200, -75.11155037805734480, -10.14404688695104184 ) ) ;
#5309 = CIRCLE ( 'NONE', #1497, 3.100000000000001865 ) ;
#5310 = DIRECTION ( 'NONE',  ( 0.0000000000000000000, 1.000000000000000000, 0.0000000000000000000 ) ) ;
#5311 = AXIS2_PLACEMENT_3D ( 'NONE', #4116, #768, #1282 ) ;
#5312 = CARTESIAN_POINT ( 'NONE',  ( 15.88999999999988688, 3.550003277438696703, -6.999999999999588773 ) ) ;
#5313 = FACE_OUTER_BOUND ( 'NONE', #4632, .T. ) ;
#5314 = CARTESIAN_POINT ( 'NONE',  ( 25.89692574671385117, 4.068863318180867772, -6.422051998176115717 ) ) ;
#5315 = CARTESIAN_POINT ( 'NONE',  ( 42.94483730826323864, -0.6642272557815583900, -12.13989809074976556 ) ) ;
#5316 = CARTESIAN_POINT ( 'NONE',  ( -13.00000000000003197, -2.500000000000002220, -5.204748896376250896E-15 ) ) ;
#5317 = LINE ( 'NONE', #3021, #5663 ) ;
#5318 = VECTOR ( 'NONE', #1960, 1000.000000000000114 ) ;
#5319 = CARTESIAN_POINT ( 'NONE',  ( 54.50000000000000000, -4.999999999999999112, -17.99999999999998579 ) ) ;
#5320 = DIRECTION ( 'NONE',  ( 0.0000000000000000000, 0.0000000000000000000, -1.000000000000000000 ) ) ;
#5321 = CARTESIAN_POINT ( 'NONE',  ( 49.00000000000000000, -14.00000000000001066, -7.899999999999997691 ) ) ;
#5322 = CARTESIAN_POINT ( 'NONE',  ( 16.87342971190151175, -2.021789255374457195, -12.62657028809839943 ) ) ;
#5323 = VECTOR ( 'NONE', #1689, 1000.000000000000000 ) ;
#5324 = VERTEX_POINT ( 'NONE', #3336 ) ;
#5325 = ORIENTED_EDGE ( 'NONE', *, *, #4752, .F. ) ;
#5326 = PLANE ( 'NONE',  #5350 ) ;
#5327 = CARTESIAN_POINT ( 'NONE',  ( 46.12250108601238452, -74.09225080763893345, -9.599999999999999645 ) ) ;
#5328 = ADVANCED_FACE ( 'NONE', ( #2663 ), #4824, .F. ) ;
#5329 = AXIS2_PLACEMENT_3D ( 'NONE', #4610, #4140, #1859 ) ;
#5330 = EDGE_CURVE ( 'NONE', #1394, #3842, #5595, .T. ) ;
#5331 = DIRECTION ( 'NONE',  ( 0.0000000000000000000, 0.0000000000000000000, 1.000000000000000000 ) ) ;
#5332 = CARTESIAN_POINT ( 'NONE',  ( 52.06396873394147917, -72.94568329154149922, -10.07444616784520619 ) ) ;
#5333 = COORDINATED_UNIVERSAL_TIME_OFFSET ( 0, 0, .AHEAD. ) ;
#5334 = VECTOR ( 'NONE', #4346, 1000.000000000000000 ) ;
#5335 = CARTESIAN_POINT ( 'NONE',  ( 6.000000000000000000, -18.50000000000000000, -11.00000000000000000 ) ) ;
#5336 = ORIENTED_EDGE ( 'NONE', *, *, #2284, .F. ) ;
#5337 = CARTESIAN_POINT ( 'NONE',  ( 40.26054036906787559, 5.883441644163464268, -7.168649478334589098 ) ) ;
#5338 = VECTOR ( 'NONE', #4607, 1000.000000000000000 ) ;
#5339 = CARTESIAN_POINT ( 'NONE',  ( 3.122501086012367200, -44.09225080763894056, -12.39999999999999503 ) ) ;
#5340 = DIRECTION ( 'NONE',  ( -0.0000000000000000000, -0.0000000000000000000, 1.000000000000000000 ) ) ;
#5341 = EDGE_CURVE ( 'NONE', #24, #281, #4793, .T. ) ;
#5342 = ORIENTED_EDGE ( 'NONE', *, *, #3306, .F. ) ;
#5343 = CARTESIAN_POINT ( 'NONE',  ( 27.50000000000000000, -79.00000000000001421, -6.049999999999992717 ) ) ;
#5344 = FACE_OUTER_BOUND ( 'NONE', #4758, .T. ) ;
#5345 = CARTESIAN_POINT ( 'NONE',  ( 27.49999999999999645, 6.850000000000001421, -15.84999999999999964 ) ) ;
#5346 = DIRECTION ( 'NONE',  ( 0.0000000000000000000, 1.000000000000000000, 0.0000000000000000000 ) ) ;
#5347 = CARTESIAN_POINT ( 'NONE',  ( 55.00000000000000000, -30.27712382075354824, -17.49999999999998579 ) ) ;
#5348 = ORIENTED_EDGE ( 'NONE', *, *, #5445, .F. ) ;
#5349 =( BOUNDED_CURVE ( )  B_SPLINE_CURVE ( 3, ( #3521, #4410, #4872, #3079 ),
 .UNSPECIFIED., .F., .T. ) 
 B_SPLINE_CURVE_WITH_KNOTS ( ( 4, 4 ),
 ( 3.141592653589793116, 3.926990816987248500 ),
 .UNSPECIFIED. ) 
 CURVE ( )  GEOMETRIC_REPRESENTATION_ITEM ( )  RATIONAL_B_SPLINE_CURVE ( ( 1.000000000000000000, 0.9492530216741902338, 0.9492530216741902338, 1.000000000000000000 ) ) 
 REPRESENTATION_ITEM ( '' )  );
#5350 = AXIS2_PLACEMENT_3D ( 'NONE', #3888, #5728, #3867 ) ;
#5351 = CARTESIAN_POINT ( 'NONE',  ( 2.936149957101174657, -75.05398175891403412, -10.07404435558292910 ) ) ;
#5352 = VERTEX_POINT ( 'NONE', #5843 ) ;
#5353 = CARTESIAN_POINT ( 'NONE',  ( 52.19585010348750131, -72.60941344289021515, -10.81340498500109426 ) ) ;
#5354 = ORIENTED_EDGE ( 'NONE', *, *, #4252, .F. ) ;
#5355 = CARTESIAN_POINT ( 'NONE',  ( 46.12250108601213583, -74.00000000000001421, -12.39999999999999858 ) ) ;
#5356 = CARTESIAN_POINT ( 'NONE',  ( 37.48997207675901677, -33.33104380184793314, -11.98997207675908427 ) ) ;
#5357 = VERTEX_POINT ( 'NONE', #2087 ) ;
#5358 = ORIENTED_EDGE ( 'NONE', *, *, #1222, .T. ) ;
#5359 = AXIS2_PLACEMENT_3D ( 'NONE', #418, #5874, #3101 ) ;
#5360 = CARTESIAN_POINT ( 'NONE',  ( 51.95844799182732032, -44.70685387807873212, -9.777934282373506036 ) ) ;
#5361 = VERTEX_POINT ( 'NONE', #3491 ) ;
#5362 = CARTESIAN_POINT ( 'NONE',  ( 2.936031266058518607, -45.05431670845853631, -11.92555383215477960 ) ) ;
#5363 = CARTESIAN_POINT ( 'NONE',  ( 54.50000000000000000, 9.750000000000000000, -0.2499999999999968081 ) ) ;
#5364 = ORIENTED_EDGE ( 'NONE', *, *, #2742, .T. ) ;
#5365 = ORIENTED_EDGE ( 'NONE', *, *, #3133, .T. ) ;
#5366 = DIRECTION ( 'NONE',  ( 0.0000000000000000000, 0.0000000000000000000, -1.000000000000000000 ) ) ;
#5367 = ORIENTED_EDGE ( 'NONE', *, *, #3213, .T. ) ;
#5368 = DIRECTION ( 'NONE',  ( 0.0000000000000000000, -1.000000000000000000, 0.0000000000000000000 ) ) ;
#5369 = CARTESIAN_POINT ( 'NONE',  ( 12.00000000000000355, -74.00000000000001421, -10.99999999999999645 ) ) ;
#5370 = ORIENTED_EDGE ( 'NONE', *, *, #1566, .F. ) ;
#5371 = EDGE_CURVE ( 'NONE', #3767, #5701, #2237, .T. ) ;
#5372 = VERTEX_POINT ( 'NONE', #4446 ) ;
#5373 = CARTESIAN_POINT ( 'NONE',  ( 28.43035695369958304, 3.396437822547846874, -15.76102866331145336 ) ) ;
#5374 = CARTESIAN_POINT ( 'NONE',  ( 46.08794981287430659, -74.45494118435190956, -9.672799710110144389 ) ) ;
#5375 = CARTESIAN_POINT ( 'NONE',  ( 41.99999999999999289, 0.0000000000000000000, -11.93161150701352469 ) ) ;
#5376 = ORIENTED_EDGE ( 'NONE', *, *, #2243, .T. ) ;
#5377 = CARTESIAN_POINT ( 'NONE',  ( 14.74010053394425412, 4.115700695766974171, -7.168454731227818399 ) ) ;
#5378 = FACE_OUTER_BOUND ( 'NONE', #3039, .T. ) ;
#5379 = EDGE_CURVE ( 'NONE', #5649, #4539, #3240, .T. ) ;
#5380 = ORIENTED_EDGE ( 'NONE', *, *, #1132, .F. ) ;
#5381 = DIRECTION ( 'NONE',  ( 1.000000000000000000, 0.0000000000000000000, 0.0000000000000000000 ) ) ;
#5382 = EDGE_LOOP ( 'NONE', ( #837, #790, #3255 ) ) ;
#5383 = CARTESIAN_POINT ( 'NONE',  ( 0.0000000000000000000, -74.00000000000001421, -10.99999999999999645 ) ) ;
#5384 = VECTOR ( 'NONE', #5268, 1000.000000000000000 ) ;
#5385 = CARTESIAN_POINT ( 'NONE',  ( 45.80002279268543930, -72.60005209757331102, -11.09353301180623674 ) ) ;
#5386 = EDGE_CURVE ( 'NONE', #293, #3033, #2014, .T. ) ;
#5387 = EDGE_CURVE ( 'NONE', #2679, #2330, #1033, .T. ) ;
#5388 = DIRECTION ( 'NONE',  ( 0.6583521792383999482, 0.3648901426239294365, -0.6583521792383907334 ) ) ;
#5389 = LINE ( 'NONE', #4476, #1719 ) ;
#5390 = CARTESIAN_POINT ( 'NONE',  ( 52.16847504279071757, -75.32674949901311834, -11.45612248960534352 ) ) ;
#5391 = DIRECTION ( 'NONE',  ( -0.7071067811865475727, 0.0000000000000000000, 0.7071067811865475727 ) ) ;
#5392 = CARTESIAN_POINT ( 'NONE',  ( 13.52492312025641219, -1.377691136364747049, -2.024923120256387321 ) ) ;
#5393 = ADVANCED_FACE ( 'NONE', ( #5830 ), #899, .F. ) ;
#5394 = LINE ( 'NONE', #3430, #4165 ) ;
#5395 = CIRCLE ( 'NONE', #2672, 1.399999999999998579 ) ;
#5396 = DIRECTION ( 'NONE',  ( 0.7071067811865524577, 0.0000000000000000000, -0.7071067811865425767 ) ) ;
#5397 = DIRECTION ( 'NONE',  ( -0.7071067811865425767, -0.0000000000000000000, -0.7071067811865524577 ) ) ;
#5398 = LINE ( 'NONE', #3419, #320 ) ;
#5399 = FACE_OUTER_BOUND ( 'NONE', #2750, .T. ) ;
#5400 = CARTESIAN_POINT ( 'NONE',  ( 27.62354076641318912, 6.850000000000002309, -15.84999999999999964 ) ) ;
#5401 = DIRECTION ( 'NONE',  ( 0.0000000000000000000, -1.000000000000000000, 0.0000000000000000000 ) ) ;
#5402 = EDGE_CURVE ( 'NONE', #2669, #575, #831, .T. ) ;
#5403 = VECTOR ( 'NONE', #5154, 1000.000000000000114 ) ;
#5404 = VERTEX_POINT ( 'NONE', #4965 ) ;
#5405 = CARTESIAN_POINT ( 'NONE',  ( 43.50000000000000000, -30.00000000000000355, -4.000000000000004441 ) ) ;
#5406 = DIRECTION ( 'NONE',  ( 1.000000000000000000, -0.0000000000000000000, -0.0000000000000000000 ) ) ;
#5407 = DIRECTION ( 'NONE',  ( 0.0000000000000000000, 0.0000000000000000000, -1.000000000000000000 ) ) ;
#5408 = CYLINDRICAL_SURFACE ( 'NONE', #5901, 3.000000000000006217 ) ;
#5409 = DIRECTION ( 'NONE',  ( -1.000000000000000000, 0.0000000000000000000, 0.0000000000000000000 ) ) ;
#5410 = AXIS2_PLACEMENT_3D ( 'NONE', #1634, #5272, #773 ) ;
#5411 = ORIENTED_EDGE ( 'NONE', *, *, #1567, .T. ) ;
#5412 = EDGE_CURVE ( 'NONE', #1348, #4423, #4612, .T. ) ;
#5413 = DIRECTION ( 'NONE',  ( 0.0000000000000000000, 0.8479983040050880216, 0.5299989400031799303 ) ) ;
#5414 = FACE_OUTER_BOUND ( 'NONE', #4964, .T. ) ;
#5415 = CARTESIAN_POINT ( 'NONE',  ( 42.09462461558574375, 5.000000000000000000, -2.750000000000000000 ) ) ;
#5416 = DIRECTION ( 'NONE',  ( 0.0000000000000000000, 0.0000000000000000000, 1.000000000000000000 ) ) ;
#5417 = EDGE_CURVE ( 'NONE', #1611, #1538, #2167, .T. ) ;
#5418 = VERTEX_POINT ( 'NONE', #5455 ) ;
#5419 = CARTESIAN_POINT ( 'NONE',  ( 45.83152495720929664, -72.67325050098691008, -11.45612248960534352 ) ) ;
#5420 = EDGE_LOOP ( 'NONE', ( #1510, #2526 ) ) ;
#5421 = CARTESIAN_POINT ( 'NONE',  ( 2.819788266444912761, -42.64574134649454606, -11.36672221146017137 ) ) ;
#5422 = CARTESIAN_POINT ( 'NONE',  ( 52.18022956500056608, -75.35430091103759764, -11.36664364091365442 ) ) ;
#5423 = EDGE_LOOP ( 'NONE', ( #2399, #1896, #3334, #4267 ) ) ;
#5424 = CARTESIAN_POINT ( 'NONE',  ( 55.00000000000000000, 9.500000000000000000, -0.4999999999999935052 ) ) ;
#5425 = VERTEX_POINT ( 'NONE', #3553 ) ;
#5426 = CARTESIAN_POINT ( 'NONE',  ( 28.96947575925336693, 3.869729253653293455, -15.62256416092828282 ) ) ;
#5427 = EDGE_LOOP ( 'NONE', ( #444, #375, #3248, #3322, #3649 ) ) ;
#5428 = VERTEX_POINT ( 'NONE', #4985 ) ;
#5429 = CARTESIAN_POINT ( 'NONE',  ( 49.00000000000000000, -18.50000000000000000, -11.00000000000000000 ) ) ;
#5430 = VERTEX_POINT ( 'NONE', #3073 ) ;
#5431 = CARTESIAN_POINT ( 'NONE',  ( 15.69783683345969294, 3.560064897375608162, -7.003527248298228258 ) ) ;
#5432 = ORIENTED_EDGE ( 'NONE', *, *, #781, .T. ) ;
#5433 = AXIS2_PLACEMENT_3D ( 'NONE', #2392, #974, #5110 ) ;
#5434 = DIRECTION ( 'NONE',  ( 0.0000000000000000000, 0.0000000000000000000, -1.000000000000000000 ) ) ;
#5435 = DIRECTION ( 'NONE',  ( 0.0000000000000000000, 0.5299989400031803743, 0.8479983040050877996 ) ) ;
#5436 = CARTESIAN_POINT ( 'NONE',  ( 11.99999999999999645, 0.0000000000000000000, -11.93161150701349627 ) ) ;
#5437 = ORIENTED_EDGE ( 'NONE', *, *, #5744, .T. ) ;
#5438 = ORIENTED_EDGE ( 'NONE', *, *, #1721, .F. ) ;
#5439 = DIRECTION ( 'NONE',  ( -0.0000000000000000000, -0.7071067811865524577, -0.7071067811865425767 ) ) ;
#5440 = LINE ( 'NONE', #280, #2765 ) ;
#5441 = VERTEX_POINT ( 'NONE', #2604 ) ;
#5442 = DIRECTION ( 'NONE',  ( 0.0000000000000000000, 1.000000000000000000, 0.0000000000000000000 ) ) ;
#5443 = PLANE ( 'NONE',  #230 ) ;
#5444 = AXIS2_PLACEMENT_3D ( 'NONE', #4906, #855, #2152 ) ;
#5445 = EDGE_CURVE ( 'NONE', #1610, #1095, #5543, .T. ) ;
#5446 = ORIENTED_EDGE ( 'NONE', *, *, #2900, .T. ) ;
#5447 = CARTESIAN_POINT ( 'NONE',  ( 8.899446246027400420, -43.63266921555428013, -12.35411254328455755 ) ) ;
#5448 = CARTESIAN_POINT ( 'NONE',  ( 43.50000000000000000, -30.00000000000000711, -17.99999999999998579 ) ) ;
#5449 = VECTOR ( 'NONE', #1948, 1000.000000000000000 ) ;
#5450 = CARTESIAN_POINT ( 'NONE',  ( 43.00000000000000000, -28.00826881492389475, -8.130168009327428891 ) ) ;
#5451 = DIRECTION ( 'NONE',  ( -1.000000000000000000, -0.0000000000000000000, -0.0000000000000000000 ) ) ;
#5452 = CARTESIAN_POINT ( 'NONE',  ( 8.000000000000035527, 3.999999999999961808, -25.50000000000001421 ) ) ;
#5453 = EDGE_CURVE ( 'NONE', #5134, #5473, #2088, .T. ) ;
#5454 = LINE ( 'NONE', #496, #2207 ) ;
#5455 = CARTESIAN_POINT ( 'NONE',  ( 21.50000000000000000, -40.00000000000000000, 0.0000000000000000000 ) ) ;
#5456 = ADVANCED_FACE ( 'NONE', ( #1664 ), #2586, .F. ) ;
#5457 = CARTESIAN_POINT ( 'NONE',  ( 0.0000000000000000000, -44.00000000000001421, -10.99999999999999645 ) ) ;
#5458 = CARTESIAN_POINT ( 'NONE',  ( 29.35000000000000142, 5.000000000000000000, -27.00000000000000355 ) ) ;
#5459 = CYLINDRICAL_SURFACE ( 'NONE', #1824, 3.100000000000000533 ) ;
#5460 = LINE ( 'NONE', #821, #946 ) ;
#5461 = CARTESIAN_POINT ( 'NONE',  ( 45.86055327670584347, -72.74414005225033009, -10.37441808897784057 ) ) ;
#5462 = AXIS2_PLACEMENT_3D ( 'NONE', #448, #2228, #4088 ) ;
#5463 = CARTESIAN_POINT ( 'NONE',  ( 39.10230942570262869, 6.449993495530674359, -7.000007097213324592 ) ) ;
#5464 = DIRECTION ( 'NONE',  ( 0.7071067811865432429, 0.5996253511966929128, -0.3747658444979328207 ) ) ;
#5465 = FACE_OUTER_BOUND ( 'NONE', #5859, .T. ) ;
#5466 = FACE_OUTER_BOUND ( 'NONE', #5271, .T. ) ;
#5467 = CARTESIAN_POINT ( 'NONE',  ( 12.00000000000000355, -74.00000000000001421, -12.39999999999999503 ) ) ;
#5468 = CIRCLE ( 'NONE', #4424, 3.100000000000000533 ) ;
#5469 = AXIS2_PLACEMENT_3D ( 'NONE', #5206, #4777, #4797 ) ;
#5470 = VECTOR ( 'NONE', #3610, 1000.000000000000000 ) ;
#5471 = LINE ( 'NONE', #2477, #1652 ) ;
#5472 = DIRECTION ( 'NONE',  ( 0.0000000000000000000, 1.000000000000000000, 0.0000000000000000000 ) ) ;
#5473 = VERTEX_POINT ( 'NONE', #795 ) ;
#5474 = PLANE ( 'NONE',  #4664 ) ;
#5475 = LINE ( 'NONE', #2452, #3229 ) ;
#5476 = EDGE_LOOP ( 'NONE', ( #584, #278 ) ) ;
#5477 = CARTESIAN_POINT ( 'NONE',  ( 12.00000000000000355, -74.00000000000001421, -9.599999999999997868 ) ) ;
#5478 = EDGE_CURVE ( 'NONE', #1113, #2174, #4745, .T. ) ;
#5479 = VECTOR ( 'NONE', #4246, 1000.000000000000000 ) ;
#5480 = CARTESIAN_POINT ( 'NONE',  ( 46.08794981287430659, -44.45494118435190956, -9.672799710110147942 ) ) ;
#5481 = DIRECTION ( 'NONE',  ( 0.0000000000000000000, 0.0000000000000000000, -1.000000000000000000 ) ) ;
#5482 = DIRECTION ( 'NONE',  ( 1.000000000000000000, -0.0000000000000000000, -0.0000000000000000000 ) ) ;
#5483 = ORIENTED_EDGE ( 'NONE', *, *, #1214, .F. ) ;
#5484 = ADVANCED_FACE ( 'NONE', ( #4325, #751, #4321 ), #2513, .F. ) ;
#5485 = CIRCLE ( 'NONE', #4207, 1.399999999999998579 ) ;
#5486 = DIRECTION ( 'NONE',  ( 0.0000000000000000000, 0.0000000000000000000, -1.000000000000000000 ) ) ;
#5487 = EDGE_CURVE ( 'NONE', #2242, #5372, #5825, .T. ) ;
#5488 = EDGE_LOOP ( 'NONE', ( #1902, #498, #2129, #4787, #2893, #2881, #4279, #1421, #5844 ) ) ;
#5489 = CARTESIAN_POINT ( 'NONE',  ( 7.729468731774018053, -30.41019193735698778, -25.77053126822592688 ) ) ;
#5490 = DIRECTION ( 'NONE',  ( -0.0000000000000000000, -0.0000000000000000000, 1.000000000000000000 ) ) ;
#5491 = ORIENTED_EDGE ( 'NONE', *, *, #5049, .F. ) ;
#5492 = CARTESIAN_POINT ( 'NONE',  ( 27.50000000000000000, -62.00000000000000711, -6.049999999999992717 ) ) ;
#5493 = ORIENTED_EDGE ( 'NONE', *, *, #3819, .F. ) ;
#5494 = CARTESIAN_POINT ( 'NONE',  ( 28.97813672267427521, 6.137868400832681814, -15.62259351936710416 ) ) ;
#5495 = EDGE_CURVE ( 'NONE', #2320, #1352, #3524, .T. ) ;
#5496 = DIRECTION ( 'NONE',  ( -0.7071067811865475727, 0.0000000000000000000, -0.7071067811865475727 ) ) ;
#5497 = EDGE_CURVE ( 'NONE', #4292, #5140, #3445, .T. ) ;
#5498 = ORIENTED_EDGE ( 'NONE', *, *, #3239, .F. ) ;
#5499 = ORIENTED_EDGE ( 'NONE', *, *, #733, .T. ) ;
#5500 = ORIENTED_EDGE ( 'NONE', *, *, #4185, .T. ) ;
#5501 = CARTESIAN_POINT ( 'NONE',  ( 46.10363328911314795, -44.36986234198808177, -12.36274466660499272 ) ) ;
#5502 = CARTESIAN_POINT ( 'NONE',  ( 49.00000000000000000, 10.00000000000000000, -11.00000000000000000 ) ) ;
#5503 = CARTESIAN_POINT ( 'NONE',  ( -13.00000000000003197, -5.000000000000000888, -4.000000000000004441 ) ) ;
#5504 = VERTEX_POINT ( 'NONE', #1359 ) ;
#5505 = EDGE_LOOP ( 'NONE', ( #2266, #123, #693, #5124 ) ) ;
#5506 = AXIS2_PLACEMENT_3D ( 'NONE', #895, #5069, #2256 ) ;
#5507 = CARTESIAN_POINT ( 'NONE',  ( 43.00000000000000000, -74.00000000000001421, -10.99999999999999645 ) ) ;
#5508 = ORIENTED_EDGE ( 'NONE', *, *, #1832, .T. ) ;
#5509 = ORIENTED_EDGE ( 'NONE', *, *, #5698, .F. ) ;
#5510 = DIRECTION ( 'NONE',  ( 0.5773502691896337247, -0.5773502691896178485, 0.5773502691896257311 ) ) ;
#5511 = ORIENTED_EDGE ( 'NONE', *, *, #3092, .T. ) ;
#5512 = DIRECTION ( 'NONE',  ( 0.0000000000000000000, -0.0000000000000000000, 1.000000000000000000 ) ) ;
#5513 = ORIENTED_EDGE ( 'NONE', *, *, #4435, .T. ) ;
#5514 = VECTOR ( 'NONE', #593, 1000.000000000000000 ) ;
#5515 = CARTESIAN_POINT ( 'NONE',  ( 43.00000000000000000, -74.00000000000001421, -9.599999999999997868 ) ) ;
#5516 = ORIENTED_EDGE ( 'NONE', *, *, #1603, .T. ) ;
#5517 = CARTESIAN_POINT ( 'NONE',  ( 11.99999999999999645, -30.27712382075354469, -17.49999999999998579 ) ) ;
#5518 = EDGE_LOOP ( 'NONE', ( #2793, #409, #1375 ) ) ;
#5519 = CARTESIAN_POINT ( 'NONE',  ( 49.00000000000000000, -18.50000000000001776, -11.00000000000000000 ) ) ;
#5520 = VECTOR ( 'NONE', #1424, 1000.000000000000000 ) ;
#5521 = DIRECTION ( 'NONE',  ( 0.0000000000000000000, -0.5299989400031798192, 0.8479983040050881327 ) ) ;
#5522 = DIRECTION ( 'NONE',  ( 0.0000000000000000000, 1.000000000000000000, 0.0000000000000000000 ) ) ;
#5523 = EDGE_CURVE ( 'NONE', #4565, #1334, #2941, .T. ) ;
#5524 = CARTESIAN_POINT ( 'NONE',  ( 17.20591535141957351, 5.648303001270286394, -7.222445837153054882 ) ) ;
#5525 = VECTOR ( 'NONE', #5388, 999.9999999999998863 ) ;
#5526 = EDGE_CURVE ( 'NONE', #4292, #3182, #2161, .T. ) ;
#5528 = LINE ( 'NONE', #2023, #2353 ) ;
#5527 = APPROVAL_ROLE ( '' ) ;
#5529 = FACE_BOUND ( 'NONE', #695, .T. ) ;
#5530 = CARTESIAN_POINT ( 'NONE',  ( 15.89308294741969085, 5.000000000000000000, -18.00000000000000000 ) ) ;
#5531 = VECTOR ( 'NONE', #2139, 1000.000000000000000 ) ;
#5532 = VECTOR ( 'NONE', #4522, 1000.000000000000114 ) ;
#5533 = DIRECTION ( 'NONE',  ( 0.0000000000000000000, 0.0000000000000000000, 1.000000000000000000 ) ) ;
#5534 = DIRECTION ( 'NONE',  ( -0.0000000000000000000, -0.0000000000000000000, 1.000000000000000000 ) ) ;
#5535 = CARTESIAN_POINT ( 'NONE',  ( 0.0000000000000000000, -32.77712382075356601, -21.50000000000000355 ) ) ;
#5536 = LOCAL_TIME ( 16, 50, 19.00000000000000000, #2155 ) ;
#5537 = ADVANCED_FACE ( 'NONE', ( #3736 ), #5474, .T. ) ;
#5538 = FACE_OUTER_BOUND ( 'NONE', #3047, .T. ) ;
#5539 = CARTESIAN_POINT ( 'NONE',  ( 39.10691705258031448, 5.000000000000000000, -18.00000000000000000 ) ) ;
#5540 = VERTEX_POINT ( 'NONE', #910 ) ;
#5541 = VECTOR ( 'NONE', #4300, 1000.000000000000000 ) ;
#5542 = VERTEX_POINT ( 'NONE', #487 ) ;
#5543 = LINE ( 'NONE', #1777, #1947 ) ;
#5544 = CARTESIAN_POINT ( 'NONE',  ( 39.30083936506737530, 3.550409035410794889, -15.00000000000001421 ) ) ;
#5545 = AXIS2_PLACEMENT_3D ( 'NONE', #5053, #4649, #4577 ) ;
#5546 = ORIENTED_EDGE ( 'NONE', *, *, #5623, .F. ) ;
#5547 = EDGE_CURVE ( 'NONE', #2113, #5552, #2658, .T. ) ;
#5548 = CARTESIAN_POINT ( 'NONE',  ( -13.00000000000003197, -4.999999999999999112, -17.99999999999998579 ) ) ;
#5549 = DIRECTION ( 'NONE',  ( 1.000000000000000000, 0.0000000000000000000, 0.0000000000000000000 ) ) ;
#5550 = EDGE_LOOP ( 'NONE', ( #3905, #4510, #4075, #5127 ) ) ;
#5551 = CARTESIAN_POINT ( 'NONE',  ( 2.831524957209305526, -72.67325050098693850, -10.54387751039465293 ) ) ;
#5552 = VERTEX_POINT ( 'NONE', #5023 ) ;
#5553 = EDGE_CURVE ( 'NONE', #2110, #2235, #1385, .T. ) ;
#5554 = ORIENTED_EDGE ( 'NONE', *, *, #2448, .T. ) ;
#5555 = CARTESIAN_POINT ( 'NONE',  ( 0.4999999999999935052, -30.00000000000000355, -4.000000000000004441 ) ) ;
#5556 = CARTESIAN_POINT ( 'NONE',  ( 20.95110439506918354, -39.84421200385805406, -6.402336781003997501 ) ) ;
#5557 = EDGE_LOOP ( 'NONE', ( #3630, #915, #1817, #2127 ) ) ;
#5558 = ORIENTED_EDGE ( 'NONE', *, *, #924, .F. ) ;
#5559 = CARTESIAN_POINT ( 'NONE',  ( 6.000000000000000000, -79.00000000000001421, -11.00000000000000000 ) ) ;
#5560 = ADVANCED_FACE ( 'NONE', ( #4469 ), #4036, .F. ) ;
#5561 = EDGE_LOOP ( 'NONE', ( #2390, #4409, #2410, #4217 ) ) ;
#5562 = CARTESIAN_POINT ( 'NONE',  ( 45.91572524649011910, -42.88871468302147605, -10.14368044516031730 ) ) ;
#5563 = ORIENTED_EDGE ( 'NONE', *, *, #2292, .T. ) ;
#5564 = AXIS2_PLACEMENT_3D ( 'NONE', #5507, #481, #1828 ) ;
#5565 = CARTESIAN_POINT ( 'NONE',  ( 8.899322864347194439, -44.36625518212107977, -9.645625412719645908 ) ) ;
#5566 = ORIENTED_EDGE ( 'NONE', *, *, #491, .F. ) ;
#5567 = CARTESIAN_POINT ( 'NONE',  ( 0.4999999999999935052, 10.00000000000000000, -0.4999999999999935052 ) ) ;
#5568 = ORIENTED_EDGE ( 'NONE', *, *, #473, .F. ) ;
#5569 = DIRECTION ( 'NONE',  ( 0.6583521792383916216, -0.3648901426239267720, 0.6583521792384006144 ) ) ;
#5570 = CARTESIAN_POINT ( 'NONE',  ( 2.819770434999450792, -72.64569908896245920, -10.63335635908633670 ) ) ;
#5571 = VERTEX_POINT ( 'NONE', #1376 ) ;
#5572 = AXIS2_PLACEMENT_3D ( 'NONE', #1468, #3340, #4200 ) ;
#5573 = DIRECTION ( 'NONE',  ( -0.0000000000000000000, -0.0000000000000000000, 1.000000000000000000 ) ) ;
#5574 = PRODUCT_DEFINITION_SHAPE ( 'NONE', 'NONE',  #769 ) ;
#5575 = LINE ( 'NONE', #5489, #5295 ) ;
#5576 = EDGE_LOOP ( 'NONE', ( #3967, #1124, #3249, #1829, #433 ) ) ;
#5577 = ORIENTED_EDGE ( 'NONE', *, *, #85, .F. ) ;
#5578 = CYLINDRICAL_SURFACE ( 'NONE', #4650, 1.399999999999998579 ) ;
#5579 = CARTESIAN_POINT ( 'NONE',  ( 12.85745692200313073, 7.623296525288703052E-18, -8.383477418610626231 ) ) ;
#5580 = EDGE_CURVE ( 'NONE', #4349, #503, #3376, .T. ) ;
#5581 = DIRECTION ( 'NONE',  ( -0.5773502691896257311, 0.5773502691896178485, 0.5773502691896338357 ) ) ;
#5582 = VECTOR ( 'NONE', #5603, 1000.000000000000000 ) ;
#5583 = CARTESIAN_POINT ( 'NONE',  ( 16.09137053553885366, 3.558815335743410024, -7.003968647143492987 ) ) ;
#5584 = CARTESIAN_POINT ( 'NONE',  ( 8.958903562963492107, -74.70897816249754442, -9.778998041718397261 ) ) ;
#5585 = DIRECTION ( 'NONE',  ( -0.0000000000000000000, -0.0000000000000000000, 1.000000000000000000 ) ) ;
#5586 = EDGE_CURVE ( 'NONE', #4141, #355, #191, .T. ) ;
#5587 = LINE ( 'NONE', #1619, #3797 ) ;
#5588 = FACE_BOUND ( 'NONE', #2686, .T. ) ;
#5589 = ADVANCED_FACE ( 'NONE', ( #3094 ), #4673, .F. ) ;
#5590 = CARTESIAN_POINT ( 'NONE',  ( 27.50000000000000000, -62.00000000000000711, -6.049999999999992717 ) ) ;
#5591 = VECTOR ( 'NONE', #681, 1000.000000000000000 ) ;
#5592 = DIRECTION ( 'NONE',  ( -0.6583521792384005034, 0.3648901426239268275, 0.6583521792383915106 ) ) ;
#5593 = CYLINDRICAL_SURFACE ( 'NONE', #5148, 1.449999999999999956 ) ;
#5594 = CARTESIAN_POINT ( 'NONE',  ( 14.44310690681061615, 4.809718878488829397, -14.72914204308989916 ) ) ;
#5595 = B_SPLINE_CURVE_WITH_KNOTS ( 'NONE', 3,
 ( #1198, #2042, #4378, #326, #2560, #3964, #2527, #2966, #4425, #3449, #2507, #4881, #4363, #1594, #3940, #711, #3469, #268, #2128, #3410, #3429, #2066, #5360, #1650, #2988, #2585 ),
 .UNSPECIFIED., .F., .F.,
 ( 4, 2, 2, 2, 2, 2, 2, 2, 2, 2, 2, 2, 4 ),
 ( 2.110382192020081086E-17, 0.0002770959613349014837, 0.0005541919226697819339, 0.001108383845339542617, 0.001662575768009303626, 0.001939671729344189443, 0.002216767690679076128, 0.002493863652013961728, 0.002770959613348847328, 0.003048055574683733362, 0.003325151536018619396, 0.003879343458688380188, 0.004433535381358140980 ),
 .UNSPECIFIED. ) ;
#5596 = EDGE_CURVE ( 'NONE', #5917, #5779, #411, .T. ) ;
#5597 = CARTESIAN_POINT ( 'NONE',  ( 39.10999999999982180, 3.550003277437948856, -6.999999999999315214 ) ) ;
#5598 = DIRECTION ( 'NONE',  ( 0.0000000000000000000, 0.0000000000000000000, 1.000000000000000000 ) ) ;
#5599 = LINE ( 'NONE', #4556, #4237 ) ;
#5600 = LINE ( 'NONE', #2522, #327 ) ;
#5601 = CARTESIAN_POINT ( 'NONE',  ( 16.09013738681084149, 6.441375076305747349, -14.99610460859998184 ) ) ;
#5602 = ORIENTED_EDGE ( 'NONE', *, *, #1981, .T. ) ;
#5603 = DIRECTION ( 'NONE',  ( -0.0000000000000000000, 1.000000000000000000, -0.0000000000000000000 ) ) ;
#5604 = ORIENTED_EDGE ( 'NONE', *, *, #4732, .T. ) ;
#5605 = APPROVAL_PERSON_ORGANIZATION ( #2002, #2775, #5527 ) ;
#5607 = LINE ( 'NONE', #454, #3669 ) ;
#5606 = CARTESIAN_POINT ( 'NONE',  ( 0.0000000000000000000, -44.00000000000001421, -10.99999999999999645 ) ) ;
#5608 = DIRECTION ( 'NONE',  ( 0.0000000000000000000, 0.0000000000000000000, 1.000000000000000000 ) ) ;
#5609 = CARTESIAN_POINT ( 'NONE',  ( 2.877808953048646590, -72.78744846119563761, -11.70566068437750040 ) ) ;
#5610 = EDGE_LOOP ( 'NONE', ( #5365, #2836, #10 ) ) ;
#5611 = CIRCLE ( 'NONE', #3314, 1.449999999999999956 ) ;
#5612 = DIRECTION ( 'NONE',  ( 0.0000000000000000000, 0.0000000000000000000, 1.000000000000000000 ) ) ;
#5613 = VERTEX_POINT ( 'NONE', #3656 ) ;
#5614 = CARTESIAN_POINT ( 'NONE',  ( 21.50000000000000000, -40.00000000000000000, -5.708497377870814127 ) ) ;
#5615 = FACE_OUTER_BOUND ( 'NONE', #4910, .T. ) ;
#5616 = DIRECTION ( 'NONE',  ( 0.0000000000000000000, 0.0000000000000000000, 1.000000000000000000 ) ) ;
#5617 = ADVANCED_FACE ( 'NONE', ( #4893 ), #2273, .T. ) ;
#5618 = ORIENTED_EDGE ( 'NONE', *, *, #651, .T. ) ;
#5619 = CARTESIAN_POINT ( 'NONE',  ( 45.83134824835214260, -42.67281787113429914, -10.54489063668227011 ) ) ;
#5620 = CARTESIAN_POINT ( 'NONE',  ( 39.10691705258031448, 5.000000000000000000, -18.00000000000000000 ) ) ;
#5621 = ORIENTED_EDGE ( 'NONE', *, *, #1415, .F. ) ;
#5622 = AXIS2_PLACEMENT_3D ( 'NONE', #2953, #2012, #2054 ) ;
#5623 = EDGE_CURVE ( 'NONE', #3341, #5324, #5255, .T. ) ;
#5624 =( BOUNDED_CURVE ( )  B_SPLINE_CURVE ( 3, ( #1800, #5046, #5011, #1459 ),
 .UNSPECIFIED., .F., .F. ) 
 B_SPLINE_CURVE_WITH_KNOTS ( ( 4, 4 ),
 ( 3.141592653589793116, 3.926990816987250277 ),
 .UNSPECIFIED. ) 
 CURVE ( )  GEOMETRIC_REPRESENTATION_ITEM ( )  RATIONAL_B_SPLINE_CURVE ( ( 1.000000000000000000, 0.9492530216741901228, 0.9492530216741901228, 1.000000000000000000 ) ) 
 REPRESENTATION_ITEM ( '' )  );
#5625 = VERTEX_POINT ( 'NONE', #5492 ) ;
#5626 = CARTESIAN_POINT ( 'NONE',  ( -13.00000000000003197, -32.50000000000000000, -5.204748896376250896E-15 ) ) ;
#5627 = CARTESIAN_POINT ( 'NONE',  ( 39.10077083408297227, 6.449986973733966344, -14.99998935279788803 ) ) ;
#5628 = VERTEX_POINT ( 'NONE', #2307 ) ;
#5629 = CARTESIAN_POINT ( 'NONE',  ( 43.50000000000000000, 0.4999999999999935052, 0.0000000000000000000 ) ) ;
#5630 = VERTEX_POINT ( 'NONE', #3692 ) ;
#5631 = CARTESIAN_POINT ( 'NONE',  ( 27.25297979072044541, 6.850000000000000533, -15.84999999999999254 ) ) ;
#5632 = ORIENTED_EDGE ( 'NONE', *, *, #2737, .T. ) ;
#5633 = EDGE_CURVE ( 'NONE', #3628, #674, #3965, .T. ) ;
#5634 = ORIENTED_EDGE ( 'NONE', *, *, #2009, .T. ) ;
#5635 = CARTESIAN_POINT ( 'NONE',  ( 27.37842779042768626, 3.149999999999999467, -15.85000000000000320 ) ) ;
#5636 = EDGE_LOOP ( 'NONE', ( #5150, #857, #2812, #424, #4969 ) ) ;
#5637 = DIRECTION ( 'NONE',  ( -1.000000000000000000, -0.0000000000000000000, -0.0000000000000000000 ) ) ;
#5638 = B_SPLINE_CURVE_WITH_KNOTS ( 'NONE', 3,
 ( #3994, #5808, #4911, #1744, #2612 ),
 .UNSPECIFIED., .F., .F.,
 ( 4, 1, 4 ),
 ( 0.002283717969437810188, 0.002288318399432944308, 0.002292918829428078429 ),
 .UNSPECIFIED. ) ;
#5639 = ORIENTED_EDGE ( 'NONE', *, *, #2776, .F. ) ;
#5640 = CARTESIAN_POINT ( 'NONE',  ( 27.49999999999999645, 3.149999999999998579, -6.150000000000001243 ) ) ;
#5641 = CARTESIAN_POINT ( 'NONE',  ( 52.13975044001914227, -42.74339119574265311, -10.37606997411300647 ) ) ;
#5642 = VERTEX_POINT ( 'NONE', #965 ) ;
#5643 = CARTESIAN_POINT ( 'NONE',  ( 45.91553642833444115, -42.88266373186009872, -11.86257920188085180 ) ) ;
#5644 = ORIENTED_EDGE ( 'NONE', *, *, #2550, .T. ) ;
#5645 = FACE_OUTER_BOUND ( 'NONE', #927, .T. ) ;
#5646 = CARTESIAN_POINT ( 'NONE',  ( 42.14254307799685506, 1.905824131322174993E-18, -13.61652258138938265 ) ) ;
#5647 = ORIENTED_EDGE ( 'NONE', *, *, #1077, .T. ) ;
#5648 = ADVANCED_FACE ( 'NONE', ( #2794 ), #116, .F. ) ;
#5649 = VERTEX_POINT ( 'NONE', #1888 ) ;
#5650 = CARTESIAN_POINT ( 'NONE',  ( 28.96942997551277088, 6.130399167974567298, -6.377415899779184549 ) ) ;
#5651 = LINE ( 'NONE', #1387, #4089 ) ;
#5652 = DIRECTION ( 'NONE',  ( 0.0000000000000000000, 0.0000000000000000000, 1.000000000000000000 ) ) ;
#5653 = VECTOR ( 'NONE', #1724, 1000.000000000000000 ) ;
#5654 = EDGE_CURVE ( 'NONE', #1552, #2235, #1451, .T. ) ;
#5655 = DIRECTION ( 'NONE',  ( 0.0000000000000000000, 1.000000000000000000, 0.0000000000000000000 ) ) ;
#5656 = CARTESIAN_POINT ( 'NONE',  ( 9.122191046951352078, -45.21255153880436950, -11.70566068437750928 ) ) ;
#5657 = LINE ( 'NONE', #863, #1297 ) ;
#5658 = FACE_OUTER_BOUND ( 'NONE', #144, .T. ) ;
#5659 = DIRECTION ( 'NONE',  ( 0.0000000000000000000, -1.000000000000000000, 0.0000000000000000000 ) ) ;
#5660 = SECURITY_CLASSIFICATION ( '', '', #4689 ) ;
#5661 = CARTESIAN_POINT ( 'NONE',  ( 38.21110779351531761, 6.153609131104151864, -7.101483395752168803 ) ) ;
#5662 = EDGE_CURVE ( 'NONE', #3842, #1394, #4298, .T. ) ;
#5663 = VECTOR ( 'NONE', #339, 1000.000000000000000 ) ;
#5664 = VECTOR ( 'NONE', #2029, 1000.000000000000114 ) ;
#5665 = DIRECTION ( 'NONE',  ( 0.0000000000000000000, 0.0000000000000000000, 1.000000000000000000 ) ) ;
#5666 = ORIENTED_EDGE ( 'NONE', *, *, #1164, .F. ) ;
#5667 = CARTESIAN_POINT ( 'NONE',  ( 54.50000000000000000, -4.999999999999999112, -17.99999999999998579 ) ) ;
#5668 = PERSON_AND_ORGANIZATION ( #1148, #4178 ) ;
#5669 = CARTESIAN_POINT ( 'NONE',  ( 12.00000000000000355, -74.00000000000001421, -9.599999999999997868 ) ) ;
#5670 = VECTOR ( 'NONE', #5435, 999.9999999999998863 ) ;
#5671 = B_SPLINE_CURVE_WITH_KNOTS ( 'NONE', 3,
 ( #5123, #5579, #4680, #1944, #1923, #2384, #2843, #1110, #2485, #5203, #704, #2058, #4338, #5287 ),
 .UNSPECIFIED., .F., .F.,
 ( 4, 2, 2, 2, 2, 2, 4 ),
 ( 0.0000000000000000000, 0.0006096105317262626427, 0.001219221063452525285, 0.001828831595178788145, 0.002133636861041918707, 0.002286039493973484205, 0.002438442126905049703 ),
 .UNSPECIFIED. ) ;
#5672 = EDGE_CURVE ( 'NONE', #2679, #5428, #3672, .T. ) ;
#5673 = EDGE_CURVE ( 'NONE', #24, #44, #2875, .T. ) ;
#5674 = EDGE_LOOP ( 'NONE', ( #4845, #137, #4735, #4567 ) ) ;
#5675 = CARTESIAN_POINT ( 'NONE',  ( 39.10077083408305043, 3.550013026266034988, -7.000010647202110192 ) ) ;
#5676 = CARTESIAN_POINT ( 'NONE',  ( 3.122501086012367200, -74.09225080763894766, -12.39999999999999503 ) ) ;
#5677 = ADVANCED_FACE ( 'NONE', ( #5043 ), #1589, .F. ) ;
#5678 = CARTESIAN_POINT ( 'NONE',  ( 52.00135076982549975, -73.13812778198470710, -9.881916482718329675 ) ) ;
#5679 = VECTOR ( 'NONE', #410, 1000.000000000000000 ) ;
#5680 = DIRECTION ( 'NONE',  ( 0.0000000000000000000, -1.000000000000000000, 0.0000000000000000000 ) ) ;
#5681 = ORIENTED_EDGE ( 'NONE', *, *, #358, .F. ) ;
#5682 = AXIS2_PLACEMENT_3D ( 'NONE', #719, #2996, #3437 ) ;
#5683 = DATE_TIME_ROLE ( 'creation_date' ) ;
#5684 = LINE ( 'NONE', #3837, #1457 ) ;
#5685 = DIRECTION ( 'NONE',  ( -1.000000000000000000, 0.0000000000000000000, 0.0000000000000000000 ) ) ;
#5686 = VERTEX_POINT ( 'NONE', #4654 ) ;
#5687 = CARTESIAN_POINT ( 'NONE',  ( 25.64999999999999858, 5.243952075504574317, -15.48330235429198076 ) ) ;
#5688 = DIRECTION ( 'NONE',  ( 0.0000000000000000000, -0.5299989400031803743, -0.8479983040050877996 ) ) ;
#5689 = ORIENTED_EDGE ( 'NONE', *, *, #4553, .F. ) ;
#5690 = EDGE_CURVE ( 'NONE', #551, #512, #5671, .T. ) ;
#5691 = ORIENTED_EDGE ( 'NONE', *, *, #781, .F. ) ;
#5692 = DIRECTION ( 'NONE',  ( 0.0000000000000000000, 0.5299989400031797082, 0.8479983040050880216 ) ) ;
#5693 = ADVANCED_BREP_SHAPE_REPRESENTATION ( 'FixationY_V2', ( #4274, #4740 ), #3506 ) ;
#5694 = EDGE_LOOP ( 'NONE', ( #453, #4273, #210, #5200, #3331, #1740 ) ) ;
#5695 = CARTESIAN_POINT ( 'NONE',  ( 9.180211733555088571, -45.35425865350546815, -11.36672221146017137 ) ) ;
#5696 = AXIS2_PLACEMENT_3D ( 'NONE', #45, #5006, #62 ) ;
#5697 = EDGE_LOOP ( 'NONE', ( #3269, #2034 ) ) ;
#5698 = EDGE_CURVE ( 'NONE', #1472, #1611, #5896, .T. ) ;
#5699 = ORIENTED_EDGE ( 'NONE', *, *, #3929, .T. ) ;
#5700 = CARTESIAN_POINT ( 'NONE',  ( 27.49999999999999645, -45.00000000000000711, -2.999999999999997335 ) ) ;
#5701 = VERTEX_POINT ( 'NONE', #2500 ) ;
#5702 = CARTESIAN_POINT ( 'NONE',  ( 55.00000000000000000, -44.00000000000001421, -12.39999999999999503 ) ) ;
#5703 = DIRECTION ( 'NONE',  ( 0.0000000000000000000, 0.0000000000000000000, -1.000000000000000000 ) ) ;
#5704 = ADVANCED_FACE ( 'NONE', ( #5188 ), #5408, .F. ) ;
#5705 = VERTEX_POINT ( 'NONE', #4731 ) ;
#5706 = PLANE ( 'NONE',  #1044 ) ;
#5707 = ORIENTED_EDGE ( 'NONE', *, *, #3667, .F. ) ;
#5708 = ORIENTED_EDGE ( 'NONE', *, *, #4397, .T. ) ;
#5709 = EDGE_CURVE ( 'NONE', #1759, #710, #2447, .T. ) ;
#5710 = CARTESIAN_POINT ( 'NONE',  ( 17.35537538441425198, 5.000000000000000000, -2.749999999999999112 ) ) ;
#5711 = VERTEX_POINT ( 'NONE', #5242 ) ;
#5712 = B_SPLINE_CURVE_WITH_KNOTS ( 'NONE', 3,
 ( #557, #2795, #155, #2360, #99, #1074, #3342, #4280, #134, #1523, #5179, #1001, #5594, #173, #1940, #609, #1017, #594, #576, #4730, #3728, #4258, #3749, #3789, #2858, #4653 ),
 .UNSPECIFIED., .F., .F.,
 ( 4, 2, 2, 2, 2, 2, 2, 2, 2, 2, 2, 2, 4 ),
 ( 0.002290161874716127414, 0.002575429675601695421, 0.002860697476487258223, 0.003431233078258389031, 0.003716500879143951400, 0.004001768680029513768, 0.004572304281800634168, 0.005142839883571754568, 0.005428107684457313467, 0.005713375485342873233, 0.006283911087113993633, 0.006569178887999553400, 0.006854446688885113166 ),
 .UNSPECIFIED. ) ;
#5713 = VECTOR ( 'NONE', #23, 1000.000000000000000 ) ;
#5714 = CARTESIAN_POINT ( 'NONE',  ( 1.633144816184085579, -29.37195715814398511, -19.13314481618408891 ) ) ;
#5715 = ORIENTED_EDGE ( 'NONE', *, *, #5744, .F. ) ;
#5716 = DIRECTION ( 'NONE',  ( 0.0000000000000000000, -0.5299989400031799303, 0.8479983040050880216 ) ) ;
#5717 = DIRECTION ( 'NONE',  ( 0.0000000000000000000, -1.000000000000000000, 0.0000000000000000000 ) ) ;
#5718 = VERTEX_POINT ( 'NONE', #3382 ) ;
#5719 = CARTESIAN_POINT ( 'NONE',  ( 41.99999999999999289, 0.0000000000000000000, -21.50000000000000000 ) ) ;
#5720 = CYLINDRICAL_SURFACE ( 'NONE', #3108, 1.449999999999999956 ) ;
#5721 = CARTESIAN_POINT ( 'NONE',  ( 40.55691705258031021, 5.193132516525906794, -7.270867253240736794 ) ) ;
#5722 = CARTESIAN_POINT ( 'NONE',  ( 42.92031809819267352, -0.6039188056118643955, -12.22021231649223871 ) ) ;
#5723 = LINE ( 'NONE', #1843, #5520 ) ;
#5724 = CARTESIAN_POINT ( 'NONE',  ( 15.89922916591712720, 3.550013026266034100, -14.99998935279788803 ) ) ;
#5725 = LINE ( 'NONE', #3900, #5805 ) ;
#5726 = VECTOR ( 'NONE', #5047, 1000.000000000000227 ) ;
#5727 = DIRECTION ( 'NONE',  ( 0.0000000000000000000, 0.5299989400031799303, -0.8479983040050880216 ) ) ;
#5728 = DIRECTION ( 'NONE',  ( 0.7071067811865524577, 0.0000000000000000000, -0.7071067811865425767 ) ) ;
#5729 = CARTESIAN_POINT ( 'NONE',  ( 43.50000000000000000, -4.999999999999999112, -17.99999999999998579 ) ) ;
#5730 = ADVANCED_FACE ( 'NONE', ( #3598 ), #1131, .F. ) ;
#5731 = AXIS2_PLACEMENT_3D ( 'NONE', #2265, #2197, #5853 ) ;
#5732 = EDGE_CURVE ( 'NONE', #1584, #482, #3821, .T. ) ;
#5733 = VECTOR ( 'NONE', #720, 1000.000000000000000 ) ;
#5734 = CARTESIAN_POINT ( 'NONE',  ( 54.50000000000000000, -2.500000000000002220, -5.204748896376250896E-15 ) ) ;
#5735 = FACE_OUTER_BOUND ( 'NONE', #679, .T. ) ;
#5736 = CARTESIAN_POINT ( 'NONE',  ( 33.50000000000000000, -40.00000000000000000, -7.127016653792590972 ) ) ;
#5737 = VECTOR ( 'NONE', #3020, 1000.000000000000000 ) ;
#5739 = CYLINDRICAL_SURFACE ( 'NONE', #5041, 8.000000000000001776 ) ;
#5738 = CARTESIAN_POINT ( 'NONE',  ( 25.64999999999999858, 5.000000000000000000, -6.516697645708021902 ) ) ;
#5740 = EDGE_LOOP ( 'NONE', ( #3337, #3304, #261, #2468 ) ) ;
#5741 = CARTESIAN_POINT ( 'NONE',  ( 7.666666666666557717, -39.33333333333332860, 3.833333333333384552 ) ) ;
#5742 = DIRECTION ( 'NONE',  ( 0.5773502691896337247, 0.5773502691896177375, 0.5773502691896257311 ) ) ;
#5743 = ORIENTED_EDGE ( 'NONE', *, *, #1558, .F. ) ;
#5744 = EDGE_CURVE ( 'NONE', #636, #5628, #2007, .T. ) ;
#5745 = PERSON_AND_ORGANIZATION ( #1148, #4178 ) ;
#5746 = PLANE ( 'NONE',  #1114 ) ;
#5747 = LINE ( 'NONE', #5845, #4247 ) ;
#5748 = ORIENTED_EDGE ( 'NONE', *, *, #2386, .T. ) ;
#5749 = PLANE ( 'NONE',  #2333 ) ;
#5750 = CARTESIAN_POINT ( 'NONE',  ( 49.00000000000000000, -18.50000000000000000, -12.14999999999999503 ) ) ;
#5751 = LINE ( 'NONE', #125, #4681 ) ;
#5752 = AXIS2_PLACEMENT_3D ( 'NONE', #176, #665, #5652 ) ;
#5753 = CARTESIAN_POINT ( 'NONE',  ( 9.001350769825496201, -73.13812778198470710, -12.11808351728165789 ) ) ;
#5754 = CARTESIAN_POINT ( 'NONE',  ( 45.80001217033466787, -75.39997218209114749, -10.90722784976671633 ) ) ;
#5755 = ORIENTED_EDGE ( 'NONE', *, *, #4444, .T. ) ;
#5756 = CARTESIAN_POINT ( 'NONE',  ( 0.5000000000000004441, 10.00000000000000000, -22.00000000000000000 ) ) ;
#5757 = CARTESIAN_POINT ( 'NONE',  ( 0.0000000000000000000, -79.00000000000001421, -0.5000000000000004441 ) ) ;
#5758 = CARTESIAN_POINT ( 'NONE',  ( 15.88999999999988688, 3.550003277438696703, -6.999999999999588773 ) ) ;
#5759 = AXIS2_PLACEMENT_3D ( 'NONE', #3832, #3444, #5229 ) ;
#5760 = CARTESIAN_POINT ( 'NONE',  ( 26.56890364814856653, 3.396912338323430092, -6.239127096213677781 ) ) ;
#5761 = CARTESIAN_POINT ( 'NONE',  ( 2.799975742312446947, -45.40005544614501787, -10.81571793990885766 ) ) ;
#5762 = DIRECTION ( 'NONE',  ( 1.000000000000000000, -0.0000000000000000000, -0.0000000000000000000 ) ) ;
#5763 = ADVANCED_FACE ( 'NONE', ( #824 ), #1520, .F. ) ;
#5764 = EDGE_LOOP ( 'NONE', ( #2535, #4213, #1112, #1042 ) ) ;
#5765 = DIRECTION ( 'NONE',  ( 1.000000000000000000, 0.0000000000000000000, 0.0000000000000000000 ) ) ;
#5766 = ORIENTED_EDGE ( 'NONE', *, *, #3243, .F. ) ;
#5767 = EDGE_LOOP ( 'NONE', ( #3116, #5358, #1273, #4123 ) ) ;
#5768 = CARTESIAN_POINT ( 'NONE',  ( 41.99999999999999289, 0.0000000000000000000, -13.76548368283018675 ) ) ;
#5769 = PLANE ( 'NONE',  #5842 ) ;
#5770 = EDGE_LOOP ( 'NONE', ( #5073, #5364 ) ) ;
#5771 = DIRECTION ( 'NONE',  ( 0.0000000000000000000, 0.0000000000000000000, 1.000000000000000000 ) ) ;
#5772 = EDGE_CURVE ( 'NONE', #5080, #2797, #595, .T. ) ;
#5773 = EDGE_LOOP ( 'NONE', ( #1070, #3554, #2542, #1474, #989 ) ) ;
#5774 = CARTESIAN_POINT ( 'NONE',  ( 28.97107436768822453, 3.871820580216280394, -6.377947239146516623 ) ) ;
#5775 = ORIENTED_EDGE ( 'NONE', *, *, #817, .T. ) ;
#5776 = CARTESIAN_POINT ( 'NONE',  ( 54.50000000000000711, -67.00000000000000000, -22.00000000000000000 ) ) ;
#5777 = CARTESIAN_POINT ( 'NONE',  ( 52.06385004289884222, -72.94601824108598009, -11.92595564441706557 ) ) ;
#5778 = VERTEX_POINT ( 'NONE', #4816 ) ;
#5779 = VERTEX_POINT ( 'NONE', #3499 ) ;
#5780 = EDGE_CURVE ( 'NONE', #2583, #2964, #3233, .T. ) ;
#5781 = EDGE_LOOP ( 'NONE', ( #1121, #5836, #5190, #3319, #1681, #2115, #961 ) ) ;
#5782 = CARTESIAN_POINT ( 'NONE',  ( 39.84122176609400157, 6.264523836528597123, -7.063464492957730378 ) ) ;
#5783 = VERTEX_POINT ( 'NONE', #3000 ) ;
#5784 = CARTESIAN_POINT ( 'NONE',  ( 2.816906789884783713, -45.36243319523981654, -10.62946975331709609 ) ) ;
#5785 = CARTESIAN_POINT ( 'NONE',  ( 25.64999999999999858, 5.000000000000000000, -27.00000000000000355 ) ) ;
#5786 = ORIENTED_EDGE ( 'NONE', *, *, #2291, .T. ) ;
#5787 = DIRECTION ( 'NONE',  ( -0.7071067811865487940, 0.5996253511966881389, 0.3747658444979299897 ) ) ;
#5788 = EDGE_CURVE ( 'NONE', #5779, #5907, #484, .T. ) ;
#5789 = CARTESIAN_POINT ( 'NONE',  ( 34.23084505333287808, -39.69274700545111756, -6.673065274953421167 ) ) ;
#5790 = FACE_OUTER_BOUND ( 'NONE', #5610, .T. ) ;
#5791 = EDGE_CURVE ( 'NONE', #3033, #3389, #676, .T. ) ;
#5792 = CARTESIAN_POINT ( 'NONE',  ( 11.49999999999999645, 10.00000000000000000, 0.0000000000000000000 ) ) ;
#5793 = CARTESIAN_POINT ( 'NONE',  ( 54.50000000000000000, -4.999999999999999112, -17.99999999999998579 ) ) ;
#5794 = ORIENTED_EDGE ( 'NONE', *, *, #1076, .T. ) ;
#5795 = DIRECTION ( 'NONE',  ( 0.0000000000000000000, 0.0000000000000000000, 1.000000000000000000 ) ) ;
#5796 = CARTESIAN_POINT ( 'NONE',  ( 45.87780566287442241, -75.21255529652906091, -10.29437288348808899 ) ) ;
#5797 = CIRCLE ( 'NONE', #5799, 1.449999999999999956 ) ;
#5798 = CARTESIAN_POINT ( 'NONE',  ( 51.87749891398765811, -73.81257962566235165, -12.40000000000000036 ) ) ;
#5799 = AXIS2_PLACEMENT_3D ( 'NONE', #3231, #2277, #492 ) ;
#5800 = DIRECTION ( 'NONE',  ( 1.000000000000000000, 0.0000000000000000000, 0.0000000000000000000 ) ) ;
#5801 = LINE ( 'NONE', #2712, #3793 ) ;
#5802 = CARTESIAN_POINT ( 'NONE',  ( 25.64999999999999503, 4.878464016147906257, -6.516697645708020126 ) ) ;
#5803 = CARTESIAN_POINT ( 'NONE',  ( 42.59743777100032958, -0.1898928609401569767, -12.96790626684199310 ) ) ;
#5804 = DIRECTION ( 'NONE',  ( 0.0000000000000000000, -1.000000000000000000, 0.0000000000000000000 ) ) ;
#5805 = VECTOR ( 'NONE', #4847, 1000.000000000000000 ) ;
#5806 = CYLINDRICAL_SURFACE ( 'NONE', #3099, 3.999999999999999112 ) ;
#5807 = CARTESIAN_POINT ( 'NONE',  ( 27.50000000000000000, 5.000000000000000000, -22.00000000000000000 ) ) ;
#5808 = CARTESIAN_POINT ( 'NONE',  ( 39.10846225645851604, 3.550000007927287093, -6.999999999999998224 ) ) ;
#5809 = CARTESIAN_POINT ( 'NONE',  ( 43.00000000000000000, -15.00000000000000000, -0.4999999999999935052 ) ) ;
#5810 = CARTESIAN_POINT ( 'NONE',  ( 52.12525641071523097, -75.22120767197581870, -11.70844876775138843 ) ) ;
#5811 = CARTESIAN_POINT ( 'NONE',  ( 38.72049212154620079, 3.595854811696479914, -14.98209618557263134 ) ) ;
#5812 = VECTOR ( 'NONE', #867, 1000.000000000000000 ) ;
#5813 = LINE ( 'NONE', #4294, #1089 ) ;
#5814 = VERTEX_POINT ( 'NONE', #788 ) ;
#5815 = CARTESIAN_POINT ( 'NONE',  ( 9.122204296514087929, -72.78741506117731319, -10.29440005481759002 ) ) ;
#5816 = CARTESIAN_POINT ( 'NONE',  ( 15.88999999999999702, 10.00000000000000000, -11.00000000000000000 ) ) ;
#5817 = AXIS2_PLACEMENT_3D ( 'NONE', #5234, #1085, #5659 ) ;
#5818 = EDGE_CURVE ( 'NONE', #4423, #4396, #264, .T. ) ;
#5819 = CARTESIAN_POINT ( 'NONE',  ( 46.66666666666667140, 3.666666666666575036, -25.16666666666662522 ) ) ;
#5820 = CYLINDRICAL_SURFACE ( 'NONE', #3259, 1.850000000000000977 ) ;
#5821 = DIRECTION ( 'NONE',  ( 0.0000000000000000000, -1.000000000000000000, 0.0000000000000000000 ) ) ;
#5822 = CARTESIAN_POINT ( 'NONE',  ( 14.44310690681061615, 4.809718878488829397, -7.270857956910105280 ) ) ;
#5823 = EDGE_LOOP ( 'NONE', ( #5634, #1022 ) ) ;
#5824 = CARTESIAN_POINT ( 'NONE',  ( 0.4999999999999935052, -30.00000000000000355, -4.000000000000004441 ) ) ;
#5825 = CIRCLE ( 'NONE', #1715, 3.000000000000002665 ) ;
#5826 = DIRECTION ( 'NONE',  ( 1.000000000000000000, -0.0000000000000000000, -0.0000000000000000000 ) ) ;
#5827 = EDGE_CURVE ( 'NONE', #5865, #2174, #3880, .T. ) ;
#5828 = ADVANCED_FACE ( 'NONE', ( #546 ), #3372, .F. ) ;
#5829 = EDGE_LOOP ( 'NONE', ( #5602, #4276, #367, #1958 ) ) ;
#5830 = FACE_OUTER_BOUND ( 'NONE', #5694, .T. ) ;
#5831 = CARTESIAN_POINT ( 'NONE',  ( 43.00000000000000000, -18.12062836548568256, 1.950392728428556044 ) ) ;
#5832 = CARTESIAN_POINT ( 'NONE',  ( 52.08427475350990221, -75.11128531697858079, -10.14368044516032263 ) ) ;
#5833 = VERTEX_POINT ( 'NONE', #3911 ) ;
#5834 = CARTESIAN_POINT ( 'NONE',  ( 28.63021750369977880, 3.530447648913829450, -15.71758056513093038 ) ) ;
#5835 = DIRECTION ( 'NONE',  ( 0.0000000000000000000, 1.000000000000000000, 0.0000000000000000000 ) ) ;
#5836 = ORIENTED_EDGE ( 'NONE', *, *, #3115, .T. ) ;
#5837 = DIRECTION ( 'NONE',  ( 0.0000000000000000000, 1.000000000000000000, 0.0000000000000000000 ) ) ;
#5838 = VERTEX_POINT ( 'NONE', #1233 ) ;
#5839 = CARTESIAN_POINT ( 'NONE',  ( 12.00000000000000355, -44.00000000000001421, -10.99999999999999645 ) ) ;
#5840 = DIRECTION ( 'NONE',  ( 0.0000000000000000000, 1.000000000000000000, 0.0000000000000000000 ) ) ;
#5841 = ORIENTED_EDGE ( 'NONE', *, *, #968, .T. ) ;
#5842 = AXIS2_PLACEMENT_3D ( 'NONE', #1581, #316, #255 ) ;
#5843 = CARTESIAN_POINT ( 'NONE',  ( 14.45537538441425340, 5.000000000000000000, -18.00000000000000000 ) ) ;
#5844 = ORIENTED_EDGE ( 'NONE', *, *, #4828, .T. ) ;
#5845 = CARTESIAN_POINT ( 'NONE',  ( 12.00000000000000355, -74.00000000000001421, -9.599999999999997868 ) ) ;
#5846 = VERTEX_POINT ( 'NONE', #277 ) ;
#5847 = ORIENTED_EDGE ( 'NONE', *, *, #58, .F. ) ;
#5848 = PLANE ( 'NONE',  #4580 ) ;
#5849 = ORIENTED_EDGE ( 'NONE', *, *, #4261, .F. ) ;
#5850 = CARTESIAN_POINT ( 'NONE',  ( 27.50000000000000000, -62.00000000000000711, -10.99999999999999645 ) ) ;
#5851 = PLANE ( 'NONE',  #4502 ) ;
#5852 = ORIENTED_EDGE ( 'NONE', *, *, #2710, .F. ) ;
#5853 = DIRECTION ( 'NONE',  ( -1.000000000000000000, 0.0000000000000000000, 0.0000000000000000000 ) ) ;
#5854 = EDGE_CURVE ( 'NONE', #5134, #5217, #4966, .T. ) ;
#5855 = ORIENTED_EDGE ( 'NONE', *, *, #3697, .F. ) ;
#5856 = DIRECTION ( 'NONE',  ( -0.7071067811865426878, 0.7071067811865524577, -9.905085388176745461E-15 ) ) ;
#5857 = ORIENTED_EDGE ( 'NONE', *, *, #4262, .T. ) ;
#5858 = CARTESIAN_POINT ( 'NONE',  ( 27.49999999999999645, -45.00000000000000711, -11.00000000000000000 ) ) ;
#5859 = EDGE_LOOP ( 'NONE', ( #3347, #4146, #981, #4776 ) ) ;
#5860 = CARTESIAN_POINT ( 'NONE',  ( 18.00657452808560777, 1.106253586481571460, -15.49342547191430164 ) ) ;
#5861 = CYLINDRICAL_SURFACE ( 'NONE', #5759, 3.000000000000002665 ) ;
#5862 = EDGE_CURVE ( 'NONE', #1095, #1965, #5224, .T. ) ;
#5863 = ORIENTED_EDGE ( 'NONE', *, *, #3044, .F. ) ;
#5864 = CARTESIAN_POINT ( 'NONE',  ( 49.00000000000000000, -18.50000000000001776, -11.00000000000000000 ) ) ;
#5865 = VERTEX_POINT ( 'NONE', #2141 ) ;
#5866 = DIRECTION ( 'NONE',  ( -1.000000000000000000, 0.0000000000000000000, 0.0000000000000000000 ) ) ;
#5867 = CARTESIAN_POINT ( 'NONE',  ( -13.00000000000003197, -30.00000000000000711, -17.99999999999998579 ) ) ;
#5868 = FACE_OUTER_BOUND ( 'NONE', #5505, .T. ) ;
#5869 = CARTESIAN_POINT ( 'NONE',  ( 11.49999999999999645, -35.00000000000000000, -22.00000000000000000 ) ) ;
#5870 = EDGE_CURVE ( 'NONE', #3413, #2188, #1939, .T. ) ;
#5871 = CARTESIAN_POINT ( 'NONE',  ( 34.31423129713390807, -39.59766866423868237, -6.806723176927268248 ) ) ;
#5872 = DIRECTION ( 'NONE',  ( 0.0000000000000000000, 1.000000000000000000, 0.0000000000000000000 ) ) ;
#5873 = VECTOR ( 'NONE', #4498, 1000.000000000000000 ) ;
#5874 = DIRECTION ( 'NONE',  ( -1.000000000000000000, 0.0000000000000000000, -0.0000000000000000000 ) ) ;
#5875 = CARTESIAN_POINT ( 'NONE',  ( 17.20649672366755922, 4.352939213586780376, -14.77734887372365513 ) ) ;
#5876 = CARTESIAN_POINT ( 'NONE',  ( 9.199987829665319694, -72.60002781790888093, -11.09277215023327834 ) ) ;
#5877 = DIRECTION ( 'NONE',  ( 1.000000000000000000, 0.0000000000000000000, 0.0000000000000000000 ) ) ;
#5878 = VECTOR ( 'NONE', #5297, 1000.000000000000000 ) ;
#5879 = CARTESIAN_POINT ( 'NONE',  ( 0.2500000000000002220, 9.500000000000000000, -21.75000000000000355 ) ) ;
#5880 = CIRCLE ( 'NONE', #1641, 1.850000000000000977 ) ;
#5881 = CARTESIAN_POINT ( 'NONE',  ( 12.99999999999999822, 0.0000000000000000000, -21.50000000000000000 ) ) ;
#5882 = DIRECTION ( 'NONE',  ( -0.0000000000000000000, -0.0000000000000000000, 1.000000000000000000 ) ) ;
#5884 = LINE ( 'NONE', #2570, #1438 ) ;
#5883 = CARTESIAN_POINT ( 'NONE',  ( 15.88999999999999702, 2.000000000000000000, -15.00000000000000000 ) ) ;
#5885 = CIRCLE ( 'NONE', #1346, 1.449999999999999956 ) ;
#5886 = DIRECTION ( 'NONE',  ( 0.0000000000000000000, 1.000000000000000000, 0.0000000000000000000 ) ) ;
#5887 = VECTOR ( 'NONE', #3160, 999.9999999999998863 ) ;
#5888 = DIRECTION ( 'NONE',  ( 1.000000000000000000, 0.0000000000000000000, 0.0000000000000000000 ) ) ;
#5889 = EDGE_CURVE ( 'NONE', #4129, #4197, #3012, .T. ) ;
#5890 = CIRCLE ( 'NONE', #3802, 3.199999999999999734 ) ;
#5891 = LINE ( 'NONE', #3859, #4108 ) ;
#5892 = CARTESIAN_POINT ( 'NONE',  ( 45.86024955998087904, -45.25660880425739663, -10.37606997411300647 ) ) ;
#5893 = ORIENTED_EDGE ( 'NONE', *, *, #5283, .T. ) ;
#5894 = CARTESIAN_POINT ( 'NONE',  ( 15.89922916591697266, 3.550013026266034988, -2.749999999999999112 ) ) ;
#5895 = DIRECTION ( 'NONE',  ( 1.000000000000000000, -0.0000000000000000000, -0.0000000000000000000 ) ) ;
#5896 = LINE ( 'NONE', #579, #4820 ) ;
#5897 = ADVANCED_FACE ( 'NONE', ( #1237 ), #4464, .F. ) ;
#5898 = FACE_OUTER_BOUND ( 'NONE', #3820, .T. ) ;
#5899 = CARTESIAN_POINT ( 'NONE',  ( 17.16090936187086768, 5.731453811205366122, -7.206868728834942672 ) ) ;
#5900 = APPROVAL_STATUS ( 'not_yet_approved' ) ;
#5901 = AXIS2_PLACEMENT_3D ( 'NONE', #3755, #2445, #3403 ) ;
#5902 = ORIENTED_EDGE ( 'NONE', *, *, #52, .T. ) ;
#5903 = EDGE_CURVE ( 'NONE', #3036, #4505, #4886, .T. ) ;
#5904 = CARTESIAN_POINT ( 'NONE',  ( 12.99999999999999822, 0.0000000000000000000, -13.76548368283017609 ) ) ;
#5905 = VECTOR ( 'NONE', #4193, 1000.000000000000000 ) ;
#5906 = CARTESIAN_POINT ( 'NONE',  ( 43.00000000000000000, -32.77712382075354469, -21.50000000000000355 ) ) ;
#5907 = VERTEX_POINT ( 'NONE', #4978 ) ;
#5908 = CARTESIAN_POINT ( 'NONE',  ( 55.00000000000000000, 10.00000000000000000, -0.5000000000000004441 ) ) ;
#5909 = PLANE ( 'NONE',  #2147 ) ;
#5910 = FACE_OUTER_BOUND ( 'NONE', #436, .T. ) ;
#5911 = EDGE_CURVE ( 'NONE', #3912, #2047, #1093, .T. ) ;
#5912 = EDGE_CURVE ( 'NONE', #59, #2583, #4313, .T. ) ;
#5913 = CARTESIAN_POINT ( 'NONE',  ( 27.49999999999999645, 10.00000000000000000, -6.150000000000001243 ) ) ;
#5914 = ORIENTED_EDGE ( 'NONE', *, *, #1301, .F. ) ;
#5915 = DIRECTION ( 'NONE',  ( -0.0000000000000000000, -1.000000000000000000, -0.0000000000000000000 ) ) ;
#5916 = CARTESIAN_POINT ( 'NONE',  ( 2.998930491516350827, -43.13915652257929878, -12.11874566413739451 ) ) ;
#5917 = VERTEX_POINT ( 'NONE', #5448 ) ;
#5918 = CARTESIAN_POINT ( 'NONE',  ( 17.35537538441425554, 4.806007576379848878, -14.72191818592950519 ) ) ;
#5919 = ORIENTED_EDGE ( 'NONE', *, *, #3215, .F. ) ;
ENDSEC;
END-ISO-10303-21;
