ISO-10303-21;
HEADER;
FILE_DESCRIPTION (( 'STEP AP203' ),
    '1' );
FILE_NAME ('hinge for holder.STEP',
    '2019-12-13T12:08:54',
    ( '' ),
    ( '' ),
    'SwSTEP 2.0',
    'SolidWorks 2018',
    '' );
FILE_SCHEMA (( 'CONFIG_CONTROL_DESIGN' ));
ENDSEC;

DATA;
#1 = ORIENTED_EDGE ( 'NONE', *, *, #1875, .T. ) ;
#2 = EDGE_CURVE ( 'NONE', #179, #256, #1045, .T. ) ;
#3 = EDGE_LOOP ( 'NONE', ( #979, #1933, #2424, #510, #240, #2391, #574, #1532, #1413, #2113, #1811, #45, #823, #765, #2104, #1574, #1994, #2083, #1879, #2119, #1183, #1764, #270, #1892, #2233, #334, #2151, #805 ) ) ;
#4 = CARTESIAN_POINT ( 'NONE',  ( 8.999999999999998224, 4.000000000000000000, -8.499999999999998224 ) ) ;
#5 = CARTESIAN_POINT ( 'NONE',  ( 17.50000000000000000, 0.0000000000000000000, -2.000000000000000000 ) ) ;
#6 = EDGE_LOOP ( 'NONE', ( #1917, #300, #408, #1100 ) ) ;
#7 = AXIS2_PLACEMENT_3D ( 'NONE', #2148, #472, #2326 ) ;
#8 = VERTEX_POINT ( 'NONE', #1738 ) ;
#9 = CARTESIAN_POINT ( 'NONE',  ( 4.999999999999997335, 4.000000000000000000, -8.499999999999998224 ) ) ;
#10 = DIRECTION ( 'NONE',  ( 0.0000000000000000000, 0.0000000000000000000, 1.000000000000000000 ) ) ;
#11 = EDGE_CURVE ( 'NONE', #2002, #1715, #76, .T. ) ;
#12 = DATE_AND_TIME ( #522, #1076 ) ;
#13 = VECTOR ( 'NONE', #648, 1000.000000000000000 ) ;
#14 = ORIENTED_EDGE ( 'NONE', *, *, #2105, .T. ) ;
#15 = CIRCLE ( 'NONE', #536, 0.5000000000000004441 ) ;
#16 = CIRCLE ( 'NONE', #2065, 1.400000000000000133 ) ;
#17 = EDGE_CURVE ( 'NONE', #1021, #1842, #1291, .T. ) ;
#18 = ORIENTED_EDGE ( 'NONE', *, *, #1760, .F. ) ;
#19 = CARTESIAN_POINT ( 'NONE',  ( 2.800000000000000266, 4.000000000000000000, -10.00000000000000000 ) ) ;
#20 = AXIS2_PLACEMENT_3D ( 'NONE', #1909, #37, #1350 ) ;
#21 = CARTESIAN_POINT ( 'NONE',  ( 5.000000000000000000, 4.000000000000000000, -2.923344034270479952 ) ) ;
#22 = LINE ( 'NONE', #1957, #783 ) ;
#23 = ORIENTED_EDGE ( 'NONE', *, *, #534, .T. ) ;
#24 = AXIS2_PLACEMENT_3D ( 'NONE', #315, #2171, #1001 ) ;
#25 = EDGE_LOOP ( 'NONE', ( #265, #206 ) ) ;
#26 = EDGE_LOOP ( 'NONE', ( #2087, #1613, #745, #379 ) ) ;
#27 = DIRECTION ( 'NONE',  ( 0.0000000000000000000, 0.0000000000000000000, 1.000000000000000000 ) ) ;
#28 = EDGE_CURVE ( 'NONE', #1722, #2337, #698, .T. ) ;
#29 = CARTESIAN_POINT ( 'NONE',  ( 26.00000000000000000, 8.000000000000000000, -5.000000000000000000 ) ) ;
#30 = CC_DESIGN_SECURITY_CLASSIFICATION ( #715, ( #1652 ) ) ;
#31 = ORIENTED_EDGE ( 'NONE', *, *, #2106, .F. ) ;
#32 = PLANE ( 'NONE',  #2420 ) ;
#33 = DIRECTION ( 'NONE',  ( 1.000000000000000000, 0.0000000000000000000, 0.0000000000000000000 ) ) ;
#34 = CIRCLE ( 'NONE', #839, 0.5000000000000000000 ) ;
#35 = DIRECTION ( 'NONE',  ( 1.000000000000000000, -0.0000000000000000000, -8.673617379884034239E-17 ) ) ;
#36 = DIRECTION ( 'NONE',  ( 0.0000000000000000000, -1.000000000000000000, 0.0000000000000000000 ) ) ;
#37 = DIRECTION ( 'NONE',  ( 0.0000000000000000000, -1.000000000000000000, 0.0000000000000000000 ) ) ;
#38 = FACE_OUTER_BOUND ( 'NONE', #1426, .T. ) ;
#39 = EDGE_CURVE ( 'NONE', #1391, #1512, #135, .T. ) ;
#40 = APPROVAL_DATE_TIME ( #1835, #1120 ) ;
#41 = CIRCLE ( 'NONE', #688, 1.400000000000000133 ) ;
#42 = EDGE_CURVE ( 'NONE', #2075, #121, #1405, .T. ) ;
#43 = ORIENTED_EDGE ( 'NONE', *, *, #1717, .F. ) ;
#44 = CIRCLE ( 'NONE', #2214, 4.000000000000000000 ) ;
#45 = ORIENTED_EDGE ( 'NONE', *, *, #1578, .F. ) ;
#46 = CARTESIAN_POINT ( 'NONE',  ( 17.50000000000000000, -3.000000000000000000, -2.000000000000000000 ) ) ;
#47 = VECTOR ( 'NONE', #1237, 1000.000000000000000 ) ;
#48 = CYLINDRICAL_SURFACE ( 'NONE', #1832, 2.999999999999999556 ) ;
#49 = DIRECTION ( 'NONE',  ( -2.478176394252581634E-16, 0.0000000000000000000, -1.000000000000000000 ) ) ;
#50 = CARTESIAN_POINT ( 'NONE',  ( 24.75000000000000355, 8.000000000000000000, -5.000000000000000000 ) ) ;
#51 = AXIS2_PLACEMENT_3D ( 'NONE', #1861, #542, #2260 ) ;
#52 = ORIENTED_EDGE ( 'NONE', *, *, #2208, .T. ) ;
#53 = VERTEX_POINT ( 'NONE', #1535 ) ;
#54 = DIRECTION ( 'NONE',  ( 1.084202172485504434E-16, 0.0000000000000000000, 1.000000000000000000 ) ) ;
#55 = ADVANCED_FACE ( 'NONE', ( #576 ), #780, .F. ) ;
#56 = CARTESIAN_POINT ( 'NONE',  ( 23.19999999999999929, 4.000000000000000000, 0.0000000000000000000 ) ) ;
#57 = ORIENTED_EDGE ( 'NONE', *, *, #512, .T. ) ;
#58 = VERTEX_POINT ( 'NONE', #1940 ) ;
#59 = DIRECTION ( 'NONE',  ( 0.0000000000000000000, -1.000000000000000000, 0.0000000000000000000 ) ) ;
#60 = EDGE_CURVE ( 'NONE', #2317, #1021, #1160, .T. ) ;
#61 = DIRECTION ( 'NONE',  ( -0.0000000000000000000, -1.000000000000000000, -0.0000000000000000000 ) ) ;
#62 = AXIS2_PLACEMENT_3D ( 'NONE', #659, #671, #643 ) ;
#63 = AXIS2_PLACEMENT_3D ( 'NONE', #312, #485, #2170 ) ;
#64 = CARTESIAN_POINT ( 'NONE',  ( 30.00000000000000000, 13.50000000000000000, -8.500000000000000000 ) ) ;
#65 = EDGE_LOOP ( 'NONE', ( #1468, #799, #532, #728 ) ) ;
#66 = ADVANCED_FACE ( 'NONE', ( #217 ), #1721, .F. ) ;
#67 = CARTESIAN_POINT ( 'NONE',  ( 2.500000000000000000, 4.000000000000000000, -5.000000000000000000 ) ) ;
#68 = CARTESIAN_POINT ( 'NONE',  ( 2.800000000000000266, 5.000000000000000000, -10.00000000000000000 ) ) ;
#69 = CARTESIAN_POINT ( 'NONE',  ( 13.00000000000002132, 13.50000000000000000, -2.950000000000000622 ) ) ;
#70 = PERSON_AND_ORGANIZATION ( #2418, #1316 ) ;
#71 = FACE_OUTER_BOUND ( 'NONE', #963, .T. ) ;
#72 = ORIENTED_EDGE ( 'NONE', *, *, #2281, .T. ) ;
#73 = PLANE ( 'NONE',  #2261 ) ;
#74 = CARTESIAN_POINT ( 'NONE',  ( 2.800000000000001155, 5.000000000000000000, -1.763875774943118202 ) ) ;
#75 = FACE_OUTER_BOUND ( 'NONE', #429, .T. ) ;
#76 = LINE ( 'NONE', #1166, #1196 ) ;
#77 = EDGE_LOOP ( 'NONE', ( #1118, #2297, #151, #1795 ) ) ;
#78 = EDGE_CURVE ( 'NONE', #856, #562, #2015, .T. ) ;
#79 = FACE_OUTER_BOUND ( 'NONE', #935, .T. ) ;
#80 = VECTOR ( 'NONE', #1102, 1000.000000000000000 ) ;
#81 = DIRECTION ( 'NONE',  ( -0.0000000000000000000, -0.0000000000000000000, 1.000000000000000000 ) ) ;
#82 = DIRECTION ( 'NONE',  ( 1.000000000000000000, -0.0000000000000000000, -0.0000000000000000000 ) ) ;
#83 = DIRECTION ( 'NONE',  ( 0.0000000000000000000, 0.0000000000000000000, -1.000000000000000000 ) ) ;
#84 = CARTESIAN_POINT ( 'NONE',  ( 0.0000000000000000000, 0.0000000000000000000, -10.00000000000000000 ) ) ;
#85 = ORIENTED_EDGE ( 'NONE', *, *, #1939, .F. ) ;
#86 = CARTESIAN_POINT ( 'NONE',  ( 23.19999999999999929, 5.000000000000000000, -8.236124225056865811 ) ) ;
#87 = VERTEX_POINT ( 'NONE', #2143 ) ;
#88 = CARTESIAN_POINT ( 'NONE',  ( 0.0000000000000000000, 0.0000000000000000000, 0.0000000000000000000 ) ) ;
#89 = CARTESIAN_POINT ( 'NONE',  ( 23.19999999999999929, 13.50000000000000000, -5.000000000000000000 ) ) ;
#90 = EDGE_CURVE ( 'NONE', #2389, #1280, #2198, .T. ) ;
#91 = VERTEX_POINT ( 'NONE', #1753 ) ;
#92 = DIRECTION ( 'NONE',  ( 0.0000000000000000000, -1.000000000000000000, 0.0000000000000000000 ) ) ;
#93 = EDGE_CURVE ( 'NONE', #1339, #2004, #461, .T. ) ;
#94 = CARTESIAN_POINT ( 'NONE',  ( 2.500000000000000000, 5.000000000000000000, -5.000000000000000000 ) ) ;
#95 = EDGE_LOOP ( 'NONE', ( #449, #480, #564, #1124 ) ) ;
#96 = ADVANCED_FACE ( 'NONE', ( #905 ), #2133, .F. ) ;
#97 = DIRECTION ( 'NONE',  ( 1.000000000000000000, 0.0000000000000000000, 0.0000000000000000000 ) ) ;
#98 = ORIENTED_EDGE ( 'NONE', *, *, #557, .F. ) ;
#99 = DIRECTION ( 'NONE',  ( 1.000000000000000000, -0.0000000000000000000, -0.0000000000000000000 ) ) ;
#100 = AXIS2_PLACEMENT_3D ( 'NONE', #89, #2180, #2366 ) ;
#101 = DIRECTION ( 'NONE',  ( -0.0000000000000000000, -1.000000000000000000, -0.0000000000000000000 ) ) ;
#102 = DIRECTION ( 'NONE',  ( -1.000000000000000000, 0.0000000000000000000, 0.0000000000000000000 ) ) ;
#103 = AXIS2_PLACEMENT_3D ( 'NONE', #1455, #884, #869 ) ;
#104 = CIRCLE ( 'NONE', #192, 0.5000000000000000000 ) ;
#105 = CARTESIAN_POINT ( 'NONE',  ( 17.50000000000000000, 4.000000000000000000, -2.000000000000000000 ) ) ;
#106 = DIRECTION ( 'NONE',  ( -1.000000000000000000, 0.0000000000000000000, 0.0000000000000000000 ) ) ;
#107 = VECTOR ( 'NONE', #2102, 1000.000000000000000 ) ;
#108 = CIRCLE ( 'NONE', #717, 2.099999999999999645 ) ;
#109 = CARTESIAN_POINT ( 'NONE',  ( 0.0000000000000000000, 0.0000000000000000000, 0.0000000000000000000 ) ) ;
#110 = ORIENTED_EDGE ( 'NONE', *, *, #1773, .T. ) ;
#111 = ORIENTED_EDGE ( 'NONE', *, *, #415, .T. ) ;
#112 = CARTESIAN_POINT ( 'NONE',  ( 30.00000000000000000, 13.50000000000000000, -1.499999999999999112 ) ) ;
#113 = CYLINDRICAL_SURFACE ( 'NONE', #1585, 1.000000000000000888 ) ;
#114 = CYLINDRICAL_SURFACE ( 'NONE', #2215, 3.500000000000000444 ) ;
#115 = CARTESIAN_POINT ( 'NONE',  ( 23.19999999999999929, 5.000000000000000000, -10.00000000000000000 ) ) ;
#116 = ORIENTED_EDGE ( 'NONE', *, *, #623, .T. ) ;
#117 = EDGE_CURVE ( 'NONE', #2268, #1886, #757, .T. ) ;
#118 = DIRECTION ( 'NONE',  ( -0.0000000000000000000, -1.000000000000000000, -0.0000000000000000000 ) ) ;
#119 = DIRECTION ( 'NONE',  ( 1.000000000000000000, -0.0000000000000000000, 0.0000000000000000000 ) ) ;
#120 = DIRECTION ( 'NONE',  ( 0.0000000000000000000, 0.0000000000000000000, 1.000000000000000000 ) ) ;
#121 = VERTEX_POINT ( 'NONE', #1398 ) ;
#122 = CARTESIAN_POINT ( 'NONE',  ( 0.0000000000000000000, 12.00000000000000000, -6.000000000000000000 ) ) ;
#123 = CARTESIAN_POINT ( 'NONE',  ( 0.0000000000000000000, 12.00000000000000000, 0.0000000000000000000 ) ) ;
#124 = ORIENTED_EDGE ( 'NONE', *, *, #898, .F. ) ;
#125 = CARTESIAN_POINT ( 'NONE',  ( 9.000000000000000000, 4.000000000000000000, -1.999999999999999112 ) ) ;
#126 = EDGE_CURVE ( 'NONE', #1883, #1143, #1347, .T. ) ;
#127 = ORIENTED_EDGE ( 'NONE', *, *, #1461, .F. ) ;
#128 = ADVANCED_FACE ( 'NONE', ( #2100 ), #407, .T. ) ;
#129 = DIRECTION ( 'NONE',  ( 0.0000000000000000000, -1.000000000000000000, 0.0000000000000000000 ) ) ;
#130 = COORDINATED_UNIVERSAL_TIME_OFFSET ( 0, 0, .AHEAD. ) ;
#131 = FACE_OUTER_BOUND ( 'NONE', #2101, .T. ) ;
#132 = VERTEX_POINT ( 'NONE', #177 ) ;
#133 = DESIGN_CONTEXT ( 'detailed design', #722, 'design' ) ;
#134 = VECTOR ( 'NONE', #937, 1000.000000000000000 ) ;
#135 = LINE ( 'NONE', #1560, #280 ) ;
#136 = EDGE_LOOP ( 'NONE', ( #954, #2379 ) ) ;
#137 = LINE ( 'NONE', #1424, #760 ) ;
#138 = FACE_OUTER_BOUND ( 'NONE', #77, .T. ) ;
#139 = EDGE_CURVE ( 'NONE', #1143, #397, #1699, .T. ) ;
#140 = DIRECTION ( 'NONE',  ( 0.0000000000000000000, 0.0000000000000000000, -1.000000000000000000 ) ) ;
#141 = EDGE_LOOP ( 'NONE', ( #566, #867, #1740, #876 ) ) ;
#142 = EDGE_CURVE ( 'NONE', #1303, #53, #16, .T. ) ;
#143 = DIRECTION ( 'NONE',  ( 8.673617379884034239E-17, -0.0000000000000000000, 1.000000000000000000 ) ) ;
#144 = AXIS2_PLACEMENT_3D ( 'NONE', #2125, #2314, #1213 ) ;
#145 = ORIENTED_EDGE ( 'NONE', *, *, #171, .F. ) ;
#146 = DIRECTION ( 'NONE',  ( 0.0000000000000000000, -0.0000000000000000000, 1.000000000000000000 ) ) ;
#147 = AXIS2_PLACEMENT_3D ( 'NONE', #2431, #548, #1094 ) ;
#148 = CARTESIAN_POINT ( 'NONE',  ( 23.49999999999999645, 5.000000000000000000, -4.999999999999985789 ) ) ;
#149 = AXIS2_PLACEMENT_3D ( 'NONE', #249, #647, #1393 ) ;
#150 = CARTESIAN_POINT ( 'NONE',  ( 21.00000000000000000, 4.000000000000000000, -2.000000000000000000 ) ) ;
#151 = ORIENTED_EDGE ( 'NONE', *, *, #2028, .T. ) ;
#152 = DIRECTION ( 'NONE',  ( 1.000000000000000000, -0.0000000000000000000, -0.0000000000000000000 ) ) ;
#153 = ORIENTED_EDGE ( 'NONE', *, *, #261, .T. ) ;
#154 = DIRECTION ( 'NONE',  ( 0.0000000000000000000, -1.000000000000000000, -0.0000000000000000000 ) ) ;
#155 = ORIENTED_EDGE ( 'NONE', *, *, #623, .F. ) ;
#156 = APPROVAL_STATUS ( 'not_yet_approved' ) ;
#157 = EDGE_CURVE ( 'NONE', #1214, #525, #1528, .T. ) ;
#158 = B_SPLINE_CURVE_WITH_KNOTS ( 'NONE', 3,
 ( #1459, #332, #518, #895, #741, #2438 ),
 .UNSPECIFIED., .F., .F.,
 ( 4, 2, 4 ),
 ( 0.001200390328530806907, 0.001561134750268479768, 0.001921879172006152412 ),
 .UNSPECIFIED. ) ;
#159 = DIRECTION ( 'NONE',  ( 1.000000000000000000, -0.0000000000000000000, -0.0000000000000000000 ) ) ;
#160 = CARTESIAN_POINT ( 'NONE',  ( 4.999999999999997335, -3.000000000000000000, -8.499999999999998224 ) ) ;
#161 = CIRCLE ( 'NONE', #1483, 3.500000000000000888 ) ;
#162 = ORIENTED_EDGE ( 'NONE', *, *, #1692, .F. ) ;
#163 = LINE ( 'NONE', #1122, #134 ) ;
#164 = LINE ( 'NONE', #1064, #2132 ) ;
#165 = ORIENTED_EDGE ( 'NONE', *, *, #1313, .F. ) ;
#166 = VECTOR ( 'NONE', #1797, 1000.000000000000000 ) ;
#167 = ORIENTED_EDGE ( 'NONE', *, *, #857, .T. ) ;
#168 = DIRECTION ( 'NONE',  ( 4.956352788505162282E-16, 0.0000000000000000000, 1.000000000000000000 ) ) ;
#169 = FACE_OUTER_BOUND ( 'NONE', #2299, .T. ) ;
#170 = VECTOR ( 'NONE', #1281, 1000.000000000000000 ) ;
#171 = EDGE_CURVE ( 'NONE', #907, #1736, #731, .T. ) ;
#172 = EDGE_CURVE ( 'NONE', #2183, #2291, #194, .T. ) ;
#173 = ORIENTED_EDGE ( 'NONE', *, *, #2106, .T. ) ;
#174 = CARTESIAN_POINT ( 'NONE',  ( 5.499999999999998224, 4.000000000000000000, -7.999999999999998224 ) ) ;
#175 = CARTESIAN_POINT ( 'NONE',  ( 22.19999999999999574, 4.000000000000000000, 0.0000000000000000000 ) ) ;
#176 = ORIENTED_EDGE ( 'NONE', *, *, #396, .T. ) ;
#177 = CARTESIAN_POINT ( 'NONE',  ( 25.39999999999993463, 10.01840909090906351, -4.641496524793195633 ) ) ;
#178 = AXIS2_PLACEMENT_3D ( 'NONE', #1575, #1392, #106 ) ;
#179 = VERTEX_POINT ( 'NONE', #2351 ) ;
#180 = DIRECTION ( 'NONE',  ( 0.7071067811865480168, 8.659560562354926695E-17, 0.7071067811865470176 ) ) ;
#181 = CARTESIAN_POINT ( 'NONE',  ( 2.800000000000000266, 5.000000000000000000, -10.00000000000000000 ) ) ;
#182 = EDGE_LOOP ( 'NONE', ( #1710, #1538, #1556, #127 ) ) ;
#183 = ORIENTED_EDGE ( 'NONE', *, *, #477, .F. ) ;
#184 = EDGE_CURVE ( 'NONE', #1842, #916, #2340, .T. ) ;
#185 = CARTESIAN_POINT ( 'NONE',  ( 26.00000000000000000, 12.00000000000000000, -6.000000000000000000 ) ) ;
#186 = AXIS2_PLACEMENT_3D ( 'NONE', #1334, #199, #2275 ) ;
#187 = FACE_OUTER_BOUND ( 'NONE', #207, .T. ) ;
#188 = FACE_OUTER_BOUND ( 'NONE', #2064, .T. ) ;
#189 = DIRECTION ( 'NONE',  ( 0.0000000000000000000, -1.000000000000000000, 0.0000000000000000000 ) ) ;
#190 = DIRECTION ( 'NONE',  ( 0.0000000000000000000, 0.0000000000000000000, -1.000000000000000000 ) ) ;
#191 = ORIENTED_EDGE ( 'NONE', *, *, #1090, .T. ) ;
#192 = AXIS2_PLACEMENT_3D ( 'NONE', #1822, #1625, #1634 ) ;
#193 = VECTOR ( 'NONE', #1326, 1000.000000000000000 ) ;
#194 = CIRCLE ( 'NONE', #1988, 3.500000000000000444 ) ;
#195 = ORIENTED_EDGE ( 'NONE', *, *, #699, .T. ) ;
#196 = LINE ( 'NONE', #2428, #1552 ) ;
#197 = LINE ( 'NONE', #200, #1987 ) ;
#198 = CARTESIAN_POINT ( 'NONE',  ( 4.999999999999998224, 5.000000000000000000, -7.076655965729521824 ) ) ;
#199 = DIRECTION ( 'NONE',  ( -1.000000000000000000, 0.0000000000000000000, 8.673617379884034239E-17 ) ) ;
#200 = CARTESIAN_POINT ( 'NONE',  ( 23.19999999999999929, 5.000000000000000000, -10.00000000000000000 ) ) ;
#201 = VERTEX_POINT ( 'NONE', #232 ) ;
#202 = ORIENTED_EDGE ( 'NONE', *, *, #283, .T. ) ;
#203 = EDGE_CURVE ( 'NONE', #1349, #1526, #1978, .T. ) ;
#204 = AXIS2_PLACEMENT_3D ( 'NONE', #667, #1970, #1220 ) ;
#205 = DIRECTION ( 'NONE',  ( 1.000000000000000000, 0.0000000000000000000, 0.0000000000000000000 ) ) ;
#206 = ORIENTED_EDGE ( 'NONE', *, *, #1936, .F. ) ;
#207 = EDGE_LOOP ( 'NONE', ( #1818, #369, #818, #1919, #307, #769, #1096, #388, #167, #909 ) ) ;
#208 = DIRECTION ( 'NONE',  ( 0.0000000000000000000, 0.0000000000000000000, 1.000000000000000000 ) ) ;
#209 = ORIENTED_EDGE ( 'NONE', *, *, #797, .T. ) ;
#210 = DIRECTION ( 'NONE',  ( 1.000000000000000000, 0.0000000000000000000, 0.0000000000000000000 ) ) ;
#211 = EDGE_CURVE ( 'NONE', #2249, #856, #41, .T. ) ;
#212 = EDGE_CURVE ( 'NONE', #685, #1871, #247, .T. ) ;
#213 = LINE ( 'NONE', #2195, #373 ) ;
#214 = CARTESIAN_POINT ( 'NONE',  ( 30.00000000000000000, 13.50000000000000000, -5.000000000000000000 ) ) ;
#215 = EDGE_LOOP ( 'NONE', ( #1686, #1514, #1113, #1389, #1158, #2097, #1417, #2060, #1833, #116, #478, #394, #2122, #1190, #1529, #682 ) ) ;
#216 = LINE ( 'NONE', #790, #107 ) ;
#217 = FACE_OUTER_BOUND ( 'NONE', #1696, .T. ) ;
#218 = EDGE_LOOP ( 'NONE', ( #2181, #1700, #2168, #1513 ) ) ;
#219 = CARTESIAN_POINT ( 'NONE',  ( 21.00000000000000000, -3.000000000000000000, -8.500000000000000000 ) ) ;
#220 = AXIS2_PLACEMENT_3D ( 'NONE', #1221, #1272, #706 ) ;
#221 = DIRECTION ( 'NONE',  ( 0.0000000000000000000, 0.0000000000000000000, 1.000000000000000000 ) ) ;
#222 = CYLINDRICAL_SURFACE ( 'NONE', #100, 3.500000000000000444 ) ;
#223 = ORIENTED_EDGE ( 'NONE', *, *, #820, .F. ) ;
#224 = CIRCLE ( 'NONE', #2080, 2.649999999999991918 ) ;
#225 = VECTOR ( 'NONE', #709, 1000.000000000000000 ) ;
#226 = CARTESIAN_POINT ( 'NONE',  ( 30.00000000000000000, 13.50000000000000000, -5.000000000000000000 ) ) ;
#227 = AXIS2_PLACEMENT_3D ( 'NONE', #1012, #638, #1569 ) ;
#228 = DIRECTION ( 'NONE',  ( -1.000000000000000000, -0.0000000000000000000, -0.0000000000000000000 ) ) ;
#229 = CARTESIAN_POINT ( 'NONE',  ( 26.00000000000000000, 8.000000000000000000, -5.000000000000000000 ) ) ;
#230 = VERTEX_POINT ( 'NONE', #1171 ) ;
#231 = DIRECTION ( 'NONE',  ( -0.0000000000000000000, 1.000000000000000000, -0.0000000000000000000 ) ) ;
#232 = CARTESIAN_POINT ( 'NONE',  ( 0.0000000000000000000, 0.0000000000000000000, -7.076655965729519160 ) ) ;
#233 = ORIENTED_EDGE ( 'NONE', *, *, #1501, .F. ) ;
#234 = DIRECTION ( 'NONE',  ( -0.0000000000000000000, -1.000000000000000000, -0.0000000000000000000 ) ) ;
#235 = ORIENTED_EDGE ( 'NONE', *, *, #415, .F. ) ;
#236 = CARTESIAN_POINT ( 'NONE',  ( 13.00000000000000000, 4.000000000000000000, -5.000000000000000000 ) ) ;
#237 = ADVANCED_FACE ( 'NONE', ( #1677 ), #1979, .F. ) ;
#238 = DIRECTION ( 'NONE',  ( -1.000000000000000000, -0.0000000000000000000, -0.0000000000000000000 ) ) ;
#239 = CARTESIAN_POINT ( 'NONE',  ( 13.00000000000000000, 0.0000000000000000000, -5.000000000000000000 ) ) ;
#240 = ORIENTED_EDGE ( 'NONE', *, *, #326, .F. ) ;
#241 = CONICAL_SURFACE ( 'NONE', #1903, 3.500000000000000888, 0.7853981633974551624 ) ;
#242 = LINE ( 'NONE', #1428, #2401 ) ;
#243 = EDGE_CURVE ( 'NONE', #1264, #1110, #1011, .T. ) ;
#244 = ORIENTED_EDGE ( 'NONE', *, *, #1201, .T. ) ;
#245 = DIRECTION ( 'NONE',  ( 0.0000000000000000000, 0.0000000000000000000, 1.000000000000000000 ) ) ;
#246 = CYLINDRICAL_SURFACE ( 'NONE', #1942, 2.049999999999998934 ) ;
#247 = CIRCLE ( 'NONE', #1416, 0.5000000000000000000 ) ;
#248 = AXIS2_PLACEMENT_3D ( 'NONE', #94, #1603, #859 ) ;
#249 = CARTESIAN_POINT ( 'NONE',  ( 23.19999999999999929, 12.00000000000000000, -6.000000000000000000 ) ) ;
#250 = ORIENTED_EDGE ( 'NONE', *, *, #2155, .T. ) ;
#251 = CIRCLE ( 'NONE', #959, 2.650000000000010125 ) ;
#252 = VECTOR ( 'NONE', #521, 1000.000000000000000 ) ;
#253 = DIRECTION ( 'NONE',  ( -1.000000000000000000, 0.0000000000000000000, 8.673617379884034239E-17 ) ) ;
#254 = DIRECTION ( 'NONE',  ( 0.0000000000000000000, 0.0000000000000000000, 1.000000000000000000 ) ) ;
#255 = EDGE_CURVE ( 'NONE', #1858, #2272, #2074, .T. ) ;
#256 = VERTEX_POINT ( 'NONE', #1812 ) ;
#257 = DIRECTION ( 'NONE',  ( 0.0000000000000000000, 0.0000000000000000000, 1.000000000000000000 ) ) ;
#258 = DIRECTION ( 'NONE',  ( 0.0000000000000000000, 0.0000000000000000000, 1.000000000000000000 ) ) ;
#259 = ORIENTED_EDGE ( 'NONE', *, *, #544, .T. ) ;
#260 = CARTESIAN_POINT ( 'NONE',  ( 8.499999999999998224, -3.000000000000000000, -1.999999999999999112 ) ) ;
#261 = EDGE_CURVE ( 'NONE', #1060, #1264, #2405, .T. ) ;
#262 = DIRECTION ( 'NONE',  ( 0.0000000000000000000, -1.000000000000000000, 0.0000000000000000000 ) ) ;
#263 = ADVANCED_FACE ( 'NONE', ( #1840 ), #1628, .F. ) ;
#264 = EDGE_LOOP ( 'NONE', ( #233, #1311, #1182, #568, #1266, #1482, #162, #2417 ) ) ;
#265 = ORIENTED_EDGE ( 'NONE', *, *, #2208, .F. ) ;
#266 = DIRECTION ( 'NONE',  ( 0.0000000000000000000, 0.0000000000000000000, 1.000000000000000000 ) ) ;
#267 = EDGE_CURVE ( 'NONE', #1886, #2268, #1950, .T. ) ;
#268 = DIRECTION ( 'NONE',  ( 1.000000000000000000, 0.0000000000000000000, -0.0000000000000000000 ) ) ;
#269 = AXIS2_PLACEMENT_3D ( 'NONE', #291, #864, #1600 ) ;
#270 = ORIENTED_EDGE ( 'NONE', *, *, #998, .T. ) ;
#271 = AXIS2_PLACEMENT_3D ( 'NONE', #2021, #704, #1069 ) ;
#272 = ORIENTED_EDGE ( 'NONE', *, *, #2072, .F. ) ;
#273 = CARTESIAN_POINT ( 'NONE',  ( 23.19999999999999929, 13.50000000000000000, -2.950000000000000622 ) ) ;
#274 = AXIS2_PLACEMENT_3D ( 'NONE', #1633, #35, #1035 ) ;
#275 = DIRECTION ( 'NONE',  ( -1.000000000000000000, 0.0000000000000000000, 0.0000000000000000000 ) ) ;
#276 = VECTOR ( 'NONE', #2141, 1000.000000000000000 ) ;
#277 = ORIENTED_EDGE ( 'NONE', *, *, #339, .T. ) ;
#278 = CARTESIAN_POINT ( 'NONE',  ( 23.19999999999999929, 5.000000000000000000, -1.763875774943105990 ) ) ;
#279 = VECTOR ( 'NONE', #2251, 1000.000000000000000 ) ;
#280 = VECTOR ( 'NONE', #1173, 1000.000000000000000 ) ;
#281 = DIRECTION ( 'NONE',  ( 1.000000000000000000, 0.0000000000000000000, -0.0000000000000000000 ) ) ;
#282 = ORIENTED_EDGE ( 'NONE', *, *, #1684, .T. ) ;
#283 = EDGE_CURVE ( 'NONE', #8, #2018, #164, .T. ) ;
#284 = LINE ( 'NONE', #125, #166 ) ;
#285 = ORIENTED_EDGE ( 'NONE', *, *, #1901, .T. ) ;
#286 = CARTESIAN_POINT ( 'NONE',  ( 8.499999999999998224, -0.0000000000000000000, -1.499999999999998890 ) ) ;
#287 = DIRECTION ( 'NONE',  ( 0.0000000000000000000, 0.0000000000000000000, -1.000000000000000000 ) ) ;
#288 = FACE_BOUND ( 'NONE', #25, .T. ) ;
#289 = LINE ( 'NONE', #1101, #1651 ) ;
#290 = DIRECTION ( 'NONE',  ( -0.0000000000000000000, 1.000000000000000000, -0.0000000000000000000 ) ) ;
#291 = CARTESIAN_POINT ( 'NONE',  ( 2.500000000000000000, 5.000000000000000000, -5.000000000000000000 ) ) ;
#292 = CARTESIAN_POINT ( 'NONE',  ( 0.0000000000000000000, 12.00000000000000000, -10.00000000000000000 ) ) ;
#293 = DIRECTION ( 'NONE',  ( -8.673617379884034239E-17, -0.0000000000000000000, -1.000000000000000000 ) ) ;
#294 = VERTEX_POINT ( 'NONE', #1446 ) ;
#295 = DIRECTION ( 'NONE',  ( -0.0000000000000000000, -1.000000000000000000, -0.0000000000000000000 ) ) ;
#296 = DIRECTION ( 'NONE',  ( 0.0000000000000000000, 1.000000000000000000, 0.0000000000000000000 ) ) ;
#297 = CARTESIAN_POINT ( 'NONE',  ( 26.00000000000000000, 13.50000000000000000, -5.000000000000000000 ) ) ;
#298 = CARTESIAN_POINT ( 'NONE',  ( 21.00000000000000000, 0.0000000000000000000, 0.0000000000000000000 ) ) ;
#299 = EDGE_CURVE ( 'NONE', #58, #2031, #633, .T. ) ;
#300 = ORIENTED_EDGE ( 'NONE', *, *, #396, .F. ) ;
#301 = DIRECTION ( 'NONE',  ( -0.0000000000000000000, 1.000000000000000000, -0.0000000000000000000 ) ) ;
#302 = EDGE_CURVE ( 'NONE', #556, #1602, #1779, .T. ) ;
#303 = ORIENTED_EDGE ( 'NONE', *, *, #1145, .F. ) ;
#304 = CARTESIAN_POINT ( 'NONE',  ( 5.499999999999998224, 0.0000000000000000000, -8.499999999999998224 ) ) ;
#305 = DIRECTION ( 'NONE',  ( -1.000000000000000000, -0.0000000000000000000, -0.0000000000000000000 ) ) ;
#306 = DIRECTION ( 'NONE',  ( 0.0000000000000000000, 0.0000000000000000000, -1.000000000000000000 ) ) ;
#307 = ORIENTED_EDGE ( 'NONE', *, *, #965, .T. ) ;
#308 = CARTESIAN_POINT ( 'NONE',  ( 2.500000000000000000, 0.0000000000000000000, -5.000000000000000000 ) ) ;
#309 = DIRECTION ( 'NONE',  ( 0.0000000000000000000, -1.734723475976807094E-15, 1.000000000000000000 ) ) ;
#310 = AXIS2_PLACEMENT_3D ( 'NONE', #1617, #1373, #1925 ) ;
#311 = CIRCLE ( 'NONE', #2273, 1.400000000000000133 ) ;
#312 = CARTESIAN_POINT ( 'NONE',  ( 0.0000000000000000000, 8.000000000000000000, -5.000000000000000000 ) ) ;
#313 = PERSON_AND_ORGANIZATION ( #2418, #1316 ) ;
#314 = FACE_OUTER_BOUND ( 'NONE', #95, .T. ) ;
#315 = CARTESIAN_POINT ( 'NONE',  ( 20.50000000000000000, 0.0000000000000000000, -8.000000000000000000 ) ) ;
#316 = PLANE ( 'NONE',  #2398 ) ;
#317 = ORIENTED_EDGE ( 'NONE', *, *, #2, .T. ) ;
#318 = CIRCLE ( 'NONE', #1709, 3.500000000000000444 ) ;
#319 = VERTEX_POINT ( 'NONE', #1200 ) ;
#320 = CARTESIAN_POINT ( 'NONE',  ( 22.19999999999999574, 4.000000000000000000, 0.0000000000000000000 ) ) ;
#321 = ADVANCED_FACE ( 'NONE', ( #1499 ), #1894, .T. ) ;
#322 = EDGE_LOOP ( 'NONE', ( #165, #1451, #896, #1180 ) ) ;
#323 = DIRECTION ( 'NONE',  ( 0.0000000000000000000, 0.0000000000000000000, 1.000000000000000000 ) ) ;
#324 = LINE ( 'NONE', #1148, #702 ) ;
#325 = VECTOR ( 'NONE', #1855, 1000.000000000000000 ) ;
#326 = EDGE_CURVE ( 'NONE', #795, #921, #1611, .T. ) ;
#327 = CARTESIAN_POINT ( 'NONE',  ( 0.0000000000000000000, 16.00000000000000000, -6.000000000000000000 ) ) ;
#328 = DIRECTION ( 'NONE',  ( 0.0000000000000000000, 0.0000000000000000000, -1.000000000000000000 ) ) ;
#329 = DIRECTION ( 'NONE',  ( 0.0000000000000000000, 0.0000000000000000000, -1.000000000000000000 ) ) ;
#330 = AXIS2_PLACEMENT_3D ( 'NONE', #1974, #349, #835 ) ;
#331 = EDGE_LOOP ( 'NONE', ( #2135, #433, #1666, #2434 ) ) ;
#332 = CARTESIAN_POINT ( 'NONE',  ( 25.36793468921875672, 10.00645747507244288, -4.757564122245956817 ) ) ;
#333 = APPLICATION_CONTEXT ( 'configuration controlled 3d designs of mechanical parts and assemblies' ) ;
#334 = ORIENTED_EDGE ( 'NONE', *, *, #2, .F. ) ;
#335 = ORIENTED_EDGE ( 'NONE', *, *, #1884, .T. ) ;
#336 = CARTESIAN_POINT ( 'NONE',  ( 4.999999999999998224, 4.000000000000000000, -7.076655965729521824 ) ) ;
#337 = ORIENTED_EDGE ( 'NONE', *, *, #1924, .F. ) ;
#338 = DIRECTION ( 'NONE',  ( 1.000000000000000000, 0.0000000000000000000, -0.0000000000000000000 ) ) ;
#339 = EDGE_CURVE ( 'NONE', #1401, #1382, #1471, .T. ) ;
#340 = B_SPLINE_CURVE_WITH_KNOTS ( 'NONE', 3,
 ( #1325, #2437, #1694, #1854, #1297, #1488, #929, #1315, #370, #1675 ),
 .UNSPECIFIED., .F., .F.,
 ( 4, 2, 2, 2, 4 ),
 ( 0.0000000000000000000, 0.0003990010459696147899, 0.0007980020919392295797, 0.001197003137908844370, 0.001596004183878459159 ),
 .UNSPECIFIED. ) ;
#341 = APPROVAL ( #1843, 'UNSPECIFIED' ) ;
#342 = ORIENTED_EDGE ( 'NONE', *, *, #212, .F. ) ;
#343 = AXIS2_PLACEMENT_3D ( 'NONE', #505, #129, #2392 ) ;
#344 = CARTESIAN_POINT ( 'NONE',  ( 26.00000000000000000, 13.50000000000000000, -8.500000000000000000 ) ) ;
#345 = ADVANCED_FACE ( 'NONE', ( #666 ), #528, .F. ) ;
#346 = PERSON_AND_ORGANIZATION_ROLE ( 'design_owner' ) ;
#347 = CYLINDRICAL_SURFACE ( 'NONE', #1092, 2.100000000000000977 ) ;
#348 = VERTEX_POINT ( 'NONE', #1418 ) ;
#349 = DIRECTION ( 'NONE',  ( 1.000000000000000000, 0.0000000000000000000, 0.0000000000000000000 ) ) ;
#350 = CIRCLE ( 'NONE', #1863, 2.100000000000000533 ) ;
#351 = CIRCLE ( 'NONE', #178, 1.000000000000000888 ) ;
#352 = CARTESIAN_POINT ( 'NONE',  ( 30.00000000000000000, 10.27477272727272251, -3.640621818898002182 ) ) ;
#353 = ORIENTED_EDGE ( 'NONE', *, *, #729, .F. ) ;
#354 = VECTOR ( 'NONE', #1562, 1000.000000000000000 ) ;
#355 = ORIENTED_EDGE ( 'NONE', *, *, #1359, .F. ) ;
#356 = EDGE_CURVE ( 'NONE', #1172, #1231, #351, .T. ) ;
#357 = EDGE_CURVE ( 'NONE', #2259, #1715, #2283, .T. ) ;
#358 = FACE_OUTER_BOUND ( 'NONE', #1247, .T. ) ;
#359 = APPROVAL_ROLE ( '' ) ;
#360 = DIRECTION ( 'NONE',  ( 0.0000000000000000000, 0.0000000000000000000, -1.000000000000000000 ) ) ;
#361 = DIRECTION ( 'NONE',  ( -1.000000000000000000, 0.0000000000000000000, 4.956352788505162282E-16 ) ) ;
#362 = AXIS2_PLACEMENT_3D ( 'NONE', #2199, #2387, #693 ) ;
#363 = ORIENTED_EDGE ( 'NONE', *, *, #60, .T. ) ;
#364 = CARTESIAN_POINT ( 'NONE',  ( 23.19999999999999929, 5.000000000000000000, -10.00000000000000000 ) ) ;
#365 = EDGE_CURVE ( 'NONE', #492, #1321, #1523, .T. ) ;
#366 = CARTESIAN_POINT ( 'NONE',  ( 22.19999999999999574, 4.000000000000000000, -7.978674201721282166 ) ) ;
#367 = ORIENTED_EDGE ( 'NONE', *, *, #2311, .T. ) ;
#368 = CARTESIAN_POINT ( 'NONE',  ( 13.00000000000000000, 0.0000000000000000000, -8.000000000000000000 ) ) ;
#369 = ORIENTED_EDGE ( 'NONE', *, *, #836, .F. ) ;
#370 = CARTESIAN_POINT ( 'NONE',  ( 22.32355394375353796, 4.000000000000000888, -1.967402436406222810 ) ) ;
#371 = AXIS2_PLACEMENT_3D ( 'NONE', #1985, #338, #2407 ) ;
#372 = CARTESIAN_POINT ( 'NONE',  ( 23.19999999999999929, 13.50000000000000000, -1.499999999999999112 ) ) ;
#373 = VECTOR ( 'NONE', #684, 1000.000000000000000 ) ;
#374 = PERSON_AND_ORGANIZATION ( #2418, #1316 ) ;
#375 = VECTOR ( 'NONE', #245, 1000.000000000000000 ) ;
#376 = ORIENTED_EDGE ( 'NONE', *, *, #732, .T. ) ;
#377 = LINE ( 'NONE', #749, #2048 ) ;
#378 = ORIENTED_EDGE ( 'NONE', *, *, #1661, .F. ) ;
#379 = ORIENTED_EDGE ( 'NONE', *, *, #2224, .T. ) ;
#380 = DIRECTION ( 'NONE',  ( 0.0000000000000000000, 0.0000000000000000000, 1.000000000000000000 ) ) ;
#381 = DIRECTION ( 'NONE',  ( 1.000000000000000000, 0.0000000000000000000, 0.0000000000000000000 ) ) ;
#382 = VECTOR ( 'NONE', #1896, 1000.000000000000000 ) ;
#383 = FACE_OUTER_BOUND ( 'NONE', #218, .T. ) ;
#384 = CARTESIAN_POINT ( 'NONE',  ( 2.500000000000000000, 5.000000000000000000, -5.000000000000000000 ) ) ;
#385 = EDGE_CURVE ( 'NONE', #1551, #2024, #242, .T. ) ;
#386 = EDGE_LOOP ( 'NONE', ( #2406, #1590, #285, #303 ) ) ;
#387 = AXIS2_PLACEMENT_3D ( 'NONE', #1203, #2134, #639 ) ;
#388 = ORIENTED_EDGE ( 'NONE', *, *, #1900, .T. ) ;
#389 = DIRECTION ( 'NONE',  ( 0.0000000000000000000, 0.0000000000000000000, -1.000000000000000000 ) ) ;
#390 = VERTEX_POINT ( 'NONE', #1009 ) ;
#391 = AXIS2_PLACEMENT_3D ( 'NONE', #1799, #1820, #2383 ) ;
#392 = ORIENTED_EDGE ( 'NONE', *, *, #768, .F. ) ;
#393 = CARTESIAN_POINT ( 'NONE',  ( 0.0000000000000000000, 16.00000000000000000, -4.000000000000000000 ) ) ;
#394 = ORIENTED_EDGE ( 'NONE', *, *, #820, .T. ) ;
#395 = DIRECTION ( 'NONE',  ( 1.000000000000000000, -0.0000000000000000000, -0.0000000000000000000 ) ) ;
#396 = EDGE_CURVE ( 'NONE', #1500, #602, #925, .T. ) ;
#397 = VERTEX_POINT ( 'NONE', #286 ) ;
#398 = EDGE_CURVE ( 'NONE', #946, #892, #1189, .T. ) ;
#399 = DIRECTION ( 'NONE',  ( -8.673617379884034239E-17, -0.0000000000000000000, -1.000000000000000000 ) ) ;
#400 = AXIS2_PLACEMENT_3D ( 'NONE', #236, #1557, #614 ) ;
#401 = SHAPE_DEFINITION_REPRESENTATION ( #1519, #2094 ) ;
#402 = VECTOR ( 'NONE', #2096, 1000.000000000000000 ) ;
#403 = CARTESIAN_POINT ( 'NONE',  ( 26.00000000000000000, 10.27477272727272251, -3.640621818898001738 ) ) ;
#404 = ORIENTED_EDGE ( 'NONE', *, *, #2258, .F. ) ;
#405 = AXIS2_PLACEMENT_3D ( 'NONE', #1850, #2035, #2043 ) ;
#406 = LINE ( 'NONE', #1034, #1195 ) ;
#407 = CYLINDRICAL_SURFACE ( 'NONE', #775, 3.250000000000000444 ) ;
#408 = ORIENTED_EDGE ( 'NONE', *, *, #1924, .T. ) ;
#409 = AXIS2_PLACEMENT_3D ( 'NONE', #1955, #1397, #459 ) ;
#410 = VECTOR ( 'NONE', #210, 1000.000000000000000 ) ;
#411 = ORIENTED_EDGE ( 'NONE', *, *, #2258, .T. ) ;
#412 = CARTESIAN_POINT ( 'NONE',  ( 8.999999999999998224, 0.0000000000000000000, -7.999999999999998224 ) ) ;
#413 = ORIENTED_EDGE ( 'NONE', *, *, #1331, .T. ) ;
#414 = ORIENTED_EDGE ( 'NONE', *, *, #475, .F. ) ;
#415 = EDGE_CURVE ( 'NONE', #1736, #201, #2368, .T. ) ;
#416 = DIRECTION ( 'NONE',  ( 1.000000000000000000, 0.0000000000000000000, 0.0000000000000000000 ) ) ;
#417 = PLANE ( 'NONE',  #20 ) ;
#418 = DIRECTION ( 'NONE',  ( -0.0000000000000000000, 0.0000000000000000000, -1.000000000000000000 ) ) ;
#419 = ORIENTED_EDGE ( 'NONE', *, *, #2361, .F. ) ;
#420 = ORIENTED_EDGE ( 'NONE', *, *, #1844, .F. ) ;
#421 = CARTESIAN_POINT ( 'NONE',  ( 23.49999999999999289, 5.000000000000000000, -2.899999999999996803 ) ) ;
#422 = DIRECTION ( 'NONE',  ( 0.0000000000000000000, -1.000000000000000000, 0.0000000000000000000 ) ) ;
#423 = EDGE_CURVE ( 'NONE', #1251, #2409, #1836, .T. ) ;
#424 = EDGE_CURVE ( 'NONE', #2024, #2118, #1289, .T. ) ;
#425 = DIRECTION ( 'NONE',  ( 0.0000000000000000000, 0.0000000000000000000, -1.000000000000000000 ) ) ;
#426 = LINE ( 'NONE', #2187, #2095 ) ;
#427 = DIRECTION ( 'NONE',  ( 0.0000000000000000000, 1.000000000000000000, 0.0000000000000000000 ) ) ;
#428 = FACE_OUTER_BOUND ( 'NONE', #3, .T. ) ;
#429 = EDGE_LOOP ( 'NONE', ( #1548, #1759, #244, #1668, #966, #1357, #1025, #1268, #1309, #1384 ) ) ;
#430 = DIRECTION ( 'NONE',  ( 0.0000000000000000000, 0.0000000000000000000, -1.000000000000000000 ) ) ;
#431 = ADVANCED_FACE ( 'NONE', ( #1718 ), #2304, .F. ) ;
#432 = VECTOR ( 'NONE', #1387, 1000.000000000000000 ) ;
#433 = ORIENTED_EDGE ( 'NONE', *, *, #42, .F. ) ;
#434 = FACE_OUTER_BOUND ( 'NONE', #2084, .T. ) ;
#435 = LINE ( 'NONE', #2176, #1379 ) ;
#436 = AXIS2_PLACEMENT_3D ( 'NONE', #1163, #427, #1374 ) ;
#437 = DIRECTION ( 'NONE',  ( 1.000000000000000000, -0.0000000000000000000, -8.673617379884034239E-17 ) ) ;
#438 = ORIENTED_EDGE ( 'NONE', *, *, #171, .T. ) ;
#439 = DIRECTION ( 'NONE',  ( 0.0000000000000000000, 0.0000000000000000000, -1.000000000000000000 ) ) ;
#440 = VERTEX_POINT ( 'NONE', #304 ) ;
#441 = ADVANCED_FACE ( 'NONE', ( #428, #491 ), #506, .T. ) ;
#442 = EDGE_CURVE ( 'NONE', #2324, #634, #726, .T. ) ;
#443 = DIRECTION ( 'NONE',  ( 1.000000000000000000, 0.0000000000000000000, -0.0000000000000000000 ) ) ;
#444 = AXIS2_PLACEMENT_3D ( 'NONE', #2111, #1191, #2306 ) ;
#445 = ORIENTED_EDGE ( 'NONE', *, *, #90, .F. ) ;
#446 = CARTESIAN_POINT ( 'NONE',  ( 5.000000000000000888, 0.0000000000000000000, -1.999999999999997780 ) ) ;
#447 = AXIS2_PLACEMENT_3D ( 'NONE', #658, #290, #863 ) ;
#448 = ORIENTED_EDGE ( 'NONE', *, *, #1070, .T. ) ;
#449 = ORIENTED_EDGE ( 'NONE', *, *, #2121, .T. ) ;
#450 = DIRECTION ( 'NONE',  ( 0.0000000000000000000, 0.0000000000000000000, 1.000000000000000000 ) ) ;
#451 = EDGE_LOOP ( 'NONE', ( #1681, #1406, #1062, #1691 ) ) ;
#452 = CARTESIAN_POINT ( 'NONE',  ( 23.49999999999999645, 5.000000000000000000, -4.999999999999985789 ) ) ;
#453 = CARTESIAN_POINT ( 'NONE',  ( 1.250000000000011546, 8.000000000000000000, -5.000000000000000000 ) ) ;
#454 = ADVANCED_FACE ( 'NONE', ( #1943 ), #1776, .T. ) ;
#455 = CALENDAR_DATE ( 2019, 13, 12 ) ;
#456 = VECTOR ( 'NONE', #1731, 1000.000000000000000 ) ;
#457 = EDGE_CURVE ( 'NONE', #588, #2345, #1467, .T. ) ;
#458 = VERTEX_POINT ( 'NONE', #1632 ) ;
#459 = DIRECTION ( 'NONE',  ( 0.0000000000000000000, 0.0000000000000000000, 1.000000000000000000 ) ) ;
#460 = FACE_OUTER_BOUND ( 'NONE', #1225, .T. ) ;
#461 = CIRCLE ( 'NONE', #149, 4.000000000000000000 ) ;
#462 = DIRECTION ( 'NONE',  ( 0.0000000000000000000, 0.0000000000000000000, -1.000000000000000000 ) ) ;
#463 = ORIENTED_EDGE ( 'NONE', *, *, #1461, .T. ) ;
#464 = UNCERTAINTY_MEASURE_WITH_UNIT (LENGTH_MEASURE( 1.000000000000000082E-05 ), #1460, 'distance_accuracy_value', 'NONE');
#465 = CIRCLE ( 'NONE', #972, 1.400000000000000133 ) ;
#466 = ORIENTED_EDGE ( 'NONE', *, *, #1823, .F. ) ;
#467 = DIRECTION ( 'NONE',  ( -2.478176394252581634E-16, -0.0000000000000000000, -1.000000000000000000 ) ) ;
#468 = CARTESIAN_POINT ( 'NONE',  ( 25.79997945172078033, 10.42202471946369613, -4.629962415830516598 ) ) ;
#469 = CARTESIAN_POINT ( 'NONE',  ( 23.19999999999999929, 15.55531080198745997, -7.832966202981190840 ) ) ;
#470 = ADVANCED_FACE ( 'NONE', ( #1400 ), #1891, .T. ) ;
#471 = EDGE_LOOP ( 'NONE', ( #2217, #1435, #1969, #1066 ) ) ;
#472 = DIRECTION ( 'NONE',  ( 1.000000000000000000, -0.0000000000000000000, -0.0000000000000000000 ) ) ;
#473 = ORIENTED_EDGE ( 'NONE', *, *, #2179, .F. ) ;
#474 = CARTESIAN_POINT ( 'NONE',  ( 23.19999999999999929, 5.000000000000000000, -10.00000000000000000 ) ) ;
#475 = EDGE_CURVE ( 'NONE', #294, #319, #2013, .T. ) ;
#476 = CARTESIAN_POINT ( 'NONE',  ( 23.49999999999999289, 0.0000000000000000000, -2.899999999999996803 ) ) ;
#477 = EDGE_CURVE ( 'NONE', #1353, #907, #2194, .T. ) ;
#478 = ORIENTED_EDGE ( 'NONE', *, *, #42, .T. ) ;
#479 = CARTESIAN_POINT ( 'NONE',  ( 17.50000000000000000, -0.0000000000000000000, -1.500000000000000000 ) ) ;
#480 = ORIENTED_EDGE ( 'NONE', *, *, #1028, .T. ) ;
#481 = CARTESIAN_POINT ( 'NONE',  ( 0.0000000000000000000, 12.00000000000000000, -4.000000000000000000 ) ) ;
#482 = CARTESIAN_POINT ( 'NONE',  ( 23.19999999999999929, 15.55531080198745997, -2.167033797018808272 ) ) ;
#483 = CARTESIAN_POINT ( 'NONE',  ( 23.19999999999999929, 13.50000000000000000, -7.049999999999998934 ) ) ;
#484 = AXIS2_PLACEMENT_3D ( 'NONE', #1146, #1344, #208 ) ;
#485 = DIRECTION ( 'NONE',  ( -1.000000000000000000, -0.0000000000000000000, -0.0000000000000000000 ) ) ;
#486 = DIRECTION ( 'NONE',  ( 0.7071067811865480168, 0.0000000000000000000, -0.7071067811865470176 ) ) ;
#487 = VECTOR ( 'NONE', #1815, 1000.000000000000000 ) ;
#488 = CARTESIAN_POINT ( 'NONE',  ( 24.75000000000000355, 8.000000000000000000, -5.000000000000000000 ) ) ;
#489 = CARTESIAN_POINT ( 'NONE',  ( 23.19999999999999929, 5.000000000000000000, -2.921539030917343460 ) ) ;
#490 = LINE ( 'NONE', #899, #1867 ) ;
#491 = FACE_BOUND ( 'NONE', #1209, .T. ) ;
#492 = VERTEX_POINT ( 'NONE', #1445 ) ;
#493 = LINE ( 'NONE', #1420, #1872 ) ;
#494 = CLOSED_SHELL ( 'NONE', ( #1472, #1082, #1841, #2373, #1222, #700, #1260, #2169, #637, #321, #1604, #1178, #1922, #1067, #345, #1946, #1656, #837, #2322, #886, #96, #1592, #1996, #2388, #441, #431, #1756, #1285, #470, #2229, #1192, #2189, #1210, #1421, #2139, #2153, #1767, #1093, #855, #663, #1931, #2126, #1000, #620, #686, #806, #1639, #1029, #650, #1785, #1563, #66, #2300, #1298, #504, #55, #1018, #1816, #1394, #724, #2355, #1443, #237, #1962, #263, #128, #611, #454, #2415 ) ) ;
#495 = CARTESIAN_POINT ( 'NONE',  ( 23.49999999999999289, 0.0000000000000000000, -4.999999999999997335 ) ) ;
#496 = AXIS2_PLACEMENT_3D ( 'NONE', #148, #2209, #501 ) ;
#497 = CARTESIAN_POINT ( 'NONE',  ( 0.0000000000000000000, 12.00000000000000000, -4.000000000000000000 ) ) ;
#498 = CYLINDRICAL_SURFACE ( 'NONE', #1365, 2.099999999999999645 ) ;
#499 = VECTOR ( 'NONE', #1862, 1000.000000000000000 ) ;
#500 = DIRECTION ( 'NONE',  ( -1.000000000000000000, 0.0000000000000000000, 4.956352788505162282E-16 ) ) ;
#501 = DIRECTION ( 'NONE',  ( 0.0000000000000000000, 0.0000000000000000000, 1.000000000000000000 ) ) ;
#502 = CARTESIAN_POINT ( 'NONE',  ( 2.500000000000000000, 5.000000000000000000, -5.000000000000000000 ) ) ;
#503 = ORIENTED_EDGE ( 'NONE', *, *, #457, .F. ) ;
#504 = ADVANCED_FACE ( 'NONE', ( #71 ), #2336, .F. ) ;
#505 = CARTESIAN_POINT ( 'NONE',  ( 2.500000000000000000, 5.000000000000000000, -5.000000000000000000 ) ) ;
#506 = PLANE ( 'NONE',  #1324 ) ;
#507 = EDGE_LOOP ( 'NONE', ( #1032, #989, #1454, #1150 ) ) ;
#508 = DIRECTION ( 'NONE',  ( 0.0000000000000000000, 0.0000000000000000000, 1.000000000000000000 ) ) ;
#509 = DIRECTION ( 'NONE',  ( -0.0000000000000000000, 0.0000000000000000000, -1.000000000000000000 ) ) ;
#510 = ORIENTED_EDGE ( 'NONE', *, *, #1131, .T. ) ;
#511 = DIRECTION ( 'NONE',  ( -0.0000000000000000000, 1.000000000000000000, -0.0000000000000000000 ) ) ;
#512 = EDGE_CURVE ( 'NONE', #1838, #91, #2430, .T. ) ;
#513 = ORIENTED_EDGE ( 'NONE', *, *, #184, .F. ) ;
#514 = AXIS2_PLACEMENT_3D ( 'NONE', #185, #159, #380 ) ;
#515 = CARTESIAN_POINT ( 'NONE',  ( 33.50000000000000000, 10.27477272727272251, -6.359378181101998706 ) ) ;
#516 = DIRECTION ( 'NONE',  ( 4.956352788505162282E-16, 0.0000000000000000000, 1.000000000000000000 ) ) ;
#517 = EDGE_LOOP ( 'NONE', ( #445, #547, #957, #272 ) ) ;
#518 = CARTESIAN_POINT ( 'NONE',  ( 25.34997954675252174, 9.999992562455391365, -4.879919564212465311 ) ) ;
#519 = APPLICATION_PROTOCOL_DEFINITION ( 'international standard', 'config_control_design', 1994, #333 ) ;
#520 = AXIS2_PLACEMENT_3D ( 'NONE', #122, #893, #328 ) ;
#521 = DIRECTION ( 'NONE',  ( -0.0000000000000000000, 1.000000000000000000, -0.0000000000000000000 ) ) ;
#522 = CALENDAR_DATE ( 2019, 13, 12 ) ;
#523 = LINE ( 'NONE', #1963, #842 ) ;
#524 = DIRECTION ( 'NONE',  ( -0.0000000000000000000, 1.000000000000000000, 0.0000000000000000000 ) ) ;
#525 = VERTEX_POINT ( 'NONE', #1050 ) ;
#526 = EDGE_CURVE ( 'NONE', #634, #294, #1916, .T. ) ;
#527 = FACE_BOUND ( 'NONE', #1330, .T. ) ;
#528 = CYLINDRICAL_SURFACE ( 'NONE', #2318, 1.000000000000000000 ) ;
#529 = ORIENTED_EDGE ( 'NONE', *, *, #442, .F. ) ;
#530 = DIRECTION ( 'NONE',  ( 0.0000000000000000000, 0.0000000000000000000, -1.000000000000000000 ) ) ;
#531 = CIRCLE ( 'NONE', #144, 0.5000000000000000000 ) ;
#532 = ORIENTED_EDGE ( 'NONE', *, *, #1936, .T. ) ;
#533 = B_SPLINE_CURVE_WITH_KNOTS ( 'NONE', 3,
 ( #2425, #546, #2040, #2419, #919, #2237, #1106, #1310, #1119, #1305 ),
 .UNSPECIFIED., .F., .F.,
 ( 4, 2, 2, 2, 4 ),
 ( 0.0000000000000000000, 0.0003990010459696150067, 0.0007980020919392300134, 0.001197003137908845020, 0.001596004183878460027 ),
 .UNSPECIFIED. ) ;
#534 = EDGE_CURVE ( 'NONE', #1321, #1736, #1868, .T. ) ;
#535 = DIRECTION ( 'NONE',  ( -4.956352788505162282E-16, 0.0000000000000000000, -1.000000000000000000 ) ) ;
#536 = AXIS2_PLACEMENT_3D ( 'NONE', #1235, #101, #1423 ) ;
#537 = CARTESIAN_POINT ( 'NONE',  ( 22.32353494528004489, 4.000000000000000000, -8.032589271980146606 ) ) ;
#538 = AXIS2_PLACEMENT_3D ( 'NONE', #1286, #2397, #360 ) ;
#539 = ORIENTED_EDGE ( 'NONE', *, *, #2078, .F. ) ;
#540 = DATE_TIME_ROLE ( 'creation_date' ) ;
#541 = ORIENTED_EDGE ( 'NONE', *, *, #2241, .T. ) ;
#542 = DIRECTION ( 'NONE',  ( 0.0000000000000000000, 1.000000000000000000, 0.0000000000000000000 ) ) ;
#543 = EDGE_LOOP ( 'NONE', ( #1292, #31, #2053, #2071 ) ) ;
#544 = EDGE_CURVE ( 'NONE', #1382, #1838, #1434, .T. ) ;
#545 = ORIENTED_EDGE ( 'NONE', *, *, #797, .F. ) ;
#546 = CARTESIAN_POINT ( 'NONE',  ( 2.800000000000000266, 4.865093129980290421, -8.236124225056880022 ) ) ;
#547 = ORIENTED_EDGE ( 'NONE', *, *, #1501, .T. ) ;
#548 = DIRECTION ( 'NONE',  ( 1.000000000000000000, 0.0000000000000000000, 0.0000000000000000000 ) ) ;
#549 = CARTESIAN_POINT ( 'NONE',  ( 2.800000000000001155, 4.000000000000000000, 0.0000000000000000000 ) ) ;
#550 = VECTOR ( 'NONE', #1856, 1000.000000000000000 ) ;
#551 = APPROVAL_PERSON_ORGANIZATION ( #70, #341, #359 ) ;
#552 = VECTOR ( 'NONE', #2178, 1000.000000000000000 ) ;
#553 = CARTESIAN_POINT ( 'NONE',  ( 3.800000000000001155, 4.000000000000000000, -3.295974604355933972E-16 ) ) ;
#554 = ORIENTED_EDGE ( 'NONE', *, *, #2284, .T. ) ;
#555 = VECTOR ( 'NONE', #1792, 1000.000000000000000 ) ;
#556 = VERTEX_POINT ( 'NONE', #1906 ) ;
#557 = EDGE_CURVE ( 'NONE', #2353, #1539, #949, .T. ) ;
#558 = EDGE_CURVE ( 'NONE', #996, #586, #2128, .T. ) ;
#559 = VECTOR ( 'NONE', #2061, 1000.000000000000000 ) ;
#560 = CYLINDRICAL_SURFACE ( 'NONE', #1135, 1.000000000000000000 ) ;
#561 = DIRECTION ( 'NONE',  ( 0.0000000000000000000, -1.000000000000000000, 0.0000000000000000000 ) ) ;
#562 = VERTEX_POINT ( 'NONE', #788 ) ;
#563 = ORIENTED_EDGE ( 'NONE', *, *, #184, .T. ) ;
#564 = ORIENTED_EDGE ( 'NONE', *, *, #1939, .T. ) ;
#565 = DIRECTION ( 'NONE',  ( 0.0000000000000000000, -1.000000000000000000, 0.0000000000000000000 ) ) ;
#566 = ORIENTED_EDGE ( 'NONE', *, *, #1236, .F. ) ;
#567 = EDGE_CURVE ( 'NONE', #2268, #53, #1573, .T. ) ;
#568 = ORIENTED_EDGE ( 'NONE', *, *, #1559, .T. ) ;
#569 = AXIS2_PLACEMENT_3D ( 'NONE', #2316, #253, #221 ) ;
#570 = DIRECTION ( 'NONE',  ( 0.0000000000000000000, 0.0000000000000000000, -1.000000000000000000 ) ) ;
#571 = AXIS2_PLACEMENT_3D ( 'NONE', #1117, #2230, #2220 ) ;
#572 = APPROVAL_PERSON_ORGANIZATION ( #694, #1631, #1665 ) ;
#573 = CYLINDRICAL_SURFACE ( 'NONE', #204, 0.5000000000000000000 ) ;
#574 = ORIENTED_EDGE ( 'NONE', *, *, #1518, .T. ) ;
#575 = FACE_OUTER_BOUND ( 'NONE', #1911, .T. ) ;
#576 = FACE_OUTER_BOUND ( 'NONE', #322, .T. ) ;
#577 = ORIENTED_EDGE ( 'NONE', *, *, #2011, .F. ) ;
#578 = LINE ( 'NONE', #393, #410 ) ;
#579 = LINE ( 'NONE', #549, #80 ) ;
#580 = CARTESIAN_POINT ( 'NONE',  ( 0.0000000000000000000, 5.000000000000000888, 0.0000000000000000000 ) ) ;
#581 = EDGE_CURVE ( 'NONE', #602, #2345, #1805, .T. ) ;
#582 = AXIS2_PLACEMENT_3D ( 'NONE', #2395, #1648, #309 ) ;
#583 = VERTEX_POINT ( 'NONE', #2292 ) ;
#584 = AXIS2_PLACEMENT_3D ( 'NONE', #854, #1031, #1023 ) ;
#585 = DIRECTION ( 'NONE',  ( 4.956352788505162282E-16, 0.0000000000000000000, 1.000000000000000000 ) ) ;
#586 = VERTEX_POINT ( 'NONE', #2117 ) ;
#587 = DIRECTION ( 'NONE',  ( 0.0000000000000000000, 0.0000000000000000000, -1.000000000000000000 ) ) ;
#588 = VERTEX_POINT ( 'NONE', #1361 ) ;
#589 = VERTEX_POINT ( 'NONE', #1723 ) ;
#590 = CARTESIAN_POINT ( 'NONE',  ( 4.999999999999997335, 4.000000000000000000, -7.999999999999998224 ) ) ;
#591 = ORIENTED_EDGE ( 'NONE', *, *, #2029, .T. ) ;
#592 = DIRECTION ( 'NONE',  ( 0.0000000000000000000, 0.0000000000000000000, -1.000000000000000000 ) ) ;
#593 = EDGE_CURVE ( 'NONE', #525, #1214, #2010, .T. ) ;
#594 = EDGE_CURVE ( 'NONE', #58, #1602, #1317, .T. ) ;
#595 = ORIENTED_EDGE ( 'NONE', *, *, #2241, .F. ) ;
#596 = DIRECTION ( 'NONE',  ( -0.0000000000000000000, 1.000000000000000000, 0.0000000000000000000 ) ) ;
#597 = DIRECTION ( 'NONE',  ( 1.000000000000000000, 0.0000000000000000000, -0.0000000000000000000 ) ) ;
#598 = AXIS2_PLACEMENT_3D ( 'NONE', #631, #92, #826 ) ;
#599 = FACE_OUTER_BOUND ( 'NONE', #215, .T. ) ;
#600 = VECTOR ( 'NONE', #1430, 1000.000000000000000 ) ;
#601 = ORIENTED_EDGE ( 'NONE', *, *, #11, .T. ) ;
#602 = VERTEX_POINT ( 'NONE', #421 ) ;
#603 = AXIS2_PLACEMENT_3D ( 'NONE', #1737, #416, #1927 ) ;
#604 = DIRECTION ( 'NONE',  ( -1.000000000000000000, -0.0000000000000000000, 0.0000000000000000000 ) ) ;
#605 = FACE_OUTER_BOUND ( 'NONE', #1719, .T. ) ;
#606 = VERTEX_POINT ( 'NONE', #1913 ) ;
#607 = CARTESIAN_POINT ( 'NONE',  ( 8.499999999999996447, 0.0000000000000000000, -7.999999999999998224 ) ) ;
#608 = LINE ( 'NONE', #1876, #559 ) ;
#609 = VECTOR ( 'NONE', #1049, 1000.000000000000000 ) ;
#610 = CARTESIAN_POINT ( 'NONE',  ( 26.00000000000000000, 10.62386363636363740, -4.628732417563085733 ) ) ;
#611 = ADVANCED_FACE ( 'NONE', ( #776 ), #2120, .T. ) ;
#612 = CARTESIAN_POINT ( 'NONE',  ( 5.500000000000001776, 4.000000000000000000, -1.999999999999998224 ) ) ;
#613 = VERTEX_POINT ( 'NONE', #792 ) ;
#614 = DIRECTION ( 'NONE',  ( 0.0000000000000000000, 0.0000000000000000000, 1.000000000000000000 ) ) ;
#615 = ORIENTED_EDGE ( 'NONE', *, *, #1273, .F. ) ;
#616 = VERTEX_POINT ( 'NONE', #1752 ) ;
#617 = CARTESIAN_POINT ( 'NONE',  ( 17.00000000000000000, -3.000000000000000000, -1.500000000000000000 ) ) ;
#618 = ORIENTED_EDGE ( 'NONE', *, *, #1493, .F. ) ;
#619 = DIRECTION ( 'NONE',  ( 1.000000000000000000, 0.0000000000000000000, 0.0000000000000000000 ) ) ;
#620 = ADVANCED_FACE ( 'NONE', ( #314 ), #2090, .F. ) ;
#621 = CARTESIAN_POINT ( 'NONE',  ( -15.00000000000000355, 8.000000000000000000, -5.000000000000000000 ) ) ;
#622 = ORIENTED_EDGE ( 'NONE', *, *, #1578, .T. ) ;
#623 = EDGE_CURVE ( 'NONE', #2409, #2075, #1641, .T. ) ;
#624 = DIRECTION ( 'NONE',  ( 0.0000000000000000000, 0.0000000000000000000, -1.000000000000000000 ) ) ;
#625 = CARTESIAN_POINT ( 'NONE',  ( 8.499999999999998224, 4.000000000000000000, -1.999999999999999112 ) ) ;
#626 = CARTESIAN_POINT ( 'NONE',  ( 2.800000000000000266, 8.000000000000000000, -5.000000000000000000 ) ) ;
#627 = PERSON_AND_ORGANIZATION ( #2418, #1316 ) ;
#628 = LINE ( 'NONE', #1385, #2254 ) ;
#629 = ORIENTED_EDGE ( 'NONE', *, *, #243, .F. ) ;
#630 = CARTESIAN_POINT ( 'NONE',  ( 0.0000000000000000000, 5.000000000000000000, -2.923344034270480840 ) ) ;
#631 = CARTESIAN_POINT ( 'NONE',  ( 23.49999999999999289, 5.000000000000000000, -4.999999999999997335 ) ) ;
#632 = LINE ( 'NONE', #2356, #2014 ) ;
#633 = CIRCLE ( 'NONE', #2116, 0.5000000000000004441 ) ;
#634 = VERTEX_POINT ( 'NONE', #1545 ) ;
#635 = FACE_OUTER_BOUND ( 'NONE', #1503, .T. ) ;
#636 = LINE ( 'NONE', #2025, #1814 ) ;
#637 = ADVANCED_FACE ( 'NONE', ( #1341 ), #1263, .T. ) ;
#638 = DIRECTION ( 'NONE',  ( 0.0000000000000000000, -1.000000000000000000, 0.0000000000000000000 ) ) ;
#639 = DIRECTION ( 'NONE',  ( 0.0000000000000000000, 0.0000000000000000000, -1.000000000000000000 ) ) ;
#640 = MANIFOLD_SOLID_BREP ( 'Boss-Extrude4', #494 ) ;
#641 = ORIENTED_EDGE ( 'NONE', *, *, #1995, .T. ) ;
#642 = EDGE_CURVE ( 'NONE', #2291, #1197, #1743, .T. ) ;
#643 = DIRECTION ( 'NONE',  ( 0.0000000000000000000, 0.0000000000000000000, -1.000000000000000000 ) ) ;
#644 = CARTESIAN_POINT ( 'NONE',  ( 2.500000000000000444, 5.000000000000000000, -2.900000000000000799 ) ) ;
#645 = ORIENTED_EDGE ( 'NONE', *, *, #2179, .T. ) ;
#646 = EDGE_CURVE ( 'NONE', #87, #1296, #628, .T. ) ;
#647 = DIRECTION ( 'NONE',  ( -1.000000000000000000, -0.0000000000000000000, 0.0000000000000000000 ) ) ;
#648 = DIRECTION ( 'NONE',  ( 8.673617379884035472E-17, 0.0000000000000000000, 1.000000000000000000 ) ) ;
#649 = CARTESIAN_POINT ( 'NONE',  ( 17.00000000000000000, -3.000000000000000000, -8.500000000000000000 ) ) ;
#650 = ADVANCED_FACE ( 'NONE', ( #188 ), #573, .F. ) ;
#651 = AXIS2_PLACEMENT_3D ( 'NONE', #1041, #2007, #2206 ) ;
#652 = ORIENTED_EDGE ( 'NONE', *, *, #1961, .F. ) ;
#653 = CARTESIAN_POINT ( 'NONE',  ( 8.999999999999998224, 4.000000000000000000, -7.999999999999998224 ) ) ;
#654 = AXIS2_PLACEMENT_3D ( 'NONE', #1588, #443, #462 ) ;
#655 = VERTEX_POINT ( 'NONE', #2352 ) ;
#656 = DIRECTION ( 'NONE',  ( 8.673617379884034239E-17, -0.0000000000000000000, 1.000000000000000000 ) ) ;
#657 = ORIENTED_EDGE ( 'NONE', *, *, #1973, .F. ) ;
#658 = CARTESIAN_POINT ( 'NONE',  ( 13.00000000000000000, -3.000000000000000000, -5.000000000000000000 ) ) ;
#659 = CARTESIAN_POINT ( 'NONE',  ( 17.50000000000000000, -3.000000000000000000, -8.000000000000000000 ) ) ;
#660 = CIRCLE ( 'NONE', #774, 3.500000000000000444 ) ;
#661 = EDGE_CURVE ( 'NONE', #2280, #1060, #695, .T. ) ;
#662 = ORIENTED_EDGE ( 'NONE', *, *, #1684, .F. ) ;
#663 = ADVANCED_FACE ( 'NONE', ( #753 ), #1007, .F. ) ;
#664 = CARTESIAN_POINT ( 'NONE',  ( 26.00000000000000000, 16.00000000000000000, -10.00000000000000000 ) ) ;
#665 = LINE ( 'NONE', #1151, #279 ) ;
#666 = FACE_OUTER_BOUND ( 'NONE', #1679, .T. ) ;
#667 = CARTESIAN_POINT ( 'NONE',  ( 5.500000000000001776, -3.000000000000000000, -1.999999999999998224 ) ) ;
#668 = ORIENTED_EDGE ( 'NONE', *, *, #211, .T. ) ;
#669 = LINE ( 'NONE', #630, #1319 ) ;
#670 = ORIENTED_EDGE ( 'NONE', *, *, #1595, .T. ) ;
#671 = DIRECTION ( 'NONE',  ( 0.0000000000000000000, -1.000000000000000000, 0.0000000000000000000 ) ) ;
#672 = DIRECTION ( 'NONE',  ( 0.0000000000000000000, 0.0000000000000000000, 1.000000000000000000 ) ) ;
#673 = LINE ( 'NONE', #1793, #2263 ) ;
#674 = FACE_OUTER_BOUND ( 'NONE', #999, .T. ) ;
#675 = CARTESIAN_POINT ( 'NONE',  ( 3.800000000000001155, 4.000000000000000000, 0.0000000000000000000 ) ) ;
#676 = DIRECTION ( 'NONE',  ( 1.000000000000000000, 0.0000000000000000000, 0.0000000000000000000 ) ) ;
#677 = ORIENTED_EDGE ( 'NONE', *, *, #142, .F. ) ;
#678 = CARTESIAN_POINT ( 'NONE',  ( 30.00000000000000000, 13.50000000000000000, -7.049999999999998934 ) ) ;
#679 = EDGE_CURVE ( 'NONE', #440, #2285, #1130, .T. ) ;
#680 = CARTESIAN_POINT ( 'NONE',  ( 25.39999999999999858, 13.50000000000000000, -5.000000000000000000 ) ) ;
#681 = DIRECTION ( 'NONE',  ( 1.000000000000000000, 0.0000000000000000000, -0.0000000000000000000 ) ) ;
#682 = ORIENTED_EDGE ( 'NONE', *, *, #1193, .T. ) ;
#683 = DIRECTION ( 'NONE',  ( 0.0000000000000000000, 0.0000000000000000000, 1.000000000000000000 ) ) ;
#684 = DIRECTION ( 'NONE',  ( -0.0000000000000000000, 1.000000000000000000, -0.0000000000000000000 ) ) ;
#685 = VERTEX_POINT ( 'NONE', #1013 ) ;
#686 = ADVANCED_FACE ( 'NONE', ( #1695 ), #347, .F. ) ;
#687 = CARTESIAN_POINT ( 'NONE',  ( 21.00000000000000000, 0.0000000000000000000, -2.923344034270462632 ) ) ;
#688 = AXIS2_PLACEMENT_3D ( 'NONE', #1542, #238, #425 ) ;
#689 = ORIENTED_EDGE ( 'NONE', *, *, #261, .F. ) ;
#690 = PLANE ( 'NONE',  #1762 ) ;
#691 = DIRECTION ( 'NONE',  ( 0.0000000000000000000, 0.0000000000000000000, -1.000000000000000000 ) ) ;
#692 = DIRECTION ( 'NONE',  ( 0.0000000000000000000, 0.0000000000000000000, 1.000000000000000000 ) ) ;
#693 = DIRECTION ( 'NONE',  ( 0.0000000000000000000, 0.0000000000000000000, -1.000000000000000000 ) ) ;
#694 = PERSON_AND_ORGANIZATION ( #2418, #1316 ) ;
#695 = LINE ( 'NONE', #1410, #13 ) ;
#696 = EDGE_LOOP ( 'NONE', ( #1510, #1489 ) ) ;
#697 = CYLINDRICAL_SURFACE ( 'NONE', #62, 0.5000000000000004441 ) ;
#698 = CIRCLE ( 'NONE', #1623, 0.5000000000000000000 ) ;
#699 = EDGE_CURVE ( 'NONE', #1214, #996, #523, .T. ) ;
#700 = ADVANCED_FACE ( 'NONE', ( #1497 ), #801, .F. ) ;
#701 = ORIENTED_EDGE ( 'NONE', *, *, #1570, .T. ) ;
#702 = VECTOR ( 'NONE', #1888, 1000.000000000000000 ) ;
#703 = VECTOR ( 'NONE', #917, 1000.000000000000000 ) ;
#704 = DIRECTION ( 'NONE',  ( 1.000000000000000000, 0.0000000000000000000, 0.0000000000000000000 ) ) ;
#705 = AXIS2_PLACEMENT_3D ( 'NONE', #2347, #2212, #140 ) ;
#706 = DIRECTION ( 'NONE',  ( -1.000000000000000000, 0.0000000000000000000, 0.0000000000000000000 ) ) ;
#707 = CARTESIAN_POINT ( 'NONE',  ( 17.00000000000000000, 0.0000000000000000000, 0.0000000000000000000 ) ) ;
#708 = ORIENTED_EDGE ( 'NONE', *, *, #642, .T. ) ;
#709 = DIRECTION ( 'NONE',  ( -0.0000000000000000000, 1.000000000000000000, -0.0000000000000000000 ) ) ;
#710 = ORIENTED_EDGE ( 'NONE', *, *, #593, .T. ) ;
#711 = CARTESIAN_POINT ( 'NONE',  ( 20.50000000000000000, -0.0000000000000000000, -1.500000000000000000 ) ) ;
#712 = DIRECTION ( 'NONE',  ( -0.0000000000000000000, -1.000000000000000000, -0.0000000000000000000 ) ) ;
#713 = EDGE_CURVE ( 'NONE', #1401, #91, #2278, .T. ) ;
#714 = DIRECTION ( 'NONE',  ( 0.0000000000000000000, -1.000000000000000000, 0.0000000000000000000 ) ) ;
#715 = SECURITY_CLASSIFICATION ( '', '', #2222 ) ;
#716 = ORIENTED_EDGE ( 'NONE', *, *, #1912, .F. ) ;
#717 = AXIS2_PLACEMENT_3D ( 'NONE', #384, #565, #933 ) ;
#718 = DIRECTION ( 'NONE',  ( 2.168404344971010101E-16, 0.0000000000000000000, 1.000000000000000000 ) ) ;
#719 = ORIENTED_EDGE ( 'NONE', *, *, #1390, .F. ) ;
#720 = CARTESIAN_POINT ( 'NONE',  ( 8.499999999999996447, 4.000000000000000000, -8.499999999999998224 ) ) ;
#721 = ORIENTED_EDGE ( 'NONE', *, *, #1070, .F. ) ;
#722 = APPLICATION_CONTEXT ( 'configuration controlled 3d designs of mechanical parts and assemblies' ) ;
#723 = CARTESIAN_POINT ( 'NONE',  ( 0.0000000000000000000, 8.000000000000000000, -5.000000000000000000 ) ) ;
#724 = ADVANCED_FACE ( 'NONE', ( #38 ), #1770, .T. ) ;
#725 = CARTESIAN_POINT ( 'NONE',  ( 3.800000000000001155, 4.000000000000000000, -3.295974604355933972E-16 ) ) ;
#726 = LINE ( 'NONE', #515, #804 ) ;
#727 = CARTESIAN_POINT ( 'NONE',  ( 0.0000000000000000000, 16.00000000000000000, 0.0000000000000000000 ) ) ;
#728 = ORIENTED_EDGE ( 'NONE', *, *, #1687, .F. ) ;
#729 = EDGE_CURVE ( 'NONE', #613, #562, #311, .T. ) ;
#730 = VECTOR ( 'NONE', #180, 1000.000000000000000 ) ;
#731 = LINE ( 'NONE', #807, #953 ) ;
#732 = EDGE_CURVE ( 'NONE', #2249, #613, #1156, .T. ) ;
#733 = ORIENTED_EDGE ( 'NONE', *, *, #117, .T. ) ;
#734 = PERSON_AND_ORGANIZATION_ROLE ( 'creator' ) ;
#735 = FACE_OUTER_BOUND ( 'NONE', #784, .T. ) ;
#736 = ORIENTED_EDGE ( 'NONE', *, *, #2242, .T. ) ;
#737 = DIRECTION ( 'NONE',  ( 0.0000000000000000000, 3.273063162220400679E-15, -1.000000000000000000 ) ) ;
#738 = VECTOR ( 'NONE', #1536, 1000.000000000000000 ) ;
#739 = LINE ( 'NONE', #727, #1323 ) ;
#740 = AXIS2_PLACEMENT_3D ( 'NONE', #2182, #887, #2201 ) ;
#741 = CARTESIAN_POINT ( 'NONE',  ( 25.36790062290580039, 10.00644477762855011, -5.242312567074556284 ) ) ;
#742 = AXIS2_PLACEMENT_3D ( 'NONE', #29, #1768, #254 ) ;
#743 = EDGE_LOOP ( 'NONE', ( #1, #250, #1965, #173 ) ) ;
#744 = DIRECTION ( 'NONE',  ( 0.0000000000000000000, 0.0000000000000000000, 1.000000000000000000 ) ) ;
#745 = ORIENTED_EDGE ( 'NONE', *, *, #1234, .T. ) ;
#746 = ORIENTED_EDGE ( 'NONE', *, *, #398, .T. ) ;
#747 = CARTESIAN_POINT ( 'NONE',  ( 21.00000000000000000, 0.0000000000000000000, -2.000000000000000000 ) ) ;
#748 = CC_DESIGN_PERSON_AND_ORGANIZATION_ASSIGNMENT ( #374, #346, ( #2226 ) ) ;
#749 = CARTESIAN_POINT ( 'NONE',  ( 21.00000000000000000, 5.000000000000000000, -2.923344034270462632 ) ) ;
#750 = ORIENTED_EDGE ( 'NONE', *, *, #594, .T. ) ;
#751 = CARTESIAN_POINT ( 'NONE',  ( 30.00000000000000000, 8.000000000000000000, -5.000000000000000000 ) ) ;
#752 = COORDINATED_UNIVERSAL_TIME_OFFSET ( 0, 0, .AHEAD. ) ;
#753 = FACE_OUTER_BOUND ( 'NONE', #26, .T. ) ;
#754 = CARTESIAN_POINT ( 'NONE',  ( 33.50000000000000000, 10.27477272727272251, -3.640621818898001738 ) ) ;
#755 = VERTEX_POINT ( 'NONE', #1579 ) ;
#756 = LINE ( 'NONE', #292, #2197 ) ;
#757 = CIRCLE ( 'NONE', #654, 1.400000000000000133 ) ;
#758 = EDGE_LOOP ( 'NONE', ( #378, #1462, #1895, #928 ) ) ;
#759 = EDGE_CURVE ( 'NONE', #87, #458, #1865, .T. ) ;
#760 = VECTOR ( 'NONE', #293, 1000.000000000000000 ) ;
#761 = VECTOR ( 'NONE', #152, 1000.000000000000000 ) ;
#762 = AXIS2_PLACEMENT_3D ( 'NONE', #174, #1866, #2250 ) ;
#763 = CARTESIAN_POINT ( 'NONE',  ( 8.499999999999998224, 0.0000000000000000000, -1.999999999999999112 ) ) ;
#764 = CARTESIAN_POINT ( 'NONE',  ( 17.00000000000000000, 0.0000000000000000000, -8.000000000000000000 ) ) ;
#765 = ORIENTED_EDGE ( 'NONE', *, *, #1612, .F. ) ;
#766 = ORIENTED_EDGE ( 'NONE', *, *, #1028, .F. ) ;
#767 = DIRECTION ( 'NONE',  ( -1.000000000000000000, 0.0000000000000000000, 0.0000000000000000000 ) ) ;
#768 = EDGE_CURVE ( 'NONE', #1363, #1964, #104, .T. ) ;
#769 = ORIENTED_EDGE ( 'NONE', *, *, #1236, .T. ) ;
#770 = ORIENTED_EDGE ( 'NONE', *, *, #1494, .F. ) ;
#771 = EDGE_CURVE ( 'NONE', #1110, #892, #1431, .T. ) ;
#772 = EDGE_LOOP ( 'NONE', ( #1635, #1277, #1827, #1207 ) ) ;
#773 = CARTESIAN_POINT ( 'NONE',  ( 17.00000000000000000, -3.000000000000000000, -8.500000000000000000 ) ) ;
#774 = AXIS2_PLACEMENT_3D ( 'NONE', #1456, #676, #306 ) ;
#775 = AXIS2_PLACEMENT_3D ( 'NONE', #840, #2149, #1202 ) ;
#776 = FACE_OUTER_BOUND ( 'NONE', #141, .T. ) ;
#777 = ORIENTED_EDGE ( 'NONE', *, *, #1875, .F. ) ;
#778 = DIRECTION ( 'NONE',  ( 0.0000000000000000000, -1.000000000000000000, -0.0000000000000000000 ) ) ;
#779 = CIRCLE ( 'NONE', #1997, 3.249999999999999556 ) ;
#780 = CYLINDRICAL_SURFACE ( 'NONE', #1294, 0.5000000000000000000 ) ;
#781 = ORIENTED_EDGE ( 'NONE', *, *, #1612, .T. ) ;
#782 = CARTESIAN_POINT ( 'NONE',  ( 20.50000000000000000, 0.0000000000000000000, -8.500000000000000000 ) ) ;
#783 = VECTOR ( 'NONE', #467, 1000.000000000000000 ) ;
#784 = EDGE_LOOP ( 'NONE', ( #1730, #668, #994, #353 ) ) ;
#785 = CIRCLE ( 'NONE', #1878, 0.5000000000000004441 ) ;
#786 = FACE_OUTER_BOUND ( 'NONE', #507, .T. ) ;
#787 = EDGE_CURVE ( 'NONE', #655, #1136, #161, .T. ) ;
#788 = CARTESIAN_POINT ( 'NONE',  ( 2.800000000000000266, 8.000000000000000000, -6.400000000000000355 ) ) ;
#789 = ORIENTED_EDGE ( 'NONE', *, *, #1533, .T. ) ;
#790 = CARTESIAN_POINT ( 'NONE',  ( 21.00000000000000000, 5.000000000000000000, -7.076655965729509390 ) ) ;
#791 = DIRECTION ( 'NONE',  ( -0.0000000000000000000, -1.000000000000000000, -0.0000000000000000000 ) ) ;
#792 = CARTESIAN_POINT ( 'NONE',  ( 2.800000000000000266, 8.000000000000000000, -3.600000000000000089 ) ) ;
#793 = VERTEX_POINT ( 'NONE', #479 ) ;
#794 = CARTESIAN_POINT ( 'NONE',  ( 17.50000000000000000, 4.000000000000000000, -8.000000000000000000 ) ) ;
#795 = VERTEX_POINT ( 'NONE', #336 ) ;
#796 = CARTESIAN_POINT ( 'NONE',  ( 2.500000000000000000, 0.0000000000000000000, -5.000000000000000000 ) ) ;
#797 = EDGE_CURVE ( 'NONE', #2156, #294, #872, .T. ) ;
#798 = CARTESIAN_POINT ( 'NONE',  ( 21.00000000000000000, 0.0000000000000000000, 0.0000000000000000000 ) ) ;
#799 = ORIENTED_EDGE ( 'NONE', *, *, #39, .T. ) ;
#800 = DIRECTION ( 'NONE',  ( 0.0000000000000000000, 0.0000000000000000000, 1.000000000000000000 ) ) ;
#801 = CYLINDRICAL_SURFACE ( 'NONE', #584, 2.049999999999998934 ) ;
#802 = CARTESIAN_POINT ( 'NONE',  ( 17.00000000000000000, 0.0000000000000000000, -2.000000000000000000 ) ) ;
#803 = APPROVAL_DATE_TIME ( #841, #341 ) ;
#804 = VECTOR ( 'NONE', #2185, 1000.000000000000000 ) ;
#805 = ORIENTED_EDGE ( 'NONE', *, *, #2348, .F. ) ;
#806 = ADVANCED_FACE ( 'NONE', ( #1042 ), #316, .F. ) ;
#807 = CARTESIAN_POINT ( 'NONE',  ( 0.0000000000000000000, 16.00000000000000000, -10.00000000000000000 ) ) ;
#808 = EDGE_CURVE ( 'NONE', #1280, #1147, #213, .T. ) ;
#809 = CARTESIAN_POINT ( 'NONE',  ( -15.00000000000000355, 8.000000000000000000, -3.600000000000000089 ) ) ;
#810 = LINE ( 'NONE', #2269, #1227 ) ;
#811 = ORIENTED_EDGE ( 'NONE', *, *, #808, .F. ) ;
#812 = CARTESIAN_POINT ( 'NONE',  ( 5.500000000000001776, 0.0000000000000000000, -1.999999999999998224 ) ) ;
#813 = ORIENTED_EDGE ( 'NONE', *, *, #302, .T. ) ;
#814 = LINE ( 'NONE', #198, #956 ) ;
#815 = CONICAL_SURFACE ( 'NONE', #63, 2.650000000000010125, 0.7853981633974476129 ) ;
#816 = DIRECTION ( 'NONE',  ( 1.000000000000000000, 0.0000000000000000000, 0.0000000000000000000 ) ) ;
#817 = DIRECTION ( 'NONE',  ( 1.000000000000000000, -0.0000000000000000000, -0.0000000000000000000 ) ) ;
#818 = ORIENTED_EDGE ( 'NONE', *, *, #93, .T. ) ;
#819 = DIRECTION ( 'NONE',  ( 0.0000000000000000000, 0.0000000000000000000, -1.000000000000000000 ) ) ;
#820 = EDGE_CURVE ( 'NONE', #121, #348, #1673, .T. ) ;
#821 = DIRECTION ( 'NONE',  ( 0.0000000000000000000, -1.000000000000000000, 0.0000000000000000000 ) ) ;
#822 = AXIS2_PLACEMENT_3D ( 'NONE', #1017, #988, #1555 ) ;
#823 = ORIENTED_EDGE ( 'NONE', *, *, #212, .T. ) ;
#824 = CARTESIAN_POINT ( 'NONE',  ( 21.00000000000000000, 4.000000000000000000, -2.000000000000000000 ) ) ;
#825 = AXIS2_PLACEMENT_3D ( 'NONE', #1941, #2150, #1187 ) ;
#826 = DIRECTION ( 'NONE',  ( 0.0000000000000000000, 0.0000000000000000000, 1.000000000000000000 ) ) ;
#827 = ORIENTED_EDGE ( 'NONE', *, *, #679, .T. ) ;
#828 = ORIENTED_EDGE ( 'NONE', *, *, #679, .F. ) ;
#829 = DIRECTION ( 'NONE',  ( 0.0000000000000000000, 0.0000000000000000000, -1.000000000000000000 ) ) ;
#830 = CARTESIAN_POINT ( 'NONE',  ( -15.00000000000000355, 8.000000000000000000, -6.400000000000000355 ) ) ;
#831 = ORIENTED_EDGE ( 'NONE', *, *, #1859, .T. ) ;
#832 = DIRECTION ( 'NONE',  ( 0.0000000000000000000, -1.000000000000000000, 0.0000000000000000000 ) ) ;
#833 = CARTESIAN_POINT ( 'NONE',  ( 0.0000000000000000000, 5.000000000000000000, -7.076655965729519160 ) ) ;
#834 = EDGE_LOOP ( 'NONE', ( #710, #195, #1448, #1366 ) ) ;
#835 = DIRECTION ( 'NONE',  ( 0.0000000000000000000, 0.0000000000000000000, -1.000000000000000000 ) ) ;
#836 = EDGE_CURVE ( 'NONE', #1339, #2296, #660, .T. ) ;
#837 = ADVANCED_FACE ( 'NONE', ( #1606, #2042 ), #1831, .F. ) ;
#838 = DIRECTION ( 'NONE',  ( 1.000000000000000000, 0.0000000000000000000, -0.0000000000000000000 ) ) ;
#839 = AXIS2_PLACEMENT_3D ( 'NONE', #5, #1516, #1327 ) ;
#840 = CARTESIAN_POINT ( 'NONE',  ( 23.49999999999999645, 5.000000000000000000, -4.999999999999985789 ) ) ;
#841 = DATE_AND_TIME ( #2303, #1129 ) ;
#842 = VECTOR ( 'NONE', #2320, 1000.000000000000000 ) ;
#843 = ORIENTED_EDGE ( 'NONE', *, *, #17, .F. ) ;
#844 = DIRECTION ( 'NONE',  ( 0.0000000000000000000, 0.0000000000000000000, 1.000000000000000000 ) ) ;
#845 = CARTESIAN_POINT ( 'NONE',  ( 3.311598381529310853, 4.117900755795480983, -1.850480825499954740 ) ) ;
#846 = LINE ( 'NONE', #2295, #1893 ) ;
#847 = VECTOR ( 'NONE', #190, 1000.000000000000000 ) ;
#848 = CARTESIAN_POINT ( 'NONE',  ( 8.499999999999996447, 4.000000000000000000, -7.999999999999998224 ) ) ;
#849 = ORIENTED_EDGE ( 'NONE', *, *, #1493, .T. ) ;
#850 = CONICAL_SURFACE ( 'NONE', #1781, 1.400000000000000133, 0.7853981633974476129 ) ;
#851 = VERTEX_POINT ( 'NONE', #1642 ) ;
#852 = DIRECTION ( 'NONE',  ( 0.0000000000000000000, 0.0000000000000000000, 1.000000000000000000 ) ) ;
#853 = CIRCLE ( 'NONE', #1336, 2.049999999999998934 ) ;
#854 = CARTESIAN_POINT ( 'NONE',  ( 13.00000000000002132, 13.50000000000000000, -5.000000000000000000 ) ) ;
#855 = ADVANCED_FACE ( 'NONE', ( #1915 ), #1429, .F. ) ;
#856 = VERTEX_POINT ( 'NONE', #1078 ) ;
#857 = EDGE_CURVE ( 'NONE', #1858, #1172, #1370, .T. ) ;
#858 = EDGE_CURVE ( 'NONE', #1303, #1251, #426, .T. ) ;
#859 = DIRECTION ( 'NONE',  ( 0.0000000000000000000, 0.0000000000000000000, -1.000000000000000000 ) ) ;
#860 = ORIENTED_EDGE ( 'NONE', *, *, #2213, .T. ) ;
#861 = CARTESIAN_POINT ( 'NONE',  ( 17.00000000000000000, 4.000000000000000000, -2.000000000000000000 ) ) ;
#862 = DIRECTION ( 'NONE',  ( 1.000000000000000000, 0.0000000000000000000, -8.673617379884033007E-17 ) ) ;
#863 = DIRECTION ( 'NONE',  ( 0.0000000000000000000, 0.0000000000000000000, 1.000000000000000000 ) ) ;
#864 = DIRECTION ( 'NONE',  ( -0.0000000000000000000, -1.000000000000000000, -0.0000000000000000000 ) ) ;
#865 = ORIENTED_EDGE ( 'NONE', *, *, #2380, .F. ) ;
#866 = AXIS2_PLACEMENT_3D ( 'NONE', #1212, #1219, #1956 ) ;
#867 = ORIENTED_EDGE ( 'NONE', *, *, #255, .F. ) ;
#868 = DIRECTION ( 'NONE',  ( 1.000000000000000000, 0.0000000000000000000, 0.0000000000000000000 ) ) ;
#869 = DIRECTION ( 'NONE',  ( 0.0000000000000000000, 0.0000000000000000000, -1.000000000000000000 ) ) ;
#870 = DIRECTION ( 'NONE',  ( 1.000000000000000000, 0.0000000000000000000, 0.0000000000000000000 ) ) ;
#871 = CARTESIAN_POINT ( 'NONE',  ( 4.999999999999997335, -3.000000000000000000, -8.499999999999998224 ) ) ;
#872 = CIRCLE ( 'NONE', #271, 2.899999999999991918 ) ;
#873 = CC_DESIGN_PERSON_AND_ORGANIZATION_ASSIGNMENT ( #2335, #2030, ( #1652 ) ) ;
#874 = DIRECTION ( 'NONE',  ( 0.0000000000000000000, -1.000000000000000000, 0.0000000000000000000 ) ) ;
#875 = VECTOR ( 'NONE', #2302, 1000.000000000000000 ) ;
#876 = ORIENTED_EDGE ( 'NONE', *, *, #2078, .T. ) ;
#877 = VECTOR ( 'NONE', #509, 1000.000000000000000 ) ;
#878 = ORIENTED_EDGE ( 'NONE', *, *, #1342, .T. ) ;
#879 = CARTESIAN_POINT ( 'NONE',  ( 23.19999999999999574, 8.000000000000000000, -6.400000000000000355 ) ) ;
#880 = VERTEX_POINT ( 'NONE', #711 ) ;
#881 = LINE ( 'NONE', #1540, #382 ) ;
#882 = LINE ( 'NONE', #327, #1115 ) ;
#883 = DIRECTION ( 'NONE',  ( 0.0000000000000000000, -1.734723475976807094E-15, -1.000000000000000000 ) ) ;
#884 = DIRECTION ( 'NONE',  ( 0.0000000000000000000, -1.000000000000000000, 0.0000000000000000000 ) ) ;
#885 = EDGE_LOOP ( 'NONE', ( #926, #277 ) ) ;
#886 = ADVANCED_FACE ( 'NONE', ( #599 ), #1447, .F. ) ;
#887 = DIRECTION ( 'NONE',  ( -1.000000000000000000, 0.0000000000000000000, 0.0000000000000000000 ) ) ;
#888 = ORIENTED_EDGE ( 'NONE', *, *, #593, .F. ) ;
#889 = EDGE_CURVE ( 'NONE', #1722, #8, #2365, .T. ) ;
#890 = AXIS2_PLACEMENT_3D ( 'NONE', #751, #913, #737 ) ;
#891 = DIRECTION ( 'NONE',  ( 0.0000000000000000000, 0.0000000000000000000, 1.000000000000000000 ) ) ;
#892 = VERTEX_POINT ( 'NONE', #109 ) ;
#893 = DIRECTION ( 'NONE',  ( -1.000000000000000000, 0.0000000000000000000, -0.0000000000000000000 ) ) ;
#894 = ORIENTED_EDGE ( 'NONE', *, *, #1729, .F. ) ;
#895 = CARTESIAN_POINT ( 'NONE',  ( 25.35002049010552838, 10.00000745094753540, -5.120513611279908339 ) ) ;
#896 = ORIENTED_EDGE ( 'NONE', *, *, #998, .F. ) ;
#897 = EDGE_LOOP ( 'NONE', ( #1847, #1274, #1409, #2403, #1643, #52 ) ) ;
#898 = EDGE_CURVE ( 'NONE', #1551, #2272, #2211, .T. ) ;
#899 = CARTESIAN_POINT ( 'NONE',  ( 23.19999999999999929, 4.000000000000000000, -10.00000000000000000 ) ) ;
#900 = CALENDAR_DATE ( 2019, 13, 12 ) ;
#901 = VECTOR ( 'NONE', #1383, 1000.000000000000000 ) ;
#902 = EDGE_LOOP ( 'NONE', ( #18, #191, #1558, #466 ) ) ;
#903 = CARTESIAN_POINT ( 'NONE',  ( 22.19999999999999574, 5.000000000000000000, 0.0000000000000000000 ) ) ;
#904 = FACE_OUTER_BOUND ( 'NONE', #1926, .T. ) ;
#905 = FACE_OUTER_BOUND ( 'NONE', #1744, .T. ) ;
#906 = CARTESIAN_POINT ( 'NONE',  ( 3.800000000000001155, 5.000000000000000000, -3.295974604355933972E-16 ) ) ;
#907 = VERTEX_POINT ( 'NONE', #1837 ) ;
#908 = VECTOR ( 'NONE', #1935, 1000.000000000000000 ) ;
#909 = ORIENTED_EDGE ( 'NONE', *, *, #2191, .T. ) ;
#910 = CARTESIAN_POINT ( 'NONE',  ( 22.80103370470720492, 4.189933745944308896, -8.175416041037449233 ) ) ;
#911 = PERSON_AND_ORGANIZATION_ROLE ( 'design_supplier' ) ;
#912 = EDGE_CURVE ( 'NONE', #616, #1048, #1314, .T. ) ;
#913 = DIRECTION ( 'NONE',  ( -1.000000000000000000, -0.0000000000000000000, -0.0000000000000000000 ) ) ;
#914 = ORIENTED_EDGE ( 'NONE', *, *, #1661, .T. ) ;
#915 = DIRECTION ( 'NONE',  ( 0.0000000000000000000, 0.0000000000000000000, -1.000000000000000000 ) ) ;
#916 = VERTEX_POINT ( 'NONE', #720 ) ;
#917 = DIRECTION ( 'NONE',  ( 1.000000000000000000, 0.0000000000000000000, 0.0000000000000000000 ) ) ;
#918 = EDGE_CURVE ( 'NONE', #256, #58, #1105, .T. ) ;
#919 = CARTESIAN_POINT ( 'NONE',  ( 3.008824667785317875, 4.374358530247199006, -8.211365277355421100 ) ) ;
#920 = ORIENTED_EDGE ( 'NONE', *, *, #1729, .T. ) ;
#921 = VERTEX_POINT ( 'NONE', #2240 ) ;
#922 = CARTESIAN_POINT ( 'NONE',  ( 17.50000000000000000, 0.0000000000000000000, -8.500000000000000000 ) ) ;
#923 = VECTOR ( 'NONE', #2393, 1000.000000000000000 ) ;
#924 = EDGE_CURVE ( 'NONE', #440, #1842, #2264, .T. ) ;
#925 = CIRCLE ( 'NONE', #409, 2.100000000000000533 ) ;
#926 = ORIENTED_EDGE ( 'NONE', *, *, #1425, .T. ) ;
#927 = LINE ( 'NONE', #1380, #432 ) ;
#928 = ORIENTED_EDGE ( 'NONE', *, *, #1884, .F. ) ;
#929 = CARTESIAN_POINT ( 'NONE',  ( 22.68854183005647940, 4.118078592010966155, -1.850473225116385345 ) ) ;
#930 = CARTESIAN_POINT ( 'NONE',  ( 24.75000000000000355, 8.000000000000000000, -3.600000000000000089 ) ) ;
#931 = FACE_OUTER_BOUND ( 'NONE', #1930, .T. ) ;
#932 = LINE ( 'NONE', #580, #847 ) ;
#933 = DIRECTION ( 'NONE',  ( 0.0000000000000000000, 0.0000000000000000000, -1.000000000000000000 ) ) ;
#934 = AXIS2_PLACEMENT_3D ( 'NONE', #973, #1061, #1249 ) ;
#935 = EDGE_LOOP ( 'NONE', ( #1664, #1495, #1674, #701 ) ) ;
#936 = ORIENTED_EDGE ( 'NONE', *, *, #787, .F. ) ;
#937 = DIRECTION ( 'NONE',  ( 0.0000000000000000000, 0.0000000000000000000, -1.000000000000000000 ) ) ;
#938 = CARTESIAN_POINT ( 'NONE',  ( 26.00000000000000000, 0.0000000000000000000, -10.00000000000000000 ) ) ;
#939 = EDGE_CURVE ( 'NONE', #1353, #1960, #739, .T. ) ;
#940 = VERTEX_POINT ( 'NONE', #1486 ) ;
#941 = EDGE_LOOP ( 'NONE', ( #1873, #2207, #1716, #577 ) ) ;
#942 = EDGE_CURVE ( 'NONE', #1008, #1231, #579, .T. ) ;
#943 = AXIS2_PLACEMENT_3D ( 'NONE', #1367, #33, #439 ) ;
#944 = DIRECTION ( 'NONE',  ( 1.000000000000000000, -0.0000000000000000000, -0.0000000000000000000 ) ) ;
#945 = AXIS2_PLACEMENT_3D ( 'NONE', #1335, #561, #389 ) ;
#946 = VERTEX_POINT ( 'NONE', #1302 ) ;
#947 = DIRECTION ( 'NONE',  ( -0.0000000000000000000, 0.0000000000000000000, -1.000000000000000000 ) ) ;
#948 = PERSON_AND_ORGANIZATION ( #2418, #1316 ) ;
#949 = LINE ( 'NONE', #798, #375 ) ;
#950 = DIRECTION ( 'NONE',  ( 0.0000000000000000000, -1.000000000000000000, 0.0000000000000000000 ) ) ;
#951 = EDGE_LOOP ( 'NONE', ( #98, #1386, #777, #813, #1587, #1749, #419, #2412, #85, #1713 ) ) ;
#952 = FACE_OUTER_BOUND ( 'NONE', #386, .T. ) ;
#953 = VECTOR ( 'NONE', #791, 1000.000000000000000 ) ;
#954 = ORIENTED_EDGE ( 'NONE', *, *, #2327, .F. ) ;
#955 = EDGE_CURVE ( 'NONE', #1376, #8, #2077, .T. ) ;
#956 = VECTOR ( 'NONE', #1531, 1000.000000000000000 ) ;
#957 = ORIENTED_EDGE ( 'NONE', *, *, #1131, .F. ) ;
#958 = CC_DESIGN_PERSON_AND_ORGANIZATION_ASSIGNMENT ( #313, #911, ( #1652 ) ) ;
#959 = AXIS2_PLACEMENT_3D ( 'NONE', #1754, #119, #1984 ) ;
#960 = DIRECTION ( 'NONE',  ( 0.0000000000000000000, 0.0000000000000000000, -1.000000000000000000 ) ) ;
#961 = DIRECTION ( 'NONE',  ( -1.000000000000000000, 0.0000000000000000000, -0.0000000000000000000 ) ) ;
#962 = ORIENTED_EDGE ( 'NONE', *, *, #661, .T. ) ;
#963 = EDGE_LOOP ( 'NONE', ( #1233, #766, #392, #1083 ) ) ;
#964 = CARTESIAN_POINT ( 'NONE',  ( 23.19999999999999929, 5.000000000000000000, -10.00000000000000000 ) ) ;
#965 = EDGE_CURVE ( 'NONE', #2118, #2272, #2203, .T. ) ;
#966 = ORIENTED_EDGE ( 'NONE', *, *, #771, .T. ) ;
#967 = EDGE_CURVE ( 'NONE', #1254, #2296, #1751, .T. ) ;
#968 = ORIENTED_EDGE ( 'NONE', *, *, #1162, .F. ) ;
#969 = DIRECTION ( 'NONE',  ( -1.000000000000000000, -0.0000000000000000000, -0.0000000000000000000 ) ) ;
#970 = ORIENTED_EDGE ( 'NONE', *, *, #1038, .T. ) ;
#971 = CARTESIAN_POINT ( 'NONE',  ( 20.50000000000000000, 4.000000000000000000, -8.500000000000000000 ) ) ;
#972 = AXIS2_PLACEMENT_3D ( 'NONE', #453, #995, #430 ) ;
#973 = CARTESIAN_POINT ( 'NONE',  ( 2.500000000000000000, 5.000000000000000000, -5.000000000000000000 ) ) ;
#974 = AXIS2_PLACEMENT_3D ( 'NONE', #617, #2286, #976 ) ;
#975 = VECTOR ( 'NONE', #99, 1000.000000000000000 ) ;
#976 = DIRECTION ( 'NONE',  ( 1.000000000000000000, 0.0000000000000000000, 0.0000000000000000000 ) ) ;
#977 = CIRCLE ( 'NONE', #1670, 3.249999999999999556 ) ;
#978 = EDGE_LOOP ( 'NONE', ( #1624, #849, #652, #2140 ) ) ;
#979 = ORIENTED_EDGE ( 'NONE', *, *, #2281, .F. ) ;
#980 = DIRECTION ( 'NONE',  ( 0.0000000000000000000, 0.0000000000000000000, -1.000000000000000000 ) ) ;
#981 = CIRCLE ( 'NONE', #444, 1.000000000000000000 ) ;
#982 = EDGE_LOOP ( 'NONE', ( #1121, #1161, #473, #1597 ) ) ;
#983 = FACE_OUTER_BOUND ( 'NONE', #897, .T. ) ;
#984 = FACE_OUTER_BOUND ( 'NONE', #743, .T. ) ;
#985 = DIRECTION ( 'NONE',  ( -0.0000000000000000000, -1.000000000000000000, -0.0000000000000000000 ) ) ;
#986 = CARTESIAN_POINT ( 'NONE',  ( 0.0000000000000000000, 0.0000000000000000000, -8.500000000000000000 ) ) ;
#987 = CC_DESIGN_DATE_AND_TIME_ASSIGNMENT ( #12, #1293, ( #715 ) ) ;
#988 = DIRECTION ( 'NONE',  ( 1.000000000000000000, -0.0000000000000000000, -0.0000000000000000000 ) ) ;
#989 = ORIENTED_EDGE ( 'NONE', *, *, #1971, .T. ) ;
#990 = DIRECTION ( 'NONE',  ( 0.0000000000000000000, 0.0000000000000000000, 1.000000000000000000 ) ) ;
#991 = ORIENTED_EDGE ( 'NONE', *, *, #2271, .T. ) ;
#992 = CARTESIAN_POINT ( 'NONE',  ( 23.49999999999999289, 5.000000000000000000, -2.899999999999996803 ) ) ;
#993 = DIRECTION ( 'NONE',  ( 0.0000000000000000000, 0.0000000000000000000, -1.000000000000000000 ) ) ;
#994 = ORIENTED_EDGE ( 'NONE', *, *, #78, .T. ) ;
#995 = DIRECTION ( 'NONE',  ( -1.000000000000000000, -0.0000000000000000000, -0.0000000000000000000 ) ) ;
#996 = VERTEX_POINT ( 'NONE', #1810 ) ;
#997 = DIRECTION ( 'NONE',  ( -0.0000000000000000000, 1.000000000000000000, -0.0000000000000000000 ) ) ;
#998 = EDGE_CURVE ( 'NONE', #1255, #1048, #1619, .T. ) ;
#999 = EDGE_LOOP ( 'NONE', ( #448, #2034, #622, #1904 ) ) ;
#1000 = ADVANCED_FACE ( 'NONE', ( #984 ), #1444, .F. ) ;
#1001 = DIRECTION ( 'NONE',  ( 0.0000000000000000000, 0.0000000000000000000, -1.000000000000000000 ) ) ;
#1002 = VERTEX_POINT ( 'NONE', #1453 ) ;
#1003 = AXIS2_PLACEMENT_3D ( 'NONE', #2063, #1123, #10 ) ;
#1004 = DIRECTION ( 'NONE',  ( 0.0000000000000000000, -1.000000000000000000, 0.0000000000000000000 ) ) ;
#1005 = CARTESIAN_POINT ( 'NONE',  ( 0.0000000000000000000, 16.00000000000000000, 0.0000000000000000000 ) ) ;
#1006 = COORDINATED_UNIVERSAL_TIME_OFFSET ( 0, 0, .AHEAD. ) ;
#1007 = CYLINDRICAL_SURFACE ( 'NONE', #447, 2.999999999999999556 ) ;
#1008 = VERTEX_POINT ( 'NONE', #675 ) ;
#1009 = CARTESIAN_POINT ( 'NONE',  ( 5.499999999999998224, 4.000000000000000000, -8.499999999999998224 ) ) ;
#1010 = VECTOR ( 'NONE', #1388, 1000.000000000000000 ) ;
#1011 = LINE ( 'NONE', #123, #1577 ) ;
#1012 = CARTESIAN_POINT ( 'NONE',  ( 5.499999999999998224, -3.000000000000000000, -7.999999999999998224 ) ) ;
#1013 = CARTESIAN_POINT ( 'NONE',  ( 5.500000000000001776, 4.000000000000000000, -1.499999999999998224 ) ) ;
#1014 = EDGE_LOOP ( 'NONE', ( #1706, #1748, #1880, #1733 ) ) ;
#1015 = LINE ( 'NONE', #320, #877 ) ;
#1016 = EDGE_LOOP ( 'NONE', ( #878, #335, #831, #363 ) ) ;
#1017 = CARTESIAN_POINT ( 'NONE',  ( -15.00000000000000355, 8.000000000000000000, -5.000000000000000000 ) ) ;
#1018 = ADVANCED_FACE ( 'NONE', ( #138 ), #1530, .F. ) ;
#1019 = EDGE_CURVE ( 'NONE', #2259, #1391, #2020, .T. ) ;
#1020 = CARTESIAN_POINT ( 'NONE',  ( 2.827714914391219025, 4.731052922918546955, -1.766140728858558662 ) ) ;
#1021 = VERTEX_POINT ( 'NONE', #2184 ) ;
#1022 = CARTESIAN_POINT ( 'NONE',  ( 2.800000000000000266, 5.000000000000000000, -10.00000000000000000 ) ) ;
#1023 = DIRECTION ( 'NONE',  ( 0.0000000000000000000, 0.0000000000000000000, -1.000000000000000000 ) ) ;
#1024 = AXIS2_PLACEMENT_3D ( 'NONE', #649, #1784, #2152 ) ;
#1025 = ORIENTED_EDGE ( 'NONE', *, *, #203, .F. ) ;
#1026 = CARTESIAN_POINT ( 'NONE',  ( 9.000000000000000000, 4.000000000000000000, -1.999999999999999112 ) ) ;
#1027 = CARTESIAN_POINT ( 'NONE',  ( 25.59995485213572408, 10.22018171442783974, -4.634110963830870844 ) ) ;
#1028 = EDGE_CURVE ( 'NONE', #1964, #880, #435, .T. ) ;
#1029 = ADVANCED_FACE ( 'NONE', ( #383 ), #2005, .T. ) ;
#1030 = ORIENTED_EDGE ( 'NONE', *, *, #1717, .T. ) ;
#1031 = DIRECTION ( 'NONE',  ( 1.000000000000000000, -0.0000000000000000000, -0.0000000000000000000 ) ) ;
#1032 = ORIENTED_EDGE ( 'NONE', *, *, #1771, .F. ) ;
#1033 = DIRECTION ( 'NONE',  ( 1.000000000000000000, 0.0000000000000000000, 0.0000000000000000000 ) ) ;
#1034 = CARTESIAN_POINT ( 'NONE',  ( 21.00000000000000000, 4.000000000000000000, -8.500000000000000000 ) ) ;
#1035 = DIRECTION ( 'NONE',  ( 1.084202172485504434E-16, 0.0000000000000000000, 1.000000000000000000 ) ) ;
#1036 = ORIENTED_EDGE ( 'NONE', *, *, #2072, .T. ) ;
#1037 = CARTESIAN_POINT ( 'NONE',  ( 17.50000000000000000, 4.000000000000000000, -1.500000000000000000 ) ) ;
#1038 = EDGE_CURVE ( 'NONE', #2296, #348, #1139, .T. ) ;
#1039 = DIRECTION ( 'NONE',  ( -0.0000000000000000000, -1.000000000000000000, -0.0000000000000000000 ) ) ;
#1040 = DIRECTION ( 'NONE',  ( 0.0000000000000000000, 0.0000000000000000000, 1.000000000000000000 ) ) ;
#1041 = CARTESIAN_POINT ( 'NONE',  ( 26.00000000000000000, 16.00000000000000000, 0.0000000000000000000 ) ) ;
#1042 = FACE_OUTER_BOUND ( 'NONE', #1071, .T. ) ;
#1043 = DIRECTION ( 'NONE',  ( 0.0000000000000000000, 0.0000000000000000000, -1.000000000000000000 ) ) ;
#1044 = VECTOR ( 'NONE', #944, 1000.000000000000000 ) ;
#1045 = LINE ( 'NONE', #2098, #2045 ) ;
#1046 = ORIENTED_EDGE ( 'NONE', *, *, #398, .F. ) ;
#1047 = LINE ( 'NONE', #1055, #1436 ) ;
#1048 = VERTEX_POINT ( 'NONE', #861 ) ;
#1049 = DIRECTION ( 'NONE',  ( 1.000000000000000000, 0.0000000000000000000, 0.0000000000000000000 ) ) ;
#1050 = CARTESIAN_POINT ( 'NONE',  ( 13.00000000000000000, 0.0000000000000000000, -2.000000000000000444 ) ) ;
#1051 = CARTESIAN_POINT ( 'NONE',  ( 8.499999999999996447, 4.000000000000000000, -8.499999999999998224 ) ) ;
#1052 = LINE ( 'NONE', #1127, #1114 ) ;
#1053 = LINE ( 'NONE', #553, #499 ) ;
#1054 = DIRECTION ( 'NONE',  ( 0.0000000000000000000, 0.0000000000000000000, 1.000000000000000000 ) ) ;
#1055 = CARTESIAN_POINT ( 'NONE',  ( 23.19999999999999929, 13.50000000000000000, -8.500000000000000000 ) ) ;
#1056 = EDGE_CURVE ( 'NONE', #2345, #588, #1300, .T. ) ;
#1057 = ORIENTED_EDGE ( 'NONE', *, *, #1329, .T. ) ;
#1058 = DIRECTION ( 'NONE',  ( -1.000000000000000000, -0.0000000000000000000, -0.0000000000000000000 ) ) ;
#1059 = DIRECTION ( 'NONE',  ( 1.000000000000000000, 0.0000000000000000000, 0.0000000000000000000 ) ) ;
#1060 = VERTEX_POINT ( 'NONE', #2205 ) ;
#1061 = DIRECTION ( 'NONE',  ( 0.0000000000000000000, -1.000000000000000000, 0.0000000000000000000 ) ) ;
#1062 = ORIENTED_EDGE ( 'NONE', *, *, #1145, .T. ) ;
#1063 = PLANE ( 'NONE',  #371 ) ;
#1064 = CARTESIAN_POINT ( 'NONE',  ( 5.000000000000000000, 5.000000000000000000, -2.923344034270480396 ) ) ;
#1065 = AXIS2_PLACEMENT_3D ( 'NONE', #1990, #2186, #1258 ) ;
#1066 = ORIENTED_EDGE ( 'NONE', *, *, #544, .F. ) ;
#1067 = ADVANCED_FACE ( 'NONE', ( #1271 ), #114, .T. ) ;
#1068 = CARTESIAN_POINT ( 'NONE',  ( 0.0000000000000000000, 4.000000000000000000, 0.0000000000000000000 ) ) ;
#1069 = DIRECTION ( 'NONE',  ( 0.0000000000000000000, 0.0000000000000000000, -1.000000000000000000 ) ) ;
#1070 = EDGE_CURVE ( 'NONE', #397, #2337, #1168, .T. ) ;
#1071 = EDGE_LOOP ( 'NONE', ( #554, #176, #991, #2315 ) ) ;
#1072 = CARTESIAN_POINT ( 'NONE',  ( 20.50000000000000000, 4.000000000000000000, -1.500000000000000000 ) ) ;
#1073 = DIRECTION ( 'NONE',  ( 0.0000000000000000000, -0.0000000000000000000, -1.000000000000000000 ) ) ;
#1074 = EDGE_CURVE ( 'NONE', #2280, #1353, #882, .T. ) ;
#1075 = AXIS2_PLACEMENT_3D ( 'NONE', #481, #2354, #1043 ) ;
#1076 = LOCAL_TIME ( 12, 8, 54.00000000000000000, #130 ) ;
#1077 = VECTOR ( 'NONE', #2130, 1000.000000000000000 ) ;
#1078 = CARTESIAN_POINT ( 'NONE',  ( 1.250000000000011546, 8.000000000000000000, -6.400000000000000355 ) ) ;
#1079 = ORIENTED_EDGE ( 'NONE', *, *, #1162, .T. ) ;
#1080 = FACE_OUTER_BOUND ( 'NONE', #2036, .T. ) ;
#1081 = ORIENTED_EDGE ( 'NONE', *, *, #526, .T. ) ;
#1082 = ADVANCED_FACE ( 'NONE', ( #786 ), #815, .F. ) ;
#1083 = ORIENTED_EDGE ( 'NONE', *, *, #1773, .F. ) ;
#1084 = CARTESIAN_POINT ( 'NONE',  ( 26.00000000000000000, 8.000000000000000000, -2.350000000000007638 ) ) ;
#1085 = CYLINDRICAL_SURFACE ( 'NONE', #269, 2.099999999999999645 ) ;
#1086 = CIRCLE ( 'NONE', #1653, 3.250000000000000444 ) ;
#1087 = ORIENTED_EDGE ( 'NONE', *, *, #1518, .F. ) ;
#1088 = CARTESIAN_POINT ( 'NONE',  ( 5.500000000000001776, -0.0000000000000000000, -1.499999999999998224 ) ) ;
#1089 = EDGE_LOOP ( 'NONE', ( #2310, #2200, #2055, #355 ) ) ;
#1090 = EDGE_CURVE ( 'NONE', #2175, #2309, #1086, .T. ) ;
#1091 = B_SPLINE_CURVE_WITH_KNOTS ( 'NONE', 3,
 ( #1395, #1027, #468, #2137 ),
 .UNSPECIFIED., .F., .F.,
 ( 4, 4 ),
 ( 4.416736787580399614E-17, 0.0008524893718076413185 ),
 .UNSPECIFIED. ) ;
#1092 = AXIS2_PLACEMENT_3D ( 'NONE', #2342, #61, #1230 ) ;
#1093 = ADVANCED_FACE ( 'NONE', ( #674 ), #690, .F. ) ;
#1094 = DIRECTION ( 'NONE',  ( 0.0000000000000000000, 0.0000000000000000000, -1.000000000000000000 ) ) ;
#1095 = CARTESIAN_POINT ( 'NONE',  ( 23.19999999999999929, 5.000000000000000000, -8.236124225056865811 ) ) ;
#1096 = ORIENTED_EDGE ( 'NONE', *, *, #2154, .T. ) ;
#1097 = PERSON_AND_ORGANIZATION_ROLE ( 'classification_officer' ) ;
#1098 = ORIENTED_EDGE ( 'NONE', *, *, #2059, .F. ) ;
#1099 = CARTESIAN_POINT ( 'NONE',  ( 2.500000000000000444, 0.0000000000000000000, -2.900000000000000799 ) ) ;
#1100 = ORIENTED_EDGE ( 'NONE', *, *, #457, .T. ) ;
#1101 = CARTESIAN_POINT ( 'NONE',  ( 21.00000000000000000, 4.000000000000000000, -8.500000000000000000 ) ) ;
#1102 = DIRECTION ( 'NONE',  ( 1.000000000000000000, 0.0000000000000000000, 0.0000000000000000000 ) ) ;
#1103 = EDGE_CURVE ( 'NONE', #1002, #606, #2313, .T. ) ;
#1104 = EDGE_CURVE ( 'NONE', #1363, #2369, #289, .T. ) ;
#1105 = LINE ( 'NONE', #922, #2427 ) ;
#1106 = CARTESIAN_POINT ( 'NONE',  ( 3.311458169943519714, 4.118078592010968819, -8.149526774883602442 ) ) ;
#1107 = VECTOR ( 'NONE', #767, 1000.000000000000000 ) ;
#1108 = ORIENTED_EDGE ( 'NONE', *, *, #1649, .F. ) ;
#1109 = DIRECTION ( 'NONE',  ( -0.0000000000000000000, 1.000000000000000000, -0.0000000000000000000 ) ) ;
#1110 = VERTEX_POINT ( 'NONE', #2399 ) ;
#1111 = AXIS2_PLACEMENT_3D ( 'NONE', #260, #1004, #1739 ) ;
#1112 = FACE_OUTER_BOUND ( 'NONE', #902, .T. ) ;
#1113 = ORIENTED_EDGE ( 'NONE', *, *, #2047, .T. ) ;
#1114 = VECTOR ( 'NONE', #2079, 1000.000000000000000 ) ;
#1115 = VECTOR ( 'NONE', #1630, 1000.000000000000000 ) ;
#1116 = AXIS2_PLACEMENT_3D ( 'NONE', #2158, #1790, #83 ) ;
#1117 = CARTESIAN_POINT ( 'NONE',  ( 2.500000000000000000, 5.000000000000000000, -5.000000000000000000 ) ) ;
#1118 = ORIENTED_EDGE ( 'NONE', *, *, #1971, .F. ) ;
#1119 = CARTESIAN_POINT ( 'NONE',  ( 3.676446056246460259, 4.000000000000000000, -8.032597563593764534 ) ) ;
#1120 = APPROVAL ( #156, 'UNSPECIFIED' ) ;
#1121 = ORIENTED_EDGE ( 'NONE', *, *, #2396, .F. ) ;
#1122 = CARTESIAN_POINT ( 'NONE',  ( 26.00000000000000000, 0.0000000000000000000, 0.0000000000000000000 ) ) ;
#1123 = DIRECTION ( 'NONE',  ( -1.000000000000000000, 0.0000000000000000000, 0.0000000000000000000 ) ) ;
#1124 = ORIENTED_EDGE ( 'NONE', *, *, #1457, .T. ) ;
#1125 = EDGE_LOOP ( 'NONE', ( #888, #1290 ) ) ;
#1126 = ORIENTED_EDGE ( 'NONE', *, *, #2155, .F. ) ;
#1127 = CARTESIAN_POINT ( 'NONE',  ( 9.000000000000000000, 4.000000000000000000, -1.499999999999998890 ) ) ;
#1128 = CARTESIAN_POINT ( 'NONE',  ( 21.00000000000000000, 4.000000000000000000, -8.000000000000000000 ) ) ;
#1129 = LOCAL_TIME ( 12, 8, 54.00000000000000000, #752 ) ;
#1130 = CIRCLE ( 'NONE', #825, 0.5000000000000004441 ) ;
#1131 = EDGE_CURVE ( 'NONE', #755, #921, #1683, .T. ) ;
#1132 = ORIENTED_EDGE ( 'NONE', *, *, #1304, .F. ) ;
#1133 = CIRCLE ( 'NONE', #1149, 2.049999999999998934 ) ;
#1134 = VECTOR ( 'NONE', #1734, 1000.000000000000000 ) ;
#1135 = AXIS2_PLACEMENT_3D ( 'NONE', #906, #1473, #1484 ) ;
#1136 = VERTEX_POINT ( 'NONE', #344 ) ;
#1137 = CARTESIAN_POINT ( 'NONE',  ( 17.00000000000000000, 4.000000000000000000, -1.500000000000000000 ) ) ;
#1138 = LINE ( 'NONE', #1667, #1750 ) ;
#1139 = LINE ( 'NONE', #1616, #609 ) ;
#1140 = CARTESIAN_POINT ( 'NONE',  ( 23.19999999999999929, 12.00000000000000000, 0.0000000000000000000 ) ) ;
#1141 = ORIENTED_EDGE ( 'NONE', *, *, #836, .T. ) ;
#1142 = DIRECTION ( 'NONE',  ( 0.0000000000000000000, 3.273063162220400679E-15, -1.000000000000000000 ) ) ;
#1143 = VERTEX_POINT ( 'NONE', #1669 ) ;
#1144 = CARTESIAN_POINT ( 'NONE',  ( 3.800000000000000266, 5.000000000000000000, -10.00000000000000000 ) ) ;
#1145 = EDGE_CURVE ( 'NONE', #1886, #1303, #1239, .T. ) ;
#1146 = CARTESIAN_POINT ( 'NONE',  ( 26.00000000000000000, 13.50000000000000000, -5.000000000000000000 ) ) ;
#1147 = VERTEX_POINT ( 'NONE', #2041 ) ;
#1148 = CARTESIAN_POINT ( 'NONE',  ( 2.500000000000000000, 5.000000000000000000, -7.099999999999999645 ) ) ;
#1149 = AXIS2_PLACEMENT_3D ( 'NONE', #1889, #1702, #570 ) ;
#1150 = ORIENTED_EDGE ( 'NONE', *, *, #2028, .F. ) ;
#1151 = CARTESIAN_POINT ( 'NONE',  ( 17.00000000000000000, 4.000000000000000000, -8.000000000000000000 ) ) ;
#1152 = ORIENTED_EDGE ( 'NONE', *, *, #1771, .T. ) ;
#1153 = AXIS2_PLACEMENT_3D ( 'NONE', #607, #2293, #1362 ) ;
#1154 = CARTESIAN_POINT ( 'NONE',  ( 23.19999999999999929, 13.50000000000000000, -5.000000000000000000 ) ) ;
#1155 = PLANE ( 'NONE',  #1242 ) ;
#1156 = LINE ( 'NONE', #2329, #2159 ) ;
#1157 = DIRECTION ( 'NONE',  ( 1.000000000000000000, 0.0000000000000000000, 0.0000000000000000000 ) ) ;
#1158 = ORIENTED_EDGE ( 'NONE', *, *, #1494, .T. ) ;
#1159 = CYLINDRICAL_SURFACE ( 'NONE', #1621, 4.000000000000000000 ) ;
#1160 = LINE ( 'NONE', #412, #2228 ) ;
#1161 = ORIENTED_EDGE ( 'NONE', *, *, #1857, .T. ) ;
#1162 = EDGE_CURVE ( 'NONE', #1376, #2285, #636, .T. ) ;
#1163 = CARTESIAN_POINT ( 'NONE',  ( 13.00000000000000000, 4.000000000000000000, -5.000000000000000000 ) ) ;
#1164 = FACE_OUTER_BOUND ( 'NONE', #772, .T. ) ;
#1165 = ORIENTED_EDGE ( 'NONE', *, *, #1104, .T. ) ;
#1166 = CARTESIAN_POINT ( 'NONE',  ( 2.800000000000000266, 5.000000000000000000, -10.00000000000000000 ) ) ;
#1167 = VECTOR ( 'NONE', #399, 1000.000000000000000 ) ;
#1168 = LINE ( 'NONE', #1246, #2236 ) ;
#1169 = DIRECTION ( 'NONE',  ( -0.0000000000000000000, -1.000000000000000000, -0.0000000000000000000 ) ) ;
#1170 = DIRECTION ( 'NONE',  ( 0.0000000000000000000, -0.0000000000000000000, 1.000000000000000000 ) ) ;
#1171 = CARTESIAN_POINT ( 'NONE',  ( 9.000000000000000000, 0.0000000000000000000, -1.999999999999999112 ) ) ;
#1172 = VERTEX_POINT ( 'NONE', #1301 ) ;
#1173 = DIRECTION ( 'NONE',  ( -0.0000000000000000000, -1.000000000000000000, -0.0000000000000000000 ) ) ;
#1174 = CARTESIAN_POINT ( 'NONE',  ( 24.75000000000000355, 8.000000000000000000, -5.000000000000000000 ) ) ;
#1175 = DIRECTION ( 'NONE',  ( -1.000000000000000000, 0.0000000000000000000, 0.0000000000000000000 ) ) ;
#1176 = EDGE_CURVE ( 'NONE', #121, #2291, #1727, .T. ) ;
#1177 = ORIENTED_EDGE ( 'NONE', *, *, #267, .T. ) ;
#1178 = ADVANCED_FACE ( 'NONE', ( #1583 ), #2426, .F. ) ;
#1179 = CARTESIAN_POINT ( 'NONE',  ( 8.499999999999998224, 0.0000000000000000000, -1.499999999999998668 ) ) ;
#1180 = ORIENTED_EDGE ( 'NONE', *, *, #1457, .F. ) ;
#1181 = CARTESIAN_POINT ( 'NONE',  ( 2.800000000000001155, 5.000000000000000000, -1.763875774943118202 ) ) ;
#1182 = ORIENTED_EDGE ( 'NONE', *, *, #2311, .F. ) ;
#1183 = ORIENTED_EDGE ( 'NONE', *, *, #768, .T. ) ;
#1184 = AXIS2_PLACEMENT_3D ( 'NONE', #1507, #268, #1186 ) ;
#1185 = DIRECTION ( 'NONE',  ( 0.0000000000000000000, 0.0000000000000000000, 1.000000000000000000 ) ) ;
#1186 = DIRECTION ( 'NONE',  ( 0.0000000000000000000, 0.0000000000000000000, -1.000000000000000000 ) ) ;
#1187 = DIRECTION ( 'NONE',  ( 0.0000000000000000000, 0.0000000000000000000, -1.000000000000000000 ) ) ;
#1188 = FACE_OUTER_BOUND ( 'NONE', #2276, .T. ) ;
#1189 = LINE ( 'NONE', #88, #1077 ) ;
#1190 = ORIENTED_EDGE ( 'NONE', *, *, #203, .T. ) ;
#1191 = DIRECTION ( 'NONE',  ( 0.0000000000000000000, 0.0000000000000000000, -1.000000000000000000 ) ) ;
#1192 = ADVANCED_FACE ( 'NONE', ( #1874 ), #2108, .T. ) ;
#1193 = EDGE_CURVE ( 'NONE', #2091, #458, #2173, .T. ) ;
#1194 = CARTESIAN_POINT ( 'NONE',  ( 5.499999999999998224, 0.0000000000000000000, -8.499999999999998224 ) ) ;
#1195 = VECTOR ( 'NONE', #1466, 1000.000000000000000 ) ;
#1196 = VECTOR ( 'NONE', #1907, 1000.000000000000000 ) ;
#1197 = VERTEX_POINT ( 'NONE', #352 ) ;
#1198 = FACE_BOUND ( 'NONE', #951, .T. ) ;
#1199 = FACE_OUTER_BOUND ( 'NONE', #834, .T. ) ;
#1200 = CARTESIAN_POINT ( 'NONE',  ( 25.39999999999283276, 10.01840909090635101, -5.358503475191819909 ) ) ;
#1201 = EDGE_CURVE ( 'NONE', #2002, #1264, #2052, .T. ) ;
#1202 = DIRECTION ( 'NONE',  ( 0.0000000000000000000, 0.0000000000000000000, -1.000000000000000000 ) ) ;
#1203 = CARTESIAN_POINT ( 'NONE',  ( 26.00000000000000000, 8.000000000000000000, -5.000000000000000000 ) ) ;
#1204 = AXIS2_PLACEMENT_3D ( 'NONE', #794, #234, #800 ) ;
#1205 = CARTESIAN_POINT ( 'NONE',  ( 0.0000000000000000000, 0.0000000000000000000, 0.0000000000000000000 ) ) ;
#1206 = AXIS2_PLACEMENT_3D ( 'NONE', #2334, #1594, #672 ) ;
#1207 = ORIENTED_EDGE ( 'NONE', *, *, #424, .F. ) ;
#1208 = CARTESIAN_POINT ( 'NONE',  ( 2.800000000000000711, 4.865062716355812000, -1.763875774943118868 ) ) ;
#1209 = EDGE_LOOP ( 'NONE', ( #1693, #1809 ) ) ;
#1210 = ADVANCED_FACE ( 'NONE', ( #1704 ), #560, .F. ) ;
#1211 = CARTESIAN_POINT ( 'NONE',  ( 0.0000000000000000000, 0.0000000000000000000, 0.0000000000000000000 ) ) ;
#1212 = CARTESIAN_POINT ( 'NONE',  ( 0.0000000000000000000, 16.00000000000000000, -10.00000000000000000 ) ) ;
#1213 = DIRECTION ( 'NONE',  ( 0.0000000000000000000, 0.0000000000000000000, -1.000000000000000000 ) ) ;
#1214 = VERTEX_POINT ( 'NONE', #368 ) ;
#1215 = EDGE_CURVE ( 'NONE', #1958, #1008, #1053, .T. ) ;
#1216 = EDGE_LOOP ( 'NONE', ( #503, #1320 ) ) ;
#1217 = DIRECTION ( 'NONE',  ( -0.0000000000000000000, 0.0000000000000000000, -1.000000000000000000 ) ) ;
#1218 = ORIENTED_EDGE ( 'NONE', *, *, #1806, .F. ) ;
#1219 = DIRECTION ( 'NONE',  ( 0.0000000000000000000, 0.0000000000000000000, 1.000000000000000000 ) ) ;
#1220 = DIRECTION ( 'NONE',  ( 0.0000000000000000000, 0.0000000000000000000, -1.000000000000000000 ) ) ;
#1221 = CARTESIAN_POINT ( 'NONE',  ( 22.19999999999999574, 5.000000000000000000, 0.0000000000000000000 ) ) ;
#1222 = ADVANCED_FACE ( 'NONE', ( #1199 ), #48, .F. ) ;
#1223 = DIRECTION ( 'NONE',  ( -1.000000000000000000, 0.0000000000000000000, -0.0000000000000000000 ) ) ;
#1224 = VECTOR ( 'NONE', #1039, 1000.000000000000000 ) ;
#1225 = EDGE_LOOP ( 'NONE', ( #1662, #563, #591, #860 ) ) ;
#1226 = DIRECTION ( 'NONE',  ( 0.0000000000000000000, 0.0000000000000000000, 1.000000000000000000 ) ) ;
#1227 = VECTOR ( 'NONE', #2081, 1000.000000000000000 ) ;
#1228 = ORIENTED_EDGE ( 'NONE', *, *, #2271, .F. ) ;
#1229 = CARTESIAN_POINT ( 'NONE',  ( 26.00000000000000000, 16.00000000000000000, 0.0000000000000000000 ) ) ;
#1230 = DIRECTION ( 'NONE',  ( 0.0000000000000000000, 0.0000000000000000000, -1.000000000000000000 ) ) ;
#1231 = VERTEX_POINT ( 'NONE', #175 ) ;
#1232 = LINE ( 'NONE', #2161, #1680 ) ;
#1233 = ORIENTED_EDGE ( 'NONE', *, *, #1705, .F. ) ;
#1234 = EDGE_CURVE ( 'NONE', #525, #586, #2136, .T. ) ;
#1235 = CARTESIAN_POINT ( 'NONE',  ( 20.50000000000000000, 4.000000000000000000, -8.000000000000000000 ) ) ;
#1236 = EDGE_CURVE ( 'NONE', #2272, #583, #197, .T. ) ;
#1237 = DIRECTION ( 'NONE',  ( 0.0000000000000000000, 1.000000000000000000, -0.0000000000000000000 ) ) ;
#1238 = FACE_BOUND ( 'NONE', #1216, .T. ) ;
#1239 = LINE ( 'NONE', #1490, #761 ) ;
#1240 = CARTESIAN_POINT ( 'NONE',  ( 0.0000000000000000000, 8.000000000000000000, -5.000000000000000000 ) ) ;
#1241 = DIRECTION ( 'NONE',  ( -1.000000000000000000, 0.0000000000000000000, 0.0000000000000000000 ) ) ;
#1242 = AXIS2_PLACEMENT_3D ( 'NONE', #219, #597, #947 ) ;
#1243 = VERTEX_POINT ( 'NONE', #1829 ) ;
#1244 = DIRECTION ( 'NONE',  ( 0.0000000000000000000, 0.0000000000000000000, -1.000000000000000000 ) ) ;
#1245 = AXIS2_PLACEMENT_3D ( 'NONE', #1154, #2298, #1407 ) ;
#1246 = CARTESIAN_POINT ( 'NONE',  ( -3.252606517456508372E-16, -0.0000000000000000000, -1.499999999999996891 ) ) ;
#1247 = EDGE_LOOP ( 'NONE', ( #1165, #641, #2321, #110 ) ) ;
#1248 = DIRECTION ( 'NONE',  ( 0.0000000000000000000, -0.0000000000000000000, 1.000000000000000000 ) ) ;
#1249 = DIRECTION ( 'NONE',  ( 0.0000000000000000000, -0.0000000000000000000, -1.000000000000000000 ) ) ;
#1250 = CARTESIAN_POINT ( 'NONE',  ( 5.000000000000001776, -0.0000000000000000000, -2.478176394252582127E-15 ) ) ;
#1251 = VERTEX_POINT ( 'NONE', #2057 ) ;
#1252 = CARTESIAN_POINT ( 'NONE',  ( 0.0000000000000000000, 12.00000000000000000, 0.0000000000000000000 ) ) ;
#1253 = CARTESIAN_POINT ( 'NONE',  ( 0.0000000000000000000, 0.0000000000000000000, 0.0000000000000000000 ) ) ;
#1254 = VERTEX_POINT ( 'NONE', #1140 ) ;
#1255 = VERTEX_POINT ( 'NONE', #2070 ) ;
#1256 = CARTESIAN_POINT ( 'NONE',  ( 21.00000000000000000, -3.000000000000000000, -8.500000000000000000 ) ) ;
#1257 = PRODUCT_RELATED_PRODUCT_CATEGORY ( 'detail', '', ( #2226 ) ) ;
#1258 = DIRECTION ( 'NONE',  ( 0.0000000000000000000, 0.0000000000000000000, 1.000000000000000000 ) ) ;
#1259 = CARTESIAN_POINT ( 'NONE',  ( 5.000000000000000888, 4.000000000000000000, -1.999999999999998224 ) ) ;
#1260 = ADVANCED_FACE ( 'NONE', ( #2376 ), #1921, .F. ) ;
#1261 =( NAMED_UNIT ( * ) SI_UNIT ( $, .STERADIAN. ) SOLID_ANGLE_UNIT ( ) );
#1262 = CIRCLE ( 'NONE', #582, 4.000000000000000000 ) ;
#1263 = CYLINDRICAL_SURFACE ( 'NONE', #1245, 3.500000000000000444 ) ;
#1264 = VERTEX_POINT ( 'NONE', #1711 ) ;
#1265 = LINE ( 'NONE', #2325, #600 ) ;
#1266 = ORIENTED_EDGE ( 'NONE', *, *, #283, .F. ) ;
#1267 = DIRECTION ( 'NONE',  ( -1.000000000000000000, 0.0000000000000000000, 2.168404344971010101E-16 ) ) ;
#1268 = ORIENTED_EDGE ( 'NONE', *, *, #1912, .T. ) ;
#1269 = CARTESIAN_POINT ( 'NONE',  ( 23.49999999999999645, 5.000000000000000000, -4.999999999999985789 ) ) ;
#1270 = CYLINDRICAL_SURFACE ( 'NONE', #1206, 2.649999999999992362 ) ;
#1271 = FACE_OUTER_BOUND ( 'NONE', #2145, .T. ) ;
#1272 = DIRECTION ( 'NONE',  ( -0.0000000000000000000, 0.0000000000000000000, -1.000000000000000000 ) ) ;
#1273 = EDGE_CURVE ( 'NONE', #2175, #2309, #932, .T. ) ;
#1274 = ORIENTED_EDGE ( 'NONE', *, *, #1019, .F. ) ;
#1275 = AXIS2_PLACEMENT_3D ( 'NONE', #1256, #681, #2358 ) ;
#1276 = DIRECTION ( 'NONE',  ( -0.0000000000000000000, -1.000000000000000000, 0.0000000000000000000 ) ) ;
#1277 = ORIENTED_EDGE ( 'NONE', *, *, #898, .T. ) ;
#1278 = CARTESIAN_POINT ( 'NONE',  ( 26.00000000000000000, 13.50000000000000000, -5.000000000000000000 ) ) ;
#1279 = DIRECTION ( 'NONE',  ( 0.0000000000000000000, 0.0000000000000000000, 1.000000000000000000 ) ) ;
#1280 = VERTEX_POINT ( 'NONE', #181 ) ;
#1281 = DIRECTION ( 'NONE',  ( 1.000000000000000000, 0.0000000000000000000, 0.0000000000000000000 ) ) ;
#1282 = CARTESIAN_POINT ( 'NONE',  ( 0.0000000000000000000, 0.0000000000000000000, -8.499999999999998224 ) ) ;
#1283 = EDGE_CURVE ( 'NONE', #1391, #1002, #108, .T. ) ;
#1284 = ORIENTED_EDGE ( 'NONE', *, *, #78, .F. ) ;
#1285 = ADVANCED_FACE ( 'NONE', ( #131 ), #2436, .T. ) ;
#1286 = CARTESIAN_POINT ( 'NONE',  ( 24.75000000000000355, 8.000000000000000000, -5.000000000000000000 ) ) ;
#1287 = CARTESIAN_POINT ( 'NONE',  ( 13.00000000000000000, -3.000000000000000000, -5.000000000000000000 ) ) ;
#1288 = AXIS2_PLACEMENT_3D ( 'NONE', #621, #2307, #1929 ) ;
#1289 = CIRCLE ( 'NONE', #2248, 1.000000000000000888 ) ;
#1290 = ORIENTED_EDGE ( 'NONE', *, *, #157, .F. ) ;
#1291 = CIRCLE ( 'NONE', #1153, 0.5000000000000004441 ) ;
#1292 = ORIENTED_EDGE ( 'NONE', *, *, #302, .F. ) ;
#1293 = DATE_TIME_ROLE ( 'classification_date' ) ;
#1294 = AXIS2_PLACEMENT_3D ( 'NONE', #46, #36, #587 ) ;
#1295 = VECTOR ( 'NONE', #2174, 1000.000000000000000 ) ;
#1296 = VERTEX_POINT ( 'NONE', #1870 ) ;
#1297 = CARTESIAN_POINT ( 'NONE',  ( 22.99117533221467724, 4.374358530247197230, -1.788634722644565578 ) ) ;
#1298 = ADVANCED_FACE ( 'NONE', ( #1505 ), #1338, .F. ) ;
#1299 = LINE ( 'NONE', #971, #738 ) ;
#1300 = CIRCLE ( 'NONE', #1887, 2.100000000000000533 ) ;
#1301 = CARTESIAN_POINT ( 'NONE',  ( 23.19999999999999929, 5.000000000000000000, 0.0000000000000000000 ) ) ;
#1302 = CARTESIAN_POINT ( 'NONE',  ( 0.0000000000000000000, 0.0000000000000000000, -2.923344034270480840 ) ) ;
#1303 = VERTEX_POINT ( 'NONE', #2252 ) ;
#1304 = EDGE_CURVE ( 'NONE', #2075, #1197, #1801, .T. ) ;
#1305 = CARTESIAN_POINT ( 'NONE',  ( 3.800000000000000266, 4.000000000000000000, -7.978674201721295489 ) ) ;
#1306 = AXIS2_PLACEMENT_3D ( 'NONE', #1253, #2416, #1487 ) ;
#1307 = DIRECTION ( 'NONE',  ( -0.0000000000000000000, -0.0000000000000000000, -1.000000000000000000 ) ) ;
#1308 = ORIENTED_EDGE ( 'NONE', *, *, #1273, .T. ) ;
#1309 = ORIENTED_EDGE ( 'NONE', *, *, #2191, .F. ) ;
#1310 = CARTESIAN_POINT ( 'NONE',  ( 3.549899637243657757, 4.023317708702857765, -8.078261525438090729 ) ) ;
#1311 = ORIENTED_EDGE ( 'NONE', *, *, #1794, .T. ) ;
#1312 = DIRECTION ( 'NONE',  ( 4.956352788505162282E-16, 0.0000000000000000000, 1.000000000000000000 ) ) ;
#1313 = EDGE_CURVE ( 'NONE', #2231, #793, #34, .T. ) ;
#1314 = LINE ( 'NONE', #2221, #550 ) ;
#1315 = CARTESIAN_POINT ( 'NONE',  ( 22.45010036275634135, 4.023317708702855988, -1.921738474561899279 ) ) ;
#1316 = ORGANIZATION ( 'UNSPECIFIED', 'UNSPECIFIED', '' ) ;
#1317 = LINE ( 'NONE', #986, #456 ) ;
#1318 = ORIENTED_EDGE ( 'NONE', *, *, #1038, .F. ) ;
#1319 = VECTOR ( 'NONE', #832, 1000.000000000000000 ) ;
#1320 = ORIENTED_EDGE ( 'NONE', *, *, #1056, .F. ) ;
#1321 = VERTEX_POINT ( 'NONE', #938 ) ;
#1322 = CIRCLE ( 'NONE', #514, 4.000000000000000000 ) ;
#1323 = VECTOR ( 'NONE', #1492, 1000.000000000000000 ) ;
#1324 = AXIS2_PLACEMENT_3D ( 'NONE', #1068, #1989, #1248 ) ;
#1325 = CARTESIAN_POINT ( 'NONE',  ( 23.19999999999999929, 5.000000000000000000, -1.763875774943105990 ) ) ;
#1326 = DIRECTION ( 'NONE',  ( -0.7071067811865480168, 0.0000000000000000000, 0.7071067811865470176 ) ) ;
#1327 = DIRECTION ( 'NONE',  ( 0.0000000000000000000, 0.0000000000000000000, -1.000000000000000000 ) ) ;
#1328 = VERTEX_POINT ( 'NONE', #1128 ) ;
#1329 = EDGE_CURVE ( 'NONE', #940, #1243, #251, .T. ) ;
#1330 = EDGE_LOOP ( 'NONE', ( #1177, #733 ) ) ;
#1331 = EDGE_CURVE ( 'NONE', #294, #2156, #2289, .T. ) ;
#1332 = AXIS2_PLACEMENT_3D ( 'NONE', #2093, #418, #1746 ) ;
#1333 = ORIENTED_EDGE ( 'NONE', *, *, #1692, .T. ) ;
#1334 = CARTESIAN_POINT ( 'NONE',  ( 2.800000000000000266, 4.000000000000000000, -10.00000000000000000 ) ) ;
#1335 = CARTESIAN_POINT ( 'NONE',  ( 20.50000000000000000, -3.000000000000000000, -8.000000000000000000 ) ) ;
#1336 = AXIS2_PLACEMENT_3D ( 'NONE', #1415, #281, #2357 ) ;
#1337 = ORIENTED_EDGE ( 'NONE', *, *, #2242, .F. ) ;
#1338 = CYLINDRICAL_SURFACE ( 'NONE', #945, 0.5000000000000004441 ) ;
#1339 = VERTEX_POINT ( 'NONE', #469 ) ;
#1340 = CARTESIAN_POINT ( 'NONE',  ( 0.0000000000000000000, 16.00000000000000000, 0.0000000000000000000 ) ) ;
#1341 = FACE_OUTER_BOUND ( 'NONE', #1783, .T. ) ;
#1342 = EDGE_CURVE ( 'NONE', #1021, #230, #1138, .T. ) ;
#1343 = ORIENTED_EDGE ( 'NONE', *, *, #1697, .T. ) ;
#1344 = DIRECTION ( 'NONE',  ( -1.000000000000000000, 0.0000000000000000000, 0.0000000000000000000 ) ) ;
#1345 = PRODUCT_DEFINITION ( 'UNKNOWN', '', #1652, #133 ) ;
#1346 = LINE ( 'NONE', #4, #1107 ) ;
#1347 = CIRCLE ( 'NONE', #1932, 0.5000000000000000000 ) ;
#1348 = AXIS2_PLACEMENT_3D ( 'NONE', #160, #361, #1312 ) ;
#1349 = VERTEX_POINT ( 'NONE', #2023 ) ;
#1350 = DIRECTION ( 'NONE',  ( 0.0000000000000000000, -0.0000000000000000000, -1.000000000000000000 ) ) ;
#1351 = CARTESIAN_POINT ( 'NONE',  ( 23.19999999999999929, 5.000000000000000000, -10.00000000000000000 ) ) ;
#1352 = CIRCLE ( 'NONE', #1581, 3.250000000000000444 ) ;
#1353 = VERTEX_POINT ( 'NONE', #2146 ) ;
#1354 = CYLINDRICAL_SURFACE ( 'NONE', #248, 3.250000000000000444 ) ;
#1355 = ORIENTED_EDGE ( 'NONE', *, *, #475, .T. ) ;
#1356 = DIRECTION ( 'NONE',  ( 0.0000000000000000000, -0.0000000000000000000, -1.000000000000000000 ) ) ;
#1357 = ORIENTED_EDGE ( 'NONE', *, *, #1728, .T. ) ;
#1358 = CARTESIAN_POINT ( 'NONE',  ( 13.00000000000002132, 13.50000000000000000, -5.000000000000000000 ) ) ;
#1359 = EDGE_CURVE ( 'NONE', #1296, #2091, #1378, .T. ) ;
#1360 = EDGE_CURVE ( 'NONE', #916, #2317, #785, .T. ) ;
#1361 = CARTESIAN_POINT ( 'NONE',  ( 23.49999999999999289, 0.0000000000000000000, -7.099999999999998757 ) ) ;
#1362 = DIRECTION ( 'NONE',  ( 0.0000000000000000000, 0.0000000000000000000, -1.000000000000000000 ) ) ;
#1363 = VERTEX_POINT ( 'NONE', #150 ) ;
#1364 = ORIENTED_EDGE ( 'NONE', *, *, #1844, .T. ) ;
#1365 = AXIS2_PLACEMENT_3D ( 'NONE', #1522, #1169, #2085 ) ;
#1366 = ORIENTED_EDGE ( 'NONE', *, *, #1234, .F. ) ;
#1367 = CARTESIAN_POINT ( 'NONE',  ( 30.00000000000000000, 13.50000000000000000, -5.000000000000000000 ) ) ;
#1368 = DIRECTION ( 'NONE',  ( 1.000000000000000000, 0.0000000000000000000, 0.0000000000000000000 ) ) ;
#1369 = DIRECTION ( 'NONE',  ( 0.0000000000000000000, 0.0000000000000000000, -1.000000000000000000 ) ) ;
#1370 = LINE ( 'NONE', #115, #923 ) ;
#1371 = VECTOR ( 'NONE', #228, 1000.000000000000000 ) ;
#1372 = ORIENTED_EDGE ( 'NONE', *, *, #90, .T. ) ;
#1373 = DIRECTION ( 'NONE',  ( 0.0000000000000000000, -1.000000000000000000, 0.0000000000000000000 ) ) ;
#1374 = DIRECTION ( 'NONE',  ( 0.0000000000000000000, 0.0000000000000000000, 1.000000000000000000 ) ) ;
#1375 = LINE ( 'NONE', #1252, #555 ) ;
#1376 = VERTEX_POINT ( 'NONE', #1766 ) ;
#1377 =( GEOMETRIC_REPRESENTATION_CONTEXT ( 3 ) GLOBAL_UNCERTAINTY_ASSIGNED_CONTEXT ( ( #464 ) ) GLOBAL_UNIT_ASSIGNED_CONTEXT ( ( #1460, #1440, #1261 ) ) REPRESENTATION_CONTEXT ( 'NONE', 'WORKASPACE' ) );
#1378 = CIRCLE ( 'NONE', #1598, 3.249999999999999556 ) ;
#1379 = VECTOR ( 'NONE', #1276, 1000.000000000000000 ) ;
#1380 = CARTESIAN_POINT ( 'NONE',  ( 24.60000000000000142, 15.55531080198745997, -7.832966202981190840 ) ) ;
#1381 = CARTESIAN_POINT ( 'NONE',  ( 30.00000000000000000, 13.50000000000000000, -5.000000000000000000 ) ) ;
#1382 = VERTEX_POINT ( 'NONE', #483 ) ;
#1383 = DIRECTION ( 'NONE',  ( 1.000000000000000000, -0.0000000000000000000, -0.0000000000000000000 ) ) ;
#1384 = ORIENTED_EDGE ( 'NONE', *, *, #356, .T. ) ;
#1385 = CARTESIAN_POINT ( 'NONE',  ( 26.00000000000000000, 5.000000000000000000, -7.076655965729501396 ) ) ;
#1386 = ORIENTED_EDGE ( 'NONE', *, *, #2363, .T. ) ;
#1387 = DIRECTION ( 'NONE',  ( -1.000000000000000000, -0.0000000000000000000, -0.0000000000000000000 ) ) ;
#1388 = DIRECTION ( 'NONE',  ( -0.0000000000000000000, -1.000000000000000000, -0.0000000000000000000 ) ) ;
#1389 = ORIENTED_EDGE ( 'NONE', *, *, #365, .F. ) ;
#1390 = EDGE_CURVE ( 'NONE', #2337, #685, #673, .T. ) ;
#1391 = VERTEX_POINT ( 'NONE', #644 ) ;
#1392 = DIRECTION ( 'NONE',  ( 0.0000000000000000000, 0.0000000000000000000, -1.000000000000000000 ) ) ;
#1393 = DIRECTION ( 'NONE',  ( 0.0000000000000000000, 0.0000000000000000000, -1.000000000000000000 ) ) ;
#1394 = ADVANCED_FACE ( 'NONE', ( #635 ), #1270, .F. ) ;
#1395 = CARTESIAN_POINT ( 'NONE',  ( 25.39999999999993463, 10.01840909090906351, -4.641496524793195633 ) ) ;
#1396 = ORIENTED_EDGE ( 'NONE', *, *, #2047, .F. ) ;
#1397 = DIRECTION ( 'NONE',  ( 0.0000000000000000000, -1.000000000000000000, 0.0000000000000000000 ) ) ;
#1398 = CARTESIAN_POINT ( 'NONE',  ( 26.00000000000000000, 13.50000000000000000, -1.499999999999999112 ) ) ;
#1399 = LOCAL_TIME ( 12, 8, 54.00000000000000000, #1890 ) ;
#1400 = FACE_OUTER_BOUND ( 'NONE', #1629, .T. ) ;
#1401 = VERTEX_POINT ( 'NONE', #273 ) ;
#1402 = EDGE_CURVE ( 'NONE', #606, #2259, #1650, .T. ) ;
#1403 = DIRECTION ( 'NONE',  ( 0.0000000000000000000, 1.000000000000000000, 0.0000000000000000000 ) ) ;
#1404 = LINE ( 'NONE', #2062, #1044 ) ;
#1405 = CIRCLE ( 'NONE', #484, 3.500000000000000888 ) ;
#1406 = ORIENTED_EDGE ( 'NONE', *, *, #267, .F. ) ;
#1407 = DIRECTION ( 'NONE',  ( 0.0000000000000000000, 0.0000000000000000000, -1.000000000000000000 ) ) ;
#1408 = CIRCLE ( 'NONE', #2382, 3.250000000000000444 ) ;
#1409 = ORIENTED_EDGE ( 'NONE', *, *, #1402, .F. ) ;
#1410 = CARTESIAN_POINT ( 'NONE',  ( 2.800000000000000266, 16.00000000000000000, -10.00000000000000000 ) ) ;
#1411 = AXIS2_PLACEMENT_3D ( 'NONE', #1005, #1772, #1223 ) ;
#1412 = CARTESIAN_POINT ( 'NONE',  ( 8.499999999999996447, 0.0000000000000000000, -8.499999999999998224 ) ) ;
#1413 = ORIENTED_EDGE ( 'NONE', *, *, #1360, .T. ) ;
#1414 = CARTESIAN_POINT ( 'NONE',  ( 3.551400614864477667, 4.022844145869650667, -1.922221627454790083 ) ) ;
#1415 = CARTESIAN_POINT ( 'NONE',  ( 23.19999999999999929, 13.50000000000000000, -5.000000000000000000 ) ) ;
#1416 = AXIS2_PLACEMENT_3D ( 'NONE', #612, #985, #683 ) ;
#1417 = ORIENTED_EDGE ( 'NONE', *, *, #2396, .T. ) ;
#1418 = CARTESIAN_POINT ( 'NONE',  ( 26.00000000000000000, 15.55531080198745819, -2.167033797018807384 ) ) ;
#1419 = DIRECTION ( 'NONE',  ( 1.000000000000000000, 0.0000000000000000000, 0.0000000000000000000 ) ) ;
#1420 = CARTESIAN_POINT ( 'NONE',  ( 0.0000000000000000000, -0.0000000000000000000, -1.500000000000000000 ) ) ;
#1421 = ADVANCED_FACE ( 'NONE', ( #2172 ), #113, .F. ) ;
#1422 = ORIENTED_EDGE ( 'NONE', *, *, #713, .F. ) ;
#1423 = DIRECTION ( 'NONE',  ( 0.0000000000000000000, 0.0000000000000000000, 1.000000000000000000 ) ) ;
#1424 = CARTESIAN_POINT ( 'NONE',  ( 2.800000000000000266, 5.000000000000000000, -10.00000000000000000 ) ) ;
#1425 = EDGE_CURVE ( 'NONE', #1382, #1401, #853, .T. ) ;
#1426 = EDGE_LOOP ( 'NONE', ( #413, #209 ) ) ;
#1427 = CARTESIAN_POINT ( 'NONE',  ( 2.500000000000000000, 5.000000000000000000, -5.000000000000000000 ) ) ;
#1428 = CARTESIAN_POINT ( 'NONE',  ( 22.19999999999999574, 4.000000000000000000, 0.0000000000000000000 ) ) ;
#1429 = PLANE ( 'NONE',  #2082 ) ;
#1430 = DIRECTION ( 'NONE',  ( -0.0000000000000000000, -1.000000000000000000, -0.0000000000000000000 ) ) ;
#1431 = LINE ( 'NONE', #1800, #487 ) ;
#1432 = CARTESIAN_POINT ( 'NONE',  ( 2.500000000000000000, 5.000000000000000000, -5.000000000000000000 ) ) ;
#1433 = FACE_OUTER_BOUND ( 'NONE', #136, .T. ) ;
#1434 = LINE ( 'NONE', #2193, #875 ) ;
#1435 = ORIENTED_EDGE ( 'NONE', *, *, #713, .T. ) ;
#1436 = VECTOR ( 'NONE', #1607, 1000.000000000000000 ) ;
#1437 = ORIENTED_EDGE ( 'NONE', *, *, #1425, .F. ) ;
#1438 = DIRECTION ( 'NONE',  ( 0.0000000000000000000, -1.000000000000000000, 0.0000000000000000000 ) ) ;
#1439 = EDGE_CURVE ( 'NONE', #2369, #2218, #2235, .T. ) ;
#1440 =( NAMED_UNIT ( * ) PLANE_ANGLE_UNIT ( ) SI_UNIT ( $, .RADIAN. ) );
#1441 = CONICAL_SURFACE ( 'NONE', #538, 1.400000000000000133, 0.7853981633974476129 ) ;
#1442 = VECTOR ( 'NONE', #143, 1000.000000000000000 ) ;
#1443 = ADVANCED_FACE ( 'NONE', ( #1726 ), #1354, .T. ) ;
#1444 = PLANE ( 'NONE',  #1275 ) ;
#1445 = CARTESIAN_POINT ( 'NONE',  ( 26.00000000000000000, 12.00000000000000000, -10.00000000000000000 ) ) ;
#1446 = CARTESIAN_POINT ( 'NONE',  ( 26.00000000000000000, 10.62386363636363562, -5.371267582436921373 ) ) ;
#1447 = PLANE ( 'NONE',  #651 ) ;
#1448 = ORIENTED_EDGE ( 'NONE', *, *, #558, .T. ) ;
#1449 = CARTESIAN_POINT ( 'NONE',  ( 23.49999999999999645, 0.0000000000000000000, -4.999999999999985789 ) ) ;
#1450 = DIRECTION ( 'NONE',  ( 0.0000000000000000000, -1.000000000000000000, 0.0000000000000000000 ) ) ;
#1451 = ORIENTED_EDGE ( 'NONE', *, *, #1570, .F. ) ;
#1452 = AXIS2_PLACEMENT_3D ( 'NONE', #239, #59, #624 ) ;
#1453 = CARTESIAN_POINT ( 'NONE',  ( 2.500000000000000000, 5.000000000000000000, -7.099999999999999645 ) ) ;
#1454 = ORIENTED_EDGE ( 'NONE', *, *, #1329, .F. ) ;
#1455 = CARTESIAN_POINT ( 'NONE',  ( 20.50000000000000000, -3.000000000000000000, -2.000000000000000000 ) ) ;
#1456 = CARTESIAN_POINT ( 'NONE',  ( 23.19999999999999929, 13.50000000000000000, -5.000000000000000000 ) ) ;
#1457 = EDGE_CURVE ( 'NONE', #793, #1255, #1813, .T. ) ;
#1458 = ORIENTED_EDGE ( 'NONE', *, *, #1176, .T. ) ;
#1459 = CARTESIAN_POINT ( 'NONE',  ( 25.39999999999993463, 10.01840909090906351, -4.641496524793195633 ) ) ;
#1460 =( LENGTH_UNIT ( ) NAMED_UNIT ( * ) SI_UNIT ( .MILLI., .METRE. ) );
#1461 = EDGE_CURVE ( 'NONE', #606, #2389, #137, .T. ) ;
#1462 = ORIENTED_EDGE ( 'NONE', *, *, #139, .F. ) ;
#1463 = AXIS2_PLACEMENT_3D ( 'NONE', #2294, #1714, #2274 ) ;
#1464 = CARTESIAN_POINT ( 'NONE',  ( 23.49999999999999289, 5.000000000000000000, -4.999999999999997335 ) ) ;
#1465 = AXIS2_PLACEMENT_3D ( 'NONE', #1427, #2381, #1819 ) ;
#1466 = DIRECTION ( 'NONE',  ( -0.0000000000000000000, -0.0000000000000000000, -1.000000000000000000 ) ) ;
#1467 = CIRCLE ( 'NONE', #391, 2.100000000000000533 ) ;
#1468 = ORIENTED_EDGE ( 'NONE', *, *, #1283, .F. ) ;
#1469 = DIRECTION ( 'NONE',  ( -0.0000000000000000000, 0.0000000000000000000, -1.000000000000000000 ) ) ;
#1470 = CIRCLE ( 'NONE', #2112, 1.000000000000000000 ) ;
#1471 = CIRCLE ( 'NONE', #1672, 2.049999999999998934 ) ;
#1472 = ADVANCED_FACE ( 'NONE', ( #1582 ), #1441, .F. ) ;
#1473 = DIRECTION ( 'NONE',  ( 8.673617379884034239E-17, -0.0000000000000000000, 1.000000000000000000 ) ) ;
#1474 = ORIENTED_EDGE ( 'NONE', *, *, #2138, .F. ) ;
#1475 = FACE_OUTER_BOUND ( 'NONE', #1561, .T. ) ;
#1476 = ORIENTED_EDGE ( 'NONE', *, *, #28, .F. ) ;
#1477 = CARTESIAN_POINT ( 'NONE',  ( 23.19999999999999929, 4.865062716355812000, -8.236124225056867587 ) ) ;
#1478 = APPROVAL_STATUS ( 'not_yet_approved' ) ;
#1479 = EDGE_CURVE ( 'NONE', #1243, #940, #1703, .T. ) ;
#1480 = CARTESIAN_POINT ( 'NONE',  ( 23.49999999999999645, 0.0000000000000000000, -4.999999999999985789 ) ) ;
#1481 = CC_DESIGN_APPROVAL ( #341, ( #1652 ) ) ;
#1482 = ORIENTED_EDGE ( 'NONE', *, *, #955, .F. ) ;
#1483 = AXIS2_PLACEMENT_3D ( 'NONE', #297, #1241, #692 ) ;
#1484 = DIRECTION ( 'NONE',  ( 1.000000000000000000, 0.0000000000000000000, -8.673617379884033007E-17 ) ) ;
#1485 = EDGE_LOOP ( 'NONE', ( #414, #545, #595, #2160 ) ) ;
#1486 = CARTESIAN_POINT ( 'NONE',  ( 0.0000000000000000000, 8.000000000000000000, -2.349999999999990319 ) ) ;
#1487 = DIRECTION ( 'NONE',  ( 1.000000000000000000, 0.0000000000000000000, 0.0000000000000000000 ) ) ;
#1488 = CARTESIAN_POINT ( 'NONE',  ( 22.80196713424676958, 4.190666184898850233, -1.824386735529761161 ) ) ;
#1489 = ORIENTED_EDGE ( 'NONE', *, *, #729, .T. ) ;
#1490 = CARTESIAN_POINT ( 'NONE',  ( -15.00000000000000355, 8.000000000000000000, -6.400000000000000355 ) ) ;
#1491 = ORIENTED_EDGE ( 'NONE', *, *, #918, .T. ) ;
#1492 = DIRECTION ( 'NONE',  ( -0.0000000000000000000, -0.0000000000000000000, 1.000000000000000000 ) ) ;
#1493 = EDGE_CURVE ( 'NONE', #1858, #2218, #340, .T. ) ;
#1494 = EDGE_CURVE ( 'NONE', #492, #655, #1322, .T. ) ;
#1495 = ORIENTED_EDGE ( 'NONE', *, *, #2011, .T. ) ;
#1496 = AXIS2_PLACEMENT_3D ( 'NONE', #308, #1438, #1626 ) ;
#1497 = FACE_OUTER_BOUND ( 'NONE', #471, .T. ) ;
#1498 = CYLINDRICAL_SURFACE ( 'NONE', #2290, 2.100000000000000977 ) ;
#1499 = FACE_OUTER_BOUND ( 'NONE', #982, .T. ) ;
#1500 = VERTEX_POINT ( 'NONE', #2243 ) ;
#1501 = EDGE_CURVE ( 'NONE', #2389, #921, #533, .T. ) ;
#1502 = CIRCLE ( 'NONE', #1496, 2.099999999999999645 ) ;
#1503 = EDGE_LOOP ( 'NONE', ( #1954, #1132, #282, #2196, #2288, #529 ) ) ;
#1504 = VECTOR ( 'NONE', #585, 1000.000000000000000 ) ;
#1505 = FACE_OUTER_BOUND ( 'NONE', #543, .T. ) ;
#1506 = CARTESIAN_POINT ( 'NONE',  ( -15.00000000000000355, 8.000000000000000000, -5.000000000000000000 ) ) ;
#1507 = CARTESIAN_POINT ( 'NONE',  ( 23.19999999999999574, 8.000000000000000000, -5.000000000000000000 ) ) ;
#1508 = ORIENTED_EDGE ( 'NONE', *, *, #2284, .F. ) ;
#1509 = DIRECTION ( 'NONE',  ( 0.0000000000000000000, 0.0000000000000000000, -1.000000000000000000 ) ) ;
#1510 = ORIENTED_EDGE ( 'NONE', *, *, #2138, .T. ) ;
#1511 = DIRECTION ( 'NONE',  ( 0.0000000000000000000, 0.0000000000000000000, -1.000000000000000000 ) ) ;
#1512 = VERTEX_POINT ( 'NONE', #1099 ) ;
#1513 = ORIENTED_EDGE ( 'NONE', *, *, #1103, .T. ) ;
#1514 = ORIENTED_EDGE ( 'NONE', *, *, #646, .T. ) ;
#1515 = DIRECTION ( 'NONE',  ( 0.0000000000000000000, 0.0000000000000000000, 1.000000000000000000 ) ) ;
#1516 = DIRECTION ( 'NONE',  ( -0.0000000000000000000, 1.000000000000000000, -0.0000000000000000000 ) ) ;
#1517 = ORIENTED_EDGE ( 'NONE', *, *, #512, .F. ) ;
#1518 = EDGE_CURVE ( 'NONE', #1627, #390, #2312, .T. ) ;
#1519 = PRODUCT_DEFINITION_SHAPE ( 'NONE', 'NONE',  #1345 ) ;
#1520 = CC_DESIGN_DATE_AND_TIME_ASSIGNMENT ( #1804, #540, ( #1345 ) ) ;
#1521 = AXIS2_PLACEMENT_3D ( 'NONE', #1278, #2000, #1054 ) ;
#1522 = CARTESIAN_POINT ( 'NONE',  ( 2.500000000000000000, 5.000000000000000000, -5.000000000000000000 ) ) ;
#1523 = LINE ( 'NONE', #664, #1224 ) ;
#1524 = CARTESIAN_POINT ( 'NONE',  ( 22.19999999999999574, 4.000000000000000000, -10.00000000000000000 ) ) ;
#1525 = DIRECTION ( 'NONE',  ( 0.0000000000000000000, 0.0000000000000000000, 1.000000000000000000 ) ) ;
#1526 = VERTEX_POINT ( 'NONE', #1849 ) ;
#1527 = FACE_BOUND ( 'NONE', #2115, .T. ) ;
#1528 = CIRCLE ( 'NONE', #310, 3.000000000000000000 ) ;
#1529 = ORIENTED_EDGE ( 'NONE', *, *, #1663, .T. ) ;
#1530 = CONICAL_SURFACE ( 'NONE', #2265, 2.650000000000010125, 0.7853981633974476129 ) ;
#1531 = DIRECTION ( 'NONE',  ( 0.0000000000000000000, -1.000000000000000000, 0.0000000000000000000 ) ) ;
#1532 = ORIENTED_EDGE ( 'NONE', *, *, #2029, .F. ) ;
#1533 = EDGE_CURVE ( 'NONE', #1627, #795, #196, .T. ) ;
#1534 = EDGE_LOOP ( 'NONE', ( #1318, #1952, #716, #2266 ) ) ;
#1535 = CARTESIAN_POINT ( 'NONE',  ( 24.75000000000000355, 8.000000000000000000, -3.600000000000000089 ) ) ;
#1536 = DIRECTION ( 'NONE',  ( -0.0000000000000000000, 1.000000000000000000, 0.0000000000000000000 ) ) ;
#1537 = AXIS2_PLACEMENT_3D ( 'NONE', #1685, #1688, #1509 ) ;
#1538 = ORIENTED_EDGE ( 'NONE', *, *, #357, .T. ) ;
#1539 = VERTEX_POINT ( 'NONE', #747 ) ;
#1540 = CARTESIAN_POINT ( 'NONE',  ( 26.00000000000000000, 0.0000000000000000000, 0.0000000000000000000 ) ) ;
#1541 = PLANE ( 'NONE',  #1332 ) ;
#1542 = CARTESIAN_POINT ( 'NONE',  ( 1.250000000000011546, 8.000000000000000000, -5.000000000000000000 ) ) ;
#1543 = VECTOR ( 'NONE', #1654, 1000.000000000000000 ) ;
#1544 = EDGE_CURVE ( 'NONE', #1197, #2324, #1787, .T. ) ;
#1545 = CARTESIAN_POINT ( 'NONE',  ( 26.00000000000000000, 10.27477272727272251, -6.359378181101998706 ) ) ;
#1546 = CYLINDRICAL_SURFACE ( 'NONE', #1288, 1.400000000000000133 ) ;
#1547 = VECTOR ( 'NONE', #2341, 1000.000000000000000 ) ;
#1548 = ORIENTED_EDGE ( 'NONE', *, *, #942, .F. ) ;
#1549 = DIRECTION ( 'NONE',  ( 0.0000000000000000000, 0.0000000000000000000, -1.000000000000000000 ) ) ;
#1550 = VECTOR ( 'NONE', #619, 1000.000000000000000 ) ;
#1551 = VERTEX_POINT ( 'NONE', #366 ) ;
#1552 = VECTOR ( 'NONE', #168, 1000.000000000000000 ) ;
#1553 = VECTOR ( 'NONE', #146, 1000.000000000000000 ) ;
#1554 = DIRECTION ( 'NONE',  ( 0.0000000000000000000, 0.0000000000000000000, -1.000000000000000000 ) ) ;
#1555 = DIRECTION ( 'NONE',  ( 0.0000000000000000000, 0.0000000000000000000, -1.000000000000000000 ) ) ;
#1556 = ORIENTED_EDGE ( 'NONE', *, *, #1794, .F. ) ;
#1557 = DIRECTION ( 'NONE',  ( 0.0000000000000000000, 1.000000000000000000, 0.0000000000000000000 ) ) ;
#1558 = ORIENTED_EDGE ( 'NONE', *, *, #2204, .F. ) ;
#1559 = EDGE_CURVE ( 'NONE', #1958, #2018, #2202, .T. ) ;
#1560 = CARTESIAN_POINT ( 'NONE',  ( 2.500000000000000444, 5.000000000000000000, -2.900000000000000799 ) ) ;
#1561 = EDGE_LOOP ( 'NONE', ( #1098, #677, #2058, #865, #1081, #1355, #657, #541, #662, #155 ) ) ;
#1562 = DIRECTION ( 'NONE',  ( 0.0000000000000000000, 1.000000000000000000, 0.0000000000000000000 ) ) ;
#1563 = ADVANCED_FACE ( 'NONE', ( #434 ), #2076, .F. ) ;
#1564 = EDGE_LOOP ( 'NONE', ( #2270, #1308 ) ) ;
#1565 = CARTESIAN_POINT ( 'NONE',  ( 22.19999999999999574, 4.000000000000000000, -2.021325798278690744 ) ) ;
#1566 = EDGE_CURVE ( 'NONE', #2259, #606, #1682, .T. ) ;
#1567 = CARTESIAN_POINT ( 'NONE',  ( 23.49999999999999645, 5.000000000000000000, -4.999999999999985789 ) ) ;
#1568 = ORIENTED_EDGE ( 'NONE', *, *, #1566, .T. ) ;
#1569 = DIRECTION ( 'NONE',  ( 0.0000000000000000000, 0.0000000000000000000, -1.000000000000000000 ) ) ;
#1570 = EDGE_CURVE ( 'NONE', #1048, #2231, #608, .T. ) ;
#1571 = CARTESIAN_POINT ( 'NONE',  ( 23.19999999999999574, 8.000000000000000000, -3.600000000000000089 ) ) ;
#1572 = COORDINATED_UNIVERSAL_TIME_OFFSET ( 0, 0, .AHEAD. ) ;
#1573 = LINE ( 'NONE', #809, #901 ) ;
#1574 = ORIENTED_EDGE ( 'NONE', *, *, #1215, .T. ) ;
#1575 = CARTESIAN_POINT ( 'NONE',  ( 22.19999999999999574, 5.000000000000000000, 0.0000000000000000000 ) ) ;
#1576 = FACE_BOUND ( 'NONE', #696, .T. ) ;
#1577 = VECTOR ( 'NONE', #305, 1000.000000000000000 ) ;
#1578 = EDGE_CURVE ( 'NONE', #685, #1143, #1052, .T. ) ;
#1579 = CARTESIAN_POINT ( 'NONE',  ( 3.800000000000000266, 4.000000000000000000, -10.00000000000000000 ) ) ;
#1580 = ORIENTED_EDGE ( 'NONE', *, *, #1201, .F. ) ;
#1581 = AXIS2_PLACEMENT_3D ( 'NONE', #1584, #422, #1914 ) ;
#1582 = FACE_OUTER_BOUND ( 'NONE', #1014, .T. ) ;
#1583 = FACE_OUTER_BOUND ( 'NONE', #2349, .T. ) ;
#1584 = CARTESIAN_POINT ( 'NONE',  ( 2.500000000000000000, 5.000000000000000000, -5.000000000000000000 ) ) ;
#1585 = AXIS2_PLACEMENT_3D ( 'NONE', #903, #1469, #102 ) ;
#1586 = CARTESIAN_POINT ( 'NONE',  ( 2.931741962974089954, 4.486386527524979684, -1.778379021661738335 ) ) ;
#1587 = ORIENTED_EDGE ( 'NONE', *, *, #594, .F. ) ;
#1588 = CARTESIAN_POINT ( 'NONE',  ( 23.19999999999999574, 8.000000000000000000, -5.000000000000000000 ) ) ;
#1589 = DIRECTION ( 'NONE',  ( 0.0000000000000000000, 0.0000000000000000000, 1.000000000000000000 ) ) ;
#1590 = ORIENTED_EDGE ( 'NONE', *, *, #567, .T. ) ;
#1591 = PLANE ( 'NONE',  #1024 ) ;
#1592 = ADVANCED_FACE ( 'NONE', ( #1198, #169, #1986, #2051, #288, #1238 ), #417, .T. ) ;
#1593 = PLANE ( 'NONE',  #1411 ) ;
#1594 = DIRECTION ( 'NONE',  ( -1.000000000000000000, 0.0000000000000000000, 0.0000000000000000000 ) ) ;
#1595 = EDGE_CURVE ( 'NONE', #1602, #179, #1299, .T. ) ;
#1596 = CC_DESIGN_PERSON_AND_ORGANIZATION_ASSIGNMENT ( #627, #1097, ( #715 ) ) ;
#1597 = ORIENTED_EDGE ( 'NONE', *, *, #442, .T. ) ;
#1598 = AXIS2_PLACEMENT_3D ( 'NONE', #1480, #714, #1279 ) ;
#1599 = ORIENTED_EDGE ( 'NONE', *, *, #939, .T. ) ;
#1600 = DIRECTION ( 'NONE',  ( 0.0000000000000000000, 0.0000000000000000000, -1.000000000000000000 ) ) ;
#1601 = CARTESIAN_POINT ( 'NONE',  ( 2.800000000000000711, 5.000000000000000000, -2.921539030917347901 ) ) ;
#1602 = VERTEX_POINT ( 'NONE', #782 ) ;
#1603 = DIRECTION ( 'NONE',  ( 0.0000000000000000000, -1.000000000000000000, 0.0000000000000000000 ) ) ;
#1604 = ADVANCED_FACE ( 'NONE', ( #358 ), #1155, .F. ) ;
#1605 = DIRECTION ( 'NONE',  ( 1.000000000000000000, 0.0000000000000000000, 0.0000000000000000000 ) ) ;
#1606 = FACE_BOUND ( 'NONE', #1769, .T. ) ;
#1607 = DIRECTION ( 'NONE',  ( 1.000000000000000000, 0.0000000000000000000, 0.0000000000000000000 ) ) ;
#1608 = EDGE_CURVE ( 'NONE', #319, #132, #1618, .T. ) ;
#1609 = CARTESIAN_POINT ( 'NONE',  ( 4.999999999999997335, 0.0000000000000000000, -7.999999999999998224 ) ) ;
#1610 = CIRCLE ( 'NONE', #2246, 2.099999999999996980 ) ;
#1611 = CIRCLE ( 'NONE', #2038, 3.250000000000000444 ) ;
#1612 = EDGE_CURVE ( 'NONE', #2018, #1871, #2107, .T. ) ;
#1613 = ORIENTED_EDGE ( 'NONE', *, *, #157, .T. ) ;
#1614 = CYLINDRICAL_SURFACE ( 'NONE', #362, 3.250000000000000444 ) ;
#1615 = ORIENTED_EDGE ( 'NONE', *, *, #924, .F. ) ;
#1616 = CARTESIAN_POINT ( 'NONE',  ( 24.60000000000000142, 15.55531080198745997, -2.167033797018808272 ) ) ;
#1617 = CARTESIAN_POINT ( 'NONE',  ( 13.00000000000000000, 0.0000000000000000000, -5.000000000000000000 ) ) ;
#1618 = CIRCLE ( 'NONE', #1463, 3.500000000000000444 ) ;
#1619 = CIRCLE ( 'NONE', #2001, 0.5000000000000000000 ) ;
#1620 = CARTESIAN_POINT ( 'NONE',  ( 0.0000000000000000000, 16.00000000000000000, 0.0000000000000000000 ) ) ;
#1621 = AXIS2_PLACEMENT_3D ( 'NONE', #2301, #1175, #990 ) ;
#1622 = DIRECTION ( 'NONE',  ( 0.0000000000000000000, -0.0000000000000000000, 1.000000000000000000 ) ) ;
#1623 = AXIS2_PLACEMENT_3D ( 'NONE', #812, #2123, #993 ) ;
#1624 = ORIENTED_EDGE ( 'NONE', *, *, #857, .F. ) ;
#1625 = DIRECTION ( 'NONE',  ( -0.0000000000000000000, -1.000000000000000000, -0.0000000000000000000 ) ) ;
#1626 = DIRECTION ( 'NONE',  ( 0.0000000000000000000, 0.0000000000000000000, -1.000000000000000000 ) ) ;
#1627 = VERTEX_POINT ( 'NONE', #590 ) ;
#1628 = PLANE ( 'NONE',  #1905 ) ;
#1629 = EDGE_LOOP ( 'NONE', ( #1807, #629, #689, #2360 ) ) ;
#1630 = DIRECTION ( 'NONE',  ( -1.000000000000000000, 0.0000000000000000000, 0.0000000000000000000 ) ) ;
#1631 = APPROVAL ( #1478, 'UNSPECIFIED' ) ;
#1632 = CARTESIAN_POINT ( 'NONE',  ( 26.00000000000000000, 5.000000000000000000, -2.923344034270471070 ) ) ;
#1633 = CARTESIAN_POINT ( 'NONE',  ( 2.800000000000000711, 12.00000000000000000, -4.000000000000000000 ) ) ;
#1634 = DIRECTION ( 'NONE',  ( 0.0000000000000000000, 0.0000000000000000000, 1.000000000000000000 ) ) ;
#1635 = ORIENTED_EDGE ( 'NONE', *, *, #385, .F. ) ;
#1636 = CARTESIAN_POINT ( 'NONE',  ( 0.0000000000000000000, 16.00000000000000000, -4.000000000000000000 ) ) ;
#1637 = CARTESIAN_POINT ( 'NONE',  ( 2.800000000000000266, 5.000000000000000000, -8.236124225056881798 ) ) ;
#1638 = DIRECTION ( 'NONE',  ( 0.0000000000000000000, -0.0000000000000000000, -1.000000000000000000 ) ) ;
#1639 = ADVANCED_FACE ( 'NONE', ( #983 ), #498, .F. ) ;
#1640 = CALENDAR_DATE ( 2019, 13, 12 ) ;
#1641 = CIRCLE ( 'NONE', #742, 2.649999999999992806 ) ;
#1642 = CARTESIAN_POINT ( 'NONE',  ( 21.00000000000000000, 4.000000000000000000, -7.076655965729509390 ) ) ;
#1643 = ORIENTED_EDGE ( 'NONE', *, *, #1687, .T. ) ;
#1644 = LINE ( 'NONE', #707, #2227 ) ;
#1645 = VECTOR ( 'NONE', #82, 1000.000000000000000 ) ;
#1646 = CARTESIAN_POINT ( 'NONE',  ( 0.0000000000000000000, 8.000000000000000000, -7.650000000000010125 ) ) ;
#1647 = ORIENTED_EDGE ( 'NONE', *, *, #1608, .T. ) ;
#1648 = DIRECTION ( 'NONE',  ( 1.000000000000000000, -0.0000000000000000000, -0.0000000000000000000 ) ) ;
#1649 = EDGE_CURVE ( 'NONE', #2024, #755, #2435, .T. ) ;
#1650 = CIRCLE ( 'NONE', #705, 2.099999999999999645 ) ;
#1651 = VECTOR ( 'NONE', #1307, 1000.000000000000000 ) ;
#1652 = PRODUCT_DEFINITION_FORMATION_WITH_SPECIFIED_SOURCE ( 'ANY', '', #2226, .NOT_KNOWN. ) ;
#1653 = AXIS2_PLACEMENT_3D ( 'NONE', #1432, #2032, #915 ) ;
#1654 = DIRECTION ( 'NONE',  ( -4.956352788505162282E-16, 0.0000000000000000000, -1.000000000000000000 ) ) ;
#1655 = ORIENTED_EDGE ( 'NONE', *, *, #1663, .F. ) ;
#1656 = ADVANCED_FACE ( 'NONE', ( #931 ), #32, .F. ) ;
#1657 = DIRECTION ( 'NONE',  ( 0.0000000000000000000, 0.0000000000000000000, -1.000000000000000000 ) ) ;
#1658 = EDGE_LOOP ( 'NONE', ( #1422, #1437, #259, #57 ) ) ;
#1659 = DIRECTION ( 'NONE',  ( 0.0000000000000000000, 0.0000000000000000000, 1.000000000000000000 ) ) ;
#1660 = CARTESIAN_POINT ( 'NONE',  ( 22.68840161847068515, 4.117900755795480094, -8.149519174500028385 ) ) ;
#1661 = EDGE_CURVE ( 'NONE', #397, #230, #2375, .T. ) ;
#1662 = ORIENTED_EDGE ( 'NONE', *, *, #924, .T. ) ;
#1663 = EDGE_CURVE ( 'NONE', #1526, #2091, #881, .T. ) ;
#1664 = ORIENTED_EDGE ( 'NONE', *, *, #2361, .T. ) ;
#1665 = APPROVAL_ROLE ( '' ) ;
#1666 = ORIENTED_EDGE ( 'NONE', *, *, #1304, .T. ) ;
#1667 = CARTESIAN_POINT ( 'NONE',  ( 9.000000000000000000, 0.0000000000000000000, -2.230358754827323125E-15 ) ) ;
#1668 = ORIENTED_EDGE ( 'NONE', *, *, #243, .T. ) ;
#1669 = CARTESIAN_POINT ( 'NONE',  ( 8.499999999999998224, 4.000000000000000000, -1.499999999999998668 ) ) ;
#1670 = AXIS2_PLACEMENT_3D ( 'NONE', #1449, #2367, #1803 ) ;
#1671 = APPROVAL_ROLE ( '' ) ;
#1672 = AXIS2_PLACEMENT_3D ( 'NONE', #1789, #838, #819 ) ;
#1673 = CIRCLE ( 'NONE', #1521, 3.500000000000000888 ) ;
#1674 = ORIENTED_EDGE ( 'NONE', *, *, #912, .T. ) ;
#1675 = CARTESIAN_POINT ( 'NONE',  ( 22.19999999999999574, 4.000000000000000000, -2.021325798278690744 ) ) ;
#1676 = CIRCLE ( 'NONE', #1830, 2.099999999999999645 ) ;
#1677 = FACE_OUTER_BOUND ( 'NONE', #182, .T. ) ;
#1678 = CARTESIAN_POINT ( 'NONE',  ( 26.00000000000000000, 5.000000000000000000, -2.923344034270471070 ) ) ;
#1679 = EDGE_LOOP ( 'NONE', ( #1725, #367, #2046, #1218 ) ) ;
#1680 = VECTOR ( 'NONE', #118, 1000.000000000000000 ) ;
#1681 = ORIENTED_EDGE ( 'NONE', *, *, #567, .F. ) ;
#1682 = LINE ( 'NONE', #2092, #1167 ) ;
#1683 = LINE ( 'NONE', #725, #1442 ) ;
#1684 = EDGE_CURVE ( 'NONE', #2075, #2156, #224, .T. ) ;
#1685 = CARTESIAN_POINT ( 'NONE',  ( 8.499999999999996447, -3.000000000000000000, -7.999999999999998224 ) ) ;
#1686 = ORIENTED_EDGE ( 'NONE', *, *, #2327, .T. ) ;
#1687 = EDGE_CURVE ( 'NONE', #1002, #589, #324, .T. ) ;
#1688 = DIRECTION ( 'NONE',  ( 0.0000000000000000000, -1.000000000000000000, 0.0000000000000000000 ) ) ;
#1689 = ORIENTED_EDGE ( 'NONE', *, *, #424, .T. ) ;
#1690 = CARTESIAN_POINT ( 'NONE',  ( 23.19999999999999929, 12.00000000000000000, -10.00000000000000000 ) ) ;
#1691 = ORIENTED_EDGE ( 'NONE', *, *, #142, .T. ) ;
#1692 = EDGE_CURVE ( 'NONE', #795, #1376, #814, .T. ) ;
#1693 = ORIENTED_EDGE ( 'NONE', *, *, #2224, .F. ) ;
#1694 = CARTESIAN_POINT ( 'NONE',  ( 23.17277830242363024, 4.732537374254934370, -1.766088788319205127 ) ) ;
#1695 = FACE_OUTER_BOUND ( 'NONE', #6, .T. ) ;
#1696 = EDGE_LOOP ( 'NONE', ( #828, #1998, #1087, #43 ) ) ;
#1697 = EDGE_CURVE ( 'NONE', #1960, #1060, #578, .T. ) ;
#1698 = FACE_OUTER_BOUND ( 'NONE', #941, .T. ) ;
#1699 = LINE ( 'NONE', #1179, #552 ) ;
#1700 = ORIENTED_EDGE ( 'NONE', *, *, #1019, .T. ) ;
#1701 = DIRECTION ( 'NONE',  ( 0.0000000000000000000, -1.000000000000000000, 0.0000000000000000000 ) ) ;
#1702 = DIRECTION ( 'NONE',  ( 1.000000000000000000, 0.0000000000000000000, 0.0000000000000000000 ) ) ;
#1703 = CIRCLE ( 'NONE', #1947, 2.650000000000010125 ) ;
#1704 = FACE_OUTER_BOUND ( 'NONE', #517, .T. ) ;
#1705 = EDGE_CURVE ( 'NONE', #880, #1539, #531, .T. ) ;
#1706 = ORIENTED_EDGE ( 'NONE', *, *, #1901, .F. ) ;
#1707 = EDGE_CURVE ( 'NONE', #616, #256, #2408, .T. ) ;
#1708 = DIRECTION ( 'NONE',  ( -1.000000000000000000, -0.0000000000000000000, -0.0000000000000000000 ) ) ;
#1709 = AXIS2_PLACEMENT_3D ( 'NONE', #1381, #1157, #1549 ) ;
#1710 = ORIENTED_EDGE ( 'NONE', *, *, #1402, .T. ) ;
#1711 = CARTESIAN_POINT ( 'NONE',  ( 2.800000000000001155, 12.00000000000000000, 0.0000000000000000000 ) ) ;
#1712 = AXIS2_PLACEMENT_3D ( 'NONE', #2410, #1786, #1967 ) ;
#1713 = ORIENTED_EDGE ( 'NONE', *, *, #1705, .T. ) ;
#1714 = DIRECTION ( 'NONE',  ( -1.000000000000000000, -0.0000000000000000000, -0.0000000000000000000 ) ) ;
#1715 = VERTEX_POINT ( 'NONE', #1181 ) ;
#1716 = ORIENTED_EDGE ( 'NONE', *, *, #1707, .F. ) ;
#1717 = EDGE_CURVE ( 'NONE', #2285, #1627, #1898, .T. ) ;
#1718 = FACE_OUTER_BOUND ( 'NONE', #451, .T. ) ;
#1719 = EDGE_LOOP ( 'NONE', ( #1580, #601, #1910, #1568, #463, #1372, #2049, #920, #962, #153 ) ) ;
#1720 = VECTOR ( 'NONE', #205, 1000.000000000000000 ) ;
#1721 = CYLINDRICAL_SURFACE ( 'NONE', #227, 0.5000000000000004441 ) ;
#1722 = VERTEX_POINT ( 'NONE', #446 ) ;
#1723 = CARTESIAN_POINT ( 'NONE',  ( 2.500000000000000000, 0.0000000000000000000, -7.099999999999999645 ) ) ;
#1724 = VECTOR ( 'NONE', #1824, 1000.000000000000000 ) ;
#1725 = ORIENTED_EDGE ( 'NONE', *, *, #1215, .F. ) ;
#1726 = FACE_OUTER_BOUND ( 'NONE', #264, .T. ) ;
#1727 = LINE ( 'NONE', #372, #170 ) ;
#1728 = EDGE_CURVE ( 'NONE', #892, #1526, #2433, .T. ) ;
#1729 = EDGE_CURVE ( 'NONE', #1147, #2280, #44, .T. ) ;
#1730 = ORIENTED_EDGE ( 'NONE', *, *, #732, .F. ) ;
#1731 = DIRECTION ( 'NONE',  ( 1.000000000000000000, 0.0000000000000000000, 0.0000000000000000000 ) ) ;
#1732 = CARTESIAN_POINT ( 'NONE',  ( 21.00000000000000000, 0.0000000000000000000, -7.076655965729509390 ) ) ;
#1733 = ORIENTED_EDGE ( 'NONE', *, *, #858, .F. ) ;
#1734 = DIRECTION ( 'NONE',  ( 0.0000000000000000000, 1.000000000000000000, 0.0000000000000000000 ) ) ;
#1735 = AXIS2_PLACEMENT_3D ( 'NONE', #1796, #1605, #829 ) ;
#1736 = VERTEX_POINT ( 'NONE', #84 ) ;
#1737 = CARTESIAN_POINT ( 'NONE',  ( 26.00000000000000000, 8.000000000000000000, -5.000000000000000000 ) ) ;
#1738 = CARTESIAN_POINT ( 'NONE',  ( 5.000000000000000000, 0.0000000000000000000, -2.923344034270480396 ) ) ;
#1739 = DIRECTION ( 'NONE',  ( 0.0000000000000000000, 0.0000000000000000000, -1.000000000000000000 ) ) ;
#1740 = ORIENTED_EDGE ( 'NONE', *, *, #1900, .F. ) ;
#1741 = CC_DESIGN_PERSON_AND_ORGANIZATION_ASSIGNMENT ( #2009, #734, ( #1345 ) ) ;
#1742 = FACE_BOUND ( 'NONE', #885, .T. ) ;
#1743 = CIRCLE ( 'NONE', #1116, 3.500000000000000444 ) ;
#1744 = EDGE_LOOP ( 'NONE', ( #145, #411, #811, #1036, #1108, #1689, #2165, #14, #1860, #23 ) ) ;
#1745 = CARTESIAN_POINT ( 'NONE',  ( 4.999999999999997335, 4.000000000000000000, -7.999999999999998224 ) ) ;
#1746 = DIRECTION ( 'NONE',  ( -1.000000000000000000, 0.0000000000000000000, 0.0000000000000000000 ) ) ;
#1747 = FACE_OUTER_BOUND ( 'NONE', #1658, .T. ) ;
#1748 = ORIENTED_EDGE ( 'NONE', *, *, #2059, .T. ) ;
#1749 = ORIENTED_EDGE ( 'NONE', *, *, #299, .T. ) ;
#1750 = VECTOR ( 'NONE', #1951, 1000.000000000000000 ) ;
#1751 = CIRCLE ( 'NONE', #2386, 4.000000000000000000 ) ;
#1752 = CARTESIAN_POINT ( 'NONE',  ( 17.00000000000000000, 4.000000000000000000, -8.000000000000000000 ) ) ;
#1753 = CARTESIAN_POINT ( 'NONE',  ( 30.00000000000000000, 13.50000000000000000, -2.950000000000000622 ) ) ;
#1754 = CARTESIAN_POINT ( 'NONE',  ( 0.0000000000000000000, 8.000000000000000000, -5.000000000000000000 ) ) ;
#1755 = CARTESIAN_POINT ( 'NONE',  ( 8.999999999999998224, -3.000000000000000000, -8.499999999999998224 ) ) ;
#1756 = ADVANCED_FACE ( 'NONE', ( #735 ), #1808, .F. ) ;
#1757 = ORIENTED_EDGE ( 'NONE', *, *, #661, .F. ) ;
#1758 = CARTESIAN_POINT ( 'NONE',  ( 3.800000000000001155, 4.000000000000000000, -2.021325798278704067 ) ) ;
#1759 = ORIENTED_EDGE ( 'NONE', *, *, #1806, .T. ) ;
#1760 = EDGE_CURVE ( 'NONE', #2175, #946, #669, .T. ) ;
#1761 = CC_DESIGN_APPROVAL ( #1120, ( #715 ) ) ;
#1762 = AXIS2_PLACEMENT_3D ( 'NONE', #1968, #718, #2017 ) ;
#1763 = DIRECTION ( 'NONE',  ( 1.000000000000000000, -0.0000000000000000000, -0.0000000000000000000 ) ) ;
#1764 = ORIENTED_EDGE ( 'NONE', *, *, #2121, .F. ) ;
#1765 = DIRECTION ( 'NONE',  ( 1.000000000000000000, -0.0000000000000000000, -0.0000000000000000000 ) ) ;
#1766 = CARTESIAN_POINT ( 'NONE',  ( 4.999999999999998224, 0.0000000000000000000, -7.076655965729521824 ) ) ;
#1767 = ADVANCED_FACE ( 'NONE', ( #2167 ), #73, .F. ) ;
#1768 = DIRECTION ( 'NONE',  ( -1.000000000000000000, 0.0000000000000000000, 0.0000000000000000000 ) ) ;
#1769 = EDGE_LOOP ( 'NONE', ( #1057, #1791 ) ) ;
#1770 = PLANE ( 'NONE',  #387 ) ;
#1771 = EDGE_CURVE ( 'NONE', #856, #2249, #465, .T. ) ;
#1772 = DIRECTION ( 'NONE',  ( 0.0000000000000000000, 0.0000000000000000000, -1.000000000000000000 ) ) ;
#1773 = EDGE_CURVE ( 'NONE', #1539, #1363, #1953, .T. ) ;
#1774 = DIRECTION ( 'NONE',  ( -0.0000000000000000000, -1.000000000000000000, -0.0000000000000000000 ) ) ;
#1775 = LOCAL_TIME ( 12, 8, 54.00000000000000000, #1006 ) ;
#1776 = CYLINDRICAL_SURFACE ( 'NONE', #1788, 3.250000000000000444 ) ;
#1777 = ORIENTED_EDGE ( 'NONE', *, *, #172, .T. ) ;
#1778 = FACE_OUTER_BOUND ( 'NONE', #1485, .T. ) ;
#1779 = CIRCLE ( 'NONE', #24, 0.5000000000000004441 ) ;
#1780 = ORIENTED_EDGE ( 'NONE', *, *, #939, .F. ) ;
#1781 = AXIS2_PLACEMENT_3D ( 'NONE', #1174, #816, #1369 ) ;
#1782 = FACE_OUTER_BOUND ( 'NONE', #331, .T. ) ;
#1783 = EDGE_LOOP ( 'NONE', ( #223, #1458, #2384, #1881, #936, #1364, #1141, #970 ) ) ;
#1784 = DIRECTION ( 'NONE',  ( -1.000000000000000000, 0.0000000000000000000, 0.0000000000000000000 ) ) ;
#1785 = ADVANCED_FACE ( 'NONE', ( #2344 ), #1846, .F. ) ;
#1786 = DIRECTION ( 'NONE',  ( 0.0000000000000000000, 1.000000000000000000, 0.0000000000000000000 ) ) ;
#1787 = CIRCLE ( 'NONE', #890, 2.649999999999991918 ) ;
#1788 = AXIS2_PLACEMENT_3D ( 'NONE', #1269, #874, #1976 ) ;
#1789 = CARTESIAN_POINT ( 'NONE',  ( 23.19999999999999929, 13.50000000000000000, -5.000000000000000000 ) ) ;
#1790 = DIRECTION ( 'NONE',  ( 1.000000000000000000, 0.0000000000000000000, 0.0000000000000000000 ) ) ;
#1791 = ORIENTED_EDGE ( 'NONE', *, *, #1479, .T. ) ;
#1792 = DIRECTION ( 'NONE',  ( -1.000000000000000000, -0.0000000000000000000, -0.0000000000000000000 ) ) ;
#1793 = CARTESIAN_POINT ( 'NONE',  ( 5.500000000000001776, 4.000000000000000000, -1.499999999999998224 ) ) ;
#1794 = EDGE_CURVE ( 'NONE', #2389, #1715, #1352, .T. ) ;
#1795 = ORIENTED_EDGE ( 'NONE', *, *, #1479, .F. ) ;
#1796 = CARTESIAN_POINT ( 'NONE',  ( 23.19999999999999929, 13.50000000000000000, -5.000000000000000000 ) ) ;
#1797 = DIRECTION ( 'NONE',  ( -0.0000000000000000000, 1.000000000000000000, 0.0000000000000000000 ) ) ;
#1798 = DIRECTION ( 'NONE',  ( 0.0000000000000000000, -1.000000000000000000, 0.0000000000000000000 ) ) ;
#1799 = CARTESIAN_POINT ( 'NONE',  ( 23.49999999999999289, 0.0000000000000000000, -4.999999999999997335 ) ) ;
#1800 = CARTESIAN_POINT ( 'NONE',  ( 0.0000000000000000000, 16.00000000000000000, 0.0000000000000000000 ) ) ;
#1801 = LINE ( 'NONE', #754, #2068 ) ;
#1802 = CARTESIAN_POINT ( 'NONE',  ( 2.500000000000000000, 0.0000000000000000000, -5.000000000000000000 ) ) ;
#1803 = DIRECTION ( 'NONE',  ( 0.0000000000000000000, 0.0000000000000000000, 1.000000000000000000 ) ) ;
#1804 = DATE_AND_TIME ( #1640, #2253 ) ;
#1805 = LINE ( 'NONE', #992, #402 ) ;
#1806 = EDGE_CURVE ( 'NONE', #1008, #2002, #981, .T. ) ;
#1807 = ORIENTED_EDGE ( 'NONE', *, *, #1828, .F. ) ;
#1808 = CYLINDRICAL_SURFACE ( 'NONE', #822, 1.400000000000000133 ) ;
#1809 = ORIENTED_EDGE ( 'NONE', *, *, #558, .F. ) ;
#1810 = CARTESIAN_POINT ( 'NONE',  ( 13.00000000000000000, 4.000000000000000000, -8.000000000000000000 ) ) ;
#1811 = ORIENTED_EDGE ( 'NONE', *, *, #126, .T. ) ;
#1812 = CARTESIAN_POINT ( 'NONE',  ( 17.50000000000000000, 4.000000000000000000, -8.500000000000000000 ) ) ;
#1813 = LINE ( 'NONE', #1037, #47 ) ;
#1814 = VECTOR ( 'NONE', #535, 1000.000000000000000 ) ;
#1815 = DIRECTION ( 'NONE',  ( -0.0000000000000000000, -1.000000000000000000, -0.0000000000000000000 ) ) ;
#1816 = ADVANCED_FACE ( 'NONE', ( #1475 ), #850, .F. ) ;
#1817 = DIRECTION ( 'NONE',  ( 0.0000000000000000000, 0.0000000000000000000, 1.000000000000000000 ) ) ;
#1818 = ORIENTED_EDGE ( 'NONE', *, *, #967, .T. ) ;
#1819 = DIRECTION ( 'NONE',  ( 0.0000000000000000000, -0.0000000000000000000, -1.000000000000000000 ) ) ;
#1820 = DIRECTION ( 'NONE',  ( 0.0000000000000000000, -1.000000000000000000, 0.0000000000000000000 ) ) ;
#1821 = ORIENTED_EDGE ( 'NONE', *, *, #1074, .T. ) ;
#1822 = CARTESIAN_POINT ( 'NONE',  ( 20.50000000000000000, 4.000000000000000000, -2.000000000000000000 ) ) ;
#1823 = EDGE_CURVE ( 'NONE', #946, #201, #1408, .T. ) ;
#1824 = DIRECTION ( 'NONE',  ( -0.7071067811865480168, 8.659560562354926695E-17, -0.7071067811865470176 ) ) ;
#1825 = ORIENTED_EDGE ( 'NONE', *, *, #1360, .F. ) ;
#1826 = DIRECTION ( 'NONE',  ( -1.000000000000000000, 0.0000000000000000000, 0.0000000000000000000 ) ) ;
#1827 = ORIENTED_EDGE ( 'NONE', *, *, #965, .F. ) ;
#1828 = EDGE_CURVE ( 'NONE', #1110, #1960, #1918, .T. ) ;
#1829 = CARTESIAN_POINT ( 'NONE',  ( 0.0000000000000000000, 8.000000000000000000, -7.650000000000010125 ) ) ;
#1830 = AXIS2_PLACEMENT_3D ( 'NONE', #796, #2114, #980 ) ;
#1831 = PLANE ( 'NONE',  #2127 ) ;
#1832 = AXIS2_PLACEMENT_3D ( 'NONE', #1287, #1109, #744 ) ;
#1833 = ORIENTED_EDGE ( 'NONE', *, *, #423, .T. ) ;
#1834 = DIRECTION ( 'NONE',  ( 0.0000000000000000000, 1.000000000000000000, -0.0000000000000000000 ) ) ;
#1835 = DATE_AND_TIME ( #900, #1399 ) ;
#1836 = CIRCLE ( 'NONE', #1864, 2.649999999999992806 ) ;
#1837 = CARTESIAN_POINT ( 'NONE',  ( 0.0000000000000000000, 12.00000000000000000, -10.00000000000000000 ) ) ;
#1838 = VERTEX_POINT ( 'NONE', #678 ) ;
#1839 = LINE ( 'NONE', #56, #2163 ) ;
#1840 = FACE_OUTER_BOUND ( 'NONE', #1564, .T. ) ;
#1841 = ADVANCED_FACE ( 'NONE', ( #2287 ), #1085, .F. ) ;
#1842 = VERTEX_POINT ( 'NONE', #1412 ) ;
#1843 = APPROVAL_STATUS ( 'not_yet_approved' ) ;
#1844 = EDGE_CURVE ( 'NONE', #655, #1339, #927, .T. ) ;
#1845 = CARTESIAN_POINT ( 'NONE',  ( 17.50000000000000000, 0.0000000000000000000, -8.000000000000000000 ) ) ;
#1846 = CYLINDRICAL_SURFACE ( 'NONE', #1111, 0.5000000000000000000 ) ;
#1847 = ORIENTED_EDGE ( 'NONE', *, *, #39, .F. ) ;
#1848 = B_SPLINE_CURVE_WITH_KNOTS ( 'NONE', 3,
 ( #1758, #1937, #1414, #845, #1972, #2346, #1586, #1020, #1208, #74 ),
 .UNSPECIFIED., .F., .F.,
 ( 4, 2, 2, 2, 4 ),
 ( 0.0000000000000000000, 0.0003990259655312095185, 0.0007980519310624190369, 0.001197077896593628501, 0.001596103862124838074 ),
 .UNSPECIFIED. ) ;
#1849 = CARTESIAN_POINT ( 'NONE',  ( 26.00000000000000000, 0.0000000000000000000, 0.0000000000000000000 ) ) ;
#1850 = CARTESIAN_POINT ( 'NONE',  ( 2.500000000000000000, 0.0000000000000000000, -5.000000000000000000 ) ) ;
#1851 = ORIENTED_EDGE ( 'NONE', *, *, #1544, .T. ) ;
#1852 = MECHANICAL_CONTEXT ( 'NONE', #333, 'mechanical' ) ;
#1853 = ORIENTED_EDGE ( 'NONE', *, *, #2088, .F. ) ;
#1854 = CARTESIAN_POINT ( 'NONE',  ( 23.06850524790472434, 4.486645817978851980, -1.778343897416462926 ) ) ;
#1855 = DIRECTION ( 'NONE',  ( -0.0000000000000000000, 1.000000000000000000, -0.0000000000000000000 ) ) ;
#1856 = DIRECTION ( 'NONE',  ( 0.0000000000000000000, 0.0000000000000000000, 1.000000000000000000 ) ) ;
#1857 = EDGE_CURVE ( 'NONE', #1136, #2183, #1047, .T. ) ;
#1858 = VERTEX_POINT ( 'NONE', #278 ) ;
#1859 = EDGE_CURVE ( 'NONE', #1883, #2317, #22, .T. ) ;
#1860 = ORIENTED_EDGE ( 'NONE', *, *, #365, .T. ) ;
#1861 = CARTESIAN_POINT ( 'NONE',  ( 2.500000000000000000, 4.000000000000000000, -5.000000000000000000 ) ) ;
#1862 = DIRECTION ( 'NONE',  ( 8.673617379884034239E-17, -0.0000000000000000000, 1.000000000000000000 ) ) ;
#1863 = AXIS2_PLACEMENT_3D ( 'NONE', #1948, #262, #2332 ) ;
#1864 = AXIS2_PLACEMENT_3D ( 'NONE', #2157, #275, #266 ) ;
#1865 = CIRCLE ( 'NONE', #2016, 3.249999999999999556 ) ;
#1866 = DIRECTION ( 'NONE',  ( -0.0000000000000000000, -1.000000000000000000, -0.0000000000000000000 ) ) ;
#1867 = VECTOR ( 'NONE', #301, 1000.000000000000000 ) ;
#1868 = LINE ( 'NONE', #2110, #1371 ) ;
#1869 = PLANE ( 'NONE',  #186 ) ;
#1870 = CARTESIAN_POINT ( 'NONE',  ( 26.00000000000000000, 0.0000000000000000000, -7.076655965729501396 ) ) ;
#1871 = VERTEX_POINT ( 'NONE', #1259 ) ;
#1872 = VECTOR ( 'NONE', #1992, 1000.000000000000000 ) ;
#1873 = ORIENTED_EDGE ( 'NONE', *, *, #299, .F. ) ;
#1874 = FACE_OUTER_BOUND ( 'NONE', #1534, .T. ) ;
#1875 = EDGE_CURVE ( 'NONE', #556, #2219, #2308, .T. ) ;
#1876 = CARTESIAN_POINT ( 'NONE',  ( 17.00000000000000000, 0.0000000000000000000, -2.000000000000000000 ) ) ;
#1877 = CARTESIAN_POINT ( 'NONE',  ( 26.00000000000000000, 0.0000000000000000000, -2.923344034270471070 ) ) ;
#1878 = AXIS2_PLACEMENT_3D ( 'NONE', #848, #1774, #1659 ) ;
#1879 = ORIENTED_EDGE ( 'NONE', *, *, #1439, .F. ) ;
#1880 = ORIENTED_EDGE ( 'NONE', *, *, #423, .F. ) ;
#1881 = ORIENTED_EDGE ( 'NONE', *, *, #1857, .F. ) ;
#1882 = DIRECTION ( 'NONE',  ( 1.000000000000000000, -0.0000000000000000000, -0.0000000000000000000 ) ) ;
#1883 = VERTEX_POINT ( 'NONE', #1026 ) ;
#1884 = EDGE_CURVE ( 'NONE', #230, #1883, #284, .T. ) ;
#1885 = CC_DESIGN_APPROVAL ( #1631, ( #1345 ) ) ;
#1886 = VERTEX_POINT ( 'NONE', #879 ) ;
#1887 = AXIS2_PLACEMENT_3D ( 'NONE', #495, #1798, #891 ) ;
#1888 = DIRECTION ( 'NONE',  ( -0.0000000000000000000, -1.000000000000000000, -0.0000000000000000000 ) ) ;
#1889 = CARTESIAN_POINT ( 'NONE',  ( 30.00000000000000000, 13.50000000000000000, -5.000000000000000000 ) ) ;
#1890 = COORDINATED_UNIVERSAL_TIME_OFFSET ( 0, 0, .AHEAD. ) ;
#1891 = CYLINDRICAL_SURFACE ( 'NONE', #2423, 4.000000000000000000 ) ;
#1892 = ORIENTED_EDGE ( 'NONE', *, *, #912, .F. ) ;
#1893 = VECTOR ( 'NONE', #997, 1000.000000000000000 ) ;
#1894 = CYLINDRICAL_SURFACE ( 'NONE', #1735, 3.500000000000000444 ) ;
#1895 = ORIENTED_EDGE ( 'NONE', *, *, #126, .F. ) ;
#1896 = DIRECTION ( 'NONE',  ( 0.0000000000000000000, 0.0000000000000000000, -1.000000000000000000 ) ) ;
#1897 = PLANE ( 'NONE',  #2330 ) ;
#1898 = LINE ( 'NONE', #1745, #354 ) ;
#1899 = ORIENTED_EDGE ( 'NONE', *, *, #534, .F. ) ;
#1900 = EDGE_CURVE ( 'NONE', #2432, #1858, #2371, .T. ) ;
#1901 = EDGE_CURVE ( 'NONE', #53, #1303, #1982, .T. ) ;
#1902 = ORIENTED_EDGE ( 'NONE', *, *, #2105, .F. ) ;
#1903 = AXIS2_PLACEMENT_3D ( 'NONE', #680, #2390, #1817 ) ;
#1904 = ORIENTED_EDGE ( 'NONE', *, *, #139, .T. ) ;
#1905 = AXIS2_PLACEMENT_3D ( 'NONE', #502, #1450, #1638 ) ;
#1906 = CARTESIAN_POINT ( 'NONE',  ( 21.00000000000000000, 0.0000000000000000000, -8.000000000000000000 ) ) ;
#1907 = DIRECTION ( 'NONE',  ( -8.673617379884034239E-17, -0.0000000000000000000, -1.000000000000000000 ) ) ;
#1908 = ORIENTED_EDGE ( 'NONE', *, *, #1728, .F. ) ;
#1909 = CARTESIAN_POINT ( 'NONE',  ( 0.0000000000000000000, 0.0000000000000000000, 0.0000000000000000000 ) ) ;
#1910 = ORIENTED_EDGE ( 'NONE', *, *, #357, .F. ) ;
#1911 = EDGE_LOOP ( 'NONE', ( #317, #1491, #750, #670 ) ) ;
#1912 = EDGE_CURVE ( 'NONE', #1349, #1254, #1375, .T. ) ;
#1913 = CARTESIAN_POINT ( 'NONE',  ( 2.800000000000000711, 5.000000000000000000, -7.078460969082652987 ) ) ;
#1914 = DIRECTION ( 'NONE',  ( 0.0000000000000000000, 0.0000000000000000000, -1.000000000000000000 ) ) ;
#1915 = FACE_OUTER_BOUND ( 'NONE', #2257, .T. ) ;
#1916 = CIRCLE ( 'NONE', #603, 2.649999999999991918 ) ;
#1917 = ORIENTED_EDGE ( 'NONE', *, *, #581, .F. ) ;
#1918 = CIRCLE ( 'NONE', #1075, 4.000000000000000000 ) ;
#1919 = ORIENTED_EDGE ( 'NONE', *, *, #2413, .F. ) ;
#1920 = VECTOR ( 'NONE', #1708, 1000.000000000000000 ) ;
#1921 = CYLINDRICAL_SURFACE ( 'NONE', #2142, 1.400000000000000133 ) ;
#1922 = ADVANCED_FACE ( 'NONE', ( #1782 ), #222, .T. ) ;
#1923 = CARTESIAN_POINT ( 'NONE',  ( 0.0000000000000000000, 5.000000000000000000, -2.923344034270480840 ) ) ;
#1924 = EDGE_CURVE ( 'NONE', #1500, #588, #1232, .T. ) ;
#1925 = DIRECTION ( 'NONE',  ( 0.0000000000000000000, 0.0000000000000000000, -1.000000000000000000 ) ) ;
#1926 = EDGE_LOOP ( 'NONE', ( #420, #770, #1902, #2012 ) ) ;
#1927 = DIRECTION ( 'NONE',  ( 0.0000000000000000000, 0.0000000000000000000, -1.000000000000000000 ) ) ;
#1928 = ORIENTED_EDGE ( 'NONE', *, *, #60, .F. ) ;
#1929 = DIRECTION ( 'NONE',  ( 0.0000000000000000000, 0.0000000000000000000, -1.000000000000000000 ) ) ;
#1930 = EDGE_LOOP ( 'NONE', ( #1757, #1821, #1599, #1343 ) ) ;
#1931 = ADVANCED_FACE ( 'NONE', ( #79 ), #1591, .F. ) ;
#1932 = AXIS2_PLACEMENT_3D ( 'NONE', #625, #2319, #257 ) ;
#1933 = ORIENTED_EDGE ( 'NONE', *, *, #385, .T. ) ;
#1934 = DIRECTION ( 'NONE',  ( -1.000000000000000000, 0.0000000000000000000, 8.673617379884034239E-17 ) ) ;
#1935 = DIRECTION ( 'NONE',  ( -0.0000000000000000000, 1.000000000000000000, 0.0000000000000000000 ) ) ;
#1936 = EDGE_CURVE ( 'NONE', #1512, #589, #1502, .T. ) ;
#1937 = CARTESIAN_POINT ( 'NONE',  ( 3.676465054719949332, 4.000000000000000000, -1.967410728019840294 ) ) ;
#1938 = ORIENTED_EDGE ( 'NONE', *, *, #889, .T. ) ;
#1939 = EDGE_CURVE ( 'NONE', #880, #793, #493, .T. ) ;
#1940 = CARTESIAN_POINT ( 'NONE',  ( 17.50000000000000000, 0.0000000000000000000, -8.500000000000000000 ) ) ;
#1941 = CARTESIAN_POINT ( 'NONE',  ( 5.499999999999998224, 0.0000000000000000000, -7.999999999999998224 ) ) ;
#1942 = AXIS2_PLACEMENT_3D ( 'NONE', #1358, #817, #592 ) ;
#1943 = FACE_OUTER_BOUND ( 'NONE', #1089, .T. ) ;
#1944 = ORIENTED_EDGE ( 'NONE', *, *, #1074, .F. ) ;
#1945 = CARTESIAN_POINT ( 'NONE',  ( 2.800000000000000711, 12.00000000000000000, -6.000000000000000000 ) ) ;
#1946 = ADVANCED_FACE ( 'NONE', ( #1164 ), #2019, .F. ) ;
#1947 = AXIS2_PLACEMENT_3D ( 'NONE', #723, #2050, #2054 ) ;
#1948 = CARTESIAN_POINT ( 'NONE',  ( 23.49999999999999289, 5.000000000000000000, -4.999999999999997335 ) ) ;
#1949 = LINE ( 'NONE', #930, #730 ) ;
#1950 = CIRCLE ( 'NONE', #1184, 1.400000000000000133 ) ;
#1951 = DIRECTION ( 'NONE',  ( 2.478176394252581634E-16, 0.0000000000000000000, 1.000000000000000000 ) ) ;
#1952 = ORIENTED_EDGE ( 'NONE', *, *, #967, .F. ) ;
#1953 = LINE ( 'NONE', #824, #908 ) ;
#1954 = ORIENTED_EDGE ( 'NONE', *, *, #1544, .F. ) ;
#1955 = CARTESIAN_POINT ( 'NONE',  ( 23.49999999999999289, 5.000000000000000000, -4.999999999999997335 ) ) ;
#1956 = DIRECTION ( 'NONE',  ( 1.000000000000000000, 0.0000000000000000000, -0.0000000000000000000 ) ) ;
#1957 = CARTESIAN_POINT ( 'NONE',  ( 8.999999999999998224, 4.000000000000000000, -8.499999999999998224 ) ) ;
#1958 = VERTEX_POINT ( 'NONE', #2008 ) ;
#1959 = CARTESIAN_POINT ( 'NONE',  ( 23.49999999999999645, 4.000000000000000000, -4.999999999999985789 ) ) ;
#1960 = VERTEX_POINT ( 'NONE', #1636 ) ;
#1961 = EDGE_CURVE ( 'NONE', #1231, #2218, #1015, .T. ) ;
#1962 = ADVANCED_FACE ( 'NONE', ( #1112 ), #1614, .T. ) ;
#1963 = CARTESIAN_POINT ( 'NONE',  ( 13.00000000000000000, -3.000000000000000000, -8.000000000000000000 ) ) ;
#1964 = VERTEX_POINT ( 'NONE', #1072 ) ;
#1965 = ORIENTED_EDGE ( 'NONE', *, *, #2348, .T. ) ;
#1966 = CARTESIAN_POINT ( 'NONE',  ( 1.250000000000011546, 8.000000000000000000, -3.600000000000000089 ) ) ;
#1967 = DIRECTION ( 'NONE',  ( 0.0000000000000000000, 0.0000000000000000000, 1.000000000000000000 ) ) ;
#1968 = CARTESIAN_POINT ( 'NONE',  ( 9.000000000000000000, -3.000000000000000000, -1.499999999999998890 ) ) ;
#1969 = ORIENTED_EDGE ( 'NONE', *, *, #2088, .T. ) ;
#1970 = DIRECTION ( 'NONE',  ( 0.0000000000000000000, -1.000000000000000000, 0.0000000000000000000 ) ) ;
#1971 = EDGE_CURVE ( 'NONE', #856, #1243, #2103, .T. ) ;
#1972 = CARTESIAN_POINT ( 'NONE',  ( 3.198966295292796858, 4.189933745944308008, -1.824583958962538777 ) ) ;
#1973 = EDGE_CURVE ( 'NONE', #132, #319, #158, .T. ) ;
#1974 = CARTESIAN_POINT ( 'NONE',  ( 26.00000000000000000, 8.000000000000000000, -5.000000000000000000 ) ) ;
#1975 = CARTESIAN_POINT ( 'NONE',  ( 23.19999999999999929, 13.50000000000000000, -5.000000000000000000 ) ) ;
#1976 = DIRECTION ( 'NONE',  ( 0.0000000000000000000, 0.0000000000000000000, -1.000000000000000000 ) ) ;
#1977 = APPROVAL_DATE_TIME ( #2067, #1631 ) ;
#1978 = LINE ( 'NONE', #1229, #2164 ) ;
#1979 = PLANE ( 'NONE',  #934 ) ;
#1980 = ORIENTED_EDGE ( 'NONE', *, *, #1823, .T. ) ;
#1981 = AXIS2_PLACEMENT_3D ( 'NONE', #763, #2066, #960 ) ;
#1982 = CIRCLE ( 'NONE', #2124, 1.400000000000000133 ) ;
#1983 = EDGE_LOOP ( 'NONE', ( #618, #2305, #124, #72, #1126, #2239, #2343, #2247 ) ) ;
#1984 = DIRECTION ( 'NONE',  ( 0.0000000000000000000, 0.0000000000000000000, -1.000000000000000000 ) ) ;
#1985 = CARTESIAN_POINT ( 'NONE',  ( 23.19999999999999929, 4.000000000000000000, -10.00000000000000000 ) ) ;
#1986 = FACE_BOUND ( 'NONE', #1991, .T. ) ;
#1987 = VECTOR ( 'NONE', #1525, 1000.000000000000000 ) ;
#1988 = AXIS2_PLACEMENT_3D ( 'NONE', #226, #1419, #287 ) ;
#1989 = DIRECTION ( 'NONE',  ( 0.0000000000000000000, 1.000000000000000000, 0.0000000000000000000 ) ) ;
#1990 = CARTESIAN_POINT ( 'NONE',  ( 23.49999999999999645, 5.000000000000000000, -4.999999999999985789 ) ) ;
#1991 = EDGE_LOOP ( 'NONE', ( #2216, #2225, #2255, #721, #914, #2394, #2439, #1615, #827, #968 ) ) ;
#1992 = DIRECTION ( 'NONE',  ( -1.000000000000000000, 0.0000000000000000000, 0.0000000000000000000 ) ) ;
#1993 = DIRECTION ( 'NONE',  ( 0.0000000000000000000, 0.0000000000000000000, -1.000000000000000000 ) ) ;
#1994 = ORIENTED_EDGE ( 'NONE', *, *, #942, .T. ) ;
#1995 = EDGE_CURVE ( 'NONE', #2369, #2353, #377, .T. ) ;
#1996 = ADVANCED_FACE ( 'NONE', ( #1576, #605 ), #1869, .F. ) ;
#1997 = AXIS2_PLACEMENT_3D ( 'NONE', #1959, #1403, #450 ) ;
#1998 = ORIENTED_EDGE ( 'NONE', *, *, #2213, .F. ) ;
#1999 = CARTESIAN_POINT ( 'NONE',  ( 25.39999999999283276, 10.01840909090635101, -5.358503475191819909 ) ) ;
#2000 = DIRECTION ( 'NONE',  ( -1.000000000000000000, 0.0000000000000000000, 0.0000000000000000000 ) ) ;
#2001 = AXIS2_PLACEMENT_3D ( 'NONE', #105, #295, #2192 ) ;
#2002 = VERTEX_POINT ( 'NONE', #2056 ) ;
#2003 = CARTESIAN_POINT ( 'NONE',  ( 23.49999999999999289, 5.000000000000000000, -4.999999999999997335 ) ) ;
#2004 = VERTEX_POINT ( 'NONE', #1690 ) ;
#2005 = PLANE ( 'NONE',  #1465 ) ;
#2006 = CARTESIAN_POINT ( 'NONE',  ( 26.00000000000000000, 10.62386363636363562, -5.371267582436921373 ) ) ;
#2007 = DIRECTION ( 'NONE',  ( -1.000000000000000000, 0.0000000000000000000, 0.0000000000000000000 ) ) ;
#2008 = CARTESIAN_POINT ( 'NONE',  ( 3.800000000000001155, 4.000000000000000000, -2.021325798278704067 ) ) ;
#2009 = PERSON_AND_ORGANIZATION ( #2418, #1316 ) ;
#2010 = CIRCLE ( 'NONE', #1452, 3.000000000000000000 ) ;
#2011 = EDGE_CURVE ( 'NONE', #2031, #616, #665, .T. ) ;
#2012 = ORIENTED_EDGE ( 'NONE', *, *, #93, .F. ) ;
#2013 = B_SPLINE_CURVE_WITH_KNOTS ( 'NONE', 3,
 ( #2006, #2177, #2374, #1999 ),
 .UNSPECIFIED., .F., .F.,
 ( 4, 4 ),
 ( 0.0000000000000000000, 0.0008524893718148364094 ),
 .UNSPECIFIED. ) ;
#2014 = VECTOR ( 'NONE', #1073, 1000.000000000000000 ) ;
#2015 = LINE ( 'NONE', #830, #1645 ) ;
#2016 = AXIS2_PLACEMENT_3D ( 'NONE', #452, #2144, #1589 ) ;
#2017 = DIRECTION ( 'NONE',  ( 1.000000000000000000, 0.0000000000000000000, -2.168404344971010101E-16 ) ) ;
#2018 = VERTEX_POINT ( 'NONE', #21 ) ;
#2019 = CYLINDRICAL_SURFACE ( 'NONE', #220, 1.000000000000000888 ) ;
#2020 = CIRCLE ( 'NONE', #343, 2.099999999999999645 ) ;
#2021 = CARTESIAN_POINT ( 'NONE',  ( 26.00000000000000000, 13.50000000000000000, -5.000000000000000000 ) ) ;
#2022 = CARTESIAN_POINT ( 'NONE',  ( 21.00000000000000000, 4.000000000000000000, -2.923344034270462632 ) ) ;
#2023 = CARTESIAN_POINT ( 'NONE',  ( 26.00000000000000000, 12.00000000000000000, 0.0000000000000000000 ) ) ;
#2024 = VERTEX_POINT ( 'NONE', #1524 ) ;
#2025 = CARTESIAN_POINT ( 'NONE',  ( 5.000000000000001776, -0.0000000000000000000, -2.478176394252582127E-15 ) ) ;
#2026 = ORIENTED_EDGE ( 'NONE', *, *, #1056, .T. ) ;
#2027 = CARTESIAN_POINT ( 'NONE',  ( 22.19999999999999574, 4.000000000000000000, -7.978674201721282166 ) ) ;
#2028 = EDGE_CURVE ( 'NONE', #2249, #940, #2256, .T. ) ;
#2029 = EDGE_CURVE ( 'NONE', #916, #390, #1346, .T. ) ;
#2030 = PERSON_AND_ORGANIZATION_ROLE ( 'creator' ) ;
#2031 = VERTEX_POINT ( 'NONE', #764 ) ;
#2032 = DIRECTION ( 'NONE',  ( 0.0000000000000000000, -1.000000000000000000, 0.0000000000000000000 ) ) ;
#2033 = AXIS2_PLACEMENT_3D ( 'NONE', #2190, #1826, #323 ) ;
#2034 = ORIENTED_EDGE ( 'NONE', *, *, #1390, .T. ) ;
#2035 = DIRECTION ( 'NONE',  ( 0.0000000000000000000, -1.000000000000000000, 0.0000000000000000000 ) ) ;
#2036 = EDGE_LOOP ( 'NONE', ( #645, #1777, #708, #1851 ) ) ;
#2037 = APPLICATION_PROTOCOL_DEFINITION ( 'international standard', 'config_control_design', 1994, #722 ) ;
#2038 = AXIS2_PLACEMENT_3D ( 'NONE', #67, #296, #852 ) ;
#2039 = CARTESIAN_POINT ( 'NONE',  ( 23.19999999999999929, 12.00000000000000000, -4.000000000000000000 ) ) ;
#2040 = CARTESIAN_POINT ( 'NONE',  ( 2.827221697576370651, 4.732537374254933482, -8.233911211680783993 ) ) ;
#2041 = CARTESIAN_POINT ( 'NONE',  ( 2.800000000000000266, 12.00000000000000000, -10.00000000000000000 ) ) ;
#2042 = FACE_OUTER_BOUND ( 'NONE', #2422, .T. ) ;
#2043 = DIRECTION ( 'NONE',  ( 0.0000000000000000000, 0.0000000000000000000, -1.000000000000000000 ) ) ;
#2044 = LINE ( 'NONE', #1137, #1720 ) ;
#2045 = VECTOR ( 'NONE', #969, 1000.000000000000000 ) ;
#2046 = ORIENTED_EDGE ( 'NONE', *, *, #11, .F. ) ;
#2047 = EDGE_CURVE ( 'NONE', #1296, #1321, #163, .T. ) ;
#2048 = VECTOR ( 'NONE', #950, 1000.000000000000000 ) ;
#2049 = ORIENTED_EDGE ( 'NONE', *, *, #808, .T. ) ;
#2050 = DIRECTION ( 'NONE',  ( 1.000000000000000000, -0.0000000000000000000, 0.0000000000000000000 ) ) ;
#2051 = FACE_BOUND ( 'NONE', #1125, .T. ) ;
#2052 = LINE ( 'NONE', #2238, #325 ) ;
#2053 = ORIENTED_EDGE ( 'NONE', *, *, #2323, .F. ) ;
#2054 = DIRECTION ( 'NONE',  ( 0.0000000000000000000, 0.0000000000000000000, -1.000000000000000000 ) ) ;
#2055 = ORIENTED_EDGE ( 'NONE', *, *, #1193, .F. ) ;
#2056 = CARTESIAN_POINT ( 'NONE',  ( 2.800000000000001155, 5.000000000000000000, 0.0000000000000000000 ) ) ;
#2057 = CARTESIAN_POINT ( 'NONE',  ( 26.00000000000000000, 8.000000000000000000, -7.649999999999992362 ) ) ;
#2058 = ORIENTED_EDGE ( 'NONE', *, *, #858, .T. ) ;
#2059 = EDGE_CURVE ( 'NONE', #53, #2409, #1949, .T. ) ;
#2060 = ORIENTED_EDGE ( 'NONE', *, *, #2380, .T. ) ;
#2061 = DIRECTION ( 'NONE',  ( -0.0000000000000000000, -1.000000000000000000, -0.0000000000000000000 ) ) ;
#2062 = CARTESIAN_POINT ( 'NONE',  ( 0.0000000000000000000, 12.00000000000000000, -10.00000000000000000 ) ) ;
#2063 = CARTESIAN_POINT ( 'NONE',  ( 0.0000000000000000000, 12.00000000000000000, -6.000000000000000000 ) ) ;
#2064 = EDGE_LOOP ( 'NONE', ( #1476, #1337, #342, #719 ) ) ;
#2065 = AXIS2_PLACEMENT_3D ( 'NONE', #50, #870, #1040 ) ;
#2066 = DIRECTION ( 'NONE',  ( -0.0000000000000000000, 1.000000000000000000, -0.0000000000000000000 ) ) ;
#2067 = DATE_AND_TIME ( #455, #1775 ) ;
#2068 = VECTOR ( 'NONE', #1882, 1000.000000000000000 ) ;
#2069 = CARTESIAN_POINT ( 'NONE',  ( 0.0000000000000000000, 8.000000000000000000, -2.349999999999990319 ) ) ;
#2070 = CARTESIAN_POINT ( 'NONE',  ( 17.50000000000000000, 4.000000000000000000, -1.500000000000000000 ) ) ;
#2071 = ORIENTED_EDGE ( 'NONE', *, *, #1595, .F. ) ;
#2072 = EDGE_CURVE ( 'NONE', #1280, #755, #1470, .T. ) ;
#2073 = CIRCLE ( 'NONE', #569, 1.400000000000000133 ) ;
#2074 = CIRCLE ( 'NONE', #1065, 3.249999999999999556 ) ;
#2075 = VERTEX_POINT ( 'NONE', #403 ) ;
#2076 = CYLINDRICAL_SURFACE ( 'NONE', #1537, 0.5000000000000004441 ) ;
#2077 = CIRCLE ( 'NONE', #405, 3.250000000000000444 ) ;
#2078 = EDGE_CURVE ( 'NONE', #2432, #583, #1610, .T. ) ;
#2079 = DIRECTION ( 'NONE',  ( 1.000000000000000000, -0.0000000000000000000, -2.168404344971009854E-16 ) ) ;
#2080 = AXIS2_PLACEMENT_3D ( 'NONE', #229, #2267, #1142 ) ;
#2081 = DIRECTION ( 'NONE',  ( 0.0000000000000000000, -1.000000000000000000, -0.0000000000000000000 ) ) ;
#2082 = AXIS2_PLACEMENT_3D ( 'NONE', #871, #500, #516 ) ;
#2083 = ORIENTED_EDGE ( 'NONE', *, *, #1961, .T. ) ;
#2084 = EDGE_LOOP ( 'NONE', ( #843, #1928, #1825, #513 ) ) ;
#2085 = DIRECTION ( 'NONE',  ( 0.0000000000000000000, 0.0000000000000000000, -1.000000000000000000 ) ) ;
#2086 = DIRECTION ( 'NONE',  ( 0.0000000000000000000, 0.0000000000000000000, -1.000000000000000000 ) ) ;
#2087 = ORIENTED_EDGE ( 'NONE', *, *, #699, .F. ) ;
#2088 = EDGE_CURVE ( 'NONE', #91, #1838, #1133, .T. ) ;
#2089 = ORIENTED_EDGE ( 'NONE', *, *, #1973, .T. ) ;
#2090 = PLANE ( 'NONE',  #974 ) ;
#2091 = VERTEX_POINT ( 'NONE', #1877 ) ;
#2092 = CARTESIAN_POINT ( 'NONE',  ( 2.800000000000000266, 5.000000000000000000, -10.00000000000000000 ) ) ;
#2093 = CARTESIAN_POINT ( 'NONE',  ( 8.999999999999998224, -3.000000000000000000, -8.499999999999998224 ) ) ;
#2094 = ADVANCED_BREP_SHAPE_REPRESENTATION ( 'hinge for holder', ( #640, #1306 ), #1377 ) ;
#2095 = VECTOR ( 'NONE', #486, 1000.000000000000000 ) ;
#2096 = DIRECTION ( 'NONE',  ( -0.0000000000000000000, -1.000000000000000000, -0.0000000000000000000 ) ) ;
#2097 = ORIENTED_EDGE ( 'NONE', *, *, #787, .T. ) ;
#2098 = CARTESIAN_POINT ( 'NONE',  ( 17.00000000000000000, 4.000000000000000000, -8.500000000000000000 ) ) ;
#2099 = LINE ( 'NONE', #964, #2339 ) ;
#2100 = FACE_OUTER_BOUND ( 'NONE', #1983, .T. ) ;
#2101 = EDGE_LOOP ( 'NONE', ( #894, #404, #183, #1944 ) ) ;
#2102 = DIRECTION ( 'NONE',  ( -0.0000000000000000000, 1.000000000000000000, -0.0000000000000000000 ) ) ;
#2103 = LINE ( 'NONE', #1646, #1724 ) ;
#2104 = ORIENTED_EDGE ( 'NONE', *, *, #1559, .F. ) ;
#2105 = EDGE_CURVE ( 'NONE', #2004, #492, #1404, .T. ) ;
#2106 = EDGE_CURVE ( 'NONE', #1328, #556, #810, .T. ) ;
#2107 = LINE ( 'NONE', #9, #1504 ) ;
#2108 = CYLINDRICAL_SURFACE ( 'NONE', #147, 4.000000000000000000 ) ;
#2109 = DIRECTION ( 'NONE',  ( -0.0000000000000000000, -1.000000000000000000, -0.0000000000000000000 ) ) ;
#2110 = CARTESIAN_POINT ( 'NONE',  ( 0.0000000000000000000, 0.0000000000000000000, -10.00000000000000000 ) ) ;
#2111 = CARTESIAN_POINT ( 'NONE',  ( 3.800000000000001155, 5.000000000000000000, 0.0000000000000000000 ) ) ;
#2112 = AXIS2_PLACEMENT_3D ( 'NONE', #1144, #27, #381 ) ;
#2113 = ORIENTED_EDGE ( 'NONE', *, *, #1859, .F. ) ;
#2114 = DIRECTION ( 'NONE',  ( 0.0000000000000000000, -1.000000000000000000, 0.0000000000000000000 ) ) ;
#2115 = EDGE_LOOP ( 'NONE', ( #1517, #1853 ) ) ;
#2116 = AXIS2_PLACEMENT_3D ( 'NONE', #1845, #2333, #1993 ) ;
#2117 = CARTESIAN_POINT ( 'NONE',  ( 13.00000000000000000, 4.000000000000000000, -2.000000000000000444 ) ) ;
#2118 = VERTEX_POINT ( 'NONE', #1351 ) ;
#2119 = ORIENTED_EDGE ( 'NONE', *, *, #1104, .F. ) ;
#2120 = PLANE ( 'NONE',  #2166 ) ;
#2121 = EDGE_CURVE ( 'NONE', #1255, #1964, #2044, .T. ) ;
#2122 = ORIENTED_EDGE ( 'NONE', *, *, #2414, .T. ) ;
#2123 = DIRECTION ( 'NONE',  ( -0.0000000000000000000, 1.000000000000000000, -0.0000000000000000000 ) ) ;
#2124 = AXIS2_PLACEMENT_3D ( 'NONE', #488, #1033, #844 ) ;
#2125 = CARTESIAN_POINT ( 'NONE',  ( 20.50000000000000000, 0.0000000000000000000, -2.000000000000000000 ) ) ;
#2126 = ADVANCED_FACE ( 'NONE', ( #575 ), #1897, .F. ) ;
#2127 = AXIS2_PLACEMENT_3D ( 'NONE', #1620, #2385, #329 ) ;
#2128 = CIRCLE ( 'NONE', #436, 2.999999999999999556 ) ;
#2129 = ORIENTED_EDGE ( 'NONE', *, *, #771, .F. ) ;
#2130 = DIRECTION ( 'NONE',  ( -0.0000000000000000000, -0.0000000000000000000, 1.000000000000000000 ) ) ;
#2131 = CIRCLE ( 'NONE', #400, 2.999999999999999556 ) ;
#2132 = VECTOR ( 'NONE', #511, 1000.000000000000000 ) ;
#2133 = PLANE ( 'NONE',  #866 ) ;
#2134 = DIRECTION ( 'NONE',  ( 1.000000000000000000, 0.0000000000000000000, 0.0000000000000000000 ) ) ;
#2135 = ORIENTED_EDGE ( 'NONE', *, *, #1176, .F. ) ;
#2136 = LINE ( 'NONE', #2245, #225 ) ;
#2137 = CARTESIAN_POINT ( 'NONE',  ( 26.00000000000000000, 10.62386363636363740, -4.628732417563085733 ) ) ;
#2138 = EDGE_CURVE ( 'NONE', #562, #613, #2073, .T. ) ;
#2139 = ADVANCED_FACE ( 'NONE', ( #1080, #1527 ), #2279, .T. ) ;
#2140 = ORIENTED_EDGE ( 'NONE', *, *, #356, .F. ) ;
#2141 = DIRECTION ( 'NONE',  ( 8.673617379884034239E-17, 0.0000000000000000000, 1.000000000000000000 ) ) ;
#2142 = AXIS2_PLACEMENT_3D ( 'NONE', #1506, #395, #1511 ) ;
#2143 = CARTESIAN_POINT ( 'NONE',  ( 26.00000000000000000, 5.000000000000000000, -7.076655965729501396 ) ) ;
#2144 = DIRECTION ( 'NONE',  ( 0.0000000000000000000, -1.000000000000000000, 0.0000000000000000000 ) ) ;
#2145 = EDGE_LOOP ( 'NONE', ( #2089, #1647 ) ) ;
#2146 = CARTESIAN_POINT ( 'NONE',  ( 0.0000000000000000000, 16.00000000000000000, -6.000000000000000000 ) ) ;
#2147 = ORIENTED_EDGE ( 'NONE', *, *, #581, .T. ) ;
#2148 = CARTESIAN_POINT ( 'NONE',  ( -15.00000000000000355, 8.000000000000000000, -5.000000000000000000 ) ) ;
#2149 = DIRECTION ( 'NONE',  ( 0.0000000000000000000, -1.000000000000000000, 0.0000000000000000000 ) ) ;
#2150 = DIRECTION ( 'NONE',  ( -0.0000000000000000000, 1.000000000000000000, -0.0000000000000000000 ) ) ;
#2151 = ORIENTED_EDGE ( 'NONE', *, *, #2323, .T. ) ;
#2152 = DIRECTION ( 'NONE',  ( 0.0000000000000000000, 0.0000000000000000000, 1.000000000000000000 ) ) ;
#2153 = ADVANCED_FACE ( 'NONE', ( #460 ), #1541, .F. ) ;
#2154 = EDGE_CURVE ( 'NONE', #583, #2432, #2099, .T. ) ;
#2155 = EDGE_CURVE ( 'NONE', #2219, #851, #216, .T. ) ;
#2156 = VERTEX_POINT ( 'NONE', #610 ) ;
#2157 = CARTESIAN_POINT ( 'NONE',  ( 26.00000000000000000, 8.000000000000000000, -5.000000000000000000 ) ) ;
#2158 = CARTESIAN_POINT ( 'NONE',  ( 30.00000000000000000, 13.50000000000000000, -5.000000000000000000 ) ) ;
#2159 = VECTOR ( 'NONE', #1763, 1000.000000000000000 ) ;
#2160 = ORIENTED_EDGE ( 'NONE', *, *, #1608, .F. ) ;
#2161 = CARTESIAN_POINT ( 'NONE',  ( 23.49999999999999289, 5.000000000000000000, -7.099999999999998757 ) ) ;
#2162 = CARTESIAN_POINT ( 'NONE',  ( 30.00000000000000000, 10.27477272727272251, -6.359378181101998706 ) ) ;
#2163 = VECTOR ( 'NONE', #231, 1000.000000000000000 ) ;
#2164 = VECTOR ( 'NONE', #2109, 1000.000000000000000 ) ;
#2165 = ORIENTED_EDGE ( 'NONE', *, *, #2413, .T. ) ;
#2166 = AXIS2_PLACEMENT_3D ( 'NONE', #1567, #596, #1185 ) ;
#2167 = FACE_OUTER_BOUND ( 'NONE', #1016, .T. ) ;
#2168 = ORIENTED_EDGE ( 'NONE', *, *, #1283, .T. ) ;
#2169 = ADVANCED_FACE ( 'NONE', ( #952 ), #1546, .F. ) ;
#2170 = DIRECTION ( 'NONE',  ( 0.0000000000000000000, 0.0000000000000000000, 1.000000000000000000 ) ) ;
#2171 = DIRECTION ( 'NONE',  ( -0.0000000000000000000, 1.000000000000000000, -0.0000000000000000000 ) ) ;
#2172 = FACE_OUTER_BOUND ( 'NONE', #978, .T. ) ;
#2173 = LINE ( 'NONE', #1678, #252 ) ;
#2174 = DIRECTION ( 'NONE',  ( 0.0000000000000000000, 0.0000000000000000000, 1.000000000000000000 ) ) ;
#2175 = VERTEX_POINT ( 'NONE', #1923 ) ;
#2176 = CARTESIAN_POINT ( 'NONE',  ( 20.50000000000000000, 0.0000000000000000000, -1.500000000000000000 ) ) ;
#2177 = CARTESIAN_POINT ( 'NONE',  ( 25.79997945172042506, 10.42202471946333731, -5.370037584169479850 ) ) ;
#2178 = DIRECTION ( 'NONE',  ( -0.0000000000000000000, -1.000000000000000000, 0.0000000000000000000 ) ) ;
#2179 = EDGE_CURVE ( 'NONE', #2324, #2183, #318, .T. ) ;
#2180 = DIRECTION ( 'NONE',  ( 1.000000000000000000, 0.0000000000000000000, 0.0000000000000000000 ) ) ;
#2181 = ORIENTED_EDGE ( 'NONE', *, *, #1566, .F. ) ;
#2182 = CARTESIAN_POINT ( 'NONE',  ( 26.00000000000000000, 13.50000000000000000, -5.000000000000000000 ) ) ;
#2183 = VERTEX_POINT ( 'NONE', #64 ) ;
#2184 = CARTESIAN_POINT ( 'NONE',  ( 8.999999999999998224, 0.0000000000000000000, -7.999999999999998224 ) ) ;
#2185 = DIRECTION ( 'NONE',  ( -1.000000000000000000, 0.0000000000000000000, 0.0000000000000000000 ) ) ;
#2186 = DIRECTION ( 'NONE',  ( 0.0000000000000000000, -1.000000000000000000, 0.0000000000000000000 ) ) ;
#2187 = CARTESIAN_POINT ( 'NONE',  ( 24.75000000000000355, 8.000000000000000000, -6.400000000000000355 ) ) ;
#2188 = EDGE_LOOP ( 'NONE', ( #1152, #376, #1474, #1284 ) ) ;
#2189 = ADVANCED_FACE ( 'NONE', ( #1747 ), #246, .F. ) ;
#2190 = CARTESIAN_POINT ( 'NONE',  ( 26.00000000000000000, 8.000000000000000000, -5.000000000000000000 ) ) ;
#2191 = EDGE_CURVE ( 'NONE', #1172, #1254, #1839, .T. ) ;
#2192 = DIRECTION ( 'NONE',  ( 0.0000000000000000000, 0.0000000000000000000, 1.000000000000000000 ) ) ;
#2193 = CARTESIAN_POINT ( 'NONE',  ( 13.00000000000002132, 13.50000000000000000, -7.049999999999998934 ) ) ;
#2194 = CIRCLE ( 'NONE', #520, 4.000000000000000000 ) ;
#2195 = CARTESIAN_POINT ( 'NONE',  ( 2.800000000000000266, 4.000000000000000000, -10.00000000000000000 ) ) ;
#2196 = ORIENTED_EDGE ( 'NONE', *, *, #1331, .F. ) ;
#2197 = VECTOR ( 'NONE', #1765, 1000.000000000000000 ) ;
#2198 = LINE ( 'NONE', #68, #1547 ) ;
#2199 = CARTESIAN_POINT ( 'NONE',  ( 2.500000000000000000, 5.000000000000000000, -5.000000000000000000 ) ) ;
#2200 = ORIENTED_EDGE ( 'NONE', *, *, #759, .T. ) ;
#2201 = DIRECTION ( 'NONE',  ( 0.0000000000000000000, 0.0000000000000000000, 1.000000000000000000 ) ) ;
#2202 = CIRCLE ( 'NONE', #51, 3.250000000000000444 ) ;
#2203 = LINE ( 'NONE', #364, #1553 ) ;
#2204 = EDGE_CURVE ( 'NONE', #201, #2309, #846, .T. ) ;
#2205 = CARTESIAN_POINT ( 'NONE',  ( 2.800000000000000711, 16.00000000000000000, -4.000000000000000000 ) ) ;
#2206 = DIRECTION ( 'NONE',  ( 0.0000000000000000000, 0.0000000000000000000, 1.000000000000000000 ) ) ;
#2207 = ORIENTED_EDGE ( 'NONE', *, *, #918, .F. ) ;
#2208 = EDGE_CURVE ( 'NONE', #589, #1512, #1676, .T. ) ;
#2209 = DIRECTION ( 'NONE',  ( -0.0000000000000000000, 1.000000000000000000, 0.0000000000000000000 ) ) ;
#2210 = ORIENTED_EDGE ( 'NONE', *, *, #1359, .T. ) ;
#2211 = B_SPLINE_CURVE_WITH_KNOTS ( 'NONE', 3,
 ( #2027, #537, #2402, #1660, #910, #2234, #2421, #2411, #1477, #1095 ),
 .UNSPECIFIED., .F., .F.,
 ( 4, 2, 2, 2, 4 ),
 ( 0.0000000000000000000, 0.0003990259655312093558, 0.0007980519310624187117, 0.001197077896593628068, 0.001596103862124837423 ),
 .UNSPECIFIED. ) ;
#2212 = DIRECTION ( 'NONE',  ( 0.0000000000000000000, -1.000000000000000000, 0.0000000000000000000 ) ) ;
#2213 = EDGE_CURVE ( 'NONE', #390, #440, #2404, .T. ) ;
#2214 = AXIS2_PLACEMENT_3D ( 'NONE', #1945, #437, #54 ) ;
#2215 = AXIS2_PLACEMENT_3D ( 'NONE', #1975, #868, #2364 ) ;
#2216 = ORIENTED_EDGE ( 'NONE', *, *, #955, .T. ) ;
#2217 = ORIENTED_EDGE ( 'NONE', *, *, #339, .F. ) ;
#2218 = VERTEX_POINT ( 'NONE', #1565 ) ;
#2219 = VERTEX_POINT ( 'NONE', #1732 ) ;
#2220 = DIRECTION ( 'NONE',  ( 0.0000000000000000000, 0.0000000000000000000, -1.000000000000000000 ) ) ;
#2221 = CARTESIAN_POINT ( 'NONE',  ( 17.00000000000000000, 4.000000000000000000, -8.500000000000000000 ) ) ;
#2222 = SECURITY_CLASSIFICATION_LEVEL ( 'unclassified' ) ;
#2223 = VECTOR ( 'NONE', #81, 1000.000000000000000 ) ;
#2224 = EDGE_CURVE ( 'NONE', #586, #996, #2131, .T. ) ;
#2225 = ORIENTED_EDGE ( 'NONE', *, *, #889, .F. ) ;
#2226 = PRODUCT ( 'hinge for holder', 'hinge for holder', '', ( #1852 ) ) ;
#2227 = VECTOR ( 'NONE', #1657, 1000.000000000000000 ) ;
#2228 = VECTOR ( 'NONE', #778, 1000.000000000000000 ) ;
#2229 = ADVANCED_FACE ( 'NONE', ( #904 ), #1159, .T. ) ;
#2230 = DIRECTION ( 'NONE',  ( 0.0000000000000000000, -1.000000000000000000, 0.0000000000000000000 ) ) ;
#2231 = VERTEX_POINT ( 'NONE', #802 ) ;
#2232 = VECTOR ( 'NONE', #1622, 1000.000000000000000 ) ;
#2233 = ORIENTED_EDGE ( 'NONE', *, *, #1707, .T. ) ;
#2234 = CARTESIAN_POINT ( 'NONE',  ( 22.99075847038695386, 4.373781274900561122, -8.211307207376870920 ) ) ;
#2235 = CIRCLE ( 'NONE', #1712, 3.249999999999999556 ) ;
#2236 = VECTOR ( 'NONE', #1267, 1000.000000000000000 ) ;
#2237 = CARTESIAN_POINT ( 'NONE',  ( 3.198032865753222875, 4.190666184898849345, -8.175613264470225516 ) ) ;
#2238 = CARTESIAN_POINT ( 'NONE',  ( 2.800000000000001155, 4.000000000000000000, 0.0000000000000000000 ) ) ;
#2239 = ORIENTED_EDGE ( 'NONE', *, *, #2363, .F. ) ;
#2240 = CARTESIAN_POINT ( 'NONE',  ( 3.800000000000000266, 4.000000000000000000, -7.978674201721295489 ) ) ;
#2241 = EDGE_CURVE ( 'NONE', #132, #2156, #1091, .T. ) ;
#2242 = EDGE_CURVE ( 'NONE', #1871, #1722, #1265, .T. ) ;
#2243 = CARTESIAN_POINT ( 'NONE',  ( 23.49999999999999289, 5.000000000000000000, -7.099999999999998757 ) ) ;
#2244 = ORIENTED_EDGE ( 'NONE', *, *, #1828, .T. ) ;
#2245 = CARTESIAN_POINT ( 'NONE',  ( 13.00000000000000000, -3.000000000000000000, -2.000000000000000444 ) ) ;
#2246 = AXIS2_PLACEMENT_3D ( 'NONE', #2262, #189, #1515 ) ;
#2247 = ORIENTED_EDGE ( 'NONE', *, *, #1439, .T. ) ;
#2248 = AXIS2_PLACEMENT_3D ( 'NONE', #2350, #1226, #97 ) ;
#2249 = VERTEX_POINT ( 'NONE', #1966 ) ;
#2250 = DIRECTION ( 'NONE',  ( 0.0000000000000000000, 0.0000000000000000000, 1.000000000000000000 ) ) ;
#2251 = DIRECTION ( 'NONE',  ( 0.0000000000000000000, 1.000000000000000000, 0.0000000000000000000 ) ) ;
#2252 = CARTESIAN_POINT ( 'NONE',  ( 24.75000000000000355, 8.000000000000000000, -6.400000000000000355 ) ) ;
#2253 = LOCAL_TIME ( 12, 8, 54.00000000000000000, #1572 ) ;
#2254 = VECTOR ( 'NONE', #821, 1000.000000000000000 ) ;
#2255 = ORIENTED_EDGE ( 'NONE', *, *, #28, .T. ) ;
#2256 = LINE ( 'NONE', #2069, #193 ) ;
#2257 = EDGE_LOOP ( 'NONE', ( #1938, #202, #781, #736 ) ) ;
#2258 = EDGE_CURVE ( 'NONE', #907, #1147, #756, .T. ) ;
#2259 = VERTEX_POINT ( 'NONE', #1601 ) ;
#2260 = DIRECTION ( 'NONE',  ( 0.0000000000000000000, 0.0000000000000000000, 1.000000000000000000 ) ) ;
#2261 = AXIS2_PLACEMENT_3D ( 'NONE', #1755, #2331, #49 ) ;
#2262 = CARTESIAN_POINT ( 'NONE',  ( 23.49999999999999645, 5.000000000000000000, -4.999999999999985789 ) ) ;
#2263 = VECTOR ( 'NONE', #1834, 1000.000000000000000 ) ;
#2264 = LINE ( 'NONE', #1282, #703 ) ;
#2265 = AXIS2_PLACEMENT_3D ( 'NONE', #1240, #1058, #120 ) ;
#2266 = ORIENTED_EDGE ( 'NONE', *, *, #2414, .F. ) ;
#2267 = DIRECTION ( 'NONE',  ( -1.000000000000000000, -0.0000000000000000000, -0.0000000000000000000 ) ) ;
#2268 = VERTEX_POINT ( 'NONE', #1571 ) ;
#2269 = CARTESIAN_POINT ( 'NONE',  ( 21.00000000000000000, 0.0000000000000000000, -8.000000000000000000 ) ) ;
#2270 = ORIENTED_EDGE ( 'NONE', *, *, #1090, .F. ) ;
#2271 = EDGE_CURVE ( 'NONE', #602, #2432, #350, .T. ) ;
#2272 = VERTEX_POINT ( 'NONE', #86 ) ;
#2273 = AXIS2_PLACEMENT_3D ( 'NONE', #626, #1934, #258 ) ;
#2274 = DIRECTION ( 'NONE',  ( 0.0000000000000000000, 0.0000000000000000000, -1.000000000000000000 ) ) ;
#2275 = DIRECTION ( 'NONE',  ( 8.673617379884034239E-17, 0.0000000000000000000, 1.000000000000000000 ) ) ;
#2276 = EDGE_LOOP ( 'NONE', ( #1228, #2147, #2026, #337, #1508, #539 ) ) ;
#2277 = CIRCLE ( 'NONE', #740, 3.500000000000000888 ) ;
#2278 = LINE ( 'NONE', #69, #975 ) ;
#2279 = PLANE ( 'NONE',  #943 ) ;
#2280 = VERTEX_POINT ( 'NONE', #2362 ) ;
#2281 = EDGE_CURVE ( 'NONE', #1551, #851, #779, .T. ) ;
#2282 = CIRCLE ( 'NONE', #598, 2.100000000000000533 ) ;
#2283 = LINE ( 'NONE', #1022, #276 ) ;
#2284 = EDGE_CURVE ( 'NONE', #583, #1500, #2282, .T. ) ;
#2285 = VERTEX_POINT ( 'NONE', #1609 ) ;
#2286 = DIRECTION ( 'NONE',  ( -0.0000000000000000000, 0.0000000000000000000, 1.000000000000000000 ) ) ;
#2287 = FACE_OUTER_BOUND ( 'NONE', #65, .T. ) ;
#2288 = ORIENTED_EDGE ( 'NONE', *, *, #526, .F. ) ;
#2289 = CIRCLE ( 'NONE', #330, 2.649999999999991918 ) ;
#2290 = AXIS2_PLACEMENT_3D ( 'NONE', #2003, #712, #530 ) ;
#2291 = VERTEX_POINT ( 'NONE', #112 ) ;
#2292 = CARTESIAN_POINT ( 'NONE',  ( 23.19999999999999929, 5.000000000000000000, -7.078460969082652099 ) ) ;
#2293 = DIRECTION ( 'NONE',  ( -0.0000000000000000000, 1.000000000000000000, -0.0000000000000000000 ) ) ;
#2294 = CARTESIAN_POINT ( 'NONE',  ( 25.39999999999999858, 13.50000000000000000, -5.000000000000000000 ) ) ;
#2295 = CARTESIAN_POINT ( 'NONE',  ( 0.0000000000000000000, 5.000000000000000000, -7.076655965729519160 ) ) ;
#2296 = VERTEX_POINT ( 'NONE', #482 ) ;
#2297 = ORIENTED_EDGE ( 'NONE', *, *, #211, .F. ) ;
#2298 = DIRECTION ( 'NONE',  ( 1.000000000000000000, 0.0000000000000000000, 0.0000000000000000000 ) ) ;
#2299 = EDGE_LOOP ( 'NONE', ( #1396, #2210, #1655, #1908, #1046, #1980, #235, #1899 ) ) ;
#2300 = ADVANCED_FACE ( 'NONE', ( #1698 ), #697, .F. ) ;
#2301 = CARTESIAN_POINT ( 'NONE',  ( 0.0000000000000000000, 12.00000000000000000, -6.000000000000000000 ) ) ;
#2302 = DIRECTION ( 'NONE',  ( 1.000000000000000000, -0.0000000000000000000, -0.0000000000000000000 ) ) ;
#2303 = CALENDAR_DATE ( 2019, 13, 12 ) ;
#2304 = CYLINDRICAL_SURFACE ( 'NONE', #7, 1.400000000000000133 ) ;
#2305 = ORIENTED_EDGE ( 'NONE', *, *, #255, .T. ) ;
#2306 = DIRECTION ( 'NONE',  ( -1.000000000000000000, 0.0000000000000000000, 0.0000000000000000000 ) ) ;
#2307 = DIRECTION ( 'NONE',  ( 1.000000000000000000, -0.0000000000000000000, -0.0000000000000000000 ) ) ;
#2308 = LINE ( 'NONE', #298, #1295 ) ;
#2309 = VERTEX_POINT ( 'NONE', #833 ) ;
#2310 = ORIENTED_EDGE ( 'NONE', *, *, #646, .F. ) ;
#2311 = EDGE_CURVE ( 'NONE', #1958, #1715, #1848, .T. ) ;
#2312 = CIRCLE ( 'NONE', #762, 0.5000000000000004441 ) ;
#2313 = CIRCLE ( 'NONE', #571, 2.099999999999999645 ) ;
#2314 = DIRECTION ( 'NONE',  ( -0.0000000000000000000, 1.000000000000000000, -0.0000000000000000000 ) ) ;
#2315 = ORIENTED_EDGE ( 'NONE', *, *, #2154, .F. ) ;
#2316 = CARTESIAN_POINT ( 'NONE',  ( 2.800000000000000266, 8.000000000000000000, -5.000000000000000000 ) ) ;
#2317 = VERTEX_POINT ( 'NONE', #653 ) ;
#2318 = AXIS2_PLACEMENT_3D ( 'NONE', #2338, #656, #862 ) ;
#2319 = DIRECTION ( 'NONE',  ( -0.0000000000000000000, -1.000000000000000000, -0.0000000000000000000 ) ) ;
#2320 = DIRECTION ( 'NONE',  ( -0.0000000000000000000, 1.000000000000000000, -0.0000000000000000000 ) ) ;
#2321 = ORIENTED_EDGE ( 'NONE', *, *, #557, .T. ) ;
#2322 = ADVANCED_FACE ( 'NONE', ( #75 ), #1593, .F. ) ;
#2323 = EDGE_CURVE ( 'NONE', #179, #1328, #15, .T. ) ;
#2324 = VERTEX_POINT ( 'NONE', #2162 ) ;
#2325 = CARTESIAN_POINT ( 'NONE',  ( 5.000000000000000888, 0.0000000000000000000, -1.999999999999997780 ) ) ;
#2326 = DIRECTION ( 'NONE',  ( 0.0000000000000000000, 0.0000000000000000000, -1.000000000000000000 ) ) ;
#2327 = EDGE_CURVE ( 'NONE', #458, #87, #632, .T. ) ;
#2328 = ORIENTED_EDGE ( 'NONE', *, *, #477, .T. ) ;
#2329 = CARTESIAN_POINT ( 'NONE',  ( -15.00000000000000355, 8.000000000000000000, -3.600000000000000089 ) ) ;
#2330 = AXIS2_PLACEMENT_3D ( 'NONE', #773, #2086, #961 ) ;
#2331 = DIRECTION ( 'NONE',  ( 1.000000000000000000, 0.0000000000000000000, -2.478176394252581634E-16 ) ) ;
#2332 = DIRECTION ( 'NONE',  ( 0.0000000000000000000, 0.0000000000000000000, 1.000000000000000000 ) ) ;
#2333 = DIRECTION ( 'NONE',  ( -0.0000000000000000000, 1.000000000000000000, -0.0000000000000000000 ) ) ;
#2334 = CARTESIAN_POINT ( 'NONE',  ( 41.00000000000000711, 8.000000000000000000, -5.000000000000000000 ) ) ;
#2335 = PERSON_AND_ORGANIZATION ( #2418, #1316 ) ;
#2336 = CYLINDRICAL_SURFACE ( 'NONE', #103, 0.5000000000000000000 ) ;
#2337 = VERTEX_POINT ( 'NONE', #1088 ) ;
#2338 = CARTESIAN_POINT ( 'NONE',  ( 3.800000000000001155, 5.000000000000000000, -3.295974604355933972E-16 ) ) ;
#2339 = VECTOR ( 'NONE', #1170, 1000.000000000000000 ) ;
#2340 = LINE ( 'NONE', #1051, #1134 ) ;
#2341 = DIRECTION ( 'NONE',  ( -8.673617379884034239E-17, -0.0000000000000000000, -1.000000000000000000 ) ) ;
#2342 = CARTESIAN_POINT ( 'NONE',  ( 23.49999999999999289, 5.000000000000000000, -4.999999999999997335 ) ) ;
#2343 = ORIENTED_EDGE ( 'NONE', *, *, #1995, .F. ) ;
#2344 = FACE_OUTER_BOUND ( 'NONE', #758, .T. ) ;
#2345 = VERTEX_POINT ( 'NONE', #476 ) ;
#2346 = CARTESIAN_POINT ( 'NONE',  ( 3.009241529613043920, 4.373781274900560234, -1.788692792623115313 ) ) ;
#2347 = CARTESIAN_POINT ( 'NONE',  ( 2.500000000000000000, 5.000000000000000000, -5.000000000000000000 ) ) ;
#2348 = EDGE_CURVE ( 'NONE', #851, #1328, #406, .T. ) ;
#2349 = EDGE_LOOP ( 'NONE', ( #789, #1333, #1079, #1030 ) ) ;
#2350 = CARTESIAN_POINT ( 'NONE',  ( 22.19999999999999574, 5.000000000000000000, -10.00000000000000000 ) ) ;
#2351 = CARTESIAN_POINT ( 'NONE',  ( 20.50000000000000000, 4.000000000000000000, -8.500000000000000000 ) ) ;
#2352 = CARTESIAN_POINT ( 'NONE',  ( 26.00000000000000000, 15.55531080198745997, -7.832966202981190840 ) ) ;
#2353 = VERTEX_POINT ( 'NONE', #687 ) ;
#2354 = DIRECTION ( 'NONE',  ( -1.000000000000000000, 0.0000000000000000000, -0.0000000000000000000 ) ) ;
#2355 = ADVANCED_FACE ( 'NONE', ( #1778 ), #241, .T. ) ;
#2356 = CARTESIAN_POINT ( 'NONE',  ( 26.00000000000000000, 5.000000000000000888, 0.0000000000000000000 ) ) ;
#2357 = DIRECTION ( 'NONE',  ( 0.0000000000000000000, 0.0000000000000000000, -1.000000000000000000 ) ) ;
#2358 = DIRECTION ( 'NONE',  ( -0.0000000000000000000, 0.0000000000000000000, -1.000000000000000000 ) ) ;
#2359 = ORIENTED_EDGE ( 'NONE', *, *, #2204, .T. ) ;
#2360 = ORIENTED_EDGE ( 'NONE', *, *, #1697, .F. ) ;
#2361 = EDGE_CURVE ( 'NONE', #2231, #2031, #1644, .T. ) ;
#2362 = CARTESIAN_POINT ( 'NONE',  ( 2.800000000000000711, 16.00000000000000000, -6.000000000000000000 ) ) ;
#2363 = EDGE_CURVE ( 'NONE', #2353, #2219, #977, .T. ) ;
#2364 = DIRECTION ( 'NONE',  ( 0.0000000000000000000, 0.0000000000000000000, -1.000000000000000000 ) ) ;
#2365 = LINE ( 'NONE', #1250, #1543 ) ;
#2366 = DIRECTION ( 'NONE',  ( 0.0000000000000000000, 0.0000000000000000000, -1.000000000000000000 ) ) ;
#2367 = DIRECTION ( 'NONE',  ( 0.0000000000000000000, -1.000000000000000000, 0.0000000000000000000 ) ) ;
#2368 = LINE ( 'NONE', #1211, #2223 ) ;
#2369 = VERTEX_POINT ( 'NONE', #2022 ) ;
#2370 = AXIS2_PLACEMENT_3D ( 'NONE', #214, #1368, #1554 ) ;
#2371 = LINE ( 'NONE', #474, #2232 ) ;
#2372 = ORIENTED_EDGE ( 'NONE', *, *, #1760, .T. ) ;
#2373 = ADVANCED_FACE ( 'NONE', ( #1188 ), #1498, .F. ) ;
#2374 = CARTESIAN_POINT ( 'NONE',  ( 25.59995485213500288, 10.22018171442713630, -5.365889036169370740 ) ) ;
#2375 = CIRCLE ( 'NONE', #1981, 0.5000000000000000000 ) ;
#2376 = FACE_OUTER_BOUND ( 'NONE', #2188, .T. ) ;
#2377 = DIRECTION ( 'NONE',  ( 0.0000000000000000000, -1.000000000000000000, 0.0000000000000000000 ) ) ;
#2378 = PLANE ( 'NONE',  #496 ) ;
#2379 = ORIENTED_EDGE ( 'NONE', *, *, #759, .F. ) ;
#2380 = EDGE_CURVE ( 'NONE', #634, #1251, #2429, .T. ) ;
#2381 = DIRECTION ( 'NONE',  ( 0.0000000000000000000, -1.000000000000000000, 0.0000000000000000000 ) ) ;
#2382 = AXIS2_PLACEMENT_3D ( 'NONE', #1802, #2377, #1244 ) ;
#2383 = DIRECTION ( 'NONE',  ( 0.0000000000000000000, 0.0000000000000000000, 1.000000000000000000 ) ) ;
#2384 = ORIENTED_EDGE ( 'NONE', *, *, #172, .F. ) ;
#2385 = DIRECTION ( 'NONE',  ( 1.000000000000000000, -0.0000000000000000000, 0.0000000000000000000 ) ) ;
#2386 = AXIS2_PLACEMENT_3D ( 'NONE', #2039, #604, #883 ) ;
#2387 = DIRECTION ( 'NONE',  ( 0.0000000000000000000, -1.000000000000000000, 0.0000000000000000000 ) ) ;
#2388 = ADVANCED_FACE ( 'NONE', ( #527, #187, #1742 ), #1063, .F. ) ;
#2389 = VERTEX_POINT ( 'NONE', #1637 ) ;
#2390 = DIRECTION ( 'NONE',  ( -1.000000000000000000, -0.0000000000000000000, -0.0000000000000000000 ) ) ;
#2391 = ORIENTED_EDGE ( 'NONE', *, *, #1533, .F. ) ;
#2392 = DIRECTION ( 'NONE',  ( 0.0000000000000000000, 0.0000000000000000000, -1.000000000000000000 ) ) ;
#2393 = DIRECTION ( 'NONE',  ( 0.0000000000000000000, -0.0000000000000000000, 1.000000000000000000 ) ) ;
#2394 = ORIENTED_EDGE ( 'NONE', *, *, #1342, .F. ) ;
#2395 = CARTESIAN_POINT ( 'NONE',  ( 26.00000000000000000, 12.00000000000000000, -4.000000000000000000 ) ) ;
#2396 = EDGE_CURVE ( 'NONE', #1136, #634, #2277, .T. ) ;
#2397 = DIRECTION ( 'NONE',  ( 1.000000000000000000, 0.0000000000000000000, 0.0000000000000000000 ) ) ;
#2398 = AXIS2_PLACEMENT_3D ( 'NONE', #1464, #524, #508 ) ;
#2399 = CARTESIAN_POINT ( 'NONE',  ( 0.0000000000000000000, 12.00000000000000000, 0.0000000000000000000 ) ) ;
#2400 = APPROVAL_PERSON_ORGANIZATION ( #948, #1120, #1671 ) ;
#2401 = VECTOR ( 'NONE', #1217, 1000.000000000000000 ) ;
#2402 = CARTESIAN_POINT ( 'NONE',  ( 22.44859938513552322, 4.022844145869650667, -8.077778372545196817 ) ) ;
#2403 = ORIENTED_EDGE ( 'NONE', *, *, #1103, .F. ) ;
#2404 = LINE ( 'NONE', #1194, #1010 ) ;
#2405 = CIRCLE ( 'NONE', #274, 4.000000000000000000 ) ;
#2406 = ORIENTED_EDGE ( 'NONE', *, *, #117, .F. ) ;
#2407 = DIRECTION ( 'NONE',  ( -0.0000000000000000000, 0.0000000000000000000, -1.000000000000000000 ) ) ;
#2408 = CIRCLE ( 'NONE', #1204, 0.5000000000000004441 ) ;
#2409 = VERTEX_POINT ( 'NONE', #1084 ) ;
#2410 = CARTESIAN_POINT ( 'NONE',  ( 23.49999999999999645, 4.000000000000000000, -4.999999999999985789 ) ) ;
#2411 = CARTESIAN_POINT ( 'NONE',  ( 23.17228508560878453, 4.731052922918546066, -8.233859271141426461 ) ) ;
#2412 = ORIENTED_EDGE ( 'NONE', *, *, #1313, .T. ) ;
#2413 = EDGE_CURVE ( 'NONE', #2118, #2004, #490, .T. ) ;
#2414 = EDGE_CURVE ( 'NONE', #348, #1349, #1262, .T. ) ;
#2415 = ADVANCED_FACE ( 'NONE', ( #1433 ), #2378, .T. ) ;
#2416 = DIRECTION ( 'NONE',  ( 0.0000000000000000000, 0.0000000000000000000, 1.000000000000000000 ) ) ;
#2417 = ORIENTED_EDGE ( 'NONE', *, *, #326, .T. ) ;
#2418 = PERSON ( 'UNSPECIFIED', 'UNSPECIFIED', 'UNSPECIFIED', ('UNSPECIFIED'), ('UNSPECIFIED'), ('UNSPECIFIED') ) ;
#2419 = CARTESIAN_POINT ( 'NONE',  ( 2.931494752095278322, 4.486645817978851092, -8.221656102583523307 ) ) ;
#2420 = AXIS2_PLACEMENT_3D ( 'NONE', #1340, #1701, #1356 ) ;
#2421 = CARTESIAN_POINT ( 'NONE',  ( 23.06825803702590960, 4.486386527524979684, -8.221620978338249230 ) ) ;
#2422 = EDGE_LOOP ( 'NONE', ( #615, #2372, #746, #2129, #2244, #1780, #2328, #438, #111, #2359 ) ) ;
#2423 = AXIS2_PLACEMENT_3D ( 'NONE', #497, #1059, #691 ) ;
#2424 = ORIENTED_EDGE ( 'NONE', *, *, #1649, .T. ) ;
#2425 = CARTESIAN_POINT ( 'NONE',  ( 2.800000000000000266, 5.000000000000000000, -8.236124225056881798 ) ) ;
#2426 = PLANE ( 'NONE',  #1348 ) ;
#2427 = VECTOR ( 'NONE', #154, 1000.000000000000000 ) ;
#2428 = CARTESIAN_POINT ( 'NONE',  ( 4.999999999999997335, 4.000000000000000000, -8.499999999999998224 ) ) ;
#2429 = CIRCLE ( 'NONE', #2033, 2.649999999999992806 ) ;
#2430 = CIRCLE ( 'NONE', #2370, 2.049999999999998934 ) ;
#2431 = CARTESIAN_POINT ( 'NONE',  ( 0.0000000000000000000, 12.00000000000000000, -4.000000000000000000 ) ) ;
#2432 = VERTEX_POINT ( 'NONE', #489 ) ;
#2433 = LINE ( 'NONE', #1205, #1550 ) ;
#2434 = ORIENTED_EDGE ( 'NONE', *, *, #642, .F. ) ;
#2435 = LINE ( 'NONE', #19, #1920 ) ;
#2436 = CYLINDRICAL_SURFACE ( 'NONE', #1003, 4.000000000000000000 ) ;
#2437 = CARTESIAN_POINT ( 'NONE',  ( 23.19999999999999574, 4.865093129980290421, -1.763875774943105323 ) ) ;
#2438 = CARTESIAN_POINT ( 'NONE',  ( 25.39999999999283276, 10.01840909090635101, -5.358503475191819909 ) ) ;
#2439 = ORIENTED_EDGE ( 'NONE', *, *, #17, .T. ) ;
ENDSEC;
END-ISO-10303-21;
