ISO-10303-21;
HEADER;
FILE_DESCRIPTION (( 'STEP AP203' ),
    '1' );
FILE_NAME ('Mobile part y lickport.STEP',
    '2019-12-12T16:59:45',
    ( '' ),
    ( '' ),
    'SwSTEP 2.0',
    'SolidWorks 2018',
    '' );
FILE_SCHEMA (( 'CONFIG_CONTROL_DESIGN' ));
ENDSEC;

DATA;
#1 = VERTEX_POINT ( 'NONE', #1889 ) ;
#2 = ORIENTED_EDGE ( 'NONE', *, *, #944, .F. ) ;
#3 = EDGE_CURVE ( 'NONE', #347, #1489, #1357, .T. ) ;
#4 = CARTESIAN_POINT ( 'NONE',  ( 48.00000000000000000, 0.0000000000000000000, -25.00000000000000000 ) ) ;
#5 = DIRECTION ( 'NONE',  ( 0.0000000000000000000, 0.0000000000000000000, 1.000000000000000000 ) ) ;
#6 = DATE_AND_TIME ( #1190, #1573 ) ;
#7 = CARTESIAN_POINT ( 'NONE',  ( -2.499999999999988898, 0.0000000000000000000, 0.0000000000000000000 ) ) ;
#8 = FACE_OUTER_BOUND ( 'NONE', #1750, .T. ) ;
#9 = CYLINDRICAL_SURFACE ( 'NONE', #28, 3.049999999999997158 ) ;
#10 = CARTESIAN_POINT ( 'NONE',  ( 34.49999999999998579, 30.00000000000000000, -7.549999999999998934 ) ) ;
#11 = EDGE_CURVE ( 'NONE', #146, #757, #619, .T. ) ;
#12 = CIRCLE ( 'NONE', #1466, 4.925000000000013145 ) ;
#13 = CARTESIAN_POINT ( 'NONE',  ( 35.88088352519936564, 13.62161769998862049, -28.51645623965747589 ) ) ;
#14 = LINE ( 'NONE', #1160, #1683 ) ;
#15 = ADVANCED_FACE ( 'NONE', ( #2049 ), #176, .F. ) ;
#16 = ORIENTED_EDGE ( 'NONE', *, *, #1751, .T. ) ;
#17 = CARTESIAN_POINT ( 'NONE',  ( 14.04951186985399225, 15.85753856901317072, 8.318056671460711371 ) ) ;
#18 = ORIENTED_EDGE ( 'NONE', *, *, #444, .F. ) ;
#19 = DIRECTION ( 'NONE',  ( 0.7071067811865525687, 0.0000000000000000000, 0.7071067811865425767 ) ) ;
#20 = ORIENTED_EDGE ( 'NONE', *, *, #1611, .T. ) ;
#21 = DIRECTION ( 'NONE',  ( 0.0000000000000000000, 0.0000000000000000000, -1.000000000000000000 ) ) ;
#22 = ORIENTED_EDGE ( 'NONE', *, *, #35, .F. ) ;
#23 = EDGE_CURVE ( 'NONE', #1445, #89, #1434, .T. ) ;
#24 = VERTEX_POINT ( 'NONE', #731 ) ;
#25 = CARTESIAN_POINT ( 'NONE',  ( 47.49999999999997868, 0.0000000000000000000, -25.00000000000000000 ) ) ;
#26 = VERTEX_POINT ( 'NONE', #1066 ) ;
#27 = ORIENTED_EDGE ( 'NONE', *, *, #831, .T. ) ;
#28 = AXIS2_PLACEMENT_3D ( 'NONE', #473, #1289, #2094 ) ;
#29 = CARTESIAN_POINT ( 'NONE',  ( 32.84363678765691219, 15.78645382125579211, -32.94306897512309718 ) ) ;
#30 = CARTESIAN_POINT ( 'NONE',  ( 10.47980720080140138, 0.0000000000000000000, 0.0000000000000000000 ) ) ;
#31 = CARTESIAN_POINT ( 'NONE',  ( 0.09598173666213491440, 10.32718641232361456, 0.9784717665726196945 ) ) ;
#32 = CARTESIAN_POINT ( 'NONE',  ( 34.17644044165552941, 15.57664506350231548, -32.11848526749732713 ) ) ;
#33 = CIRCLE ( 'NONE', #234, 4.925000000000013145 ) ;
#34 = ADVANCED_FACE ( 'NONE', ( #843 ), #1869, .F. ) ;
#35 = EDGE_CURVE ( 'NONE', #1776, #1279, #362, .T. ) ;
#36 = VECTOR ( 'NONE', #81, 1000.000000000000000 ) ;
#37 = DIRECTION ( 'NONE',  ( 0.0000000000000000000, 0.0000000000000000000, -1.000000000000000000 ) ) ;
#38 = LINE ( 'NONE', #207, #1709 ) ;
#39 = EDGE_CURVE ( 'NONE', #1279, #1945, #1917, .T. ) ;
#40 = CIRCLE ( 'NONE', #759, 3.049999999999997158 ) ;
#41 = CARTESIAN_POINT ( 'NONE',  ( 4.499999999999997335, 0.0000000000000000000, -9.650000000000027001 ) ) ;
#42 = AXIS2_PLACEMENT_3D ( 'NONE', #1505, #536, #1996 ) ;
#43 = CARTESIAN_POINT ( 'NONE',  ( 4.499999999999997335, -26.00000000000002132, -15.35000000000002629 ) ) ;
#44 = DIRECTION ( 'NONE',  ( 0.0000000000000000000, 1.000000000000000000, 0.0000000000000000000 ) ) ;
#45 = ADVANCED_FACE ( 'NONE', ( #389 ), #1547, .T. ) ;
#46 = VERTEX_POINT ( 'NONE', #1727 ) ;
#47 = CARTESIAN_POINT ( 'NONE',  ( 40.99999999999998579, -24.00000000000000000, -1.649999999999984812 ) ) ;
#48 = ORIENTED_EDGE ( 'NONE', *, *, #2036, .F. ) ;
#49 = ORIENTED_EDGE ( 'NONE', *, *, #1459, .F. ) ;
#50 = CARTESIAN_POINT ( 'NONE',  ( 28.13396288232069509, 15.66658021375680754, -32.43698134632190744 ) ) ;
#51 = ORIENTED_EDGE ( 'NONE', *, *, #320, .F. ) ;
#52 = VERTEX_POINT ( 'NONE', #2050 ) ;
#53 = EDGE_CURVE ( 'NONE', #1125, #133, #1409, .T. ) ;
#54 = PLANE ( 'NONE',  #42 ) ;
#55 = ORIENTED_EDGE ( 'NONE', *, *, #749, .F. ) ;
#56 = CARTESIAN_POINT ( 'NONE',  ( 31.04278037567232218, 6.379458211981718918, 9.529120656610875733E-18 ) ) ;
#57 = LOCAL_TIME ( 16, 59, 45.00000000000000000, #965 ) ;
#58 = DIRECTION ( 'NONE',  ( -0.0000000000000000000, -1.000000000000000000, -0.0000000000000000000 ) ) ;
#59 = AXIS2_PLACEMENT_3D ( 'NONE', #593, #2065, #1886 ) ;
#60 = FACE_OUTER_BOUND ( 'NONE', #1830, .T. ) ;
#61 = CARTESIAN_POINT ( 'NONE',  ( 31.21247897589966058, 30.00000000000000000, 0.0000000000000000000 ) ) ;
#62 = DIRECTION ( 'NONE',  ( -1.000000000000000000, 0.0000000000000000000, 0.0000000000000000000 ) ) ;
#63 = CYLINDRICAL_SURFACE ( 'NONE', #675, 3.049999999999999822 ) ;
#64 = EDGE_CURVE ( 'NONE', #1924, #1491, #472, .T. ) ;
#65 = CARTESIAN_POINT ( 'NONE',  ( 26.81397791166870093, 9.729485990153301955, -25.71526483470036695 ) ) ;
#66 = CIRCLE ( 'NONE', #1853, 4.924999999999998934 ) ;
#67 = VECTOR ( 'NONE', #240, 1000.000000000000000 ) ;
#68 = DIRECTION ( 'NONE',  ( 0.0000000000000000000, 1.000000000000000000, 0.0000000000000000000 ) ) ;
#69 = ORIENTED_EDGE ( 'NONE', *, *, #1223, .T. ) ;
#70 = DIRECTION ( 'NONE',  ( 0.7071067811865481278, 0.0000000000000000000, 0.7071067811865469066 ) ) ;
#71 = ORIENTED_EDGE ( 'NONE', *, *, #277, .T. ) ;
#72 = VERTEX_POINT ( 'NONE', #101 ) ;
#73 = ORIENTED_EDGE ( 'NONE', *, *, #1534, .T. ) ;
#74 = ORIENTED_EDGE ( 'NONE', *, *, #523, .T. ) ;
#75 = CARTESIAN_POINT ( 'NONE',  ( 13.87255385318461443, 15.85753856901316006, 8.318056671460704266 ) ) ;
#76 = ORIENTED_EDGE ( 'NONE', *, *, #1090, .T. ) ;
#77 = EDGE_LOOP ( 'NONE', ( #602, #1794, #210, #1718, #1592 ) ) ;
#78 = EDGE_CURVE ( 'NONE', #266, #26, #1382, .T. ) ;
#79 = VECTOR ( 'NONE', #1410, 1000.000000000000114 ) ;
#80 = LINE ( 'NONE', #1188, #332 ) ;
#81 = DIRECTION ( 'NONE',  ( 0.0000000000000000000, 1.000000000000000000, -0.0000000000000000000 ) ) ;
#82 = AXIS2_PLACEMENT_3D ( 'NONE', #1452, #1124, #5 ) ;
#83 = CIRCLE ( 'NONE', #1476, 1.849999999999997424 ) ;
#84 = LINE ( 'NONE', #1552, #540 ) ;
#85 = B_SPLINE_CURVE_WITH_KNOTS ( 'NONE', 3,
 ( #1309, #185, #1337, #1964, #846, #1982, #1802, #1010, #364, #1498 ),
 .UNSPECIFIED., .F., .F.,
 ( 4, 2, 2, 2, 4 ),
 ( -2.000000695407548373E-05, 0.001227026162025429083, 0.002474052331004933554, 0.003721078499984438025, 0.004968104668963942497 ),
 .UNSPECIFIED. ) ;
#86 = VECTOR ( 'NONE', #249, 1000.000000000000000 ) ;
#87 = EDGE_CURVE ( 'NONE', #505, #424, #570, .T. ) ;
#88 = CARTESIAN_POINT ( 'NONE',  ( 45.50836976177677684, 16.00000000000000000, -29.14676908307903958 ) ) ;
#89 = VERTEX_POINT ( 'NONE', #1237 ) ;
#90 = DIRECTION ( 'NONE',  ( 0.0000000000000000000, 0.0000000000000000000, 1.000000000000000000 ) ) ;
#91 = DIRECTION ( 'NONE',  ( 0.0000000000000000000, 1.000000000000000000, 0.0000000000000000000 ) ) ;
#92 = AXIS2_PLACEMENT_3D ( 'NONE', #1243, #433, #898 ) ;
#93 = DIRECTION ( 'NONE',  ( -0.7071067811865474617, 0.0000000000000000000, -0.7071067811865474617 ) ) ;
#94 = AXIS2_PLACEMENT_3D ( 'NONE', #1229, #104, #1414 ) ;
#95 = DIRECTION ( 'NONE',  ( -0.0000000000000000000, -1.000000000000000000, -0.0000000000000000000 ) ) ;
#96 = ORIENTED_EDGE ( 'NONE', *, *, #510, .T. ) ;
#97 = ORIENTED_EDGE ( 'NONE', *, *, #320, .T. ) ;
#98 = CARTESIAN_POINT ( 'NONE',  ( 34.50004346854007764, 16.00000000000000000, -35.00000000000000000 ) ) ;
#99 = APPROVAL_ROLE ( '' ) ;
#100 = ORIENTED_EDGE ( 'NONE', *, *, #1525, .T. ) ;
#101 = CARTESIAN_POINT ( 'NONE',  ( 48.00000000000000000, 0.0000000000000000000, -0.5000000000000004441 ) ) ;
#102 = VERTEX_POINT ( 'NONE', #893 ) ;
#103 = DIRECTION ( 'NONE',  ( -1.000000000000000000, -0.0000000000000000000, -0.0000000000000000000 ) ) ;
#104 = DIRECTION ( 'NONE',  ( 0.0000000000000000000, -1.000000000000000000, 0.0000000000000000000 ) ) ;
#105 = ADVANCED_FACE ( 'NONE', ( #1328 ), #1686, .F. ) ;
#106 = LINE ( 'NONE', #862, #1838 ) ;
#107 = CARTESIAN_POINT ( 'NONE',  ( 30.95048813014599176, 30.00000000000000000, -28.39305667146070533 ) ) ;
#108 = EDGE_CURVE ( 'NONE', #724, #1462, #1530, .T. ) ;
#109 = VECTOR ( 'NONE', #122, 1000.000000000000000 ) ;
#110 = CARTESIAN_POINT ( 'NONE',  ( 0.0000000000000000000, 6.000000000000000000, 0.0000000000000000000 ) ) ;
#111 = VERTEX_POINT ( 'NONE', #1603 ) ;
#112 = DIRECTION ( 'NONE',  ( 0.0000000000000000000, 0.0000000000000000000, -1.000000000000000000 ) ) ;
#113 = EDGE_CURVE ( 'NONE', #2085, #1008, #949, .T. ) ;
#114 = DIRECTION ( 'NONE',  ( 1.040834085586084257E-16, 0.0000000000000000000, 1.000000000000000000 ) ) ;
#115 = MANIFOLD_SOLID_BREP ( 'Fillet3', #2064 ) ;
#116 = ORIENTED_EDGE ( 'NONE', *, *, #113, .T. ) ;
#117 = ORIENTED_EDGE ( 'NONE', *, *, #1817, .F. ) ;
#118 = ORIENTED_EDGE ( 'NONE', *, *, #1240, .F. ) ;
#119 = ORIENTED_EDGE ( 'NONE', *, *, #1294, .F. ) ;
#120 = CARTESIAN_POINT ( 'NONE',  ( 4.000000000000002665, 30.00000000000000000, -23.34999999999999787 ) ) ;
#121 = ORIENTED_EDGE ( 'NONE', *, *, #1253, .T. ) ;
#122 = DIRECTION ( 'NONE',  ( -1.000000000000000000, -0.0000000000000000000, -0.0000000000000000000 ) ) ;
#123 = DIRECTION ( 'NONE',  ( 0.0000000000000000000, 0.0000000000000000000, -1.000000000000000000 ) ) ;
#124 = CARTESIAN_POINT ( 'NONE',  ( 9.471575634378320174, 14.79842062524007140, 5.235203493125508700 ) ) ;
#125 = EDGE_CURVE ( 'NONE', #1008, #556, #1200, .T. ) ;
#126 = FACE_OUTER_BOUND ( 'NONE', #1768, .T. ) ;
#127 = DIRECTION ( 'NONE',  ( 1.000000000000000000, 0.0000000000000000000, -0.0000000000000000000 ) ) ;
#128 = CARTESIAN_POINT ( 'NONE',  ( 16.48008213383295839, 13.95804168738851203, -27.80386200225741078 ) ) ;
#129 = CIRCLE ( 'NONE', #82, 4.924999999999997158 ) ;
#130 = FACE_OUTER_BOUND ( 'NONE', #77, .T. ) ;
#131 = CIRCLE ( 'NONE', #514, 1.849999999999997424 ) ;
#132 = CARTESIAN_POINT ( 'NONE',  ( 0.0000000000000000000, 16.00000000000000000, -25.00000000000000000 ) ) ;
#133 = VERTEX_POINT ( 'NONE', #1746 ) ;
#134 = DIRECTION ( 'NONE',  ( 0.0000000000000000000, 0.0000000000000000000, -1.000000000000000000 ) ) ;
#135 = VERTEX_POINT ( 'NONE', #615 ) ;
#136 = EDGE_CURVE ( 'NONE', #1338, #957, #899, .T. ) ;
#137 = CARTESIAN_POINT ( 'NONE',  ( 47.49999999999997868, 30.00000000000000000, -25.00000000000000000 ) ) ;
#138 = CARTESIAN_POINT ( 'NONE',  ( 43.30349352938144136, 30.00000000000000000, -25.00000000000000000 ) ) ;
#139 = EDGE_CURVE ( 'NONE', #751, #1127, #1304, .T. ) ;
#140 = ORIENTED_EDGE ( 'NONE', *, *, #159, .F. ) ;
#141 = DIRECTION ( 'NONE',  ( -0.4694715627858888074, 0.0000000000000000000, 0.8829475928589279876 ) ) ;
#142 = EDGE_LOOP ( 'NONE', ( #119, #547, #1565, #1001 ) ) ;
#143 = ORIENTED_EDGE ( 'NONE', *, *, #1210, .F. ) ;
#144 = EDGE_CURVE ( 'NONE', #345, #495, #1479, .T. ) ;
#145 = DIRECTION ( 'NONE',  ( 0.0000000000000000000, -1.000000000000000000, 0.0000000000000000000 ) ) ;
#146 = VERTEX_POINT ( 'NONE', #1756 ) ;
#147 = DIRECTION ( 'NONE',  ( 0.0000000000000000000, 0.0000000000000000000, -1.000000000000000000 ) ) ;
#148 = ORIENTED_EDGE ( 'NONE', *, *, #1910, .F. ) ;
#149 = PERSON_AND_ORGANIZATION ( #224, #327 ) ;
#150 = CARTESIAN_POINT ( 'NONE',  ( 4.000000000000002665, -24.00000000000000000, -1.650000000000003020 ) ) ;
#151 = EDGE_CURVE ( 'NONE', #505, #778, #40, .T. ) ;
#152 = LINE ( 'NONE', #1991, #1138 ) ;
#153 = FACE_OUTER_BOUND ( 'NONE', #528, .T. ) ;
#154 = VECTOR ( 'NONE', #720, 1000.000000000000000 ) ;
#155 = CIRCLE ( 'NONE', #390, 3.049999999999999822 ) ;
#156 = AXIS2_PLACEMENT_3D ( 'NONE', #750, #1893, #920 ) ;
#157 = ORIENTED_EDGE ( 'NONE', *, *, #682, .F. ) ;
#158 = CARTESIAN_POINT ( 'NONE',  ( 34.52019279919860395, 6.710466988722569859, -24.99999999999999645 ) ) ;
#159 = EDGE_CURVE ( 'NONE', #778, #1619, #1713, .T. ) ;
#160 = VERTEX_POINT ( 'NONE', #1571 ) ;
#161 = ORIENTED_EDGE ( 'NONE', *, *, #197, .T. ) ;
#162 = CARTESIAN_POINT ( 'NONE',  ( 35.76502266397144325, 12.38467031053784417, -27.27234707198527630 ) ) ;
#163 = ORIENTED_EDGE ( 'NONE', *, *, #125, .T. ) ;
#164 = ORIENTED_EDGE ( 'NONE', *, *, #682, .T. ) ;
#165 = VERTEX_POINT ( 'NONE', #765 ) ;
#166 = EDGE_CURVE ( 'NONE', #724, #1721, #971, .T. ) ;
#167 = DIRECTION ( 'NONE',  ( 0.0000000000000000000, -1.000000000000000000, 0.0000000000000000000 ) ) ;
#168 = DIRECTION ( 'NONE',  ( -0.0000000000000000000, -1.000000000000000000, -0.0000000000000000000 ) ) ;
#169 = VECTOR ( 'NONE', #2008, 1000.000000000000000 ) ;
#170 = PLANE ( 'NONE',  #1942 ) ;
#171 = LINE ( 'NONE', #1435, #1217 ) ;
#172 = DIRECTION ( 'NONE',  ( 0.0000000000000000000, 0.0000000000000000000, -1.000000000000000000 ) ) ;
#173 = EDGE_CURVE ( 'NONE', #778, #505, #717, .T. ) ;
#174 = CIRCLE ( 'NONE', #1028, 2.849999999999996536 ) ;
#175 = CIRCLE ( 'NONE', #714, 3.050000000000000711 ) ;
#176 = CYLINDRICAL_SURFACE ( 'NONE', #728, 2.000000000000001776 ) ;
#177 = DIRECTION ( 'NONE',  ( -0.0000000000000000000, 1.000000000000000000, -0.0000000000000000000 ) ) ;
#178 = CARTESIAN_POINT ( 'NONE',  ( 0.3037844112148700426, 11.21795861779676073, 1.462468219493956445 ) ) ;
#179 = ADVANCED_FACE ( 'NONE', ( #418 ), #1169, .F. ) ;
#180 = CARTESIAN_POINT ( 'NONE',  ( 35.52842436562167450, 14.79842062524007673, -30.23520349312551048 ) ) ;
#181 = CARTESIAN_POINT ( 'NONE',  ( 26.03370851910396411, 13.84982284015481113, -28.79499087542697922 ) ) ;
#182 = ORIENTED_EDGE ( 'NONE', *, *, #1333, .T. ) ;
#183 = EDGE_CURVE ( 'NONE', #556, #1728, #290, .T. ) ;
#184 = ORIENTED_EDGE ( 'NONE', *, *, #1128, .F. ) ;
#185 = CARTESIAN_POINT ( 'NONE',  ( 13.95721962432950392, 6.379458211980903570, -24.99999999999999645 ) ) ;
#186 = VERTEX_POINT ( 'NONE', #463 ) ;
#187 = AXIS2_PLACEMENT_3D ( 'NONE', #1322, #509, #1969 ) ;
#188 = DIRECTION ( 'NONE',  ( -0.0000000000000000000, 1.000000000000000000, -0.0000000000000000000 ) ) ;
#189 = VERTEX_POINT ( 'NONE', #137 ) ;
#190 = ADVANCED_FACE ( 'NONE', ( #1250 ), #2077, .F. ) ;
#191 = CARTESIAN_POINT ( 'NONE',  ( 27.02128734999213222, 15.31796442843983996, -31.36715616961413389 ) ) ;
#192 = AXIS2_PLACEMENT_3D ( 'NONE', #1020, #1177, #2010 ) ;
#193 = CARTESIAN_POINT ( 'NONE',  ( -1.632052494082438354, 16.00000000000000000, 2.000000000000000000 ) ) ;
#194 = CARTESIAN_POINT ( 'NONE',  ( 0.005633260291216556255, 10.02757977623851993, 0.8411283344539849383 ) ) ;
#195 = DIRECTION ( 'NONE',  ( 0.0000000000000000000, 1.000000000000000000, -0.0000000000000000000 ) ) ;
#196 = LINE ( 'NONE', #1858, #1091 ) ;
#197 = EDGE_CURVE ( 'NONE', #1008, #2085, #1553, .T. ) ;
#198 = FACE_OUTER_BOUND ( 'NONE', #707, .T. ) ;
#199 = PLANE ( 'NONE',  #998 ) ;
#200 =( BOUNDED_CURVE ( )  B_SPLINE_CURVE ( 3, ( #545, #2022, #1045, #399 ),
 .UNSPECIFIED., .F., .T. ) 
 B_SPLINE_CURVE_WITH_KNOTS ( ( 4, 4 ),
 ( 0.7868129234461515020, 0.9455178413280905803 ),
 .UNSPECIFIED. ) 
 CURVE ( )  GEOMETRIC_REPRESENTATION_ITEM ( )  RATIONAL_B_SPLINE_CURVE ( ( 1.000000000000000000, 0.9979021635736007312, 0.9979021635736007312, 1.000000000000000000 ) ) 
 REPRESENTATION_ITEM ( '' )  );
#201 = CARTESIAN_POINT ( 'NONE',  ( -2.999999999999999556, 30.00000000000000000, -24.49999999999999289 ) ) ;
#202 = VECTOR ( 'NONE', #753, 1000.000000000000000 ) ;
#203 = DIRECTION ( 'NONE',  ( 1.000000000000000000, 0.0000000000000000000, -0.0000000000000000000 ) ) ;
#204 = ADVANCED_FACE ( 'NONE', ( #1790 ), #742, .F. ) ;
#205 = FACE_BOUND ( 'NONE', #962, .T. ) ;
#206 = EDGE_CURVE ( 'NONE', #212, #347, #924, .T. ) ;
#207 = CARTESIAN_POINT ( 'NONE',  ( 4.000000000000002665, -24.00000000000000000, -5.350000000000003197 ) ) ;
#208 = CARTESIAN_POINT ( 'NONE',  ( 4.499999999999997335, -26.00000000000002132, -12.50000000000002665 ) ) ;
#209 = ORIENTED_EDGE ( 'NONE', *, *, #2083, .F. ) ;
#210 = ORIENTED_EDGE ( 'NONE', *, *, #808, .T. ) ;
#211 = PLANE ( 'NONE',  #925 ) ;
#212 = VERTEX_POINT ( 'NONE', #1608 ) ;
#213 = ORIENTED_EDGE ( 'NONE', *, *, #197, .F. ) ;
#214 = EDGE_CURVE ( 'NONE', #1619, #424, #716, .T. ) ;
#215 = DIRECTION ( 'NONE',  ( 0.0000000000000000000, 0.0000000000000000000, 1.000000000000000000 ) ) ;
#216 = DIRECTION ( 'NONE',  ( 0.0000000000000000000, -1.000000000000000000, 0.0000000000000000000 ) ) ;
#217 = EDGE_LOOP ( 'NONE', ( #481, #934, #784, #1950 ) ) ;
#218 = EDGE_LOOP ( 'NONE', ( #1856, #73, #374, #1598, #1206, #954 ) ) ;
#219 = CARTESIAN_POINT ( 'NONE',  ( 4.000000000000002665, 30.00000000000000000, -21.50000000000000000 ) ) ;
#220 = VECTOR ( 'NONE', #830, 1000.000000000000000 ) ;
#221 = DIRECTION ( 'NONE',  ( 0.0000000000000000000, 0.0000000000000000000, -1.000000000000000000 ) ) ;
#222 = CARTESIAN_POINT ( 'NONE',  ( 40.50000000000000000, 30.00000000000000000, -9.650000000000011013 ) ) ;
#223 = LINE ( 'NONE', #940, #1911 ) ;
#224 = PERSON ( 'UNSPECIFIED', 'UNSPECIFIED', 'UNSPECIFIED', ('UNSPECIFIED'), ('UNSPECIFIED'), ('UNSPECIFIED') ) ;
#225 = CARTESIAN_POINT ( 'NONE',  ( 30.54062362164376410, 7.517251137602795730, 0.1084249501500650914 ) ) ;
#226 = LINE ( 'NONE', #827, #1474 ) ;
#227 = EDGE_CURVE ( 'NONE', #72, #605, #314, .T. ) ;
#228 = DIRECTION ( 'NONE',  ( 0.0000000000000000000, 0.0000000000000000000, 1.000000000000000000 ) ) ;
#229 = LINE ( 'NONE', #1990, #1583 ) ;
#230 = PLANE ( 'NONE',  #1730 ) ;
#231 = ORIENTED_EDGE ( 'NONE', *, *, #1352, .F. ) ;
#232 = ORIENTED_EDGE ( 'NONE', *, *, #1534, .F. ) ;
#233 = CARTESIAN_POINT ( 'NONE',  ( 31.21247897589966058, 30.00000000000000000, 2.000000000000000000 ) ) ;
#234 = AXIS2_PLACEMENT_3D ( 'NONE', #1517, #68, #2018 ) ;
#235 = CARTESIAN_POINT ( 'NONE',  ( 48.00000000000000000, 30.00000000000000000, -0.5000000000000004441 ) ) ;
#236 = DIRECTION ( 'NONE',  ( 0.0000000000000000000, -0.0000000000000000000, -1.000000000000000000 ) ) ;
#237 = ORIENTED_EDGE ( 'NONE', *, *, #1965, .F. ) ;
#238 = ORIENTED_EDGE ( 'NONE', *, *, #470, .F. ) ;
#239 = B_SPLINE_CURVE_WITH_KNOTS ( 'NONE', 3,
 ( #1754, #1107, #301, #1799, #339, #1159, #65, #522, #377, #1481, #1495, #687, #529, #367, #181, #1831, #1334, #1655, #1974, #1318, #1674, #543, #1503, #191, #1327, #354, #1181, #50, #849, #683, #997, #346, #701, #1027, #1510, #534, #1822, #1988 ),
 .UNSPECIFIED., .F., .F.,
 ( 4, 2, 2, 2, 2, 2, 2, 2, 2, 2, 2, 2, 2, 2, 2, 2, 2, 2, 4 ),
 ( 0.0000000000000000000, 0.002103503985960029389, 0.003155255978940045385, 0.004207007971920062248, 0.005258759964900078243, 0.006310511957880095106, 0.008414015943840124495, 0.009465767936820142225, 0.009991643933310147621, 0.01051751992980015475, 0.01156927192278017595, 0.01209514791927018655, 0.01262102391576020236, 0.01367277590874021835, 0.01419865190523022375, 0.01472452790172022914, 0.01525040389821023627, 0.01577627989470023820, 0.01682803188768024552 ),
 .UNSPECIFIED. ) ;
#240 = DIRECTION ( 'NONE',  ( -0.0000000000000000000, -1.000000000000000000, -0.0000000000000000000 ) ) ;
#241 = ORIENTED_EDGE ( 'NONE', *, *, #1484, .T. ) ;
#242 = EDGE_CURVE ( 'NONE', #1951, #1079, #443, .T. ) ;
#243 = VERTEX_POINT ( 'NONE', #494 ) ;
#244 = DIRECTION ( 'NONE',  ( -0.0000000000000000000, 1.000000000000000000, -0.0000000000000000000 ) ) ;
#245 = ADVANCED_FACE ( 'NONE', ( #771 ), #1504, .F. ) ;
#246 = EDGE_CURVE ( 'NONE', #760, #555, #289, .T. ) ;
#247 = CARTESIAN_POINT ( 'NONE',  ( 4.499999999999997335, 30.00000000000000000, -9.650000000000027001 ) ) ;
#248 = APPROVAL_STATUS ( 'not_yet_approved' ) ;
#249 = DIRECTION ( 'NONE',  ( -1.000000000000000000, -0.0000000000000000000, -0.0000000000000000000 ) ) ;
#250 = AXIS2_PLACEMENT_3D ( 'NONE', #1614, #1962, #1791 ) ;
#251 = LINE ( 'NONE', #2024, #634 ) ;
#252 = DIRECTION ( 'NONE',  ( 1.000000000000000000, -0.0000000000000000000, -0.0000000000000000000 ) ) ;
#253 = VECTOR ( 'NONE', #1743, 1000.000000000000000 ) ;
#254 = PERSON_AND_ORGANIZATION_ROLE ( 'classification_officer' ) ;
#255 = FACE_BOUND ( 'NONE', #1638, .T. ) ;
#256 = CARTESIAN_POINT ( 'NONE',  ( 40.50000000000000000, 0.0000000000000000000, -12.50000000000000533 ) ) ;
#257 = CARTESIAN_POINT ( 'NONE',  ( 29.44658379018180483, 10.48277768775042063, 1.061056874428220276 ) ) ;
#258 = FACE_OUTER_BOUND ( 'NONE', #693, .T. ) ;
#259 = EDGE_CURVE ( 'NONE', #1133, #1074, #818, .T. ) ;
#260 = CARTESIAN_POINT ( 'NONE',  ( 4.000000000000002665, 0.0000000000000000000, -19.64999999999999858 ) ) ;
#261 = ORIENTED_EDGE ( 'NONE', *, *, #39, .F. ) ;
#262 = CARTESIAN_POINT ( 'NONE',  ( 44.86615730836460614, 13.08106459623762596, -27.93894312557177884 ) ) ;
#263 = DIRECTION ( 'NONE',  ( 0.0000000000000000000, 0.0000000000000000000, 1.000000000000000000 ) ) ;
#264 = CARTESIAN_POINT ( 'NONE',  ( 41.00000000000000000, -24.00000000000000000, -19.64999999999998082 ) ) ;
#265 = CARTESIAN_POINT ( 'NONE',  ( 10.47980720080140138, 6.000000000000000000, 0.0000000000000000000 ) ) ;
#266 = VERTEX_POINT ( 'NONE', #317 ) ;
#267 = AXIS2_PLACEMENT_3D ( 'NONE', #1126, #795, #482 ) ;
#268 = EDGE_LOOP ( 'NONE', ( #1105, #697, #1468, #1004 ) ) ;
#269 = ORIENTED_EDGE ( 'NONE', *, *, #1310, .T. ) ;
#270 = CARTESIAN_POINT ( 'NONE',  ( 48.00000000000000000, 0.0000000000000000000, -24.50000000000000000 ) ) ;
#271 = PERSON_AND_ORGANIZATION_ROLE ( 'creator' ) ;
#272 = ORIENTED_EDGE ( 'NONE', *, *, #11, .T. ) ;
#273 = ORIENTED_EDGE ( 'NONE', *, *, #1763, .T. ) ;
#274 = DIRECTION ( 'NONE',  ( -0.0000000000000000000, 1.000000000000000000, -0.0000000000000000000 ) ) ;
#275 = ORIENTED_EDGE ( 'NONE', *, *, #108, .F. ) ;
#276 = CARTESIAN_POINT ( 'NONE',  ( 10.22262333646080101, 8.421992842327584938, 0.2915270086734947363 ) ) ;
#277 = EDGE_CURVE ( 'NONE', #820, #1060, #1528, .T. ) ;
#278 = CARTESIAN_POINT ( 'NONE',  ( -1.632052494082438354, 30.00000000000000000, 2.000000000000000000 ) ) ;
#279 = COORDINATED_UNIVERSAL_TIME_OFFSET ( 0, 0, .AHEAD. ) ;
#280 = DIRECTION ( 'NONE',  ( 1.000000000000000000, -0.0000000000000000000, -0.0000000000000000000 ) ) ;
#281 = CIRCLE ( 'NONE', #1324, 3.050000000000000711 ) ;
#282 = DIRECTION ( 'NONE',  ( 0.0000000000000000000, 1.000000000000000000, 0.0000000000000000000 ) ) ;
#283 = CARTESIAN_POINT ( 'NONE',  ( 10.82355955834446348, 15.57664506350231903, 7.118485267497331570 ) ) ;
#284 = AXIS2_PLACEMENT_3D ( 'NONE', #1663, #44, #1833 ) ;
#285 = CIRCLE ( 'NONE', #1806, 1.849999999999997424 ) ;
#286 = CARTESIAN_POINT ( 'NONE',  ( 18.95845779812647436, 12.90822051337584853, 2.734984420346135092 ) ) ;
#287 = LINE ( 'NONE', #666, #1960 ) ;
#288 = CARTESIAN_POINT ( 'NONE',  ( 34.49999999999998579, 30.00000000000000000, -17.45000000000000284 ) ) ;
#289 = CIRCLE ( 'NONE', #823, 1.850000000000000089 ) ;
#290 = CIRCLE ( 'NONE', #1602, 3.049999999999999822 ) ;
#291 = DIRECTION ( 'NONE',  ( -0.0000000000000000000, -1.000000000000000000, 0.0000000000000000000 ) ) ;
#292 = EDGE_CURVE ( 'NONE', #424, #1619, #1407, .T. ) ;
#293 = CARTESIAN_POINT ( 'NONE',  ( 17.87279746663328694, 15.36933702187964634, 6.502265870852252050 ) ) ;
#294 = DIRECTION ( 'NONE',  ( 0.0000000000000000000, 1.000000000000000000, -0.0000000000000000000 ) ) ;
#295 = CARTESIAN_POINT ( 'NONE',  ( 34.49999999999998579, 16.00000000000000000, -17.45000000000000284 ) ) ;
#296 = ORIENTED_EDGE ( 'NONE', *, *, #1197, .F. ) ;
#297 = CARTESIAN_POINT ( 'NONE',  ( 9.748250526418871686, 10.34899273338963965, 0.9888123886031988663 ) ) ;
#298 = ORIENTED_EDGE ( 'NONE', *, *, #1525, .F. ) ;
#299 = EDGE_LOOP ( 'NONE', ( #576, #1670 ) ) ;
#300 = ORIENTED_EDGE ( 'NONE', *, *, #1154, .T. ) ;
#301 = CARTESIAN_POINT ( 'NONE',  ( 27.30629824956302443, 7.404063148671877315, -25.07472625165641134 ) ) ;
#302 = DIRECTION ( 'NONE',  ( 0.0000000000000000000, -1.000000000000000000, 0.0000000000000000000 ) ) ;
#303 = EDGE_CURVE ( 'NONE', #1507, #527, #596, .T. ) ;
#304 = APPROVAL_PERSON_ORGANIZATION ( #1701, #419, #99 ) ;
#305 = CARTESIAN_POINT ( 'NONE',  ( 17.53654196809989685, 15.50726370215260097, 6.887698927030075247 ) ) ;
#306 = CC_DESIGN_PERSON_AND_ORGANIZATION_ASSIGNMENT ( #149, #1560, ( #718 ) ) ;
#307 = CARTESIAN_POINT ( 'NONE',  ( 4.000000000000002665, 16.00000000000000000, -1.650000000000003020 ) ) ;
#308 = ADVANCED_FACE ( 'NONE', ( #1072 ), #485, .T. ) ;
#309 = LINE ( 'NONE', #1520, #515 ) ;
#310 = DIRECTION ( 'NONE',  ( 0.0000000000000000000, -1.000000000000000000, 0.0000000000000000000 ) ) ;
#311 = CARTESIAN_POINT ( 'NONE',  ( 0.1338426916354176766, 13.08106459623762774, 2.938943125571776172 ) ) ;
#312 = VECTOR ( 'NONE', #70, 1000.000000000000114 ) ;
#313 = DIRECTION ( 'NONE',  ( 1.000000000000000000, 0.0000000000000000000, 0.0000000000000000000 ) ) ;
#314 = LINE ( 'NONE', #4, #387 ) ;
#315 = ORIENTED_EDGE ( 'NONE', *, *, #670, .F. ) ;
#316 = EDGE_CURVE ( 'NONE', #1079, #1951, #640, .T. ) ;
#317 = CARTESIAN_POINT ( 'NONE',  ( 41.00000000000000000, 0.0000000000000000000, -19.64999999999998082 ) ) ;
#318 = DIRECTION ( 'NONE',  ( 0.0000000000000000000, 0.0000000000000000000, -1.000000000000000000 ) ) ;
#319 = VERTEX_POINT ( 'NONE', #963 ) ;
#320 = EDGE_CURVE ( 'NONE', #1109, #111, #14, .T. ) ;
#321 = DIRECTION ( 'NONE',  ( 0.0000000000000000000, 0.0000000000000000000, -1.000000000000000000 ) ) ;
#322 = ORIENTED_EDGE ( 'NONE', *, *, #139, .F. ) ;
#323 = ORIENTED_EDGE ( 'NONE', *, *, #2020, .T. ) ;
#324 = EDGE_LOOP ( 'NONE', ( #350, #1371 ) ) ;
#325 = CARTESIAN_POINT ( 'NONE',  ( 32.17359673784450536, 15.83064194151517157, -33.16698879094004582 ) ) ;
#326 = ORIENTED_EDGE ( 'NONE', *, *, #259, .T. ) ;
#327 = ORGANIZATION ( 'UNSPECIFIED', 'UNSPECIFIED', '' ) ;
#328 = CARTESIAN_POINT ( 'NONE',  ( 46.63205249408246544, 30.00000000000000000, -27.00000000000000355 ) ) ;
#329 = CARTESIAN_POINT ( 'NONE',  ( 40.99999999999998579, 0.0000000000000000000, -3.499999999999982236 ) ) ;
#330 = EDGE_CURVE ( 'NONE', #1086, #1263, #229, .T. ) ;
#331 = LINE ( 'NONE', #1513, #2011 ) ;
#332 = VECTOR ( 'NONE', #1984, 1000.000000000000000 ) ;
#333 = LINE ( 'NONE', #1490, #415 ) ;
#334 = DIRECTION ( 'NONE',  ( 0.0000000000000000000, 0.0000000000000000000, -1.000000000000000000 ) ) ;
#335 = CIRCLE ( 'NONE', #284, 4.924999999999997158 ) ;
#336 = VECTOR ( 'NONE', #1426, 1000.000000000000000 ) ;
#337 = DIRECTION ( 'NONE',  ( -0.7071067811865525687, 0.0000000000000000000, 0.7071067811865425767 ) ) ;
#338 = EDGE_LOOP ( 'NONE', ( #298, #2103, #680, #232 ) ) ;
#339 = CARTESIAN_POINT ( 'NONE',  ( 27.05081460806525229, 8.759565649790507891, -25.38218807778122255 ) ) ;
#340 = DIRECTION ( 'NONE',  ( 0.0000000000000000000, -1.000000000000000000, 0.0000000000000000000 ) ) ;
#341 = ORIENTED_EDGE ( 'NONE', *, *, #1423, .F. ) ;
#342 = CC_DESIGN_PERSON_AND_ORGANIZATION_ASSIGNMENT ( #1089, #271, ( #1613 ) ) ;
#343 = CARTESIAN_POINT ( 'NONE',  ( 33.62317918278206719, 15.69623348270796370, -32.54440237477773934 ) ) ;
#344 = ORIENTED_EDGE ( 'NONE', *, *, #437, .F. ) ;
#345 = VERTEX_POINT ( 'NONE', #1184 ) ;
#346 = CARTESIAN_POINT ( 'NONE',  ( 29.05689738781687481, 15.78640623579778612, -32.94285501510557879 ) ) ;
#347 = VERTEX_POINT ( 'NONE', #30 ) ;
#348 = DIRECTION ( 'NONE',  ( -0.0000000000000000000, 1.000000000000000000, -0.0000000000000000000 ) ) ;
#349 = PLANE ( 'NONE',  #1256 ) ;
#350 = ORIENTED_EDGE ( 'NONE', *, *, #1319, .F. ) ;
#351 = CARTESIAN_POINT ( 'NONE',  ( 35.78248064795949546, 14.25770976086222319, -29.35726462129519732 ) ) ;
#352 = APPROVAL_PERSON_ORGANIZATION ( #1521, #2025, #1715 ) ;
#353 = EDGE_CURVE ( 'NONE', #1924, #757, #870, .T. ) ;
#354 = CARTESIAN_POINT ( 'NONE',  ( 27.46345803190008894, 15.50726370215259919, -31.88769892703006903 ) ) ;
#355 = VECTOR ( 'NONE', #632, 1000.000000000000000 ) ;
#356 = DIRECTION ( 'NONE',  ( -0.0000000000000000000, -1.000000000000000000, -0.0000000000000000000 ) ) ;
#357 = ADVANCED_FACE ( 'NONE', ( #1196 ), #1609, .F. ) ;
#358 = LINE ( 'NONE', #414, #2043 ) ;
#359 = DIRECTION ( 'NONE',  ( -0.0000000000000000000, 1.000000000000000000, -0.0000000000000000000 ) ) ;
#360 = VECTOR ( 'NONE', #952, 1000.000000000000000 ) ;
#361 = DIRECTION ( 'NONE',  ( 0.0000000000000000000, -1.000000000000000000, 0.0000000000000000000 ) ) ;
#362 = LINE ( 'NONE', #110, #86 ) ;
#363 = CARTESIAN_POINT ( 'NONE',  ( 44.86615730836460614, 6.000000000000000000, -27.93894312557177884 ) ) ;
#364 = CARTESIAN_POINT ( 'NONE',  ( 15.45638642092926496, 10.11888804480634541, -25.87857038253784481 ) ) ;
#365 = B_SPLINE_CURVE_WITH_KNOTS ( 'NONE', 3,
 ( #262, #921, #447, #578, #1400, #600, #2067, #1738, #763, #936, #1577, #1901, #1249, #608, #432, #595 ),
 .UNSPECIFIED., .F., .F.,
 ( 4, 2, 2, 2, 2, 2, 2, 4 ),
 ( 0.0000000000000000000, 0.001033496122996711624, 0.002066992245993423249, 0.003100488368990134656, 0.004133984491986846498, 0.005167480614983558339, 0.006200976737980269313, 0.008267968983973694730 ),
 .UNSPECIFIED. ) ;
#366 = ADVANCED_FACE ( 'NONE', ( #1144 ), #1355, .F. ) ;
#367 = CARTESIAN_POINT ( 'NONE',  ( 26.02018319202272423, 13.62599924078075020, -28.52156453392320401 ) ) ;
#368 = EDGE_CURVE ( 'NONE', #1060, #243, #491, .T. ) ;
#369 = CARTESIAN_POINT ( 'NONE',  ( 41.00000000000000000, -24.00000000000000000, -23.34999999999997655 ) ) ;
#370 = VERTEX_POINT ( 'NONE', #1977 ) ;
#371 = DIRECTION ( 'NONE',  ( 0.0000000000000000000, 0.0000000000000000000, -1.000000000000000000 ) ) ;
#372 = EDGE_LOOP ( 'NONE', ( #1590, #499, #1186, #1536, #1665 ) ) ;
#373 = ORIENTED_EDGE ( 'NONE', *, *, #368, .F. ) ;
#374 = ORIENTED_EDGE ( 'NONE', *, *, #35, .T. ) ;
#375 = DIRECTION ( 'NONE',  ( 0.0000000000000000000, -0.0000000000000000000, -1.000000000000000000 ) ) ;
#376 = ORIENTED_EDGE ( 'NONE', *, *, #734, .F. ) ;
#377 = CARTESIAN_POINT ( 'NONE',  ( 26.56570759134018545, 10.65453071842770072, -26.14266208405260628 ) ) ;
#378 = AXIS2_PLACEMENT_3D ( 'NONE', #1007, #1669, #1174 ) ;
#379 = FACE_OUTER_BOUND ( 'NONE', #938, .T. ) ;
#380 = EDGE_CURVE ( 'NONE', #2062, #1970, #1787, .T. ) ;
#381 = VECTOR ( 'NONE', #918, 1000.000000000000000 ) ;
#382 = CARTESIAN_POINT ( 'NONE',  ( 46.63205249408246544, 30.00000000000000000, -25.00000000000000000 ) ) ;
#383 = DIRECTION ( 'NONE',  ( -0.4694715627858888074, 0.0000000000000000000, 0.8829475928589279876 ) ) ;
#384 = FACE_BOUND ( 'NONE', #927, .T. ) ;
#385 = CARTESIAN_POINT ( 'NONE',  ( 17.61921653890660266, 0.0000000000000000000, 0.0000000000000000000 ) ) ;
#386 = AXIS2_PLACEMENT_3D ( 'NONE', #984, #1161, #1168 ) ;
#387 = VECTOR ( 'NONE', #1316, 1000.000000000000000 ) ;
#388 = CARTESIAN_POINT ( 'NONE',  ( 4.499999999999997335, 30.00000000000000000, -15.35000000000002629 ) ) ;
#389 = FACE_OUTER_BOUND ( 'NONE', #554, .T. ) ;
#390 = AXIS2_PLACEMENT_3D ( 'NONE', #1482, #1648, #1815 ) ;
#391 = DIRECTION ( 'NONE',  ( -0.7071067811865481278, 0.0000000000000000000, 0.7071067811865469066 ) ) ;
#392 = DIRECTION ( 'NONE',  ( 0.0000000000000000000, -1.000000000000000000, 0.0000000000000000000 ) ) ;
#393 = VERTEX_POINT ( 'NONE', #1151 ) ;
#394 = PLANE ( 'NONE',  #2104 ) ;
#395 = ORIENTED_EDGE ( 'NONE', *, *, #1751, .F. ) ;
#396 = ORIENTED_EDGE ( 'NONE', *, *, #603, .F. ) ;
#397 = ORIENTED_EDGE ( 'NONE', *, *, #1567, .T. ) ;
#398 = EDGE_CURVE ( 'NONE', #1284, #652, #335, .T. ) ;
#399 = CARTESIAN_POINT ( 'NONE',  ( 45.50836976177677684, 14.10800146973387115, -29.14676908307903958 ) ) ;
#400 = DIRECTION ( 'NONE',  ( -0.0000000000000000000, -1.000000000000000000, -0.0000000000000000000 ) ) ;
#401 = ORIENTED_EDGE ( 'NONE', *, *, #1976, .F. ) ;
#402 = PLANE ( 'NONE',  #664 ) ;
#403 = AXIS2_PLACEMENT_3D ( 'NONE', #1053, #867, #215 ) ;
#404 = AXIS2_PLACEMENT_3D ( 'NONE', #2108, #812, #1296 ) ;
#405 = LOCAL_TIME ( 16, 59, 45.00000000000000000, #462 ) ;
#406 = DIRECTION ( 'NONE',  ( -0.0000000000000000000, -1.000000000000000000, -0.0000000000000000000 ) ) ;
#407 = DIRECTION ( 'NONE',  ( 0.0000000000000000000, 0.0000000000000000000, 1.000000000000000000 ) ) ;
#408 = LINE ( 'NONE', #150, #1163 ) ;
#409 = ADVANCED_FACE ( 'NONE', ( #1989, #1048, #205, #691, #2017, #1432, #1892, #992, #1097, #567, #1123, #667 ), #54, .T. ) ;
#410 = DIRECTION ( 'NONE',  ( 0.0000000000000000000, 0.0000000000000000000, 1.000000000000000000 ) ) ;
#411 = CARTESIAN_POINT ( 'NONE',  ( 15.55341620981820228, 30.00000000000000000, -26.06105687442823893 ) ) ;
#412 = CYLINDRICAL_SURFACE ( 'NONE', #59, 4.924999999999998934 ) ;
#413 = EDGE_CURVE ( 'NONE', #52, #165, #1916, .T. ) ;
#414 = CARTESIAN_POINT ( 'NONE',  ( 15.55341620981820050, 30.00000000000000000, -26.06105687442822827 ) ) ;
#415 = VECTOR ( 'NONE', #1345, 1000.000000000000227 ) ;
#416 = CARTESIAN_POINT ( 'NONE',  ( 13.78752102410034297, 6.000000000000000000, -25.00000000000000000 ) ) ;
#417 = CARTESIAN_POINT ( 'NONE',  ( 41.00000000000000000, 0.0000000000000000000, -23.34999999999997655 ) ) ;
#418 = FACE_OUTER_BOUND ( 'NONE', #2023, .T. ) ;
#419 = APPROVAL ( #2068, 'UNSPECIFIED' ) ;
#420 = CARTESIAN_POINT ( 'NONE',  ( 18.88102042717441620, 14.25930159725118429, 4.359613257246733653 ) ) ;
#421 = CARTESIAN_POINT ( 'NONE',  ( 10.49999999999999645, 0.0000000000000000000, -1.450000000000000844 ) ) ;
#422 = APPROVAL_ROLE ( '' ) ;
#423 = EDGE_LOOP ( 'NONE', ( #852, #824 ) ) ;
#424 = VERTEX_POINT ( 'NONE', #1808 ) ;
#425 = CARTESIAN_POINT ( 'NONE',  ( 4.499999999999997335, 0.0000000000000000000, -12.50000000000002665 ) ) ;
#426 = ORIENTED_EDGE ( 'NONE', *, *, #303, .F. ) ;
#427 = EDGE_CURVE ( 'NONE', #1728, #556, #155, .T. ) ;
#428 = ORIENTED_EDGE ( 'NONE', *, *, #1006, .T. ) ;
#429 = VERTEX_POINT ( 'NONE', #61 ) ;
#430 = DIRECTION ( 'NONE',  ( 0.0000000000000000000, -1.000000000000000000, 0.0000000000000000000 ) ) ;
#431 = ORIENTED_EDGE ( 'NONE', *, *, #797, .F. ) ;
#432 = CARTESIAN_POINT ( 'NONE',  ( 46.35077077014928193, 6.628966103840237878, -24.99999999999999289 ) ) ;
#433 = DIRECTION ( 'NONE',  ( 0.0000000000000000000, 0.0000000000000000000, 1.000000000000000000 ) ) ;
#434 = ADVANCED_FACE ( 'NONE', ( #258 ), #1867, .F. ) ;
#435 = DIRECTION ( 'NONE',  ( 0.0000000000000000000, 0.0000000000000000000, -1.000000000000000000 ) ) ;
#436 = CARTESIAN_POINT ( 'NONE',  ( 11.37682081721793992, 15.69623348270796726, 7.544402374777741116 ) ) ;
#437 = EDGE_CURVE ( 'NONE', #1970, #26, #131, .T. ) ;
#438 = FACE_OUTER_BOUND ( 'NONE', #1366, .T. ) ;
#439 = CARTESIAN_POINT ( 'NONE',  ( -0.5083697617767606314, 30.00000000000000000, 4.146769083079067997 ) ) ;
#440 = VECTOR ( 'NONE', #93, 1000.000000000000114 ) ;
#441 = CIRCLE ( 'NONE', #1841, 1.850000000000000089 ) ;
#442 = CARTESIAN_POINT ( 'NONE',  ( 10.45096960137647635, 15.46147061270743706, 6.759787098289138818 ) ) ;
#443 = CIRCLE ( 'NONE', #250, 2.849999999999994760 ) ;
#444 = EDGE_CURVE ( 'NONE', #757, #146, #175, .T. ) ;
#445 = CARTESIAN_POINT ( 'NONE',  ( -2.499999999999988898, 30.00000000000000000, 0.0000000000000000000 ) ) ;
#446 = VERTEX_POINT ( 'NONE', #711 ) ;
#447 = CARTESIAN_POINT ( 'NONE',  ( 44.67786832395945851, 12.60030525547230873, -27.47963921658175934 ) ) ;
#448 = ORIENTED_EDGE ( 'NONE', *, *, #1647, .T. ) ;
#449 = DIRECTION ( 'NONE',  ( 0.0000000000000000000, 0.0000000000000000000, -1.000000000000000000 ) ) ;
#450 = CARTESIAN_POINT ( 'NONE',  ( 13.69390326407011038, 15.85590065596866793, 8.308374766037145420 ) ) ;
#451 = CARTESIAN_POINT ( 'NONE',  ( 40.50000000000000000, 30.00000000000000000, -15.35000000000000142 ) ) ;
#452 = VERTEX_POINT ( 'NONE', #2038 ) ;
#453 = CARTESIAN_POINT ( 'NONE',  ( 0.0000000000000000000, 30.00000000000000000, 0.0000000000000000000 ) ) ;
#454 = ORIENTED_EDGE ( 'NONE', *, *, #139, .T. ) ;
#455 = VERTEX_POINT ( 'NONE', #1690 ) ;
#456 = DIRECTION ( 'NONE',  ( -0.0000000000000000000, 1.000000000000000000, -0.0000000000000000000 ) ) ;
#457 = ORIENTED_EDGE ( 'NONE', *, *, #1935, .F. ) ;
#458 = CARTESIAN_POINT ( 'NONE',  ( 12.32238339009102113, 15.79988750557155974, 8.008656918494258647 ) ) ;
#459 = CARTESIAN_POINT ( 'NONE',  ( -2.999999999999996891, 16.00000000000000000, -0.5000000000000073275 ) ) ;
#460 = SECURITY_CLASSIFICATION ( '', '', #1226 ) ;
#461 = CARTESIAN_POINT ( 'NONE',  ( 34.49999999999998579, 0.0000000000000000000, -4.500000000000000888 ) ) ;
#462 = COORDINATED_UNIVERSAL_TIME_OFFSET ( 0, 0, .AHEAD. ) ;
#463 = CARTESIAN_POINT ( 'NONE',  ( 24.69366342122977898, 16.00000000000000000, 10.00000000000000888 ) ) ;
#464 = DIRECTION ( 'NONE',  ( 0.0000000000000000000, 1.000000000000000000, 0.0000000000000000000 ) ) ;
#465 = AXIS2_PLACEMENT_3D ( 'NONE', #1332, #1687, #692 ) ;
#466 = FACE_OUTER_BOUND ( 'NONE', #502, .T. ) ;
#467 = FACE_OUTER_BOUND ( 'NONE', #729, .T. ) ;
#468 = DIRECTION ( 'NONE',  ( 0.0000000000000000000, -1.000000000000000000, 0.0000000000000000000 ) ) ;
#469 = FACE_BOUND ( 'NONE', #1621, .T. ) ;
#470 = EDGE_CURVE ( 'NONE', #1389, #530, #1813, .T. ) ;
#471 = CARTESIAN_POINT ( 'NONE',  ( 4.000000000000002665, -24.00000000000000000, -3.500000000000003109 ) ) ;
#472 = CIRCLE ( 'NONE', #1082, 3.050000000000000711 ) ;
#473 = CARTESIAN_POINT ( 'NONE',  ( 34.49999999999998579, 16.00000000000000000, -20.50000000000000000 ) ) ;
#474 = ADVANCED_FACE ( 'NONE', ( #970 ), #544, .F. ) ;
#475 = DIRECTION ( 'NONE',  ( 1.000000000000000000, 0.0000000000000000000, 0.0000000000000000000 ) ) ;
#476 = AXIS2_PLACEMENT_3D ( 'NONE', #1073, #1244, #2041 ) ;
#477 = DIRECTION ( 'NONE',  ( 0.0000000000000000000, 0.0000000000000000000, 1.000000000000000000 ) ) ;
#478 = ORIENTED_EDGE ( 'NONE', *, *, #380, .T. ) ;
#479 = CARTESIAN_POINT ( 'NONE',  ( 31.21247897589966058, 6.000000000000000000, 0.0000000000000000000 ) ) ;
#480 = ORIENTED_EDGE ( 'NONE', *, *, #721, .F. ) ;
#481 = ORIENTED_EDGE ( 'NONE', *, *, #1180, .T. ) ;
#482 = DIRECTION ( 'NONE',  ( 0.0000000000000000000, -1.000000000000000000, 0.0000000000000000000 ) ) ;
#483 = ORIENTED_EDGE ( 'NONE', *, *, #1447, .T. ) ;
#484 = ORIENTED_EDGE ( 'NONE', *, *, #844, .F. ) ;
#485 = PLANE ( 'NONE',  #1412 ) ;
#486 = CARTESIAN_POINT ( 'NONE',  ( 4.000000000000002665, -24.00000000000000000, -3.500000000000003109 ) ) ;
#487 = EDGE_CURVE ( 'NONE', #774, #1258, #1739, .T. ) ;
#488 = CIRCLE ( 'NONE', #935, 1.849999999999997424 ) ;
#489 = CYLINDRICAL_SURFACE ( 'NONE', #403, 1.850000000000000977 ) ;
#490 = CARTESIAN_POINT ( 'NONE',  ( 34.77737666353919366, 8.421992842327581386, -25.29152700867349779 ) ) ;
#491 = LINE ( 'NONE', #363, #1022 ) ;
#492 = VERTEX_POINT ( 'NONE', #1861 ) ;
#493 = EDGE_CURVE ( 'NONE', #1995, #1745, #617, .T. ) ;
#494 = CARTESIAN_POINT ( 'NONE',  ( 44.86615730836460614, 13.08106459623762596, -27.93894312557177884 ) ) ;
#495 = VERTEX_POINT ( 'NONE', #722 ) ;
#496 = CARTESIAN_POINT ( 'NONE',  ( 35.86762257464440040, 13.84681665440313481, -28.79113323147258185 ) ) ;
#497 = ORIENTED_EDGE ( 'NONE', *, *, #1447, .F. ) ;
#498 = CARTESIAN_POINT ( 'NONE',  ( 10.49999999999999645, 16.00000000000000000, -4.500000000000000888 ) ) ;
#499 = ORIENTED_EDGE ( 'NONE', *, *, #2095, .T. ) ;
#500 = AXIS2_PLACEMENT_3D ( 'NONE', #2007, #1198, #552 ) ;
#501 = DIRECTION ( 'NONE',  ( 0.0000000000000000000, 1.000000000000000000, 0.0000000000000000000 ) ) ;
#502 = EDGE_LOOP ( 'NONE', ( #604, #1515, #699, #1209 ) ) ;
#503 = CARTESIAN_POINT ( 'NONE',  ( -0.3089822021049184464, 9.116746707383384773, 0.4926505696138575585 ) ) ;
#504 = ORIENTED_EDGE ( 'NONE', *, *, #1469, .T. ) ;
#505 = VERTEX_POINT ( 'NONE', #1219 ) ;
#506 = CARTESIAN_POINT ( 'NONE',  ( 17.61921653890660266, 6.000000000000000000, 0.0000000000000000000 ) ) ;
#507 = EDGE_LOOP ( 'NONE', ( #2, #1902 ) ) ;
#508 = DIRECTION ( 'NONE',  ( -0.0000000000000000000, -1.000000000000000000, -0.0000000000000000000 ) ) ;
#509 = DIRECTION ( 'NONE',  ( 0.0000000000000000000, -1.000000000000000000, 0.0000000000000000000 ) ) ;
#510 = EDGE_CURVE ( 'NONE', #492, #1386, #66, .T. ) ;
#511 = LINE ( 'NONE', #573, #79 ) ;
#512 = DIRECTION ( 'NONE',  ( 0.0000000000000000000, 0.0000000000000000000, -1.000000000000000000 ) ) ;
#513 = FACE_OUTER_BOUND ( 'NONE', #218, .T. ) ;
#514 = AXIS2_PLACEMENT_3D ( 'NONE', #1857, #2014, #221 ) ;
#515 = VECTOR ( 'NONE', #1535, 1000.000000000000000 ) ;
#516 = CARTESIAN_POINT ( 'NONE',  ( 40.99999999999998579, -24.00000000000000000, -3.499999999999982236 ) ) ;
#517 = VECTOR ( 'NONE', #1232, 1000.000000000000000 ) ;
#518 = CARTESIAN_POINT ( 'NONE',  ( 0.0000000000000000000, 16.00000000000000000, -25.00000000000000000 ) ) ;
#519 = ORIENTED_EDGE ( 'NONE', *, *, #510, .F. ) ;
#520 = CARTESIAN_POINT ( 'NONE',  ( 35.56800220892497322, 11.53909196761208911, -26.66701620895224067 ) ) ;
#521 = ADVANCED_FACE ( 'NONE', ( #1477 ), #489, .F. ) ;
#522 = CARTESIAN_POINT ( 'NONE',  ( 26.64870972184401765, 10.35090477183316260, -25.98972805588304880 ) ) ;
#523 = EDGE_CURVE ( 'NONE', #243, #1541, #200, .T. ) ;
#524 = CARTESIAN_POINT ( 'NONE',  ( 0.2450996761171231608, 10.92199972481092551, 1.288718083858917840 ) ) ;
#525 = CC_DESIGN_PERSON_AND_ORGANIZATION_ASSIGNMENT ( #733, #737, ( #1370 ) ) ;
#526 = DIRECTION ( 'NONE',  ( 0.0000000000000000000, -1.000000000000000000, 0.0000000000000000000 ) ) ;
#527 = VERTEX_POINT ( 'NONE', #1380 ) ;
#528 = EDGE_LOOP ( 'NONE', ( #213, #163, #1418, #148 ) ) ;
#529 = CARTESIAN_POINT ( 'NONE',  ( 26.04154220187353275, 12.90822051337584675, -27.73498442034613731 ) ) ;
#530 = VERTEX_POINT ( 'NONE', #247 ) ;
#531 = AXIS2_PLACEMENT_3D ( 'NONE', #1165, #1994, #361 ) ;
#532 = EDGE_LOOP ( 'NONE', ( #726, #1129, #1343, #1845 ) ) ;
#533 = ADVANCED_FACE ( 'NONE', ( #1378 ), #230, .F. ) ;
#534 = CARTESIAN_POINT ( 'NONE',  ( 30.24633291203148744, 15.85131036906893520, -33.28024951063466830 ) ) ;
#535 = CIRCLE ( 'NONE', #187, 4.924999999999998934 ) ;
#536 = DIRECTION ( 'NONE',  ( 0.0000000000000000000, -1.000000000000000000, 0.0000000000000000000 ) ) ;
#537 = DIRECTION ( 'NONE',  ( -0.8829475928589280986, -0.0000000000000000000, -0.4694715627858887519 ) ) ;
#538 = VECTOR ( 'NONE', #313, 1000.000000000000000 ) ;
#539 = DIRECTION ( 'NONE',  ( 0.0000000000000000000, 0.0000000000000000000, -1.000000000000000000 ) ) ;
#540 = VECTOR ( 'NONE', #1071, 1000.000000000000000 ) ;
#541 = EDGE_CURVE ( 'NONE', #1541, #1338, #1784, .T. ) ;
#542 = ADVANCED_FACE ( 'NONE', ( #1120 ), #745, .F. ) ;
#543 = CARTESIAN_POINT ( 'NONE',  ( 26.73968301017892557, 15.14563497572857109, -30.95257485012312415 ) ) ;
#544 = CYLINDRICAL_SURFACE ( 'NONE', #500, 4.924999999999998934 ) ;
#545 = CARTESIAN_POINT ( 'NONE',  ( 44.86615730836460614, 13.08106459623762596, -27.93894312557177884 ) ) ;
#546 = DIRECTION ( 'NONE',  ( 0.0000000000000000000, -1.000000000000000000, 0.0000000000000000000 ) ) ;
#547 = ORIENTED_EDGE ( 'NONE', *, *, #592, .F. ) ;
#548 = B_SPLINE_CURVE_WITH_KNOTS ( 'NONE', 3,
 ( #1501, #56, #569, #225, #590, #1700, #908, #1729, #1372, #257 ),
 .UNSPECIFIED., .F., .F.,
 ( 4, 2, 2, 2, 4 ),
 ( -2.000000695406953417E-05, 0.001227026162025430817, 0.002474052331004930952, 0.003721078499984431520, 0.004968104668963932088 ),
 .UNSPECIFIED. ) ;
#549 = DIRECTION ( 'NONE',  ( 0.0000000000000000000, 0.0000000000000000000, 1.000000000000000000 ) ) ;
#550 = ORIENTED_EDGE ( 'NONE', *, *, #1363, .F. ) ;
#551 = EDGE_CURVE ( 'NONE', #111, #2030, #1764, .T. ) ;
#552 = DIRECTION ( 'NONE',  ( 0.0000000000000000000, 0.0000000000000000000, -1.000000000000000000 ) ) ;
#553 = ORIENTED_EDGE ( 'NONE', *, *, #173, .F. ) ;
#554 = EDGE_LOOP ( 'NONE', ( #1235, #1179, #1291 ) ) ;
#555 = VERTEX_POINT ( 'NONE', #2055 ) ;
#556 = VERTEX_POINT ( 'NONE', #421 ) ;
#557 = DIRECTION ( 'NONE',  ( 0.0000000000000000000, 0.0000000000000000000, -1.000000000000000000 ) ) ;
#558 = ORIENTED_EDGE ( 'NONE', *, *, #1104, .T. ) ;
#559 = DIRECTION ( 'NONE',  ( -0.0000000000000000000, -1.000000000000000000, -0.0000000000000000000 ) ) ;
#560 = CARTESIAN_POINT ( 'NONE',  ( 22.49999999999999289, 0.0000000000000000000, -12.50000000000000000 ) ) ;
#561 = VECTOR ( 'NONE', #62, 1000.000000000000000 ) ;
#562 = EDGE_CURVE ( 'NONE', #429, #495, #1551, .T. ) ;
#563 = LINE ( 'NONE', #1034, #2096 ) ;
#564 = DIRECTION ( 'NONE',  ( 0.0000000000000000000, 0.0000000000000000000, 1.000000000000000000 ) ) ;
#565 = DIRECTION ( 'NONE',  ( 0.0000000000000000000, 1.000000000000000000, 0.0000000000000000000 ) ) ;
#566 = CYLINDRICAL_SURFACE ( 'NONE', #599, 3.049999999999999822 ) ;
#567 = FACE_BOUND ( 'NONE', #1467, .T. ) ;
#568 = DIRECTION ( 'NONE',  ( -0.0000000000000000000, 1.000000000000000000, -0.0000000000000000000 ) ) ;
#569 = CARTESIAN_POINT ( 'NONE',  ( 30.87266101467476176, 6.759822850023585517, 0.02162452009583086532 ) ) ;
#570 = LINE ( 'NONE', #2034, #67 ) ;
#571 = AXIS2_PLACEMENT_3D ( 'NONE', #560, #1871, #1208 ) ;
#572 = ORIENTED_EDGE ( 'NONE', *, *, #1704, .T. ) ;
#573 = CARTESIAN_POINT ( 'NONE',  ( -13.74999999999999645, -0.0000000000000000000, -13.74999999999999645 ) ) ;
#574 = ORIENTED_EDGE ( 'NONE', *, *, #551, .T. ) ;
#575 = DIRECTION ( 'NONE',  ( 0.0000000000000000000, 1.000000000000000000, -0.0000000000000000000 ) ) ;
#576 = ORIENTED_EDGE ( 'NONE', *, *, #780, .F. ) ;
#577 = ORIENTED_EDGE ( 'NONE', *, *, #1391, .F. ) ;
#578 = CARTESIAN_POINT ( 'NONE',  ( 44.62028873829128628, 12.06441317111465139, -27.04118421697038244 ) ) ;
#579 = DIRECTION ( 'NONE',  ( -0.0000000000000000000, 1.000000000000000000, -0.0000000000000000000 ) ) ;
#580 = ORIENTED_EDGE ( 'NONE', *, *, #1623, .T. ) ;
#581 = DIRECTION ( 'NONE',  ( 0.0000000000000000000, -1.000000000000000000, 0.0000000000000000000 ) ) ;
#582 = ORIENTED_EDGE ( 'NONE', *, *, #1496, .F. ) ;
#583 = CARTESIAN_POINT ( 'NONE',  ( 2.722803862162790800, 15.34827221008990072, 5.864814574263517599 ) ) ;
#584 = AXIS2_PLACEMENT_3D ( 'NONE', #1884, #917, #1222 ) ;
#585 = CARTESIAN_POINT ( 'NONE',  ( 44.86615730836460614, 30.00000000000000000, -27.93894312557177884 ) ) ;
#586 = APPROVAL_PERSON_ORGANIZATION ( #1014, #1064, #422 ) ;
#587 = CARTESIAN_POINT ( 'NONE',  ( 10.49999999999999645, 16.00000000000000000, -23.55000000000000071 ) ) ;
#588 = CYLINDRICAL_SURFACE ( 'NONE', #821, 2.850000000000000089 ) ;
#589 = DIRECTION ( 'NONE',  ( 0.0000000000000000000, -1.000000000000000000, 0.0000000000000000000 ) ) ;
#590 = CARTESIAN_POINT ( 'NONE',  ( 30.37751365392754721, 7.897024108654707497, 0.1740391673626554281 ) ) ;
#591 = VECTOR ( 'NONE', #391, 1000.000000000000114 ) ;
#592 = EDGE_CURVE ( 'NONE', #189, #1827, #637, .T. ) ;
#593 = CARTESIAN_POINT ( 'NONE',  ( 22.49999999999999289, 16.00000000000000000, -12.50000000000000000 ) ) ;
#594 = CYLINDRICAL_SURFACE ( 'NONE', #1216, 3.050000000000000711 ) ;
#595 = CARTESIAN_POINT ( 'NONE',  ( 46.63205249408246544, 6.000000000000000000, -25.00000000000000000 ) ) ;
#596 = CIRCLE ( 'NONE', #1301, 2.000000000000001776 ) ;
#597 = ORIENTED_EDGE ( 'NONE', *, *, #1052, .T. ) ;
#598 = CARTESIAN_POINT ( 'NONE',  ( 9.507378234500448499, 11.24668301799011338, 1.480068231596668671 ) ) ;
#599 = AXIS2_PLACEMENT_3D ( 'NONE', #1298, #168, #1978 ) ;
#600 = CARTESIAN_POINT ( 'NONE',  ( 44.69621558878515089, 11.21795861779676073, -26.46246821949395667 ) ) ;
#601 = ORIENTED_EDGE ( 'NONE', *, *, #1987, .T. ) ;
#602 = ORIENTED_EDGE ( 'NONE', *, *, #1847, .T. ) ;
#603 = EDGE_CURVE ( 'NONE', #1108, #1995, #1453, .T. ) ;
#604 = ORIENTED_EDGE ( 'NONE', *, *, #23, .T. ) ;
#605 = VERTEX_POINT ( 'NONE', #270 ) ;
#606 = CARTESIAN_POINT ( 'NONE',  ( 22.49999999999999289, 30.00000000000000000, -17.42500000000000071 ) ) ;
#607 = ORIENTED_EDGE ( 'NONE', *, *, #214, .F. ) ;
#608 = CARTESIAN_POINT ( 'NONE',  ( 46.07155617432879779, 7.252844974332957939, -25.05859191335893144 ) ) ;
#609 = CARTESIAN_POINT ( 'NONE',  ( 4.000000000000002665, 0.0000000000000000000, -21.50000000000000000 ) ) ;
#610 = CARTESIAN_POINT ( 'NONE',  ( 9.141106855641835338, 12.90507234524519120, 2.732155743609039344 ) ) ;
#611 = LINE ( 'NONE', #1678, #169 ) ;
#612 = CARTESIAN_POINT ( 'NONE',  ( 18.77275446351084653, 14.54143527567715743, 4.796835708817046573 ) ) ;
#613 = LINE ( 'NONE', #47, #2073 ) ;
#614 = VECTOR ( 'NONE', #1254, 1000.000000000000227 ) ;
#615 = CARTESIAN_POINT ( 'NONE',  ( -2.999999999999996891, 0.0000000000000000000, -0.5000000000000073275 ) ) ;
#616 = CARTESIAN_POINT ( 'NONE',  ( 12.82640326215550708, 15.83064194151516446, 8.166988790940033383 ) ) ;
#617 = CIRCLE ( 'NONE', #1742, 1.849999999999997424 ) ;
#618 = EDGE_CURVE ( 'NONE', #495, #1057, #84, .T. ) ;
#619 = CIRCLE ( 'NONE', #476, 3.050000000000000711 ) ;
#620 = CARTESIAN_POINT ( 'NONE',  ( 34.49999999999998579, 30.00000000000000000, -20.50000000000000000 ) ) ;
#621 = CARTESIAN_POINT ( 'NONE',  ( 12.15636321234310202, 15.78645382125578145, 7.943068975123096287 ) ) ;
#622 = ORIENTED_EDGE ( 'NONE', *, *, #956, .F. ) ;
#623 = ORIENTED_EDGE ( 'NONE', *, *, #53, .T. ) ;
#624 = ORIENTED_EDGE ( 'NONE', *, *, #874, .T. ) ;
#625 = ORIENTED_EDGE ( 'NONE', *, *, #1090, .F. ) ;
#626 = CARTESIAN_POINT ( 'NONE',  ( -0.06554493864538660231, 13.45499863576845101, 3.313936718703577533 ) ) ;
#627 = EDGE_CURVE ( 'NONE', #1491, #146, #1888, .T. ) ;
#628 = EDGE_LOOP ( 'NONE', ( #625, #231 ) ) ;
#629 = CARTESIAN_POINT ( 'NONE',  ( 16.26176947842303377, 15.75454550261947873, 7.796721865432267862 ) ) ;
#630 = CC_DESIGN_APPROVAL ( #419, ( #1613 ) ) ;
#631 = CALENDAR_DATE ( 2019, 12, 12 ) ;
#632 = DIRECTION ( 'NONE',  ( -1.000000000000000000, -0.0000000000000000000, -0.0000000000000000000 ) ) ;
#633 = AXIS2_PLACEMENT_3D ( 'NONE', #453, #1439, #1149 ) ;
#634 = VECTOR ( 'NONE', #400, 1000.000000000000000 ) ;
#635 = CARTESIAN_POINT ( 'NONE',  ( 18.49957976530935611, 14.94978001238386689, 5.528021070886293131 ) ) ;
#636 = VECTOR ( 'NONE', #2044, 1000.000000000000000 ) ;
#637 = LINE ( 'NONE', #1559, #202 ) ;
#638 = EDGE_CURVE ( 'NONE', #243, #2030, #365, .T. ) ;
#639 = CARTESIAN_POINT ( 'NONE',  ( 47.49999999999999289, 16.00000000000000000, 0.0000000000000000000 ) ) ;
#640 = CIRCLE ( 'NONE', #1270, 2.849999999999994760 ) ;
#641 = DIRECTION ( 'NONE',  ( -0.0000000000000000000, 1.000000000000000000, -0.0000000000000000000 ) ) ;
#642 = ORIENTED_EDGE ( 'NONE', *, *, #1549, .F. ) ;
#643 = DIRECTION ( 'NONE',  ( 0.0000000000000000000, 0.0000000000000000000, 1.000000000000000000 ) ) ;
#644 = AXIS2_PLACEMENT_3D ( 'NONE', #1587, #1419, #449 ) ;
#645 = CARTESIAN_POINT ( 'NONE',  ( 34.49999999999998579, 0.0000000000000000000, -20.50000000000000000 ) ) ;
#646 = EDGE_LOOP ( 'NONE', ( #428, #1456, #1369, #1383, #2109, #143 ) ) ;
#647 = ORIENTED_EDGE ( 'NONE', *, *, #670, .T. ) ;
#648 = CARTESIAN_POINT ( 'NONE',  ( 34.84989503080462470, 8.758358893200412609, -25.38184730947701340 ) ) ;
#649 = ORIENTED_EDGE ( 'NONE', *, *, #1661, .T. ) ;
#650 = EDGE_LOOP ( 'NONE', ( #752, #1766, #914, #448 ) ) ;
#651 = PRODUCT_DEFINITION_SHAPE ( 'NONE', 'NONE',  #1370 ) ;
#652 = VERTEX_POINT ( 'NONE', #1394 ) ;
#653 = DIRECTION ( 'NONE',  ( 0.0000000000000000000, 0.0000000000000000000, -1.000000000000000000 ) ) ;
#654 = DIRECTION ( 'NONE',  ( 0.0000000000000000000, -1.000000000000000000, 0.0000000000000000000 ) ) ;
#655 = EDGE_CURVE ( 'NONE', #1945, #345, #1502, .T. ) ;
#656 = ADVANCED_FACE ( 'NONE', ( #1021 ), #594, .F. ) ;
#657 = LOCAL_TIME ( 16, 59, 45.00000000000000000, #811 ) ;
#658 = DIRECTION ( 'NONE',  ( -0.4694715627858882523, -0.0000000000000000000, 0.8829475928589283207 ) ) ;
#659 = VECTOR ( 'NONE', #1780, 1000.000000000000000 ) ;
#660 = DIRECTION ( 'NONE',  ( 0.0000000000000000000, 1.000000000000000000, 0.0000000000000000000 ) ) ;
#661 = FACE_OUTER_BOUND ( 'NONE', #1031, .T. ) ;
#662 = DIRECTION ( 'NONE',  ( 0.0000000000000000000, 0.0000000000000000000, 1.000000000000000000 ) ) ;
#663 = CARTESIAN_POINT ( 'NONE',  ( 4.000000000000002665, 0.0000000000000000000, -5.350000000000003197 ) ) ;
#664 = AXIS2_PLACEMENT_3D ( 'NONE', #719, #886, #1711 ) ;
#665 = CYLINDRICAL_SURFACE ( 'NONE', #1373, 4.924999999999998934 ) ;
#666 = CARTESIAN_POINT ( 'NONE',  ( 23.74999999999966604, 0.0000000000000000000, 23.74999999999999645 ) ) ;
#667 = FACE_BOUND ( 'NONE', #1722, .T. ) ;
#668 = CARTESIAN_POINT ( 'NONE',  ( 15.55341620981819517, 10.48277768775043484, -26.06105687442823182 ) ) ;
#669 = ORIENTED_EDGE ( 'NONE', *, *, #1180, .F. ) ;
#670 = EDGE_CURVE ( 'NONE', #1489, #1792, #2046, .T. ) ;
#671 = DIRECTION ( 'NONE',  ( 1.084202172485505174E-16, 0.0000000000000000000, 1.000000000000000000 ) ) ;
#672 = ORIENTED_EDGE ( 'NONE', *, *, #1719, .F. ) ;
#673 = CARTESIAN_POINT ( 'NONE',  ( 34.77207491255638416, 15.37008587903669543, -31.50430315630530487 ) ) ;
#674 = VERTEX_POINT ( 'NONE', #416 ) ;
#675 = AXIS2_PLACEMENT_3D ( 'NONE', #498, #508, #1767 ) ;
#676 = ORIENTED_EDGE ( 'NONE', *, *, #1623, .F. ) ;
#677 = CARTESIAN_POINT ( 'NONE',  ( -1.071556174328790467, 7.252844974332956163, 0.05859191335893395441 ) ) ;
#678 = ORIENTED_EDGE ( 'NONE', *, *, #277, .F. ) ;
#679 = ADVANCED_FACE ( 'NONE', ( #923 ), #63, .F. ) ;
#680 = ORIENTED_EDGE ( 'NONE', *, *, #1469, .F. ) ;
#681 = CARTESIAN_POINT ( 'NONE',  ( 36.24999999999966604, 0.0000000000000000000, -36.25000000000017053 ) ) ;
#682 = EDGE_CURVE ( 'NONE', #1800, #1852, #815, .T. ) ;
#683 = CARTESIAN_POINT ( 'NONE',  ( 28.58309068592816615, 15.73595043909405078, -32.71531001391171856 ) ) ;
#684 = CIRCLE ( 'NONE', #2099, 4.924999999999998046 ) ;
#685 = ADVANCED_FACE ( 'NONE', ( #1737, #1681, #1195, #255, #794, #1300, #1326, #384, #841, #469, #1842, #770 ), #1805, .F. ) ;
#686 = LINE ( 'NONE', #1689, #1019 ) ;
#687 = CARTESIAN_POINT ( 'NONE',  ( 26.13542197224136032, 12.38733644418959301, -27.27453096089956830 ) ) ;
#688 = VECTOR ( 'NONE', #280, 1000.000000000000000 ) ;
#689 = DIRECTION ( 'NONE',  ( -1.000000000000000000, 0.0000000000000000000, -0.0000000000000000000 ) ) ;
#690 = AXIS2_PLACEMENT_3D ( 'NONE', #107, #1088, #2081 ) ;
#691 = FACE_BOUND ( 'NONE', #628, .T. ) ;
#692 = DIRECTION ( 'NONE',  ( 0.0000000000000000000, 0.0000000000000000000, 1.000000000000000000 ) ) ;
#693 = EDGE_LOOP ( 'NONE', ( #1416, #796, #1997, #577 ) ) ;
#694 = EDGE_CURVE ( 'NONE', #1903, #455, #2105, .T. ) ;
#695 = CARTESIAN_POINT ( 'NONE',  ( 10.49999999999999645, 30.00000000000000000, -17.44999999999999929 ) ) ;
#696 = ADVANCED_FACE ( 'NONE', ( #1936 ), #170, .F. ) ;
#697 = ORIENTED_EDGE ( 'NONE', *, *, #1062, .F. ) ;
#698 = PLANE ( 'NONE',  #1770 ) ;
#699 = ORIENTED_EDGE ( 'NONE', *, *, #470, .T. ) ;
#700 = ORIENTED_EDGE ( 'NONE', *, *, #919, .T. ) ;
#701 = CARTESIAN_POINT ( 'NONE',  ( 29.22042392948582190, 15.79966971413898591, -33.00757785172048386 ) ) ;
#702 = EDGE_LOOP ( 'NONE', ( #802, #1413, #1644 ) ) ;
#703 = AXIS2_PLACEMENT_3D ( 'NONE', #461, #294, #21 ) ;
#704 = ORIENTED_EDGE ( 'NONE', *, *, #2053, .T. ) ;
#705 = DIRECTION ( 'NONE',  ( -0.8829475928589279876, 0.0000000000000000000, -0.4694715627858888074 ) ) ;
#706 = CARTESIAN_POINT ( 'NONE',  ( 0.0000000000000000000, 16.00000000000000000, 0.0000000000000000000 ) ) ;
#707 = EDGE_LOOP ( 'NONE', ( #117, #1011, #1486, #1032 ) ) ;
#708 = CARTESIAN_POINT ( 'NONE',  ( -2.999999999999999556, 0.0000000000000000000, -24.49999999999999289 ) ) ;
#709 = CARTESIAN_POINT ( 'NONE',  ( -2.999999999999996891, 30.00000000000000000, -0.5000000000000073275 ) ) ;
#710 = VECTOR ( 'NONE', #216, 1000.000000000000000 ) ;
#711 = CARTESIAN_POINT ( 'NONE',  ( 0.1338426916354183149, 30.00000000000000000, 2.938943125571776172 ) ) ;
#712 = CYLINDRICAL_SURFACE ( 'NONE', #465, 2.849999999999996536 ) ;
#713 = VECTOR ( 'NONE', #658, 1000.000000000000114 ) ;
#714 = AXIS2_PLACEMENT_3D ( 'NONE', #1705, #565, #1367 ) ;
#715 = DIRECTION ( 'NONE',  ( -0.7071067811865622277, -0.0000000000000000000, -0.7071067811865328068 ) ) ;
#716 = CIRCLE ( 'NONE', #1189, 3.049999999999997158 ) ;
#717 = CIRCLE ( 'NONE', #1558, 3.049999999999997158 ) ;
#718 = PRODUCT ( 'Mobile part y lickport', 'Mobile part y lickport', '', ( #1883 ) ) ;
#719 = CARTESIAN_POINT ( 'NONE',  ( 23.43467994030353907, 30.00000000000000000, -40.88355815272627325 ) ) ;
#720 = DIRECTION ( 'NONE',  ( -0.0000000000000000000, 1.000000000000000000, -0.0000000000000000000 ) ) ;
#721 = EDGE_CURVE ( 'NONE', #1462, #1251, #868, .T. ) ;
#722 = CARTESIAN_POINT ( 'NONE',  ( 47.49999999999997868, 30.00000000000000000, 0.0000000000000000000 ) ) ;
#723 = ORIENTED_EDGE ( 'NONE', *, *, #816, .T. ) ;
#724 = VERTEX_POINT ( 'NONE', #1586 ) ;
#725 = DIRECTION ( 'NONE',  ( 0.0000000000000000000, -0.0000000000000000000, -1.000000000000000000 ) ) ;
#726 = ORIENTED_EDGE ( 'NONE', *, *, #1267, .F. ) ;
#727 = DIRECTION ( 'NONE',  ( 0.0000000000000000000, 0.0000000000000000000, -1.000000000000000000 ) ) ;
#728 = AXIS2_PLACEMENT_3D ( 'NONE', #1710, #747, #410 ) ;
#729 = EDGE_LOOP ( 'NONE', ( #1239, #2086, #772, #1561 ) ) ;
#730 = AXIS2_PLACEMENT_3D ( 'NONE', #486, #641, #1274 ) ;
#731 = CARTESIAN_POINT ( 'NONE',  ( 30.95048813014600597, 15.85753856901317072, -33.31805667146070959 ) ) ;
#732 = DIRECTION ( 'NONE',  ( 0.0000000000000000000, -1.000000000000000000, 0.0000000000000000000 ) ) ;
#733 = PERSON_AND_ORGANIZATION ( #224, #327 ) ;
#734 = EDGE_CURVE ( 'NONE', #1792, #452, #1070, .T. ) ;
#735 = VECTOR ( 'NONE', #291, 1000.000000000000000 ) ;
#736 = LINE ( 'NONE', #1930, #1046 ) ;
#737 = PERSON_AND_ORGANIZATION_ROLE ( 'creator' ) ;
#738 = CC_DESIGN_DATE_AND_TIME_ASSIGNMENT ( #6, #2048, ( #1370 ) ) ;
#739 = LINE ( 'NONE', #709, #312 ) ;
#740 = CARTESIAN_POINT ( 'NONE',  ( 17.61921653890660266, 0.0000000000000000000, 0.0000000000000000000 ) ) ;
#741 = DIRECTION ( 'NONE',  ( -0.7071067811865475727, 0.0000000000000000000, 0.7071067811865475727 ) ) ;
#742 = CYLINDRICAL_SURFACE ( 'NONE', #1013, 4.924999999999996270 ) ;
#743 = CARTESIAN_POINT ( 'NONE',  ( 18.97981680797728998, 13.62599924078074665, 3.521564533923195128 ) ) ;
#744 = ORIENTED_EDGE ( 'NONE', *, *, #1987, .F. ) ;
#745 = PLANE ( 'NONE',  #1589 ) ;
#746 = DIRECTION ( 'NONE',  ( -0.0000000000000000000, 1.000000000000000000, -0.0000000000000000000 ) ) ;
#747 = DIRECTION ( 'NONE',  ( 0.0000000000000000000, 1.000000000000000000, -0.0000000000000000000 ) ) ;
#748 = CARTESIAN_POINT ( 'NONE',  ( 10.49999999999999645, 30.00000000000000000, -23.55000000000000071 ) ) ;
#749 = EDGE_CURVE ( 'NONE', #1944, #1109, #12, .T. ) ;
#750 = CARTESIAN_POINT ( 'NONE',  ( 41.00000000000000000, 0.0000000000000000000, -21.49999999999997868 ) ) ;
#751 = VERTEX_POINT ( 'NONE', #983 ) ;
#752 = ORIENTED_EDGE ( 'NONE', *, *, #227, .T. ) ;
#753 = DIRECTION ( 'NONE',  ( 0.0000000000000000000, -1.000000000000000000, 0.0000000000000000000 ) ) ;
#754 = CARTESIAN_POINT ( 'NONE',  ( 10.49999999999999645, 30.00000000000000000, -7.550000000000003375 ) ) ;
#755 = ORIENTED_EDGE ( 'NONE', *, *, #444, .T. ) ;
#756 = ORIENTED_EDGE ( 'NONE', *, *, #11, .F. ) ;
#757 = VERTEX_POINT ( 'NONE', #2100 ) ;
#758 = CARTESIAN_POINT ( 'NONE',  ( 34.49999999999998579, 16.00000000000000000, -4.500000000000000888 ) ) ;
#759 = AXIS2_PLACEMENT_3D ( 'NONE', #620, #777, #1102 ) ;
#760 = VERTEX_POINT ( 'NONE', #307 ) ;
#761 = DIRECTION ( 'NONE',  ( 0.0000000000000000000, 0.0000000000000000000, -1.000000000000000000 ) ) ;
#762 = APPROVAL_DATE_TIME ( #2037, #1064 ) ;
#763 = CARTESIAN_POINT ( 'NONE',  ( 44.99436673970880918, 10.02757977623852348, -25.84112833445399104 ) ) ;
#764 = CIRCLE ( 'NONE', #1106, 2.850000000000000089 ) ;
#765 = CARTESIAN_POINT ( 'NONE',  ( -2.999999999999996891, 30.00000000000000000, -0.5000000000000073275 ) ) ;
#766 = DIRECTION ( 'NONE',  ( -0.0000000000000000000, -1.000000000000000000, -0.0000000000000000000 ) ) ;
#767 = FACE_OUTER_BOUND ( 'NONE', #1622, .T. ) ;
#768 = EDGE_CURVE ( 'NONE', #1859, #1, #441, .T. ) ;
#769 = CARTESIAN_POINT ( 'NONE',  ( 17.61921653890660266, 6.000000000000000000, 0.0000000000000000000 ) ) ;
#770 = FACE_BOUND ( 'NONE', #507, .T. ) ;
#771 = FACE_OUTER_BOUND ( 'NONE', #338, .T. ) ;
#772 = ORIENTED_EDGE ( 'NONE', *, *, #78, .T. ) ;
#773 = CARTESIAN_POINT ( 'NONE',  ( 12.65700256618130659, 15.82192949690912265, 8.120387447407065196 ) ) ;
#774 = VERTEX_POINT ( 'NONE', #1431 ) ;
#775 = CARTESIAN_POINT ( 'NONE',  ( 4.000000000000002665, 0.0000000000000000000, -3.500000000000003109 ) ) ;
#776 = ORIENTED_EDGE ( 'NONE', *, *, #780, .T. ) ;
#777 = DIRECTION ( 'NONE',  ( 0.0000000000000000000, -1.000000000000000000, 0.0000000000000000000 ) ) ;
#778 = VERTEX_POINT ( 'NONE', #288 ) ;
#779 = CARTESIAN_POINT ( 'NONE',  ( 9.598487527881625070, 14.94920441178499004, 5.526617462436433037 ) ) ;
#780 = EDGE_CURVE ( 'NONE', #1, #1859, #1630, .T. ) ;
#781 = ORIENTED_EDGE ( 'NONE', *, *, #1210, .T. ) ;
#782 = VERTEX_POINT ( 'NONE', #1601 ) ;
#783 = DIRECTION ( 'NONE',  ( -0.0000000000000000000, -1.000000000000000000, -0.0000000000000000000 ) ) ;
#784 = ORIENTED_EDGE ( 'NONE', *, *, #1935, .T. ) ;
#785 = CARTESIAN_POINT ( 'NONE',  ( 18.23916754081647085, 16.00000000000000711, -31.11222048197586432 ) ) ;
#786 = CARTESIAN_POINT ( 'NONE',  ( 34.49999999999998579, 30.00000000000000000, -4.500000000000000888 ) ) ;
#787 = CARTESIAN_POINT ( 'NONE',  ( 34.49999999999998579, 0.0000000000000000000, -17.45000000000000284 ) ) ;
#788 = AXIS2_PLACEMENT_3D ( 'NONE', #132, #1943, #127 ) ;
#789 = DIRECTION ( 'NONE',  ( -0.8829475928589279876, 0.0000000000000000000, -0.4694715627858888074 ) ) ;
#790 = FACE_OUTER_BOUND ( 'NONE', #1335, .T. ) ;
#791 = LINE ( 'NONE', #382, #36 ) ;
#792 = CARTESIAN_POINT ( 'NONE',  ( 10.49999999999999645, 0.0000000000000000000, -4.500000000000000888 ) ) ;
#793 = CARTESIAN_POINT ( 'NONE',  ( 10.49999999999999645, 0.0000000000000000000, -7.550000000000000711 ) ) ;
#794 = FACE_BOUND ( 'NONE', #1314, .T. ) ;
#795 = DIRECTION ( 'NONE',  ( -0.7071067811865475727, -0.0000000000000000000, -0.7071067811865475727 ) ) ;
#796 = ORIENTED_EDGE ( 'NONE', *, *, #603, .T. ) ;
#797 = EDGE_CURVE ( 'NONE', #102, #24, #239, .T. ) ;
#798 = DIRECTION ( 'NONE',  ( 0.0000000000000000000, 1.000000000000000000, -0.0000000000000000000 ) ) ;
#799 = DIRECTION ( 'NONE',  ( -0.0000000000000000000, 1.000000000000000000, -0.0000000000000000000 ) ) ;
#800 = ORIENTED_EDGE ( 'NONE', *, *, #1036, .F. ) ;
#801 = CARTESIAN_POINT ( 'NONE',  ( 14.40387036205095583, 15.85753856901316361, 8.318056671460711371 ) ) ;
#802 = ORIENTED_EDGE ( 'NONE', *, *, #808, .F. ) ;
#803 = EDGE_LOOP ( 'NONE', ( #872, #1923, #1084, #672, #1878 ) ) ;
#804 = DIRECTION ( 'NONE',  ( 0.0000000000000000000, 0.0000000000000000000, 1.000000000000000000 ) ) ;
#805 = ORIENTED_EDGE ( 'NONE', *, *, #206, .T. ) ;
#806 = DIRECTION ( 'NONE',  ( -0.0000000000000000000, -1.000000000000000000, -0.0000000000000000000 ) ) ;
#807 = ORIENTED_EDGE ( 'NONE', *, *, #242, .F. ) ;
#808 = EDGE_CURVE ( 'NONE', #1672, #1258, #333, .T. ) ;
#809 = ORIENTED_EDGE ( 'NONE', *, *, #303, .T. ) ;
#810 = PLANE ( 'NONE',  #267 ) ;
#811 = COORDINATED_UNIVERSAL_TIME_OFFSET ( 0, 0, .AHEAD. ) ;
#812 = DIRECTION ( 'NONE',  ( 0.0000000000000000000, 0.0000000000000000000, -1.000000000000000000 ) ) ;
#813 = DIRECTION ( 'NONE',  ( -0.0000000000000000000, -1.000000000000000000, -0.0000000000000000000 ) ) ;
#814 = LINE ( 'NONE', #1390, #1628 ) ;
#815 = LINE ( 'NONE', #1475, #968 ) ;
#816 = EDGE_CURVE ( 'NONE', #1127, #751, #2101, .T. ) ;
#817 = DIRECTION ( 'NONE',  ( 0.0000000000000000000, 1.000000000000000000, 0.0000000000000000000 ) ) ;
#818 = CIRCLE ( 'NONE', #1344, 1.850000000000000977 ) ;
#819 = CARTESIAN_POINT ( 'NONE',  ( 22.49999999999999289, 16.00000000000000000, -7.575000000000002842 ) ) ;
#820 = VERTEX_POINT ( 'NONE', #1915 ) ;
#821 = AXIS2_PLACEMENT_3D ( 'NONE', #208, #1699, #853 ) ;
#822 = ORIENTED_EDGE ( 'NONE', *, *, #874, .F. ) ;
#823 = AXIS2_PLACEMENT_3D ( 'NONE', #1141, #817, #662 ) ;
#824 = ORIENTED_EDGE ( 'NONE', *, *, #1817, .T. ) ;
#825 = DIRECTION ( 'NONE',  ( 0.0000000000000000000, 0.0000000000000000000, -1.000000000000000000 ) ) ;
#826 = ORIENTED_EDGE ( 'NONE', *, *, #1166, .F. ) ;
#827 = CARTESIAN_POINT ( 'NONE',  ( 30.95048813014599176, 30.00000000000000000, -33.31805667146070249 ) ) ;
#828 = VERTEX_POINT ( 'NONE', #1980 ) ;
#829 = ORIENTED_EDGE ( 'NONE', *, *, #551, .F. ) ;
#830 = DIRECTION ( 'NONE',  ( -0.0000000000000000000, -1.000000000000000000, -0.0000000000000000000 ) ) ;
#831 = EDGE_CURVE ( 'NONE', #1721, #724, #1275, .T. ) ;
#832 = CARTESIAN_POINT ( 'NONE',  ( 35.06945609614577108, 15.20856988884032113, -31.09819876790189142 ) ) ;
#833 = AXIS2_PLACEMENT_3D ( 'NONE', #193, #1329, #1321 ) ;
#834 = ADVANCED_FACE ( 'NONE', ( #1248 ), #199, .T. ) ;
#835 = DIRECTION ( 'NONE',  ( 0.0000000000000000000, 0.0000000000000000000, -1.000000000000000000 ) ) ;
#836 = CIRCLE ( 'NONE', #1758, 1.849999999999997424 ) ;
#837 = DIRECTION ( 'NONE',  ( -0.0000000000000000000, 1.000000000000000000, -0.0000000000000000000 ) ) ;
#838 = CARTESIAN_POINT ( 'NONE',  ( -1.632052494082438354, 6.000000000000000000, 0.0000000000000000000 ) ) ;
#839 = LINE ( 'NONE', #1576, #614 ) ;
#840 = CARTESIAN_POINT ( 'NONE',  ( 35.08657960837518885, 9.727879159950250099, -25.71462672092954449 ) ) ;
#841 = FACE_BOUND ( 'NONE', #1157, .T. ) ;
#842 = DIRECTION ( 'NONE',  ( 0.0000000000000000000, 0.0000000000000000000, -1.000000000000000000 ) ) ;
#843 = FACE_OUTER_BOUND ( 'NONE', #907, .T. ) ;
#844 = EDGE_CURVE ( 'NONE', #46, #1541, #1785, .T. ) ;
#845 = DIRECTION ( 'NONE',  ( -0.0000000000000000000, -1.000000000000000000, -0.0000000000000000000 ) ) ;
#846 = CARTESIAN_POINT ( 'NONE',  ( 14.62248634607246345, 7.897024108654711050, -25.17403916736266822 ) ) ;
#847 = ADVANCED_FACE ( 'NONE', ( #1403 ), #866, .T. ) ;
#848 = CC_DESIGN_PERSON_AND_ORGANIZATION_ASSIGNMENT ( #2092, #916, ( #1613 ) ) ;
#849 = CARTESIAN_POINT ( 'NONE',  ( 28.28135054355610833, 15.69206658377447816, -32.53577910472499468 ) ) ;
#850 = ORIENTED_EDGE ( 'NONE', *, *, #1778, .F. ) ;
#851 = CARTESIAN_POINT ( 'NONE',  ( 14.04951186985400291, 30.00000000000000000, 3.393056671460708884 ) ) ;
#852 = ORIENTED_EDGE ( 'NONE', *, *, #1062, .T. ) ;
#853 = DIRECTION ( 'NONE',  ( 0.0000000000000000000, 0.0000000000000000000, 1.000000000000000000 ) ) ;
#854 = ORIENTED_EDGE ( 'NONE', *, *, #797, .T. ) ;
#855 = ORIENTED_EDGE ( 'NONE', *, *, #493, .F. ) ;
#856 = ORIENTED_EDGE ( 'NONE', *, *, #1406, .F. ) ;
#857 = CARTESIAN_POINT ( 'NONE',  ( 24.69366342122977898, 16.00000000000000000, 10.00000000000000888 ) ) ;
#858 = ORIENTED_EDGE ( 'NONE', *, *, #1832, .F. ) ;
#859 = EDGE_CURVE ( 'NONE', #89, #1389, #1607, .T. ) ;
#860 = CARTESIAN_POINT ( 'NONE',  ( 48.00000000000000000, 0.0000000000000000000, -25.00000000000000000 ) ) ;
#861 = CARTESIAN_POINT ( 'NONE',  ( 40.50000000000000000, 30.00000000000000000, -12.50000000000000533 ) ) ;
#862 = CARTESIAN_POINT ( 'NONE',  ( 0.0000000000000000000, 6.000000000000000000, -25.00000000000000000 ) ) ;
#863 = VECTOR ( 'NONE', #392, 1000.000000000000000 ) ;
#864 = AXIS2_PLACEMENT_3D ( 'NONE', #786, #948, #2093 ) ;
#865 = FACE_OUTER_BOUND ( 'NONE', #1287, .T. ) ;
#866 = PLANE ( 'NONE',  #531 ) ;
#867 = DIRECTION ( 'NONE',  ( -0.0000000000000000000, 1.000000000000000000, -0.0000000000000000000 ) ) ;
#868 = CIRCLE ( 'NONE', #703, 3.049999999999998046 ) ;
#869 = DIRECTION ( 'NONE',  ( -0.0000000000000000000, -1.000000000000000000, -0.0000000000000000000 ) ) ;
#870 = LINE ( 'NONE', #1656, #1632 ) ;
#871 = CARTESIAN_POINT ( 'NONE',  ( 0.1338426916354182872, 6.000000000000000000, 2.938943125571776172 ) ) ;
#872 = ORIENTED_EDGE ( 'NONE', *, *, #844, .T. ) ;
#873 = CARTESIAN_POINT ( 'NONE',  ( 34.49999999999998579, 16.00000000000000000, -20.50000000000000000 ) ) ;
#874 = EDGE_CURVE ( 'NONE', #1859, #555, #38, .T. ) ;
#875 = CARTESIAN_POINT ( 'NONE',  ( 30.95048813014599176, 30.00000000000000000, -28.39305667146070533 ) ) ;
#876 = ORIENTED_EDGE ( 'NONE', *, *, #166, .F. ) ;
#877 = DIRECTION ( 'NONE',  ( -0.4694715627858882523, -0.0000000000000000000, 0.8829475928589283207 ) ) ;
#878 = DIRECTION ( 'NONE',  ( -0.0000000000000000000, -1.000000000000000000, -0.0000000000000000000 ) ) ;
#879 = ORIENTED_EDGE ( 'NONE', *, *, #859, .F. ) ;
#880 = CARTESIAN_POINT ( 'NONE',  ( 14.04951186985400291, 30.00000000000000000, 3.393056671460708884 ) ) ;
#881 = ORIENTED_EDGE ( 'NONE', *, *, #721, .T. ) ;
#882 = ORIENTED_EDGE ( 'NONE', *, *, #1154, .F. ) ;
#883 = DIRECTION ( 'NONE',  ( 0.0000000000000000000, 1.000000000000000000, 0.0000000000000000000 ) ) ;
#884 = DIRECTION ( 'NONE',  ( 0.0000000000000000000, 0.0000000000000000000, -1.000000000000000000 ) ) ;
#885 = VERTEX_POINT ( 'NONE', #1351 ) ;
#886 = DIRECTION ( 'NONE',  ( -0.4694715627858887519, 0.0000000000000000000, 0.8829475928589279876 ) ) ;
#887 = EDGE_CURVE ( 'NONE', #165, #1749, #739, .T. ) ;
#888 = CARTESIAN_POINT ( 'NONE',  ( -2.499999999999991562, 30.00000000000000000, -25.00000000000000000 ) ) ;
#889 = VECTOR ( 'NONE', #537, 1000.000000000000114 ) ;
#890 = CARTESIAN_POINT ( 'NONE',  ( 21.56532005969645027, 30.00000000000000000, 15.88355815272627503 ) ) ;
#891 = DESIGN_CONTEXT ( 'detailed design', #2039, 'design' ) ;
#892 = LINE ( 'NONE', #1929, #1546 ) ;
#893 = CARTESIAN_POINT ( 'NONE',  ( 27.38078346109336891, 6.000000000000000000, -25.00000000000000000 ) ) ;
#894 = CARTESIAN_POINT ( 'NONE',  ( 23.43467994030353907, 30.00000000000000000, -40.88355815272627325 ) ) ;
#895 = LINE ( 'NONE', #88, #1271 ) ;
#896 = CARTESIAN_POINT ( 'NONE',  ( 10.49999999999999645, 30.00000000000000000, -1.449999999999997291 ) ) ;
#897 = VECTOR ( 'NONE', #58, 1000.000000000000000 ) ;
#898 = DIRECTION ( 'NONE',  ( 1.000000000000000000, 0.0000000000000000000, 0.0000000000000000000 ) ) ;
#899 = LINE ( 'NONE', #1087, #1585 ) ;
#900 = ADVANCED_FACE ( 'NONE', ( #2015 ), #1810, .F. ) ;
#901 = CARTESIAN_POINT ( 'NONE',  ( 10.47980720080140138, 0.0000000000000000000, 0.0000000000000000000 ) ) ;
#902 = DIRECTION ( 'NONE',  ( 0.0000000000000000000, -0.0000000000000000000, -1.000000000000000000 ) ) ;
#903 = EDGE_CURVE ( 'NONE', #1445, #530, #946, .T. ) ;
#904 = CARTESIAN_POINT ( 'NONE',  ( 23.43467994030353907, 16.00000000000000000, -40.88355815272627325 ) ) ;
#905 = APPLICATION_PROTOCOL_DEFINITION ( 'international standard', 'config_control_design', 1994, #1385 ) ;
#906 = ORIENTED_EDGE ( 'NONE', *, *, #1253, .F. ) ;
#907 = EDGE_LOOP ( 'NONE', ( #76, #478, #1905, #2069 ) ) ;
#908 = CARTESIAN_POINT ( 'NONE',  ( 29.92499198096862401, 9.017718486572094960, 0.4581787494607013622 ) ) ;
#909 = AXIS2_PLACEMENT_3D ( 'NONE', #1265, #456, #1740 ) ;
#910 = ORIENTED_EDGE ( 'NONE', *, *, #1036, .T. ) ;
#911 = ORIENTED_EDGE ( 'NONE', *, *, #166, .T. ) ;
#912 = CARTESIAN_POINT ( 'NONE',  ( 40.50000000000000000, 0.0000000000000000000, -15.35000000000000320 ) ) ;
#913 = ADVANCED_FACE ( 'NONE', ( #1913 ), #1932, .F. ) ;
#914 = ORIENTED_EDGE ( 'NONE', *, *, #1582, .F. ) ;
#915 = DIRECTION ( 'NONE',  ( 0.4694715627858882523, 0.0000000000000000000, -0.8829475928589283207 ) ) ;
#916 = PERSON_AND_ORGANIZATION_ROLE ( 'design_supplier' ) ;
#917 = DIRECTION ( 'NONE',  ( -0.0000000000000000000, 1.000000000000000000, -0.0000000000000000000 ) ) ;
#918 = DIRECTION ( 'NONE',  ( 0.0000000000000000000, -1.000000000000000000, 0.0000000000000000000 ) ) ;
#919 = EDGE_CURVE ( 'NONE', #1277, #52, #1526, .T. ) ;
#920 = DIRECTION ( 'NONE',  ( 0.0000000000000000000, 0.0000000000000000000, -1.000000000000000000 ) ) ;
#921 = CARTESIAN_POINT ( 'NONE',  ( 44.74333014330325398, 12.85071300456251464, -27.70793882557742904 ) ) ;
#922 = LINE ( 'NONE', #1788, #1578 ) ;
#923 = FACE_OUTER_BOUND ( 'NONE', #1747, .T. ) ;
#924 = CIRCLE ( 'NONE', #1450, 4.924999999999997158 ) ;
#925 = AXIS2_PLACEMENT_3D ( 'NONE', #1399, #1069, #932 ) ;
#926 = CARTESIAN_POINT ( 'NONE',  ( 17.69370175043696136, 7.404063148671876426, 0.07472625165640647826 ) ) ;
#927 = EDGE_LOOP ( 'NONE', ( #982, #519 ) ) ;
#928 = CARTESIAN_POINT ( 'NONE',  ( 45.50836976177677684, 14.10800146973387115, -29.14676908307903958 ) ) ;
#929 = ORIENTED_EDGE ( 'NONE', *, *, #1294, .T. ) ;
#930 = EDGE_CURVE ( 'NONE', #2030, #820, #791, .T. ) ;
#931 = ORIENTED_EDGE ( 'NONE', *, *, #1052, .F. ) ;
#932 = DIRECTION ( 'NONE',  ( -0.8829475928589283207, 0.0000000000000000000, -0.4694715627858881413 ) ) ;
#933 = ORIENTED_EDGE ( 'NONE', *, *, #87, .T. ) ;
#934 = ORIENTED_EDGE ( 'NONE', *, *, #413, .F. ) ;
#935 = AXIS2_PLACEMENT_3D ( 'NONE', #329, #654, #147 ) ;
#936 = CARTESIAN_POINT ( 'NONE',  ( 45.19679818963714268, 9.422350908442547635, -25.59819999684157921 ) ) ;
#937 = ORIENTED_EDGE ( 'NONE', *, *, #1599, .F. ) ;
#938 = EDGE_LOOP ( 'NONE', ( #1463, #237, #1518, #1692, #1640, #829, #1775, #431, #744, #1596 ) ) ;
#939 = EDGE_LOOP ( 'NONE', ( #395, #96, #182, #269, #51, #55 ) ) ;
#940 = CARTESIAN_POINT ( 'NONE',  ( -2.499999999999992450, 16.00000000000000000, -25.00000000000000000 ) ) ;
#941 = CARTESIAN_POINT ( 'NONE',  ( -0.0000000000000000000, 16.00000000000000000, 10.00000000000000000 ) ) ;
#942 = CYLINDRICAL_SURFACE ( 'NONE', #961, 1.849999999999997424 ) ;
#943 = CIRCLE ( 'NONE', #192, 2.850000000000000089 ) ;
#944 = EDGE_CURVE ( 'NONE', #1074, #1133, #1499, .T. ) ;
#945 = LINE ( 'NONE', #1364, #636 ) ;
#946 = LINE ( 'NONE', #1697, #1985 ) ;
#947 = AXIS2_PLACEMENT_3D ( 'NONE', #328, #167, #321 ) ;
#948 = DIRECTION ( 'NONE',  ( 0.0000000000000000000, -1.000000000000000000, 0.0000000000000000000 ) ) ;
#949 = CIRCLE ( 'NONE', #644, 3.050000000000003375 ) ;
#950 = CARTESIAN_POINT ( 'NONE',  ( 27.38078346109336891, 0.0000000000000000000, -25.00000000000000000 ) ) ;
#951 = CARTESIAN_POINT ( 'NONE',  ( 34.49999999999998579, 0.0000000000000000000, -4.500000000000000888 ) ) ;
#952 = DIRECTION ( 'NONE',  ( -0.0000000000000000000, 1.000000000000000000, 0.0000000000000000000 ) ) ;
#953 = DIRECTION ( 'NONE',  ( 0.0000000000000000000, 0.0000000000000000000, 1.000000000000000000 ) ) ;
#954 = ORIENTED_EDGE ( 'NONE', *, *, #144, .T. ) ;
#955 = CARTESIAN_POINT ( 'NONE',  ( -0.5083697617767606314, 14.10800146973389246, 4.146769083079067997 ) ) ;
#956 = EDGE_CURVE ( 'NONE', #133, #1951, #309, .T. ) ;
#957 = VERTEX_POINT ( 'NONE', #904 ) ;
#958 = ORIENTED_EDGE ( 'NONE', *, *, #990, .T. ) ;
#959 = CARTESIAN_POINT ( 'NONE',  ( 14.04951186985399225, 15.85753856901317072, 8.318056671460711371 ) ) ;
#960 = EDGE_LOOP ( 'NONE', ( #272, #755 ) ) ;
#961 = AXIS2_PLACEMENT_3D ( 'NONE', #1221, #579, #407 ) ;
#962 = EDGE_LOOP ( 'NONE', ( #1671, #1035 ) ) ;
#963 = CARTESIAN_POINT ( 'NONE',  ( -0.5083697617767606314, 30.00000000000000000, 4.146769083079067997 ) ) ;
#964 = AXIS2_PLACEMENT_3D ( 'NONE', #1100, #468, #134 ) ;
#965 = COORDINATED_UNIVERSAL_TIME_OFFSET ( 0, 0, .AHEAD. ) ;
#966 = PLANE ( 'NONE',  #788 ) ;
#967 = VECTOR ( 'NONE', #1449, 1000.000000000000000 ) ;
#968 = VECTOR ( 'NONE', #1269, 1000.000000000000000 ) ;
#969 = CARTESIAN_POINT ( 'NONE',  ( 18.26031698982107443, 15.14563497572856932, 5.952574850123114381 ) ) ;
#970 = FACE_OUTER_BOUND ( 'NONE', #268, .T. ) ;
#971 = CIRCLE ( 'NONE', #864, 3.049999999999998046 ) ;
#972 = AXIS2_PLACEMENT_3D ( 'NONE', #609, #310, #123 ) ;
#973 = DIRECTION ( 'NONE',  ( 0.0000000000000000000, 0.0000000000000000000, 1.000000000000000000 ) ) ;
#974 = CARTESIAN_POINT ( 'NONE',  ( 35.00432803617804467, 9.410237260987818431, -25.59321060160892713 ) ) ;
#975 = ORIENTED_EDGE ( 'NONE', *, *, #980, .F. ) ;
#976 = ORIENTED_EDGE ( 'NONE', *, *, #1735, .F. ) ;
#977 = ORIENTED_EDGE ( 'NONE', *, *, #1582, .T. ) ;
#978 = PLANE ( 'NONE',  #1837 ) ;
#979 = ORIENTED_EDGE ( 'NONE', *, *, #919, .F. ) ;
#980 = EDGE_CURVE ( 'NONE', #751, #1133, #945, .T. ) ;
#981 = ORIENTED_EDGE ( 'NONE', *, *, #1611, .F. ) ;
#982 = ORIENTED_EDGE ( 'NONE', *, *, #1636, .F. ) ;
#983 = CARTESIAN_POINT ( 'NONE',  ( 4.000000000000002665, 0.0000000000000000000, -23.34999999999999787 ) ) ;
#984 = CARTESIAN_POINT ( 'NONE',  ( 0.0000000000000000000, 6.000000000000000000, -35.00000000000000000 ) ) ;
#985 = VECTOR ( 'NONE', #1059, 1000.000000000000000 ) ;
#986 = DIRECTION ( 'NONE',  ( 0.0000000000000000000, -1.000000000000000000, 0.0000000000000000000 ) ) ;
#987 = LINE ( 'NONE', #138, #355 ) ;
#988 = LINE ( 'NONE', #1148, #713 ) ;
#989 = DIRECTION ( 'NONE',  ( 0.0000000000000000000, 0.0000000000000000000, -1.000000000000000000 ) ) ;
#990 = EDGE_CURVE ( 'NONE', #782, #189, #686, .T. ) ;
#991 = DIRECTION ( 'NONE',  ( 0.7071067811865425767, 0.0000000000000000000, 0.7071067811865524577 ) ) ;
#992 = FACE_BOUND ( 'NONE', #1972, .T. ) ;
#993 = CARTESIAN_POINT ( 'NONE',  ( -2.499999999999991562, 0.0000000000000000000, -25.00000000000000000 ) ) ;
#994 = VECTOR ( 'NONE', #581, 1000.000000000000000 ) ;
#995 = CARTESIAN_POINT ( 'NONE',  ( 35.15921915785135354, 15.14722808940481613, -30.95610694834467935 ) ) ;
#996 = ORIENTED_EDGE ( 'NONE', *, *, #734, .T. ) ;
#997 = CARTESIAN_POINT ( 'NONE',  ( 28.73823052157697688, 15.75454550261947873, -32.79672186543226786 ) ) ;
#998 = AXIS2_PLACEMENT_3D ( 'NONE', #860, #2004, #842 ) ;
#999 = DIRECTION ( 'NONE',  ( 0.0000000000000000000, 0.0000000000000000000, -1.000000000000000000 ) ) ;
#1000 = CARTESIAN_POINT ( 'NONE',  ( 0.3221316760405707469, 12.60030525547230695, 2.479639216581757122 ) ) ;
#1001 = ORIENTED_EDGE ( 'NONE', *, *, #1925, .F. ) ;
#1002 = CARTESIAN_POINT ( 'NONE',  ( 31.12744614681539090, 15.85753856901317072, -33.31805667146071670 ) ) ;
#1003 = EDGE_LOOP ( 'NONE', ( #856, #344 ) ) ;
#1004 = ORIENTED_EDGE ( 'NONE', *, *, #2106, .F. ) ;
#1005 = ADVANCED_FACE ( 'NONE', ( #1706 ), #1873, .T. ) ;
#1006 = EDGE_CURVE ( 'NONE', #652, #1284, #1119, .T. ) ;
#1007 = CARTESIAN_POINT ( 'NONE',  ( 4.000000000000002665, 0.0000000000000000000, -21.50000000000000000 ) ) ;
#1008 = VERTEX_POINT ( 'NONE', #896 ) ;
#1009 = DIRECTION ( 'NONE',  ( -0.0000000000000000000, -1.000000000000000000, -0.0000000000000000000 ) ) ;
#1010 = CARTESIAN_POINT ( 'NONE',  ( 15.33806178676778487, 9.753765854317542505, -25.72302745760223175 ) ) ;
#1011 = ORIENTED_EDGE ( 'NONE', *, *, #1789, .T. ) ;
#1012 = CARTESIAN_POINT ( 'NONE',  ( 41.00000000000000000, 0.0000000000000000000, -21.49999999999997868 ) ) ;
#1013 = AXIS2_PLACEMENT_3D ( 'NONE', #1940, #2107, #334 ) ;
#1014 = PERSON_AND_ORGANIZATION ( #224, #327 ) ;
#1015 = FACE_OUTER_BOUND ( 'NONE', #1311, .T. ) ;
#1016 = DIRECTION ( 'NONE',  ( 0.0000000000000000000, 0.0000000000000000000, 1.000000000000000000 ) ) ;
#1017 = CARTESIAN_POINT ( 'NONE',  ( 14.98924226215546618, 30.00000000000000000, -25.00000000000000000 ) ) ;
#1018 = ADVANCED_FACE ( 'NONE', ( #467 ), #1377, .F. ) ;
#1019 = VECTOR ( 'NONE', #715, 1000.000000000000000 ) ;
#1020 = CARTESIAN_POINT ( 'NONE',  ( 4.499999999999997335, 30.00000000000000000, -12.50000000000002665 ) ) ;
#1021 = FACE_OUTER_BOUND ( 'NONE', #1939, .T. ) ;
#1022 = VECTOR ( 'NONE', #1009, 1000.000000000000000 ) ;
#1023 = EDGE_CURVE ( 'NONE', #1258, #186, #895, .T. ) ;
#1024 = PLANE ( 'NONE',  #1651 ) ;
#1025 = ORIENTED_EDGE ( 'NONE', *, *, #1379, .T. ) ;
#1026 = DIRECTION ( 'NONE',  ( 0.0000000000000000000, -1.000000000000000000, 0.0000000000000000000 ) ) ;
#1027 = CARTESIAN_POINT ( 'NONE',  ( 29.55600124386389993, 15.82182328513427905, -33.11982450852010373 ) ) ;
#1028 = AXIS2_PLACEMENT_3D ( 'NONE', #1454, #1765, #1937 ) ;
#1029 = EDGE_LOOP ( 'NONE', ( #1639, #1365, #781, #1461, #261, #300 ) ) ;
#1030 = CARTESIAN_POINT ( 'NONE',  ( 10.49999999999999645, 16.00000000000000000, -20.50000000000000000 ) ) ;
#1031 = EDGE_LOOP ( 'NONE', ( #275, #1178, #1257, #480 ) ) ;
#1032 = ORIENTED_EDGE ( 'NONE', *, *, #330, .F. ) ;
#1033 = ORIENTED_EDGE ( 'NONE', *, *, #353, .T. ) ;
#1034 = CARTESIAN_POINT ( 'NONE',  ( 4.000000000000002665, -24.00000000000000000, -19.64999999999999858 ) ) ;
#1035 = ORIENTED_EDGE ( 'NONE', *, *, #1897, .F. ) ;
#1036 = EDGE_CURVE ( 'NONE', #455, #1507, #358, .T. ) ;
#1037 = DIRECTION ( 'NONE',  ( 0.0000000000000000000, 0.0000000000000000000, 1.000000000000000000 ) ) ;
#1038 = DIRECTION ( 'NONE',  ( 0.0000000000000000000, 1.000000000000000000, 0.0000000000000000000 ) ) ;
#1039 = DIRECTION ( 'NONE',  ( 1.000000000000000000, 0.0000000000000000000, 0.0000000000000000000 ) ) ;
#1040 =( GEOMETRIC_REPRESENTATION_CONTEXT ( 3 ) GLOBAL_UNCERTAINTY_ASSIGNED_CONTEXT ( ( #1273 ) ) GLOBAL_UNIT_ASSIGNED_CONTEXT ( ( #1381, #2032, #1868 ) ) REPRESENTATION_CONTEXT ( 'NONE', 'WORKASPACE' ) );
#1041 = CARTESIAN_POINT ( 'NONE',  ( 14.04951186985399225, 15.85753856901317072, 8.318056671460711371 ) ) ;
#1042 = LINE ( 'NONE', #1849, #863 ) ;
#1043 = AXIS2_PLACEMENT_3D ( 'NONE', #1211, #244, #1037 ) ;
#1044 = DIRECTION ( 'NONE',  ( -0.0000000000000000000, 1.000000000000000000, -0.0000000000000000000 ) ) ;
#1045 = CARTESIAN_POINT ( 'NONE',  ( 45.28006578609749511, 13.79803055178260784, -28.71739175387524412 ) ) ;
#1046 = VECTOR ( 'NONE', #783, 1000.000000000000000 ) ;
#1047 = CARTESIAN_POINT ( 'NONE',  ( 30.95048813014599176, 0.0000000000000000000, -23.46805667146069396 ) ) ;
#1048 = FACE_BOUND ( 'NONE', #1260, .T. ) ;
#1049 = B_SPLINE_CURVE_WITH_KNOTS ( 'NONE', 3,
 ( #1041, #75, #450, #1081, #1597, #616, #773, #458, #621, #1411, #436, #1405, #283, #1075, #442, #1564, #1918, #1588, #1757, #779, #124, #1238, #1252, #1421, #1581, #1096, #1896, #610, #2075, #1245, #598, #2061, #297, #1762, #1103, #1259, #276, #1748, #1909, #265 ),
 .UNSPECIFIED., .F., .F.,
 ( 4, 2, 2, 2, 2, 2, 2, 2, 2, 2, 2, 2, 2, 2, 2, 2, 2, 2, 2, 4 ),
 ( 0.01682803188768025940, 0.01735325126524311576, 0.01787847064280597212, 0.01840369002036882848, 0.01892890939793168484, 0.01997934815305740103, 0.02050456753062025739, 0.02102978690818311722, 0.02155500628574597358, 0.02208022566330883341, 0.02313066441843454960, 0.02365588379599740942, 0.02418110317356026578, 0.02523154192868598544, 0.02733241943893742823, 0.02838285819406314789, 0.02943329694918886755, 0.03048373570431458721, 0.03153417445944030340, 0.03363505196969174271 ),
 .UNSPECIFIED. ) ;
#1050 = CARTESIAN_POINT ( 'NONE',  ( 10.49995653145989394, 16.00000000000000000, 10.00000000000000178 ) ) ;
#1051 = ORIENTED_EDGE ( 'NONE', *, *, #887, .T. ) ;
#1052 = EDGE_CURVE ( 'NONE', #452, #446, #1451, .T. ) ;
#1053 = CARTESIAN_POINT ( 'NONE',  ( 4.000000000000002665, -24.00000000000000000, -21.50000000000000000 ) ) ;
#1054 = CARTESIAN_POINT ( 'NONE',  ( 6.514789982093958542, 16.00000000000000000, 7.881049358960319218 ) ) ;
#1055 = EDGE_LOOP ( 'NONE', ( #723, #1818, #326, #341 ) ) ;
#1056 = ADVANCED_FACE ( 'NONE', ( #130 ), #211, .F. ) ;
#1057 = VERTEX_POINT ( 'NONE', #235 ) ;
#1058 = ORIENTED_EDGE ( 'NONE', *, *, #125, .F. ) ;
#1059 = DIRECTION ( 'NONE',  ( -0.0000000000000000000, 1.000000000000000000, -0.0000000000000000000 ) ) ;
#1060 = VERTEX_POINT ( 'NONE', #585 ) ;
#1061 = DIRECTION ( 'NONE',  ( 0.0000000000000000000, 0.0000000000000000000, -1.000000000000000000 ) ) ;
#1062 = EDGE_CURVE ( 'NONE', #1086, #885, #1142, .T. ) ;
#1063 = DIRECTION ( 'NONE',  ( -0.0000000000000000000, 1.000000000000000000, -0.0000000000000000000 ) ) ;
#1064 = APPROVAL ( #1395, 'UNSPECIFIED' ) ;
#1065 = ADVANCED_FACE ( 'NONE', ( #198 ), #412, .F. ) ;
#1066 = CARTESIAN_POINT ( 'NONE',  ( 41.00000000000000000, 16.00000000000000000, -19.64999999999998082 ) ) ;
#1067 = VECTOR ( 'NONE', #1720, 1000.000000000000000 ) ;
#1068 = AXIS2_PLACEMENT_3D ( 'NONE', #873, #95, #2029 ) ;
#1069 = DIRECTION ( 'NONE',  ( 0.4694715627858881413, 0.0000000000000000000, -0.8829475928589283207 ) ) ;
#1070 = LINE ( 'NONE', #1278, #360 ) ;
#1071 = DIRECTION ( 'NONE',  ( 0.7071067811865622277, -0.0000000000000000000, -0.7071067811865328068 ) ) ;
#1072 = FACE_OUTER_BOUND ( 'NONE', #1512, .T. ) ;
#1073 = CARTESIAN_POINT ( 'NONE',  ( 10.49999999999999645, 0.0000000000000000000, -20.50000000000000000 ) ) ;
#1074 = VERTEX_POINT ( 'NONE', #1085 ) ;
#1075 = CARTESIAN_POINT ( 'NONE',  ( 10.56997466945940722, 15.50254757097160230, 6.882814171828218974 ) ) ;
#1076 = CARTESIAN_POINT ( 'NONE',  ( 18.18602208833129907, 9.729485990153298403, 0.7152648347003539575 ) ) ;
#1077 = CARTESIAN_POINT ( 'NONE',  ( 47.49999999999997868, 30.00000000000000000, 0.0000000000000000000 ) ) ;
#1078 = ORIENTED_EDGE ( 'NONE', *, *, #1139, .F. ) ;
#1079 = VERTEX_POINT ( 'NONE', #451 ) ;
#1080 = EDGE_LOOP ( 'NONE', ( #2060, #1422 ) ) ;
#1081 = CARTESIAN_POINT ( 'NONE',  ( 13.34278098333123275, 15.84928699338838598, 8.270283435249000448 ) ) ;
#1082 = AXIS2_PLACEMENT_3D ( 'NONE', #1214, #1716, #1733 ) ;
#1083 = EDGE_LOOP ( 'NONE', ( #209, #457, #979, #1823 ) ) ;
#1084 = ORIENTED_EDGE ( 'NONE', *, *, #136, .T. ) ;
#1085 = CARTESIAN_POINT ( 'NONE',  ( 4.000000000000002665, 30.00000000000000000, -19.64999999999999858 ) ) ;
#1086 = VERTEX_POINT ( 'NONE', #606 ) ;
#1087 = CARTESIAN_POINT ( 'NONE',  ( 23.43467994030353907, 16.00000000000000000, -40.88355815272627325 ) ) ;
#1088 = DIRECTION ( 'NONE',  ( 0.0000000000000000000, 1.000000000000000000, 0.0000000000000000000 ) ) ;
#1089 = PERSON_AND_ORGANIZATION ( #224, #327 ) ;
#1090 = EDGE_CURVE ( 'NONE', #266, #2062, #1761, .T. ) ;
#1091 = VECTOR ( 'NONE', #1204, 1000.000000000000000 ) ;
#1092 = CARTESIAN_POINT ( 'NONE',  ( 18.66767478970016825, 11.54168577202722368, 1.668736381229192434 ) ) ;
#1093 = DIRECTION ( 'NONE',  ( 0.8829475928589283207, -0.0000000000000000000, 0.4694715627858882523 ) ) ;
#1094 = FACE_OUTER_BOUND ( 'NONE', #803, .T. ) ;
#1095 = LINE ( 'NONE', #1225, #253 ) ;
#1096 = CARTESIAN_POINT ( 'NONE',  ( 9.132377425355596046, 13.84681665440314546, 3.791133231472579634 ) ) ;
#1097 = FACE_BOUND ( 'NONE', #960, .T. ) ;
#1098 = CARTESIAN_POINT ( 'NONE',  ( 18.62643770459641956, 14.79990156410474889, 5.237870927771798080 ) ) ;
#1099 = ORIENTED_EDGE ( 'NONE', *, *, #562, .T. ) ;
#1100 = CARTESIAN_POINT ( 'NONE',  ( 4.000000000000002665, 0.0000000000000000000, -3.500000000000003109 ) ) ;
#1101 = ORIENTED_EDGE ( 'NONE', *, *, #113, .F. ) ;
#1102 = DIRECTION ( 'NONE',  ( 0.0000000000000000000, 0.0000000000000000000, -1.000000000000000000 ) ) ;
#1103 = CARTESIAN_POINT ( 'NONE',  ( 9.995671963821967765, 9.410237260987823760, 0.5932106016089218059 ) ) ;
#1104 = EDGE_CURVE ( 'NONE', #319, #774, #839, .T. ) ;
#1105 = ORIENTED_EDGE ( 'NONE', *, *, #1789, .F. ) ;
#1106 = AXIS2_PLACEMENT_3D ( 'NONE', #1192, #546, #884 ) ;
#1107 = CARTESIAN_POINT ( 'NONE',  ( 27.38078346109336536, 6.710776126964730359, -24.99999999999999645 ) ) ;
#1108 = VERTEX_POINT ( 'NONE', #1568 ) ;
#1109 = VERTEX_POINT ( 'NONE', #1736 ) ;
#1110 = CARTESIAN_POINT ( 'NONE',  ( -0.5083697617767606314, 16.00000000000000000, 4.146769083079067997 ) ) ;
#1111 = AXIS2_PLACEMENT_3D ( 'NONE', #951, #1276, #2097 ) ;
#1112 = CARTESIAN_POINT ( 'NONE',  ( 15.94310261218313407, 15.78640623579778079, 7.942855015105571681 ) ) ;
#1113 = CARTESIAN_POINT ( 'NONE',  ( 45.50836976177677684, 30.00000000000000000, -29.14676908307903958 ) ) ;
#1114 = DATE_AND_TIME ( #1673, #657 ) ;
#1115 = EDGE_CURVE ( 'NONE', #1721, #1251, #1095, .T. ) ;
#1116 = DIRECTION ( 'NONE',  ( -0.0000000000000000000, -1.000000000000000000, -0.0000000000000000000 ) ) ;
#1117 =( BOUNDED_CURVE ( )  B_SPLINE_CURVE ( 3, ( #2026, #583, #1054, #1050 ),
 .UNSPECIFIED., .F., .T. ) 
 B_SPLINE_CURVE_WITH_KNOTS ( ( 4, 4 ),
 ( 4.087110494917887138, 4.712388980384689674 ),
 .UNSPECIFIED. ) 
 CURVE ( )  GEOMETRIC_REPRESENTATION_ITEM ( )  RATIONAL_B_SPLINE_CURVE ( ( 1.000000000000000000, 0.9676834201629542775, 0.9676834201629542775, 1.000000000000000000 ) ) 
 REPRESENTATION_ITEM ( '' )  );
#1118 = FACE_OUTER_BOUND ( 'NONE', #1003, .T. ) ;
#1119 = CIRCLE ( 'NONE', #2063, 4.924999999999997158 ) ;
#1120 = FACE_OUTER_BOUND ( 'NONE', #532, .T. ) ;
#1121 = AXIS2_PLACEMENT_3D ( 'NONE', #425, #1877, #1061 ) ;
#1122 = DIRECTION ( 'NONE',  ( 0.0000000000000000000, 1.000000000000000000, 0.0000000000000000000 ) ) ;
#1123 = FACE_BOUND ( 'NONE', #1516, .T. ) ;
#1124 = DIRECTION ( 'NONE',  ( 0.0000000000000000000, 1.000000000000000000, 0.0000000000000000000 ) ) ;
#1125 = VERTEX_POINT ( 'NONE', #912 ) ;
#1126 = CARTESIAN_POINT ( 'NONE',  ( -2.499999999999992450, 16.00000000000000000, -25.00000000000000000 ) ) ;
#1127 = VERTEX_POINT ( 'NONE', #260 ) ;
#1128 = EDGE_CURVE ( 'NONE', #1672, #186, #1323, .T. ) ;
#1129 = ORIENTED_EDGE ( 'NONE', *, *, #1436, .T. ) ;
#1130 = ORIENTED_EDGE ( 'NONE', *, *, #930, .F. ) ;
#1131 = CARTESIAN_POINT ( 'NONE',  ( 34.59461072584971220, 7.403442948158833303, -25.07466189504497578 ) ) ;
#1132 = ORIENTED_EDGE ( 'NONE', *, *, #1391, .T. ) ;
#1133 = VERTEX_POINT ( 'NONE', #120 ) ;
#1134 = ORIENTED_EDGE ( 'NONE', *, *, #246, .F. ) ;
#1135 = CARTESIAN_POINT ( 'NONE',  ( 10.49995653145989394, 16.00000000000000000, 10.00000000000000178 ) ) ;
#1136 = ORIENTED_EDGE ( 'NONE', *, *, #1363, .T. ) ;
#1137 = CARTESIAN_POINT ( 'NONE',  ( 35.71531608755824294, 14.44888670026429445, -29.64775312837466714 ) ) ;
#1138 = VECTOR ( 'NONE', #869, 1000.000000000000000 ) ;
#1139 = EDGE_CURVE ( 'NONE', #1341, #135, #2098, .T. ) ;
#1140 = FACE_OUTER_BOUND ( 'NONE', #1876, .T. ) ;
#1141 = CARTESIAN_POINT ( 'NONE',  ( 4.000000000000002665, 16.00000000000000000, -3.500000000000003109 ) ) ;
#1142 = CIRCLE ( 'NONE', #94, 4.924999999999998934 ) ;
#1143 = CARTESIAN_POINT ( 'NONE',  ( 32.34299743381868808, 15.82192949690911732, -33.12038744740706164 ) ) ;
#1144 = FACE_OUTER_BOUND ( 'NONE', #1255, .T. ) ;
#1145 = VECTOR ( 'NONE', #1116, 1000.000000000000000 ) ;
#1146 = CARTESIAN_POINT ( 'NONE',  ( 31.21247897589966058, 16.00000000000000000, 2.000000000000000000 ) ) ;
#1147 = CARTESIAN_POINT ( 'NONE',  ( 0.3797112617087462505, 12.06441317111464606, 2.041184216970370446 ) ) ;
#1148 = CARTESIAN_POINT ( 'NONE',  ( -0.5083697617767606314, 30.00000000000000000, 4.146769083079067997 ) ) ;
#1149 = DIRECTION ( 'NONE',  ( 0.0000000000000000000, -0.0000000000000000000, -1.000000000000000000 ) ) ;
#1150 = ORIENTED_EDGE ( 'NONE', *, *, #1712, .T. ) ;
#1151 = CARTESIAN_POINT ( 'NONE',  ( 22.49999999999999289, 0.0000000000000000000, -7.575000000000002842 ) ) ;
#1152 = EDGE_LOOP ( 'NONE', ( #2066, #704, #1288, #622 ) ) ;
#1153 = EDGE_LOOP ( 'NONE', ( #2051, #910, #1594, #1899, #2003 ) ) ;
#1154 = EDGE_CURVE ( 'NONE', #1279, #1870, #1522, .T. ) ;
#1155 = ORIENTED_EDGE ( 'NONE', *, *, #1897, .T. ) ;
#1156 = CARTESIAN_POINT ( 'NONE',  ( 31.83070751495095507, 15.84432141345662082, -33.24193658152613295 ) ) ;
#1157 = EDGE_LOOP ( 'NONE', ( #807, #2059 ) ) ;
#1158 = AXIS2_PLACEMENT_3D ( 'NONE', #1684, #1698, #1359 ) ;
#1159 = CARTESIAN_POINT ( 'NONE',  ( 26.89628178753275733, 9.411702376588552355, -25.59373636132511365 ) ) ;
#1160 = CARTESIAN_POINT ( 'NONE',  ( 34.52019279919862527, 0.0000000000000000000, -25.00000000000000000 ) ) ;
#1161 = DIRECTION ( 'NONE',  ( -1.000000000000000000, 0.0000000000000000000, 0.0000000000000000000 ) ) ;
#1162 = CARTESIAN_POINT ( 'NONE',  ( 29.44658379018180483, 10.48277768775042063, 1.061056874428220276 ) ) ;
#1163 = VECTOR ( 'NONE', #799, 1000.000000000000000 ) ;
#1164 = LINE ( 'NONE', #459, #967 ) ;
#1165 = CARTESIAN_POINT ( 'NONE',  ( 48.00000000000000000, 0.0000000000000000000, -24.50000000000000000 ) ) ;
#1166 = EDGE_CURVE ( 'NONE', #1749, #452, #1654, .T. ) ;
#1167 = DIRECTION ( 'NONE',  ( 0.0000000000000000000, 1.000000000000000000, 0.0000000000000000000 ) ) ;
#1168 = DIRECTION ( 'NONE',  ( 0.0000000000000000000, 0.0000000000000000000, 1.000000000000000000 ) ) ;
#1169 = CYLINDRICAL_SURFACE ( 'NONE', #1953, 2.000000000000001776 ) ;
#1170 = CC_DESIGN_APPROVAL ( #1064, ( #460 ) ) ;
#1171 = CARTESIAN_POINT ( 'NONE',  ( 26.76083245918351494, 16.00000000000000355, 6.112220481975850106 ) ) ;
#1172 = EDGE_LOOP ( 'NONE', ( #1417, #16, #497, #48, #854, #1774 ) ) ;
#1173 = ADVANCED_FACE ( 'NONE', ( #1983 ), #665, .F. ) ;
#1174 = DIRECTION ( 'NONE',  ( 0.0000000000000000000, 0.0000000000000000000, -1.000000000000000000 ) ) ;
#1175 = AXIS2_PLACEMENT_3D ( 'NONE', #219, #1866, #549 ) ;
#1176 = CARTESIAN_POINT ( 'NONE',  ( 46.63205249408246544, 6.000000000000000000, -25.00000000000000000 ) ) ;
#1177 = DIRECTION ( 'NONE',  ( 0.0000000000000000000, 1.000000000000000000, 0.0000000000000000000 ) ) ;
#1178 = ORIENTED_EDGE ( 'NONE', *, *, #831, .F. ) ;
#1179 = ORIENTED_EDGE ( 'NONE', *, *, #1965, .T. ) ;
#1180 = EDGE_CURVE ( 'NONE', #135, #165, #1164, .T. ) ;
#1181 = CARTESIAN_POINT ( 'NONE',  ( 27.71480853821772783, 15.57949997058684133, -32.12240883621175414 ) ) ;
#1182 = ORIENTED_EDGE ( 'NONE', *, *, #1240, .T. ) ;
#1183 = EDGE_LOOP ( 'NONE', ( #396, #273, #1132, #580 ) ) ;
#1184 = CARTESIAN_POINT ( 'NONE',  ( 47.49999999999997868, 0.0000000000000000000, 0.0000000000000000000 ) ) ;
#1185 = DIRECTION ( 'NONE',  ( -1.000000000000000000, 0.0000000000000000000, 0.0000000000000000000 ) ) ;
#1186 = ORIENTED_EDGE ( 'NONE', *, *, #1379, .F. ) ;
#1187 = ADVANCED_FACE ( 'NONE', ( #1606 ), #810, .T. ) ;
#1188 = CARTESIAN_POINT ( 'NONE',  ( 45.50836976177677684, 30.00000000000000000, -29.14676908307903958 ) ) ;
#1189 = AXIS2_PLACEMENT_3D ( 'NONE', #1464, #1948, #1801 ) ;
#1190 = CALENDAR_DATE ( 2019, 12, 12 ) ;
#1191 = LINE ( 'NONE', #1368, #1781 ) ;
#1192 = CARTESIAN_POINT ( 'NONE',  ( 4.499999999999997335, 0.0000000000000000000, -12.50000000000002665 ) ) ;
#1193 = CIRCLE ( 'NONE', #690, 4.924999999999998934 ) ;
#1194 = CARTESIAN_POINT ( 'NONE',  ( 30.95048813014599176, 30.00000000000000000, -33.31805667146070249 ) ) ;
#1195 = FACE_BOUND ( 'NONE', #423, .T. ) ;
#1196 = FACE_OUTER_BOUND ( 'NONE', #1029, .T. ) ;
#1197 = EDGE_CURVE ( 'NONE', #133, #1125, #174, .T. ) ;
#1198 = DIRECTION ( 'NONE',  ( -0.0000000000000000000, -1.000000000000000000, -0.0000000000000000000 ) ) ;
#1199 = CARTESIAN_POINT ( 'NONE',  ( -2.999999999999999556, 0.0000000000000000000, -24.49999999999999289 ) ) ;
#1200 = LINE ( 'NONE', #1580, #1145 ) ;
#1201 = CARTESIAN_POINT ( 'NONE',  ( 10.47980720080140138, 6.000000000000000000, 0.0000000000000000000 ) ) ;
#1202 = DIRECTION ( 'NONE',  ( 1.040834085586084257E-16, 0.0000000000000000000, 1.000000000000000000 ) ) ;
#1203 = ORIENTED_EDGE ( 'NONE', *, *, #2083, .T. ) ;
#1204 = DIRECTION ( 'NONE',  ( 0.0000000000000000000, 1.000000000000000000, 0.0000000000000000000 ) ) ;
#1205 = EDGE_LOOP ( 'NONE', ( #2087, #1207, #74, #484 ) ) ;
#1206 = ORIENTED_EDGE ( 'NONE', *, *, #655, .T. ) ;
#1207 = ORIENTED_EDGE ( 'NONE', *, *, #368, .T. ) ;
#1208 = DIRECTION ( 'NONE',  ( 0.0000000000000000000, 0.0000000000000000000, 1.000000000000000000 ) ) ;
#1209 = ORIENTED_EDGE ( 'NONE', *, *, #903, .F. ) ;
#1210 = EDGE_CURVE ( 'NONE', #652, #212, #736, .T. ) ;
#1211 = CARTESIAN_POINT ( 'NONE',  ( 41.00000000000000000, -24.00000000000000000, -21.49999999999997868 ) ) ;
#1212 = CARTESIAN_POINT ( 'NONE',  ( 22.49999999999999289, 0.0000000000000000000, -12.50000000000000000 ) ) ;
#1213 = CC_DESIGN_APPROVAL ( #2025, ( #1370 ) ) ;
#1214 = CARTESIAN_POINT ( 'NONE',  ( 10.49999999999999645, 30.00000000000000000, -20.50000000000000000 ) ) ;
#1215 = CARTESIAN_POINT ( 'NONE',  ( -2.999999999999996891, 0.0000000000000000000, -0.5000000000000073275 ) ) ;
#1216 = AXIS2_PLACEMENT_3D ( 'NONE', #1714, #1744, #2079 ) ;
#1217 = VECTOR ( 'NONE', #1266, 1000.000000000000000 ) ;
#1218 = DIRECTION ( 'NONE',  ( 0.4694715627858888074, -0.0000000000000000000, -0.8829475928589279876 ) ) ;
#1219 = CARTESIAN_POINT ( 'NONE',  ( 34.49999999999998579, 30.00000000000000000, -23.54999999999999716 ) ) ;
#1220 = VECTOR ( 'NONE', #475, 1000.000000000000000 ) ;
#1221 = CARTESIAN_POINT ( 'NONE',  ( 40.99999999999998579, -24.00000000000000000, -3.499999999999982236 ) ) ;
#1222 = DIRECTION ( 'NONE',  ( 0.0000000000000000000, 0.0000000000000000000, 1.000000000000000000 ) ) ;
#1223 = EDGE_CURVE ( 'NONE', #555, #760, #1550, .T. ) ;
#1224 = ORIENTED_EDGE ( 'NONE', *, *, #2036, .T. ) ;
#1225 = CARTESIAN_POINT ( 'NONE',  ( 34.49999999999998579, 16.00000000000000000, -7.549999999999998934 ) ) ;
#1226 = SECURITY_CLASSIFICATION_LEVEL ( 'unclassified' ) ;
#1227 = DIRECTION ( 'NONE',  ( -0.0000000000000000000, -0.0000000000000000000, -1.000000000000000000 ) ) ;
#1228 = AXIS2_PLACEMENT_3D ( 'NONE', #1555, #589, #725 ) ;
#1229 = CARTESIAN_POINT ( 'NONE',  ( 22.49999999999999289, 30.00000000000000000, -12.50000000000000000 ) ) ;
#1230 = ORIENTED_EDGE ( 'NONE', *, *, #1647, .F. ) ;
#1231 = ORIENTED_EDGE ( 'NONE', *, *, #1872, .F. ) ;
#1232 = DIRECTION ( 'NONE',  ( 1.000000000000000000, 0.0000000000000000000, 0.0000000000000000000 ) ) ;
#1233 = APPLICATION_PROTOCOL_DEFINITION ( 'international standard', 'config_control_design', 1994, #2039 ) ;
#1234 = VERTEX_POINT ( 'NONE', #7 ) ;
#1235 = ORIENTED_EDGE ( 'NONE', *, *, #136, .F. ) ;
#1236 = ADVANCED_FACE ( 'NONE', ( #1783 ), #966, .F. ) ;
#1237 = CARTESIAN_POINT ( 'NONE',  ( 4.499999999999997335, 0.0000000000000000000, -15.35000000000002629 ) ) ;
#1238 = CARTESIAN_POINT ( 'NONE',  ( 9.325875326136310761, 14.54058599966223930, 4.795457407704622810 ) ) ;
#1239 = ORIENTED_EDGE ( 'NONE', *, *, #380, .F. ) ;
#1240 = EDGE_CURVE ( 'NONE', #1234, #347, #1401, .T. ) ;
#1241 = DATE_AND_TIME ( #631, #1954 ) ;
#1242 = DIRECTION ( 'NONE',  ( -0.0000000000000000000, -1.000000000000000000, -0.0000000000000000000 ) ) ;
#1243 = CARTESIAN_POINT ( 'NONE',  ( 0.0000000000000000000, 0.0000000000000000000, 0.0000000000000000000 ) ) ;
#1244 = DIRECTION ( 'NONE',  ( 0.0000000000000000000, 1.000000000000000000, 0.0000000000000000000 ) ) ;
#1245 = CARTESIAN_POINT ( 'NONE',  ( 9.431997791075026782, 11.53909196761209088, 1.667016208952238232 ) ) ;
#1246 = LINE ( 'NONE', #1529, #440 ) ;
#1247 = AXIS2_PLACEMENT_3D ( 'NONE', #1850, #1026, #375 ) ;
#1248 = FACE_OUTER_BOUND ( 'NONE', #650, .T. ) ;
#1249 = CARTESIAN_POINT ( 'NONE',  ( 45.67720773624778019, 8.186117025514569434, -25.23674254311266196 ) ) ;
#1250 = FACE_OUTER_BOUND ( 'NONE', #1797, .T. ) ;
#1251 = VERTEX_POINT ( 'NONE', #1591 ) ;
#1252 = CARTESIAN_POINT ( 'NONE',  ( 9.284683912441760612, 14.44888670026428912, 4.647753128374656484 ) ) ;
#1253 = EDGE_CURVE ( 'NONE', #1251, #1462, #1839, .T. ) ;
#1254 = DIRECTION ( 'NONE',  ( 0.8829475928589283207, -0.0000000000000000000, 0.4694715627858881413 ) ) ;
#1255 = EDGE_LOOP ( 'NONE', ( #850, #1388, #931, #376 ) ) ;
#1256 = AXIS2_PLACEMENT_3D ( 'NONE', #1635, #825, #689 ) ;
#1257 = ORIENTED_EDGE ( 'NONE', *, *, #1115, .T. ) ;
#1258 = VERTEX_POINT ( 'NONE', #1759 ) ;
#1259 = CARTESIAN_POINT ( 'NONE',  ( 10.15010496919538419, 8.758358893200416162, 0.3818473094770066800 ) ) ;
#1260 = EDGE_LOOP ( 'NONE', ( #296, #1437 ) ) ;
#1261 = ORIENTED_EDGE ( 'NONE', *, *, #3, .T. ) ;
#1262 = CARTESIAN_POINT ( 'NONE',  ( 0.0000000000000000000, 0.0000000000000000000, 0.0000000000000000000 ) ) ;
#1263 = VERTEX_POINT ( 'NONE', #1920 ) ;
#1264 = ORIENTED_EDGE ( 'NONE', *, *, #1976, .T. ) ;
#1265 = CARTESIAN_POINT ( 'NONE',  ( 4.000000000000002665, -24.00000000000000000, -21.50000000000000000 ) ) ;
#1266 = DIRECTION ( 'NONE',  ( 0.0000000000000000000, -1.000000000000000000, 0.0000000000000000000 ) ) ;
#1267 = EDGE_CURVE ( 'NONE', #446, #319, #988, .T. ) ;
#1268 = CARTESIAN_POINT ( 'NONE',  ( 15.27153528695010998, 15.83070260109778182, 8.167310500352353841 ) ) ;
#1269 = DIRECTION ( 'NONE',  ( -1.000000000000000000, -0.0000000000000000000, -0.0000000000000000000 ) ) ;
#1270 = AXIS2_PLACEMENT_3D ( 'NONE', #861, #1167, #1016 ) ;
#1271 = VECTOR ( 'NONE', #1218, 1000.000000000000000 ) ;
#1272 = CARTESIAN_POINT ( 'NONE',  ( 34.49999999999998579, 30.00000000000000000, -20.50000000000000000 ) ) ;
#1273 = UNCERTAINTY_MEASURE_WITH_UNIT (LENGTH_MEASURE( 1.000000000000000082E-05 ), #1381, 'distance_accuracy_value', 'NONE');
#1274 = DIRECTION ( 'NONE',  ( 0.0000000000000000000, 0.0000000000000000000, 1.000000000000000000 ) ) ;
#1275 = CIRCLE ( 'NONE', #1919, 3.049999999999998046 ) ;
#1276 = DIRECTION ( 'NONE',  ( 0.0000000000000000000, 1.000000000000000000, -0.0000000000000000000 ) ) ;
#1277 = VERTEX_POINT ( 'NONE', #1926 ) ;
#1278 = CARTESIAN_POINT ( 'NONE',  ( -1.632052494082438354, 30.00000000000000000, 0.0000000000000000000 ) ) ;
#1279 = VERTEX_POINT ( 'NONE', #506 ) ;
#1280 = CARTESIAN_POINT ( 'NONE',  ( 34.49999999999998579, 16.00000000000000000, -1.450000000000002398 ) ) ;
#1281 = CARTESIAN_POINT ( 'NONE',  ( -0.2800657860974835600, 13.79803055178262383, 3.717391753875263660 ) ) ;
#1282 = EDGE_CURVE ( 'NONE', #72, #345, #287, .T. ) ;
#1283 = CARTESIAN_POINT ( 'NONE',  ( 16.71864945644390232, 15.69206658377447461, 7.535779104724985800 ) ) ;
#1284 = VERTEX_POINT ( 'NONE', #1803 ) ;
#1285 = PRODUCT_RELATED_PRODUCT_CATEGORY ( 'detail', '', ( #718 ) ) ;
#1286 = ORIENTED_EDGE ( 'NONE', *, *, #1947, .T. ) ;
#1287 = EDGE_LOOP ( 'NONE', ( #1637, #623, #1851, #1331 ) ) ;
#1288 = ORIENTED_EDGE ( 'NONE', *, *, #316, .T. ) ;
#1289 = DIRECTION ( 'NONE',  ( -0.0000000000000000000, -1.000000000000000000, -0.0000000000000000000 ) ) ;
#1290 = AXIS2_PLACEMENT_3D ( 'NONE', #278, #430, #761 ) ;
#1291 = ORIENTED_EDGE ( 'NONE', *, *, #1688, .F. ) ;
#1292 = ORIENTED_EDGE ( 'NONE', *, *, #64, .F. ) ;
#1293 = CARTESIAN_POINT ( 'NONE',  ( 17.97871265000786423, 15.31796442843983819, 6.367156169614126782 ) ) ;
#1294 = EDGE_CURVE ( 'NONE', #1827, #605, #1865, .T. ) ;
#1295 = DIRECTION ( 'NONE',  ( 0.0000000000000000000, 1.000000000000000000, 0.0000000000000000000 ) ) ;
#1296 = DIRECTION ( 'NONE',  ( -1.000000000000000000, 0.0000000000000000000, -0.0000000000000000000 ) ) ;
#1297 = LINE ( 'NONE', #1199, #710 ) ;
#1298 = CARTESIAN_POINT ( 'NONE',  ( 10.49999999999999645, 16.00000000000000000, -4.500000000000000888 ) ) ;
#1299 = LINE ( 'NONE', #1458, #659 ) ;
#1300 = FACE_BOUND ( 'NONE', #1645, .T. ) ;
#1301 = AXIS2_PLACEMENT_3D ( 'NONE', #1457, #1624, #37 ) ;
#1302 = CARTESIAN_POINT ( 'NONE',  ( 10.49999999999999645, 30.00000000000000000, -4.500000000000000888 ) ) ;
#1303 = CARTESIAN_POINT ( 'NONE',  ( 40.99999999999998579, 30.00000000000000000, -1.649999999999984812 ) ) ;
#1304 = CIRCLE ( 'NONE', #972, 1.850000000000000977 ) ;
#1305 = CARTESIAN_POINT ( 'NONE',  ( 40.99999999999998579, 0.0000000000000000000, -3.499999999999982236 ) ) ;
#1306 = ADVANCED_FACE ( 'NONE', ( #153 ), #566, .F. ) ;
#1307 = EDGE_LOOP ( 'NONE', ( #1992, #322 ) ) ;
#1308 = CARTESIAN_POINT ( 'NONE',  ( 4.000000000000002665, 30.00000000000000000, -21.50000000000000000 ) ) ;
#1309 = CARTESIAN_POINT ( 'NONE',  ( 13.78752102410034297, 6.000000000000000000, -25.00000000000000000 ) ) ;
#1310 = EDGE_CURVE ( 'NONE', #24, #111, #1811, .T. ) ;
#1311 = EDGE_LOOP ( 'NONE', ( #1537, #858, #1927, #18 ) ) ;
#1312 = CARTESIAN_POINT ( 'NONE',  ( 30.95048813014600597, 15.85753856901317072, -33.31805667146070959 ) ) ;
#1313 = ORIENTED_EDGE ( 'NONE', *, *, #1567, .F. ) ;
#1314 = EDGE_LOOP ( 'NONE', ( #1874, #1415 ) ) ;
#1315 = EDGE_LOOP ( 'NONE', ( #975, #454, #1795, #1642 ) ) ;
#1316 = DIRECTION ( 'NONE',  ( -0.0000000000000000000, -0.0000000000000000000, -1.000000000000000000 ) ) ;
#1317 = CARTESIAN_POINT ( 'NONE',  ( 33.32374263758750033, 15.73844204181309614, -32.72286997627724503 ) ) ;
#1318 = CARTESIAN_POINT ( 'NONE',  ( 26.37356229540358044, 14.79990156410474889, -30.23787092777180519 ) ) ;
#1319 = EDGE_CURVE ( 'NONE', #1440, #1108, #83, .T. ) ;
#1320 = FACE_OUTER_BOUND ( 'NONE', #1172, .T. ) ;
#1321 = DIRECTION ( 'NONE',  ( 0.0000000000000000000, 0.0000000000000000000, -1.000000000000000000 ) ) ;
#1322 = CARTESIAN_POINT ( 'NONE',  ( 22.49999999999999289, 30.00000000000000000, -12.50000000000000000 ) ) ;
#1323 = LINE ( 'NONE', #941, #1067 ) ;
#1324 = AXIS2_PLACEMENT_3D ( 'NONE', #1664, #340, #1643 ) ;
#1325 = CARTESIAN_POINT ( 'NONE',  ( 35.67412467386369457, 14.54058599966223753, -29.79545740770462459 ) ) ;
#1326 = FACE_BOUND ( 'NONE', #1080, .T. ) ;
#1327 = CARTESIAN_POINT ( 'NONE',  ( 27.12720253336671306, 15.36933702187964812, -31.50226587085223784 ) ) ;
#1328 = FACE_OUTER_BOUND ( 'NONE', #1055, .T. ) ;
#1329 = DIRECTION ( 'NONE',  ( 0.0000000000000000000, -1.000000000000000000, 0.0000000000000000000 ) ) ;
#1330 = CARTESIAN_POINT ( 'NONE',  ( -1.632052494082438354, 6.000000000000000000, 0.0000000000000000000 ) ) ;
#1331 = ORIENTED_EDGE ( 'NONE', *, *, #242, .T. ) ;
#1332 = CARTESIAN_POINT ( 'NONE',  ( 40.50000000000000000, -26.00000000000002132, -12.50000000000000533 ) ) ;
#1333 = EDGE_CURVE ( 'NONE', #1386, #24, #226, .T. ) ;
#1334 = CARTESIAN_POINT ( 'NONE',  ( 26.11897957282559091, 14.25930159725118429, -29.35961325724674609 ) ) ;
#1335 = EDGE_LOOP ( 'NONE', ( #776, #624, #69, #1824 ) ) ;
#1336 = EDGE_LOOP ( 'NONE', ( #553, #1340, #1556, #1949 ) ) ;
#1337 = CARTESIAN_POINT ( 'NONE',  ( 14.12733898532526311, 6.759822850023589069, -25.02162452009583760 ) ) ;
#1338 = VERTEX_POINT ( 'NONE', #1958 ) ;
#1339 = ADVANCED_FACE ( 'NONE', ( #466 ), #1350, .F. ) ;
#1340 = ORIENTED_EDGE ( 'NONE', *, *, #159, .T. ) ;
#1341 = VERTEX_POINT ( 'NONE', #708 ) ;
#1342 = CARTESIAN_POINT ( 'NONE',  ( 28.51991786616704516, 13.95804168738850670, 2.803862002257399677 ) ) ;
#1343 = ORIENTED_EDGE ( 'NONE', *, *, #1735, .T. ) ;
#1344 = AXIS2_PLACEMENT_3D ( 'NONE', #1308, #501, #1634 ) ;
#1345 = DIRECTION ( 'NONE',  ( 0.8829475928589283207, -0.0000000000000000000, 0.4694715627858881413 ) ) ;
#1346 = DIRECTION ( 'NONE',  ( 0.0000000000000000000, -1.000000000000000000, 0.0000000000000000000 ) ) ;
#1347 = DATE_AND_TIME ( #1836, #405 ) ;
#1348 = PLANE ( 'NONE',  #1247 ) ;
#1349 = ADVANCED_FACE ( 'NONE', ( #1118 ), #1348, .T. ) ;
#1350 = CYLINDRICAL_SURFACE ( 'NONE', #1696, 2.850000000000000089 ) ;
#1351 = CARTESIAN_POINT ( 'NONE',  ( 22.49999999999999289, 30.00000000000000000, -7.575000000000002842 ) ) ;
#1352 = EDGE_CURVE ( 'NONE', #2062, #266, #1959, .T. ) ;
#1353 = VECTOR ( 'NONE', #1242, 1000.000000000000000 ) ;
#1354 = CARTESIAN_POINT ( 'NONE',  ( 41.00000000000000000, 16.00000000000000000, -23.34999999999997655 ) ) ;
#1355 = CYLINDRICAL_SURFACE ( 'NONE', #833, 2.000000000000000000 ) ;
#1356 = CARTESIAN_POINT ( 'NONE',  ( 40.99999999999998579, 0.0000000000000000000, -1.649999999999984812 ) ) ;
#1357 = LINE ( 'NONE', #901, #1741 ) ;
#1358 = AXIS2_PLACEMENT_3D ( 'NONE', #1543, #1703, #1202 ) ;
#1359 = DIRECTION ( 'NONE',  ( 0.0000000000000000000, 0.0000000000000000000, 1.000000000000000000 ) ) ;
#1360 = DIRECTION ( 'NONE',  ( 0.0000000000000000000, 0.0000000000000000000, 1.000000000000000000 ) ) ;
#1361 = ORIENTED_EDGE ( 'NONE', *, *, #2042, .T. ) ;
#1362 = ORIENTED_EDGE ( 'NONE', *, *, #1282, .T. ) ;
#1363 = EDGE_CURVE ( 'NONE', #530, #1389, #943, .T. ) ;
#1364 = CARTESIAN_POINT ( 'NONE',  ( 4.000000000000002665, -24.00000000000000000, -23.34999999999999787 ) ) ;
#1365 = ORIENTED_EDGE ( 'NONE', *, *, #398, .T. ) ;
#1366 = EDGE_LOOP ( 'NONE', ( #1393, #20, #601, #1224, #164, #1975 ) ) ;
#1367 = DIRECTION ( 'NONE',  ( 0.0000000000000000000, 0.0000000000000000000, 1.000000000000000000 ) ) ;
#1368 = CARTESIAN_POINT ( 'NONE',  ( -0.5083697617767606314, 30.00000000000000000, 4.146769083079067997 ) ) ;
#1369 = ORIENTED_EDGE ( 'NONE', *, *, #1599, .T. ) ;
#1370 = PRODUCT_DEFINITION ( 'UNKNOWN', '', #1613, #891 ) ;
#1371 = ORIENTED_EDGE ( 'NONE', *, *, #1763, .F. ) ;
#1372 = CARTESIAN_POINT ( 'NONE',  ( 29.54361357907074392, 10.11888804480632942, 0.8785703825378389231 ) ) ;
#1373 = AXIS2_PLACEMENT_3D ( 'NONE', #1600, #1777, #318 ) ;
#1374 = FACE_OUTER_BOUND ( 'NONE', #1183, .T. ) ;
#1375 = LINE ( 'NONE', #1734, #735 ) ;
#1376 = DIRECTION ( 'NONE',  ( 0.0000000000000000000, -1.000000000000000000, 0.0000000000000000000 ) ) ;
#1377 = CYLINDRICAL_SURFACE ( 'NONE', #1043, 1.849999999999997424 ) ;
#1378 = FACE_OUTER_BOUND ( 'NONE', #372, .T. ) ;
#1379 = EDGE_CURVE ( 'NONE', #774, #1900, #80, .T. ) ;
#1380 = CARTESIAN_POINT ( 'NONE',  ( 13.78752102410034297, 30.00000000000000000, -25.00000000000000000 ) ) ;
#1381 =( LENGTH_UNIT ( ) NAMED_UNIT ( * ) SI_UNIT ( .MILLI., .METRE. ) );
#1382 = LINE ( 'NONE', #264, #1966 ) ;
#1383 = ORIENTED_EDGE ( 'NONE', *, *, #3, .F. ) ;
#1384 = CARTESIAN_POINT ( 'NONE',  ( 0.0000000000000000000, 16.00000000000000000, 0.0000000000000000000 ) ) ;
#1385 = APPLICATION_CONTEXT ( 'configuration controlled 3d designs of mechanical parts and assemblies' ) ;
#1386 = VERTEX_POINT ( 'NONE', #1194 ) ;
#1387 = ADVANCED_FACE ( 'NONE', ( #865 ), #712, .F. ) ;
#1388 = ORIENTED_EDGE ( 'NONE', *, *, #1436, .F. ) ;
#1389 = VERTEX_POINT ( 'NONE', #388 ) ;
#1390 = CARTESIAN_POINT ( 'NONE',  ( 0.0000000000000000000, 0.0000000000000000000, -25.00000000000000000 ) ) ;
#1391 = EDGE_CURVE ( 'NONE', #1440, #1745, #613, .T. ) ;
#1392 = CARTESIAN_POINT ( 'NONE',  ( 17.94918539193473350, 8.759565649790511443, 0.3821880777812251551 ) ) ;
#1393 = ORIENTED_EDGE ( 'NONE', *, *, #2042, .F. ) ;
#1394 = CARTESIAN_POINT ( 'NONE',  ( 14.04951186985400291, 30.00000000000000000, -1.531943328539287386 ) ) ;
#1395 = APPROVAL_STATUS ( 'not_yet_approved' ) ;
#1396 = CC_DESIGN_PERSON_AND_ORGANIZATION_ASSIGNMENT ( #1650, #254, ( #460 ) ) ;
#1397 = COORDINATED_UNIVERSAL_TIME_OFFSET ( 0, 0, .AHEAD. ) ;
#1398 = LINE ( 'NONE', #1723, #985 ) ;
#1399 = CARTESIAN_POINT ( 'NONE',  ( 21.56532005969645027, 30.00000000000000000, 15.88355815272627503 ) ) ;
#1400 = CARTESIAN_POINT ( 'NONE',  ( 44.62949832560079955, 11.78804246961798263, -26.83819227069831825 ) ) ;
#1401 = LINE ( 'NONE', #1262, #538 ) ;
#1402 = DIRECTION ( 'NONE',  ( 0.0000000000000000000, -1.000000000000000000, 0.0000000000000000000 ) ) ;
#1403 = FACE_OUTER_BOUND ( 'NONE', #142, .T. ) ;
#1404 = DIRECTION ( 'NONE',  ( 0.0000000000000000000, -1.000000000000000000, 0.0000000000000000000 ) ) ;
#1405 = CARTESIAN_POINT ( 'NONE',  ( 10.95856630610025917, 15.60968020961634117, 7.231286917906772693 ) ) ;
#1406 = EDGE_CURVE ( 'NONE', #26, #1970, #285, .T. ) ;
#1407 = CIRCLE ( 'NONE', #1993, 3.049999999999997158 ) ;
#1408 = CARTESIAN_POINT ( 'NONE',  ( 17.87661791653189169, 8.423082173733524414, 0.2917928609042830246 ) ) ;
#1409 = CIRCLE ( 'NONE', #1891, 2.849999999999996536 ) ;
#1410 = DIRECTION ( 'NONE',  ( 0.7071067811865474617, 0.0000000000000000000, -0.7071067811865474617 ) ) ;
#1411 = CARTESIAN_POINT ( 'NONE',  ( 11.67625736241248191, 15.73844204181309969, 7.722869976277254800 ) ) ;
#1412 = AXIS2_PLACEMENT_3D ( 'NONE', #639, #991, #1346 ) ;
#1413 = ORIENTED_EDGE ( 'NONE', *, *, #1128, .T. ) ;
#1414 = DIRECTION ( 'NONE',  ( 0.0000000000000000000, 0.0000000000000000000, -1.000000000000000000 ) ) ;
#1415 = ORIENTED_EDGE ( 'NONE', *, *, #173, .T. ) ;
#1416 = ORIENTED_EDGE ( 'NONE', *, *, #1319, .T. ) ;
#1417 = ORIENTED_EDGE ( 'NONE', *, *, #1636, .T. ) ;
#1418 = ORIENTED_EDGE ( 'NONE', *, *, #427, .F. ) ;
#1419 = DIRECTION ( 'NONE',  ( 0.0000000000000000000, -1.000000000000000000, 0.0000000000000000000 ) ) ;
#1420 = ORIENTED_EDGE ( 'NONE', *, *, #887, .F. ) ;
#1421 = CARTESIAN_POINT ( 'NONE',  ( 9.217519352040493885, 14.25770976086222142, 4.357264621295191986 ) ) ;
#1422 = ORIENTED_EDGE ( 'NONE', *, *, #398, .F. ) ;
#1423 = EDGE_CURVE ( 'NONE', #1127, #1074, #563, .T. ) ;
#1424 = CARTESIAN_POINT ( 'NONE',  ( 18.90720161986835635, 14.16000324591526116, 4.216851096408195332 ) ) ;
#1425 = LINE ( 'NONE', #1825, #220 ) ;
#1426 = DIRECTION ( 'NONE',  ( -0.0000000000000000000, 1.000000000000000000, 0.0000000000000000000 ) ) ;
#1427 = DIRECTION ( 'NONE',  ( 0.0000000000000000000, 0.0000000000000000000, 1.000000000000000000 ) ) ;
#1428 = VECTOR ( 'NONE', #1227, 1000.000000000000000 ) ;
#1429 = CARTESIAN_POINT ( 'NONE',  ( 15.77957607051416744, 15.79966971413898236, 8.007577851720474982 ) ) ;
#1430 = VECTOR ( 'NONE', #19, 999.9999999999998863 ) ;
#1431 = CARTESIAN_POINT ( 'NONE',  ( 21.56532005969645027, 30.00000000000000000, 15.88355815272627503 ) ) ;
#1432 = FACE_BOUND ( 'NONE', #299, .T. ) ;
#1433 = CARTESIAN_POINT ( 'NONE',  ( 46.63205249408246544, 16.00000000000000000, -27.00000000000000355 ) ) ;
#1434 = CIRCLE ( 'NONE', #1121, 2.850000000000000089 ) ;
#1435 = CARTESIAN_POINT ( 'NONE',  ( 48.00000000000000000, 0.0000000000000000000, -0.5000000000000004441 ) ) ;
#1436 = EDGE_CURVE ( 'NONE', #446, #160, #1981, .T. ) ;
#1437 = ORIENTED_EDGE ( 'NONE', *, *, #53, .F. ) ;
#1438 = CARTESIAN_POINT ( 'NONE',  ( 18.17236886860265344, 15.20608104781987890, 6.092304115387889851 ) ) ;
#1439 = DIRECTION ( 'NONE',  ( 0.0000000000000000000, -1.000000000000000000, 0.0000000000000000000 ) ) ;
#1440 = VERTEX_POINT ( 'NONE', #1356 ) ;
#1441 = DIRECTION ( 'NONE',  ( 0.4694715627858888074, -0.0000000000000000000, -0.8829475928589279876 ) ) ;
#1442 = ORIENTED_EDGE ( 'NONE', *, *, #749, .T. ) ;
#1443 = ORIENTED_EDGE ( 'NONE', *, *, #618, .F. ) ;
#1444 = CARTESIAN_POINT ( 'NONE',  ( 16.86603711767931912, 15.66658021375680399, 7.436981346321896780 ) ) ;
#1445 = VERTEX_POINT ( 'NONE', #41 ) ;
#1446 = ORIENTED_EDGE ( 'NONE', *, *, #592, .T. ) ;
#1447 = EDGE_CURVE ( 'NONE', #1800, #1944, #33, .T. ) ;
#1448 = CARTESIAN_POINT ( 'NONE',  ( 47.49999999999999289, 16.00000000000000000, 0.0000000000000000000 ) ) ;
#1449 = DIRECTION ( 'NONE',  ( 0.0000000000000000000, 1.000000000000000000, 0.0000000000000000000 ) ) ;
#1450 = AXIS2_PLACEMENT_3D ( 'NONE', #1779, #1122, #477 ) ;
#1451 = CIRCLE ( 'NONE', #1290, 2.000000000000000000 ) ;
#1452 = CARTESIAN_POINT ( 'NONE',  ( 14.04951186985400291, 0.0000000000000000000, 3.393056671460708884 ) ) ;
#1453 = LINE ( 'NONE', #2047, #1579 ) ;
#1454 = CARTESIAN_POINT ( 'NONE',  ( 40.50000000000000000, 0.0000000000000000000, -12.50000000000000533 ) ) ;
#1455 = VECTOR ( 'NONE', #671, 1000.000000000000000 ) ;
#1456 = ORIENTED_EDGE ( 'NONE', *, *, #2006, .T. ) ;
#1457 = CARTESIAN_POINT ( 'NONE',  ( 13.78752102410034297, 30.00000000000000000, -27.00000000000000355 ) ) ;
#1458 = CARTESIAN_POINT ( 'NONE',  ( 30.95048813014599176, 30.00000000000000000, -23.46805667146070817 ) ) ;
#1459 = EDGE_CURVE ( 'NONE', #186, #828, #1938, .T. ) ;
#1460 = CARTESIAN_POINT ( 'NONE',  ( 35.80865658124477591, 14.15805271098292728, -29.21408473064894551 ) ) ;
#1461 = ORIENTED_EDGE ( 'NONE', *, *, #1704, .F. ) ;
#1462 = VERTEX_POINT ( 'NONE', #1829 ) ;
#1463 = ORIENTED_EDGE ( 'NONE', *, *, #694, .F. ) ;
#1464 = CARTESIAN_POINT ( 'NONE',  ( 34.49999999999998579, 0.0000000000000000000, -20.50000000000000000 ) ) ;
#1465 = CARTESIAN_POINT ( 'NONE',  ( 30.95048813014599176, 30.00000000000000000, -28.39305667146070533 ) ) ;
#1466 = AXIS2_PLACEMENT_3D ( 'NONE', #1961, #660, #1968 ) ;
#1467 = EDGE_LOOP ( 'NONE', ( #241, #2082 ) ) ;
#1468 = ORIENTED_EDGE ( 'NONE', *, *, #330, .T. ) ;
#1469 = EDGE_CURVE ( 'NONE', #1776, #828, #548, .T. ) ;
#1470 = CARTESIAN_POINT ( 'NONE',  ( 34.49999999999998579, 16.00000000000000000, -4.500000000000000888 ) ) ;
#1471 = FACE_OUTER_BOUND ( 'NONE', #1539, .T. ) ;
#1472 = CARTESIAN_POINT ( 'NONE',  ( 31.65721901666876548, 15.84928699338837532, -33.27028343524899867 ) ) ;
#1473 = FACE_OUTER_BOUND ( 'NONE', #1153, .T. ) ;
#1474 = VECTOR ( 'NONE', #813, 1000.000000000000000 ) ;
#1475 = CARTESIAN_POINT ( 'NONE',  ( 0.0000000000000000000, 0.0000000000000000000, -25.00000000000000000 ) ) ;
#1476 = AXIS2_PLACEMENT_3D ( 'NONE', #1305, #986, #512 ) ;
#1477 = FACE_OUTER_BOUND ( 'NONE', #1315, .T. ) ;
#1478 = DIRECTION ( 'NONE',  ( -0.0000000000000000000, -1.000000000000000000, -0.0000000000000000000 ) ) ;
#1479 = LINE ( 'NONE', #1448, #336 ) ;
#1480 = CARTESIAN_POINT ( 'NONE',  ( 34.43002533054058745, 15.50254757097159874, -31.88281417182821897 ) ) ;
#1481 = CARTESIAN_POINT ( 'NONE',  ( 26.40772240811504190, 11.24910560208959609, -26.48155051994917386 ) ) ;
#1482 = CARTESIAN_POINT ( 'NONE',  ( 10.49999999999999645, 0.0000000000000000000, -4.500000000000000888 ) ) ;
#1483 = CARTESIAN_POINT ( 'NONE',  ( 0.3705016743992258221, 11.78804246961798086, 1.838192270698312480 ) ) ;
#1484 = EDGE_CURVE ( 'NONE', #1263, #393, #1863, .T. ) ;
#1485 = ADVANCED_FACE ( 'NONE', ( #2040 ), #698, .T. ) ;
#1486 = ORIENTED_EDGE ( 'NONE', *, *, #1484, .F. ) ;
#1487 = CARTESIAN_POINT ( 'NONE',  ( 35.85889314435815578, 12.90507234524518587, -27.73215574360903446 ) ) ;
#1488 = VERTEX_POINT ( 'NONE', #894 ) ;
#1489 = VERTEX_POINT ( 'NONE', #1201 ) ;
#1490 = CARTESIAN_POINT ( 'NONE',  ( 21.56532005969645027, 16.00000000000000000, 15.88355815272627503 ) ) ;
#1491 = VERTEX_POINT ( 'NONE', #748 ) ;
#1492 = DIRECTION ( 'NONE',  ( 0.0000000000000000000, 0.0000000000000000000, 1.000000000000000000 ) ) ;
#1493 = ADVANCED_BREP_SHAPE_REPRESENTATION ( 'Mobile part y lickport', ( #115, #92 ), #1040 ) ;
#1494 = CALENDAR_DATE ( 2019, 12, 12 ) ;
#1495 = CARTESIAN_POINT ( 'NONE',  ( 26.33232521029982109, 11.54168577202722190, -26.66873638122918422 ) ) ;
#1496 = EDGE_CURVE ( 'NONE', #1234, #135, #1246, .T. ) ;
#1497 = LINE ( 'NONE', #819, #1957 ) ;
#1498 = CARTESIAN_POINT ( 'NONE',  ( 15.55341620981819517, 10.48277768775043484, -26.06105687442823182 ) ) ;
#1499 = CIRCLE ( 'NONE', #1175, 1.850000000000000977 ) ;
#1500 = AXIS2_PLACEMENT_3D ( 'NONE', #1470, #1809, #172 ) ;
#1501 = CARTESIAN_POINT ( 'NONE',  ( 31.21247897589966058, 6.000000000000000000, 0.0000000000000000000 ) ) ;
#1502 = LINE ( 'NONE', #1570, #517 ) ;
#1503 = CARTESIAN_POINT ( 'NONE',  ( 26.82763113139733591, 15.20608104781987890, -31.09230411538788275 ) ) ;
#1504 = CYLINDRICAL_SURFACE ( 'NONE', #1928, 2.000000000000000000 ) ;
#1505 = CARTESIAN_POINT ( 'NONE',  ( 0.0000000000000000000, 0.0000000000000000000, 0.0000000000000000000 ) ) ;
#1506 = CARTESIAN_POINT ( 'NONE',  ( 23.43467994030353907, 30.00000000000000000, -40.88355815272627325 ) ) ;
#1507 = VERTEX_POINT ( 'NONE', #411 ) ;
#1508 = ADVANCED_FACE ( 'NONE', ( #1473 ), #394, .F. ) ;
#1509 = B_SPLINE_CURVE_WITH_KNOTS ( 'NONE', 3,
 ( #311, #1610, #1000, #1147, #1483, #178, #524, #31, #194, #1658, #503, #1834, #1649, #677, #1955, #1330 ),
 .UNSPECIFIED., .F., .F.,
 ( 4, 2, 2, 2, 2, 2, 2, 4 ),
 ( 9.010137546323265229E-19, 0.001033496122996713576, 0.002066992245993426285, 0.003100488368990138993, 0.004133984491986851702, 0.005167480614983564410, 0.006200976737980277119, 0.008267968983973703404 ),
 .UNSPECIFIED. ) ;
#1510 = CARTESIAN_POINT ( 'NONE',  ( 29.72846471304987404, 15.83070260109777472, -33.16731050035234318 ) ) ;
#1511 = CARTESIAN_POINT ( 'NONE',  ( 40.99999999999998579, 30.00000000000000000, -3.499999999999982236 ) ) ;
#1512 = EDGE_LOOP ( 'NONE', ( #1773, #1230, #1443, #1566 ) ) ;
#1513 = CARTESIAN_POINT ( 'NONE',  ( -0.0000000000000000000, 16.00000000000000000, -35.00000000000000000 ) ) ;
#1514 = ORIENTED_EDGE ( 'NONE', *, *, #292, .T. ) ;
#1515 = ORIENTED_EDGE ( 'NONE', *, *, #859, .T. ) ;
#1516 = EDGE_LOOP ( 'NONE', ( #1562, #1569 ) ) ;
#1517 = CARTESIAN_POINT ( 'NONE',  ( 30.95048813014599176, 0.0000000000000000000, -28.39305667146070533 ) ) ;
#1518 = ORIENTED_EDGE ( 'NONE', *, *, #541, .F. ) ;
#1519 = AXIS2_PLACEMENT_3D ( 'NONE', #851, #1641, #999 ) ;
#1520 = CARTESIAN_POINT ( 'NONE',  ( 40.50000000000000000, -26.00000000000002132, -9.650000000000009237 ) ) ;
#1521 = PERSON_AND_ORGANIZATION ( #224, #327 ) ;
#1522 = B_SPLINE_CURVE_WITH_KNOTS ( 'NONE', 3,
 ( #769, #1731, #926, #1408, #1392, #1898, #1076, #1912, #1906, #2078, #1092, #2084, #286, #743, #2054, #1424, #420, #1584, #612, #1098, #635, #969, #1438, #1293, #293, #305, #1605, #1444, #1283, #2090, #629, #1112, #1429, #1772, #1268, #1782, #801, #959 ),
 .UNSPECIFIED., .F., .F.,
 ( 4, 2, 2, 2, 2, 2, 2, 2, 2, 2, 2, 2, 2, 2, 2, 2, 2, 2, 4 ),
 ( 0.0000000000000000000, 0.002103503985960035027, 0.003155255978940052757, 0.004207007971920070054, 0.005258759964900088651, 0.006310511957880105514, 0.008414015943840138373, 0.009465767936820157838, 0.009991643933310164968, 0.01051751992980017383, 0.01156927192278018809, 0.01209514791927019696, 0.01262102391576020582, 0.01367277590874022182, 0.01419865190523022375, 0.01472452790172022741, 0.01525040389821023107, 0.01577627989470023820, 0.01682803188768025940 ),
 .UNSPECIFIED. ) ;
#1523 = CYLINDRICAL_SURFACE ( 'NONE', #386, 10.00000000000000178 ) ;
#1524 = CIRCLE ( 'NONE', #1880, 2.000000000000000000 ) ;
#1525 = EDGE_CURVE ( 'NONE', #1900, #429, #1524, .T. ) ;
#1526 = LINE ( 'NONE', #888, #591 ) ;
#1527 = CARTESIAN_POINT ( 'NONE',  ( 20.30633657877021747, 16.00000000000000000, -35.00000000000000711 ) ) ;
#1528 = CIRCLE ( 'NONE', #947, 2.000000000000001776 ) ;
#1529 = CARTESIAN_POINT ( 'NONE',  ( -1.249999999999994893, 0.0000000000000000000, 1.249999999999994893 ) ) ;
#1530 = LINE ( 'NONE', #1280, #1633 ) ;
#1531 = DIRECTION ( 'NONE',  ( -0.0000000000000000000, 1.000000000000000000, -0.0000000000000000000 ) ) ;
#1532 = CARTESIAN_POINT ( 'NONE',  ( 40.99999999999998579, 30.00000000000000000, -5.349999999999980105 ) ) ;
#1533 = ORIENTED_EDGE ( 'NONE', *, *, #655, .F. ) ;
#1534 = EDGE_CURVE ( 'NONE', #429, #1776, #1679, .T. ) ;
#1535 = DIRECTION ( 'NONE',  ( -0.0000000000000000000, 1.000000000000000000, -0.0000000000000000000 ) ) ;
#1536 = ORIENTED_EDGE ( 'NONE', *, *, #487, .T. ) ;
#1537 = ORIENTED_EDGE ( 'NONE', *, *, #353, .F. ) ;
#1538 = DIRECTION ( 'NONE',  ( 0.0000000000000000000, 0.0000000000000000000, 1.000000000000000000 ) ) ;
#1539 = EDGE_LOOP ( 'NONE', ( #647, #996, #826, #1264, #1182, #1261 ) ) ;
#1540 = AXIS2_PLACEMENT_3D ( 'NONE', #1030, #559, #1691 ) ;
#1541 = VERTEX_POINT ( 'NONE', #2035 ) ;
#1542 = CARTESIAN_POINT ( 'NONE',  ( -0.5083697617767606314, 30.00000000000000000, 4.146769083079067997 ) ) ;
#1543 = CARTESIAN_POINT ( 'NONE',  ( -2.999999999999999556, 0.0000000000000000000, -25.00000000000000000 ) ) ;
#1544 = ADVANCED_FACE ( 'NONE', ( #1094 ), #402, .F. ) ;
#1545 = APPROVAL_DATE_TIME ( #1347, #2025 ) ;
#1546 = VECTOR ( 'NONE', #1441, 1000.000000000000000 ) ;
#1547 = PLANE ( 'NONE',  #1228 ) ;
#1548 = CARTESIAN_POINT ( 'NONE',  ( 31.21247897589966058, 6.000000000000000000, 0.0000000000000000000 ) ) ;
#1549 = EDGE_CURVE ( 'NONE', #370, #1672, #1117, .T. ) ;
#1550 = CIRCLE ( 'NONE', #1616, 1.850000000000000089 ) ;
#1551 = LINE ( 'NONE', #1077, #688 ) ;
#1552 = CARTESIAN_POINT ( 'NONE',  ( 48.00000000000000000, 30.00000000000000000, -0.5000000000000004441 ) ) ;
#1553 = CIRCLE ( 'NONE', #1667, 3.050000000000003375 ) ;
#1554 = ADVANCED_FACE ( 'NONE', ( #1140 ), #1864, .T. ) ;
#1555 = CARTESIAN_POINT ( 'NONE',  ( 0.0000000000000000000, 16.00000000000000000, 0.0000000000000000000 ) ) ;
#1556 = ORIENTED_EDGE ( 'NONE', *, *, #292, .F. ) ;
#1557 = DIRECTION ( 'NONE',  ( 0.8829475928589283207, -0.0000000000000000000, 0.4694715627858882523 ) ) ;
#1558 = AXIS2_PLACEMENT_3D ( 'NONE', #1272, #302, #2074 ) ;
#1559 = CARTESIAN_POINT ( 'NONE',  ( 47.49999999999999289, 0.0000000000000000000, -25.00000000000000000 ) ) ;
#1560 = PERSON_AND_ORGANIZATION_ROLE ( 'design_owner' ) ;
#1561 = ORIENTED_EDGE ( 'NONE', *, *, #1406, .T. ) ;
#1562 = ORIENTED_EDGE ( 'NONE', *, *, #427, .T. ) ;
#1563 = ORIENTED_EDGE ( 'NONE', *, *, #1496, .T. ) ;
#1564 = CARTESIAN_POINT ( 'NONE',  ( 10.22792508744361051, 15.37008587903670076, 6.504303156305317302 ) ) ;
#1565 = ORIENTED_EDGE ( 'NONE', *, *, #990, .F. ) ;
#1566 = ORIENTED_EDGE ( 'NONE', *, *, #144, .F. ) ;
#1567 = EDGE_CURVE ( 'NONE', #1827, #1109, #814, .T. ) ;
#1568 = CARTESIAN_POINT ( 'NONE',  ( 40.99999999999998579, 0.0000000000000000000, -5.349999999999980105 ) ) ;
#1569 = ORIENTED_EDGE ( 'NONE', *, *, #183, .T. ) ;
#1570 = CARTESIAN_POINT ( 'NONE',  ( 0.0000000000000000000, 0.0000000000000000000, 0.0000000000000000000 ) ) ;
#1571 = CARTESIAN_POINT ( 'NONE',  ( 0.1338426916354176766, 13.08106459623762774, 2.938943125571776172 ) ) ;
#1572 = DIRECTION ( 'NONE',  ( 0.0000000000000000000, 1.000000000000000000, 0.0000000000000000000 ) ) ;
#1573 = LOCAL_TIME ( 16, 59, 45.00000000000000000, #1397 ) ;
#1574 = AXIS2_PLACEMENT_3D ( 'NONE', #1012, #526, #539 ) ;
#1575 = LINE ( 'NONE', #1506, #889 ) ;
#1576 = CARTESIAN_POINT ( 'NONE',  ( 21.56532005969645027, 30.00000000000000000, 15.88355815272627503 ) ) ;
#1577 = CARTESIAN_POINT ( 'NONE',  ( 45.30898220210494287, 9.116746707383390103, -25.49265056961385767 ) ) ;
#1578 = VECTOR ( 'NONE', #806, 1000.000000000000000 ) ;
#1579 = VECTOR ( 'NONE', #1063, 1000.000000000000000 ) ;
#1580 = CARTESIAN_POINT ( 'NONE',  ( 10.49999999999999645, 16.00000000000000000, -1.450000000000000844 ) ) ;
#1581 = CARTESIAN_POINT ( 'NONE',  ( 9.191343418755225869, 14.15805271098292906, 4.214084730648940180 ) ) ;
#1582 = EDGE_CURVE ( 'NONE', #1057, #782, #1653, .T. ) ;
#1583 = VECTOR ( 'NONE', #356, 1000.000000000000000 ) ;
#1584 = CARTESIAN_POINT ( 'NONE',  ( 18.81395804814631489, 14.44975631487468526, 4.649145516703137915 ) ) ;
#1585 = VECTOR ( 'NONE', #1921, 1000.000000000000114 ) ;
#1586 = CARTESIAN_POINT ( 'NONE',  ( 34.49999999999998579, 30.00000000000000000, -1.450000000000002398 ) ) ;
#1587 = CARTESIAN_POINT ( 'NONE',  ( 10.49999999999999645, 30.00000000000000000, -4.500000000000000888 ) ) ;
#1588 = CARTESIAN_POINT ( 'NONE',  ( 9.930543903854212928, 15.20856988884032646, 6.098198767901897632 ) ) ;
#1589 = AXIS2_PLACEMENT_3D ( 'NONE', #439, #1093, #915 ) ;
#1590 = ORIENTED_EDGE ( 'NONE', *, *, #1459, .T. ) ;
#1591 = CARTESIAN_POINT ( 'NONE',  ( 34.49999999999998579, 0.0000000000000000000, -7.549999999999998934 ) ) ;
#1592 = ORIENTED_EDGE ( 'NONE', *, *, #1104, .F. ) ;
#1593 = CARTESIAN_POINT ( 'NONE',  ( 20.30633657877021747, 16.00000000000000000, -35.00000000000000711 ) ) ;
#1594 = ORIENTED_EDGE ( 'NONE', *, *, #1947, .F. ) ;
#1595 = ORIENTED_EDGE ( 'NONE', *, *, #1832, .T. ) ;
#1596 = ORIENTED_EDGE ( 'NONE', *, *, #1872, .T. ) ;
#1597 = CARTESIAN_POINT ( 'NONE',  ( 13.16929248504905559, 15.84432141345662082, 8.241936581526138283 ) ) ;
#1598 = ORIENTED_EDGE ( 'NONE', *, *, #39, .T. ) ;
#1599 = EDGE_CURVE ( 'NONE', #1870, #1489, #1049, .T. ) ;
#1600 = CARTESIAN_POINT ( 'NONE',  ( 30.95048813014599176, 30.00000000000000000, -28.39305667146070533 ) ) ;
#1601 = CARTESIAN_POINT ( 'NONE',  ( 48.00000000000000000, 30.00000000000000000, -24.50000000000000000 ) ) ;
#1602 = AXIS2_PLACEMENT_3D ( 'NONE', #792, #282, #953 ) ;
#1603 = CARTESIAN_POINT ( 'NONE',  ( 34.52019279919862527, 6.000000000000000000, -25.00000000000000000 ) ) ;
#1604 = LINE ( 'NONE', #1110, #1807 ) ;
#1605 = CARTESIAN_POINT ( 'NONE',  ( 17.28519146178227572, 15.57949997058684488, 7.122408836211749694 ) ) ;
#1606 = FACE_OUTER_BOUND ( 'NONE', #1083, .T. ) ;
#1607 = LINE ( 'NONE', #43, #154 ) ;
#1608 = CARTESIAN_POINT ( 'NONE',  ( 14.04951186985400291, 0.0000000000000000000, -1.531943328539287386 ) ) ;
#1609 = CYLINDRICAL_SURFACE ( 'NONE', #1519, 4.924999999999996270 ) ;
#1610 = CARTESIAN_POINT ( 'NONE',  ( 0.2566698566967740014, 12.85071300456251464, 2.707938825577420161 ) ) ;
#1611 = EDGE_CURVE ( 'NONE', #527, #674, #1375, .T. ) ;
#1612 = ORIENTED_EDGE ( 'NONE', *, *, #618, .T. ) ;
#1613 = PRODUCT_DEFINITION_FORMATION_WITH_SPECIFIED_SOURCE ( 'ANY', '', #718, .NOT_KNOWN. ) ;
#1614 = CARTESIAN_POINT ( 'NONE',  ( 40.50000000000000000, 30.00000000000000000, -12.50000000000000533 ) ) ;
#1615 = CARTESIAN_POINT ( 'NONE',  ( 0.1338426916354176766, 13.08106459623762774, 2.938943125571776172 ) ) ;
#1616 = AXIS2_PLACEMENT_3D ( 'NONE', #2111, #1620, #643 ) ;
#1617 = ADVANCED_FACE ( 'NONE', ( #661 ), #1760, .F. ) ;
#1618 = ORIENTED_EDGE ( 'NONE', *, *, #1223, .F. ) ;
#1619 = VERTEX_POINT ( 'NONE', #787 ) ;
#1620 = DIRECTION ( 'NONE',  ( 0.0000000000000000000, 1.000000000000000000, 0.0000000000000000000 ) ) ;
#1621 = EDGE_LOOP ( 'NONE', ( #676, #855 ) ) ;
#1622 = EDGE_LOOP ( 'NONE', ( #140, #2027, #933, #607 ) ) ;
#1623 = EDGE_CURVE ( 'NONE', #1745, #1995, #836, .T. ) ;
#1624 = DIRECTION ( 'NONE',  ( 0.0000000000000000000, -1.000000000000000000, 0.0000000000000000000 ) ) ;
#1625 = CARTESIAN_POINT ( 'NONE',  ( 35.33470546048632599, 10.65245515968046064, -26.14158134785463972 ) ) ;
#1626 = CYLINDRICAL_SURFACE ( 'NONE', #1500, 3.049999999999998046 ) ;
#1627 = EDGE_CURVE ( 'NONE', #1852, #1277, #223, .T. ) ;
#1628 = VECTOR ( 'NONE', #103, 1000.000000000000000 ) ;
#1629 = DIRECTION ( 'NONE',  ( -0.0000000000000000000, -1.000000000000000000, -0.0000000000000000000 ) ) ;
#1630 = CIRCLE ( 'NONE', #964, 1.850000000000000089 ) ;
#1631 = CARTESIAN_POINT ( 'NONE',  ( 31.30609673592989850, 15.85590065596866438, -33.30837476603714009 ) ) ;
#1632 = VECTOR ( 'NONE', #845, 1000.000000000000000 ) ;
#1633 = VECTOR ( 'NONE', #2080, 1000.000000000000000 ) ;
#1634 = DIRECTION ( 'NONE',  ( 0.0000000000000000000, 0.0000000000000000000, 1.000000000000000000 ) ) ;
#1635 = CARTESIAN_POINT ( 'NONE',  ( 0.0000000000000000000, 16.00000000000000000, 0.0000000000000000000 ) ) ;
#1636 = EDGE_CURVE ( 'NONE', #1386, #492, #1193, .T. ) ;
#1637 = ORIENTED_EDGE ( 'NONE', *, *, #2053, .F. ) ;
#1638 = EDGE_LOOP ( 'NONE', ( #116, #161 ) ) ;
#1639 = ORIENTED_EDGE ( 'NONE', *, *, #2006, .F. ) ;
#1640 = ORIENTED_EDGE ( 'NONE', *, *, #638, .T. ) ;
#1641 = DIRECTION ( 'NONE',  ( -0.0000000000000000000, -1.000000000000000000, -0.0000000000000000000 ) ) ;
#1642 = ORIENTED_EDGE ( 'NONE', *, *, #944, .T. ) ;
#1643 = DIRECTION ( 'NONE',  ( 0.0000000000000000000, 0.0000000000000000000, -1.000000000000000000 ) ) ;
#1644 = ORIENTED_EDGE ( 'NONE', *, *, #1023, .F. ) ;
#1645 = EDGE_LOOP ( 'NONE', ( #27, #911 ) ) ;
#1646 = CARTESIAN_POINT ( 'NONE',  ( 34.54903039862350766, 15.46147061270743350, -31.75978709828913793 ) ) ;
#1647 = EDGE_CURVE ( 'NONE', #1057, #72, #171, .T. ) ;
#1648 = DIRECTION ( 'NONE',  ( 0.0000000000000000000, 1.000000000000000000, 0.0000000000000000000 ) ) ;
#1649 = CARTESIAN_POINT ( 'NONE',  ( -0.6772077362477626483, 8.186117025514564105, 0.2367425431126580770 ) ) ;
#1650 = PERSON_AND_ORGANIZATION ( #224, #327 ) ;
#1651 = AXIS2_PLACEMENT_3D ( 'NONE', #706, #1402, #236 ) ;
#1652 = CARTESIAN_POINT ( 'NONE',  ( 35.49262176549954972, 11.24668301799011338, -26.48006823159667533 ) ) ;
#1653 = LINE ( 'NONE', #2052, #1428 ) ;
#1654 = LINE ( 'NONE', #445, #1220 ) ;
#1655 = CARTESIAN_POINT ( 'NONE',  ( 26.18604195185368511, 14.44975631487468881, -29.64914551670315035 ) ) ;
#1656 = CARTESIAN_POINT ( 'NONE',  ( 10.49999999999999645, 16.00000000000000000, -17.44999999999999929 ) ) ;
#1657 = VECTOR ( 'NONE', #252, 1000.000000000000000 ) ;
#1658 = CARTESIAN_POINT ( 'NONE',  ( -0.1967981896371047146, 9.422350908442547635, 0.5981999968415808722 ) ) ;
#1659 = ADVANCED_FACE ( 'NONE', ( #790 ), #2012, .F. ) ;
#1660 = EDGE_LOOP ( 'NONE', ( #426, #800, #1231, #981 ) ) ;
#1661 = EDGE_CURVE ( 'NONE', #189, #820, #987, .T. ) ;
#1662 = DIRECTION ( 'NONE',  ( 0.0000000000000000000, -1.000000000000000000, 0.0000000000000000000 ) ) ;
#1663 = CARTESIAN_POINT ( 'NONE',  ( 14.04951186985400291, 30.00000000000000000, 3.393056671460708884 ) ) ;
#1664 = CARTESIAN_POINT ( 'NONE',  ( 10.49999999999999645, 30.00000000000000000, -20.50000000000000000 ) ) ;
#1665 = ORIENTED_EDGE ( 'NONE', *, *, #1023, .T. ) ;
#1666 = ORIENTED_EDGE ( 'NONE', *, *, #64, .T. ) ;
#1667 = AXIS2_PLACEMENT_3D ( 'NONE', #1302, #1786, #653 ) ;
#1668 = ADVANCED_FACE ( 'NONE', ( #513 ), #1934, .F. ) ;
#1669 = DIRECTION ( 'NONE',  ( 0.0000000000000000000, -1.000000000000000000, 0.0000000000000000000 ) ) ;
#1670 = ORIENTED_EDGE ( 'NONE', *, *, #768, .F. ) ;
#1671 = ORIENTED_EDGE ( 'NONE', *, *, #23, .F. ) ;
#1672 = VERTEX_POINT ( 'NONE', #1135 ) ;
#1673 = CALENDAR_DATE ( 2019, 12, 12 ) ;
#1674 = CARTESIAN_POINT ( 'NONE',  ( 26.50042023469064389, 14.94978001238386689, -30.52802107088630024 ) ) ;
#1675 = EDGE_CURVE ( 'NONE', #1060, #46, #892, .T. ) ;
#1676 = LINE ( 'NONE', #1707, #1804 ) ;
#1677 = CARTESIAN_POINT ( 'NONE',  ( 45.50836976177677684, 30.00000000000000000, -29.14676908307903958 ) ) ;
#1678 = CARTESIAN_POINT ( 'NONE',  ( 27.38078346109336891, 0.0000000000000000000, -25.00000000000000000 ) ) ;
#1679 = LINE ( 'NONE', #1548, #381 ) ;
#1680 = DIRECTION ( 'NONE',  ( -0.0000000000000000000, 1.000000000000000000, -0.0000000000000000000 ) ) ;
#1681 = FACE_BOUND ( 'NONE', #2000, .T. ) ;
#1682 = DIRECTION ( 'NONE',  ( -0.0000000000000000000, 1.000000000000000000, -0.0000000000000000000 ) ) ;
#1683 = VECTOR ( 'NONE', #837, 1000.000000000000000 ) ;
#1684 = CARTESIAN_POINT ( 'NONE',  ( 4.499999999999997335, 30.00000000000000000, -12.50000000000002665 ) ) ;
#1685 = CARTESIAN_POINT ( 'NONE',  ( 29.44658379018181193, 30.00000000000000000, 1.061056874428218499 ) ) ;
#1686 = CYLINDRICAL_SURFACE ( 'NONE', #909, 1.850000000000000977 ) ;
#1687 = DIRECTION ( 'NONE',  ( -0.0000000000000000000, 1.000000000000000000, -0.0000000000000000000 ) ) ;
#1688 = EDGE_CURVE ( 'NONE', #957, #1903, #1604, .T. ) ;
#1689 = CARTESIAN_POINT ( 'NONE',  ( 47.49999999999997868, 30.00000000000000000, -25.00000000000000000 ) ) ;
#1690 = CARTESIAN_POINT ( 'NONE',  ( 15.55341620981819517, 10.48277768775043484, -26.06105687442823182 ) ) ;
#1691 = DIRECTION ( 'NONE',  ( 0.0000000000000000000, 0.0000000000000000000, -1.000000000000000000 ) ) ;
#1692 = ORIENTED_EDGE ( 'NONE', *, *, #523, .F. ) ;
#1693 = EDGE_LOOP ( 'NONE', ( #574, #1855, #1725, #1446, #397, #97 ) ) ;
#1694 = ORIENTED_EDGE ( 'NONE', *, *, #227, .F. ) ;
#1695 = ORIENTED_EDGE ( 'NONE', *, *, #1267, .T. ) ;
#1696 = AXIS2_PLACEMENT_3D ( 'NONE', #1844, #1680, #1360 ) ;
#1697 = CARTESIAN_POINT ( 'NONE',  ( 4.499999999999997335, -26.00000000000002132, -9.650000000000027001 ) ) ;
#1698 = DIRECTION ( 'NONE',  ( 0.0000000000000000000, 1.000000000000000000, 0.0000000000000000000 ) ) ;
#1699 = DIRECTION ( 'NONE',  ( -0.0000000000000000000, 1.000000000000000000, -0.0000000000000000000 ) ) ;
#1700 = CARTESIAN_POINT ( 'NONE',  ( 30.06994192264974686, 8.646842205510006707, 0.3489672525438360373 ) ) ;
#1701 = PERSON_AND_ORGANIZATION ( #224, #327 ) ;
#1702 = VECTOR ( 'NONE', #878, 1000.000000000000000 ) ;
#1703 = DIRECTION ( 'NONE',  ( -1.000000000000000000, 0.0000000000000000000, 1.040834085586084257E-16 ) ) ;
#1704 = EDGE_CURVE ( 'NONE', #1945, #212, #129, .T. ) ;
#1705 = CARTESIAN_POINT ( 'NONE',  ( 10.49999999999999645, 0.0000000000000000000, -20.50000000000000000 ) ) ;
#1706 = FACE_OUTER_BOUND ( 'NONE', #217, .T. ) ;
#1707 = CARTESIAN_POINT ( 'NONE',  ( 29.44658379018180838, 30.00000000000000000, 1.061056874428222496 ) ) ;
#1708 = ADVANCED_FACE ( 'NONE', ( #767 ), #9, .F. ) ;
#1709 = VECTOR ( 'NONE', #1044, 1000.000000000000000 ) ;
#1710 = CARTESIAN_POINT ( 'NONE',  ( 13.78752102410034297, 16.00000000000000000, -27.00000000000000355 ) ) ;
#1711 = DIRECTION ( 'NONE',  ( 0.8829475928589279876, 0.0000000000000000000, 0.4694715627858887519 ) ) ;
#1712 = EDGE_CURVE ( 'NONE', #1, #760, #408, .T. ) ;
#1713 = LINE ( 'NONE', #295, #2019 ) ;
#1714 = CARTESIAN_POINT ( 'NONE',  ( 10.49999999999999645, 16.00000000000000000, -20.50000000000000000 ) ) ;
#1715 = APPROVAL_ROLE ( '' ) ;
#1716 = DIRECTION ( 'NONE',  ( 0.0000000000000000000, -1.000000000000000000, 0.0000000000000000000 ) ) ;
#1717 =( BOUNDED_CURVE ( )  B_SPLINE_CURVE ( 3, ( #1615, #626, #1281, #955 ),
 .UNSPECIFIED., .F., .F. ) 
 B_SPLINE_CURVE_WITH_KNOTS ( ( 4, 4 ),
 ( 0.7868129234461517241, 0.9455178413280942440 ),
 .UNSPECIFIED. ) 
 CURVE ( )  GEOMETRIC_REPRESENTATION_ITEM ( )  RATIONAL_B_SPLINE_CURVE ( ( 1.000000000000000000, 0.9979021635736003981, 0.9979021635736003981, 1.000000000000000000 ) ) 
 REPRESENTATION_ITEM ( '' )  );
#1718 = ORIENTED_EDGE ( 'NONE', *, *, #487, .F. ) ;
#1719 = EDGE_CURVE ( 'NONE', #1488, #957, #922, .T. ) ;
#1720 = DIRECTION ( 'NONE',  ( 1.000000000000000000, 0.0000000000000000000, 0.0000000000000000000 ) ) ;
#1721 = VERTEX_POINT ( 'NONE', #10 ) ;
#1722 = EDGE_LOOP ( 'NONE', ( #1514, #2110 ) ) ;
#1723 = CARTESIAN_POINT ( 'NONE',  ( 40.50000000000000000, -26.00000000000002132, -15.35000000000000320 ) ) ;
#1724 = ORIENTED_EDGE ( 'NONE', *, *, #1675, .T. ) ;
#1725 = ORIENTED_EDGE ( 'NONE', *, *, #1661, .F. ) ;
#1726 = CC_DESIGN_DATE_AND_TIME_ASSIGNMENT ( #1114, #2056, ( #460 ) ) ;
#1727 = CARTESIAN_POINT ( 'NONE',  ( 45.50836976177677684, 30.00000000000000000, -29.14676908307903958 ) ) ;
#1728 = VERTEX_POINT ( 'NONE', #793 ) ;
#1729 = CARTESIAN_POINT ( 'NONE',  ( 29.66193821323222579, 9.753765854317526518, 0.7230274576022320820 ) ) ;
#1730 = AXIS2_PLACEMENT_3D ( 'NONE', #1677, #705, #383 ) ;
#1731 = CARTESIAN_POINT ( 'NONE',  ( 17.61921653890659911, 6.710776126964729471, 0.0000000000000000000 ) ) ;
#1732 = FACE_OUTER_BOUND ( 'NONE', #2031, .T. ) ;
#1733 = DIRECTION ( 'NONE',  ( 0.0000000000000000000, 0.0000000000000000000, -1.000000000000000000 ) ) ;
#1734 = CARTESIAN_POINT ( 'NONE',  ( 13.78752102410034297, 6.000000000000000000, -25.00000000000000000 ) ) ;
#1735 = EDGE_CURVE ( 'NONE', #160, #370, #1717, .T. ) ;
#1736 = CARTESIAN_POINT ( 'NONE',  ( 34.52019279919862527, 0.0000000000000000000, -25.00000000000000000 ) ) ;
#1737 = FACE_OUTER_BOUND ( 'NONE', #1879, .T. ) ;
#1738 = CARTESIAN_POINT ( 'NONE',  ( 44.90401826333788904, 10.32718641232361634, -25.97847176657262480 ) ) ;
#1739 = LINE ( 'NONE', #890, #1843 ) ;
#1740 = DIRECTION ( 'NONE',  ( 0.0000000000000000000, 0.0000000000000000000, 1.000000000000000000 ) ) ;
#1741 = VECTOR ( 'NONE', #568, 1000.000000000000000 ) ;
#1742 = AXIS2_PLACEMENT_3D ( 'NONE', #1511, #1038, #90 ) ;
#1743 = DIRECTION ( 'NONE',  ( -0.0000000000000000000, -1.000000000000000000, -0.0000000000000000000 ) ) ;
#1744 = DIRECTION ( 'NONE',  ( -0.0000000000000000000, -1.000000000000000000, -0.0000000000000000000 ) ) ;
#1745 = VERTEX_POINT ( 'NONE', #1303 ) ;
#1746 = CARTESIAN_POINT ( 'NONE',  ( 40.50000000000000000, 0.0000000000000000000, -9.650000000000009237 ) ) ;
#1747 = EDGE_LOOP ( 'NONE', ( #1058, #1101, #1828, #1973 ) ) ;
#1748 = CARTESIAN_POINT ( 'NONE',  ( 10.40538927415029136, 7.403442948158836856, 0.07466189504497255935 ) ) ;
#1749 = VERTEX_POINT ( 'NONE', #1941 ) ;
#1750 = EDGE_LOOP ( 'NONE', ( #879, #1155, #1753, #1136 ) ) ;
#1751 = EDGE_CURVE ( 'NONE', #492, #1944, #1299, .T. ) ;
#1752 = CARTESIAN_POINT ( 'NONE',  ( -2.999999999999999556, 0.0000000000000000000, -25.00000000000000000 ) ) ;
#1753 = ORIENTED_EDGE ( 'NONE', *, *, #903, .T. ) ;
#1754 = CARTESIAN_POINT ( 'NONE',  ( 27.38078346109336891, 6.000000000000000000, -25.00000000000000000 ) ) ;
#1755 = EDGE_LOOP ( 'NONE', ( #550, #238 ) ) ;
#1756 = CARTESIAN_POINT ( 'NONE',  ( 10.49999999999999645, 0.0000000000000000000, -23.55000000000000071 ) ) ;
#1757 = CARTESIAN_POINT ( 'NONE',  ( 9.840780842148641128, 15.14722808940481968, 5.956106948344690011 ) ) ;
#1758 = AXIS2_PLACEMENT_3D ( 'NONE', #2070, #1572, #1427 ) ;
#1759 = CARTESIAN_POINT ( 'NONE',  ( 21.56532005969645027, 16.00000000000000000, 15.88355815272627503 ) ) ;
#1760 = CYLINDRICAL_SURFACE ( 'NONE', #2013, 3.049999999999998046 ) ;
#1761 = CIRCLE ( 'NONE', #156, 1.849999999999997424 ) ;
#1762 = CARTESIAN_POINT ( 'NONE',  ( 9.913420391624828909, 9.727879159950250099, 0.7146267209295400491 ) ) ;
#1763 = EDGE_CURVE ( 'NONE', #1108, #1440, #488, .T. ) ;
#1764 = LINE ( 'NONE', #1895, #1657 ) ;
#1765 = DIRECTION ( 'NONE',  ( 0.0000000000000000000, -1.000000000000000000, 0.0000000000000000000 ) ) ;
#1766 = ORIENTED_EDGE ( 'NONE', *, *, #1925, .T. ) ;
#1767 = DIRECTION ( 'NONE',  ( 0.0000000000000000000, 0.0000000000000000000, -1.000000000000000000 ) ) ;
#1768 = EDGE_LOOP ( 'NONE', ( #1134, #1618 ) ) ;
#1769 = DIRECTION ( 'NONE',  ( -0.4694715627858882523, -0.0000000000000000000, 0.8829475928589283207 ) ) ;
#1770 = AXIS2_PLACEMENT_3D ( 'NONE', #1384, #1376, #902 ) ;
#1771 = ADVANCED_FACE ( 'NONE', ( #1320 ), #2071, .F. ) ;
#1772 = CARTESIAN_POINT ( 'NONE',  ( 15.44399875613609474, 15.82182328513428260, 8.119824508520112616 ) ) ;
#1773 = ORIENTED_EDGE ( 'NONE', *, *, #1282, .F. ) ;
#1774 = ORIENTED_EDGE ( 'NONE', *, *, #1333, .F. ) ;
#1775 = ORIENTED_EDGE ( 'NONE', *, *, #1310, .F. ) ;
#1776 = VERTEX_POINT ( 'NONE', #479 ) ;
#1777 = DIRECTION ( 'NONE',  ( -0.0000000000000000000, -1.000000000000000000, -0.0000000000000000000 ) ) ;
#1778 = EDGE_CURVE ( 'NONE', #160, #1792, #1509, .T. ) ;
#1779 = CARTESIAN_POINT ( 'NONE',  ( 14.04951186985400291, 0.0000000000000000000, 3.393056671460708884 ) ) ;
#1780 = DIRECTION ( 'NONE',  ( -0.0000000000000000000, -1.000000000000000000, -0.0000000000000000000 ) ) ;
#1781 = VECTOR ( 'NONE', #877, 1000.000000000000114 ) ;
#1782 = CARTESIAN_POINT ( 'NONE',  ( 14.75366708796851256, 15.85131036906893520, 8.280249510634666521 ) ) ;
#1783 = FACE_OUTER_BOUND ( 'NONE', #1693, .T. ) ;
#1784 =( BOUNDED_CURVE ( )  B_SPLINE_CURVE ( 3, ( #928, #2072, #1882, #98 ),
 .UNSPECIFIED., .F., .T. ) 
 B_SPLINE_CURVE_WITH_KNOTS ( ( 4, 4 ),
 ( 4.087110494917883585, 4.712388980384689674 ),
 .UNSPECIFIED. ) 
 CURVE ( )  GEOMETRIC_REPRESENTATION_ITEM ( )  RATIONAL_B_SPLINE_CURVE ( ( 1.000000000000000000, 0.9676834201629539445, 0.9676834201629539445, 1.000000000000000000 ) ) 
 REPRESENTATION_ITEM ( '' )  );
#1785 = LINE ( 'NONE', #1848, #897 ) ;
#1786 = DIRECTION ( 'NONE',  ( 0.0000000000000000000, -1.000000000000000000, 0.0000000000000000000 ) ) ;
#1787 = LINE ( 'NONE', #369, #1963 ) ;
#1788 = CARTESIAN_POINT ( 'NONE',  ( 23.43467994030353907, 30.00000000000000000, -40.88355815272627325 ) ) ;
#1789 = EDGE_CURVE ( 'NONE', #885, #393, #1497, .T. ) ;
#1790 = FACE_OUTER_BOUND ( 'NONE', #646, .T. ) ;
#1791 = DIRECTION ( 'NONE',  ( 0.0000000000000000000, 0.0000000000000000000, 1.000000000000000000 ) ) ;
#1792 = VERTEX_POINT ( 'NONE', #838 ) ;
#1793 = DIRECTION ( 'NONE',  ( 0.0000000000000000000, 0.0000000000000000000, -1.000000000000000000 ) ) ;
#1794 = ORIENTED_EDGE ( 'NONE', *, *, #1549, .T. ) ;
#1795 = ORIENTED_EDGE ( 'NONE', *, *, #1423, .T. ) ;
#1796 = CARTESIAN_POINT ( 'NONE',  ( 34.52019279919862527, 6.000000000000000000, -25.00000000000000000 ) ) ;
#1797 = EDGE_LOOP ( 'NONE', ( #822, #2001, #1150, #1881 ) ) ;
#1798 = ORIENTED_EDGE ( 'NONE', *, *, #1115, .F. ) ;
#1799 = CARTESIAN_POINT ( 'NONE',  ( 27.12338208346809054, 8.423082173733524414, -25.29179286090428391 ) ) ;
#1800 = VERTEX_POINT ( 'NONE', #950 ) ;
#1801 = DIRECTION ( 'NONE',  ( 0.0000000000000000000, 0.0000000000000000000, -1.000000000000000000 ) ) ;
#1802 = CARTESIAN_POINT ( 'NONE',  ( 15.07500801903139376, 9.017718486572103842, -25.45817874946071058 ) ) ;
#1803 = CARTESIAN_POINT ( 'NONE',  ( 14.04951186985400291, 30.00000000000000000, 8.318056671460706042 ) ) ;
#1804 = VECTOR ( 'NONE', #746, 1000.000000000000000 ) ;
#1805 = PLANE ( 'NONE',  #633 ) ;
#1806 = AXIS2_PLACEMENT_3D ( 'NONE', #2002, #195, #557 ) ;
#1807 = VECTOR ( 'NONE', #1769, 1000.000000000000114 ) ;
#1808 = CARTESIAN_POINT ( 'NONE',  ( 34.49999999999998579, 0.0000000000000000000, -23.54999999999999716 ) ) ;
#1809 = DIRECTION ( 'NONE',  ( -0.0000000000000000000, -1.000000000000000000, -0.0000000000000000000 ) ) ;
#1810 = CYLINDRICAL_SURFACE ( 'NONE', #2028, 2.849999999999996536 ) ;
#1811 = B_SPLINE_CURVE_WITH_KNOTS ( 'NONE', 3,
 ( #1312, #1002, #1631, #1472, #1156, #325, #1143, #1967, #29, #1317, #343, #1819, #32, #1480, #1646, #673, #1812, #832, #995, #1971, #180, #1325, #1137, #351, #1460, #496, #13, #1487, #162, #520, #1652, #1625, #1952, #840, #974, #648, #490, #1131, #158, #1796 ),
 .UNSPECIFIED., .F., .F.,
 ( 4, 2, 2, 2, 2, 2, 2, 2, 2, 2, 2, 2, 2, 2, 2, 2, 2, 2, 2, 4 ),
 ( 0.01682803188768024552, 0.01735325126524309147, 0.01787847064280593742, 0.01840369002036877991, 0.01892890939793162586, 0.01997934815305731776, 0.02050456753062016718, 0.02102978690818302007, 0.02155500628574587296, 0.02208022566330873626, 0.02313066441843445939, 0.02365588379599731922, 0.02418110317356018252, 0.02523154192868590912, 0.02733241943893736231, 0.02838285819406308891, 0.02943329694918882244, 0.03048373570431454904, 0.03153417445944028258, 0.03363505196969173577 ),
 .UNSPECIFIED. ) ;
#1812 = CARTESIAN_POINT ( 'NONE',  ( 34.87611168205170742, 15.31977962229192869, -31.37184343717485646 ) ) ;
#1813 = CIRCLE ( 'NONE', #1158, 2.850000000000000089 ) ;
#1814 = ORIENTED_EDGE ( 'NONE', *, *, #1166, .T. ) ;
#1815 = DIRECTION ( 'NONE',  ( 0.0000000000000000000, 0.0000000000000000000, 1.000000000000000000 ) ) ;
#1816 = DIRECTION ( 'NONE',  ( 0.0000000000000000000, 0.0000000000000000000, 1.000000000000000000 ) ) ;
#1817 = EDGE_CURVE ( 'NONE', #885, #1086, #535, .T. ) ;
#1818 = ORIENTED_EDGE ( 'NONE', *, *, #980, .T. ) ;
#1819 = CARTESIAN_POINT ( 'NONE',  ( 34.04143369389975504, 15.60968020961633229, -32.23128691790675759 ) ) ;
#1820 = AXIS2_PLACEMENT_3D ( 'NONE', #471, #2102, #973 ) ;
#1821 = ADVANCED_FACE ( 'NONE', ( #379 ), #1523, .F. ) ;
#1822 = CARTESIAN_POINT ( 'NONE',  ( 30.59612963794904772, 15.85753856901316361, -33.31805667146070249 ) ) ;
#1823 = ORIENTED_EDGE ( 'NONE', *, *, #1627, .F. ) ;
#1824 = ORIENTED_EDGE ( 'NONE', *, *, #1712, .F. ) ;
#1825 = CARTESIAN_POINT ( 'NONE',  ( -0.5083697617767606314, 30.00000000000000000, 4.146769083079067997 ) ) ;
#1826 = AXIS2_PLACEMENT_3D ( 'NONE', #1215, #741, #1885 ) ;
#1827 = VERTEX_POINT ( 'NONE', #25 ) ;
#1828 = ORIENTED_EDGE ( 'NONE', *, *, #1910, .T. ) ;
#1829 = CARTESIAN_POINT ( 'NONE',  ( 34.49999999999998579, 0.0000000000000000000, -1.450000000000002398 ) ) ;
#1830 = EDGE_LOOP ( 'NONE', ( #876, #2005, #906, #1798 ) ) ;
#1831 = CARTESIAN_POINT ( 'NONE',  ( 26.09279838013163300, 14.16000324591526294, -29.21685109640820599 ) ) ;
#1832 = EDGE_CURVE ( 'NONE', #1491, #1924, #281, .T. ) ;
#1833 = DIRECTION ( 'NONE',  ( 0.0000000000000000000, 0.0000000000000000000, 1.000000000000000000 ) ) ;
#1834 = CARTESIAN_POINT ( 'NONE',  ( -0.5492766756468835387, 8.498292876755117575, 0.3117423686504116054 ) ) ;
#1835 = ADVANCED_FACE ( 'NONE', ( #60 ), #1626, .F. ) ;
#1836 = CALENDAR_DATE ( 2019, 12, 12 ) ;
#1837 = AXIS2_PLACEMENT_3D ( 'NONE', #518, #1816, #203 ) ;
#1838 = VECTOR ( 'NONE', #1862, 1000.000000000000000 ) ;
#1839 = CIRCLE ( 'NONE', #1111, 3.049999999999998046 ) ;
#1840 = CARTESIAN_POINT ( 'NONE',  ( 34.49999999999998579, 30.00000000000000000, -4.500000000000000888 ) ) ;
#1841 = AXIS2_PLACEMENT_3D ( 'NONE', #775, #2091, #989 ) ;
#1842 = FACE_BOUND ( 'NONE', #1755, .T. ) ;
#1843 = VECTOR ( 'NONE', #406, 1000.000000000000000 ) ;
#1844 = CARTESIAN_POINT ( 'NONE',  ( 4.499999999999997335, -26.00000000000002132, -12.50000000000002665 ) ) ;
#1845 = ORIENTED_EDGE ( 'NONE', *, *, #1847, .F. ) ;
#1846 = ADVANCED_FACE ( 'NONE', ( #1471 ), #349, .F. ) ;
#1847 = EDGE_CURVE ( 'NONE', #319, #370, #1425, .T. ) ;
#1848 = CARTESIAN_POINT ( 'NONE',  ( 45.50836976177677684, 30.00000000000000000, -29.14676908307903958 ) ) ;
#1849 = CARTESIAN_POINT ( 'NONE',  ( -2.499999999999989786, 0.0000000000000000000, 0.0000000000000000000 ) ) ;
#1850 = CARTESIAN_POINT ( 'NONE',  ( 0.0000000000000000000, 16.00000000000000000, 0.0000000000000000000 ) ) ;
#1851 = ORIENTED_EDGE ( 'NONE', *, *, #956, .T. ) ;
#1852 = VERTEX_POINT ( 'NONE', #993 ) ;
#1853 = AXIS2_PLACEMENT_3D ( 'NONE', #875, #883, #1538 ) ;
#1854 = CARTESIAN_POINT ( 'NONE',  ( 40.50000000000000000, -26.00000000000002132, -12.50000000000000533 ) ) ;
#1855 = ORIENTED_EDGE ( 'NONE', *, *, #930, .T. ) ;
#1856 = ORIENTED_EDGE ( 'NONE', *, *, #562, .F. ) ;
#1857 = CARTESIAN_POINT ( 'NONE',  ( 41.00000000000000000, 16.00000000000000000, -21.49999999999997868 ) ) ;
#1858 = CARTESIAN_POINT ( 'NONE',  ( 48.00000000000000000, 16.00000000000000000, -24.50000000000000000 ) ) ;
#1859 = VERTEX_POINT ( 'NONE', #663 ) ;
#1860 = LINE ( 'NONE', #1017, #561 ) ;
#1861 = CARTESIAN_POINT ( 'NONE',  ( 30.95048813014599176, 30.00000000000000000, -23.46805667146070817 ) ) ;
#1862 = DIRECTION ( 'NONE',  ( 1.000000000000000000, -0.0000000000000000000, -0.0000000000000000000 ) ) ;
#1863 = CIRCLE ( 'NONE', #571, 4.924999999999998046 ) ;
#1864 = PLANE ( 'NONE',  #1826 ) ;
#1865 = LINE ( 'NONE', #681, #1430 ) ;
#1866 = DIRECTION ( 'NONE',  ( 0.0000000000000000000, 1.000000000000000000, 0.0000000000000000000 ) ) ;
#1867 = CYLINDRICAL_SURFACE ( 'NONE', #2076, 1.849999999999997424 ) ;
#1868 =( NAMED_UNIT ( * ) SI_UNIT ( $, .STERADIAN. ) SOLID_ANGLE_UNIT ( ) );
#1869 = CYLINDRICAL_SURFACE ( 'NONE', #584, 1.849999999999997424 ) ;
#1870 = VERTEX_POINT ( 'NONE', #17 ) ;
#1871 = DIRECTION ( 'NONE',  ( 0.0000000000000000000, 1.000000000000000000, 0.0000000000000000000 ) ) ;
#1872 = EDGE_CURVE ( 'NONE', #674, #455, #85, .T. ) ;
#1873 = PLANE ( 'NONE',  #1358 ) ;
#1874 = ORIENTED_EDGE ( 'NONE', *, *, #151, .T. ) ;
#1875 = AXIS2_PLACEMENT_3D ( 'NONE', #2016, #1039, #371 ) ;
#1876 = EDGE_LOOP ( 'NONE', ( #582, #401, #1420, #669 ) ) ;
#1877 = DIRECTION ( 'NONE',  ( 0.0000000000000000000, -1.000000000000000000, 0.0000000000000000000 ) ) ;
#1878 = ORIENTED_EDGE ( 'NONE', *, *, #2020, .F. ) ;
#1879 = EDGE_LOOP ( 'NONE', ( #1286, #809, #1361, #700, #2089, #1051, #1814, #597, #1695, #558, #1025, #100, #1099, #1612, #977, #958, #649, #71, #1724, #323 ) ) ;
#1880 = AXIS2_PLACEMENT_3D ( 'NONE', #233, #732, #727 ) ;
#1881 = ORIENTED_EDGE ( 'NONE', *, *, #246, .T. ) ;
#1882 = CARTESIAN_POINT ( 'NONE',  ( 38.48521001790602725, 16.00000000000000000, -32.88104935896031122 ) ) ;
#1883 = MECHANICAL_CONTEXT ( 'NONE', #1385, 'mechanical' ) ;
#1884 = CARTESIAN_POINT ( 'NONE',  ( 41.00000000000000000, -24.00000000000000000, -21.49999999999997868 ) ) ;
#1885 = DIRECTION ( 'NONE',  ( 0.0000000000000000000, -1.000000000000000000, 0.0000000000000000000 ) ) ;
#1886 = DIRECTION ( 'NONE',  ( 0.0000000000000000000, 0.0000000000000000000, -1.000000000000000000 ) ) ;
#1887 = VECTOR ( 'NONE', #114, 1000.000000000000000 ) ;
#1888 = LINE ( 'NONE', #587, #1353 ) ;
#1889 = CARTESIAN_POINT ( 'NONE',  ( 4.000000000000002665, 0.0000000000000000000, -1.650000000000003020 ) ) ;
#1890 = DIRECTION ( 'NONE',  ( 0.4694715627858882523, 0.0000000000000000000, -0.8829475928589283207 ) ) ;
#1891 = AXIS2_PLACEMENT_3D ( 'NONE', #256, #1404, #435 ) ;
#1892 = FACE_BOUND ( 'NONE', #1307, .T. ) ;
#1893 = DIRECTION ( 'NONE',  ( 0.0000000000000000000, -1.000000000000000000, 0.0000000000000000000 ) ) ;
#1894 = ADVANCED_FACE ( 'NONE', ( #438 ), #978, .F. ) ;
#1895 = CARTESIAN_POINT ( 'NONE',  ( 0.0000000000000000000, 6.000000000000000000, -25.00000000000000000 ) ) ;
#1896 = CARTESIAN_POINT ( 'NONE',  ( 9.119116474800641470, 13.62161769998862404, 3.516456239657483884 ) ) ;
#1897 = EDGE_CURVE ( 'NONE', #89, #1445, #764, .T. ) ;
#1898 = CARTESIAN_POINT ( 'NONE',  ( 18.10371821246723201, 9.411702376588552355, 0.5937363613251123162 ) ) ;
#1899 = ORIENTED_EDGE ( 'NONE', *, *, #1719, .T. ) ;
#1900 = VERTEX_POINT ( 'NONE', #1685 ) ;
#1901 = CARTESIAN_POINT ( 'NONE',  ( 45.54927667564692229, 8.498292876755122904, -25.31174236865041394 ) ) ;
#1902 = ORIENTED_EDGE ( 'NONE', *, *, #259, .F. ) ;
#1903 = VERTEX_POINT ( 'NONE', #1527 ) ;
#1904 = DIRECTION ( 'NONE',  ( 0.0000000000000000000, 0.0000000000000000000, -1.000000000000000000 ) ) ;
#1905 = ORIENTED_EDGE ( 'NONE', *, *, #437, .T. ) ;
#1906 = CARTESIAN_POINT ( 'NONE',  ( 18.43429240865979679, 10.65453071842770605, 1.142662084052604721 ) ) ;
#1907 = CARTESIAN_POINT ( 'NONE',  ( 3.989903600400706019, 6.000000000000000000, 0.0000000000000000000 ) ) ;
#1908 = CYLINDRICAL_SURFACE ( 'NONE', #1875, 10.00000000000000000 ) ;
#1909 = CARTESIAN_POINT ( 'NONE',  ( 10.47980720080140138, 6.710466988722567194, -4.837499276541226490E-16 ) ) ;
#1910 = EDGE_CURVE ( 'NONE', #2085, #1728, #251, .T. ) ;
#1911 = VECTOR ( 'NONE', #464, 1000.000000000000000 ) ;
#1912 = CARTESIAN_POINT ( 'NONE',  ( 18.35129027815597169, 10.35090477183316615, 0.9897280558830510167 ) ) ;
#1913 = FACE_OUTER_BOUND ( 'NONE', #1336, .T. ) ;
#1914 = CC_DESIGN_SECURITY_CLASSIFICATION ( #460, ( #1613 ) ) ;
#1915 = CARTESIAN_POINT ( 'NONE',  ( 46.63205249408246544, 30.00000000000000000, -25.00000000000000000 ) ) ;
#1916 = LINE ( 'NONE', #201, #1455 ) ;
#1917 = LINE ( 'NONE', #740, #994 ) ;
#1918 = CARTESIAN_POINT ( 'NONE',  ( 10.12388831794828548, 15.31977962229193047, 6.371843437174867120 ) ) ;
#1919 = AXIS2_PLACEMENT_3D ( 'NONE', #1840, #1662, #835 ) ;
#1920 = CARTESIAN_POINT ( 'NONE',  ( 22.49999999999999289, 0.0000000000000000000, -17.42500000000000071 ) ) ;
#1921 = DIRECTION ( 'NONE',  ( -0.8829475928589280986, -0.0000000000000000000, -0.4694715627858887519 ) ) ;
#1922 = ORIENTED_EDGE ( 'NONE', *, *, #627, .F. ) ;
#1923 = ORIENTED_EDGE ( 'NONE', *, *, #541, .T. ) ;
#1924 = VERTEX_POINT ( 'NONE', #695 ) ;
#1925 = EDGE_CURVE ( 'NONE', #605, #782, #196, .T. ) ;
#1926 = CARTESIAN_POINT ( 'NONE',  ( -2.499999999999991562, 30.00000000000000000, -25.00000000000000000 ) ) ;
#1927 = ORIENTED_EDGE ( 'NONE', *, *, #627, .T. ) ;
#1928 = AXIS2_PLACEMENT_3D ( 'NONE', #1146, #1295, #804 ) ;
#1929 = CARTESIAN_POINT ( 'NONE',  ( 45.50836976177677684, 30.00000000000000000, -29.14676908307903958 ) ) ;
#1930 = CARTESIAN_POINT ( 'NONE',  ( 14.04951186985400291, 30.00000000000000000, -1.531943328539287386 ) ) ;
#1931 = CYLINDRICAL_SURFACE ( 'NONE', #1540, 3.050000000000000711 ) ;
#1932 = CYLINDRICAL_SURFACE ( 'NONE', #1068, 3.049999999999997158 ) ;
#1933 = DIRECTION ( 'NONE',  ( 0.0000000000000000000, 0.0000000000000000000, -1.000000000000000000 ) ) ;
#1934 = PLANE ( 'NONE',  #404 ) ;
#1935 = EDGE_CURVE ( 'NONE', #52, #1341, #1297, .T. ) ;
#1936 = FACE_OUTER_BOUND ( 'NONE', #1205, .T. ) ;
#1937 = DIRECTION ( 'NONE',  ( 0.0000000000000000000, 0.0000000000000000000, -1.000000000000000000 ) ) ;
#1938 =( BOUNDED_CURVE ( )  B_SPLINE_CURVE ( 3, ( #857, #1171, #1342, #1162 ),
 .UNSPECIFIED., .F., .F. ) 
 B_SPLINE_CURVE_WITH_KNOTS ( ( 4, 4 ),
 ( 4.712388980384688786, 5.818347561900312215 ),
 .UNSPECIFIED. ) 
 CURVE ( )  GEOMETRIC_REPRESENTATION_ITEM ( )  RATIONAL_B_SPLINE_CURVE ( ( 1.000000000000000000, 0.9006423357052605327, 0.9006423357052605327, 1.000000000000000000 ) ) 
 REPRESENTATION_ITEM ( '' )  );
#1939 = EDGE_LOOP ( 'NONE', ( #1292, #1033, #756, #1922 ) ) ;
#1940 = CARTESIAN_POINT ( 'NONE',  ( 14.04951186985400291, 30.00000000000000000, 3.393056671460708884 ) ) ;
#1941 = CARTESIAN_POINT ( 'NONE',  ( -2.499999999999988898, 30.00000000000000000, 0.0000000000000000000 ) ) ;
#1942 = AXIS2_PLACEMENT_3D ( 'NONE', #1113, #789, #141 ) ;
#1943 = DIRECTION ( 'NONE',  ( 0.0000000000000000000, 0.0000000000000000000, 1.000000000000000000 ) ) ;
#1944 = VERTEX_POINT ( 'NONE', #1047 ) ;
#1945 = VERTEX_POINT ( 'NONE', #385 ) ;
#1946 = EDGE_LOOP ( 'NONE', ( #572, #805, #118, #1563, #1078, #1203, #157, #483, #1442, #1313, #929, #1694, #1362, #1533 ) ) ;
#1947 = EDGE_CURVE ( 'NONE', #1488, #1507, #1191, .T. ) ;
#1948 = DIRECTION ( 'NONE',  ( 0.0000000000000000000, 1.000000000000000000, -0.0000000000000000000 ) ) ;
#1949 = ORIENTED_EDGE ( 'NONE', *, *, #87, .F. ) ;
#1950 = ORIENTED_EDGE ( 'NONE', *, *, #1139, .T. ) ;
#1951 = VERTEX_POINT ( 'NONE', #222 ) ;
#1952 = CARTESIAN_POINT ( 'NONE',  ( 35.25174947358112831, 10.34899273338963965, -25.98881238860320764 ) ) ;
#1953 = AXIS2_PLACEMENT_3D ( 'NONE', #1433, #145, #1904 ) ;
#1954 = LOCAL_TIME ( 16, 59, 45.00000000000000000, #279 ) ;
#1955 = CARTESIAN_POINT ( 'NONE',  ( -1.350770770153238542, 6.628966103842024005, 5.590417451878379773E-17 ) ) ;
#1956 = ADVANCED_FACE ( 'NONE', ( #1732 ), #1908, .F. ) ;
#1957 = VECTOR ( 'NONE', #1478, 1000.000000000000000 ) ;
#1958 = CARTESIAN_POINT ( 'NONE',  ( 34.50004346854007764, 16.00000000000000000, -35.00000000000000000 ) ) ;
#1959 = CIRCLE ( 'NONE', #1574, 1.849999999999997424 ) ;
#1960 = VECTOR ( 'NONE', #337, 999.9999999999998863 ) ;
#1961 = CARTESIAN_POINT ( 'NONE',  ( 30.95048813014599176, 0.0000000000000000000, -28.39305667146070533 ) ) ;
#1962 = DIRECTION ( 'NONE',  ( 0.0000000000000000000, 1.000000000000000000, 0.0000000000000000000 ) ) ;
#1963 = VECTOR ( 'NONE', #348, 1000.000000000000000 ) ;
#1964 = CARTESIAN_POINT ( 'NONE',  ( 14.45937637835625011, 7.517251137602801059, -25.10842495015005937 ) ) ;
#1965 = EDGE_CURVE ( 'NONE', #1338, #1903, #331, .T. ) ;
#1966 = VECTOR ( 'NONE', #274, 1000.000000000000000 ) ;
#1967 = CARTESIAN_POINT ( 'NONE',  ( 32.67761660990898775, 15.79988750557155619, -33.00865691849425332 ) ) ;
#1968 = DIRECTION ( 'NONE',  ( 0.0000000000000000000, 0.0000000000000000000, 1.000000000000000000 ) ) ;
#1969 = DIRECTION ( 'NONE',  ( 0.0000000000000000000, 0.0000000000000000000, -1.000000000000000000 ) ) ;
#1970 = VERTEX_POINT ( 'NONE', #1354 ) ;
#1971 = CARTESIAN_POINT ( 'NONE',  ( 35.40151247211838381, 14.94920441178498827, -30.52661746243642682 ) ) ;
#1972 = EDGE_LOOP ( 'NONE', ( #121, #881 ) ) ;
#1973 = ORIENTED_EDGE ( 'NONE', *, *, #183, .F. ) ;
#1974 = CARTESIAN_POINT ( 'NONE',  ( 26.22724553648916057, 14.54143527567715743, -29.79683570881705279 ) ) ;
#1975 = ORIENTED_EDGE ( 'NONE', *, *, #1627, .T. ) ;
#1976 = EDGE_CURVE ( 'NONE', #1749, #1234, #1042, .T. ) ;
#1977 = CARTESIAN_POINT ( 'NONE',  ( -0.5083697617767606314, 14.10800146973389246, 4.146769083079067997 ) ) ;
#1978 = DIRECTION ( 'NONE',  ( 0.0000000000000000000, 0.0000000000000000000, -1.000000000000000000 ) ) ;
#1979 = APPROVAL_DATE_TIME ( #1241, #419 ) ;
#1980 = CARTESIAN_POINT ( 'NONE',  ( 29.44658379018180483, 10.48277768775042063, 1.061056874428220276 ) ) ;
#1981 = LINE ( 'NONE', #871, #1702 ) ;
#1982 = CARTESIAN_POINT ( 'NONE',  ( 14.93005807735026558, 8.646842205510017365, -25.34896725254383654 ) ) ;
#1983 = FACE_OUTER_BOUND ( 'NONE', #939, .T. ) ;
#1984 = DIRECTION ( 'NONE',  ( 0.4694715627858888074, -0.0000000000000000000, -0.8829475928589279876 ) ) ;
#1985 = VECTOR ( 'NONE', #1531, 1000.000000000000000 ) ;
#1986 = ADVANCED_FACE ( 'NONE', ( #1015 ), #1931, .F. ) ;
#1987 = EDGE_CURVE ( 'NONE', #674, #102, #106, .T. ) ;
#1988 = CARTESIAN_POINT ( 'NONE',  ( 30.95048813014600597, 15.85753856901317072, -33.31805667146070959 ) ) ;
#1989 = FACE_OUTER_BOUND ( 'NONE', #1946, .T. ) ;
#1990 = CARTESIAN_POINT ( 'NONE',  ( 22.49999999999999289, 16.00000000000000000, -17.42500000000000071 ) ) ;
#1991 = CARTESIAN_POINT ( 'NONE',  ( 14.04951186985400291, 30.00000000000000000, 8.318056671460706042 ) ) ;
#1992 = ORIENTED_EDGE ( 'NONE', *, *, #816, .F. ) ;
#1993 = AXIS2_PLACEMENT_3D ( 'NONE', #645, #798, #1933 ) ;
#1994 = DIRECTION ( 'NONE',  ( 0.7071067811865425767, 0.0000000000000000000, -0.7071067811865524577 ) ) ;
#1995 = VERTEX_POINT ( 'NONE', #1532 ) ;
#1996 = DIRECTION ( 'NONE',  ( 0.0000000000000000000, -0.0000000000000000000, -1.000000000000000000 ) ) ;
#1997 = ORIENTED_EDGE ( 'NONE', *, *, #493, .T. ) ;
#1998 = ORIENTED_EDGE ( 'NONE', *, *, #1778, .T. ) ;
#1999 = ADVANCED_FACE ( 'NONE', ( #8 ), #588, .F. ) ;
#2000 = EDGE_LOOP ( 'NONE', ( #1595, #1666 ) ) ;
#2001 = ORIENTED_EDGE ( 'NONE', *, *, #768, .T. ) ;
#2002 = CARTESIAN_POINT ( 'NONE',  ( 41.00000000000000000, 16.00000000000000000, -21.49999999999997868 ) ) ;
#2003 = ORIENTED_EDGE ( 'NONE', *, *, #1688, .T. ) ;
#2004 = DIRECTION ( 'NONE',  ( 1.000000000000000000, 0.0000000000000000000, 0.0000000000000000000 ) ) ;
#2005 = ORIENTED_EDGE ( 'NONE', *, *, #108, .T. ) ;
#2006 = EDGE_CURVE ( 'NONE', #1284, #1870, #152, .T. ) ;
#2007 = CARTESIAN_POINT ( 'NONE',  ( 22.49999999999999289, 16.00000000000000000, -12.50000000000000000 ) ) ;
#2008 = DIRECTION ( 'NONE',  ( 0.0000000000000000000, -1.000000000000000000, 0.0000000000000000000 ) ) ;
#2009 = SHAPE_DEFINITION_REPRESENTATION ( #651, #1493 ) ;
#2010 = DIRECTION ( 'NONE',  ( 0.0000000000000000000, 0.0000000000000000000, 1.000000000000000000 ) ) ;
#2011 = VECTOR ( 'NONE', #1185, 1000.000000000000000 ) ;
#2012 = CYLINDRICAL_SURFACE ( 'NONE', #730, 1.850000000000000089 ) ;
#2013 = AXIS2_PLACEMENT_3D ( 'NONE', #758, #766, #112 ) ;
#2014 = DIRECTION ( 'NONE',  ( 0.0000000000000000000, 1.000000000000000000, -0.0000000000000000000 ) ) ;
#2015 = FACE_OUTER_BOUND ( 'NONE', #1152, .T. ) ;
#2016 = CARTESIAN_POINT ( 'NONE',  ( 0.0000000000000000000, 6.000000000000000000, 10.00000000000000000 ) ) ;
#2017 = FACE_BOUND ( 'NONE', #324, .T. ) ;
#2018 = DIRECTION ( 'NONE',  ( 0.0000000000000000000, 0.0000000000000000000, 1.000000000000000000 ) ) ;
#2019 = VECTOR ( 'NONE', #2088, 1000.000000000000000 ) ;
#2020 = EDGE_CURVE ( 'NONE', #46, #1488, #1575, .T. ) ;
#2021 = DIRECTION ( 'NONE',  ( 0.0000000000000000000, 1.000000000000000000, 0.0000000000000000000 ) ) ;
#2022 = CARTESIAN_POINT ( 'NONE',  ( 45.06554493864540234, 13.45499863576844035, -28.31393671870356954 ) ) ;
#2023 = EDGE_LOOP ( 'NONE', ( #2033, #373, #678, #1130 ) ) ;
#2024 = CARTESIAN_POINT ( 'NONE',  ( 10.49999999999999645, 16.00000000000000000, -7.550000000000000711 ) ) ;
#2025 = APPROVAL ( #248, 'UNSPECIFIED' ) ;
#2026 = CARTESIAN_POINT ( 'NONE',  ( -0.5083697617767606314, 14.10800146973389246, 4.146769083079067997 ) ) ;
#2027 = ORIENTED_EDGE ( 'NONE', *, *, #151, .F. ) ;
#2028 = AXIS2_PLACEMENT_3D ( 'NONE', #1854, #1682, #564 ) ;
#2029 = DIRECTION ( 'NONE',  ( 0.0000000000000000000, 0.0000000000000000000, -1.000000000000000000 ) ) ;
#2030 = VERTEX_POINT ( 'NONE', #1176 ) ;
#2031 = EDGE_LOOP ( 'NONE', ( #882, #22, #504, #49, #184, #642, #976, #1998, #315, #937 ) ) ;
#2032 =( NAMED_UNIT ( * ) PLANE_ANGLE_UNIT ( ) SI_UNIT ( $, .RADIAN. ) );
#2033 = ORIENTED_EDGE ( 'NONE', *, *, #638, .F. ) ;
#2034 = CARTESIAN_POINT ( 'NONE',  ( 34.49999999999998579, 16.00000000000000000, -23.54999999999999716 ) ) ;
#2035 = CARTESIAN_POINT ( 'NONE',  ( 45.50836976177677684, 14.10800146973387115, -29.14676908307903958 ) ) ;
#2036 = EDGE_CURVE ( 'NONE', #102, #1800, #611, .T. ) ;
#2037 = DATE_AND_TIME ( #1494, #57 ) ;
#2038 = CARTESIAN_POINT ( 'NONE',  ( -1.632052494082438354, 30.00000000000000000, 0.0000000000000000000 ) ) ;
#2039 = APPLICATION_CONTEXT ( 'configuration controlled 3d designs of mechanical parts and assemblies' ) ;
#2040 = FACE_OUTER_BOUND ( 'NONE', #702, .T. ) ;
#2041 = DIRECTION ( 'NONE',  ( 0.0000000000000000000, 0.0000000000000000000, 1.000000000000000000 ) ) ;
#2042 = EDGE_CURVE ( 'NONE', #527, #1277, #1860, .T. ) ;
#2043 = VECTOR ( 'NONE', #575, 1000.000000000000000 ) ;
#2044 = DIRECTION ( 'NONE',  ( -0.0000000000000000000, 1.000000000000000000, -0.0000000000000000000 ) ) ;
#2045 = ADVANCED_FACE ( 'NONE', ( #126 ), #1024, .T. ) ;
#2046 = LINE ( 'NONE', #1907, #109 ) ;
#2047 = CARTESIAN_POINT ( 'NONE',  ( 40.99999999999998579, -24.00000000000000000, -5.349999999999980105 ) ) ;
#2048 = DATE_TIME_ROLE ( 'creation_date' ) ;
#2049 = FACE_OUTER_BOUND ( 'NONE', #1660, .T. ) ;
#2050 = CARTESIAN_POINT ( 'NONE',  ( -2.999999999999999556, 30.00000000000000000, -24.49999999999999289 ) ) ;
#2051 = ORIENTED_EDGE ( 'NONE', *, *, #694, .T. ) ;
#2052 = CARTESIAN_POINT ( 'NONE',  ( 48.00000000000000000, 30.00000000000000000, -24.50000000000000000 ) ) ;
#2053 = EDGE_CURVE ( 'NONE', #1125, #1079, #1398, .T. ) ;
#2054 = CARTESIAN_POINT ( 'NONE',  ( 18.96629148089603945, 13.84982284015480936, 3.794990875426969001 ) ) ;
#2055 = CARTESIAN_POINT ( 'NONE',  ( 4.000000000000002665, 16.00000000000000000, -5.350000000000003197 ) ) ;
#2056 = DATE_TIME_ROLE ( 'classification_date' ) ;
#2057 = AXIS2_PLACEMENT_3D ( 'NONE', #1465, #1629, #1793 ) ;
#2058 = ADVANCED_FACE ( 'NONE', ( #1374 ), #942, .F. ) ;
#2059 = ORIENTED_EDGE ( 'NONE', *, *, #316, .F. ) ;
#2060 = ORIENTED_EDGE ( 'NONE', *, *, #1006, .F. ) ;
#2061 = CARTESIAN_POINT ( 'NONE',  ( 9.665294539513670458, 10.65245515968045886, 1.141581347854639050 ) ) ;
#2062 = VERTEX_POINT ( 'NONE', #417 ) ;
#2063 = AXIS2_PLACEMENT_3D ( 'NONE', #880, #2021, #228 ) ;
#2064 = CLOSED_SHELL ( 'NONE', ( #204, #1771, #900, #1339, #34, #434, #1659, #105, #913, #1835, #1306, #656, #1065, #542, #1508, #696, #533, #1846, #1236, #409, #1668, #1894, #474, #1986, #679, #1617, #1708, #521, #190, #2058, #1018, #1999, #1387, #834, #1005, #1187, #847, #308, #1554, #1173, #357, #1544, #1056, #1485, #685, #45, #2045, #1349, #1956, #1821, #179, #15, #366, #245 ) ) ;
#2065 = DIRECTION ( 'NONE',  ( -0.0000000000000000000, -1.000000000000000000, -0.0000000000000000000 ) ) ;
#2066 = ORIENTED_EDGE ( 'NONE', *, *, #1197, .T. ) ;
#2067 = CARTESIAN_POINT ( 'NONE',  ( 44.75490032388289308, 10.92199972481092374, -26.28871808385891384 ) ) ;
#2068 = APPROVAL_STATUS ( 'not_yet_approved' ) ;
#2069 = ORIENTED_EDGE ( 'NONE', *, *, #78, .F. ) ;
#2070 = CARTESIAN_POINT ( 'NONE',  ( 40.99999999999998579, 30.00000000000000000, -3.499999999999982236 ) ) ;
#2071 = CYLINDRICAL_SURFACE ( 'NONE', #2057, 4.924999999999998934 ) ;
#2072 = CARTESIAN_POINT ( 'NONE',  ( 42.27719613783720831, 15.34827221008989007, -30.86481457426349451 ) ) ;
#2073 = VECTOR ( 'NONE', #188, 1000.000000000000000 ) ;
#2074 = DIRECTION ( 'NONE',  ( 0.0000000000000000000, 0.0000000000000000000, -1.000000000000000000 ) ) ;
#2075 = CARTESIAN_POINT ( 'NONE',  ( 9.234977336028553196, 12.38467031053784240, 2.272347071985275413 ) ) ;
#2076 = AXIS2_PLACEMENT_3D ( 'NONE', #516, #177, #1492 ) ;
#2077 = CYLINDRICAL_SURFACE ( 'NONE', #1820, 1.850000000000000089 ) ;
#2078 = CARTESIAN_POINT ( 'NONE',  ( 18.59227759188495099, 11.24910560208959964, 1.481550519949178968 ) ) ;
#2079 = DIRECTION ( 'NONE',  ( 0.0000000000000000000, 0.0000000000000000000, -1.000000000000000000 ) ) ;
#2080 = DIRECTION ( 'NONE',  ( -0.0000000000000000000, -1.000000000000000000, -0.0000000000000000000 ) ) ;
#2081 = DIRECTION ( 'NONE',  ( 0.0000000000000000000, 0.0000000000000000000, 1.000000000000000000 ) ) ;
#2082 = ORIENTED_EDGE ( 'NONE', *, *, #2106, .T. ) ;
#2083 = EDGE_CURVE ( 'NONE', #1341, #1852, #511, .T. ) ;
#2084 = CARTESIAN_POINT ( 'NONE',  ( 18.86457802775864323, 12.38733644418959123, 2.274530960899567855 ) ) ;
#2085 = VERTEX_POINT ( 'NONE', #754 ) ;
#2086 = ORIENTED_EDGE ( 'NONE', *, *, #1352, .T. ) ;
#2087 = ORIENTED_EDGE ( 'NONE', *, *, #1675, .F. ) ;
#2088 = DIRECTION ( 'NONE',  ( -0.0000000000000000000, -1.000000000000000000, -0.0000000000000000000 ) ) ;
#2089 = ORIENTED_EDGE ( 'NONE', *, *, #413, .T. ) ;
#2090 = CARTESIAN_POINT ( 'NONE',  ( 16.41690931407184095, 15.73595043909405433, 7.715310013911711451 ) ) ;
#2091 = DIRECTION ( 'NONE',  ( 0.0000000000000000000, -1.000000000000000000, 0.0000000000000000000 ) ) ;
#2092 = PERSON_AND_ORGANIZATION ( #224, #327 ) ;
#2093 = DIRECTION ( 'NONE',  ( 0.0000000000000000000, 0.0000000000000000000, -1.000000000000000000 ) ) ;
#2094 = DIRECTION ( 'NONE',  ( 0.0000000000000000000, 0.0000000000000000000, -1.000000000000000000 ) ) ;
#2095 = EDGE_CURVE ( 'NONE', #828, #1900, #1676, .T. ) ;
#2096 = VECTOR ( 'NONE', #359, 1000.000000000000000 ) ;
#2097 = DIRECTION ( 'NONE',  ( 0.0000000000000000000, 0.0000000000000000000, -1.000000000000000000 ) ) ;
#2098 = LINE ( 'NONE', #1752, #1887 ) ;
#2099 = AXIS2_PLACEMENT_3D ( 'NONE', #1212, #91, #263 ) ;
#2100 = CARTESIAN_POINT ( 'NONE',  ( 10.49999999999999645, 0.0000000000000000000, -17.44999999999999929 ) ) ;
#2101 = CIRCLE ( 'NONE', #378, 1.850000000000000977 ) ;
#2102 = DIRECTION ( 'NONE',  ( -0.0000000000000000000, 1.000000000000000000, -0.0000000000000000000 ) ) ;
#2103 = ORIENTED_EDGE ( 'NONE', *, *, #2095, .F. ) ;
#2104 = AXIS2_PLACEMENT_3D ( 'NONE', #1542, #1557, #1890 ) ;
#2105 =( BOUNDED_CURVE ( )  B_SPLINE_CURVE ( 3, ( #1593, #785, #128, #668 ),
 .UNSPECIFIED., .F., .T. ) 
 B_SPLINE_CURVE_WITH_KNOTS ( ( 4, 4 ),
 ( 4.712388980384688786, 5.818347561900310438 ),
 .UNSPECIFIED. ) 
 CURVE ( )  GEOMETRIC_REPRESENTATION_ITEM ( )  RATIONAL_B_SPLINE_CURVE ( ( 1.000000000000000000, 0.9006423357052608658, 0.9006423357052608658, 1.000000000000000000 ) ) 
 REPRESENTATION_ITEM ( '' )  );
#2106 = EDGE_CURVE ( 'NONE', #393, #1263, #684, .T. ) ;
#2107 = DIRECTION ( 'NONE',  ( -0.0000000000000000000, -1.000000000000000000, -0.0000000000000000000 ) ) ;
#2108 = CARTESIAN_POINT ( 'NONE',  ( 0.0000000000000000000, 16.00000000000000000, 0.0000000000000000000 ) ) ;
#2109 = ORIENTED_EDGE ( 'NONE', *, *, #206, .F. ) ;
#2110 = ORIENTED_EDGE ( 'NONE', *, *, #214, .T. ) ;
#2111 = CARTESIAN_POINT ( 'NONE',  ( 4.000000000000002665, 16.00000000000000000, -3.500000000000003109 ) ) ;
ENDSEC;
END-ISO-10303-21;
