ISO-10303-21;
HEADER;
FILE_DESCRIPTION (( 'STEP AP203' ),
    '1' );
FILE_NAME ('Port stick.STEP',
    '2019-12-12T16:56:11',
    ( '' ),
    ( '' ),
    'SwSTEP 2.0',
    'SolidWorks 2018',
    '' );
FILE_SCHEMA (( 'CONFIG_CONTROL_DESIGN' ));
ENDSEC;

DATA;
#1 = CARTESIAN_POINT ( 'NONE',  ( 15.89139017318745140, -50.94921295852529397, 46.34485099145886267 ) ) ;
#2 = VERTEX_POINT ( 'NONE', #3285 ) ;
#3 = EDGE_LOOP ( 'NONE', ( #3180, #3841, #3421 ) ) ;
#4 = ORIENTED_EDGE ( 'NONE', *, *, #2641, .F. ) ;
#5 = DATE_AND_TIME ( #2578, #2531 ) ;
#6 = PRODUCT_DEFINITION ( 'UNKNOWN', '', #2156, #1794 ) ;
#7 = ADVANCED_FACE ( 'NONE', ( #3470 ), #103, .F. ) ;
#8 = ORIENTED_EDGE ( 'NONE', *, *, #730, .T. ) ;
#9 = EDGE_CURVE ( 'NONE', #159, #3314, #2616, .T. ) ;
#10 = CARTESIAN_POINT ( 'NONE',  ( -87.68560166977792392, -54.00000000000000711, 51.72557043453008419 ) ) ;
#11 = CARTESIAN_POINT ( 'NONE',  ( -87.99999999999982947, -46.00000000000000000, 43.00000000000070344 ) ) ;
#12 = ORIENTED_EDGE ( 'NONE', *, *, #3142, .F. ) ;
#13 = CIRCLE ( 'NONE', #2949, 4.000000000000003553 ) ;
#14 = CARTESIAN_POINT ( 'NONE',  ( 13.33333333333353465, -53.77123616632826497, 48.00000000000002132 ) ) ;
#15 = CARTESIAN_POINT ( 'NONE',  ( -85.00000000436635617, -52.43370876159533367, 48.82044289923074842 ) ) ;
#16 = CARTESIAN_POINT ( 'NONE',  ( 8.127016653792574985, -49.00000000000000000, 17.00000000000002842 ) ) ;
#17 = AXIS2_PLACEMENT_3D ( 'NONE', #1486, #3458, #3726 ) ;
#18 = FACE_OUTER_BOUND ( 'NONE', #48, .T. ) ;
#19 = CARTESIAN_POINT ( 'NONE',  ( -85.22666500956292168, -47.04929269614792275, 54.70590919533940877 ) ) ;
#20 = CIRCLE ( 'NONE', #3553, 1.000000000000000888 ) ;
#21 = CARTESIAN_POINT ( 'NONE',  ( -87.24898167798872350, -52.75054237040731664, 54.98524569386411542 ) ) ;
#22 = CARTESIAN_POINT ( 'NONE',  ( 10.96286972611572352, -53.87206659477380555, 48.88860917834530539 ) ) ;
#23 = CARTESIAN_POINT ( 'NONE',  ( -87.52587201139630224, -48.81546280427869533, 57.24316920602054637 ) ) ;
#24 = CARTESIAN_POINT ( 'NONE',  ( 8.472915459191424858, 9.999999999999991118, 14.46065410564152920 ) ) ;
#25 = CARTESIAN_POINT ( 'NONE',  ( 12.78812923804782642, -46.07838797052831836, 31.72564065827579327 ) ) ;
#26 = CARTESIAN_POINT ( 'NONE',  ( -90.99999999999982947, -51.00000000000000000, 43.00000000000072475 ) ) ;
#27 = CARTESIAN_POINT ( 'NONE',  ( 9.264462236311777232, -47.08138514516462436, 28.21515230264120078 ) ) ;
#28 = DIRECTION ( 'NONE',  ( 1.000000000000000000, 0.0000000000000000000, -6.938893903907218911E-15 ) ) ;
#29 =( BOUNDED_SURFACE ( )  B_SPLINE_SURFACE ( 3, 2, ( 
 ( #2323, #706, #3279 ),
 ( #393, #721, #2978 ),
 ( #1035, #3291, #1368 ),
 ( #1688, #2008, #2756 ),
 ( #1145, #1418, #173 ),
 ( #1119, #1777, #141 ),
 ( #1106, #3697, #3373 ),
 ( #4013, #3399, #3071 ),
 ( #126, #827, #2086 ),
 ( #2744, #1441, #3359 ),
 ( #2731, #3998, #3713 ),
 ( #506, #3055, #815 ),
 ( #2403, #2419, #2063 ),
 ( #1455, #1469, #3044 ),
 ( #3685, #490, #1762 ),
 ( #1429, #1804, #3660 ),
 ( #2075, #3087, #3675 ),
 ( #2716, #1746, #1790 ),
 ( #463, #2389, #2102 ),
 ( #158, #2379, #2045 ),
 ( #475, #1130, #3345 ),
 ( #3388, #184, #798 ) ),
 .UNSPECIFIED., .F., .F., .T. ) 
 B_SPLINE_SURFACE_WITH_KNOTS ( ( 4, 2, 2, 2, 2, 2, 2, 2, 2, 2, 4 ),
 ( 3, 3 ),
 ( -2.190892329909250650E-05, 0.0009696215938469792328, 0.001961152110993050982, 0.003944213145285194698, 0.004935743662431267206, 0.005927274179577338847, 0.007910335213869482129, 0.009893396248161625411, 0.01187645728245376869, 0.01385951831674591198, 0.01584257935103805526 ),
 ( 0.0000000000000000000, 1.000000000000000000 ),
 .UNSPECIFIED. ) 
 GEOMETRIC_REPRESENTATION_ITEM ( )  RATIONAL_B_SPLINE_SURFACE ( (
 ( 1.000000000000000000, 1.000000000000000000, 1.000000000000000000),
 ( 1.000000000000000000, 0.9999992754397855066, 1.000000000000000000),
 ( 1.000000000000000000, 0.9995635331988714789, 1.000000000000000000),
 ( 1.000000000000000000, 0.9980961440152664732, 1.000000000000000000),
 ( 1.000000000000000000, 0.9970653796013347892, 1.000000000000000000),
 ( 1.000000000000000000, 0.9934037574076587385, 1.000000000000000000),
 ( 1.000000000000000000, 0.9901918173432997516, 1.000000000000000000),
 ( 1.000000000000000000, 0.9853514227653021873, 1.000000000000000000),
 ( 1.000000000000000000, 0.9837221804440978712, 1.000000000000000000),
 ( 1.000000000000000000, 0.9805280818425656797, 1.000000000000000000),
 ( 1.000000000000000000, 0.9789577745016226906, 1.000000000000000000),
 ( 1.000000000000000000, 0.9744883432862484485, 1.000000000000000000),
 ( 1.000000000000000000, 0.9719014977281731360, 1.000000000000000000),
 ( 1.000000000000000000, 0.9678095496755066973, 1.000000000000000000),
 ( 1.000000000000000000, 0.9663030056427244219, 1.000000000000000000),
 ( 1.000000000000000000, 0.9646139339886266040, 1.000000000000000000),
 ( 1.000000000000000000, 0.9643982708567212514, 1.000000000000000000),
 ( 1.000000000000000000, 0.9651118461704361051, 1.000000000000000000),
 ( 1.000000000000000000, 0.9660271170509111549, 1.000000000000000000),
 ( 1.000000000000000000, 0.9685501612690174955, 1.000000000000000000),
 ( 1.000000000000000000, 0.9701778825796756323, 1.000000000000000000),
 ( 1.000000000000000000, 0.9718253158075510489, 1.000000000000000000) ) ) 
 REPRESENTATION_ITEM ( '' )  SURFACE ( )  );
#30 = EDGE_CURVE ( 'NONE', #1802, #1556, #2622, .T. ) ;
#31 = ORIENTED_EDGE ( 'NONE', *, *, #2150, .F. ) ;
#32 = CARTESIAN_POINT ( 'NONE',  ( 11.60228427630773851, -0.4617574084322959016, 14.01502473014259920 ) ) ;
#33 = DIRECTION ( 'NONE',  ( -0.0000000000000000000, -1.000000000000000000, -0.0000000000000000000 ) ) ;
#34 = EDGE_CURVE ( 'NONE', #245, #3896, #2108, .T. ) ;
#35 = PLANE ( 'NONE',  #3516 ) ;
#36 = ORIENTED_EDGE ( 'NONE', *, *, #775, .T. ) ;
#37 = CARTESIAN_POINT ( 'NONE',  ( -87.99999999999980105, -54.00000000000000000, 48.67511466915521368 ) ) ;
#38 = CARTESIAN_POINT ( 'NONE',  ( 11.19359966330318734, -49.12317507440270958, 14.00000000000000711 ) ) ;
#39 = CARTESIAN_POINT ( 'NONE',  ( 9.084241522089982368, -47.26093190085535412, 27.58702560539211035 ) ) ;
#40 = ORIENTED_EDGE ( 'NONE', *, *, #3029, .T. ) ;
#41 = CARTESIAN_POINT ( 'NONE',  ( 12.00000000000000000, -50.00000000000000000, 18.00000000000000355 ) ) ;
#42 = CARTESIAN_POINT ( 'NONE',  ( -85.00000000436629932, -47.56629123840416895, 55.17955710077026765 ) ) ;
#43 = EDGE_LOOP ( 'NONE', ( #2603, #1965, #1494 ) ) ;
#44 = CIRCLE ( 'NONE', #1998, 7.000000000000006217 ) ;
#45 = CARTESIAN_POINT ( 'NONE',  ( 22.39999999999999858, 3.000000000000001332, 0.0000000000000000000 ) ) ;
#46 = ADVANCED_FACE ( 'NONE', ( #3181 ), #3022, .F. ) ;
#47 = CARTESIAN_POINT ( 'NONE',  ( 11.21459292754727244, -54.00000000000001421, 51.73819764251568643 ) ) ;
#48 = EDGE_LOOP ( 'NONE', ( #4094, #2891, #2708, #2674 ) ) ;
#49 = FACE_OUTER_BOUND ( 'NONE', #542, .T. ) ;
#50 = CARTESIAN_POINT ( 'NONE',  ( -84.99999999999980105, -47.71428571428571530, 48.71739277340751784 ) ) ;
#51 = ORIENTED_EDGE ( 'NONE', *, *, #923, .T. ) ;
#52 = CARTESIAN_POINT ( 'NONE',  ( 11.59145688527281770, -47.22290319951424209, 14.00000000000000533 ) ) ;
#53 = CARTESIAN_POINT ( 'NONE',  ( 9.681728957196737539, -46.73883200536336346, 29.41408929248784077 ) ) ;
#54 = LINE ( 'NONE', #4023, #1454 ) ;
#55 = CARTESIAN_POINT ( 'NONE',  ( 14.63769205143643148, -53.25254244051818375, 49.11821492756060792 ) ) ;
#56 = ORIENTED_EDGE ( 'NONE', *, *, #3020, .F. ) ;
#57 = APPROVAL_DATE_TIME ( #5, #1813 ) ;
#58 = CARTESIAN_POINT ( 'NONE',  ( 15.43000726247194265, 11.99999999999997691, 16.24024974709013946 ) ) ;
#59 = CARTESIAN_POINT ( 'NONE',  ( 11.83340894258060771, 11.99999999999998757, 13.67821928086768146 ) ) ;
#60 = CARTESIAN_POINT ( 'NONE',  ( -85.28811870077815627, -46.97050878810881613, 49.38214160276352516 ) ) ;
#61 = VERTEX_POINT ( 'NONE', #2037 ) ;
#62 = EDGE_CURVE ( 'NONE', #2299, #3107, #742, .T. ) ;
#63 = FACE_OUTER_BOUND ( 'NONE', #154, .T. ) ;
#64 = CARTESIAN_POINT ( 'NONE',  ( -87.99999999999972999, -48.94472752333817311, 58.92000000000071225 ) ) ;
#65 = CARTESIAN_POINT ( 'NONE',  ( 1.600000000000001643, 13.00000000000000178, 0.0000000000000000000 ) ) ;
#66 = CIRCLE ( 'NONE', #2632, 3.000000000000002665 ) ;
#67 = CARTESIAN_POINT ( 'NONE',  ( 11.77626815784670455, -45.14273808534370858, 22.85726191465628432 ) ) ;
#68 = DIRECTION ( 'NONE',  ( 1.000000000000000000, 0.0000000000000000000, -6.938893903907227589E-15 ) ) ;
#69 = AXIS2_PLACEMENT_3D ( 'NONE', #584, #1176, #3098 ) ;
#70 = DIRECTION ( 'NONE',  ( 0.0000000000000000000, 0.0000000000000000000, -1.000000000000000000 ) ) ;
#71 = CARTESIAN_POINT ( 'NONE',  ( 8.881710584304878253, 10.73880121263169585, 15.06736522117377675 ) ) ;
#72 = B_SPLINE_CURVE_WITH_KNOTS ( 'NONE', 3,
 ( #3892, #2623, #999, #1638, #361, #2586, #693, #1026, #3539, #1665, #1943, #3255, #2952, #1977, #3873, #2607 ),
 .UNSPECIFIED., .F., .F.,
 ( 4, 2, 2, 2, 2, 2, 2, 4 ),
 ( 0.003473104263890199050, 0.003905597591940427899, 0.004338090919990656748, 0.004770584248040886030, 0.005203077576091114445, 0.005635570904141342860, 0.006068064232191572142, 0.006933050888292009890 ),
 .UNSPECIFIED. ) ;
#73 = DIRECTION ( 'NONE',  ( -1.000000000000000000, 0.0000000000000000000, 0.0000000000000000000 ) ) ;
#74 = CARTESIAN_POINT ( 'NONE',  ( 7.980408095417464764, -49.73870946503699741, 47.98040809541729601 ) ) ;
#75 = CARTESIAN_POINT ( 'NONE',  ( 15.06114693816572547, 10.76445627061238852, 13.63602989755759687 ) ) ;
#76 = ADVANCED_FACE ( 'NONE', ( #1361 ), #1216, .F. ) ;
#77 = CARTESIAN_POINT ( 'NONE',  ( 15.69807838596008764, 11.99999999999997513, 16.93959321204399870 ) ) ;
#78 = CARTESIAN_POINT ( 'NONE',  ( 10.21183859765961977, -46.42155064870979686, 30.52466500244310055 ) ) ;
#79 = CARTESIAN_POINT ( 'NONE',  ( 14.68132035520204681, -52.97626496005918284, 45.69429087476899554 ) ) ;
#80 = ORIENTED_EDGE ( 'NONE', *, *, #2951, .T. ) ;
#81 = PLANE ( 'NONE',  #3148 ) ;
#82 = EDGE_CURVE ( 'NONE', #651, #899, #1769, .T. ) ;
#83 = CARTESIAN_POINT ( 'NONE',  ( 9.837343719722827728, 12.00000000041321258, 14.62999789332289069 ) ) ;
#84 = CARTESIAN_POINT ( 'NONE',  ( -85.14557478668078261, -52.82975785803250091, 54.83250505252349427 ) ) ;
#85 = ORIENTED_EDGE ( 'NONE', *, *, #3192, .T. ) ;
#86 = CARTESIAN_POINT ( 'NONE',  ( 7.426862969788414759, -51.32527409373450666, 47.42686296979069738 ) ) ;
#87 = CARTESIAN_POINT ( 'NONE',  ( 12.00000000000023981, -46.00000000000000000, 52.00000000000000711 ) ) ;
#88 = EDGE_LOOP ( 'NONE', ( #996, #2203, #2561, #2324 ) ) ;
#89 = CARTESIAN_POINT ( 'NONE',  ( 12.89689460651074349, 11.91019240863955453, 13.61529560911287184 ) ) ;
#90 = ORIENTED_EDGE ( 'NONE', *, *, #3424, .T. ) ;
#91 = CIRCLE ( 'NONE', #3251, 1.400000000000000133 ) ;
#92 = ADVANCED_FACE ( 'NONE', ( #2883 ), #120, .F. ) ;
#93 = CARTESIAN_POINT ( 'NONE',  ( 7.999999999999998224, -50.00000000000000000, 18.00000000000002842 ) ) ;
#94 = CARTESIAN_POINT ( 'NONE',  ( 9.975846236135271994, 11.45161070330821751, 12.03208287851439628 ) ) ;
#95 = ORIENTED_EDGE ( 'NONE', *, *, #4079, .F. ) ;
#96 = EDGE_LOOP ( 'NONE', ( #623, #3023, #3228, #51, #3415, #761, #3610, #3259 ) ) ;
#97 = CARTESIAN_POINT ( 'NONE',  ( 8.000000000000003553, 8.685870789865271391, 17.72565168405254710 ) ) ;
#98 = CARTESIAN_POINT ( 'NONE',  ( -84.99999999999980105, -47.71428571428571530, 48.71739277340751784 ) ) ;
#99 = FACE_OUTER_BOUND ( 'NONE', #1852, .T. ) ;
#100 = CARTESIAN_POINT ( 'NONE',  ( 0.09627452088786177253, -49.47766206273551859, 48.03209150696270768 ) ) ;
#101 = DIRECTION ( 'NONE',  ( 0.2500000000000027756, -0.9682458365518535892, -1.745740669421586005E-15 ) ) ;
#102 =( BOUNDED_CURVE ( )  B_SPLINE_CURVE ( 3, ( #1621, #666, #1338, #341 ),
 .UNSPECIFIED., .F., .T. ) 
 B_SPLINE_CURVE_WITH_KNOTS ( ( 4, 4 ),
 ( 4.712388980384689674, 4.965069235526768487 ),
 .UNSPECIFIED. ) 
 CURVE ( )  GEOMETRIC_REPRESENTATION_ITEM ( )  RATIONAL_B_SPLINE_CURVE ( ( 1.000000000000000000, 0.9946864641781110183, 0.9946864641781110183, 1.000000000000000000 ) ) 
 REPRESENTATION_ITEM ( '' )  );
#103 = CYLINDRICAL_SURFACE ( 'NONE', #2131, 1.399999999999998579 ) ;
#104 = CARTESIAN_POINT ( 'NONE',  ( -87.99999999999977263, -54.00000000000000000, 52.00000000000070344 ) ) ;
#105 = CARTESIAN_POINT ( 'NONE',  ( 12.34220591985222448, 11.98958013034681613, 13.40091303798337030 ) ) ;
#106 = ORIENTED_EDGE ( 'NONE', *, *, #2221, .F. ) ;
#107 = COORDINATED_UNIVERSAL_TIME_OFFSET ( 0, 0, .AHEAD. ) ;
#108 = AXIS2_PLACEMENT_3D ( 'NONE', #1056, #101, #2687 ) ;
#109 = EDGE_CURVE ( 'NONE', #2963, #1355, #4003, .T. ) ;
#110 = CARTESIAN_POINT ( 'NONE',  ( 13.33333333333353998, -53.77123616632827208, 48.00000000000000711 ) ) ;
#111 = CYLINDRICAL_SURFACE ( 'NONE', #3681, 1.399999999999998579 ) ;
#112 = PLANE ( 'NONE',  #997 ) ;
#113 = CARTESIAN_POINT ( 'NONE',  ( 13.33333333333353465, -53.77123616632826497, 48.00000000000002132 ) ) ;
#114 = EDGE_CURVE ( 'NONE', #2568, #3263, #707, .T. ) ;
#115 = CARTESIAN_POINT ( 'NONE',  ( 7.293791479948420253, -49.29957796643680723, 47.29379147994753652 ) ) ;
#116 = LINE ( 'NONE', #729, #1465 ) ;
#117 = CARTESIAN_POINT ( 'NONE',  ( 14.73531144008564908, 11.12834240807010744, 13.44615437729835072 ) ) ;
#118 = ADVANCED_FACE ( 'NONE', ( #3958 ), #2171, .T. ) ;
#119 = CARTESIAN_POINT ( 'NONE',  ( 8.000000000002634337, 7.249163087970306840, 17.24916308796636599 ) ) ;
#120 = PLANE ( 'NONE',  #3292 ) ;
#121 = AXIS2_PLACEMENT_3D ( 'NONE', #3082, #4009, #3094 ) ;
#122 = CARTESIAN_POINT ( 'NONE',  ( 11.99999999999997335, -46.00000000000000000, 14.00000000000000178 ) ) ;
#123 = CARTESIAN_POINT ( 'NONE',  ( 13.51488537794314304, -0.2160279056493151495, 14.29359513677667337 ) ) ;
#124 = CARTESIAN_POINT ( 'NONE',  ( 9.016306895957612255, 10.67145809140822621, 12.29603418051298647 ) ) ;
#125 = B_SPLINE_CURVE_WITH_KNOTS ( 'NONE', 3,
 ( #3117, #4028, #2822, #2124 ),
 .UNSPECIFIED., .F., .F.,
 ( 4, 4 ),
 ( 0.0000000000000000000, 0.003863733322159252671 ),
 .UNSPECIFIED. ) ;
#126 = CARTESIAN_POINT ( 'NONE',  ( 16.00000000021502444, -47.77211153469637850, 48.67619404983600617 ) ) ;
#127 = CARTESIAN_POINT ( 'NONE',  ( 8.051321614980949448, -50.65197679522133001, 40.15396484494240781 ) ) ;
#128 = DIRECTION ( 'NONE',  ( 1.000000000000000000, 0.0000000000000000000, 0.0000000000000000000 ) ) ;
#129 = EDGE_LOOP ( 'NONE', ( #133, #2253, #3951 ) ) ;
#130 = CARTESIAN_POINT ( 'NONE',  ( 9.980695735140129088, -37.90261722599461791, 21.45639507748134278 ) ) ;
#131 = DIRECTION ( 'NONE',  ( 9.912705577010090272E-15, 0.0000000000000000000, 1.000000000000000000 ) ) ;
#132 = DIRECTION ( 'NONE',  ( -1.000000000000000000, 0.0000000000000000000, 0.0000000000000000000 ) ) ;
#133 = ORIENTED_EDGE ( 'NONE', *, *, #3921, .F. ) ;
#134 = CARTESIAN_POINT ( 'NONE',  ( 8.276112798800317805, 6.298516268266242335, 13.74629067066561205 ) ) ;
#135 = ADVANCED_FACE ( 'NONE', ( #2470 ), #3370, .F. ) ;
#136 = CC_DESIGN_SECURITY_CLASSIFICATION ( #2544, ( #2156 ) ) ;
#137 = CARTESIAN_POINT ( 'NONE',  ( -87.99999999999977263, -46.00000000000000000, 52.00000000000070344 ) ) ;
#138 = EDGE_CURVE ( 'NONE', #1000, #2269, #1563, .T. ) ;
#139 = DIRECTION ( 'NONE',  ( 1.000000000000000000, 0.0000000000000000000, -6.982962677686266711E-15 ) ) ;
#140 = ORIENTED_EDGE ( 'NONE', *, *, #3029, .F. ) ;
#141 = CARTESIAN_POINT ( 'NONE',  ( 15.93470332164574543, -49.25413730180411420, 46.60401612761458523 ) ) ;
#142 = CARTESIAN_POINT ( 'NONE',  ( 9.952812782951742321, -46.38124603314313532, 49.95281278295920657 ) ) ;
#143 = EDGE_LOOP ( 'NONE', ( #453, #1848, #895, #1660, #1663 ) ) ;
#144 = CARTESIAN_POINT ( 'NONE',  ( 11.99999999999997513, -46.00000000000000000, 14.00000000000000178 ) ) ;
#145 = CIRCLE ( 'NONE', #3275, 3.000000000000002665 ) ;
#146 = AXIS2_PLACEMENT_3D ( 'NONE', #661, #1946, #1640 ) ;
#147 = CARTESIAN_POINT ( 'NONE',  ( 8.556433806681285503, 2.883933224205332380, 15.95357328968167998 ) ) ;
#148 = ORIENTED_EDGE ( 'NONE', *, *, #3216, .F. ) ;
#149 = CARTESIAN_POINT ( 'NONE',  ( -87.68560166974189940, -46.00000000000000000, 52.27442956543005437 ) ) ;
#150 = CARTESIAN_POINT ( 'NONE',  ( 8.000000000000149214, -50.00000000000000000, 40.00000000000003553 ) ) ;
#151 = CIRCLE ( 'NONE', #3321, 4.000000000000005329 ) ;
#152 = ADVANCED_FACE ( 'NONE', ( #1316 ), #3464, .T. ) ;
#153 = CARTESIAN_POINT ( 'NONE',  ( 8.000000000000000000, 8.000000000000000000, 18.00000000000000355 ) ) ;
#154 = EDGE_LOOP ( 'NONE', ( #2525, #4036, #40, #3626, #3752, #3320 ) ) ;
#155 = CARTESIAN_POINT ( 'NONE',  ( 16.00000000000000000, 8.000000000000000000, 18.00000000000000355 ) ) ;
#156 = DIRECTION ( 'NONE',  ( 9.912705577010287487E-15, 0.0000000000000000000, 1.000000000000000000 ) ) ;
#157 = B_SPLINE_CURVE_WITH_KNOTS ( 'NONE', 3,
 ( #1985, #3893, #1380, #3637, #3946, #764, #423, #1027, #2034, #3268, #1704, #2326, #117, #734, #75, #3319, #3004, #2677 ),
 .UNSPECIFIED., .F., .F.,
 ( 4, 2, 2, 2, 2, 2, 2, 2, 4 ),
 ( 0.0000000000000000000, 0.0002609338517722787710, 0.0005218677035445575419, 0.001043735407089114433, 0.001565603110633671108, 0.002087470814178227999, 0.002609338517722785324, 0.003131206221267341348, 0.004174941628356457733 ),
 .UNSPECIFIED. ) ;
#158 = CARTESIAN_POINT ( 'NONE',  ( 16.00000000004244072, -46.34093250496938765, 50.37831430764604335 ) ) ;
#159 = VERTEX_POINT ( 'NONE', #2487 ) ;
#160 = UNCERTAINTY_MEASURE_WITH_UNIT (LENGTH_MEASURE( 1.000000000000000082E-05 ), #1481, 'distance_accuracy_value', 'NONE');
#161 = CARTESIAN_POINT ( 'NONE',  ( 10.30669820039114803, -46.37273308161707774, 14.37273310057732800 ) ) ;
#162 = ADVANCED_FACE ( 'NONE', ( #2528 ), #3536, .F. ) ;
#163 = LINE ( 'NONE', #2277, #2480 ) ;
#164 = CARTESIAN_POINT ( 'NONE',  ( 9.420476121341765818, -39.29445736669043754, 21.05872646642979262 ) ) ;
#165 = DIRECTION ( 'NONE',  ( 0.0000000000000000000, 1.000000000000000000, 0.0000000000000000000 ) ) ;
#166 = CARTESIAN_POINT ( 'NONE',  ( 13.58130984963703547, 11.69299290235902689, 13.49026054875993452 ) ) ;
#167 = EDGE_CURVE ( 'NONE', #251, #1439, #3069, .T. ) ;
#168 = LINE ( 'NONE', #3672, #1978 ) ;
#169 = CARTESIAN_POINT ( 'NONE',  ( 12.96824583655183538, -49.75000000000000000, 13.99999999999999467 ) ) ;
#170 = CARTESIAN_POINT ( 'NONE',  ( 8.679256857628498523, -42.14652111205697338, 20.24385111086137101 ) ) ;
#171 = DIRECTION ( 'NONE',  ( 9.912705577010090272E-15, 0.0000000000000000000, 1.000000000000000000 ) ) ;
#172 = CARTESIAN_POINT ( 'NONE',  ( 20.99999999999999645, 13.00000000000000355, 0.0000000000000000000 ) ) ;
#173 = CARTESIAN_POINT ( 'NONE',  ( 15.97518257231506489, -49.54450700856505563, 47.06565776208144314 ) ) ;
#174 = AXIS2_PLACEMENT_3D ( 'NONE', #1683, #3308, #2318 ) ;
#175 = CARTESIAN_POINT ( 'NONE',  ( 12.00000000000023803, -45.99999999999999289, 52.00000000000000711 ) ) ;
#176 = CARTESIAN_POINT ( 'NONE',  ( 10.25556062864810514, -37.38970452309078496, 21.60294156563715617 ) ) ;
#177 = DIRECTION ( 'NONE',  ( 0.0000000000000000000, -0.0000000000000000000, -1.000000000000000000 ) ) ;
#178 = AXIS2_PLACEMENT_3D ( 'NONE', #2563, #3543, #1252 ) ;
#179 = CARTESIAN_POINT ( 'NONE',  ( 14.82024709818549368, 10.91940537395738353, 14.36107968566829385 ) ) ;
#180 = CARTESIAN_POINT ( 'NONE',  ( 15.65397202815213618, -48.09935160007047017, 24.65226939975334020 ) ) ;
#181 = DIRECTION ( 'NONE',  ( -1.000000000000000000, 0.0000000000000000000, 6.942363350859181992E-15 ) ) ;
#182 = B_SPLINE_CURVE_WITH_KNOTS ( 'NONE', 3,
 ( #2955, #38, #992, #1323, #52, #1019, #383, #1335, #1346, #1971, #365, #3578 ),
 .UNSPECIFIED., .F., .F.,
 ( 4, 2, 2, 2, 2, 4 ),
 ( 0.0000000000000000000, 0.001941076922087129654, 0.002911615383130705323, 0.003396884613652493591, 0.003639519228913376883, 0.003882153844174261043 ),
 .UNSPECIFIED. ) ;
#183 = CARTESIAN_POINT ( 'NONE',  ( 9.760403757915797840, -38.40014725131217688, 21.31424365693045431 ) ) ;
#184 = CARTESIAN_POINT ( 'NONE',  ( 14.58823529411784392, -46.67243867676913993, 49.41176470588249003 ) ) ;
#185 = EDGE_LOOP ( 'NONE', ( #203, #3848, #1567, #12, #1397, #3669, #1389 ) ) ;
#186 = CARTESIAN_POINT ( 'NONE',  ( 7.138761209031189381, -49.45671639649610540, 47.13876120901696254 ) ) ;
#187 = CARTESIAN_POINT ( 'NONE',  ( 9.283646444845262025, -47.05550412272565808, 15.05550413079042116 ) ) ;
#188 = CARTESIAN_POINT ( 'NONE',  ( 13.93919312232812402, -53.50365951493326122, 46.60958301195524456 ) ) ;
#189 = ORIENTED_EDGE ( 'NONE', *, *, #4132, .T. ) ;
#190 = CARTESIAN_POINT ( 'NONE',  ( 15.66606055596467684, 9.599999999999988987, 14.00000000000002665 ) ) ;
#191 = CARTESIAN_POINT ( 'NONE',  ( 14.76197121903992482, 11.99999999986174792, 15.10562587951900682 ) ) ;
#192 = CARTESIAN_POINT ( 'NONE',  ( 15.39081675258157667, -52.48008014868858595, 47.22518520450310575 ) ) ;
#193 = ORIENTED_EDGE ( 'NONE', *, *, #923, .F. ) ;
#194 = CARTESIAN_POINT ( 'NONE',  ( 8.064258686261478459, -48.99613835771222625, 19.00386164228382313 ) ) ;
#195 = CARTESIAN_POINT ( 'NONE',  ( 12.97623156966769642, -36.41785990604583390, 21.88061936533097196 ) ) ;
#196 = EDGE_CURVE ( 'NONE', #1509, #2915, #401, .T. ) ;
#197 = CARTESIAN_POINT ( 'NONE',  ( 8.020050251573522360, 8.999999999999978684, 17.60000000000001208 ) ) ;
#198 = VERTEX_POINT ( 'NONE', #3523 ) ;
#199 = CARTESIAN_POINT ( 'NONE',  ( 9.935811706766388696, -38.00796919385482653, 21.42625045593961275 ) ) ;
#200 = CARTESIAN_POINT ( 'NONE',  ( -87.99999999999980105, -46.00000000000000000, 47.26465890886714050 ) ) ;
#201 = CARTESIAN_POINT ( 'NONE',  ( 10.87713132360496893, -0.3458179510449168603, 14.15741844822973938 ) ) ;
#202 = CARTESIAN_POINT ( 'NONE',  ( 7.652396137353839833, -50.78556235263464913, 47.65239613735366930 ) ) ;
#203 = ORIENTED_EDGE ( 'NONE', *, *, #1102, .F. ) ;
#204 = ORIENTED_EDGE ( 'NONE', *, *, #2246, .F. ) ;
#205 = LINE ( 'NONE', #1466, #1921 ) ;
#206 = CARTESIAN_POINT ( 'NONE',  ( 14.33858576880109226, -46.75253701717183219, 29.36612044142313849 ) ) ;
#207 = CARTESIAN_POINT ( 'NONE',  ( 15.60387497780480182, 11.99999999999997513, 16.25751494047390722 ) ) ;
#208 = VERTEX_POINT ( 'NONE', #190 ) ;
#209 = CARTESIAN_POINT ( 'NONE',  ( 15.99522628049317774, -50.90167868023844733, 48.05176599005699245 ) ) ;
#210 = VERTEX_POINT ( 'NONE', #3802 ) ;
#211 = CARTESIAN_POINT ( 'NONE',  ( 12.54640030261836081, -36.12867494590080497, 21.96336797368959637 ) ) ;
#212 = VECTOR ( 'NONE', #870, 1000.000000000000000 ) ;
#213 = CARTESIAN_POINT ( 'NONE',  ( 1.600000000000002531, 2.999999999999999112, -45.00000000000000711 ) ) ;
#214 = CARTESIAN_POINT ( 'NONE',  ( -87.65490853482845068, -46.06127004905437872, 51.17116387429599911 ) ) ;
#215 = CARTESIAN_POINT ( 'NONE',  ( 10.60979785774062201, 2.871506695390383168, 14.18236898163981152 ) ) ;
#216 = VECTOR ( 'NONE', #946, 1000.000000000000000 ) ;
#217 = CARTESIAN_POINT ( 'NONE',  ( 14.68410999025477004, -48.07553520425578597, 13.99999999999998401 ) ) ;
#218 = EDGE_CURVE ( 'NONE', #735, #362, #454, .T. ) ;
#219 = CARTESIAN_POINT ( 'NONE',  ( 16.00000000000022027, -50.11837669734060796, 47.71096022766264610 ) ) ;
#220 = CARTESIAN_POINT ( 'NONE',  ( 12.62745917500019566, -44.97786991521512334, 23.02213008477951917 ) ) ;
#221 = EDGE_CURVE ( 'NONE', #2174, #950, #803, .T. ) ;
#222 = CARTESIAN_POINT ( 'NONE',  ( 4.400000000000001243, 2.999999999999999112, 8.000000000000000000 ) ) ;
#223 = DIRECTION ( 'NONE',  ( 1.000000000000000000, 0.0000000000000000000, -6.938893903907227589E-15 ) ) ;
#224 = CARTESIAN_POINT ( 'NONE',  ( 13.99900629477336089, -37.87280219033132767, 21.46488864629941418 ) ) ;
#225 = APPLICATION_PROTOCOL_DEFINITION ( 'international standard', 'config_control_design', 1994, #2522 ) ;
#226 = CARTESIAN_POINT ( 'NONE',  ( -87.47580982951384954, -47.57287801967847685, 48.77233416790959808 ) ) ;
#227 = AXIS2_PLACEMENT_3D ( 'NONE', #2044, #1065, #772 ) ;
#228 = CARTESIAN_POINT ( 'NONE',  ( 10.39742868045081003, 3.167992212117329842, 14.20347946598194611 ) ) ;
#229 = CARTESIAN_POINT ( 'NONE',  ( 16.00000000000000000, 8.274348315947472443, 17.31412921013468420 ) ) ;
#230 = CARTESIAN_POINT ( 'NONE',  ( 12.81434780374755888, -49.12139511496641830, 13.99999999999999822 ) ) ;
#231 = CARTESIAN_POINT ( 'NONE',  ( 13.33333333333346715, -46.22876383367171371, 48.00000000000022737 ) ) ;
#232 = CARTESIAN_POINT ( 'NONE',  ( 14.10918451982844068, -43.31318797476843230, 22.39934680775086306 ) ) ;
#233 = CARTESIAN_POINT ( 'NONE',  ( 19.60000000000000142, 3.000000000000001332, -45.00000000000000711 ) ) ;
#234 = ORIENTED_EDGE ( 'NONE', *, *, #1329, .T. ) ;
#235 =( BOUNDED_CURVE ( )  B_SPLINE_CURVE ( 3, ( #197, #3995, #3355, #3386 ),
 .UNSPECIFIED., .F., .T. ) 
 B_SPLINE_CURVE_WITH_KNOTS ( ( 4, 4 ),
 ( 1.470628905633338812, 1.570796326794896558 ),
 .UNSPECIFIED. ) 
 CURVE ( )  GEOMETRIC_REPRESENTATION_ITEM ( )  RATIONAL_B_SPLINE_CURVE ( ( 1.000000000000000000, 0.9991640487402216886, 0.9991640487402216886, 1.000000000000000000 ) ) 
 REPRESENTATION_ITEM ( '' )  );
#236 = CARTESIAN_POINT ( 'NONE',  ( 15.19999999999998863, 5.599999999999992539, 11.99999999999997691 ) ) ;
#237 = CARTESIAN_POINT ( 'NONE',  ( 13.81015160292352206, -46.43300150450299668, 30.48455244094673944 ) ) ;
#238 = CARTESIAN_POINT ( 'NONE',  ( 15.99999999998020606, -46.49498213521238910, 50.28668167613410134 ) ) ;
#239 = CARTESIAN_POINT ( 'NONE',  ( 8.569605143072065445, 12.00000000000063061, 16.24126347768131140 ) ) ;
#240 = DATE_TIME_ROLE ( 'creation_date' ) ;
#241 = VERTEX_POINT ( 'NONE', #606 ) ;
#242 = DIRECTION ( 'NONE',  ( -0.9949874371066201872, 0.0000000000000000000, -0.09999999999999821532 ) ) ;
#243 = DIRECTION ( 'NONE',  ( 1.000000000000000000, 0.0000000000000000000, -6.938893903907227589E-15 ) ) ;
#244 = DIRECTION ( 'NONE',  ( 0.0000000000000000000, 0.0000000000000000000, -1.000000000000000000 ) ) ;
#245 = VERTEX_POINT ( 'NONE', #2570 ) ;
#246 = CARTESIAN_POINT ( 'NONE',  ( 15.70605410890100728, -48.46292079110570228, 16.46292079151892906 ) ) ;
#247 = CARTESIAN_POINT ( 'NONE',  ( 15.93749913281498287, -49.26756437766234598, 46.62534310615977518 ) ) ;
#248 = AXIS2_PLACEMENT_3D ( 'NONE', #3325, #3297, #789 ) ;
#249 = CARTESIAN_POINT ( 'NONE',  ( 11.00318117281062058, 11.98145362853180274, 13.99839521059836400 ) ) ;
#250 = EDGE_CURVE ( 'NONE', #2087, #1710, #504, .T. ) ;
#251 = VERTEX_POINT ( 'NONE', #1287 ) ;
#252 = DIRECTION ( 'NONE',  ( 1.000000000000000000, 0.0000000000000000000, -6.983996714282626151E-15 ) ) ;
#253 = CARTESIAN_POINT ( 'NONE',  ( 14.20379982290582710, -53.54270083551426751, 49.79620017709677171 ) ) ;
#254 = FACE_OUTER_BOUND ( 'NONE', #2035, .T. ) ;
#255 = DIRECTION ( 'NONE',  ( -6.938893903907227589E-15, -0.0000000000000000000, -1.000000000000000000 ) ) ;
#256 = CARTESIAN_POINT ( 'NONE',  ( 14.84469361163495371, -47.18768070392094671, 27.84342098707891111 ) ) ;
#257 = EDGE_LOOP ( 'NONE', ( #2209, #1615, #658, #2058 ) ) ;
#258 = EDGE_LOOP ( 'NONE', ( #2652, #1094, #1548, #783, #3124, #702, #4100, #648, #403, #2574 ) ) ;
#259 = LINE ( 'NONE', #3382, #2617 ) ;
#260 = EDGE_CURVE ( 'NONE', #263, #210, #3864, .T. ) ;
#261 = CARTESIAN_POINT ( 'NONE',  ( -87.66743883521378677, -48.69910503090022047, 46.53278688430414434 ) ) ;
#262 = CARTESIAN_POINT ( 'NONE',  ( -87.17958942557268642, -46.89320387949826596, 49.39040086023616993 ) ) ;
#263 = VERTEX_POINT ( 'NONE', #2247 ) ;
#264 = CARTESIAN_POINT ( 'NONE',  ( 11.14266665574010062, 2.417004861370734226, 14.08190365924518517 ) ) ;
#265 = VECTOR ( 'NONE', #2909, 1000.000000000000000 ) ;
#266 = CARTESIAN_POINT ( 'NONE',  ( 12.40522850370848396, -47.22390435981383661, 13.99999999999999822 ) ) ;
#267 = CARTESIAN_POINT ( 'NONE',  ( 15.41472505554168038, -47.91167756613337048, 45.51382648570785250 ) ) ;
#268 = ORIENTED_EDGE ( 'NONE', *, *, #1992, .T. ) ;
#269 = CARTESIAN_POINT ( 'NONE',  ( 8.646040263999060116, 10.18777218874743440, 12.85787380152563841 ) ) ;
#270 = DIRECTION ( 'NONE',  ( -6.938893903907227589E-15, -0.0000000000000000000, -1.000000000000000000 ) ) ;
#271 = CARTESIAN_POINT ( 'NONE',  ( -84.99999999999972999, -45.99999999999553069, 57.74456264653559856 ) ) ;
#272 = CARTESIAN_POINT ( 'NONE',  ( 14.23269709727355270, -46.54426279542536093, 47.90719174138195058 ) ) ;
#273 = CARTESIAN_POINT ( 'NONE',  ( 13.96160612577274840, -46.51365887993207338, 30.20227201016856355 ) ) ;
#274 = CARTESIAN_POINT ( 'NONE',  ( 13.78549552764352093, -46.31642113392251048, 48.65299764589179432 ) ) ;
#275 = DIRECTION ( 'NONE',  ( 1.000000000000000000, 0.0000000000000000000, 0.0000000000000000000 ) ) ;
#276 = CIRCLE ( 'NONE', #2854, 1.399999999999998579 ) ;
#277 = CARTESIAN_POINT ( 'NONE',  ( 11.22360395979827530, -36.26614640455586880, 21.92395831615348456 ) ) ;
#278 = CARTESIAN_POINT ( 'NONE',  ( 10.78686687116486276, 11.82679918244001804, 13.53764480392194614 ) ) ;
#279 = CARTESIAN_POINT ( 'NONE',  ( 11.99999999945942442, -46.00000000000000000, 32.00000000000000000 ) ) ;
#280 = CARTESIAN_POINT ( 'NONE',  ( 15.55826464661000053, -48.16691776032271832, 45.61247238002734150 ) ) ;
#281 = CARTESIAN_POINT ( 'NONE',  ( 10.67184524586738625, 11.78058371082473244, 12.34106688038726496 ) ) ;
#282 = CARTESIAN_POINT ( 'NONE',  ( 13.32833338795996525, 11.78052088189329538, 12.34094124107607904 ) ) ;
#283 = DIRECTION ( 'NONE',  ( -1.000000000000000000, 1.734723475976807094E-15, 0.0000000000000000000 ) ) ;
#284 = EDGE_CURVE ( 'NONE', #2966, #2362, #3131, .T. ) ;
#285 = CARTESIAN_POINT ( 'NONE',  ( 15.00472079718778318, -52.89657894652538772, 47.28390425469891056 ) ) ;
#286 = DIRECTION ( 'NONE',  ( -6.938893903907222067E-15, 0.0000000000000000000, -1.000000000000000000 ) ) ;
#287 = CARTESIAN_POINT ( 'NONE',  ( 12.45311273605174840, -46.01929436552017449, 50.64066179184754191 ) ) ;
#288 = CARTESIAN_POINT ( 'NONE',  ( 14.21206948710484852, -38.33555400677660430, 21.33269824786006552 ) ) ;
#289 = CARTESIAN_POINT ( 'NONE',  ( 9.989595953340263179, -37.89643461747217401, 21.45812496497000765 ) ) ;
#290 = DIRECTION ( 'NONE',  ( -1.000000000000000000, -0.0000000000000000000, 6.938893903907227589E-15 ) ) ;
#291 = CARTESIAN_POINT ( 'NONE',  ( 14.14083499267274746, 4.617797706875166774, 12.00000000017225688 ) ) ;
#292 = DIRECTION ( 'NONE',  ( -0.0000000000000000000, -1.000000000000000000, -0.0000000000000000000 ) ) ;
#293 = CARTESIAN_POINT ( 'NONE',  ( 13.81818181818202795, -53.63544490420705557, 48.53285794598438940 ) ) ;
#294 = CARTESIAN_POINT ( 'NONE',  ( 11.16822563549253644, 11.99608814470759910, 14.05031254969148691 ) ) ;
#295 = ORIENTED_EDGE ( 'NONE', *, *, #2787, .F. ) ;
#296 = CARTESIAN_POINT ( 'NONE',  ( 19.59999999999999787, 13.00000000000000355, 0.0000000000000000000 ) ) ;
#297 = CARTESIAN_POINT ( 'NONE',  ( 14.90494084596250701, -46.57855704915029804, 21.42144295085170924 ) ) ;
#298 = ORIENTED_EDGE ( 'NONE', *, *, #1224, .F. ) ;
#299 = CARTESIAN_POINT ( 'NONE',  ( 14.23959624201844854, -46.68575634302506216, 29.59985274884322948 ) ) ;
#300 = DIRECTION ( 'NONE',  ( 6.982962677686266711E-15, 0.0000000000000000000, 1.000000000000000000 ) ) ;
#301 = ORIENTED_EDGE ( 'NONE', *, *, #3192, .F. ) ;
#302 = CARTESIAN_POINT ( 'NONE',  ( 11.48489196003309409, -36.11668997055090813, 21.96681882529673757 ) ) ;
#303 = CARTESIAN_POINT ( 'NONE',  ( 15.12287980282077982, 1.742932678507219668, 15.49717307042770997 ) ) ;
#304 = ORIENTED_EDGE ( 'NONE', *, *, #3448, .F. ) ;
#305 = CARTESIAN_POINT ( 'NONE',  ( 0.0000000000000000000, 16.00000000000000000, 0.0000000000000000000 ) ) ;
#306 = CIRCLE ( 'NONE', #638, 4.000000000000000000 ) ;
#307 = AXIS2_PLACEMENT_3D ( 'NONE', #858, #1544, #275 ) ;
#308 = CARTESIAN_POINT ( 'NONE',  ( 11.93735736776408274, 11.99964394381877497, 13.88092158874135329 ) ) ;
#309 = ADVANCED_FACE ( 'NONE', ( #1620 ), #3574, .F. ) ;
#310 = EDGE_CURVE ( 'NONE', #1759, #3482, #2081, .T. ) ;
#311 = EDGE_LOOP ( 'NONE', ( #2977, #1619, #3862 ) ) ;
#312 = VERTEX_POINT ( 'NONE', #1569 ) ;
#313 = FACE_OUTER_BOUND ( 'NONE', #258, .T. ) ;
#314 = CARTESIAN_POINT ( 'NONE',  ( -87.18636475658360041, -53.22355675885790305, 49.54140512955181208 ) ) ;
#315 = ORIENTED_EDGE ( 'NONE', *, *, #2997, .T. ) ;
#316 = CARTESIAN_POINT ( 'NONE',  ( 15.99999999998901323, -53.06522842816357155, 48.77303417724561996 ) ) ;
#317 = COORDINATED_UNIVERSAL_TIME_OFFSET ( 0, 0, .AHEAD. ) ;
#318 = EDGE_LOOP ( 'NONE', ( #1402, #3985, #3132, #2305 ) ) ;
#319 = CARTESIAN_POINT ( 'NONE',  ( 14.58793970375992011, 4.947237528714167887, 11.99999999995485211 ) ) ;
#320 = LOCAL_TIME ( 16, 56, 11.00000000000000000, #2280 ) ;
#321 = CARTESIAN_POINT ( 'NONE',  ( 16.00000000000023448, -50.00000000000000000, 51.99999999999997868 ) ) ;
#322 = CARTESIAN_POINT ( 'NONE',  ( -87.99999999999977263, -54.00000000000000000, 52.00000000000070344 ) ) ;
#323 = CARTESIAN_POINT ( 'NONE',  ( 15.99999999999999289, 5.817136661667980491, 17.12685466466718864 ) ) ;
#324 = CIRCLE ( 'NONE', #108, 3.000000000000000888 ) ;
#325 = CARTESIAN_POINT ( 'NONE',  ( -85.04490922717556600, -52.61689704097171472, 48.96829071668810940 ) ) ;
#326 = DIRECTION ( 'NONE',  ( 1.000000000000000000, -0.0000000000000000000, -6.983996714282626151E-15 ) ) ;
#327 = CARTESIAN_POINT ( 'NONE',  ( 14.73525381463299411, -53.12647985973941189, 47.43146489061717119 ) ) ;
#328 = CARTESIAN_POINT ( 'NONE',  ( 13.47235726389704524, -46.28072054937662472, 31.01748849728483748 ) ) ;
#329 = CARTESIAN_POINT ( 'NONE',  ( 16.00000000057667648, -51.81891392160004273, 48.42916105919645986 ) ) ;
#330 = AXIS2_PLACEMENT_3D ( 'NONE', #1535, #3215, #1940 ) ;
#331 = CARTESIAN_POINT ( 'NONE',  ( -85.62942966698342673, -53.34229714448390780, 54.20348483093454917 ) ) ;
#332 = EDGE_CURVE ( 'NONE', #2299, #399, #2721, .T. ) ;
#333 = DIRECTION ( 'NONE',  ( -6.938893903907222067E-15, 0.0000000000000000000, -1.000000000000000000 ) ) ;
#334 = CARTESIAN_POINT ( 'NONE',  ( 10.94965600652334459, -53.92117332760765436, 50.94965600652029281 ) ) ;
#335 = CARTESIAN_POINT ( 'NONE',  ( 14.58823529411786168, -53.32756132323083165, 49.41176470588234793 ) ) ;
#336 = CARTESIAN_POINT ( 'NONE',  ( -87.20402656066838176, -49.14140098539768786, 56.88754472842694554 ) ) ;
#337 = EDGE_CURVE ( 'NONE', #2568, #208, #2712, .T. ) ;
#338 = CARTESIAN_POINT ( 'NONE',  ( 0.0000000000000000000, 16.00000000000000000, 8.000000000000000000 ) ) ;
#339 = CARTESIAN_POINT ( 'NONE',  ( 13.02950641516402186, -46.13435966168789548, 31.52970975603868453 ) ) ;
#340 = ORIENTED_EDGE ( 'NONE', *, *, #3994, .T. ) ;
#341 = CARTESIAN_POINT ( 'NONE',  ( 8.127016653792574985, -49.00000000000000000, 17.00000000000002842 ) ) ;
#342 = VERTEX_POINT ( 'NONE', #2290 ) ;
#343 = CARTESIAN_POINT ( 'NONE',  ( 14.68594673653450933, 11.99999999999997691, 14.11994635226801442 ) ) ;
#344 =( BOUNDED_SURFACE ( )  B_SPLINE_SURFACE ( 3, 2, ( 
 ( #3808, #2163, #1240 ),
 ( #582, #3492, #4125 ),
 ( #1542, #239, #887 ),
 ( #1558, #3141, #3451 ),
 ( #2835, #1281, #3531 ),
 ( #1602, #647, #2354 ) ),
 .UNSPECIFIED., .F., .F., .T. ) 
 B_SPLINE_SURFACE_WITH_KNOTS ( ( 4, 2, 4 ),
 ( 3, 3 ),
 ( 0.0000000000000000000, 0.002190224506700647316, 0.004380449013401294632 ),
 ( 0.0000000000000000000, 1.000000000000000000 ),
 .UNSPECIFIED. ) 
 GEOMETRIC_REPRESENTATION_ITEM ( )  RATIONAL_B_SPLINE_SURFACE ( (
 ( 1.000000000000000000, 0.7071067811865454633, 1.000000000000000000),
 ( 1.000000000000000000, 0.7332888675255047062, 1.000000000000000000),
 ( 1.000000000000000000, 0.7584656156319267151, 1.000000000000000000),
 ( 1.000000000000000000, 0.8070432997729528601, 1.000000000000000000),
 ( 1.000000000000000000, 0.8304457378337296580, 1.000000000000000000),
 ( 1.000000000000000000, 0.8530754902117374527, 1.000000000000000000) ) ) 
 REPRESENTATION_ITEM ( '' )  SURFACE ( )  );
#345 = CARTESIAN_POINT ( 'NONE',  ( -86.65923099131055096, -53.83209354236048938, 53.18560919529433306 ) ) ;
#346 = ORIENTED_EDGE ( 'NONE', *, *, #3865, .T. ) ;
#347 = CARTESIAN_POINT ( 'NONE',  ( 10.22739517467832826, -53.59533184179327492, 46.68218552403897093 ) ) ;
#348 = CARTESIAN_POINT ( 'NONE',  ( -87.85487718002154622, -52.25979950912458349, 48.69934801857087336 ) ) ;
#349 = EDGE_LOOP ( 'NONE', ( #507, #56, #2343 ) ) ;
#350 = CARTESIAN_POINT ( 'NONE',  ( 12.00000000000000000, 11.99999999999997513, 18.00000000000000355 ) ) ;
#351 = VECTOR ( 'NONE', #3634, 1000.000000000000000 ) ;
#352 = CARTESIAN_POINT ( 'NONE',  ( 9.764210577784737666, -46.68318707150902469, 29.60884522923007367 ) ) ;
#353 = CARTESIAN_POINT ( 'NONE',  ( 16.00000000000021672, -50.00000000000000000, 47.99999999999997158 ) ) ;
#354 = ORIENTED_EDGE ( 'NONE', *, *, #3968, .F. ) ;
#355 = ORIENTED_EDGE ( 'NONE', *, *, #3537, .F. ) ;
#356 = FACE_OUTER_BOUND ( 'NONE', #2860, .T. ) ;
#357 = CARTESIAN_POINT ( 'NONE',  ( -87.99999999999718625, -47.71428571428618426, 55.28260722659419457 ) ) ;
#358 = ORIENTED_EDGE ( 'NONE', *, *, #866, .T. ) ;
#359 = DIRECTION ( 'NONE',  ( 1.000000000000000000, 0.0000000000000000000, -6.938893903907218911E-15 ) ) ;
#360 = EDGE_CURVE ( 'NONE', #2694, #711, #473, .T. ) ;
#361 = CARTESIAN_POINT ( 'NONE',  ( -87.04304272626552574, -50.65421134685226434, 47.24368666181634779 ) ) ;
#362 = VERTEX_POINT ( 'NONE', #3163 ) ;
#363 = DIRECTION ( 'NONE',  ( 0.2500000000000002776, 0.9682458365518541443, -1.734723475976809461E-15 ) ) ;
#364 = CARTESIAN_POINT ( 'NONE',  ( 12.51510803918682768, -46.03318117460168679, 31.88331002978276629 ) ) ;
#365 = CARTESIAN_POINT ( 'NONE',  ( 11.95975271091440995, -46.07015297413160226, 14.00000000000000711 ) ) ;
#366 = CARTESIAN_POINT ( 'NONE',  ( 10.32219358646246299, -46.36887066753244113, 30.70914359480005018 ) ) ;
#367 = CIRCLE ( 'NONE', #1394, 1.000000000000005995 ) ;
#368 = CARTESIAN_POINT ( 'NONE',  ( 15.97518257231506489, -50.45549299143495858, 47.06565776207914098 ) ) ;
#369 = CARTESIAN_POINT ( 'NONE',  ( -87.85487718001888879, -47.74020049086837503, 55.30065198143086036 ) ) ;
#370 = DIRECTION ( 'NONE',  ( 1.000000000000000000, 0.0000000000000000000, -6.938893903907227589E-15 ) ) ;
#371 = CARTESIAN_POINT ( 'NONE',  ( 10.42922309326787733, -53.97421564845187447, 51.47640769775458125 ) ) ;
#372 = DIRECTION ( 'NONE',  ( 0.0000000000000000000, 1.000000000000000000, 0.0000000000000000000 ) ) ;
#373 = CARTESIAN_POINT ( 'NONE',  ( 9.601707730874949220, -46.79716016788336219, 29.20991100830433140 ) ) ;
#374 = DIRECTION ( 'NONE',  ( 1.000000000000000000, 0.0000000000000000000, -6.938893903907218911E-15 ) ) ;
#375 = EDGE_CURVE ( 'NONE', #2224, #2401, #72, .T. ) ;
#376 = CARTESIAN_POINT ( 'NONE',  ( 11.29128298018229337, 11.93789491436990780, 12.92847492866850878 ) ) ;
#377 = CARTESIAN_POINT ( 'NONE',  ( -87.99999999999977263, -46.00000000000000000, 52.00000000000070344 ) ) ;
#378 = CARTESIAN_POINT ( 'NONE',  ( 15.57113907143923015, 9.807342693090371100, 13.51877424141139450 ) ) ;
#379 = CARTESIAN_POINT ( 'NONE',  ( -90.99999999999974420, -50.00000000000000000, 56.60000000000071907 ) ) ;
#380 = AXIS2_PLACEMENT_3D ( 'NONE', #3970, #777, #3990 ) ;
#381 = EDGE_LOOP ( 'NONE', ( #1816, #502, #1459, #3746 ) ) ;
#382 = CARTESIAN_POINT ( 'NONE',  ( -87.99999999999977263, -54.00000000000000000, 52.00000000000070344 ) ) ;
#383 = CARTESIAN_POINT ( 'NONE',  ( 11.75223888456700649, -46.59782847913665194, 14.00000000000000000 ) ) ;
#384 = CARTESIAN_POINT ( 'NONE',  ( 10.78449274414168713, -46.18844635722245329, 31.34041447124229052 ) ) ;
#385 = VERTEX_POINT ( 'NONE', #64 ) ;
#386 = DIRECTION ( 'NONE',  ( 1.000000000000000000, 0.0000000000000000000, -6.982962677686266711E-15 ) ) ;
#387 = AXIS2_PLACEMENT_3D ( 'NONE', #3728, #848, #2746 ) ;
#388 = CARTESIAN_POINT ( 'NONE',  ( 15.27675423711997915, 10.36740939059096078, 13.32123628779042512 ) ) ;
#389 = CARTESIAN_POINT ( 'NONE',  ( 8.333939444035328492, 11.99999999999997513, 16.40000000000000568 ) ) ;
#390 = B_SPLINE_CURVE_WITH_KNOTS ( 'NONE', 3,
 ( #2832, #2129, #209, #1839, #1173, #4065, #2158, #1528, #1160, #4021, #192, #517, #3408, #285, #1265, #327, #3498, #4133, #3792, #2534 ),
 .UNSPECIFIED., .F., .F.,
 ( 4, 2, 2, 2, 2, 2, 2, 2, 2, 4 ),
 ( 0.0000000000000000000, 0.0002861581185421700107, 0.0005723162370843400213, 0.001144632474168681777, 0.001716948711253023533, 0.002289264948337367891, 0.002575423066879541697, 0.002861581185421715936, 0.003433897422506060077, 0.004578529896674740120 ),
 .UNSPECIFIED. ) ;
#391 = ORIENTED_EDGE ( 'NONE', *, *, #3652, .F. ) ;
#392 = VECTOR ( 'NONE', #2805, 1000.000000000000000 ) ;
#393 = CARTESIAN_POINT ( 'NONE',  ( 16.00000000000021672, -49.74061630851922189, 48.00000001586866460 ) ) ;
#394 = CARTESIAN_POINT ( 'NONE',  ( 8.000000000000145661, -49.86910030625259793, 40.00000000000002842 ) ) ;
#395 = ORIENTED_EDGE ( 'NONE', *, *, #1224, .T. ) ;
#396 = CARTESIAN_POINT ( 'NONE',  ( 11.99999999999900524, -46.00000000000000000, 14.00000000000000178 ) ) ;
#397 = VECTOR ( 'NONE', #1649, 1000.000000000000000 ) ;
#398 = CARTESIAN_POINT ( 'NONE',  ( -87.99999999999978684, -53.99999999999999289, 49.92518390828867325 ) ) ;
#399 = VERTEX_POINT ( 'NONE', #2512 ) ;
#400 = CARTESIAN_POINT ( 'NONE',  ( 10.05214948978074396, -46.50629871965502815, 30.22800379607487287 ) ) ;
#401 = LINE ( 'NONE', #3764, #3028 ) ;
#402 = CARTESIAN_POINT ( 'NONE',  ( 15.99999999978577847, -52.40032376958405536, 48.79849741272112595 ) ) ;
#403 = ORIENTED_EDGE ( 'NONE', *, *, #838, .T. ) ;
#404 = LOCAL_TIME ( 16, 56, 11.00000000000000000, #1715 ) ;
#405 = CARTESIAN_POINT ( 'NONE',  ( 8.660800505231387447, 10.20430943871582130, 12.84442811131126660 ) ) ;
#406 = CARTESIAN_POINT ( 'NONE',  ( -87.99999999999972999, -54.00000000000000000, 57.74456264653841231 ) ) ;
#407 = DIRECTION ( 'NONE',  ( -1.000000000000000000, -0.0000000000000000000, 6.938893903907227589E-15 ) ) ;
#408 = ORIENTED_EDGE ( 'NONE', *, *, #3581, .F. ) ;
#409 = AXIS2_PLACEMENT_3D ( 'NONE', #2394, #2747, #441 ) ;
#410 = LINE ( 'NONE', #622, #624 ) ;
#411 = CARTESIAN_POINT ( 'NONE',  ( 2.012279232133095977E-13, -49.86910030625259793, 48.00000000000008527 ) ) ;
#412 = CARTESIAN_POINT ( 'NONE',  ( 11.71067934174839209, -46.75363999064377651, 14.00000000000000533 ) ) ;
#413 = ADVANCED_FACE ( 'NONE', ( #3812 ), #3881, .F. ) ;
#414 =( BOUNDED_CURVE ( )  B_SPLINE_CURVE ( 3, ( #2628, #1670, #3874, #1001 ),
 .UNSPECIFIED., .F., .T. ) 
 B_SPLINE_CURVE_WITH_KNOTS ( ( 4, 4 ),
 ( 4.406877377904164859E-17, 1.318116071652819077 ),
 .UNSPECIFIED. ) 
 CURVE ( )  GEOMETRIC_REPRESENTATION_ITEM ( )  RATIONAL_B_SPLINE_CURVE ( ( 1.000000000000000000, 0.8603796100280629577, 0.8603796100280629577, 1.000000000000000000 ) ) 
 REPRESENTATION_ITEM ( '' )  );
#415 = VECTOR ( 'NONE', #1728, 1000.000000000000000 ) ;
#416 = AXIS2_PLACEMENT_3D ( 'NONE', #1942, #2289, #2584 ) ;
#417 = PLANE ( 'NONE',  #679 ) ;
#418 = CARTESIAN_POINT ( 'NONE',  ( 8.000000000000000000, -49.23404464054671337, 18.21884438840988452 ) ) ;
#419 = CARTESIAN_POINT ( 'NONE',  ( 9.351053405918392514, 12.00000000013843326, 15.00183914649567285 ) ) ;
#420 = CARTESIAN_POINT ( 'NONE',  ( 8.556789850038006406, 10.31285693540162463, 15.68714306459996877 ) ) ;
#421 = CARTESIAN_POINT ( 'NONE',  ( -87.99999999999981526, -49.00000000000000000, 46.00000000000071054 ) ) ;
#422 = CARTESIAN_POINT ( 'NONE',  ( 7.084916235162402209, -50.16902880666810915, 47.08491623516146518 ) ) ;
#423 = CARTESIAN_POINT ( 'NONE',  ( 13.45691626121830531, 11.89010411632931152, 13.77031743035234435 ) ) ;
#424 = CARTESIAN_POINT ( 'NONE',  ( 9.171727038589864378, -40.08325092992906491, 20.83335687690764360 ) ) ;
#425 = EDGE_CURVE ( 'NONE', #1622, #241, #1973, .T. ) ;
#426 = CARTESIAN_POINT ( 'NONE',  ( 15.50118930763652614, -51.94678401216423680, 45.55289735261298034 ) ) ;
#427 = ADVANCED_FACE ( 'NONE', ( #4109 ), #852, .F. ) ;
#428 = AXIS2_PLACEMENT_3D ( 'NONE', #938, #1928, #3193 ) ;
#429 = EDGE_LOOP ( 'NONE', ( #3991, #958, #1490, #3691 ) ) ;
#430 = CARTESIAN_POINT ( 'NONE',  ( 12.39325309259309726, -0.4621325371943276195, 14.01451554137349831 ) ) ;
#431 = EDGE_CURVE ( 'NONE', #2408, #2224, #3273, .T. ) ;
#432 = CARTESIAN_POINT ( 'NONE',  ( 12.00000000000000000, 11.99999999999997513, 18.00000000000000355 ) ) ;
#433 = CARTESIAN_POINT ( 'NONE',  ( 7.999999999999968914, -50.00000000000000000, 14.00000000000003020 ) ) ;
#434 = DIRECTION ( 'NONE',  ( -4.625929269271481378E-15, 0.0000000000000000000, -1.000000000000000000 ) ) ;
#435 = EDGE_LOOP ( 'NONE', ( #2469, #1960, #941, #903 ) ) ;
#436 = CARTESIAN_POINT ( 'NONE',  ( 9.560040832597053395, -53.18043050242624048, 44.68012249778941936 ) ) ;
#437 = CARTESIAN_POINT ( 'NONE',  ( 15.99999999999999645, 8.334031067423733674, 17.86638757303050440 ) ) ;
#438 = AXIS2_PLACEMENT_3D ( 'NONE', #918, #2814, #3169 ) ;
#439 = CARTESIAN_POINT ( 'NONE',  ( 8.000000000000003553, 8.000000000000012434, 18.00000000000001421 ) ) ;
#440 = VERTEX_POINT ( 'NONE', #3130 ) ;
#441 = DIRECTION ( 'NONE',  ( 1.000000000000000000, 0.0000000000000000000, 0.0000000000000000000 ) ) ;
#442 = CARTESIAN_POINT ( 'NONE',  ( 12.00000000000000000, 11.99999999999998757, 14.00000000000000355 ) ) ;
#443 = CARTESIAN_POINT ( 'NONE',  ( 12.40853738873887835, -47.22287673134277242, 13.99999999999999822 ) ) ;
#444 = ORIENTED_EDGE ( 'NONE', *, *, #3871, .F. ) ;
#445 = VECTOR ( 'NONE', #1546, 1000.000000000000000 ) ;
#446 = DIRECTION ( 'NONE',  ( 0.0000000000000000000, 0.0000000000000000000, -1.000000000000000000 ) ) ;
#447 = CARTESIAN_POINT ( 'NONE',  ( 10.15793422365615761, 11.55212733197760677, 12.08269336084847545 ) ) ;
#448 = VERTEX_POINT ( 'NONE', #683 ) ;
#449 = ORIENTED_EDGE ( 'NONE', *, *, #700, .T. ) ;
#450 = DIRECTION ( 'NONE',  ( 1.000000000000000000, 0.0000000000000000000, -6.982962677686266711E-15 ) ) ;
#451 = FACE_OUTER_BOUND ( 'NONE', #1393, .T. ) ;
#452 = CARTESIAN_POINT ( 'NONE',  ( 1.063725042183862435, -51.65166927734368585, 48.35457501406121850 ) ) ;
#453 = ORIENTED_EDGE ( 'NONE', *, *, #3443, .T. ) ;
#454 = CIRCLE ( 'NONE', #1480, 1.000000000000005995 ) ;
#455 = CARTESIAN_POINT ( 'NONE',  ( 8.357331698005303622, 3.833933172256168920, 16.33357326890292427 ) ) ;
#456 = PLANE ( 'NONE',  #2691 ) ;
#457 = ORIENTED_EDGE ( 'NONE', *, *, #1597, .T. ) ;
#458 = AXIS2_PLACEMENT_3D ( 'NONE', #3008, #2370, #132 ) ;
#459 = EDGE_CURVE ( 'NONE', #488, #3070, #2416, .T. ) ;
#460 = DIRECTION ( 'NONE',  ( -0.0000000000000000000, -0.0000000000000000000, 1.000000000000000000 ) ) ;
#461 = CARTESIAN_POINT ( 'NONE',  ( -87.31399370333997467, -46.03362706146996430, 52.59874518274590827 ) ) ;
#462 = LINE ( 'NONE', #3617, #415 ) ;
#463 = CARTESIAN_POINT ( 'NONE',  ( 15.99999999995800337, -46.46002046928599327, 50.13259957689078306 ) ) ;
#464 = AXIS2_PLACEMENT_3D ( 'NONE', #2388, #3942, #2363 ) ;
#465 = CARTESIAN_POINT ( 'NONE',  ( 11.47639939791276298, -46.00000000001154632, 51.47639939791253738 ) ) ;
#466 = FACE_OUTER_BOUND ( 'NONE', #3027, .T. ) ;
#467 = CARTESIAN_POINT ( 'NONE',  ( 9.623797244415728258, -46.77474140712298123, 14.77474139905824835 ) ) ;
#468 = CARTESIAN_POINT ( 'NONE',  ( 9.329883190953523808, 4.639088909888439360, 14.63908890988718170 ) ) ;
#469 = DIRECTION ( 'NONE',  ( -0.6859943405700323904, 0.2425356250363169819, 0.6859943405700440477 ) ) ;
#470 = CARTESIAN_POINT ( 'NONE',  ( 16.00000000000000000, 8.000000000000000000, 12.00000000000000000 ) ) ;
#471 = ADVANCED_FACE ( 'NONE', ( #3906 ), #1868, .T. ) ;
#472 = CARTESIAN_POINT ( 'NONE',  ( 8.321306233133952901, -44.43732909649484242, 19.58933454388319362 ) ) ;
#473 = B_SPLINE_CURVE_WITH_KNOTS ( 'NONE', 3,
 ( #2927, #1612, #1984, #709, #1628, #3855, #2941, #988, #1964, #3247, #1341, #978, #3587, #32, #1317, #3559 ),
 .UNSPECIFIED., .F., .F.,
 ( 4, 2, 2, 2, 2, 2, 2, 4 ),
 ( 0.0000000000000000000, 0.001189423588348139521, 0.001784135382522209282, 0.002378847176696279042, 0.002973558970870348803, 0.003568270765044418563, 0.004162982559218488324, 0.004757694353392558084 ),
 .UNSPECIFIED. ) ;
#474 = CARTESIAN_POINT ( 'NONE',  ( 11.99999999999997335, -50.00000000000000000, 14.00000000000000178 ) ) ;
#475 = CARTESIAN_POINT ( 'NONE',  ( 16.00000000000022737, -46.28298147905701398, 50.51331600781904996 ) ) ;
#476 = CARTESIAN_POINT ( 'NONE',  ( 7.725781216788490724, -50.73875381295519560, 47.72578121678797913 ) ) ;
#477 = CARTESIAN_POINT ( 'NONE',  ( 11.52480037621790565, -47.53968131517930118, 14.00000000000000533 ) ) ;
#478 = DIRECTION ( 'NONE',  ( 0.0000000000000000000, 0.0000000000000000000, -1.000000000000000000 ) ) ;
#479 = EDGE_CURVE ( 'NONE', #705, #3569, #3767, .T. ) ;
#480 = DIRECTION ( 'NONE',  ( -1.000000000000000000, 0.0000000000000000000, 6.942363350859181992E-15 ) ) ;
#481 = CARTESIAN_POINT ( 'NONE',  ( 14.38829587650052488, 11.99999999979330134, 14.78993116791687790 ) ) ;
#482 = EDGE_LOOP ( 'NONE', ( #1600, #1993, #1545, #1218, #1097 ) ) ;
#483 = CARTESIAN_POINT ( 'NONE',  ( 8.000000000000000000, 8.000000000000000000, 18.00000000000000355 ) ) ;
#484 = CARTESIAN_POINT ( 'NONE',  ( 8.018060330503143263, -48.44276051793564619, 18.44492556628974711 ) ) ;
#485 = CARTESIAN_POINT ( 'NONE',  ( 12.45279632551716276, -36.08896763231162197, 21.97479093716871645 ) ) ;
#486 = AXIS2_PLACEMENT_3D ( 'NONE', #1112, #1782, #821 ) ;
#487 = DIRECTION ( 'NONE',  ( -1.000000000000000000, 0.0000000000000000000, 0.0000000000000000000 ) ) ;
#488 = VERTEX_POINT ( 'NONE', #4039 ) ;
#489 = CARTESIAN_POINT ( 'NONE',  ( 11.24055979310146469, 11.99999999999997513, 15.33703281313319700 ) ) ;
#490 = CARTESIAN_POINT ( 'NONE',  ( 15.10548123704254309, -47.47315711924198922, 47.63716663272121821 ) ) ;
#491 = CARTESIAN_POINT ( 'NONE',  ( 8.133412099200945988, -46.20429558170329187, 50.71113736640039349 ) ) ;
#492 = VERTEX_POINT ( 'NONE', #3429 ) ;
#493 = CARTESIAN_POINT ( 'NONE',  ( 11.49107478365596258, -47.69792122436520287, 14.00000000000000533 ) ) ;
#494 = CYLINDRICAL_SURFACE ( 'NONE', #3979, 1.399999999999999245 ) ;
#495 = ADVANCED_FACE ( 'NONE', ( #3710 ), #3437, .F. ) ;
#496 = CARTESIAN_POINT ( 'NONE',  ( 15.33072492173215728, -52.22044968849272095, 45.48421539941518432 ) ) ;
#497 = ORIENTED_EDGE ( 'NONE', *, *, #2485, .T. ) ;
#498 = CARTESIAN_POINT ( 'NONE',  ( 16.00000000000023448, -50.00000000000000000, 51.99999999999997868 ) ) ;
#499 = CARTESIAN_POINT ( 'NONE',  ( 13.74838870046308337, 11.59912639204349816, 12.11840589182637551 ) ) ;
#500 = CIRCLE ( 'NONE', #1058, 2.999999999999999556 ) ;
#501 = CARTESIAN_POINT ( 'NONE',  ( -87.99999999999981526, -51.00000000000000000, 46.00000000000071054 ) ) ;
#502 = ORIENTED_EDGE ( 'NONE', *, *, #1923, .T. ) ;
#503 = CARTESIAN_POINT ( 'NONE',  ( 13.57221907415024376, -37.12251270821843718, 21.67923134510320793 ) ) ;
#504 = LINE ( 'NONE', #965, #2317 ) ;
#505 = CARTESIAN_POINT ( 'NONE',  ( 0.0000000000000000000, 16.00000000000000000, 8.000000000000000000 ) ) ;
#506 = CARTESIAN_POINT ( 'NONE',  ( 15.99999999959429786, -47.30415232771962053, 49.03897514949743197 ) ) ;
#507 = ORIENTED_EDGE ( 'NONE', *, *, #2975, .T. ) ;
#508 = CARTESIAN_POINT ( 'NONE',  ( 8.134240481715425020, -48.96412448787629046, 40.40272144514599972 ) ) ;
#509 = CARTESIAN_POINT ( 'NONE',  ( 11.69010276881945032, -46.83162650705828156, 14.00000000000000533 ) ) ;
#510 = ORIENTED_EDGE ( 'NONE', *, *, #544, .T. ) ;
#511 = CIRCLE ( 'NONE', #2295, 4.000000000000000000 ) ;
#512 = CARTESIAN_POINT ( 'NONE',  ( 12.75944061774226768, 11.99999999999997513, 15.33703793474486510 ) ) ;
#513 = CARTESIAN_POINT ( 'NONE',  ( 13.74443937109726477, -37.38970452264444333, 21.60294156576296132 ) ) ;
#514 = CARTESIAN_POINT ( 'NONE',  ( 14.46168415417951536, 11.15920068518833119, 13.83246604746077502 ) ) ;
#515 = EDGE_CURVE ( 'NONE', #1409, #4149, #758, .T. ) ;
#516 = FACE_OUTER_BOUND ( 'NONE', #3307, .T. ) ;
#517 = CARTESIAN_POINT ( 'NONE',  ( 15.20453569824674034, -52.69567560990219590, 47.22933282134292199 ) ) ;
#518 = CARTESIAN_POINT ( 'NONE',  ( 14.13676139832408829, -38.16381178750302894, 21.38175879596484208 ) ) ;
#519 = CARTESIAN_POINT ( 'NONE',  ( 13.00000000000027534, -50.00000000000000000, 56.00000000000000711 ) ) ;
#520 = CARTESIAN_POINT ( 'NONE',  ( -84.99999999999974420, -50.00000000000000000, 56.00000000000068923 ) ) ;
#521 = CARTESIAN_POINT ( 'NONE',  ( 11.87088122467331530, 2.210976458274359402, 13.99992292075799760 ) ) ;
#522 = CARTESIAN_POINT ( 'NONE',  ( 7.503410855739218732, -50.81455576693591780, 47.50341085573905531 ) ) ;
#523 = CARTESIAN_POINT ( 'NONE',  ( 12.96824583655183183, -49.75000000000000000, 13.99999999999999467 ) ) ;
#524 = CARTESIAN_POINT ( 'NONE',  ( 14.43938416969334249, -46.56601373758687856, 25.94197992849929690 ) ) ;
#525 = CARTESIAN_POINT ( 'NONE',  ( -88.00000000000012790, 0.0000000000000000000, 6.106226635438370060E-13 ) ) ;
#526 = CARTESIAN_POINT ( 'NONE',  ( 14.61495960325876098, 11.02865692416891008, 12.06865567195236721 ) ) ;
#527 = CARTESIAN_POINT ( 'NONE',  ( 16.00000000000021672, -49.23763558111902938, 48.85335017942107783 ) ) ;
#528 = DIRECTION ( 'NONE',  ( 0.0000000000000000000, 0.0000000000000000000, -1.000000000000000000 ) ) ;
#529 = APPROVAL_ROLE ( '' ) ;
#530 = CARTESIAN_POINT ( 'NONE',  ( 9.125771070286596398, -40.26314005430616305, 20.78187531560749335 ) ) ;
#531 = CARTESIAN_POINT ( 'NONE',  ( -84.99999999999980105, -47.71428571428543108, 48.71739277340771679 ) ) ;
#532 = VERTEX_POINT ( 'NONE', #3095 ) ;
#533 = CARTESIAN_POINT ( 'NONE',  ( 11.48496626993147629, 2.277537403691744178, 14.02912926860237874 ) ) ;
#534 = CARTESIAN_POINT ( 'NONE',  ( 15.85957401164253255, 10.71449050047579199, 16.91420379981041577 ) ) ;
#535 = CARTESIAN_POINT ( 'NONE',  ( 12.86629036644642454, 11.99999999999997513, 16.61948031500672229 ) ) ;
#536 = ORIENTED_EDGE ( 'NONE', *, *, #221, .T. ) ;
#537 = EDGE_CURVE ( 'NONE', #3766, #1099, #2220, .T. ) ;
#538 = CARTESIAN_POINT ( 'NONE',  ( 12.91648317496059661, -44.98032154062234156, 23.01967845937764778 ) ) ;
#539 = CARTESIAN_POINT ( 'NONE',  ( 14.16265628027665535, 12.00000000041332981, 14.62999789332275569 ) ) ;
#540 =( BOUNDED_SURFACE ( )  B_SPLINE_SURFACE ( 3, 2, ( 
 ( #939, #2903, #3194 ),
 ( #4122, #1599, #1226 ),
 ( #4089, #3509, #2549 ),
 ( #608, #969, #2893 ),
 ( #2872, #297, #928 ),
 ( #2857, #643, #2847 ),
 ( #591, #1587, #3182 ),
 ( #1933, #3819, #2560 ),
 ( #3467, #1911, #1539 ),
 ( #1249, #2239, #3781 ) ),
 .UNSPECIFIED., .F., .F., .T. ) 
 B_SPLINE_SURFACE_WITH_KNOTS ( ( 4, 2, 2, 2, 4 ),
 ( 3, 3 ),
 ( 0.5152930645728747150, 0.6364697984296561195, 0.7576465322864374130, 0.8788232661432187065, 1.000000000000000000 ),
 ( 0.0000000000000000000, 1.000000000000000000 ),
 .UNSPECIFIED. ) 
 GEOMETRIC_REPRESENTATION_ITEM ( )  RATIONAL_B_SPLINE_SURFACE ( (
 ( 1.000000000000000000, 0.8845543464043809090, 1.000000000000000000),
 ( 1.000000000000000000, 0.9022381668568993929, 1.000000000000000000),
 ( 1.000000000000000000, 0.9188673723695878204, 1.000000000000000000),
 ( 1.000000000000000000, 0.9480659574972399861, 1.000000000000000000),
 ( 1.000000000000000000, 0.9606178781497999308, 1.000000000000000000),
 ( 1.000000000000000000, 0.9806011518485647782, 1.000000000000000000),
 ( 1.000000000000000000, 0.9880386217912167091, 1.000000000000000000),
 ( 1.000000000000000000, 0.9977328951118202838, 1.000000000000000000),
 ( 1.000000000000000000, 1.000008393944478158, 1.000000000000000000),
 ( 1.000000000000000000, 1.000000000000000000, 1.000000000000000000) ) ) 
 REPRESENTATION_ITEM ( '' )  SURFACE ( )  );
#541 = CARTESIAN_POINT ( 'NONE',  ( 15.93039513745835301, 7.142074771701553360, 15.85518692925436390 ) ) ;
#542 = EDGE_LOOP ( 'NONE', ( #1855, #834, #1919 ) ) ;
#543 = CARTESIAN_POINT ( 'NONE',  ( 11.99999999999997335, -50.00000000000000000, 14.00000000000000178 ) ) ;
#544 = EDGE_CURVE ( 'NONE', #994, #2457, #54, .T. ) ;
#545 = ORIENTED_EDGE ( 'NONE', *, *, #2809, .T. ) ;
#546 = DIRECTION ( 'NONE',  ( 6.982962677686266711E-15, 0.0000000000000000000, 1.000000000000000000 ) ) ;
#547 = CARTESIAN_POINT ( 'NONE',  ( -87.99999999999927525, -46.00000000000066080, 47.95026951846186591 ) ) ;
#548 = FACE_OUTER_BOUND ( 'NONE', #96, .T. ) ;
#549 = CARTESIAN_POINT ( 'NONE',  ( 9.858334135459491776, 4.618327928605868493, 12.00000000020692426 ) ) ;
#550 = CARTESIAN_POINT ( 'NONE',  ( 15.44321014996881480, 10.31285693540293913, 15.68714306459865426 ) ) ;
#551 = CARTESIAN_POINT ( 'NONE',  ( 15.26069040848703473, -48.57752374673739837, 13.99999999999998579 ) ) ;
#552 = VERTEX_POINT ( 'NONE', #2786 ) ;
#553 = CARTESIAN_POINT ( 'NONE',  ( 16.00000000000020961, -50.00000000000000000, 47.99999999999997158 ) ) ;
#554 = EDGE_LOOP ( 'NONE', ( #854, #497, #3225 ) ) ;
#555 = CIRCLE ( 'NONE', #2678, 1.399999999999998579 ) ;
#556 = DIRECTION ( 'NONE',  ( -1.000000000000000000, 0.0000000000000000000, 6.983996714282626151E-15 ) ) ;
#557 = CARTESIAN_POINT ( 'NONE',  ( 14.13553097150288096, -38.15442247297801259, 21.38445072244064704 ) ) ;
#558 = DIRECTION ( 'NONE',  ( -0.0000000000000000000, -0.0000000000000000000, 1.000000000000000000 ) ) ;
#559 = ORIENTED_EDGE ( 'NONE', *, *, #1074, .T. ) ;
#560 = CIRCLE ( 'NONE', #438, 4.000000000000000000 ) ;
#561 = CARTESIAN_POINT ( 'NONE',  ( -86.84729551862257324, -50.28632046238901410, 56.62776542315064887 ) ) ;
#562 = CARTESIAN_POINT ( 'NONE',  ( -90.99999999999980105, -49.00000000000000000, 46.00000000000072475 ) ) ;
#563 = ORIENTED_EDGE ( 'NONE', *, *, #572, .F. ) ;
#564 = CARTESIAN_POINT ( 'NONE',  ( 14.18648217223586450, -46.59034622081209420, 47.13761799643537387 ) ) ;
#565 = CARTESIAN_POINT ( 'NONE',  ( 14.84785802502721630, -40.16860027527076937, 20.80888962787675922 ) ) ;
#566 = APPROVAL_PERSON_ORGANIZATION ( #3963, #2319, #529 ) ;
#567 = CARTESIAN_POINT ( 'NONE',  ( 11.87136003696346620, -36.00000000000001421, 22.00000000000000711 ) ) ;
#568 = CARTESIAN_POINT ( 'NONE',  ( 15.97994974842647764, 8.999999999999980460, 17.60000000000001208 ) ) ;
#569 = CARTESIAN_POINT ( 'NONE',  ( 10.25666114090553727, 4.396095040600292769, 12.00000000033845104 ) ) ;
#570 = CARTESIAN_POINT ( 'NONE',  ( 16.00000000000000000, 8.685870789866001473, 17.72565168405326830 ) ) ;
#571 = CARTESIAN_POINT ( 'NONE',  ( 12.75172999800676443, -46.35327427555379387, 13.99999999999999467 ) ) ;
#572 = EDGE_CURVE ( 'NONE', #3896, #245, #3076, .T. ) ;
#573 = CARTESIAN_POINT ( 'NONE',  ( 16.00000000000020961, -50.00000000000000000, 47.99999999999997158 ) ) ;
#574 = CARTESIAN_POINT ( 'NONE',  ( 8.428866369815272819, 9.807354168032073716, 13.51874940182376861 ) ) ;
#575 = CIRCLE ( 'NONE', #1684, 4.000000000000010658 ) ;
#576 = CARTESIAN_POINT ( 'NONE',  ( 12.26264676910222917, -45.99999999996450128, 32.00000000010741985 ) ) ;
#577 = CC_DESIGN_APPROVAL ( #2319, ( #6 ) ) ;
#578 = EDGE_CURVE ( 'NONE', #488, #3469, #3356, .T. ) ;
#579 = CARTESIAN_POINT ( 'NONE',  ( 15.99999999998947331, 7.249163087965571961, 17.24916308796820275 ) ) ;
#580 = CARTESIAN_POINT ( 'NONE',  ( 13.84558182358611411, -46.45117159995552925, 30.42091815138612887 ) ) ;
#581 = CARTESIAN_POINT ( 'NONE',  ( 15.99999999999999645, -46.22876383367171371, 50.66666666666672114 ) ) ;
#582 = CARTESIAN_POINT ( 'NONE',  ( 11.07802312616596119, 11.99999999999997513, 17.17355406141937024 ) ) ;
#583 = CARTESIAN_POINT ( 'NONE',  ( 12.00000000000000000, 8.000000000000000000, 18.00000000000000355 ) ) ;
#584 = CARTESIAN_POINT ( 'NONE',  ( 12.00000000000000000, 8.999999999999980460, 18.00000000000000355 ) ) ;
#585 = CARTESIAN_POINT ( 'NONE',  ( 9.128340426622902015, 5.212580623159578153, 12.00000000000347278 ) ) ;
#586 = CARTESIAN_POINT ( 'NONE',  ( 12.47519962378130920, -47.53968131517543583, 13.99999999999999822 ) ) ;
#587 = CARTESIAN_POINT ( 'NONE',  ( 15.72500869570635196, -48.53652985558387911, 45.84910628314845837 ) ) ;
#588 = CARTESIAN_POINT ( 'NONE',  ( 11.73388739808506998, 11.99174370654147204, 13.53126656865766364 ) ) ;
#589 = CARTESIAN_POINT ( 'NONE',  ( 12.00000000000000000, 11.99999999999997513, 14.00000000000000178 ) ) ;
#590 = DIRECTION ( 'NONE',  ( 1.000000000000000000, 0.0000000000000000000, -6.983996714282626151E-15 ) ) ;
#591 = CARTESIAN_POINT ( 'NONE',  ( 15.90382171130826450, -46.84227381926211109, 18.90220748022147745 ) ) ;
#592 = CARTESIAN_POINT ( 'NONE',  ( 13.33333333333346893, -46.22876383367171371, 48.00000000000022737 ) ) ;
#593 = CARTESIAN_POINT ( 'NONE',  ( 14.39829226929149009, -38.79008899209526362, 21.20283983199254507 ) ) ;
#594 = PRODUCT_DEFINITION_SHAPE ( 'NONE', 'NONE',  #6 ) ;
#595 = ORIENTED_EDGE ( 'NONE', *, *, #3443, .F. ) ;
#596 = CARTESIAN_POINT ( 'NONE',  ( 9.965308575088785759, -37.94637139778487978, 21.44385234605614343 ) ) ;
#597 = CARTESIAN_POINT ( 'NONE',  ( 22.39999999999999858, 3.000000000000001332, 8.000000000000000000 ) ) ;
#598 = CARTESIAN_POINT ( 'NONE',  ( 14.07614987474508261, 4.038732184225026778, 14.19573464424067311 ) ) ;
#599 = ORIENTED_EDGE ( 'NONE', *, *, #3135, .T. ) ;
#600 = CARTESIAN_POINT ( 'NONE',  ( -90.99999999999980105, -54.00000000000000000, 46.00000000000072475 ) ) ;
#601 = CARTESIAN_POINT ( 'NONE',  ( 15.14855867395878519, -47.52801603999124325, 45.47673333494061154 ) ) ;
#602 = AXIS2_PLACEMENT_3D ( 'NONE', #935, #3175, #640 ) ;
#603 = CARTESIAN_POINT ( 'NONE',  ( 9.265896436494951871, 11.12950212876334888, 13.44582072568381292 ) ) ;
#604 = EDGE_CURVE ( 'NONE', #1002, #2167, #2367, .T. ) ;
#605 = VERTEX_POINT ( 'NONE', #1841 ) ;
#606 = CARTESIAN_POINT ( 'NONE',  ( 12.00000000000000000, 16.00000000000000000, 8.000000000000000000 ) ) ;
#607 = CARTESIAN_POINT ( 'NONE',  ( 7.999999999999996447, -50.00000000000000000, 18.00000000000002842 ) ) ;
#608 = CARTESIAN_POINT ( 'NONE',  ( 15.57375334840638814, -43.65110242488843539, 19.81397073572712486 ) ) ;
#609 = CARTESIAN_POINT ( 'NONE',  ( 14.24213323413546739, -46.68747212759696197, 29.59384742620346742 ) ) ;
#610 = ORIENTED_EDGE ( 'NONE', *, *, #3560, .T. ) ;
#611 = CARTESIAN_POINT ( 'NONE',  ( 14.69783338026864428, -39.66361365673274975, 20.95325332212470926 ) ) ;
#612 = LINE ( 'NONE', #1232, #445 ) ;
#613 = AXIS2_PLACEMENT_3D ( 'NONE', #1908, #1883, #4131 ) ;
#614 = CARTESIAN_POINT ( 'NONE',  ( 11.39165900959343070, -36.16009968644736716, 21.95433676334935669 ) ) ;
#615 = CARTESIAN_POINT ( 'NONE',  ( -87.99999999999977263, -50.00000000000000000, 52.00000000000070344 ) ) ;
#616 = EDGE_LOOP ( 'NONE', ( #358, #3162, #80, #3909 ) ) ;
#617 = CARTESIAN_POINT ( 'NONE',  ( 12.97368426127058783, 2.469931468274804587, 14.10106106748547994 ) ) ;
#618 = VECTOR ( 'NONE', #2456, 1000.000000000000000 ) ;
#619 = DIRECTION ( 'NONE',  ( 0.0000000000000000000, 1.000000000000000000, 0.0000000000000000000 ) ) ;
#620 = ORIENTED_EDGE ( 'NONE', *, *, #2221, .T. ) ;
#621 = CARTESIAN_POINT ( 'NONE',  ( 13.76787206497675697, 11.59603060191029300, 12.09666043054964746 ) ) ;
#622 = CARTESIAN_POINT ( 'NONE',  ( -90.99999999999982947, -46.00000000000000000, 43.00000000000072475 ) ) ;
#623 = ORIENTED_EDGE ( 'NONE', *, *, #1329, .F. ) ;
#624 = VECTOR ( 'NONE', #885, 1000.000000000000000 ) ;
#625 = DIRECTION ( 'NONE',  ( 0.0000000000000000000, -0.7071067811865477948, 0.7071067811865472397 ) ) ;
#626 = DIRECTION ( 'NONE',  ( -6.982962677686267499E-15, 0.0000000000000000000, -1.000000000000000000 ) ) ;
#627 = CARTESIAN_POINT ( 'NONE',  ( 14.85777748900046191, -40.20400050707264938, 20.79877296332881187 ) ) ;
#628 = FACE_OUTER_BOUND ( 'NONE', #2472, .T. ) ;
#629 = CARTESIAN_POINT ( 'NONE',  ( 11.54729155676800900, -36.09021176357793337, 21.97442359984358262 ) ) ;
#630 = CARTESIAN_POINT ( 'NONE',  ( 10.99377228774887705, 11.88459640962955177, 13.58483033408408502 ) ) ;
#631 = CARTESIAN_POINT ( 'NONE',  ( -85.04490519791383463, -52.61688253123650583, 55.03172123431383511 ) ) ;
#632 = CARTESIAN_POINT ( 'NONE',  ( 9.810226792727235079, 11.55834462359516124, 13.45481554504819854 ) ) ;
#633 = CARTESIAN_POINT ( 'NONE',  ( 20.99999999999999645, 13.00000000000000355, -45.00000000000000711 ) ) ;
#634 = CARTESIAN_POINT ( 'NONE',  ( 16.00000000000021672, -53.77123616632827208, 50.66666666666664298 ) ) ;
#635 = EDGE_CURVE ( 'NONE', #1355, #2963, #2275, .T. ) ;
#636 = CARTESIAN_POINT ( 'NONE',  ( -85.91600339883190429, -53.52353356336615775, 50.10006552501815236 ) ) ;
#637 = CARTESIAN_POINT ( 'NONE',  ( 15.99158849457172948, -50.33214819048163946, 47.80880746577067697 ) ) ;
#638 = AXIS2_PLACEMENT_3D ( 'NONE', #691, #1637, #2274 ) ;
#639 = CARTESIAN_POINT ( 'NONE',  ( 14.48564257164266245, 4.862991998265156823, 12.00000000015226220 ) ) ;
#640 = DIRECTION ( 'NONE',  ( -9.912705577010090272E-15, 0.0000000000000000000, -1.000000000000000000 ) ) ;
#641 = VERTEX_POINT ( 'NONE', #4068 ) ;
#642 = CARTESIAN_POINT ( 'NONE',  ( -85.50727250578857763, -53.24782091733891320, 49.65849169688393516 ) ) ;
#643 = CARTESIAN_POINT ( 'NONE',  ( 15.45564446584481644, -47.49504474635748608, 20.50495525364049243 ) ) ;
#644 = ORIENTED_EDGE ( 'NONE', *, *, #1893, .F. ) ;
#645 = CARTESIAN_POINT ( 'NONE',  ( 12.42272865511259106, -46.02226380877291234, 31.92133637798929513 ) ) ;
#646 = PLANE ( 'NONE',  #1031 ) ;
#647 = CARTESIAN_POINT ( 'NONE',  ( 9.555648712760756780, 11.99999999999997691, 13.39055094309882499 ) ) ;
#648 = ORIENTED_EDGE ( 'NONE', *, *, #578, .T. ) ;
#649 = EDGE_CURVE ( 'NONE', #159, #241, #2060, .T. ) ;
#650 = DIRECTION ( 'NONE',  ( 0.0000000000000000000, 0.0000000000000000000, -1.000000000000000000 ) ) ;
#651 = VERTEX_POINT ( 'NONE', #2876 ) ;
#652 = CARTESIAN_POINT ( 'NONE',  ( -87.99999999999974420, -54.00000000000000000, 55.57177591937592354 ) ) ;
#653 = VECTOR ( 'NONE', #619, 1000.000000000000000 ) ;
#654 = CARTESIAN_POINT ( 'NONE',  ( 11.00501256289338059, 11.99999999999997513, 17.90000000000000568 ) ) ;
#655 = EDGE_CURVE ( 'NONE', #2767, #448, #1410, .T. ) ;
#656 = CARTESIAN_POINT ( 'NONE',  ( 9.952812782950736903, -53.61875396686124873, 49.95281278295340144 ) ) ;
#657 = CARTESIAN_POINT ( 'NONE',  ( -86.75599898850946090, -53.85656585196966262, 50.90211199292122046 ) ) ;
#658 = ORIENTED_EDGE ( 'NONE', *, *, #250, .T. ) ;
#659 = CARTESIAN_POINT ( 'NONE',  ( -87.73205576789521842, -48.65387598889498832, 57.59256998548543294 ) ) ;
#660 = ORIENTED_EDGE ( 'NONE', *, *, #3682, .T. ) ;
#661 = CARTESIAN_POINT ( 'NONE',  ( 12.00000000000000000, 8.000000000000000000, 8.000000000000000000 ) ) ;
#662 = CARTESIAN_POINT ( 'NONE',  ( 12.81503882258268590, -46.08389219718787189, 31.70637321640629835 ) ) ;
#663 = EDGE_LOOP ( 'NONE', ( #2268, #2349, #1403, #1036 ) ) ;
#664 = CARTESIAN_POINT ( 'NONE',  ( 13.38785845202118274, -53.86055395502047816, 50.16551080694644327 ) ) ;
#665 = VECTOR ( 'NONE', #3185, 1000.000000000000000 ) ;
#666 = CARTESIAN_POINT ( 'NONE',  ( 7.999999999999996447, -49.66219360700937102, 17.66219360700939944 ) ) ;
#667 = ORIENTED_EDGE ( 'NONE', *, *, #1044, .F. ) ;
#668 = CARTESIAN_POINT ( 'NONE',  ( 15.81990570632674498, 9.448418943442533191, 16.18182441270464622 ) ) ;
#669 = CARTESIAN_POINT ( 'NONE',  ( -85.41963636913172309, -53.16864006228660600, 54.44710815496587486 ) ) ;
#670 = FACE_BOUND ( 'NONE', #3558, .T. ) ;
#671 = CARTESIAN_POINT ( 'NONE',  ( 14.64813705510951536, 11.00074648981211389, 12.07970662801891315 ) ) ;
#672 = DIRECTION ( 'NONE',  ( -1.000000000000000000, 0.0000000000000000000, 6.942363350859181992E-15 ) ) ;
#673 = FACE_OUTER_BOUND ( 'NONE', #861, .T. ) ;
#674 = CARTESIAN_POINT ( 'NONE',  ( -85.41963636913278890, -53.16864006228773576, 49.55289184503696731 ) ) ;
#675 = DIRECTION ( 'NONE',  ( -3.965082230808564012E-15, 0.8206518066478446505, -0.5714285714292108853 ) ) ;
#676 = CARTESIAN_POINT ( 'NONE',  ( 9.297469741362874629, -47.05104419607843624, 28.32134522456288295 ) ) ;
#677 =( BOUNDED_SURFACE ( )  B_SPLINE_SURFACE ( 3, 2, ( 
 ( #1594, #1700, #406 ),
 ( #1034, #3546, #3217 ),
 ( #947, #3290, #2990 ),
 ( #84, #1377, #1051 ),
 ( #1626, #2007, #1609 ),
 ( #669, #21, #3607 ),
 ( #2556, #3303, #2658 ),
 ( #3202, #1687, #652 ),
 ( #2272, #3826, #1285 ),
 ( #3625, #1905, #4142 ),
 ( #345, #3839, #976 ),
 ( #2885, #3520, #1941 ),
 ( #3919, #1924, #2335 ),
 ( #3231, #2243, #322 ) ),
 .UNSPECIFIED., .F., .F., .T. ) 
 B_SPLINE_SURFACE_WITH_KNOTS ( ( 4, 2, 2, 2, 2, 2, 4 ),
 ( 3, 3 ),
 ( 0.004920853705581048655, 0.005855928803544461700, 0.006791003901507875612, 0.007726078999471288657, 0.008661154097434701701, 0.01053130429336152779, 0.01240145448928835561 ),
 ( 0.0000000000000000000, 1.000000000000000000 ),
 .UNSPECIFIED. ) 
 GEOMETRIC_REPRESENTATION_ITEM ( )  RATIONAL_B_SPLINE_SURFACE ( (
 ( 1.000000000000000000, 0.7071067811865795472, 1.000000000000000000),
 ( 1.000000000000000000, 0.7245678717079099274, 1.000000000000000000),
 ( 1.000000000000000000, 0.7434826475381451916, 1.000000000000000000),
 ( 1.000000000000000000, 0.7819276613049781499, 1.000000000000000000),
 ( 1.000000000000000000, 0.8015959710453636200, 1.000000000000000000),
 ( 1.000000000000000000, 0.8387348187515887288, 1.000000000000000000),
 ( 1.000000000000000000, 0.8563655068129754078, 1.000000000000000000),
 ( 1.000000000000000000, 0.8891298529553668395, 1.000000000000000000),
 ( 1.000000000000000000, 0.9043541825880636598, 1.000000000000000000),
 ( 1.000000000000000000, 0.9449596789076182279, 1.000000000000000000),
 ( 1.000000000000000000, 0.9653786410284800334, 1.000000000000000000),
 ( 1.000000000000000000, 0.9929412936417000290, 1.000000000000000000),
 ( 1.000000000000000000, 1.000039004095974571, 1.000000000000000000),
 ( 1.000000000000000000, 1.000000000000000000, 1.000000000000000000) ) ) 
 REPRESENTATION_ITEM ( '' )  SURFACE ( )  );
#678 = CARTESIAN_POINT ( 'NONE',  ( 16.00000000000021672, -50.08664259154701170, 47.78831994476372103 ) ) ;
#679 = AXIS2_PLACEMENT_3D ( 'NONE', #3630, #752, #3925 ) ;
#680 = CARTESIAN_POINT ( 'NONE',  ( -86.34642699442424885, -46.26785206066074352, 53.47350971644827666 ) ) ;
#681 = EDGE_CURVE ( 'NONE', #1191, #263, #560, .T. ) ;
#682 = ADVANCED_FACE ( 'NONE', ( #3665 ), #344, .T. ) ;
#683 = CARTESIAN_POINT ( 'NONE',  ( 15.87298334620741436, -49.00000000000000711, 16.99999999999997868 ) ) ;
#684 = DIRECTION ( 'NONE',  ( -0.0000000000000000000, -0.0000000000000000000, 1.000000000000000000 ) ) ;
#685 = AXIS2_PLACEMENT_3D ( 'NONE', #1916, #650, #3260 ) ;
#686 = DIRECTION ( 'NONE',  ( -6.938893903907227589E-15, 0.0000000000000000000, -1.000000000000000000 ) ) ;
#687 = CARTESIAN_POINT ( 'NONE',  ( 9.661414231154724419, -46.75253701720503585, 29.36612044130265176 ) ) ;
#688 = CARTESIAN_POINT ( 'NONE',  ( 9.309217494326398779, -47.04031076633501840, 28.35891163884394928 ) ) ;
#689 = DIRECTION ( 'NONE',  ( -1.000000000000000000, -0.0000000000000000000, 6.983996714282626151E-15 ) ) ;
#690 = ORIENTED_EDGE ( 'NONE', *, *, #218, .T. ) ;
#691 = CARTESIAN_POINT ( 'NONE',  ( 12.00000000000000000, 11.99999999999997513, 18.00000000000000355 ) ) ;
#692 = VERTEX_POINT ( 'NONE', #2234 ) ;
#693 = CARTESIAN_POINT ( 'NONE',  ( -87.28650894496257706, -50.94921946870239537, 47.03608539032135383 ) ) ;
#694 = CARTESIAN_POINT ( 'NONE',  ( -86.79999999999972715, -50.00000000000000711, 56.60000000000069065 ) ) ;
#695 = CARTESIAN_POINT ( 'NONE',  ( 11.99999999945942442, -46.00000000000000000, 32.00000000000000000 ) ) ;
#696 = EDGE_LOOP ( 'NONE', ( #2934, #1714, #4049, #3176, #3562 ) ) ;
#697 = CARTESIAN_POINT ( 'NONE',  ( -83.99999999999981526, -50.00000000000000000, 46.00000000000068212 ) ) ;
#698 = CIRCLE ( 'NONE', #2302, 6.000000000000000888 ) ;
#699 = CARTESIAN_POINT ( 'NONE',  ( 10.00099370510421970, -46.53511135377161168, 30.12719780942699188 ) ) ;
#700 = EDGE_CURVE ( 'NONE', #4050, #1355, #1010, .T. ) ;
#701 = CARTESIAN_POINT ( 'NONE',  ( 15.99999999992202504, -53.27136886592963805, 49.69438241168283099 ) ) ;
#702 = ORIENTED_EDGE ( 'NONE', *, *, #2126, .T. ) ;
#703 = CIRCLE ( 'NONE', #3296, 5.999999999999999112 ) ;
#704 = CARTESIAN_POINT ( 'NONE',  ( -85.77940440855402926, -46.55605441659432842, 54.04101481090423675 ) ) ;
#705 = VERTEX_POINT ( 'NONE', #3852 ) ;
#706 = CARTESIAN_POINT ( 'NONE',  ( 16.00000000000021672, -50.00000000000000000, 47.99999999999996447 ) ) ;
#707 = CIRCLE ( 'NONE', #2871, 4.000000000000000000 ) ;
#708 = AXIS2_PLACEMENT_3D ( 'NONE', #2723, #1727, #177 ) ;
#709 = CARTESIAN_POINT ( 'NONE',  ( 9.297086296525646887, 0.8373139728899008372, 15.04896036510553259 ) ) ;
#710 = CARTESIAN_POINT ( 'NONE',  ( 11.85809580116646345, -46.29316113790180509, 14.00000000000000178 ) ) ;
#711 = VERTEX_POINT ( 'NONE', #2583 ) ;
#712 = CARTESIAN_POINT ( 'NONE',  ( -87.99999999999977263, -54.00000000000000000, 51.47773458339189290 ) ) ;
#713 = AXIS2_PLACEMENT_3D ( 'NONE', #3233, #1315, #2910 ) ;
#714 = CARTESIAN_POINT ( 'NONE',  ( 10.42778092550513236, -46.32076865504518537, 30.87748729126558089 ) ) ;
#715 = VERTEX_POINT ( 'NONE', #305 ) ;
#716 = CYLINDRICAL_SURFACE ( 'NONE', #1298, 1.400000000000005462 ) ;
#717 = DIRECTION ( 'NONE',  ( -1.000000000000000000, 0.0000000000000000000, 0.0000000000000000000 ) ) ;
#718 = CIRCLE ( 'NONE', #2341, 4.000000000000003553 ) ;
#719 = CARTESIAN_POINT ( 'NONE',  ( 9.879079430239306348, 11.39381981093348628, 13.58937271472636077 ) ) ;
#720 = B_SPLINE_CURVE_WITH_KNOTS ( 'NONE', 3,
 ( #231, #893, #3177, #909, #2173, #1198, #3160, #3444, #2543, #1235, #601, #2866, #267, #280, #4075, #587, #1891, #1847, #1217, #247, #1862, #3481, #3777, #2497, #3461, #573 ),
 .UNSPECIFIED., .F., .F.,
 ( 4, 2, 2, 2, 2, 2, 2, 2, 2, 2, 2, 2, 4 ),
 ( 0.0000000000000000000, 0.0009289425357467303830, 0.001857885071493460766, 0.002786827607240191258, 0.003251298875113550757, 0.003715770142986910690, 0.004180241410860270623, 0.004644712678733628822, 0.005109183946606990490, 0.005573655214480352157, 0.006502597750227089371, 0.006967069018100461447, 0.007431540285973834391 ),
 .UNSPECIFIED. ) ;
#721 = CARTESIAN_POINT ( 'NONE',  ( 15.99999999999614886, -49.82702041064372622, 47.89434663148458071 ) ) ;
#722 = CARTESIAN_POINT ( 'NONE',  ( 8.000000000000202505, -50.13089969011375757, 48.00000000000003553 ) ) ;
#723 = CARTESIAN_POINT ( 'NONE',  ( 11.24827000198443727, -46.35327427555872504, 13.99999999999993960 ) ) ;
#724 =( BOUNDED_SURFACE ( )  B_SPLINE_SURFACE ( 3, 2, ( 
 ( #1698, #2017, #93 ),
 ( #418, #810, #778 ),
 ( #484, #194, #1478 ),
 ( #4034, #2130, #2711 ),
 ( #3410, #1127, #2399 ),
 ( #472, #2083, #3041 ),
 ( #3722, #793, #3053 ),
 ( #170, #3066, #3384 ),
 ( #1116, #2438, #1452 ),
 ( #2414, #3993, #2455 ) ),
 .UNSPECIFIED., .F., .F., .T. ) 
 B_SPLINE_SURFACE_WITH_KNOTS ( ( 4, 2, 2, 2, 4 ),
 ( 3, 3 ),
 ( 0.0000000000000000000, 0.1211767338568051078, 0.2423534677136102156, 0.3635302015704153233, 0.4847069354272204311 ),
 ( 0.0000000000000000000, 1.000000000000000000 ),
 .UNSPECIFIED. ) 
 GEOMETRIC_REPRESENTATION_ITEM ( )  RATIONAL_B_SPLINE_SURFACE ( (
 ( 1.000000000000000000, 1.000000000000000000, 1.000000000000000000),
 ( 1.000000000000000000, 1.000008393944483265, 1.000000000000000000),
 ( 1.000000000000000000, 0.9977328951118125122, 1.000000000000000000),
 ( 1.000000000000000000, 0.9880386217912184854, 1.000000000000000000),
 ( 1.000000000000000000, 0.9806011518485470146, 1.000000000000000000),
 ( 1.000000000000000000, 0.9606178781497941577, 1.000000000000000000),
 ( 1.000000000000000000, 0.9480659574973446801, 1.000000000000000000),
 ( 1.000000000000000000, 0.9188673723694309459, 1.000000000000000000),
 ( 1.000000000000000000, 0.9022381668569559032, 1.000000000000000000),
 ( 1.000000000000000000, 0.8845543464043391646, 1.000000000000000000) ) ) 
 REPRESENTATION_ITEM ( '' )  SURFACE ( )  );
#725 = CARTESIAN_POINT ( 'NONE',  ( 9.864469028396664285, -46.61554927762389866, 29.84557752679617693 ) ) ;
#726 = CARTESIAN_POINT ( 'NONE',  ( 9.425706390268853596, -46.93773347596456347, 28.71791106325881415 ) ) ;
#727 = CARTESIAN_POINT ( 'NONE',  ( 14.93625196825097490, -52.76883180805467788, 47.96701768034558455 ) ) ;
#728 = ADVANCED_FACE ( 'NONE', ( #2831 ), #677, .F. ) ;
#729 = CARTESIAN_POINT ( 'NONE',  ( 24.00000000000000000, 0.0000000000000000000, 0.0000000000000000000 ) ) ;
#730 = EDGE_CURVE ( 'NONE', #362, #2767, #2164, .T. ) ;
#731 = CARTESIAN_POINT ( 'NONE',  ( 10.25161129953656669, 11.59912639204332940, 12.11840589182629024 ) ) ;
#732 = DIRECTION ( 'NONE',  ( 1.000000000000000000, 0.0000000000000000000, -6.983996714282626151E-15 ) ) ;
#733 = CARTESIAN_POINT ( 'NONE',  ( 8.051321614981187480, -49.34802320477747628, 40.15396484494240781 ) ) ;
#734 = CARTESIAN_POINT ( 'NONE',  ( 14.96368146450745407, 10.88506159966070896, 13.55611143441189448 ) ) ;
#735 = VERTEX_POINT ( 'NONE', #2257 ) ;
#736 = CARTESIAN_POINT ( 'NONE',  ( 9.420476121342815645, -46.94127353356943644, 28.70554263331049683 ) ) ;
#737 = CARTESIAN_POINT ( 'NONE',  ( 12.16659105742116687, 11.99999999999998757, 13.67821928086815575 ) ) ;
#738 = ORIENTED_EDGE ( 'NONE', *, *, #1376, .F. ) ;
#739 = CARTESIAN_POINT ( 'NONE',  ( 16.00000000007841194, -53.11081096461818163, 49.48194879676965741 ) ) ;
#740 = CARTESIAN_POINT ( 'NONE',  ( 14.95127757197415796, 1.311776991761879785, 15.29801925500254356 ) ) ;
#741 = CARTESIAN_POINT ( 'NONE',  ( 9.065801385701718118, 10.84958255809470451, 14.59992093016110992 ) ) ;
#742 = B_SPLINE_CURVE_WITH_KNOTS ( 'NONE', 3,
 ( #2704, #149, #3679, #1085, #1752, #1124, #1098, #2425, #3379, #3653, #2369, #3079, #3988, #1137 ),
 .UNSPECIFIED., .F., .F.,
 ( 4, 2, 2, 2, 2, 2, 4 ),
 ( -1.277310441106657060E-05, 0.001239193476954783589, 0.002491160058320633988, 0.003117143349003558862, 0.003743126639686484170, 0.004369109930369409478, 0.004995093221052334352 ),
 .UNSPECIFIED. ) ;
#743 = VERTEX_POINT ( 'NONE', #2593 ) ;
#744 = CARTESIAN_POINT ( 'NONE',  ( 7.906824906237950756, -49.50773091315813446, 47.90682490623778733 ) ) ;
#745 = ORIENTED_EDGE ( 'NONE', *, *, #1376, .T. ) ;
#746 = CARTESIAN_POINT ( 'NONE',  ( 11.89767622968216187, -46.03567101278051865, 14.00004089590825096 ) ) ;
#747 = CYLINDRICAL_SURFACE ( 'NONE', #2735, 3.000000000000002665 ) ;
#748 = ADVANCED_FACE ( 'NONE', ( #1818 ), #4130, .F. ) ;
#749 = CARTESIAN_POINT ( 'NONE',  ( 12.00000000000000000, 8.000000000000000000, 12.00000000000000000 ) ) ;
#750 = ORIENTED_EDGE ( 'NONE', *, *, #2900, .F. ) ;
#751 = ORIENTED_EDGE ( 'NONE', *, *, #375, .F. ) ;
#752 = DIRECTION ( 'NONE',  ( -1.000000000000000000, 0.0000000000000000000, 0.0000000000000000000 ) ) ;
#753 = CIRCLE ( 'NONE', #227, 3.000000000000000444 ) ;
#754 = EDGE_CURVE ( 'NONE', #1509, #2966, #1151, .T. ) ;
#755 = CARTESIAN_POINT ( 'NONE',  ( 16.00000000002885159, -53.47817760909266838, 50.02032430492113235 ) ) ;
#756 = EDGE_LOOP ( 'NONE', ( #2579, #2620, #3901, #3620, #1962 ) ) ;
#757 = CARTESIAN_POINT ( 'NONE',  ( 13.34189932586101968, -0.2816933437970824405, 14.22697171895208079 ) ) ;
#758 = LINE ( 'NONE', #3083, #618 ) ;
#759 = CARTESIAN_POINT ( 'NONE',  ( 9.611704123499547947, 11.99999999979335641, 14.78993116791694540 ) ) ;
#760 = CARTESIAN_POINT ( 'NONE',  ( 13.00000000000024691, -50.00000000000000000, 52.00000000000000000 ) ) ;
#761 = ORIENTED_EDGE ( 'NONE', *, *, #1474, .T. ) ;
#762 = EDGE_CURVE ( 'NONE', #3075, #1571, #2791, .T. ) ;
#763 = CARTESIAN_POINT ( 'NONE',  ( 7.428273714172417108, -49.20225466258590075, 47.42827371417298821 ) ) ;
#764 = CARTESIAN_POINT ( 'NONE',  ( 13.30832837943811242, 11.92970553931464650, 13.85261410586511666 ) ) ;
#765 = FACE_OUTER_BOUND ( 'NONE', #349, .T. ) ;
#766 = CARTESIAN_POINT ( 'NONE',  ( 12.03723902734926021, -45.99999999990106403, 22.00000000008886403 ) ) ;
#767 = DIRECTION ( 'NONE',  ( 0.0000000000000000000, 0.0000000000000000000, 1.000000000000000000 ) ) ;
#768 = CYLINDRICAL_SURFACE ( 'NONE', #3761, 1.400000000000033218 ) ;
#769 = ADVANCED_FACE ( 'NONE', ( #3317, #2521, #1661 ), #2697, .F. ) ;
#770 = DIRECTION ( 'NONE',  ( -6.982962677686266711E-15, -0.0000000000000000000, -1.000000000000000000 ) ) ;
#771 = CARTESIAN_POINT ( 'NONE',  ( 9.179752901814890009, 10.91940537395733379, 14.36107968566912341 ) ) ;
#772 = DIRECTION ( 'NONE',  ( 0.9949874371066202983, 0.0000000000000000000, -0.09999999999999707734 ) ) ;
#773 = CARTESIAN_POINT ( 'NONE',  ( 0.3071884253799412323, -50.90874578090771507, 48.10239614179342738 ) ) ;
#774 = ADVANCED_BREP_SHAPE_REPRESENTATION ( 'Port stick', ( #2228, #307 ), #2515 ) ;
#775 = EDGE_CURVE ( 'NONE', #2811, #899, #753, .T. ) ;
#776 = DIRECTION ( 'NONE',  ( -0.0000000000000000000, -0.0000000000000000000, 1.000000000000000000 ) ) ;
#777 = DIRECTION ( 'NONE',  ( -1.349366460535891909E-13, -0.8206518066482431095, -0.5714285714286386764 ) ) ;
#778 = CARTESIAN_POINT ( 'NONE',  ( 8.000000000000003553, -49.78115561158445956, 18.76595535945255122 ) ) ;
#779 = EDGE_CURVE ( 'NONE', #1622, #263, #799, .T. ) ;
#780 = DIRECTION ( 'NONE',  ( -0.0000000000000000000, -0.0000000000000000000, -1.000000000000000000 ) ) ;
#781 = CARTESIAN_POINT ( 'NONE',  ( 8.224205569398057136, 9.348568106586949256, 14.62857973353603924 ) ) ;
#782 = DIRECTION ( 'NONE',  ( -9.251858538542962756E-15, 0.0000000000000000000, -1.000000000000000000 ) ) ;
#783 = ORIENTED_EDGE ( 'NONE', *, *, #1677, .T. ) ;
#784 = CARTESIAN_POINT ( 'NONE',  ( 12.00000000000023448, -45.99999999999999289, 52.00000000000000711 ) ) ;
#785 = CARTESIAN_POINT ( 'NONE',  ( 11.59477149629052306, -47.22390435981751722, 14.00000000000000533 ) ) ;
#786 = ADVANCED_FACE ( 'NONE', ( #356 ), #2672, .F. ) ;
#787 = CARTESIAN_POINT ( 'NONE',  ( 8.182429946081629879, 6.487645358495960579, 16.48764535848965451 ) ) ;
#788 = ORIENTED_EDGE ( 'NONE', *, *, #3791, .T. ) ;
#789 = DIRECTION ( 'NONE',  ( 0.0000000000000000000, 0.0000000000000000000, 1.000000000000000000 ) ) ;
#790 = DIRECTION ( 'NONE',  ( -4.625929269271481378E-15, 0.0000000000000000000, -1.000000000000000000 ) ) ;
#791 = ORIENTED_EDGE ( 'NONE', *, *, #3243, .T. ) ;
#792 = FACE_OUTER_BOUND ( 'NONE', #3856, .T. ) ;
#793 = CARTESIAN_POINT ( 'NONE',  ( 9.441864266017971019, -46.15683860773044245, 21.84316139226367071 ) ) ;
#794 = DIRECTION ( 'NONE',  ( -1.224646799147353207E-16, 1.000000000000000000, 0.0000000000000000000 ) ) ;
#795 = PRODUCT ( 'Port stick', 'Port stick', '', ( #3474 ) ) ;
#796 = ORIENTED_EDGE ( 'NONE', *, *, #515, .F. ) ;
#797 = CARTESIAN_POINT ( 'NONE',  ( 8.072237891301817569, 8.963368122202233224, 17.03663187779777388 ) ) ;
#798 = CARTESIAN_POINT ( 'NONE',  ( 13.33333333333346893, -46.22876383367171371, 48.00000000000022737 ) ) ;
#799 = CIRCLE ( 'NONE', #2625, 4.000000000000000000 ) ;
#800 = CARTESIAN_POINT ( 'NONE',  ( 7.428273714172979325, -50.79774533741556297, 47.42827371417298110 ) ) ;
#801 = CARTESIAN_POINT ( 'NONE',  ( 8.577278711563163682, -47.90657492790074201, 15.90657492748751700 ) ) ;
#802 = ORIENTED_EDGE ( 'NONE', *, *, #2279, .T. ) ;
#803 = LINE ( 'NONE', #4145, #3479 ) ;
#804 = CARTESIAN_POINT ( 'NONE',  ( 8.671304132801532560, 2.428986223999192173, 15.77159448959796606 ) ) ;
#805 = CARTESIAN_POINT ( 'NONE',  ( 15.33919949476824307, 10.20430943871636664, 12.84442811131103568 ) ) ;
#806 = DATE_AND_TIME ( #1668, #2114 ) ;
#807 = EDGE_CURVE ( 'NONE', #1000, #865, #3024, .T. ) ;
#808 = ADVANCED_FACE ( 'NONE', ( #1101 ), #3526, .F. ) ;
#809 = ORIENTED_EDGE ( 'NONE', *, *, #2595, .F. ) ;
#810 = CARTESIAN_POINT ( 'NONE',  ( 7.999999999784899174, -49.50773030154187637, 18.49226969845066293 ) ) ;
#811 = CARTESIAN_POINT ( 'NONE',  ( 12.86892934452360748, -36.32892091236904974, 21.90602151322503488 ) ) ;
#812 = PERSON_AND_ORGANIZATION ( #1117, #3717 ) ;
#813 = CARTESIAN_POINT ( 'NONE',  ( -84.99999999999980105, -52.28571428571684265, 48.71739277340929419 ) ) ;
#814 = CARTESIAN_POINT ( 'NONE',  ( 9.727473490454761063, -38.47873441916193116, 21.29179084585062043 ) ) ;
#815 = CARTESIAN_POINT ( 'NONE',  ( 15.50118930763615488, -48.05321598783503134, 45.55289735261759176 ) ) ;
#816 = AXIS2_PLACEMENT_3D ( 'NONE', #880, #1834, #1168 ) ;
#817 = CARTESIAN_POINT ( 'NONE',  ( 8.819569497544554437, -47.56004083264082993, 42.45870849263460656 ) ) ;
#818 = FACE_OUTER_BOUND ( 'NONE', #1703, .T. ) ;
#819 = CARTESIAN_POINT ( 'NONE',  ( 12.14190419883113670, -46.29316113789642628, 14.00000000000000178 ) ) ;
#820 = CARTESIAN_POINT ( 'NONE',  ( 14.68579278614450701, -46.99623106855309373, 26.58846347941488730 ) ) ;
#821 = DIRECTION ( 'NONE',  ( 0.0000000000000000000, 0.0000000000000000000, 1.000000000000000000 ) ) ;
#822 = AXIS2_PLACEMENT_3D ( 'NONE', #2798, #4092, #3748 ) ;
#823 = CARTESIAN_POINT ( 'NONE',  ( 13.27850964922786048, 11.79531551533051825, 12.38095948489785592 ) ) ;
#824 = CARTESIAN_POINT ( 'NONE',  ( 12.74773091271728731, -36.24669863865599950, 21.92951481007483849 ) ) ;
#825 = CARTESIAN_POINT ( 'NONE',  ( 20.00000000000000000, 8.000000000000001776, 12.00000000000000000 ) ) ;
#826 = CARTESIAN_POINT ( 'NONE',  ( 16.00000000000000711, -46.56362035672144373, 18.98182275522241724 ) ) ;
#827 = CARTESIAN_POINT ( 'NONE',  ( 15.63550887321097527, -48.28544279581112164, 47.35549078181144012 ) ) ;
#828 = CARTESIAN_POINT ( 'NONE',  ( 8.986452752973493219, -47.35669299753428874, 42.95935825891831428 ) ) ;
#829 = CARTESIAN_POINT ( 'NONE',  ( 8.760444096952126003, -47.62309547712926161, 15.62309548317720420 ) ) ;
#830 = AXIS2_PLACEMENT_3D ( 'NONE', #1570, #926, #3465 ) ;
#831 = EDGE_CURVE ( 'NONE', #3709, #1351, #1405, .T. ) ;
#832 = CARTESIAN_POINT ( 'NONE',  ( 11.96276097421973184, -46.00000000009161027, 21.99999999990381383 ) ) ;
#833 = CARTESIAN_POINT ( 'NONE',  ( 15.43860273649734971, 11.99999999998167333, 15.95534171545855173 ) ) ;
#834 = ORIENTED_EDGE ( 'NONE', *, *, #655, .T. ) ;
#835 = CARTESIAN_POINT ( 'NONE',  ( 15.44356619331883884, 5.953573289681913572, 12.88393322420502685 ) ) ;
#836 = CARTESIAN_POINT ( 'NONE',  ( 15.99999999999999289, 8.552596582766202715, 16.61850854308449144 ) ) ;
#837 = DIRECTION ( 'NONE',  ( -1.000000000000000000, -0.0000000000000000000, 6.983996714282626151E-15 ) ) ;
#838 = EDGE_CURVE ( 'NONE', #3469, #3814, #3453, .T. ) ;
#839 = CARTESIAN_POINT ( 'NONE',  ( 12.00000000000023981, -46.00000000000000000, 52.00000000000000711 ) ) ;
#840 = ORIENTED_EDGE ( 'NONE', *, *, #3311, .T. ) ;
#841 = CARTESIAN_POINT ( 'NONE',  ( 10.99999999999996803, -50.00000000000000000, 14.00000000000000888 ) ) ;
#842 = CARTESIAN_POINT ( 'NONE',  ( -87.25842888226794969, -46.46372907469257996, 50.02175375116654976 ) ) ;
#843 = CARTESIAN_POINT ( 'NONE',  ( 11.24310445082240228, 4.067727235823525689, 12.00000000023604763 ) ) ;
#844 = CARTESIAN_POINT ( 'NONE',  ( 8.354575014061296656, -48.34833072265632836, 41.06372504218366970 ) ) ;
#845 = ORIENTED_EDGE ( 'NONE', *, *, #284, .F. ) ;
#846 = CARTESIAN_POINT ( 'NONE',  ( -83.99999999999974420, -50.00000000000000000, 56.60000000000066933 ) ) ;
#847 = AXIS2_PLACEMENT_3D ( 'NONE', #3218, #370, #333 ) ;
#848 = DIRECTION ( 'NONE',  ( -1.000000000000000000, 0.0000000000000000000, 0.0000000000000000000 ) ) ;
#849 = ORIENTED_EDGE ( 'NONE', *, *, #1949, .T. ) ;
#850 = CARTESIAN_POINT ( 'NONE',  ( 15.00632076395261372, -47.36143306618388493, 27.23498426835637787 ) ) ;
#851 = CARTESIAN_POINT ( 'NONE',  ( 14.78173620969647040, 10.94354638343208563, 14.28869355046008494 ) ) ;
#852 =( BOUNDED_SURFACE ( )  B_SPLINE_SURFACE ( 3, 2, ( 
 ( #864, #2135, #2478 ),
 ( #2821, #550, #1521 ),
 ( #2147, #3441, #534 ),
 ( #2169, #1215, #1178 ),
 ( #229, #1195, #570 ),
 ( #3740, #4058, #3757 ) ),
 .UNSPECIFIED., .F., .F., .T. ) 
 B_SPLINE_SURFACE_WITH_KNOTS ( ( 4, 2, 4 ),
 ( 3, 3 ),
 ( 7.442464787906996726, 7.648223210940740202, 7.853981633974482790 ),
 ( 0.0000000000000000000, 1.000000000000000000 ),
 .UNSPECIFIED. ) 
 GEOMETRIC_REPRESENTATION_ITEM ( )  RATIONAL_B_SPLINE_SURFACE ( (
 ( 1.000000000000000000, 0.9591663046625443778, 1.000000000000000000),
 ( 1.000000000000000000, 0.9722858640788650808, 1.000000000000000000),
 ( 1.000000000000000000, 0.9825780375547666923, 1.000000000000000000),
 ( 1.000000000000000000, 0.9964406937843705014, 1.000000000000000000),
 ( 1.000000000000000000, 1.000000000000000000, 1.000000000000000000),
 ( 1.000000000000000000, 1.000000000000000000, 1.000000000000000000) ) ) 
 REPRESENTATION_ITEM ( '' )  SURFACE ( )  );
#853 = CARTESIAN_POINT ( 'NONE',  ( 15.64266830199431979, 3.833933172256173361, 16.33357326890220307 ) ) ;
#854 = ORIENTED_EDGE ( 'NONE', *, *, #838, .F. ) ;
#855 = ORIENTED_EDGE ( 'NONE', *, *, #2722, .F. ) ;
#856 = CARTESIAN_POINT ( 'NONE',  ( 12.45311664800503593, -45.99999999999666045, 51.54688335199020344 ) ) ;
#857 = CARTESIAN_POINT ( 'NONE',  ( 13.78816140213240438, -37.47533499718476691, 21.57844935139465292 ) ) ;
#858 = CARTESIAN_POINT ( 'NONE',  ( 0.0000000000000000000, 0.0000000000000000000, 0.0000000000000000000 ) ) ;
#859 = CARTESIAN_POINT ( 'NONE',  ( 9.285708013308203945, -39.71653352647344093, 20.93813287404877954 ) ) ;
#860 = CARTESIAN_POINT ( 'NONE',  ( -87.65810951845789134, -46.00000000000000000, 51.70157332272813022 ) ) ;
#861 = EDGE_LOOP ( 'NONE', ( #1861, #1952, #1032, #2140 ) ) ;
#862 = DATE_AND_TIME ( #3621, #404 ) ;
#863 = DIRECTION ( 'NONE',  ( 1.000000000000000000, 0.0000000000000000000, 0.0000000000000000000 ) ) ;
#864 = CARTESIAN_POINT ( 'NONE',  ( 15.66606055596467328, 9.599999999999992539, 14.00000000000002132 ) ) ;
#865 = VERTEX_POINT ( 'NONE', #519 ) ;
#866 = EDGE_CURVE ( 'NONE', #692, #3766, #555, .T. ) ;
#867 = ORIENTED_EDGE ( 'NONE', *, *, #4043, .T. ) ;
#868 = CARTESIAN_POINT ( 'NONE',  ( 16.00000000000020961, -50.00000000000000000, 47.99999999999997158 ) ) ;
#869 = CARTESIAN_POINT ( 'NONE',  ( 12.26264676910321327, -35.99999999986891197, 22.00000000003550227 ) ) ;
#870 = DIRECTION ( 'NONE',  ( -6.938893903907227589E-15, -0.0000000000000000000, -1.000000000000000000 ) ) ;
#871 = EDGE_CURVE ( 'NONE', #2361, #2767, #4102, .T. ) ;
#872 = CYLINDRICAL_SURFACE ( 'NONE', #3483, 4.000000000000000000 ) ;
#873 = CARTESIAN_POINT ( 'NONE',  ( 15.72690221957399892, 4.328990045120226782, 16.53159601804847867 ) ) ;
#874 = DIRECTION ( 'NONE',  ( 0.0000000000000000000, 0.0000000000000000000, -1.000000000000000000 ) ) ;
#875 = CARTESIAN_POINT ( 'NONE',  ( 13.00000000000028244, -46.01391308563286486, 51.66666666666661456 ) ) ;
#876 = DIRECTION ( 'NONE',  ( -0.0000000000000000000, -0.0000000000000000000, 1.000000000000000000 ) ) ;
#877 = CARTESIAN_POINT ( 'NONE',  ( 9.089754293075227309, -40.39487058670410846, 20.74425533972991786 ) ) ;
#878 = CARTESIAN_POINT ( 'NONE',  ( -85.41963636912957725, -46.83135993771331584, 49.55289184503561728 ) ) ;
#879 = CARTESIAN_POINT ( 'NONE',  ( 10.76647731864009216, 2.698974352757017137, 14.15603925778732020 ) ) ;
#880 = CARTESIAN_POINT ( 'NONE',  ( 12.00000000000000000, 8.000000000000000000, 8.000000000000000000 ) ) ;
#881 = CARTESIAN_POINT ( 'NONE',  ( 13.83383540798258338, -47.24838199970656660, 14.00000000000013145 ) ) ;
#882 = CARTESIAN_POINT ( 'NONE',  ( 13.00000000000023270, -53.98608691436714224, 51.66666666666666430 ) ) ;
#883 = CARTESIAN_POINT ( 'NONE',  ( 15.83922194263274363, -51.12853329807059310, 46.15569408531497686 ) ) ;
#884 = CARTESIAN_POINT ( 'NONE',  ( 14.64669587228853942, -39.49897295020337395, 21.00029344292387989 ) ) ;
#885 = DIRECTION ( 'NONE',  ( -6.938893903907227589E-15, -0.0000000000000000000, -1.000000000000000000 ) ) ;
#886 = CARTESIAN_POINT ( 'NONE',  ( 13.11973623237529019, -46.15324585440706073, 48.64079130286359742 ) ) ;
#887 = CARTESIAN_POINT ( 'NONE',  ( 8.179960567023027096, 9.448080853501631182, 16.18288789861234278 ) ) ;
#888 = PERSON_AND_ORGANIZATION_ROLE ( 'design_owner' ) ;
#889 = CARTESIAN_POINT ( 'NONE',  ( -87.99999999999981526, -46.00000000000000000, 46.62964457179333522 ) ) ;
#890 = VERTEX_POINT ( 'NONE', #841 ) ;
#891 = CARTESIAN_POINT ( 'NONE',  ( 11.19168746424581862, -0.4126050429070541314, 14.07917127497554333 ) ) ;
#892 = CARTESIAN_POINT ( 'NONE',  ( 12.24531698751279940, -46.59855223502565735, 13.99999999999999822 ) ) ;
#893 = CARTESIAN_POINT ( 'NONE',  ( 13.43075724441098373, -46.26320838775804134, 47.70772826676763145 ) ) ;
#894 = CARTESIAN_POINT ( 'NONE',  ( 8.999795014457900422, 10.65662691459912459, 12.30532647402908708 ) ) ;
#895 = ORIENTED_EDGE ( 'NONE', *, *, #572, .T. ) ;
#896 = EDGE_CURVE ( 'NONE', #2144, #2963, #2931, .T. ) ;
#897 = DIRECTION ( 'NONE',  ( 0.0000000000000000000, -0.9965217285917832291, -0.08333333333333331483 ) ) ;
#898 = CARTESIAN_POINT ( 'NONE',  ( -86.79999999999971294, -50.07268530058543377, 56.60000000000069065 ) ) ;
#899 = VERTEX_POINT ( 'NONE', #1819 ) ;
#900 = CARTESIAN_POINT ( 'NONE',  ( 14.89057603592181245, -47.23509760724413553, 27.67743666387704593 ) ) ;
#901 = DIRECTION ( 'NONE',  ( -6.938893903907210234E-15, 0.0000000000000000000, -1.000000000000000000 ) ) ;
#902 = CARTESIAN_POINT ( 'NONE',  ( 14.23578942213893228, -38.39115477058960835, 21.31681292854250387 ) ) ;
#903 = ORIENTED_EDGE ( 'NONE', *, *, #655, .F. ) ;
#904 = CARTESIAN_POINT ( 'NONE',  ( 11.18496117667687884, -36.29362678412961429, 21.91610780265796521 ) ) ;
#905 = DIRECTION ( 'NONE',  ( 9.912705577010287487E-15, 0.0000000000000000000, 1.000000000000000000 ) ) ;
#906 = FACE_OUTER_BOUND ( 'NONE', #2371, .T. ) ;
#907 = CARTESIAN_POINT ( 'NONE',  ( 11.06328889471867605, 4.107173451834048805, 11.99999999974021314 ) ) ;
#908 = VERTEX_POINT ( 'NONE', #505 ) ;
#909 = CARTESIAN_POINT ( 'NONE',  ( 13.79714071830943745, -46.42370004854643639, 46.87099956766007836 ) ) ;
#910 = FACE_OUTER_BOUND ( 'NONE', #2519, .T. ) ;
#911 = CARTESIAN_POINT ( 'NONE',  ( 11.66064152713603264, 11.98633856839297707, 13.41811836510808398 ) ) ;
#912 = CARTESIAN_POINT ( 'NONE',  ( 12.12402759337297908, 12.00000000000000000, 13.76052459228031033 ) ) ;
#913 = ORIENTED_EDGE ( 'NONE', *, *, #1406, .T. ) ;
#914 = CARTESIAN_POINT ( 'NONE',  ( 15.97813292662710793, -48.92202548045302990, 47.97704425617761359 ) ) ;
#915 = CARTESIAN_POINT ( 'NONE',  ( -86.79999999999975557, -50.00000000000000000, 47.40000000000073044 ) ) ;
#916 = ORIENTED_EDGE ( 'NONE', *, *, #9, .T. ) ;
#917 = CARTESIAN_POINT ( 'NONE',  ( -87.99999999999982947, -49.00000000000000000, 43.00000000000070344 ) ) ;
#918 = CARTESIAN_POINT ( 'NONE',  ( 12.00000000000000000, 8.000000000000000000, 12.00000000000000000 ) ) ;
#919 = DIRECTION ( 'NONE',  ( 0.09999999999999821532, 0.0000000000000000000, -0.9949874371066201872 ) ) ;
#920 = CARTESIAN_POINT ( 'NONE',  ( 13.75214538042866153, 4.391696543903751859, 11.99999999965548803 ) ) ;
#921 = VECTOR ( 'NONE', #2187, 1000.000000000000000 ) ;
#922 = CARTESIAN_POINT ( 'NONE',  ( 4.970562748477353132, -54.00000000000000711, 49.65685424949243298 ) ) ;
#923 = EDGE_CURVE ( 'NONE', #3814, #1556, #3859, .T. ) ;
#924 = DIRECTION ( 'NONE',  ( -6.938893903907174735E-15, 0.0000000000000000000, -1.000000000000000000 ) ) ;
#925 = CIRCLE ( 'NONE', #1536, 4.000000000000000000 ) ;
#926 = DIRECTION ( 'NONE',  ( 1.000000000000000000, 0.0000000000000000000, -6.938893903907227589E-15 ) ) ;
#927 = AXIS2_PLACEMENT_3D ( 'NONE', #3351, #776, #2079 ) ;
#928 = CARTESIAN_POINT ( 'NONE',  ( 15.67869376686627980, -48.41066545611727179, 23.56267090349658488 ) ) ;
#929 = CARTESIAN_POINT ( 'NONE',  ( 14.18186367083483823, -46.64680690769699112, 29.73617672764484965 ) ) ;
#930 = CARTESIAN_POINT ( 'NONE',  ( 16.00000000000023448, -53.98608691436709961, 51.66666666666659324 ) ) ;
#931 = CARTESIAN_POINT ( 'NONE',  ( -86.84729551862258745, -49.71367953761100011, 47.37223457685076511 ) ) ;
#932 = DIRECTION ( 'NONE',  ( -7.930164461608253340E-15, 9.912705577010316675E-16, -1.000000000000000000 ) ) ;
#933 = AXIS2_PLACEMENT_3D ( 'NONE', #2817, #3127, #905 ) ;
#934 = CARTESIAN_POINT ( 'NONE',  ( 13.15473446213055198, 2.612350260480859276, 14.14277544591145030 ) ) ;
#935 = CARTESIAN_POINT ( 'NONE',  ( -87.99999999999981526, -50.00000000000000000, 46.00000000000071054 ) ) ;
#936 = CARTESIAN_POINT ( 'NONE',  ( 15.97994974842648119, 8.999999999999953815, 17.60000000000003695 ) ) ;
#937 = CARTESIAN_POINT ( 'NONE',  ( 14.34005142895423646, 11.24691797583841257, 12.00662803975537152 ) ) ;
#938 = CARTESIAN_POINT ( 'NONE',  ( 11.99999999999999467, -50.00000000000000000, 17.00000000000000000 ) ) ;
#939 = CARTESIAN_POINT ( 'NONE',  ( 15.00632076395256043, -40.76501573164357950, 20.63856693381609730 ) ) ;
#940 = CARTESIAN_POINT ( 'NONE',  ( 14.70253025864712981, -39.67865477546456532, 20.94895580391246881 ) ) ;
#941 = ORIENTED_EDGE ( 'NONE', *, *, #3222, .T. ) ;
#942 = CARTESIAN_POINT ( 'NONE',  ( 10.26040987255955628, -37.39187291973552618, 21.60228990779054214 ) ) ;
#943 = CARTESIAN_POINT ( 'NONE',  ( -87.99999999999972999, -54.00000000000000000, 57.74456264653874626 ) ) ;
#944 = CARTESIAN_POINT ( 'NONE',  ( 10.67583580735862370, 12.00000000031988989, 14.22322963942612084 ) ) ;
#945 = ORIENTED_EDGE ( 'NONE', *, *, #2787, .T. ) ;
#946 = DIRECTION ( 'NONE',  ( -1.000000000000000000, -0.0000000000000000000, -0.0000000000000000000 ) ) ;
#947 = CARTESIAN_POINT ( 'NONE',  ( -85.03287097204916734, -52.57162152894524354, 55.06877453057950333 ) ) ;
#948 = CARTESIAN_POINT ( 'NONE',  ( 11.34346177306850478, 11.99999999999997513, 14.05424816333089488 ) ) ;
#949 = EDGE_CURVE ( 'NONE', #1759, #488, #1090, .T. ) ;
#950 = VERTEX_POINT ( 'NONE', #1482 ) ;
#951 = CARTESIAN_POINT ( 'NONE',  ( 11.08351682504050117, -44.98032154062189392, 23.01967845937812029 ) ) ;
#952 = PLANE ( 'NONE',  #2137 ) ;
#953 = CARTESIAN_POINT ( 'NONE',  ( -87.99999999999980105, -54.00000000000000000, 49.42135799546950636 ) ) ;
#954 = ORIENTED_EDGE ( 'NONE', *, *, #2728, .T. ) ;
#955 = DIRECTION ( 'NONE',  ( 1.000000000000000000, 0.0000000000000000000, -6.938893903907218911E-15 ) ) ;
#956 = CIRCLE ( 'NONE', #416, 4.000000000000003553 ) ;
#957 = DIRECTION ( 'NONE',  ( 6.982962677686266711E-15, 0.0000000000000000000, 1.000000000000000000 ) ) ;
#958 = ORIENTED_EDGE ( 'NONE', *, *, #1395, .T. ) ;
#959 = EDGE_LOOP ( 'NONE', ( #2001, #2714, #510, #2255, #2863, #1751, #791 ) ) ;
#960 = CARTESIAN_POINT ( 'NONE',  ( 13.80200211232214258, 3.504247152665142639, 14.20507934124157678 ) ) ;
#961 = LINE ( 'NONE', #2069, #2270 ) ;
#962 = ORIENTED_EDGE ( 'NONE', *, *, #1814, .T. ) ;
#963 = CARTESIAN_POINT ( 'NONE',  ( -87.99999999999972999, -46.00000000000000000, 57.74456264653561988 ) ) ;
#964 = ORIENTED_EDGE ( 'NONE', *, *, #1734, .T. ) ;
#965 = CARTESIAN_POINT ( 'NONE',  ( 4.400000000000002132, 13.00000000000000178, -45.00000000000000711 ) ) ;
#966 = DIRECTION ( 'NONE',  ( -6.938893903907222067E-15, 0.0000000000000000000, -1.000000000000000000 ) ) ;
#967 = ORIENTED_EDGE ( 'NONE', *, *, #2922, .T. ) ;
#968 = FACE_OUTER_BOUND ( 'NONE', #3810, .T. ) ;
#969 = CARTESIAN_POINT ( 'NONE',  ( 14.55813573398177319, -46.15683860773891922, 21.84316139226696407 ) ) ;
#970 = CARTESIAN_POINT ( 'NONE',  ( -87.99999999999724309, -52.28571428571383706, 48.71739277340721941 ) ) ;
#971 = CIRCLE ( 'NONE', #830, 1.400000000000005462 ) ;
#972 = DIRECTION ( 'NONE',  ( -1.000000000000000000, 0.0000000000000000000, 0.0000000000000000000 ) ) ;
#973 = CARTESIAN_POINT ( 'NONE',  ( 12.67285170873899069, 11.99999999999997513, 14.26126746201350670 ) ) ;
#974 = EDGE_CURVE ( 'NONE', #251, #2463, #1312, .T. ) ;
#975 = FACE_OUTER_BOUND ( 'NONE', #2601, .T. ) ;
#976 = CARTESIAN_POINT ( 'NONE',  ( -87.99999999999907629, -53.99999999999975842, 54.07481609171189518 ) ) ;
#977 = CARTESIAN_POINT ( 'NONE',  ( 16.00000000000000000, 8.000000000000000000, 18.00000000000000355 ) ) ;
#978 = CARTESIAN_POINT ( 'NONE',  ( 11.02753101896678523, -0.3833624969653978143, 14.11533823736282756 ) ) ;
#979 = CARTESIAN_POINT ( 'NONE',  ( -84.99999999999980105, -52.28571428571684265, 48.71739277340929419 ) ) ;
#980 = EDGE_CURVE ( 'NONE', #61, #2224, #1801, .T. ) ;
#981 = CARTESIAN_POINT ( 'NONE',  ( -85.22666500956295010, -52.95070730385208435, 49.29409080466195547 ) ) ;
#982 = DIRECTION ( 'NONE',  ( 1.000000000000000000, 0.0000000000000000000, -6.938893903907227589E-15 ) ) ;
#983 =( BOUNDED_SURFACE ( )  B_SPLINE_SURFACE ( 3, 2, ( 
 ( #3496, #2213, #1902 ),
 ( #4098, #3825, #59 ),
 ( #2961, #2307, #1562 ),
 ( #1547, #1920, #4128 ),
 ( #944, #630, #376 ),
 ( #2199, #278, #3200 ),
 ( #3797, #2852, #1270 ),
 ( #1890, #4139, #3643 ),
 ( #83, #3289, #3013 ),
 ( #759, #2004, #731 ),
 ( #2644, #1075, #447 ),
 ( #1386, #719, #94 ),
 ( #419, #3030, #1401 ),
 ( #1718, #2333, #2656 ),
 ( #2976, #2345, #2671 ),
 ( #1089, #3343, #1735 ),
 ( #3903, #1033, #3959 ),
 ( #3302, #2999, #1366 ),
 ( #2696, #3330, #124 ),
 ( #3604, #2020, #3623 ),
 ( #2042, #771, #3593 ),
 ( #2378, #2360, #405 ),
 ( #1686, #741, #3312 ),
 ( #1678, #2989, #1990 ),
 ( #1064, #71, #2322 ),
 ( #389, #3918, #1048 ) ),
 .UNSPECIFIED., .F., .F., .T. ) 
 B_SPLINE_SURFACE_WITH_KNOTS ( ( 4, 2, 2, 2, 2, 2, 2, 2, 2, 2, 2, 2, 4 ),
 ( 3, 3 ),
 ( -2.000001914757494568E-05, 0.001536580005426324818, 0.002314870017713274546, 0.003093160030000224707, 0.004649740054574124162, 0.005428030066861074324, 0.006206320079148024485, 0.006984610091434974646, 0.007762900103721923940, 0.009319480128295823396, 0.01009777014058277356, 0.01087606015286972372, 0.01243264017744362404 ),
 ( 0.0000000000000000000, 1.000000000000000000 ),
 .UNSPECIFIED. ) 
 GEOMETRIC_REPRESENTATION_ITEM ( )  RATIONAL_B_SPLINE_SURFACE ( (
 ( 1.000000000000000000, 1.000000000000000000, 1.000000000000000000),
 ( 1.000000000000000000, 0.9999907163146168898, 1.000000000000000000),
 ( 1.000000000000000000, 0.9982935735585104498, 1.000000000000000000),
 ( 1.000000000000000000, 0.9944230918358685223, 1.000000000000000000),
 ( 1.000000000000000000, 0.9929093610799031300, 1.000000000000000000),
 ( 1.000000000000000000, 0.9895879479449316563, 1.000000000000000000),
 ( 1.000000000000000000, 0.9877826437716096253, 1.000000000000000000),
 ( 1.000000000000000000, 0.9822544635556781367, 1.000000000000000000),
 ( 1.000000000000000000, 0.9783920267520199721, 1.000000000000000000),
 ( 1.000000000000000000, 0.9729147163820333066, 1.000000000000000000),
 ( 1.000000000000000000, 0.9711301354918967510, 1.000000000000000000),
 ( 1.000000000000000000, 0.9678091887680760896, 1.000000000000000000),
 ( 1.000000000000000000, 0.9662645566068053249, 1.000000000000000000),
 ( 1.000000000000000000, 0.9634459261283765397, 1.000000000000000000),
 ( 1.000000000000000000, 0.9621717588367864060, 1.000000000000000000),
 ( 1.000000000000000000, 0.9599231194044492987, 1.000000000000000000),
 ( 1.000000000000000000, 0.9589438299619432726, 1.000000000000000000),
 ( 1.000000000000000000, 0.9565279859377852079, 1.000000000000000000),
 ( 1.000000000000000000, 0.9556188825111509022, 1.000000000000000000),
 ( 1.000000000000000000, 0.9551694537163014642, 1.000000000000000000),
 ( 1.000000000000000000, 0.9551726320047243535, 1.000000000000000000),
 ( 1.000000000000000000, 0.9554469734686429350, 1.000000000000000000),
 ( 1.000000000000000000, 0.9557148634472357740, 1.000000000000000000),
 ( 1.000000000000000000, 0.9568093787931457594, 1.000000000000000000),
 ( 1.000000000000000000, 0.9579273727376973468, 1.000000000000000000),
 ( 1.000000000000000000, 0.9591663046625443778, 1.000000000000000000) ) ) 
 REPRESENTATION_ITEM ( '' )  SURFACE ( )  );
#984 = DIRECTION ( 'NONE',  ( -0.0000000000000000000, -0.0000000000000000000, -1.000000000000000000 ) ) ;
#985 = DIRECTION ( 'NONE',  ( -1.308027588042344071E-13, 0.8206518066482410001, 0.5714285714286416740 ) ) ;
#986 = CARTESIAN_POINT ( 'NONE',  ( 16.00000000000020961, -50.71021570641467235, 48.06355570973471458 ) ) ;
#987 = VERTEX_POINT ( 'NONE', #1900 ) ;
#988 = CARTESIAN_POINT ( 'NONE',  ( 10.00796848667128813, 0.05216244591346538839, 14.52758311141678860 ) ) ;
#989 = DIRECTION ( 'NONE',  ( -1.000000000000000000, 0.0000000000000000000, 0.0000000000000000000 ) ) ;
#990 = ORIENTED_EDGE ( 'NONE', *, *, #196, .F. ) ;
#991 = CARTESIAN_POINT ( 'NONE',  ( -87.21006455810959324, -52.87112119377551522, 49.12731158748150051 ) ) ;
#992 = CARTESIAN_POINT ( 'NONE',  ( 11.32375245971036115, -48.48927972894441751, 14.00000000000000533 ) ) ;
#993 = CARTESIAN_POINT ( 'NONE',  ( 10.61376398588675762, -46.24788083673130501, 31.13241656993206163 ) ) ;
#994 = VERTEX_POINT ( 'NONE', #1532 ) ;
#995 = CARTESIAN_POINT ( 'NONE',  ( -87.21006455810736213, -47.12887880622776748, 54.87268841251771789 ) ) ;
#996 = ORIENTED_EDGE ( 'NONE', *, *, #2865, .T. ) ;
#997 = AXIS2_PLACEMENT_3D ( 'NONE', #432, #2682, #2099 ) ;
#998 = EDGE_CURVE ( 'NONE', #3323, #2087, #3126, .T. ) ;
#999 = CARTESIAN_POINT ( 'NONE',  ( -86.84271567424300997, -50.28947592987027093, 47.37612741601879662 ) ) ;
#1000 = VERTEX_POINT ( 'NONE', #2816 ) ;
#1001 = CARTESIAN_POINT ( 'NONE',  ( 15.87298334620741436, -49.00000000000000711, 16.99999999999997868 ) ) ;
#1002 = VERTEX_POINT ( 'NONE', #3532 ) ;
#1003 = VECTOR ( 'NONE', #2684, 1000.000000000000000 ) ;
#1004 = CARTESIAN_POINT ( 'NONE',  ( 12.00000000000000000, 8.000000000000000000, 12.00000000000000000 ) ) ;
#1005 = CARTESIAN_POINT ( 'NONE',  ( 15.99999999999999645, -49.66219360700937813, 17.66219360700934971 ) ) ;
#1006 = ORIENTED_EDGE ( 'NONE', *, *, #754, .T. ) ;
#1007 = CARTESIAN_POINT ( 'NONE',  ( 16.00000000000000000, 8.000000000000000000, 18.00000000000000355 ) ) ;
#1008 = AXIS2_PLACEMENT_3D ( 'NONE', #615, #4096, #2211 ) ;
#1009 = CARTESIAN_POINT ( 'NONE',  ( 9.787930512827269780, -46.66730175218502552, 29.66444599306530350 ) ) ;
#1010 = LINE ( 'NONE', #1950, #265 ) ;
#1011 = CARTESIAN_POINT ( 'NONE',  ( 20.00000000000000000, 8.000000000000003553, 8.000000000000000000 ) ) ;
#1012 = CARTESIAN_POINT ( 'NONE',  ( 19.99999999999999645, 1.999999999999996225, 11.99999999999999822 ) ) ;
#1013 = ADVANCED_FACE ( 'NONE', ( #313 ), #3618, .T. ) ;
#1014 = VECTOR ( 'NONE', #292, 1000.000000000000000 ) ;
#1015 = CARTESIAN_POINT ( 'NONE',  ( 15.00026736909702940, 10.65655466926418526, 12.30539362413548687 ) ) ;
#1016 = CARTESIAN_POINT ( 'NONE',  ( -87.83937892741113274, -48.60095979384853848, 57.85600148760192241 ) ) ;
#1017 = CIRCLE ( 'NONE', #121, 6.000000000000000888 ) ;
#1018 = CARTESIAN_POINT ( 'NONE',  ( 11.22848433693857650, -44.96738661190732955, 23.03261338808168901 ) ) ;
#1019 = CARTESIAN_POINT ( 'NONE',  ( 11.70982251575405719, -46.75340743197057236, 14.00000000000000711 ) ) ;
#1020 = CARTESIAN_POINT ( 'NONE',  ( 8.993679236047912084, -47.36143306618343729, 27.23498426835799791 ) ) ;
#1021 = CARTESIAN_POINT ( 'NONE',  ( 15.63550887321043703, -51.71455720418996549, 47.35549078181029614 ) ) ;
#1022 = CARTESIAN_POINT ( 'NONE',  ( -87.99999999999974420, -46.00000000000000000, 55.57177591937268346 ) ) ;
#1023 = EDGE_CURVE ( 'NONE', #2, #3404, #2683, .T. ) ;
#1024 = CARTESIAN_POINT ( 'NONE',  ( 13.45585699299175886, 4.257117474594608098, 12.00000000073966966 ) ) ;
#1025 = DIRECTION ( 'NONE',  ( -0.7071067811865542341, 0.0000000000000000000, -0.7071067811865408004 ) ) ;
#1026 = CARTESIAN_POINT ( 'NONE',  ( -87.44713459501180353, -51.11215159697114530, 46.85884187203193108 ) ) ;
#1027 = CARTESIAN_POINT ( 'NONE',  ( 13.75052797393873938, 11.78575833793230387, 13.62252058807433919 ) ) ;
#1028 = CARTESIAN_POINT ( 'NONE',  ( 10.41454636837259962, -46.32225288849460298, 30.87211489482078264 ) ) ;
#1029 = CARTESIAN_POINT ( 'NONE',  ( 10.26592925048029414, -46.39536444154389017, 30.61637854367055311 ) ) ;
#1030 = DIRECTION ( 'NONE',  ( -6.938893903907210234E-15, 0.0000000000000000000, -1.000000000000000000 ) ) ;
#1031 = AXIS2_PLACEMENT_3D ( 'NONE', #2917, #982, #3863 ) ;
#1032 = ORIENTED_EDGE ( 'NONE', *, *, #2922, .F. ) ;
#1033 = CARTESIAN_POINT ( 'NONE',  ( 9.538315845819719030, 11.15920068518895114, 13.83246604746131325 ) ) ;
#1034 = CARTESIAN_POINT ( 'NONE',  ( -85.00000000435754544, -52.43370876159281835, 55.17955710077253428 ) ) ;
#1035 = CARTESIAN_POINT ( 'NONE',  ( 16.00000000027994318, -49.51225094244299640, 48.02444364738982330 ) ) ;
#1036 = ORIENTED_EDGE ( 'NONE', *, *, #2039, .F. ) ;
#1037 = CARTESIAN_POINT ( 'NONE',  ( 7.980408095416778202, -50.26129053496575239, 47.98040809541866736 ) ) ;
#1038 = CARTESIAN_POINT ( 'NONE',  ( 11.75468301248571912, -46.59855223503144117, 14.00000000000000533 ) ) ;
#1039 = ADVANCED_FACE ( 'NONE', ( #2717 ), #4053, .T. ) ;
#1040 = CARTESIAN_POINT ( 'NONE',  ( -87.31399370334432319, -53.96637293853098072, 51.40125481725955581 ) ) ;
#1041 = VERTEX_POINT ( 'NONE', #2592 ) ;
#1042 = CARTESIAN_POINT ( 'NONE',  ( 21.00000000000000000, 3.000000000000001332, -45.00000000000000711 ) ) ;
#1043 = AXIS2_PLACEMENT_3D ( 'NONE', #1095, #3046, #2381 ) ;
#1044 = EDGE_CURVE ( 'NONE', #3709, #1369, #102, .T. ) ;
#1045 = CARTESIAN_POINT ( 'NONE',  ( 15.99999999983170085, -53.02041237004487328, 49.37320305661132380 ) ) ;
#1046 = ORIENTED_EDGE ( 'NONE', *, *, #1695, .T. ) ;
#1047 = TOROIDAL_SURFACE ( 'NONE', #1134, 7.000000000000007105, 3.000000000000000000 ) ;
#1048 = CARTESIAN_POINT ( 'NONE',  ( 8.333939444035328492, 9.599999999999994316, 14.00000000000001776 ) ) ;
#1049 = VERTEX_POINT ( 'NONE', #2947 ) ;
#1050 = ORIENTED_EDGE ( 'NONE', *, *, #1565, .T. ) ;
#1051 = CARTESIAN_POINT ( 'NONE',  ( -87.99999999999972999, -54.00000000000000000, 56.95688384222118117 ) ) ;
#1052 = CARTESIAN_POINT ( 'NONE',  ( -87.99999999999977263, -50.00000000000000000, 52.00000000000070344 ) ) ;
#1053 = TOROIDAL_SURFACE ( 'NONE', #174, 7.000000000000007105, 3.000000000000000000 ) ;
#1054 = AXIS2_PLACEMENT_3D ( 'NONE', #498, #3037, #1462 ) ;
#1055 = CARTESIAN_POINT ( 'NONE',  ( 8.354575014061301985, -51.65166927734368585, 41.06372504218367681 ) ) ;
#1056 = CARTESIAN_POINT ( 'NONE',  ( 12.96824583655185137, -49.75000000000000000, 16.99999999999999289 ) ) ;
#1057 = CARTESIAN_POINT ( 'NONE',  ( 9.980695735141981828, -46.54360492251771575, 30.09738277400175832 ) ) ;
#1058 = AXIS2_PLACEMENT_3D ( 'NONE', #2281, #363, #1584 ) ;
#1059 = CARTESIAN_POINT ( 'NONE',  ( 12.89762304105175161, 11.89917543167433145, 12.72345912771537613 ) ) ;
#1060 = VERTEX_POINT ( 'NONE', #1011 ) ;
#1061 = ADVANCED_FACE ( 'NONE', ( #49 ), #2575, .T. ) ;
#1062 = CARTESIAN_POINT ( 'NONE',  ( -87.99999999999975842, -46.00000000000000000, 53.04780406985526753 ) ) ;
#1063 = FACE_BOUND ( 'NONE', #1925, .T. ) ;
#1064 = CARTESIAN_POINT ( 'NONE',  ( 8.396125022195221277, 11.99999999999997513, 16.25751494047385748 ) ) ;
#1065 = DIRECTION ( 'NONE',  ( 0.09999999999999707734, -1.266333608699019027E-15, 0.9949874371066202983 ) ) ;
#1066 = CARTESIAN_POINT ( 'NONE',  ( -85.89038656825742635, -46.49030627690780193, 50.07429348750502385 ) ) ;
#1067 = CARTESIAN_POINT ( 'NONE',  ( 0.7631661775456850538, -51.40979818157705239, 48.25438872584864214 ) ) ;
#1068 = CARTESIAN_POINT ( 'NONE',  ( 11.92257617886980370, -46.14443275921147603, 14.00000000000000178 ) ) ;
#1069 = CARTESIAN_POINT ( 'NONE',  ( -90.99999999999982947, -51.00000000000000000, 43.00000000000072475 ) ) ;
#1070 = EDGE_CURVE ( 'NONE', #1369, #2361, #151, .T. ) ;
#1071 = CARTESIAN_POINT ( 'NONE',  ( 12.99343679143767005, 11.87593021575948526, 12.63003522136590995 ) ) ;
#1072 = CARTESIAN_POINT ( 'NONE',  ( 15.64533681192356518, -51.65033122951658129, 45.71849652441606082 ) ) ;
#1073 = DIRECTION ( 'NONE',  ( -1.000000000000000000, 0.0000000000000000000, 0.0000000000000000000 ) ) ;
#1074 = EDGE_CURVE ( 'NONE', #2048, #865, #1712, .T. ) ;
#1075 = CARTESIAN_POINT ( 'NONE',  ( 9.997080892108971995, 11.46769120918223273, 13.54640236735151149 ) ) ;
#1076 = DIRECTION ( 'NONE',  ( 0.0000000000000000000, -1.000000000000000000, 0.0000000000000000000 ) ) ;
#1077 = DIRECTION ( 'NONE',  ( 1.224646799147353207E-16, 1.000000000000000000, -8.551662891793917213E-31 ) ) ;
#1078 = CARTESIAN_POINT ( 'NONE',  ( 7.503410855739215179, -49.18544423306408930, 47.50341085573764133 ) ) ;
#1079 =( BOUNDED_SURFACE ( )  B_SPLINE_SURFACE ( 3, 2, ( 
 ( #2351, #396, #2637 ),
 ( #2023, #746, #1666 ),
 ( #1068, #3908, #2647 ),
 ( #710, #1391, #2365 ),
 ( #2964, #3282, #3923 ),
 ( #2338, #723, #2981 ),
 ( #1038, #3611, #1690 ),
 ( #412, #2993, #161 ),
 ( #509, #2759, #3074 ),
 ( #1408, #2701, #3390 ),
 ( #785, #3662, #467 ),
 ( #477, #1133, #187 ),
 ( #493, #3335, #1792 ),
 ( #2391, #2077, #829 ),
 ( #2406, #1766, #801 ),
 ( #3058, #1444, #3986 ),
 ( #1080, #2434, #3965 ),
 ( #2734, #4015, #2719 ) ),
 .UNSPECIFIED., .F., .F., .T. ) 
 B_SPLINE_SURFACE_WITH_KNOTS ( ( 4, 2, 2, 2, 2, 2, 2, 2, 4 ),
 ( 3, 3 ),
 ( -1.095449216212677462E-05, 0.0002307864184703231950, 0.0004725273291027731748, 0.0007142682397352231004, 0.0009560091503676731344, 0.001439490971632573094, 0.001922972792897472945, 0.002889936435427272864, 0.003856900077957072567 ),
 ( 0.0000000000000000000, 1.000000000000000000 ),
 .UNSPECIFIED. ) 
 GEOMETRIC_REPRESENTATION_ITEM ( )  RATIONAL_B_SPLINE_SURFACE ( (
 ( 1.000000000000000000, 1.000000000000000000, 1.000000000000000000),
 ( 1.000000000000000000, 1.000019826566961534, 1.000000000000000000),
 ( 1.000000000000000000, 0.9991115182727253741, 1.000000000000000000),
 ( 1.000000000000000000, 0.9949507340068796113, 1.000000000000000000),
 ( 1.000000000000000000, 0.9916942186105438539, 1.000000000000000000),
 ( 1.000000000000000000, 0.9835973128875591387, 1.000000000000000000),
 ( 1.000000000000000000, 0.9787992068287622027, 1.000000000000000000),
 ( 1.000000000000000000, 0.9684547341229509110, 1.000000000000000000),
 ( 1.000000000000000000, 0.9629020098543171757, 1.000000000000000000),
 ( 1.000000000000000000, 0.9456226226852031402, 1.000000000000000000),
 ( 1.000000000000000000, 0.9332941203203113378, 1.000000000000000000),
 ( 1.000000000000000000, 0.9078789179129564957, 1.000000000000000000),
 ( 1.000000000000000000, 0.8947624494104841064, 1.000000000000000000),
 ( 1.000000000000000000, 0.8545196645189627738, 1.000000000000000000),
 ( 1.000000000000000000, 0.8264881045612867405, 1.000000000000000000),
 ( 1.000000000000000000, 0.7683477575254630265, 1.000000000000000000),
 ( 1.000000000000000000, 0.7382148891618920405, 1.000000000000000000),
 ( 1.000000000000000000, 0.7071067811865481278, 1.000000000000000000) ) ) 
 REPRESENTATION_ITEM ( '' )  SURFACE ( )  );
#1080 = CARTESIAN_POINT ( 'NONE',  ( 11.11267740400353610, -49.43658562130268308, 14.00000000000000711 ) ) ;
#1081 = AXIS2_PLACEMENT_3D ( 'NONE', #2439, #181, #171 ) ;
#1082 = ADVANCED_FACE ( 'NONE', ( #451 ), #3156, .F. ) ;
#1083 = EDGE_LOOP ( 'NONE', ( #3369, #1912, #1699, #2664, #751 ) ) ;
#1084 = CARTESIAN_POINT ( 'NONE',  ( 11.47656674658314735, -36.09452441619612983, 21.97299302526348086 ) ) ;
#1085 = CARTESIAN_POINT ( 'NONE',  ( -86.75599898850943248, -46.14343414803032317, 53.09788800708015089 ) ) ;
#1086 = ORIENTED_EDGE ( 'NONE', *, *, #2997, .F. ) ;
#1087 = CARTESIAN_POINT ( 'NONE',  ( 12.80639864354543711, -49.12316851685582719, 13.99999999999999822 ) ) ;
#1088 = CARTESIAN_POINT ( 'NONE',  ( 15.19999999999999574, 1.999999999999995781, 15.59999999999999964 ) ) ;
#1089 = CARTESIAN_POINT ( 'NONE',  ( 9.084515075927107830, 11.99999999992389554, 15.26044796276102034 ) ) ;
#1090 = B_SPLINE_CURVE_WITH_KNOTS ( 'NONE', 3,
 ( #3439, #3097, #3735, #877, #1129, #2458, #4012, #530, #2788, #2101, #3426, #1144, #1498, #859, #3113, #1831, #3997, #2475, #2085, #2418, #2743, #814, #3387, #1789, #3398, #183, #2432, #4024, #2120, #199, #2441, #2229, #596, #289, #2553, #4095, #4114, #3772, #1876, #3186, #942, #1255, #2504, #3475, #4126, #2197, #4071, #2837, #3198, #1211, #1856, #3144, #1560, #904, #2851, #277, #1268, #614, #302, #629, #3514, #3753, #567, #3786 ),
 .UNSPECIFIED., .F., .F.,
 ( 4, 1, 1, 1, 2, 2, 1, 1, 1, 1, 2, 2, 2, 1, 1, 1, 1, 1, 2, 2, 2, 2, 2, 1, 1, 2, 2, 1, 1, 1, 1, 1, 2, 2, 2, 1, 1, 2, 2, 1, 2, 2, 4 ),
 ( 0.0000000000000000000, 0.06250000000003355649, 0.09375000000005002943, 0.1093750000000584116, 0.1171875000000601741, 0.1250000000000619227, 0.1875000000000632827, 0.2187500000000635048, 0.2343750000000616451, 0.2421875000000626998, 0.2460937500000632272, 0.2500000000000637823, 0.3750000000000566214, 0.4375000000000531242, 0.4687500000000514588, 0.4843750000000484057, 0.4921875000000471290, 0.4960937500000465183, 0.4980468750000464628, 0.5000000000000464073, 0.5625000000000538458, 0.5703125000000522915, 0.5781250000000507372, 0.5937500000000502931, 0.6250000000000492939, 0.6406250000000485167, 0.6484375000000466294, 0.6562500000000447420, 0.6875000000000444089, 0.7187500000000440759, 0.7343750000000425215, 0.7421875000000419664, 0.7460937500000419664, 0.7500000000000419664, 0.8125000000000343059, 0.8437500000000295319, 0.8593750000000262013, 0.8671875000000242029, 0.8750000000000220934, 0.9062500000000167644, 0.9218750000000136557, 0.9375000000000106581, 1.000000000000000000 ),
 .UNSPECIFIED. ) ;
#1091 = ORIENTED_EDGE ( 'NONE', *, *, #2670, .F. ) ;
#1092 = DIRECTION ( 'NONE',  ( -0.0000000000000000000, -1.000000000000000000, -0.0000000000000000000 ) ) ;
#1093 = CARTESIAN_POINT ( 'NONE',  ( 0.4027214451461820777, -51.03587551212411455, 48.13424048171547298 ) ) ;
#1094 = ORIENTED_EDGE ( 'NONE', *, *, #3216, .T. ) ;
#1095 = CARTESIAN_POINT ( 'NONE',  ( -90.99999999999971578, -49.00000000000000000, 58.00000000000072475 ) ) ;
#1096 = CARTESIAN_POINT ( 'NONE',  ( 9.574546903577520141, -38.86200772897996814, 21.18228350623585143 ) ) ;
#1097 = ORIENTED_EDGE ( 'NONE', *, *, #681, .F. ) ;
#1098 = CARTESIAN_POINT ( 'NONE',  ( -85.89044919727405158, -46.49027068327904999, 53.92564215301828767 ) ) ;
#1099 = VERTEX_POINT ( 'NONE', #2998 ) ;
#1100 = CARTESIAN_POINT ( 'NONE',  ( 8.000000000000145661, -52.34314575050763096, 40.00000000000002842 ) ) ;
#1101 = FACE_OUTER_BOUND ( 'NONE', #3112, .T. ) ;
#1102 = EDGE_CURVE ( 'NONE', #1060, #3597, #2826, .T. ) ;
#1103 = ORIENTED_EDGE ( 'NONE', *, *, #3108, .T. ) ;
#1104 = DIRECTION ( 'NONE',  ( 0.0000000000000000000, 0.0000000000000000000, 1.000000000000000000 ) ) ;
#1105 = DIRECTION ( 'NONE',  ( 0.0000000000000000000, 0.0000000000000000000, -1.000000000000000000 ) ) ;
#1106 = CARTESIAN_POINT ( 'NONE',  ( 16.00000000057706018, -48.18108607840215285, 48.42916105919635328 ) ) ;
#1107 = ORIENTED_EDGE ( 'NONE', *, *, #2809, .F. ) ;
#1108 = CARTESIAN_POINT ( 'NONE',  ( 7.084916235165447773, -49.83097119333186953, 47.08491623516452762 ) ) ;
#1109 = CARTESIAN_POINT ( 'NONE',  ( 11.99999999999998046, -46.00000000000000000, 14.00000000000000178 ) ) ;
#1110 = FACE_OUTER_BOUND ( 'NONE', #1505, .T. ) ;
#1111 = CARTESIAN_POINT ( 'NONE',  ( 8.000000000000003553, 7.570964302664134671, 16.92741075666559780 ) ) ;
#1112 = CARTESIAN_POINT ( 'NONE',  ( 12.00000000000000000, 11.99999999999997513, 18.00000000000000355 ) ) ;
#1113 = CARTESIAN_POINT ( 'NONE',  ( 14.41761966117966054, 11.19038595048308515, 13.78859756009073045 ) ) ;
#1114 = ADVANCED_FACE ( 'NONE', ( #2056 ), #1053, .F. ) ;
#1115 = FACE_OUTER_BOUND ( 'NONE', #143, .T. ) ;
#1116 = CARTESIAN_POINT ( 'NONE',  ( 8.827343019165422078, -41.42833416283853865, 20.44904738204700934 ) ) ;
#1117 = PERSON ( 'UNSPECIFIED', 'UNSPECIFIED', 'UNSPECIFIED', ('UNSPECIFIED'), ('UNSPECIFIED'), ('UNSPECIFIED') ) ;
#1118 = CARTESIAN_POINT ( 'NONE',  ( 8.224205569397808446, 11.37142026646423432, 16.65143189341362273 ) ) ;
#1119 = CARTESIAN_POINT ( 'NONE',  ( 15.99999999934080464, -48.43675127692986138, 48.30231105884064391 ) ) ;
#1120 = CARTESIAN_POINT ( 'NONE',  ( 1.231827762328011611, -48.22985627613235948, 48.41060925410987181 ) ) ;
#1121 = ADVANCED_FACE ( 'NONE', ( #1864 ), #2465, .T. ) ;
#1122 = CARTESIAN_POINT ( 'NONE',  ( 8.273097780426198256, 6.531596018047906682, 14.32899004512024632 ) ) ;
#1123 = EDGE_CURVE ( 'NONE', #705, #987, #2771, .T. ) ;
#1124 = CARTESIAN_POINT ( 'NONE',  ( -86.02975851722517575, -46.41746391246025638, 53.78562324263818084 ) ) ;
#1125 = CARTESIAN_POINT ( 'NONE',  ( 15.40397464630736657, 12.00000000000005151, 15.89823569634074474 ) ) ;
#1126 = CARTESIAN_POINT ( 'NONE',  ( 12.47546129282424943, -47.53965217680452326, 14.00000000000000178 ) ) ;
#1127 = CARTESIAN_POINT ( 'NONE',  ( 8.544355534159709720, -47.49504474636068352, 20.50495525363733762 ) ) ;
#1128 = CARTESIAN_POINT ( 'NONE',  ( 13.37316211035551916, -36.85076905298713967, 21.75692351810320702 ) ) ;
#1129 = CARTESIAN_POINT ( 'NONE',  ( 9.109423964237713278, -40.32256333551259786, 20.76490239292227358 ) ) ;
#1130 = CARTESIAN_POINT ( 'NONE',  ( 14.63769205141187690, -46.74745755949306414, 49.11821492755973395 ) ) ;
#1131 = VERTEX_POINT ( 'NONE', #3981 ) ;
#1132 = CARTESIAN_POINT ( 'NONE',  ( 7.293791479947887346, -50.70042203356175037, 47.29379147994753652 ) ) ;
#1133 = CARTESIAN_POINT ( 'NONE',  ( 10.16616459201168077, -47.24838199971122066, 13.99999999999973177 ) ) ;
#1134 = AXIS2_PLACEMENT_3D ( 'NONE', #2198, #3515, #1901 ) ;
#1135 = CARTESIAN_POINT ( 'NONE',  ( 14.74536473246931934, -52.91213114094980341, 45.65524175747781044 ) ) ;
#1136 = EDGE_LOOP ( 'NONE', ( #298, #1717, #4008 ) ) ;
#1137 = CARTESIAN_POINT ( 'NONE',  ( -84.99999999999974420, -47.71428571428315735, 55.28260722659207005 ) ) ;
#1138 = CARTESIAN_POINT ( 'NONE',  ( 14.96347966526854556, 12.00000000007882939, 15.31251885664925538 ) ) ;
#1139 = ORIENTED_EDGE ( 'NONE', *, *, #3371, .T. ) ;
#1140 = VECTOR ( 'NONE', #3432, 1000.000000000000000 ) ;
#1141 = CARTESIAN_POINT ( 'NONE',  ( 12.65427293654468421, -36.18794105855221943, 21.94634276914141324 ) ) ;
#1142 = CARTESIAN_POINT ( 'NONE',  ( 12.66734393681302784, -46.00464038646885001, 51.77755202106240517 ) ) ;
#1143 = ORIENTED_EDGE ( 'NONE', *, *, #3346, .T. ) ;
#1144 = CARTESIAN_POINT ( 'NONE',  ( 9.268109753782090010, -39.77367147463505148, 20.92180369354570857 ) ) ;
#1145 = CARTESIAN_POINT ( 'NONE',  ( 16.00000000032991565, -48.92388706572533152, 48.14368784347836794 ) ) ;
#1146 = VECTOR ( 'NONE', #2296, 1000.000000000000000 ) ;
#1147 = CARTESIAN_POINT ( 'NONE',  ( 10.96286972611567379, -46.12793340522620156, 48.88860917834622200 ) ) ;
#1148 = CARTESIAN_POINT ( 'NONE',  ( 13.24748533570404518, -46.19531629687110552, 14.19531631814156825 ) ) ;
#1149 = ORIENTED_EDGE ( 'NONE', *, *, #1754, .F. ) ;
#1150 = EDGE_LOOP ( 'NONE', ( #3533, #2825, #1301 ) ) ;
#1151 = LINE ( 'NONE', #3344, #1616 ) ;
#1152 = DIRECTION ( 'NONE',  ( -0.0000000000000000000, -0.0000000000000000000, -1.000000000000000000 ) ) ;
#1153 = CARTESIAN_POINT ( 'NONE',  ( 14.92330555143826487, -40.43396623646245303, 20.73315250369767071 ) ) ;
#1154 = CARTESIAN_POINT ( 'NONE',  ( 13.31041461721329355, 11.79459394182842047, 13.52110661819504500 ) ) ;
#1155 = ORIENTED_EDGE ( 'NONE', *, *, #2692, .F. ) ;
#1156 = PERSON_AND_ORGANIZATION ( #1117, #3717 ) ;
#1157 = AXIS2_PLACEMENT_3D ( 'NONE', #1214, #2134, #863 ) ;
#1158 =( BOUNDED_CURVE ( )  B_SPLINE_CURVE ( 3, ( #1566, #3190, #2482, #1259 ),
 .UNSPECIFIED., .F., .T. ) 
 B_SPLINE_CURVE_WITH_KNOTS ( ( 4, 4 ),
 ( 4.712388980384689674, 5.123905826452171297 ),
 .UNSPECIFIED. ) 
 CURVE ( )  GEOMETRIC_REPRESENTATION_ITEM ( )  RATIONAL_B_SPLINE_CURVE ( ( 1.000000000000000000, 0.9859375419538025653, 0.9859375419538025653, 1.000000000000000000 ) ) 
 REPRESENTATION_ITEM ( '' )  );
#1159 = EDGE_CURVE ( 'NONE', #210, #2713, #2030, .T. ) ;
#1160 = CARTESIAN_POINT ( 'NONE',  ( 15.68674031657045909, -52.01533578744938779, 47.39268069676182904 ) ) ;
#1161 = VERTEX_POINT ( 'NONE', #1713 ) ;
#1162 = CARTESIAN_POINT ( 'NONE',  ( 0.0000000000000000000, 0.0000000000000000000, 8.000000000000000000 ) ) ;
#1163 = CARTESIAN_POINT ( 'NONE',  ( -87.99999999999982947, -54.00000000000000000, 43.00000000000070344 ) ) ;
#1164 = CARTESIAN_POINT ( 'NONE',  ( 13.00000000000022737, -46.01391308563286486, 51.66666666666666430 ) ) ;
#1165 = DIRECTION ( 'NONE',  ( 6.982962677686266711E-15, 0.0000000000000000000, 1.000000000000000000 ) ) ;
#1166 = CARTESIAN_POINT ( 'NONE',  ( 4.400000000000002132, 13.00000000000000178, 0.0000000000000000000 ) ) ;
#1167 = CARTESIAN_POINT ( 'NONE',  ( 9.152674899009424436, 1.089018053921936291, 15.18709748147471750 ) ) ;
#1168 = DIRECTION ( 'NONE',  ( -1.000000000000000000, 0.0000000000000000000, 0.0000000000000000000 ) ) ;
#1169 = CIRCLE ( 'NONE', #2842, 1.400000000000033218 ) ;
#1170 = CARTESIAN_POINT ( 'NONE',  ( 12.28932065824991859, -46.75363999063880271, 13.99999999999999822 ) ) ;
#1171 = CARTESIAN_POINT ( 'NONE',  ( -90.99999999999982947, -54.00000000000000000, 43.00000000000072475 ) ) ;
#1172 = CARTESIAN_POINT ( 'NONE',  ( 14.64894659408202493, 12.00000000013820411, 15.00183914649573147 ) ) ;
#1173 = CARTESIAN_POINT ( 'NONE',  ( 15.96604723561342887, -51.16017409008372141, 47.92952679894487744 ) ) ;
#1174 = CARTESIAN_POINT ( 'NONE',  ( 13.48634753644803475, -36.99835462500372785, 21.71475513205744790 ) ) ;
#1175 = DIRECTION ( 'NONE',  ( -0.0000000000000000000, -0.0000000000000000000, 1.000000000000000000 ) ) ;
#1176 = DIRECTION ( 'NONE',  ( 0.0000000000000000000, 1.000000000000000000, 0.0000000000000000000 ) ) ;
#1177 = CARTESIAN_POINT ( 'NONE',  ( 8.875904496775834929, 5.498794004298892979, 12.00000000000000000 ) ) ;
#1178 = CARTESIAN_POINT ( 'NONE',  ( 15.97167649180309112, 9.371702373308600897, 17.45131905067583133 ) ) ;
#1179 = CARTESIAN_POINT ( 'NONE',  ( 16.00000000000023448, -49.00347827140821266, 51.91666666666664298 ) ) ;
#1180 = CARTESIAN_POINT ( 'NONE',  ( 15.72497811313472127, -51.46354806913270608, 45.84904541334956463 ) ) ;
#1181 = EDGE_CURVE ( 'NONE', #692, #3214, #961, .T. ) ;
#1182 = CARTESIAN_POINT ( 'NONE',  ( 14.01930426471627733, -46.54360492243208824, 30.09738277429875808 ) ) ;
#1183 = DIRECTION ( 'NONE',  ( 3.965082230808552968E-15, -0.8206518066478457607, 0.5714285714292092200 ) ) ;
#1184 = ORIENTED_EDGE ( 'NONE', *, *, #2641, .T. ) ;
#1185 = CARTESIAN_POINT ( 'NONE',  ( 16.00000000000000000, 8.000000000000000000, 18.00000000000000711 ) ) ;
#1186 = CARTESIAN_POINT ( 'NONE',  ( 14.30785965716333052, -46.73276208724966096, 29.43532514660858368 ) ) ;
#1187 = CARTESIAN_POINT ( 'NONE',  ( 16.00000000001978151, -46.93481891048044474, 48.77287025788146479 ) ) ;
#1188 = CARTESIAN_POINT ( 'NONE',  ( 12.06430665849207529, -36.00000000000001421, 22.00000000000000355 ) ) ;
#1189 = EDGE_CURVE ( 'NONE', #2174, #1049, #2410, .T. ) ;
#1190 = CARTESIAN_POINT ( 'NONE',  ( -90.99999999999970157, -49.00000000000000000, 61.00000000000072475 ) ) ;
#1191 = VERTEX_POINT ( 'NONE', #470 ) ;
#1192 = CARTESIAN_POINT ( 'NONE',  ( 15.65397202815210065, -43.34773060024661362, 19.90064839992951562 ) ) ;
#1193 = CARTESIAN_POINT ( 'NONE',  ( -86.65923099131056517, -46.16790645763987300, 50.81439080470549641 ) ) ;
#1194 = CARTESIAN_POINT ( 'NONE',  ( 10.85099302638036001, 2.619957720910301102, 14.13925315418699036 ) ) ;
#1195 = CARTESIAN_POINT ( 'NONE',  ( 15.99999999999326938, 8.480110585810457735, 17.51988941419374868 ) ) ;
#1196 = ORIENTED_EDGE ( 'NONE', *, *, #2126, .F. ) ;
#1197 = CARTESIAN_POINT ( 'NONE',  ( 13.03754083202388081, -46.55104534803690797, 13.99999999999985612 ) ) ;
#1198 = CARTESIAN_POINT ( 'NONE',  ( 14.26258629757268004, -46.69594101301564137, 46.12757976385987746 ) ) ;
#1199 = CARTESIAN_POINT ( 'NONE',  ( 15.00632076395256043, -40.76501573164358661, 20.63856693381610086 ) ) ;
#1200 = VERTEX_POINT ( 'NONE', #3683 ) ;
#1201 = CARTESIAN_POINT ( 'NONE',  ( 11.92447737558496357, -45.52398325699244452, 22.47601674300754482 ) ) ;
#1202 = CARTESIAN_POINT ( 'NONE',  ( 14.69910928126678407, -53.90408284274801076, 51.10029690624489973 ) ) ;
#1203 = TOROIDAL_SURFACE ( 'NONE', #713, 1.000000000000006883, 3.000000000000000000 ) ;
#1204 = CARTESIAN_POINT ( 'NONE',  ( 15.32980852696755392, 5.502339121439574043, 15.50233912144215154 ) ) ;
#1205 = CARTESIAN_POINT ( 'NONE',  ( 15.00632076395261372, -47.36143306618388493, 27.23498426835637787 ) ) ;
#1206 = ORIENTED_EDGE ( 'NONE', *, *, #250, .F. ) ;
#1207 = ORIENTED_EDGE ( 'NONE', *, *, #974, .T. ) ;
#1208 = DIRECTION ( 'NONE',  ( -1.000000000000000000, -0.0000000000000000000, 6.982962677686266711E-15 ) ) ;
#1209 = CARTESIAN_POINT ( 'NONE',  ( 14.70545180646506367, -39.68803756297157292, 20.94627498755615846 ) ) ;
#1210 = APPROVAL_STATUS ( 'not_yet_approved' ) ;
#1211 = CARTESIAN_POINT ( 'NONE',  ( 10.81077153882849551, -36.62747752727394612, 21.82072904081474363 ) ) ;
#1212 = CARTESIAN_POINT ( 'NONE',  ( -85.00000000435760228, -47.56629123840673401, 48.82044289922915681 ) ) ;
#1213 = ORIENTED_EDGE ( 'NONE', *, *, #537, .F. ) ;
#1214 = CARTESIAN_POINT ( 'NONE',  ( 3.000000000000001776, 13.00000000000000178, 8.000000000000000000 ) ) ;
#1215 = CARTESIAN_POINT ( 'NONE',  ( 15.92776210870313669, 8.963368122203066335, 17.03663187779775612 ) ) ;
#1216 = CYLINDRICAL_SURFACE ( 'NONE', #927, 1.400000000000000133 ) ;
#1217 = CARTESIAN_POINT ( 'NONE',  ( 15.86759620797672810, -48.97443190743042152, 46.26849381407063078 ) ) ;
#1218 = ORIENTED_EDGE ( 'NONE', *, *, #779, .T. ) ;
#1219 = CARTESIAN_POINT ( 'NONE',  ( 10.23229589890730118, 11.59611324299700641, 12.09672743936487826 ) ) ;
#1220 =( BOUNDED_SURFACE ( )  B_SPLINE_SURFACE ( 3, 2, ( 
 ( #4148, #970, #1947 ),
 ( #3208, #348, #15 ),
 ( #2250, #2263, #3511 ),
 ( #2598, #3861, #1279 ),
 ( #2894, #2590, #981 ),
 ( #2283, #3240, #674 ),
 ( #2933, #991, #1969 ),
 ( #3561, #3820, #1641 ),
 ( #37, #314, #636 ),
 ( #953, #3284, #2328 ),
 ( #398, #2984, #1357 ),
 ( #1382, #2965, #1040 ),
 ( #712, #2014, #3934 ),
 ( #104, #382, #3924 ) ),
 .UNSPECIFIED., .F., .F., .T. ) 
 B_SPLINE_SURFACE_WITH_KNOTS ( ( 4, 2, 2, 2, 2, 2, 4 ),
 ( 3, 3 ),
 ( 0.004920853705585839961, 0.005855928803548652792, 0.006791003901511466490, 0.007726078999474279320, 0.008661154097437092150, 0.01053130429336271781, 0.01240145448928834347 ),
 ( 0.0000000000000000000, 1.000000000000000000 ),
 .UNSPECIFIED. ) 
 GEOMETRIC_REPRESENTATION_ITEM ( )  RATIONAL_B_SPLINE_SURFACE ( (
 ( 1.000000000000000000, 0.7071067811868489983, 1.000000000000000000),
 ( 1.000000000000000000, 0.7245678717080236142, 1.000000000000000000),
 ( 1.000000000000000000, 0.7434826475386253630, 1.000000000000000000),
 ( 1.000000000000000000, 0.7819276613050187841, 1.000000000000000000),
 ( 1.000000000000000000, 0.8015959710455902165, 1.000000000000000000),
 ( 1.000000000000000000, 0.8387348187517913445, 1.000000000000000000),
 ( 1.000000000000000000, 0.8563655068131943437, 1.000000000000000000),
 ( 1.000000000000000000, 0.8891298529554612085, 1.000000000000000000),
 ( 1.000000000000000000, 0.9043541825882449592, 1.000000000000000000),
 ( 1.000000000000000000, 0.9449596789075656034, 1.000000000000000000),
 ( 1.000000000000000000, 0.9653786410285498665, 1.000000000000000000),
 ( 1.000000000000000000, 0.9929412936416832647, 1.000000000000000000),
 ( 1.000000000000000000, 1.000039004095994111, 1.000000000000000000),
 ( 1.000000000000000000, 1.000000000000000000, 1.000000000000000000) ) ) 
 REPRESENTATION_ITEM ( '' )  SURFACE ( )  );
#1221 = CARTESIAN_POINT ( 'NONE',  ( 12.35356208854363302, -45.06728791528211531, 22.93271208471967171 ) ) ;
#1222 = CARTESIAN_POINT ( 'NONE',  ( 12.00000000000023448, -54.00000000000001421, 52.00000000000000711 ) ) ;
#1223 = AXIS2_PLACEMENT_3D ( 'NONE', #1805, #243, #1233 ) ;
#1224 = EDGE_CURVE ( 'NONE', #1250, #735, #1744, .T. ) ;
#1225 = LINE ( 'NONE', #2139, #2019 ) ;
#1226 = CARTESIAN_POINT ( 'NONE',  ( 15.17265698082663228, -47.55095261794392059, 26.57166583716093200 ) ) ;
#1227 = CARTESIAN_POINT ( 'NONE',  ( 14.71075980819936824, -47.05860797634232995, 28.29487235108084064 ) ) ;
#1228 = CARTESIAN_POINT ( 'NONE',  ( 14.20379982291100340, -46.45729916447173480, 49.79620017709243740 ) ) ;
#1229 = DIRECTION ( 'NONE',  ( 1.000000000000000000, 0.0000000000000000000, -6.938893903907218911E-15 ) ) ;
#1230 = FACE_OUTER_BOUND ( 'NONE', #3695, .T. ) ;
#1231 = CARTESIAN_POINT ( 'NONE',  ( -87.52469440789485589, -48.81647049603182609, 46.75858255842907596 ) ) ;
#1232 = CARTESIAN_POINT ( 'NONE',  ( 0.0000000000000000000, 0.0000000000000000000, 8.000000000000000000 ) ) ;
#1233 = DIRECTION ( 'NONE',  ( -9.912705577010287487E-15, 0.0000000000000000000, -1.000000000000000000 ) ) ;
#1234 = CARTESIAN_POINT ( 'NONE',  ( -87.99999999999980105, -54.00000000000000000, 46.25543735346577989 ) ) ;
#1235 = CARTESIAN_POINT ( 'NONE',  ( 15.04846031364992243, -47.40597281165602794, 45.49886678727998657 ) ) ;
#1236 = CARTESIAN_POINT ( 'NONE',  ( 12.26210811577037774, 11.99443837766220256, 13.52802424553712513 ) ) ;
#1237 = CARTESIAN_POINT ( 'NONE',  ( 16.00000000000020606, -49.19373085969096593, 48.08088572951420048 ) ) ;
#1238 = CARTESIAN_POINT ( 'NONE',  ( 14.88215913433125515, -47.22634265930388153, 27.70808996151031423 ) ) ;
#1239 = DIRECTION ( 'NONE',  ( -0.0000000000000000000, -0.0000000000000000000, -1.000000000000000000 ) ) ;
#1240 = CARTESIAN_POINT ( 'NONE',  ( 8.020050251573522360, 8.999999999999959144, 17.60000000000002984 ) ) ;
#1241 = CARTESIAN_POINT ( 'NONE',  ( -86.87374498328635752, -49.64646017638271047, 47.35625253594793094 ) ) ;
#1242 = DIRECTION ( 'NONE',  ( 0.0000000000000000000, 0.9965217285917832291, -0.08333333333333331483 ) ) ;
#1243 = CARTESIAN_POINT ( 'NONE',  ( 14.84537873676999808, 1.085104685389469248, 15.18508878308445098 ) ) ;
#1244 = CARTESIAN_POINT ( 'NONE',  ( -87.99999999999977263, -54.00000000000000000, 52.00000000000070344 ) ) ;
#1245 = CARTESIAN_POINT ( 'NONE',  ( 9.037649102650213706, 10.88660465814120215, 13.55522560284768474 ) ) ;
#1246 = ORIENTED_EDGE ( 'NONE', *, *, #1511, .F. ) ;
#1247 = EDGE_CURVE ( 'NONE', #2713, #2694, #2344, .T. ) ;
#1248 = CARTESIAN_POINT ( 'NONE',  ( 8.125908861236959879, 9.331220084039898666, 16.54672013275305531 ) ) ;
#1249 = CARTESIAN_POINT ( 'NONE',  ( 16.00000000000000000, -50.00000000000000000, 17.99999999999997513 ) ) ;
#1250 = VERTEX_POINT ( 'NONE', #122 ) ;
#1251 = DIRECTION ( 'NONE',  ( -1.000000000000000000, 0.0000000000000000000, 0.0000000000000000000 ) ) ;
#1252 = DIRECTION ( 'NONE',  ( -1.000000000000000000, 0.0000000000000000000, 0.0000000000000000000 ) ) ;
#1253 = CARTESIAN_POINT ( 'NONE',  ( 14.86814652452489405, -40.24119528494033915, 20.78814484770755300 ) ) ;
#1254 = EDGE_LOOP ( 'NONE', ( #3654, #3519, #1767, #3738, #457, #193, #2558, #3304, #3846 ) ) ;
#1255 = CARTESIAN_POINT ( 'NONE',  ( 10.35196247535329306, -37.24047621478317183, 21.64554938477827761 ) ) ;
#1256 = VECTOR ( 'NONE', #1152, 1000.000000000000000 ) ;
#1257 = CARTESIAN_POINT ( 'NONE',  ( 8.993679236047912084, -47.36143306618343729, 27.23498426835799791 ) ) ;
#1258 = ORIENTED_EDGE ( 'NONE', *, *, #114, .F. ) ;
#1259 = CARTESIAN_POINT ( 'NONE',  ( 8.333939444035319610, 9.599999999999976552, 14.00000000000005507 ) ) ;
#1260 = VECTOR ( 'NONE', #689, 1000.000000000000000 ) ;
#1261 = CARTESIAN_POINT ( 'NONE',  ( 9.667123812788457116, 11.46335109915110806, 13.42372742161228416 ) ) ;
#1262 = CARTESIAN_POINT ( 'NONE',  ( 12.00000000000023981, -46.00000000000000000, 52.00000000000000711 ) ) ;
#1263 = ORIENTED_EDGE ( 'NONE', *, *, #635, .F. ) ;
#1264 = VECTOR ( 'NONE', #2495, 1000.000000000000000 ) ;
#1265 = CARTESIAN_POINT ( 'NONE',  ( 14.93755402351884420, -52.95703515448991539, 47.31468014103704434 ) ) ;
#1266 = CARTESIAN_POINT ( 'NONE',  ( 12.94933316952134916, -46.11360369824047467, 31.60236302147904297 ) ) ;
#1267 = CARTESIAN_POINT ( 'NONE',  ( 14.23349220163674111, -38.38573783940997686, 21.31836062020295941 ) ) ;
#1268 = CARTESIAN_POINT ( 'NONE',  ( 11.29959713120518572, -36.21458661865473516, 21.93868895342090042 ) ) ;
#1269 = ORIENTED_EDGE ( 'NONE', *, *, #3164, .T. ) ;
#1270 = CARTESIAN_POINT ( 'NONE',  ( 11.00656320856227666, 11.87593021575947105, 12.63003522136648726 ) ) ;
#1271 = SHAPE_DEFINITION_REPRESENTATION ( #594, #774 ) ;
#1272 = AXIS2_PLACEMENT_3D ( 'NONE', #2191, #2846, #3137 ) ;
#1273 = CARTESIAN_POINT ( 'NONE',  ( -86.45652696556052774, -53.76994290487895256, 53.37097955586376941 ) ) ;
#1274 = EDGE_CURVE ( 'NONE', #312, #3187, #3042, .T. ) ;
#1275 = CARTESIAN_POINT ( 'NONE',  ( 10.92444751673947678, 11.97086962237543695, 13.96363554439017385 ) ) ;
#1276 = FACE_OUTER_BOUND ( 'NONE', #3357, .T. ) ;
#1277 = CARTESIAN_POINT ( 'NONE',  ( -87.88257173800830913, -48.59275306931910166, 57.99446086643253295 ) ) ;
#1278 = CARTESIAN_POINT ( 'NONE',  ( 15.68621863484573353, -47.98365454662564389, 47.39215519906635876 ) ) ;
#1279 = CARTESIAN_POINT ( 'NONE',  ( -85.14557478668153578, -52.82975785803461832, 49.16749494747995186 ) ) ;
#1280 = CARTESIAN_POINT ( 'NONE',  ( 13.00000000000028244, -53.98608691436714224, 51.66666666666661456 ) ) ;
#1281 = CARTESIAN_POINT ( 'NONE',  ( 9.313219336385847313, 12.00000000000257927, 14.12243933820182562 ) ) ;
#1282 = CARTESIAN_POINT ( 'NONE',  ( 15.86261493882953211, -51.14235563880004065, 47.46320404783011782 ) ) ;
#1283 = CARTESIAN_POINT ( 'NONE',  ( 14.00640422141094632, 3.895099411307140436, 14.19804468666301389 ) ) ;
#1284 = PLANE ( 'NONE',  #1675 ) ;
#1285 = CARTESIAN_POINT ( 'NONE',  ( -87.99999999999974420, -54.00000000000000000, 55.32488533084827509 ) ) ;
#1286 = CARTESIAN_POINT ( 'NONE',  ( 15.97994974842650073, 11.99999999999997513, 17.60000000000003340 ) ) ;
#1287 = CARTESIAN_POINT ( 'NONE',  ( 8.020050251573522360, 8.999999999999978684, 17.60000000000001208 ) ) ;
#1288 = DIRECTION ( 'NONE',  ( 0.0000000000000000000, -1.000000000000000000, 0.0000000000000000000 ) ) ;
#1289 = CARTESIAN_POINT ( 'NONE',  ( 13.29487765640302044, -46.21374652832724195, 31.25188994897420969 ) ) ;
#1290 = CARTESIAN_POINT ( 'NONE',  ( 16.00000000000022737, -50.86851116932552941, 50.38588301181006557 ) ) ;
#1291 = ORIENTED_EDGE ( 'NONE', *, *, #3159, .T. ) ;
#1292 =( BOUNDED_SURFACE ( )  B_SPLINE_SURFACE ( 3, 2, ( 
 ( #1185, #3745, #2141 ),
 ( #3394, #579, #2115 ),
 ( #541, #2179, #2785 ),
 ( #3139, #1204, #873 ),
 ( #1493, #1798, #853 ),
 ( #835, #1477, #2766 ),
 ( #3732, #2796, #1828 ),
 ( #236, #3768, #1851 ) ),
 .UNSPECIFIED., .F., .F., .T. ) 
 B_SPLINE_SURFACE_WITH_KNOTS ( ( 4, 2, 2, 4 ),
 ( 3, 3 ),
 ( 4.712388980384689674, 5.034139534781331804, 5.195014811979653757, 5.355890089177974822 ),
 ( 0.0000000000000000000, 1.000000000000000000 ),
 .UNSPECIFIED. ) 
 GEOMETRIC_REPRESENTATION_ITEM ( )  RATIONAL_B_SPLINE_SURFACE ( (
 ( 1.000000000000000000, 1.000000000000000000, 1.000000000000000000),
 ( 1.000000000000000000, 1.000000000000000000, 1.000000000000000000),
 ( 1.000000000000000000, 0.9911848896213959481, 1.000000000000000000),
 ( 1.000000000000000000, 0.9664267069106461383, 1.000000000000000000),
 ( 1.000000000000000000, 0.9562864221235644058, 1.000000000000000000),
 ( 1.000000000000000000, 0.9329488673071375526, 1.000000000000000000),
 ( 1.000000000000000000, 0.9197560500840372688, 1.000000000000000000),
 ( 1.000000000000000000, 0.9055385138137407308, 1.000000000000000000) ) ) 
 REPRESENTATION_ITEM ( '' )  SURFACE ( )  );
#1293 = EDGE_CURVE ( 'NONE', #2657, #3896, #259, .T. ) ;
#1294 = DIRECTION ( 'NONE',  ( 1.000000000000000000, 0.0000000000000000000, -6.938893903907218911E-15 ) ) ;
#1295 = ORIENTED_EDGE ( 'NONE', *, *, #3164, .F. ) ;
#1296 = CARTESIAN_POINT ( 'NONE',  ( 13.00000000000023981, -50.00000000000000000, 53.00000000000000711 ) ) ;
#1297 = CARTESIAN_POINT ( 'NONE',  ( 8.000000000000003553, 8.000000000000000000, 18.00000000000000711 ) ) ;
#1298 = AXIS2_PLACEMENT_3D ( 'NONE', #1758, #2400, #156 ) ;
#1299 = DIRECTION ( 'NONE',  ( 6.982962677686266711E-15, 0.0000000000000000000, 1.000000000000000000 ) ) ;
#1300 = EDGE_CURVE ( 'NONE', #399, #994, #205, .T. ) ;
#1301 = ORIENTED_EDGE ( 'NONE', *, *, #2279, .F. ) ;
#1302 = CARTESIAN_POINT ( 'NONE',  ( 10.71113736640135627, -53.79570441829704208, 48.13341209919889963 ) ) ;
#1303 = CARTESIAN_POINT ( 'NONE',  ( 12.66734393681302784, -53.99535961353117131, 51.77755202106240517 ) ) ;
#1304 = CARTESIAN_POINT ( 'NONE',  ( -90.99999999999982947, -49.00000000000000000, 43.00000000000072475 ) ) ;
#1305 = CARTESIAN_POINT ( 'NONE',  ( 13.42020593545187879, -46.26060883187737716, 31.08786970503100378 ) ) ;
#1306 = ORIENTED_EDGE ( 'NONE', *, *, #2546, .T. ) ;
#1307 = CARTESIAN_POINT ( 'NONE',  ( 11.67556091499742621, -46.01304483421574787, 31.95364465109195606 ) ) ;
#1308 = VECTOR ( 'NONE', #1832, 1000.000000000000000 ) ;
#1309 = CARTESIAN_POINT ( 'NONE',  ( 9.812977256664035863, -46.65075445247559571, 29.72236820078890673 ) ) ;
#1310 = ORIENTED_EDGE ( 'NONE', *, *, #3393, .F. ) ;
#1311 = ORIENTED_EDGE ( 'NONE', *, *, #515, .T. ) ;
#1312 = CIRCLE ( 'NONE', #2905, 3.000000000000000888 ) ;
#1313 = CARTESIAN_POINT ( 'NONE',  ( -85.41963636913276048, -46.83135993771227135, 54.44710815496439693 ) ) ;
#1314 = EDGE_LOOP ( 'NONE', ( #3605, #2970, #354, #3009, #2806, #3888, #1672, #1107, #967 ) ) ;
#1315 = DIRECTION ( 'NONE',  ( 1.000000000000000000, 0.0000000000000000000, -6.982962677686266711E-15 ) ) ;
#1316 = FACE_OUTER_BOUND ( 'NONE', #1314, .T. ) ;
#1317 = CARTESIAN_POINT ( 'NONE',  ( 11.80254058741794410, -0.4721359549989765925, 14.00000000000085087 ) ) ;
#1318 = DIRECTION ( 'NONE',  ( -6.938893903907227589E-15, -0.0000000000000000000, -1.000000000000000000 ) ) ;
#1319 = ORIENTED_EDGE ( 'NONE', *, *, #1650, .F. ) ;
#1320 = FACE_OUTER_BOUND ( 'NONE', #2615, .T. ) ;
#1321 = CARTESIAN_POINT ( 'NONE',  ( -90.99999999999970157, -51.00000000000000000, 61.00000000000072475 ) ) ;
#1322 = CARTESIAN_POINT ( 'NONE',  ( 12.85538019626350170, -46.09236040453715333, 31.67672950661047793 ) ) ;
#1323 = CARTESIAN_POINT ( 'NONE',  ( 11.52453375562996740, -47.53967534561905950, 14.00000000000001066 ) ) ;
#1324 = CARTESIAN_POINT ( 'NONE',  ( 9.135625596483782473, -47.20797894825648200, 27.77237101787579121 ) ) ;
#1325 = CIRCLE ( 'NONE', #458, 1.399999999999998579 ) ;
#1326 = CARTESIAN_POINT ( 'NONE',  ( 16.00000000000020961, -49.28978429358533475, 48.06355570973471458 ) ) ;
#1327 = AXIS2_PLACEMENT_3D ( 'NONE', #1633, #4124, #626 ) ;
#1328 = CARTESIAN_POINT ( 'NONE',  ( -87.18636475658355778, -46.77644324114317698, 54.45859487044845793 ) ) ;
#1329 = EDGE_CURVE ( 'NONE', #2361, #3709, #1763, .T. ) ;
#1330 = FACE_BOUND ( 'NONE', #1899, .T. ) ;
#1331 = CARTESIAN_POINT ( 'NONE',  ( -87.99999999999982947, -54.00000000000000000, 43.00000000000070344 ) ) ;
#1332 = CARTESIAN_POINT ( 'NONE',  ( 12.00000000000023803, -54.00000000000001421, 52.00000000000000711 ) ) ;
#1333 = AXIS2_PLACEMENT_3D ( 'NONE', #41, #3244, #1606 ) ;
#1334 = CARTESIAN_POINT ( 'NONE',  ( 10.25556062864636964, -46.39705843436381372, 30.61029547691287434 ) ) ;
#1335 = CARTESIAN_POINT ( 'NONE',  ( 11.82977625609830241, -46.36878090361718563, 14.00000000000000000 ) ) ;
#1336 = CARTESIAN_POINT ( 'NONE',  ( 9.863238601612673406, -46.61824120407518990, 29.83618821235930696 ) ) ;
#1337 = ADVANCED_FACE ( 'NONE', ( #910 ), #2667, .F. ) ;
#1338 = CARTESIAN_POINT ( 'NONE',  ( 8.042565055544921293, -49.32707963357378134, 17.32707963357380265 ) ) ;
#1339 = AXIS2_PLACEMENT_3D ( 'NONE', #3031, #1519, #1242 ) ;
#1340 = CARTESIAN_POINT ( 'NONE',  ( 11.99999999998287592, -0.4721359549995806648, 14.00000000000000355 ) ) ;
#1341 = CARTESIAN_POINT ( 'NONE',  ( 10.66274249920854800, -0.2832536998149889906, 14.22534302144630125 ) ) ;
#1342 = CARTESIAN_POINT ( 'NONE',  ( 24.00000000000000000, 16.00000000000000000, 0.0000000000000000000 ) ) ;
#1343 = ORIENTED_EDGE ( 'NONE', *, *, #167, .T. ) ;
#1344 =( BOUNDED_CURVE ( )  B_SPLINE_CURVE ( 3, ( #1438, #1773, #180, #2429 ),
 .UNSPECIFIED., .F., .T. ) 
 B_SPLINE_CURVE_WITH_KNOTS ( ( 4, 4 ),
 ( 4.712388980384689674, 5.432730957087555268 ),
 .UNSPECIFIED. ) 
 CURVE ( )  GEOMETRIC_REPRESENTATION_ITEM ( )  RATIONAL_B_SPLINE_CURVE ( ( 1.000000000000000000, 0.9572243834709419641, 0.9572243834709419641, 1.000000000000000000 ) ) 
 REPRESENTATION_ITEM ( '' )  );
#1345 = CARTESIAN_POINT ( 'NONE',  ( 3.000000000000001776, 2.999999999999999112, -45.00000000000000711 ) ) ;
#1346 = CARTESIAN_POINT ( 'NONE',  ( 11.85808220461805185, -46.29319575416446497, 14.00000000000000355 ) ) ;
#1347 = ORIENTED_EDGE ( 'NONE', *, *, #2321, .T. ) ;
#1348 = EDGE_CURVE ( 'NONE', #2224, #245, #3473, .T. ) ;
#1349 = CARTESIAN_POINT ( 'NONE',  ( 14.17308811385523803, -53.36494933974238108, 46.24640609036119088 ) ) ;
#1350 = CARTESIAN_POINT ( 'NONE',  ( -87.24898167798590976, -47.24945762959043094, 54.98524569386211169 ) ) ;
#1351 = VERTEX_POINT ( 'NONE', #2501 ) ;
#1352 = LINE ( 'NONE', #2797, #2760 ) ;
#1353 = AXIS2_PLACEMENT_3D ( 'NONE', #3337, #767, #1412 ) ;
#1354 = CARTESIAN_POINT ( 'NONE',  ( 7.853341816016141230, -49.40780941644634083, 47.85334181601595560 ) ) ;
#1355 = VERTEX_POINT ( 'NONE', #222 ) ;
#1356 = CIRCLE ( 'NONE', #146, 8.000000000000000000 ) ;
#1357 = CARTESIAN_POINT ( 'NONE',  ( -86.65923099131141782, -53.83209354236034017, 50.81439080470623537 ) ) ;
#1358 = ORIENTED_EDGE ( 'NONE', *, *, #360, .T. ) ;
#1359 = AXIS2_PLACEMENT_3D ( 'NONE', #2597, #672, #2589 ) ;
#1360 = CARTESIAN_POINT ( 'NONE',  ( 10.69235018195804088, -46.21960234006753865, 31.23138318695666982 ) ) ;
#1361 = FACE_OUTER_BOUND ( 'NONE', #257, .T. ) ;
#1362 = CARTESIAN_POINT ( 'NONE',  ( 13.99910811848421055, -53.46995446149068698, 46.50487941842008865 ) ) ;
#1363 = ORIENTED_EDGE ( 'NONE', *, *, #1537, .F. ) ;
#1364 = ADVANCED_FACE ( 'NONE', ( #99 ), #1292, .F. ) ;
#1365 = CARTESIAN_POINT ( 'NONE',  ( 12.78259902818136950, -0.4177178833068702635, 14.07237054626114237 ) ) ;
#1366 = CARTESIAN_POINT ( 'NONE',  ( 9.154675939115712424, 10.81908441741622617, 12.17999687985318857 ) ) ;
#1367 = B_SPLINE_CURVE_WITH_KNOTS ( 'NONE', 3,
 ( #3223, #489, #1512, #654 ),
 .UNSPECIFIED., .F., .F.,
 ( 4, 4 ),
 ( 0.0000000000000000000, 0.003860710653099579462 ),
 .UNSPECIFIED. ) ;
#1368 = CARTESIAN_POINT ( 'NONE',  ( 15.99718230092566884, -49.82370433568749490, 47.59321922604757304 ) ) ;
#1369 = VERTEX_POINT ( 'NONE', #3721 ) ;
#1370 = LINE ( 'NONE', #3151, #212 ) ;
#1371 = CARTESIAN_POINT ( 'NONE',  ( 7.115769712567746375, -49.72176174361937484, 47.11576971256798174 ) ) ;
#1372 = CARTESIAN_POINT ( 'NONE',  ( 11.54720367360580013, -46.02520906293235470, 31.91103236733371773 ) ) ;
#1373 = LINE ( 'NONE', #2162, #2943 ) ;
#1374 = CARTESIAN_POINT ( 'NONE',  ( 15.68888136608736339, -51.55037100992129950, 45.78596341828502148 ) ) ;
#1375 = CARTESIAN_POINT ( 'NONE',  ( 11.83864131875203185, -46.00232651812263640, 31.99157175474398684 ) ) ;
#1376 = EDGE_CURVE ( 'NONE', #1802, #3987, #390, .T. ) ;
#1377 = CARTESIAN_POINT ( 'NONE',  ( -87.47580982951380690, -52.42712198032150894, 55.22766583209285329 ) ) ;
#1378 = CARTESIAN_POINT ( 'NONE',  ( -85.04490519791390568, -47.38311746876349417, 48.96827876568754334 ) ) ;
#1379 = CARTESIAN_POINT ( 'NONE',  ( 8.254388725848716746, -51.40979818157705239, 40.76316617754550009 ) ) ;
#1380 = CARTESIAN_POINT ( 'NONE',  ( 12.83185264014321447, 11.99608643584169698, 14.05030339958725705 ) ) ;
#1381 = ADVANCED_FACE ( 'NONE', ( #3521 ), #540, .F. ) ;
#1382 = CARTESIAN_POINT ( 'NONE',  ( -87.99999999999978684, -53.99999999999999289, 50.95219593015043102 ) ) ;
#1383 = CARTESIAN_POINT ( 'NONE',  ( 12.54971573413894248, 11.97409025161845797, 13.73081943909219405 ) ) ;
#1384 = CARTESIAN_POINT ( 'NONE',  ( 12.00000000000000000, 8.000000000000000000, 8.000000000000000000 ) ) ;
#1385 = ORIENTED_EDGE ( 'NONE', *, *, #3448, .T. ) ;
#1386 = CARTESIAN_POINT ( 'NONE',  ( 9.411168867365507396, 11.99999999978727594, 14.94959198384451327 ) ) ;
#1387 = CARTESIAN_POINT ( 'NONE',  ( 15.19999999999999751, 5.599999999999996980, 12.00000000000000000 ) ) ;
#1388 = CARTESIAN_POINT ( 'NONE',  ( -87.60711124432229724, -46.01416170151924945, 51.65669369311034131 ) ) ;
#1389 = ORIENTED_EDGE ( 'NONE', *, *, #1424, .F. ) ;
#1390 = CARTESIAN_POINT ( 'NONE',  ( 1.602061893312246355, -52.00103017074214762, 48.53402063110439713 ) ) ;
#1391 = CARTESIAN_POINT ( 'NONE',  ( 11.56738042853423920, -46.17583678872698272, 13.99999999999935341 ) ) ;
#1392 = CARTESIAN_POINT ( 'NONE',  ( 8.670191473031145790, 5.502339121440228631, 15.50233912144346249 ) ) ;
#1393 = EDGE_LOOP ( 'NONE', ( #1707, #745, #644, #3128 ) ) ;
#1394 = AXIS2_PLACEMENT_3D ( 'NONE', #2106, #1421, #1749 ) ;
#1395 = EDGE_CURVE ( 'NONE', #2412, #2, #2742, .T. ) ;
#1396 = CARTESIAN_POINT ( 'NONE',  ( -87.99566497158033940, -51.22861163038976429, 58.68688661819734165 ) ) ;
#1397 = ORIENTED_EDGE ( 'NONE', *, *, #260, .F. ) ;
#1398 = LINE ( 'NONE', #3854, #1146 ) ;
#1399 = ADVANCED_FACE ( 'NONE', ( #1914 ), #952, .F. ) ;
#1400 = CARTESIAN_POINT ( 'NONE',  ( 14.40478569598188585, 0.3999729668047144471, 14.78717456223163929 ) ) ;
#1401 = CARTESIAN_POINT ( 'NONE',  ( 9.887051500018561256, 11.39796862305097847, 12.01689739165885129 ) ) ;
#1402 = ORIENTED_EDGE ( 'NONE', *, *, #2246, .T. ) ;
#1403 = ORIENTED_EDGE ( 'NONE', *, *, #775, .F. ) ;
#1404 = CARTESIAN_POINT ( 'NONE',  ( -85.50723469176762137, -46.75221161062263064, 49.65844706044613588 ) ) ;
#1405 = LINE ( 'NONE', #433, #1003 ) ;
#1406 = EDGE_CURVE ( 'NONE', #3300, #2823, #2103, .T. ) ;
#1407 = CARTESIAN_POINT ( 'NONE',  ( 7.652396137353836281, -49.21443764736535798, 47.65239613735509749 ) ) ;
#1408 = CARTESIAN_POINT ( 'NONE',  ( 11.63091866840185240, -47.06637663980378505, 14.00000000000000533 ) ) ;
#1409 = VERTEX_POINT ( 'NONE', #1321 ) ;
#1410 = CIRCLE ( 'NONE', #2104, 4.000000000000005329 ) ;
#1411 = CARTESIAN_POINT ( 'NONE',  ( 8.000000000000003553, 8.000000000000017764, 18.00000000000001066 ) ) ;
#1412 = DIRECTION ( 'NONE',  ( 1.000000000000000000, 0.0000000000000000000, 0.0000000000000000000 ) ) ;
#1413 = ORIENTED_EDGE ( 'NONE', *, *, #479, .T. ) ;
#1414 = CARTESIAN_POINT ( 'NONE',  ( -87.52469440789478483, -51.18352950396815970, 57.24141744157238065 ) ) ;
#1415 = CARTESIAN_POINT ( 'NONE',  ( 12.97651674409473976, -0.3825314427878760970, 14.11633533130931895 ) ) ;
#1416 = CYLINDRICAL_SURFACE ( 'NONE', #1043, 3.000000000000002665 ) ;
#1417 = CARTESIAN_POINT ( 'NONE',  ( 8.000000000000145661, -47.65685424949237614, 40.00000000000002842 ) ) ;
#1418 = CARTESIAN_POINT ( 'NONE',  ( 15.94071642194362859, -49.23718330147287503, 47.60753360167684889 ) ) ;
#1419 = CARTESIAN_POINT ( 'NONE',  ( 1.804192732236312935, -47.88655818556286903, 48.60139757741200128 ) ) ;
#1420 = FACE_OUTER_BOUND ( 'NONE', #2985, .T. ) ;
#1421 = DIRECTION ( 'NONE',  ( -6.982962677686266711E-15, -0.0000000000000000000, -1.000000000000000000 ) ) ;
#1422 = ADVANCED_FACE ( 'NONE', ( #2358 ), #1559, .F. ) ;
#1423 = CARTESIAN_POINT ( 'NONE',  ( 8.800000000000007816, 1.999999999999988010, 15.59999999999999964 ) ) ;
#1424 = EDGE_CURVE ( 'NONE', #3597, #1622, #1356, .T. ) ;
#1425 = CARTESIAN_POINT ( 'NONE',  ( 12.70871701981762314, 11.93789491436992556, 12.92847492866883208 ) ) ;
#1426 = CARTESIAN_POINT ( 'NONE',  ( -86.87374498328630068, -50.35353982361728953, 56.64374746405347594 ) ) ;
#1427 = EDGE_CURVE ( 'NONE', #2457, #1509, #3655, .T. ) ;
#1428 = CARTESIAN_POINT ( 'NONE',  ( 8.333939444035339150, 12.00000000000003730, 16.39999999999998792 ) ) ;
#1429 = CARTESIAN_POINT ( 'NONE',  ( 15.99999999992123989, -46.72863113407004931, 49.69438241168236914 ) ) ;
#1430 = ADVANCED_FACE ( 'NONE', ( #3902 ), #35, .F. ) ;
#1431 = CARTESIAN_POINT ( 'NONE',  ( 1.602061893311864438, -47.99896982925965716, 48.53402063110343789 ) ) ;
#1432 = CARTESIAN_POINT ( 'NONE',  ( 12.16365579908247163, -45.99999985840271677, 14.00000000000000000 ) ) ;
#1433 = CARTESIAN_POINT ( 'NONE',  ( 8.000000000000003553, 6.927410756666324332, 17.57096430266442511 ) ) ;
#1434 = CARTESIAN_POINT ( 'NONE',  ( 14.84532406088411705, 10.81908441741639493, 12.17999687985219559 ) ) ;
#1435 = VERTEX_POINT ( 'NONE', #2609 ) ;
#1436 = DIRECTION ( 'NONE',  ( 1.000000000000000000, 0.0000000000000000000, -6.938893903907227589E-15 ) ) ;
#1437 = ADVANCED_FACE ( 'NONE', ( #1812 ), #3860, .T. ) ;
#1438 = CARTESIAN_POINT ( 'NONE',  ( 16.00000000000000711, -50.00000000000000000, 17.99999999999997513 ) ) ;
#1439 = VERTEX_POINT ( 'NONE', #24 ) ;
#1440 = DIRECTION ( 'NONE',  ( -1.000000000000000000, 0.0000000000000000000, -0.0000000000000000000 ) ) ;
#1441 = CARTESIAN_POINT ( 'NONE',  ( 15.55441252233481819, -48.13113713924303028, 47.35239780773720497 ) ) ;
#1442 = CARTESIAN_POINT ( 'NONE',  ( 7.426862969783930346, -48.67472590625891371, 47.42686296979723437 ) ) ;
#1443 = EDGE_LOOP ( 'NONE', ( #2660, #3032, #1413, #3232, #2928, #536, #788 ) ) ;
#1444 = CARTESIAN_POINT ( 'NONE',  ( 8.739309591513659825, -48.57752374673801654, 14.00000000000031264 ) ) ;
#1445 = CARTESIAN_POINT ( 'NONE',  ( -87.99999999999981526, -51.05527247666187662, 45.08000000000070173 ) ) ;
#1446 = ORIENTED_EDGE ( 'NONE', *, *, #1814, .F. ) ;
#1447 = CARTESIAN_POINT ( 'NONE',  ( 15.04557103912841676, 10.78240091335622886, 14.86637347816998478 ) ) ;
#1448 = CIRCLE ( 'NONE', #2819, 7.999999999999998224 ) ;
#1449 = EDGE_CURVE ( 'NONE', #3125, #1369, #500, .T. ) ;
#1450 = DIRECTION ( 'NONE',  ( -1.000000000000000000, -0.0000000000000000000, 6.942363350859181992E-15 ) ) ;
#1451 = ORIENTED_EDGE ( 'NONE', *, *, #425, .T. ) ;
#1452 = CARTESIAN_POINT ( 'NONE',  ( 8.827343019165054372, -47.55095261795347028, 26.57166583716550079 ) ) ;
#1453 = CARTESIAN_POINT ( 'NONE',  ( 13.67780641324599245, -37.29085640472793273, 21.63112933260234172 ) ) ;
#1454 = VECTOR ( 'NONE', #837, 1000.000000000000000 ) ;
#1455 = CARTESIAN_POINT ( 'NONE',  ( 15.99999999983055687, -46.97958762995198612, 49.37320305661292252 ) ) ;
#1456 = PERSON_AND_ORGANIZATION ( #1117, #3717 ) ;
#1457 = CARTESIAN_POINT ( 'NONE',  ( 7.653815142293034945, -48.26839040186420249, 47.65381514228833737 ) ) ;
#1458 = CARTESIAN_POINT ( 'NONE',  ( 12.90376803908607606, -46.09935379990703552, 14.09935377862707107 ) ) ;
#1459 = ORIENTED_EDGE ( 'NONE', *, *, #1070, .F. ) ;
#1460 = APPROVAL_PERSON_ORGANIZATION ( #1573, #1813, #3750 ) ;
#1461 = CARTESIAN_POINT ( 'NONE',  ( -90.99999999999980105, -46.00000000000000000, 46.00000000000072475 ) ) ;
#1462 = DIRECTION ( 'NONE',  ( -6.938893903907222067E-15, 0.0000000000000000000, -1.000000000000000000 ) ) ;
#1463 = CARTESIAN_POINT ( 'NONE',  ( 15.09994967378247743, 11.99999999984226662, 15.46832495925727713 ) ) ;
#1464 =( BOUNDED_SURFACE ( )  B_SPLINE_SURFACE ( 2, 3, ( 
 ( #3884, #2663, #1706, #2025, #736, #2610, #687, #725, #1057, #1334, #1028, #1979, #3910, #2300, #2627, #695 ),
 ( #2954, #1018, #3895, #3589, #1986, #67, #2314, #2393, #2368, #3966, #2679, #3059, #3378, #2689, #766, #3977 ),
 ( #2702, #3036, #424, #3019, #164, #1096, #1739, #2051, #130, #176, #3047, #2407, #3365, #1084, #3650, #3666 ) ),
 .UNSPECIFIED., .F., .F., .T. ) 
 B_SPLINE_SURFACE_WITH_KNOTS ( ( 3, 3 ),
 ( 4, 2, 2, 2, 2, 2, 2, 4 ),
 ( 0.0000000000000000000, 1.000000000000000000 ),
 ( 5.267824212994405286, 5.521664486492912971, 5.648584623242166813, 5.775504759991420656, 5.902424896740674498, 6.029345033489928340, 6.156265170239182183, 6.283185306988435137 ),
 .UNSPECIFIED. ) 
 GEOMETRIC_REPRESENTATION_ITEM ( )  RATIONAL_B_SPLINE_SURFACE ( (
 ( 1.000000000000000000, 1.000000000000000000, 1.000000000000000000, 1.000000000000000000, 1.000000000000000000, 1.000000000000000000, 1.000000000000000000, 1.000000000000000000, 1.000000000000000000, 1.000000000000000000, 1.000000000000000000, 1.000000000000000000, 1.000000000000000000, 1.000000000000000000, 1.000000000000000000, 1.000000000000000000),
 ( 0.8845543464043391646, 0.8757484164281894579, 0.8648618118957409617, 0.8441786821848773492, 0.8365559477169203229, 0.8198075923991520186, 0.8106717150885373036, 0.7912090192668027600, 0.7808679494782024832, 0.7600529729522962352, 0.7495734408820758921, 0.7306544666968924906, 0.7222543182227827430, 0.7104361620388911502, 0.7070647756197026013, 0.7071067811865475727),
 ( 1.000000000000000000, 1.000000000000000000, 1.000000000000000000, 1.000000000000000000, 1.000000000000000000, 1.000000000000000000, 1.000000000000000000, 1.000000000000000000, 1.000000000000000000, 1.000000000000000000, 1.000000000000000000, 1.000000000000000000, 1.000000000000000000, 1.000000000000000000, 1.000000000000000000, 1.000000000000000000) ) ) 
 REPRESENTATION_ITEM ( '' )  SURFACE ( )  );
#1465 = VECTOR ( 'NONE', #3927, 1000.000000000000000 ) ;
#1466 = CARTESIAN_POINT ( 'NONE',  ( -87.99999999999982947, -46.00000000000000000, 43.00000000000070344 ) ) ;
#1467 = CARTESIAN_POINT ( 'NONE',  ( 13.96247424811766713, -37.80066019954576717, 21.48550786427470527 ) ) ;
#1468 = B_SPLINE_CURVE_WITH_KNOTS ( 'NONE', 3,
 ( #1199, #2125, #2175, #232, #2484, #4042, #1825, #524, #820, #1473 ),
 .UNSPECIFIED., .F., .F.,
 ( 4, 2, 2, 2, 4 ),
 ( 0.0000000000000000000, 0.2500000000000000000, 0.5000000000000000000, 0.7500000000000000000, 1.000000000000000000 ),
 .UNSPECIFIED. ) ;
#1469 = CARTESIAN_POINT ( 'NONE',  ( 15.17102056377051156, -47.56000008039553961, 47.55379840892376819 ) ) ;
#1470 = CARTESIAN_POINT ( 'NONE',  ( 7.115769712566168970, -50.27823825638061805, 47.11576971256640434 ) ) ;
#1471 = CARTESIAN_POINT ( 'NONE',  ( 12.88732259599655272, -49.43658562130106304, 13.99999999999999467 ) ) ;
#1472 = AXIS2_PLACEMENT_3D ( 'NONE', #271, #1183, #3435 ) ;
#1473 = CARTESIAN_POINT ( 'NONE',  ( 15.00632076395261372, -47.36143306618388493, 27.23498426835637787 ) ) ;
#1474 = EDGE_CURVE ( 'NONE', #1957, #1041, #3751, .T. ) ;
#1475 = CARTESIAN_POINT ( 'NONE',  ( 12.00100871243200196, -45.37287377224060947, 22.62712622775937987 ) ) ;
#1476 = CARTESIAN_POINT ( 'NONE',  ( 15.11828941569735640, 10.73880121262927290, 15.06736522117248889 ) ) ;
#1477 = CARTESIAN_POINT ( 'NONE',  ( 14.67011680904584203, 4.639088909887800760, 14.63908890988780165 ) ) ;
#1478 = CARTESIAN_POINT ( 'NONE',  ( 8.018060330503473665, -49.55507443370834153, 19.55723948206236784 ) ) ;
#1479 = CARTESIAN_POINT ( 'NONE',  ( 12.73075179025718917, -36.23551198494343595, 21.93271443918878205 ) ) ;
#1480 = AXIS2_PLACEMENT_3D ( 'NONE', #3179, #3817, #3205 ) ;
#1481 =( LENGTH_UNIT ( ) NAMED_UNIT ( * ) SI_UNIT ( .MILLI., .METRE. ) );
#1482 = CARTESIAN_POINT ( 'NONE',  ( -87.99999999999972999, -54.00000000000000000, 58.00000000000070344 ) ) ;
#1483 = CARTESIAN_POINT ( 'NONE',  ( -85.77940440855078919, -46.55605441659506027, 49.95898518909589114 ) ) ;
#1484 = ORIENTED_EDGE ( 'NONE', *, *, #3078, .T. ) ;
#1485 = CARTESIAN_POINT ( 'NONE',  ( 10.19662471061046816, 3.506706020472841967, 14.20505100798781584 ) ) ;
#1486 = CARTESIAN_POINT ( 'NONE',  ( 12.00000000000000000, 8.999999999999980460, 18.00000000000000355 ) ) ;
#1487 = CARTESIAN_POINT ( 'NONE',  ( 12.17021138288139248, -46.36874678633691360, 14.00000000000000178 ) ) ;
#1488 = AXIS2_PLACEMENT_3D ( 'NONE', #1004, #1617, #989 ) ;
#1489 = CARTESIAN_POINT ( 'NONE',  ( 12.65653822693149877, 11.99999999999997513, 14.05424816333089488 ) ) ;
#1490 = ORIENTED_EDGE ( 'NONE', *, *, #4105, .F. ) ;
#1491 = CARTESIAN_POINT ( 'NONE',  ( 14.42545309639277207, -46.81771649374098132, 29.13799227109733891 ) ) ;
#1492 = CARTESIAN_POINT ( 'NONE',  ( 15.53978773908657374, 12.00000000003658052, 16.13228270822122212 ) ) ;
#1493 = CARTESIAN_POINT ( 'NONE',  ( 15.64266830199457381, 6.333573268902692455, 13.83393317225648467 ) ) ;
#1494 = ORIENTED_EDGE ( 'NONE', *, *, #3771, .T. ) ;
#1495 = CARTESIAN_POINT ( 'NONE',  ( -87.99999999999972999, -51.00000000000000000, 58.00000000000070344 ) ) ;
#1496 = CARTESIAN_POINT ( 'NONE',  ( 13.39385506828084083, -36.87747288738312790, 21.74929350383331439 ) ) ;
#1497 = ORIENTED_EDGE ( 'NONE', *, *, #1406, .F. ) ;
#1498 = CARTESIAN_POINT ( 'NONE',  ( 9.280415806548781177, -39.73365284882322612, 20.93324090275189420 ) ) ;
#1499 = CARTESIAN_POINT ( 'NONE',  ( 15.87405982566803253, 9.331318059310811819, 16.54640857139155585 ) ) ;
#1500 = LINE ( 'NONE', #3840, #397 ) ;
#1501 = CARTESIAN_POINT ( 'NONE',  ( 8.800000000000006040, 5.599999999999997868, 12.00000000000000000 ) ) ;
#1502 = CARTESIAN_POINT ( 'NONE',  ( -84.99999999999982947, -50.00000000000000000, 45.00000000000067502 ) ) ;
#1503 = CARTESIAN_POINT ( 'NONE',  ( 1.977584762613560088E-13, -50.00000000000000000, 48.00000000000008527 ) ) ;
#1504 = EDGE_LOOP ( 'NONE', ( #1385, #2830, #2801, #3743, #1655 ) ) ;
#1505 = EDGE_LOOP ( 'NONE', ( #3170, #3529, #3646, #2959 ) ) ;
#1506 = VECTOR ( 'NONE', #1591, 1000.000000000000000 ) ;
#1507 = DIRECTION ( 'NONE',  ( -6.938893903907227589E-15, 0.0000000000000000000, -1.000000000000000000 ) ) ;
#1508 = CARTESIAN_POINT ( 'NONE',  ( -90.99999999999982947, -50.00000000000000000, 44.60000000000069775 ) ) ;
#1509 = VERTEX_POINT ( 'NONE', #1304 ) ;
#1510 = VECTOR ( 'NONE', #876, 1000.000000000000000 ) ;
#1511 = EDGE_CURVE ( 'NONE', #3452, #2269, #1963, .T. ) ;
#1512 = CARTESIAN_POINT ( 'NONE',  ( 11.13370549297536805, 11.99999999999997513, 16.61952151323978200 ) ) ;
#1513 = CARTESIAN_POINT ( 'NONE',  ( 14.03469142485474208, -46.55614765391055698, 30.05362860233633526 ) ) ;
#1514 = ORIENTED_EDGE ( 'NONE', *, *, #4043, .F. ) ;
#1515 = DIRECTION ( 'NONE',  ( 1.000000000000000000, 0.0000000000000000000, 0.0000000000000000000 ) ) ;
#1516 = APPROVAL_DATE_TIME ( #2372, #2319 ) ;
#1517 = APPLICATION_PROTOCOL_DEFINITION ( 'international standard', 'config_control_design', 1994, #2143 ) ;
#1518 = DIRECTION ( 'NONE',  ( -1.000000000000000000, 0.0000000000000000000, 0.0000000000000000000 ) ) ;
#1519 = DIRECTION ( 'NONE',  ( -6.722011494750301337E-15, -0.08333333333333331483, -0.9965217285917833401 ) ) ;
#1520 = CARTESIAN_POINT ( 'NONE',  ( 11.35135394511772766, -0.4354363196880379205, 14.04956910500213141 ) ) ;
#1521 = CARTESIAN_POINT ( 'NONE',  ( 15.77579443060177944, 11.37142026646327864, 16.65143189341268126 ) ) ;
#1522 = LINE ( 'NONE', #1711, #3035 ) ;
#1523 = CARTESIAN_POINT ( 'NONE',  ( 14.86041682833707078, -47.19748060850389493, 15.19748060547968649 ) ) ;
#1524 = CARTESIAN_POINT ( 'NONE',  ( 15.19999999999999751, 5.599999999999996980, 12.00000000000000000 ) ) ;
#1525 = DIRECTION ( 'NONE',  ( -6.983996714282626151E-15, 0.0000000000000000000, -1.000000000000000000 ) ) ;
#1526 =( BOUNDED_CURVE ( )  B_SPLINE_CURVE ( 3, ( #3811, #1417, #2431, #839 ),
 .UNSPECIFIED., .F., .T. ) 
 B_SPLINE_CURVE_WITH_KNOTS ( ( 4, 4 ),
 ( 3.141592653589793116, 4.712388980384689674 ),
 .UNSPECIFIED. ) 
 CURVE ( )  GEOMETRIC_REPRESENTATION_ITEM ( )  RATIONAL_B_SPLINE_CURVE ( ( 1.000000000000000000, 0.8047378541243649375, 0.8047378541243649375, 1.000000000000000000 ) ) 
 REPRESENTATION_ITEM ( '' )  );
#1527 = CARTESIAN_POINT ( 'NONE',  ( 12.00000000000000000, 8.000000000000000000, 12.00000000000000000 ) ) ;
#1528 = CARTESIAN_POINT ( 'NONE',  ( 15.76087525583719184, -51.85964429278261889, 47.48206003306897571 ) ) ;
#1529 = CARTESIAN_POINT ( 'NONE',  ( 14.87422892967029675, -47.21812468434801247, 27.73685994583872372 ) ) ;
#1530 = CARTESIAN_POINT ( 'NONE',  ( 14.69910928126660288, -46.09591715725188976, 51.10029690624551080 ) ) ;
#1531 = CARTESIAN_POINT ( 'NONE',  ( 14.91575847799006738, -40.41297439487087217, 20.73906809906185345 ) ) ;
#1532 = CARTESIAN_POINT ( 'NONE',  ( -87.99999999999980105, -46.00000000000000000, 46.00000000000071054 ) ) ;
#1533 = DIRECTION ( 'NONE',  ( 0.0000000000000000000, -0.7071067811865477948, -0.7071067811865472397 ) ) ;
#1534 = CARTESIAN_POINT ( 'NONE',  ( 9.992975648961502699, 3.896384239052808063, 14.19802348649800194 ) ) ;
#1535 = CARTESIAN_POINT ( 'NONE',  ( -87.99999999999972999, -49.00000000000000000, 58.00000000000070344 ) ) ;
#1536 = AXIS2_PLACEMENT_3D ( 'NONE', #3541, #684, #1955 ) ;
#1537 = EDGE_CURVE ( 'NONE', #2713, #605, #1158, .T. ) ;
#1538 = CARTESIAN_POINT ( 'NONE',  ( 12.90830634400004939, -53.94128864081442032, 51.09169365599604618 ) ) ;
#1539 = CARTESIAN_POINT ( 'NONE',  ( 16.00000000000000711, -49.78115561158717384, 18.76595535944486315 ) ) ;
#1540 = CARTESIAN_POINT ( 'NONE',  ( 14.12650148854521781, -46.61146296889074847, 29.86001450915579980 ) ) ;
#1541 = CARTESIAN_POINT ( 'NONE',  ( 12.67967814517858827, -45.99999999999999289, 51.77344061827333377 ) ) ;
#1542 = CARTESIAN_POINT ( 'NONE',  ( 11.14385854428689626, 11.99999999999997513, 16.44645312830375872 ) ) ;
#1543 = AXIS2_PLACEMENT_3D ( 'NONE', #633, #1552, #2218 ) ;
#1544 = DIRECTION ( 'NONE',  ( 0.0000000000000000000, 0.0000000000000000000, 1.000000000000000000 ) ) ;
#1545 = ORIENTED_EDGE ( 'NONE', *, *, #425, .F. ) ;
#1546 = DIRECTION ( 'NONE',  ( -0.0000000000000000000, -0.0000000000000000000, -1.000000000000000000 ) ) ;
#1547 = CARTESIAN_POINT ( 'NONE',  ( 10.80860209357343038, 11.99999999967067765, 14.17858660465821252 ) ) ;
#1548 = ORIENTED_EDGE ( 'NONE', *, *, #2670, .T. ) ;
#1549 = CARTESIAN_POINT ( 'NONE',  ( -83.99999999999971578, -50.00000000000000000, 59.40000000000068070 ) ) ;
#1550 = CARTESIAN_POINT ( 'NONE',  ( 11.25588941018736833, 11.99999999999997513, 14.06881943041360117 ) ) ;
#1551 = ORIENTED_EDGE ( 'NONE', *, *, #3135, .F. ) ;
#1552 = DIRECTION ( 'NONE',  ( -0.0000000000000000000, -0.0000000000000000000, 1.000000000000000000 ) ) ;
#1553 = CARTESIAN_POINT ( 'NONE',  ( 13.00000000000022737, -46.01391308563286486, 51.66666666666666430 ) ) ;
#1554 = CIRCLE ( 'NONE', #2956, 4.000000000000000000 ) ;
#1555 = CARTESIAN_POINT ( 'NONE',  ( 14.71958419361716786, -47.06675909740173580, 28.26634715062434822 ) ) ;
#1556 = VERTEX_POINT ( 'NONE', #553 ) ;
#1557 = CARTESIAN_POINT ( 'NONE',  ( 12.00000000000025935, -45.99999999999999289, 52.00000000000000000 ) ) ;
#1558 = CARTESIAN_POINT ( 'NONE',  ( 11.26837216571212963, 11.99999999999997513, 14.99159954615950596 ) ) ;
#1559 = TOROIDAL_SURFACE ( 'NONE', #1488, 8.000000000000000000, 4.000000000000000000 ) ;
#1560 = CARTESIAN_POINT ( 'NONE',  ( 11.14461980302478672, -36.32327049393005325, 21.90763959530680083 ) ) ;
#1561 = ORIENTED_EDGE ( 'NONE', *, *, #260, .T. ) ;
#1562 = CARTESIAN_POINT ( 'NONE',  ( 11.65779408014743090, 11.98958013034677172, 13.40091303798289069 ) ) ;
#1563 = CIRCLE ( 'NONE', #3508, 3.000000000000003553 ) ;
#1564 = CARTESIAN_POINT ( 'NONE',  ( -84.99999999999974420, -52.28571428571429180, 55.28260722659385351 ) ) ;
#1565 = EDGE_CURVE ( 'NONE', #3987, #1000, #2334, .T. ) ;
#1566 = CARTESIAN_POINT ( 'NONE',  ( 8.000000000000000000, 8.000000000000000000, 18.00000000000000355 ) ) ;
#1567 = ORIENTED_EDGE ( 'NONE', *, *, #3771, .F. ) ;
#1568 = CARTESIAN_POINT ( 'NONE',  ( 11.42838703657894506, 11.96200656737174839, 13.08760535850071882 ) ) ;
#1569 = CARTESIAN_POINT ( 'NONE',  ( -87.99999999999972999, -51.05527247666183399, 58.92000000000071225 ) ) ;
#1570 = CARTESIAN_POINT ( 'NONE',  ( -87.99999999999972999, -50.00000000000000000, 58.00000000000070344 ) ) ;
#1571 = VERTEX_POINT ( 'NONE', #1524 ) ;
#1572 = AXIS2_PLACEMENT_3D ( 'NONE', #1740, #3967, #2053 ) ;
#1573 = PERSON_AND_ORGANIZATION ( #1117, #3717 ) ;
#1574 = CARTESIAN_POINT ( 'NONE',  ( 13.81818181818196933, -46.36455509579291601, 48.53285794598460967 ) ) ;
#1575 = CARTESIAN_POINT ( 'NONE',  ( 14.01040404673034878, -46.54187503507153423, 30.10356538239962987 ) ) ;
#1576 = CARTESIAN_POINT ( 'NONE',  ( 2.003540575203212379E-13, -47.65685424949237614, 48.00000000000007816 ) ) ;
#1577 = DIRECTION ( 'NONE',  ( 6.982962677686266711E-15, 0.0000000000000000000, 1.000000000000000000 ) ) ;
#1578 = CYLINDRICAL_SURFACE ( 'NONE', #3849, 4.000000000000000000 ) ;
#1579 = CARTESIAN_POINT ( 'NONE',  ( -86.81036699139418999, -49.85350082323415677, 47.39411087517974153 ) ) ;
#1580 = CARTESIAN_POINT ( 'NONE',  ( -87.99999999999977263, -46.00000000000000000, 52.00000000000070344 ) ) ;
#1581 = AXIS2_PLACEMENT_3D ( 'NONE', #1052, #407, #3645 ) ;
#1582 = CARTESIAN_POINT ( 'NONE',  ( 13.60246382408357846, 3.167868913016294918, 14.20346065984790940 ) ) ;
#1583 = CARTESIAN_POINT ( 'NONE',  ( -87.68551588485100012, -53.99114878079970481, 52.27468682306106018 ) ) ;
#1584 = DIRECTION ( 'NONE',  ( -0.9682458365518540333, 0.2500000000000002776, 0.0000000000000000000 ) ) ;
#1585 = CARTESIAN_POINT ( 'NONE',  ( 13.54246590416437179, -53.69329581273547092, 47.42049454318475910 ) ) ;
#1586 = CARTESIAN_POINT ( 'NONE',  ( 13.11973623237824071, -53.84675414559190898, 48.64079130286715724 ) ) ;
#1587 = CARTESIAN_POINT ( 'NONE',  ( 15.66517109220040460, -47.99212854791304750, 20.00787145208291307 ) ) ;
#1588 = CARTESIAN_POINT ( 'NONE',  ( 12.45270844238197050, -46.02557640005930040, 31.90978823674062781 ) ) ;
#1589 = CARTESIAN_POINT ( 'NONE',  ( 20.99999999999999645, 13.00000000000000355, 8.000000000000000000 ) ) ;
#1590 = CARTESIAN_POINT ( 'NONE',  ( 14.64115766425912746, -39.48519403986968968, 21.00423238363035239 ) ) ;
#1591 = DIRECTION ( 'NONE',  ( 1.000000000000000000, 0.0000000000000000000, -6.982962677686266711E-15 ) ) ;
#1592 = CARTESIAN_POINT ( 'NONE',  ( 13.86873761448736353, 3.626740743204986295, 14.20277703411935555 ) ) ;
#1593 = CARTESIAN_POINT ( 'NONE',  ( -87.84253832302543685, -53.99822843758659019, 52.13744381439752829 ) ) ;
#1594 = CARTESIAN_POINT ( 'NONE',  ( -84.99999999999974420, -52.28571428571456181, 55.28260722659366166 ) ) ;
#1595 = CARTESIAN_POINT ( 'NONE',  ( 10.24985589383667595, 11.78592314146231601, 13.62270118551083264 ) ) ;
#1596 = ORIENTED_EDGE ( 'NONE', *, *, #3485, .F. ) ;
#1597 = EDGE_CURVE ( 'NONE', #2206, #1556, #720, .T. ) ;
#1598 = CARTESIAN_POINT ( 'NONE',  ( -87.99999999999972999, -48.94472752333817311, 58.92000000000071225 ) ) ;
#1599 = CARTESIAN_POINT ( 'NONE',  ( 13.34264889100293061, -45.16885031249838534, 22.83114968750536988 ) ) ;
#1600 = ORIENTED_EDGE ( 'NONE', *, *, #4020, .F. ) ;
#1601 = CARTESIAN_POINT ( 'NONE',  ( 0.0000000000000000000, 0.0000000000000000000, 8.000000000000000000 ) ) ;
#1602 = CARTESIAN_POINT ( 'NONE',  ( 11.38483433695693670, 11.99999999999997513, 13.53605572760296916 ) ) ;
#1603 = AXIS2_PLACEMENT_3D ( 'NONE', #760, #2715, #3358 ) ;
#1604 =( BOUNDED_SURFACE ( )  B_SPLINE_SURFACE ( 3, 2, ( 
 ( #442, #2383, #3935 ),
 ( #737, #1741, #2055 ),
 ( #105, #1383, #3038 ),
 ( #3352, #89, #2340 ),
 ( #1425, #1753, #2995 ),
 ( #1059, #2355, #2680 ),
 ( #1071, #1154, #3690 ),
 ( #823, #166, #1796 ),
 ( #2426, #2468, #539 ),
 ( #499, #3367, #481 ),
 ( #4046, #2748, #2437 ),
 ( #3719, #2795, #3989 ),
 ( #4031, #3049, #1172 ),
 ( #1811, #3080, #191 ),
 ( #1783, #2080, #2738 ),
 ( #2128, #1113, #3706 ),
 ( #526, #514, #1138 ),
 ( #1434, #4005, #1463 ),
 ( #2409, #4018, #3680 ),
 ( #1771, #851, #2112 ),
 ( #2093, #179, #3392 ),
 ( #805, #3062, #1125 ),
 ( #2764, #3380, #833 ),
 ( #3092, #1447, #1492 ),
 ( #3407, #1476, #207 ),
 ( #2450, #2784, #3105 ) ),
 .UNSPECIFIED., .F., .F., .T. ) 
 B_SPLINE_SURFACE_WITH_KNOTS ( ( 4, 2, 2, 2, 2, 2, 2, 2, 2, 2, 2, 2, 4 ),
 ( 3, 3 ),
 ( -2.000001914757531838E-05, 0.001536580005426138118, 0.002314870017712994821, 0.003093160029999851741, 0.004649740054573565581, 0.005428030066860422068, 0.006206320079147278554, 0.006984610091434135040, 0.007762900103720992394, 0.009319480128294706234, 0.01009777014058156272, 0.01087606015286841921, 0.01243264017744213218 ),
 ( 0.0000000000000000000, 1.000000000000000000 ),
 .UNSPECIFIED. ) 
 GEOMETRIC_REPRESENTATION_ITEM ( )  RATIONAL_B_SPLINE_SURFACE ( (
 ( 1.000000000000000000, 1.000000000000000000, 1.000000000000000000),
 ( 1.000000000000000000, 0.9999907163146168898, 1.000000000000000000),
 ( 1.000000000000000000, 0.9982935735585107828, 1.000000000000000000),
 ( 1.000000000000000000, 0.9944230918358692994, 1.000000000000000000),
 ( 1.000000000000000000, 0.9929093610799045733, 1.000000000000000000),
 ( 1.000000000000000000, 0.9895879479449335436, 1.000000000000000000),
 ( 1.000000000000000000, 0.9877826437715974128, 1.000000000000000000),
 ( 1.000000000000000000, 0.9822544635557075576, 1.000000000000000000),
 ( 1.000000000000000000, 0.9783920267520516134, 1.000000000000000000),
 ( 1.000000000000000000, 0.9729147163820220934, 1.000000000000000000),
 ( 1.000000000000000000, 0.9711301354919155138, 1.000000000000000000),
 ( 1.000000000000000000, 0.9678091887680633221, 1.000000000000000000),
 ( 1.000000000000000000, 0.9662645566068079894, 1.000000000000000000),
 ( 1.000000000000000000, 0.9634459261283772058, 1.000000000000000000),
 ( 1.000000000000000000, 0.9621717588367879603, 1.000000000000000000),
 ( 1.000000000000000000, 0.9599231194044510751, 1.000000000000000000),
 ( 1.000000000000000000, 0.9589438299619448269, 1.000000000000000000),
 ( 1.000000000000000000, 0.9565279859377870952, 1.000000000000000000),
 ( 1.000000000000000000, 0.9556188825111511242, 1.000000000000000000),
 ( 1.000000000000000000, 0.9551694537163016863, 1.000000000000000000),
 ( 1.000000000000000000, 0.9551726320047241314, 1.000000000000000000),
 ( 1.000000000000000000, 0.9554469734686427129, 1.000000000000000000),
 ( 1.000000000000000000, 0.9557148634472354409, 1.000000000000000000),
 ( 1.000000000000000000, 0.9568093787931453154, 1.000000000000000000),
 ( 1.000000000000000000, 0.9579273727376973468, 1.000000000000000000),
 ( 1.000000000000000000, 0.9591663046625443778, 1.000000000000000000) ) ) 
 REPRESENTATION_ITEM ( '' )  SURFACE ( )  );
#1605 = ORIENTED_EDGE ( 'NONE', *, *, #2376, .F. ) ;
#1606 = DIRECTION ( 'NONE',  ( 0.0000000000000000000, 0.0000000000000000000, 1.000000000000000000 ) ) ;
#1607 = CARTESIAN_POINT ( 'NONE',  ( 15.00632076395256043, -40.76501573164358661, 20.63856693381610086 ) ) ;
#1608 = ORIENTED_EDGE ( 'NONE', *, *, #2951, .F. ) ;
#1609 = CARTESIAN_POINT ( 'NONE',  ( -87.99999999999974420, -54.00000000000000000, 56.73534109113537482 ) ) ;
#1610 = CIRCLE ( 'NONE', #2599, 3.000000000000002665 ) ;
#1611 = CARTESIAN_POINT ( 'NONE',  ( 8.000000000000024869, -49.01817724477734828, 21.43637964327931655 ) ) ;
#1612 = CARTESIAN_POINT ( 'NONE',  ( 8.906497673036811946, 1.645007756543958699, 15.45800310261758526 ) ) ;
#1613 = CARTESIAN_POINT ( 'NONE',  ( 12.90406292658444087, -46.07699382588424442, 49.28781122024732753 ) ) ;
#1614 = EDGE_LOOP ( 'NONE', ( #2454, #563 ) ) ;
#1615 = ORIENTED_EDGE ( 'NONE', *, *, #998, .T. ) ;
#1616 = VECTOR ( 'NONE', #3043, 1000.000000000000000 ) ;
#1617 = DIRECTION ( 'NONE',  ( 0.0000000000000000000, 0.0000000000000000000, -1.000000000000000000 ) ) ;
#1618 = DIRECTION ( 'NONE',  ( -0.4685212856658192426, 0.6246950475544236214, 0.6246950475544241765 ) ) ;
#1619 = ORIENTED_EDGE ( 'NONE', *, *, #3560, .F. ) ;
#1620 = FACE_OUTER_BOUND ( 'NONE', #616, .T. ) ;
#1621 = CARTESIAN_POINT ( 'NONE',  ( 7.999999999999996447, -50.00000000000000000, 18.00000000000002842 ) ) ;
#1622 = VERTEX_POINT ( 'NONE', #2529 ) ;
#1623 = CYLINDRICAL_SURFACE ( 'NONE', #3106, 4.000000000000000000 ) ;
#1624 = CARTESIAN_POINT ( 'NONE',  ( -85.03287097204999156, -47.42837847105399618, 55.06877453057894911 ) ) ;
#1625 = EDGE_CURVE ( 'NONE', #440, #2823, #1705, .T. ) ;
#1626 = CARTESIAN_POINT ( 'NONE',  ( -85.22666500956174218, -52.95070730385068458, 54.70590919534095065 ) ) ;
#1627 = DIRECTION ( 'NONE',  ( -6.938893903907226800E-15, 0.0000000000000000000, -1.000000000000000000 ) ) ;
#1628 = CARTESIAN_POINT ( 'NONE',  ( 9.393011801930493121, 0.6895162095178531958, 14.96303126786934534 ) ) ;
#1629 = EDGE_CURVE ( 'NONE', #1161, #159, #3755, .T. ) ;
#1630 = CARTESIAN_POINT ( 'NONE',  ( -90.99999999999981526, -49.00000000000000000, 46.00000000000072475 ) ) ;
#1631 = CYLINDRICAL_SURFACE ( 'NONE', #3050, 4.000000000000010658 ) ;
#1632 = CARTESIAN_POINT ( 'NONE',  ( 11.99999999945942442, -46.00000000000000000, 32.00000000000000000 ) ) ;
#1633 = CARTESIAN_POINT ( 'NONE',  ( 13.00000000000023448, -50.00000000000000000, 52.00000000000000000 ) ) ;
#1634 = CARTESIAN_POINT ( 'NONE',  ( 9.302166619748581056, -47.04674667785962328, 28.33638634331354211 ) ) ;
#1635 = DIRECTION ( 'NONE',  ( 6.982962677686266711E-15, 0.0000000000000000000, 1.000000000000000000 ) ) ;
#1636 = CARTESIAN_POINT ( 'NONE',  ( -87.99999999999920419, -46.00000000000044764, 55.32488533084617899 ) ) ;
#1637 = DIRECTION ( 'NONE',  ( 0.0000000000000000000, 1.000000000000000000, 0.0000000000000000000 ) ) ;
#1638 = CARTESIAN_POINT ( 'NONE',  ( -86.96543179828563552, -50.54227416267567463, 47.29748283672159204 ) ) ;
#1639 = CARTESIAN_POINT ( 'NONE',  ( -86.96543179828559289, -49.45772583732433247, 56.70251716327982194 ) ) ;
#1640 = DIRECTION ( 'NONE',  ( -1.000000000000000000, 0.0000000000000000000, 0.0000000000000000000 ) ) ;
#1641 = CARTESIAN_POINT ( 'NONE',  ( -85.77940440855405768, -53.44394558340535895, 49.95898518909665142 ) ) ;
#1642 = DIRECTION ( 'NONE',  ( -6.938893903907210234E-15, 0.0000000000000000000, -1.000000000000000000 ) ) ;
#1643 = CARTESIAN_POINT ( 'NONE',  ( 10.33273286123842105, -46.36401940122178900, 30.72612403214086285 ) ) ;
#1644 = EDGE_CURVE ( 'NONE', #3577, #4149, #2971, .T. ) ;
#1645 = CARTESIAN_POINT ( 'NONE',  ( 15.96196050918000964, -50.62694027885130765, 47.66550774622889719 ) ) ;
#1646 = ORIENTED_EDGE ( 'NONE', *, *, #2567, .F. ) ;
#1647 = CARTESIAN_POINT ( 'NONE',  ( -87.99999999999975842, -46.00000000000000000, 54.07481609170839931 ) ) ;
#1648 = CC_DESIGN_DATE_AND_TIME_ASSIGNMENT ( #4118, #240, ( #6 ) ) ;
#1649 = DIRECTION ( 'NONE',  ( -1.000000000000000000, -0.0000000000000000000, -0.0000000000000000000 ) ) ;
#1650 = EDGE_CURVE ( 'NONE', #3263, #2463, #1367, .T. ) ;
#1651 = ORIENTED_EDGE ( 'NONE', *, *, #1159, .T. ) ;
#1652 = CARTESIAN_POINT ( 'NONE',  ( 11.47639939791116959, -54.00000000000386535, 51.47639939790900598 ) ) ;
#1653 = CARTESIAN_POINT ( 'NONE',  ( -87.98115355805181537, -48.63451060249046520, 58.42063895318400313 ) ) ;
#1654 =( BOUNDED_SURFACE ( )  B_SPLINE_SURFACE ( 3, 2, ( 
 ( #581, #3153, #592 ),
 ( #3450, #1228, #886 ),
 ( #1530, #4051, #1854 ),
 ( #3471, #4111, #287 ),
 ( #1541, #856, #2142 ),
 ( #1557, #3783, #1872 ) ),
 .UNSPECIFIED., .F., .F., .T. ) 
 B_SPLINE_SURFACE_WITH_KNOTS ( ( 4, 2, 4 ),
 ( 3, 3 ),
 ( 7.514144724520381402, 7.684063179247432096, 7.853981633974482790 ),
 ( 0.0000000000000000000, 1.000000000000000000 ),
 .UNSPECIFIED. ) 
 GEOMETRIC_REPRESENTATION_ITEM ( )  RATIONAL_B_SPLINE_SURFACE ( (
 ( 1.000000000000000000, 0.9718253158075534914, 1.000000000000000000),
 ( 1.000000000000000000, 0.9809890083582054610, 1.000000000000000000),
 ( 1.000000000000000000, 0.9880713270801744219, 1.000000000000000000),
 ( 1.000000000000000000, 0.9975794583254748993, 1.000000000000000000),
 ( 1.000000000000000000, 1.000005458347649423, 1.000000000000000000),
 ( 1.000000000000000000, 1.000000000000000000, 1.000000000000000000) ) ) 
 REPRESENTATION_ITEM ( '' )  SURFACE ( )  );
#1655 = ORIENTED_EDGE ( 'NONE', *, *, #2018, .T. ) ;
#1656 = CIRCLE ( 'NONE', #2880, 7.000000000000006217 ) ;
#1657 = AXIS2_PLACEMENT_3D ( 'NONE', #2180, #874, #1251 ) ;
#1658 = CARTESIAN_POINT ( 'NONE',  ( 9.039018008792096381, -47.30977514075200929, 27.41578700766132570 ) ) ;
#1659 = CARTESIAN_POINT ( 'NONE',  ( 16.00000000016872903, -52.81306046119136965, 49.15225634830406420 ) ) ;
#1660 = ORIENTED_EDGE ( 'NONE', *, *, #1348, .F. ) ;
#1661 = FACE_OUTER_BOUND ( 'NONE', #696, .T. ) ;
#1662 = CARTESIAN_POINT ( 'NONE',  ( -87.99999999999974420, -46.00000000000000000, 56.73534109113152368 ) ) ;
#1663 = ORIENTED_EDGE ( 'NONE', *, *, #375, .T. ) ;
#1664 = VECTOR ( 'NONE', #270, 1000.000000000000000 ) ;
#1665 = CARTESIAN_POINT ( 'NONE',  ( -87.66733795291533227, -51.30077226366530141, 46.53283462429143214 ) ) ;
#1666 = CARTESIAN_POINT ( 'NONE',  ( 11.83634420089337702, -45.99999985845805384, 13.99999999999989875 ) ) ;
#1667 = ORIENTED_EDGE ( 'NONE', *, *, #3652, .T. ) ;
#1668 = CALENDAR_DATE ( 2019, 12, 12 ) ;
#1669 = DIRECTION ( 'NONE',  ( -0.0000000000000000000, -0.0000000000000000000, 1.000000000000000000 ) ) ;
#1670 = CARTESIAN_POINT ( 'NONE',  ( 13.89799147123229517, -46.00000000000000711, 13.99999999999998579 ) ) ;
#1671 = DIRECTION ( 'NONE',  ( -0.0000000000000000000, -0.0000000000000000000, -1.000000000000000000 ) ) ;
#1672 = ORIENTED_EDGE ( 'NONE', *, *, #3419, .T. ) ;
#1673 = CALENDAR_DATE ( 2019, 12, 12 ) ;
#1674 = CARTESIAN_POINT ( 'NONE',  ( 16.00000000021465141, -52.22788846530344387, 48.67619404983495457 ) ) ;
#1675 = AXIS2_PLACEMENT_3D ( 'NONE', #321, #2555, #4129 ) ;
#1676 = DIRECTION ( 'NONE',  ( 0.0000000000000000000, 0.5714285714286421181, -0.8206518066482405560 ) ) ;
#1677 = EDGE_CURVE ( 'NONE', #532, #3075, #2926, .T. ) ;
#1678 = CARTESIAN_POINT ( 'NONE',  ( 8.460212260913387183, 12.00000000003658052, 16.13228270822129673 ) ) ;
#1679 = CARTESIAN_POINT ( 'NONE',  ( 8.134240481715425020, -51.03587551212372375, 40.40272144514742081 ) ) ;
#1680 = CARTESIAN_POINT ( 'NONE',  ( 0.0000000000000000000, 0.0000000000000000000, 0.0000000000000000000 ) ) ;
#1681 = DIRECTION ( 'NONE',  ( 1.000000000000000000, 0.0000000000000000000, 0.0000000000000000000 ) ) ;
#1682 = CARTESIAN_POINT ( 'NONE',  ( 11.26924820896979718, -46.06728556095486482, 31.76448801454892390 ) ) ;
#1683 = CARTESIAN_POINT ( 'NONE',  ( -84.99999999999977263, -50.00000000000000000, 52.00000000000068212 ) ) ;
#1684 = AXIS2_PLACEMENT_3D ( 'NONE', #3733, #1208, #901 ) ;
#1685 = CARTESIAN_POINT ( 'NONE',  ( 14.87451715969148403, 1.147110655446871963, 15.21581042690840846 ) ) ;
#1686 = CARTESIAN_POINT ( 'NONE',  ( 8.561397263502620092, 11.99999999998167333, 15.95534171545859969 ) ) ;
#1687 = CARTESIAN_POINT ( 'NONE',  ( -87.17958942557690705, -53.10679612050277143, 54.60959913976631697 ) ) ;
#1688 = CARTESIAN_POINT ( 'NONE',  ( 15.99999999972047426, -49.10402249690510246, 48.09613373382983070 ) ) ;
#1689 = CARTESIAN_POINT ( 'NONE',  ( 7.653815142293057150, -51.73160959813944260, 47.65381514229920157 ) ) ;
#1690 = CARTESIAN_POINT ( 'NONE',  ( 10.59433950505751731, -46.25187318672700343, 14.25187316776676560 ) ) ;
#1691 = ORIENTED_EDGE ( 'NONE', *, *, #138, .T. ) ;
#1692 = CARTESIAN_POINT ( 'NONE',  ( 15.87298334620741436, -49.00000000000000711, 16.99999999999997868 ) ) ;
#1693 = DIRECTION ( 'NONE',  ( 9.912705577010090272E-15, 0.0000000000000000000, 1.000000000000000000 ) ) ;
#1694 = ORIENTED_EDGE ( 'NONE', *, *, #3711, .T. ) ;
#1695 = EDGE_CURVE ( 'NONE', #241, #908, #1500, .T. ) ;
#1696 = CARTESIAN_POINT ( 'NONE',  ( 14.68831797441581166, -53.17105831197213917, 48.86963975490586165 ) ) ;
#1697 = ADVANCED_FACE ( 'NONE', ( #3121 ), #1203, .T. ) ;
#1698 = CARTESIAN_POINT ( 'NONE',  ( 7.999999999999998224, -50.00000000000000000, 18.00000000000002842 ) ) ;
#1699 = ORIENTED_EDGE ( 'NONE', *, *, #3051, .F. ) ;
#1700 = CARTESIAN_POINT ( 'NONE',  ( -87.99999999999947420, -52.28571428571424207, 55.28260722659390325 ) ) ;
#1701 = CARTESIAN_POINT ( 'NONE',  ( -86.02968766490323560, -46.41749931232904203, 50.21430617546074870 ) ) ;
#1702 = CARTESIAN_POINT ( 'NONE',  ( 5.986191909740814943, -53.47132639599333004, 49.99539730324514863 ) ) ;
#1703 = EDGE_LOOP ( 'NONE', ( #3641, #3936, #1451, #1046, #2815 ) ) ;
#1704 = CARTESIAN_POINT ( 'NONE',  ( 14.33297722377596806, 11.46330404885208409, 13.42367329445371560 ) ) ;
#1705 = LINE ( 'NONE', #1549, #2265 ) ;
#1706 = CARTESIAN_POINT ( 'NONE',  ( 9.171727038593537884, -47.16664312308904528, 27.91674907006187212 ) ) ;
#1707 = ORIENTED_EDGE ( 'NONE', *, *, #30, .F. ) ;
#1708 = CARTESIAN_POINT ( 'NONE',  ( 24.00000000000000000, 16.00000000000000000, 8.000000000000000000 ) ) ;
#1709 = AXIS2_PLACEMENT_3D ( 'NONE', #1630, #2942, #3239 ) ;
#1710 = VERTEX_POINT ( 'NONE', #3573 ) ;
#1711 = CARTESIAN_POINT ( 'NONE',  ( 22.39999999999999858, 3.000000000000001332, -45.00000000000000711 ) ) ;
#1712 = LINE ( 'NONE', #2286, #1506 ) ;
#1713 = CARTESIAN_POINT ( 'NONE',  ( 24.00000000000000000, 0.0000000000000000000, 8.000000000000000000 ) ) ;
#1714 = ORIENTED_EDGE ( 'NONE', *, *, #1975, .T. ) ;
#1715 = COORDINATED_UNIVERSAL_TIME_OFFSET ( 0, 0, .AHEAD. ) ;
#1716 = CARTESIAN_POINT ( 'NONE',  ( -87.99999999999977263, -46.00000000000000000, 52.00000000000070344 ) ) ;
#1717 = ORIENTED_EDGE ( 'NONE', *, *, #3084, .T. ) ;
#1718 = CARTESIAN_POINT ( 'NONE',  ( 9.238028780959519182, 11.99999999986151877, 15.10562587951919156 ) ) ;
#1719 = CARTESIAN_POINT ( 'NONE',  ( 8.140425988357572251, 9.085796200190085159, 15.28550949952504645 ) ) ;
#1720 = ORIENTED_EDGE ( 'NONE', *, *, #1754, .T. ) ;
#1721 = FACE_OUTER_BOUND ( 'NONE', #3510, .T. ) ;
#1722 = CARTESIAN_POINT ( 'NONE',  ( 8.601397577412095430, -52.11344181443713808, 41.80419273223692045 ) ) ;
#1723 = CARTESIAN_POINT ( 'NONE',  ( 21.00000000000000000, 3.000000000000001332, -45.00000000000000711 ) ) ;
#1724 = ADVANCED_FACE ( 'NONE', ( #2818 ), #3178, .F. ) ;
#1725 = CARTESIAN_POINT ( 'NONE',  ( 8.069604862541453372, 7.142074771702138669, 15.85518692925438167 ) ) ;
#1726 = EDGE_CURVE ( 'NONE', #4116, #2408, #956, .T. ) ;
#1727 = DIRECTION ( 'NONE',  ( 0.0000000000000000000, -1.000000000000000000, 0.0000000000000000000 ) ) ;
#1728 = DIRECTION ( 'NONE',  ( -0.0000000000000000000, -0.0000000000000000000, -1.000000000000000000 ) ) ;
#1729 = FACE_OUTER_BOUND ( 'NONE', #2703, .T. ) ;
#1730 = CARTESIAN_POINT ( 'NONE',  ( 8.800000000000002487, 5.599999999999996980, 12.00000000000000000 ) ) ;
#1731 = CC_DESIGN_PERSON_AND_ORGANIZATION_ASSIGNMENT ( #2892, #888, ( #795 ) ) ;
#1732 = CARTESIAN_POINT ( 'NONE',  ( 15.08722813635964144, 1.649250269001615088, 15.45446239720484982 ) ) ;
#1733 =( BOUNDED_SURFACE ( )  B_SPLINE_SURFACE ( 3, 2, ( 
 ( #2067, #144, #1109 ),
 ( #1432, #3376, #3677 ),
 ( #3687, #3701, #1780 ),
 ( #4001, #2421, #819 ),
 ( #1458, #3089, #1487 ),
 ( #1148, #571, #4085 ),
 ( #3727, #3776, #892 ),
 ( #2446, #1197, #1170 ),
 ( #2803, #3414, #4074 ),
 ( #2149, #2172, #1822 ),
 ( #3442, #4041, #266 ),
 ( #3741, #881, #586 ),
 ( #1523, #1835, #3460 ),
 ( #2508, #1808, #3758 ),
 ( #1859, #217, #2841 ),
 ( #246, #551, #230 ),
 ( #3402, #2136, #1471 ),
 ( #4059, #2462, #523 ) ),
 .UNSPECIFIED., .F., .F., .T. ) 
 B_SPLINE_SURFACE_WITH_KNOTS ( ( 4, 2, 2, 2, 2, 2, 2, 2, 4 ),
 ( 3, 3 ),
 ( -1.095449216289440501E-05, 0.0002307864184698048650, 0.0004725273291025041300, 0.0007142682397352033679, 0.0009560091503679026600, 0.001439490971633301244, 0.001922972792898699828, 0.002889936435429496780, 0.003856900077960293948 ),
 ( 0.0000000000000000000, 1.000000000000000000 ),
 .UNSPECIFIED. ) 
 GEOMETRIC_REPRESENTATION_ITEM ( )  RATIONAL_B_SPLINE_SURFACE ( (
 ( 1.000000000000000000, 1.000000000000000000, 1.000000000000000000),
 ( 1.000000000000000000, 1.000019826567041692, 1.000000000000000000),
 ( 1.000000000000000000, 0.9991115182727552391, 1.000000000000000000),
 ( 1.000000000000000000, 0.9949507340071479522, 1.000000000000000000),
 ( 1.000000000000000000, 0.9916942186107379209, 1.000000000000000000),
 ( 1.000000000000000000, 0.9835973128879546001, 1.000000000000000000),
 ( 1.000000000000000000, 0.9787992068291944125, 1.000000000000000000),
 ( 1.000000000000000000, 0.9684547341232325746, 1.000000000000000000),
 ( 1.000000000000000000, 0.9629020098547844686, 1.000000000000000000),
 ( 1.000000000000000000, 0.9456226226853498007, 1.000000000000000000),
 ( 1.000000000000000000, 0.9332941203203725111, 1.000000000000000000),
 ( 1.000000000000000000, 0.9078789179134981735, 1.000000000000000000),
 ( 1.000000000000000000, 0.8947624494108955551, 1.000000000000000000),
 ( 1.000000000000000000, 0.8545196645189023776, 1.000000000000000000),
 ( 1.000000000000000000, 0.8264881045615664057, 1.000000000000000000),
 ( 1.000000000000000000, 0.7683477575254524794, 1.000000000000000000),
 ( 1.000000000000000000, 0.7382148891620176068, 1.000000000000000000),
 ( 1.000000000000000000, 0.7071067811865482389, 1.000000000000000000) ) ) 
 REPRESENTATION_ITEM ( '' )  SURFACE ( )  );
#1734 = EDGE_CURVE ( 'NONE', #3323, #198, #1398, .T. ) ;
#1735 = CARTESIAN_POINT ( 'NONE',  ( 9.465377164550261568, 11.09620530556750850, 12.04244895485017253 ) ) ;
#1736 = CARTESIAN_POINT ( 'NONE',  ( 8.028323508196804070, 9.371702373309412692, 17.45131905067634293 ) ) ;
#1737 = CARTESIAN_POINT ( 'NONE',  ( 7.725781216788141670, -49.26124618704479730, 47.72578121678796492 ) ) ;
#1738 = DIRECTION ( 'NONE',  ( 0.0000000000000000000, 0.0000000000000000000, 1.000000000000000000 ) ) ;
#1739 = CARTESIAN_POINT ( 'NONE',  ( 9.661414231155402987, -38.63387955869828261, 21.24746298279548995 ) ) ;
#1740 = CARTESIAN_POINT ( 'NONE',  ( 11.99999999999999467, -50.00000000000000000, 17.00000000000000000 ) ) ;
#1741 = CARTESIAN_POINT ( 'NONE',  ( 12.29093779567924649, 11.99999999999907985, 13.83943887547818363 ) ) ;
#1742 = CARTESIAN_POINT ( 'NONE',  ( 8.276112798800317805, 3.746290670665610723, 16.29851626826624056 ) ) ;
#1743 = ORIENTED_EDGE ( 'NONE', *, *, #1565, .F. ) ;
#1744 = B_SPLINE_CURVE_WITH_KNOTS ( 'NONE', 3,
 ( #2082, #3063, #2428, #3954, #2751, #2095, #2707, #443, #1126, #2727, #1087, #169 ),
 .UNSPECIFIED., .F., .F.,
 ( 4, 2, 2, 2, 2, 4 ),
 ( -1.095449216202875089E-05, 0.0002307864184702435061, 0.0004725273291025157310, 0.0009560091503670585002, 0.001922972792896164313, 0.003856900077954397623 ),
 .UNSPECIFIED. ) ;
#1745 = CARTESIAN_POINT ( 'NONE',  ( 8.000000000000003553, 7.999999999999998224, 18.00000000000000355 ) ) ;
#1746 = CARTESIAN_POINT ( 'NONE',  ( 14.83423964557550789, -47.06987420504623998, 48.27216110331784193 ) ) ;
#1747 = EDGE_LOOP ( 'NONE', ( #3716, #1306, #1258, #1646 ) ) ;
#1748 = CARTESIAN_POINT ( 'NONE',  ( 4.070078992602278234, -46.98645275297164403, 49.35669299753602957 ) ) ;
#1749 = DIRECTION ( 'NONE',  ( 1.000000000000000000, 0.0000000000000000000, -6.938893903907186568E-15 ) ) ;
#1750 = CARTESIAN_POINT ( 'NONE',  ( 8.357331698005431520, 6.333573268902679132, 13.83393317225585939 ) ) ;
#1751 = ORIENTED_EDGE ( 'NONE', *, *, #3890, .T. ) ;
#1752 = CARTESIAN_POINT ( 'NONE',  ( -86.45662182268321772, -46.23002401468446720, 53.37089087925450315 ) ) ;
#1753 = CARTESIAN_POINT ( 'NONE',  ( 13.00622771225081031, 11.88459640962753383, 13.58483033408434260 ) ) ;
#1754 = EDGE_CURVE ( 'NONE', #532, #1571, #703, .T. ) ;
#1755 = CARTESIAN_POINT ( 'NONE',  ( -87.73124234214783712, -51.34568414132368730, 57.59066737349427711 ) ) ;
#1756 = VERTEX_POINT ( 'NONE', #963 ) ;
#1757 = DIRECTION ( 'NONE',  ( 6.982962677686266711E-15, 0.0000000000000000000, 1.000000000000000000 ) ) ;
#1758 = CARTESIAN_POINT ( 'NONE',  ( -83.99999999999972999, -50.00000000000000000, 58.00000000000067502 ) ) ;
#1759 = VERTEX_POINT ( 'NONE', #2258 ) ;
#1760 = VECTOR ( 'NONE', #1671, 1000.000000000000000 ) ;
#1761 = CARTESIAN_POINT ( 'NONE',  ( 8.000000000000003553, 8.274348315942816612, 17.31412921013286876 ) ) ;
#1762 = CARTESIAN_POINT ( 'NONE',  ( 14.98922032390662729, -47.33313033411072723, 45.51041984895708481 ) ) ;
#1763 = LINE ( 'NONE', #3093, #3570 ) ;
#1764 = AXIS2_PLACEMENT_3D ( 'NONE', #583, #984, #972 ) ;
#1765 = CARTESIAN_POINT ( 'NONE',  ( 8.257374210849290463, -47.52101277310449490, 48.25737421085346313 ) ) ;
#1766 = CARTESIAN_POINT ( 'NONE',  ( 9.315890009742009426, -48.07553520425736338, 13.99999999999975131 ) ) ;
#1767 = ORIENTED_EDGE ( 'NONE', *, *, #4079, .T. ) ;
#1768 = ADVANCED_FACE ( 'NONE', ( #548 ), #3853, .T. ) ;
#1769 = CIRCLE ( 'NONE', #486, 1.000000000000000888 ) ;
#1770 = DIRECTION ( 'NONE',  ( -1.000000000000000000, 0.0000000000000000000, 0.0000000000000000000 ) ) ;
#1771 = CARTESIAN_POINT ( 'NONE',  ( 15.17042103413378484, 10.44094421989468380, 12.53985632715738241 ) ) ;
#1772 = EDGE_LOOP ( 'NONE', ( #1269, #2038, #1596, #189 ) ) ;
#1773 = CARTESIAN_POINT ( 'NONE',  ( 16.00000000000002487, -49.01817724477756144, 21.43637964327851364 ) ) ;
#1774 = FACE_BOUND ( 'NONE', #2624, .T. ) ;
#1775 = B_SPLINE_CURVE_WITH_KNOTS ( 'NONE', 3,
 ( #98, #2673, #1378, #2685, #60, #1404, #2962, #1066, #1701, #3016, #3608, #2310, #2032, #1388, #3930, #3316, #3920, #377 ),
 .UNSPECIFIED., .F., .F.,
 ( 4, 2, 2, 2, 2, 2, 2, 2, 4 ),
 ( 0.0000000000000000000, 0.0006374971822158331325, 0.001274994364431666265, 0.001912491546647499506, 0.002549988728863332530, 0.003824983093294956078, 0.004462480275510776091, 0.004781228866618686749, 0.005099977457726597406 ),
 .UNSPECIFIED. ) ;
#1776 = CARTESIAN_POINT ( 'NONE',  ( 15.00632076395256043, -40.76501573164358661, 20.63856693381610086 ) ) ;
#1777 = CARTESIAN_POINT ( 'NONE',  ( 15.86261493880406626, -48.85764436120437182, 47.46320404782541402 ) ) ;
#1778 = CARTESIAN_POINT ( 'NONE',  ( 10.71113736640056224, -46.20429558170329898, 48.13341209919888541 ) ) ;
#1779 = VECTOR ( 'NONE', #3833, 1000.000000000000000 ) ;
#1780 = CARTESIAN_POINT ( 'NONE',  ( 12.07742382112787105, -46.14443275920625354, 14.00000000000000178 ) ) ;
#1781 = CARTESIAN_POINT ( 'NONE',  ( 8.671304132800528919, 5.771594489599302769, 12.42898622399801667 ) ) ;
#1782 = DIRECTION ( 'NONE',  ( 0.0000000000000000000, 1.000000000000000000, 0.0000000000000000000 ) ) ;
#1783 = CARTESIAN_POINT ( 'NONE',  ( 14.37042673435585094, 11.22364348358479802, 12.01156876348575153 ) ) ;
#1784 =( BOUNDED_SURFACE ( )  B_SPLINE_SURFACE ( 3, 2, ( 
 ( #1222, #4107, #2205 ),
 ( #2177, #1838, #4063 ),
 ( #2155, #1538, #2808 ),
 ( #1202, #3446, #3765 ),
 ( #1850, #253, #1586 ),
 ( #634, #335, #2890 ) ),
 .UNSPECIFIED., .F., .F., .T. ) 
 B_SPLINE_SURFACE_WITH_KNOTS ( ( 4, 2, 4 ),
 ( 3, 3 ),
 ( 4.712388980384689674, 4.882307435111750138, 5.052225889838810602 ),
 ( 0.0000000000000000000, 1.000000000000000000 ),
 .UNSPECIFIED. ) 
 GEOMETRIC_REPRESENTATION_ITEM ( )  RATIONAL_B_SPLINE_SURFACE ( (
 ( 1.000000000000000000, 1.000000000000000000, 1.000000000000000000),
 ( 1.000000000000000000, 1.000005458347649867, 1.000000000000000000),
 ( 1.000000000000000000, 0.9975794583254741221, 1.000000000000000000),
 ( 1.000000000000000000, 0.9880713270801732007, 1.000000000000000000),
 ( 1.000000000000000000, 0.9809890083582034626, 1.000000000000000000),
 ( 1.000000000000000000, 0.9718253158075503828, 1.000000000000000000) ) ) 
 REPRESENTATION_ITEM ( '' )  SURFACE ( )  );
#1785 = CARTESIAN_POINT ( 'NONE',  ( 8.800000000000002487, 1.999999999999991784, 15.59999999999999964 ) ) ;
#1786 = CARTESIAN_POINT ( 'NONE',  ( 15.88709918907115437, 9.093536866139972474, 15.26615783465006260 ) ) ;
#1787 = CARTESIAN_POINT ( 'NONE',  ( 13.91390770207445193, -37.70637564007986953, 21.51246002841955374 ) ) ;
#1788 = EDGE_CURVE ( 'NONE', #3996, #2568, #306, .T. ) ;
#1789 = CARTESIAN_POINT ( 'NONE',  ( 9.754062158694187801, -38.41516964512354804, 21.30995160648275899 ) ) ;
#1790 = CARTESIAN_POINT ( 'NONE',  ( 14.17308811385442091, -46.63505066025704338, 46.24640609036175931 ) ) ;
#1791 = CARTESIAN_POINT ( 'NONE',  ( 6.682185524037309143, -46.40466815820640534, 50.22739517467895354 ) ) ;
#1792 = CARTESIAN_POINT ( 'NONE',  ( 9.139583171658912875, -47.19748060850791660, 15.19748060548398350 ) ) ;
#1793 = CARTESIAN_POINT ( 'NONE',  ( 12.99498743710661941, 11.99999999999997513, 17.90000000000000568 ) ) ;
#1794 = DESIGN_CONTEXT ( 'detailed design', #2522, 'design' ) ;
#1795 = CARTESIAN_POINT ( 'NONE',  ( 14.82827296141762474, -47.16664312309935525, 27.91674907003047679 ) ) ;
#1796 = CARTESIAN_POINT ( 'NONE',  ( 13.99217965955301857, 11.99999999928655825, 14.52375329983318508 ) ) ;
#1797 = VERTEX_POINT ( 'NONE', #45 ) ;
#1798 = CARTESIAN_POINT ( 'NONE',  ( 15.12754493316963789, 5.192674602140105122, 15.19267460214010868 ) ) ;
#1799 = CARTESIAN_POINT ( 'NONE',  ( 14.06450837116101305, -38.00699578202188889, 21.42655017641594739 ) ) ;
#1800 = DIRECTION ( 'NONE',  ( 0.0000000000000000000, 0.0000000000000000000, -1.000000000000000000 ) ) ;
#1801 = B_SPLINE_CURVE_WITH_KNOTS ( 'NONE', 3,
 ( #2539, #2184, #3157, #3171, #3494, #2523, #1888, #1844, #261, #1231, #2210, #3500, #2492, #3796, #2861, #1241, #931, #1579, #4082, #3454 ),
 .UNSPECIFIED., .F., .F.,
 ( 4, 2, 2, 2, 2, 2, 2, 2, 2, 4 ),
 ( 0.0000000000000000000, 0.0004341380329862769955, 0.0008682760659725539910, 0.001302414098958830932, 0.001736552131945107982, 0.002170690164931385249, 0.002604828197917661865, 0.003038966230903938914, 0.003256035247397068982, 0.003473104263890199050 ),
 .UNSPECIFIED. ) ;
#1802 = VERTEX_POINT ( 'NONE', #986 ) ;
#1803 = CARTESIAN_POINT ( 'NONE',  ( 11.99999999999999467, -50.00000000000000000, 17.00000000000000000 ) ) ;
#1804 = CARTESIAN_POINT ( 'NONE',  ( 14.98849539125248320, -47.30916000725826365, 47.84384035780420419 ) ) ;
#1805 = CARTESIAN_POINT ( 'NONE',  ( -87.99999999999972999, -50.00000000000000000, 58.00000000000070344 ) ) ;
#1806 = CARTESIAN_POINT ( 'NONE',  ( 2.458708492636350940, -47.56004083263903226, 48.81956949754565755 ) ) ;
#1807 = ORIENTED_EDGE ( 'NONE', *, *, #3020, .T. ) ;
#1808 = CARTESIAN_POINT ( 'NONE',  ( 14.40702444955915063, -47.80732211312261626, 14.00000000000027534 ) ) ;
#1809 = ORIENTED_EDGE ( 'NONE', *, *, #4054, .F. ) ;
#1810 = CARTESIAN_POINT ( 'NONE',  ( 12.52343325251541195, -36.09452441575463411, 21.97299302538920429 ) ) ;
#1811 = CARTESIAN_POINT ( 'NONE',  ( 14.28608498804023519, 11.28398501127362685, 12.00664150915424422 ) ) ;
#1812 = FACE_OUTER_BOUND ( 'NONE', #3955, .T. ) ;
#1813 = APPROVAL ( #3155, 'UNSPECIFIED' ) ;
#1814 = EDGE_CURVE ( 'NONE', #3107, #2048, #2569, .T. ) ;
#1815 = ORIENTED_EDGE ( 'NONE', *, *, #2932, .T. ) ;
#1816 = ORIENTED_EDGE ( 'NONE', *, *, #2698, .F. ) ;
#1817 = CARTESIAN_POINT ( 'NONE',  ( 13.30764981758886023, -36.76861681249349090, 21.78039766008928879 ) ) ;
#1818 = FACE_OUTER_BOUND ( 'NONE', #3760, .T. ) ;
#1819 = CARTESIAN_POINT ( 'NONE',  ( 12.99498743710661941, 11.99999999999997513, 17.90000000000000568 ) ) ;
#1820 = ORIENTED_EDGE ( 'NONE', *, *, #998, .F. ) ;
#1821 = CARTESIAN_POINT ( 'NONE',  ( 11.36510800385594600, 2.316703157330995300, 14.04546910036931173 ) ) ;
#1822 = CARTESIAN_POINT ( 'NONE',  ( 12.36908133159679046, -47.06637663979917363, 13.99999999999999822 ) ) ;
#1823 = ORIENTED_EDGE ( 'NONE', *, *, #337, .F. ) ;
#1824 = FACE_OUTER_BOUND ( 'NONE', #4044, .T. ) ;
#1825 = CARTESIAN_POINT ( 'NONE',  ( 14.10918451982845845, -45.60065319224911207, 24.68681202523153928 ) ) ;
#1826 = CARTESIAN_POINT ( 'NONE',  ( 14.64669587228764414, -46.99970655707522127, 28.50102704979751778 ) ) ;
#1827 = VECTOR ( 'NONE', #2829, 1000.000000000000000 ) ;
#1828 = CARTESIAN_POINT ( 'NONE',  ( 15.32869586719982813, 2.428986223997769756, 15.77159448959977794 ) ) ;
#1829 = CARTESIAN_POINT ( 'NONE',  ( 15.97994974842647764, 8.999999999999980460, 17.60000000000001208 ) ) ;
#1830 = CARTESIAN_POINT ( 'NONE',  ( 13.94076624460122638, -37.75819724368901831, 21.49764648294287639 ) ) ;
#1831 = CARTESIAN_POINT ( 'NONE',  ( 9.290433946366260187, -39.70127637530856646, 20.94249247128495028 ) ) ;
#1832 = DIRECTION ( 'NONE',  ( 1.000000000000000000, 0.0000000000000000000, 0.0000000000000000000 ) ) ;
#1833 = CARTESIAN_POINT ( 'NONE',  ( 9.479217927226596174, 0.5698884755585111872, 14.89071353846444623 ) ) ;
#1834 = DIRECTION ( 'NONE',  ( 0.0000000000000000000, 0.0000000000000000000, -1.000000000000000000 ) ) ;
#1835 = CARTESIAN_POINT ( 'NONE',  ( 13.97677116475377979, -47.38798358991034831, 13.99999999999984723 ) ) ;
#1836 = EDGE_CURVE ( 'NONE', #3482, #3709, #2974, .T. ) ;
#1837 = CARTESIAN_POINT ( 'NONE',  ( 12.22373184252296952, -45.14273808565863533, 22.85726191433952437 ) ) ;
#1838 = CARTESIAN_POINT ( 'NONE',  ( 12.45311664801370810, -53.99999999999000977, 51.54688335199820415 ) ) ;
#1839 = CARTESIAN_POINT ( 'NONE',  ( 15.97823580265721510, -51.07710617677224718, 47.97747431569796106 ) ) ;
#1840 = CARTESIAN_POINT ( 'NONE',  ( 16.00000000000020606, -49.33966683350700322, 47.32063773192265899 ) ) ;
#1841 = CARTESIAN_POINT ( 'NONE',  ( 8.333939444035319610, 9.599999999999976552, 14.00000000000005507 ) ) ;
#1842 = EDGE_CURVE ( 'NONE', #2443, #2174, #2459, .T. ) ;
#1843 = PERSON_AND_ORGANIZATION_ROLE ( 'creator' ) ;
#1844 = CARTESIAN_POINT ( 'NONE',  ( -87.73124234214785133, -48.65431585867627717, 46.40933262650716529 ) ) ;
#1845 = CARTESIAN_POINT ( 'NONE',  ( -87.37130833747089298, -46.28999943445676735, 50.39318528788975726 ) ) ;
#1846 = ORIENTED_EDGE ( 'NONE', *, *, #807, .F. ) ;
#1847 = CARTESIAN_POINT ( 'NONE',  ( 15.83924433080704119, -48.87154302214837287, 46.15577393763854985 ) ) ;
#1848 = ORIENTED_EDGE ( 'NONE', *, *, #1293, .T. ) ;
#1849 = CARTESIAN_POINT ( 'NONE',  ( 13.58545363129394801, -37.12788510465356495, 21.67774711165459323 ) ) ;
#1850 = CARTESIAN_POINT ( 'NONE',  ( 15.35920869713378245, -53.84675414559080764, 50.88026376761882830 ) ) ;
#1851 = CARTESIAN_POINT ( 'NONE',  ( 15.19999999999998863, 1.999999999999975797, 15.59999999999999432 ) ) ;
#1852 = EDGE_LOOP ( 'NONE', ( #4140, #4087, #1720 ) ) ;
#1853 = CARTESIAN_POINT ( 'NONE',  ( 16.00000000000023448, -50.99652172859179444, 51.91666666666664298 ) ) ;
#1854 = CARTESIAN_POINT ( 'NONE',  ( 12.89970309375470237, -46.09591715725188976, 49.30089071873445050 ) ) ;
#1855 = ORIENTED_EDGE ( 'NONE', *, *, #2398, .F. ) ;
#1856 = CARTESIAN_POINT ( 'NONE',  ( 10.97049358423495491, -36.47029024451781254, 21.86564033815162134 ) ) ;
#1857 = CARTESIAN_POINT ( 'NONE',  ( -87.37971112970910781, -47.47162926431924035, 48.83611895393552516 ) ) ;
#1858 = CARTESIAN_POINT ( 'NONE',  ( 10.12993103412749996, 3.629260918569951588, 14.20273115247368700 ) ) ;
#1859 = CARTESIAN_POINT ( 'NONE',  ( 15.42272128843517187, -47.90657492789777905, 15.90657492748449542 ) ) ;
#1860 = EDGE_CURVE ( 'NONE', #2915, #994, #1610, .T. ) ;
#1861 = ORIENTED_EDGE ( 'NONE', *, *, #3844, .F. ) ;
#1862 = CARTESIAN_POINT ( 'NONE',  ( 15.96366300886070988, -49.44034553633988338, 46.88556614342805773 ) ) ;
#1863 = ORIENTED_EDGE ( 'NONE', *, *, #1695, .F. ) ;
#1864 = FACE_OUTER_BOUND ( 'NONE', #3770, .T. ) ;
#1865 = CARTESIAN_POINT ( 'NONE',  ( 13.43075516372182499, -53.73679234787667269, 47.70773450883515920 ) ) ;
#1866 = CARTESIAN_POINT ( 'NONE',  ( 8.993679236047869452, -40.76501573164200920, 20.63856693381659113 ) ) ;
#1867 = ORIENTED_EDGE ( 'NONE', *, *, #479, .F. ) ;
#1868 = TOROIDAL_SURFACE ( 'NONE', #17, 0.9999999999999991118, 3.000000000000000000 ) ;
#1869 = EDGE_CURVE ( 'NONE', #385, #1756, #3612, .T. ) ;
#1870 = CARTESIAN_POINT ( 'NONE',  ( 15.39125245515639051, -47.52023257175731885, 47.22487179709412430 ) ) ;
#1871 = ORIENTED_EDGE ( 'NONE', *, *, #1427, .F. ) ;
#1872 = CARTESIAN_POINT ( 'NONE',  ( 12.00000000000024691, -45.99999999999999289, 51.99999999999998579 ) ) ;
#1873 = CARTESIAN_POINT ( 'NONE',  ( 14.69078250570149358, -39.64108836123003954, 20.95968923363966496 ) ) ;
#1874 = APPROVAL_DATE_TIME ( #862, #4019 ) ;
#1875 =( NAMED_UNIT ( * ) SI_UNIT ( $, .STERADIAN. ) SOLID_ANGLE_UNIT ( ) );
#1876 = CARTESIAN_POINT ( 'NONE',  ( 10.18984839686715738, -37.51544755943609033, 21.56699849539077718 ) ) ;
#1877 = AXIS2_PLACEMENT_3D ( 'NONE', #3427, #2166, #1533 ) ;
#1878 = CARTESIAN_POINT ( 'NONE',  ( 13.28705516238274775, -0.3106082680267211460, 14.19857650775012736 ) ) ;
#1879 = FACE_OUTER_BOUND ( 'NONE', #756, .T. ) ;
#1880 = CARTESIAN_POINT ( 'NONE',  ( -86.75588781093242119, -53.85653625709514358, 53.09798903513711110 ) ) ;
#1881 = CARTESIAN_POINT ( 'NONE',  ( 11.25793809646756749, 11.93537252616446587, 12.88014393287162385 ) ) ;
#1882 = CIRCLE ( 'NONE', #3431, 1.399999999999998579 ) ;
#1883 = DIRECTION ( 'NONE',  ( -1.000000000000000000, -0.0000000000000000000, 6.938893903907227589E-15 ) ) ;
#1884 = DIRECTION ( 'NONE',  ( 6.983996714282626151E-15, -0.0000000000000000000, 1.000000000000000000 ) ) ;
#1885 = CARTESIAN_POINT ( 'NONE',  ( 14.63219804976487914, -46.98637769098108663, 28.54767887546133665 ) ) ;
#1886 = CARTESIAN_POINT ( 'NONE',  ( 12.00000000000023981, -46.00000000000000000, 52.00000000000000711 ) ) ;
#1887 = CARTESIAN_POINT ( 'NONE',  ( 14.31827104289032349, -38.58591070771022657, 21.26116799458057827 ) ) ;
#1888 = CARTESIAN_POINT ( 'NONE',  ( -87.83972713833880164, -48.60074946656212092, 46.14323739737532293 ) ) ;
#1889 = CARTESIAN_POINT ( 'NONE',  ( -87.99999999999977263, -46.00000000000000000, 51.47773458339165131 ) ) ;
#1890 = CARTESIAN_POINT ( 'NONE',  ( 10.00782034044832436, 11.99999999928649075, 14.52375329983231644 ) ) ;
#1891 = CARTESIAN_POINT ( 'NONE',  ( 15.76810764802359976, -48.65293766461901015, 45.94628905510896999 ) ) ;
#1892 = CARTESIAN_POINT ( 'NONE',  ( 11.87177796981579192, 11.99807889963105545, 13.76310100516125878 ) ) ;
#1893 = EDGE_CURVE ( 'NONE', #1957, #3987, #1448, .T. ) ;
#1894 = DIRECTION ( 'NONE',  ( -0.0000000000000000000, -0.0000000000000000000, 1.000000000000000000 ) ) ;
#1895 = DIRECTION ( 'NONE',  ( 1.000000000000000000, 0.0000000000000000000, -6.938893903907227589E-15 ) ) ;
#1896 = CARTESIAN_POINT ( 'NONE',  ( -90.99999999999982947, -54.00000000000000000, 43.00000000000072475 ) ) ;
#1897 = CARTESIAN_POINT ( 'NONE',  ( 14.73189024652440082, -47.07819630674019606, 28.22632852434066919 ) ) ;
#1898 = CARTESIAN_POINT ( 'NONE',  ( 16.00000000000021672, -50.76237667852914370, 48.85352635700090929 ) ) ;
#1899 = EDGE_LOOP ( 'NONE', ( #301, #1497 ) ) ;
#1900 = CARTESIAN_POINT ( 'NONE',  ( -87.99999999999982947, -51.00000000000000000, 43.00000000000070344 ) ) ;
#1901 = DIRECTION ( 'NONE',  ( -6.938893903907226800E-15, 0.0000000000000000000, -1.000000000000000000 ) ) ;
#1902 = CARTESIAN_POINT ( 'NONE',  ( 12.00000000000000000, 11.99999999999998757, 14.00000000000000355 ) ) ;
#1903 = ORIENTED_EDGE ( 'NONE', *, *, #3537, .T. ) ;
#1904 = CARTESIAN_POINT ( 'NONE',  ( 11.93569334101296597, -46.00000000000869704, 31.99999999999999289 ) ) ;
#1905 = CARTESIAN_POINT ( 'NONE',  ( -87.25842888226790706, -53.53627092531156251, 53.97824624883708111 ) ) ;
#1906 = CARTESIAN_POINT ( 'NONE',  ( 8.563688286104969904, 10.05214188064253555, 13.07067259299053319 ) ) ;
#1907 = ORIENTED_EDGE ( 'NONE', *, *, #3731, .F. ) ;
#1908 = CARTESIAN_POINT ( 'NONE',  ( -90.99999999999981526, -51.00000000000000000, 46.00000000000072475 ) ) ;
#1909 = CARTESIAN_POINT ( 'NONE',  ( 13.33333333333346715, -46.22876383367171371, 48.00000000000022737 ) ) ;
#1910 = FACE_OUTER_BOUND ( 'NONE', #482, .T. ) ;
#1911 = CARTESIAN_POINT ( 'NONE',  ( 16.00000000022543034, -49.50773030154824283, 18.49226969845173230 ) ) ;
#1912 = ORIENTED_EDGE ( 'NONE', *, *, #1726, .F. ) ;
#1913 = CARTESIAN_POINT ( 'NONE',  ( 13.78545005492879305, -53.68359844847677920, 48.65317075122873547 ) ) ;
#1914 = FACE_OUTER_BOUND ( 'NONE', #318, .T. ) ;
#1915 =( BOUNDED_CURVE ( )  B_SPLINE_CURVE ( 3, ( #4143, #2202, #2855, #3504 ),
 .UNSPECIFIED., .F., .F. ) 
 B_SPLINE_CURVE_WITH_KNOTS ( ( 4, 4 ),
 ( 4.712388980384689674, 5.432730957087707147 ),
 .UNSPECIFIED. ) 
 CURVE ( )  GEOMETRIC_REPRESENTATION_ITEM ( )  RATIONAL_B_SPLINE_CURVE ( ( 1.000000000000000000, 0.9572243834709240895, 0.9572243834709240895, 1.000000000000000000 ) ) 
 REPRESENTATION_ITEM ( '' )  );
#1916 = CARTESIAN_POINT ( 'NONE',  ( 3.000000000000001776, 13.00000000000000178, 0.0000000000000000000 ) ) ;
#1917 = CARTESIAN_POINT ( 'NONE',  ( -90.99999999999971578, -46.00000000000000000, 58.00000000000072475 ) ) ;
#1918 = EDGE_LOOP ( 'NONE', ( #3349, #2043, #1207, #1319 ) ) ;
#1919 = ORIENTED_EDGE ( 'NONE', *, *, #2342, .T. ) ;
#1920 = CARTESIAN_POINT ( 'NONE',  ( 11.10310539349009673, 11.91019240864175721, 13.61529560911081127 ) ) ;
#1921 = VECTOR ( 'NONE', #255, 1000.000000000000000 ) ;
#1922 = CARTESIAN_POINT ( 'NONE',  ( -87.60711124432233987, -53.98583829848075766, 52.34330630689107267 ) ) ;
#1923 = EDGE_CURVE ( 'NONE', #890, #2361, #3072, .T. ) ;
#1924 = CARTESIAN_POINT ( 'NONE',  ( -87.82908716992150744, -53.99999999999783284, 52.41025888277255973 ) ) ;
#1925 = EDGE_LOOP ( 'NONE', ( #2096, #1820 ) ) ;
#1926 = CARTESIAN_POINT ( 'NONE',  ( 9.391745325514877507, 11.24639253539506889, 13.41904558692601412 ) ) ;
#1927 = DIRECTION ( 'NONE',  ( 6.938893903907227589E-15, 0.0000000000000000000, 1.000000000000000000 ) ) ;
#1928 = DIRECTION ( 'NONE',  ( 6.982962677686266711E-15, 0.0000000000000000000, 1.000000000000000000 ) ) ;
#1929 = CARTESIAN_POINT ( 'NONE',  ( 16.00000000000023448, -50.00000000000000000, 51.99999999999997868 ) ) ;
#1930 = ORIENTED_EDGE ( 'NONE', *, *, #3816, .T. ) ;
#1931 = AXIS2_PLACEMENT_3D ( 'NONE', #525, #2138, #1507 ) ;
#1932 = CIRCLE ( 'NONE', #1157, 1.400000000000000133 ) ;
#1933 = CARTESIAN_POINT ( 'NONE',  ( 15.98193966949628830, -48.44276051793691096, 18.44492556629300495 ) ) ;
#1934 = CARTESIAN_POINT ( 'NONE',  ( 12.99498743710661941, 11.99999999999997513, 17.90000000000000924 ) ) ;
#1935 = CARTESIAN_POINT ( 'NONE',  ( 16.00000000000273559, -53.50501885135666669, 50.28668450612611451 ) ) ;
#1936 = LINE ( 'NONE', #2856, #1827 ) ;
#1937 = CARTESIAN_POINT ( 'NONE',  ( 11.99999999999997335, -50.00000000000000000, 14.00000000000000178 ) ) ;
#1938 = AXIS2_PLACEMENT_3D ( 'NONE', #4033, #2453, #2471 ) ;
#1939 = CARTESIAN_POINT ( 'NONE',  ( 14.14634146341462717, 4.195121951219510592, 14.19512195121951770 ) ) ;
#1940 = DIRECTION ( 'NONE',  ( -4.625929269271481378E-15, 0.0000000000000000000, -1.000000000000000000 ) ) ;
#1941 = CARTESIAN_POINT ( 'NONE',  ( -88.00000000000044054, -54.00000000000024158, 53.04780406985378960 ) ) ;
#1942 = CARTESIAN_POINT ( 'NONE',  ( -84.99999999999977263, -50.00000000000000000, 52.00000000000068212 ) ) ;
#1943 = CARTESIAN_POINT ( 'NONE',  ( -87.73205576789527527, -51.34612401110503299, 46.40743001451600946 ) ) ;
#1944 = CARTESIAN_POINT ( 'NONE',  ( 8.800000000000002487, 1.999999999999994893, 15.59999999999999964 ) ) ;
#1945 = CARTESIAN_POINT ( 'NONE',  ( -87.04304272626546890, -49.34578865314774987, 56.75631333818506619 ) ) ;
#1946 = DIRECTION ( 'NONE',  ( 0.0000000000000000000, 0.0000000000000000000, -1.000000000000000000 ) ) ;
#1947 = CARTESIAN_POINT ( 'NONE',  ( -84.99999999999980105, -52.28571428571683555, 48.71739277340929419 ) ) ;
#1948 = CARTESIAN_POINT ( 'NONE',  ( 14.18641221802031893, -53.40970156584931061, 47.13788236244408836 ) ) ;
#1949 = EDGE_CURVE ( 'NONE', #2087, #3323, #91, .T. ) ;
#1950 = CARTESIAN_POINT ( 'NONE',  ( 4.400000000000001243, 2.999999999999999112, -45.00000000000000711 ) ) ;
#1951 = DIRECTION ( 'NONE',  ( 0.0000000000000000000, 0.7071067811865476838, -0.7071067811865474617 ) ) ;
#1952 = ORIENTED_EDGE ( 'NONE', *, *, #3791, .F. ) ;
#1953 = EDGE_CURVE ( 'NONE', #2312, #2299, #1775, .T. ) ;
#1954 = CARTESIAN_POINT ( 'NONE',  ( 15.35398370823987158, 10.18773419118485890, 12.85793079398219518 ) ) ;
#1955 = DIRECTION ( 'NONE',  ( -1.000000000000000000, 0.0000000000000000000, 0.0000000000000000000 ) ) ;
#1956 = DIRECTION ( 'NONE',  ( 1.000000000000000000, 0.0000000000000000000, -6.983996714282626151E-15 ) ) ;
#1957 = VERTEX_POINT ( 'NONE', #113 ) ;
#1958 = CARTESIAN_POINT ( 'NONE',  ( 13.40582193578371673, -46.25517514239264472, 31.10688682674327765 ) ) ;
#1959 = CARTESIAN_POINT ( 'NONE',  ( 9.294548193527520041, -47.05372501245072669, 28.31196243700262016 ) ) ;
#1960 = ORIENTED_EDGE ( 'NONE', *, *, #218, .F. ) ;
#1961 = CARTESIAN_POINT ( 'NONE',  ( -87.71234724366813396, -47.70845619846423347, 55.29711721910162225 ) ) ;
#1962 = ORIENTED_EDGE ( 'NONE', *, *, #34, .T. ) ;
#1963 = CIRCLE ( 'NONE', #2650, 1.000000000000007772 ) ;
#1964 = CARTESIAN_POINT ( 'NONE',  ( 10.15684587466792799, -0.04754352987247172785, 14.44537483966419700 ) ) ;
#1965 = ORIENTED_EDGE ( 'NONE', *, *, #762, .T. ) ;
#1966 = DIRECTION ( 'NONE',  ( -6.938893903907174735E-15, 0.0000000000000000000, -1.000000000000000000 ) ) ;
#1967 = ORIENTED_EDGE ( 'NONE', *, *, #3586, .F. ) ;
#1968 =( BOUNDED_CURVE ( )  B_SPLINE_CURVE ( 3, ( #1886, #2207, #1576, #3847 ),
 .UNSPECIFIED., .F., .T. ) 
 B_SPLINE_CURVE_WITH_KNOTS ( ( 4, 4 ),
 ( 1.570796326794896336, 3.141592653589793116 ),
 .UNSPECIFIED. ) 
 CURVE ( )  GEOMETRIC_REPRESENTATION_ITEM ( )  RATIONAL_B_SPLINE_CURVE ( ( 1.000000000000000000, 0.8047378541243649375, 0.8047378541243649375, 1.000000000000000000 ) ) 
 REPRESENTATION_ITEM ( '' )  );
#1969 = CARTESIAN_POINT ( 'NONE',  ( -85.53174712949834202, -53.26669513373811782, 49.68586829609994737 ) ) ;
#1970 = ORIENTED_EDGE ( 'NONE', *, *, #3603, .F. ) ;
#1971 = CARTESIAN_POINT ( 'NONE',  ( 11.92255942097833099, -46.14446815907170674, 14.00000000000000355 ) ) ;
#1972 = CARTESIAN_POINT ( 'NONE',  ( 11.13107065479698043, -46.09397848692889710, 31.67107908711225406 ) ) ;
#1973 = CIRCLE ( 'NONE', #816, 8.000000000000000000 ) ;
#1974 = EDGE_LOOP ( 'NONE', ( #1871, #3353, #3411, #990 ) ) ;
#1975 = EDGE_CURVE ( 'NONE', #241, #1060, #4151, .T. ) ;
#1976 = LINE ( 'NONE', #2214, #4064 ) ;
#1977 = CARTESIAN_POINT ( 'NONE',  ( -87.98115355805191484, -51.36548939750958453, 45.57936104681741796 ) ) ;
#1978 = VECTOR ( 'NONE', #3395, 1000.000000000000000 ) ;
#1979 = CARTESIAN_POINT ( 'NONE',  ( 10.78686202735237210, -46.18322344201978780, 31.35871794837893134 ) ) ;
#1980 = CARTESIAN_POINT ( 'NONE',  ( 10.30115906035245388, -46.37866405145953763, 30.67485812524227740 ) ) ;
#1981 = CARTESIAN_POINT ( 'NONE',  ( 14.51752154303786924, -53.11565102184952281, 45.83724083438233521 ) ) ;
#1982 = CARTESIAN_POINT ( 'NONE',  ( -87.17958942557469015, -46.89320387949406665, 54.60959913976514457 ) ) ;
#1983 = ADVANCED_FACE ( 'NONE', ( #2662 ), #29, .F. ) ;
#1984 = CARTESIAN_POINT ( 'NONE',  ( 9.039219226047782385, 1.303106737931011727, 15.29976170140762903 ) ) ;
#1985 = CARTESIAN_POINT ( 'NONE',  ( 12.65653822693149877, 11.99999999999997513, 14.05424816333089488 ) ) ;
#1986 = CARTESIAN_POINT ( 'NONE',  ( 11.64643791173290310, -45.06728791503741860, 22.93271208496260272 ) ) ;
#1987 = DIRECTION ( 'NONE',  ( 0.0000000000000000000, 0.0000000000000000000, 1.000000000000000000 ) ) ;
#1988 = CARTESIAN_POINT ( 'NONE',  ( 12.00000000000023270, -54.00000000000000711, 52.00000000000000711 ) ) ;
#1989 = EDGE_LOOP ( 'NONE', ( #2572, #809, #3420 ) ) ;
#1990 = CARTESIAN_POINT ( 'NONE',  ( 8.472065759782868355, 9.893718287953049639, 13.34351603631813710 ) ) ;
#1991 = DIRECTION ( 'NONE',  ( -1.000000000000000000, 0.0000000000000000000, 0.0000000000000000000 ) ) ;
#1992 = EDGE_CURVE ( 'NONE', #743, #208, #3707, .T. ) ;
#1993 = ORIENTED_EDGE ( 'NONE', *, *, #1975, .F. ) ;
#1994 = CARTESIAN_POINT ( 'NONE',  ( 8.006430679660075711, -50.26179918537326330, 40.01929203897998377 ) ) ;
#1995 = DIRECTION ( 'NONE',  ( 1.000000000000000000, 0.0000000000000000000, 0.0000000000000000000 ) ) ;
#1996 = ORIENTED_EDGE ( 'NONE', *, *, #4105, .T. ) ;
#1997 = VECTOR ( 'NONE', #4004, 1000.000000000000000 ) ;
#1998 = AXIS2_PLACEMENT_3D ( 'NONE', #3172, #2230, #932 ) ;
#1999 = CARTESIAN_POINT ( 'NONE',  ( 9.770075547680317385, -46.67924081610358655, 29.62265726175230185 ) ) ;
#2000 = CARTESIAN_POINT ( 'NONE',  ( 15.38943109866793435, -52.13548524694849107, 45.49298125659655057 ) ) ;
#2001 = ORIENTED_EDGE ( 'NONE', *, *, #332, .T. ) ;
#2002 = LINE ( 'NONE', #3773, #1308 ) ;
#2003 = CARTESIAN_POINT ( 'NONE',  ( -87.65810951846890475, -46.00000000000000000, 52.29842667727878336 ) ) ;
#2004 = CARTESIAN_POINT ( 'NONE',  ( 10.06090631414021708, 11.50575441687637657, 13.52939054955453280 ) ) ;
#2005 = ORIENTED_EDGE ( 'NONE', *, *, #337, .T. ) ;
#2006 = ORIENTED_EDGE ( 'NONE', *, *, #3002, .T. ) ;
#2007 = CARTESIAN_POINT ( 'NONE',  ( -87.37971112970690513, -52.52837073567962989, 55.16388104606588882 ) ) ;
#2008 = CARTESIAN_POINT ( 'NONE',  ( 15.96196050920415033, -49.37305972114871366, 47.66550774622540843 ) ) ;
#2009 = VECTOR ( 'NONE', #546, 1000.000000000000000 ) ;
#2010 = CARTESIAN_POINT ( 'NONE',  ( 8.000000000000145661, -50.13089969374740917, 40.00000000000002842 ) ) ;
#2011 = CARTESIAN_POINT ( 'NONE',  ( 15.97994974842647764, 8.999999999999980460, 17.60000000000001208 ) ) ;
#2012 = VERTEX_POINT ( 'NONE', #3973 ) ;
#2013 = ADVANCED_FACE ( 'NONE', ( #3947 ), #747, .T. ) ;
#2014 = CARTESIAN_POINT ( 'NONE',  ( -87.82908716992143638, -53.99999999999783995, 51.58974111722872635 ) ) ;
#2015 = ORIENTED_EDGE ( 'NONE', *, *, #3246, .F. ) ;
#2016 = CARTESIAN_POINT ( 'NONE',  ( 16.00000000004244072, -53.65906749503060524, 50.37831430764601492 ) ) ;
#2017 = CARTESIAN_POINT ( 'NONE',  ( 7.999999999999998224, -50.00000000000000000, 18.00000000000002842 ) ) ;
#2018 = EDGE_CURVE ( 'NONE', #2779, #3280, #612, .T. ) ;
#2019 = VECTOR ( 'NONE', #590, 1000.000000000000000 ) ;
#2020 = CARTESIAN_POINT ( 'NONE',  ( 9.218263790303467431, 10.94354638343227037, 14.28869355046042777 ) ) ;
#2021 = CARTESIAN_POINT ( 'NONE',  ( 8.812121255682912491, 10.69565217391306788, 15.30434782608693922 ) ) ;
#2022 = CARTESIAN_POINT ( 'NONE',  ( 8.032091506962641958, -50.52233793726323086, 40.09627452088734856 ) ) ;
#2023 = CARTESIAN_POINT ( 'NONE',  ( 11.95912423357573928, -46.07124844057157986, 14.00000000000000178 ) ) ;
#2024 = AXIS2_PLACEMENT_3D ( 'NONE', #2204, #1894, #3506 ) ;
#2025 = CARTESIAN_POINT ( 'NONE',  ( 9.353304127710771354, -46.99970655707691947, 28.50102704979404677 ) ) ;
#2026 = DIRECTION ( 'NONE',  ( -0.0000000000000000000, -0.0000000000000000000, 1.000000000000000000 ) ) ;
#2027 = DIRECTION ( 'NONE',  ( 0.0000000000000000000, 0.0000000000000000000, -1.000000000000000000 ) ) ;
#2028 = CARTESIAN_POINT ( 'NONE',  ( 15.51319276567915395, -51.93999413800886344, 47.35696536776103471 ) ) ;
#2029 = ADVANCED_FACE ( 'NONE', ( #2049 ), #2313, .T. ) ;
#2030 =( BOUNDED_CURVE ( )  B_SPLINE_CURVE ( 3, ( #1730, #134, #2411, #153 ),
 .UNSPECIFIED., .F., .T. ) 
 B_SPLINE_CURVE_WITH_KNOTS ( ( 4, 4 ),
 ( 0.9272952180016115209, 1.570796326794897002 ),
 .UNSPECIFIED. ) 
 CURVE ( )  GEOMETRIC_REPRESENTATION_ITEM ( )  RATIONAL_B_SPLINE_CURVE ( ( 1.000000000000000000, 0.9657888653670090306, 0.9657888653670090306, 1.000000000000000000 ) ) 
 REPRESENTATION_ITEM ( '' )  );
#2031 = B_SPLINE_CURVE_WITH_KNOTS ( 'NONE', 3,
 ( #1340, #3622, #430, #1365, #1415, #757, #123, #2332, #3602, #1400, #2385, #1685, #740, #1732, #3916, #1088 ),
 .UNSPECIFIED., .F., .F.,
 ( 4, 2, 2, 2, 2, 2, 2, 4 ),
 ( 0.004757694353392558084, 0.005351770257381052720, 0.005945846161369547356, 0.006539922065358041992, 0.007133997969346536627, 0.008322149777323525899, 0.008916225681312022269, 0.009510301585300518640 ),
 .UNSPECIFIED. ) ;
#2032 = CARTESIAN_POINT ( 'NONE',  ( -87.37236111805712824, -46.03549304302116241, 51.45068293671864268 ) ) ;
#2033 = CARTESIAN_POINT ( 'NONE',  ( 2.458708492635583998, -52.43995916736097485, 48.81956949754566466 ) ) ;
#2034 = CARTESIAN_POINT ( 'NONE',  ( 13.89570220750494300, 11.72096672406039453, 13.55540011500560560 ) ) ;
#2035 = EDGE_LOOP ( 'NONE', ( #3663, #2215, #449, #2161 ) ) ;
#2036 = CARTESIAN_POINT ( 'NONE',  ( 8.069604862541837065, 5.855186929253740402, 17.14207477170098670 ) ) ;
#2037 = CARTESIAN_POINT ( 'NONE',  ( -87.99999999999981526, -48.94472752333813048, 45.08000000000070173 ) ) ;
#2038 = ORIENTED_EDGE ( 'NONE', *, *, #2018, .F. ) ;
#2039 = EDGE_CURVE ( 'NONE', #743, #2811, #3674, .T. ) ;
#2040 = CARTESIAN_POINT ( 'NONE',  ( 8.000000000000003553, 5.817136661667983155, 17.12685466466718864 ) ) ;
#2041 = CARTESIAN_POINT ( 'NONE',  ( -87.37130833746689973, -46.28999943445646181, 53.60681471210405391 ) ) ;
#2042 = CARTESIAN_POINT ( 'NONE',  ( 8.668055950899551831, 11.99999999999986144, 15.78581720842562142 ) ) ;
#2043 = ORIENTED_EDGE ( 'NONE', *, *, #167, .F. ) ;
#2044 = CARTESIAN_POINT ( 'NONE',  ( 12.99498743710661586, 8.999999999999978684, 17.90000000000000213 ) ) ;
#2045 = CARTESIAN_POINT ( 'NONE',  ( 13.65684254609962878, -46.35419556042242561, 47.14896136331618237 ) ) ;
#2046 = EDGE_CURVE ( 'NONE', #3597, #1161, #2002, .T. ) ;
#2047 = CARTESIAN_POINT ( 'NONE',  ( 8.210236832427206366, -51.28640190591200110, 40.63071049727962247 ) ) ;
#2048 = VERTEX_POINT ( 'NONE', #520 ) ;
#2049 = FACE_OUTER_BOUND ( 'NONE', #3904, .T. ) ;
#2050 = ADVANCED_FACE ( 'NONE', ( #2216 ), #3226, .F. ) ;
#2051 = CARTESIAN_POINT ( 'NONE',  ( 9.864469028395875583, -38.15442247320294911, 21.38445072237563949 ) ) ;
#2052 = ORIENTED_EDGE ( 'NONE', *, *, #1181, .T. ) ;
#2053 = DIRECTION ( 'NONE',  ( 1.000000000000000000, 0.0000000000000000000, -6.982962677686266711E-15 ) ) ;
#2054 = EDGE_LOOP ( 'NONE', ( #3891, #391 ) ) ;
#2055 = CARTESIAN_POINT ( 'NONE',  ( 12.41575899921853576, 11.99999999999998757, 14.00000002512823905 ) ) ;
#2056 = FACE_OUTER_BOUND ( 'NONE', #2396, .T. ) ;
#2057 = CARTESIAN_POINT ( 'NONE',  ( -87.28656767970520036, -50.94927274824227936, 56.96399142373286395 ) ) ;
#2058 = ORIENTED_EDGE ( 'NONE', *, *, #3974, .T. ) ;
#2059 = DIRECTION ( 'NONE',  ( 1.000000000000000000, 1.387778780781437314E-14, -6.938893903907186568E-15 ) ) ;
#2060 = LINE ( 'NONE', #3472, #665 ) ;
#2061 = CARTESIAN_POINT ( 'NONE',  ( 16.00000000000023448, -50.00000000000000000, 51.99999999999997868 ) ) ;
#2062 = B_SPLINE_CURVE_WITH_KNOTS ( 'NONE', 3,
 ( #868, #219, #3762, #3103, #2423, #2152, #883, #2466, #1180, #3418, #3077, #3134, #496, #4016, #3090, #2109, #1135, #3391, #3703, #188, #2435, #1585, #1865, #2498 ),
 .UNSPECIFIED., .F., .F.,
 ( 4, 2, 2, 2, 2, 2, 2, 2, 2, 2, 2, 4 ),
 ( -1.835855149074841277E-05, 0.0009186650324147722967, 0.001855688616320292847, 0.002324200408273051008, 0.002792712200225809602, 0.003261223992178567330, 0.003729735784131325924, 0.004198247576084083652, 0.004666759368036840945, 0.005603782951942361604, 0.006540806535847880528, 0.007477830119753400319 ),
 .UNSPECIFIED. ) ;
#2063 = CARTESIAN_POINT ( 'NONE',  ( 15.38943109866753112, -47.86451475305093339, 45.49298125659196756 ) ) ;
#2064 = ORIENTED_EDGE ( 'NONE', *, *, #82, .F. ) ;
#2065 = PERSON_AND_ORGANIZATION ( #1117, #3717 ) ;
#2066 = CARTESIAN_POINT ( 'NONE',  ( 4.680122497788713254, -46.81956949757567799, 49.56004083259404780 ) ) ;
#2067 = CARTESIAN_POINT ( 'NONE',  ( 11.99999999999997335, -46.00000000000000000, 14.00000000000000178 ) ) ;
#2068 = CARTESIAN_POINT ( 'NONE',  ( 9.853658536585378158, 4.195121951219508816, 14.19512195121951059 ) ) ;
#2069 = CARTESIAN_POINT ( 'NONE',  ( 22.39999999999999503, 13.00000000000000355, -45.00000000000000711 ) ) ;
#2070 = ADVANCED_FACE ( 'NONE', ( #2924 ), #3649, .F. ) ;
#2071 = PRODUCT_RELATED_PRODUCT_CATEGORY ( 'detail', '', ( #795 ) ) ;
#2072 = CARTESIAN_POINT ( 'NONE',  ( 15.66606055596467684, 9.599999999999988987, 14.00000000000002665 ) ) ;
#2073 = EDGE_CURVE ( 'NONE', #1131, #2937, #2877, .T. ) ;
#2074 = CARTESIAN_POINT ( 'NONE',  ( 8.028323508196804070, 8.548680949323662404, 16.62829762669058908 ) ) ;
#2075 = CARTESIAN_POINT ( 'NONE',  ( 15.99999999997086775, -46.65743175082756267, 49.79907454967347036 ) ) ;
#2076 = CARTESIAN_POINT ( 'NONE',  ( 12.00000000000000000, -50.00000000000000000, 22.00000000000000355 ) ) ;
#2077 = CARTESIAN_POINT ( 'NONE',  ( 9.592975550441323662, -47.80732211312344759, 14.00000000000001776 ) ) ;
#2078 = AXIS2_PLACEMENT_3D ( 'NONE', #2848, #3140, #286 ) ;
#2079 = DIRECTION ( 'NONE',  ( 1.000000000000000000, 0.0000000000000000000, 0.0000000000000000000 ) ) ;
#2080 = CARTESIAN_POINT ( 'NONE',  ( 14.32580625527299745, 11.25491232952952281, 13.71046156904907143 ) ) ;
#2081 =( BOUNDED_CURVE ( )  B_SPLINE_CURVE ( 2, ( #1866, #951, #3829 ),
 .UNSPECIFIED., .F., .T. ) 
 B_SPLINE_CURVE_WITH_KNOTS ( ( 3, 3 ),
 ( 0.0000000000000000000, 1.000000000000000000 ),
 .UNSPECIFIED. ) 
 CURVE ( )  GEOMETRIC_REPRESENTATION_ITEM ( )  RATIONAL_B_SPLINE_CURVE ( ( 1.000000000000000000, 0.8845543464043391646, 1.000000000000000000 ) ) 
 REPRESENTATION_ITEM ( '' )  );
#2082 = CARTESIAN_POINT ( 'NONE',  ( 11.99999999999997335, -46.00000000000000000, 14.00000000000000178 ) ) ;
#2083 = CARTESIAN_POINT ( 'NONE',  ( 9.095059154033602766, -46.57855704914596373, 21.42144295085608974 ) ) ;
#2084 = CARTESIAN_POINT ( 'NONE',  ( 12.16135868073547677, -36.00842824521432561, 21.99767348189581995 ) ) ;
#2085 = CARTESIAN_POINT ( 'NONE',  ( 9.562455471293626275, -38.89842179396259780, 21.17188806078621610 ) ) ;
#2086 = CARTESIAN_POINT ( 'NONE',  ( 15.76663950465264463, -48.64947312375462474, 45.94412363336437011 ) ) ;
#2087 = VERTEX_POINT ( 'NONE', #1166 ) ;
#2088 = CARTESIAN_POINT ( 'NONE',  ( 0.3071884253802847908, -49.09125421909364206, 48.10239614179317158 ) ) ;
#2089 = ADVANCED_FACE ( 'NONE', ( #2765 ), #1047, .F. ) ;
#2090 = CARTESIAN_POINT ( 'NONE',  ( 9.587732068464136503, 4.395147906961462070, 14.39514790696175517 ) ) ;
#2091 = EDGE_LOOP ( 'NONE', ( #2720, #1608 ) ) ;
#2092 = CARTESIAN_POINT ( 'NONE',  ( 0.0000000000000000000, 0.0000000000000000000, 8.000000000000000000 ) ) ;
#2093 = CARTESIAN_POINT ( 'NONE',  ( 15.22950229023387614, 10.36210675559947880, 12.63355897908783732 ) ) ;
#2094 = EDGE_CURVE ( 'NONE', #2174, #312, #3606, .T. ) ;
#2095 = CARTESIAN_POINT ( 'NONE',  ( 12.24775175345368083, -46.59779607856406614, 14.00000000000000178 ) ) ;
#2096 = ORIENTED_EDGE ( 'NONE', *, *, #1949, .F. ) ;
#2097 = CYLINDRICAL_SURFACE ( 'NONE', #3406, 3.000000000000002665 ) ;
#2098 = CARTESIAN_POINT ( 'NONE',  ( 13.94785051005192855, -37.77199620359939303, 21.49370128043831230 ) ) ;
#2099 = DIRECTION ( 'NONE',  ( 0.0000000000000000000, -0.0000000000000000000, 1.000000000000000000 ) ) ;
#2100 = ORIENTED_EDGE ( 'NONE', *, *, #2271, .F. ) ;
#2101 = CARTESIAN_POINT ( 'NONE',  ( 9.195461628039497626, -40.01584235871750650, 20.85256149619727140 ) ) ;
#2102 = CARTESIAN_POINT ( 'NONE',  ( 13.99910811848650738, -46.53004553851049963, 46.50487941842467876 ) ) ;
#2103 = CIRCLE ( 'NONE', #1359, 1.400000000000005462 ) ;
#2104 = AXIS2_PLACEMENT_3D ( 'NONE', #2490, #1577, #1229 ) ;
#2105 = CARTESIAN_POINT ( 'NONE',  ( 9.995397303248140020, -46.52867360400477281, 45.98619190974369531 ) ) ;
#2106 = CARTESIAN_POINT ( 'NONE',  ( 11.99999999999997335, -50.00000000000000000, 14.00000000000000178 ) ) ;
#2107 = EDGE_LOOP ( 'NONE', ( #2768, #3759, #2834, #2581 ) ) ;
#2108 = CIRCLE ( 'NONE', #2348, 1.400000000000033218 ) ;
#2109 = CARTESIAN_POINT ( 'NONE',  ( 14.84751833066320792, -52.81313437738804595, 45.58819443819354689 ) ) ;
#2110 = CARTESIAN_POINT ( 'NONE',  ( 12.77151566311846764, -44.96738661196005182, 23.03261338803627112 ) ) ;
#2111 = AXIS2_PLACEMENT_3D ( 'NONE', #2740, #1104, #2769 ) ;
#2112 = CARTESIAN_POINT ( 'NONE',  ( 15.29478574383644407, 12.00000000000756728, 15.73092746007710652 ) ) ;
#2113 = ORIENTED_EDGE ( 'NONE', *, *, #3108, .F. ) ;
#2114 = LOCAL_TIME ( 16, 56, 11.00000000000000000, #2626 ) ;
#2115 = CARTESIAN_POINT ( 'NONE',  ( 16.00000000000000000, 6.927410756665900671, 17.57096430266425457 ) ) ;
#2116 = ORIENTED_EDGE ( 'NONE', *, *, #1123, .T. ) ;
#2117 = DIRECTION ( 'NONE',  ( 6.938893903907227589E-15, 0.0000000000000000000, 1.000000000000000000 ) ) ;
#2118 = LINE ( 'NONE', #3971, #4061 ) ;
#2119 = B_SPLINE_CURVE_WITH_KNOTS ( 'NONE', 3,
 ( #1205, #4080, #4091, #2518, #900, #1238, #4123, #1529, #256, #3490, #2535, #1897, #1555, #3793, #1227, #2193, #1885, #3769, #3805, #3123, #1186, #2502, #4066, #3468, #609, #299, #2858, #929, #1540, #3183, #3436, #2223, #1513, #1575, #273, #3747, #580, #2159, #237, #2812, #2833, #3782, #2292, #328, #2577, #1305, #2562, #1958, #1289, #3528, #339, #1266, #1322, #662, #25, #2240, #2873, #3550, #364, #1588, #645, #2916, #3832, #3249 ),
 .UNSPECIFIED., .F., .F.,
 ( 4, 1, 1, 1, 2, 2, 1, 1, 1, 1, 2, 2, 2, 1, 1, 1, 1, 1, 2, 2, 2, 2, 2, 1, 1, 2, 2, 1, 1, 1, 1, 1, 2, 2, 2, 1, 1, 2, 2, 1, 2, 2, 4 ),
 ( 0.0000000000000000000, 0.06249999999997739308, 0.09374999999996561084, 0.1093749999999580891, 0.1171874999999544947, 0.1249999999999508865, 0.1874999999999141798, 0.2187499999998949451, 0.2343749999998859246, 0.2421874999998819833, 0.2460937499998794298, 0.2499999999998768763, 0.3749999999998330780, 0.4374999999998106515, 0.4687499999998000488, 0.4843749999997933320, 0.4921874999997901678, 0.4960937499997894462, 0.4980468749997898348, 0.4999999999997901678, 0.5624999999997984945, 0.5703124999998006039, 0.5781249999998026023, 0.5937499999998071543, 0.6249999999998169242, 0.6406249999998221423, 0.6484374999998251399, 0.6562499999998282485, 0.6874999999998412381, 0.7187499999998542277, 0.7343749999998611111, 0.7421874999998644418, 0.7460937499998666622, 0.7499999999998688827, 0.8124999999999009681, 0.8437499999999181766, 0.8593749999999258371, 0.8671874999999312772, 0.8749999999999366063, 0.9062499999999539257, 0.9218749999999620304, 0.9374999999999700240, 1.000000000000000000 ),
 .UNSPECIFIED. ) ;
#2120 = CARTESIAN_POINT ( 'NONE',  ( 9.873498511712980985, -38.13998549025063767, 21.38853703126534000 ) ) ;
#2121 = CARTESIAN_POINT ( 'NONE',  ( -87.99999999999981526, -46.00000000000000000, 47.04311615778023992 ) ) ;
#2122 = CARTESIAN_POINT ( 'NONE',  ( 11.73819764251605058, -45.99999999999999289, 51.21459292754744297 ) ) ;
#2123 = CYLINDRICAL_SURFACE ( 'NONE', #3836, 3.000000000000002665 ) ;
#2124 = CARTESIAN_POINT ( 'NONE',  ( 16.00000000000020961, -50.71021570641467235, 48.06355570973471458 ) ) ;
#2125 = CARTESIAN_POINT ( 'NONE',  ( 14.68579278614446082, -41.41153652058508783, 21.00376893144689916 ) ) ;
#2126 = EDGE_CURVE ( 'NONE', #2811, #3070, #1554, .T. ) ;
#2127 = CARTESIAN_POINT ( 'NONE',  ( 13.21313797211091412, -36.64128205100917768, 21.81677655815604666 ) ) ;
#2128 = CARTESIAN_POINT ( 'NONE',  ( 14.53462283544957323, 11.09620530556764706, 12.04244895484992028 ) ) ;
#2129 = CARTESIAN_POINT ( 'NONE',  ( 16.00000000000020961, -50.80626063571303774, 48.08088419510976053 ) ) ;
#2130 = CARTESIAN_POINT ( 'NONE',  ( 8.334828907799582964, -47.99212854791323934, 20.00787145209073259 ) ) ;
#2131 = AXIS2_PLACEMENT_3D ( 'NONE', #1042, #2026, #3295 ) ;
#2132 = DATE_TIME_ROLE ( 'classification_date' ) ;
#2133 = CARTESIAN_POINT ( 'NONE',  ( -87.31399370334388266, -46.03362706146906902, 51.40125481725918632 ) ) ;
#2134 = DIRECTION ( 'NONE',  ( 0.0000000000000000000, 0.0000000000000000000, 1.000000000000000000 ) ) ;
#2135 = CARTESIAN_POINT ( 'NONE',  ( 15.18787874431711238, 10.69565217391303058, 15.30434782608697297 ) ) ;
#2136 = CARTESIAN_POINT ( 'NONE',  ( 15.56264634744621134, -48.81022155080849245, 13.99999999999970512 ) ) ;
#2137 = AXIS2_PLACEMENT_3D ( 'NONE', #1896, #1884, #1956 ) ;
#2138 = DIRECTION ( 'NONE',  ( 1.000000000000000000, 0.0000000000000000000, -6.938893903907227589E-15 ) ) ;
#2139 = CARTESIAN_POINT ( 'NONE',  ( -90.99999999999970157, -51.00000000000000000, 61.00000000000072475 ) ) ;
#2140 = ORIENTED_EDGE ( 'NONE', *, *, #3711, .F. ) ;
#2141 = CARTESIAN_POINT ( 'NONE',  ( 16.00000000000000000, 8.000000000000001776, 18.00000000000000355 ) ) ;
#2142 = CARTESIAN_POINT ( 'NONE',  ( 12.22655938172397327, -45.99999999999999289, 51.32032185482130160 ) ) ;
#2143 = APPLICATION_CONTEXT ( 'configuration controlled 3d designs of mechanical parts and assemblies' ) ;
#2144 = VERTEX_POINT ( 'NONE', #2524 ) ;
#2145 = CARTESIAN_POINT ( 'NONE',  ( 15.99999999999997868, -50.00000000000000000, 13.99999999999997513 ) ) ;
#2146 = CARTESIAN_POINT ( 'NONE',  ( 10.33024715515698233, 3.276231456252741481, 14.20546753378273763 ) ) ;
#2147 = CARTESIAN_POINT ( 'NONE',  ( 15.85957401164236558, 9.085796200190385363, 15.28550949952504467 ) ) ;
#2148 = ORIENTED_EDGE ( 'NONE', *, *, #1274, .T. ) ;
#2149 = CARTESIAN_POINT ( 'NONE',  ( 14.18058251733877562, -46.63558334166917518, 14.63558336478490496 ) ) ;
#2150 = EDGE_CURVE ( 'NONE', #399, #61, #44, .T. ) ;
#2151 = CARTESIAN_POINT ( 'NONE',  ( 16.00000000000023448, -50.00000000000000000, 51.99999999999997868 ) ) ;
#2152 = CARTESIAN_POINT ( 'NONE',  ( 15.86757615472786398, -51.02564381966440976, 46.26840813767683613 ) ) ;
#2153 = ORIENTED_EDGE ( 'NONE', *, *, #1953, .T. ) ;
#2154 = CARTESIAN_POINT ( 'NONE',  ( 12.42155906467116466, -45.03871371362169640, 22.96128628638105695 ) ) ;
#2155 = CARTESIAN_POINT ( 'NONE',  ( 13.35933820815196782, -53.98070563447992498, 51.54688726394898879 ) ) ;
#2156 = PRODUCT_DEFINITION_FORMATION_WITH_SPECIFIED_SOURCE ( 'ANY', '', #795, .NOT_KNOWN. ) ;
#2157 = EDGE_CURVE ( 'NONE', #2401, #3569, #1656, .T. ) ;
#2158 = CARTESIAN_POINT ( 'NONE',  ( 15.87701591583766003, -51.55293316976342766, 47.67551900921687746 ) ) ;
#2159 = CARTESIAN_POINT ( 'NONE',  ( 13.82043661155512915, -46.43824490406226602, 30.46618720201878361 ) ) ;
#2160 = ORIENTED_EDGE ( 'NONE', *, *, #1893, .T. ) ;
#2161 = ORIENTED_EDGE ( 'NONE', *, *, #635, .T. ) ;
#2162 = CARTESIAN_POINT ( 'NONE',  ( 16.00000000000000000, 8.000000000000000000, 18.00000000000000355 ) ) ;
#2163 = CARTESIAN_POINT ( 'NONE',  ( 8.020050251573506372, 11.99999999999997691, 17.60000000000002984 ) ) ;
#2164 = CIRCLE ( 'NONE', #2552, 2.999999999999999112 ) ;
#2165 = CARTESIAN_POINT ( 'NONE',  ( 11.00501256289338059, 8.999999999999980460, 17.90000000000000568 ) ) ;
#2166 = DIRECTION ( 'NONE',  ( 0.2948839123097924952, -0.6756639246921763986, 0.6756639246921769537 ) ) ;
#2167 = VERTEX_POINT ( 'NONE', #597 ) ;
#2168 = CARTESIAN_POINT ( 'NONE',  ( 9.738778679143543116, 4.697524600698210762, 11.99999999991355537 ) ) ;
#2169 = CARTESIAN_POINT ( 'NONE',  ( 15.97167649180325810, 8.548680949323371081, 16.62829762669057132 ) ) ;
#2170 =( BOUNDED_CURVE ( )  B_SPLINE_CURVE ( 3, ( #3596, #437, #3294, #2011 ),
 .UNSPECIFIED., .F., .T. ) 
 B_SPLINE_CURVE_WITH_KNOTS ( ( 4, 4 ),
 ( 4.712388980384689674, 4.812556401546247642 ),
 .UNSPECIFIED. ) 
 CURVE ( )  GEOMETRIC_REPRESENTATION_ITEM ( )  RATIONAL_B_SPLINE_CURVE ( ( 1.000000000000000000, 0.9991640487402216886, 0.9991640487402216886, 1.000000000000000000 ) ) 
 REPRESENTATION_ITEM ( '' )  );
#2171 = TOROIDAL_SURFACE ( 'NONE', #1572, 1.000000000000005995, 3.000000000000000000 ) ;
#2172 = CARTESIAN_POINT ( 'NONE',  ( 13.38100877536693645, -46.82759746173319115, 13.99999999999985256 ) ) ;
#2173 = CARTESIAN_POINT ( 'NONE',  ( 13.93920866872814379, -46.49634872132438090, 46.60955547151361600 ) ) ;
#2174 = VERTEX_POINT ( 'NONE', #943 ) ;
#2175 = CARTESIAN_POINT ( 'NONE',  ( 14.43938416969330873, -42.05802007150069244, 21.43398626241310367 ) ) ;
#2176 = DIRECTION ( 'NONE',  ( 6.722011494750304492E-15, -0.08333333333333331483, 0.9965217285917833401 ) ) ;
#2177 = CARTESIAN_POINT ( 'NONE',  ( 12.67967814518174841, -54.00000000000001421, 51.77344061828228661 ) ) ;
#2178 = VECTOR ( 'NONE', #3813, 1000.000000000000000 ) ;
#2179 = CARTESIAN_POINT ( 'NONE',  ( 15.81757005392088722, 6.487645358497215575, 16.48764535849216628 ) ) ;
#2180 = CARTESIAN_POINT ( 'NONE',  ( 3.000000000000001776, 2.999999999999999112, 0.0000000000000000000 ) ) ;
#2181 = CARTESIAN_POINT ( 'NONE',  ( 16.00000000000022737, -49.13148909680079868, 50.38587982961462330 ) ) ;
#2182 = CARTESIAN_POINT ( 'NONE',  ( 3.000000000000001776, 2.999999999999999112, 8.000000000000000000 ) ) ;
#2183 = TOROIDAL_SURFACE ( 'NONE', #1327, 1.000000000000006883, 3.000000000000000000 ) ;
#2184 = CARTESIAN_POINT ( 'NONE',  ( -87.99999999999981526, -48.84830617561481603, 45.19059868958230908 ) ) ;
#2185 = CARTESIAN_POINT ( 'NONE',  ( -87.21006455810974956, -47.12887880622566428, 49.12731158748125893 ) ) ;
#2186 = CARTESIAN_POINT ( 'NONE',  ( 9.217999760010657795, 5.122958549514006421, 12.00000000005394618 ) ) ;
#2187 = DIRECTION ( 'NONE',  ( -1.000000000000000000, -0.0000000000000000000, 6.942363350859181992E-15 ) ) ;
#2188 = CARTESIAN_POINT ( 'NONE',  ( 12.45531002336267434, -54.00000000000000711, 50.63406992991265554 ) ) ;
#2189 = CARTESIAN_POINT ( 'NONE',  ( 10.69195079045981522, 11.92977177822683998, 13.85276426892848001 ) ) ;
#2190 = EDGE_CURVE ( 'NONE', #2144, #4050, #2613, .T. ) ;
#2191 = CARTESIAN_POINT ( 'NONE',  ( -90.99999999999972999, -51.00000000000000000, 58.00000000000072475 ) ) ;
#2192 = CARTESIAN_POINT ( 'NONE',  ( 15.50222971363605140, -47.67471704887795880, 47.26373576384620634 ) ) ;
#2193 = CARTESIAN_POINT ( 'NONE',  ( 14.70956605362992420, -47.05750752871148279, 28.29872362470061375 ) ) ;
#2194 = CARTESIAN_POINT ( 'NONE',  ( 14.22992445224777569, -38.37734273807836161, 21.32075918394475522 ) ) ;
#2195 = AXIS2_PLACEMENT_3D ( 'NONE', #501, #1436, #790 ) ;
#2196 = APPROVAL_ROLE ( '' ) ;
#2197 = CARTESIAN_POINT ( 'NONE',  ( 10.57979406416006007, -36.91213029548492841, 21.73939116797519944 ) ) ;
#2198 = CARTESIAN_POINT ( 'NONE',  ( -84.99999999999977263, -50.00000000000000000, 52.00000000000068212 ) ) ;
#2199 = CARTESIAN_POINT ( 'NONE',  ( 10.42985215314972791, 11.99999999968006215, 14.31869032493108662 ) ) ;
#2200 = CARTESIAN_POINT ( 'NONE',  ( -87.91995471261216721, -54.00000000000000711, 52.06986930694054649 ) ) ;
#2201 = CARTESIAN_POINT ( 'NONE',  ( 24.00000000000000000, 0.0000000000000000000, 8.000000000000000000 ) ) ;
#2202 = CARTESIAN_POINT ( 'NONE',  ( 8.000000000000007105, -46.56362035672071187, 18.98182275522268725 ) ) ;
#2203 = ORIENTED_EDGE ( 'NONE', *, *, #3871, .T. ) ;
#2204 = CARTESIAN_POINT ( 'NONE',  ( 12.00000000000000000, 8.000000000000000000, 12.00000000000000000 ) ) ;
#2205 = CARTESIAN_POINT ( 'NONE',  ( 12.00000000000023803, -54.00000000000001421, 52.00000000000000711 ) ) ;
#2206 = VERTEX_POINT ( 'NONE', #4127 ) ;
#2207 = CARTESIAN_POINT ( 'NONE',  ( 4.970562748477358461, -46.00000000000000000, 49.65685424949243298 ) ) ;
#2208 = CARTESIAN_POINT ( 'NONE',  ( 14.51601210164290379, -39.11498430734910414, 21.11001291057959506 ) ) ;
#2209 = ORIENTED_EDGE ( 'NONE', *, *, #1734, .F. ) ;
#2210 = CARTESIAN_POINT ( 'NONE',  ( -87.44687756071461138, -48.88810283736015094, 46.85913748630280651 ) ) ;
#2211 = DIRECTION ( 'NONE',  ( -7.930164461608253340E-15, 0.0000000000000000000, -1.000000000000000000 ) ) ;
#2212 = FACE_OUTER_BOUND ( 'NONE', #3505, .T. ) ;
#2213 = CARTESIAN_POINT ( 'NONE',  ( 12.00000000000000000, 11.99999999999998757, 14.00000000000000355 ) ) ;
#2214 = CARTESIAN_POINT ( 'NONE',  ( 0.0000000000000000000, 0.0000000000000000000, 0.0000000000000000000 ) ) ;
#2215 = ORIENTED_EDGE ( 'NONE', *, *, #2190, .T. ) ;
#2216 = FACE_OUTER_BOUND ( 'NONE', #2758, .T. ) ;
#2217 = CARTESIAN_POINT ( 'NONE',  ( 8.768572830922090944, 10.52962285322719360, 13.82968870908893244 ) ) ;
#2218 = DIRECTION ( 'NONE',  ( 1.000000000000000000, 0.0000000000000000000, 0.0000000000000000000 ) ) ;
#2219 = ORIENTED_EDGE ( 'NONE', *, *, #3939, .F. ) ;
#2220 = LINE ( 'NONE', #3749, #1510 ) ;
#2221 = EDGE_CURVE ( 'NONE', #2408, #2312, #2309, .T. ) ;
#2222 = CARTESIAN_POINT ( 'NONE',  ( 14.01411486388194660, -46.44249056305019963, 48.21209932589860614 ) ) ;
#2223 = CARTESIAN_POINT ( 'NONE',  ( 14.04341554458282282, -46.56132031947943517, 30.03552921028300915 ) ) ;
#2224 = VERTEX_POINT ( 'NONE', #915 ) ;
#2225 = DIRECTION ( 'NONE',  ( -1.000000000000000000, -0.0000000000000000000, 6.938893903907227589E-15 ) ) ;
#2226 = CARTESIAN_POINT ( 'NONE',  ( 14.57429360989063305, -39.28208893714511873, 21.06226652390026999 ) ) ;
#2227 = PERSON_AND_ORGANIZATION ( #1117, #3717 ) ;
#2228 = MANIFOLD_SOLID_BREP ( 'Fillet12', #3276 ) ;
#2229 = CARTESIAN_POINT ( 'NONE',  ( 9.956584455257317501, -37.96447079004742875, 21.43867968042540539 ) ) ;
#2230 = DIRECTION ( 'NONE',  ( -1.000000000000000000, -0.0000000000000000000, 6.938893903907227589E-15 ) ) ;
#2231 = ORIENTED_EDGE ( 'NONE', *, *, #2321, .F. ) ;
#2232 = CARTESIAN_POINT ( 'NONE',  ( 15.03663358831618524, 1.508904540600945809, 15.39255646943413502 ) ) ;
#2233 = FACE_OUTER_BOUND ( 'NONE', #381, .T. ) ;
#2234 = CARTESIAN_POINT ( 'NONE',  ( 22.39999999999999503, 13.00000000000000355, 0.0000000000000000000 ) ) ;
#2235 = CARTESIAN_POINT ( 'NONE',  ( 11.83804887278246554, 11.99687130969912197, 13.70472161371493947 ) ) ;
#2236 = CYLINDRICAL_SURFACE ( 'NONE', #4119, 4.000000000000005329 ) ;
#2237 = CARTESIAN_POINT ( 'NONE',  ( 8.472915459191424858, 9.999999999999991118, 14.46065410564152920 ) ) ;
#2238 = CARTESIAN_POINT ( 'NONE',  ( -86.02975851722521838, -53.58253608753976494, 50.21437675736321182 ) ) ;
#2239 = CARTESIAN_POINT ( 'NONE',  ( 16.00000000000000000, -50.00000000000000000, 17.99999999999997513 ) ) ;
#2240 = CARTESIAN_POINT ( 'NONE',  ( 12.77639603940824209, -46.07604168368955300, 31.73385359599226874 ) ) ;
#2241 = CARTESIAN_POINT ( 'NONE',  ( 15.98476965598947785, -50.36077319300954969, 47.23200747141429190 ) ) ;
#2242 = CARTESIAN_POINT ( 'NONE',  ( 14.26237924218511210, 4.698352174979108398, 11.99999999984773780 ) ) ;
#2243 = CARTESIAN_POINT ( 'NONE',  ( -87.99999999999977263, -54.00000000000000000, 52.00000000000070344 ) ) ;
#2244 = CC_DESIGN_PERSON_AND_ORGANIZATION_ASSIGNMENT ( #2065, #4069, ( #2156 ) ) ;
#2245 = CARTESIAN_POINT ( 'NONE',  ( 15.72388720119967687, 3.746290670665608058, 16.29851626826624056 ) ) ;
#2246 = EDGE_CURVE ( 'NONE', #2915, #987, #1352, .T. ) ;
#2247 = CARTESIAN_POINT ( 'NONE',  ( 8.000000000000000000, 8.000000000000000000, 12.00000000000000000 ) ) ;
#2248 = CARTESIAN_POINT ( 'NONE',  ( 12.33381716990508892, -54.00000000000001421, 51.88872761003172229 ) ) ;
#2249 = CARTESIAN_POINT ( 'NONE',  ( 14.73498964107057319, -46.87339544571019445, 47.43180082999246849 ) ) ;
#2250 = CARTESIAN_POINT ( 'NONE',  ( -87.99999999999994316, -54.00000000000050449, 46.62964457179623423 ) ) ;
#2251 = CARTESIAN_POINT ( 'NONE',  ( 10.10200852876765332, -46.00000000000000000, 14.00000000000001599 ) ) ;
#2252 = AXIS2_PLACEMENT_3D ( 'NONE', #3822, #3154, #2520 ) ;
#2253 = ORIENTED_EDGE ( 'NONE', *, *, #3556, .F. ) ;
#2254 = CARTESIAN_POINT ( 'NONE',  ( 15.79082179423841659, -51.35823156394469891, 47.40651729862091202 ) ) ;
#2255 = ORIENTED_EDGE ( 'NONE', *, *, #3838, .F. ) ;
#2256 = DIRECTION ( 'NONE',  ( 6.938893903907227589E-15, 0.0000000000000000000, 1.000000000000000000 ) ) ;
#2257 = CARTESIAN_POINT ( 'NONE',  ( 12.96824583655183538, -49.75000000000000000, 13.99999999999999467 ) ) ;
#2258 = CARTESIAN_POINT ( 'NONE',  ( 8.993679236047869452, -40.76501573164200920, 20.63856693381659113 ) ) ;
#2259 = ORIENTED_EDGE ( 'NONE', *, *, #109, .F. ) ;
#2260 = CARTESIAN_POINT ( 'NONE',  ( 12.00000000000023626, -54.00000000000001421, 52.00000000000000711 ) ) ;
#2261 = CARTESIAN_POINT ( 'NONE',  ( -87.37014763493398561, -53.97193908585639122, 51.45031086520388186 ) ) ;
#2262 = CARTESIAN_POINT ( 'NONE',  ( -90.99999999999972999, -50.00000000000000000, 58.00000000000072475 ) ) ;
#2263 = CARTESIAN_POINT ( 'NONE',  ( -87.71234724366593127, -52.29154380153690340, 48.70288278089980594 ) ) ;
#2264 = ORIENTED_EDGE ( 'NONE', *, *, #3346, .F. ) ;
#2265 = VECTOR ( 'NONE', #4101, 1000.000000000000000 ) ;
#2266 = ADVANCED_FACE ( 'NONE', ( #3466 ), #2097, .T. ) ;
#2267 = CARTESIAN_POINT ( 'NONE',  ( 16.00000000000022027, -49.20264831149404472, 49.34853660227818040 ) ) ;
#2268 = ORIENTED_EDGE ( 'NONE', *, *, #3311, .F. ) ;
#2269 = VERTEX_POINT ( 'NONE', #1853 ) ;
#2270 = VECTOR ( 'NONE', #460, 1000.000000000000000 ) ;
#2271 = EDGE_CURVE ( 'NONE', #1435, #4108, #2119, .T. ) ;
#2272 = CARTESIAN_POINT ( 'NONE',  ( -85.91600339882852211, -53.52353356336510615, 53.89993447498527246 ) ) ;
#2273 = ORIENTED_EDGE ( 'NONE', *, *, #2452, .T. ) ;
#2274 = DIRECTION ( 'NONE',  ( 0.0000000000000000000, 0.0000000000000000000, 1.000000000000000000 ) ) ;
#2275 = CIRCLE ( 'NONE', #3493, 1.399999999999999245 ) ;
#2276 = CARTESIAN_POINT ( 'NONE',  ( 8.133412099200493017, -53.79570441829671523, 50.71113736640039349 ) ) ;
#2277 = CARTESIAN_POINT ( 'NONE',  ( 12.00000000000000000, -50.00000000000000000, 14.00000000000000178 ) ) ;
#2278 = ORIENTED_EDGE ( 'NONE', *, *, #2567, .T. ) ;
#2279 = EDGE_CURVE ( 'NONE', #2694, #210, #698, .T. ) ;
#2280 = COORDINATED_UNIVERSAL_TIME_OFFSET ( 0, 0, .AHEAD. ) ;
#2281 = CARTESIAN_POINT ( 'NONE',  ( 11.03175416344813442, -49.75000000000000000, 17.00000000000000711 ) ) ;
#2282 =( BOUNDED_CURVE ( )  B_SPLINE_CURVE ( 3, ( #1164, #1142, #2754, #3068 ),
 .UNSPECIFIED., .F., .T. ) 
 B_SPLINE_CURVE_WITH_KNOTS ( ( 4, 4 ),
 ( 1.487366240184282207, 1.570796326794896780 ),
 .UNSPECIFIED. ) 
 CURVE ( )  GEOMETRIC_REPRESENTATION_ITEM ( )  RATIONAL_B_SPLINE_CURVE ( ( 1.000000000000000000, 0.9994200358298013231, 0.9994200358298013231, 1.000000000000000000 ) ) 
 REPRESENTATION_ITEM ( '' )  );
#2283 = CARTESIAN_POINT ( 'NONE',  ( -87.99999999999980105, -54.00000000000000000, 47.71756072810116933 ) ) ;
#2284 = CARTESIAN_POINT ( 'NONE',  ( 10.29299009618893379, -46.38251234878443086, 30.66138319528446843 ) ) ;
#2285 = LINE ( 'NONE', #600, #2178 ) ;
#2286 = CARTESIAN_POINT ( 'NONE',  ( -87.99999999999974420, -50.00000000000000000, 56.00000000000071765 ) ) ;
#2287 = CARTESIAN_POINT ( 'NONE',  ( 11.99999999999997335, -50.00000000000000000, 14.00000000000000178 ) ) ;
#2288 = FACE_OUTER_BOUND ( 'NONE', #2107, .T. ) ;
#2289 = DIRECTION ( 'NONE',  ( 1.000000000000000000, 0.0000000000000000000, -6.938893903907227589E-15 ) ) ;
#2290 = CARTESIAN_POINT ( 'NONE',  ( -90.99999999999972999, -54.00000000000000000, 58.00000000000072475 ) ) ;
#2291 = CARTESIAN_POINT ( 'NONE',  ( 13.00000000000023270, -53.98608691436714224, 51.66666666666666430 ) ) ;
#2292 = CARTESIAN_POINT ( 'NONE',  ( 13.54504698796298889, -46.30996725111410939, 30.91515500177675335 ) ) ;
#2293 = CARTESIAN_POINT ( 'NONE',  ( 11.29979831969543014, -46.06173151676188837, 31.78388612551068348 ) ) ;
#2294 = CARTESIAN_POINT ( 'NONE',  ( -84.99999999999981526, -45.99999999999950973, 46.25543735346299457 ) ) ;
#2295 = AXIS2_PLACEMENT_3D ( 'NONE', #825, #794, #3086 ) ;
#2296 = DIRECTION ( 'NONE',  ( -0.0000000000000000000, -0.0000000000000000000, 1.000000000000000000 ) ) ;
#2297 = EDGE_CURVE ( 'NONE', #488, #4108, #3949, .T. ) ;
#2298 = CARTESIAN_POINT ( 'NONE',  ( 11.47640769775569858, -53.97421564845205211, 50.42922309326765884 ) ) ;
#2299 = VERTEX_POINT ( 'NONE', #2904 ) ;
#2300 = CARTESIAN_POINT ( 'NONE',  ( 11.47656674658092513, -46.02700697473697034, 31.90547558380205828 ) ) ;
#2301 = DIRECTION ( 'NONE',  ( 9.912705577010090272E-15, 0.0000000000000000000, 1.000000000000000000 ) ) ;
#2302 = AXIS2_PLACEMENT_3D ( 'NONE', #3195, #1618, #625 ) ;
#2303 = CARTESIAN_POINT ( 'NONE',  ( 10.64646276108689271, -46.23592293157665267, 31.17426673941214688 ) ) ;
#2304 = ADVANCED_FACE ( 'NONE', ( #2967 ), #1220, .F. ) ;
#2305 = ORIENTED_EDGE ( 'NONE', *, *, #196, .T. ) ;
#2306 = CARTESIAN_POINT ( 'NONE',  ( 15.45288160488571094, 10.13561910831301027, 14.03850844378306384 ) ) ;
#2307 = CARTESIAN_POINT ( 'NONE',  ( 11.45028426585923853, 11.97409025161391938, 13.73081943909622282 ) ) ;
#2308 = ORIENTED_EDGE ( 'NONE', *, *, #1474, .F. ) ;
#2309 = CIRCLE ( 'NONE', #2078, 4.000000000000003553 ) ;
#2310 = CARTESIAN_POINT ( 'NONE',  ( -87.21647461345465047, -46.05692539321027112, 51.31314077047666444 ) ) ;
#2311 = CARTESIAN_POINT ( 'NONE',  ( 14.44643630712888971, 11.16734253814223621, 12.02001511026652025 ) ) ;
#2312 = VERTEX_POINT ( 'NONE', #50 ) ;
#2313 = TOROIDAL_SURFACE ( 'NONE', #69, 0.9999999999999991118, 3.000000000000000000 ) ;
#2314 = CARTESIAN_POINT ( 'NONE',  ( 11.83821548534507073, -45.19021898332081832, 22.80978101667648517 ) ) ;
#2315 = VERTEX_POINT ( 'NONE', #87 ) ;
#2316 = CARTESIAN_POINT ( 'NONE',  ( 9.656854249492562658, -54.00000000000000711, 44.97056274847717816 ) ) ;
#2317 = VECTOR ( 'NONE', #2889, 1000.000000000000000 ) ;
#2318 = DIRECTION ( 'NONE',  ( -6.938893903907226800E-15, 0.0000000000000000000, -1.000000000000000000 ) ) ;
#2319 = APPROVAL ( #1210, 'UNSPECIFIED' ) ;
#2320 = CARTESIAN_POINT ( 'NONE',  ( -87.99999999999972999, -46.00000000000000000, 57.74456264653562698 ) ) ;
#2321 = EDGE_CURVE ( 'NONE', #3070, #251, #3173, .T. ) ;
#2322 = CARTESIAN_POINT ( 'NONE',  ( 8.396118420766111257, 9.742469933751850775, 13.64382517345902990 ) ) ;
#2323 = CARTESIAN_POINT ( 'NONE',  ( 16.00000000000021672, -50.00000000000000000, 47.99999999999997158 ) ) ;
#2324 = ORIENTED_EDGE ( 'NONE', *, *, #3635, .F. ) ;
#2325 = CARTESIAN_POINT ( 'NONE',  ( 2.012279232133095977E-13, -50.13089969374740917, 48.00000000000008527 ) ) ;
#2326 = CARTESIAN_POINT ( 'NONE',  ( 14.60891099753444067, 11.24584280599532704, 13.41908698190425753 ) ) ;
#2327 = FACE_OUTER_BOUND ( 'NONE', #1989, .T. ) ;
#2328 = CARTESIAN_POINT ( 'NONE',  ( -86.34642699442427727, -53.73214793933925648, 50.52649028355309468 ) ) ;
#2329 = CARTESIAN_POINT ( 'NONE',  ( 10.13988004262491849, -46.45841112162073472, 30.39556332880784595 ) ) ;
#2330 = CARTESIAN_POINT ( 'NONE',  ( 14.98922032390691328, -52.66686966588898855, 45.51041984895689296 ) ) ;
#2331 = ADVANCED_FACE ( 'NONE', ( #254 ), #494, .F. ) ;
#2332 = CARTESIAN_POINT ( 'NONE',  ( 13.84124424124766328, -0.04864399643979502169, 14.44442207756548058 ) ) ;
#2333 = CARTESIAN_POINT ( 'NONE',  ( 9.722167366764049135, 11.28841337912182041, 13.67588682976715830 ) ) ;
#2334 = B_SPLINE_CURVE_WITH_KNOTS ( 'NONE', 3,
 ( #293, #2804, #3503, #882 ),
 .UNSPECIFIED., .F., .F.,
 ( 4, 4 ),
 ( 7.152448122690996019E-18, 0.003257779674059731352 ),
 .UNSPECIFIED. ) ;
#2335 = CARTESIAN_POINT ( 'NONE',  ( -87.99999999999977263, -54.00000000000000000, 52.52226541660827053 ) ) ;
#2336 = DIRECTION ( 'NONE',  ( 0.0000000000000000000, 0.0000000000000000000, -1.000000000000000000 ) ) ;
#2337 = CARTESIAN_POINT ( 'NONE',  ( 7.145673239568505863, -49.59044346300702699, 47.14567323956983103 ) ) ;
#2338 = CARTESIAN_POINT ( 'NONE',  ( 11.77809502680660003, -46.52144631140817665, 14.00000000000000178 ) ) ;
#2339 = CARTESIAN_POINT ( 'NONE',  ( 15.95743494445507338, -49.32707963357378134, 17.32707963357375291 ) ) ;
#2340 = CARTESIAN_POINT ( 'NONE',  ( 13.19139790642648613, 11.99999999967067765, 14.17858660465818765 ) ) ;
#2341 = AXIS2_PLACEMENT_3D ( 'NONE', #3271, #68, #966 ) ;
#2342 = EDGE_CURVE ( 'NONE', #448, #3814, #3234, .T. ) ;
#2343 = ORIENTED_EDGE ( 'NONE', *, *, #1449, .T. ) ;
#2344 =( BOUNDED_CURVE ( )  B_SPLINE_CURVE ( 3, ( #483, #2040, #1742, #1785 ),
 .UNSPECIFIED., .F., .T. ) 
 B_SPLINE_CURVE_WITH_KNOTS ( ( 4, 4 ),
 ( 4.712388980384689674, 5.355890089177974822 ),
 .UNSPECIFIED. ) 
 CURVE ( )  GEOMETRIC_REPRESENTATION_ITEM ( )  RATIONAL_B_SPLINE_CURVE ( ( 1.000000000000000000, 0.9657888653670090306, 0.9657888653670090306, 1.000000000000000000 ) ) 
 REPRESENTATION_ITEM ( '' )  );
#2345 = CARTESIAN_POINT ( 'NONE',  ( 9.674193744727164201, 11.25491232952879272, 13.71046156904844615 ) ) ;
#2346 = CARTESIAN_POINT ( 'NONE',  ( 16.00000000000000000, 8.000000000000000000, 18.00000000000000355 ) ) ;
#2347 = DIRECTION ( 'NONE',  ( 0.0000000000000000000, 0.0000000000000000000, -1.000000000000000000 ) ) ;
#2348 = AXIS2_PLACEMENT_3D ( 'NONE', #3978, #480, #131 ) ;
#2349 = ORIENTED_EDGE ( 'NONE', *, *, #2424, .F. ) ;
#2350 = CARTESIAN_POINT ( 'NONE',  ( 2.959358258920161688, -52.64330700246571126, 48.98645275297337776 ) ) ;
#2351 = CARTESIAN_POINT ( 'NONE',  ( 11.99999999999803890, -46.00000000000000000, 14.00000000000000178 ) ) ;
#2352 = ADVANCED_FACE ( 'NONE', ( #792 ), #1464, .F. ) ;
#2353 = EDGE_LOOP ( 'NONE', ( #3952, #234, #2879 ) ) ;
#2354 = CARTESIAN_POINT ( 'NONE',  ( 8.722499322335613314, 10.36642675199995267, 13.32427706640201137 ) ) ;
#2355 = CARTESIAN_POINT ( 'NONE',  ( 13.21313312883525626, 11.82679918244208928, 13.53764480392175784 ) ) ;
#2356 = CARTESIAN_POINT ( 'NONE',  ( 14.58823529411786701, -53.32756132323083165, 49.41176470588234793 ) ) ;
#2357 = ORIENTED_EDGE ( 'NONE', *, *, #2619, .F. ) ;
#2358 = FACE_OUTER_BOUND ( 'NONE', #185, .T. ) ;
#2359 = DIRECTION ( 'NONE',  ( -1.000000000000000000, 0.0000000000000000000, 0.0000000000000000000 ) ) ;
#2360 = CARTESIAN_POINT ( 'NONE',  ( 9.103373397821291846, 10.87234010306233856, 14.51703372892427346 ) ) ;
#2361 = VERTEX_POINT ( 'NONE', #3336 ) ;
#2362 = VERTEX_POINT ( 'NONE', #3350 ) ;
#2363 = DIRECTION ( 'NONE',  ( 1.000000000000000000, 0.0000000000000000000, 0.0000000000000000000 ) ) ;
#2364 = CARTESIAN_POINT ( 'NONE',  ( 8.257374210849313556, -52.47898722689205897, 48.25737421084305367 ) ) ;
#2365 = CARTESIAN_POINT ( 'NONE',  ( 11.28233392496711573, -46.06046418759368066, 14.06046417918511970 ) ) ;
#2366 = ORIENTED_EDGE ( 'NONE', *, *, #2150, .T. ) ;
#2367 = CIRCLE ( 'NONE', #2252, 1.399999999999998579 ) ;
#2368 = CARTESIAN_POINT ( 'NONE',  ( 11.99899128818691807, -45.37287377176332370, 22.62712622823846331 ) ) ;
#2369 = CARTESIAN_POINT ( 'NONE',  ( -85.18986281641815594, -47.09577092616722638, 54.75769193135824509 ) ) ;
#2370 = DIRECTION ( 'NONE',  ( 0.0000000000000000000, 0.0000000000000000000, -1.000000000000000000 ) ) ;
#2371 = EDGE_LOOP ( 'NONE', ( #3166, #2422, #346 ) ) ;
#2372 = DATE_AND_TIME ( #1673, #2474 ) ;
#2373 = CARTESIAN_POINT ( 'NONE',  ( -87.88294558117971178, -51.40723177454422910, 57.99581999509955210 ) ) ;
#2374 = ADVANCED_FACE ( 'NONE', ( #1910 ), #4097, .F. ) ;
#2375 = CC_DESIGN_PERSON_AND_ORGANIZATION_ASSIGNMENT ( #2227, #2836, ( #2156 ) ) ;
#2376 = EDGE_CURVE ( 'NONE', #987, #2966, #3898, .T. ) ;
#2377 = FACE_BOUND ( 'NONE', #2054, .T. ) ;
#2378 = CARTESIAN_POINT ( 'NONE',  ( 8.596025353692903437, 12.00000000000009059, 15.89823569634034683 ) ) ;
#2379 = CARTESIAN_POINT ( 'NONE',  ( 14.68831797441636944, -46.82894168802783241, 48.86963975490591849 ) ) ;
#2380 = CARTESIAN_POINT ( 'NONE',  ( 4.680122497789171554, -53.18043050242705050, 49.56004083259814053 ) ) ;
#2381 = DIRECTION ( 'NONE',  ( -9.251858538542962756E-15, 0.0000000000000000000, -1.000000000000000000 ) ) ;
#2382 = DIRECTION ( 'NONE',  ( 0.0000000000000000000, -0.0000000000000000000, 1.000000000000000000 ) ) ;
#2383 = CARTESIAN_POINT ( 'NONE',  ( 12.00000000000000000, 11.99999999999998757, 14.00000000000000355 ) ) ;
#2384 = CARTESIAN_POINT ( 'NONE',  ( -87.20235362112174471, -50.85659845939524359, 56.88610664513808501 ) ) ;
#2385 = CARTESIAN_POINT ( 'NONE',  ( 14.61493622909829782, 0.6787516319643431828, 14.96349700496970492 ) ) ;
#2386 = DIRECTION ( 'NONE',  ( -6.938893903907222067E-15, 0.0000000000000000000, -1.000000000000000000 ) ) ;
#2387 = B_SPLINE_CURVE_WITH_KNOTS ( 'NONE', 3,
 ( #1553, #2548, #2513, #3780 ),
 .UNSPECIFIED., .F., .F.,
 ( 4, 4 ),
 ( 0.0000000000000000000, 0.003257843182983173169 ),
 .UNSPECIFIED. ) ;
#2388 = CARTESIAN_POINT ( 'NONE',  ( 3.000000000000001776, 2.999999999999999112, -45.00000000000000711 ) ) ;
#2389 = CARTESIAN_POINT ( 'NONE',  ( 14.78627061626354333, -46.98982749812604709, 48.44799827062784914 ) ) ;
#2390 = CARTESIAN_POINT ( 'NONE',  ( 11.47640769775572878, -46.02578435154793368, 50.42922309326669961 ) ) ;
#2391 = CARTESIAN_POINT ( 'NONE',  ( 11.39068300653764787, -48.17272836557779669, 14.00000000000000533 ) ) ;
#2392 = ADVANCED_FACE ( 'NONE', ( #3065 ), #2537, .F. ) ;
#2393 = CARTESIAN_POINT ( 'NONE',  ( 11.94968051239063556, -45.30487384670698958, 22.69512615329578509 ) ) ;
#2394 = CARTESIAN_POINT ( 'NONE',  ( 3.000000000000001776, 13.00000000000000178, -45.00000000000000711 ) ) ;
#2395 = CARTESIAN_POINT ( 'NONE',  ( 0.0000000000000000000, 0.0000000000000000000, 0.0000000000000000000 ) ) ;
#2396 = EDGE_LOOP ( 'NONE', ( #2665, #3941, #1446, #3704, #3858, #1551, #4135, #3267 ) ) ;
#2397 =( BOUNDED_SURFACE ( )  B_SPLINE_SURFACE ( 3, 2, ( 
 ( #1280, #930, #3530 ),
 ( #664, #1935, #1290 ),
 ( #1913, #316, #1898 ),
 ( #1948, #4134, #2536 ) ),
 .UNSPECIFIED., .F., .F., .T. ) 
 B_SPLINE_SURFACE_WITH_KNOTS ( ( 4, 4 ),
 ( 3, 3 ),
 ( 0.0000000000000000000, 0.004608026296655474800 ),
 ( 0.0000000000000000000, 1.000000000000000000 ),
 .UNSPECIFIED. ) 
 GEOMETRIC_REPRESENTATION_ITEM ( )  RATIONAL_B_SPLINE_SURFACE ( (
 ( 1.000000000000000000, 0.7071067811865527908, 1.000000000000000000),
 ( 1.000000000000000000, 0.7528156917734332154, 1.000000000000000000),
 ( 1.000000000000000000, 0.7952898392163127994, 1.000000000000000000),
 ( 1.000000000000000000, 0.8353055546744672100, 1.000000000000000000) ) ) 
 REPRESENTATION_ITEM ( '' )  SURFACE ( )  );
#2398 = EDGE_CURVE ( 'NONE', #2767, #3814, #3264, .T. ) ;
#2399 = CARTESIAN_POINT ( 'NONE',  ( 8.156287082986168002, -48.86657901274953275, 21.96697345546730062 ) ) ;
#2400 = DIRECTION ( 'NONE',  ( -1.000000000000000000, -0.0000000000000000000, 6.942363350859181992E-15 ) ) ;
#2401 = VERTEX_POINT ( 'NONE', #1445 ) ;
#2402 = CARTESIAN_POINT ( 'NONE',  ( 8.348846875701649850, 9.877237857093225770, 16.12276214290677956 ) ) ;
#2403 = CARTESIAN_POINT ( 'NONE',  ( 16.00000000016988011, -47.18693953881170700, 49.15225634830255075 ) ) ;
#2404 = CARTESIAN_POINT ( 'NONE',  ( 9.560040832595412041, -46.81956949757486086, 44.68012249778585243 ) ) ;
#2405 = ORIENTED_EDGE ( 'NONE', *, *, #974, .F. ) ;
#2406 = CARTESIAN_POINT ( 'NONE',  ( 11.32475745345033502, -48.48949006544731333, 14.00000000000000533 ) ) ;
#2407 = CARTESIAN_POINT ( 'NONE',  ( 10.78686202735200261, -36.64128205162199237, 21.81677655798011983 ) ) ;
#2408 = VERTEX_POINT ( 'NONE', #2447 ) ;
#2409 = CARTESIAN_POINT ( 'NONE',  ( 14.98369310404194366, 10.67145809140876267, 12.29603418051288521 ) ) ;
#2410 = CIRCLE ( 'NONE', #380, 2.999999999999999556 ) ;
#2411 = CARTESIAN_POINT ( 'NONE',  ( 8.000000000000003553, 7.126854664667193084, 15.81713666166798760 ) ) ;
#2412 = VERTEX_POINT ( 'NONE', #3403 ) ;
#2413 = ADVANCED_FACE ( 'NONE', ( #2212 ), #3742, .F. ) ;
#2414 = CARTESIAN_POINT ( 'NONE',  ( 8.993679236047869452, -40.76501573164200920, 20.63856693381658758 ) ) ;
#2415 = CARTESIAN_POINT ( 'NONE',  ( 12.35852744139067738, -36.05665512641613901, 21.98402496859895550 ) ) ;
#2416 = LINE ( 'NONE', #2076, #1264 ) ;
#2417 = B_SPLINE_CURVE_WITH_KNOTS ( 'NONE', 3,
 ( #3827, #4086, #2510, #3778, #2217, #3484, #1245, #603, #1926, #1261, #632, #2887, #1595, #3815, #2189, #1275, #249, #294, #1550, #948 ),
 .UNSPECIFIED., .F., .F.,
 ( 4, 2, 2, 2, 2, 2, 2, 2, 2, 4 ),
 ( -9.337494894529180223E-05, 0.0004327261116027116949, 0.0009588271721507152191, 0.001484928232698719177, 0.002011029293246722159, 0.002537130353794725575, 0.003063231414342729858, 0.003589332474890733274, 0.003852383005164731946, 0.004115433535438732353 ),
 .UNSPECIFIED. ) ;
#2418 = CARTESIAN_POINT ( 'NONE',  ( 9.621895138152286364, -38.74062681310870460, 21.21697003921993741 ) ) ;
#2419 = CARTESIAN_POINT ( 'NONE',  ( 15.31350307642405895, -47.75433694200597756, 47.42977288340516395 ) ) ;
#2420 = EDGE_LOOP ( 'NONE', ( #1155, #2930 ) ) ;
#2421 = CARTESIAN_POINT ( 'NONE',  ( 12.43261957145477403, -46.17583678872230024, 13.99999999999923794 ) ) ;
#2422 = ORIENTED_EDGE ( 'NONE', *, *, #3243, .F. ) ;
#2423 = CARTESIAN_POINT ( 'NONE',  ( 15.93748549109544399, -50.73250954746739438, 46.62524009749525788 ) ) ;
#2424 = EDGE_CURVE ( 'NONE', #899, #3996, #2440, .T. ) ;
#2425 = CARTESIAN_POINT ( 'NONE',  ( -85.62947550854620715, -46.65766887019518805, 54.20343372872196142 ) ) ;
#2426 = CARTESIAN_POINT ( 'NONE',  ( 13.46753663391935341, 11.72674543849573681, 12.25360791512940040 ) ) ;
#2427 = CIRCLE ( 'NONE', #2996, 3.000000000000002665 ) ;
#2428 = CARTESIAN_POINT ( 'NONE',  ( 12.07742382919888868, -46.14443275670359412, 14.00000000000000178 ) ) ;
#2429 = CARTESIAN_POINT ( 'NONE',  ( 15.00632076395261372, -47.36143306618388493, 27.23498426835637787 ) ) ;
#2430 = EDGE_CURVE ( 'NONE', #2713, #263, #2709, .T. ) ;
#2431 = CARTESIAN_POINT ( 'NONE',  ( 9.656854249492562658, -46.00000000000000000, 44.97056274847717816 ) ) ;
#2432 = CARTESIAN_POINT ( 'NONE',  ( 9.761216795412645197, -38.39822375795458242, 21.31479322008955890 ) ) ;
#2433 = CARTESIAN_POINT ( 'NONE',  ( 8.888609178346435158, -46.12793340522620866, 50.96286972611547128 ) ) ;
#2434 = CARTESIAN_POINT ( 'NONE',  ( 8.437353652554351768, -48.81022155081232938, 14.00000000000029488 ) ) ;
#2435 = CARTESIAN_POINT ( 'NONE',  ( 13.79712919484421718, -53.57630559137745507, 46.87102244829030440 ) ) ;
#2436 = CARTESIAN_POINT ( 'NONE',  ( 12.99896155776500706, -36.41714447793803089, 21.88081586212716800 ) ) ;
#2437 = CARTESIAN_POINT ( 'NONE',  ( 14.45867891251355886, 12.00000000021267432, 14.84374688925888819 ) ) ;
#2438 = CARTESIAN_POINT ( 'NONE',  ( 10.65735110899724880, -45.16885031250461680, 22.83114968751605645 ) ) ;
#2439 = CARTESIAN_POINT ( 'NONE',  ( -90.99999999999981526, -50.00000000000000000, 46.00000000000072475 ) ) ;
#2440 = B_SPLINE_CURVE_WITH_KNOTS ( 'NONE', 3,
 ( #1793, #535, #512, #1489 ),
 .UNSPECIFIED., .F., .F.,
 ( 4, 4 ),
 ( 0.0000000000000000000, 0.003860615890905493008 ),
 .UNSPECIFIED. ) ;
#2441 = CARTESIAN_POINT ( 'NONE',  ( 9.942735836386873416, -37.99340212214241319, 21.43041239418524313 ) ) ;
#2442 = CARTESIAN_POINT ( 'NONE',  ( -87.24898167798660609, -47.24945762959370654, 49.01475430613729145 ) ) ;
#2443 = VERTEX_POINT ( 'NONE', #2781 ) ;
#2444 = CARTESIAN_POINT ( 'NONE',  ( 11.67540084203459827, -0.4652733228211602401, 14.00985196423539136 ) ) ;
#2445 = CARTESIAN_POINT ( 'NONE',  ( 0.4027214451465350731, -48.96412448787629046, 48.13424048171535929 ) ) ;
#2446 = CARTESIAN_POINT ( 'NONE',  ( 13.69330179960181937, -46.37273308161354635, 14.37273310057393516 ) ) ;
#2447 = CARTESIAN_POINT ( 'NONE',  ( -84.99999999999980105, -50.00000000000000000, 48.00000000000068212 ) ) ;
#2448 = ORIENTED_EDGE ( 'NONE', *, *, #1427, .T. ) ;
#2449 = CARTESIAN_POINT ( 'NONE',  ( 14.33858576879810087, -38.63387955857412948, 21.24746298283014667 ) ) ;
#2450 = CARTESIAN_POINT ( 'NONE',  ( 15.66606055596467328, 9.599999999999997868, 14.00000000000001243 ) ) ;
#2451 = CC_DESIGN_PERSON_AND_ORGANIZATION_ASSIGNMENT ( #1456, #3143, ( #2544 ) ) ;
#2452 = EDGE_CURVE ( 'NONE', #3070, #651, #3803, .T. ) ;
#2453 = DIRECTION ( 'NONE',  ( -0.0000000000000000000, -0.0000000000000000000, 1.000000000000000000 ) ) ;
#2454 = ORIENTED_EDGE ( 'NONE', *, *, #34, .F. ) ;
#2455 = CARTESIAN_POINT ( 'NONE',  ( 8.993679236047913861, -47.36143306618343018, 27.23498426835800146 ) ) ;
#2456 = DIRECTION ( 'NONE',  ( 0.0000000000000000000, 1.000000000000000000, 0.0000000000000000000 ) ) ;
#2457 = VERTEX_POINT ( 'NONE', #1461 ) ;
#2458 = CARTESIAN_POINT ( 'NONE',  ( 9.117840865766655867, -40.29191003811399696, 20.77365734079773674 ) ) ;
#2459 = LINE ( 'NONE', #1331, #351 ) ;
#2460 = AXIS2_PLACEMENT_3D ( 'NONE', #474, #3972, #450 ) ;
#2461 = CARTESIAN_POINT ( 'NONE',  ( 10.41811351784753015, -0.1845948804647009334, 14.32249125282237046 ) ) ;
#2462 = CARTESIAN_POINT ( 'NONE',  ( 15.87298334620738238, -49.00000000000000711, 13.99999999999997335 ) ) ;
#2463 = VERTEX_POINT ( 'NONE', #2793 ) ;
#2464 = ORIENTED_EDGE ( 'NONE', *, *, #949, .F. ) ;
#2465 = CYLINDRICAL_SURFACE ( 'NONE', #3737, 4.000000000000010658 ) ;
#2466 = CARTESIAN_POINT ( 'NONE',  ( 15.76807989782734865, -51.34714008671561913, 45.94622126866228484 ) ) ;
#2467 = CARTESIAN_POINT ( 'NONE',  ( 13.21313797211287344, -46.18322344184466033, 31.35871794898990927 ) ) ;
#2468 = CARTESIAN_POINT ( 'NONE',  ( 13.73526133673757244, 11.61844770665599569, 13.49412521461911219 ) ) ;
#2469 = ORIENTED_EDGE ( 'NONE', *, *, #730, .F. ) ;
#2470 = FACE_OUTER_BOUND ( 'NONE', #4002, .T. ) ;
#2471 = DIRECTION ( 'NONE',  ( 1.000000000000000000, 0.0000000000000000000, 0.0000000000000000000 ) ) ;
#2472 = EDGE_LOOP ( 'NONE', ( #3447, #2264, #8, #4090 ) ) ;
#2473 = DIRECTION ( 'NONE',  ( -4.625929269271481378E-15, 0.0000000000000000000, -1.000000000000000000 ) ) ;
#2474 = LOCAL_TIME ( 16, 56, 11.00000000000000000, #107 ) ;
#2475 = CARTESIAN_POINT ( 'NONE',  ( 9.444735999374017865, -39.22331710917079306, 21.07906068232554730 ) ) ;
#2476 = CARTESIAN_POINT ( 'NONE',  ( -87.99999999999980105, -46.00000000000000000, 47.71756072809980509 ) ) ;
#2477 = CARTESIAN_POINT ( 'NONE',  ( 8.875944890502553974, 1.746850366463236659, 15.49874014599659766 ) ) ;
#2478 = CARTESIAN_POINT ( 'NONE',  ( 15.66606055596467328, 11.99999999999998046, 16.40000000000001279 ) ) ;
#2479 =( BOUNDED_CURVE ( )  B_SPLINE_CURVE ( 3, ( #2072, #1786, #836, #155 ),
 .UNSPECIFIED., .F., .T. ) 
 B_SPLINE_CURVE_WITH_KNOTS ( ( 4, 4 ),
 ( 1.159279480727411604, 1.570796326794897002 ),
 .UNSPECIFIED. ) 
 CURVE ( )  GEOMETRIC_REPRESENTATION_ITEM ( )  RATIONAL_B_SPLINE_CURVE ( ( 1.000000000000000000, 0.9859375419538022323, 0.9859375419538022323, 1.000000000000000000 ) ) 
 REPRESENTATION_ITEM ( '' )  );
#2480 = VECTOR ( 'NONE', #372, 1000.000000000000000 ) ;
#2481 = CARTESIAN_POINT ( 'NONE',  ( 12.00000000000000000, 8.000000000000000000, 18.00000000000000355 ) ) ;
#2482 = CARTESIAN_POINT ( 'NONE',  ( 8.112900810928842077, 9.093536866139967145, 15.26615783465008747 ) ) ;
#2483 = AXIS2_PLACEMENT_3D ( 'NONE', #3897, #675, #2935 ) ;
#2484 = CARTESIAN_POINT ( 'NONE',  ( 14.02541250511192494, -43.92180003250037856, 22.93443441970160634 ) ) ;
#2485 = EDGE_CURVE ( 'NONE', #3469, #1435, #1468, .T. ) ;
#2486 = VECTOR ( 'NONE', #33, 1000.000000000000000 ) ;
#2487 = CARTESIAN_POINT ( 'NONE',  ( 24.00000000000000000, 16.00000000000000000, 8.000000000000000000 ) ) ;
#2488 = CARTESIAN_POINT ( 'NONE',  ( 11.99999999945935514, -36.00000000000000711, 22.00000000000000355 ) ) ;
#2489 = CARTESIAN_POINT ( 'NONE',  ( 16.00000000000019895, -47.36952543584754949, 47.18948723757605990 ) ) ;
#2490 = CARTESIAN_POINT ( 'NONE',  ( 11.99999999999999467, -50.00000000000000000, 17.00000000000000000 ) ) ;
#2491 = EDGE_CURVE ( 'NONE', #1556, #1957, #2062, .T. ) ;
#2492 = CARTESIAN_POINT ( 'NONE',  ( -87.20235362112175892, -49.14340154060476351, 47.11389335486335739 ) ) ;
#2493 = CARTESIAN_POINT ( 'NONE',  ( 15.73046283828730196, 9.665896936487536450, 15.49929525516672513 ) ) ;
#2494 = CARTESIAN_POINT ( 'NONE',  ( 9.991631730725183402, 0.06504224984716192037, 14.53710971020512766 ) ) ;
#2495 = DIRECTION ( 'NONE',  ( 0.0000000000000000000, 1.000000000000000000, 0.0000000000000000000 ) ) ;
#2496 = DIRECTION ( 'NONE',  ( -0.0000000000000000000, -0.0000000000000000000, -1.000000000000000000 ) ) ;
#2497 = CARTESIAN_POINT ( 'NONE',  ( 15.99870816154518671, -49.87789493150228992, 47.71262232496562206 ) ) ;
#2498 = CARTESIAN_POINT ( 'NONE',  ( 13.33333333333353465, -53.77123616632826497, 48.00000000000002132 ) ) ;
#2499 = CARTESIAN_POINT ( 'NONE',  ( 11.89810081846377976, -45.60768521573329082, 22.39231478426491861 ) ) ;
#2500 = CARTESIAN_POINT ( 'NONE',  ( 16.00000000000000711, -50.00000000000000000, 17.99999999999997513 ) ) ;
#2501 = CARTESIAN_POINT ( 'NONE',  ( 8.000000000000149214, -50.00000000000000000, 40.00000000000003553 ) ) ;
#2502 = CARTESIAN_POINT ( 'NONE',  ( 14.27252650957728441, -46.70820915417120744, 29.52126558075969598 ) ) ;
#2503 = EDGE_LOOP ( 'NONE', ( #1903, #3552, #1863, #2511, #916 ) ) ;
#2504 = CARTESIAN_POINT ( 'NONE',  ( 10.45495301186256576, -37.08484499850307969, 21.69003274881157495 ) ) ;
#2505 = CARTESIAN_POINT ( 'NONE',  ( -87.99999999999927525, -46.00000000000044054, 48.67511466915314600 ) ) ;
#2506 = CARTESIAN_POINT ( 'NONE',  ( 11.73762782648583958, 2.224589467884206417, 14.00628202627631147 ) ) ;
#2507 = ORIENTED_EDGE ( 'NONE', *, *, #3393, .T. ) ;
#2508 = CARTESIAN_POINT ( 'NONE',  ( 15.23955590304861296, -47.62309547712925450, 15.62309548317761099 ) ) ;
#2509 = CARTESIAN_POINT ( 'NONE',  ( 12.00000000000023270, -54.00000000000000711, 52.00000000000000711 ) ) ;
#2510 = CARTESIAN_POINT ( 'NONE',  ( 8.571451797497182667, 10.19983421446207572, 14.18923416443855778 ) ) ;
#2511 = ORIENTED_EDGE ( 'NONE', *, *, #649, .F. ) ;
#2512 = CARTESIAN_POINT ( 'NONE',  ( -87.99999999999980105, -46.00000000000000000, 46.25543735346267482 ) ) ;
#2513 = CARTESIAN_POINT ( 'NONE',  ( 13.54428496211236599, -46.21452429216429891, 49.57325327321831310 ) ) ;
#2514 = CIRCLE ( 'NONE', #2763, 2.999999999999997335 ) ;
#2515 =( GEOMETRIC_REPRESENTATION_CONTEXT ( 3 ) GLOBAL_UNCERTAINTY_ASSIGNED_CONTEXT ( ( #160 ) ) GLOBAL_UNIT_ASSIGNED_CONTEXT ( ( #1481, #3438, #1875 ) ) REPRESENTATION_CONTEXT ( 'NONE', 'WORKASPACE' ) );
#2516 = EDGE_CURVE ( 'NONE', #2362, #342, #2870, .T. ) ;
#2517 = CARTESIAN_POINT ( 'NONE',  ( 15.96592741149381922, -48.83907703496829100, 47.92909140929764078 ) ) ;
#2518 = CARTESIAN_POINT ( 'NONE',  ( 14.91024570719336495, -47.25574466055402212, 27.60512941226494377 ) ) ;
#2519 = EDGE_LOOP ( 'NONE', ( #1213, #1667, #2052, #3416 ) ) ;
#2520 = DIRECTION ( 'NONE',  ( -1.000000000000000000, 0.0000000000000000000, 0.0000000000000000000 ) ) ;
#2521 = FACE_BOUND ( 'NONE', #2420, .T. ) ;
#2522 = APPLICATION_CONTEXT ( 'configuration controlled 3d designs of mechanical parts and assemblies' ) ;
#2523 = CARTESIAN_POINT ( 'NONE',  ( -87.88294558117976862, -48.59276822545572827, 46.00418000490185477 ) ) ;
#2524 = CARTESIAN_POINT ( 'NONE',  ( 1.600000000000002531, 2.999999999999999112, 0.0000000000000000000 ) ) ;
#2525 = ORIENTED_EDGE ( 'NONE', *, *, #114, .T. ) ;
#2526 = AXIS2_PLACEMENT_3D ( 'NONE', #3629, #2638, #3598 ) ;
#2527 = CARTESIAN_POINT ( 'NONE',  ( 14.39972845739169394, 0.4236237056479149055, 14.79603198765993000 ) ) ;
#2528 = FACE_OUTER_BOUND ( 'NONE', #3005, .T. ) ;
#2529 = CARTESIAN_POINT ( 'NONE',  ( 4.000000000000000000, 8.000000000000000000, 8.000000000000000000 ) ) ;
#2530 = ORIENTED_EDGE ( 'NONE', *, *, #3838, .T. ) ;
#2531 = LOCAL_TIME ( 16, 56, 11.00000000000000000, #317 ) ;
#2532 = CARTESIAN_POINT ( 'NONE',  ( -87.99999999999981526, -50.00000000000000000, 46.00000000000071054 ) ) ;
#2533 = ORIENTED_EDGE ( 'NONE', *, *, #3339, .T. ) ;
#2534 = CARTESIAN_POINT ( 'NONE',  ( 13.81818181818202795, -53.63544490420705557, 48.53285794598438940 ) ) ;
#2535 = CARTESIAN_POINT ( 'NONE',  ( 14.75633261914661176, -47.10116021988503121, 28.14599711067472043 ) ) ;
#2536 = CARTESIAN_POINT ( 'NONE',  ( 16.00000000000020606, -50.66035096153310491, 47.32090504813827181 ) ) ;
#2537 =( BOUNDED_SURFACE ( )  B_SPLINE_SURFACE ( 3, 2, ( 
 ( #2737, #2068, #1423 ),
 ( #1781, #2090, #804 ),
 ( #3006, #468, #147 ),
 ( #1750, #3324, #455 ),
 ( #1122, #1392, #3638 ),
 ( #1725, #787, #2036 ),
 ( #1111, #119, #1433 ),
 ( #3678, #439, #1411 ) ),
 .UNSPECIFIED., .F., .F., .T. ) 
 B_SPLINE_SURFACE_WITH_KNOTS ( ( 4, 2, 2, 4 ),
 ( 3, 3 ),
 ( 7.210480525181196754, 7.371355802379518707, 7.532231079577839772, 7.853981633974482790 ),
 ( 0.0000000000000000000, 1.000000000000000000 ),
 .UNSPECIFIED. ) 
 GEOMETRIC_REPRESENTATION_ITEM ( )  RATIONAL_B_SPLINE_SURFACE ( (
 ( 1.000000000000000000, 0.9055385138137411749, 1.000000000000000000),
 ( 1.000000000000000000, 0.9197560500840072928, 1.000000000000000000),
 ( 1.000000000000000000, 0.9329488673071770766, 1.000000000000000000),
 ( 1.000000000000000000, 0.9562864221235244377, 1.000000000000000000),
 ( 1.000000000000000000, 0.9664267069106464714, 1.000000000000000000),
 ( 1.000000000000000000, 0.9911848896213961702, 1.000000000000000000),
 ( 1.000000000000000000, 1.000000000000000000, 1.000000000000000000),
 ( 1.000000000000000000, 1.000000000000000000, 1.000000000000000000) ) ) 
 REPRESENTATION_ITEM ( '' )  SURFACE ( )  );
#2538 = FACE_BOUND ( 'NONE', #2611, .T. ) ;
#2539 = CARTESIAN_POINT ( 'NONE',  ( -87.99999999999981526, -48.94472752333813048, 45.08000000000070173 ) ) ;
#2540 = CARTESIAN_POINT ( 'NONE',  ( -87.99999999999977263, -46.00000000000000000, 52.00000000000070344 ) ) ;
#2541 = CARTESIAN_POINT ( 'NONE',  ( 14.78009277855352899, 5.121133077196233785, 12.00000000004514789 ) ) ;
#2542 = CARTESIAN_POINT ( 'NONE',  ( -84.99999999999975842, -52.46010206467541792, 55.16117916343837635 ) ) ;
#2543 = CARTESIAN_POINT ( 'NONE',  ( 14.84756141186667477, -47.18690893439011091, 45.58816889099911407 ) ) ;
#2544 = SECURITY_CLASSIFICATION ( '', '', #3111 ) ;
#2545 = CARTESIAN_POINT ( 'NONE',  ( 9.257185687884856407, 10.91405109408146323, 12.12631047760758918 ) ) ;
#2546 = EDGE_CURVE ( 'NONE', #1439, #3263, #2417, .T. ) ;
#2547 = CARTESIAN_POINT ( 'NONE',  ( 12.57178702511382085, 11.96198160207803518, 13.08738400913427924 ) ) ;
#2548 = CARTESIAN_POINT ( 'NONE',  ( 13.27083522899311241, -46.10157070307955252, 50.61843402112012313 ) ) ;
#2549 = CARTESIAN_POINT ( 'NONE',  ( 15.32074314237149082, -47.75614888913845135, 25.85347888793350890 ) ) ;
#2550 = DIRECTION ( 'NONE',  ( -4.625929269271481378E-15, 0.0000000000000000000, -1.000000000000000000 ) ) ;
#2551 = DIRECTION ( 'NONE',  ( 0.0000000000000000000, 0.0000000000000000000, 1.000000000000000000 ) ) ;
#2552 = AXIS2_PLACEMENT_3D ( 'NONE', #2730, #1076, #3684 ) ;
#2553 = CARTESIAN_POINT ( 'NONE',  ( 10.03839387448094200, -37.79772798934617128, 21.48634112021248654 ) ) ;
#2554 = CARTESIAN_POINT ( 'NONE',  ( 13.58647883011063939, -0.2019422908152965490, 14.31438100592469453 ) ) ;
#2555 = DIRECTION ( 'NONE',  ( 1.000000000000000000, 0.0000000000000000000, -6.982962677686266711E-15 ) ) ;
#2556 = CARTESIAN_POINT ( 'NONE',  ( -85.53174712949922309, -53.26669513373683174, 54.31413170390331402 ) ) ;
#2557 = CARTESIAN_POINT ( 'NONE',  ( 12.00000000000000000, 11.99999999999997513, 14.00000000000000178 ) ) ;
#2558 = ORIENTED_EDGE ( 'NONE', *, *, #2750, .T. ) ;
#2559 = CARTESIAN_POINT ( 'NONE',  ( 12.00000000000000000, -50.00000000000000000, 18.00000000000000355 ) ) ;
#2560 = CARTESIAN_POINT ( 'NONE',  ( 15.98193966949657963, -49.55507443370854759, 19.55723948207290519 ) ) ;
#2561 = ORIENTED_EDGE ( 'NONE', *, *, #604, .T. ) ;
#2562 = CARTESIAN_POINT ( 'NONE',  ( 13.40975563850765973, -46.25665654166998308, 31.10170206677781124 ) ) ;
#2563 = CARTESIAN_POINT ( 'NONE',  ( 3.000000000000001776, 2.999999999999999112, 0.0000000000000000000 ) ) ;
#2564 = ORIENTED_EDGE ( 'NONE', *, *, #3635, .T. ) ;
#2565 = CARTESIAN_POINT ( 'NONE',  ( 15.94071642193108929, -50.76281669852487255, 47.60753360167456094 ) ) ;
#2566 = CARTESIAN_POINT ( 'NONE',  ( 13.38970033824032591, 2.870886304350563467, 14.18229641781932138 ) ) ;
#2567 = EDGE_CURVE ( 'NONE', #605, #2568, #3983, .T. ) ;
#2568 = VERTEX_POINT ( 'NONE', #2557 ) ;
#2569 = CIRCLE ( 'NONE', #847, 4.000000000000003553 ) ;
#2570 = CARTESIAN_POINT ( 'NONE',  ( -90.99999999999980105, -50.00000000000000000, 47.40000000000075886 ) ) ;
#2571 = DIRECTION ( 'NONE',  ( 0.0000000000000000000, 1.000000000000000000, 0.0000000000000000000 ) ) ;
#2572 = ORIENTED_EDGE ( 'NONE', *, *, #310, .F. ) ;
#2573 = CARTESIAN_POINT ( 'NONE',  ( -87.44713459501173247, -48.88784840302887602, 57.14115812796949712 ) ) ;
#2574 = ORIENTED_EDGE ( 'NONE', *, *, #2342, .F. ) ;
#2575 = CYLINDRICAL_SURFACE ( 'NONE', #3894, 4.000000000000005329 ) ;
#2576 = CARTESIAN_POINT ( 'NONE',  ( 15.00293323355465880, -47.09763009922826882, 47.27675588909205118 ) ) ;
#2577 = CARTESIAN_POINT ( 'NONE',  ( 13.43587179066385140, -46.26657117532889885, 31.06700315605476348 ) ) ;
#2578 = CALENDAR_DATE ( 2019, 12, 12 ) ;
#2579 = ORIENTED_EDGE ( 'NONE', *, *, #1293, .F. ) ;
#2580 = CARTESIAN_POINT ( 'NONE',  ( 15.80101435575768853, -51.25030818100105279, 46.03499746092847289 ) ) ;
#2581 = ORIENTED_EDGE ( 'NONE', *, *, #1023, .F. ) ;
#2582 = CIRCLE ( 'NONE', #1472, 3.000000000000000888 ) ;
#2583 = CARTESIAN_POINT ( 'NONE',  ( 11.99999999998287592, -0.4721359549995806648, 14.00000000000000355 ) ) ;
#2584 = DIRECTION ( 'NONE',  ( -6.938893903907222067E-15, 0.0000000000000000000, -1.000000000000000000 ) ) ;
#2585 = FACE_OUTER_BOUND ( 'NONE', #88, .T. ) ;
#2586 = CARTESIAN_POINT ( 'NONE',  ( -87.20402656066842439, -50.85859901460234767, 47.11245527157450397 ) ) ;
#2587 = CARTESIAN_POINT ( 'NONE',  ( -85.89044919727408001, -53.50972931672095001, 50.07435784698309078 ) ) ;
#2588 = CARTESIAN_POINT ( 'NONE',  ( 0.0000000000000000000, 0.0000000000000000000, 0.0000000000000000000 ) ) ;
#2589 = DIRECTION ( 'NONE',  ( 9.912705577010287487E-15, 0.0000000000000000000, 1.000000000000000000 ) ) ;
#2590 = CARTESIAN_POINT ( 'NONE',  ( -87.37971112970832621, -52.52837073568097992, 48.83611895393548252 ) ) ;
#2591 = CARTESIAN_POINT ( 'NONE',  ( 11.99999999999997335, -46.00000000000000000, 14.00000000000000178 ) ) ;
#2592 = CARTESIAN_POINT ( 'NONE',  ( 12.00000000000023270, -54.00000000000000711, 52.00000000000000711 ) ) ;
#2593 = CARTESIAN_POINT ( 'NONE',  ( 15.52708454080856804, 9.999999999999976907, 14.46065410564155940 ) ) ;
#2594 = CARTESIAN_POINT ( 'NONE',  ( 8.993679236047912084, -47.36143306618343729, 27.23498426835799791 ) ) ;
#2595 = EDGE_CURVE ( 'NONE', #3709, #1759, #1915, .T. ) ;
#2596 = CARTESIAN_POINT ( 'NONE',  ( 15.66606055596467684, 9.599999999999988987, 14.00000000000002665 ) ) ;
#2597 = CARTESIAN_POINT ( 'NONE',  ( -90.99999999999972999, -50.00000000000000000, 58.00000000000072475 ) ) ;
#2598 = CARTESIAN_POINT ( 'NONE',  ( -87.99999999999968736, -53.99999999999949551, 47.04311615778288314 ) ) ;
#2599 = AXIS2_PLACEMENT_3D ( 'NONE', #421, #2991, #434 ) ;
#2600 = CARTESIAN_POINT ( 'NONE',  ( 9.142222511079086900, -47.20122703659000507, 27.79599949319257490 ) ) ;
#2601 = EDGE_LOOP ( 'NONE', ( #738, #3567, #3798, #1743 ) ) ;
#2602 = CARTESIAN_POINT ( 'NONE',  ( 16.00000000000021672, -50.00000000000000000, 47.99999999999995737 ) ) ;
#2603 = ORIENTED_EDGE ( 'NONE', *, *, #2844, .F. ) ;
#2604 = CARTESIAN_POINT ( 'NONE',  ( -87.25842888227225558, -46.46372907468767721, 53.97824624883803324 ) ) ;
#2605 = DIRECTION ( 'NONE',  ( -0.4685212856658186875, -0.6246950475544239545, -0.6246950475544241765 ) ) ;
#2606 = ORIENTED_EDGE ( 'NONE', *, *, #4054, .T. ) ;
#2607 = CARTESIAN_POINT ( 'NONE',  ( -87.99999999999981526, -51.05527247666187662, 45.08000000000070173 ) ) ;
#2608 = CARTESIAN_POINT ( 'NONE',  ( 11.03175416344811666, -49.75000000000000000, 14.00000000000000888 ) ) ;
#2609 = CARTESIAN_POINT ( 'NONE',  ( 15.00632076395261372, -47.36143306618388493, 27.23498426835637787 ) ) ;
#2610 = CARTESIAN_POINT ( 'NONE',  ( 9.574546903576578671, -46.81771649376497635, 29.13799227101915079 ) ) ;
#2611 = EDGE_LOOP ( 'NONE', ( #1263, #2259 ) ) ;
#2612 = CARTESIAN_POINT ( 'NONE',  ( 12.00000000000000000, 8.999999999999980460, 22.00000000000000355 ) ) ;
#2613 = CIRCLE ( 'NONE', #1657, 1.399999999999999245 ) ;
#2614 = CARTESIAN_POINT ( 'NONE',  ( 9.483987898536531347, -46.88998708927542225, 28.88501569309614680 ) ) ;
#2615 = EDGE_LOOP ( 'NONE', ( #2148, #2507, #913, #3064, #3615 ) ) ;
#2616 = LINE ( 'NONE', #1708, #1760 ) ;
#2617 = VECTOR ( 'NONE', #1450, 1000.000000000000000 ) ;
#2618 = CARTESIAN_POINT ( 'NONE',  ( 15.59165866110164167, 9.905032411586297769, 14.75464041854372610 ) ) ;
#2619 = EDGE_CURVE ( 'NONE', #552, #3404, #3363, .T. ) ;
#2620 = ORIENTED_EDGE ( 'NONE', *, *, #3731, .T. ) ;
#2621 = ADVANCED_FACE ( 'NONE', ( #3564 ), #3699, .T. ) ;
#2622 = CIRCLE ( 'NONE', #1054, 4.000000000000003553 ) ;
#2623 = CARTESIAN_POINT ( 'NONE',  ( -86.79999999999976978, -50.14481987368984051, 47.40000000000073044 ) ) ;
#2624 = EDGE_LOOP ( 'NONE', ( #3060, #1809 ) ) ;
#2625 = AXIS2_PLACEMENT_3D ( 'NONE', #3315, #1092, #3633 ) ;
#2626 = COORDINATED_UNIVERSAL_TIME_OFFSET ( 0, 0, .AHEAD. ) ;
#2627 = CARTESIAN_POINT ( 'NONE',  ( 11.73735322988321705, -46.00000000003549872, 31.99999999986162535 ) ) ;
#2628 = CARTESIAN_POINT ( 'NONE',  ( 11.99999999999997335, -46.00000000000000000, 14.00000000000000178 ) ) ;
#2629 = CARTESIAN_POINT ( 'NONE',  ( 11.25226908649006496, -46.07048519007605591, 31.75330136081338495 ) ) ;
#2630 = FACE_OUTER_BOUND ( 'NONE', #43, .T. ) ;
#2631 = CARTESIAN_POINT ( 'NONE',  ( 15.10548123704149859, -52.52684288075786867, 47.63716663271642204 ) ) ;
#2632 = AXIS2_PLACEMENT_3D ( 'NONE', #1495, #223, #2473 ) ;
#2633 = CARTESIAN_POINT ( 'NONE',  ( -87.99999999999972999, -46.00000000000000000, 57.56417797488760613 ) ) ;
#2634 = LINE ( 'NONE', #1601, #1779 ) ;
#2635 = CARTESIAN_POINT ( 'NONE',  ( 15.19999999999999751, 1.999999999999994893, 15.60000000000000142 ) ) ;
#2636 = CARTESIAN_POINT ( 'NONE',  ( -90.99999999999980105, -51.00000000000000000, 46.00000000000072475 ) ) ;
#2637 = CARTESIAN_POINT ( 'NONE',  ( 11.99999999999997335, -46.00000000000000000, 14.00000000000000178 ) ) ;
#2638 = DIRECTION ( 'NONE',  ( -0.0000000000000000000, -1.000000000000000000, -0.0000000000000000000 ) ) ;
#2639 = DIRECTION ( 'NONE',  ( 1.000000000000000000, 0.0000000000000000000, -6.982962677686266711E-15 ) ) ;
#2640 = CARTESIAN_POINT ( 'NONE',  ( 10.60614493128120017, -46.25070649632955622, 31.12252711204666511 ) ) ;
#2641 = EDGE_CURVE ( 'NONE', #865, #3452, #145, .T. ) ;
#2642 = CARTESIAN_POINT ( 'NONE',  ( 15.55441252233543459, -51.86886286075571917, 47.35239780773836316 ) ) ;
#2643 = DIRECTION ( 'NONE',  ( 0.0000000000000000000, 0.0000000000000000000, 1.000000000000000000 ) ) ;
#2644 = CARTESIAN_POINT ( 'NONE',  ( 9.541321087486277719, 12.00000000021267610, 14.84374688925901964 ) ) ;
#2645 = EDGE_CURVE ( 'NONE', #399, #2312, #2514, .T. ) ;
#2646 = CARTESIAN_POINT ( 'NONE',  ( 7.138761209026490029, -50.54328360351068739, 47.13876120902376954 ) ) ;
#2647 = CARTESIAN_POINT ( 'NONE',  ( 11.65310357839605437, -46.01068301450709441, 14.01068302291565537 ) ) ;
#2648 = ADVANCED_FACE ( 'NONE', ( #3702 ), #3969, .T. ) ;
#2649 = ORIENTED_EDGE ( 'NONE', *, *, #2692, .T. ) ;
#2650 = AXIS2_PLACEMENT_3D ( 'NONE', #2151, #2824, #924 ) ;
#2651 = CARTESIAN_POINT ( 'NONE',  ( 10.05923375522336194, -46.50235351715449639, 30.24180275596990697 ) ) ;
#2652 = ORIENTED_EDGE ( 'NONE', *, *, #3084, .F. ) ;
#2653 = CARTESIAN_POINT ( 'NONE',  ( 15.99999999959350205, -52.69584767228002420, 49.03897514949546377 ) ) ;
#2654 = CARTESIAN_POINT ( 'NONE',  ( 11.99999999999997335, -50.00000000000000000, 14.00000000000000178 ) ) ;
#2655 =( BOUNDED_SURFACE ( )  B_SPLINE_SURFACE ( 3, 2, ( 
 ( #3168, #3491, #875 ),
 ( #2181, #238, #2813 ),
 ( #527, #1187, #274 ),
 ( #1840, #2489, #564 ) ),
 .UNSPECIFIED., .F., .F., .T. ) 
 B_SPLINE_SURFACE_WITH_KNOTS ( ( 4, 4 ),
 ( 3, 3 ),
 ( 0.0000000000000000000, 0.004608327747432311959 ),
 ( 0.0000000000000000000, 1.000000000000000000 ),
 .UNSPECIFIED. ) 
 GEOMETRIC_REPRESENTATION_ITEM ( )  RATIONAL_B_SPLINE_SURFACE ( (
 ( 1.000000000000000000, 0.7071067811865527908, 1.000000000000000000),
 ( 1.000000000000000000, 0.7528158612258571969, 1.000000000000000000),
 ( 1.000000000000000000, 0.7952947950194723115, 1.000000000000000000),
 ( 1.000000000000000000, 0.8353125335501343507, 1.000000000000000000) ) ) 
 REPRESENTATION_ITEM ( '' )  SURFACE ( )  );
#2656 = CARTESIAN_POINT ( 'NONE',  ( 9.713915011959571189, 11.28398501127349363, 12.00664150915469008 ) ) ;
#2657 = VERTEX_POINT ( 'NONE', #3583 ) ;
#2658 = CARTESIAN_POINT ( 'NONE',  ( -87.99999999999974420, -54.00000000000000000, 56.04973048153848225 ) ) ;
#2659 = CARTESIAN_POINT ( 'NONE',  ( 7.906824906238633766, -50.49226908683913706, 47.90682490623640888 ) ) ;
#2660 = ORIENTED_EDGE ( 'NONE', *, *, #2516, .F. ) ;
#2661 = DIRECTION ( 'NONE',  ( -0.0000000000000000000, -0.0000000000000000000, 1.000000000000000000 ) ) ;
#2662 = FACE_OUTER_BOUND ( 'NONE', #429, .T. ) ;
#2663 = CARTESIAN_POINT ( 'NONE',  ( 9.076694448579022634, -47.26684749628273607, 27.56603376354747326 ) ) ;
#2664 = ORIENTED_EDGE ( 'NONE', *, *, #2157, .F. ) ;
#2665 = ORIENTED_EDGE ( 'NONE', *, *, #1189, .T. ) ;
#2666 = CARTESIAN_POINT ( 'NONE',  ( -87.99999999999980105, -50.00000000000000000, 48.00000000000069633 ) ) ;
#2667 = CYLINDRICAL_SURFACE ( 'NONE', #1938, 1.399999999999998579 ) ;
#2668 = CARTESIAN_POINT ( 'NONE',  ( 15.17102056376881691, -52.43999991960213691, 47.55379840891914967 ) ) ;
#2669 = ADVANCED_FACE ( 'NONE', ( #906 ), #4078, .F. ) ;
#2670 = EDGE_CURVE ( 'NONE', #711, #532, #2031, .T. ) ;
#2671 = CARTESIAN_POINT ( 'NONE',  ( 9.629573265644060243, 11.22364348358473229, 12.01156876348554903 ) ) ;
#2672 = PLANE ( 'NONE',  #2460 ) ;
#2673 = CARTESIAN_POINT ( 'NONE',  ( -84.99999999999978684, -47.53989793532459629, 48.83882083656299500 ) ) ;
#2674 = ORIENTED_EDGE ( 'NONE', *, *, #2073, .F. ) ;
#2675 = TOROIDAL_SURFACE ( 'NONE', #428, 1.000000000000005995, 3.000000000000000000 ) ;
#2676 = CARTESIAN_POINT ( 'NONE',  ( 0.1539648449429359689, -50.65197679522133001, 48.05132161498087839 ) ) ;
#2677 = CARTESIAN_POINT ( 'NONE',  ( 15.52708454080856804, 9.999999999999976907, 14.46065410564155940 ) ) ;
#2678 = AXIS2_PLACEMENT_3D ( 'NONE', #172, #2774, #1518 ) ;
#2679 = CARTESIAN_POINT ( 'NONE',  ( 12.10189918242575757, -45.60768521515426954, 22.39231478484306237 ) ) ;
#2680 = CARTESIAN_POINT ( 'NONE',  ( 13.57014784685013709, 11.99999999968006392, 14.31869032493103333 ) ) ;
#2681 = CARTESIAN_POINT ( 'NONE',  ( -87.82908716990310438, -45.99999999999133848, 52.41025888276126921 ) ) ;
#2682 = DIRECTION ( 'NONE',  ( 0.0000000000000000000, 1.000000000000000000, 0.0000000000000000000 ) ) ;
#2683 = B_SPLINE_CURVE_WITH_KNOTS ( 'NONE', 3,
 ( #1326, #2267, #2907, #3227 ),
 .UNSPECIFIED., .F., .F.,
 ( 4, 4 ),
 ( 0.0000000000000000000, 0.003863791039098197870 ),
 .UNSPECIFIED. ) ;
#2684 = DIRECTION ( 'NONE',  ( 6.982962677686266711E-15, 0.0000000000000000000, 1.000000000000000000 ) ) ;
#2685 = CARTESIAN_POINT ( 'NONE',  ( -85.18984676312842907, -47.09579622566577228, 49.24228205539161962 ) ) ;
#2686 = CARTESIAN_POINT ( 'NONE',  ( 4.070078992603098911, -53.01354724702668619, 49.35669299753435268 ) ) ;
#2687 = DIRECTION ( 'NONE',  ( -0.9682458365518535892, -0.2500000000000024425, 1.156482317317871133E-15 ) ) ;
#2688 = ADVANCED_FACE ( 'NONE', ( #2845, #2538, #818 ), #81, .F. ) ;
#2689 = CARTESIAN_POINT ( 'NONE',  ( 12.07305716106216664, -45.96559825326414028, 22.03440174673126251 ) ) ;
#2690 = PLANE ( 'NONE',  #248 ) ;
#2691 = AXIS2_PLACEMENT_3D ( 'NONE', #2395, #2027, #2724 ) ;
#2692 = EDGE_CURVE ( 'NONE', #2167, #1002, #1882, .T. ) ;
#2693 = CARTESIAN_POINT ( 'NONE',  ( -87.99999999999972999, -51.05527247666183399, 58.92000000000071225 ) ) ;
#2694 = VERTEX_POINT ( 'NONE', #3342 ) ;
#2695 = DIRECTION ( 'NONE',  ( -0.0000000000000000000, -0.0000000000000000000, -1.000000000000000000 ) ) ;
#2696 = CARTESIAN_POINT ( 'NONE',  ( 8.819479428105912788, 11.99999999998460964, 15.57069926752775757 ) ) ;
#2697 = PLANE ( 'NONE',  #2983 ) ;
#2698 = EDGE_CURVE ( 'NONE', #890, #3125, #3876, .T. ) ;
#2699 = ORIENTED_EDGE ( 'NONE', *, *, #1860, .T. ) ;
#2700 = CARTESIAN_POINT ( 'NONE',  ( 8.534020631104317189, -52.00103017074183498, 41.60206189331281479 ) ) ;
#2701 = CARTESIAN_POINT ( 'NONE',  ( 10.61899122463110601, -46.82759746173607596, 13.99999999999986677 ) ) ;
#2702 = CARTESIAN_POINT ( 'NONE',  ( 8.993679236047869452, -40.76501573164200920, 20.63856693381659113 ) ) ;
#2703 = EDGE_LOOP ( 'NONE', ( #1651, #3912, #1561 ) ) ;
#2704 = CARTESIAN_POINT ( 'NONE',  ( -87.99999999999977263, -46.00000000000000000, 52.00000000000070344 ) ) ;
#2705 = DIRECTION ( 'NONE',  ( 0.7071067811865533459, 0.0000000000000000000, 0.7071067811865416886 ) ) ;
#2706 =( BOUNDED_CURVE ( )  B_SPLINE_CURVE ( 3, ( #1503, #3102, #922, #3189 ),
 .UNSPECIFIED., .F., .T. ) 
 B_SPLINE_CURVE_WITH_KNOTS ( ( 4, 4 ),
 ( 3.141592653589793116, 4.712388980384689674 ),
 .UNSPECIFIED. ) 
 CURVE ( )  GEOMETRIC_REPRESENTATION_ITEM ( )  RATIONAL_B_SPLINE_CURVE ( ( 1.000000000000000000, 0.8047378541243649375, 0.8047378541243649375, 1.000000000000000000 ) ) 
 REPRESENTATION_ITEM ( '' )  );
#2707 = CARTESIAN_POINT ( 'NONE',  ( 12.29016920260898260, -46.75337646128432567, 14.00000000000000000 ) ) ;
#2708 = ORIENTED_EDGE ( 'NONE', *, *, #3419, .F. ) ;
#2709 = LINE ( 'NONE', #3118, #1256 ) ;
#2710 = ADVANCED_FACE ( 'NONE', ( #1729 ), #1578, .T. ) ;
#2711 = CARTESIAN_POINT ( 'NONE',  ( 8.096178288692053471, -49.09779251977681014, 21.15772618073955158 ) ) ;
#2712 = B_SPLINE_CURVE_WITH_KNOTS ( 'NONE', 3,
 ( #589, #912, #1236, #2547, #3486, #4106, #282, #621, #2868, #937, #2311, #671, #3281, #1015, #3882, #1954, #3266, #378, #3842, #2596 ),
 .UNSPECIFIED., .F., .F.,
 ( 4, 2, 2, 2, 2, 2, 2, 2, 2, 4 ),
 ( -1.582935271506810411E-05, 0.0007932328938039060482, 0.001602295140322880160, 0.002411357386841853946, 0.003220419633360828166, 0.003624950756620318529, 0.004029481879879809325, 0.004838544126398790918, 0.005647606372917771643, 0.006456668619436753236 ),
 .UNSPECIFIED. ) ;
#2713 = VERTEX_POINT ( 'NONE', #2987 ) ;
#2714 = ORIENTED_EDGE ( 'NONE', *, *, #1300, .T. ) ;
#2715 = DIRECTION ( 'NONE',  ( -1.000000000000000000, -0.0000000000000000000, 6.982962677686266711E-15 ) ) ;
#2716 = CARTESIAN_POINT ( 'NONE',  ( 16.00000000002957634, -46.52182239090574001, 50.02032430492432979 ) ) ;
#2717 = FACE_OUTER_BOUND ( 'NONE', #2755, .T. ) ;
#2718 = CARTESIAN_POINT ( 'NONE',  ( 12.00000000000023626, -45.99999999999999289, 52.00000000000000711 ) ) ;
#2719 = CARTESIAN_POINT ( 'NONE',  ( 8.127016653792576761, -48.99999999999999289, 17.00000000000002132 ) ) ;
#2720 = ORIENTED_EDGE ( 'NONE', *, *, #2782, .F. ) ;
#2721 = LINE ( 'NONE', #3779, #1664 ) ;
#2722 = EDGE_CURVE ( 'NONE', #492, #3314, #116, .T. ) ;
#2723 = CARTESIAN_POINT ( 'NONE',  ( -90.99999999999982947, -46.00000000000000000, 43.00000000000072475 ) ) ;
#2724 = DIRECTION ( 'NONE',  ( -1.000000000000000000, 0.0000000000000000000, -0.0000000000000000000 ) ) ;
#2725 = EDGE_LOOP ( 'NONE', ( #2776, #3400 ) ) ;
#2726 = ADVANCED_FACE ( 'NONE', ( #2327 ), #724, .F. ) ;
#2727 = CARTESIAN_POINT ( 'NONE',  ( 12.67624484050072553, -48.48926646069425317, 13.99999999999999822 ) ) ;
#2728 = EDGE_CURVE ( 'NONE', #1439, #605, #1017, .T. ) ;
#2729 = CIRCLE ( 'NONE', #2920, 7.999999999999998224 ) ;
#2730 = CARTESIAN_POINT ( 'NONE',  ( 13.00000000000000178, -50.00000000000000000, 16.99999999999999289 ) ) ;
#2731 = CARTESIAN_POINT ( 'NONE',  ( 16.00000000020317614, -47.52109878497341100, 48.85932101742550060 ) ) ;
#2732 = CARTESIAN_POINT ( 'NONE',  ( 5.986191909741240380, -46.52867360400394858, 49.99539730324922004 ) ) ;
#2733 = CIRCLE ( 'NONE', #822, 1.399999999999998579 ) ;
#2734 = CARTESIAN_POINT ( 'NONE',  ( 11.03175416344811488, -49.75000000000000000, 14.00000000000000711 ) ) ;
#2735 = AXIS2_PLACEMENT_3D ( 'NONE', #2636, #732, #782 ) ;
#2736 = ADVANCED_FACE ( 'NONE', ( #628 ), #3039, .T. ) ;
#2737 = CARTESIAN_POINT ( 'NONE',  ( 8.800000000000007816, 5.599999999999996980, 11.99999999999998934 ) ) ;
#2738 = CARTESIAN_POINT ( 'NONE',  ( 14.81486921009688196, 12.00000000007626610, 15.15716531675817791 ) ) ;
#2739 = CARTESIAN_POINT ( 'NONE',  ( -87.99999999999975842, -51.15169382438516976, 58.80940131041913332 ) ) ;
#2740 = CARTESIAN_POINT ( 'NONE',  ( 20.99999999999999645, 13.00000000000000355, 8.000000000000000000 ) ) ;
#2741 = CARTESIAN_POINT ( 'NONE',  ( 12.70020167953438950, -36.21611387400228210, 21.93826848337506163 ) ) ;
#2742 = B_SPLINE_CURVE_WITH_KNOTS ( 'NONE', 3,
 ( #1574, #2222, #272, #3207, #2249, #2576, #3527, #1870, #2192, #1278, #3831, #4147, #3804, #2517, #914, #3165, #1237, #3489 ),
 .UNSPECIFIED., .F., .F.,
 ( 4, 2, 2, 2, 2, 2, 2, 2, 4 ),
 ( -3.956479038616841627E-05, 0.001112018337710179907, 0.001687809901758355671, 0.002263601465806531435, 0.002839393029854706766, 0.003415184593902879928, 0.003990976157951053524, 0.004278871939975135118, 0.004566767721999216711 ),
 .UNSPECIFIED. ) ;
#2743 = CARTESIAN_POINT ( 'NONE',  ( 9.692140342959950416, -38.56467485309203624, 21.26723791283654919 ) ) ;
#2744 = CARTESIAN_POINT ( 'NONE',  ( 15.99999999978540899, -47.59967623041595886, 48.79849741272019514 ) ) ;
#2745 = CARTESIAN_POINT ( 'NONE',  ( 8.102396141793262174, -49.09125421909350706, 40.30718842538011160 ) ) ;
#2746 = DIRECTION ( 'NONE',  ( 0.0000000000000000000, 0.0000000000000000000, 1.000000000000000000 ) ) ;
#2747 = DIRECTION ( 'NONE',  ( -0.0000000000000000000, -0.0000000000000000000, 1.000000000000000000 ) ) ;
#2748 = CARTESIAN_POINT ( 'NONE',  ( 14.00291910789065852, 11.46769120918232687, 13.54640236735145464 ) ) ;
#2749 = ORIENTED_EDGE ( 'NONE', *, *, #459, .T. ) ;
#2750 = EDGE_CURVE ( 'NONE', #3814, #1435, #1344, .T. ) ;
#2751 = CARTESIAN_POINT ( 'NONE',  ( 12.17021139030371657, -46.36874678403481198, 14.00000000000000178 ) ) ;
#2752 = CARTESIAN_POINT ( 'NONE',  ( 16.00000000000000000, -50.00000000000000000, 16.99999999999997513 ) ) ;
#2753 = CARTESIAN_POINT ( 'NONE',  ( 13.86011995719604251, -37.60443667085331754, 21.54158887847345838 ) ) ;
#2754 = CARTESIAN_POINT ( 'NONE',  ( 12.33381716990508892, -46.00000000000000711, 51.88872761003172229 ) ) ;
#2755 = EDGE_LOOP ( 'NONE', ( #945, #3229, #3554, #3818, #3459, #2278, #2005 ) ) ;
#2756 = CARTESIAN_POINT ( 'NONE',  ( 15.98476965598947075, -49.63922680699040768, 47.23200747141655143 ) ) ;
#2757 = CARTESIAN_POINT ( 'NONE',  ( 0.7631661775456728414, -48.59020181842296182, 48.25438872584864214 ) ) ;
#2758 = EDGE_LOOP ( 'NONE', ( #1310, #599, #1930, #3806, #85 ) ) ;
#2759 = CARTESIAN_POINT ( 'NONE',  ( 10.87420621306895541, -46.61939503919249717, 14.00000000000008171 ) ) ;
#2760 = VECTOR ( 'NONE', #3152, 1000.000000000000000 ) ;
#2761 = ORIENTED_EDGE ( 'NONE', *, *, #310, .T. ) ;
#2762 = CARTESIAN_POINT ( 'NONE',  ( 14.42545309639282536, -38.86200772890082078, 21.18228350625891920 ) ) ;
#2763 = AXIS2_PLACEMENT_3D ( 'NONE', #2294, #985, #1676 ) ;
#2764 = CARTESIAN_POINT ( 'NONE',  ( 15.38946853710521800, 10.12594103289106684, 12.96066717287612846 ) ) ;
#2765 = FACE_OUTER_BOUND ( 'NONE', #3309, .T. ) ;
#2766 = CARTESIAN_POINT ( 'NONE',  ( 15.44356619331909464, 2.883933224205336376, 15.95357328968240118 ) ) ;
#2767 = VERTEX_POINT ( 'NONE', #2752 ) ;
#2768 = ORIENTED_EDGE ( 'NONE', *, *, #1395, .F. ) ;
#2769 = DIRECTION ( 'NONE',  ( -1.000000000000000000, 0.0000000000000000000, 0.0000000000000000000 ) ) ;
#2770 = CARTESIAN_POINT ( 'NONE',  ( 14.18702274327185542, -38.27763179906462909, 21.34924554756629789 ) ) ;
#2771 = CIRCLE ( 'NONE', #2195, 3.000000000000002665 ) ;
#2772 = CARTESIAN_POINT ( 'NONE',  ( 12.65653822693149877, 11.99999999999997513, 14.05424816333089488 ) ) ;
#2773 = B_SPLINE_CURVE_WITH_KNOTS ( 'NONE', 3,
 ( #694, #3576, #3857, #1639, #1945, #336, #3236, #2573, #23, #2929, #659, #1016, #1277, #1653, #2914, #1598 ),
 .UNSPECIFIED., .F., .F.,
 ( 4, 2, 2, 2, 2, 2, 2, 4 ),
 ( 0.003473104263890156116, 0.003905597591940376291, 0.004338090919990596900, 0.004770584248040817509, 0.005203077576091038117, 0.005635570904141257859, 0.006068064232191478467, 0.006933050888291930093 ),
 .UNSPECIFIED. ) ;
#2774 = DIRECTION ( 'NONE',  ( 0.0000000000000000000, 0.0000000000000000000, -1.000000000000000000 ) ) ;
#2775 = CARTESIAN_POINT ( 'NONE',  ( -88.00000000000032685, -45.99999999999933920, 48.42822408062657047 ) ) ;
#2776 = ORIENTED_EDGE ( 'NONE', *, *, #3974, .F. ) ;
#2777 = CARTESIAN_POINT ( 'NONE',  ( 12.32882479844076151, -0.4719546150046155519, 14.00025369942328979 ) ) ;
#2778 = CARTESIAN_POINT ( 'NONE',  ( 8.210236832427206366, -48.71359809408801311, 40.63071049728103645 ) ) ;
#2779 = VERTEX_POINT ( 'NONE', #1162 ) ;
#2780 = LINE ( 'NONE', #233, #3085 ) ;
#2781 = CARTESIAN_POINT ( 'NONE',  ( -87.99999999999977263, -54.00000000000000000, 52.00000000000070344 ) ) ;
#2782 = EDGE_CURVE ( 'NONE', #3214, #1099, #3917, .T. ) ;
#2783 = CARTESIAN_POINT ( 'NONE',  ( 12.52343325251670336, -46.02700697461104085, 31.90547558424538366 ) ) ;
#2784 = CARTESIAN_POINT ( 'NONE',  ( 15.18787874431711238, 10.69565217391303058, 15.30434782608696587 ) ) ;
#2785 = CARTESIAN_POINT ( 'NONE',  ( 15.93039513745816649, 5.855186929254363015, 17.14207477170097604 ) ) ;
#2786 = CARTESIAN_POINT ( 'NONE',  ( 13.00000000000022737, -46.01391308563286486, 51.66666666666666430 ) ) ;
#2787 = EDGE_CURVE ( 'NONE', #208, #3075, #2479, .T. ) ;
#2788 = CARTESIAN_POINT ( 'NONE',  ( 9.155306388746582869, -40.15657901157778298, 20.81231929647217527 ) ) ;
#2789 = CARTESIAN_POINT ( 'NONE',  ( -87.99999999999978684, -46.00000000000000000, 50.95219593014979154 ) ) ;
#2790 = CARTESIAN_POINT ( 'NONE',  ( 9.853658536585369276, 4.195121951219509704, 14.19512195121951414 ) ) ;
#2791 =( BOUNDED_CURVE ( )  B_SPLINE_CURVE ( 3, ( #2346, #3015, #3372, #1387 ),
 .UNSPECIFIED., .F., .T. ) 
 B_SPLINE_CURVE_WITH_KNOTS ( ( 4, 4 ),
 ( 4.712388980384689674, 5.355890089177974822 ),
 .UNSPECIFIED. ) 
 CURVE ( )  GEOMETRIC_REPRESENTATION_ITEM ( )  RATIONAL_B_SPLINE_CURVE ( ( 1.000000000000000000, 0.9657888653670090306, 0.9657888653670090306, 1.000000000000000000 ) ) 
 REPRESENTATION_ITEM ( '' )  );
#2792 = DIRECTION ( 'NONE',  ( -1.000000000000000000, 0.0000000000000000000, 0.0000000000000000000 ) ) ;
#2793 = CARTESIAN_POINT ( 'NONE',  ( 11.00501256289338059, 11.99999999999997513, 17.90000000000000568 ) ) ;
#2794 = CARTESIAN_POINT ( 'NONE',  ( 13.74443937109734826, -46.39705843423703868, 30.61029547735918754 ) ) ;
#2795 = CARTESIAN_POINT ( 'NONE',  ( 14.12092056976086596, 11.39381981093352358, 13.58937271472633590 ) ) ;
#2796 = CARTESIAN_POINT ( 'NONE',  ( 14.41226793154011965, 4.395147906958642103, 14.39514790695952229 ) ) ;
#2797 = CARTESIAN_POINT ( 'NONE',  ( -87.99999999999982947, -54.00000000000000000, 43.00000000000070344 ) ) ;
#2798 = CARTESIAN_POINT ( 'NONE',  ( 21.00000000000000000, 3.000000000000001332, 0.0000000000000000000 ) ) ;
#2799 = CARTESIAN_POINT ( 'NONE',  ( 11.99999999945935514, -36.00000000000000711, 22.00000000000000355 ) ) ;
#2800 = CARTESIAN_POINT ( 'NONE',  ( -87.99999999999981526, -46.00000000000000000, 46.25543735346300878 ) ) ;
#2801 = ORIENTED_EDGE ( 'NONE', *, *, #2046, .F. ) ;
#2802 = CARTESIAN_POINT ( 'NONE',  ( 9.922780319751607792, 4.041115754894879508, 14.19572530601008609 ) ) ;
#2803 = CARTESIAN_POINT ( 'NONE',  ( 13.82330116194659908, -46.43711736651005850, 14.43711735495217141 ) ) ;
#2804 = CARTESIAN_POINT ( 'NONE',  ( 13.54423811462512006, -53.78550136919692903, 49.57343122307695893 ) ) ;
#2805 = DIRECTION ( 'NONE',  ( 6.982962677686266711E-15, 0.0000000000000000000, 1.000000000000000000 ) ) ;
#2806 = ORIENTED_EDGE ( 'NONE', *, *, #1869, .T. ) ;
#2807 = CARTESIAN_POINT ( 'NONE',  ( 14.82827296141568318, -40.08325092996769712, 20.83335687690235005 ) ) ;
#2808 = CARTESIAN_POINT ( 'NONE',  ( 12.45311273605123326, -53.98070563447992498, 50.64066179185073935 ) ) ;
#2809 = EDGE_CURVE ( 'NONE', #1200, #3577, #168, .T. ) ;
#2810 = CARTESIAN_POINT ( 'NONE',  ( -83.99999999999980105, -50.00000000000000000, 47.40000000000070912 ) ) ;
#2811 = VERTEX_POINT ( 'NONE', #1829 ) ;
#2812 = CARTESIAN_POINT ( 'NONE',  ( 13.79001667623913718, -46.42285485460396188, 30.52008425484090282 ) ) ;
#2813 = CARTESIAN_POINT ( 'NONE',  ( 13.38785924141657979, -46.13944630047997464, 50.16550775160550302 ) ) ;
#2814 = DIRECTION ( 'NONE',  ( -0.0000000000000000000, -0.0000000000000000000, 1.000000000000000000 ) ) ;
#2815 = ORIENTED_EDGE ( 'NONE', *, *, #3485, .T. ) ;
#2816 = CARTESIAN_POINT ( 'NONE',  ( 13.00000000000023270, -53.98608691436714224, 51.66666666666666430 ) ) ;
#2817 = CARTESIAN_POINT ( 'NONE',  ( -83.99999999999972999, -50.00000000000000000, 58.00000000000067502 ) ) ;
#2818 = FACE_OUTER_BOUND ( 'NONE', #1083, .T. ) ;
#2819 = AXIS2_PLACEMENT_3D ( 'NONE', #3001, #3961, #1025 ) ;
#2820 = CARTESIAN_POINT ( 'NONE',  ( 10.56017029068459934, 4.264460984200531435, 11.99999999966154896 ) ) ;
#2821 = CARTESIAN_POINT ( 'NONE',  ( 15.77579443060222708, 9.348568106586302662, 14.62857973353588648 ) ) ;
#2822 = CARTESIAN_POINT ( 'NONE',  ( 16.00000000000022027, -50.79735210086227681, 49.34854268323448423 ) ) ;
#2823 = VERTEX_POINT ( 'NONE', #4067 ) ;
#2824 = DIRECTION ( 'NONE',  ( 1.000000000000000000, 0.0000000000000000000, -6.982962677686266711E-15 ) ) ;
#2825 = ORIENTED_EDGE ( 'NONE', *, *, #1159, .F. ) ;
#2826 = CIRCLE ( 'NONE', #4113, 8.000000000000000000 ) ;
#2827 = CARTESIAN_POINT ( 'NONE',  ( 8.866184918713969410, 10.49290916338250490, 12.47142486301771136 ) ) ;
#2828 = CARTESIAN_POINT ( 'NONE',  ( 13.58545363129212191, -46.32225288834469268, 30.87211489534734454 ) ) ;
#2829 = DIRECTION ( 'NONE',  ( -1.000000000000000000, 0.0000000000000000000, 6.983996714282626151E-15 ) ) ;
#2830 = ORIENTED_EDGE ( 'NONE', *, *, #3657, .F. ) ;
#2831 = FACE_OUTER_BOUND ( 'NONE', #311, .T. ) ;
#2832 = CARTESIAN_POINT ( 'NONE',  ( 16.00000000000020961, -50.71021570641467235, 48.06355570973471458 ) ) ;
#2833 = CARTESIAN_POINT ( 'NONE',  ( 13.73959012730488816, -46.39771009214467767, 30.60812708053625641 ) ) ;
#2834 = ORIENTED_EDGE ( 'NONE', *, *, #2619, .T. ) ;
#2835 = CARTESIAN_POINT ( 'NONE',  ( 11.32694130759126239, 11.99999999999997513, 14.26384690133681055 ) ) ;
#2836 = PERSON_AND_ORGANIZATION_ROLE ( 'creator' ) ;
#2837 = CARTESIAN_POINT ( 'NONE',  ( 10.59417806378334248, -36.89311317382547628, 21.74482485744479732 ) ) ;
#2838 = CARTESIAN_POINT ( 'NONE',  ( 15.52708454080856804, 9.999999999999976907, 14.46065410564155940 ) ) ;
#2839 = CARTESIAN_POINT ( 'NONE',  ( 11.03977609074524935, 2.478375396515939855, 14.10199016681113449 ) ) ;
#2840 = CIRCLE ( 'NONE', #4103, 4.000000000000000000 ) ;
#2841 = CARTESIAN_POINT ( 'NONE',  ( 12.67524254654859028, -48.48949006544410878, 13.99999999999999822 ) ) ;
#2842 = AXIS2_PLACEMENT_3D ( 'NONE', #2532, #1895, #4121 ) ;
#2843 = CARTESIAN_POINT ( 'NONE',  ( 11.96964399613821506, 12.00000000000000355, 13.94138791051345905 ) ) ;
#2844 = EDGE_CURVE ( 'NONE', #3075, #1191, #1373, .T. ) ;
#2845 = FACE_BOUND ( 'NONE', #2725, .T. ) ;
#2846 = DIRECTION ( 'NONE',  ( -1.000000000000000000, -0.0000000000000000000, 6.938893903907227589E-15 ) ) ;
#2847 = CARTESIAN_POINT ( 'NONE',  ( 15.84371291701425832, -48.86657901275058435, 21.96697345546582625 ) ) ;
#2848 = CARTESIAN_POINT ( 'NONE',  ( -84.99999999999977263, -50.00000000000000000, 52.00000000000068212 ) ) ;
#2849 = CARTESIAN_POINT ( 'NONE',  ( -87.99999999999972999, -46.00000000000000000, 58.00000000000070344 ) ) ;
#2850 =( BOUNDED_CURVE ( )  B_SPLINE_CURVE ( 3, ( #16, #4150, #2251, #2591 ),
 .UNSPECIFIED., .F., .T. ) 
 B_SPLINE_CURVE_WITH_KNOTS ( ( 4, 4 ),
 ( 4.965069235526768487, 6.283185307179586232 ),
 .UNSPECIFIED. ) 
 CURVE ( )  GEOMETRIC_REPRESENTATION_ITEM ( )  RATIONAL_B_SPLINE_CURVE ( ( 1.000000000000000000, 0.8603796100280632908, 0.8603796100280632908, 1.000000000000000000 ) ) 
 REPRESENTATION_ITEM ( '' )  );
#2851 = CARTESIAN_POINT ( 'NONE',  ( 11.21187076119220905, -36.27435934225692193, 21.92161202931890429 ) ) ;
#2852 = CARTESIAN_POINT ( 'NONE',  ( 10.68958538278546122, 11.79459394183110099, 13.52110661819548731 ) ) ;
#2853 = CARTESIAN_POINT ( 'NONE',  ( -90.99999999999970157, -49.00000000000000000, 61.00000000000072475 ) ) ;
#2854 = AXIS2_PLACEMENT_3D ( 'NONE', #1589, #3807, #3209 ) ;
#2855 = CARTESIAN_POINT ( 'NONE',  ( 8.346027971848073435, -43.34773060024527069, 19.90064839992995260 ) ) ;
#2856 = CARTESIAN_POINT ( 'NONE',  ( -90.99999999999971578, -54.00000000000000000, 58.00000000000072475 ) ) ;
#2857 = CARTESIAN_POINT ( 'NONE',  ( 15.84371291701294027, -46.03302654453816700, 19.13342098725295415 ) ) ;
#2858 = CARTESIAN_POINT ( 'NONE',  ( 14.23878320450417156, -46.68520677985420519, 29.60177624224201764 ) ) ;
#2859 = CARTESIAN_POINT ( 'NONE',  ( 14.77724082354133373, -39.92288022145875459, 20.87914375160753977 ) ) ;
#2860 = EDGE_LOOP ( 'NONE', ( #1807, #395, #690, #1143, #3616 ) ) ;
#2861 = CARTESIAN_POINT ( 'NONE',  ( -86.96628964993887223, -49.45624779138324811, 47.29691130314002834 ) ) ;
#2862 = DIRECTION ( 'NONE',  ( -1.734723475976807094E-15, 0.0000000000000000000, 1.000000000000000000 ) ) ;
#2863 = ORIENTED_EDGE ( 'NONE', *, *, #2073, .T. ) ;
#2864 = CARTESIAN_POINT ( 'NONE',  ( -86.02968766490324981, -53.58250068767095797, 53.78569382454062975 ) ) ;
#2865 = EDGE_CURVE ( 'NONE', #1797, #2012, #2733, .T. ) ;
#2866 = CARTESIAN_POINT ( 'NONE',  ( 15.33077119092377316, -47.77961947053799463, 45.48422588973286196 ) ) ;
#2867 = ORIENTED_EDGE ( 'NONE', *, *, #2645, .T. ) ;
#2868 = CARTESIAN_POINT ( 'NONE',  ( 14.00282126443190833, 11.47303543181363139, 12.01811312475867766 ) ) ;
#2869 = CARTESIAN_POINT ( 'NONE',  ( -85.62947550854622136, -53.34233112980480485, 49.79656627127942414 ) ) ;
#2870 = LINE ( 'NONE', #1171, #1140 ) ;
#2871 = AXIS2_PLACEMENT_3D ( 'NONE', #3061, #3667, #3048 ) ;
#2872 = CARTESIAN_POINT ( 'NONE',  ( 15.67869376686754279, -44.43732909649933305, 19.58933454387912576 ) ) ;
#2873 = CARTESIAN_POINT ( 'NONE',  ( 12.70040286806847973, -46.06131104645080399, 31.78541338179936915 ) ) ;
#2874 = EDGE_LOOP ( 'NONE', ( #444, #2606, #2564, #2649 ) ) ;
#2875 = CARTESIAN_POINT ( 'NONE',  ( 11.74087580046651169, -46.00826768644648723, 31.97050114160397172 ) ) ;
#2876 = CARTESIAN_POINT ( 'NONE',  ( 12.00000000000000000, 11.99999999999997513, 19.00000000000000355 ) ) ;
#2877 = LINE ( 'NONE', #1917, #4047 ) ;
#2878 = CARTESIAN_POINT ( 'NONE',  ( 12.00000000000000000, 8.999999999999980460, 18.00000000000000355 ) ) ;
#2879 = ORIENTED_EDGE ( 'NONE', *, *, #1044, .T. ) ;
#2880 = AXIS2_PLACEMENT_3D ( 'NONE', #3199, #290, #3495 ) ;
#2881 = ORIENTED_EDGE ( 'NONE', *, *, #2900, .T. ) ;
#2882 = CARTESIAN_POINT ( 'NONE',  ( 14.74195255533527060, 0.8985751892407209951, 15.08391210163522267 ) ) ;
#2883 = FACE_OUTER_BOUND ( 'NONE', #1504, .T. ) ;
#2884 = CARTESIAN_POINT ( 'NONE',  ( -85.18984676312832960, -52.90420377433422772, 54.75771794460975883 ) ) ;
#2885 = CARTESIAN_POINT ( 'NONE',  ( -87.31399370334388266, -53.96637293853056860, 52.59874518274379795 ) ) ;
#2886 = EDGE_LOOP ( 'NONE', ( #3933, #1196, #36, #2064 ) ) ;
#2887 = CARTESIAN_POINT ( 'NONE',  ( 10.10383434879337017, 11.72074220503530917, 13.55520599819487870 ) ) ;
#2888 = ADVANCED_FACE ( 'NONE', ( #2288 ), #2655, .T. ) ;
#2889 = DIRECTION ( 'NONE',  ( -0.0000000000000000000, -0.0000000000000000000, 1.000000000000000000 ) ) ;
#2890 = CARTESIAN_POINT ( 'NONE',  ( 13.33333333333354354, -53.77123616632827208, 48.00000000000000711 ) ) ;
#2891 = ORIENTED_EDGE ( 'NONE', *, *, #1644, .F. ) ;
#2892 = PERSON_AND_ORGANIZATION ( #1117, #3717 ) ;
#2893 = CARTESIAN_POINT ( 'NONE',  ( 15.57375334840766001, -48.18602926427494992, 24.34889757511952979 ) ) ;
#2894 = CARTESIAN_POINT ( 'NONE',  ( -87.99999999999980105, -54.00000000000000000, 47.26465890887096322 ) ) ;
#2895 = CARTESIAN_POINT ( 'NONE',  ( -90.99999999999972999, -49.00000000000000000, 58.00000000000072475 ) ) ;
#2896 = LINE ( 'NONE', #846, #921 ) ;
#2897 = CARTESIAN_POINT ( 'NONE',  ( 16.00000000032992631, -51.07611293427466137, 48.14368784347846741 ) ) ;
#2898 = CARTESIAN_POINT ( 'NONE',  ( 12.76663408238394481, 4.057797397713226673, 11.99999999926033212 ) ) ;
#2899 = CARTESIAN_POINT ( 'NONE',  ( 0.0000000000000000000, 0.0000000000000000000, 8.000000000000000000 ) ) ;
#2900 = EDGE_CURVE ( 'NONE', #865, #552, #575, .T. ) ;
#2901 = DIRECTION ( 'NONE',  ( 0.0000000000000000000, 0.0000000000000000000, 1.000000000000000000 ) ) ;
#2902 = DIRECTION ( 'NONE',  ( -9.251858538542962756E-15, 0.0000000000000000000, -1.000000000000000000 ) ) ;
#2903 = CARTESIAN_POINT ( 'NONE',  ( 12.91648317496059661, -44.98032154062234156, 23.01967845937764778 ) ) ;
#2904 = CARTESIAN_POINT ( 'NONE',  ( -87.99999999999977263, -46.00000000000000000, 52.00000000000070344 ) ) ;
#2905 = AXIS2_PLACEMENT_3D ( 'NONE', #2165, #919, #242 ) ;
#2906 = ADVANCED_FACE ( 'NONE', ( #1230 ), #1654, .F. ) ;
#2907 = CARTESIAN_POINT ( 'NONE',  ( 16.00000000000022737, -49.11080687742160222, 50.63320321076518837 ) ) ;
#2908 = CARTESIAN_POINT ( 'NONE',  ( -84.99999999999974420, -47.71428571428316445, 55.28260722659207715 ) ) ;
#2909 = DIRECTION ( 'NONE',  ( -0.0000000000000000000, -0.0000000000000000000, 1.000000000000000000 ) ) ;
#2910 = DIRECTION ( 'NONE',  ( -6.982962677686267499E-15, 0.0000000000000000000, -1.000000000000000000 ) ) ;
#2911 = ORIENTED_EDGE ( 'NONE', *, *, #1788, .F. ) ;
#2912 = CARTESIAN_POINT ( 'NONE',  ( 8.888609178345516781, -53.87206659477398318, 50.96286972611643762 ) ) ;
#2913 = CARTESIAN_POINT ( 'NONE',  ( -85.18986281641818437, -52.90422907383275941, 49.24230806864310495 ) ) ;
#2914 = CARTESIAN_POINT ( 'NONE',  ( -87.99999999999970157, -48.75161125719154853, 58.69848882558740399 ) ) ;
#2915 = VERTEX_POINT ( 'NONE', #917 ) ;
#2916 = CARTESIAN_POINT ( 'NONE',  ( 12.25883739338124023, -46.00620997429727765, 31.97752467942549615 ) ) ;
#2917 = CARTESIAN_POINT ( 'NONE',  ( -91.00000000000014211, 0.0000000000000000000, 6.315746536866847811E-13 ) ) ;
#2918 = ORIENTED_EDGE ( 'NONE', *, *, #3682, .F. ) ;
#2919 = CARTESIAN_POINT ( 'NONE',  ( 16.00000000000021672, -50.00000000000000000, 47.99999999999996447 ) ) ;
#2920 = AXIS2_PLACEMENT_3D ( 'NONE', #3668, #469, #2705 ) ;
#2921 = CARTESIAN_POINT ( 'NONE',  ( -87.47580982951019735, -47.57287801967655128, 55.22766583209244118 ) ) ;
#2922 = EDGE_CURVE ( 'NONE', #1200, #950, #66, .T. ) ;
#2923 = ORIENTED_EDGE ( 'NONE', *, *, #980, .F. ) ;
#2924 = FACE_OUTER_BOUND ( 'NONE', #3, .T. ) ;
#2925 = CARTESIAN_POINT ( 'NONE',  ( 11.99999999999997335, -50.00000000000000000, 14.00000000000000178 ) ) ;
#2926 =( BOUNDED_CURVE ( )  B_SPLINE_CURVE ( 3, ( #3265, #2245, #323, #977 ),
 .UNSPECIFIED., .F., .T. ) 
 B_SPLINE_CURVE_WITH_KNOTS ( ( 4, 4 ),
 ( 0.9272952180016112989, 1.570796326794896558 ),
 .UNSPECIFIED. ) 
 CURVE ( )  GEOMETRIC_REPRESENTATION_ITEM ( )  RATIONAL_B_SPLINE_CURVE ( ( 1.000000000000000000, 0.9657888653670090306, 0.9657888653670090306, 1.000000000000000000 ) ) 
 REPRESENTATION_ITEM ( '' )  );
#2927 = CARTESIAN_POINT ( 'NONE',  ( 8.800000000000002487, 1.999999999999991784, 15.59999999999999964 ) ) ;
#2928 = ORIENTED_EDGE ( 'NONE', *, *, #1842, .T. ) ;
#2929 = CARTESIAN_POINT ( 'NONE',  ( -87.66733795291528963, -48.69922773633472701, 57.46716537571001027 ) ) ;
#2930 = ORIENTED_EDGE ( 'NONE', *, *, #604, .F. ) ;
#2931 = LINE ( 'NONE', #213, #3269 ) ;
#2932 = EDGE_CURVE ( 'NONE', #2315, #641, #1968, .T. ) ;
#2933 = CARTESIAN_POINT ( 'NONE',  ( -87.99999999999980105, -54.00000000000000000, 47.95026951846537600 ) ) ;
#2934 = ORIENTED_EDGE ( 'NONE', *, *, #649, .T. ) ;
#2935 = DIRECTION ( 'NONE',  ( 0.0000000000000000000, 0.5714285714292108853, 0.8206518066478446505 ) ) ;
#2936 = CARTESIAN_POINT ( 'NONE',  ( 16.00000000000021672, -50.25938369148163076, 48.00000001586866460 ) ) ;
#2937 = VERTEX_POINT ( 'NONE', #2849 ) ;
#2938 = APPROVAL_PERSON_ORGANIZATION ( #1156, #4019, #2196 ) ;
#2939 = CARTESIAN_POINT ( 'NONE',  ( 12.61492009101033318, 11.99999999999997513, 13.53296851757210106 ) ) ;
#2940 = FACE_OUTER_BOUND ( 'NONE', #1443, .T. ) ;
#2941 = CARTESIAN_POINT ( 'NONE',  ( 9.735603357352093923, 0.2813396780241812500, 14.69873108593415267 ) ) ;
#2942 = DIRECTION ( 'NONE',  ( -1.000000000000000000, -0.0000000000000000000, 6.938893903907227589E-15 ) ) ;
#2943 = VECTOR ( 'NONE', #1239, 1000.000000000000000 ) ;
#2944 = CARTESIAN_POINT ( 'NONE',  ( 9.222759176736722964, -47.12085624812397100, 28.07711977950130589 ) ) ;
#2945 = ADVANCED_FACE ( 'NONE', ( #3283 ), #2236, .T. ) ;
#2946 = EDGE_CURVE ( 'NONE', #2779, #3597, #2634, .T. ) ;
#2947 = CARTESIAN_POINT ( 'NONE',  ( -84.99999999999974420, -52.28571428571429180, 55.28260722659385351 ) ) ;
#2948 = CARTESIAN_POINT ( 'NONE',  ( -85.14557478668150736, -47.17024214196478482, 54.83250505252087237 ) ) ;
#2949 = AXIS2_PLACEMENT_3D ( 'NONE', #2061, #139, #2386 ) ;
#2950 = DIRECTION ( 'NONE',  ( 1.000000000000000000, 0.0000000000000000000, -6.938893903907227589E-15 ) ) ;
#2951 = EDGE_CURVE ( 'NONE', #1099, #3214, #276, .T. ) ;
#2952 = CARTESIAN_POINT ( 'NONE',  ( -87.88257173800832334, -51.40724693068094808, 46.00553913356890945 ) ) ;
#2953 = CARTESIAN_POINT ( 'NONE',  ( 12.00000000000023270, -54.00000000000000711, 52.00000000000000711 ) ) ;
#2954 = CARTESIAN_POINT ( 'NONE',  ( 11.08351682504049762, -44.98032154062189392, 23.01967845937812029 ) ) ;
#2955 = CARTESIAN_POINT ( 'NONE',  ( 11.03175416344811666, -49.75000000000000000, 14.00000000000000888 ) ) ;
#2956 = AXIS2_PLACEMENT_3D ( 'NONE', #2878, #4115, #2862 ) ;
#2957 = CARTESIAN_POINT ( 'NONE',  ( 9.175456069092208011, -47.16758414533797605, 27.91370289935390403 ) ) ;
#2958 = CARTESIAN_POINT ( 'NONE',  ( 14.78627061626412065, -53.01017250187393870, 48.44799827062784914 ) ) ;
#2959 = ORIENTED_EDGE ( 'NONE', *, *, #3657, .T. ) ;
#2960 = CARTESIAN_POINT ( 'NONE',  ( -85.91600339883187587, -46.47646643663384936, 53.89993447498322610 ) ) ;
#2961 = CARTESIAN_POINT ( 'NONE',  ( 11.24418358488796699, 12.00000000065857364, 14.06055096585246567 ) ) ;
#2962 = CARTESIAN_POINT ( 'NONE',  ( -85.62942966698346936, -46.65770285551608509, 49.79651516906683639 ) ) ;
#2963 = VERTEX_POINT ( 'NONE', #3821 ) ;
#2964 = CARTESIAN_POINT ( 'NONE',  ( 11.82978861711617569, -46.36874678634277558, 14.00000000000000178 ) ) ;
#2965 = CARTESIAN_POINT ( 'NONE',  ( -87.65490853482441480, -53.93872995094789502, 51.17116387429862101 ) ) ;
#2966 = VERTEX_POINT ( 'NONE', #26 ) ;
#2967 = FACE_OUTER_BOUND ( 'NONE', #129, .T. ) ;
#2968 = CARTESIAN_POINT ( 'NONE',  ( 10.86404598894660722, -46.16429052601505134, 31.42495281068134005 ) ) ;
#2969 = CARTESIAN_POINT ( 'NONE',  ( 13.48674712659927089, -53.71699619955539617, 47.53975862759688908 ) ) ;
#2970 = ORIENTED_EDGE ( 'NONE', *, *, #2094, .T. ) ;
#2971 = LINE ( 'NONE', #2853, #1260 ) ;
#2972 = ADVANCED_FACE ( 'NONE', ( #4120, #1330, #466 ), #646, .F. ) ;
#2973 = CARTESIAN_POINT ( 'NONE',  ( -87.65490853483287026, -46.06127004905423661, 52.82883612571124132 ) ) ;
#2974 =( BOUNDED_CURVE ( )  B_SPLINE_CURVE ( 3, ( #2594, #3557, #1611, #3870 ),
 .UNSPECIFIED., .F., .T. ) 
 B_SPLINE_CURVE_WITH_KNOTS ( ( 4, 4 ),
 ( 0.8504543500918809729, 1.570796326794896780 ),
 .UNSPECIFIED. ) 
 CURVE ( )  GEOMETRIC_REPRESENTATION_ITEM ( )  RATIONAL_B_SPLINE_CURVE ( ( 1.000000000000000000, 0.9572243834709244226, 0.9572243834709244226, 1.000000000000000000 ) ) 
 REPRESENTATION_ITEM ( '' )  );
#2975 = EDGE_CURVE ( 'NONE', #1369, #1250, #2850, .T. ) ;
#2976 = CARTESIAN_POINT ( 'NONE',  ( 9.185130789902807180, 12.00000000007605649, 15.15716531675823830 ) ) ;
#2977 = ORIENTED_EDGE ( 'NONE', *, *, #1842, .F. ) ;
#2978 = CARTESIAN_POINT ( 'NONE',  ( 16.00000000000021672, -49.91335740845115510, 47.78831994476620082 ) ) ;
#2979 = VECTOR ( 'NONE', #2117, 1000.000000000000000 ) ;
#2980 = CARTESIAN_POINT ( 'NONE',  ( 8.006430679659937155, -49.73820081462812936, 40.01929203897998377 ) ) ;
#2981 = CARTESIAN_POINT ( 'NONE',  ( 10.75251466428151659, -46.19531629687568142, 14.19531631814620276 ) ) ;
#2982 = ORIENTED_EDGE ( 'NONE', *, *, #1300, .F. ) ;
#2983 = AXIS2_PLACEMENT_3D ( 'NONE', #3000, #1105, #1440 ) ;
#2984 = CARTESIAN_POINT ( 'NONE',  ( -87.37130833747565362, -53.71000056554136393, 50.39318528788859908 ) ) ;
#2985 = EDGE_LOOP ( 'NONE', ( #4, #1846, #1691, #1246 ) ) ;
#2986 = CARTESIAN_POINT ( 'NONE',  ( 16.00000000020357405, -52.47890121502655347, 48.85932101742631062 ) ) ;
#2987 = CARTESIAN_POINT ( 'NONE',  ( 8.000000000000000000, 8.000000000000000000, 18.00000000000000355 ) ) ;
#2988 = CIRCLE ( 'NONE', #330, 3.000000000000002665 ) ;
#2989 = CARTESIAN_POINT ( 'NONE',  ( 8.954428960871540610, 10.78240091335575990, 14.86637347816964372 ) ) ;
#2990 = CARTESIAN_POINT ( 'NONE',  ( -87.99999999999972999, -54.00000000000000000, 57.37035542820809297 ) ) ;
#2991 = DIRECTION ( 'NONE',  ( 1.000000000000000000, 0.0000000000000000000, -6.938893903907227589E-15 ) ) ;
#2992 = CARTESIAN_POINT ( 'NONE',  ( 7.853341816015798393, -50.59219058355366627, 47.85334181601597692 ) ) ;
#2993 = CARTESIAN_POINT ( 'NONE',  ( 10.96245916797096243, -46.55104534804082306, 13.99999999999979394 ) ) ;
#2994 = ADVANCED_FACE ( 'NONE', ( #975 ), #2397, .T. ) ;
#2995 = CARTESIAN_POINT ( 'NONE',  ( 13.32416419264126972, 12.00000000031988812, 14.22322963942607998 ) ) ;
#2996 = AXIS2_PLACEMENT_3D ( 'NONE', #2895, #2225, #2550 ) ;
#2997 = EDGE_CURVE ( 'NONE', #4050, #2144, #3433, .T. ) ;
#2998 = CARTESIAN_POINT ( 'NONE',  ( 19.59999999999999787, 13.00000000000000355, 8.000000000000000000 ) ) ;
#2999 = CARTESIAN_POINT ( 'NONE',  ( 9.411144808102934078, 11.07024526327443326, 13.97709665825423464 ) ) ;
#3000 = CARTESIAN_POINT ( 'NONE',  ( 0.0000000000000000000, 0.0000000000000000000, 8.000000000000000000 ) ) ;
#3001 = CARTESIAN_POINT ( 'NONE',  ( 16.00000000000019540, -61.31370849898478070, 47.99999999999999289 ) ) ;
#3002 = EDGE_CURVE ( 'NONE', #4149, #1131, #2427, .T. ) ;
#3003 = CARTESIAN_POINT ( 'NONE',  ( 0.01929203897981571908, -50.26179918537336277, 48.00643067966002775 ) ) ;
#3004 = CARTESIAN_POINT ( 'NONE',  ( 15.43595579069891244, 10.19373022074402080, 14.18641462324690039 ) ) ;
#3005 = EDGE_LOOP ( 'NONE', ( #4144, #3658, #3600, #2100 ) ) ;
#3006 = CARTESIAN_POINT ( 'NONE',  ( 8.556433806681155829, 5.953573289681923342, 12.88393322420564502 ) ) ;
#3007 = AXIS2_PLACEMENT_3D ( 'NONE', #3445, #1525, #556 ) ;
#3008 = CARTESIAN_POINT ( 'NONE',  ( 20.99999999999999645, 13.00000000000000355, 0.0000000000000000000 ) ) ;
#3009 = ORIENTED_EDGE ( 'NONE', *, *, #3816, .F. ) ;
#3010 = CARTESIAN_POINT ( 'NONE',  ( 15.76663950465260378, -51.35052687624547474, 45.94412363336215321 ) ) ;
#3011 = ADVANCED_FACE ( 'NONE', ( #1420 ), #2183, .T. ) ;
#3012 = CARTESIAN_POINT ( 'NONE',  ( 12.00000000000000000, 8.000000000000000000, 18.00000000000000355 ) ) ;
#3013 = CARTESIAN_POINT ( 'NONE',  ( 10.53246336608088640, 11.72674543849585049, 12.25360791512933289 ) ) ;
#3014 = ORIENTED_EDGE ( 'NONE', *, *, #1511, .T. ) ;
#3015 = CARTESIAN_POINT ( 'NONE',  ( 15.99999999999999289, 7.126854664667192196, 15.81713666166798760 ) ) ;
#3016 = CARTESIAN_POINT ( 'NONE',  ( -86.45652696556058459, -46.23005709512104033, 50.62902044413764457 ) ) ;
#3017 = CARTESIAN_POINT ( 'NONE',  ( 6.682185524037783431, -53.59533184179360177, 50.22739517467895354 ) ) ;
#3018 = ORIENTED_EDGE ( 'NONE', *, *, #1644, .T. ) ;
#3019 = CARTESIAN_POINT ( 'NONE',  ( 9.353304127712531724, -39.49897295021052201, 21.00029344292476452 ) ) ;
#3020 = EDGE_CURVE ( 'NONE', #3125, #1250, #182, .T. ) ;
#3021 = ORIENTED_EDGE ( 'NONE', *, *, #2932, .F. ) ;
#3022 = PLANE ( 'NONE',  #708 ) ;
#3023 = ORIENTED_EDGE ( 'NONE', *, *, #871, .T. ) ;
#3024 = CIRCLE ( 'NONE', #1603, 4.000000000000010658 ) ;
#3025 =( BOUNDED_CURVE ( )  B_SPLINE_CURVE ( 3, ( #1988, #2316, #1100, #150 ),
 .UNSPECIFIED., .F., .F. ) 
 B_SPLINE_CURVE_WITH_KNOTS ( ( 4, 4 ),
 ( 1.570796326794896558, 3.141592653589793116 ),
 .UNSPECIFIED. ) 
 CURVE ( )  GEOMETRIC_REPRESENTATION_ITEM ( )  RATIONAL_B_SPLINE_CURVE ( ( 1.000000000000000000, 0.8047378541243649375, 0.8047378541243649375, 1.000000000000000000 ) ) 
 REPRESENTATION_ITEM ( '' )  );
#3026 = CARTESIAN_POINT ( 'NONE',  ( -87.83972713833873058, -51.39925053343783645, 57.85676260262609105 ) ) ;
#3027 = EDGE_LOOP ( 'NONE', ( #1006, #3313, #4006, #3056, #1311, #2006, #2530, #2448 ) ) ;
#3028 = VECTOR ( 'NONE', #252, 1000.000000000000000 ) ;
#3029 = EDGE_CURVE ( 'NONE', #2463, #651, #20, .T. ) ;
#3030 = CARTESIAN_POINT ( 'NONE',  ( 9.824636139636645282, 11.35787935896831335, 13.61534597810309144 ) ) ;
#3031 = CARTESIAN_POINT ( 'NONE',  ( 13.00000000000023448, -49.00347827140821977, 51.91666666666666430 ) ) ;
#3032 = ORIENTED_EDGE ( 'NONE', *, *, #3581, .T. ) ;
#3033 = CARTESIAN_POINT ( 'NONE',  ( 1.231827762327640352, -51.77014372386584995, 48.41060925410889837 ) ) ;
#3034 = AXIS2_PLACEMENT_3D ( 'NONE', #3943, #1077, #3332 ) ;
#3035 = VECTOR ( 'NONE', #3980, 1000.000000000000000 ) ;
#3036 = CARTESIAN_POINT ( 'NONE',  ( 9.076694448575034713, -40.43396623645567445, 20.73315250371279106 ) ) ;
#3037 = DIRECTION ( 'NONE',  ( 1.000000000000000000, 0.0000000000000000000, -6.982962677686266711E-15 ) ) ;
#3038 = CARTESIAN_POINT ( 'NONE',  ( 12.75581641511200104, 12.00000000065857186, 14.06055096585245501 ) ) ;
#3039 = TOROIDAL_SURFACE ( 'NONE', #3689, 1.000000000000005995, 3.000000000000000000 ) ;
#3040 = CARTESIAN_POINT ( 'NONE',  ( -87.04271320601142747, -50.65366798998336861, 56.75611998749286613 ) ) ;
#3041 = CARTESIAN_POINT ( 'NONE',  ( 8.321306233133627828, -48.41066545611780469, 23.56267090349709292 ) ) ;
#3042 = B_SPLINE_CURVE_WITH_KNOTS ( 'NONE', 3,
 ( #2693, #2739, #1396, #4007, #3692, #2373, #3026, #1755, #3340, #1414, #3670, #2057, #2384, #3040, #3354, #1426, #561, #3122, #898, #3109 ),
 .UNSPECIFIED., .F., .F.,
 ( 4, 2, 2, 2, 2, 2, 2, 2, 2, 4 ),
 ( 0.0000000000000000000, 0.0004341380329862694061, 0.0008682760659725388122, 0.001302414098958808164, 0.001736552131945077624, 0.002170690164931347085, 0.002604828197917616328, 0.003038966230903886005, 0.003256035247397020844, 0.003473104263890156116 ),
 .UNSPECIFIED. ) ;
#3043 = DIRECTION ( 'NONE',  ( -0.0000000000000000000, -1.000000000000000000, -0.0000000000000000000 ) ) ;
#3044 = CARTESIAN_POINT ( 'NONE',  ( 15.13439540398691108, -47.50518420238741157, 45.47081967164035632 ) ) ;
#3045 = ADVANCED_FACE ( 'NONE', ( #3334 ), #1631, .T. ) ;
#3046 = DIRECTION ( 'NONE',  ( 1.000000000000000000, 0.0000000000000000000, -6.983996714282626151E-15 ) ) ;
#3047 = CARTESIAN_POINT ( 'NONE',  ( 10.41454636837283765, -37.12788510517832208, 21.67774711150553557 ) ) ;
#3048 = DIRECTION ( 'NONE',  ( 0.0000000000000000000, 0.0000000000000000000, 1.000000000000000000 ) ) ;
#3049 = CARTESIAN_POINT ( 'NONE',  ( 14.17536386036393203, 11.35787935896793677, 13.61534597810236313 ) ) ;
#3050 = AXIS2_PLACEMENT_3D ( 'NONE', #3590, #2639, #1642 ) ;
#3051 = EDGE_CURVE ( 'NONE', #3569, #4116, #3381, .T. ) ;
#3052 = ADVANCED_FACE ( 'NONE', ( #1115 ), #768, .F. ) ;
#3053 = CARTESIAN_POINT ( 'NONE',  ( 8.426246651594361481, -48.18602926427161748, 24.34889757511677999 ) ) ;
#3054 = CARTESIAN_POINT ( 'NONE',  ( 8.140425988357572251, 10.71449050047495533, 16.91420379980991839 ) ) ;
#3055 = CARTESIAN_POINT ( 'NONE',  ( 15.39080265164504802, -47.86215241159700184, 47.38767187705659722 ) ) ;
#3056 = ORIENTED_EDGE ( 'NONE', *, *, #3844, .T. ) ;
#3057 = CARTESIAN_POINT ( 'NONE',  ( 8.410609254109695954, -48.22985627613283555, 41.23182776232821567 ) ) ;
#3058 = CARTESIAN_POINT ( 'NONE',  ( 11.18565219625275553, -49.12139511496617672, 14.00000000000000533 ) ) ;
#3059 = CARTESIAN_POINT ( 'NONE',  ( 12.12277004307659389, -45.77103791292226020, 22.22896208708052157 ) ) ;
#3060 = ORIENTED_EDGE ( 'NONE', *, *, #2865, .F. ) ;
#3061 = CARTESIAN_POINT ( 'NONE',  ( 12.00000000000000000, 11.99999999999997513, 18.00000000000000355 ) ) ;
#3062 = CARTESIAN_POINT ( 'NONE',  ( 14.89662660217817702, 10.87234010306239362, 14.51703372892478505 ) ) ;
#3063 = CARTESIAN_POINT ( 'NONE',  ( 12.04009904483528537, -46.06989457720420944, 14.00000000000000533 ) ) ;
#3064 = ORIENTED_EDGE ( 'NONE', *, *, #1625, .F. ) ;
#3065 = FACE_OUTER_BOUND ( 'NONE', #1150, .T. ) ;
#3066 = CARTESIAN_POINT ( 'NONE',  ( 10.22042399223589726, -45.45084736997401365, 22.54915263003208636 ) ) ;
#3067 = CARTESIAN_POINT ( 'NONE',  ( 13.13595401053848022, -36.57504718879209094, 21.83570947413786811 ) ) ;
#3068 = CARTESIAN_POINT ( 'NONE',  ( 12.00000000000023981, -46.00000000000000000, 52.00000000000000711 ) ) ;
#3069 = B_SPLINE_CURVE_WITH_KNOTS ( 'NONE', 3,
 ( #3220, #1248, #3497, #2237 ),
 .UNSPECIFIED., .F., .F.,
 ( 4, 4 ),
 ( 0.0000000000000000000, 0.003325943489590523112 ),
 .UNSPECIFIED. ) ;
#3070 = VERTEX_POINT ( 'NONE', #2612 ) ;
#3071 = CARTESIAN_POINT ( 'NONE',  ( 15.80101435575770985, -48.74969181899902537, 46.03499746093068268 ) ) ;
#3072 = CIRCLE ( 'NONE', #3034, 2.999999999999999112 ) ;
#3073 = CARTESIAN_POINT ( 'NONE',  ( 10.22739517467911519, -46.40466815820639823, 46.68218552403895671 ) ) ;
#3074 = CARTESIAN_POINT ( 'NONE',  ( 10.17669883804304121, -46.43711736651546573, 14.43711735495759463 ) ) ;
#3075 = VERTEX_POINT ( 'NONE', #1007 ) ;
#3076 = CIRCLE ( 'NONE', #1081, 1.400000000000033218 ) ;
#3077 = CARTESIAN_POINT ( 'NONE',  ( 15.55822566358433434, -51.83315786182345164, 45.61243526167187667 ) ) ;
#3078 = EDGE_CURVE ( 'NONE', #2048, #1049, #718, .T. ) ;
#3079 = CARTESIAN_POINT ( 'NONE',  ( -85.04490922717550916, -47.38310295902828528, 55.03170928331326905 ) ) ;
#3080 = CARTESIAN_POINT ( 'NONE',  ( 14.27783263323525276, 11.28841337912229115, 13.67588682976782621 ) ) ;
#3081 = EDGE_LOOP ( 'NONE', ( #1996, #3866, #1291, #3014, #1139, #3525 ) ) ;
#3082 = CARTESIAN_POINT ( 'NONE',  ( 2.834848610088290588, 11.99999999999994849, 13.99999999999997158 ) ) ;
#3083 = CARTESIAN_POINT ( 'NONE',  ( -90.99999999999970157, -54.00000000000000000, 61.00000000000072475 ) ) ;
#3084 = EDGE_CURVE ( 'NONE', #1250, #448, #414, .T. ) ;
#3085 = VECTOR ( 'NONE', #3487, 1000.000000000000000 ) ;
#3086 = DIRECTION ( 'NONE',  ( -1.000000000000000000, 0.0000000000000000000, 0.0000000000000000000 ) ) ;
#3087 = CARTESIAN_POINT ( 'NONE',  ( 14.93625196825103174, -47.23116819194542160, 47.96701768034310476 ) ) ;
#3088 = CARTESIAN_POINT ( 'NONE',  ( 9.477645939034369249, -46.60845551448553437, 49.47764593903327324 ) ) ;
#3089 = CARTESIAN_POINT ( 'NONE',  ( 12.54295293105936082, -46.23215793785085026, 13.99999999999999822 ) ) ;
#3090 = CARTESIAN_POINT ( 'NONE',  ( 15.04841329192713317, -52.59408212481937284, 45.49888129484480004 ) ) ;
#3091 = CARTESIAN_POINT ( 'NONE',  ( 14.57952387865283583, -39.29445736667096156, 21.05872646643483392 ) ) ;
#3092 = CARTESIAN_POINT ( 'NONE',  ( 15.52793424021739810, 9.893718287952612656, 13.34351603631798788 ) ) ;
#3093 = CARTESIAN_POINT ( 'NONE',  ( 7.999999999999968914, -50.00000000000000000, 14.00000000000003020 ) ) ;
#3094 = DIRECTION ( 'NONE',  ( 0.0000000000000000000, 0.7071067811865443531, 0.7071067811865507924 ) ) ;
#3095 = CARTESIAN_POINT ( 'NONE',  ( 15.19999999999999574, 1.999999999999995781, 15.59999999999999964 ) ) ;
#3096 = B_SPLINE_CURVE_WITH_KNOTS ( 'NONE', 3,
 ( #1564, #2542, #631, #2884, #3502, #3201, #331, #3799, #2864, #1273, #1880, #4099, #3518, #1922, #1583, #1593, #2200, #1244 ),
 .UNSPECIFIED., .F., .F.,
 ( 4, 2, 2, 2, 2, 2, 2, 2, 4 ),
 ( 0.0000000000000000000, 0.0006374971822158370357, 0.001274994364431674071, 0.001912491546647510999, 0.002549988728863348143, 0.003824983093295021997, 0.004462480275510859358, 0.004781228866618785628, 0.005099977457726711898 ),
 .UNSPECIFIED. ) ;
#3097 = CARTESIAN_POINT ( 'NONE',  ( 9.016346073102653236, -40.67462452819840735, 20.66439299190045986 ) ) ;
#3098 = DIRECTION ( 'NONE',  ( 0.0000000000000000000, 0.0000000000000000000, 1.000000000000000000 ) ) ;
#3099 = CARTESIAN_POINT ( 'NONE',  ( 12.26575996178235783, 2.211488820465431715, 14.00015638347826119 ) ) ;
#3100 = CARTESIAN_POINT ( 'NONE',  ( 1.063725042183850444, -48.34833072265632836, 48.35457501406121850 ) ) ;
#3101 =( BOUNDED_SURFACE ( )  B_SPLINE_SURFACE ( 3, 2, ( 
 ( #1944, #2790, #1501 ),
 ( #2477, #2802, #1177 ),
 ( #3478, #1534, #3428 ),
 ( #1167, #1858, #585 ),
 ( #3129, #1485, #2186 ),
 ( #1833, #2146, #3714 ),
 ( #3457, #228, #3739 ),
 ( #4057, #4026, #2168 ),
 ( #2494, #215, #549 ),
 ( #3440, #879, #4072 ),
 ( #2461, #1194, #569 ),
 ( #3774, #2839, #2820 ),
 ( #201, #264, #4038 ),
 ( #891, #1821, #907 ),
 ( #1520, #533, #843 ),
 ( #2444, #2506, #3756 ),
 ( #3146, #521, #4084 ),
 ( #2777, #3099, #3413 ),
 ( #3725, #3501, #2898 ),
 ( #1878, #617, #1024 ),
 ( #2554, #934, #920 ),
 ( #3188, #2566, #291 ),
 ( #3174, #3788, #2242 ),
 ( #2527, #1582, #639 ),
 ( #3835, #3517, #319 ),
 ( #2882, #960, #2541 ),
 ( #1243, #1592, #3212 ),
 ( #2232, #1283, #4117 ),
 ( #303, #598, #3534 ),
 ( #2635, #1939, #3278 ) ),
 .UNSPECIFIED., .F., .F., .T. ) 
 B_SPLINE_SURFACE_WITH_KNOTS ( ( 4, 2, 2, 2, 2, 2, 2, 2, 2, 2, 2, 2, 2, 2, 4 ),
 ( 3, 3 ),
 ( 0.01441354575720529135, 0.01563021551965468325, 0.01684688528210407515, 0.01806355504455346705, 0.01928022480700285549, 0.02049689456945224392, 0.02171356433190163582, 0.02293023409435102772, 0.02414690385680041962, 0.02658024338169920342, 0.02901358290659798375, 0.03023025266904737218, 0.03144692243149676408, 0.03266359219394615598, 0.03388026195639554788 ),
 ( 0.0000000000000000000, 1.000000000000000000 ),
 .UNSPECIFIED. ) 
 GEOMETRIC_REPRESENTATION_ITEM ( )  RATIONAL_B_SPLINE_SURFACE ( (
 ( 1.000000000000000000, 0.9055385138137416190, 1.000000000000000000),
 ( 1.000000000000000000, 0.9041389098014839254, 1.000000000000000000),
 ( 1.000000000000000000, 0.9028556391155340144, 1.000000000000000000),
 ( 1.000000000000000000, 0.9008585407031739489, 1.000000000000000000),
 ( 1.000000000000000000, 0.9001423378442297007, 1.000000000000000000),
 ( 1.000000000000000000, 0.8993959853169772867, 1.000000000000000000),
 ( 1.000000000000000000, 0.8993686441424827427, 1.000000000000000000),
 ( 1.000000000000000000, 0.9000195451296585381, 1.000000000000000000),
 ( 1.000000000000000000, 0.9006895537915581285, 1.000000000000000000),
 ( 1.000000000000000000, 0.9025293366932248817, 1.000000000000000000),
 ( 1.000000000000000000, 0.9036996092299577343, 1.000000000000000000),
 ( 1.000000000000000000, 0.9062301564465821135, 1.000000000000000000),
 ( 1.000000000000000000, 0.9075659840952798874, 1.000000000000000000),
 ( 1.000000000000000000, 0.9099539259091076193, 1.000000000000000000),
 ( 1.000000000000000000, 0.9110063933971016548, 1.000000000000000000),
 ( 1.000000000000000000, 0.9124723344349759957, 1.000000000000000000),
 ( 1.000000000000000000, 0.9128758415641733404, 1.000000000000000000),
 ( 1.000000000000000000, 0.9128609627573517349, 1.000000000000000000),
 ( 1.000000000000000000, 0.9111502795277298672, 1.000000000000000000),
 ( 1.000000000000000000, 0.9063147330017332637, 1.000000000000000000),
 ( 1.000000000000000000, 0.9034589749571592110, 1.000000000000000000),
 ( 1.000000000000000000, 0.9006946223068436064, 1.000000000000000000),
 ( 1.000000000000000000, 0.9000152738141121711, 1.000000000000000000),
 ( 1.000000000000000000, 0.8993700940179641945, 1.000000000000000000),
 ( 1.000000000000000000, 0.8993947116383846918, 1.000000000000000000),
 ( 1.000000000000000000, 0.9001307872635353480, 1.000000000000000000),
 ( 1.000000000000000000, 0.9008415964719533875, 1.000000000000000000),
 ( 1.000000000000000000, 0.9028441788266592383, 1.000000000000000000),
 ( 1.000000000000000000, 0.9041180781295417024, 1.000000000000000000),
 ( 1.000000000000000000, 0.9055385138137415080, 1.000000000000000000) ) ) 
 REPRESENTATION_ITEM ( '' )  SURFACE ( )  );
#3102 = CARTESIAN_POINT ( 'NONE',  ( 1.986323419543443686E-13, -52.34314575050763096, 48.00000000000007816 ) ) ;
#3103 = CARTESIAN_POINT ( 'NONE',  ( 15.96365306209500368, -50.55972560533938776, 46.88545417024943163 ) ) ;
#3104 = CARTESIAN_POINT ( 'NONE',  ( 11.87722995804212545, -45.77103791349215101, 22.22896208650969285 ) ) ;
#3105 = CARTESIAN_POINT ( 'NONE',  ( 15.66606055596467328, 11.99999999999997513, 16.40000000000000568 ) ) ;
#3106 = AXIS2_PLACEMENT_3D ( 'NONE', #2559, #2571, #2901 ) ;
#3107 = VERTEX_POINT ( 'NONE', #3257 ) ;
#3108 = EDGE_CURVE ( 'NONE', #1041, #1000, #4000, .T. ) ;
#3109 = CARTESIAN_POINT ( 'NONE',  ( -86.79999999999972715, -50.00000000000000711, 56.60000000000069065 ) ) ;
#3110 = CARTESIAN_POINT ( 'NONE',  ( 13.38623601367613958, -36.86758342950211897, 21.75211916343022267 ) ) ;
#3111 = SECURITY_CLASSIFICATION_LEVEL ( 'unclassified' ) ;
#3112 = EDGE_LOOP ( 'NONE', ( #315, #3572, #3851, #3422 ) ) ;
#3113 = CARTESIAN_POINT ( 'NONE',  ( 9.289240191852375261, -39.70512764874776224, 20.94139202370524799 ) ) ;
#3114 = CARTESIAN_POINT ( 'NONE',  ( -87.82908716988623610, -45.99999999999999289, 51.58974111724332801 ) ) ;
#3115 = AXIS2_PLACEMENT_3D ( 'NONE', #4035, #1515, #528 ) ;
#3116 = ORIENTED_EDGE ( 'NONE', *, *, #3631, .F. ) ;
#3117 = CARTESIAN_POINT ( 'NONE',  ( 16.00000000000023448, -50.99652172859179444, 51.91666666666664298 ) ) ;
#3118 = CARTESIAN_POINT ( 'NONE',  ( 8.000000000000000000, 8.000000000000000000, 18.00000000000000355 ) ) ;
#3119 = ORIENTED_EDGE ( 'NONE', *, *, #1123, .F. ) ;
#3120 = CARTESIAN_POINT ( 'NONE',  ( 14.01930426471624180, -37.90261722569759684, 21.45639507756788333 ) ) ;
#3121 = FACE_OUTER_BOUND ( 'NONE', #3210, .T. ) ;
#3122 = CARTESIAN_POINT ( 'NONE',  ( -86.81036699139417578, -50.14649917676586455, 56.60588912482167956 ) ) ;
#3123 = CARTESIAN_POINT ( 'NONE',  ( 14.37810486211056116, -46.78302996097195887, 29.25937318624581707 ) ) ;
#3124 = ORIENTED_EDGE ( 'NONE', *, *, #3246, .T. ) ;
#3125 = VERTEX_POINT ( 'NONE', #2608 ) ;
#3126 = CIRCLE ( 'NONE', #685, 1.400000000000000133 ) ;
#3127 = DIRECTION ( 'NONE',  ( -1.000000000000000000, -0.0000000000000000000, 6.942363350859181992E-15 ) ) ;
#3128 = ORIENTED_EDGE ( 'NONE', *, *, #2491, .F. ) ;
#3129 = CARTESIAN_POINT ( 'NONE',  ( 9.255843974069140501, 0.9022338509041714083, 15.08596289254041878 ) ) ;
#3130 = CARTESIAN_POINT ( 'NONE',  ( -87.99999999999971578, -50.00000000000000000, 59.40000000000070912 ) ) ;
#3131 = CIRCLE ( 'NONE', #613, 3.000000000000002665 ) ;
#3132 = ORIENTED_EDGE ( 'NONE', *, *, #754, .F. ) ;
#3133 = AXIS2_PLACEMENT_3D ( 'NONE', #3362, #1738, #128 ) ;
#3134 = CARTESIAN_POINT ( 'NONE',  ( 15.41468126550186213, -52.08839399405038506, 45.51380672520559045 ) ) ;
#3135 = EDGE_CURVE ( 'NONE', #3187, #385, #2773, .T. ) ;
#3136 = CARTESIAN_POINT ( 'NONE',  ( 11.88404048573217153, -45.84973726231353197, 22.15026273768827991 ) ) ;
#3137 = DIRECTION ( 'NONE',  ( -4.625929269271481378E-15, 0.0000000000000000000, -1.000000000000000000 ) ) ;
#3138 = CIRCLE ( 'NONE', #3133, 1.400000000000000133 ) ;
#3139 = CARTESIAN_POINT ( 'NONE',  ( 15.72690221957389767, 6.531596018048186458, 14.32899004512022678 ) ) ;
#3140 = DIRECTION ( 'NONE',  ( 1.000000000000000000, 0.0000000000000000000, -6.938893903907227589E-15 ) ) ;
#3141 = CARTESIAN_POINT ( 'NONE',  ( 9.074035194847771990, 11.99999999999936229, 14.83368615168943627 ) ) ;
#3142 = EDGE_CURVE ( 'NONE', #210, #1571, #925, .T. ) ;
#3143 = PERSON_AND_ORGANIZATION_ROLE ( 'classification_officer' ) ;
#3144 = CARTESIAN_POINT ( 'NONE',  ( 11.05066682983013493, -36.39763697907116580, 21.88639630160024652 ) ) ;
#3145 = CARTESIAN_POINT ( 'NONE',  ( -85.53174712949925151, -46.73330486626316116, 49.68586829609808575 ) ) ;
#3146 = CARTESIAN_POINT ( 'NONE',  ( 11.84023873140007233, -0.4722253364217814386, 13.99987495303996887 ) ) ;
#3147 = CARTESIAN_POINT ( 'NONE',  ( 11.34572706268514430, -46.05365723098628195, 31.81205894099054632 ) ) ;
#3148 = AXIS2_PLACEMENT_3D ( 'NONE', #3328, #446, #3642 ) ;
#3149 = CARTESIAN_POINT ( 'NONE',  ( 9.553684425883050224, 11.16743612998563862, 12.01999279896174677 ) ) ;
#3150 = CARTESIAN_POINT ( 'NONE',  ( 12.16178451507787983, -45.19021898368103507, 22.80978101631986377 ) ) ;
#3151 = CARTESIAN_POINT ( 'NONE',  ( -87.99999999999982947, -46.00000000000000000, 43.00000000000070344 ) ) ;
#3152 = DIRECTION ( 'NONE',  ( -0.0000000000000000000, -1.000000000000000000, -0.0000000000000000000 ) ) ;
#3153 = CARTESIAN_POINT ( 'NONE',  ( 14.58823529411773201, -46.67243867676910440, 49.41176470588247582 ) ) ;
#3154 = DIRECTION ( 'NONE',  ( 0.0000000000000000000, 0.0000000000000000000, 1.000000000000000000 ) ) ;
#3155 = APPROVAL_STATUS ( 'not_yet_approved' ) ;
#3156 =( BOUNDED_SURFACE ( )  B_SPLINE_SURFACE ( 3, 2, ( 
 ( #2602, #2919, #353 ),
 ( #678, #3544, #2936 ),
 ( #3253, #637, #3566 ),
 ( #2241, #1645, #3879 ),
 ( #368, #2565, #2897 ),
 ( #3211, #1282, #3834 ),
 ( #1, #2254, #329 ),
 ( #2580, #3914, #3887 ),
 ( #3010, #1021, #1674 ),
 ( #1374, #2642, #402 ),
 ( #1072, #2028, #2986 ),
 ( #426, #3601, #2653 ),
 ( #2000, #3926, #1659 ),
 ( #3937, #2668, #1045 ),
 ( #2330, #2631, #739 ),
 ( #79, #3619, #701 ),
 ( #1981, #727, #3327 ),
 ( #1349, #3582, #755 ),
 ( #1362, #2958, #3298 ),
 ( #3287, #1696, #2016 ),
 ( #2969, #55, #3274 ),
 ( #110, #2356, #3900 ) ),
 .UNSPECIFIED., .F., .F., .T. ) 
 B_SPLINE_SURFACE_WITH_KNOTS ( ( 4, 2, 2, 2, 2, 2, 2, 2, 2, 2, 4 ),
 ( 3, 3 ),
 ( -2.190892329908851189E-05, 0.0009696215938468471770, 0.001961152110992782967, 0.003944213145284654332, 0.004935743662430590664, 0.005927274179576526129, 0.007910335213868397927, 0.009893396248160268858, 0.01187645728245214152, 0.01385951831674401245, 0.01584257935103588338 ),
 ( 0.0000000000000000000, 1.000000000000000000 ),
 .UNSPECIFIED. ) 
 GEOMETRIC_REPRESENTATION_ITEM ( )  RATIONAL_B_SPLINE_SURFACE ( (
 ( 1.000000000000000000, 1.000000000000000000, 1.000000000000000000),
 ( 1.000000000000000000, 0.9999992754397719619, 1.000000000000000000),
 ( 1.000000000000000000, 0.9995635331988899086, 1.000000000000000000),
 ( 1.000000000000000000, 0.9980961440152482655, 1.000000000000000000),
 ( 1.000000000000000000, 0.9970653796013346781, 1.000000000000000000),
 ( 1.000000000000000000, 0.9934037574076606258, 1.000000000000000000),
 ( 1.000000000000000000, 0.9901918173433370551, 1.000000000000000000),
 ( 1.000000000000000000, 0.9853514227652850899, 1.000000000000000000),
 ( 1.000000000000000000, 0.9837221804440623441, 1.000000000000000000),
 ( 1.000000000000000000, 0.9805280818426043155, 1.000000000000000000),
 ( 1.000000000000000000, 0.9789577745016267984, 1.000000000000000000),
 ( 1.000000000000000000, 0.9744883432862492256, 1.000000000000000000),
 ( 1.000000000000000000, 0.9719014977282101064, 1.000000000000000000),
 ( 1.000000000000000000, 0.9678095496754708371, 1.000000000000000000),
 ( 1.000000000000000000, 0.9663030056427625025, 1.000000000000000000),
 ( 1.000000000000000000, 0.9646139339885885233, 1.000000000000000000),
 ( 1.000000000000000000, 0.9643982708567214734, 1.000000000000000000),
 ( 1.000000000000000000, 0.9651118461704349949, 1.000000000000000000),
 ( 1.000000000000000000, 0.9660271170508378802, 1.000000000000000000),
 ( 1.000000000000000000, 0.9685501612690905482, 1.000000000000000000),
 ( 1.000000000000000000, 0.9701778825796192329, 1.000000000000000000),
 ( 1.000000000000000000, 0.9718253158075501608, 1.000000000000000000) ) ) 
 REPRESENTATION_ITEM ( '' )  SURFACE ( )  );
#3157 = CARTESIAN_POINT ( 'NONE',  ( -87.99566497158042466, -48.77138836961020729, 45.31311338180408654 ) ) ;
#3158 = CARTESIAN_POINT ( 'NONE',  ( -87.85487718002410418, -47.74020049087288697, 48.69934801856609141 ) ) ;
#3159 = EDGE_CURVE ( 'NONE', #3404, #3452, #4070, .T. ) ;
#3160 = CARTESIAN_POINT ( 'NONE',  ( 14.44747641389102100, -46.82509741410441251, 45.90323929689530047 ) ) ;
#3161 = CARTESIAN_POINT ( 'NONE',  ( 9.997342567369884136, 11.47313136541356293, 12.01814753842892358 ) ) ;
#3162 = ORIENTED_EDGE ( 'NONE', *, *, #537, .T. ) ;
#3163 = CARTESIAN_POINT ( 'NONE',  ( 12.99999999999998046, -50.00000000000000000, 13.99999999999999467 ) ) ;
#3164 = EDGE_CURVE ( 'NONE', #715, #3280, #3676, .T. ) ;
#3165 = CARTESIAN_POINT ( 'NONE',  ( 15.99521572053937213, -49.09801971496661110, 48.05170017616548961 ) ) ;
#3166 = ORIENTED_EDGE ( 'NONE', *, *, #62, .F. ) ;
#3167 = DIRECTION ( 'NONE',  ( 1.000000000000000000, 0.0000000000000000000, -6.983996714282626151E-15 ) ) ;
#3168 = CARTESIAN_POINT ( 'NONE',  ( 16.00000000000023448, -49.00347827140821266, 51.91666666666664298 ) ) ;
#3169 = DIRECTION ( 'NONE',  ( -1.000000000000000000, 0.0000000000000000000, 0.0000000000000000000 ) ) ;
#3170 = ORIENTED_EDGE ( 'NONE', *, *, #2722, .T. ) ;
#3171 = CARTESIAN_POINT ( 'NONE',  ( -87.96964014274888655, -48.65613371691964772, 45.58128389356762966 ) ) ;
#3172 = CARTESIAN_POINT ( 'NONE',  ( -87.99999999999977263, -50.00000000000000000, 52.00000000000070344 ) ) ;
#3173 = CIRCLE ( 'NONE', #2526, 4.000000000000000000 ) ;
#3174 = CARTESIAN_POINT ( 'NONE',  ( 14.14414757197058492, 0.1718272949641343750, 14.61965402910788825 ) ) ;
#3175 = DIRECTION ( 'NONE',  ( 1.000000000000000000, 0.0000000000000000000, -6.938893903907227589E-15 ) ) ;
#3176 = ORIENTED_EDGE ( 'NONE', *, *, #2046, .T. ) ;
#3177 = CARTESIAN_POINT ( 'NONE',  ( 13.54247069767367329, -46.30670604324670592, 47.42048221776003913 ) ) ;
#3178 = TOROIDAL_SURFACE ( 'NONE', #3456, 7.000000000000007105, 3.000000000000000000 ) ;
#3179 = CARTESIAN_POINT ( 'NONE',  ( 11.99999999999997335, -50.00000000000000000, 14.00000000000000178 ) ) ;
#3180 = ORIENTED_EDGE ( 'NONE', *, *, #332, .F. ) ;
#3181 = FACE_OUTER_BOUND ( 'NONE', #959, .T. ) ;
#3182 = CARTESIAN_POINT ( 'NONE',  ( 15.90382171130801403, -49.09779251977688830, 21.15772618072792710 ) ) ;
#3183 = CARTESIAN_POINT ( 'NONE',  ( 14.06418829319559549, -46.57374954403732659, 29.99203080620685924 ) ) ;
#3184 = ORIENTED_EDGE ( 'NONE', *, *, #3142, .T. ) ;
#3185 = DIRECTION ( 'NONE',  ( -1.000000000000000000, -0.0000000000000000000, -0.0000000000000000000 ) ) ;
#3186 = CARTESIAN_POINT ( 'NONE',  ( 10.20998332357444305, -37.47991574550776761, 21.57714514530273320 ) ) ;
#3187 = VERTEX_POINT ( 'NONE', #3883 ) ;
#3188 = CARTESIAN_POINT ( 'NONE',  ( 14.00744461961404497, 0.06435913069881492310, 14.53657081620656299 ) ) ;
#3189 = CARTESIAN_POINT ( 'NONE',  ( 12.00000000000023270, -54.00000000000000711, 52.00000000000000711 ) ) ;
#3190 = CARTESIAN_POINT ( 'NONE',  ( 8.000000000000005329, 8.552596582766199163, 16.61850854308450920 ) ) ;
#3191 = CC_DESIGN_APPROVAL ( #4019, ( #2544 ) ) ;
#3192 = EDGE_CURVE ( 'NONE', #2823, #3300, #3584, .T. ) ;
#3193 = DIRECTION ( 'NONE',  ( 1.000000000000000000, 0.0000000000000000000, -6.982962677686266711E-15 ) ) ;
#3194 = CARTESIAN_POINT ( 'NONE',  ( 15.00632076395261372, -47.36143306618387783, 27.23498426835638853 ) ) ;
#3195 = CARTESIAN_POINT ( 'NONE',  ( 4.000000000000007994, 1.999999999999997335, 11.99999999999999289 ) ) ;
#3196 = DIRECTION ( 'NONE',  ( 1.000000000000000000, 0.0000000000000000000, 0.0000000000000000000 ) ) ;
#3197 = ADVANCED_FACE ( 'NONE', ( #673 ), #2123, .T. ) ;
#3198 = CARTESIAN_POINT ( 'NONE',  ( 10.70512234312768030, -36.74811005159516242, 21.78625347151129787 ) ) ;
#3199 = CARTESIAN_POINT ( 'NONE',  ( -87.99999999999977263, -50.00000000000000000, 52.00000000000070344 ) ) ;
#3200 = CARTESIAN_POINT ( 'NONE',  ( 11.10237695894814358, 11.89917543167430125, 12.72345912771548271 ) ) ;
#3201 = CARTESIAN_POINT ( 'NONE',  ( -85.50723469176752189, -53.24778838937736936, 54.34155293955527100 ) ) ;
#3202 = CARTESIAN_POINT ( 'NONE',  ( -85.77940440855076076, -53.44394558340492551, 54.04101481090550863 ) ) ;
#3203 = AXIS2_PLACEMENT_3D ( 'NONE', #749, #478, #1770 ) ;
#3204 = CARTESIAN_POINT ( 'NONE',  ( 8.333939444035319610, 9.599999999999976552, 14.00000000000005507 ) ) ;
#3205 = DIRECTION ( 'NONE',  ( 1.000000000000000000, 6.938893903907186568E-15, -6.938893903907186568E-15 ) ) ;
#3206 = CARTESIAN_POINT ( 'NONE',  ( -85.28814160606174255, -53.02951917490720035, 49.38217353257805797 ) ) ;
#3207 = CARTESIAN_POINT ( 'NONE',  ( 14.60474054109330133, -46.78072884014141408, 47.53843176201229426 ) ) ;
#3208 = CARTESIAN_POINT ( 'NONE',  ( -87.99999999999981526, -54.00000000000000000, 46.43582202511380785 ) ) ;
#3209 = DIRECTION ( 'NONE',  ( -1.000000000000000000, 0.0000000000000000000, 0.0000000000000000000 ) ) ;
#3210 = EDGE_LOOP ( 'NONE', ( #750, #1184, #3219, #2357 ) ) ;
#3211 = CARTESIAN_POINT ( 'NONE',  ( 15.93470332164577385, -50.74586269819573658, 46.60401612761943824 ) ) ;
#3212 = CARTESIAN_POINT ( 'NONE',  ( 14.86993801290386941, 5.210776908174106659, 12.00000000000800782 ) ) ;
#3213 = AXIS2_PLACEMENT_3D ( 'NONE', #1929, #3248, #1966 ) ;
#3214 = VERTEX_POINT ( 'NONE', #3843 ) ;
#3215 = DIRECTION ( 'NONE',  ( 1.000000000000000000, 0.0000000000000000000, -6.938893903907227589E-15 ) ) ;
#3216 = EDGE_CURVE ( 'NONE', #1250, #711, #163, .T. ) ;
#3217 = CARTESIAN_POINT ( 'NONE',  ( -87.99999999999972999, -54.00000000000000000, 57.56417797489035593 ) ) ;
#3218 = CARTESIAN_POINT ( 'NONE',  ( -84.99999999999977263, -50.00000000000000000, 52.00000000000068212 ) ) ;
#3219 = ORIENTED_EDGE ( 'NONE', *, *, #3159, .F. ) ;
#3220 = CARTESIAN_POINT ( 'NONE',  ( 8.020050251573522360, 8.999999999999978684, 17.60000000000001208 ) ) ;
#3221 = DIRECTION ( 'NONE',  ( -1.000000000000000000, 0.0000000000000000000, 6.942363350859181992E-15 ) ) ;
#3222 = EDGE_CURVE ( 'NONE', #735, #448, #324, .T. ) ;
#3223 = CARTESIAN_POINT ( 'NONE',  ( 11.34346177306850478, 11.99999999999997513, 14.05424816333089488 ) ) ;
#3224 = CARTESIAN_POINT ( 'NONE',  ( 15.90888925541649890, 9.222340559396110748, 16.89295702180459813 ) ) ;
#3225 = ORIENTED_EDGE ( 'NONE', *, *, #2750, .F. ) ;
#3226 = CYLINDRICAL_SURFACE ( 'NONE', #933, 1.400000000000005462 ) ;
#3227 = CARTESIAN_POINT ( 'NONE',  ( 16.00000000000023448, -49.00347827140821266, 51.91666666666664298 ) ) ;
#3228 = ORIENTED_EDGE ( 'NONE', *, *, #2398, .T. ) ;
#3229 = ORIENTED_EDGE ( 'NONE', *, *, #2844, .T. ) ;
#3230 = CARTESIAN_POINT ( 'NONE',  ( -87.99999999999972999, -46.00000000000000000, 57.37035542820517264 ) ) ;
#3231 = CARTESIAN_POINT ( 'NONE',  ( -87.99999999999977263, -54.00000000000000000, 52.00000000000070344 ) ) ;
#3232 = ORIENTED_EDGE ( 'NONE', *, *, #3556, .T. ) ;
#3233 = CARTESIAN_POINT ( 'NONE',  ( 13.00000000000023448, -50.00000000000000000, 52.00000000000000000 ) ) ;
#3234 =( BOUNDED_CURVE ( )  B_SPLINE_CURVE ( 3, ( #1692, #2339, #1005, #3306 ),
 .UNSPECIFIED., .F., .T. ) 
 B_SPLINE_CURVE_WITH_KNOTS ( ( 4, 4 ),
 ( 1.318116071652819077, 1.570796326794896558 ),
 .UNSPECIFIED. ) 
 CURVE ( )  GEOMETRIC_REPRESENTATION_ITEM ( )  RATIONAL_B_SPLINE_CURVE ( ( 1.000000000000000000, 0.9946864641781112404, 0.9946864641781112404, 1.000000000000000000 ) ) 
 REPRESENTATION_ITEM ( '' )  );
#3235 = CARTESIAN_POINT ( 'NONE',  ( 12.00000000000023626, -54.00000000000001421, 52.00000000000000711 ) ) ;
#3236 = CARTESIAN_POINT ( 'NONE',  ( -87.28650894496249180, -49.05078053129761884, 56.96391460968006015 ) ) ;
#3237 = EDGE_LOOP ( 'NONE', ( #845, #1605, #3119, #408 ) ) ;
#3238 = CIRCLE ( 'NONE', #3656, 1.399999999999998579 ) ;
#3239 = DIRECTION ( 'NONE',  ( -4.625929269271481378E-15, 0.0000000000000000000, -1.000000000000000000 ) ) ;
#3240 = CARTESIAN_POINT ( 'NONE',  ( -87.24898167798589554, -52.75054237040853167, 49.01475430613929518 ) ) ;
#3241 = CARTESIAN_POINT ( 'NONE',  ( 9.358842335835053206, -46.99576761628647148, 28.51480596037378135 ) ) ;
#3242 = CYLINDRICAL_SURFACE ( 'NONE', #3261, 1.400000000000033218 ) ;
#3243 = EDGE_CURVE ( 'NONE', #1756, #2299, #3329, .T. ) ;
#3244 = DIRECTION ( 'NONE',  ( 0.0000000000000000000, 1.000000000000000000, 0.0000000000000000000 ) ) ;
#3245 = CARTESIAN_POINT ( 'NONE',  ( -87.99999999999972999, -46.00000000000000000, 56.95688384221852374 ) ) ;
#3246 = EDGE_CURVE ( 'NONE', #3075, #2811, #2170, .T. ) ;
#3247 = CARTESIAN_POINT ( 'NONE',  ( 10.48447409919099549, -0.2158193744264422509, 14.29382159034430622 ) ) ;
#3248 = DIRECTION ( 'NONE',  ( 1.000000000000000000, 0.0000000000000000000, -6.982962677686266711E-15 ) ) ;
#3249 = CARTESIAN_POINT ( 'NONE',  ( 11.99999999945942442, -46.00000000000000000, 32.00000000000000000 ) ) ;
#3250 = DIRECTION ( 'NONE',  ( -1.000000000000000000, -0.0000000000000000000, 6.942363350859181992E-15 ) ) ;
#3251 = AXIS2_PLACEMENT_3D ( 'NONE', #3905, #2347, #1991 ) ;
#3252 = CARTESIAN_POINT ( 'NONE',  ( 9.152141975098249560, -47.19111037199586178, 27.83139972515913385 ) ) ;
#3253 = CARTESIAN_POINT ( 'NONE',  ( 15.99718230092566884, -50.17629566431254773, 47.59321922604989652 ) ) ;
#3254 = CARTESIAN_POINT ( 'NONE',  ( -87.37971112970831200, -47.47162926432014274, 55.16388104606592435 ) ) ;
#3255 = CARTESIAN_POINT ( 'NONE',  ( -87.83937892741118958, -51.39904020615148994, 46.14399851239950578 ) ) ;
#3256 = ORIENTED_EDGE ( 'NONE', *, *, #62, .T. ) ;
#3257 = CARTESIAN_POINT ( 'NONE',  ( -84.99999999999974420, -47.71428571428315735, 55.28260722659207005 ) ) ;
#3258 = CARTESIAN_POINT ( 'NONE',  ( 9.775428748888252528, -46.67564817374125141, 29.63523183871889444 ) ) ;
#3259 = ORIENTED_EDGE ( 'NONE', *, *, #831, .F. ) ;
#3260 = DIRECTION ( 'NONE',  ( -1.000000000000000000, 0.0000000000000000000, 0.0000000000000000000 ) ) ;
#3261 = AXIS2_PLACEMENT_3D ( 'NONE', #3640, #3953, #1693 ) ;
#3262 = DIRECTION ( 'NONE',  ( 6.982962677686266711E-15, 0.0000000000000000000, 1.000000000000000000 ) ) ;
#3263 = VERTEX_POINT ( 'NONE', #3588 ) ;
#3264 = LINE ( 'NONE', #4029, #392 ) ;
#3265 = CARTESIAN_POINT ( 'NONE',  ( 15.19999999999999574, 1.999999999999995781, 15.59999999999999964 ) ) ;
#3266 = CARTESIAN_POINT ( 'NONE',  ( 15.43632753429691817, 10.05211475187424419, 13.07071841697931092 ) ) ;
#3267 = ORIENTED_EDGE ( 'NONE', *, *, #2094, .F. ) ;
#3268 = CARTESIAN_POINT ( 'NONE',  ( 14.18935265829474091, 11.55860895504364372, 13.45492379067722410 ) ) ;
#3269 = VECTOR ( 'NONE', #1175, 1000.000000000000000 ) ;
#3270 = ORIENTED_EDGE ( 'NONE', *, *, #3921, .T. ) ;
#3271 = CARTESIAN_POINT ( 'NONE',  ( -84.99999999999977263, -50.00000000000000000, 52.00000000000068212 ) ) ;
#3272 = CARTESIAN_POINT ( 'NONE',  ( 10.03752575172834760, -46.51449213581204845, 30.19933980015349917 ) ) ;
#3273 = CIRCLE ( 'NONE', #3613, 3.000000000000002665 ) ;
#3274 = CARTESIAN_POINT ( 'NONE',  ( 16.00000000000022737, -53.71701852094293628, 50.51331600781889364 ) ) ;
#3275 = AXIS2_PLACEMENT_3D ( 'NONE', #1296, #3880, #2643 ) ;
#3276 = CLOSED_SHELL ( 'NONE', ( #2089, #3052, #4136, #1697, #3045, #3932, #2736, #2029, #1422, #2648, #2945, #1768, #309, #3299, #808, #135, #1013, #1039, #2710, #162, #2352, #2726, #2688, #495, #92, #3648, #1430, #769, #3614, #3383, #3956, #3992, #76, #2331, #7, #1337, #1061, #786, #2374, #3984, #748, #427, #3688, #2392, #3976, #1364, #2621, #471, #682, #1381, #3364, #118, #3322, #1121, #3547, #1082, #3915, #2906, #1983, #413, #2994, #3011, #2888, #152, #1437, #2413, #46, #1399, #3632, #2972, #2050, #3671, #2013, #3197, #2266, #3341, #2070, #1724, #2304, #728, #1114, #2669 ) ) ;
#3277 = CARTESIAN_POINT ( 'NONE',  ( -87.99999999999974420, -46.00000000000000000, 56.28243927189915041 ) ) ;
#3278 = CARTESIAN_POINT ( 'NONE',  ( 15.19999999999999929, 5.599999999999999645, 12.00000000000000000 ) ) ;
#3279 = CARTESIAN_POINT ( 'NONE',  ( 16.00000000000021672, -50.00000000000000000, 47.99999999999995737 ) ) ;
#3280 = VERTEX_POINT ( 'NONE', #1680 ) ;
#3281 = CARTESIAN_POINT ( 'NONE',  ( 14.74290489125853121, 10.91396542648063850, 12.12636160303043198 ) ) ;
#3282 = CARTESIAN_POINT ( 'NONE',  ( 11.45704706893410751, -46.23215793785472272, 14.00000000000007638 ) ) ;
#3283 = FACE_OUTER_BOUND ( 'NONE', #1254, .T. ) ;
#3284 = CARTESIAN_POINT ( 'NONE',  ( -87.25842888227228400, -53.53627092531017695, 50.02175375116544132 ) ) ;
#3285 = CARTESIAN_POINT ( 'NONE',  ( 16.00000000000020961, -49.28978429358533475, 48.06355570973471458 ) ) ;
#3286 = CARTESIAN_POINT ( 'NONE',  ( 11.02376842973158588, -46.11938063482173078, 31.58214009343747364 ) ) ;
#3287 = CARTESIAN_POINT ( 'NONE',  ( 13.65684254610196646, -53.64580443957637357, 47.14896136332068011 ) ) ;
#3288 = CARTESIAN_POINT ( 'NONE',  ( -87.99999999999977263, -46.00000000000000000, 52.00000000000070344 ) ) ;
#3289 = CARTESIAN_POINT ( 'NONE',  ( 10.26473866326233519, 11.61844770665504001, 13.49412521461957581 ) ) ;
#3290 = CARTESIAN_POINT ( 'NONE',  ( -87.71234724366756552, -52.29154380153591575, 55.29711721910209832 ) ) ;
#3291 = CARTESIAN_POINT ( 'NONE',  ( 15.99158849454764564, -49.66785180951836765, 47.80880746577407336 ) ) ;
#3292 = AXIS2_PLACEMENT_3D ( 'NONE', #2092, #165, #2382 ) ;
#3293 = CARTESIAN_POINT ( 'NONE',  ( 0.01929203897981572255, -49.73820081462800147, 48.00643067965988564 ) ) ;
#3294 = CARTESIAN_POINT ( 'NONE',  ( 15.99331099112342613, 8.667643284310045715, 17.73294268627598314 ) ) ;
#3295 = DIRECTION ( 'NONE',  ( 1.000000000000000000, 0.0000000000000000000, 0.0000000000000000000 ) ) ;
#3296 = AXIS2_PLACEMENT_3D ( 'NONE', #1012, #2605, #1951 ) ;
#3297 = DIRECTION ( 'NONE',  ( 0.0000000000000000000, 1.000000000000000000, -0.0000000000000000000 ) ) ;
#3298 = CARTESIAN_POINT ( 'NONE',  ( 15.99999999995800337, -53.53997953071401383, 50.13259957689078306 ) ) ;
#3299 = ADVANCED_FACE ( 'NONE', ( #2585 ), #111, .F. ) ;
#3300 = VERTEX_POINT ( 'NONE', #379 ) ;
#3301 = CARTESIAN_POINT ( 'NONE',  ( -86.65923099131566687, -46.16790645763872902, 53.18560919529106457 ) ) ;
#3302 = CARTESIAN_POINT ( 'NONE',  ( 8.900050326217423091, 11.99999999984226484, 15.46832495925739615 ) ) ;
#3303 = CARTESIAN_POINT ( 'NONE',  ( -87.21006455810534419, -52.87112119377320596, 54.87268841251908924 ) ) ;
#3304 = ORIENTED_EDGE ( 'NONE', *, *, #2271, .T. ) ;
#3305 = CARTESIAN_POINT ( 'NONE',  ( 8.000000000000202505, -49.86910030988625664, 48.00000000000003553 ) ) ;
#3306 = CARTESIAN_POINT ( 'NONE',  ( 16.00000000000000711, -50.00000000000000000, 17.99999999999997513 ) ) ;
#3307 = EDGE_LOOP ( 'NONE', ( #1295, #355, #855, #304 ) ) ;
#3308 = DIRECTION ( 'NONE',  ( 1.000000000000000000, 0.0000000000000000000, -6.938893903907227589E-15 ) ) ;
#3309 = EDGE_LOOP ( 'NONE', ( #106, #3651, #2923, #31, #2867 ) ) ;
#3310 = CARTESIAN_POINT ( 'NONE',  ( -87.99999999999977263, -46.00000000000000000, 52.52226541660620285 ) ) ;
#3311 = EDGE_CURVE ( 'NONE', #3996, #743, #157, .T. ) ;
#3312 = CARTESIAN_POINT ( 'NONE',  ( 8.610531462894586596, 10.12594103289073999, 12.96066717287623327 ) ) ;
#3313 = ORIENTED_EDGE ( 'NONE', *, *, #284, .T. ) ;
#3314 = VERTEX_POINT ( 'NONE', #1342 ) ;
#3315 = CARTESIAN_POINT ( 'NONE',  ( 4.000000000000000000, 8.000000000000000000, 12.00000000000000000 ) ) ;
#3316 = CARTESIAN_POINT ( 'NONE',  ( -87.84253832302536580, -46.00177156241342402, 51.86255618560399938 ) ) ;
#3317 = FACE_BOUND ( 'NONE', #2091, .T. ) ;
#3318 = CARTESIAN_POINT ( 'NONE',  ( 9.995397303246507548, -53.47132639599414006, 45.98619190974017812 ) ) ;
#3319 = CARTESIAN_POINT ( 'NONE',  ( 15.31659018947797435, 10.41209654814630348, 13.92671744282013080 ) ) ;
#3320 = ORIENTED_EDGE ( 'NONE', *, *, #1788, .T. ) ;
#3321 = AXIS2_PLACEMENT_3D ( 'NONE', #3824, #957, #28 ) ;
#3322 = ADVANCED_FACE ( 'NONE', ( #765 ), #1079, .T. ) ;
#3323 = VERTEX_POINT ( 'NONE', #65 ) ;
#3324 = CARTESIAN_POINT ( 'NONE',  ( 8.872455066830964299, 5.192674602139502937, 15.19267460214072862 ) ) ;
#3325 = CARTESIAN_POINT ( 'NONE',  ( -90.99999999999982947, -54.00000000000000000, 43.00000000000072475 ) ) ;
#3326 = ORIENTED_EDGE ( 'NONE', *, *, #949, .T. ) ;
#3327 = CARTESIAN_POINT ( 'NONE',  ( 15.99999999997159250, -53.34256824917392237, 49.79907454967646885 ) ) ;
#3328 = CARTESIAN_POINT ( 'NONE',  ( 0.0000000000000000000, 0.0000000000000000000, 8.000000000000000000 ) ) ;
#3329 = LINE ( 'NONE', #11, #3488 ) ;
#3330 = CARTESIAN_POINT ( 'NONE',  ( 9.333731019653725980, 11.01778778992903796, 14.08904152836576351 ) ) ;
#3331 = CARTESIAN_POINT ( 'NONE',  ( 8.000000000001685763, 8.480110585809530477, 17.51988941419215351 ) ) ;
#3332 = DIRECTION ( 'NONE',  ( -1.000000000000000000, 0.0000000000000000000, 0.0000000000000000000 ) ) ;
#3333 = CARTESIAN_POINT ( 'NONE',  ( 0.6307104972812197508, -51.28640190591160319, 48.21023683242701452 ) ) ;
#3334 = FACE_OUTER_BOUND ( 'NONE', #3795, .T. ) ;
#3335 = CARTESIAN_POINT ( 'NONE',  ( 10.02322883524204578, -47.38798358991367365, 14.00000000000001954 ) ) ;
#3336 = CARTESIAN_POINT ( 'NONE',  ( 7.999999999999989342, -50.00000000000000000, 17.00000000000002842 ) ) ;
#3337 = CARTESIAN_POINT ( 'NONE',  ( 3.000000000000001776, 2.999999999999999112, 8.000000000000000000 ) ) ;
#3338 = DIRECTION ( 'NONE',  ( 1.000000000000000000, 0.0000000000000000000, -6.982962677686266711E-15 ) ) ;
#3339 = EDGE_CURVE ( 'NONE', #198, #1710, #3138, .T. ) ;
#3340 = CARTESIAN_POINT ( 'NONE',  ( -87.66743883521371572, -51.30089496909975821, 57.46721311569731228 ) ) ;
#3341 = ADVANCED_FACE ( 'NONE', ( #18 ), #1416, .T. ) ;
#3342 = CARTESIAN_POINT ( 'NONE',  ( 8.800000000000002487, 1.999999999999991784, 15.59999999999999964 ) ) ;
#3343 = CARTESIAN_POINT ( 'NONE',  ( 9.582380338820042809, 11.19038595048369977, 13.78859756009147475 ) ) ;
#3344 = CARTESIAN_POINT ( 'NONE',  ( -90.99999999999982947, -54.00000000000000000, 43.00000000000072475 ) ) ;
#3345 = CARTESIAN_POINT ( 'NONE',  ( 13.48674712660063513, -46.28300380044509410, 47.53975862760067628 ) ) ;
#3346 = EDGE_CURVE ( 'NONE', #362, #890, #367, .T. ) ;
#3347 = CARTESIAN_POINT ( 'NONE',  ( 7.234424758665128685, -50.62137739135278025, 47.23442475866553991 ) ) ;
#3348 = CARTESIAN_POINT ( 'NONE',  ( 11.45359969658172794, -46.03663202642134422, 31.87132505370407642 ) ) ;
#3349 = ORIENTED_EDGE ( 'NONE', *, *, #2546, .F. ) ;
#3350 = CARTESIAN_POINT ( 'NONE',  ( -90.99999999999980105, -54.00000000000000000, 46.00000000000072475 ) ) ;
#3351 = CARTESIAN_POINT ( 'NONE',  ( 3.000000000000001776, 13.00000000000000178, -45.00000000000000711 ) ) ;
#3352 = CARTESIAN_POINT ( 'NONE',  ( 12.61581583646754012, 11.95338266331072496, 13.03971820666643744 ) ) ;
#3353 = ORIENTED_EDGE ( 'NONE', *, *, #544, .F. ) ;
#3354 = CARTESIAN_POINT ( 'NONE',  ( -86.96628964993882960, -50.54375220861675189, 56.70308869686142117 ) ) ;
#3355 = CARTESIAN_POINT ( 'NONE',  ( 8.000000000000003553, 8.334031067423735450, 17.86638757303050440 ) ) ;
#3356 = B_SPLINE_CURVE_WITH_KNOTS ( 'NONE', 3,
 ( #2799, #1188, #2084, #3423, #4010, #2415, #485, #211, #1141, #2741, #1479, #824, #811, #195, #3067, #3723, #1817, #4052, #1128, #3110, #1496, #1174, #503, #3385, #1453, #3694, #3396, #3734, #857, #2753, #1787, #1830, #2098, #1467, #224, #1799, #518, #2770, #288, #4081, #2194, #1267, #902, #1887, #593, #2208, #2226, #1590, #3784, #1873, #611, #940, #1209, #4093, #2859, #3794, #565, #627, #4112, #1253, #1531, #3512, #3499 ),
 .UNSPECIFIED., .F., .F.,
 ( 4, 1, 2, 2, 1, 1, 2, 2, 2, 1, 1, 1, 2, 2, 2, 2, 2, 1, 1, 2, 2, 1, 1, 1, 1, 1, 1, 2, 2, 2, 1, 1, 1, 1, 2, 2, 1, 1, 1, 2, 2, 4 ),
 ( 0.0000000000000000000, 0.03124999999996954519, 0.04687499999995431432, 0.06249999999993909039, 0.09374999999990787924, 0.1093749999998918226, 0.1171874999998844535, 0.1249999999998770706, 0.1874999999998328559, 0.2187499999998099298, 0.2343749999997971623, 0.2421874999997908895, 0.2460937499997877531, 0.2499999999997846167, 0.3124999999997627453, 0.3203124999997604139, 0.3281249999997580269, 0.3437499999997511435, 0.3749999999997352673, 0.3906249999997288835, 0.3984374999997255529, 0.4062499999997222222, 0.4374999999997080113, 0.4687499999996938560, 0.4843749999996855848, 0.4921874999996827538, 0.4960937499996800892, 0.4980468749996798117, 0.4999999999996795896, 0.6249999999998046007, 0.6874999999998655520, 0.7187499999998961941, 0.7343749999999099609, 0.7421874999999150679, 0.7460937499999161782, 0.7499999999999171774, 0.8124999999999520384, 0.8437499999999675815, 0.8593749999999752420, 0.8671874999999787947, 0.8749999999999822364, 1.000000000000000000 ),
 .UNSPECIFIED. ) ;
#3357 = EDGE_LOOP ( 'NONE', ( #2911, #840, #268, #1823 ) ) ;
#3358 = DIRECTION ( 'NONE',  ( -6.938893903907210234E-15, 0.0000000000000000000, -1.000000000000000000 ) ) ;
#3359 = CARTESIAN_POINT ( 'NONE',  ( 15.68888136608723904, -48.44962899007839496, 45.78596341828263405 ) ) ;
#3360 = CARTESIAN_POINT ( 'NONE',  ( 8.601397577412692286, -47.88655818556196664, 41.80419273223690624 ) ) ;
#3361 = EDGE_LOOP ( 'NONE', ( #4032, #3513, #2015, #295 ) ) ;
#3362 = CARTESIAN_POINT ( 'NONE',  ( 3.000000000000001776, 13.00000000000000178, 8.000000000000000000 ) ) ;
#3363 = CIRCLE ( 'NONE', #1339, 3.000000000000003553 ) ;
#3364 = ADVANCED_FACE ( 'NONE', ( #3673 ), #1733, .T. ) ;
#3365 = CARTESIAN_POINT ( 'NONE',  ( 11.00103844157616706, -36.41714447855514436, 21.88081586195045247 ) ) ;
#3366 = ORIENTED_EDGE ( 'NONE', *, *, #2975, .F. ) ;
#3367 = CARTESIAN_POINT ( 'NONE',  ( 13.93909368585966391, 11.50575441687599287, 13.52939054955473708 ) ) ;
#3368 = VECTOR ( 'NONE', #4048, 1000.000000000000000 ) ;
#3369 = ORIENTED_EDGE ( 'NONE', *, *, #431, .F. ) ;
#3370 = CYLINDRICAL_SURFACE ( 'NONE', #409, 1.400000000000000133 ) ;
#3371 = EDGE_CURVE ( 'NONE', #2269, #1802, #125, .T. ) ;
#3372 = CARTESIAN_POINT ( 'NONE',  ( 15.72388720119968042, 6.298516268266244111, 13.74629067066561205 ) ) ;
#3373 = CARTESIAN_POINT ( 'NONE',  ( 15.89139017318734481, -49.05078704147435076, 46.34485099145422282 ) ) ;
#3374 = EDGE_LOOP ( 'NONE', ( #3021, #95, #1970, #3463 ) ) ;
#3375 = CARTESIAN_POINT ( 'NONE',  ( 7.145673239569066304, -50.40955653699595729, 47.14567323956835310 ) ) ;
#3376 = CARTESIAN_POINT ( 'NONE',  ( 12.10232377026794737, -46.03567101278800777, 14.00004093560622209 ) ) ;
#3377 = ORIENTED_EDGE ( 'NONE', *, *, #2595, .T. ) ;
#3378 = CARTESIAN_POINT ( 'NONE',  ( 12.11595951551369943, -45.84973726178241549, 22.15026273822208935 ) ) ;
#3379 = CARTESIAN_POINT ( 'NONE',  ( -85.50727250578856342, -46.75217908266110101, 54.34150830311742908 ) ) ;
#3380 = CARTESIAN_POINT ( 'NONE',  ( 14.93419861429825524, 10.84958255809449490, 14.59992093016081149 ) ) ;
#3381 = CIRCLE ( 'NONE', #2483, 2.999999999999998668 ) ;
#3382 = CARTESIAN_POINT ( 'NONE',  ( -83.99999999999982947, -50.00000000000000000, 44.60000000000064801 ) ) ;
#3383 = ADVANCED_FACE ( 'NONE', ( #2630 ), #872, .T. ) ;
#3384 = CARTESIAN_POINT ( 'NONE',  ( 8.679256857627148491, -47.75614888914101641, 25.85347888793905113 ) ) ;
#3385 = CARTESIAN_POINT ( 'NONE',  ( 13.66726713846474972, -37.27387596738265074, 21.63598059891437231 ) ) ;
#3386 = CARTESIAN_POINT ( 'NONE',  ( 8.000000000000000000, 8.000000000000000000, 18.00000000000000355 ) ) ;
#3387 = CARTESIAN_POINT ( 'NONE',  ( 9.745190936772582191, -38.43627308871641191, 21.30392219371256601 ) ) ;
#3388 = CARTESIAN_POINT ( 'NONE',  ( 16.00000000000022737, -46.22876383367171371, 50.66666666666672114 ) ) ;
#3389 = CARTESIAN_POINT ( 'NONE',  ( 0.6307104972808633692, -48.71359809408801311, 48.21023683242712821 ) ) ;
#3390 = CARTESIAN_POINT ( 'NONE',  ( 9.819417482659451579, -46.63558334167078101, 14.63558336478655697 ) ) ;
#3391 = CARTESIAN_POINT ( 'NONE',  ( 14.44744455953759577, -53.17492619024285005, 45.90327491801608772 ) ) ;
#3392 = CARTESIAN_POINT ( 'NONE',  ( 15.33194404910002540, 11.99999999999990052, 15.78581720842498548 ) ) ;
#3393 = EDGE_CURVE ( 'NONE', #3187, #3300, #2896, .T. ) ;
#3394 = CARTESIAN_POINT ( 'NONE',  ( 16.00000000000000000, 7.570964302671453261, 16.92741075666285155 ) ) ;
#3395 = DIRECTION ( 'NONE',  ( 0.0000000000000000000, 1.000000000000000000, 0.0000000000000000000 ) ) ;
#3396 = CARTESIAN_POINT ( 'NONE',  ( 13.70700990354020554, -37.33861680426633711, 21.61748765134344197 ) ) ;
#3397 = CARTESIAN_POINT ( 'NONE',  ( 21.00000000000000000, 3.000000000000001332, 0.0000000000000000000 ) ) ;
#3398 = CARTESIAN_POINT ( 'NONE',  ( 9.757866765806737064, -38.40615257393301363, 21.31252787236386936 ) ) ;
#3399 = CARTESIAN_POINT ( 'NONE',  ( 15.67552449951676685, -48.36877563931528101, 47.36306643113172754 ) ) ;
#3400 = ORIENTED_EDGE ( 'NONE', *, *, #3339, .F. ) ;
#3401 = CARTESIAN_POINT ( 'NONE',  ( 8.254388725848713193, -48.59020181842296182, 40.76316617754549299 ) ) ;
#3402 = CARTESIAN_POINT ( 'NONE',  ( 15.80482291643135717, -48.73601579060701283, 16.73601578878494323 ) ) ;
#3403 = CARTESIAN_POINT ( 'NONE',  ( 13.81818181818196933, -46.36455509579291601, 48.53285794598460967 ) ) ;
#3404 = VERTEX_POINT ( 'NONE', #1179 ) ;
#3405 = CARTESIAN_POINT ( 'NONE',  ( 15.00632076395256043, -40.76501573164358661, 20.63856693381610086 ) ) ;
#3406 = AXIS2_PLACEMENT_3D ( 'NONE', #562, #3167, #4110 ) ;
#3407 = CARTESIAN_POINT ( 'NONE',  ( 15.60388157923526720, 9.742469933748697741, 13.64382517345744361 ) ) ;
#3408 = CARTESIAN_POINT ( 'NONE',  ( 15.13807817339665363, -52.76614740586190067, 47.24106972252080539 ) ) ;
#3409 = ORIENTED_EDGE ( 'NONE', *, *, #3994, .F. ) ;
#3410 = CARTESIAN_POINT ( 'NONE',  ( 8.156287082985796744, -46.03302654454079601, 19.13342098724951867 ) ) ;
#3411 = ORIENTED_EDGE ( 'NONE', *, *, #1860, .F. ) ;
#3412 = CARTESIAN_POINT ( 'NONE',  ( -88.00000000000086686, -45.99999999999908340, 49.42135799546790764 ) ) ;
#3413 = CARTESIAN_POINT ( 'NONE',  ( 12.38812465654991968, 4.000353454104751627, 12.00000000010621370 ) ) ;
#3414 = CARTESIAN_POINT ( 'NONE',  ( 13.12579378692405108, -46.61939503918741678, 14.00000000000006573 ) ) ;
#3415 = ORIENTED_EDGE ( 'NONE', *, *, #2491, .T. ) ;
#3416 = ORIENTED_EDGE ( 'NONE', *, *, #2782, .T. ) ;
#3417 = AXIS2_PLACEMENT_3D ( 'NONE', #2262, #3221, #3830 ) ;
#3418 = CARTESIAN_POINT ( 'NONE',  ( 15.62034968532320711, -51.70601965111042375, 45.68239935626837678 ) ) ;
#3419 = EDGE_CURVE ( 'NONE', #2937, #3577, #2988, .T. ) ;
#3420 = ORIENTED_EDGE ( 'NONE', *, *, #1836, .F. ) ;
#3421 = ORIENTED_EDGE ( 'NONE', *, *, #2645, .F. ) ;
#3422 = ORIENTED_EDGE ( 'NONE', *, *, #700, .F. ) ;
#3423 = CARTESIAN_POINT ( 'NONE',  ( 12.25912419887513316, -36.02949885825015031, 21.99173231359573322 ) ) ;
#3424 = EDGE_CURVE ( 'NONE', #641, #1041, #2706, .T. ) ;
#3425 = FACE_OUTER_BOUND ( 'NONE', #1747, .T. ) ;
#3426 = CARTESIAN_POINT ( 'NONE',  ( 9.243667381373230185, -39.85400288757464438, 20.89883978060749570 ) ) ;
#3427 = CARTESIAN_POINT ( 'NONE',  ( 21.16515138991168854, 11.99999999999997513, 14.00000000000002665 ) ) ;
#3428 = CARTESIAN_POINT ( 'NONE',  ( 8.957268175561326373, 5.400400313068441704, 11.99999999999652722 ) ) ;
#3429 = CARTESIAN_POINT ( 'NONE',  ( 24.00000000000000000, 0.0000000000000000000, 0.0000000000000000000 ) ) ;
#3430 = LINE ( 'NONE', #2899, #1014 ) ;
#3431 = AXIS2_PLACEMENT_3D ( 'NONE', #3957, #3938, #2359 ) ;
#3432 = DIRECTION ( 'NONE',  ( 6.938893903907227589E-15, 0.0000000000000000000, 1.000000000000000000 ) ) ;
#3433 = CIRCLE ( 'NONE', #178, 1.399999999999999245 ) ;
#3434 = CARTESIAN_POINT ( 'NONE',  ( 14.57952387865299926, -46.94127353356524424, 28.70554263333083611 ) ) ;
#3435 = DIRECTION ( 'NONE',  ( 0.0000000000000000000, -0.5714285714292081098, -0.8206518066478464268 ) ) ;
#3436 = CARTESIAN_POINT ( 'NONE',  ( 14.05726416353759767, -46.56958760576927858, 30.00659787800213962 ) ) ;
#3437 = PLANE ( 'NONE',  #3115 ) ;
#3438 =( NAMED_UNIT ( * ) PLANE_ANGLE_UNIT ( ) SI_UNIT ( $, .RADIAN. ) );
#3439 = CARTESIAN_POINT ( 'NONE',  ( 8.993679236047869452, -40.76501573164200920, 20.63856693381659113 ) ) ;
#3440 = CARTESIAN_POINT ( 'NONE',  ( 10.27210314436710625, -0.1125798769732493654, 14.38897179179122077 ) ) ;
#3441 = CARTESIAN_POINT ( 'NONE',  ( 15.65115312429331951, 9.877237857092389106, 16.12276214290677601 ) ) ;
#3442 = CARTESIAN_POINT ( 'NONE',  ( 14.37620275558284000, -46.77474140712201489, 14.77474139905748451 ) ) ;
#3443 = EDGE_CURVE ( 'NONE', #2401, #2657, #3720, .T. ) ;
#3444 = CARTESIAN_POINT ( 'NONE',  ( 14.74540607113179647, -47.08790757165686358, 45.65521189272961067 ) ) ;
#3445 = CARTESIAN_POINT ( 'NONE',  ( -90.99999999999970157, -54.00000000000000000, 61.00000000000072475 ) ) ;
#3446 = CARTESIAN_POINT ( 'NONE',  ( 13.78188561090363429, -53.71367013667803292, 50.21811438910075509 ) ) ;
#3447 = ORIENTED_EDGE ( 'NONE', *, *, #1923, .F. ) ;
#3448 = EDGE_CURVE ( 'NONE', #3280, #492, #1976, .T. ) ;
#3449 = CARTESIAN_POINT ( 'NONE',  ( 12.00000000081103835, -46.00000000000000000, 22.00000000000000355 ) ) ;
#3450 = CARTESIAN_POINT ( 'NONE',  ( 15.35920869713573289, -46.15324585440733784, 50.88026376762412184 ) ) ;
#3451 = CARTESIAN_POINT ( 'NONE',  ( 8.407976841645124821, 9.904373639134808727, 14.75669272506002727 ) ) ;
#3452 = VERTEX_POINT ( 'NONE', #3535 ) ;
#3453 =( BOUNDED_CURVE ( )  B_SPLINE_CURVE ( 3, ( #1776, #1192, #826, #3712 ),
 .UNSPECIFIED., .F., .T. ) 
 B_SPLINE_CURVE_WITH_KNOTS ( ( 4, 4 ),
 ( 0.8504543500920289656, 1.570796326794896558 ),
 .UNSPECIFIED. ) 
 CURVE ( )  GEOMETRIC_REPRESENTATION_ITEM ( )  RATIONAL_B_SPLINE_CURVE ( ( 1.000000000000000000, 0.9572243834709418531, 0.9572243834709418531, 1.000000000000000000 ) ) 
 REPRESENTATION_ITEM ( '' )  );
#3454 = CARTESIAN_POINT ( 'NONE',  ( -86.79999999999975557, -50.00000000000000000, 47.40000000000073044 ) ) ;
#3455 = CARTESIAN_POINT ( 'NONE',  ( -86.34642699442335356, -46.26785206066152512, 50.52649028355129701 ) ) ;
#3456 = AXIS2_PLACEMENT_3D ( 'NONE', #3585, #2950, #1627 ) ;
#3457 = CARTESIAN_POINT ( 'NONE',  ( 9.600068966188977981, 0.4237454172430262789, 14.79613969514486804 ) ) ;
#3458 = DIRECTION ( 'NONE',  ( 0.0000000000000000000, 1.000000000000000000, 0.0000000000000000000 ) ) ;
#3459 = ORIENTED_EDGE ( 'NONE', *, *, #1537, .T. ) ;
#3460 = CARTESIAN_POINT ( 'NONE',  ( 12.50892521634358978, -47.69792122436201254, 13.99999999999999822 ) ) ;
#3461 = CARTESIAN_POINT ( 'NONE',  ( 16.00000000000022737, -49.94132210155551377, 47.85672647750720898 ) ) ;
#3462 = CARTESIAN_POINT ( 'NONE',  ( 10.87971274344021033, 11.84483670019338852, 12.50653317348687743 ) ) ;
#3463 = ORIENTED_EDGE ( 'NONE', *, *, #3424, .F. ) ;
#3464 = PLANE ( 'NONE',  #1931 ) ;
#3465 = DIRECTION ( 'NONE',  ( -9.912705577010287487E-15, 0.0000000000000000000, -1.000000000000000000 ) ) ;
#3466 = FACE_OUTER_BOUND ( 'NONE', #1974, .T. ) ;
#3467 = CARTESIAN_POINT ( 'NONE',  ( 16.00000000000000000, -49.23404464054820551, 18.21884438841477305 ) ) ;
#3468 = CARTESIAN_POINT ( 'NONE',  ( 14.24593784125984719, -46.69004839348597358, 29.58483035498475999 ) ) ;
#3469 = VERTEX_POINT ( 'NONE', #1607 ) ;
#3470 = FACE_OUTER_BOUND ( 'NONE', #2874, .T. ) ;
#3471 = CARTESIAN_POINT ( 'NONE',  ( 13.35933820815186301, -46.01929436552017449, 51.54688726394847720 ) ) ;
#3472 = CARTESIAN_POINT ( 'NONE',  ( 0.0000000000000000000, 16.00000000000000000, 8.000000000000000000 ) ) ;
#3473 = LINE ( 'NONE', #2810, #3368 ) ;
#3474 = MECHANICAL_CONTEXT ( 'NONE', #2143, 'mechanical' ) ;
#3475 = CARTESIAN_POINT ( 'NONE',  ( 10.52764273581842858, -36.98251150311543967, 21.71927945051026754 ) ) ;
#3476 = CARTESIAN_POINT ( 'NONE',  ( -87.99999999999981526, -46.00000000000000000, 46.43582202511109358 ) ) ;
#3477 = ORIENTED_EDGE ( 'NONE', *, *, #2157, .T. ) ;
#3478 = CARTESIAN_POINT ( 'NONE',  ( 8.962604734849435317, 1.510997626018942164, 15.39348684777962184 ) ) ;
#3479 = VECTOR ( 'NONE', #1927, 1000.000000000000000 ) ;
#3480 = DIRECTION ( 'NONE',  ( 1.000000000000000000, 0.0000000000000000000, 0.0000000000000000000 ) ) ;
#3481 = CARTESIAN_POINT ( 'NONE',  ( 15.98717287468787518, -49.67074043828475283, 47.29250873041092973 ) ) ;
#3482 = VERTEX_POINT ( 'NONE', #1257 ) ;
#3483 = AXIS2_PLACEMENT_3D ( 'NONE', #2481, #2496, #2792 ) ;
#3484 = CARTESIAN_POINT ( 'NONE',  ( 8.939775544211002511, 10.76567646105964471, 13.63509628047921751 ) ) ;
#3485 = EDGE_CURVE ( 'NONE', #908, #2779, #3430, .T. ) ;
#3486 = CARTESIAN_POINT ( 'NONE',  ( 12.74224083259973561, 11.93533888946246790, 12.87994205520560342 ) ) ;
#3487 = DIRECTION ( 'NONE',  ( -0.0000000000000000000, -0.0000000000000000000, 1.000000000000000000 ) ) ;
#3488 = VECTOR ( 'NONE', #1318, 1000.000000000000000 ) ;
#3489 = CARTESIAN_POINT ( 'NONE',  ( 16.00000000000020961, -49.28978429358533475, 48.06355570973471458 ) ) ;
#3490 = CARTESIAN_POINT ( 'NONE',  ( 14.80453837264139949, -47.14743850447118945, 27.98415763894859865 ) ) ;
#3491 = CARTESIAN_POINT ( 'NONE',  ( 16.00000000000023448, -46.01391308563290750, 51.66666666666659324 ) ) ;
#3492 = CARTESIAN_POINT ( 'NONE',  ( 8.301710231775007998, 12.00000000000058797, 16.94008846740488394 ) ) ;
#3493 = AXIS2_PLACEMENT_3D ( 'NONE', #2182, #2551, #3196 ) ;
#3494 = CARTESIAN_POINT ( 'NONE',  ( -87.94845189280300701, -48.62080311520605136, 45.72047416451738400 ) ) ;
#3495 = DIRECTION ( 'NONE',  ( -7.930164461608253340E-15, 0.0000000000000000000, -1.000000000000000000 ) ) ;
#3496 = CARTESIAN_POINT ( 'NONE',  ( 12.00000000000000000, 11.99999999999998757, 14.00000000000000355 ) ) ;
#3497 = CARTESIAN_POINT ( 'NONE',  ( 8.269630266644007577, 9.666049886154011617, 15.49881977369187780 ) ) ;
#3498 = CARTESIAN_POINT ( 'NONE',  ( 14.60527357246127877, -53.21889451406153171, 47.53798846660325950 ) ) ;
#3499 = CARTESIAN_POINT ( 'NONE',  ( 15.00632076395256043, -40.76501573164358661, 20.63856693381610086 ) ) ;
#3500 = CARTESIAN_POINT ( 'NONE',  ( -87.28656767970525721, -49.05072725175772064, 47.03600857626857845 ) ) ;
#3501 = CARTESIAN_POINT ( 'NONE',  ( 12.52455014401729017, 2.266493768522193086, 14.02729759406722820 ) ) ;
#3502 = CARTESIAN_POINT ( 'NONE',  ( -85.28811870077808521, -53.02949121189116966, 54.61785839723786751 ) ) ;
#3503 = CARTESIAN_POINT ( 'NONE',  ( 13.27086738347322026, -53.89841888990979157, 50.61830957137303955 ) ) ;
#3504 = CARTESIAN_POINT ( 'NONE',  ( 8.993679236047869452, -40.76501573164200920, 20.63856693381659113 ) ) ;
#3505 = EDGE_LOOP ( 'NONE', ( #796, #1694, #545, #3018 ) ) ;
#3506 = DIRECTION ( 'NONE',  ( -1.000000000000000000, 0.0000000000000000000, 0.0000000000000000000 ) ) ;
#3507 = CARTESIAN_POINT ( 'NONE',  ( 12.45531002336264947, -46.00000000000000711, 50.63406992991273370 ) ) ;
#3508 = AXIS2_PLACEMENT_3D ( 'NONE', #4076, #2176, #897 ) ;
#3509 = CARTESIAN_POINT ( 'NONE',  ( 13.77957600776599811, -45.45084736996663111, 22.54915263002723336 ) ) ;
#3510 = EDGE_LOOP ( 'NONE', ( #148, #3366, #667, #3377, #3326, #2749, #1347, #340, #3801, #1358 ) ) ;
#3511 = CARTESIAN_POINT ( 'NONE',  ( -85.03287097205001999, -52.57162152894659357, 48.93122546942296225 ) ) ;
#3512 = CARTESIAN_POINT ( 'NONE',  ( 14.96098199128075379, -40.58421299259681803, 20.69022485916508813 ) ) ;
#3513 = ORIENTED_EDGE ( 'NONE', *, *, #2039, .T. ) ;
#3514 = CARTESIAN_POINT ( 'NONE',  ( 11.57727134383203804, -36.07866362238227254, 21.97773619111578824 ) ) ;
#3515 = DIRECTION ( 'NONE',  ( 1.000000000000000000, 0.0000000000000000000, -6.938893903907227589E-15 ) ) ;
#3516 = AXIS2_PLACEMENT_3D ( 'NONE', #338, #1288, #3542 ) ;
#3517 = CARTESIAN_POINT ( 'NONE',  ( 13.66881885087961912, 3.274712526056778650, 14.20544595228447271 ) ) ;
#3518 = CARTESIAN_POINT ( 'NONE',  ( -87.37236111805715666, -53.96450695697883759, 52.54931706328277130 ) ) ;
#3519 = ORIENTED_EDGE ( 'NONE', *, *, #831, .T. ) ;
#3520 = CARTESIAN_POINT ( 'NONE',  ( -87.65490853483265710, -53.93872995094984901, 52.82883612570751808 ) ) ;
#3521 = FACE_OUTER_BOUND ( 'NONE', #554, .T. ) ;
#3522 = CARTESIAN_POINT ( 'NONE',  ( 8.376741717602124382, 9.698072329268020653, 13.75481917682996169 ) ) ;
#3523 = CARTESIAN_POINT ( 'NONE',  ( 1.600000000000001643, 13.00000000000000178, 8.000000000000000000 ) ) ;
#3524 = CARTESIAN_POINT ( 'NONE',  ( -85.00000000000027001, -52.46011011870006513, 48.83882644466612533 ) ) ;
#3525 = ORIENTED_EDGE ( 'NONE', *, *, #30, .T. ) ;
#3526 = CYLINDRICAL_SURFACE ( 'NONE', #464, 1.399999999999999245 ) ;
#3527 = CARTESIAN_POINT ( 'NONE',  ( 15.13915875470157246, -47.22885302650529127, 47.23109562063064715 ) ) ;
#3528 = CARTESIAN_POINT ( 'NONE',  ( 13.18922846065661680, -46.17927095902338408, 31.37252247329240618 ) ) ;
#3529 = ORIENTED_EDGE ( 'NONE', *, *, #9, .F. ) ;
#3530 = CARTESIAN_POINT ( 'NONE',  ( 16.00000000000023448, -50.99652172859179444, 51.91666666666664298 ) ) ;
#3531 = CARTESIAN_POINT ( 'NONE',  ( 8.546602856090911970, 10.13480148517190749, 14.04104597568512958 ) ) ;
#3532 = CARTESIAN_POINT ( 'NONE',  ( 19.60000000000000142, 3.000000000000001332, 8.000000000000000000 ) ) ;
#3533 = ORIENTED_EDGE ( 'NONE', *, *, #1247, .F. ) ;
#3534 = CARTESIAN_POINT ( 'NONE',  ( 15.12288449389539302, 5.497179325193857657, 12.00000000000000000 ) ) ;
#3535 = CARTESIAN_POINT ( 'NONE',  ( 16.00000000000024158, -50.00000000000000000, 52.99999999999998579 ) ) ;
#3536 =( BOUNDED_SURFACE ( )  B_SPLINE_SURFACE ( 2, 3, ( 
 ( #3729, #576, #2783, #4030, #2467, #2828, #2794, #1182, #3718, #206, #1491, #3434, #1826, #1795, #3705, #850 ),
 ( #3744, #832, #4045, #3136, #3104, #2499, #1201, #1475, #4017, #3150, #1837, #1221, #2154, #220, #2110, #538 ),
 ( #4062, #869, #1810, #2436, #2127, #1849, #513, #3120, #557, #2449, #2762, #3091, #884, #2807, #1153, #3405 ) ),
 .UNSPECIFIED., .F., .F., .T. ) 
 B_SPLINE_SURFACE_WITH_KNOTS ( ( 3, 3 ),
 ( 4, 2, 2, 2, 2, 2, 2, 4 ),
 ( 0.0000000000000000000, 1.000000000000000000 ),
 ( 6.283185306988434249, 6.410105443785494295, 6.537025580582554340, 6.663945717379613498, 6.790865854176673544, 6.917785990973733590, 7.044706127770792747, 7.298546401364912839 ),
 .UNSPECIFIED. ) 
 GEOMETRIC_REPRESENTATION_ITEM ( )  RATIONAL_B_SPLINE_SURFACE ( (
 ( 1.000000000000000000, 1.000000000000000000, 1.000000000000000000, 1.000000000000000000, 1.000000000000000000, 1.000000000000000000, 1.000000000000000000, 1.000000000000000000, 1.000000000000000000, 1.000000000000000000, 1.000000000000000000, 1.000000000000000000, 1.000000000000000000, 1.000000000000000000, 1.000000000000000000, 1.000000000000000000),
 ( 0.7071067811865475727, 0.7070647756070606027, 0.7104361620160066781, 0.7222543181875640261, 0.7306544666594565474, 0.7495734408455798636, 0.7600529729187176509, 0.7808679494513998121, 0.7912090192441072478, 0.8106717150731446164, 0.8198075923869218018, 0.8365559477102518793, 0.8441786821801884333, 0.8648618118953803613, 0.8757484164287551165, 0.8845543464043809090),
 ( 1.000000000000000000, 1.000000000000000000, 1.000000000000000000, 1.000000000000000000, 1.000000000000000000, 1.000000000000000000, 1.000000000000000000, 1.000000000000000000, 1.000000000000000000, 1.000000000000000000, 1.000000000000000000, 1.000000000000000000, 1.000000000000000000, 1.000000000000000000, 1.000000000000000000, 1.000000000000000000) ) ) 
 REPRESENTATION_ITEM ( '' )  SURFACE ( )  );
#3537 = EDGE_CURVE ( 'NONE', #3314, #715, #3823, .T. ) ;
#3538 = LINE ( 'NONE', #2666, #3775 ) ;
#3539 = CARTESIAN_POINT ( 'NONE',  ( -87.52587201139637330, -51.18453719572131888, 46.75683079398088182 ) ) ;
#3540 = CARTESIAN_POINT ( 'NONE',  ( -86.45662182268323193, -53.76997598531553280, 50.62910912074688241 ) ) ;
#3541 = CARTESIAN_POINT ( 'NONE',  ( 12.00000000000000000, 8.000000000000000000, 12.00000000000000000 ) ) ;
#3542 = DIRECTION ( 'NONE',  ( 0.0000000000000000000, -0.0000000000000000000, -1.000000000000000000 ) ) ;
#3543 = DIRECTION ( 'NONE',  ( 0.0000000000000000000, 0.0000000000000000000, -1.000000000000000000 ) ) ;
#3544 = CARTESIAN_POINT ( 'NONE',  ( 16.00000000000079581, -50.17297958935376556, 47.89434663148306726 ) ) ;
#3545 = CARTESIAN_POINT ( 'NONE',  ( 14.92526990325186986, 11.99999999999997513, 14.83168319618831532 ) ) ;
#3546 = CARTESIAN_POINT ( 'NONE',  ( -87.85487718002482893, -52.25979950912832095, 55.30065198144379934 ) ) ;
#3547 = ADVANCED_FACE ( 'NONE', ( #3580 ), #1284, .T. ) ;
#3548 = CARTESIAN_POINT ( 'NONE',  ( 9.477645939033468636, -53.39154448551079213, 49.47764593902594754 ) ) ;
#3549 = CARTESIAN_POINT ( 'NONE',  ( 12.90406292658449061, -53.92300617411574848, 49.28781122024718542 ) ) ;
#3550 = CARTESIAN_POINT ( 'NONE',  ( 12.60834098970006600, -46.04566323654101723, 31.83990031392400155 ) ) ;
#3551 = CARTESIAN_POINT ( 'NONE',  ( 9.325708195532534717, -47.02536622112396003, 28.41121598357923261 ) ) ;
#3552 = ORIENTED_EDGE ( 'NONE', *, *, #4132, .F. ) ;
#3553 = AXIS2_PLACEMENT_3D ( 'NONE', #350, #3563, #1987 ) ;
#3554 = ORIENTED_EDGE ( 'NONE', *, *, #681, .T. ) ;
#3555 = CARTESIAN_POINT ( 'NONE',  ( -87.99999999999974420, -46.00000000000000000, 56.04973048153709669 ) ) ;
#3556 = EDGE_CURVE ( 'NONE', #3569, #2443, #3872, .T. ) ;
#3557 = CARTESIAN_POINT ( 'NONE',  ( 8.346027971848101856, -48.09935160007007937, 24.65226939975475062 ) ) ;
#3558 = EDGE_LOOP ( 'NONE', ( #1086, #3659 ) ) ;
#3559 = CARTESIAN_POINT ( 'NONE',  ( 11.99999999998287592, -0.4721359549995806648, 14.00000000000000355 ) ) ;
#3560 = EDGE_CURVE ( 'NONE', #1049, #2443, #3096, .T. ) ;
#3561 = CARTESIAN_POINT ( 'NONE',  ( -87.99999999999980105, -54.00000000000000000, 48.42822408062762918 ) ) ;
#3562 = ORIENTED_EDGE ( 'NONE', *, *, #1629, .T. ) ;
#3563 = DIRECTION ( 'NONE',  ( 0.0000000000000000000, 1.000000000000000000, 0.0000000000000000000 ) ) ;
#3564 = FACE_OUTER_BOUND ( 'NONE', #663, .T. ) ;
#3565 = CARTESIAN_POINT ( 'NONE',  ( 9.131853475481253923, -47.21185515228621199, 27.75880471506023994 ) ) ;
#3566 = CARTESIAN_POINT ( 'NONE',  ( 16.00000000027996094, -50.48774905755584541, 48.02444364738982330 ) ) ;
#3567 = ORIENTED_EDGE ( 'NONE', *, *, #3371, .F. ) ;
#3568 = AXIS2_PLACEMENT_3D ( 'NONE', #2287, #3262, #374 ) ;
#3569 = VERTEX_POINT ( 'NONE', #1234 ) ;
#3570 = VECTOR ( 'NONE', #3708, 1000.000000000000000 ) ;
#3571 = CARTESIAN_POINT ( 'NONE',  ( 12.85604293243154217, 11.99999999999997513, 16.44536503435358554 ) ) ;
#3572 = ORIENTED_EDGE ( 'NONE', *, *, #896, .T. ) ;
#3573 = CARTESIAN_POINT ( 'NONE',  ( 4.400000000000002132, 13.00000000000000178, 8.000000000000000000 ) ) ;
#3574 = CYLINDRICAL_SURFACE ( 'NONE', #1543, 1.399999999999998579 ) ;
#3575 = CARTESIAN_POINT ( 'NONE',  ( 11.73819764251554965, -54.00000000000001421, 51.21459292754690296 ) ) ;
#3576 = CARTESIAN_POINT ( 'NONE',  ( -86.79999999999974136, -49.85518012631016660, 56.60000000000071196 ) ) ;
#3577 = VERTEX_POINT ( 'NONE', #3789 ) ;
#3578 = CARTESIAN_POINT ( 'NONE',  ( 11.99999999999997335, -46.00000000000000000, 14.00000000000000178 ) ) ;
#3579 = CARTESIAN_POINT ( 'NONE',  ( 9.766507798290426479, -46.68163937984612488, 29.61426216041817128 ) ) ;
#3580 = FACE_OUTER_BOUND ( 'NONE', #3081, .T. ) ;
#3581 = EDGE_CURVE ( 'NONE', #2362, #705, #2285, .T. ) ;
#3582 = CARTESIAN_POINT ( 'NONE',  ( 14.83423964557564467, -52.93012579495353975, 48.27216110331509924 ) ) ;
#3583 = CARTESIAN_POINT ( 'NONE',  ( -87.99999999999982947, -50.00000000000000000, 44.60000000000067644 ) ) ;
#3584 = CIRCLE ( 'NONE', #3417, 1.400000000000005462 ) ;
#3585 = CARTESIAN_POINT ( 'NONE',  ( -84.99999999999977263, -50.00000000000000000, 52.00000000000068212 ) ) ;
#3586 = EDGE_CURVE ( 'NONE', #4108, #3482, #3624, .T. ) ;
#3587 = CARTESIAN_POINT ( 'NONE',  ( 11.21564970826453589, -0.4173819923733640413, 14.07278720743303424 ) ) ;
#3588 = CARTESIAN_POINT ( 'NONE',  ( 11.34346177306850478, 11.99999999999997513, 14.05424816333089488 ) ) ;
#3589 = CARTESIAN_POINT ( 'NONE',  ( 11.57844093556282061, -45.03871371341448082, 22.96128628658918913 ) ) ;
#3590 = CARTESIAN_POINT ( 'NONE',  ( -87.99999999999977263, -50.00000000000000000, 52.00000000000070344 ) ) ;
#3591 = CARTESIAN_POINT ( 'NONE',  ( -87.99999999999977263, -50.00000000000000000, 52.00000000000070344 ) ) ;
#3592 = CARTESIAN_POINT ( 'NONE',  ( 12.73145434647975982, 11.99999999999997513, 14.98950924506226023 ) ) ;
#3593 = CARTESIAN_POINT ( 'NONE',  ( 8.770497709766269523, 10.36210675559969197, 12.63355897908804693 ) ) ;
#3594 = CARTESIAN_POINT ( 'NONE',  ( 12.00000000000000000, 8.000000000000000000, 8.000000000000000000 ) ) ;
#3595 = CARTESIAN_POINT ( 'NONE',  ( 9.356692997533636813, -53.01354724702585486, 44.07007899260457151 ) ) ;
#3596 = CARTESIAN_POINT ( 'NONE',  ( 16.00000000000000000, 8.000000000000000000, 18.00000000000000355 ) ) ;
#3597 = VERTEX_POINT ( 'NONE', #3899 ) ;
#3598 = DIRECTION ( 'NONE',  ( 0.0000000000000000000, 0.0000000000000000000, 1.000000000000000000 ) ) ;
#3599 = CARTESIAN_POINT ( 'NONE',  ( 10.08609229775081317, -46.48753997167569452, 30.29362435958244504 ) ) ;
#3600 = ORIENTED_EDGE ( 'NONE', *, *, #2297, .T. ) ;
#3601 = CARTESIAN_POINT ( 'NONE',  ( 15.39080265164739991, -52.13784758840530031, 47.38767187704962680 ) ) ;
#3602 = CARTESIAN_POINT ( 'NONE',  ( 13.99291655616549690, 0.05265729352217751041, 14.52802736409774020 ) ) ;
#3603 = EDGE_CURVE ( 'NONE', #1041, #1351, #3025, .T. ) ;
#3604 = CARTESIAN_POINT ( 'NONE',  ( 8.705214256163312569, 12.00000000000765965, 15.73092746007751686 ) ) ;
#3605 = ORIENTED_EDGE ( 'NONE', *, *, #221, .F. ) ;
#3606 = CIRCLE ( 'NONE', #1008, 7.000000000000006217 ) ;
#3607 = CARTESIAN_POINT ( 'NONE',  ( -87.99999999999974420, -54.00000000000000000, 56.28243927190056439 ) ) ;
#3608 = CARTESIAN_POINT ( 'NONE',  ( -86.75588781093244961, -46.14346374290484221, 50.90201096486426025 ) ) ;
#3609 = CARTESIAN_POINT ( 'NONE',  ( 8.986452752974322777, -52.64330700246654260, 42.95935825891830007 ) ) ;
#3610 = ORIENTED_EDGE ( 'NONE', *, *, #3603, .T. ) ;
#3611 = CARTESIAN_POINT ( 'NONE',  ( 11.14934639159625895, -46.41808488844775837, 14.00000000000021672 ) ) ;
#3612 = CIRCLE ( 'NONE', #1581, 7.000000000000006217 ) ;
#3613 = AXIS2_PLACEMENT_3D ( 'NONE', #1502, #4073, #244 ) ;
#3614 = ADVANCED_FACE ( 'NONE', ( #2377, #1774, #670, #1063, #516 ), #456, .T. ) ;
#3615 = ORIENTED_EDGE ( 'NONE', *, *, #3968, .T. ) ;
#3616 = ORIENTED_EDGE ( 'NONE', *, *, #2698, .T. ) ;
#3617 = CARTESIAN_POINT ( 'NONE',  ( 24.00000000000000000, 0.0000000000000000000, 8.000000000000000000 ) ) ;
#3618 = CYLINDRICAL_SURFACE ( 'NONE', #1333, 4.000000000000000000 ) ;
#3619 = CARTESIAN_POINT ( 'NONE',  ( 14.98849539125354546, -52.69083999274183583, 47.84384035780893640 ) ) ;
#3620 = ORIENTED_EDGE ( 'NONE', *, *, #1348, .T. ) ;
#3621 = CALENDAR_DATE ( 2019, 12, 12 ) ;
#3622 = CARTESIAN_POINT ( 'NONE',  ( 12.19724828086398460, -0.4721359550001846261, 13.99999999999916156 ) ) ;
#3623 = CARTESIAN_POINT ( 'NONE',  ( 8.829578965866295093, 10.44094421989477262, 12.53985632715751564 ) ) ;
#3624 = B_SPLINE_CURVE_WITH_KNOTS ( 'NONE', 3,
 ( #279, #1904, #1375, #2875, #1307, #3885, #1372, #3348, #3147, #2293, #1682, #2629, #1972, #3286, #2968, #384, #1360, #2303, #3878, #993, #2640, #3886, #714, #1643, #366, #1980, #2284, #1029, #78, #2329, #3599, #2651, #400, #3272, #699, #3911, #1336, #1309, #1009, #3258, #1999, #3579, #352, #53, #373, #2614, #726, #3241, #3551, #688, #1634, #676, #1959, #27, #2944, #2957, #3252, #2600, #1324, #3565, #39, #1658, #1020 ),
 .UNSPECIFIED., .F., .F.,
 ( 4, 1, 2, 2, 1, 1, 2, 2, 2, 1, 1, 1, 2, 2, 2, 2, 2, 1, 1, 2, 2, 1, 1, 1, 1, 1, 1, 2, 2, 2, 1, 1, 1, 1, 2, 2, 1, 1, 1, 2, 2, 4 ),
 ( 0.0000000000000000000, 0.03124999999996950356, 0.04687499999995465433, 0.06249999999993981203, 0.09374999999990980826, 0.1093749999998957084, 0.1171874999998899491, 0.1249999999998842037, 0.1874999999998339384, 0.2187499999998078482, 0.2343749999997942757, 0.2421874999997872535, 0.2460937499997844780, 0.2499999999997817302, 0.3124999999997561950, 0.3203124999997537525, 0.3281249999997513100, 0.3437499999997447042, 0.3749999999997309930, 0.3906249999997236100, 0.3984374999997204458, 0.4062499999997173372, 0.4374999999997068456, 0.4687499999996962985, 0.4843749999996910804, 0.4921874999996889155, 0.4960937499996885269, 0.4980468749996885269, 0.4999999999996885824, 0.6249999999997726263, 0.6874999999998144817, 0.7187499999998355760, 0.7343749999998454570, 0.7421874999998490097, 0.7460937499998512301, 0.7499999999998533395, 0.8124999999998867573, 0.8437499999999051870, 0.8593749999999154010, 0.8671874999999195088, 0.8749999999999237277, 1.000000000000000000 ),
 .UNSPECIFIED. ) ;
#3625 = CARTESIAN_POINT ( 'NONE',  ( -86.34642699442767366, -53.73214793933975386, 53.47350971644750217 ) ) ;
#3626 = ORIENTED_EDGE ( 'NONE', *, *, #82, .T. ) ;
#3627 = CARTESIAN_POINT ( 'NONE',  ( 1.804192732236714614, -52.11344181443713808, 48.60139757741200839 ) ) ;
#3628 = VECTOR ( 'NONE', #2256, 1000.000000000000000 ) ;
#3629 = CARTESIAN_POINT ( 'NONE',  ( 12.00000000000000000, 8.999999999999980460, 18.00000000000000355 ) ) ;
#3630 = CARTESIAN_POINT ( 'NONE',  ( 24.00000000000000000, 0.0000000000000000000, 8.000000000000000000 ) ) ;
#3631 = EDGE_CURVE ( 'NONE', #2206, #2412, #2729, .T. ) ;
#3632 = ADVANCED_FACE ( 'NONE', ( #2940 ), #2690, .F. ) ;
#3633 = DIRECTION ( 'NONE',  ( 0.0000000000000000000, 0.0000000000000000000, -1.000000000000000000 ) ) ;
#3634 = DIRECTION ( 'NONE',  ( 6.938893903907227589E-15, 0.0000000000000000000, 1.000000000000000000 ) ) ;
#3635 = EDGE_CURVE ( 'NONE', #1797, #2167, #1522, .T. ) ;
#3636 = CARTESIAN_POINT ( 'NONE',  ( 8.630728283650755728, -52.82450227765853867, 48.63072828365806544 ) ) ;
#3637 = CARTESIAN_POINT ( 'NONE',  ( 12.99709327613610554, 11.98142405007938827, 13.99829337258549344 ) ) ;
#3638 = CARTESIAN_POINT ( 'NONE',  ( 8.273097780426004633, 4.328990045120565178, 16.53159601804848577 ) ) ;
#3639 = AXIS2_PLACEMENT_3D ( 'NONE', #2654, #770, #2059 ) ;
#3640 = CARTESIAN_POINT ( 'NONE',  ( -83.99999999999981526, -50.00000000000000000, 46.00000000000068212 ) ) ;
#3641 = ORIENTED_EDGE ( 'NONE', *, *, #2946, .T. ) ;
#3642 = DIRECTION ( 'NONE',  ( -1.000000000000000000, 0.0000000000000000000, -0.0000000000000000000 ) ) ;
#3643 = CARTESIAN_POINT ( 'NONE',  ( 10.72149035077200097, 11.79531551533047562, 12.38095948489648102 ) ) ;
#3644 = CARTESIAN_POINT ( 'NONE',  ( 8.000000000000003553, 8.000000000000000000, 18.00000000000000355 ) ) ;
#3645 = DIRECTION ( 'NONE',  ( -7.930164461608253340E-15, 3.965082230804126670E-15, -1.000000000000000000 ) ) ;
#3646 = ORIENTED_EDGE ( 'NONE', *, *, #1629, .F. ) ;
#3647 = CARTESIAN_POINT ( 'NONE',  ( 7.234424758665694455, -49.37862260864417152, 47.23442475866399803 ) ) ;
#3648 = ADVANCED_FACE ( 'NONE', ( #1110 ), #417, .F. ) ;
#3649 =( BOUNDED_SURFACE ( )  B_SPLINE_SURFACE ( 3, 2, ( 
 ( #531, #3736, #2800 ),
 ( #1212, #3158, #3476 ),
 ( #3787, #4025, #889 ),
 ( #4083, #226, #2121 ),
 ( #4055, #1857, #200 ),
 ( #878, #2442, #2476 ),
 ( #3145, #2185, #547 ),
 ( #1483, #262, #2775 ),
 ( #3754, #4037, #2505 ),
 ( #3455, #842, #3412 ),
 ( #1193, #1845, #3724 ),
 ( #2133, #214, #2789 ),
 ( #860, #3114, #1889 ),
 ( #1580, #2540, #3809 ) ),
 .UNSPECIFIED., .F., .F., .T. ) 
 B_SPLINE_SURFACE_WITH_KNOTS ( ( 4, 2, 2, 2, 2, 2, 4 ),
 ( 3, 3 ),
 ( 0.004920853705581065135, 0.005855928803544473843, 0.006791003901507882551, 0.007726078999471291259, 0.008661154097434699967, 0.01053130429336151738, 0.01240145448928833480 ),
 ( 0.0000000000000000000, 1.000000000000000000 ),
 .UNSPECIFIED. ) 
 GEOMETRIC_REPRESENTATION_ITEM ( )  RATIONAL_B_SPLINE_SURFACE ( (
 ( 1.000000000000000000, 0.7071067811865811015, 1.000000000000000000),
 ( 1.000000000000000000, 0.7245678717078308795, 1.000000000000000000),
 ( 1.000000000000000000, 0.7434826475382507738, 1.000000000000000000),
 ( 1.000000000000000000, 0.7819276613048762314, 1.000000000000000000),
 ( 1.000000000000000000, 0.8015959710454337861, 1.000000000000000000),
 ( 1.000000000000000000, 0.8387348187515203390, 1.000000000000000000),
 ( 1.000000000000000000, 0.8563655068131303949, 1.000000000000000000),
 ( 1.000000000000000000, 0.8891298529552111862, 1.000000000000000000),
 ( 1.000000000000000000, 0.9043541825882184249, 1.000000000000000000),
 ( 1.000000000000000000, 0.9449596789073052561, 1.000000000000000000),
 ( 1.000000000000000000, 0.9653786410284456165, 1.000000000000000000),
 ( 1.000000000000000000, 0.9929412936417342239, 1.000000000000000000),
 ( 1.000000000000000000, 1.000039004095947481, 1.000000000000000000),
 ( 1.000000000000000000, 1.000000000000000000, 1.000000000000000000) ) ) 
 REPRESENTATION_ITEM ( '' )  SURFACE ( )  );
#3650 = CARTESIAN_POINT ( 'NONE',  ( 11.73735322988135010, -36.00000000012381207, 21.99999999996450128 ) ) ;
#3651 = ORIENTED_EDGE ( 'NONE', *, *, #431, .T. ) ;
#3652 = EDGE_CURVE ( 'NONE', #3766, #692, #1325, .T. ) ;
#3653 = CARTESIAN_POINT ( 'NONE',  ( -85.28814160606172834, -46.97048082509280675, 54.61782646742329916 ) ) ;
#3654 = ORIENTED_EDGE ( 'NONE', *, *, #1836, .T. ) ;
#3655 = CIRCLE ( 'NONE', #1709, 3.000000000000002665 ) ;
#3656 = AXIS2_PLACEMENT_3D ( 'NONE', #3397, #1800, #487 ) ;
#3657 = EDGE_CURVE ( 'NONE', #1161, #492, #462, .T. ) ;
#3658 = ORIENTED_EDGE ( 'NONE', *, *, #578, .F. ) ;
#3659 = ORIENTED_EDGE ( 'NONE', *, *, #2190, .F. ) ;
#3660 = CARTESIAN_POINT ( 'NONE',  ( 14.68132035520224932, -47.02373503994103032, 45.69429087476889606 ) ) ;
#3661 = CARTESIAN_POINT ( 'NONE',  ( 9.356692997534477030, -46.98645275297331381, 44.07007899260458572 ) ) ;
#3662 = CARTESIAN_POINT ( 'NONE',  ( 10.46420185775257039, -46.96841188180285087, 14.00000000000028955 ) ) ;
#3663 = ORIENTED_EDGE ( 'NONE', *, *, #896, .F. ) ;
#3664 = AXIS2_PLACEMENT_3D ( 'NONE', #2925, #1299, #359 ) ;
#3665 = FACE_OUTER_BOUND ( 'NONE', #1918, .T. ) ;
#3666 = CARTESIAN_POINT ( 'NONE',  ( 11.99999999945935514, -36.00000000000000711, 22.00000000000000355 ) ) ;
#3667 = DIRECTION ( 'NONE',  ( 0.0000000000000000000, 1.000000000000000000, 0.0000000000000000000 ) ) ;
#3668 = CARTESIAN_POINT ( 'NONE',  ( 15.99999999999997691, -38.68629150101514824, 48.00000000000021316 ) ) ;
#3669 = ORIENTED_EDGE ( 'NONE', *, *, #779, .F. ) ;
#3670 = CARTESIAN_POINT ( 'NONE',  ( -87.44687756071454032, -51.11189716263984195, 57.14086251369863589 ) ) ;
#3671 = ADVANCED_FACE ( 'NONE', ( #1879 ), #3242, .F. ) ;
#3672 = CARTESIAN_POINT ( 'NONE',  ( -87.99999999999970157, -54.00000000000000000, 61.00000000000070344 ) ) ;
#3673 = FACE_OUTER_BOUND ( 'NONE', #1136, .T. ) ;
#3674 = B_SPLINE_CURVE_WITH_KNOTS ( 'NONE', 3,
 ( #2838, #2493, #1499, #568 ),
 .UNSPECIFIED., .F., .F.,
 ( 4, 4 ),
 ( 0.0000000000000000000, 0.003325744960260194547 ),
 .UNSPECIFIED. ) ;
#3675 = CARTESIAN_POINT ( 'NONE',  ( 14.51752154303839859, -46.88434897815086089, 45.83724083438212915 ) ) ;
#3676 = LINE ( 'NONE', #2588, #2486 ) ;
#3677 = CARTESIAN_POINT ( 'NONE',  ( 12.04087576655509828, -46.07124844048676948, 14.00000000000000178 ) ) ;
#3678 = CARTESIAN_POINT ( 'NONE',  ( 8.000000000000003553, 8.000000000000007105, 18.00000000000001776 ) ) ;
#3679 = CARTESIAN_POINT ( 'NONE',  ( -87.37014763493397140, -46.02806091414360878, 52.54968913479751080 ) ) ;
#3680 = CARTESIAN_POINT ( 'NONE',  ( 15.18052057189439985, 11.99999999998479616, 15.57069926752833489 ) ) ;
#3681 = AXIS2_PLACEMENT_3D ( 'NONE', #1723, #2661, #1995 ) ;
#3682 = EDGE_CURVE ( 'NONE', #2408, #641, #3538, .T. ) ;
#3683 = CARTESIAN_POINT ( 'NONE',  ( -87.99999999999970157, -51.00000000000000000, 61.00000000000070344 ) ) ;
#3684 = DIRECTION ( 'NONE',  ( 0.0000000000000000000, 0.0000000000000000000, -1.000000000000000000 ) ) ;
#3685 = CARTESIAN_POINT ( 'NONE',  ( 16.00000000007919709, -46.88918903538210259, 49.48194879677018321 ) ) ;
#3686 = CARTESIAN_POINT ( 'NONE',  ( 8.630728283649805377, -47.17549772234521299, 48.63072828365056210 ) ) ;
#3687 = CARTESIAN_POINT ( 'NONE',  ( 12.34689642159662526, -46.01068301450646203, 14.01068302291533030 ) ) ;
#3688 = ADVANCED_FACE ( 'NONE', ( #1276 ), #1604, .F. ) ;
#3689 = AXIS2_PLACEMENT_3D ( 'NONE', #3693, #1757, #4022 ) ;
#3690 = CARTESIAN_POINT ( 'NONE',  ( 13.68298315409814414, 12.00000000035668357, 14.36945797151184934 ) ) ;
#3691 = ORIENTED_EDGE ( 'NONE', *, *, #1597, .F. ) ;
#3692 = CARTESIAN_POINT ( 'NONE',  ( -87.94845189280293596, -51.37919688479392732, 58.27952583548403709 ) ) ;
#3693 = CARTESIAN_POINT ( 'NONE',  ( 11.99999999999999467, -50.00000000000000000, 17.00000000000000000 ) ) ;
#3694 = CARTESIAN_POINT ( 'NONE',  ( 13.69884093936649805, -37.32514187429485020, 21.62133594867237107 ) ) ;
#3695 = EDGE_LOOP ( 'NONE', ( #1514, #3700, #3116, #2219 ) ) ;
#3696 = DIRECTION ( 'NONE',  ( 1.000000000000000000, 0.0000000000000000000, -6.938893903907218911E-15 ) ) ;
#3697 = CARTESIAN_POINT ( 'NONE',  ( 15.79082179423953747, -48.64176843605527978, 47.40651729862091202 ) ) ;
#3698 = CARTESIAN_POINT ( 'NONE',  ( 8.534020631103775401, -47.99896982925918110, 41.60206189331130844 ) ) ;
#3699 =( BOUNDED_SURFACE ( )  B_SPLINE_SURFACE ( 3, 2, ( 
 ( #936, #1286, #1934 ),
 ( #3224, #77, #3950 ),
 ( #668, #58, #3571 ),
 ( #2618, #3545, #3592 ),
 ( #2306, #343, #973 ),
 ( #388, #3850, #2939 ) ),
 .UNSPECIFIED., .F., .F., .T. ) 
 B_SPLINE_SURFACE_WITH_KNOTS ( ( 4, 2, 4 ),
 ( 3, 3 ),
 ( 0.0000000000000000000, 0.002191765274654655388, 0.004383530549309310777 ),
 ( 0.0000000000000000000, 1.000000000000000000 ),
 .UNSPECIFIED. ) 
 GEOMETRIC_REPRESENTATION_ITEM ( )  RATIONAL_B_SPLINE_SURFACE ( (
 ( 1.000000000000000000, 0.7071067811865449082, 1.000000000000000000),
 ( 1.000000000000000000, 0.7333092279466364438, 1.000000000000000000),
 ( 1.000000000000000000, 0.7585032550050119227, 1.000000000000000000),
 ( 1.000000000000000000, 0.8071117844208017811, 1.000000000000000000),
 ( 1.000000000000000000, 0.8305281229648433516, 1.000000000000000000),
 ( 1.000000000000000000, 0.8531714746160335983, 1.000000000000000000) ) ) 
 REPRESENTATION_ITEM ( '' )  SURFACE ( )  );
#3700 = ORIENTED_EDGE ( 'NONE', *, *, #3763, .T. ) ;
#3701 = CARTESIAN_POINT ( 'NONE',  ( 12.21230600430166113, -46.07764584664344198, 14.00000000000078870 ) ) ;
#3702 = FACE_OUTER_BOUND ( 'NONE', #2353, .T. ) ;
#3703 = CARTESIAN_POINT ( 'NONE',  ( 14.26256040580221196, -53.30407632665518491, 46.12761398518161116 ) ) ;
#3704 = ORIENTED_EDGE ( 'NONE', *, *, #3865, .F. ) ;
#3705 = CARTESIAN_POINT ( 'NONE',  ( 14.92330555142753923, -47.26684749629003335, 27.56603376353342227 ) ) ;
#3706 = CARTESIAN_POINT ( 'NONE',  ( 14.91548492407305027, 11.99999999992368949, 15.26044796276092086 ) ) ;
#3707 = CIRCLE ( 'NONE', #1877, 6.000000000000000888 ) ;
#3708 = DIRECTION ( 'NONE',  ( 6.982962677686266711E-15, 0.0000000000000000000, 1.000000000000000000 ) ) ;
#3709 = VERTEX_POINT ( 'NONE', #607 ) ;
#3710 = FACE_OUTER_BOUND ( 'NONE', #1772, .T. ) ;
#3711 = EDGE_CURVE ( 'NONE', #1409, #1200, #1225, .T. ) ;
#3712 = CARTESIAN_POINT ( 'NONE',  ( 16.00000000000000711, -50.00000000000000000, 17.99999999999997513 ) ) ;
#3713 = CARTESIAN_POINT ( 'NONE',  ( 15.64533681192360426, -48.34966877048348977, 45.71849652441358813 ) ) ;
#3714 = CARTESIAN_POINT ( 'NONE',  ( 9.410638949763077576, 4.948426275771177885, 11.99999999994605382 ) ) ;
#3715 = CARTESIAN_POINT ( 'NONE',  ( 0.1539648449425854992, -49.34802320477734838, 48.05132161498114840 ) ) ;
#3716 = ORIENTED_EDGE ( 'NONE', *, *, #2728, .F. ) ;
#3717 = ORGANIZATION ( 'UNSPECIFIED', 'UNSPECIFIED', '' ) ;
#3718 = CARTESIAN_POINT ( 'NONE',  ( 14.13553097150000148, -46.61554927755737054, 29.84557752702470879 ) ) ;
#3719 = CARTESIAN_POINT ( 'NONE',  ( 14.02415376386409740, 11.45161070330857278, 12.03208287851465030 ) ) ;
#3720 = CIRCLE ( 'NONE', #602, 1.400000000000033218 ) ;
#3721 = CARTESIAN_POINT ( 'NONE',  ( 8.127016653792574985, -49.00000000000000000, 17.00000000000002842 ) ) ;
#3722 = CARTESIAN_POINT ( 'NONE',  ( 8.426246651592940395, -43.65110242488724168, 19.81397073572604484 ) ) ;
#3723 = CARTESIAN_POINT ( 'NONE',  ( 13.21550725537824533, -36.65958552822299765, 21.81155364293109145 ) ) ;
#3724 = CARTESIAN_POINT ( 'NONE',  ( -87.99999999999978684, -46.00000000000000000, 49.92518390828738006 ) ) ;
#3725 = CARTESIAN_POINT ( 'NONE',  ( 12.65135031501263008, -0.4462769123221386192, 14.03981385215565325 ) ) ;
#3726 = DIRECTION ( 'NONE',  ( 0.0000000000000000000, 0.0000000000000000000, 1.000000000000000000 ) ) ;
#3727 = CARTESIAN_POINT ( 'NONE',  ( 13.40566049492955969, -46.25187318672219305, 14.25187316776177049 ) ) ;
#3728 = CARTESIAN_POINT ( 'NONE',  ( 12.00000000000000000, 8.999999999999980460, 19.00000000000000355 ) ) ;
#3729 = CARTESIAN_POINT ( 'NONE',  ( 11.99999999945942442, -46.00000000000000000, 32.00000000000000000 ) ) ;
#3730 = CC_DESIGN_PERSON_AND_ORGANIZATION_ASSIGNMENT ( #812, #1843, ( #6 ) ) ;
#3731 = EDGE_CURVE ( 'NONE', #2657, #61, #1169, .T. ) ;
#3732 = CARTESIAN_POINT ( 'NONE',  ( 15.32869586719918686, 5.771594489598922628, 12.42898622399873432 ) ) ;
#3733 = CARTESIAN_POINT ( 'NONE',  ( 13.00000000000024691, -50.00000000000000000, 52.00000000000000000 ) ) ;
#3734 = CARTESIAN_POINT ( 'NONE',  ( 13.73407074927185967, -37.38362145590857466, 21.60463555857544904 ) ) ;
#3735 = CARTESIAN_POINT ( 'NONE',  ( 9.050305728731951049, -40.54261665146638194, 20.70207913972528502 ) ) ;
#3736 = CARTESIAN_POINT ( 'NONE',  ( -87.99999999999951683, -47.71428571428575793, 48.71739277340749652 ) ) ;
#3737 = AXIS2_PLACEMENT_3D ( 'NONE', #3591, #386, #1030 ) ;
#3738 = ORIENTED_EDGE ( 'NONE', *, *, #3939, .T. ) ;
#3739 = CARTESIAN_POINT ( 'NONE',  ( 9.514174474391838388, 4.863100721782998015, 12.00000000008644463 ) ) ;
#3740 = CARTESIAN_POINT ( 'NONE',  ( 16.00000000000000000, 8.000000000000003553, 17.99999999999999289 ) ) ;
#3741 = CARTESIAN_POINT ( 'NONE',  ( 14.71635355514801979, -47.05550412271996663, 15.05550413078445438 ) ) ;
#3742 = PLANE ( 'NONE',  #3007 ) ;
#3743 = ORIENTED_EDGE ( 'NONE', *, *, #2946, .F. ) ;
#3744 = CARTESIAN_POINT ( 'NONE',  ( 12.00000000081104012, -46.00000000000000000, 22.00000000000000000 ) ) ;
#3745 = CARTESIAN_POINT ( 'NONE',  ( 16.00000000000000000, 8.000000000000000000, 18.00000000000000355 ) ) ;
#3746 = ORIENTED_EDGE ( 'NONE', *, *, #1449, .F. ) ;
#3747 = CARTESIAN_POINT ( 'NONE',  ( 13.89566667850511017, -46.47736871819941484, 30.32921311776315676 ) ) ;
#3748 = DIRECTION ( 'NONE',  ( -1.000000000000000000, 0.0000000000000000000, 0.0000000000000000000 ) ) ;
#3749 = CARTESIAN_POINT ( 'NONE',  ( 19.59999999999999787, 13.00000000000000355, -45.00000000000000711 ) ) ;
#3750 = APPROVAL_ROLE ( '' ) ;
#3751 =( BOUNDED_CURVE ( )  B_SPLINE_CURVE ( 3, ( #14, #3549, #2188, #2509 ),
 .UNSPECIFIED., .F., .T. ) 
 B_SPLINE_CURVE_WITH_KNOTS ( ( 4, 4 ),
 ( 1.230959417340776962, 1.570796326794896780 ),
 .UNSPECIFIED. ) 
 CURVE ( )  GEOMETRIC_REPRESENTATION_ITEM ( )  RATIONAL_B_SPLINE_CURVE ( ( 1.000000000000000000, 0.9903990397689925729, 0.9903990397689925729, 1.000000000000000000 ) ) 
 REPRESENTATION_ITEM ( '' )  );
#3752 = ORIENTED_EDGE ( 'NONE', *, *, #2424, .T. ) ;
#3753 = CARTESIAN_POINT ( 'NONE',  ( 11.74116260608348483, -36.02247532068065539, 21.99379002568192476 ) ) ;
#3754 = CARTESIAN_POINT ( 'NONE',  ( -85.91600339883069637, -46.47646643663425436, 50.10006552501742050 ) ) ;
#3755 = LINE ( 'NONE', #2201, #653 ) ;
#3756 = CARTESIAN_POINT ( 'NONE',  ( 11.61692731187033267, 4.013909775658548895, 11.99999999976395237 ) ) ;
#3757 = CARTESIAN_POINT ( 'NONE',  ( 16.00000000000000000, 8.000000000000008882, 18.00000000000000000 ) ) ;
#3758 = CARTESIAN_POINT ( 'NONE',  ( 12.60931699346122947, -48.17272836557540927, 13.99999999999999822 ) ) ;
#3759 = ORIENTED_EDGE ( 'NONE', *, *, #3763, .F. ) ;
#3760 = EDGE_LOOP ( 'NONE', ( #3409, #1343, #954, #1363 ) ) ;
#3761 = AXIS2_PLACEMENT_3D ( 'NONE', #697, #3250, #2301 ) ;
#3762 = CARTESIAN_POINT ( 'NONE',  ( 15.99500538308621600, -50.25252789754782867, 47.42802488350432100 ) ) ;
#3763 = EDGE_CURVE ( 'NONE', #552, #2412, #2387, .T. ) ;
#3764 = CARTESIAN_POINT ( 'NONE',  ( -90.99999999999982947, -49.00000000000000000, 43.00000000000072475 ) ) ;
#3765 = CARTESIAN_POINT ( 'NONE',  ( 12.89970309375531521, -53.90408284274801076, 49.30089071873096174 ) ) ;
#3766 = VERTEX_POINT ( 'NONE', #296 ) ;
#3767 = LINE ( 'NONE', #1163, #2979 ) ;
#3768 = CARTESIAN_POINT ( 'NONE',  ( 14.14634146341461296, 4.195121951219501710, 14.19512195121950526 ) ) ;
#3769 = CARTESIAN_POINT ( 'NONE',  ( 14.55526400094606210, -46.92093931793952066, 28.77668289000570212 ) ) ;
#3770 = EDGE_LOOP ( 'NONE', ( #4056, #1484, #610, #3270, #3962, #660, #90, #1103, #4060 ) ) ;
#3771 = EDGE_CURVE ( 'NONE', #1571, #1191, #2840, .T. ) ;
#3772 = CARTESIAN_POINT ( 'NONE',  ( 10.17956338821394091, -37.53381279839845774, 21.56175509581947480 ) ) ;
#3773 = CARTESIAN_POINT ( 'NONE',  ( 0.0000000000000000000, 0.0000000000000000000, 8.000000000000000000 ) ) ;
#3774 = CARTESIAN_POINT ( 'NONE',  ( 10.72180161140810029, -0.3016767558103699565, 14.20623612920021372 ) ) ;
#3775 = VECTOR ( 'NONE', #3338, 1000.000000000000000 ) ;
#3776 = CARTESIAN_POINT ( 'NONE',  ( 12.85065360839591442, -46.41808488844250746, 14.00000000000013500 ) ) ;
#3777 = CARTESIAN_POINT ( 'NONE',  ( 15.99229218835257882, -49.74274586149114441, 47.43109693463730991 ) ) ;
#3778 = CARTESIAN_POINT ( 'NONE',  ( 8.696211444846701610, 10.41575626611240502, 13.94339994930442472 ) ) ;
#3779 = CARTESIAN_POINT ( 'NONE',  ( -87.99999999999982947, -46.00000000000000000, 43.00000000000070344 ) ) ;
#3780 = CARTESIAN_POINT ( 'NONE',  ( 13.81818181818196933, -46.36455509579291601, 48.53285794598460967 ) ) ;
#3781 = CARTESIAN_POINT ( 'NONE',  ( 16.00000000000000000, -50.00000000000000000, 17.99999999999997158 ) ) ;
#3782 = CARTESIAN_POINT ( 'NONE',  ( 13.64803752454436925, -46.35445061517516763, 30.75952378542742593 ) ) ;
#3783 = CARTESIAN_POINT ( 'NONE',  ( 12.00000000000025402, -45.99999999999999289, 51.99999999999999289 ) ) ;
#3784 = CARTESIAN_POINT ( 'NONE',  ( 14.67429180451904713, -39.58878401655591972, 20.97463377882959890 ) ) ;
#3785 = APPROVAL_STATUS ( 'not_yet_approved' ) ;
#3786 = CARTESIAN_POINT ( 'NONE',  ( 11.99999999945935514, -36.00000000000000711, 22.00000000000000355 ) ) ;
#3787 = CARTESIAN_POINT ( 'NONE',  ( -85.03287097204922418, -47.42837847105528937, 48.93122546942137774 ) ) ;
#3788 = CARTESIAN_POINT ( 'NONE',  ( 13.46304354730531827, 2.965938033969480969, 14.19196357568345590 ) ) ;
#3789 = CARTESIAN_POINT ( 'NONE',  ( -87.99999999999970157, -49.00000000000000000, 61.00000000000070344 ) ) ;
#3790 = CARTESIAN_POINT ( 'NONE',  ( 9.351964890791114371, 11.00083681430740512, 12.07966305431216725 ) ) ;
#3791 = EDGE_CURVE ( 'NONE', #950, #342, #1936, .T. ) ;
#3792 = CARTESIAN_POINT ( 'NONE',  ( 14.01293226335150344, -53.55797983500818304, 48.21403534084459608 ) ) ;
#3793 = CARTESIAN_POINT ( 'NONE',  ( 14.71429198679020800, -47.06186712604204558, 28.28346647319965257 ) ) ;
#3794 = CARTESIAN_POINT ( 'NONE',  ( 14.82454393111658852, -40.08629710137132207, 20.83241585445321675 ) ) ;
#3795 = EDGE_LOOP ( 'NONE', ( #962, #559, #2881, #867, #1815, #2918, #620, #2153, #3256 ) ) ;
#3796 = CARTESIAN_POINT ( 'NONE',  ( -87.04271320601145590, -49.34633201001663849, 47.24388001250857627 ) ) ;
#3797 = CARTESIAN_POINT ( 'NONE',  ( 10.31701684590104939, 12.00000000035671910, 14.36945797151235027 ) ) ;
#3798 = ORIENTED_EDGE ( 'NONE', *, *, #138, .F. ) ;
#3799 = CARTESIAN_POINT ( 'NONE',  ( -85.89038656825736950, -53.50969372309220518, 53.92570651249636882 ) ) ;
#3800 = CARTESIAN_POINT ( 'NONE',  ( 9.660079400934218796, 11.24701265142894613, 12.00661809206443742 ) ) ;
#3801 = ORIENTED_EDGE ( 'NONE', *, *, #1247, .T. ) ;
#3802 = CARTESIAN_POINT ( 'NONE',  ( 8.800000000000002487, 5.599999999999996980, 12.00000000000000000 ) ) ;
#3803 = CIRCLE ( 'NONE', #387, 2.999999999999999112 ) ;
#3804 = CARTESIAN_POINT ( 'NONE',  ( 15.91995975781593664, -48.59831972435869574, 47.78120473074981334 ) ) ;
#3805 = CARTESIAN_POINT ( 'NONE',  ( 14.43754452901756480, -46.82811193945276074, 29.10157820525955685 ) ) ;
#3806 = ORIENTED_EDGE ( 'NONE', *, *, #1625, .T. ) ;
#3807 = DIRECTION ( 'NONE',  ( 0.0000000000000000000, 0.0000000000000000000, 1.000000000000000000 ) ) ;
#3808 = CARTESIAN_POINT ( 'NONE',  ( 11.00501256289338414, 11.99999999999997513, 17.90000000000000568 ) ) ;
#3809 = CARTESIAN_POINT ( 'NONE',  ( -87.99999999999977263, -46.00000000000000000, 52.00000000000070344 ) ) ;
#3810 = EDGE_LOOP ( 'NONE', ( #2160, #1050, #2113, #2308 ) ) ;
#3811 = CARTESIAN_POINT ( 'NONE',  ( 8.000000000000149214, -50.00000000000000000, 40.00000000000003553 ) ) ;
#3812 = FACE_OUTER_BOUND ( 'NONE', #3374, .T. ) ;
#3813 = DIRECTION ( 'NONE',  ( 1.000000000000000000, -0.0000000000000000000, -6.983996714282626151E-15 ) ) ;
#3814 = VERTEX_POINT ( 'NONE', #2500 ) ;
#3815 = CARTESIAN_POINT ( 'NONE',  ( 10.54362551485367661, 11.89026818499396931, 13.77060281891368021 ) ) ;
#3816 = EDGE_CURVE ( 'NONE', #385, #440, #971, .T. ) ;
#3817 = DIRECTION ( 'NONE',  ( -6.982962677686266711E-15, -0.0000000000000000000, -1.000000000000000000 ) ) ;
#3818 = ORIENTED_EDGE ( 'NONE', *, *, #2430, .F. ) ;
#3819 = CARTESIAN_POINT ( 'NONE',  ( 15.93574131373877556, -48.99613835771303627, 19.00386164229084329 ) ) ;
#3820 = CARTESIAN_POINT ( 'NONE',  ( -87.17958942557257274, -53.10679612050276432, 49.39040086023838683 ) ) ;
#3821 = CARTESIAN_POINT ( 'NONE',  ( 1.600000000000002531, 2.999999999999999112, 8.000000000000000000 ) ) ;
#3822 = CARTESIAN_POINT ( 'NONE',  ( 21.00000000000000000, 3.000000000000001332, 8.000000000000000000 ) ) ;
#3823 = LINE ( 'NONE', #4141, #216 ) ;
#3824 = CARTESIAN_POINT ( 'NONE',  ( 11.99999999999999467, -50.00000000000000000, 17.00000000000000000 ) ) ;
#3825 = CARTESIAN_POINT ( 'NONE',  ( 11.70906220432084588, 11.99999999999862332, 13.83943887547744822 ) ) ;
#3826 = CARTESIAN_POINT ( 'NONE',  ( -87.18636475658556151, -53.22355675885592774, 54.45859487045096614 ) ) ;
#3827 = CARTESIAN_POINT ( 'NONE',  ( 8.472915459191424858, 9.999999999999991118, 14.46065410564152920 ) ) ;
#3828 =( BOUNDED_CURVE ( )  B_SPLINE_CURVE ( 3, ( #1262, #3507, #1613, #1909 ),
 .UNSPECIFIED., .F., .T. ) 
 B_SPLINE_CURVE_WITH_KNOTS ( ( 4, 4 ),
 ( 4.712388980384689674, 5.052225889838791062 ),
 .UNSPECIFIED. ) 
 CURVE ( )  GEOMETRIC_REPRESENTATION_ITEM ( )  RATIONAL_B_SPLINE_CURVE ( ( 1.000000000000000000, 0.9903990397689936831, 0.9903990397689936831, 1.000000000000000000 ) ) 
 REPRESENTATION_ITEM ( '' )  );
#3829 = CARTESIAN_POINT ( 'NONE',  ( 8.993679236047912084, -47.36143306618343729, 27.23498426835799791 ) ) ;
#3830 = DIRECTION ( 'NONE',  ( 9.912705577010287487E-15, 0.0000000000000000000, 1.000000000000000000 ) ) ;
#3831 = CARTESIAN_POINT ( 'NONE',  ( 15.75984771492843706, -48.13794546425114618, 47.48060594299536064 ) ) ;
#3832 = CARTESIAN_POINT ( 'NONE',  ( 12.12863996264022681, -45.99999999998261302, 32.00000000000000000 ) ) ;
#3833 = DIRECTION ( 'NONE',  ( 1.000000000000000000, 0.0000000000000000000, 0.0000000000000000000 ) ) ;
#3834 = CARTESIAN_POINT ( 'NONE',  ( 15.99999999934077088, -51.56324872306994678, 48.30231105884037390 ) ) ;
#3835 = CARTESIAN_POINT ( 'NONE',  ( 14.51912549230846494, 0.5678106351637964844, 14.88939247080240946 ) ) ;
#3836 = AXIS2_PLACEMENT_3D ( 'NONE', #4146, #326, #2902 ) ;
#3837 = CARTESIAN_POINT ( 'NONE',  ( -87.99999999999982947, -54.00000000000000000, 43.00000000000070344 ) ) ;
#3838 = EDGE_CURVE ( 'NONE', #1131, #2457, #410, .T. ) ;
#3839 = CARTESIAN_POINT ( 'NONE',  ( -87.37130833746648761, -53.71000056553886282, 53.60681471210945404 ) ) ;
#3840 = CARTESIAN_POINT ( 'NONE',  ( 0.0000000000000000000, 16.00000000000000000, 8.000000000000000000 ) ) ;
#3841 = ORIENTED_EDGE ( 'NONE', *, *, #1953, .F. ) ;
#3842 = CARTESIAN_POINT ( 'NONE',  ( 15.62326053242361645, 9.698067173811393715, 13.75483206547152193 ) ) ;
#3843 = CARTESIAN_POINT ( 'NONE',  ( 22.39999999999999503, 13.00000000000000355, 8.000000000000000000 ) ) ;
#3844 = EDGE_CURVE ( 'NONE', #342, #1409, #3913, .T. ) ;
#3845 = CARTESIAN_POINT ( 'NONE',  ( -88.00000000000012790, 0.0000000000000000000, 6.106226635438370060E-13 ) ) ;
#3846 = ORIENTED_EDGE ( 'NONE', *, *, #3586, .T. ) ;
#3847 = CARTESIAN_POINT ( 'NONE',  ( 1.977584762613560088E-13, -50.00000000000000000, 48.00000000000008527 ) ) ;
#3848 = ORIENTED_EDGE ( 'NONE', *, *, #4020, .T. ) ;
#3849 = AXIS2_PLACEMENT_3D ( 'NONE', #3012, #2695, #1073 ) ;
#3850 = CARTESIAN_POINT ( 'NONE',  ( 14.44335011076819519, 11.99999999999997691, 13.38752836471776497 ) ) ;
#3851 = ORIENTED_EDGE ( 'NONE', *, *, #109, .T. ) ;
#3852 = CARTESIAN_POINT ( 'NONE',  ( -87.99999999999980105, -54.00000000000000000, 46.00000000000071054 ) ) ;
#3853 = CYLINDRICAL_SURFACE ( 'NONE', #3664, 4.000000000000005329 ) ;
#3854 = CARTESIAN_POINT ( 'NONE',  ( 1.600000000000001643, 13.00000000000000178, -45.00000000000000711 ) ) ;
#3855 = CARTESIAN_POINT ( 'NONE',  ( 9.611527097504129813, 0.4119880117736250957, 14.78833941101243710 ) ) ;
#3856 = EDGE_LOOP ( 'NONE', ( #4040, #2464, #2761, #1967 ) ) ;
#3857 = CARTESIAN_POINT ( 'NONE',  ( -86.84271567424298155, -49.71052407012973617, 56.62387258398261736 ) ) ;
#3858 = ORIENTED_EDGE ( 'NONE', *, *, #1869, .F. ) ;
#3859 = LINE ( 'NONE', #2145, #2009 ) ;
#3860 = PLANE ( 'NONE',  #4138 ) ;
#3861 = CARTESIAN_POINT ( 'NONE',  ( -87.47580982951234319, -52.42712198032239712, 48.77233416790899412 ) ) ;
#3862 = ORIENTED_EDGE ( 'NONE', *, *, #1189, .F. ) ;
#3863 = DIRECTION ( 'NONE',  ( -6.938893903907227589E-15, 0.0000000000000000000, -1.000000000000000000 ) ) ;
#3864 = CIRCLE ( 'NONE', #2024, 4.000000000000000000 ) ;
#3865 = EDGE_CURVE ( 'NONE', #1756, #3107, #2582, .T. ) ;
#3866 = ORIENTED_EDGE ( 'NONE', *, *, #1023, .T. ) ;
#3867 = CALENDAR_DATE ( 2019, 12, 12 ) ;
#3868 = CARTESIAN_POINT ( 'NONE',  ( -88.00000000000081002, -45.99999999999909761, 54.57864200453189341 ) ) ;
#3869 = CC_DESIGN_DATE_AND_TIME_ASSIGNMENT ( #806, #2132, ( #2544 ) ) ;
#3870 = CARTESIAN_POINT ( 'NONE',  ( 7.999999999999996447, -50.00000000000000000, 18.00000000000002842 ) ) ;
#3871 = EDGE_CURVE ( 'NONE', #2012, #1002, #2780, .T. ) ;
#3872 = LINE ( 'NONE', #3837, #3628 ) ;
#3873 = CARTESIAN_POINT ( 'NONE',  ( -87.99999999999982947, -51.24838874280851542, 45.30151117441402420 ) ) ;
#3874 = CARTESIAN_POINT ( 'NONE',  ( 15.39848547839931925, -47.16227766016839240, 15.16227766016836043 ) ) ;
#3875 = DIRECTION ( 'NONE',  ( 1.000000000000000000, 0.0000000000000000000, -6.938893903907227589E-15 ) ) ;
#3876 = CIRCLE ( 'NONE', #3639, 1.000000000000005995 ) ;
#3877 = AXIS2_PLACEMENT_3D ( 'NONE', #3594, #2336, #73 ) ;
#3878 = CARTESIAN_POINT ( 'NONE',  ( 10.62683788920512207, -46.24307648205742538, 31.14923094644986179 ) ) ;
#3879 = CARTESIAN_POINT ( 'NONE',  ( 15.99999999972045650, -50.89597750309603441, 48.09613373382983070 ) ) ;
#3880 = DIRECTION ( 'NONE',  ( -8.551662891793917213E-31, 1.000000000000000000, -1.224646799147353207E-16 ) ) ;
#3881 =( BOUNDED_SURFACE ( )  B_SPLINE_SURFACE ( 3, 2, ( 
 ( #1332, #2260, #3235 ),
 ( #3575, #1652, #47 ),
 ( #2298, #334, #371 ),
 ( #22, #656, #2912 ),
 ( #1302, #3548, #2276 ),
 ( #347, #3636, #3017 ),
 ( #3318, #2364, #1702 ),
 ( #436, #1689, #2380 ),
 ( #3595, #86, #2686 ),
 ( #3609, #2646, #2350 ),
 ( #3964, #422, #2033 ),
 ( #1722, #1371, #3627 ),
 ( #2700, #2337, #1390 ),
 ( #3944, #3647, #3033 ),
 ( #1055, #115, #452 ),
 ( #1379, #763, #1067 ),
 ( #2047, #1078, #3333 ),
 ( #1679, #1407, #1093 ),
 ( #3931, #1737, #773 ),
 ( #127, #1354, #2676 ),
 ( #2022, #744, #3907 ),
 ( #1994, #74, #3003 ),
 ( #2010, #3305, #2325 ),
 ( #394, #722, #411 ),
 ( #2980, #1037, #3293 ),
 ( #3922, #2659, #100 ),
 ( #733, #2992, #3715 ),
 ( #2745, #476, #2088 ),
 ( #508, #202, #2445 ),
 ( #2778, #522, #3389 ),
 ( #3401, #800, #2757 ),
 ( #844, #1132, #3100 ),
 ( #3057, #3347, #1120 ),
 ( #3698, #3375, #1431 ),
 ( #3360, #1470, #1419 ),
 ( #817, #1108, #1806 ),
 ( #828, #186, #3975 ),
 ( #3661, #1442, #1748 ),
 ( #2404, #1457, #2066 ),
 ( #2105, #1765, #2732 ),
 ( #3073, #3686, #1791 ),
 ( #1778, #3088, #491 ),
 ( #1147, #142, #2433 ),
 ( #2390, #4027, #4014 ),
 ( #2122, #465, #3999 ),
 ( #175, #2718, #784 ) ),
 .UNSPECIFIED., .F., .F., .T. ) 
 B_SPLINE_SURFACE_WITH_KNOTS ( ( 4, 2, 2, 2, 2, 2, 2, 2, 2, 2, 2, 2, 2, 2, 2, 2, 2, 2, 2, 2, 2, 2, 4 ),
 ( 3, 3 ),
 ( 1.570796326794896558, 1.767145867644258628, 1.963495408493620697, 2.159844949342982545, 2.356194490192344837, 2.552544031041707129, 2.650718801466387831, 2.748893571891068976, 2.847068342315750122, 2.945243112740430824, 3.043417883165111970, 3.141592653589793116, 3.239767424014474262, 3.337942194439155408, 3.436116964863836110, 3.534291735288517255, 3.632466505713198401, 3.730641276137879103, 3.926990816987241395, 4.123340357836603687, 4.319689898685965090, 4.516039439535327382, 4.712388980384689674 ),
 ( 0.0000000000000000000, 1.000000000000000000 ),
 .UNSPECIFIED. ) 
 GEOMETRIC_REPRESENTATION_ITEM ( )  RATIONAL_B_SPLINE_SURFACE ( (
 ( 1.000000000000000000, 1.000000000000000000, 1.000000000000000000),
 ( 1.000000000000000000, 1.000009746413977441, 1.000000000000000000),
 ( 1.000000000000000000, 0.9967613244563839903, 1.000000000000000000),
 ( 1.000000000000000000, 0.9841171504913568402, 1.000000000000000000),
 ( 1.000000000000000000, 0.9747108043543749600, 1.000000000000000000),
 ( 1.000000000000000000, 0.9506740354079378230, 1.000000000000000000),
 ( 1.000000000000000000, 0.9360421842551688298, 1.000000000000000000),
 ( 1.000000000000000000, 0.9031650994312268033, 1.000000000000000000),
 ( 1.000000000000000000, 0.8849191471085200433, 1.000000000000000000),
 ( 1.000000000000000000, 0.8471316604603560396, 1.000000000000000000),
 ( 1.000000000000000000, 0.8275942695603416555, 1.000000000000000000),
 ( 1.000000000000000000, 0.7995620739023353574, 1.000000000000000000),
 ( 1.000000000000000000, 0.7904353558167084293, 1.000000000000000000),
 ( 1.000000000000000000, 0.7730318702486150828, 1.000000000000000000),
 ( 1.000000000000000000, 0.7647559708123879973, 1.000000000000000000),
 ( 1.000000000000000000, 0.7494742688848171630, 1.000000000000000000),
 ( 1.000000000000000000, 0.7424696633394739509, 1.000000000000000000),
 ( 1.000000000000000000, 0.7301234195240358105, 1.000000000000000000),
 ( 1.000000000000000000, 0.7247831711298945434, 1.000000000000000000),
 ( 1.000000000000000000, 0.7160917254134223642, 1.000000000000000000),
 ( 1.000000000000000000, 0.7127418075687056431, 1.000000000000000000),
 ( 1.000000000000000000, 0.7082489452501751215, 1.000000000000000000),
 ( 1.000000000000000000, 0.7071067811865475727, 1.000000000000000000),
 ( 1.000000000000000000, 0.7071067811865475727, 1.000000000000000000),
 ( 1.000000000000000000, 0.7082489452501751215, 1.000000000000000000),
 ( 1.000000000000000000, 0.7127418075687056431, 1.000000000000000000),
 ( 1.000000000000000000, 0.7160917254133999377, 1.000000000000000000),
 ( 1.000000000000000000, 0.7247831711299165258, 1.000000000000000000),
 ( 1.000000000000000000, 0.7301234195240355884, 1.000000000000000000),
 ( 1.000000000000000000, 0.7424696633394737288, 1.000000000000000000),
 ( 1.000000000000000000, 0.7494742688847698675, 1.000000000000000000),
 ( 1.000000000000000000, 0.7647559708124339606, 1.000000000000000000),
 ( 1.000000000000000000, 0.7730318702486386195, 1.000000000000000000),
 ( 1.000000000000000000, 0.7904353558166837823, 1.000000000000000000),
 ( 1.000000000000000000, 0.7995620739023848733, 1.000000000000000000),
 ( 1.000000000000000000, 0.8275942695602415133, 1.000000000000000000),
 ( 1.000000000000000000, 0.8471316604604101075, 1.000000000000000000),
 ( 1.000000000000000000, 0.8849191471084673077, 1.000000000000000000),
 ( 1.000000000000000000, 0.9031650994311695158, 1.000000000000000000),
 ( 1.000000000000000000, 0.9360421842552248961, 1.000000000000000000),
 ( 1.000000000000000000, 0.9506740354079374899, 1.000000000000000000),
 ( 1.000000000000000000, 0.9747108043543746270, 1.000000000000000000),
 ( 1.000000000000000000, 0.9841171504913941437, 1.000000000000000000),
 ( 1.000000000000000000, 0.9967613244563462427, 1.000000000000000000),
 ( 1.000000000000000000, 1.000009746414006084, 1.000000000000000000),
 ( 1.000000000000000000, 1.000000000000000000, 1.000000000000000000) ) ) 
 REPRESENTATION_ITEM ( '' )  SURFACE ( )  );
#3882 = CARTESIAN_POINT ( 'NONE',  ( 15.13386054273921211, 10.49285091914459223, 12.47148976137827958 ) ) ;
#3883 = CARTESIAN_POINT ( 'NONE',  ( -86.79999999999972715, -50.00000000000000711, 56.60000000000069065 ) ) ;
#3884 = CARTESIAN_POINT ( 'NONE',  ( 8.993679236047912084, -47.36143306618343729, 27.23498426835799791 ) ) ;
#3885 = CARTESIAN_POINT ( 'NONE',  ( 11.64147255762039279, -46.01597503149033486, 31.94334487326105787 ) ) ;
#3886 = CARTESIAN_POINT ( 'NONE',  ( 10.51365246316295021, -46.28524486809936889, 31.00164537445099810 ) ) ;
#3887 = CARTESIAN_POINT ( 'NONE',  ( 15.99999999971198150, -52.13381711684501596, 48.61449277508552314 ) ) ;
#3888 = ORIENTED_EDGE ( 'NONE', *, *, #3890, .F. ) ;
#3889 = CARTESIAN_POINT ( 'NONE',  ( -85.53174712949831360, -46.73330486626220193, 54.31413170390192846 ) ) ;
#3890 = EDGE_CURVE ( 'NONE', #2937, #1756, #1370, .T. ) ;
#3891 = ORIENTED_EDGE ( 'NONE', *, *, #866, .F. ) ;
#3892 = CARTESIAN_POINT ( 'NONE',  ( -86.79999999999975557, -50.00000000000000000, 47.40000000000073044 ) ) ;
#3893 = CARTESIAN_POINT ( 'NONE',  ( 12.74422431274078171, 11.99999999999997868, 14.06883835290357787 ) ) ;
#3894 = AXIS2_PLACEMENT_3D ( 'NONE', #1937, #1635, #1294 ) ;
#3895 = CARTESIAN_POINT ( 'NONE',  ( 11.37254082511973685, -44.97786991509909882, 23.02213008489374602 ) ) ;
#3896 = VERTEX_POINT ( 'NONE', #1508 ) ;
#3897 = CARTESIAN_POINT ( 'NONE',  ( -84.99999999999981526, -54.00000000000447642, 46.25543735346575858 ) ) ;
#3898 = LINE ( 'NONE', #1069, #1997 ) ;
#3899 = CARTESIAN_POINT ( 'NONE',  ( 12.00000000000000000, 0.0000000000000000000, 8.000000000000000000 ) ) ;
#3900 = CARTESIAN_POINT ( 'NONE',  ( 16.00000000000022737, -53.77123616632827208, 50.66666666666665009 ) ) ;
#3901 = ORIENTED_EDGE ( 'NONE', *, *, #980, .T. ) ;
#3902 = FACE_OUTER_BOUND ( 'NONE', #2503, .T. ) ;
#3903 = CARTESIAN_POINT ( 'NONE',  ( 9.036520334731369175, 12.00000000007883116, 15.31251885664935308 ) ) ;
#3904 = EDGE_LOOP ( 'NONE', ( #2231, #2273, #140, #2405 ) ) ;
#3905 = CARTESIAN_POINT ( 'NONE',  ( 3.000000000000001776, 13.00000000000000178, 0.0000000000000000000 ) ) ;
#3906 = FACE_OUTER_BOUND ( 'NONE', #2886, .T. ) ;
#3907 = CARTESIAN_POINT ( 'NONE',  ( 0.09627452088786178641, -50.52233793726313138, 48.03209150696256557 ) ) ;
#3908 = CARTESIAN_POINT ( 'NONE',  ( 11.78769399569336329, -46.07764584664577256, 14.00000000000062172 ) ) ;
#3909 = ORIENTED_EDGE ( 'NONE', *, *, #1181, .F. ) ;
#3910 = CARTESIAN_POINT ( 'NONE',  ( 11.00103844157852073, -46.11918413804910699, 31.58285552144667108 ) ) ;
#3911 = CARTESIAN_POINT ( 'NONE',  ( 9.935491628757482374, -46.57344982363364494, 29.99300421781176951 ) ) ;
#3912 = ORIENTED_EDGE ( 'NONE', *, *, #2430, .T. ) ;
#3913 = CIRCLE ( 'NONE', #1272, 3.000000000000002665 ) ;
#3914 = CARTESIAN_POINT ( 'NONE',  ( 15.67552449951738147, -51.63122436068467636, 47.36306643113173465 ) ) ;
#3915 = ADVANCED_FACE ( 'NONE', ( #968 ), #1784, .F. ) ;
#3916 = CARTESIAN_POINT ( 'NONE',  ( 15.14679655865541719, 1.822655195518064764, 15.52906207820722528 ) ) ;
#3917 = CIRCLE ( 'NONE', #2111, 1.399999999999998579 ) ;
#3918 = CARTESIAN_POINT ( 'NONE',  ( 8.812121255682887622, 10.69565217391302703, 15.30434782608696587 ) ) ;
#3919 = CARTESIAN_POINT ( 'NONE',  ( -87.65810951849857702, -54.00000000000000000, 52.29842667731883665 ) ) ;
#3920 = CARTESIAN_POINT ( 'NONE',  ( -87.91995471260273121, -45.99999999999999289, 51.93013069307166774 ) ) ;
#3921 = EDGE_CURVE ( 'NONE', #2443, #4116, #3929, .T. ) ;
#3922 = CARTESIAN_POINT ( 'NONE',  ( 8.032091506962778737, -49.47766206273538359, 40.09627452088734856 ) ) ;
#3923 = CARTESIAN_POINT ( 'NONE',  ( 11.09623196090323738, -46.09935379990943005, 14.09935377862944428 ) ) ;
#3924 = CARTESIAN_POINT ( 'NONE',  ( -87.99999999999977263, -54.00000000000000000, 52.00000000000070344 ) ) ;
#3925 = DIRECTION ( 'NONE',  ( 0.0000000000000000000, 0.0000000000000000000, 1.000000000000000000 ) ) ;
#3926 = CARTESIAN_POINT ( 'NONE',  ( 15.31350307642579089, -52.24566305799629617, 47.42977288340973985 ) ) ;
#3927 = DIRECTION ( 'NONE',  ( 0.0000000000000000000, 1.000000000000000000, 0.0000000000000000000 ) ) ;
#3928 = CARTESIAN_POINT ( 'NONE',  ( 4.400000000000001243, 2.999999999999999112, 0.0000000000000000000 ) ) ;
#3929 = B_SPLINE_CURVE_WITH_KNOTS ( 'NONE', 3,
 ( #4088, #10, #2261, #657, #3540, #2238, #2587, #2869, #642, #3206, #2913, #325, #3524, #979 ),
 .UNSPECIFIED., .F., .F.,
 ( 4, 2, 2, 2, 2, 2, 4 ),
 ( -1.277310441083478173E-05, 0.001239193476955006068, 0.002491160058320846925, 0.003117143349003773968, 0.003743126639686701444, 0.004369109930369628053, 0.004995093221052555529 ),
 .UNSPECIFIED. ) ;
#3930 = CARTESIAN_POINT ( 'NONE',  ( -87.68551588485095749, -46.00885121920030940, 51.72531317694041064 ) ) ;
#3931 = CARTESIAN_POINT ( 'NONE',  ( 8.102396141793503759, -50.90874578090771507, 40.30718842538011160 ) ) ;
#3932 = ADVANCED_FACE ( 'NONE', ( #2233 ), #2675, .T. ) ;
#3933 = ORIENTED_EDGE ( 'NONE', *, *, #2452, .F. ) ;
#3934 = CARTESIAN_POINT ( 'NONE',  ( -87.65810951849823596, -54.00000000000000000, 51.70157332268227179 ) ) ;
#3935 = CARTESIAN_POINT ( 'NONE',  ( 12.00000000000000000, 11.99999999999998757, 14.00000000000000355 ) ) ;
#3936 = ORIENTED_EDGE ( 'NONE', *, *, #1424, .T. ) ;
#3937 = CARTESIAN_POINT ( 'NONE',  ( 15.13439540398659133, -52.49481579761305028, 45.47081967163577332 ) ) ;
#3938 = DIRECTION ( 'NONE',  ( 0.0000000000000000000, 0.0000000000000000000, 1.000000000000000000 ) ) ;
#3939 = EDGE_CURVE ( 'NONE', #2315, #2206, #3828, .T. ) ;
#3940 = CARTESIAN_POINT ( 'NONE',  ( 13.81818181818202795, -53.63544490420705557, 48.53285794598438940 ) ) ;
#3941 = ORIENTED_EDGE ( 'NONE', *, *, #3078, .F. ) ;
#3942 = DIRECTION ( 'NONE',  ( -0.0000000000000000000, -0.0000000000000000000, 1.000000000000000000 ) ) ;
#3943 = CARTESIAN_POINT ( 'NONE',  ( 10.99999999999998934, -50.00000000000000000, 17.00000000000000711 ) ) ;
#3944 = CARTESIAN_POINT ( 'NONE',  ( 8.410609254109155941, -51.77014372386616259, 41.23182776232670932 ) ) ;
#3945 = ORIENTED_EDGE ( 'NONE', *, *, #360, .F. ) ;
#3946 = CARTESIAN_POINT ( 'NONE',  ( 13.07584508498693587, 11.97082632178439887, 13.96350450428419165 ) ) ;
#3947 = FACE_OUTER_BOUND ( 'NONE', #3237, .T. ) ;
#3948 = AXIS2_PLACEMENT_3D ( 'NONE', #1803, #1165, #3696 ) ;
#3949 =( BOUNDED_CURVE ( )  B_SPLINE_CURVE ( 2, ( #2488, #3449, #1632 ),
 .UNSPECIFIED., .F., .T. ) 
 B_SPLINE_CURVE_WITH_KNOTS ( ( 3, 3 ),
 ( 0.0000000000000000000, 1.000000000000000000 ),
 .UNSPECIFIED. ) 
 CURVE ( )  GEOMETRIC_REPRESENTATION_ITEM ( )  RATIONAL_B_SPLINE_CURVE ( ( 1.000000000000000000, 0.7071067811865475727, 1.000000000000000000 ) ) 
 REPRESENTATION_ITEM ( '' )  );
#3950 = CARTESIAN_POINT ( 'NONE',  ( 12.92192007584661795, 11.99999999999997513, 17.17298892861168369 ) ) ;
#3951 = ORIENTED_EDGE ( 'NONE', *, *, #3051, .T. ) ;
#3952 = ORIENTED_EDGE ( 'NONE', *, *, #1070, .T. ) ;
#3953 = DIRECTION ( 'NONE',  ( -1.000000000000000000, -0.0000000000000000000, 6.942363350859181992E-15 ) ) ;
#3954 = CARTESIAN_POINT ( 'NONE',  ( 12.14190419076283689, -46.29316114040531716, 14.00000000000000355 ) ) ;
#3955 = EDGE_LOOP ( 'NONE', ( #2982, #2366, #1907, #595, #3477, #1867, #2116, #204, #2699 ) ) ;
#3956 = ADVANCED_FACE ( 'NONE', ( #1721 ), #1623, .T. ) ;
#3957 = CARTESIAN_POINT ( 'NONE',  ( 21.00000000000000000, 3.000000000000001332, 8.000000000000000000 ) ) ;
#3958 = FACE_OUTER_BOUND ( 'NONE', #435, .T. ) ;
#3959 = CARTESIAN_POINT ( 'NONE',  ( 9.385040396741086255, 11.02865692416877863, 12.06865567195198352 ) ) ;
#3960 = CARTESIAN_POINT ( 'NONE',  ( 8.333939444035339150, 9.600000000000015632, 13.99999999999996625 ) ) ;
#3961 = DIRECTION ( 'NONE',  ( 0.6859943405700292818, 0.2425356250363310817, -0.6859943405700421604 ) ) ;
#3962 = ORIENTED_EDGE ( 'NONE', *, *, #1726, .T. ) ;
#3963 = PERSON_AND_ORGANIZATION ( #1117, #3717 ) ;
#3964 = CARTESIAN_POINT ( 'NONE',  ( 8.819569497545758807, -52.43995916736096774, 42.45870849263462077 ) ) ;
#3965 = CARTESIAN_POINT ( 'NONE',  ( 8.195177083568342624, -48.73601579060810707, 16.73601578878677998 ) ) ;
#3966 = CARTESIAN_POINT ( 'NONE',  ( 12.07552262520436770, -45.52398325644014676, 22.47601674355800228 ) ) ;
#3967 = DIRECTION ( 'NONE',  ( 6.982962677686266711E-15, 0.0000000000000000000, 1.000000000000000000 ) ) ;
#3968 = EDGE_CURVE ( 'NONE', #440, #312, #4011, .T. ) ;
#3969 = CYLINDRICAL_SURFACE ( 'NONE', #3568, 4.000000000000005329 ) ;
#3970 = CARTESIAN_POINT ( 'NONE',  ( -84.99999999999972999, -54.00000000000047606, 57.74456264653839099 ) ) ;
#3971 = CARTESIAN_POINT ( 'NONE',  ( 0.0000000000000000000, 16.00000000000000000, 8.000000000000000000 ) ) ;
#3972 = DIRECTION ( 'NONE',  ( 6.982962677686266711E-15, 0.0000000000000000000, 1.000000000000000000 ) ) ;
#3973 = CARTESIAN_POINT ( 'NONE',  ( 19.60000000000000142, 3.000000000000001332, 0.0000000000000000000 ) ) ;
#3974 = EDGE_CURVE ( 'NONE', #1710, #198, #1932, .T. ) ;
#3975 = CARTESIAN_POINT ( 'NONE',  ( 2.959358258921009899, -47.35669299753596562, 48.98645275297172219 ) ) ;
#3976 = ADVANCED_FACE ( 'NONE', ( #1824 ), #3101, .F. ) ;
#3977 = CARTESIAN_POINT ( 'NONE',  ( 12.00000000081102769, -46.00000000000000000, 22.00000000000000000 ) ) ;
#3978 = CARTESIAN_POINT ( 'NONE',  ( -90.99999999999981526, -50.00000000000000000, 46.00000000000072475 ) ) ;
#3979 = AXIS2_PLACEMENT_3D ( 'NONE', #1345, #1669, #1681 ) ;
#3980 = DIRECTION ( 'NONE',  ( -0.0000000000000000000, -0.0000000000000000000, 1.000000000000000000 ) ) ;
#3981 = CARTESIAN_POINT ( 'NONE',  ( -90.99999999999972999, -46.00000000000000000, 58.00000000000072475 ) ) ;
#3982 = CARTESIAN_POINT ( 'NONE',  ( 11.99999999945942442, -46.00000000000000000, 32.00000000000000000 ) ) ;
#3983 = B_SPLINE_CURVE_WITH_KNOTS ( 'NONE', 3,
 ( #3204, #3522, #574, #1906, #269, #2827, #894, #2545, #3790, #3149, #3800, #3161, #1219, #281, #3462, #1881, #1568, #911, #588, #2235, #1892, #308, #2843, #4104 ),
 .UNSPECIFIED., .F., .F.,
 ( 4, 2, 2, 2, 2, 2, 2, 2, 2, 2, 2, 4 ),
 ( 1.734723475976806902E-18, 0.0007920784726023421228, 0.001584156945204682511, 0.002376235417807022899, 0.002772274654108192876, 0.003168313890409363287, 0.003960392363011704109, 0.004752470835614044063, 0.005544549308216384018, 0.005940588544517558765, 0.006138608162668144838, 0.006336627780818731778 ),
 .UNSPECIFIED. ) ;
#3984 = ADVANCED_FACE ( 'NONE', ( #3425 ), #983, .F. ) ;
#3985 = ORIENTED_EDGE ( 'NONE', *, *, #2376, .T. ) ;
#3986 = CARTESIAN_POINT ( 'NONE',  ( 8.293945891099301804, -48.46292079110530437, 16.46292079151857024 ) ) ;
#3987 = VERTEX_POINT ( 'NONE', #3940 ) ;
#3988 = CARTESIAN_POINT ( 'NONE',  ( -85.00000000000022737, -47.53988988129992066, 55.16117355533520339 ) ) ;
#3989 = CARTESIAN_POINT ( 'NONE',  ( 14.58883113263442866, 11.99999999978727772, 14.94959198384445642 ) ) ;
#3990 = DIRECTION ( 'NONE',  ( 0.0000000000000000000, -0.5714285714286394535, 0.8206518066482423324 ) ) ;
#3991 = ORIENTED_EDGE ( 'NONE', *, *, #3631, .T. ) ;
#3992 = ADVANCED_FACE ( 'NONE', ( #63 ), #112, .T. ) ;
#3993 = CARTESIAN_POINT ( 'NONE',  ( 11.08351682504050473, -44.98032154062189392, 23.01967845937811319 ) ) ;
#3994 = EDGE_CURVE ( 'NONE', #251, #2713, #235, .T. ) ;
#3995 = CARTESIAN_POINT ( 'NONE',  ( 8.006689008876573865, 8.667643284310045715, 17.73294268627598314 ) ) ;
#3996 = VERTEX_POINT ( 'NONE', #2772 ) ;
#3997 = CARTESIAN_POINT ( 'NONE',  ( 9.367801950443768177, -39.45232112397681590, 21.01362230921055030 ) ) ;
#3998 = CARTESIAN_POINT ( 'NONE',  ( 15.51319276568019490, -48.06000586198982205, 47.35696536775757437 ) ) ;
#3999 = CARTESIAN_POINT ( 'NONE',  ( 11.21459292754794923, -45.99999999999999289, 51.73819764251494036 ) ) ;
#4000 =( BOUNDED_CURVE ( )  B_SPLINE_CURVE ( 3, ( #2953, #2248, #1303, #2291 ),
 .UNSPECIFIED., .F., .T. ) 
 B_SPLINE_CURVE_WITH_KNOTS ( ( 4, 4 ),
 ( 4.712388980384689674, 4.795819066995304247 ),
 .UNSPECIFIED. ) 
 CURVE ( )  GEOMETRIC_REPRESENTATION_ITEM ( )  RATIONAL_B_SPLINE_CURVE ( ( 1.000000000000000000, 0.9994200358298013231, 0.9994200358298013231, 1.000000000000000000 ) ) 
 REPRESENTATION_ITEM ( '' )  );
#4001 = CARTESIAN_POINT ( 'NONE',  ( 12.71766607501349355, -46.06046418759073191, 14.06046417918186364 ) ) ;
#4002 = EDGE_LOOP ( 'NONE', ( #849, #964, #2533, #1206 ) ) ;
#4003 = CIRCLE ( 'NONE', #1353, 1.399999999999999245 ) ;
#4004 = DIRECTION ( 'NONE',  ( -1.000000000000000000, -0.0000000000000000000, 6.983996714282626151E-15 ) ) ;
#4005 = CARTESIAN_POINT ( 'NONE',  ( 14.58885519189833424, 11.07024526327586678, 13.97709665825503578 ) ) ;
#4006 = ORIENTED_EDGE ( 'NONE', *, *, #2516, .T. ) ;
#4007 = CARTESIAN_POINT ( 'NONE',  ( -87.96964014274878707, -51.34386628308032385, 58.41871610643379853 ) ) ;
#4008 = ORIENTED_EDGE ( 'NONE', *, *, #3222, .F. ) ;
#4009 = DIRECTION ( 'NONE',  ( 0.2948839123097911075, 0.6756639246921799513, -0.6756639246921738451 ) ) ;
#4010 = CARTESIAN_POINT ( 'NONE',  ( 12.32443908421870304, -36.04635534867880153, 21.98695516584753307 ) ) ;
#4011 = CIRCLE ( 'NONE', #1223, 1.400000000000005462 ) ;
#4012 = CARTESIAN_POINT ( 'NONE',  ( 9.123449116256592717, -40.27154906752394226, 20.77947321131917136 ) ) ;
#4013 = CARTESIAN_POINT ( 'NONE',  ( 15.99999999971178255, -47.86618288315379743, 48.61449277508562972 ) ) ;
#4014 = CARTESIAN_POINT ( 'NONE',  ( 10.42922309326691099, -46.02578435154792658, 51.47640769775552627 ) ) ;
#4015 = CARTESIAN_POINT ( 'NONE',  ( 8.127016653792558998, -49.00000000000000000, 14.00000000000002487 ) ) ;
#4016 = CARTESIAN_POINT ( 'NONE',  ( 15.14851154532359345, -52.47204376424431871, 45.47673998915493598 ) ) ;
#4017 = CARTESIAN_POINT ( 'NONE',  ( 12.05031948815651432, -45.30487384714014354, 22.69512615285893276 ) ) ;
#4018 = CARTESIAN_POINT ( 'NONE',  ( 14.66626898034622606, 11.01778778992951757, 14.08904152836612766 ) ) ;
#4019 = APPROVAL ( #3785, 'UNSPECIFIED' ) ;
#4020 = EDGE_CURVE ( 'NONE', #1060, #1191, #511, .T. ) ;
#4021 = CARTESIAN_POINT ( 'NONE',  ( 15.50289505709969085, -52.32429861187164022, 47.26403981691946399 ) ) ;
#4022 = DIRECTION ( 'NONE',  ( 1.000000000000000000, 0.0000000000000000000, -6.982962677686266711E-15 ) ) ;
#4023 = CARTESIAN_POINT ( 'NONE',  ( -90.99999999999980105, -46.00000000000000000, 46.00000000000072475 ) ) ;
#4024 = CARTESIAN_POINT ( 'NONE',  ( 9.818136329391517592, -38.26382327182345477, 21.35319309245745245 ) ) ;
#4025 = CARTESIAN_POINT ( 'NONE',  ( -87.71234724366760815, -47.70845619846406294, 48.70288278089820722 ) ) ;
#4026 = CARTESIAN_POINT ( 'NONE',  ( 10.53767200975249629, 2.964934159609314612, 14.19189459063182746 ) ) ;
#4027 = CARTESIAN_POINT ( 'NONE',  ( 10.94965600652234095, -46.07882667238799712, 50.94965600651455162 ) ) ;
#4028 = CARTESIAN_POINT ( 'NONE',  ( 16.00000000000022737, -50.88919120011995290, 50.63318022150577491 ) ) ;
#4029 = CARTESIAN_POINT ( 'NONE',  ( 15.99999999999997868, -50.00000000000000000, 13.99999999999997513 ) ) ;
#4030 = CARTESIAN_POINT ( 'NONE',  ( 12.99896155776386841, -46.11918413787259396, 31.58285552206199043 ) ) ;
#4031 = CARTESIAN_POINT ( 'NONE',  ( 14.11294849998142631, 11.39796862305098735, 12.01689739165931137 ) ) ;
#4032 = ORIENTED_EDGE ( 'NONE', *, *, #1992, .F. ) ;
#4033 = CARTESIAN_POINT ( 'NONE',  ( 20.99999999999999645, 13.00000000000000355, -45.00000000000000711 ) ) ;
#4034 = CARTESIAN_POINT ( 'NONE',  ( 8.096178288692371439, -46.84227381926241662, 18.90220748022512254 ) ) ;
#4035 = CARTESIAN_POINT ( 'NONE',  ( 0.0000000000000000000, 0.0000000000000000000, 8.000000000000000000 ) ) ;
#4036 = ORIENTED_EDGE ( 'NONE', *, *, #1650, .T. ) ;
#4037 = CARTESIAN_POINT ( 'NONE',  ( -87.18636475658556151, -46.77644324114185537, 49.54140512954938913 ) ) ;
#4038 = CARTESIAN_POINT ( 'NONE',  ( 10.72205474110180923, 4.205479984585044129, 12.00000000025978686 ) ) ;
#4039 = CARTESIAN_POINT ( 'NONE',  ( 11.99999999945935514, -36.00000000000000711, 22.00000000000000355 ) ) ;
#4040 = ORIENTED_EDGE ( 'NONE', *, *, #2297, .F. ) ;
#4041 = CARTESIAN_POINT ( 'NONE',  ( 13.53579814224585398, -46.96841188180072635, 13.99999999999985256 ) ) ;
#4042 = CARTESIAN_POINT ( 'NONE',  ( 14.02541250511193205, -45.06556558029837589, 24.07819996749960012 ) ) ;
#4043 = EDGE_CURVE ( 'NONE', #552, #2315, #2282, .T. ) ;
#4044 = EDGE_LOOP ( 'NONE', ( #802, #3184, #1149, #1091, #3945 ) ) ;
#4045 = CARTESIAN_POINT ( 'NONE',  ( 11.92694284041190222, -45.96559825361038065, 22.03440174638780036 ) ) ;
#4046 = CARTESIAN_POINT ( 'NONE',  ( 13.84206577634414614, 11.55212733197743447, 12.08269336084831380 ) ) ;
#4047 = VECTOR ( 'NONE', #4137, 1000.000000000000000 ) ;
#4048 = DIRECTION ( 'NONE',  ( -1.000000000000000000, -0.0000000000000000000, 6.942363350859181992E-15 ) ) ;
#4049 = ORIENTED_EDGE ( 'NONE', *, *, #1102, .T. ) ;
#4050 = VERTEX_POINT ( 'NONE', #3928 ) ;
#4051 = CARTESIAN_POINT ( 'NONE',  ( 13.78188561089603681, -46.28632986331862753, 50.21811438909422520 ) ) ;
#4052 = CARTESIAN_POINT ( 'NONE',  ( 13.35353723847011942, -36.82573326002901126, 21.76407706858269009 ) ) ;
#4053 = CYLINDRICAL_SURFACE ( 'NONE', #1764, 4.000000000000000000 ) ;
#4054 = EDGE_CURVE ( 'NONE', #2012, #1797, #3238, .T. ) ;
#4055 = CARTESIAN_POINT ( 'NONE',  ( -85.22666500956394486, -47.04929269614939358, 49.29409080466034254 ) ) ;
#4056 = ORIENTED_EDGE ( 'NONE', *, *, #1074, .F. ) ;
#4057 = CARTESIAN_POINT ( 'NONE',  ( 9.857171069331846169, 0.1706063832351785159, 14.61877625792565638 ) ) ;
#4058 = CARTESIAN_POINT ( 'NONE',  ( 16.00000000000000000, 8.000000000000007105, 17.99999999999999645 ) ) ;
#4059 = CARTESIAN_POINT ( 'NONE',  ( 15.87298334620741080, -48.99999999999999289, 16.99999999999996803 ) ) ;
#4060 = ORIENTED_EDGE ( 'NONE', *, *, #807, .T. ) ;
#4061 = VECTOR ( 'NONE', #780, 1000.000000000000000 ) ;
#4062 = CARTESIAN_POINT ( 'NONE',  ( 11.99999999945935514, -36.00000000000000711, 22.00000000000000355 ) ) ;
#4063 = CARTESIAN_POINT ( 'NONE',  ( 12.22655938173076962, -54.00000000000001421, 51.32032185482091080 ) ) ;
#4064 = VECTOR ( 'NONE', #3480, 1000.000000000000000 ) ;
#4065 = CARTESIAN_POINT ( 'NONE',  ( 15.92014912451199216, -51.40092935226574866, 47.78171487004811269 ) ) ;
#4066 = CARTESIAN_POINT ( 'NONE',  ( 14.25480906320836461, -46.69607780627431026, 29.56372691132766306 ) ) ;
#4067 = CARTESIAN_POINT ( 'NONE',  ( -90.99999999999971578, -50.00000000000000000, 59.40000000000073044 ) ) ;
#4068 = CARTESIAN_POINT ( 'NONE',  ( 1.977584762613560088E-13, -50.00000000000000000, 48.00000000000008527 ) ) ;
#4069 = PERSON_AND_ORGANIZATION_ROLE ( 'design_supplier' ) ;
#4070 = CIRCLE ( 'NONE', #3213, 1.000000000000007772 ) ;
#4071 = CARTESIAN_POINT ( 'NONE',  ( 10.59024436108131795, -36.89829793376389944, 21.74334345817517544 ) ) ;
#4072 = CARTESIAN_POINT ( 'NONE',  ( 10.11725755698733131, 4.467618428696749078, 11.99999999979307574 ) ) ;
#4073 = DIRECTION ( 'NONE',  ( 0.0000000000000000000, -1.000000000000000000, -0.0000000000000000000 ) ) ;
#4074 = CARTESIAN_POINT ( 'NONE',  ( 12.30989723117927070, -46.83162650705313723, 13.99999999999999822 ) ) ;
#4075 = CARTESIAN_POINT ( 'NONE',  ( 15.62038613828491052, -48.29405778046275799, 45.68244526454535759 ) ) ;
#4076 = CARTESIAN_POINT ( 'NONE',  ( 13.00000000000023448, -50.99652172859178734, 51.91666666666666430 ) ) ;
#4077 = CC_DESIGN_APPROVAL ( #1813, ( #2156 ) ) ;
#4078 =( BOUNDED_SURFACE ( )  B_SPLINE_SURFACE ( 3, 2, ( 
 ( #2320, #357, #2908 ),
 ( #2633, #369, #42 ),
 ( #3230, #1961, #1624 ),
 ( #3245, #2921, #2948 ),
 ( #1662, #3254, #19 ),
 ( #3277, #1350, #1313 ),
 ( #3555, #995, #3889 ),
 ( #1022, #1982, #704 ),
 ( #1636, #1328, #2960 ),
 ( #3868, #2604, #680 ),
 ( #1647, #2041, #3301 ),
 ( #1062, #2973, #461 ),
 ( #3310, #2681, #2003 ),
 ( #3288, #1716, #137 ) ),
 .UNSPECIFIED., .F., .F., .T. ) 
 B_SPLINE_SURFACE_WITH_KNOTS ( ( 4, 2, 2, 2, 2, 2, 4 ),
 ( 3, 3 ),
 ( 0.004920853705585851237, 0.005855928803548663200, 0.006791003901511474296, 0.007726078999474285391, 0.008661154097437097354, 0.01053130429336272128, 0.01240145448928834347 ),
 ( 0.0000000000000000000, 1.000000000000000000 ),
 .UNSPECIFIED. ) 
 GEOMETRIC_REPRESENTATION_ITEM ( )  RATIONAL_B_SPLINE_SURFACE ( (
 ( 1.000000000000000000, 0.7071067811868485542, 1.000000000000000000),
 ( 1.000000000000000000, 0.7245678717082291165, 1.000000000000000000),
 ( 1.000000000000000000, 0.7434826475383501387, 1.000000000000000000),
 ( 1.000000000000000000, 0.7819276613052966729, 1.000000000000000000),
 ( 1.000000000000000000, 0.8015959710453661735, 1.000000000000000000),
 ( 1.000000000000000000, 0.8387348187520167198, 1.000000000000000000),
 ( 1.000000000000000000, 0.8563655068130743286, 1.000000000000000000),
 ( 1.000000000000000000, 0.8891298529555825558, 1.000000000000000000),
 ( 1.000000000000000000, 0.9043541825882981389, 1.000000000000000000),
 ( 1.000000000000000000, 0.9449596789074630188, 1.000000000000000000),
 ( 1.000000000000000000, 0.9653786410285838393, 1.000000000000000000),
 ( 1.000000000000000000, 0.9929412936416484037, 1.000000000000000000),
 ( 1.000000000000000000, 1.000039004096019424, 1.000000000000000000),
 ( 1.000000000000000000, 1.000000000000000000, 1.000000000000000000) ) ) 
 REPRESENTATION_ITEM ( '' )  SURFACE ( )  );
#4079 = EDGE_CURVE ( 'NONE', #1351, #2315, #1526, .T. ) ;
#4080 = CARTESIAN_POINT ( 'NONE',  ( 14.98365392709266608, -47.33560700832200041, 27.32537547102275965 ) ) ;
#4081 = CARTESIAN_POINT ( 'NONE',  ( 14.22457125104117992, -38.36476816111542831, 21.32435182630603521 ) ) ;
#4082 = CARTESIAN_POINT ( 'NONE',  ( -86.79999999999976978, -49.92731469941459466, 47.40000000000073754 ) ) ;
#4083 = CARTESIAN_POINT ( 'NONE',  ( -85.14557478668083945, -47.17024214196695908, 49.16749494747837446 ) ) ;
#4084 = CARTESIAN_POINT ( 'NONE',  ( 11.81142758497691503, 3.999825784543779239, 11.99999999994689404 ) ) ;
#4085 = CARTESIAN_POINT ( 'NONE',  ( 12.22190497319197178, -46.52144631140296838, 14.00000000000000178 ) ) ;
#4086 = CARTESIAN_POINT ( 'NONE',  ( 8.519077942234588363, 10.09844136363117073, 14.32305750706741421 ) ) ;
#4087 = ORIENTED_EDGE ( 'NONE', *, *, #1677, .F. ) ;
#4088 = CARTESIAN_POINT ( 'NONE',  ( -87.99999999999977263, -54.00000000000000000, 52.00000000000070344 ) ) ;
#4089 = CARTESIAN_POINT ( 'NONE',  ( 15.32074314237268275, -42.14652111205845841, 20.24385111085942768 ) ) ;
#4090 = ORIENTED_EDGE ( 'NONE', *, *, #871, .F. ) ;
#4091 = CARTESIAN_POINT ( 'NONE',  ( 14.94969427161839448, -47.29792086065659618, 27.45738334716951456 ) ) ;
#4092 = DIRECTION ( 'NONE',  ( 0.0000000000000000000, 0.0000000000000000000, -1.000000000000000000 ) ) ;
#4093 = CARTESIAN_POINT ( 'NONE',  ( 14.73553776385131187, -39.78484769791034381, 20.91861485468545823 ) ) ;
#4094 = ORIENTED_EDGE ( 'NONE', *, *, #3002, .F. ) ;
#4095 = CARTESIAN_POINT ( 'NONE',  ( 10.10433332170071807, -37.67078688184264479, 21.52263128190832830 ) ) ;
#4096 = DIRECTION ( 'NONE',  ( -1.000000000000000000, -0.0000000000000000000, 6.938893903907227589E-15 ) ) ;
#4097 = TOROIDAL_SURFACE ( 'NONE', #3203, 8.000000000000000000, 4.000000000000000000 ) ;
#4098 = CARTESIAN_POINT ( 'NONE',  ( 11.58424100078146601, 11.99999999999998757, 14.00000002512823905 ) ) ;
#4099 = CARTESIAN_POINT ( 'NONE',  ( -87.21647461345465047, -53.94307460678975730, 52.68685922952477796 ) ) ;
#4100 = ORIENTED_EDGE ( 'NONE', *, *, #459, .F. ) ;
#4101 = DIRECTION ( 'NONE',  ( -1.000000000000000000, -0.0000000000000000000, 6.942363350859181992E-15 ) ) ;
#4102 = CIRCLE ( 'NONE', #3948, 4.000000000000005329 ) ;
#4103 = AXIS2_PLACEMENT_3D ( 'NONE', #1527, #558, #283 ) ;
#4104 = CARTESIAN_POINT ( 'NONE',  ( 12.00000000000000000, 11.99999999999997513, 14.00000000000000178 ) ) ;
#4105 = EDGE_CURVE ( 'NONE', #1556, #2, #13, .T. ) ;
#4106 = CARTESIAN_POINT ( 'NONE',  ( 13.12046622215942193, 11.84478465892354038, 12.50638154682434688 ) ) ;
#4107 = CARTESIAN_POINT ( 'NONE',  ( 12.00000000000023626, -54.00000000000001421, 52.00000000000000711 ) ) ;
#4108 = VERTEX_POINT ( 'NONE', #3982 ) ;
#4109 = FACE_OUTER_BOUND ( 'NONE', #3361, .T. ) ;
#4110 = DIRECTION ( 'NONE',  ( -9.251858538542962756E-15, 0.0000000000000000000, -1.000000000000000000 ) ) ;
#4111 = CARTESIAN_POINT ( 'NONE',  ( 12.90830634400740351, -46.05871135918887660, 51.09169365600273238 ) ) ;
#4112 = CARTESIAN_POINT ( 'NONE',  ( 14.86437440356291617, -40.22762898227119877, 20.79202105169565229 ) ) ;
#4113 = AXIS2_PLACEMENT_3D ( 'NONE', #1384, #70, #717 ) ;
#4114 = CARTESIAN_POINT ( 'NONE',  ( 10.15441817635453958, -37.57908184871335777, 21.54882840001286937 ) ) ;
#4115 = DIRECTION ( 'NONE',  ( -0.0000000000000000000, -1.000000000000000000, -0.0000000000000000000 ) ) ;
#4116 = VERTEX_POINT ( 'NONE', #813 ) ;
#4117 = CARTESIAN_POINT ( 'NONE',  ( 15.04201644411348937, 5.399529733372870233, 11.99999999999199218 ) ) ;
#4118 = DATE_AND_TIME ( #3867, #320 ) ;
#4119 = AXIS2_PLACEMENT_3D ( 'NONE', #543, #300, #955 ) ;
#4120 = FACE_BOUND ( 'NONE', #1614, .T. ) ;
#4121 = DIRECTION ( 'NONE',  ( -9.912705577010090272E-15, 0.0000000000000000000, -1.000000000000000000 ) ) ;
#4122 = CARTESIAN_POINT ( 'NONE',  ( 15.17265698083110337, -41.42833416284173609, 20.44904738205091022 ) ) ;
#4123 = CARTESIAN_POINT ( 'NONE',  ( 14.87655088379690582, -47.22052678873608045, 27.72845093226889190 ) ) ;
#4124 = DIRECTION ( 'NONE',  ( 1.000000000000000000, 0.0000000000000000000, -6.982962677686266711E-15 ) ) ;
#4125 = CARTESIAN_POINT ( 'NONE',  ( 8.091055491581837344, 9.222167678790937018, 16.89350678222983859 ) ) ;
#4126 = CARTESIAN_POINT ( 'NONE',  ( 10.56412820898144389, -36.93299684442376929, 21.73342882453450997 ) ) ;
#4127 = CARTESIAN_POINT ( 'NONE',  ( 13.33333333333346715, -46.22876383367171371, 48.00000000000022737 ) ) ;
#4128 = CARTESIAN_POINT ( 'NONE',  ( 11.38418416353257001, 11.95338266331073562, 13.03971820666659021 ) ) ;
#4129 = DIRECTION ( 'NONE',  ( -6.982962677686266711E-15, 0.0000000000000000000, -1.000000000000000000 ) ) ;
#4130 =( BOUNDED_SURFACE ( )  B_SPLINE_SURFACE ( 3, 2, ( 
 ( #1297, #3644, #1745 ),
 ( #1761, #3331, #97 ),
 ( #2074, #797, #1736 ),
 ( #1719, #2402, #3054 ),
 ( #781, #420, #1118 ),
 ( #3960, #2021, #1428 ) ),
 .UNSPECIFIED., .F., .F., .T. ) 
 B_SPLINE_SURFACE_WITH_KNOTS ( ( 4, 2, 4 ),
 ( 3, 3 ),
 ( 4.712388980384689674, 4.918147403418434926, 5.123905826452180179 ),
 ( 0.0000000000000000000, 1.000000000000000000 ),
 .UNSPECIFIED. ) 
 GEOMETRIC_REPRESENTATION_ITEM ( )  RATIONAL_B_SPLINE_SURFACE ( (
 ( 1.000000000000000000, 1.000000000000000000, 1.000000000000000000),
 ( 1.000000000000000000, 1.000000000000000000, 1.000000000000000000),
 ( 1.000000000000000000, 0.9964406937843707235, 1.000000000000000000),
 ( 1.000000000000000000, 0.9825780375547666923, 1.000000000000000000),
 ( 1.000000000000000000, 0.9722858640788649698, 1.000000000000000000),
 ( 1.000000000000000000, 0.9591663046625431566, 1.000000000000000000) ) ) 
 REPRESENTATION_ITEM ( '' )  SURFACE ( )  );
#4131 = DIRECTION ( 'NONE',  ( -4.625929269271481378E-15, 0.0000000000000000000, -1.000000000000000000 ) ) ;
#4132 = EDGE_CURVE ( 'NONE', #908, #715, #2118, .T. ) ;
#4133 = CARTESIAN_POINT ( 'NONE',  ( 14.23371149353980591, -53.45516786603333514, 47.90601694633819108 ) ) ;
#4134 = CARTESIAN_POINT ( 'NONE',  ( 16.00000000000020606, -52.63054677202817544, 47.18975024815963337 ) ) ;
#4135 = ORIENTED_EDGE ( 'NONE', *, *, #1274, .F. ) ;
#4136 = ADVANCED_FACE ( 'NONE', ( #1320 ), #716, .F. ) ;
#4137 = DIRECTION ( 'NONE',  ( 1.000000000000000000, 0.0000000000000000000, -6.983996714282626151E-15 ) ) ;
#4138 = AXIS2_PLACEMENT_3D ( 'NONE', #3845, #3875, #686 ) ;
#4139 = CARTESIAN_POINT ( 'NONE',  ( 10.41869015036520096, 11.69299290235359479, 13.49026054875902858 ) ) ;
#4140 = ORIENTED_EDGE ( 'NONE', *, *, #762, .F. ) ;
#4141 = CARTESIAN_POINT ( 'NONE',  ( 0.0000000000000000000, 16.00000000000000000, 0.0000000000000000000 ) ) ;
#4142 = CARTESIAN_POINT ( 'NONE',  ( -87.99999999999974420, -54.00000000000000000, 54.57864200453350634 ) ) ;
#4143 = CARTESIAN_POINT ( 'NONE',  ( 7.999999999999996447, -50.00000000000000000, 18.00000000000002842 ) ) ;
#4144 = ORIENTED_EDGE ( 'NONE', *, *, #2485, .F. ) ;
#4145 = CARTESIAN_POINT ( 'NONE',  ( -87.99999999999982947, -54.00000000000000000, 43.00000000000070344 ) ) ;
#4146 = CARTESIAN_POINT ( 'NONE',  ( -90.99999999999972999, -51.00000000000000000, 58.00000000000072475 ) ) ;
#4147 = CARTESIAN_POINT ( 'NONE',  ( 15.87673141835858281, -48.44601555376045354, 47.67479047394013492 ) ) ;
#4148 = CARTESIAN_POINT ( 'NONE',  ( -87.99999999999981526, -54.00000000000000000, 46.25543735346577279 ) ) ;
#4149 = VERTEX_POINT ( 'NONE', #1190 ) ;
#4150 = CARTESIAN_POINT ( 'NONE',  ( 8.601514521600641672, -47.16227766016837819, 15.16227766016840661 ) ) ;
#4151 = CIRCLE ( 'NONE', #3877, 8.000000000000000000 ) ;
ENDSEC;
END-ISO-10303-21;
