ISO-10303-21;
HEADER;
FILE_DESCRIPTION (( 'STEP AP214' ),
    '1' );
FILE_NAME ('Ring right 24 deg.STEP',
    '2019-12-15T19:20:22',
    ( '' ),
    ( '' ),
    'SwSTEP 2.0',
    'SolidWorks 2018',
    '' );
FILE_SCHEMA (( 'AUTOMOTIVE_DESIGN' ));
ENDSEC;

DATA;
#1 = ADVANCED_FACE ( 'NONE', ( #518 ), #2841, .F. ) ;
#2 = DIRECTION ( 'NONE',  ( -0.0000000000000000000, 1.000000000000000000, -0.0000000000000000000 ) ) ;
#3 = ORIENTED_EDGE ( 'NONE', *, *, #874, .F. ) ;
#4 = EDGE_CURVE ( 'NONE', #477, #2635, #1360, .T. ) ;
#5 = VERTEX_POINT ( 'NONE', #235 ) ;
#6 = CARTESIAN_POINT ( 'NONE',  ( 143.3801982457824238, 12.71448716444999860, -37.56570648010208657 ) ) ;
#7 = ORIENTED_EDGE ( 'NONE', *, *, #2351, .T. ) ;
#8 = AXIS2_PLACEMENT_3D ( 'NONE', #389, #327, #1673 ) ;
#9 = CARTESIAN_POINT ( 'NONE',  ( 103.1584062810608060, -34.50000000000000000, -59.06471694911319048 ) ) ;
#10 = ORIENTED_EDGE ( 'NONE', *, *, #2460, .T. ) ;
#11 = DIRECTION ( 'NONE',  ( 0.0000000000000000000, 0.0000000000000000000, 1.000000000000000000 ) ) ;
#12 = AXIS2_PLACEMENT_3D ( 'NONE', #2058, #1181, #2280 ) ;
#13 = ORIENTED_EDGE ( 'NONE', *, *, #2164, .T. ) ;
#14 = LINE ( 'NONE', #417, #2138 ) ;
#15 = CIRCLE ( 'NONE', #1431, 5.749999999999949374 ) ;
#16 = DIRECTION ( 'NONE',  ( 0.0000000000000000000, 0.0000000000000000000, -1.000000000000000000 ) ) ;
#17 = CARTESIAN_POINT ( 'NONE',  ( 143.3124174757742821, 12.78770334236289585, -37.53552853698214875 ) ) ;
#18 = VECTOR ( 'NONE', #1744, 1000.000000000000000 ) ;
#19 = EDGE_CURVE ( 'NONE', #794, #1306, #649, .T. ) ;
#20 = PRODUCT_DEFINITION_FORMATION_WITH_SPECIFIED_SOURCE ( 'ANY', '', #1063, .NOT_KNOWN. ) ;
#21 = CIRCLE ( 'NONE', #2292, 1.250000000000042633 ) ;
#22 = FACE_OUTER_BOUND ( 'NONE', #1553, .T. ) ;
#23 = EDGE_CURVE ( 'NONE', #1411, #2817, #63, .T. ) ;
#24 = DIRECTION ( 'NONE',  ( 0.0000000000000000000, 0.0000000000000000000, -1.000000000000000000 ) ) ;
#25 = CARTESIAN_POINT ( 'NONE',  ( 143.3801982457824238, 12.71448716444999860, -37.56570648010208657 ) ) ;
#26 = CARTESIAN_POINT ( 'NONE',  ( 124.2352433718334055, 12.86299912967126957, -80.56597916172813711 ) ) ;
#27 = AXIS2_PLACEMENT_3D ( 'NONE', #2079, #759, #1196 ) ;
#28 = CARTESIAN_POINT ( 'NONE',  ( 87.31502107243998978, 8.934133474745236114, -65.14642272391476752 ) ) ;
#29 = ORIENTED_EDGE ( 'NONE', *, *, #1137, .F. ) ;
#30 = CARTESIAN_POINT ( 'NONE',  ( 127.5368130371616360, -29.50000000000000355, -43.64741225490364940 ) ) ;
#31 = LINE ( 'NONE', #1451, #407 ) ;
#32 = ORIENTED_EDGE ( 'NONE', *, *, #2004, .F. ) ;
#33 = DIRECTION ( 'NONE',  ( 0.0000000000000000000, 0.0000000000000000000, 1.000000000000000000 ) ) ;
#34 = ORIENTED_EDGE ( 'NONE', *, *, #997, .F. ) ;
#35 = CARTESIAN_POINT ( 'NONE',  ( 115.3476096591112139, 0.0000000000000000000, -51.35606460200842349 ) ) ;
#36 = ORIENTED_EDGE ( 'NONE', *, *, #1227, .T. ) ;
#37 = EDGE_CURVE ( 'NONE', #2101, #2595, #2386, .T. ) ;
#38 = ORIENTED_EDGE ( 'NONE', *, *, #1335, .T. ) ;
#39 = DIRECTION ( 'NONE',  ( 0.0000000000000000000, -1.000000000000000000, 0.0000000000000000000 ) ) ;
#40 = VERTEX_POINT ( 'NONE', #653 ) ;
#41 = PRODUCT_CONTEXT ( 'NONE', #2024, 'mechanical' ) ;
#42 = DIRECTION ( 'NONE',  ( 0.0000000000000000000, 0.0000000000000000000, 1.000000000000000000 ) ) ;
#43 = VERTEX_POINT ( 'NONE', #1101 ) ;
#44 = DIRECTION ( 'NONE',  ( 0.0000000000000000000, 0.0000000000000000000, -1.000000000000000000 ) ) ;
#45 = CARTESIAN_POINT ( 'NONE',  ( 94.69801024487377106, 8.934133474745236114, -63.06982352212503429 ) ) ;
#46 = AXIS2_PLACEMENT_3D ( 'NONE', #1262, #2342, #1466 ) ;
#47 = VERTEX_POINT ( 'NONE', #455 ) ;
#48 = CARTESIAN_POINT ( 'NONE',  ( 127.5368130371616360, -29.50000000000000355, -42.39741225490360677 ) ) ;
#49 = CARTESIAN_POINT ( 'NONE',  ( 94.69801024487377106, 0.0000000000000000000, -61.21982352212503287 ) ) ;
#50 = VERTEX_POINT ( 'NONE', #28 ) ;
#51 = CIRCLE ( 'NONE', #1343, 1.850000000000004530 ) ;
#52 = DIRECTION ( 'NONE',  ( 0.0000000000000000000, 0.0000000000000000000, -1.000000000000000000 ) ) ;
#53 = VECTOR ( 'NONE', #2215, 1000.000000000000000 ) ;
#54 = CYLINDRICAL_SURFACE ( 'NONE', #1706, 5.049999999999984723 ) ;
#55 = EDGE_CURVE ( 'NONE', #69, #2408, #205, .T. ) ;
#56 = DIRECTION ( 'NONE',  ( -0.0000000000000000000, 1.000000000000000000, -0.0000000000000000000 ) ) ;
#57 = FACE_OUTER_BOUND ( 'NONE', #2532, .T. ) ;
#58 = AXIS2_PLACEMENT_3D ( 'NONE', #1712, #2187, #2833 ) ;
#59 = DIRECTION ( 'NONE',  ( 0.0000000000000000000, 0.0000000000000000000, 1.000000000000000000 ) ) ;
#60 = LINE ( 'NONE', #1400, #609 ) ;
#61 = PLANE ( 'NONE',  #230 ) ;
#62 = EDGE_LOOP ( 'NONE', ( #2604, #547 ) ) ;
#63 = CIRCLE ( 'NONE', #2377, 150.0000000000000568 ) ;
#64 = DIRECTION ( 'NONE',  ( 0.0000000000000000000, 1.000000000000000000, 0.0000000000000000000 ) ) ;
#65 = AXIS2_PLACEMENT_3D ( 'NONE', #1164, #1388, #2686 ) ;
#66 = CARTESIAN_POINT ( 'NONE',  ( 90.28678715892846185, 12.93413347474523611, 57.42208690493892931 ) ) ;
#67 = VERTEX_POINT ( 'NONE', #864 ) ;
#68 = DIRECTION ( 'NONE',  ( 0.9135454576426000894, 0.0000000000000000000, -0.4067366430758021512 ) ) ;
#69 = VERTEX_POINT ( 'NONE', #2414 ) ;
#70 = CARTESIAN_POINT ( 'NONE',  ( 93.08457708462042035, 0.5718088099645829425, -62.15464353523088903 ) ) ;
#71 = CARTESIAN_POINT ( 'NONE',  ( 117.7751336033424110, -34.50000000000000000, -59.82250323832607819 ) ) ;
#72 = DIRECTION ( 'NONE',  ( 0.0000000000000000000, 1.000000000000000000, 0.0000000000000000000 ) ) ;
#73 = EDGE_LOOP ( 'NONE', ( #1667, #2510, #293, #1238 ) ) ;
#74 = EDGE_CURVE ( 'NONE', #1109, #2006, #1022, .T. ) ;
#75 = CARTESIAN_POINT ( 'NONE',  ( 112.9200857148800168, -34.50000000000000000, -42.88962596569083985 ) ) ;
#76 = ORIENTED_EDGE ( 'NONE', *, *, #1983, .T. ) ;
#77 = CARTESIAN_POINT ( 'NONE',  ( 117.7751336033424110, -5.065866525254772768, -68.62250323832599008 ) ) ;
#78 = ORIENTED_EDGE ( 'NONE', *, *, #553, .T. ) ;
#79 = AXIS2_PLACEMENT_3D ( 'NONE', #45, #2422, #1126 ) ;
#80 = CARTESIAN_POINT ( 'NONE',  ( 103.1584062810608060, 8.934133474745236114, -59.06471694911319048 ) ) ;
#81 = EDGE_LOOP ( 'NONE', ( #856, #2394 ) ) ;
#82 = CYLINDRICAL_SURFACE ( 'NONE', #2668, 3.049999999999990052 ) ;
#83 = ORIENTED_EDGE ( 'NONE', *, *, #446, .F. ) ;
#84 = DIRECTION ( 'NONE',  ( 0.0000000000000000000, -1.000000000000000000, 0.0000000000000000000 ) ) ;
#85 = VECTOR ( 'NONE', #1786, 1000.000000000000000 ) ;
#86 = CARTESIAN_POINT ( 'NONE',  ( 108.3819226108616789, 0.4992977502071672125, -28.24062113889245751 ) ) ;
#87 = LINE ( 'NONE', #996, #1184 ) ;
#88 = CARTESIAN_POINT ( 'NONE',  ( 112.9200857148800168, -29.50000000000000355, -37.13962596569083274 ) ) ;
#89 = EDGE_CURVE ( 'NONE', #1965, #1776, #1736, .T. ) ;
#90 = CARTESIAN_POINT ( 'NONE',  ( 127.5368130371616360, -5.065866525254772768, -43.64741225490364940 ) ) ;
#91 = CARTESIAN_POINT ( 'NONE',  ( 103.1584062810608060, 8.934133474745236114, -56.01471694911320043 ) ) ;
#92 = FACE_BOUND ( 'NONE', #1455, .T. ) ;
#93 = AXIS2_PLACEMENT_3D ( 'NONE', #1613, #1584, #1152 ) ;
#94 = CARTESIAN_POINT ( 'NONE',  ( 143.3801982457824238, 12.71448716444999860, -37.56570648010208657 ) ) ;
#95 = VECTOR ( 'NONE', #1264, 1000.000000000000000 ) ;
#96 = ORIENTED_EDGE ( 'NONE', *, *, #1922, .T. ) ;
#97 = VECTOR ( 'NONE', #1138, 1000.000000000000000 ) ;
#98 = CARTESIAN_POINT ( 'NONE',  ( 112.9200857148800168, -33.50000000000000000, -37.13962596569083274 ) ) ;
#99 = AXIS2_PLACEMENT_3D ( 'NONE', #110, #1010, #1208 ) ;
#100 = DIRECTION ( 'NONE',  ( 0.0000000000000000000, 1.000000000000000000, 0.0000000000000000000 ) ) ;
#101 = ORIENTED_EDGE ( 'NONE', *, *, #854, .F. ) ;
#102 = ORIENTED_EDGE ( 'NONE', *, *, #2168, .T. ) ;
#103 = DIRECTION ( 'NONE',  ( 0.0000000000000000000, 1.000000000000000000, 0.0000000000000000000 ) ) ;
#104 = DIRECTION ( 'NONE',  ( -0.0000000000000000000, -1.000000000000000000, -0.0000000000000000000 ) ) ;
#105 = ORIENTED_EDGE ( 'NONE', *, *, #1734, .T. ) ;
#106 = DIRECTION ( 'NONE',  ( -0.0000000000000000000, 1.000000000000000000, -0.0000000000000000000 ) ) ;
#107 = EDGE_LOOP ( 'NONE', ( #83, #2200, #457, #729 ) ) ;
#108 = EDGE_CURVE ( 'NONE', #348, #1638, #2708, .T. ) ;
#109 = CARTESIAN_POINT ( 'NONE',  ( 109.2232287638589554, 0.07967854741374165439, -26.61992936647132169 ) ) ;
#110 = CARTESIAN_POINT ( 'NONE',  ( 94.69801024487377106, -7.065866525254767438, -63.06982352212503429 ) ) ;
#111 = ORIENTED_EDGE ( 'NONE', *, *, #470, .T. ) ;
#112 = CARTESIAN_POINT ( 'NONE',  ( 0.0000000000000000000, 12.93413347474523611, 0.0000000000000000000 ) ) ;
#113 = ORIENTED_EDGE ( 'NONE', *, *, #1137, .T. ) ;
#114 = EDGE_CURVE ( 'NONE', #549, #1815, #1911, .T. ) ;
#115 = AXIS2_PLACEMENT_3D ( 'NONE', #2398, #1944, #1748 ) ;
#116 = ORIENTED_EDGE ( 'NONE', *, *, #2844, .F. ) ;
#117 = AXIS2_PLACEMENT_3D ( 'NONE', #2712, #1145, #709 ) ;
#118 = EDGE_LOOP ( 'NONE', ( #1434, #2726 ) ) ;
#119 = FACE_OUTER_BOUND ( 'NONE', #1269, .T. ) ;
#120 = AXIS2_PLACEMENT_3D ( 'NONE', #648, #1068, #198 ) ;
#121 = DIRECTION ( 'NONE',  ( -0.0000000000000000000, -1.000000000000000000, -0.0000000000000000000 ) ) ;
#122 = VECTOR ( 'NONE', #1567, 1000.000000000000000 ) ;
#123 = DIRECTION ( 'NONE',  ( 0.0000000000000000000, 0.0000000000000000000, -1.000000000000000000 ) ) ;
#124 = VECTOR ( 'NONE', #2122, 1000.000000000000000 ) ;
#125 = CIRCLE ( 'NONE', #254, 3.049999999999990052 ) ;
#126 = DIRECTION ( 'NONE',  ( 0.0000000000000000000, -1.000000000000000000, 0.0000000000000000000 ) ) ;
#127 = EDGE_CURVE ( 'NONE', #1670, #40, #746, .T. ) ;
#128 = CARTESIAN_POINT ( 'NONE',  ( 112.9200857148800168, -34.50000000000000000, -37.13962596569083274 ) ) ;
#129 = LINE ( 'NONE', #2824, #1941 ) ;
#130 = ORIENTED_EDGE ( 'NONE', *, *, #2496, .F. ) ;
#131 = CIRCLE ( 'NONE', #1122, 5.250000000000004441 ) ;
#132 = CARTESIAN_POINT ( 'NONE',  ( 127.5368130371616360, -34.50000000000000000, -46.64741225490362098 ) ) ;
#133 = VERTEX_POINT ( 'NONE', #2225 ) ;
#134 = EDGE_LOOP ( 'NONE', ( #2239, #2603, #113, #2608, #1429, #1835, #899, #628, #2499, #2719 ) ) ;
#135 = VERTEX_POINT ( 'NONE', #504 ) ;
#136 = DIRECTION ( 'NONE',  ( 0.0000000000000000000, -0.0000000000000000000, -1.000000000000000000 ) ) ;
#137 = AXIS2_PLACEMENT_3D ( 'NONE', #1506, #869, #2208 ) ;
#138 = ORIENTED_EDGE ( 'NONE', *, *, #784, .T. ) ;
#139 = DIRECTION ( 'NONE',  ( 0.0000000000000000000, 1.000000000000000000, 0.0000000000000000000 ) ) ;
#140 = ORIENTED_EDGE ( 'NONE', *, *, #1629, .T. ) ;
#141 = DIRECTION ( 'NONE',  ( -0.0000000000000000000, 1.000000000000000000, -0.0000000000000000000 ) ) ;
#142 = ORIENTED_EDGE ( 'NONE', *, *, #2182, .T. ) ;
#143 = EDGE_CURVE ( 'NONE', #2787, #2654, #167, .T. ) ;
#144 = DIRECTION ( 'NONE',  ( -0.0000000000000000000, 1.000000000000000000, -0.0000000000000000000 ) ) ;
#145 = CARTESIAN_POINT ( 'NONE',  ( 112.9200857148800168, -29.50000000000000355, -40.18962596569082280 ) ) ;
#146 = ORIENTED_EDGE ( 'NONE', *, *, #778, .F. ) ;
#147 = CARTESIAN_POINT ( 'NONE',  ( 0.0000000000000000000, 12.93413347474523611, 0.0000000000000000000 ) ) ;
#148 = EDGE_CURVE ( 'NONE', #2311, #1885, #1456, .T. ) ;
#149 = ORIENTED_EDGE ( 'NONE', *, *, #1257, .T. ) ;
#150 = FACE_OUTER_BOUND ( 'NONE', #481, .T. ) ;
#151 = DIRECTION ( 'NONE',  ( -0.0000000000000000000, 1.000000000000000000, -0.0000000000000000000 ) ) ;
#152 = CARTESIAN_POINT ( 'NONE',  ( 74.41719144519167628, 0.0000000000000000000, -100.4344642909484264 ) ) ;
#153 = ORIENTED_EDGE ( 'NONE', *, *, #2518, .F. ) ;
#154 = AXIS2_PLACEMENT_3D ( 'NONE', #2332, #2799, #1459 ) ;
#155 = CYLINDRICAL_SURFACE ( 'NONE', #376, 3.000000000000002665 ) ;
#156 = CARTESIAN_POINT ( 'NONE',  ( 115.3476096591112139, 0.0000000000000000000, -46.30606460200846186 ) ) ;
#157 = ADVANCED_FACE ( 'NONE', ( #445 ), #374, .F. ) ;
#158 = CYLINDRICAL_SURFACE ( 'NONE', #2836, 3.049999999999990052 ) ;
#159 = AXIS2_PLACEMENT_3D ( 'NONE', #1151, #2692, #16 ) ;
#160 = CARTESIAN_POINT ( 'NONE',  ( 115.3476096591112139, 35.50000000000001421, -56.40606460200837802 ) ) ;
#161 = DIRECTION ( 'NONE',  ( -0.0000000000000000000, 1.000000000000000000, -0.0000000000000000000 ) ) ;
#162 = FACE_OUTER_BOUND ( 'NONE', #2642, .T. ) ;
#163 = EDGE_CURVE ( 'NONE', #2817, #517, #879, .T. ) ;
#164 = FACE_BOUND ( 'NONE', #1581, .T. ) ;
#165 = EDGE_CURVE ( 'NONE', #2721, #1777, #575, .T. ) ;
#166 = ORIENTED_EDGE ( 'NONE', *, *, #607, .F. ) ;
#167 = CIRCLE ( 'NONE', #173, 5.250000000000004441 ) ;
#168 = CARTESIAN_POINT ( 'NONE',  ( 0.0000000000000000000, 12.93413347474523611, 0.0000000000000000000 ) ) ;
#169 = CARTESIAN_POINT ( 'NONE',  ( 103.1584062810608060, -33.50000000000000000, -60.31471694911319759 ) ) ;
#170 = ORIENTED_EDGE ( 'NONE', *, *, #1193, .F. ) ;
#171 = DIRECTION ( 'NONE',  ( 0.0000000000000000000, 0.0000000000000000000, 1.000000000000000000 ) ) ;
#172 = CARTESIAN_POINT ( 'NONE',  ( 0.0000000000000000000, 2.000000000000029310, 0.0000000000000000000 ) ) ;
#173 = AXIS2_PLACEMENT_3D ( 'NONE', #2034, #2005, #1130 ) ;
#174 = EDGE_LOOP ( 'NONE', ( #1666, #447, #1717, #358 ) ) ;
#175 = ADVANCED_FACE ( 'NONE', ( #2120, #1851 ), #264, .T. ) ;
#176 = DIRECTION ( 'NONE',  ( 0.0000000000000000000, 1.000000000000000000, 0.0000000000000000000 ) ) ;
#177 = VERTEX_POINT ( 'NONE', #49 ) ;
#178 = AXIS2_PLACEMENT_3D ( 'NONE', #1916, #393, #171 ) ;
#179 = CARTESIAN_POINT ( 'NONE',  ( 117.7751336033424110, -34.50000000000000000, -65.57250323832603556 ) ) ;
#180 = DIRECTION ( 'NONE',  ( 0.0000000000000000000, -0.0000000000000000000, 1.000000000000000000 ) ) ;
#181 = ORIENTED_EDGE ( 'NONE', *, *, #388, .F. ) ;
#182 = CARTESIAN_POINT ( 'NONE',  ( 117.7751336033424110, -33.50000000000000000, -65.57250323832603556 ) ) ;
#183 = DIRECTION ( 'NONE',  ( 0.0000000000000000000, 0.0000000000000000000, 1.000000000000000000 ) ) ;
#184 = ORIENTED_EDGE ( 'NONE', *, *, #2265, .F. ) ;
#185 = EDGE_LOOP ( 'NONE', ( #851, #149, #2401, #2684 ) ) ;
#186 = EDGE_CURVE ( 'NONE', #2064, #2245, #685, .T. ) ;
#187 = CARTESIAN_POINT ( 'NONE',  ( 55.06456199237020144, 10.93413347474524322, -139.5273952046279931 ) ) ;
#188 = ADVANCED_FACE ( 'NONE', ( #2500, #309 ), #714, .T. ) ;
#189 = VERTEX_POINT ( 'NONE', #1156 ) ;
#190 = CARTESIAN_POINT ( 'NONE',  ( 115.3179025799882851, -15.06586652525476389, 51.28029858700160304 ) ) ;
#191 = FACE_OUTER_BOUND ( 'NONE', #1650, .T. ) ;
#192 = CIRCLE ( 'NONE', #2252, 5.049999999999957190 ) ;
#193 = AXIS2_PLACEMENT_3D ( 'NONE', #2387, #1075, #2607 ) ;
#194 = LINE ( 'NONE', #2367, #2457 ) ;
#195 = CARTESIAN_POINT ( 'NONE',  ( 74.41719144519167628, -2.000000000000000000, -100.4344642909484264 ) ) ;
#196 = DIRECTION ( 'NONE',  ( 0.0000000000000000000, 0.0000000000000000000, -1.000000000000000000 ) ) ;
#197 = FACE_OUTER_BOUND ( 'NONE', #185, .T. ) ;
#198 = DIRECTION ( 'NONE',  ( 0.0000000000000000000, 0.0000000000000000000, -1.000000000000000000 ) ) ;
#199 = DIRECTION ( 'NONE',  ( 0.0000000000000000000, 0.0000000000000000000, 1.000000000000000000 ) ) ;
#200 = ORIENTED_EDGE ( 'NONE', *, *, #2112, .T. ) ;
#201 = EDGE_CURVE ( 'NONE', #1060, #477, #225, .T. ) ;
#202 = LINE ( 'NONE', #2561, #2117 ) ;
#203 = VERTEX_POINT ( 'NONE', #1823 ) ;
#204 = ADVANCED_FACE ( 'NONE', ( #1531 ), #886, .F. ) ;
#205 = LINE ( 'NONE', #683, #2396 ) ;
#206 = EDGE_CURVE ( 'NONE', #482, #1258, #2676, .T. ) ;
#207 = VERTEX_POINT ( 'NONE', #94 ) ;
#208 = DIRECTION ( 'NONE',  ( 0.0000000000000000000, 1.000000000000000000, 0.0000000000000000000 ) ) ;
#209 = DIRECTION ( 'NONE',  ( 0.0000000000000000000, -1.000000000000000000, 0.0000000000000000000 ) ) ;
#210 = ORIENTED_EDGE ( 'NONE', *, *, #1534, .T. ) ;
#211 = CARTESIAN_POINT ( 'NONE',  ( 0.0000000000000000000, 8.934133474745236114, 0.0000000000000000000 ) ) ;
#212 = AXIS2_PLACEMENT_3D ( 'NONE', #2419, #1329, #229 ) ;
#213 = ORIENTED_EDGE ( 'NONE', *, *, #163, .T. ) ;
#214 =( NAMED_UNIT ( * ) PLANE_ANGLE_UNIT ( ) SI_UNIT ( $, .RADIAN. ) );
#215 = AXIS2_PLACEMENT_3D ( 'NONE', #2501, #711, #1361 ) ;
#216 = ORIENTED_EDGE ( 'NONE', *, *, #2424, .F. ) ;
#217 = DIRECTION ( 'NONE',  ( 0.0000000000000000000, -1.000000000000000000, 0.0000000000000000000 ) ) ;
#218 = ORIENTED_EDGE ( 'NONE', *, *, #2602, .T. ) ;
#219 = ADVANCED_FACE ( 'NONE', ( #961 ), #2091, .F. ) ;
#220 = CARTESIAN_POINT ( 'NONE',  ( 117.7751336033424110, 0.0000000000000000000, -71.32250323832597871 ) ) ;
#221 = EDGE_LOOP ( 'NONE', ( #733, #2269 ) ) ;
#222 = FACE_OUTER_BOUND ( 'NONE', #329, .T. ) ;
#223 = EDGE_CURVE ( 'NONE', #608, #394, #1985, .T. ) ;
#224 = ORIENTED_EDGE ( 'NONE', *, *, #442, .F. ) ;
#225 = B_SPLINE_CURVE_WITH_KNOTS ( 'NONE', 3,
 ( #66, #292, #515, #2266 ),
 .UNSPECIFIED., .F., .F.,
 ( 4, 4 ),
 ( 2.873766870026097309E-07, 0.002874967923742557680 ),
 .UNSPECIFIED. ) ;
#226 = FACE_OUTER_BOUND ( 'NONE', #1310, .T. ) ;
#227 = DIRECTION ( 'NONE',  ( -0.0000000000000000000, 1.000000000000000000, -0.0000000000000000000 ) ) ;
#228 = CARTESIAN_POINT ( 'NONE',  ( 74.41719144519167628, 6.934133474745236114, -95.18446429094842642 ) ) ;
#229 = DIRECTION ( 'NONE',  ( 0.0000000000000000000, 0.0000000000000000000, 1.000000000000000000 ) ) ;
#230 = AXIS2_PLACEMENT_3D ( 'NONE', #2498, #2282, #1807 ) ;
#231 = CARTESIAN_POINT ( 'NONE',  ( 143.0017881965669915, 12.86300140351327848, -38.41562936625485492 ) ) ;
#232 = CARTESIAN_POINT ( 'NONE',  ( 112.9200857148800168, 0.0000000000000000000, -37.13962596569083274 ) ) ;
#233 = AXIS2_PLACEMENT_3D ( 'NONE', #1432, #2331, #766 ) ;
#234 = CYLINDRICAL_SURFACE ( 'NONE', #99, 1.850000000000004530 ) ;
#235 = CARTESIAN_POINT ( 'NONE',  ( 112.9200857148800168, -34.50000000000000000, -42.88962596569083985 ) ) ;
#236 = ADVANCED_FACE ( 'NONE', ( #1949 ), #1428, .T. ) ;
#237 = CARTESIAN_POINT ( 'NONE',  ( 127.5368130371616360, -34.50000000000000000, -43.64741225490364940 ) ) ;
#238 = FACE_OUTER_BOUND ( 'NONE', #413, .T. ) ;
#239 = DIRECTION ( 'NONE',  ( 0.0000000000000000000, 0.0000000000000000000, 1.000000000000000000 ) ) ;
#240 = DIRECTION ( 'NONE',  ( -0.0000000000000000000, 1.000000000000000000, 0.0000000000000000000 ) ) ;
#241 = DIRECTION ( 'NONE',  ( 0.0000000000000000000, 0.0000000000000000000, 1.000000000000000000 ) ) ;
#242 = ORIENTED_EDGE ( 'NONE', *, *, #223, .T. ) ;
#243 = CARTESIAN_POINT ( 'NONE',  ( 115.3476096591112139, -7.000000000000000000, -48.30606460200843344 ) ) ;
#244 = EDGE_LOOP ( 'NONE', ( #1332, #1702, #78, #2133 ) ) ;
#245 = DIRECTION ( 'NONE',  ( -0.0000000000000000000, 1.000000000000000000, -0.0000000000000000000 ) ) ;
#246 = EDGE_CURVE ( 'NONE', #794, #1324, #2465, .T. ) ;
#247 = ORIENTED_EDGE ( 'NONE', *, *, #335, .T. ) ;
#248 = CARTESIAN_POINT ( 'NONE',  ( 88.87118236610973554, 6.434133474745237002, 55.91880671875669861 ) ) ;
#249 = VERTEX_POINT ( 'NONE', #1410 ) ;
#250 = EDGE_CURVE ( 'NONE', #495, #1861, #1083, .T. ) ;
#251 = ORIENTED_EDGE ( 'NONE', *, *, #4, .T. ) ;
#252 = ADVANCED_FACE ( 'NONE', ( #2564 ), #546, .F. ) ;
#253 = ORIENTED_EDGE ( 'NONE', *, *, #2283, .T. ) ;
#254 = AXIS2_PLACEMENT_3D ( 'NONE', #1697, #1920, #2585 ) ;
#255 = CARTESIAN_POINT ( 'NONE',  ( 92.89039666091237279, -5.382447188513591442E-15, -63.46356599008883137 ) ) ;
#256 = EDGE_LOOP ( 'NONE', ( #1893, #884, #808, #2573 ) ) ;
#257 = VERTEX_POINT ( 'NONE', #2520 ) ;
#258 = CARTESIAN_POINT ( 'NONE',  ( 135.8146228243622033, 0.0000000000000000000, -39.56101304630018234 ) ) ;
#259 = CARTESIAN_POINT ( 'NONE',  ( 117.7751336033424110, -34.50000000000000000, -65.57250323832603556 ) ) ;
#260 = ORIENTED_EDGE ( 'NONE', *, *, #1227, .F. ) ;
#261 = CARTESIAN_POINT ( 'NONE',  ( 112.9200857148800168, -5.065866525254772768, -40.18962596569082280 ) ) ;
#262 = CIRCLE ( 'NONE', #2324, 3.049999999999990052 ) ;
#263 = EDGE_CURVE ( 'NONE', #2687, #1958, #345, .T. ) ;
#264 = PLANE ( 'NONE',  #964 ) ;
#265 = VECTOR ( 'NONE', #882, 1000.000000000000000 ) ;
#266 =( NAMED_UNIT ( * ) SI_UNIT ( $, .STERADIAN. ) SOLID_ANGLE_UNIT ( ) );
#267 = CARTESIAN_POINT ( 'NONE',  ( 117.7751336033424110, -33.50000000000000000, -65.57250323832603556 ) ) ;
#268 = CYLINDRICAL_SURFACE ( 'NONE', #2467, 3.049999999999955413 ) ;
#269 = AXIS2_PLACEMENT_3D ( 'NONE', #2815, #1715, #637 ) ;
#270 = CARTESIAN_POINT ( 'NONE',  ( 103.1584062810608060, -33.50000000000000000, -59.06471694911319048 ) ) ;
#271 = CIRCLE ( 'NONE', #58, 1.250000000000042633 ) ;
#272 = DIRECTION ( 'NONE',  ( -0.0000000000000000000, -1.000000000000000000, -0.0000000000000000000 ) ) ;
#273 = AXIS2_PLACEMENT_3D ( 'NONE', #2641, #2029, #44 ) ;
#274 = ORIENTED_EDGE ( 'NONE', *, *, #4, .F. ) ;
#275 = CYLINDRICAL_SURFACE ( 'NONE', #1599, 12.49999999999999645 ) ;
#276 = VERTEX_POINT ( 'NONE', #524 ) ;
#277 = ORIENTED_EDGE ( 'NONE', *, *, #401, .F. ) ;
#278 = DIRECTION ( 'NONE',  ( -0.0000000000000000000, -1.000000000000000000, -0.0000000000000000000 ) ) ;
#279 = ORIENTED_EDGE ( 'NONE', *, *, #521, .T. ) ;
#280 = EDGE_CURVE ( 'NONE', #382, #2645, #1392, .T. ) ;
#281 = ORIENTED_EDGE ( 'NONE', *, *, #1857, .F. ) ;
#282 = DIRECTION ( 'NONE',  ( 0.0000000000000000000, 0.0000000000000000000, 1.000000000000000000 ) ) ;
#283 = ORIENTED_EDGE ( 'NONE', *, *, #1210, .F. ) ;
#284 = CARTESIAN_POINT ( 'NONE',  ( 127.5368130371616360, -5.065866525254772768, -46.69741225490363945 ) ) ;
#285 = CARTESIAN_POINT ( 'NONE',  ( 92.84523643524366321, 0.2904563721204029281, -63.01390725045249752 ) ) ;
#286 = VERTEX_POINT ( 'NONE', #2503 ) ;
#287 = PLANE ( 'NONE',  #2032 ) ;
#288 = CARTESIAN_POINT ( 'NONE',  ( 117.7751336033424110, -49.49999999999998579, -65.57250323832603556 ) ) ;
#289 = AXIS2_PLACEMENT_3D ( 'NONE', #237, #1746, #1974 ) ;
#290 = ORIENTED_EDGE ( 'NONE', *, *, #601, .T. ) ;
#291 = CARTESIAN_POINT ( 'NONE',  ( 74.41719144519167628, 6.934133474745236114, -100.4344642909484264 ) ) ;
#292 = CARTESIAN_POINT ( 'NONE',  ( 89.81505964605396741, 12.26725490243005012, 56.92114297837223802 ) ) ;
#293 = ORIENTED_EDGE ( 'NONE', *, *, #383, .T. ) ;
#294 = CYLINDRICAL_SURFACE ( 'NONE', #1631, 3.049999999999990052 ) ;
#295 = ORIENTED_EDGE ( 'NONE', *, *, #1816, .F. ) ;
#296 = CARTESIAN_POINT ( 'NONE',  ( 108.4771247579465125, 0.5714631157393590399, -27.58131603534063814 ) ) ;
#297 = EDGE_CURVE ( 'NONE', #1345, #1735, #1222, .T. ) ;
#298 = FACE_OUTER_BOUND ( 'NONE', #73, .T. ) ;
#299 = DIRECTION ( 'NONE',  ( 0.0000000000000000000, 0.0000000000000000000, -1.000000000000000000 ) ) ;
#300 = DIRECTION ( 'NONE',  ( 0.0000000000000000000, 0.0000000000000000000, 1.000000000000000000 ) ) ;
#301 = EDGE_CURVE ( 'NONE', #2368, #811, #60, .T. ) ;
#302 = FACE_OUTER_BOUND ( 'NONE', #525, .T. ) ;
#303 = CARTESIAN_POINT ( 'NONE',  ( 108.6432816481472372, 0.4985547078804551946, -27.22090664787923586 ) ) ;
#304 = DIRECTION ( 'NONE',  ( 0.0000000000000000000, 0.0000000000000000000, 1.000000000000000000 ) ) ;
#305 = AXIS2_PLACEMENT_3D ( 'NONE', #2407, #217, #645 ) ;
#306 = DIRECTION ( 'NONE',  ( 0.9586376276061446822, 0.0000000000000000000, 0.2846294063122479234 ) ) ;
#307 = CYLINDRICAL_SURFACE ( 'NONE', #1320, 1.850000000000004530 ) ;
#308 = ORIENTED_EDGE ( 'NONE', *, *, #1687, .F. ) ;
#309 = FACE_BOUND ( 'NONE', #2450, .T. ) ;
#310 = DIRECTION ( 'NONE',  ( 0.0000000000000000000, 0.0000000000000000000, -1.000000000000000000 ) ) ;
#311 = CARTESIAN_POINT ( 'NONE',  ( 135.8146228243622033, 0.0000000000000000000, -41.41101304630019087 ) ) ;
#312 = EDGE_LOOP ( 'NONE', ( #1173, #1243, #1858, #277 ) ) ;
#313 = EDGE_CURVE ( 'NONE', #2779, #669, #2325, .T. ) ;
#314 = ORIENTED_EDGE ( 'NONE', *, *, #463, .T. ) ;
#315 = CARTESIAN_POINT ( 'NONE',  ( 0.0000000000000000000, 160.9341334747433052, 0.0000000000000000000 ) ) ;
#316 = ORIENTED_EDGE ( 'NONE', *, *, #2548, .F. ) ;
#317 = EDGE_CURVE ( 'NONE', #390, #40, #2529, .T. ) ;
#318 = AXIS2_PLACEMENT_3D ( 'NONE', #1593, #1171, #59 ) ;
#319 = CARTESIAN_POINT ( 'NONE',  ( 117.7751336033424110, -5.065866525254772768, -62.52250323832607393 ) ) ;
#320 = VERTEX_POINT ( 'NONE', #311 ) ;
#321 = DIRECTION ( 'NONE',  ( 0.0000000000000000000, 0.0000000000000000000, 1.000000000000000000 ) ) ;
#322 = ORIENTED_EDGE ( 'NONE', *, *, #1422, .T. ) ;
#323 = AXIS2_PLACEMENT_3D ( 'NONE', #2737, #106, #2276 ) ;
#324 = CARTESIAN_POINT ( 'NONE',  ( 127.5368130371616360, -49.49999999999998579, -43.64741225490364940 ) ) ;
#325 = ORIENTED_EDGE ( 'NONE', *, *, #2076, .F. ) ;
#326 = FACE_OUTER_BOUND ( 'NONE', #1261, .T. ) ;
#327 = DIRECTION ( 'NONE',  ( -0.0000000000000000000, 1.000000000000000000, -0.0000000000000000000 ) ) ;
#328 = CARTESIAN_POINT ( 'NONE',  ( 103.1584062810608060, -34.50000000000000000, -56.06471694911318338 ) ) ;
#329 = EDGE_LOOP ( 'NONE', ( #1576, #1716, #772, #1197 ) ) ;
#330 = DIRECTION ( 'NONE',  ( 0.0000000000000000000, 0.0000000000000000000, 1.000000000000000000 ) ) ;
#331 = FACE_BOUND ( 'NONE', #1136, .T. ) ;
#332 = DIRECTION ( 'NONE',  ( 0.0000000000000000000, 0.0000000000000000000, 1.000000000000000000 ) ) ;
#333 = CYLINDRICAL_SURFACE ( 'NONE', #1653, 12.49999999999999645 ) ;
#334 = DIRECTION ( 'NONE',  ( -0.0000000000000000000, 1.000000000000000000, -0.0000000000000000000 ) ) ;
#335 = EDGE_CURVE ( 'NONE', #2101, #276, #443, .T. ) ;
#336 = CARTESIAN_POINT ( 'NONE',  ( 120.4265030515405215, 6.500000000000000000, 89.42850419624247138 ) ) ;
#337 = CIRCLE ( 'NONE', #1035, 3.049999999999955413 ) ;
#338 = DIRECTION ( 'NONE',  ( 0.0000000000000000000, 1.000000000000000000, 0.0000000000000000000 ) ) ;
#339 = CARTESIAN_POINT ( 'NONE',  ( 74.41719144519167628, -2.000000000000000000, -100.4344642909484264 ) ) ;
#340 = ORIENTED_EDGE ( 'NONE', *, *, #1453, .T. ) ;
#341 = FACE_BOUND ( 'NONE', #1747, .T. ) ;
#342 = CARTESIAN_POINT ( 'NONE',  ( 117.7751336033424110, -49.49999999999998579, -65.57250323832603556 ) ) ;
#343 = DIRECTION ( 'NONE',  ( 0.0000000000000000000, 0.0000000000000000000, -1.000000000000000000 ) ) ;
#344 = ORIENTED_EDGE ( 'NONE', *, *, #1210, .T. ) ;
#345 = LINE ( 'NONE', #1000, #1812 ) ;
#346 = ORIENTED_EDGE ( 'NONE', *, *, #1555, .F. ) ;
#347 = CARTESIAN_POINT ( 'NONE',  ( 117.7751336033424110, -29.50000000000000355, -65.57250323832603556 ) ) ;
#348 = VERTEX_POINT ( 'NONE', #1419 ) ;
#349 = EDGE_CURVE ( 'NONE', #1578, #1129, #1356, .T. ) ;
#350 = CARTESIAN_POINT ( 'NONE',  ( 123.6534950637276182, 12.93413347474523611, -81.32535372517429550 ) ) ;
#351 = ORIENTED_EDGE ( 'NONE', *, *, #2094, .T. ) ;
#352 = DIRECTION ( 'NONE',  ( 0.0000000000000000000, 1.000000000000000000, 0.0000000000000000000 ) ) ;
#353 = ORIENTED_EDGE ( 'NONE', *, *, #127, .T. ) ;
#354 = EDGE_CURVE ( 'NONE', #960, #974, #31, .T. ) ;
#355 = CARTESIAN_POINT ( 'NONE',  ( 120.2772830588665727, 0.0000000000000000000, -72.60844952824747622 ) ) ;
#356 = ORIENTED_EDGE ( 'NONE', *, *, #1647, .F. ) ;
#357 = AXIS2_PLACEMENT_3D ( 'NONE', #2017, #2240, #2039 ) ;
#358 = ORIENTED_EDGE ( 'NONE', *, *, #425, .T. ) ;
#359 = CYLINDRICAL_SURFACE ( 'NONE', #1934, 3.049999999999990052 ) ;
#360 = DIRECTION ( 'NONE',  ( 0.0000000000000000000, 1.000000000000000000, 0.0000000000000000000 ) ) ;
#361 = ORIENTED_EDGE ( 'NONE', *, *, #2348, .T. ) ;
#362 = AXIS2_PLACEMENT_3D ( 'NONE', #1868, #1218, #2762 ) ;
#363 = VECTOR ( 'NONE', #848, 1000.000000000000000 ) ;
#364 = SURFACE_STYLE_FILL_AREA ( #1072 ) ;
#365 = CARTESIAN_POINT ( 'NONE',  ( 89.10722611643312518, 7.166721248515925069, 56.16946982383615250 ) ) ;
#366 = EDGE_CURVE ( 'NONE', #2368, #50, #2706, .T. ) ;
#367 = FACE_BOUND ( 'NONE', #1037, .T. ) ;
#368 = DIRECTION ( 'NONE',  ( -0.0000000000000000000, -1.000000000000000000, -0.0000000000000000000 ) ) ;
#369 = CARTESIAN_POINT ( 'NONE',  ( 94.69801024487377106, -7.065866525254767438, -63.06982352212503429 ) ) ;
#370 = CIRCLE ( 'NONE', #1633, 5.049999999999957190 ) ;
#371 = ADVANCED_FACE ( 'NONE', ( #572 ), #2673, .T. ) ;
#372 = AXIS2_PLACEMENT_3D ( 'NONE', #1165, #56, #934 ) ;
#373 = ORIENTED_EDGE ( 'NONE', *, *, #1081, .F. ) ;
#374 = CYLINDRICAL_SURFACE ( 'NONE', #372, 3.049999999999990052 ) ;
#375 = ORIENTED_EDGE ( 'NONE', *, *, #2759, .T. ) ;
#376 = AXIS2_PLACEMENT_3D ( 'NONE', #1178, #2717, #588 ) ;
#377 = ORIENTED_EDGE ( 'NONE', *, *, #878, .T. ) ;
#378 = DIRECTION ( 'NONE',  ( 0.0000000000000000000, 0.0000000000000000000, -1.000000000000000000 ) ) ;
#379 = CARTESIAN_POINT ( 'NONE',  ( 74.41719144519167628, 6.934133474745236114, -103.4344642909484406 ) ) ;
#380 = EDGE_LOOP ( 'NONE', ( #2504, #942 ) ) ;
#381 = CARTESIAN_POINT ( 'NONE',  ( 87.31502107243998978, 8.934133474745236114, -65.14642272391476752 ) ) ;
#382 = VERTEX_POINT ( 'NONE', #2320 ) ;
#383 = EDGE_CURVE ( 'NONE', #1958, #2721, #2803, .T. ) ;
#384 = CARTESIAN_POINT ( 'NONE',  ( 127.5368130371616360, -34.50000000000000000, -43.64741225490364940 ) ) ;
#385 = ADVANCED_FACE ( 'NONE', ( #773 ), #2632, .F. ) ;
#386 = ORIENTED_EDGE ( 'NONE', *, *, #2329, .T. ) ;
#387 = DIRECTION ( 'NONE',  ( 0.0000000000000000000, -1.000000000000000000, 0.0000000000000000000 ) ) ;
#388 = EDGE_CURVE ( 'NONE', #1265, #1670, #2463, .T. ) ;
#389 = CARTESIAN_POINT ( 'NONE',  ( 112.9200857148800168, -33.50000000000000000, -37.13962596569083274 ) ) ;
#390 = VERTEX_POINT ( 'NONE', #2552 ) ;
#391 = FACE_OUTER_BOUND ( 'NONE', #450, .T. ) ;
#392 = ADVANCED_FACE ( 'NONE', ( #1635 ), #479, .F. ) ;
#393 = DIRECTION ( 'NONE',  ( 0.0000000000000000000, 1.000000000000000000, 0.0000000000000000000 ) ) ;
#394 = VERTEX_POINT ( 'NONE', #1443 ) ;
#395 = CIRCLE ( 'NONE', #1005, 5.250000000000004441 ) ;
#396 = CARTESIAN_POINT ( 'NONE',  ( 115.3476096591112139, -7.000000000000000000, -56.40606460200840644 ) ) ;
#397 = LINE ( 'NONE', #1342, #1417 ) ;
#398 = DIRECTION ( 'NONE',  ( 0.0000000000000000000, 0.0000000000000000000, 1.000000000000000000 ) ) ;
#399 = CARTESIAN_POINT ( 'NONE',  ( 103.1584062810608060, -33.50000000000000000, -62.06471694911320469 ) ) ;
#400 = VECTOR ( 'NONE', #2093, 1000.000000000000000 ) ;
#401 = EDGE_CURVE ( 'NONE', #2540, #1622, #202, .T. ) ;
#402 = FACE_OUTER_BOUND ( 'NONE', #1206, .T. ) ;
#403 = ADVANCED_FACE ( 'NONE', ( #1288 ), #2153, .F. ) ;
#404 = CARTESIAN_POINT ( 'NONE',  ( 103.1584062810608060, -33.50000000000000000, -56.06471694911318338 ) ) ;
#405 = EDGE_CURVE ( 'NONE', #1735, #1345, #1602, .T. ) ;
#406 = EDGE_LOOP ( 'NONE', ( #577, #754, #1879, #2601 ) ) ;
#407 = VECTOR ( 'NONE', #775, 1000.000000000000000 ) ;
#408 = CARTESIAN_POINT ( 'NONE',  ( 112.9200857148800168, -34.50000000000000000, -37.13962596569083274 ) ) ;
#409 = EDGE_LOOP ( 'NONE', ( #945, #1267, #2542, #1496 ) ) ;
#410 = DIRECTION ( 'NONE',  ( -0.0000000000000000000, 1.000000000000000000, -0.0000000000000000000 ) ) ;
#411 = ORIENTED_EDGE ( 'NONE', *, *, #719, .F. ) ;
#412 = PLANE ( 'NONE',  #1989 ) ;
#413 = EDGE_LOOP ( 'NONE', ( #561, #2104, #2582, #2840 ) ) ;
#414 = SURFACE_SIDE_STYLE ('',( #364 ) ) ;
#415 = ORIENTED_EDGE ( 'NONE', *, *, #1888, .F. ) ;
#416 = ADVANCED_FACE ( 'NONE', ( #718 ), #2744, .T. ) ;
#417 = CARTESIAN_POINT ( 'NONE',  ( 135.8146228243622033, -7.065866525254767438, -41.41101304630019087 ) ) ;
#418 = CARTESIAN_POINT ( 'NONE',  ( 103.1584062810608060, -49.49999999999998579, -59.06471694911319048 ) ) ;
#419 = ORIENTED_EDGE ( 'NONE', *, *, #1011, .T. ) ;
#420 = DIRECTION ( 'NONE',  ( 0.0000000000000000000, -1.000000000000000000, 0.0000000000000000000 ) ) ;
#421 = ADVANCED_FACE ( 'NONE', ( #1424 ), #1570, .F. ) ;
#422 = DIRECTION ( 'NONE',  ( -0.0000000000000000000, 1.000000000000000000, -0.0000000000000000000 ) ) ;
#423 = ORIENTED_EDGE ( 'NONE', *, *, #638, .T. ) ;
#424 = ORIENTED_EDGE ( 'NONE', *, *, #19, .T. ) ;
#425 = EDGE_CURVE ( 'NONE', #2654, #2787, #131, .T. ) ;
#426 = VERTEX_POINT ( 'NONE', #2801 ) ;
#427 = DIRECTION ( 'NONE',  ( -0.0000000000000000000, 1.000000000000000000, 0.0000000000000000000 ) ) ;
#428 = CARTESIAN_POINT ( 'NONE',  ( 0.0000000000000000000, 0.0000000000000000000, 0.0000000000000000000 ) ) ;
#429 = CARTESIAN_POINT ( 'NONE',  ( 110.2353500103694159, 0.0000000000000000000, -26.32238704017771624 ) ) ;
#430 = CIRCLE ( 'NONE', #1148, 1.250000000000001110 ) ;
#431 = FACE_OUTER_BOUND ( 'NONE', #2035, .T. ) ;
#432 = AXIS2_PLACEMENT_3D ( 'NONE', #168, #604, #180 ) ;
#433 = DIRECTION ( 'NONE',  ( -0.0000000000000000000, 1.000000000000000000, -0.0000000000000000000 ) ) ;
#434 = ADVANCED_FACE ( 'NONE', ( #341, #2360 ), #412, .T. ) ;
#435 = LINE ( 'NONE', #2797, #508 ) ;
#436 = DIRECTION ( 'NONE',  ( -0.0000000000000000000, 1.000000000000000000, -0.0000000000000000000 ) ) ;
#437 = CARTESIAN_POINT ( 'NONE',  ( 127.5368130371616360, 8.934133474745236114, -43.64741225490364940 ) ) ;
#438 = DIRECTION ( 'NONE',  ( 0.2595768345858120441, -0.7071067811865502373, -0.6577384487365826038 ) ) ;
#439 = CIRCLE ( 'NONE', #2554, 2.999999999999968026 ) ;
#440 = DIRECTION ( 'NONE',  ( 0.0000000000000000000, 1.000000000000000000, 0.0000000000000000000 ) ) ;
#441 = CARTESIAN_POINT ( 'NONE',  ( 142.8123545899026965, 12.93413347474523611, -38.84110421303613947 ) ) ;
#442 = EDGE_CURVE ( 'NONE', #1258, #1367, #643, .T. ) ;
#443 = LINE ( 'NONE', #2786, #1087 ) ;
#444 = EDGE_LOOP ( 'NONE', ( #1103, #2235, #2000, #990 ) ) ;
#445 = FACE_OUTER_BOUND ( 'NONE', #1303, .T. ) ;
#446 = EDGE_CURVE ( 'NONE', #1436, #1569, #1525, .T. ) ;
#447 = ORIENTED_EDGE ( 'NONE', *, *, #2131, .F. ) ;
#448 = CARTESIAN_POINT ( 'NONE',  ( 103.1584062810608060, -29.50000000000000355, -56.01471694911320043 ) ) ;
#449 = ADVANCED_FACE ( 'NONE', ( #2770 ), #275, .T. ) ;
#450 = EDGE_LOOP ( 'NONE', ( #184, #1008, #847, #1163 ) ) ;
#451 = CARTESIAN_POINT ( 'NONE',  ( 115.3476096591112139, 3.130000000000000782, -51.35606460200842349 ) ) ;
#452 = AXIS2_PLACEMENT_3D ( 'NONE', #1794, #1354, #476 ) ;
#453 = ORIENTED_EDGE ( 'NONE', *, *, #1659, .T. ) ;
#454 = DIRECTION ( 'NONE',  ( 0.0000000000000000000, -1.000000000000000000, 0.0000000000000000000 ) ) ;
#455 = CARTESIAN_POINT ( 'NONE',  ( 94.36457371323014343, 0.0000000000000000000, -61.25012022780328635 ) ) ;
#456 = DIRECTION ( 'NONE',  ( 0.0000000000000000000, 0.0000000000000000000, 1.000000000000000000 ) ) ;
#457 = ORIENTED_EDGE ( 'NONE', *, *, #2402, .T. ) ;
#458 = DIRECTION ( 'NONE',  ( -0.9135454576426003115, 0.0000000000000000000, 0.4067366430758014850 ) ) ;
#459 = EDGE_LOOP ( 'NONE', ( #658, #2804, #749, #972, #1057, #373, #2229, #1158, #861, #1585, #1651 ) ) ;
#460 = EDGE_CURVE ( 'NONE', #2087, #974, #2088, .T. ) ;
#461 = CARTESIAN_POINT ( 'NONE',  ( 112.9200857148800168, 0.0000000000000000000, -31.38962596569082919 ) ) ;
#462 = ORIENTED_EDGE ( 'NONE', *, *, #2242, .F. ) ;
#463 = EDGE_CURVE ( 'NONE', #276, #1620, #1490, .T. ) ;
#464 = CARTESIAN_POINT ( 'NONE',  ( 143.9002247066447637, 2.000000000001385114, 42.34058725829364533 ) ) ;
#465 = VERTEX_POINT ( 'NONE', #1732 ) ;
#466 = ADVANCED_FACE ( 'NONE', ( #2228, #958, #991, #1053, #1663, #924, #2596, #2297, #2016, #2185 ), #1957, .F. ) ;
#467 = PLANE ( 'NONE',  #2436 ) ;
#468 = CYLINDRICAL_SURFACE ( 'NONE', #2733, 5.750000000000005329 ) ;
#469 = DIRECTION ( 'NONE',  ( 0.0000000000000000000, 1.000000000000000000, 0.0000000000000000000 ) ) ;
#470 = EDGE_CURVE ( 'NONE', #1367, #1258, #370, .T. ) ;
#471 = FACE_OUTER_BOUND ( 'NONE', #486, .T. ) ;
#472 = CARTESIAN_POINT ( 'NONE',  ( 0.0000000000000000000, -148.0000000000000284, 0.0000000000000000000 ) ) ;
#473 = DIRECTION ( 'NONE',  ( 0.0000000000000000000, -1.000000000000000000, 0.0000000000000000000 ) ) ;
#474 = CIRCLE ( 'NONE', #950, 12.49999999999999645 ) ;
#475 = VECTOR ( 'NONE', #2134, 1000.000000000000000 ) ;
#476 = DIRECTION ( 'NONE',  ( 0.0000000000000000000, 0.0000000000000000000, -1.000000000000000000 ) ) ;
#477 = VERTEX_POINT ( 'NONE', #860 ) ;
#478 = DIRECTION ( 'NONE',  ( -0.0000000000000000000, -1.000000000000000000, -0.0000000000000000000 ) ) ;
#479 = CYLINDRICAL_SURFACE ( 'NONE', #2082, 2.999999999999960920 ) ;
#480 = EDGE_CURVE ( 'NONE', #2845, #2439, #1700, .T. ) ;
#481 = EDGE_LOOP ( 'NONE', ( #166, #1774, #646, #1291 ) ) ;
#482 = VERTEX_POINT ( 'NONE', #1543 ) ;
#483 = ORIENTED_EDGE ( 'NONE', *, *, #663, .T. ) ;
#484 = DIRECTION ( 'NONE',  ( 0.0000000000000000000, -1.000000000000000000, 0.0000000000000000000 ) ) ;
#485 = DIRECTION ( 'NONE',  ( 0.0000000000000000000, 0.0000000000000000000, 1.000000000000000000 ) ) ;
#486 = EDGE_LOOP ( 'NONE', ( #260, #1295, #490, #2618, #1955 ) ) ;
#487 = DIRECTION ( 'NONE',  ( -0.0000000000000000000, 1.000000000000000000, -0.0000000000000000000 ) ) ;
#488 = CARTESIAN_POINT ( 'NONE',  ( 103.1584062810608060, -5.065866525254772768, -56.01471694911320043 ) ) ;
#489 = DIRECTION ( 'NONE',  ( 0.0000000000000000000, -1.000000000000000000, 0.0000000000000000000 ) ) ;
#490 = ORIENTED_EDGE ( 'NONE', *, *, #1422, .F. ) ;
#491 = AXIS2_PLACEMENT_3D ( 'NONE', #2639, #2689, #42 ) ;
#492 = DIRECTION ( 'NONE',  ( 0.0000000000000000000, 0.0000000000000000000, -1.000000000000000000 ) ) ;
#493 = ORIENTED_EDGE ( 'NONE', *, *, #940, .F. ) ;
#494 = DIRECTION ( 'NONE',  ( 0.0000000000000000000, 0.0000000000000000000, -1.000000000000000000 ) ) ;
#495 = VERTEX_POINT ( 'NONE', #2433 ) ;
#496 = DIRECTION ( 'NONE',  ( 0.0000000000000000000, 0.0000000000000000000, 1.000000000000000000 ) ) ;
#497 = EDGE_LOOP ( 'NONE', ( #1289, #1355, #1300, #531 ) ) ;
#498 = EDGE_CURVE ( 'NONE', #2171, #207, #2586, .T. ) ;
#499 = DIRECTION ( 'NONE',  ( 0.0000000000000000000, 0.0000000000000000000, -1.000000000000000000 ) ) ;
#500 = FACE_OUTER_BOUND ( 'NONE', #2826, .T. ) ;
#501 = DIRECTION ( 'NONE',  ( 0.0000000000000000000, 0.0000000000000000000, 1.000000000000000000 ) ) ;
#502 = VECTOR ( 'NONE', #795, 1000.000000000000000 ) ;
#503 = EDGE_CURVE ( 'NONE', #1861, #276, #1157, .T. ) ;
#504 = CARTESIAN_POINT ( 'NONE',  ( 112.9200857148800168, 8.934133474745236114, -40.18962596569082280 ) ) ;
#505 = AXIS2_PLACEMENT_3D ( 'NONE', #993, #567, #1709 ) ;
#506 = CIRCLE ( 'NONE', #969, 1.250000000000042633 ) ;
#507 = SURFACE_SIDE_STYLE ('',( #560 ) ) ;
#508 = VECTOR ( 'NONE', #1050, 1000.000000000000000 ) ;
#509 = CARTESIAN_POINT ( 'NONE',  ( 74.41719144519167628, 6.934133474745236114, -100.4344642909484264 ) ) ;
#510 = AXIS2_PLACEMENT_3D ( 'NONE', #2262, #728, #2048 ) ;
#511 = DIRECTION ( 'NONE',  ( 0.0000000000000000000, 0.0000000000000000000, 1.000000000000000000 ) ) ;
#512 = VECTOR ( 'NONE', #1582, 1000.000000000000114 ) ;
#513 = CARTESIAN_POINT ( 'NONE',  ( 0.0000000000000000000, 12.93413347474523611, 0.0000000000000000000 ) ) ;
#514 = AXIS2_PLACEMENT_3D ( 'NONE', #182, #2333, #2560 ) ;
#515 = CARTESIAN_POINT ( 'NONE',  ( 89.34319410311391607, 11.60058400427237579, 56.42005247285660374 ) ) ;
#516 = VECTOR ( 'NONE', #1059, 1000.000000000000000 ) ;
#517 = VERTEX_POINT ( 'NONE', #700 ) ;
#518 = FACE_OUTER_BOUND ( 'NONE', #1953, .T. ) ;
#519 = CARTESIAN_POINT ( 'NONE',  ( 93.93278808103033839, 0.2901352256137194607, -61.38154283700176705 ) ) ;
#520 = ORIENTED_EDGE ( 'NONE', *, *, #2164, .F. ) ;
#521 = EDGE_CURVE ( 'NONE', #257, #2571, #2261, .T. ) ;
#522 = ORIENTED_EDGE ( 'NONE', *, *, #2108, .F. ) ;
#523 = CARTESIAN_POINT ( 'NONE',  ( 123.7212771709950090, 12.86091878024988233, -81.35553226368038793 ) ) ;
#524 = CARTESIAN_POINT ( 'NONE',  ( 143.9002247066447637, 6.500000000000000000, 42.34058725829364533 ) ) ;
#525 = EDGE_LOOP ( 'NONE', ( #2648, #622 ) ) ;
#526 = EDGE_CURVE ( 'NONE', #2506, #995, #1775, .T. ) ;
#527 = CARTESIAN_POINT ( 'NONE',  ( 93.61281025344703721, 0.4563964711552044862, -61.56641573158822212 ) ) ;
#528 = EDGE_LOOP ( 'NONE', ( #923, #181, #2691, #1233, #613 ) ) ;
#529 = CARTESIAN_POINT ( 'NONE',  ( 115.3476096591112139, 3.129999999999999893, -48.30606460200843344 ) ) ;
#530 = AXIS2_PLACEMENT_3D ( 'NONE', #540, #1200, #332 ) ;
#531 = ORIENTED_EDGE ( 'NONE', *, *, #349, .F. ) ;
#532 = DIRECTION ( 'NONE',  ( -0.0000000000000000000, 1.000000000000000000, -0.0000000000000000000 ) ) ;
#533 = ORIENTED_EDGE ( 'NONE', *, *, #2480, .T. ) ;
#534 = VERTEX_POINT ( 'NONE', #2410 ) ;
#535 = EDGE_CURVE ( 'NONE', #1504, #465, #639, .T. ) ;
#536 = DIRECTION ( 'NONE',  ( 0.0000000000000000000, -0.0000000000000000000, -1.000000000000000000 ) ) ;
#537 = LINE ( 'NONE', #75, #948 ) ;
#538 = CIRCLE ( 'NONE', #46, 1.250000000000042633 ) ;
#539 = LINE ( 'NONE', #315, #512 ) ;
#540 = CARTESIAN_POINT ( 'NONE',  ( 115.3476096591112139, -7.000000000000000000, -51.35606460200842349 ) ) ;
#541 = AXIS2_PLACEMENT_3D ( 'NONE', #1317, #1133, #2440 ) ;
#542 = DIRECTION ( 'NONE',  ( 0.4067366430758014850, -0.0000000000000000000, 0.9135454576426003115 ) ) ;
#543 = FACE_BOUND ( 'NONE', #2366, .T. ) ;
#544 = CARTESIAN_POINT ( 'NONE',  ( 0.0000000000000000000, 12.93413347474523611, 0.0000000000000000000 ) ) ;
#545 = ORIENTED_EDGE ( 'NONE', *, *, #1315, .T. ) ;
#546 = CYLINDRICAL_SURFACE ( 'NONE', #323, 1.850000000000004530 ) ;
#547 = ORIENTED_EDGE ( 'NONE', *, *, #2828, .T. ) ;
#548 = VERTEX_POINT ( 'NONE', #461 ) ;
#549 = VERTEX_POINT ( 'NONE', #2643 ) ;
#550 = DIRECTION ( 'NONE',  ( 0.0000000000000000000, 0.0000000000000000000, 1.000000000000000000 ) ) ;
#551 = CARTESIAN_POINT ( 'NONE',  ( 120.2772830588665727, 8.934133474745236114, -74.45844952824748475 ) ) ;
#552 = ORIENTED_EDGE ( 'NONE', *, *, #1023, .T. ) ;
#553 = EDGE_CURVE ( 'NONE', #2568, #1256, #2393, .T. ) ;
#554 = MECHANICAL_DESIGN_GEOMETRIC_PRESENTATION_REPRESENTATION (  '', ( #2723 ), #998 ) ;
#555 = DIRECTION ( 'NONE',  ( 0.0000000000000000000, 0.0000000000000000000, 1.000000000000000000 ) ) ;
#556 = ORIENTED_EDGE ( 'NONE', *, *, #1755, .T. ) ;
#557 = ORIENTED_EDGE ( 'NONE', *, *, #301, .F. ) ;
#558 = CARTESIAN_POINT ( 'NONE',  ( 89.57920493900704173, 6.500000000000000000, 56.67068062495261671 ) ) ;
#559 = ORIENTED_EDGE ( 'NONE', *, *, #1822, .T. ) ;
#560 = SURFACE_STYLE_FILL_AREA ( #1573 ) ;
#561 = ORIENTED_EDGE ( 'NONE', *, *, #1662, .F. ) ;
#562 = CIRCLE ( 'NONE', #12, 1.850000000000004530 ) ;
#563 = DIRECTION ( 'NONE',  ( 0.0000000000000000000, 0.0000000000000000000, 1.000000000000000000 ) ) ;
#564 = FACE_OUTER_BOUND ( 'NONE', #244, .T. ) ;
#565 = CIRCLE ( 'NONE', #193, 3.049999999999990052 ) ;
#566 = EDGE_CURVE ( 'NONE', #660, #2519, #804, .T. ) ;
#567 = DIRECTION ( 'NONE',  ( 0.0000000000000000000, 1.000000000000000000, 0.0000000000000000000 ) ) ;
#568 = CYLINDRICAL_SURFACE ( 'NONE', #863, 105.0000000000000000 ) ;
#569 = CARTESIAN_POINT ( 'NONE',  ( 127.5368130371616360, -29.50000000000000355, -43.64741225490364940 ) ) ;
#570 = CARTESIAN_POINT ( 'NONE',  ( 87.31502107243998978, 12.93413347474523611, -65.14642272391476752 ) ) ;
#571 = LINE ( 'NONE', #2238, #2081 ) ;
#572 = FACE_OUTER_BOUND ( 'NONE', #1919, .T. ) ;
#573 = AXIS2_PLACEMENT_3D ( 'NONE', #2204, #855, #1079 ) ;
#574 = VERTEX_POINT ( 'NONE', #1311 ) ;
#575 = CIRCLE ( 'NONE', #2671, 12.49999999999999645 ) ;
#576 = CARTESIAN_POINT ( 'NONE',  ( 127.5368130371616360, 8.934133474745236114, -40.59741225490365935 ) ) ;
#577 = ORIENTED_EDGE ( 'NONE', *, *, #55, .F. ) ;
#578 = DIRECTION ( 'NONE',  ( 0.0000000000000000000, -1.000000000000000000, 0.0000000000000000000 ) ) ;
#579 = CARTESIAN_POINT ( 'NONE',  ( 0.0000000000000000000, 12.93413347474523611, 0.0000000000000000000 ) ) ;
#580 = ORIENTED_EDGE ( 'NONE', *, *, #1221, .T. ) ;
#581 = EDGE_CURVE ( 'NONE', #2245, #1462, #1848, .T. ) ;
#582 = ORIENTED_EDGE ( 'NONE', *, *, #1335, .F. ) ;
#583 = DIRECTION ( 'NONE',  ( 0.0000000000000000000, 0.0000000000000000000, -1.000000000000000000 ) ) ;
#584 = ORIENTED_EDGE ( 'NONE', *, *, #1153, .F. ) ;
#585 = EDGE_CURVE ( 'NONE', #207, #693, #642, .T. ) ;
#586 = CARTESIAN_POINT ( 'NONE',  ( 115.3476096591112139, -7.000000000000000000, -54.40606460200841354 ) ) ;
#587 = DIRECTION ( 'NONE',  ( 0.0000000000000000000, 0.0000000000000000000, 1.000000000000000000 ) ) ;
#588 = DIRECTION ( 'NONE',  ( 0.0000000000000000000, 0.0000000000000000000, 1.000000000000000000 ) ) ;
#589 = VERTEX_POINT ( 'NONE', #670 ) ;
#590 = AXIS2_PLACEMENT_3D ( 'NONE', #1540, #1140, #676 ) ;
#591 = ORIENTED_EDGE ( 'NONE', *, *, #640, .T. ) ;
#592 = CIRCLE ( 'NONE', #1580, 1.850000000000004530 ) ;
#593 = CARTESIAN_POINT ( 'NONE',  ( 88.87118236610973554, 7.500000000000047962, 55.91880671875669861 ) ) ;
#594 = EDGE_LOOP ( 'NONE', ( #2729, #665, #2479, #279, #322 ) ) ;
#595 = CARTESIAN_POINT ( 'NONE',  ( 0.0000000000000000000, 7.500000000000049738, 0.0000000000000000000 ) ) ;
#596 = CARTESIAN_POINT ( 'NONE',  ( 117.7751336033424110, -33.50000000000000000, -64.32250323832599292 ) ) ;
#597 = CYLINDRICAL_SURFACE ( 'NONE', #2575, 5.049999999999957190 ) ;
#598 = CARTESIAN_POINT ( 'NONE',  ( 110.2353500103694159, -7.065866525254767438, -28.17238704017772122 ) ) ;
#599 = EDGE_CURVE ( 'NONE', #2528, #691, #605, .T. ) ;
#600 = FACE_OUTER_BOUND ( 'NONE', #2565, .T. ) ;
#601 = EDGE_CURVE ( 'NONE', #2408, #534, #2323, .T. ) ;
#602 = CIRCLE ( 'NONE', #1828, 5.750000000000005329 ) ;
#603 = AXIS2_PLACEMENT_3D ( 'NONE', #2314, #1224, #1054 ) ;
#604 = DIRECTION ( 'NONE',  ( 0.0000000000000000000, 1.000000000000000000, 0.0000000000000000000 ) ) ;
#605 = LINE ( 'NONE', #1753, #1123 ) ;
#606 = DIRECTION ( 'NONE',  ( 0.0000000000000000000, 0.0000000000000000000, 1.000000000000000000 ) ) ;
#607 = EDGE_CURVE ( 'NONE', #1438, #135, #2222, .T. ) ;
#608 = VERTEX_POINT ( 'NONE', #1564 ) ;
#609 = VECTOR ( 'NONE', #962, 1000.000000000000000 ) ;
#610 = EDGE_LOOP ( 'NONE', ( #316, #2279 ) ) ;
#611 = ORIENTED_EDGE ( 'NONE', *, *, #2224, .T. ) ;
#612 = ADVANCED_FACE ( 'NONE', ( #2800 ), #2357, .F. ) ;
#613 = ORIENTED_EDGE ( 'NONE', *, *, #317, .T. ) ;
#614 = DIRECTION ( 'NONE',  ( -0.0000000000000000000, 1.000000000000000000, -0.0000000000000000000 ) ) ;
#615 = CARTESIAN_POINT ( 'NONE',  ( 117.7751336033424110, -34.50000000000000000, -65.57250323832603556 ) ) ;
#616 = ADVANCED_FACE ( 'NONE', ( #197 ), #2741, .F. ) ;
#617 = ORIENTED_EDGE ( 'NONE', *, *, #1719, .T. ) ;
#618 = DIRECTION ( 'NONE',  ( 0.0000000000000000000, -1.000000000000000000, 0.0000000000000000000 ) ) ;
#619 = ORIENTED_EDGE ( 'NONE', *, *, #2624, .T. ) ;
#620 = EDGE_CURVE ( 'NONE', #589, #2119, #2427, .T. ) ;
#621 = FILL_AREA_STYLE_COLOUR ( '', #1016 ) ;
#622 = ORIENTED_EDGE ( 'NONE', *, *, #2458, .T. ) ;
#623 = DIRECTION ( 'NONE',  ( 0.0000000000000000000, 0.0000000000000000000, -1.000000000000000000 ) ) ;
#624 = PLANE ( 'NONE',  #1994 ) ;
#625 = CARTESIAN_POINT ( 'NONE',  ( 127.5368130371616360, 0.0000000000000000000, -43.64741225490364940 ) ) ;
#626 = VERTEX_POINT ( 'NONE', #1796 ) ;
#627 = ADVANCED_FACE ( 'NONE', ( #1389, #771 ), #61, .T. ) ;
#628 = ORIENTED_EDGE ( 'NONE', *, *, #585, .F. ) ;
#629 = AXIS2_PLACEMENT_3D ( 'NONE', #2650, #1998, #485 ) ;
#630 = VECTOR ( 'NONE', #2363, 1000.000000000000000 ) ;
#631 = ADVANCED_FACE ( 'NONE', ( #2497 ), #2389, .F. ) ;
#632 = LINE ( 'NONE', #2597, #2250 ) ;
#633 = CARTESIAN_POINT ( 'NONE',  ( 135.8146228243622033, -7.065866525254767438, -39.56101304630018234 ) ) ;
#634 = DIRECTION ( 'NONE',  ( 0.0000000000000000000, 0.0000000000000000000, 1.000000000000000000 ) ) ;
#635 = DIRECTION ( 'NONE',  ( -0.0000000000000000000, -1.000000000000000000, -0.0000000000000000000 ) ) ;
#636 = DIRECTION ( 'NONE',  ( 0.0000000000000000000, 1.000000000000000000, 0.0000000000000000000 ) ) ;
#637 = DIRECTION ( 'NONE',  ( 0.0000000000000000000, 0.0000000000000000000, 1.000000000000000000 ) ) ;
#638 = EDGE_CURVE ( 'NONE', #2159, #1743, #2669, .T. ) ;
#639 = LINE ( 'NONE', #472, #880 ) ;
#640 = EDGE_CURVE ( 'NONE', #1504, #2595, #837, .T. ) ;
#641 = VERTEX_POINT ( 'NONE', #2469 ) ;
#642 = B_SPLINE_CURVE_WITH_KNOTS ( 'NONE', 3,
 ( #6, #1532, #231, #441 ),
 .UNSPECIFIED., .F., .F.,
 ( 4, 4 ),
 ( 0.03251313575358756591, 0.03392606676283780459 ),
 .UNSPECIFIED. ) ;
#643 = CIRCLE ( 'NONE', #1480, 5.049999999999957190 ) ;
#644 = DIRECTION ( 'NONE',  ( 0.0000000000000000000, 1.000000000000000000, 0.0000000000000000000 ) ) ;
#645 = DIRECTION ( 'NONE',  ( 0.0000000000000000000, -0.0000000000000000000, -1.000000000000000000 ) ) ;
#646 = ORIENTED_EDGE ( 'NONE', *, *, #349, .T. ) ;
#647 = ADVANCED_FACE ( 'NONE', ( #238 ), #1908, .T. ) ;
#648 = CARTESIAN_POINT ( 'NONE',  ( 103.1584062810608060, -33.50000000000000000, -59.06471694911319048 ) ) ;
#649 = LINE ( 'NONE', #1973, #2054 ) ;
#650 = DIRECTION ( 'NONE',  ( 0.0000000000000000000, -1.000000000000000000, 0.0000000000000000000 ) ) ;
#651 = AXIS2_PLACEMENT_3D ( 'NONE', #2783, #103, #978 ) ;
#652 = EDGE_LOOP ( 'NONE', ( #2780, #1225, #453, #224 ) ) ;
#653 = CARTESIAN_POINT ( 'NONE',  ( 91.97980669953443567, 12.93413347474523611, -54.66914266308086212 ) ) ;
#654 = ORIENTED_EDGE ( 'NONE', *, *, #2665, .F. ) ;
#655 = AXIS2_PLACEMENT_3D ( 'NONE', #2609, #1290, #2631 ) ;
#656 = CARTESIAN_POINT ( 'NONE',  ( 112.9200857148800168, -34.50000000000000000, -31.38962596569082919 ) ) ;
#657 = CARTESIAN_POINT ( 'NONE',  ( 74.41719144519167628, 6.934133474745236114, -95.18446429094842642 ) ) ;
#658 = ORIENTED_EDGE ( 'NONE', *, *, #1453, .F. ) ;
#659 = ADVANCED_FACE ( 'NONE', ( #543, #1632 ), #967, .T. ) ;
#660 = VERTEX_POINT ( 'NONE', #1183 ) ;
#661 = CARTESIAN_POINT ( 'NONE',  ( 38.54519339465910832, -2.065866525254762998, -97.66917664323950987 ) ) ;
#662 = ORIENTED_EDGE ( 'NONE', *, *, #1369, .T. ) ;
#663 = EDGE_CURVE ( 'NONE', #2512, #43, #1049, .T. ) ;
#664 = ADVANCED_FACE ( 'NONE', ( #2527 ), #2251, .F. ) ;
#665 = ORIENTED_EDGE ( 'NONE', *, *, #1516, .F. ) ;
#666 = B_SPLINE_CURVE_WITH_KNOTS ( 'NONE', 3,
 ( #1597, #1842, #523, #2254 ),
 .UNSPECIFIED., .F., .F.,
 ( 4, 4 ),
 ( 3.075738109733599679E-07, 0.0003130214169298500978 ),
 .UNSPECIFIED. ) ;
#667 = VECTOR ( 'NONE', #614, 1000.000000000000000 ) ;
#668 = EDGE_CURVE ( 'NONE', #47, #177, #1771, .T. ) ;
#669 = VERTEX_POINT ( 'NONE', #529 ) ;
#670 = CARTESIAN_POINT ( 'NONE',  ( 127.5368130371616360, -33.50000000000000000, -42.39741225490360677 ) ) ;
#671 = FACE_OUTER_BOUND ( 'NONE', #107, .T. ) ;
#672 = AXIS2_PLACEMENT_3D ( 'NONE', #2455, #454, #875 ) ;
#673 = DIRECTION ( 'NONE',  ( 0.0000000000000000000, -1.000000000000000000, 0.0000000000000000000 ) ) ;
#674 = CIRCLE ( 'NONE', #2591, 148.0000000000001421 ) ;
#675 = CARTESIAN_POINT ( 'NONE',  ( 115.3179025799882851, 12.93413347474523611, 57.38029858700158314 ) ) ;
#676 = DIRECTION ( 'NONE',  ( 0.0000000000000000000, 0.0000000000000000000, 1.000000000000000000 ) ) ;
#677 = LINE ( 'NONE', #789, #2147 ) ;
#678 = DIRECTION ( 'NONE',  ( -0.0000000000000000000, 1.000000000000000000, -0.0000000000000000000 ) ) ;
#679 = CARTESIAN_POINT ( 'NONE',  ( 143.2446360386334732, 12.86091878024987523, -37.50535029683562271 ) ) ;
#680 = EDGE_CURVE ( 'NONE', #787, #1436, #2459, .T. ) ;
#681 = LINE ( 'NONE', #586, #475 ) ;
#682 = DIRECTION ( 'NONE',  ( -0.0000000000000000000, 1.000000000000000000, -0.0000000000000000000 ) ) ;
#683 = CARTESIAN_POINT ( 'NONE',  ( 112.9200857148800168, -49.49999999999998579, -38.38962596569083985 ) ) ;
#684 = ORIENTED_EDGE ( 'NONE', *, *, #2722, .T. ) ;
#685 = LINE ( 'NONE', #1810, #1494 ) ;
#686 = AXIS2_PLACEMENT_3D ( 'NONE', #172, #1876, #563 ) ;
#687 = ORIENTED_EDGE ( 'NONE', *, *, #2771, .F. ) ;
#688 = FILL_AREA_STYLE_COLOUR ( '', #2313 ) ;
#689 = DIRECTION ( 'NONE',  ( 0.0000000000000000000, -1.000000000000000000, 0.0000000000000000000 ) ) ;
#690 = DIRECTION ( 'NONE',  ( -0.0000000000000000000, 1.000000000000000000, 0.0000000000000000000 ) ) ;
#691 = VERTEX_POINT ( 'NONE', #2694 ) ;
#692 = AXIS2_PLACEMENT_3D ( 'NONE', #2073, #360, #2298 ) ;
#693 = VERTEX_POINT ( 'NONE', #750 ) ;
#694 = CARTESIAN_POINT ( 'NONE',  ( 124.4246830340235590, 12.93413347474523611, -80.14049071401299784 ) ) ;
#695 = CARTESIAN_POINT ( 'NONE',  ( 127.5368130371616360, -34.50000000000000000, -49.39741225490365650 ) ) ;
#696 = ORIENTED_EDGE ( 'NONE', *, *, #1687, .T. ) ;
#697 = DIRECTION ( 'NONE',  ( -0.0000000000000000000, 1.000000000000000000, -0.0000000000000000000 ) ) ;
#698 = ORIENTED_EDGE ( 'NONE', *, *, #2312, .F. ) ;
#699 = EDGE_CURVE ( 'NONE', #1504, #1511, #1219, .T. ) ;
#700 = CARTESIAN_POINT ( 'NONE',  ( 119.0334049005352455, 12.93413347474523611, 87.94912459931182980 ) ) ;
#701 = ORIENTED_EDGE ( 'NONE', *, *, #297, .F. ) ;
#702 = CARTESIAN_POINT ( 'NONE',  ( 74.41719144519167628, -2.000000000000000000, -87.93446429094844063 ) ) ;
#703 = EDGE_CURVE ( 'NONE', #974, #2087, #715, .T. ) ;
#704 = CARTESIAN_POINT ( 'NONE',  ( 120.4265030515405215, 10.93413347471922670, 89.42850419624247138 ) ) ;
#705 = CYLINDRICAL_SURFACE ( 'NONE', #2121, 1.250000000000001110 ) ;
#706 =( LENGTH_UNIT ( ) NAMED_UNIT ( * ) SI_UNIT ( .MILLI., .METRE. ) );
#707 = AXIS2_PLACEMENT_3D ( 'NONE', #288, #2720, #501 ) ;
#708 = LINE ( 'NONE', #912, #122 ) ;
#709 = DIRECTION ( 'NONE',  ( 0.0000000000000000000, 0.0000000000000000000, 1.000000000000000000 ) ) ;
#710 = LINE ( 'NONE', #190, #124 ) ;
#711 = DIRECTION ( 'NONE',  ( 0.0000000000000000000, 1.000000000000000000, -0.0000000000000000000 ) ) ;
#712 = AXIS2_PLACEMENT_3D ( 'NONE', #2451, #478, #897 ) ;
#713 = CIRCLE ( 'NONE', #2653, 2.999999999999968026 ) ;
#714 = PLANE ( 'NONE',  #2336 ) ;
#715 = CIRCLE ( 'NONE', #651, 1.850000000000004530 ) ;
#716 = CARTESIAN_POINT ( 'NONE',  ( 93.51058935264973115, 0.4985547078804968280, -61.64503292992309724 ) ) ;
#717 = VERTEX_POINT ( 'NONE', #91 ) ;
#718 = FACE_OUTER_BOUND ( 'NONE', #1588, .T. ) ;
#719 = EDGE_CURVE ( 'NONE', #50, #1670, #1808, .T. ) ;
#720 = ORIENTED_EDGE ( 'NONE', *, *, #2402, .F. ) ;
#721 = VERTEX_POINT ( 'NONE', #379 ) ;
#722 = DIRECTION ( 'NONE',  ( 0.0000000000000000000, 0.0000000000000000000, -1.000000000000000000 ) ) ;
#723 = DIRECTION ( 'NONE',  ( 0.0000000000000000000, -1.000000000000000000, 0.0000000000000000000 ) ) ;
#724 = ORIENTED_EDGE ( 'NONE', *, *, #186, .F. ) ;
#725 = APPLICATION_PROTOCOL_DEFINITION ( 'draft international standard', 'automotive_design', 1998, #2024 ) ;
#726 = ORIENTED_EDGE ( 'NONE', *, *, #2458, .F. ) ;
#727 = CARTESIAN_POINT ( 'NONE',  ( 106.8383799400784255, 8.934133474745236114, -21.29624075707002717 ) ) ;
#728 = DIRECTION ( 'NONE',  ( 0.0000000000000000000, -1.000000000000000000, 0.0000000000000000000 ) ) ;
#729 = ORIENTED_EDGE ( 'NONE', *, *, #2563, .T. ) ;
#730 = AXIS2_PLACEMENT_3D ( 'NONE', #1515, #2166, #11 ) ;
#731 = ORIENTED_EDGE ( 'NONE', *, *, #37, .F. ) ;
#732 = DIRECTION ( 'NONE',  ( 0.4067366430758014850, -0.0000000000000000000, 0.9135454576426003115 ) ) ;
#733 = ORIENTED_EDGE ( 'NONE', *, *, #2661, .F. ) ;
#734 = ORIENTED_EDGE ( 'NONE', *, *, #2317, .F. ) ;
#735 = EDGE_CURVE ( 'NONE', #1031, #69, #2052, .T. ) ;
#736 = CIRCLE ( 'NONE', #2227, 1.250000000000042633 ) ;
#737 = CARTESIAN_POINT ( 'NONE',  ( 74.41719144519167628, 6.934133474745236114, -100.4344642909484264 ) ) ;
#738 = EDGE_CURVE ( 'NONE', #394, #426, #1283, .T. ) ;
#739 = CARTESIAN_POINT ( 'NONE',  ( 103.7970489400292138, 4.333333712505567092, 30.43354044416926030 ) ) ;
#740 = CIRCLE ( 'NONE', #931, 112.4999999999999858 ) ;
#741 = FACE_OUTER_BOUND ( 'NONE', #1098, .T. ) ;
#742 = DIRECTION ( 'NONE',  ( 0.0000000000000000000, 1.000000000000000000, 0.0000000000000000000 ) ) ;
#743 = FACE_OUTER_BOUND ( 'NONE', #174, .T. ) ;
#744 = CYLINDRICAL_SURFACE ( 'NONE', #2411, 3.049999999999990052 ) ;
#745 = ORIENTED_EDGE ( 'NONE', *, *, #2146, .T. ) ;
#746 = LINE ( 'NONE', #1607, #2190 ) ;
#747 = CARTESIAN_POINT ( 'NONE',  ( 92.92645970061434468, 0.4992977502071893614, -62.52077189740505503 ) ) ;
#748 = DIRECTION ( 'NONE',  ( 0.0000000000000000000, 0.0000000000000000000, 1.000000000000000000 ) ) ;
#749 = ORIENTED_EDGE ( 'NONE', *, *, #902, .T. ) ;
#750 = CARTESIAN_POINT ( 'NONE',  ( 142.8123545899026965, 12.93413347474523611, -38.84110421303613947 ) ) ;
#751 = EDGE_CURVE ( 'NONE', #721, #426, #1190, .T. ) ;
#752 = EDGE_LOOP ( 'NONE', ( #1688, #130 ) ) ;
#753 = CARTESIAN_POINT ( 'NONE',  ( 101.7199885281745537, 6.500000000000000000, 29.81683976929886271 ) ) ;
#754 = ORIENTED_EDGE ( 'NONE', *, *, #735, .F. ) ;
#755 = AXIS2_PLACEMENT_3D ( 'NONE', #1211, #2754, #1426 ) ;
#756 = ORIENTED_EDGE ( 'NONE', *, *, #23, .T. ) ;
#757 = AXIS2_PLACEMENT_3D ( 'NONE', #1147, #1809, #282 ) ;
#758 = VERTEX_POINT ( 'NONE', #576 ) ;
#759 = DIRECTION ( 'NONE',  ( 0.0000000000000000000, -1.000000000000000000, 0.0000000000000000000 ) ) ;
#760 = ORIENTED_EDGE ( 'NONE', *, *, #833, .T. ) ;
#761 = ORIENTED_EDGE ( 'NONE', *, *, #2020, .T. ) ;
#762 = DIRECTION ( 'NONE',  ( -0.0000000000000000000, -1.000000000000000000, -0.0000000000000000000 ) ) ;
#763 = EDGE_CURVE ( 'NONE', #43, #2779, #681, .T. ) ;
#764 = CARTESIAN_POINT ( 'NONE',  ( 112.9200857148800168, -34.50000000000000000, -40.13962596569084695 ) ) ;
#765 = FACE_OUTER_BOUND ( 'NONE', #2443, .T. ) ;
#766 = DIRECTION ( 'NONE',  ( 0.0000000000000000000, 0.0000000000000000000, 1.000000000000000000 ) ) ;
#767 = CIRCLE ( 'NONE', #1975, 5.750000000000005329 ) ;
#768 = PLANE ( 'NONE',  #1883 ) ;
#769 = CIRCLE ( 'NONE', #1018, 3.000000000000009770 ) ;
#770 = DIRECTION ( 'NONE',  ( 0.0000000000000000000, 0.0000000000000000000, 1.000000000000000000 ) ) ;
#771 = FACE_OUTER_BOUND ( 'NONE', #2071, .T. ) ;
#772 = ORIENTED_EDGE ( 'NONE', *, *, #401, .T. ) ;
#773 = FACE_OUTER_BOUND ( 'NONE', #1096, .T. ) ;
#774 = DIRECTION ( 'NONE',  ( 0.0000000000000000000, 0.0000000000000000000, 1.000000000000000000 ) ) ;
#775 = DIRECTION ( 'NONE',  ( -0.0000000000000000000, 1.000000000000000000, -0.0000000000000000000 ) ) ;
#776 = EDGE_LOOP ( 'NONE', ( #1583, #216, #1609, #611 ) ) ;
#777 = CIRCLE ( 'NONE', #273, 3.049999999999990052 ) ;
#778 = EDGE_CURVE ( 'NONE', #1462, #2245, #2149, .T. ) ;
#779 = ORIENTED_EDGE ( 'NONE', *, *, #201, .F. ) ;
#780 = CARTESIAN_POINT ( 'NONE',  ( 143.3801982457824238, 8.934133474745236114, -37.56570648010208657 ) ) ;
#781 = DIRECTION ( 'NONE',  ( 0.0000000000000000000, -1.000000000000000000, 0.0000000000000000000 ) ) ;
#782 = VERTEX_POINT ( 'NONE', #596 ) ;
#783 = CARTESIAN_POINT ( 'NONE',  ( 117.7751336033424110, -29.50000000000000355, -65.57250323832603556 ) ) ;
#784 = EDGE_CURVE ( 'NONE', #2263, #758, #1981, .T. ) ;
#785 = DIRECTION ( 'NONE',  ( 0.0000000000000000000, 0.0000000000000000000, 1.000000000000000000 ) ) ;
#786 = EDGE_LOOP ( 'NONE', ( #2434, #1968 ) ) ;
#787 = VERTEX_POINT ( 'NONE', #2113 ) ;
#788 = AXIS2_PLACEMENT_3D ( 'NONE', #1967, #1085, #2839 ) ;
#789 = CARTESIAN_POINT ( 'NONE',  ( 88.87118236610973554, 12.93413347474523611, 55.91880671875669861 ) ) ;
#790 = ORIENTED_EDGE ( 'NONE', *, *, #1662, .T. ) ;
#791 = SHAPE_DEFINITION_REPRESENTATION ( #936, #1351 ) ;
#792 = AXIS2_PLACEMENT_3D ( 'NONE', #569, #338, #555 ) ;
#793 = DIRECTION ( 'NONE',  ( 0.0000000000000000000, 0.0000000000000000000, -1.000000000000000000 ) ) ;
#794 = VERTEX_POINT ( 'NONE', #169 ) ;
#795 = DIRECTION ( 'NONE',  ( -0.0000000000000000000, -1.000000000000000000, -0.0000000000000000000 ) ) ;
#796 = DIRECTION ( 'NONE',  ( 0.0000000000000000000, 0.0000000000000000000, -1.000000000000000000 ) ) ;
#797 = ORIENTED_EDGE ( 'NONE', *, *, #703, .T. ) ;
#798 = CIRCLE ( 'NONE', #2634, 112.4999999999999858 ) ;
#799 = EDGE_CURVE ( 'NONE', #2155, #1758, #1566, .T. ) ;
#800 = VECTOR ( 'NONE', #121, 1000.000000000000000 ) ;
#801 = DIRECTION ( 'NONE',  ( -0.0000000000000000000, -1.000000000000000000, -0.0000000000000000000 ) ) ;
#802 = DIRECTION ( 'NONE',  ( -0.0000000000000000000, 1.000000000000000000, -0.0000000000000000000 ) ) ;
#803 = CIRCLE ( 'NONE', #1970, 5.750000000000005329 ) ;
#804 = LINE ( 'NONE', #1097, #1253 ) ;
#805 = DIRECTION ( 'NONE',  ( 0.9135454576426002005, -0.0000000000000000000, -0.4067366430758015960 ) ) ;
#806 = ADVANCED_FACE ( 'NONE', ( #989 ), #307, .F. ) ;
#807 = AXIS2_PLACEMENT_3D ( 'NONE', #615, #387, #378 ) ;
#808 = ORIENTED_EDGE ( 'NONE', *, *, #2716, .T. ) ;
#809 = ORIENTED_EDGE ( 'NONE', *, *, #2131, .T. ) ;
#810 = CARTESIAN_POINT ( 'NONE',  ( 127.5368130371616360, -5.065866525254772768, -40.59741225490365935 ) ) ;
#811 = VERTEX_POINT ( 'NONE', #2343 ) ;
#812 = DIRECTION ( 'NONE',  ( 0.0000000000000000000, 0.0000000000000000000, 1.000000000000000000 ) ) ;
#813 = ORIENTED_EDGE ( 'NONE', *, *, #2146, .F. ) ;
#814 = EDGE_CURVE ( 'NONE', #40, #1105, #2426, .T. ) ;
#815 = DIRECTION ( 'NONE',  ( 0.0000000000000000000, 0.0000000000000000000, 1.000000000000000000 ) ) ;
#816 = EDGE_LOOP ( 'NONE', ( #2621, #1069 ) ) ;
#817 = CARTESIAN_POINT ( 'NONE',  ( 135.8146228243622033, 8.934133474745236114, -37.71101304630018092 ) ) ;
#818 = ORIENTED_EDGE ( 'NONE', *, *, #223, .F. ) ;
#819 = AXIS2_PLACEMENT_3D ( 'NONE', #152, #2768, #1033 ) ;
#820 = CARTESIAN_POINT ( 'NONE',  ( 74.41719144519167628, -2.065866525254762998, -97.43446429094842642 ) ) ;
#821 = CARTESIAN_POINT ( 'NONE',  ( 115.3476096591112139, -7.000000000000000000, -56.40606460200840644 ) ) ;
#822 = ADVANCED_FACE ( 'NONE', ( #1321 ), #1020, .F. ) ;
#823 = DIRECTION ( 'NONE',  ( 0.0000000000000000000, 0.0000000000000000000, -1.000000000000000000 ) ) ;
#824 = VERTEX_POINT ( 'NONE', #1468 ) ;
#825 = AXIS2_PLACEMENT_3D ( 'NONE', #270, #1603, #299 ) ;
#826 = EDGE_LOOP ( 'NONE', ( #170, #462 ) ) ;
#827 = CARTESIAN_POINT ( 'NONE',  ( 117.7751336033424110, -34.50000000000000000, -59.82250323832607819 ) ) ;
#828 = EDGE_LOOP ( 'NONE', ( #2196, #2412, #1811, #29, #939, #2128, #1865, #2652 ) ) ;
#829 = CARTESIAN_POINT ( 'NONE',  ( 112.9200857148800168, -34.50000000000000000, -37.13962596569083274 ) ) ;
#830 = CIRCLE ( 'NONE', #757, 1.850000000000004530 ) ;
#831 = LINE ( 'NONE', #702, #18 ) ;
#832 = ADVANCED_FACE ( 'NONE', ( #57 ), #2085, .F. ) ;
#833 = EDGE_CURVE ( 'NONE', #1529, #1615, #921, .T. ) ;
#834 = FACE_BOUND ( 'NONE', #1124, .T. ) ;
#835 = AXIS2_PLACEMENT_3D ( 'NONE', #1298, #436, #2606 ) ;
#836 = CARTESIAN_POINT ( 'NONE',  ( 0.0000000000000000000, 12.93413347474523611, 0.0000000000000000000 ) ) ;
#837 = CIRCLE ( 'NONE', #93, 148.0000000000000284 ) ;
#838 = ADVANCED_FACE ( 'NONE', ( #402, #1486 ), #2373, .T. ) ;
#839 = DIRECTION ( 'NONE',  ( 0.0000000000000000000, 0.0000000000000000000, -1.000000000000000000 ) ) ;
#840 = DIRECTION ( 'NONE',  ( 0.0000000000000000000, 0.0000000000000000000, -1.000000000000000000 ) ) ;
#841 = AXIS2_PLACEMENT_3D ( 'NONE', #1025, #2791, #2157 ) ;
#842 = ORIENTED_EDGE ( 'NONE', *, *, #1959, .F. ) ;
#843 = VECTOR ( 'NONE', #1292, 1000.000000000000000 ) ;
#844 = ORIENTED_EDGE ( 'NONE', *, *, #2040, .T. ) ;
#845 = EDGE_LOOP ( 'NONE', ( #2337, #1062, #2820, #2397 ) ) ;
#846 = AXIS2_PLACEMENT_3D ( 'NONE', #966, #1395, #306 ) ;
#847 = ORIENTED_EDGE ( 'NONE', *, *, #1170, .T. ) ;
#848 = DIRECTION ( 'NONE',  ( -0.0000000000000000000, 1.000000000000000000, -0.0000000000000000000 ) ) ;
#849 = CARTESIAN_POINT ( 'NONE',  ( 103.1584062810608060, -29.50000000000000355, -59.06471694911319048 ) ) ;
#850 = DIRECTION ( 'NONE',  ( 0.0000000000000000000, -1.000000000000000000, 0.0000000000000000000 ) ) ;
#851 = ORIENTED_EDGE ( 'NONE', *, *, #2740, .T. ) ;
#852 = CARTESIAN_POINT ( 'NONE',  ( 74.41719144519167628, -2.000000000000000000, -100.4344642909484264 ) ) ;
#853 = ORIENTED_EDGE ( 'NONE', *, *, #1759, .F. ) ;
#854 = EDGE_CURVE ( 'NONE', #1638, #2447, #271, .T. ) ;
#855 = DIRECTION ( 'NONE',  ( 0.0000000000000000000, 1.000000000000000000, 0.0000000000000000000 ) ) ;
#856 = ORIENTED_EDGE ( 'NONE', *, *, #959, .T. ) ;
#857 = B_SPLINE_CURVE_WITH_KNOTS ( 'NONE', 3,
 ( #1393, #109, #2289, #2055, #1167, #2258, #303, #983, #296, #1825, #2514, #86, #1836, #2739, #1402, #2486, #2045, #1854 ),
 .UNSPECIFIED., .F., .F.,
 ( 4, 2, 2, 2, 2, 2, 2, 2, 4 ),
 ( 3.364519135105995367E-07, 0.0004024792444395813352, 0.0008046220369656520649, 0.001206764829491722849, 0.001608907622017793524, 0.002011050414543864417, 0.002413193207069935092, 0.002815335999596005768, 0.003217478792122076443 ),
 .UNSPECIFIED. ) ;
#858 = CARTESIAN_POINT ( 'NONE',  ( 74.41719144519167628, 12.93413347474523611, -105.6844642909484406 ) ) ;
#859 = EDGE_LOOP ( 'NONE', ( #1986, #2776, #290, #1897 ) ) ;
#860 = CARTESIAN_POINT ( 'NONE',  ( 88.87118236610973554, 10.93413347474518993, 55.91880671875669861 ) ) ;
#861 = ORIENTED_EDGE ( 'NONE', *, *, #1734, .F. ) ;
#862 = FACE_OUTER_BOUND ( 'NONE', #1229, .T. ) ;
#863 = AXIS2_PLACEMENT_3D ( 'NONE', #112, #104, #793 ) ;
#864 = CARTESIAN_POINT ( 'NONE',  ( 112.9200857148800168, -33.50000000000000000, -34.13962596569082564 ) ) ;
#865 = ORIENTED_EDGE ( 'NONE', *, *, #1458, .F. ) ;
#866 =( LENGTH_UNIT ( ) NAMED_UNIT ( * ) SI_UNIT ( .MILLI., .METRE. ) );
#867 = ADVANCED_FACE ( 'NONE', ( #1421 ), #744, .F. ) ;
#868 = VECTOR ( 'NONE', #1113, 1000.000000000000000 ) ;
#869 = DIRECTION ( 'NONE',  ( -0.0000000000000000000, 1.000000000000000000, -0.0000000000000000000 ) ) ;
#870 = CARTESIAN_POINT ( 'NONE',  ( 112.9200857148800168, -34.50000000000000000, -37.13962596569083274 ) ) ;
#871 = ADVANCED_FACE ( 'NONE', ( #164, #302 ), #1271, .T. ) ;
#872 = DIRECTION ( 'NONE',  ( 0.0000000000000000000, 0.0000000000000000000, 1.000000000000000000 ) ) ;
#873 = DIRECTION ( 'NONE',  ( 0.0000000000000000000, 0.0000000000000000000, -1.000000000000000000 ) ) ;
#874 = EDGE_CURVE ( 'NONE', #2746, #1202, #2293, .T. ) ;
#875 = DIRECTION ( 'NONE',  ( 0.0000000000000000000, -0.0000000000000000000, -1.000000000000000000 ) ) ;
#876 = CIRCLE ( 'NONE', #1002, 1.250000000000001110 ) ;
#877 = CARTESIAN_POINT ( 'NONE',  ( 141.9829435731390959, 1.062973360872072104E-15, 41.77132670034317385 ) ) ;
#878 = EDGE_CURVE ( 'NONE', #2813, #5, #1318, .T. ) ;
#879 = B_SPLINE_CURVE_WITH_KNOTS ( 'NONE', 3,
 ( #704, #2012, #922, #955 ),
 .UNSPECIFIED., .F., .F.,
 ( 4, 4 ),
 ( 2.850878141378863016E-07, 0.002851475444534125672 ),
 .UNSPECIFIED. ) ;
#880 = VECTOR ( 'NONE', #1577, 1000.000000000000114 ) ;
#881 = CARTESIAN_POINT ( 'NONE',  ( 120.4265030515405215, 10.93413347471922670, 89.42850419624247138 ) ) ;
#882 = DIRECTION ( 'NONE',  ( -0.0000000000000000000, 1.000000000000000000, -0.0000000000000000000 ) ) ;
#883 = DIRECTION ( 'NONE',  ( -0.0000000000000000000, 1.000000000000000000, -0.0000000000000000000 ) ) ;
#884 = ORIENTED_EDGE ( 'NONE', *, *, #74, .T. ) ;
#885 = CARTESIAN_POINT ( 'NONE',  ( 103.1584062810608060, -49.49999999999998579, -57.81471694911319048 ) ) ;
#886 = CYLINDRICAL_SURFACE ( 'NONE', #2044, 1.250000000000001110 ) ;
#887 = DIRECTION ( 'NONE',  ( -0.0000000000000000000, 1.000000000000000000, -0.0000000000000000000 ) ) ;
#888 = AXIS2_PLACEMENT_3D ( 'NONE', #1645, #1872, #1403 ) ;
#889 = ORIENTED_EDGE ( 'NONE', *, *, #313, .F. ) ;
#890 = DIRECTION ( 'NONE',  ( -0.0000000000000000000, 1.000000000000000000, -0.0000000000000000000 ) ) ;
#891 = CARTESIAN_POINT ( 'NONE',  ( 54.33036783247190016, 0.0000000000000000000, -137.6670299352329039 ) ) ;
#892 = EDGE_LOOP ( 'NONE', ( #1230, #1951 ) ) ;
#893 = CARTESIAN_POINT ( 'NONE',  ( 127.5368130371616360, -33.50000000000000000, -43.64741225490364940 ) ) ;
#894 = VERTEX_POINT ( 'NONE', #1094 ) ;
#895 = CARTESIAN_POINT ( 'NONE',  ( 117.7751336033424110, -33.50000000000000000, -68.57250323832599292 ) ) ;
#896 = EDGE_CURVE ( 'NONE', #1777, #1958, #474, .T. ) ;
#897 = DIRECTION ( 'NONE',  ( 0.0000000000000000000, 0.0000000000000000000, 1.000000000000000000 ) ) ;
#898 = CARTESIAN_POINT ( 'NONE',  ( 106.8383799400784255, 8.934133474745236114, -21.29624075707002717 ) ) ;
#899 = ORIENTED_EDGE ( 'NONE', *, *, #1534, .F. ) ;
#900 = DIRECTION ( 'NONE',  ( 0.0000000000000000000, 0.0000000000000000000, 1.000000000000000000 ) ) ;
#901 = ORIENTED_EDGE ( 'NONE', *, *, #1175, .F. ) ;
#902 = EDGE_CURVE ( 'NONE', #2711, #1511, #1086, .T. ) ;
#903 = DIRECTION ( 'NONE',  ( -0.0000000000000000000, 1.000000000000000000, -0.0000000000000000000 ) ) ;
#904 = AXIS2_PLACEMENT_3D ( 'NONE', #551, #2084, #1637 ) ;
#905 = ORIENTED_EDGE ( 'NONE', *, *, #446, .T. ) ;
#906 = FACE_OUTER_BOUND ( 'NONE', #1413, .T. ) ;
#907 = CARTESIAN_POINT ( 'NONE',  ( 90.28678715892846185, 12.93413347474523611, 57.42208690493892931 ) ) ;
#908 = AXIS2_PLACEMENT_3D ( 'NONE', #2725, #1642, #123 ) ;
#909 = CARTESIAN_POINT ( 'NONE',  ( 127.5368130371616360, -34.50000000000000000, -37.89741225490364229 ) ) ;
#910 = DIRECTION ( 'NONE',  ( -0.0000000000000000000, 1.000000000000000000, -0.0000000000000000000 ) ) ;
#911 = CYLINDRICAL_SURFACE ( 'NONE', #913, 150.0000000000000568 ) ;
#912 = CARTESIAN_POINT ( 'NONE',  ( 115.3179025799882851, -15.06586652525476389, 57.38029858700158314 ) ) ;
#913 = AXIS2_PLACEMENT_3D ( 'NONE', #513, #272, #1379 ) ;
#914 = DIRECTION ( 'NONE',  ( 0.0000000000000000000, -0.0000000000000000000, -1.000000000000000000 ) ) ;
#915 = FACE_BOUND ( 'NONE', #1132, .T. ) ;
#916 = CARTESIAN_POINT ( 'NONE',  ( 74.41719144519167628, -2.000000000000000000, -100.4344642909484264 ) ) ;
#917 = FACE_BOUND ( 'NONE', #221, .T. ) ;
#918 = DIRECTION ( 'NONE',  ( -0.0000000000000000000, 1.000000000000000000, -0.0000000000000000000 ) ) ;
#919 = CARTESIAN_POINT ( 'NONE',  ( 117.7751336033424110, -33.50000000000000000, -65.57250323832603556 ) ) ;
#920 = EDGE_CURVE ( 'NONE', #691, #1885, #602, .T. ) ;
#921 = CIRCLE ( 'NONE', #788, 2.999999999999960920 ) ;
#922 = CARTESIAN_POINT ( 'NONE',  ( 119.4978208533276955, 12.26754077415956168, 88.44230412478493975 ) ) ;
#923 = ORIENTED_EDGE ( 'NONE', *, *, #127, .F. ) ;
#924 = FACE_BOUND ( 'NONE', #2675, .T. ) ;
#925 = EDGE_LOOP ( 'NONE', ( #1001, #283, #2743, #2688 ) ) ;
#926 = ORIENTED_EDGE ( 'NONE', *, *, #1822, .F. ) ;
#927 = DIRECTION ( 'NONE',  ( -0.0000000000000000000, 1.000000000000000000, -0.0000000000000000000 ) ) ;
#928 = CARTESIAN_POINT ( 'NONE',  ( 112.9200857148800168, 8.934133474745236114, -37.13962596569083274 ) ) ;
#929 = ORIENTED_EDGE ( 'NONE', *, *, #2771, .T. ) ;
#930 = DIRECTION ( 'NONE',  ( -0.0000000000000000000, 1.000000000000000000, -0.0000000000000000000 ) ) ;
#931 = AXIS2_PLACEMENT_3D ( 'NONE', #2620, #208, #634 ) ;
#932 = EDGE_LOOP ( 'NONE', ( #1470, #105, #218, #745, #1404, #2194, #2707, #929, #1341, #386, #2277, #1740, #2611, #2378, #1401, #591 ) ) ;
#933 = CARTESIAN_POINT ( 'NONE',  ( 127.5368130371616360, -34.50000000000000000, -43.64741225490364940 ) ) ;
#934 = DIRECTION ( 'NONE',  ( 0.0000000000000000000, 0.0000000000000000000, 1.000000000000000000 ) ) ;
#935 = ORIENTED_EDGE ( 'NONE', *, *, #1512, .F. ) ;
#936 = PRODUCT_DEFINITION_SHAPE ( 'NONE', 'NONE',  #2077 ) ;
#937 = CARTESIAN_POINT ( 'NONE',  ( 127.5368130371616360, 0.0000000000000000000, -49.39741225490365650 ) ) ;
#938 = DIRECTION ( 'NONE',  ( 0.0000000000000000000, 1.000000000000000000, 0.0000000000000000000 ) ) ;
#939 = ORIENTED_EDGE ( 'NONE', *, *, #1405, .F. ) ;
#940 = EDGE_CURVE ( 'NONE', #2823, #203, #2115, .T. ) ;
#941 = CARTESIAN_POINT ( 'NONE',  ( 103.1584062810608060, -34.50000000000000000, -53.31471694911319048 ) ) ;
#942 = ORIENTED_EDGE ( 'NONE', *, *, #2544, .F. ) ;
#943 = DIRECTION ( 'NONE',  ( -0.0000000000000000000, 1.000000000000000000, -0.0000000000000000000 ) ) ;
#944 = EDGE_CURVE ( 'NONE', #2568, #2155, #803, .T. ) ;
#945 = ORIENTED_EDGE ( 'NONE', *, *, #2168, .F. ) ;
#946 = AXIS2_PLACEMENT_3D ( 'NONE', #1648, #1064, #343 ) ;
#947 = VECTOR ( 'NONE', #542, 1000.000000000000000 ) ;
#948 = VECTOR ( 'NONE', #2285, 1000.000000000000000 ) ;
#949 = CARTESIAN_POINT ( 'NONE',  ( 0.0000000000000000000, 0.0000000000000000000, 0.0000000000000000000 ) ) ;
#950 = AXIS2_PLACEMENT_3D ( 'NONE', #2811, #2598, #196 ) ;
#951 = DIRECTION ( 'NONE',  ( -0.0000000000000000000, -1.000000000000000000, -0.0000000000000000000 ) ) ;
#952 = FACE_OUTER_BOUND ( 'NONE', #1605, .T. ) ;
#953 = FACE_OUTER_BOUND ( 'NONE', #2576, .T. ) ;
#954 = AXIS2_PLACEMENT_3D ( 'NONE', #347, #2097, #785 ) ;
#955 = CARTESIAN_POINT ( 'NONE',  ( 119.0334049005352455, 12.93413347474523611, 87.94912459931182980 ) ) ;
#956 = CYLINDRICAL_SURFACE ( 'NONE', #1268, 5.749999999999949374 ) ;
#957 = CARTESIAN_POINT ( 'NONE',  ( 93.02211753872560962, 0.5566502378279690744, -62.27532200862564338 ) ) ;
#958 = FACE_BOUND ( 'NONE', #1678, .T. ) ;
#959 = EDGE_CURVE ( 'NONE', #189, #67, #2220, .T. ) ;
#960 = VERTEX_POINT ( 'NONE', #429 ) ;
#961 = FACE_OUTER_BOUND ( 'NONE', #1501, .T. ) ;
#962 = DIRECTION ( 'NONE',  ( -0.0000000000000000000, 1.000000000000000000, -0.0000000000000000000 ) ) ;
#963 = EDGE_LOOP ( 'NONE', ( #2748, #1942, #1007, #2538 ) ) ;
#964 = AXIS2_PLACEMENT_3D ( 'NONE', #2021, #723, #914 ) ;
#965 = ORIENTED_EDGE ( 'NONE', *, *, #1857, .T. ) ;
#966 = CARTESIAN_POINT ( 'NONE',  ( 100.7613450380927276, -6.500000000000000000, 29.53220862235707145 ) ) ;
#967 = PLANE ( 'NONE',  #510 ) ;
#968 = ORIENTED_EDGE ( 'NONE', *, *, #751, .T. ) ;
#969 = AXIS2_PLACEMENT_3D ( 'NONE', #2065, #144, #1644 ) ;
#970 = ORIENTED_EDGE ( 'NONE', *, *, #1940, .T. ) ;
#971 = CARTESIAN_POINT ( 'NONE',  ( 115.3476096591112139, 35.50000000000001421, -46.30606460200846186 ) ) ;
#972 = ORIENTED_EDGE ( 'NONE', *, *, #1077, .F. ) ;
#973 = DIRECTION ( 'NONE',  ( 0.0000000000000000000, 1.000000000000000000, 0.0000000000000000000 ) ) ;
#974 = VERTEX_POINT ( 'NONE', #2219 ) ;
#975 = EDGE_CURVE ( 'NONE', #1359, #1460, #1695, .T. ) ;
#976 = DIRECTION ( 'NONE',  ( 0.0000000000000000000, 0.0000000000000000000, 1.000000000000000000 ) ) ;
#977 = FACE_OUTER_BOUND ( 'NONE', #1337, .T. ) ;
#978 = DIRECTION ( 'NONE',  ( 0.0000000000000000000, 0.0000000000000000000, 1.000000000000000000 ) ) ;
#979 = ORIENTED_EDGE ( 'NONE', *, *, #108, .T. ) ;
#980 = AXIS2_PLACEMENT_3D ( 'NONE', #1686, #161, #2127 ) ;
#981 = DIRECTION ( 'NONE',  ( 0.0000000000000000000, -1.000000000000000000, 0.0000000000000000000 ) ) ;
#982 = FACE_OUTER_BOUND ( 'NONE', #2099, .T. ) ;
#983 = CARTESIAN_POINT ( 'NONE',  ( 108.5241075038728695, 0.5564552903487650637, -27.45709291125118412 ) ) ;
#984 = VECTOR ( 'NONE', #1982, 1000.000000000000000 ) ;
#985 = CARTESIAN_POINT ( 'NONE',  ( 112.9200857148800168, -29.50000000000000355, -37.13962596569083274 ) ) ;
#986 = CARTESIAN_POINT ( 'NONE',  ( 117.7751336033424110, -34.50000000000000000, -68.57250323832599292 ) ) ;
#987 = CYLINDRICAL_SURFACE ( 'NONE', #1127, 5.250000000000004441 ) ;
#988 = CARTESIAN_POINT ( 'NONE',  ( 105.8741089673957134, 2.166667023930984648, 31.05024100488115124 ) ) ;
#989 = FACE_OUTER_BOUND ( 'NONE', #256, .T. ) ;
#990 = ORIENTED_EDGE ( 'NONE', *, *, #620, .F. ) ;
#991 = FACE_BOUND ( 'NONE', #2327, .T. ) ;
#992 = CARTESIAN_POINT ( 'NONE',  ( 103.1584062810608060, 0.0000000000000000000, -53.31471694911319048 ) ) ;
#993 = CARTESIAN_POINT ( 'NONE',  ( 135.8146228243622033, 0.0000000000000000000, -39.56101304630018234 ) ) ;
#994 = ORIENTED_EDGE ( 'NONE', *, *, #2224, .F. ) ;
#995 = VERTEX_POINT ( 'NONE', #895 ) ;
#996 = CARTESIAN_POINT ( 'NONE',  ( 143.3801982457824238, 8.934133474745236114, -37.56570648010208657 ) ) ;
#997 = EDGE_CURVE ( 'NONE', #995, #2506, #2837, .T. ) ;
#998 =( GEOMETRIC_REPRESENTATION_CONTEXT ( 3 ) GLOBAL_UNCERTAINTY_ASSIGNED_CONTEXT ( ( #1571 ) ) GLOBAL_UNIT_ASSIGNED_CONTEXT ( ( #2257, #2248, #266 ) ) REPRESENTATION_CONTEXT ( 'NONE', 'WORKASPACE' ) );
#999 = ORIENTED_EDGE ( 'NONE', *, *, #1294, .F. ) ;
#1000 = CARTESIAN_POINT ( 'NONE',  ( 74.41719144519167628, -2.000000000000000000, -112.9344642909484264 ) ) ;
#1001 = ORIENTED_EDGE ( 'NONE', *, *, #114, .F. ) ;
#1002 = AXIS2_PLACEMENT_3D ( 'NONE', #88, #938, #1804 ) ;
#1003 = CARTESIAN_POINT ( 'NONE',  ( 127.5368130371616360, -34.50000000000000000, -43.64741225490364940 ) ) ;
#1004 = ORIENTED_EDGE ( 'NONE', *, *, #920, .T. ) ;
#1005 = AXIS2_PLACEMENT_3D ( 'NONE', #291, #1174, #1155 ) ;
#1006 = DIRECTION ( 'NONE',  ( -0.0000000000000000000, -1.000000000000000000, -0.0000000000000000000 ) ) ;
#1007 = ORIENTED_EDGE ( 'NONE', *, *, #2844, .T. ) ;
#1008 = ORIENTED_EDGE ( 'NONE', *, *, #114, .T. ) ;
#1009 = ORIENTED_EDGE ( 'NONE', *, *, #2205, .F. ) ;
#1010 = DIRECTION ( 'NONE',  ( -0.0000000000000000000, 1.000000000000000000, -0.0000000000000000000 ) ) ;
#1011 = EDGE_CURVE ( 'NONE', #2159, #2787, #571, .T. ) ;
#1012 = CYLINDRICAL_SURFACE ( 'NONE', #1483, 3.000000000000009770 ) ;
#1013 = VECTOR ( 'NONE', #2278, 1000.000000000000114 ) ;
#1014 = DIRECTION ( 'NONE',  ( 0.0000000000000000000, 0.0000000000000000000, -1.000000000000000000 ) ) ;
#1015 = DIRECTION ( 'NONE',  ( 1.776356839400250465E-15, 0.0000000000000000000, 1.000000000000000000 ) ) ;
#1016 = COLOUR_RGB ( '',0.7921568627450980005, 0.8196078431372548767, 0.9333333333333333481 ) ;
#1017 = DIRECTION ( 'NONE',  ( 0.9135454576426002005, -0.0000000000000000000, -0.4067366430758015960 ) ) ;
#1018 = AXIS2_PLACEMENT_3D ( 'NONE', #1707, #2555, #1260 ) ;
#1019 = FACE_OUTER_BOUND ( 'NONE', #2015, .T. ) ;
#1020 = PLANE ( 'NONE',  #2213 ) ;
#1021 = VERTEX_POINT ( 'NONE', #448 ) ;
#1022 = LINE ( 'NONE', #1780, #1882 ) ;
#1023 = EDGE_CURVE ( 'NONE', #669, #2779, #1523, .T. ) ;
#1024 = VERTEX_POINT ( 'NONE', #1552 ) ;
#1025 = CARTESIAN_POINT ( 'NONE',  ( 112.9200857148800168, -33.50000000000000000, -37.13962596569083274 ) ) ;
#1026 = ORIENTED_EDGE ( 'NONE', *, *, #297, .T. ) ;
#1027 = CARTESIAN_POINT ( 'NONE',  ( 117.7751336033424110, -29.50000000000000355, -66.82250323832607819 ) ) ;
#1028 = EDGE_CURVE ( 'NONE', #1105, #1060, #1187, .T. ) ;
#1029 = DIRECTION ( 'NONE',  ( 0.0000000000000000000, 0.0000000000000000000, 1.000000000000000000 ) ) ;
#1030 = DIRECTION ( 'NONE',  ( 0.0000000000000000000, 0.0000000000000000000, 1.000000000000000000 ) ) ;
#1031 = VERTEX_POINT ( 'NONE', #1978 ) ;
#1032 = ADVANCED_FACE ( 'NONE', ( #743 ), #987, .F. ) ;
#1033 = DIRECTION ( 'NONE',  ( 0.0000000000000000000, 0.0000000000000000000, -1.000000000000000000 ) ) ;
#1034 = ORIENTED_EDGE ( 'NONE', *, *, #2602, .F. ) ;
#1035 = AXIS2_PLACEMENT_3D ( 'NONE', #1636, #2545, #550 ) ;
#1036 = CARTESIAN_POINT ( 'NONE',  ( 115.3476096591112139, 0.0000000000000000000, -56.40606460200837802 ) ) ;
#1037 = EDGE_LOOP ( 'NONE', ( #32, #2534 ) ) ;
#1038 = ORIENTED_EDGE ( 'NONE', *, *, #246, .T. ) ;
#1039 = LINE ( 'NONE', #2047, #1472 ) ;
#1040 = ORIENTED_EDGE ( 'NONE', *, *, #1797, .T. ) ;
#1041 = LINE ( 'NONE', #319, #1416 ) ;
#1042 = ADVANCED_FACE ( 'NONE', ( #2256 ), #1773, .F. ) ;
#1043 = EDGE_CURVE ( 'NONE', #382, #2087, #2011, .T. ) ;
#1044 = PRESENTATION_LAYER_ASSIGNMENT (  '', '', ( #2723 ) ) ;
#1045 = VECTOR ( 'NONE', #368, 1000.000000000000000 ) ;
#1046 = DIRECTION ( 'NONE',  ( -0.0000000000000000000, 1.000000000000000000, -0.0000000000000000000 ) ) ;
#1047 = VECTOR ( 'NONE', #1017, 1000.000000000000114 ) ;
#1048 = AXIS2_PLACEMENT_3D ( 'NONE', #579, #2135, #1015 ) ;
#1049 = CIRCLE ( 'NONE', #2793, 3.049999999999990052 ) ;
#1050 = DIRECTION ( 'NONE',  ( -0.0000000000000000000, 1.000000000000000000, -0.0000000000000000000 ) ) ;
#1051 = AXIS2_PLACEMENT_3D ( 'NONE', #1450, #1684, #606 ) ;
#1052 = ORIENTED_EDGE ( 'NONE', *, *, #1696, .T. ) ;
#1053 = FACE_BOUND ( 'NONE', #892, .T. ) ;
#1054 = DIRECTION ( 'NONE',  ( 0.0000000000000000000, 0.0000000000000000000, 1.000000000000000000 ) ) ;
#1055 = DIRECTION ( 'NONE',  ( 0.0000000000000000000, 1.000000000000000000, 0.0000000000000000000 ) ) ;
#1056 = ORIENTED_EDGE ( 'NONE', *, *, #1516, .T. ) ;
#1057 = ORIENTED_EDGE ( 'NONE', *, *, #2329, .F. ) ;
#1058 = ADVANCED_FACE ( 'NONE', ( #1019 ), #1561, .F. ) ;
#1059 = DIRECTION ( 'NONE',  ( -0.0000000000000000000, -1.000000000000000000, -0.0000000000000000000 ) ) ;
#1060 = VERTEX_POINT ( 'NONE', #907 ) ;
#1061 = EDGE_CURVE ( 'NONE', #2439, #2334, #1904, .T. ) ;
#1062 = ORIENTED_EDGE ( 'NONE', *, *, #959, .F. ) ;
#1063 = PRODUCT ( 'Ring right 24 deg', 'Ring right 24 deg', '', ( #41 ) ) ;
#1064 = DIRECTION ( 'NONE',  ( 0.0000000000000000000, -1.000000000000000000, 0.0000000000000000000 ) ) ;
#1065 = DIRECTION ( 'NONE',  ( 0.0000000000000000000, 0.0000000000000000000, 1.000000000000000000 ) ) ;
#1066 = EDGE_LOOP ( 'NONE', ( #2095, #790 ) ) ;
#1067 = CARTESIAN_POINT ( 'NONE',  ( 127.5368130371616360, -33.50000000000000000, -43.64741225490364940 ) ) ;
#1068 = DIRECTION ( 'NONE',  ( 0.0000000000000000000, -1.000000000000000000, 0.0000000000000000000 ) ) ;
#1069 = ORIENTED_EDGE ( 'NONE', *, *, #2201, .F. ) ;
#1070 = AXIS2_PLACEMENT_3D ( 'NONE', #661, #2435, #2656 ) ;
#1071 = EDGE_LOOP ( 'NONE', ( #2546, #2309 ) ) ;
#1072 = FILL_AREA_STYLE ('',( #621 ) ) ;
#1073 = ORIENTED_EDGE ( 'NONE', *, *, #2480, .F. ) ;
#1074 = CIRCLE ( 'NONE', #2086, 5.750000000000005329 ) ;
#1075 = DIRECTION ( 'NONE',  ( 0.0000000000000000000, 1.000000000000000000, 0.0000000000000000000 ) ) ;
#1076 = LINE ( 'NONE', #399, #502 ) ;
#1077 = EDGE_CURVE ( 'NONE', #1777, #1511, #1562, .T. ) ;
#1078 = CIRCLE ( 'NONE', #2193, 3.049999999999990052 ) ;
#1079 = DIRECTION ( 'NONE',  ( 0.0000000000000000000, 0.0000000000000000000, 1.000000000000000000 ) ) ;
#1080 = FACE_BOUND ( 'NONE', #2162, .T. ) ;
#1081 = EDGE_CURVE ( 'NONE', #47, #1992, #1297, .T. ) ;
#1082 = AXIS2_PLACEMENT_3D ( 'NONE', #128, #781, #623 ) ;
#1083 = B_SPLINE_CURVE_WITH_KNOTS ( 'NONE', 3,
 ( #2070, #988, #739, #753 ),
 .UNSPECIFIED., .F., .F.,
 ( 4, 4 ),
 ( 2.828434730177600662E-07, 0.009192697232750663902 ),
 .UNSPECIFIED. ) ;
#1084 = CARTESIAN_POINT ( 'NONE',  ( 115.3476096591112139, 8.934133474745236114, -51.35606460200842349 ) ) ;
#1085 = DIRECTION ( 'NONE',  ( 0.0000000000000000000, -1.000000000000000000, 0.0000000000000000000 ) ) ;
#1086 = LINE ( 'NONE', #1723, #2494 ) ;
#1087 = VECTOR ( 'NONE', #2541, 1000.000000000000000 ) ;
#1088 = ORIENTED_EDGE ( 'NONE', *, *, #2370, .F. ) ;
#1089 = ADVANCED_FACE ( 'NONE', ( #162 ), #956, .T. ) ;
#1090 = ORIENTED_EDGE ( 'NONE', *, *, #1175, .T. ) ;
#1091 = AXIS2_PLACEMENT_3D ( 'NONE', #1899, #2352, #587 ) ;
#1092 = ORIENTED_EDGE ( 'NONE', *, *, #201, .T. ) ;
#1093 = CARTESIAN_POINT ( 'NONE',  ( 127.5368130371616360, -34.50000000000000000, -40.64741225490368493 ) ) ;
#1094 = CARTESIAN_POINT ( 'NONE',  ( 74.41719144519167628, -2.000000000000000000, -87.93446429094844063 ) ) ;
#1095 = CARTESIAN_POINT ( 'NONE',  ( 127.5368130371616360, -29.50000000000000355, -44.89741225490369203 ) ) ;
#1096 = EDGE_LOOP ( 'NONE', ( #1440, #813, #2033, #797 ) ) ;
#1097 = CARTESIAN_POINT ( 'NONE',  ( 127.5368130371616360, -49.49999999999998579, -44.89741225490369203 ) ) ;
#1098 = EDGE_LOOP ( 'NONE', ( #1867, #13 ) ) ;
#1099 = CARTESIAN_POINT ( 'NONE',  ( 74.41719144519167628, 0.0000000000000000000, -112.9344642909484264 ) ) ;
#1100 = EDGE_CURVE ( 'NONE', #534, #2408, #876, .T. ) ;
#1101 = CARTESIAN_POINT ( 'NONE',  ( 115.3476096591112139, -7.000000000000000000, -54.40606460200841354 ) ) ;
#1102 = DIRECTION ( 'NONE',  ( 0.0000000000000000000, 0.0000000000000000000, -1.000000000000000000 ) ) ;
#1103 = ORIENTED_EDGE ( 'NONE', *, *, #2789, .F. ) ;
#1104 = DIRECTION ( 'NONE',  ( 0.0000000000000000000, 0.0000000000000000000, 1.000000000000000000 ) ) ;
#1105 = VERTEX_POINT ( 'NONE', #1592 ) ;
#1106 = AXIS2_PLACEMENT_3D ( 'NONE', #339, #981, #1852 ) ;
#1107 = DIRECTION ( 'NONE',  ( -0.0000000000000000000, -1.000000000000000000, -0.0000000000000000000 ) ) ;
#1108 = DIRECTION ( 'NONE',  ( -0.0000000000000000000, 1.000000000000000000, -0.0000000000000000000 ) ) ;
#1109 = VERTEX_POINT ( 'NONE', #1150 ) ;
#1110 = CIRCLE ( 'NONE', #1244, 2.999999999999960920 ) ;
#1111 = ORIENTED_EDGE ( 'NONE', *, *, #581, .F. ) ;
#1112 = CIRCLE ( 'NONE', #1286, 3.049999999999990052 ) ;
#1113 = DIRECTION ( 'NONE',  ( -0.0000000000000000000, 1.000000000000000000, -0.0000000000000000000 ) ) ;
#1114 = CARTESIAN_POINT ( 'NONE',  ( 117.7751336033424110, 0.0000000000000000000, -65.57250323832603556 ) ) ;
#1115 = LINE ( 'NONE', #1889, #2217 ) ;
#1116 = EDGE_CURVE ( 'NONE', #426, #721, #1118, .T. ) ;
#1117 = DIRECTION ( 'NONE',  ( 0.0000000000000000000, 0.0000000000000000000, -1.000000000000000000 ) ) ;
#1118 = CIRCLE ( 'NONE', #1415, 3.000000000000002665 ) ;
#1119 = DIRECTION ( 'NONE',  ( 0.0000000000000000000, 0.0000000000000000000, 1.000000000000000000 ) ) ;
#1120 = ADVANCED_FACE ( 'NONE', ( #22 ), #1251, .F. ) ;
#1121 = CARTESIAN_POINT ( 'NONE',  ( 41.29842149427761910, 0.0000000000000000000, -104.6455464034709308 ) ) ;
#1122 = AXIS2_PLACEMENT_3D ( 'NONE', #1725, #2375, #2622 ) ;
#1123 = VECTOR ( 'NONE', #1108, 1000.000000000000000 ) ;
#1124 = EDGE_LOOP ( 'NONE', ( #2053, #96 ) ) ;
#1125 = VECTOR ( 'NONE', #2535, 1000.000000000000000 ) ;
#1126 = DIRECTION ( 'NONE',  ( 0.0000000000000000000, 0.0000000000000000000, -1.000000000000000000 ) ) ;
#1127 = AXIS2_PLACEMENT_3D ( 'NONE', #1528, #487, #241 ) ;
#1128 = ORIENTED_EDGE ( 'NONE', *, *, #940, .T. ) ;
#1129 = VERTEX_POINT ( 'NONE', #1846 ) ;
#1130 = DIRECTION ( 'NONE',  ( 0.0000000000000000000, 0.0000000000000000000, 1.000000000000000000 ) ) ;
#1131 = ORIENTED_EDGE ( 'NONE', *, *, #1964, .T. ) ;
#1132 = EDGE_LOOP ( 'NONE', ( #2751, #2482 ) ) ;
#1133 = DIRECTION ( 'NONE',  ( -0.4067366430758022622, 0.0000000000000000000, -0.9135454576425999784 ) ) ;
#1134 = EDGE_LOOP ( 'NONE', ( #2092, #979, #2753, #325 ) ) ;
#1135 = DIRECTION ( 'NONE',  ( 0.4067366430758014850, -0.0000000000000000000, 0.9135454576426003115 ) ) ;
#1136 = EDGE_LOOP ( 'NONE', ( #346, #101 ) ) ;
#1137 = EDGE_CURVE ( 'NONE', #1411, #1546, #539, .T. ) ;
#1138 = DIRECTION ( 'NONE',  ( -0.0000000000000000000, 1.000000000000000000, -0.0000000000000000000 ) ) ;
#1139 = EDGE_LOOP ( 'NONE', ( #1737, #1128 ) ) ;
#1140 = DIRECTION ( 'NONE',  ( 0.0000000000000000000, 1.000000000000000000, 0.0000000000000000000 ) ) ;
#1141 = AXIS2_PLACEMENT_3D ( 'NONE', #98, #762, #2757 ) ;
#1142 = EDGE_LOOP ( 'NONE', ( #10, #2415 ) ) ;
#1143 = CARTESIAN_POINT ( 'NONE',  ( 103.1584062810608060, -34.50000000000000000, -59.06471694911319048 ) ) ;
#1144 = CYLINDRICAL_SURFACE ( 'NONE', #159, 5.049999999999957190 ) ;
#1145 = DIRECTION ( 'NONE',  ( -0.0000000000000000000, 1.000000000000000000, -0.0000000000000000000 ) ) ;
#1146 = CIRCLE ( 'NONE', #1091, 3.049999999999990052 ) ;
#1147 = CARTESIAN_POINT ( 'NONE',  ( 110.2353500103694159, 0.0000000000000000000, -28.17238704017772122 ) ) ;
#1148 = AXIS2_PLACEMENT_3D ( 'NONE', #2179, #410, #2400 ) ;
#1149 = FACE_BOUND ( 'NONE', #2747, .T. ) ;
#1150 = CARTESIAN_POINT ( 'NONE',  ( 120.2772830588665727, 0.0000000000000000000, -76.30844952824749328 ) ) ;
#1151 = CARTESIAN_POINT ( 'NONE',  ( 115.3476096591112139, 35.50000000000001421, -51.35606460200842349 ) ) ;
#1152 = DIRECTION ( 'NONE',  ( 0.0000000000000000000, 0.0000000000000000000, 1.000000000000000000 ) ) ;
#1153 = EDGE_CURVE ( 'NONE', #717, #286, #2798, .T. ) ;
#1154 = CIRCLE ( 'NONE', #2322, 3.049999999999955413 ) ;
#1155 = DIRECTION ( 'NONE',  ( 0.0000000000000000000, 0.0000000000000000000, 1.000000000000000000 ) ) ;
#1156 = CARTESIAN_POINT ( 'NONE',  ( 112.9200857148800168, -33.50000000000000000, -40.13962596569084695 ) ) ;
#1157 = LINE ( 'NONE', #2212, #2838 ) ;
#1158 = ORIENTED_EDGE ( 'NONE', *, *, #1906, .F. ) ;
#1159 = VECTOR ( 'NONE', #1792, 1000.000000000000000 ) ;
#1160 = CARTESIAN_POINT ( 'NONE',  ( 112.9200857148800168, -34.50000000000000000, -34.13962596569082564 ) ) ;
#1161 = ORIENTED_EDGE ( 'NONE', *, *, #975, .T. ) ;
#1162 = AXIS2_PLACEMENT_3D ( 'NONE', #1905, #1270, #1710 ) ;
#1163 = ORIENTED_EDGE ( 'NONE', *, *, #2299, .F. ) ;
#1164 = CARTESIAN_POINT ( 'NONE',  ( 0.0000000000000000000, 12.93413347474523611, 0.0000000000000000000 ) ) ;
#1165 = CARTESIAN_POINT ( 'NONE',  ( 127.5368130371616360, -5.065866525254772768, -43.64741225490364940 ) ) ;
#1166 = EDGE_LOOP ( 'NONE', ( #356, #2236 ) ) ;
#1167 = CARTESIAN_POINT ( 'NONE',  ( 108.8688247873247690, 0.3525474966531744192, -26.91919000027451503 ) ) ;
#1168 = DIRECTION ( 'NONE',  ( -0.0000000000000000000, 1.000000000000000000, 0.0000000000000000000 ) ) ;
#1169 = EDGE_LOOP ( 'NONE', ( #213, #36, #1092, #2203, #340, #926, #2599 ) ) ;
#1170 = EDGE_CURVE ( 'NONE', #1815, #641, #1154, .T. ) ;
#1171 = DIRECTION ( 'NONE',  ( -0.0000000000000000000, 1.000000000000000000, -0.0000000000000000000 ) ) ;
#1172 = DIRECTION ( 'NONE',  ( -0.0000000000000000000, 1.000000000000000000, -0.0000000000000000000 ) ) ;
#1173 = ORIENTED_EDGE ( 'NONE', *, *, #1873, .F. ) ;
#1174 = DIRECTION ( 'NONE',  ( 0.0000000000000000000, 1.000000000000000000, 0.0000000000000000000 ) ) ;
#1175 = EDGE_CURVE ( 'NONE', #1776, #1965, #2769, .T. ) ;
#1176 = DIRECTION ( 'NONE',  ( -0.0000000000000000000, 1.000000000000000000, -0.0000000000000000000 ) ) ;
#1177 = ORIENTED_EDGE ( 'NONE', *, *, #1365, .F. ) ;
#1178 = CARTESIAN_POINT ( 'NONE',  ( 74.41719144519167628, -2.065866525254762998, -100.4344642909484264 ) ) ;
#1179 = DIRECTION ( 'NONE',  ( -0.0000000000000000000, -1.000000000000000000, -0.0000000000000000000 ) ) ;
#1180 = AXIS2_PLACEMENT_3D ( 'NONE', #1610, #742, #2466 ) ;
#1181 = DIRECTION ( 'NONE',  ( 0.0000000000000000000, 1.000000000000000000, 0.0000000000000000000 ) ) ;
#1182 = VECTOR ( 'NONE', #2812, 1000.000000000000227 ) ;
#1183 = CARTESIAN_POINT ( 'NONE',  ( 127.5368130371616360, -33.50000000000000000, -44.89741225490369203 ) ) ;
#1184 = VECTOR ( 'NONE', #2302, 1000.000000000000000 ) ;
#1185 = CARTESIAN_POINT ( 'NONE',  ( 143.9002247066447637, 2.000000000001385114, 42.34058725829364533 ) ) ;
#1186 = DIRECTION ( 'NONE',  ( 0.0000000000000000000, 0.0000000000000000000, -1.000000000000000000 ) ) ;
#1187 = CIRCLE ( 'NONE', #212, 107.0000000000000426 ) ;
#1188 = CARTESIAN_POINT ( 'NONE',  ( 93.31995997644703777, 0.5564552903488125812, -61.82846375775118730 ) ) ;
#1189 = DIRECTION ( 'NONE',  ( -0.0000000000000000000, -1.000000000000000000, -0.0000000000000000000 ) ) ;
#1190 = CIRCLE ( 'NONE', #1767, 3.000000000000002665 ) ;
#1191 = CARTESIAN_POINT ( 'NONE',  ( 103.1584062810608060, -34.50000000000000000, -64.81471694911320469 ) ) ;
#1192 = CARTESIAN_POINT ( 'NONE',  ( -8.465450562766818621E-12, 6.500000000000000000, -6.744604874597825983E-12 ) ) ;
#1193 = EDGE_CURVE ( 'NONE', #2119, #2519, #2183, .T. ) ;
#1194 = ORIENTED_EDGE ( 'NONE', *, *, #2351, .F. ) ;
#1195 = VECTOR ( 'NONE', #2452, 1000.000000000000000 ) ;
#1196 = DIRECTION ( 'NONE',  ( 0.0000000000000000000, 0.0000000000000000000, -1.000000000000000000 ) ) ;
#1197 = ORIENTED_EDGE ( 'NONE', *, *, #2370, .T. ) ;
#1198 = ORIENTED_EDGE ( 'NONE', *, *, #763, .F. ) ;
#1199 = AXIS2_PLACEMENT_3D ( 'NONE', #598, #1435, #812 ) ;
#1200 = DIRECTION ( 'NONE',  ( -0.0000000000000000000, 1.000000000000000000, -0.0000000000000000000 ) ) ;
#1201 = EDGE_LOOP ( 'NONE', ( #2758, #905, #662, #720 ) ) ;
#1202 = VERTEX_POINT ( 'NONE', #1160 ) ;
#1203 = AXIS2_PLACEMENT_3D ( 'NONE', #2125, #2570, #1909 ) ;
#1204 = DIRECTION ( 'NONE',  ( 0.0000000000000000000, 1.000000000000000000, 0.0000000000000000000 ) ) ;
#1205 = DIRECTION ( 'NONE',  ( 0.0000000000000000000, 0.0000000000000000000, 1.000000000000000000 ) ) ;
#1206 = EDGE_LOOP ( 'NONE', ( #1234, #1026 ) ) ;
#1207 = ORIENTED_EDGE ( 'NONE', *, *, #354, .F. ) ;
#1208 = DIRECTION ( 'NONE',  ( 0.0000000000000000000, 0.0000000000000000000, 1.000000000000000000 ) ) ;
#1209 = EDGE_LOOP ( 'NONE', ( #552, #2137 ) ) ;
#1210 = EDGE_CURVE ( 'NONE', #2210, #549, #337, .T. ) ;
#1211 = CARTESIAN_POINT ( 'NONE',  ( 110.2353500103694159, 0.0000000000000000000, -28.17238704017772122 ) ) ;
#1212 = VECTOR ( 'NONE', #151, 1000.000000000000000 ) ;
#1213 = VECTOR ( 'NONE', #2626, 1000.000000000000000 ) ;
#1214 = CARTESIAN_POINT ( 'NONE',  ( 74.41719144519167628, -2.065866525254762998, -103.4344642909484406 ) ) ;
#1215 = AXIS2_PLACEMENT_3D ( 'NONE', #147, #1672, #2547 ) ;
#1216 = PRESENTATION_STYLE_ASSIGNMENT (( #1285 ) ) ;
#1217 = LINE ( 'NONE', #488, #1939 ) ;
#1218 = DIRECTION ( 'NONE',  ( -0.0000000000000000000, -1.000000000000000000, -0.0000000000000000000 ) ) ;
#1219 = LINE ( 'NONE', #1476, #1877 ) ;
#1220 = ORIENTED_EDGE ( 'NONE', *, *, #1579, .F. ) ;
#1221 = EDGE_CURVE ( 'NONE', #2823, #1820, #2738, .T. ) ;
#1222 = CIRCLE ( 'NONE', #908, 5.049999999999984723 ) ;
#1223 = DIRECTION ( 'NONE',  ( 0.0000000000000000000, -1.000000000000000000, 0.0000000000000000000 ) ) ;
#1224 = DIRECTION ( 'NONE',  ( 0.0000000000000000000, 1.000000000000000000, 0.0000000000000000000 ) ) ;
#1225 = ORIENTED_EDGE ( 'NONE', *, *, #1294, .T. ) ;
#1226 = ORIENTED_EDGE ( 'NONE', *, *, #1153, .T. ) ;
#1227 = EDGE_CURVE ( 'NONE', #517, #1060, #677, .T. ) ;
#1228 = AXIS2_PLACEMENT_3D ( 'NONE', #2831, #644, #239 ) ;
#1229 = EDGE_LOOP ( 'NONE', ( #111, #1834 ) ) ;
#1230 = ORIENTED_EDGE ( 'NONE', *, *, #2182, .F. ) ;
#1231 = AXIS2_PLACEMENT_3D ( 'NONE', #342, #334, #770 ) ;
#1232 = CARTESIAN_POINT ( 'NONE',  ( 115.3476096591112139, 3.130000000000000782, -46.30606460200846186 ) ) ;
#1233 = ORIENTED_EDGE ( 'NONE', *, *, #1439, .T. ) ;
#1234 = ORIENTED_EDGE ( 'NONE', *, *, #405, .T. ) ;
#1235 = DIRECTION ( 'NONE',  ( 0.7280180033500519565, 0.0000000000000000000, -0.6855580112566723727 ) ) ;
#1236 = DIRECTION ( 'NONE',  ( 0.0000000000000000000, -1.000000000000000000, 0.0000000000000000000 ) ) ;
#1237 = ORIENTED_EDGE ( 'NONE', *, *, #89, .F. ) ;
#1238 = ORIENTED_EDGE ( 'NONE', *, *, #2062, .F. ) ;
#1239 = LINE ( 'NONE', #2249, #1589 ) ;
#1240 = DIRECTION ( 'NONE',  ( -0.4067366430758020401, -0.0000000000000000000, -0.9135454576425999784 ) ) ;
#1241 = ADVANCED_FACE ( 'NONE', ( #1660 ), #2425, .F. ) ;
#1242 = EDGE_CURVE ( 'NONE', #257, #249, #1598, .T. ) ;
#1243 = ORIENTED_EDGE ( 'NONE', *, *, #2778, .T. ) ;
#1244 = AXIS2_PLACEMENT_3D ( 'NONE', #179, #2380, #2810 ) ;
#1245 = PLANE ( 'NONE',  #432 ) ;
#1246 = DIRECTION ( 'NONE',  ( -0.0000000000000000000, -1.000000000000000000, -0.0000000000000000000 ) ) ;
#1247 = FACE_OUTER_BOUND ( 'NONE', #2760, .T. ) ;
#1248 = AXIS2_PLACEMENT_3D ( 'NONE', #2614, #1323, #1119 ) ;
#1249 = LINE ( 'NONE', #1250, #2350 ) ;
#1250 = CARTESIAN_POINT ( 'NONE',  ( 38.54519339465910832, 12.93413347474523611, -97.66917664323950987 ) ) ;
#1251 = CYLINDRICAL_SURFACE ( 'NONE', #2796, 1.250000000000042633 ) ;
#1252 = CARTESIAN_POINT ( 'NONE',  ( 120.2772830588665727, -7.065866525254767438, -74.45844952824748475 ) ) ;
#1253 = VECTOR ( 'NONE', #887, 1000.000000000000000 ) ;
#1254 = CARTESIAN_POINT ( 'NONE',  ( 135.8146228243622033, 8.934133474745236114, -39.56101304630018234 ) ) ;
#1255 = ORIENTED_EDGE ( 'NONE', *, *, #1023, .F. ) ;
#1256 = VERTEX_POINT ( 'NONE', #992 ) ;
#1257 = EDGE_CURVE ( 'NONE', #608, #721, #1484, .T. ) ;
#1258 = VERTEX_POINT ( 'NONE', #1232 ) ;
#1259 = ADVANCED_FACE ( 'NONE', ( #2355 ), #2628, .F. ) ;
#1260 = DIRECTION ( 'NONE',  ( 0.0000000000000000000, 0.0000000000000000000, -1.000000000000000000 ) ) ;
#1261 = EDGE_LOOP ( 'NONE', ( #1198, #1863, #1921, #889 ) ) ;
#1262 = CARTESIAN_POINT ( 'NONE',  ( 117.7751336033424110, -33.50000000000000000, -65.57250323832603556 ) ) ;
#1263 = AXIS2_PLACEMENT_3D ( 'NONE', #1535, #2437, #2174 ) ;
#1264 = DIRECTION ( 'NONE',  ( -0.0000000000000000000, 1.000000000000000000, -0.0000000000000000000 ) ) ;
#1265 = VERTEX_POINT ( 'NONE', #350 ) ;
#1266 = CARTESIAN_POINT ( 'NONE',  ( 115.3476096591112139, -7.000000000000000000, -51.35606460200842349 ) ) ;
#1267 = ORIENTED_EDGE ( 'NONE', *, *, #878, .F. ) ;
#1268 = AXIS2_PLACEMENT_3D ( 'NONE', #259, #927, #304 ) ;
#1269 = EDGE_LOOP ( 'NONE', ( #726, #1574, #38, #153 ) ) ;
#1270 = DIRECTION ( 'NONE',  ( -0.0000000000000000000, 1.000000000000000000, -0.0000000000000000000 ) ) ;
#1271 = PLANE ( 'NONE',  #1726 ) ;
#1272 = VERTEX_POINT ( 'NONE', #2524 ) ;
#1273 = CARTESIAN_POINT ( 'NONE',  ( 123.8568393781439596, 12.93413347474523611, -81.41588844694685179 ) ) ;
#1274 = VERTEX_POINT ( 'NONE', #558 ) ;
#1275 = CIRCLE ( 'NONE', #215, 1.850000000000004530 ) ;
#1276 = EDGE_CURVE ( 'NONE', #1820, #2296, #439, .T. ) ;
#1277 = CYLINDRICAL_SURFACE ( 'NONE', #1304, 5.750000000000005329 ) ;
#1278 = DIRECTION ( 'NONE',  ( 0.0000000000000000000, 0.0000000000000000000, -1.000000000000000000 ) ) ;
#1279 = DIRECTION ( 'NONE',  ( -0.0000000000000000000, 1.000000000000000000, -0.0000000000000000000 ) ) ;
#1280 = CIRCLE ( 'NONE', #1448, 105.0000000000000000 ) ;
#1281 = ADVANCED_FACE ( 'NONE', ( #367, #92, #917, #2666, #1630, #2590, #1387, #2050 ), #2766, .F. ) ;
#1282 = CYLINDRICAL_SURFACE ( 'NONE', #2067, 1.250000000000042633 ) ;
#1283 = LINE ( 'NONE', #820, #1454 ) ;
#1284 = ADVANCED_FACE ( 'NONE', ( #1730 ), #234, .F. ) ;
#1285 = SURFACE_STYLE_USAGE ( .BOTH. , #414 ) ;
#1286 = AXIS2_PLACEMENT_3D ( 'NONE', #2294, #1418, #1014 ) ;
#1287 = VERTEX_POINT ( 'NONE', #2749 ) ;
#1288 = FACE_OUTER_BOUND ( 'NONE', #2392, .T. ) ;
#1289 = ORIENTED_EDGE ( 'NONE', *, *, #2094, .F. ) ;
#1290 = DIRECTION ( 'NONE',  ( 0.0000000000000000000, 1.000000000000000000, 0.0000000000000000000 ) ) ;
#1291 = ORIENTED_EDGE ( 'NONE', *, *, #2548, .T. ) ;
#1292 = DIRECTION ( 'NONE',  ( -0.0000000000000000000, 1.000000000000000000, -0.0000000000000000000 ) ) ;
#1293 = ORIENTED_EDGE ( 'NONE', *, *, #735, .T. ) ;
#1294 = EDGE_CURVE ( 'NONE', #482, #1791, #1768, .T. ) ;
#1295 = ORIENTED_EDGE ( 'NONE', *, *, #2685, .T. ) ;
#1296 = ADVANCED_FACE ( 'NONE', ( #1452 ), #1282, .F. ) ;
#1297 = B_SPLINE_CURVE_WITH_KNOTS ( 'NONE', 3,
 ( #2233, #2670, #2718, #519, #1373, #527, #716, #1188, #2046, #70, #957, #747, #1601, #2507, #285, #2731, #2037, #1384 ),
 .UNSPECIFIED., .F., .F.,
 ( 4, 2, 2, 2, 2, 2, 2, 2, 4 ),
 ( 3.364519135085726927E-07, 0.0004024792444396036698, 0.0008046220369656986856, 0.001206764829491793973, 0.001608907622017888934, 0.002011050414543983679, 0.002413193207070079074, 0.002815335999596174036, 0.003217478792122268998 ),
 .UNSPECIFIED. ) ;
#1298 = CARTESIAN_POINT ( 'NONE',  ( 115.3179025799882851, 6.499999999999999112, 54.33029858700159309 ) ) ;
#1299 = CARTESIAN_POINT ( 'NONE',  ( 117.7751336033424110, -33.50000000000000000, -68.57250323832599292 ) ) ;
#1300 = ORIENTED_EDGE ( 'NONE', *, *, #1840, .T. ) ;
#1301 = ADVANCED_FACE ( 'NONE', ( #1979, #834 ), #2537, .T. ) ;
#1302 = CARTESIAN_POINT ( 'NONE',  ( 117.7751336033424110, -29.50000000000000355, -64.32250323832599292 ) ) ;
#1303 = EDGE_LOOP ( 'NONE', ( #1423, #965, #1471, #1643 ) ) ;
#1304 = AXIS2_PLACEMENT_3D ( 'NONE', #408, #1046, #2781 ) ;
#1305 = ORIENTED_EDGE ( 'NONE', *, *, #2444, .F. ) ;
#1306 = VERTEX_POINT ( 'NONE', #2110 ) ;
#1307 = CIRCLE ( 'NONE', #603, 148.0000000000001421 ) ;
#1308 = CARTESIAN_POINT ( 'NONE',  ( 115.3476096591112139, -7.000000000000000000, -51.35606460200842349 ) ) ;
#1309 = DIRECTION ( 'NONE',  ( 0.0000000000000000000, -1.000000000000000000, 0.0000000000000000000 ) ) ;
#1310 = EDGE_LOOP ( 'NONE', ( #1793, #242, #1374, #2023 ) ) ;
#1311 = CARTESIAN_POINT ( 'NONE',  ( 115.3179025799882851, 6.499999999999999112, 51.28029858700160304 ) ) ;
#1312 = EDGE_CURVE ( 'NONE', #1578, #1438, #2556, .T. ) ;
#1313 = FACE_OUTER_BOUND ( 'NONE', #828, .T. ) ;
#1314 = FACE_BOUND ( 'NONE', #2806, .T. ) ;
#1315 = EDGE_CURVE ( 'NONE', #2296, #1820, #713, .T. ) ;
#1316 = DIRECTION ( 'NONE',  ( -0.0000000000000000000, 1.000000000000000000, -0.0000000000000000000 ) ) ;
#1317 = CARTESIAN_POINT ( 'NONE',  ( 87.31502107243998978, 8.934133474745236114, -65.14642272391476752 ) ) ;
#1318 = CIRCLE ( 'NONE', #1463, 5.750000000000005329 ) ;
#1319 = CARTESIAN_POINT ( 'NONE',  ( 103.1584062810608060, -34.50000000000000000, -53.31471694911319048 ) ) ;
#1320 = AXIS2_PLACEMENT_3D ( 'NONE', #1252, #1682, #2123 ) ;
#1321 = FACE_OUTER_BOUND ( 'NONE', #1169, .T. ) ;
#1322 = CARTESIAN_POINT ( 'NONE',  ( 127.5368130371616360, -34.50000000000000000, -43.64741225490364940 ) ) ;
#1323 = DIRECTION ( 'NONE',  ( 0.0000000000000000000, 1.000000000000000000, 0.0000000000000000000 ) ) ;
#1324 = VERTEX_POINT ( 'NONE', #2100 ) ;
#1325 = CARTESIAN_POINT ( 'NONE',  ( 127.5368130371616360, -33.50000000000000000, -46.64741225490362098 ) ) ;
#1326 = ORIENTED_EDGE ( 'NONE', *, *, #2057, .F. ) ;
#1327 = ORIENTED_EDGE ( 'NONE', *, *, #335, .F. ) ;
#1328 = DIRECTION ( 'NONE',  ( 1.000000000000000000, 0.0000000000000000000, 0.0000000000000000000 ) ) ;
#1329 = DIRECTION ( 'NONE',  ( -0.0000000000000000000, -1.000000000000000000, -0.0000000000000000000 ) ) ;
#1330 = ADVANCED_FACE ( 'NONE', ( #1420 ), #268, .F. ) ;
#1331 = CARTESIAN_POINT ( 'NONE',  ( 127.5368130371616360, -33.50000000000000000, -43.64741225490364940 ) ) ;
#1332 = ORIENTED_EDGE ( 'NONE', *, *, #799, .F. ) ;
#1333 = EDGE_LOOP ( 'NONE', ( #2376, #424, #533, #1783 ) ) ;
#1334 = DIRECTION ( 'NONE',  ( 0.9586376276061446822, -0.0000000000000000000, 0.2846294063122479234 ) ) ;
#1335 = EDGE_CURVE ( 'NONE', #286, #717, #125, .T. ) ;
#1336 = ORIENTED_EDGE ( 'NONE', *, *, #463, .F. ) ;
#1337 = EDGE_LOOP ( 'NONE', ( #76, #731, #247, #2445, #1917 ) ) ;
#1338 = EDGE_CURVE ( 'NONE', #2310, #1720, #2525, .T. ) ;
#1339 = DIRECTION ( 'NONE',  ( 0.0000000000000000000, 0.0000000000000000000, -1.000000000000000000 ) ) ;
#1340 = DIRECTION ( 'NONE',  ( -0.0000000000000000000, 1.000000000000000000, -0.0000000000000000000 ) ) ;
#1341 = ORIENTED_EDGE ( 'NONE', *, *, #1491, .T. ) ;
#1342 = CARTESIAN_POINT ( 'NONE',  ( 0.1050155580828709273, 0.0000000000000000000, -0.3536945348220917884 ) ) ;
#1343 = AXIS2_PLACEMENT_3D ( 'NONE', #1254, #139, #2143 ) ;
#1344 = DIRECTION ( 'NONE',  ( 0.0000000000000000000, 0.0000000000000000000, 1.000000000000000000 ) ) ;
#1345 = VERTEX_POINT ( 'NONE', #396 ) ;
#1346 = LINE ( 'NONE', #821, #630 ) ;
#1347 = VECTOR ( 'NONE', #1135, 1000.000000000000000 ) ;
#1348 = EDGE_CURVE ( 'NONE', #67, #189, #1874, .T. ) ;
#1349 = LINE ( 'NONE', #1447, #1596 ) ;
#1350 = CARTESIAN_POINT ( 'NONE',  ( 74.41719144519167628, 0.0000000000000000000, -100.4344642909484264 ) ) ;
#1351 = ADVANCED_BREP_SHAPE_REPRESENTATION ( 'Ring right 24 deg', ( #1487, #1923 ), #1680 ) ;
#1352 = VECTOR ( 'NONE', #1172, 1000.000000000000000 ) ;
#1353 = CARTESIAN_POINT ( 'NONE',  ( 115.3476096591112139, -7.000000000000000000, -46.30606460200844054 ) ) ;
#1354 = DIRECTION ( 'NONE',  ( 0.0000000000000000000, -1.000000000000000000, 0.0000000000000000000 ) ) ;
#1355 = ORIENTED_EDGE ( 'NONE', *, *, #607, .T. ) ;
#1356 = LINE ( 'NONE', #2777, #1943 ) ;
#1357 = CARTESIAN_POINT ( 'NONE',  ( 117.7751336033424110, -34.50000000000000000, -65.57250323832603556 ) ) ;
#1358 = AXIS2_PLACEMENT_3D ( 'NONE', #428, #1527, #2821 ) ;
#1359 = VERTEX_POINT ( 'NONE', #1036 ) ;
#1360 = CIRCLE ( 'NONE', #1248, 105.0000000000000000 ) ;
#1361 = DIRECTION ( 'NONE',  ( 0.0000000000000000000, 0.0000000000000000000, -1.000000000000000000 ) ) ;
#1362 = ORIENTED_EDGE ( 'NONE', *, *, #2740, .F. ) ;
#1363 = ORIENTED_EDGE ( 'NONE', *, *, #1028, .F. ) ;
#1364 = DIRECTION ( 'NONE',  ( 0.0000000000000000000, 0.0000000000000000000, 1.000000000000000000 ) ) ;
#1365 = EDGE_CURVE ( 'NONE', #894, #2687, #1805, .T. ) ;
#1366 = CARTESIAN_POINT ( 'NONE',  ( 112.9200857148800168, -5.065866525254772768, -37.13962596569083274 ) ) ;
#1367 = VERTEX_POINT ( 'NONE', #2805 ) ;
#1368 = EDGE_LOOP ( 'NONE', ( #1550, #2474, #1913, #142 ) ) ;
#1369 = EDGE_CURVE ( 'NONE', #1569, #626, #769, .T. ) ;
#1370 = CARTESIAN_POINT ( 'NONE',  ( 117.7751336033424110, -49.49999999999998579, -66.82250323832607819 ) ) ;
#1371 = AXIS2_PLACEMENT_3D ( 'NONE', #2517, #951, #2478 ) ;
#1372 = VERTEX_POINT ( 'NONE', #827 ) ;
#1373 = CARTESIAN_POINT ( 'NONE',  ( 93.82328166370163558, 0.3525474966532126664, -61.43497064944199337 ) ) ;
#1374 = ORIENTED_EDGE ( 'NONE', *, *, #738, .T. ) ;
#1375 = CARTESIAN_POINT ( 'NONE',  ( 112.9200857148800168, 0.0000000000000000000, -37.13962596569083274 ) ) ;
#1376 = LINE ( 'NONE', #727, #947 ) ;
#1377 = CARTESIAN_POINT ( 'NONE',  ( 115.3476096591112139, -7.000000000000000000, -51.35606460200842349 ) ) ;
#1378 = ORIENTED_EDGE ( 'NONE', *, *, #1276, .F. ) ;
#1379 = DIRECTION ( 'NONE',  ( 0.0000000000000000000, 0.0000000000000000000, -1.000000000000000000 ) ) ;
#1380 = AXIS2_PLACEMENT_3D ( 'NONE', #2784, #2374, #2150 ) ;
#1381 = CIRCLE ( 'NONE', #629, 3.049999999999990052 ) ;
#1382 = CARTESIAN_POINT ( 'NONE',  ( 0.0000000000000000000, -94.06586652525631109, 0.0000000000000000000 ) ) ;
#1383 = LINE ( 'NONE', #1325, #800 ) ;
#1384 = CARTESIAN_POINT ( 'NONE',  ( 92.89039666091237279, -5.382447188513591442E-15, -63.46356599008883137 ) ) ;
#1385 = DIRECTION ( 'NONE',  ( 0.0000000000000000000, 0.0000000000000000000, 1.000000000000000000 ) ) ;
#1386 = EDGE_CURVE ( 'NONE', #1031, #534, #194, .T. ) ;
#1387 = FACE_BOUND ( 'NONE', #1071, .T. ) ;
#1388 = DIRECTION ( 'NONE',  ( 0.0000000000000000000, -1.000000000000000000, 0.0000000000000000000 ) ) ;
#1389 = FACE_BOUND ( 'NONE', #1639, .T. ) ;
#1390 = EDGE_CURVE ( 'NONE', #249, #2368, #1349, .T. ) ;
#1391 = ORIENTED_EDGE ( 'NONE', *, *, #1193, .T. ) ;
#1392 = CIRCLE ( 'NONE', #755, 1.850000000000004530 ) ;
#1393 = CARTESIAN_POINT ( 'NONE',  ( 109.3184281145087482, 0.0000000000000000000, -26.56560322245633898 ) ) ;
#1394 = DIRECTION ( 'NONE',  ( 0.0000000000000000000, 0.0000000000000000000, 1.000000000000000000 ) ) ;
#1395 = DIRECTION ( 'NONE',  ( -0.2846294063122479234, 0.0000000000000000000, 0.9586376276061446822 ) ) ;
#1396 = ORIENTED_EDGE ( 'NONE', *, *, #814, .F. ) ;
#1397 = CARTESIAN_POINT ( 'NONE',  ( 94.69801024487377106, 0.0000000000000000000, -63.06982352212503429 ) ) ;
#1398 = AXIS2_PLACEMENT_3D ( 'NONE', #1192, #2103, #2096 ) ;
#1399 = ORIENTED_EDGE ( 'NONE', *, *, #2756, .F. ) ;
#1400 = CARTESIAN_POINT ( 'NONE',  ( 123.8568393781439596, 8.934133474745236114, -81.41588844694685179 ) ) ;
#1401 = ORIENTED_EDGE ( 'NONE', *, *, #699, .F. ) ;
#1402 = CARTESIAN_POINT ( 'NONE',  ( 108.4684931242839667, 0.2904563721203860527, -28.73284592643214452 ) ) ;
#1403 = DIRECTION ( 'NONE',  ( 0.0000000000000000000, 0.0000000000000000000, -1.000000000000000000 ) ) ;
#1404 = ORIENTED_EDGE ( 'NONE', *, *, #280, .T. ) ;
#1405 = EDGE_CURVE ( 'NONE', #465, #1411, #435, .T. ) ;
#1406 = PLANE ( 'NONE',  #846 ) ;
#1407 = CARTESIAN_POINT ( 'NONE',  ( 97.07670050625918634, 11.95068203456859202, -43.22133174049243820 ) ) ;
#1408 = DIRECTION ( 'NONE',  ( 0.0000000000000000000, 0.0000000000000000000, 1.000000000000000000 ) ) ;
#1409 = EDGE_LOOP ( 'NONE', ( #1708, #1914, #2772, #1676 ) ) ;
#1410 = CARTESIAN_POINT ( 'NONE',  ( 143.3801982457824238, 8.934133474745236114, -37.56570648010208657 ) ) ;
#1411 = VERTEX_POINT ( 'NONE', #187 ) ;
#1412 = PRESENTATION_STYLE_ASSIGNMENT (( #2475 ) ) ;
#1413 = EDGE_LOOP ( 'NONE', ( #2059, #140, #684, #1220 ) ) ;
#1414 = DIRECTION ( 'NONE',  ( -0.6855580112566723727, -0.0000000000000000000, -0.7280180033500519565 ) ) ;
#1415 = AXIS2_PLACEMENT_3D ( 'NONE', #509, #278, #2027 ) ;
#1416 = VECTOR ( 'NONE', #1433, 1000.000000000000000 ) ;
#1417 = VECTOR ( 'NONE', #1334, 1000.000000000000000 ) ;
#1418 = DIRECTION ( 'NONE',  ( 0.0000000000000000000, -1.000000000000000000, 0.0000000000000000000 ) ) ;
#1419 = CARTESIAN_POINT ( 'NONE',  ( 117.7751336033424110, -33.50000000000000000, -66.82250323832607819 ) ) ;
#1420 = FACE_OUTER_BOUND ( 'NONE', #925, .T. ) ;
#1421 = FACE_OUTER_BOUND ( 'NONE', #2372, .T. ) ;
#1422 = EDGE_CURVE ( 'NONE', #2571, #2171, #2767, .T. ) ;
#1423 = ORIENTED_EDGE ( 'NONE', *, *, #1755, .F. ) ;
#1424 = FACE_OUTER_BOUND ( 'NONE', #2306, .T. ) ;
#1425 = DIRECTION ( 'NONE',  ( 0.0000000000000000000, -0.0000000000000000000, 1.000000000000000000 ) ) ;
#1426 = DIRECTION ( 'NONE',  ( 0.0000000000000000000, 0.0000000000000000000, 1.000000000000000000 ) ) ;
#1427 = ORIENTED_EDGE ( 'NONE', *, *, #638, .F. ) ;
#1428 = CYLINDRICAL_SURFACE ( 'NONE', #2484, 5.750000000000005329 ) ;
#1429 = ORIENTED_EDGE ( 'NONE', *, *, #2112, .F. ) ;
#1430 = EDGE_LOOP ( 'NONE', ( #375, #2152, #2041, #2362 ) ) ;
#1431 = AXIS2_PLACEMENT_3D ( 'NONE', #2441, #2683, #52 ) ;
#1432 = CARTESIAN_POINT ( 'NONE',  ( 0.0000000000000000000, 6.500000000000000000, 0.0000000000000000000 ) ) ;
#1433 = DIRECTION ( 'NONE',  ( -0.0000000000000000000, 1.000000000000000000, -0.0000000000000000000 ) ) ;
#1434 = ORIENTED_EDGE ( 'NONE', *, *, #2605, .F. ) ;
#1435 = DIRECTION ( 'NONE',  ( -0.0000000000000000000, 1.000000000000000000, -0.0000000000000000000 ) ) ;
#1436 = VERTEX_POINT ( 'NONE', #404 ) ;
#1437 = CARTESIAN_POINT ( 'NONE',  ( 117.7751336033424110, -33.50000000000000000, -65.57250323832603556 ) ) ;
#1438 = VERTEX_POINT ( 'NONE', #145 ) ;
#1439 = EDGE_CURVE ( 'NONE', #1546, #390, #1249, .T. ) ;
#1440 = ORIENTED_EDGE ( 'NONE', *, *, #1043, .F. ) ;
#1441 = FACE_OUTER_BOUND ( 'NONE', #1489, .T. ) ;
#1442 = CARTESIAN_POINT ( 'NONE',  ( 94.69801024487377106, 8.934133474745236114, -64.91982352212504281 ) ) ;
#1443 = CARTESIAN_POINT ( 'NONE',  ( 74.41719144519167628, -2.000000000000000000, -97.43446429094842642 ) ) ;
#1444 = AXIS2_PLACEMENT_3D ( 'NONE', #1266, #2163, #840 ) ;
#1445 = ORIENTED_EDGE ( 'NONE', *, *, #480, .F. ) ;
#1446 = CIRCLE ( 'NONE', #491, 1.850000000000004530 ) ;
#1447 = CARTESIAN_POINT ( 'NONE',  ( 123.8568393781439596, 8.934133474745236114, -81.41588844694685179 ) ) ;
#1448 = AXIS2_PLACEMENT_3D ( 'NONE', #595, #801, #2558 ) ;
#1449 = CARTESIAN_POINT ( 'NONE',  ( 91.97980669953443567, 12.93413347474523611, -54.66914266308086212 ) ) ;
#1450 = CARTESIAN_POINT ( 'NONE',  ( 103.1584062810608060, -5.065866525254772768, -59.06471694911319048 ) ) ;
#1451 = CARTESIAN_POINT ( 'NONE',  ( 110.2353500103694159, -7.065866525254767438, -26.32238704017771624 ) ) ;
#1452 = FACE_OUTER_BOUND ( 'NONE', #444, .T. ) ;
#1453 = EDGE_CURVE ( 'NONE', #1287, #1274, #2184, .T. ) ;
#1454 = VECTOR ( 'NONE', #2141, 1000.000000000000000 ) ;
#1455 = EDGE_LOOP ( 'NONE', ( #1881, #2173 ) ) ;
#1456 = LINE ( 'NONE', #695, #1159 ) ;
#1457 = DIRECTION ( 'NONE',  ( 0.0000000000000000000, -0.0000000000000000000, 1.000000000000000000 ) ) ;
#1458 = EDGE_CURVE ( 'NONE', #589, #660, #2180, .T. ) ;
#1459 = DIRECTION ( 'NONE',  ( 0.0000000000000000000, 0.0000000000000000000, -1.000000000000000000 ) ) ;
#1460 = VERTEX_POINT ( 'NONE', #156 ) ;
#1461 = CARTESIAN_POINT ( 'NONE',  ( 38.54519339465910832, -2.065866525254762998, -97.66917664323952408 ) ) ;
#1462 = VERTEX_POINT ( 'NONE', #2338 ) ;
#1463 = AXIS2_PLACEMENT_3D ( 'NONE', #870, #209, #2627 ) ;
#1464 = CARTESIAN_POINT ( 'NONE',  ( 74.41719144519167628, -2.000000000000000000, -100.4344642909484264 ) ) ;
#1465 = ORIENTED_EDGE ( 'NONE', *, *, #1512, .T. ) ;
#1466 = DIRECTION ( 'NONE',  ( 0.0000000000000000000, 0.0000000000000000000, -1.000000000000000000 ) ) ;
#1467 = ORIENTED_EDGE ( 'NONE', *, *, #1595, .T. ) ;
#1468 = CARTESIAN_POINT ( 'NONE',  ( 103.1584062810608060, -29.50000000000000355, -62.11471694911318764 ) ) ;
#1469 = PLANE ( 'NONE',  #1833 ) ;
#1470 = ORIENTED_EDGE ( 'NONE', *, *, #1983, .F. ) ;
#1471 = ORIENTED_EDGE ( 'NONE', *, *, #2496, .T. ) ;
#1472 = VECTOR ( 'NONE', #2488, 1000.000000000000000 ) ;
#1473 = EDGE_CURVE ( 'NONE', #2263, #1641, #2321, .T. ) ;
#1474 = CLOSED_SHELL ( 'NONE', ( #867, #403, #252, #832, #806, #1918, #2630, #1745, #2594, #2842, #2156, #392, #1950, #1731, #236, #647, #2814, #2339, #1495, #157, #219, #616, #631, #1764, #612, #1296, #2142, #1281, #2198, #1741, #371, #1498, #1714, #2580, #1120, #204, #2369, #1241, #1685, #1548, #2151, #421, #1933, #188, #1032, #1963, #2646, #2600, #1, #1330, #1089, #434, #2126, #627, #1698, #659, #416, #1478, #1509, #1729, #871, #2216, #1301, #2382, #2399, #2431, #1703, #1259, #1969, #1937, #175, #449, #1530, #838, #2834, #2625, #466, #1058, #1042, #1903, #664, #1718, #1284, #2785, #385, #1514, #2615, #822, #2353 ) ) ;
#1475 = AXIS2_PLACEMENT_3D ( 'NONE', #1084, #427, #1278 ) ;
#1476 = CARTESIAN_POINT ( 'NONE',  ( 0.0000000000000000000, 0.0000000000000000000, 0.0000000000000000000 ) ) ;
#1477 = CIRCLE ( 'NONE', #954, 3.049999999999955413 ) ;
#1478 = ADVANCED_FACE ( 'NONE', ( #2698, #741 ), #1536, .T. ) ;
#1479 = DIRECTION ( 'NONE',  ( 0.0000000000000000000, 1.000000000000000000, 0.0000000000000000000 ) ) ;
#1480 = AXIS2_PLACEMENT_3D ( 'NONE', #1938, #422, #823 ) ;
#1481 = CYLINDRICAL_SURFACE ( 'NONE', #530, 3.049999999999990052 ) ;
#1482 = DIRECTION ( 'NONE',  ( -0.0000000000000000000, 1.000000000000000000, -0.0000000000000000000 ) ) ;
#1483 = AXIS2_PLACEMENT_3D ( 'NONE', #1821, #2724, #722 ) ;
#1484 = LINE ( 'NONE', #1214, #1844 ) ;
#1485 = CARTESIAN_POINT ( 'NONE',  ( 87.31502107243998978, 12.93413347474523611, -65.14642272391476752 ) ) ;
#1486 = FACE_BOUND ( 'NONE', #816, .T. ) ;
#1487 = MANIFOLD_SOLID_BREP ( 'Cut-Extrude19', #1474 ) ;
#1488 = DIRECTION ( 'NONE',  ( -0.0000000000000000000, 1.000000000000000000, -0.0000000000000000000 ) ) ;
#1489 = EDGE_LOOP ( 'NONE', ( #281, #1617, #138, #2809 ) ) ;
#1490 = CIRCLE ( 'NONE', #2629, 150.0000000000014211 ) ;
#1491 = EDGE_CURVE ( 'NONE', #2064, #1992, #1901, .T. ) ;
#1492 = ORIENTED_EDGE ( 'NONE', *, *, #1929, .T. ) ;
#1493 = CARTESIAN_POINT ( 'NONE',  ( 127.5368130371616360, -33.50000000000000000, -43.64741225490364940 ) ) ;
#1494 = VECTOR ( 'NONE', #2244, 1000.000000000000000 ) ;
#1495 = ADVANCED_FACE ( 'NONE', ( #2491 ), #158, .F. ) ;
#1496 = ORIENTED_EDGE ( 'NONE', *, *, #2605, .T. ) ;
#1497 = CARTESIAN_POINT ( 'NONE',  ( 112.9200857148800168, -34.50000000000000000, -37.13962596569083274 ) ) ;
#1498 = ADVANCED_FACE ( 'NONE', ( #2553, #1520 ), #2395, .T. ) ;
#1499 = ORIENTED_EDGE ( 'NONE', *, *, #1276, .T. ) ;
#1500 = DIRECTION ( 'NONE',  ( 0.0000000000000000000, 1.000000000000000000, 0.0000000000000000000 ) ) ;
#1501 = EDGE_LOOP ( 'NONE', ( #1427, #419, #1853, #2536 ) ) ;
#1502 = AXIS2_PLACEMENT_3D ( 'NONE', #1493, #2818, #1102 ) ;
#1503 = CARTESIAN_POINT ( 'NONE',  ( 112.9200857148800168, -5.065866525254772768, -37.13962596569083274 ) ) ;
#1504 = VERTEX_POINT ( 'NONE', #891 ) ;
#1505 = DIRECTION ( 'NONE',  ( -0.0000000000000000000, 1.000000000000000000, -0.0000000000000000000 ) ) ;
#1506 = CARTESIAN_POINT ( 'NONE',  ( 0.0000000000000000000, 2.000000000000029310, 0.0000000000000000000 ) ) ;
#1507 = DIRECTION ( 'NONE',  ( 0.0000000000000000000, 0.0000000000000000000, 1.000000000000000000 ) ) ;
#1508 = ORIENTED_EDGE ( 'NONE', *, *, #143, .F. ) ;
#1509 = ADVANCED_FACE ( 'NONE', ( #1766, #953 ), #467, .T. ) ;
#1510 = DIRECTION ( 'NONE',  ( 0.0000000000000000000, 0.0000000000000000000, 1.000000000000000000 ) ) ;
#1511 = VERTEX_POINT ( 'NONE', #1121 ) ;
#1512 = EDGE_CURVE ( 'NONE', #203, #2296, #1383, .T. ) ;
#1513 = CIRCLE ( 'NONE', #2472, 5.750000000000005329 ) ;
#1514 = ADVANCED_FACE ( 'NONE', ( #1314, #2421 ), #2752, .F. ) ;
#1515 = CARTESIAN_POINT ( 'NONE',  ( 127.5368130371616360, -29.50000000000000355, -43.64741225490364940 ) ) ;
#1516 = EDGE_CURVE ( 'NONE', #249, #207, #87, .T. ) ;
#1517 = FACE_OUTER_BOUND ( 'NONE', #2066, .T. ) ;
#1518 = CARTESIAN_POINT ( 'NONE',  ( 112.9200857148800168, -29.50000000000000355, -37.13962596569083274 ) ) ;
#1519 = CARTESIAN_POINT ( 'NONE',  ( 103.1584062810608060, -33.50000000000000000, -59.06471694911319048 ) ) ;
#1520 = FACE_BOUND ( 'NONE', #1704, .T. ) ;
#1521 = DIRECTION ( 'NONE',  ( 0.0000000000000000000, -0.0000000000000000000, -1.000000000000000000 ) ) ;
#1522 = AXIS2_PLACEMENT_3D ( 'NONE', #1999, #458, #2640 ) ;
#1523 = CIRCLE ( 'NONE', #2028, 3.049999999999990052 ) ;
#1524 = AXIS2_PLACEMENT_3D ( 'NONE', #1623, #1860, #1205 ) ;
#1525 = LINE ( 'NONE', #2610, #516 ) ;
#1526 = DIRECTION ( 'NONE',  ( 0.0000000000000000000, 0.0000000000000000000, -1.000000000000000000 ) ) ;
#1527 = DIRECTION ( 'NONE',  ( -0.0000000000000000000, -1.000000000000000000, -0.0000000000000000000 ) ) ;
#1528 = CARTESIAN_POINT ( 'NONE',  ( 74.41719144519167628, 6.934133474745236114, -100.4344642909484264 ) ) ;
#1529 = VERTEX_POINT ( 'NONE', #986 ) ;
#1530 = ADVANCED_FACE ( 'NONE', ( #1841 ), #54, .T. ) ;
#1531 = FACE_OUTER_BOUND ( 'NONE', #406, .T. ) ;
#1532 = CARTESIAN_POINT ( 'NONE',  ( 143.1910689449370295, 12.78977953765892117, -37.99049784482367897 ) ) ;
#1533 = EDGE_LOOP ( 'NONE', ( #344, #2026 ) ) ;
#1534 = EDGE_CURVE ( 'NONE', #693, #2802, #674, .T. ) ;
#1535 = CARTESIAN_POINT ( 'NONE',  ( 103.1584062810608060, -5.065866525254772768, -59.06471694911319048 ) ) ;
#1536 = PLANE ( 'NONE',  #289 ) ;
#1537 = ORIENTED_EDGE ( 'NONE', *, *, #2624, .F. ) ;
#1538 = DIRECTION ( 'NONE',  ( 0.0000000000000000000, -0.0000000000000000000, 1.000000000000000000 ) ) ;
#1539 = EDGE_LOOP ( 'NONE', ( #2305, #2019, #1751, #2328 ) ) ;
#1540 = CARTESIAN_POINT ( 'NONE',  ( 0.0000000000000000000, 0.0000000000000000000, 0.0000000000000000000 ) ) ;
#1541 = AXIS2_PLACEMENT_3D ( 'NONE', #2063, #532, #1186 ) ;
#1542 = CARTESIAN_POINT ( 'NONE',  ( 117.7751336033424110, -33.50000000000000000, -62.57250323832607108 ) ) ;
#1543 = CARTESIAN_POINT ( 'NONE',  ( 115.3476096591112139, 8.934133474745236114, -46.30606460200846186 ) ) ;
#1544 = ORIENTED_EDGE ( 'NONE', *, *, #1116, .T. ) ;
#1545 = AXIS2_PLACEMENT_3D ( 'NONE', #1787, #1179, #2589 ) ;
#1546 = VERTEX_POINT ( 'NONE', #2316 ) ;
#1547 = DIRECTION ( 'NONE',  ( 0.0000000000000000000, 0.0000000000000000000, 1.000000000000000000 ) ) ;
#1548 = ADVANCED_FACE ( 'NONE', ( #600 ), #568, .F. ) ;
#1549 = DIRECTION ( 'NONE',  ( 0.0000000000000000000, 1.000000000000000000, 0.0000000000000000000 ) ) ;
#1550 = ORIENTED_EDGE ( 'NONE', *, *, #74, .F. ) ;
#1551 = FACE_OUTER_BOUND ( 'NONE', #1890, .T. ) ;
#1552 = CARTESIAN_POINT ( 'NONE',  ( 135.8146228243622033, 8.934133474745236114, -41.41101304630019087 ) ) ;
#1553 = EDGE_LOOP ( 'NONE', ( #2237, #865, #1705, #1391 ) ) ;
#1554 = DIRECTION ( 'NONE',  ( 0.9586376276061446822, 0.0000000000000000000, 0.2846294063122479234 ) ) ;
#1555 = EDGE_CURVE ( 'NONE', #2447, #1638, #21, .T. ) ;
#1556 = CIRCLE ( 'NONE', #1587, 5.750000000000005329 ) ;
#1557 = CARTESIAN_POINT ( 'NONE',  ( 124.0459626522325465, 12.78977713840710884, -80.99111061854272009 ) ) ;
#1558 = CARTESIAN_POINT ( 'NONE',  ( 0.0000000000000000000, 10.93413347474534625, 0.0000000000000000000 ) ) ;
#1559 = CIRCLE ( 'NONE', #807, 5.749999999999949374 ) ;
#1560 = CARTESIAN_POINT ( 'NONE',  ( 123.8568393781439596, 8.934133474745236114, -81.41588844694685179 ) ) ;
#1561 = PLANE ( 'NONE',  #1522 ) ;
#1562 = CIRCLE ( 'NONE', #590, 112.4999999999999858 ) ;
#1563 = CARTESIAN_POINT ( 'NONE',  ( 141.9829435731390959, 1.062973360872072104E-15, 41.77132670034317385 ) ) ;
#1564 = CARTESIAN_POINT ( 'NONE',  ( 74.41719144519167628, -2.000000000000000000, -103.4344642909484406 ) ) ;
#1565 = AXIS2_PLACEMENT_3D ( 'NONE', #2690, #973, #1364 ) ;
#1566 = LINE ( 'NONE', #1191, #2295 ) ;
#1567 = DIRECTION ( 'NONE',  ( -0.0000000000000000000, 1.000000000000000000, -0.0000000000000000000 ) ) ;
#1568 = DIRECTION ( 'NONE',  ( 0.0000000000000000000, 1.000000000000000000, 0.0000000000000000000 ) ) ;
#1569 = VERTEX_POINT ( 'NONE', #328 ) ;
#1570 = CONICAL_SURFACE ( 'NONE', #2429, 105.0000000000000000, 0.7853981633974412846 ) ;
#1571 = UNCERTAINTY_MEASURE_WITH_UNIT (LENGTH_MEASURE( 1.000000000000000082E-05 ), #2257, 'distance_accuracy_value', 'NONE');
#1572 = ORIENTED_EDGE ( 'NONE', *, *, #1797, .F. ) ;
#1573 = FILL_AREA_STYLE ('',( #688 ) ) ;
#1574 = ORIENTED_EDGE ( 'NONE', *, *, #1959, .T. ) ;
#1575 = CARTESIAN_POINT ( 'NONE',  ( 101.7199885281745537, 6.500000000000000000, 29.81683976929886271 ) ) ;
#1576 = ORIENTED_EDGE ( 'NONE', *, *, #2778, .F. ) ;
#1577 = DIRECTION ( 'NONE',  ( 0.2595768345858131543, 0.7071067811865474617, -0.6577384487365851573 ) ) ;
#1578 = VERTEX_POINT ( 'NONE', #1655 ) ;
#1579 = EDGE_CURVE ( 'NONE', #189, #2746, #1115, .T. ) ;
#1580 = AXIS2_PLACEMENT_3D ( 'NONE', #2291, #100, #748 ) ;
#1581 = EDGE_LOOP ( 'NONE', ( #994, #1073 ) ) ;
#1582 = DIRECTION ( 'NONE',  ( -0.2595768345858149306, 0.7071067811865425767, 0.6577384487365897092 ) ) ;
#1583 = ORIENTED_EDGE ( 'NONE', *, *, #19, .F. ) ;
#1584 = DIRECTION ( 'NONE',  ( -0.0000000000000000000, -1.000000000000000000, -0.0000000000000000000 ) ) ;
#1585 = ORIENTED_EDGE ( 'NONE', *, *, #250, .T. ) ;
#1586 = CARTESIAN_POINT ( 'NONE',  ( 103.1584062810608060, -29.50000000000000355, -57.81471694911319048 ) ) ;
#1587 = AXIS2_PLACEMENT_3D ( 'NONE', #2031, #1606, #1832 ) ;
#1588 = EDGE_LOOP ( 'NONE', ( #2637, #698, #1855, #1004 ) ) ;
#1589 = VECTOR ( 'NONE', #678, 1000.000000000000000 ) ;
#1590 = CYLINDRICAL_SURFACE ( 'NONE', #1051, 3.049999999999990052 ) ;
#1591 = DIRECTION ( 'NONE',  ( -0.0000000000000000000, -1.000000000000000000, -0.0000000000000000000 ) ) ;
#1592 = CARTESIAN_POINT ( 'NONE',  ( 102.1735943129839512, 12.93413347474523611, -31.77352081790404270 ) ) ;
#1593 = CARTESIAN_POINT ( 'NONE',  ( 115.3476096591112139, -7.000000000000000000, -51.35606460200842349 ) ) ;
#1594 = CIRCLE ( 'NONE', #2340, 3.049999999999990052 ) ;
#1595 = EDGE_CURVE ( 'NONE', #1274, #1861, #2290, .T. ) ;
#1596 = VECTOR ( 'NONE', #1240, 1000.000000000000227 ) ;
#1597 = CARTESIAN_POINT ( 'NONE',  ( 123.8568393781439596, 12.71448716445003413, -81.41588844694685179 ) ) ;
#1598 = LINE ( 'NONE', #780, #1047 ) ;
#1599 = AXIS2_PLACEMENT_3D ( 'NONE', #852, #1488, #2581 ) ;
#1600 = DIRECTION ( 'NONE',  ( 0.0000000000000000000, 1.000000000000000000, 0.0000000000000000000 ) ) ;
#1601 = CARTESIAN_POINT ( 'NONE',  ( 92.89274795880264435, 0.4568651723716697921, -62.64674138135695358 ) ) ;
#1602 = CIRCLE ( 'NONE', #1444, 5.049999999999984723 ) ;
#1603 = DIRECTION ( 'NONE',  ( 0.0000000000000000000, -1.000000000000000000, 0.0000000000000000000 ) ) ;
#1604 = EDGE_LOOP ( 'NONE', ( #809, #423 ) ) ;
#1605 = EDGE_LOOP ( 'NONE', ( #2341, #1305, #1465, #545 ) ) ;
#1606 = DIRECTION ( 'NONE',  ( 0.0000000000000000000, -1.000000000000000000, 0.0000000000000000000 ) ) ;
#1607 = CARTESIAN_POINT ( 'NONE',  ( 106.8383799400784255, 12.93413347474523611, -21.29624075707002717 ) ) ;
#1608 = ORIENTED_EDGE ( 'NONE', *, *, #388, .T. ) ;
#1609 = ORIENTED_EDGE ( 'NONE', *, *, #2531, .T. ) ;
#1610 = CARTESIAN_POINT ( 'NONE',  ( 115.3179025799882851, 12.93413347474523611, 54.33029858700159309 ) ) ;
#1611 = EDGE_CURVE ( 'NONE', #1265, #1546, #1728, .T. ) ;
#1612 = CARTESIAN_POINT ( 'NONE',  ( 74.41719144519167628, -2.000000000000000000, -112.9344642909484264 ) ) ;
#1613 = CARTESIAN_POINT ( 'NONE',  ( 0.0000000000000000000, 0.0000000000000000000, 0.0000000000000000000 ) ) ;
#1614 = ORIENTED_EDGE ( 'NONE', *, *, #2583, .F. ) ;
#1615 = VERTEX_POINT ( 'NONE', #2511 ) ;
#1616 = EDGE_CURVE ( 'NONE', #782, #348, #538, .T. ) ;
#1617 = ORIENTED_EDGE ( 'NONE', *, *, #1473, .F. ) ;
#1618 = PRODUCT_DEFINITION_CONTEXT ( 'detailed design', #2230, 'design' ) ;
#1619 = AXIS2_PLACEMENT_3D ( 'NONE', #985, #176, #1690 ) ;
#1620 = VERTEX_POINT ( 'NONE', #336 ) ;
#1621 = CIRCLE ( 'NONE', #1082, 3.000000000000009770 ) ;
#1622 = VERTEX_POINT ( 'NONE', #817 ) ;
#1623 = CARTESIAN_POINT ( 'NONE',  ( 103.1584062810608060, -29.50000000000000355, -59.06471694911319048 ) ) ;
#1624 = CIRCLE ( 'NONE', #655, 1.250000000000001110 ) ;
#1625 = LINE ( 'NONE', #160, #1045 ) ;
#1626 = DIRECTION ( 'NONE',  ( -0.0000000000000000000, 1.000000000000000000, -0.0000000000000000000 ) ) ;
#1627 = CARTESIAN_POINT ( 'NONE',  ( 100.4746297107424056, 12.44494125855718103, -35.58945779210019111 ) ) ;
#1628 = CARTESIAN_POINT ( 'NONE',  ( 115.3476096591112139, -7.000000000000000000, -51.35606460200842349 ) ) ;
#1629 = EDGE_CURVE ( 'NONE', #67, #1202, #2253, .T. ) ;
#1630 = FACE_BOUND ( 'NONE', #380, .T. ) ;
#1631 = AXIS2_PLACEMENT_3D ( 'NONE', #1308, #1316, #1761 ) ;
#1632 = FACE_OUTER_BOUND ( 'NONE', #2136, .T. ) ;
#1633 = AXIS2_PLACEMENT_3D ( 'NONE', #451, #245, #2663 ) ;
#1634 = ORIENTED_EDGE ( 'NONE', *, *, #280, .F. ) ;
#1635 = FACE_OUTER_BOUND ( 'NONE', #2060, .T. ) ;
#1636 = CARTESIAN_POINT ( 'NONE',  ( 117.7751336033424110, -29.50000000000000355, -65.57250323832603556 ) ) ;
#1637 = DIRECTION ( 'NONE',  ( 0.0000000000000000000, 0.0000000000000000000, -1.000000000000000000 ) ) ;
#1638 = VERTEX_POINT ( 'NONE', #1027 ) ;
#1639 = EDGE_LOOP ( 'NONE', ( #2030, #1927 ) ) ;
#1640 = AXIS2_PLACEMENT_3D ( 'NONE', #2390, #440, #1956 ) ;
#1641 = VERTEX_POINT ( 'NONE', #1693 ) ;
#1642 = DIRECTION ( 'NONE',  ( 0.0000000000000000000, -1.000000000000000000, 0.0000000000000000000 ) ) ;
#1643 = ORIENTED_EDGE ( 'NONE', *, *, #784, .F. ) ;
#1644 = DIRECTION ( 'NONE',  ( 0.0000000000000000000, 0.0000000000000000000, -1.000000000000000000 ) ) ;
#1645 = CARTESIAN_POINT ( 'NONE',  ( 115.3476096591112139, 8.934133474745236114, -51.35606460200842349 ) ) ;
#1646 = EDGE_LOOP ( 'NONE', ( #2681, #1038 ) ) ;
#1647 = EDGE_CURVE ( 'NONE', #641, #1815, #2145, .T. ) ;
#1648 = CARTESIAN_POINT ( 'NONE',  ( 74.41719144519167628, -2.000000000000000000, -100.4344642909484264 ) ) ;
#1649 = ORIENTED_EDGE ( 'NONE', *, *, #778, .T. ) ;
#1650 = EDGE_LOOP ( 'NONE', ( #1537, #34, #1040, #760 ) ) ;
#1651 = ORIENTED_EDGE ( 'NONE', *, *, #1595, .F. ) ;
#1652 = CIRCLE ( 'NONE', #904, 1.850000000000004530 ) ;
#1653 = AXIS2_PLACEMENT_3D ( 'NONE', #195, #1722, #1065 ) ;
#1654 = CIRCLE ( 'NONE', #1790, 1.850000000000004530 ) ;
#1655 = CARTESIAN_POINT ( 'NONE',  ( 112.9200857148800168, -29.50000000000000355, -34.08962596569084269 ) ) ;
#1656 = LINE ( 'NONE', #1299, #1213 ) ;
#1657 = CARTESIAN_POINT ( 'NONE',  ( 117.7751336033424110, -33.50000000000000000, -65.57250323832603556 ) ) ;
#1658 = FACE_OUTER_BOUND ( 'NONE', #81, .T. ) ;
#1659 = EDGE_CURVE ( 'NONE', #1791, #1367, #1625, .T. ) ;
#1660 = FACE_OUTER_BOUND ( 'NONE', #1539, .T. ) ;
#1661 = DIRECTION ( 'NONE',  ( -0.0000000000000000000, -1.000000000000000000, -0.0000000000000000000 ) ) ;
#1662 = EDGE_CURVE ( 'NONE', #2845, #1372, #1559, .T. ) ;
#1663 = FACE_BOUND ( 'NONE', #752, .T. ) ;
#1664 = CARTESIAN_POINT ( 'NONE',  ( 103.1584062810608060, -33.50000000000000000, -59.06471694911319048 ) ) ;
#1665 = DIRECTION ( 'NONE',  ( -0.9135454576425999784, -0.0000000000000000000, 0.4067366430758022067 ) ) ;
#1666 = ORIENTED_EDGE ( 'NONE', *, *, #1011, .F. ) ;
#1667 = ORIENTED_EDGE ( 'NONE', *, *, #2828, .F. ) ;
#1668 = AXIS2_PLACEMENT_3D ( 'NONE', #369, #802, #1029 ) ;
#1669 = ORIENTED_EDGE ( 'NONE', *, *, #1473, .T. ) ;
#1670 = VERTEX_POINT ( 'NONE', #1485 ) ;
#1671 = AXIS2_PLACEMENT_3D ( 'NONE', #1519, #1107, #839 ) ;
#1672 = DIRECTION ( 'NONE',  ( 0.0000000000000000000, 1.000000000000000000, 0.0000000000000000000 ) ) ;
#1673 = DIRECTION ( 'NONE',  ( 0.0000000000000000000, 0.0000000000000000000, -1.000000000000000000 ) ) ;
#1674 = CARTESIAN_POINT ( 'NONE',  ( 103.1584062810608060, -49.49999999999998579, -59.06471694911319048 ) ) ;
#1675 = ORIENTED_EDGE ( 'NONE', *, *, #1458, .T. ) ;
#1676 = ORIENTED_EDGE ( 'NONE', *, *, #366, .T. ) ;
#1677 = DIRECTION ( 'NONE',  ( 0.0000000000000000000, -1.000000000000000000, 0.0000000000000000000 ) ) ;
#1678 = EDGE_LOOP ( 'NONE', ( #1088, #295 ) ) ;
#1679 = EDGE_CURVE ( 'NONE', #2711, #1287, #1280, .T. ) ;
#1680 =( GEOMETRIC_REPRESENTATION_CONTEXT ( 3 ) GLOBAL_UNCERTAINTY_ASSIGNED_CONTEXT ( ( #2587 ) ) GLOBAL_UNIT_ASSIGNED_CONTEXT ( ( #706, #2679, #1772 ) ) REPRESENTATION_CONTEXT ( 'NONE', 'WORKASPACE' ) );
#1681 = DIRECTION ( 'NONE',  ( 0.0000000000000000000, 0.0000000000000000000, 1.000000000000000000 ) ) ;
#1682 = DIRECTION ( 'NONE',  ( -0.0000000000000000000, 1.000000000000000000, -0.0000000000000000000 ) ) ;
#1683 = EDGE_LOOP ( 'NONE', ( #1850, #1378 ) ) ;
#1684 = DIRECTION ( 'NONE',  ( -0.0000000000000000000, 1.000000000000000000, -0.0000000000000000000 ) ) ;
#1685 = ADVANCED_FACE ( 'NONE', ( #1080, #471 ), #1245, .T. ) ;
#1686 = CARTESIAN_POINT ( 'NONE',  ( 110.2353500103694159, -7.065866525254767438, -28.17238704017772122 ) ) ;
#1687 = EDGE_CURVE ( 'NONE', #574, #1965, #710, .T. ) ;
#1688 = ORIENTED_EDGE ( 'NONE', *, *, #1779, .F. ) ;
#1689 = CIRCLE ( 'NONE', #792, 1.250000000000042633 ) ;
#1690 = DIRECTION ( 'NONE',  ( 0.0000000000000000000, 0.0000000000000000000, 1.000000000000000000 ) ) ;
#1691 = AXIS2_PLACEMENT_3D ( 'NONE', #1322, #682, #900 ) ;
#1692 = FACE_OUTER_BOUND ( 'NONE', #409, .T. ) ;
#1693 = CARTESIAN_POINT ( 'NONE',  ( 127.5368130371616360, -29.50000000000000355, -46.69741225490363945 ) ) ;
#1694 = CARTESIAN_POINT ( 'NONE',  ( 87.31502107243998978, 8.934133474745236114, -65.14642272391476752 ) ) ;
#1695 = CIRCLE ( 'NONE', #2356, 5.049999999999957190 ) ;
#1696 = EDGE_CURVE ( 'NONE', #69, #1031, #1803, .T. ) ;
#1697 = CARTESIAN_POINT ( 'NONE',  ( 103.1584062810608060, 8.934133474745236114, -59.06471694911319048 ) ) ;
#1698 = ADVANCED_FACE ( 'NONE', ( #1692 ), #1277, .T. ) ;
#1699 = EDGE_LOOP ( 'NONE', ( #200, #1608, #411, #2300, #1960 ) ) ;
#1700 = LINE ( 'NONE', #2144, #843 ) ;
#1701 = DIRECTION ( 'NONE',  ( 0.0000000000000000000, -0.0000000000000000000, -1.000000000000000000 ) ) ;
#1702 = ORIENTED_EDGE ( 'NONE', *, *, #944, .F. ) ;
#1703 = ADVANCED_FACE ( 'NONE', ( #1658, #1149 ), #624, .T. ) ;
#1704 = EDGE_LOOP ( 'NONE', ( #1884, #1508 ) ) ;
#1705 = ORIENTED_EDGE ( 'NONE', *, *, #620, .T. ) ;
#1706 = AXIS2_PLACEMENT_3D ( 'NONE', #1628, #2734, #1408 ) ;
#1707 = CARTESIAN_POINT ( 'NONE',  ( 103.1584062810608060, -34.50000000000000000, -59.06471694911319048 ) ) ;
#1708 = ORIENTED_EDGE ( 'NONE', *, *, #2665, .T. ) ;
#1709 = DIRECTION ( 'NONE',  ( 0.0000000000000000000, 0.0000000000000000000, 1.000000000000000000 ) ) ;
#1710 = DIRECTION ( 'NONE',  ( 0.0000000000000000000, 0.0000000000000000000, -1.000000000000000000 ) ) ;
#1711 = ORIENTED_EDGE ( 'NONE', *, *, #148, .T. ) ;
#1712 = CARTESIAN_POINT ( 'NONE',  ( 117.7751336033424110, -29.50000000000000355, -65.57250323832603556 ) ) ;
#1713 = CARTESIAN_POINT ( 'NONE',  ( 127.5368130371616360, -33.50000000000000000, -43.64741225490364940 ) ) ;
#1714 = ADVANCED_FACE ( 'NONE', ( #431 ), #1936, .T. ) ;
#1715 = DIRECTION ( 'NONE',  ( -0.0000000000000000000, 1.000000000000000000, -0.0000000000000000000 ) ) ;
#1716 = ORIENTED_EDGE ( 'NONE', *, *, #2699, .F. ) ;
#1717 = ORIENTED_EDGE ( 'NONE', *, *, #1785, .T. ) ;
#1718 = ADVANCED_FACE ( 'NONE', ( #2697 ), #2489, .F. ) ;
#1719 = EDGE_CURVE ( 'NONE', #2101, #465, #1838, .T. ) ;
#1720 = VERTEX_POINT ( 'NONE', #1987 ) ;
#1721 = FACE_OUTER_BOUND ( 'NONE', #652, .T. ) ;
#1722 = DIRECTION ( 'NONE',  ( -0.0000000000000000000, 1.000000000000000000, -0.0000000000000000000 ) ) ;
#1723 = CARTESIAN_POINT ( 'NONE',  ( 0.0000000000000000000, 112.5000000000008242, 0.0000000000000000000 ) ) ;
#1724 = CYLINDRICAL_SURFACE ( 'NONE', #514, 2.999999999999960920 ) ;
#1725 = CARTESIAN_POINT ( 'NONE',  ( 74.41719144519167628, 12.93413347474523611, -100.4344642909484264 ) ) ;
#1726 = AXIS2_PLACEMENT_3D ( 'NONE', #849, #2161, #2178 ) ;
#1727 = LINE ( 'NONE', #885, #85 ) ;
#1728 = CIRCLE ( 'NONE', #1215, 148.0000000000001421 ) ;
#1729 = ADVANCED_FACE ( 'NONE', ( #915, #1517 ), #2792, .T. ) ;
#1730 = FACE_OUTER_BOUND ( 'NONE', #2326, .T. ) ;
#1731 = ADVANCED_FACE ( 'NONE', ( #2623 ), #1971, .T. ) ;
#1732 = CARTESIAN_POINT ( 'NONE',  ( 55.06456199237020144, 2.000000000000066613, -139.5273952046279931 ) ) ;
#1733 = VECTOR ( 'NONE', #910, 1000.000000000000000 ) ;
#1734 = EDGE_CURVE ( 'NONE', #495, #2226, #740, .T. ) ;
#1735 = VERTEX_POINT ( 'NONE', #1762 ) ;
#1736 = CIRCLE ( 'NONE', #2522, 3.049999999999990052 ) ;
#1737 = ORIENTED_EDGE ( 'NONE', *, *, #2444, .T. ) ;
#1738 = DIRECTION ( 'NONE',  ( -0.0000000000000000000, 1.000000000000000000, -0.0000000000000000000 ) ) ;
#1739 = AXIS2_PLACEMENT_3D ( 'NONE', #2365, #1479, #183 ) ;
#1740 = ORIENTED_EDGE ( 'NONE', *, *, #383, .F. ) ;
#1741 = ADVANCED_FACE ( 'NONE', ( #1800 ), #2830, .F. ) ;
#1742 = DIRECTION ( 'NONE',  ( 0.0000000000000000000, 1.000000000000000000, 0.0000000000000000000 ) ) ;
#1743 = VERTEX_POINT ( 'NONE', #228 ) ;
#1744 = DIRECTION ( 'NONE',  ( -0.0000000000000000000, 1.000000000000000000, -0.0000000000000000000 ) ) ;
#1745 = ADVANCED_FACE ( 'NONE', ( #298 ), #333, .T. ) ;
#1746 = DIRECTION ( 'NONE',  ( 0.0000000000000000000, -1.000000000000000000, 0.0000000000000000000 ) ) ;
#1747 = EDGE_LOOP ( 'NONE', ( #2206, #1788 ) ) ;
#1748 = DIRECTION ( 'NONE',  ( 0.0000000000000000000, 0.0000000000000000000, 1.000000000000000000 ) ) ;
#1749 = CARTESIAN_POINT ( 'NONE',  ( 103.1584062810608060, 0.0000000000000000000, -64.81471694911320469 ) ) ;
#1750 = DIRECTION ( 'NONE',  ( 0.0000000000000000000, 0.0000000000000000000, -1.000000000000000000 ) ) ;
#1751 = ORIENTED_EDGE ( 'NONE', *, *, #2076, .T. ) ;
#1752 = CARTESIAN_POINT ( 'NONE',  ( 127.5368130371616360, 8.934133474745236114, -46.69741225490363945 ) ) ;
#1753 = CARTESIAN_POINT ( 'NONE',  ( 127.5368130371616360, -34.50000000000000000, -37.89741225490364229 ) ) ;
#1754 = EDGE_LOOP ( 'NONE', ( #2613, #999 ) ) ;
#1755 = EDGE_CURVE ( 'NONE', #1641, #2263, #565, .T. ) ;
#1756 = CYLINDRICAL_SURFACE ( 'NONE', #318, 5.049999999999984723 ) ;
#1757 = DIRECTION ( 'NONE',  ( -0.0000000000000000000, -1.000000000000000000, -0.0000000000000000000 ) ) ;
#1758 = VERTEX_POINT ( 'NONE', #1749 ) ;
#1759 = EDGE_CURVE ( 'NONE', #1620, #2817, #2383, .T. ) ;
#1760 = LINE ( 'NONE', #1273, #1182 ) ;
#1761 = DIRECTION ( 'NONE',  ( 0.0000000000000000000, 0.0000000000000000000, 1.000000000000000000 ) ) ;
#1762 = CARTESIAN_POINT ( 'NONE',  ( 115.3476096591112139, -7.000000000000000000, -46.30606460200844054 ) ) ;
#1763 = DIRECTION ( 'NONE',  ( 0.0000000000000000000, -1.000000000000000000, 0.0000000000000000000 ) ) ;
#1764 = ADVANCED_FACE ( 'NONE', ( #2550 ), #2043, .F. ) ;
#1765 = CARTESIAN_POINT ( 'NONE',  ( 135.8146228243622033, 0.0000000000000000000, -37.71101304630018092 ) ) ;
#1766 = FACE_BOUND ( 'NONE', #826, .T. ) ;
#1767 = AXIS2_PLACEMENT_3D ( 'NONE', #1849, #1246, #2361 ) ;
#1768 = CIRCLE ( 'NONE', #888, 5.049999999999957190 ) ;
#1769 = CARTESIAN_POINT ( 'NONE',  ( 143.2611310085395075, 1.333333319707261877, 42.15083374285545403 ) ) ;
#1770 = DIRECTION ( 'NONE',  ( 0.0000000000000000000, 1.000000000000000000, 0.0000000000000000000 ) ) ;
#1771 = CIRCLE ( 'NONE', #2271, 1.850000000000004530 ) ;
#1772 =( NAMED_UNIT ( * ) SI_UNIT ( $, .STERADIAN. ) SOLID_ANGLE_UNIT ( ) );
#1773 = PLANE ( 'NONE',  #541 ) ;
#1774 = ORIENTED_EDGE ( 'NONE', *, *, #1312, .F. ) ;
#1775 = CIRCLE ( 'NONE', #2188, 2.999999999999960920 ) ;
#1776 = VERTEX_POINT ( 'NONE', #675 ) ;
#1777 = VERTEX_POINT ( 'NONE', #1945 ) ;
#1778 = CARTESIAN_POINT ( 'NONE',  ( 123.8568393781439596, 12.71448716445003413, -81.41588844694685179 ) ) ;
#1779 = EDGE_CURVE ( 'NONE', #758, #2464, #1078, .T. ) ;
#1780 = CARTESIAN_POINT ( 'NONE',  ( 120.2772830588665727, -7.065866525254767438, -76.30844952824749328 ) ) ;
#1781 = AXIS2_PLACEMENT_3D ( 'NONE', #633, #1505, #1104 ) ;
#1782 = ORIENTED_EDGE ( 'NONE', *, *, #553, .F. ) ;
#1783 = ORIENTED_EDGE ( 'NONE', *, *, #2531, .F. ) ;
#1784 = CARTESIAN_POINT ( 'NONE',  ( 110.2353500103694159, -7.065866525254767438, -30.02238704017772619 ) ) ;
#1785 = EDGE_CURVE ( 'NONE', #1743, #2654, #2765, .T. ) ;
#1786 = DIRECTION ( 'NONE',  ( -0.0000000000000000000, 1.000000000000000000, -0.0000000000000000000 ) ) ;
#1787 = CARTESIAN_POINT ( 'NONE',  ( 127.5368130371616360, -33.50000000000000000, -43.64741225490364940 ) ) ;
#1788 = ORIENTED_EDGE ( 'NONE', *, *, #2704, .F. ) ;
#1789 = CARTESIAN_POINT ( 'NONE',  ( 120.2772830588665727, 8.934133474745236114, -76.30844952824749328 ) ) ;
#1790 = AXIS2_PLACEMENT_3D ( 'NONE', #1948, #636, #872 ) ;
#1791 = VERTEX_POINT ( 'NONE', #2186 ) ;
#1792 = DIRECTION ( 'NONE',  ( -0.0000000000000000000, 1.000000000000000000, -0.0000000000000000000 ) ) ;
#1793 = ORIENTED_EDGE ( 'NONE', *, *, #1257, .F. ) ;
#1794 = CARTESIAN_POINT ( 'NONE',  ( 112.9200857148800168, -33.50000000000000000, -37.13962596569083274 ) ) ;
#1795 = ORIENTED_EDGE ( 'NONE', *, *, #2789, .T. ) ;
#1796 = CARTESIAN_POINT ( 'NONE',  ( 103.1584062810608060, -34.50000000000000000, -62.06471694911320469 ) ) ;
#1797 = EDGE_CURVE ( 'NONE', #995, #1529, #1656, .T. ) ;
#1798 = LINE ( 'NONE', #1461, #1212 ) ;
#1799 = DIRECTION ( 'NONE',  ( -0.0000000000000000000, -1.000000000000000000, -0.0000000000000000000 ) ) ;
#1800 = FACE_OUTER_BOUND ( 'NONE', #459, .T. ) ;
#1801 = DIRECTION ( 'NONE',  ( 0.0000000000000000000, 0.0000000000000000000, -1.000000000000000000 ) ) ;
#1802 = CARTESIAN_POINT ( 'NONE',  ( 112.9200857148800168, 8.934133474745236114, -37.13962596569083274 ) ) ;
#1803 = CIRCLE ( 'NONE', #1162, 1.250000000000001110 ) ;
#1804 = DIRECTION ( 'NONE',  ( 0.0000000000000000000, 0.0000000000000000000, 1.000000000000000000 ) ) ;
#1805 = CIRCLE ( 'NONE', #2612, 12.49999999999999645 ) ;
#1806 = CARTESIAN_POINT ( 'NONE',  ( 106.8383799400784255, 12.93413347474523611, -21.29624075707002717 ) ) ;
#1807 = DIRECTION ( 'NONE',  ( 0.0000000000000000000, -0.0000000000000000000, -1.000000000000000000 ) ) ;
#1808 = LINE ( 'NONE', #1694, #2013 ) ;
#1809 = DIRECTION ( 'NONE',  ( 0.0000000000000000000, 1.000000000000000000, 0.0000000000000000000 ) ) ;
#1810 = CARTESIAN_POINT ( 'NONE',  ( 94.69801024487377106, -7.065866525254767438, -64.91982352212504281 ) ) ;
#1811 = ORIENTED_EDGE ( 'NONE', *, *, #1439, .F. ) ;
#1812 = VECTOR ( 'NONE', #1862, 1000.000000000000000 ) ;
#1813 = ORIENTED_EDGE ( 'NONE', *, *, #668, .F. ) ;
#1814 = CARTESIAN_POINT ( 'NONE',  ( 117.7751336033424110, -34.50000000000000000, -71.32250323832597871 ) ) ;
#1815 = VERTEX_POINT ( 'NONE', #1977 ) ;
#1816 = EDGE_CURVE ( 'NONE', #1024, #1622, #1446, .T. ) ;
#1817 = CARTESIAN_POINT ( 'NONE',  ( 38.54519339465910832, 10.93413347474516506, -97.66917664323953829 ) ) ;
#1818 = ORIENTED_EDGE ( 'NONE', *, *, #526, .T. ) ;
#1819 = DIRECTION ( 'NONE',  ( 0.0000000000000000000, 0.0000000000000000000, 1.000000000000000000 ) ) ;
#1820 = VERTEX_POINT ( 'NONE', #1093 ) ;
#1821 = CARTESIAN_POINT ( 'NONE',  ( 103.1584062810608060, -33.50000000000000000, -59.06471694911319048 ) ) ;
#1822 = EDGE_CURVE ( 'NONE', #1620, #1274, #632, .T. ) ;
#1823 = CARTESIAN_POINT ( 'NONE',  ( 127.5368130371616360, -33.50000000000000000, -46.64741225490362098 ) ) ;
#1824 = ORIENTED_EDGE ( 'NONE', *, *, #2807, .F. ) ;
#1825 = CARTESIAN_POINT ( 'NONE',  ( 108.4099486660402363, 0.5718088099645294298, -27.84279501488301634 ) ) ;
#1826 = CARTESIAN_POINT ( 'NONE',  ( 117.7751336033424110, 8.934133474745236114, -65.57250323832603556 ) ) ;
#1827 = ORIENTED_EDGE ( 'NONE', *, *, #2756, .T. ) ;
#1828 = AXIS2_PLACEMENT_3D ( 'NONE', #625, #635, #1507 ) ;
#1829 = CARTESIAN_POINT ( 'NONE',  ( 115.3476096591112139, 3.129999999999999893, -51.35606460200842349 ) ) ;
#1830 = DIRECTION ( 'NONE',  ( 0.0000000000000000000, 1.000000000000000000, 0.0000000000000000000 ) ) ;
#1831 = ORIENTED_EDGE ( 'NONE', *, *, #521, .F. ) ;
#1832 = DIRECTION ( 'NONE',  ( 0.0000000000000000000, 0.0000000000000000000, -1.000000000000000000 ) ) ;
#1833 = AXIS2_PLACEMENT_3D ( 'NONE', #1664, #578, #2114 ) ;
#1834 = ORIENTED_EDGE ( 'NONE', *, *, #442, .T. ) ;
#1835 = ORIENTED_EDGE ( 'NONE', *, *, #2020, .F. ) ;
#1836 = CARTESIAN_POINT ( 'NONE',  ( 108.3918037670964623, 0.4568651723716358748, -28.37064865588232365 ) ) ;
#1837 = CARTESIAN_POINT ( 'NONE',  ( 127.5368130371616360, -49.49999999999998579, -43.64741225490364940 ) ) ;
#1838 = CIRCLE ( 'NONE', #137, 150.0000000000000568 ) ;
#1839 = DIRECTION ( 'NONE',  ( 0.0000000000000000000, 0.0000000000000000000, -1.000000000000000000 ) ) ;
#1840 = EDGE_CURVE ( 'NONE', #135, #1129, #1594, .T. ) ;
#1841 = FACE_OUTER_BOUND ( 'NONE', #963, .T. ) ;
#1842 = CARTESIAN_POINT ( 'NONE',  ( 123.7890586081358180, 12.78770334236291895, -81.38571050382691396 ) ) ;
#1843 = DIRECTION ( 'NONE',  ( -0.0000000000000000000, -1.000000000000000000, -0.0000000000000000000 ) ) ;
#1844 = VECTOR ( 'NONE', #2083, 1000.000000000000000 ) ;
#1845 = AXIS2_PLACEMENT_3D ( 'NONE', #2354, #1236, #796 ) ;
#1846 = CARTESIAN_POINT ( 'NONE',  ( 112.9200857148800168, 8.934133474745236114, -34.08962596569084269 ) ) ;
#1847 = CARTESIAN_POINT ( 'NONE',  ( 108.6599343346890834, -5.432800882571329281E-15, -29.14221457578429053 ) ) ;
#1848 = CIRCLE ( 'NONE', #79, 1.850000000000004530 ) ;
#1849 = CARTESIAN_POINT ( 'NONE',  ( 74.41719144519167628, 6.934133474745236114, -100.4344642909484264 ) ) ;
#1850 = ORIENTED_EDGE ( 'NONE', *, *, #1315, .F. ) ;
#1851 = FACE_BOUND ( 'NONE', #2018, .T. ) ;
#1852 = DIRECTION ( 'NONE',  ( 0.0000000000000000000, 0.0000000000000000000, -1.000000000000000000 ) ) ;
#1853 = ORIENTED_EDGE ( 'NONE', *, *, #143, .T. ) ;
#1854 = CARTESIAN_POINT ( 'NONE',  ( 108.6599343346890834, -5.432800882571329281E-15, -29.14221457578429053 ) ) ;
#1855 = ORIENTED_EDGE ( 'NONE', *, *, #599, .T. ) ;
#1856 = CARTESIAN_POINT ( 'NONE',  ( 117.7751336033424110, -5.065866525254772768, -65.57250323832603556 ) ) ;
#1857 = EDGE_CURVE ( 'NONE', #1641, #2464, #2523, .T. ) ;
#1858 = ORIENTED_EDGE ( 'NONE', *, *, #1816, .T. ) ;
#1859 = DIRECTION ( 'NONE',  ( 0.0000000000000000000, 0.0000000000000000000, 1.000000000000000000 ) ) ;
#1860 = DIRECTION ( 'NONE',  ( 0.0000000000000000000, 1.000000000000000000, 0.0000000000000000000 ) ) ;
#1861 = VERTEX_POINT ( 'NONE', #1575 ) ;
#1862 = DIRECTION ( 'NONE',  ( -0.0000000000000000000, 1.000000000000000000, -0.0000000000000000000 ) ) ;
#1863 = ORIENTED_EDGE ( 'NONE', *, *, #2201, .T. ) ;
#1864 = PRESENTATION_LAYER_ASSIGNMENT (  '', '', ( #1952 ) ) ;
#1865 = ORIENTED_EDGE ( 'NONE', *, *, #699, .T. ) ;
#1866 = CARTESIAN_POINT ( 'NONE',  ( 112.9200857148800168, -33.50000000000000000, -34.13962596569082564 ) ) ;
#1867 = ORIENTED_EDGE ( 'NONE', *, *, #2312, .T. ) ;
#1868 = CARTESIAN_POINT ( 'NONE',  ( 103.1584062810608060, 0.0000000000000000000, -59.06471694911319048 ) ) ;
#1869 = CONICAL_SURFACE ( 'NONE', #65, 148.0000000000001421, 0.7853981633974552734 ) ;
#1870 = UNCERTAINTY_MEASURE_WITH_UNIT (LENGTH_MEASURE( 1.000000000000000082E-05 ), #866, 'distance_accuracy_value', 'NONE');
#1871 = FACE_OUTER_BOUND ( 'NONE', #2403, .T. ) ;
#1872 = DIRECTION ( 'NONE',  ( -0.0000000000000000000, 1.000000000000000000, 0.0000000000000000000 ) ) ;
#1873 = EDGE_CURVE ( 'NONE', #320, #2540, #2176, .T. ) ;
#1874 = CIRCLE ( 'NONE', #841, 3.000000000000009770 ) ;
#1875 = CARTESIAN_POINT ( 'NONE',  ( 127.5368130371616360, -29.50000000000000355, -40.59741225490365935 ) ) ;
#1876 = DIRECTION ( 'NONE',  ( -0.0000000000000000000, 1.000000000000000000, -0.0000000000000000000 ) ) ;
#1877 = VECTOR ( 'NONE', #1907, 1000.000000000000114 ) ;
#1878 = AXIS2_PLACEMENT_3D ( 'NONE', #1067, #420, #1946 ) ;
#1879 = ORIENTED_EDGE ( 'NONE', *, *, #1386, .T. ) ;
#1880 = VECTOR ( 'NONE', #1665, 1000.000000000000000 ) ;
#1881 = ORIENTED_EDGE ( 'NONE', *, *, #2259, .F. ) ;
#1882 = VECTOR ( 'NONE', #1961, 1000.000000000000000 ) ;
#1883 = AXIS2_PLACEMENT_3D ( 'NONE', #2304, #2106, #1425 ) ;
#1884 = ORIENTED_EDGE ( 'NONE', *, *, #425, .F. ) ;
#1885 = VERTEX_POINT ( 'NONE', #937 ) ;
#1886 = DIRECTION ( 'NONE',  ( -0.0000000000000000000, 1.000000000000000000, -0.0000000000000000000 ) ) ;
#1887 = ORIENTED_EDGE ( 'NONE', *, *, #1390, .F. ) ;
#1888 = EDGE_CURVE ( 'NONE', #1021, #824, #1381, .T. ) ;
#1889 = CARTESIAN_POINT ( 'NONE',  ( 112.9200857148800168, -33.50000000000000000, -40.13962596569084695 ) ) ;
#1890 = EDGE_LOOP ( 'NONE', ( #493, #580, #1499, #935 ) ) ;
#1891 = CARTESIAN_POINT ( 'NONE',  ( 102.1735943129839512, 12.93413347474523611, -31.77352081790404270 ) ) ;
#1892 = ORIENTED_EDGE ( 'NONE', *, *, #2259, .T. ) ;
#1893 = ORIENTED_EDGE ( 'NONE', *, *, #2644, .F. ) ;
#1894 = LINE ( 'NONE', #1353, #2483 ) ;
#1895 = CARTESIAN_POINT ( 'NONE',  ( 89.34323329386108981, 6.833387375487312454, 56.42009409088024086 ) ) ;
#1896 = AXIS2_PLACEMENT_3D ( 'NONE', #418, #2832, #2195 ) ;
#1897 = ORIENTED_EDGE ( 'NONE', *, *, #1386, .F. ) ;
#1898 = LINE ( 'NONE', #248, #53 ) ;
#1899 = CARTESIAN_POINT ( 'NONE',  ( 115.3179025799882851, 6.499999999999999112, 54.33029858700159309 ) ) ;
#1900 = DIRECTION ( 'NONE',  ( -0.0000000000000000000, -1.000000000000000000, -0.0000000000000000000 ) ) ;
#1901 = CIRCLE ( 'NONE', #573, 1.850000000000004530 ) ;
#1902 = EDGE_CURVE ( 'NONE', #2645, #47, #798, .T. ) ;
#1903 = ADVANCED_FACE ( 'NONE', ( #1871 ), #2659, .F. ) ;
#1904 = CIRCLE ( 'NONE', #2172, 5.749999999999949374 ) ;
#1905 = CARTESIAN_POINT ( 'NONE',  ( 112.9200857148800168, -33.50000000000000000, -37.13962596569083274 ) ) ;
#1906 = EDGE_CURVE ( 'NONE', #2226, #2645, #857, .T. ) ;
#1907 = DIRECTION ( 'NONE',  ( -0.3670970799491343750, 0.0000000000000000000, 0.9301826346975193838 ) ) ;
#1908 = CYLINDRICAL_SURFACE ( 'NONE', #2709, 5.749999999999949374 ) ;
#1909 = DIRECTION ( 'NONE',  ( 0.0000000000000000000, 0.0000000000000000000, 1.000000000000000000 ) ) ;
#1910 = ORIENTED_EDGE ( 'NONE', *, *, #2057, .T. ) ;
#1911 = LINE ( 'NONE', #77, #2773 ) ;
#1912 = AXIS2_PLACEMENT_3D ( 'NONE', #1437, #1223, #136 ) ;
#1913 = ORIENTED_EDGE ( 'NONE', *, *, #1338, .T. ) ;
#1914 = ORIENTED_EDGE ( 'NONE', *, *, #1242, .T. ) ;
#1915 = DIRECTION ( 'NONE',  ( 0.0000000000000000000, -1.000000000000000000, 0.0000000000000000000 ) ) ;
#1916 = CARTESIAN_POINT ( 'NONE',  ( 0.0000000000000000000, 0.0000000000000000000, 0.0000000000000000000 ) ) ;
#1917 = ORIENTED_EDGE ( 'NONE', *, *, #250, .F. ) ;
#1918 = ADVANCED_FACE ( 'NONE', ( #2078 ), #1481, .F. ) ;
#1919 = EDGE_LOOP ( 'NONE', ( #2468, #2404, #2672, #2284 ) ) ;
#1920 = DIRECTION ( 'NONE',  ( -0.0000000000000000000, 1.000000000000000000, 0.0000000000000000000 ) ) ;
#1921 = ORIENTED_EDGE ( 'NONE', *, *, #2502, .T. ) ;
#1922 = EDGE_CURVE ( 'NONE', #348, #782, #506, .T. ) ;
#1923 = AXIS2_PLACEMENT_3D ( 'NONE', #949, #33, #1328 ) ;
#1924 = CARTESIAN_POINT ( 'NONE',  ( 94.69801024487377106, -7.065866525254767438, -61.21982352212503287 ) ) ;
#1925 = CARTESIAN_POINT ( 'NONE',  ( 120.2772830588665727, -7.065866525254767438, -74.45844952824748475 ) ) ;
#1926 = CARTESIAN_POINT ( 'NONE',  ( 115.3179025799882851, -15.06586652525476389, 54.33029858700159309 ) ) ;
#1927 = ORIENTED_EDGE ( 'NONE', *, *, #1369, .F. ) ;
#1928 = CARTESIAN_POINT ( 'NONE',  ( 112.9200857148800168, -29.50000000000000355, -38.38962596569083985 ) ) ;
#1929 = EDGE_CURVE ( 'NONE', #390, #2635, #2109, .T. ) ;
#1930 = EDGE_LOOP ( 'NONE', ( #2158, #2069 ) ) ;
#1931 = CIRCLE ( 'NONE', #362, 5.750000000000005329 ) ;
#1932 = DIRECTION ( 'NONE',  ( 0.0000000000000000000, 0.0000000000000000000, -1.000000000000000000 ) ) ;
#1933 = ADVANCED_FACE ( 'NONE', ( #226 ), #155, .F. ) ;
#1934 = AXIS2_PLACEMENT_3D ( 'NONE', #1366, #2700, #2272 ) ;
#1935 = CYLINDRICAL_SURFACE ( 'NONE', #1545, 2.999999999999968026 ) ;
#1936 = PLANE ( 'NONE',  #2140 ) ;
#1937 = ADVANCED_FACE ( 'NONE', ( #952 ), #1935, .F. ) ;
#1938 = CARTESIAN_POINT ( 'NONE',  ( 115.3476096591112139, 3.130000000000000782, -51.35606460200842349 ) ) ;
#1939 = VECTOR ( 'NONE', #918, 1000.000000000000000 ) ;
#1940 = EDGE_CURVE ( 'NONE', #1287, #477, #1898, .T. ) ;
#1941 = VECTOR ( 'NONE', #2409, 1000.000000000000000 ) ;
#1942 = ORIENTED_EDGE ( 'NONE', *, *, #405, .F. ) ;
#1943 = VECTOR ( 'NONE', #2795, 1000.000000000000000 ) ;
#1944 = DIRECTION ( 'NONE',  ( -0.0000000000000000000, 1.000000000000000000, -0.0000000000000000000 ) ) ;
#1945 = CARTESIAN_POINT ( 'NONE',  ( 66.97547230067253565, 0.0000000000000000000, -90.39101786185362641 ) ) ;
#1946 = DIRECTION ( 'NONE',  ( 0.0000000000000000000, 0.0000000000000000000, -1.000000000000000000 ) ) ;
#1947 = ORIENTED_EDGE ( 'NONE', *, *, #1312, .T. ) ;
#1948 = CARTESIAN_POINT ( 'NONE',  ( 120.2772830588665727, 0.0000000000000000000, -74.45844952824748475 ) ) ;
#1949 = FACE_OUTER_BOUND ( 'NONE', #1997, .T. ) ;
#1950 = ADVANCED_FACE ( 'NONE', ( #1247 ), #2008, .T. ) ;
#1951 = ORIENTED_EDGE ( 'NONE', *, *, #2716, .F. ) ;
#1952 = STYLED_ITEM ( 'NONE', ( #1216 ), #1487 ) ;
#1953 = EDGE_LOOP ( 'NONE', ( #842, #415, #2364, #1226 ) ) ;
#1954 = CARTESIAN_POINT ( 'NONE',  ( 120.4265030515405215, 6.434133474745237002, 89.42850419624247138 ) ) ;
#1955 = ORIENTED_EDGE ( 'NONE', *, *, #1028, .T. ) ;
#1956 = DIRECTION ( 'NONE',  ( 0.0000000000000000000, 0.0000000000000000000, 1.000000000000000000 ) ) ;
#1957 = PLANE ( 'NONE',  #2728 ) ;
#1958 = VERTEX_POINT ( 'NONE', #1099 ) ;
#1959 = EDGE_CURVE ( 'NONE', #824, #286, #2318, .T. ) ;
#1960 = ORIENTED_EDGE ( 'NONE', *, *, #301, .T. ) ;
#1961 = DIRECTION ( 'NONE',  ( -0.0000000000000000000, 1.000000000000000000, -0.0000000000000000000 ) ) ;
#1962 =( NAMED_UNIT ( * ) SI_UNIT ( $, .STERADIAN. ) SOLID_ANGLE_UNIT ( ) );
#1963 = ADVANCED_FACE ( 'NONE', ( #1313 ), #1972, .T. ) ;
#1964 = EDGE_CURVE ( 'NONE', #1105, #2571, #2588, .T. ) ;
#1965 = VERTEX_POINT ( 'NONE', #2664 ) ;
#1966 = CIRCLE ( 'NONE', #1371, 5.750000000000005329 ) ;
#1967 = CARTESIAN_POINT ( 'NONE',  ( 117.7751336033424110, -34.50000000000000000, -65.57250323832603556 ) ) ;
#1968 = ORIENTED_EDGE ( 'NONE', *, *, #2405, .T. ) ;
#1969 = ADVANCED_FACE ( 'NONE', ( #2417, #2662 ), #2677, .T. ) ;
#1970 = AXIS2_PLACEMENT_3D ( 'NONE', #2822, #1763, #2682 ) ;
#1971 = CYLINDRICAL_SURFACE ( 'NONE', #2009, 5.750000000000005329 ) ;
#1972 = PLANE ( 'NONE',  #1070 ) ;
#1973 = CARTESIAN_POINT ( 'NONE',  ( 103.1584062810608060, -49.49999999999998579, -60.31471694911319759 ) ) ;
#1974 = DIRECTION ( 'NONE',  ( 0.0000000000000000000, -0.0000000000000000000, -1.000000000000000000 ) ) ;
#1975 = AXIS2_PLACEMENT_3D ( 'NONE', #232, #1757, #2202 ) ;
#1976 = CARTESIAN_POINT ( 'NONE',  ( 124.4246830340235590, 12.93413347474523611, -80.14049071401299784 ) ) ;
#1977 = CARTESIAN_POINT ( 'NONE',  ( 117.7751336033424110, 8.934133474745236114, -68.62250323832599008 ) ) ;
#1978 = CARTESIAN_POINT ( 'NONE',  ( 112.9200857148800168, -33.50000000000000000, -35.88962596569083274 ) ) ;
#1979 = FACE_OUTER_BOUND ( 'NONE', #2470, .T. ) ;
#1980 = DIRECTION ( 'NONE',  ( 0.0000000000000000000, -1.000000000000000000, 0.0000000000000000000 ) ) ;
#1981 = LINE ( 'NONE', #810, #95 ) ;
#1982 = DIRECTION ( 'NONE',  ( -0.0000000000000000000, 1.000000000000000000, -0.0000000000000000000 ) ) ;
#1983 = EDGE_CURVE ( 'NONE', #495, #2595, #397, .T. ) ;
#1984 = ORIENTED_EDGE ( 'NONE', *, *, #814, .T. ) ;
#1985 = CIRCLE ( 'NONE', #1106, 3.000000000000002665 ) ;
#1986 = ORIENTED_EDGE ( 'NONE', *, *, #1696, .F. ) ;
#1987 = CARTESIAN_POINT ( 'NONE',  ( 120.2772830588665727, 8.934133474745236114, -72.60844952824747622 ) ) ;
#1988 = DIRECTION ( 'NONE',  ( 0.0000000000000000000, -1.000000000000000000, 0.0000000000000000000 ) ) ;
#1989 = AXIS2_PLACEMENT_3D ( 'NONE', #2843, #618, #1521 ) ;
#1990 = EDGE_LOOP ( 'NONE', ( #522, #102, #844, #1614 ) ) ;
#1991 = DIRECTION ( 'NONE',  ( 0.0000000000000000000, 0.0000000000000000000, 1.000000000000000000 ) ) ;
#1992 = VERTEX_POINT ( 'NONE', #255 ) ;
#1993 = CARTESIAN_POINT ( 'NONE',  ( 103.1584062810608060, -5.065866525254772768, -62.11471694911318764 ) ) ;
#1994 = AXIS2_PLACEMENT_3D ( 'NONE', #2569, #1915, #1701 ) ;
#1995 = CARTESIAN_POINT ( 'NONE',  ( 142.6220372975472799, 0.6666666528562088523, 41.96108022359098300 ) ) ;
#1996 = DIRECTION ( 'NONE',  ( 0.0000000000000000000, -0.0000000000000000000, 1.000000000000000000 ) ) ;
#1997 = EDGE_LOOP ( 'NONE', ( #1009, #2543, #253, #1782 ) ) ;
#1998 = DIRECTION ( 'NONE',  ( 0.0000000000000000000, 1.000000000000000000, 0.0000000000000000000 ) ) ;
#1999 = CARTESIAN_POINT ( 'NONE',  ( 106.8383799400784255, 8.934133474745236114, -21.29624075707002717 ) ) ;
#2000 = ORIENTED_EDGE ( 'NONE', *, *, #2242, .T. ) ;
#2001 = DIRECTION ( 'NONE',  ( -0.0000000000000000000, -1.000000000000000000, -0.0000000000000000000 ) ) ;
#2002 = CARTESIAN_POINT ( 'NONE',  ( 143.1768539313660824, 12.93413347474523611, -37.47517175832952319 ) ) ;
#2003 = ORIENTED_EDGE ( 'NONE', *, *, #1081, .T. ) ;
#2004 = EDGE_CURVE ( 'NONE', #1460, #1359, #192, .T. ) ;
#2005 = DIRECTION ( 'NONE',  ( 0.0000000000000000000, 1.000000000000000000, 0.0000000000000000000 ) ) ;
#2006 = VERTEX_POINT ( 'NONE', #1789 ) ;
#2007 = CIRCLE ( 'NONE', #1524, 1.250000000000001110 ) ;
#2008 = CYLINDRICAL_SURFACE ( 'NONE', #1691, 5.750000000000005329 ) ;
#2009 = AXIS2_PLACEMENT_3D ( 'NONE', #1497, #1279, #2418 ) ;
#2010 = CARTESIAN_POINT ( 'NONE',  ( 117.7751336033424110, -49.49999999999998579, -64.32250323832599292 ) ) ;
#2011 = LINE ( 'NONE', #1784, #2702 ) ;
#2012 = CARTESIAN_POINT ( 'NONE',  ( 119.9621862332141831, 11.60087309790791643, 88.93542994512239375 ) ) ;
#2013 = VECTOR ( 'NONE', #2577, 1000.000000000000000 ) ;
#2014 = CARTESIAN_POINT ( 'NONE',  ( 112.9200857148800168, -33.50000000000000000, -37.13962596569083274 ) ) ;
#2015 = EDGE_LOOP ( 'NONE', ( #1984, #1131, #1831, #654, #2241, #353 ) ) ;
#2016 = FACE_BOUND ( 'NONE', #610, .T. ) ;
#2017 = CARTESIAN_POINT ( 'NONE',  ( 143.3801982457824238, 8.934133474745236114, -37.56570648010208657 ) ) ;
#2018 = EDGE_LOOP ( 'NONE', ( #1362, #818 ) ) ;
#2019 = ORIENTED_EDGE ( 'NONE', *, *, #1616, .F. ) ;
#2020 = EDGE_CURVE ( 'NONE', #2802, #811, #2808, .T. ) ;
#2021 = CARTESIAN_POINT ( 'NONE',  ( 74.41719144519167628, -2.000000000000000000, -100.4344642909484264 ) ) ;
#2022 = AXIS2_PLACEMENT_3D ( 'NONE', #916, #484, #2036 ) ;
#2023 = ORIENTED_EDGE ( 'NONE', *, *, #751, .F. ) ;
#2024 = APPLICATION_CONTEXT ( 'automotive_design' ) ;
#2025 = DIRECTION ( 'NONE',  ( -0.0000000000000000000, 1.000000000000000000, 0.0000000000000000000 ) ) ;
#2026 = ORIENTED_EDGE ( 'NONE', *, *, #2265, .T. ) ;
#2027 = DIRECTION ( 'NONE',  ( 0.0000000000000000000, 0.0000000000000000000, 1.000000000000000000 ) ) ;
#2028 = AXIS2_PLACEMENT_3D ( 'NONE', #2197, #1988, #1750 ) ;
#2029 = DIRECTION ( 'NONE',  ( -0.0000000000000000000, 1.000000000000000000, 0.0000000000000000000 ) ) ;
#2030 = ORIENTED_EDGE ( 'NONE', *, *, #2563, .F. ) ;
#2031 = CARTESIAN_POINT ( 'NONE',  ( 112.9200857148800168, -34.50000000000000000, -37.13962596569083274 ) ) ;
#2032 = AXIS2_PLACEMENT_3D ( 'NONE', #1829, #2074, #536 ) ;
#2033 = ORIENTED_EDGE ( 'NONE', *, *, #354, .T. ) ;
#2034 = CARTESIAN_POINT ( 'NONE',  ( 74.41719144519167628, 12.93413347474523611, -100.4344642909484264 ) ) ;
#2035 = EDGE_LOOP ( 'NONE', ( #2462, #210 ) ) ;
#2036 = DIRECTION ( 'NONE',  ( 0.0000000000000000000, 0.0000000000000000000, -1.000000000000000000 ) ) ;
#2037 = CARTESIAN_POINT ( 'NONE',  ( 92.86704690200592438, 0.07975079347811048214, -63.35637069159903945 ) ) ;
#2038 = ORIENTED_EDGE ( 'NONE', *, *, #896, .T. ) ;
#2039 = DIRECTION ( 'NONE',  ( 0.9135454576426002005, 0.0000000000000000000, -0.4067366430758015960 ) ) ;
#2040 = EDGE_CURVE ( 'NONE', #133, #548, #767, .T. ) ;
#2041 = ORIENTED_EDGE ( 'NONE', *, *, #470, .F. ) ;
#2042 = DIRECTION ( 'NONE',  ( -0.0000000000000000000, 1.000000000000000000, -0.0000000000000000000 ) ) ;
#2043 = CYLINDRICAL_SURFACE ( 'NONE', #1896, 1.250000000000001110 ) ;
#2044 = AXIS2_PLACEMENT_3D ( 'NONE', #2255, #2705, #330 ) ;
#2045 = CARTESIAN_POINT ( 'NONE',  ( 108.6024215160837372, 0.07975079347810384855, -29.04878910305138007 ) ) ;
#2046 = CARTESIAN_POINT ( 'NONE',  ( 93.23451034389773895, 0.5714631157394144401, -61.93013540212914592 ) ) ;
#2047 = CARTESIAN_POINT ( 'NONE',  ( 117.7751336033424110, -33.50000000000000000, -62.57250323832607108 ) ) ;
#2048 = DIRECTION ( 'NONE',  ( 0.0000000000000000000, -0.0000000000000000000, -1.000000000000000000 ) ) ;
#2049 = AXIS2_PLACEMENT_3D ( 'NONE', #1518, #2169, #1538 ) ;
#2050 = FACE_OUTER_BOUND ( 'NONE', #932, .T. ) ;
#2051 = DIRECTION ( 'NONE',  ( 0.0000000000000000000, 0.0000000000000000000, 1.000000000000000000 ) ) ;
#2052 = CIRCLE ( 'NONE', #8, 1.250000000000001110 ) ;
#2053 = ORIENTED_EDGE ( 'NONE', *, *, #1616, .T. ) ;
#2054 = VECTOR ( 'NONE', #433, 1000.000000000000000 ) ;
#2055 = CARTESIAN_POINT ( 'NONE',  ( 108.9544760083778669, 0.2901352256136914831, -26.83252942728756452 ) ) ;
#2056 = DIRECTION ( 'NONE',  ( -0.0000000000000000000, 1.000000000000000000, -0.0000000000000000000 ) ) ;
#2057 = EDGE_CURVE ( 'NONE', #1272, #1776, #708, .T. ) ;
#2058 = CARTESIAN_POINT ( 'NONE',  ( 110.2353500103694159, 0.0000000000000000000, -28.17238704017772122 ) ) ;
#2059 = ORIENTED_EDGE ( 'NONE', *, *, #1348, .F. ) ;
#2060 = EDGE_LOOP ( 'NONE', ( #2347, #619, #2477, #1572 ) ) ;
#2061 = CARTESIAN_POINT ( 'NONE',  ( 143.1768539313660824, 12.93413347474523611, -37.47517175832952319 ) ) ;
#2062 = EDGE_CURVE ( 'NONE', #894, #2721, #831, .T. ) ;
#2063 = CARTESIAN_POINT ( 'NONE',  ( 103.1584062810608060, -33.50000000000000000, -59.06471694911319048 ) ) ;
#2064 = VERTEX_POINT ( 'NONE', #2423 ) ;
#2065 = CARTESIAN_POINT ( 'NONE',  ( 117.7751336033424110, -33.50000000000000000, -65.57250323832603556 ) ) ;
#2066 = EDGE_LOOP ( 'NONE', ( #1947, #351 ) ) ;
#2067 = AXIS2_PLACEMENT_3D ( 'NONE', #324, #1886, #2515 ) ;
#2068 = DIRECTION ( 'NONE',  ( -0.0000000000000000000, 1.000000000000000000, -0.0000000000000000000 ) ) ;
#2069 = ORIENTED_EDGE ( 'NONE', *, *, #460, .F. ) ;
#2070 = CARTESIAN_POINT ( 'NONE',  ( 107.9511686732786160, 0.0000000000000000000, 31.66694147014124283 ) ) ;
#2071 = EDGE_LOOP ( 'NONE', ( #2513, #2165 ) ) ;
#2072 = CIRCLE ( 'NONE', #835, 3.049999999999990052 ) ;
#2073 = CARTESIAN_POINT ( 'NONE',  ( 0.0000000000000000000, 0.0000000000000000000, 0.0000000000000000000 ) ) ;
#2074 = DIRECTION ( 'NONE',  ( 0.0000000000000000000, -1.000000000000000000, 0.0000000000000000000 ) ) ;
#2075 = FACE_OUTER_BOUND ( 'NONE', #1533, .T. ) ;
#2076 = EDGE_CURVE ( 'NONE', #782, #2447, #2107, .T. ) ;
#2077 = PRODUCT_DEFINITION ( 'UNKNOWN', '', #20, #1618 ) ;
#2078 = FACE_OUTER_BOUND ( 'NONE', #2090, .T. ) ;
#2079 = CARTESIAN_POINT ( 'NONE',  ( 103.1584062810608060, -34.50000000000000000, -59.06471694911319048 ) ) ;
#2080 = CARTESIAN_POINT ( 'NONE',  ( 74.41719144519167628, 6.934133474745236114, -100.4344642909484264 ) ) ;
#2081 = VECTOR ( 'NONE', #697, 1000.000000000000000 ) ;
#2082 = AXIS2_PLACEMENT_3D ( 'NONE', #1657, #1900, #2335 ) ;
#2083 = DIRECTION ( 'NONE',  ( -0.0000000000000000000, 1.000000000000000000, -0.0000000000000000000 ) ) ;
#2084 = DIRECTION ( 'NONE',  ( 0.0000000000000000000, 1.000000000000000000, -0.0000000000000000000 ) ) ;
#2085 = CYLINDRICAL_SURFACE ( 'NONE', #1668, 1.850000000000004530 ) ;
#2086 = AXIS2_PLACEMENT_3D ( 'NONE', #1375, #1189, #976 ) ;
#2087 = VERTEX_POINT ( 'NONE', #2192 ) ;
#2088 = CIRCLE ( 'NONE', #1739, 1.850000000000004530 ) ;
#2089 = CARTESIAN_POINT ( 'NONE',  ( 117.7751336033424110, 0.0000000000000000000, -65.57250323832603556 ) ) ;
#2090 = EDGE_LOOP ( 'NONE', ( #483, #2715, #1255, #2301 ) ) ;
#2091 = CYLINDRICAL_SURFACE ( 'NONE', #2572, 5.250000000000004441 ) ;
#2092 = ORIENTED_EDGE ( 'NONE', *, *, #1922, .F. ) ;
#2093 = DIRECTION ( 'NONE',  ( -0.0000000000000000000, -1.000000000000000000, -0.0000000000000000000 ) ) ;
#2094 = EDGE_CURVE ( 'NONE', #1438, #1578, #262, .T. ) ;
#2095 = ORIENTED_EDGE ( 'NONE', *, *, #2567, .T. ) ;
#2096 = DIRECTION ( 'NONE',  ( 0.0000000000000000000, 0.0000000000000000000, 1.000000000000000000 ) ) ;
#2097 = DIRECTION ( 'NONE',  ( 0.0000000000000000000, 1.000000000000000000, 0.0000000000000000000 ) ) ;
#2098 = ORIENTED_EDGE ( 'NONE', *, *, #585, .T. ) ;
#2099 = EDGE_LOOP ( 'NONE', ( #756, #853, #1336, #1327, #617, #2303 ) ) ;
#2100 = CARTESIAN_POINT ( 'NONE',  ( 103.1584062810608060, -33.50000000000000000, -57.81471694911319048 ) ) ;
#2101 = VERTEX_POINT ( 'NONE', #1185 ) ;
#2102 = CARTESIAN_POINT ( 'NONE',  ( 38.54519339465908701, 7.500000000000103917, -97.66917664323948145 ) ) ;
#2103 = DIRECTION ( 'NONE',  ( -0.0000000000000000000, 1.000000000000000000, 0.0000000000000000000 ) ) ;
#2104 = ORIENTED_EDGE ( 'NONE', *, *, #480, .T. ) ;
#2105 = CYLINDRICAL_SURFACE ( 'NONE', #2132, 3.000000000000009770 ) ;
#2106 = DIRECTION ( 'NONE',  ( 0.0000000000000000000, 1.000000000000000000, 0.0000000000000000000 ) ) ;
#2107 = LINE ( 'NONE', #2010, #2349 ) ;
#2108 = EDGE_CURVE ( 'NONE', #5, #2813, #1556, .T. ) ;
#2109 = LINE ( 'NONE', #1382, #1013 ) ;
#2110 = CARTESIAN_POINT ( 'NONE',  ( 103.1584062810608060, -29.50000000000000355, -60.31471694911319759 ) ) ;
#2111 = VECTOR ( 'NONE', #805, 1000.000000000000114 ) ;
#2112 = EDGE_CURVE ( 'NONE', #811, #1265, #666, .T. ) ;
#2113 = CARTESIAN_POINT ( 'NONE',  ( 103.1584062810608060, -33.50000000000000000, -62.06471694911320469 ) ) ;
#2114 = DIRECTION ( 'NONE',  ( 0.0000000000000000000, -0.0000000000000000000, -1.000000000000000000 ) ) ;
#2115 = CIRCLE ( 'NONE', #1878, 2.999999999999968026 ) ;
#2116 = AXIS2_PLACEMENT_3D ( 'NONE', #267, #689, #2209 ) ;
#2117 = VECTOR ( 'NONE', #141, 1000.000000000000000 ) ;
#2118 = CARTESIAN_POINT ( 'NONE',  ( 89.57920493900704173, 6.500000000000000000, 56.67068062495261671 ) ) ;
#2119 = VERTEX_POINT ( 'NONE', #48 ) ;
#2120 = FACE_OUTER_BOUND ( 'NONE', #62, .T. ) ;
#2121 = AXIS2_PLACEMENT_3D ( 'NONE', #1674, #2346, #1030 ) ;
#2122 = DIRECTION ( 'NONE',  ( -0.0000000000000000000, 1.000000000000000000, -0.0000000000000000000 ) ) ;
#2123 = DIRECTION ( 'NONE',  ( 0.0000000000000000000, 0.0000000000000000000, 1.000000000000000000 ) ) ;
#2124 = ORIENTED_EDGE ( 'NONE', *, *, #186, .T. ) ;
#2125 = CARTESIAN_POINT ( 'NONE',  ( 115.3179025799882851, -15.06586652525476389, 54.33029858700159309 ) ) ;
#2126 = ADVANCED_FACE ( 'NONE', ( #564 ), #468, .T. ) ;
#2127 = DIRECTION ( 'NONE',  ( 0.0000000000000000000, 0.0000000000000000000, 1.000000000000000000 ) ) ;
#2128 = ORIENTED_EDGE ( 'NONE', *, *, #535, .F. ) ;
#2129 = CARTESIAN_POINT ( 'NONE',  ( 120.2772830588665727, -7.065866525254767438, -72.60844952824747622 ) ) ;
#2130 = ORIENTED_EDGE ( 'NONE', *, *, #581, .T. ) ;
#2131 = EDGE_CURVE ( 'NONE', #1743, #2159, #395, .T. ) ;
#2132 = AXIS2_PLACEMENT_3D ( 'NONE', #2014, #1591, #1801 ) ;
#2133 = ORIENTED_EDGE ( 'NONE', *, *, #2661, .T. ) ;
#2134 = DIRECTION ( 'NONE',  ( -0.0000000000000000000, 1.000000000000000000, -0.0000000000000000000 ) ) ;
#2135 = DIRECTION ( 'NONE',  ( -0.0000000000000000000, -1.000000000000000000, -0.0000000000000000000 ) ) ;
#2136 = EDGE_LOOP ( 'NONE', ( #377, #2485 ) ) ;
#2137 = ORIENTED_EDGE ( 'NONE', *, *, #313, .T. ) ;
#2138 = VECTOR ( 'NONE', #1738, 1000.000000000000000 ) ;
#2139 = DIRECTION ( 'NONE',  ( 0.0000000000000000000, 0.0000000000000000000, -1.000000000000000000 ) ) ;
#2140 = AXIS2_PLACEMENT_3D ( 'NONE', #836, #1055, #1457 ) ;
#2141 = DIRECTION ( 'NONE',  ( -0.0000000000000000000, 1.000000000000000000, -0.0000000000000000000 ) ) ;
#2142 = ADVANCED_FACE ( 'NONE', ( #2658 ), #597, .F. ) ;
#2143 = DIRECTION ( 'NONE',  ( 0.0000000000000000000, 0.0000000000000000000, 1.000000000000000000 ) ) ;
#2144 = CARTESIAN_POINT ( 'NONE',  ( 117.7751336033424110, -34.50000000000000000, -71.32250323832597871 ) ) ;
#2145 = CIRCLE ( 'NONE', #2307, 3.049999999999955413 ) ;
#2146 = EDGE_CURVE ( 'NONE', #960, #382, #830, .T. ) ;
#2147 = VECTOR ( 'NONE', #1414, 1000.000000000000114 ) ;
#2148 = CARTESIAN_POINT ( 'NONE',  ( 117.7751336033424110, 8.934133474745236114, -65.57250323832603556 ) ) ;
#2149 = CIRCLE ( 'NONE', #154, 1.850000000000004530 ) ;
#2150 = DIRECTION ( 'NONE',  ( 0.0000000000000000000, 0.0000000000000000000, -1.000000000000000000 ) ) ;
#2151 = ADVANCED_FACE ( 'NONE', ( #2829 ), #1869, .T. ) ;
#2152 = ORIENTED_EDGE ( 'NONE', *, *, #206, .T. ) ;
#2153 = CYLINDRICAL_SURFACE ( 'NONE', #980, 1.850000000000004530 ) ;
#2154 = AXIS2_PLACEMENT_3D ( 'NONE', #1925, #2160, #1681 ) ;
#2155 = VERTEX_POINT ( 'NONE', #2703 ) ;
#2156 = ADVANCED_FACE ( 'NONE', ( #2521 ), #1012, .F. ) ;
#2157 = DIRECTION ( 'NONE',  ( 0.0000000000000000000, 0.0000000000000000000, -1.000000000000000000 ) ) ;
#2158 = ORIENTED_EDGE ( 'NONE', *, *, #703, .F. ) ;
#2159 = VERTEX_POINT ( 'NONE', #2481 ) ;
#2160 = DIRECTION ( 'NONE',  ( -0.0000000000000000000, 1.000000000000000000, -0.0000000000000000000 ) ) ;
#2161 = DIRECTION ( 'NONE',  ( 0.0000000000000000000, 1.000000000000000000, 0.0000000000000000000 ) ) ;
#2162 = EDGE_LOOP ( 'NONE', ( #901, #1237 ) ) ;
#2163 = DIRECTION ( 'NONE',  ( 0.0000000000000000000, -1.000000000000000000, 0.0000000000000000000 ) ) ;
#2164 = EDGE_CURVE ( 'NONE', #2311, #2528, #1513, .T. ) ;
#2165 = ORIENTED_EDGE ( 'NONE', *, *, #2205, .T. ) ;
#2166 = DIRECTION ( 'NONE',  ( 0.0000000000000000000, 1.000000000000000000, 0.0000000000000000000 ) ) ;
#2167 = ORIENTED_EDGE ( 'NONE', *, *, #1906, .T. ) ;
#2168 = EDGE_CURVE ( 'NONE', #5, #133, #537, .T. ) ;
#2169 = DIRECTION ( 'NONE',  ( 0.0000000000000000000, 1.000000000000000000, 0.0000000000000000000 ) ) ;
#2170 = DIRECTION ( 'NONE',  ( -0.0000000000000000000, 1.000000000000000000, -0.0000000000000000000 ) ) ;
#2171 = VERTEX_POINT ( 'NONE', #2061 ) ;
#2172 = AXIS2_PLACEMENT_3D ( 'NONE', #1114, #2651, #2449 ) ;
#2173 = ORIENTED_EDGE ( 'NONE', *, *, #1061, .F. ) ;
#2174 = DIRECTION ( 'NONE',  ( 0.0000000000000000000, 0.0000000000000000000, 1.000000000000000000 ) ) ;
#2175 = CIRCLE ( 'NONE', #120, 3.000000000000009770 ) ;
#2176 = CIRCLE ( 'NONE', #2490, 1.850000000000004530 ) ;
#2177 = CARTESIAN_POINT ( 'NONE',  ( 115.3476096591112139, 3.129999999999999893, -54.40606460200841354 ) ) ;
#2178 = DIRECTION ( 'NONE',  ( 0.0000000000000000000, -0.0000000000000000000, 1.000000000000000000 ) ) ;
#2179 = CARTESIAN_POINT ( 'NONE',  ( 103.1584062810608060, -33.50000000000000000, -59.06471694911319048 ) ) ;
#2180 = CIRCLE ( 'NONE', #1502, 1.250000000000042633 ) ;
#2181 = DIRECTION ( 'NONE',  ( 0.0000000000000000000, 0.0000000000000000000, -1.000000000000000000 ) ) ;
#2182 = EDGE_CURVE ( 'NONE', #1720, #2006, #1275, .T. ) ;
#2183 = CIRCLE ( 'NONE', #1565, 1.250000000000042633 ) ;
#2184 = B_SPLINE_CURVE_WITH_KNOTS ( 'NONE', 3,
 ( #593, #365, #1895, #2118 ),
 .UNSPECIFIED., .F., .F.,
 ( 4, 4 ),
 ( 2.875612892250084586E-07, 0.001437858545390513108 ),
 .UNSPECIFIED. ) ;
#2185 = FACE_BOUND ( 'NONE', #1754, .T. ) ;
#2186 = CARTESIAN_POINT ( 'NONE',  ( 115.3476096591112139, 8.934133474745236114, -56.40606460200837802 ) ) ;
#2187 = DIRECTION ( 'NONE',  ( 0.0000000000000000000, 1.000000000000000000, 0.0000000000000000000 ) ) ;
#2188 = AXIS2_PLACEMENT_3D ( 'NONE', #919, #1980, #873 ) ;
#2189 = ORIENTED_EDGE ( 'NONE', *, *, #997, .T. ) ;
#2190 = VECTOR ( 'NONE', #732, 1000.000000000000000 ) ;
#2191 = VERTEX_POINT ( 'NONE', #1586 ) ;
#2192 = CARTESIAN_POINT ( 'NONE',  ( 110.2353500103694159, 8.934133474745236114, -30.02238704017772619 ) ) ;
#2193 = AXIS2_PLACEMENT_3D ( 'NONE', #437, #240, #2406 ) ;
#2194 = ORIENTED_EDGE ( 'NONE', *, *, #1902, .T. ) ;
#2195 = DIRECTION ( 'NONE',  ( 0.0000000000000000000, 0.0000000000000000000, 1.000000000000000000 ) ) ;
#2196 = ORIENTED_EDGE ( 'NONE', *, *, #2317, .T. ) ;
#2197 = CARTESIAN_POINT ( 'NONE',  ( 115.3476096591112139, 3.129999999999999893, -51.35606460200842349 ) ) ;
#2198 = ADVANCED_FACE ( 'NONE', ( #982 ), #911, .T. ) ;
#2199 = CARTESIAN_POINT ( 'NONE',  ( 112.9200857148800168, -49.49999999999998579, -37.13962596569083274 ) ) ;
#2200 = ORIENTED_EDGE ( 'NONE', *, *, #680, .F. ) ;
#2201 = EDGE_CURVE ( 'NONE', #43, #2512, #1112, .T. ) ;
#2202 = DIRECTION ( 'NONE',  ( 0.0000000000000000000, 0.0000000000000000000, 1.000000000000000000 ) ) ;
#2203 = ORIENTED_EDGE ( 'NONE', *, *, #1940, .F. ) ;
#2204 = CARTESIAN_POINT ( 'NONE',  ( 94.69801024487377106, 0.0000000000000000000, -63.06982352212503429 ) ) ;
#2205 = EDGE_CURVE ( 'NONE', #2155, #2568, #2794, .T. ) ;
#2206 = ORIENTED_EDGE ( 'NONE', *, *, #833, .F. ) ;
#2207 = CYLINDRICAL_SURFACE ( 'NONE', #1781, 1.850000000000004530 ) ;
#2208 = DIRECTION ( 'NONE',  ( 0.0000000000000000000, 0.0000000000000000000, 1.000000000000000000 ) ) ;
#2209 = DIRECTION ( 'NONE',  ( 0.0000000000000000000, 0.0000000000000000000, -1.000000000000000000 ) ) ;
#2210 = VERTEX_POINT ( 'NONE', #2736 ) ;
#2211 = DIRECTION ( 'NONE',  ( 0.0000000000000000000, -1.000000000000000000, 0.0000000000000000000 ) ) ;
#2212 = CARTESIAN_POINT ( 'NONE',  ( 100.7613450380927276, 6.500000000000000000, 29.53220862235707145 ) ) ;
#2213 = AXIS2_PLACEMENT_3D ( 'NONE', #2549, #1235, #2775 ) ;
#2214 = CYLINDRICAL_SURFACE ( 'NONE', #1671, 3.000000000000009770 ) ;
#2215 = DIRECTION ( 'NONE',  ( -0.0000000000000000000, 1.000000000000000000, -0.0000000000000000000 ) ) ;
#2216 = ADVANCED_FACE ( 'NONE', ( #331, #2075 ), #768, .T. ) ;
#2217 = VECTOR ( 'NONE', #1006, 1000.000000000000000 ) ;
#2218 = APPLICATION_PROTOCOL_DEFINITION ( 'draft international standard', 'automotive_design', 1998, #2230 ) ;
#2219 = CARTESIAN_POINT ( 'NONE',  ( 110.2353500103694159, 8.934133474745236114, -26.32238704017771624 ) ) ;
#2220 = CIRCLE ( 'NONE', #452, 3.000000000000009770 ) ;
#2221 = DIRECTION ( 'NONE',  ( -0.0000000000000000000, 1.000000000000000000, -0.0000000000000000000 ) ) ;
#2222 = LINE ( 'NONE', #261, #2592 ) ;
#2223 = CARTESIAN_POINT ( 'NONE',  ( 115.3476096591112139, 0.0000000000000000000, -51.35606460200842349 ) ) ;
#2224 = EDGE_CURVE ( 'NONE', #2191, #1306, #2007, .T. ) ;
#2225 = CARTESIAN_POINT ( 'NONE',  ( 112.9200857148800168, 0.0000000000000000000, -42.88962596569083985 ) ) ;
#2226 = VERTEX_POINT ( 'NONE', #2319 ) ;
#2227 = AXIS2_PLACEMENT_3D ( 'NONE', #893, #227, #1526 ) ;
#2228 = FACE_BOUND ( 'NONE', #1930, .T. ) ;
#2229 = ORIENTED_EDGE ( 'NONE', *, *, #1902, .F. ) ;
#2230 = APPLICATION_CONTEXT ( 'automotive_design' ) ;
#2231 = ORIENTED_EDGE ( 'NONE', *, *, #317, .F. ) ;
#2232 = DIRECTION ( 'NONE',  ( 0.0000000000000000000, 0.0000000000000000000, -1.000000000000000000 ) ) ;
#2233 = CARTESIAN_POINT ( 'NONE',  ( 94.36457371323014343, 0.0000000000000000000, -61.25012022780328635 ) ) ;
#2234 = AXIS2_PLACEMENT_3D ( 'NONE', #2442, #1742, #1991 ) ;
#2235 = ORIENTED_EDGE ( 'NONE', *, *, #566, .T. ) ;
#2236 = ORIENTED_EDGE ( 'NONE', *, *, #1170, .F. ) ;
#2237 = ORIENTED_EDGE ( 'NONE', *, *, #566, .F. ) ;
#2238 = CARTESIAN_POINT ( 'NONE',  ( 74.41719144519167628, 6.934133474745236114, -105.6844642909484406 ) ) ;
#2239 = ORIENTED_EDGE ( 'NONE', *, *, #163, .F. ) ;
#2240 = DIRECTION ( 'NONE',  ( 0.4067366430758016516, 0.0000000000000000000, 0.9135454576426003115 ) ) ;
#2241 = ORIENTED_EDGE ( 'NONE', *, *, #719, .T. ) ;
#2242 = EDGE_CURVE ( 'NONE', #2519, #2119, #1689, .T. ) ;
#2243 = CARTESIAN_POINT ( 'NONE',  ( 115.3476096591112139, 35.50000000000001421, -51.35606460200842349 ) ) ;
#2244 = DIRECTION ( 'NONE',  ( -0.0000000000000000000, 1.000000000000000000, -0.0000000000000000000 ) ) ;
#2245 = VERTEX_POINT ( 'NONE', #1442 ) ;
#2246 = VECTOR ( 'NONE', #1626, 1000.000000000000000 ) ;
#2247 = FACE_OUTER_BOUND ( 'NONE', #776, .T. ) ;
#2248 =( NAMED_UNIT ( * ) PLANE_ANGLE_UNIT ( ) SI_UNIT ( $, .RADIAN. ) );
#2249 = CARTESIAN_POINT ( 'NONE',  ( 112.9200857148800168, -34.50000000000000000, -31.38962596569082919 ) ) ;
#2250 = VECTOR ( 'NONE', #2680, 999.9999999999998863 ) ;
#2251 = PLANE ( 'NONE',  #357 ) ;
#2252 = AXIS2_PLACEMENT_3D ( 'NONE', #2223, #473, #1117 ) ;
#2253 = LINE ( 'NONE', #1866, #2735 ) ;
#2254 = CARTESIAN_POINT ( 'NONE',  ( 123.6534950637276182, 12.93413347474523611, -81.32535372517429550 ) ) ;
#2255 = CARTESIAN_POINT ( 'NONE',  ( 112.9200857148800168, -49.49999999999998579, -37.13962596569083274 ) ) ;
#2256 = FACE_OUTER_BOUND ( 'NONE', #1699, .T. ) ;
#2257 =( LENGTH_UNIT ( ) NAMED_UNIT ( * ) SI_UNIT ( .MILLI., .METRE. ) );
#2258 = CARTESIAN_POINT ( 'NONE',  ( 108.7137208881508883, 0.4563964711551560249, -27.11288771480942117 ) ) ;
#2259 = EDGE_CURVE ( 'NONE', #2334, #2439, #2584, .T. ) ;
#2260 = CARTESIAN_POINT ( 'NONE',  ( 74.41719144519167628, 12.93413347474523611, -95.18446429094842642 ) ) ;
#2261 = LINE ( 'NONE', #898, #1195 ) ;
#2262 = CARTESIAN_POINT ( 'NONE',  ( 112.9200857148800168, -34.50000000000000000, -37.13962596569083274 ) ) ;
#2263 = VERTEX_POINT ( 'NONE', #1875 ) ;
#2264 = CIRCLE ( 'NONE', #712, 5.750000000000005329 ) ;
#2265 = EDGE_CURVE ( 'NONE', #549, #2210, #1477, .T. ) ;
#2266 = CARTESIAN_POINT ( 'NONE',  ( 88.87118236610973554, 10.93413347474518993, 55.91880671875669861 ) ) ;
#2267 = ORIENTED_EDGE ( 'NONE', *, *, #165, .T. ) ;
#2268 = DIRECTION ( 'NONE',  ( 0.0000000000000000000, 0.0000000000000000000, 1.000000000000000000 ) ) ;
#2269 = ORIENTED_EDGE ( 'NONE', *, *, #2283, .F. ) ;
#2270 = DIRECTION ( 'NONE',  ( -0.0000000000000000000, 1.000000000000000000, 0.0000000000000000000 ) ) ;
#2271 = AXIS2_PLACEMENT_3D ( 'NONE', #1397, #72, #2701 ) ;
#2272 = DIRECTION ( 'NONE',  ( 0.0000000000000000000, 0.0000000000000000000, 1.000000000000000000 ) ) ;
#2273 = CARTESIAN_POINT ( 'NONE',  ( 127.5368130371616360, -49.49999999999998579, -42.39741225490360677 ) ) ;
#2274 = EDGE_LOOP ( 'NONE', ( #2578, #1177, #2275, #2267, #2038 ) ) ;
#2275 = ORIENTED_EDGE ( 'NONE', *, *, #2062, .T. ) ;
#2276 = DIRECTION ( 'NONE',  ( 0.0000000000000000000, 0.0000000000000000000, 1.000000000000000000 ) ) ;
#2277 = ORIENTED_EDGE ( 'NONE', *, *, #165, .F. ) ;
#2278 = DIRECTION ( 'NONE',  ( -0.2595768345858112669, -0.7071067811865524577, 0.6577384487365804944 ) ) ;
#2279 = ORIENTED_EDGE ( 'NONE', *, *, #1840, .F. ) ;
#2280 = DIRECTION ( 'NONE',  ( 0.0000000000000000000, 0.0000000000000000000, 1.000000000000000000 ) ) ;
#2281 = CYLINDRICAL_SURFACE ( 'NONE', #115, 3.049999999999955413 ) ;
#2282 = DIRECTION ( 'NONE',  ( 0.0000000000000000000, -1.000000000000000000, 0.0000000000000000000 ) ) ;
#2283 = EDGE_CURVE ( 'NONE', #1758, #1256, #1931, .T. ) ;
#2284 = ORIENTED_EDGE ( 'NONE', *, *, #535, .T. ) ;
#2285 = DIRECTION ( 'NONE',  ( -0.0000000000000000000, 1.000000000000000000, -0.0000000000000000000 ) ) ;
#2286 = DIRECTION ( 'NONE',  ( -0.0000000000000000000, 1.000000000000000000, -0.0000000000000000000 ) ) ;
#2287 = FACE_OUTER_BOUND ( 'NONE', #786, .T. ) ;
#2288 = AXIS2_PLACEMENT_3D ( 'NONE', #737, #1830, #1819 ) ;
#2289 = CARTESIAN_POINT ( 'NONE',  ( 109.1311876705361215, 0.1540236329456586561, -26.68353440842018998 ) ) ;
#2290 = CIRCLE ( 'NONE', #233, 106.0000000000000284 ) ;
#2291 = CARTESIAN_POINT ( 'NONE',  ( 120.2772830588665727, 0.0000000000000000000, -74.45844952824748475 ) ) ;
#2292 = AXIS2_PLACEMENT_3D ( 'NONE', #783, #352, #1859 ) ;
#2293 = CIRCLE ( 'NONE', #2764, 3.000000000000009770 ) ;
#2294 = CARTESIAN_POINT ( 'NONE',  ( 115.3476096591112139, -7.000000000000000000, -51.35606460200842349 ) ) ;
#2295 = VECTOR ( 'NONE', #2068, 1000.000000000000000 ) ;
#2296 = VERTEX_POINT ( 'NONE', #132 ) ;
#2297 = FACE_BOUND ( 'NONE', #1166, .T. ) ;
#2298 = DIRECTION ( 'NONE',  ( 0.0000000000000000000, -0.0000000000000000000, 1.000000000000000000 ) ) ;
#2299 = EDGE_CURVE ( 'NONE', #2210, #641, #1041, .T. ) ;
#2300 = ORIENTED_EDGE ( 'NONE', *, *, #366, .F. ) ;
#2301 = ORIENTED_EDGE ( 'NONE', *, *, #2502, .F. ) ;
#2302 = DIRECTION ( 'NONE',  ( -0.0000000000000000000, 1.000000000000000000, -0.0000000000000000000 ) ) ;
#2303 = ORIENTED_EDGE ( 'NONE', *, *, #1405, .T. ) ;
#2304 = CARTESIAN_POINT ( 'NONE',  ( 117.7751336033424110, -29.50000000000000355, -65.57250323832603556 ) ) ;
#2305 = ORIENTED_EDGE ( 'NONE', *, *, #108, .F. ) ;
#2306 = EDGE_LOOP ( 'NONE', ( #779, #1363, #1396, #2231, #1492, #274 ) ) ;
#2307 = AXIS2_PLACEMENT_3D ( 'NONE', #2148, #2774, #583 ) ;
#2308 = CARTESIAN_POINT ( 'NONE',  ( 74.41719144519167628, 0.0000000000000000000, -87.93446429094844063 ) ) ;
#2309 = ORIENTED_EDGE ( 'NONE', *, *, #1873, .T. ) ;
#2310 = VERTEX_POINT ( 'NONE', #355 ) ;
#2311 = VERTEX_POINT ( 'NONE', #2745 ) ;
#2312 = EDGE_CURVE ( 'NONE', #2528, #2311, #2732, .T. ) ;
#2313 = COLOUR_RGB ( '',0.7921568627450980005, 0.8196078431372548767, 0.9333333333333333481 ) ;
#2314 = CARTESIAN_POINT ( 'NONE',  ( 0.0000000000000000000, 12.93413347474523611, 0.0000000000000000000 ) ) ;
#2315 = CIRCLE ( 'NONE', #1640, 3.049999999999990052 ) ;
#2316 = CARTESIAN_POINT ( 'NONE',  ( 54.33036783247197121, 12.93413347474519171, -137.6670299352330460 ) ) ;
#2317 = EDGE_CURVE ( 'NONE', #2711, #2635, #1798, .T. ) ;
#2318 = LINE ( 'NONE', #1993, #984 ) ;
#2319 = CARTESIAN_POINT ( 'NONE',  ( 109.3184281145087482, 0.0000000000000000000, -26.56560322245633898 ) ) ;
#2320 = CARTESIAN_POINT ( 'NONE',  ( 110.2353500103694159, 0.0000000000000000000, -30.02238704017772619 ) ) ;
#2321 = CIRCLE ( 'NONE', #730, 3.049999999999990052 ) ;
#2322 = AXIS2_PLACEMENT_3D ( 'NONE', #1826, #2270, #2487 ) ;
#2323 = CIRCLE ( 'NONE', #2234, 1.250000000000001110 ) ;
#2324 = AXIS2_PLACEMENT_3D ( 'NONE', #2471, #64, #2492 ) ;
#2325 = CIRCLE ( 'NONE', #1845, 3.049999999999990052 ) ;
#2326 = EDGE_LOOP ( 'NONE', ( #724, #687, #1827, #1649 ) ) ;
#2327 = EDGE_LOOP ( 'NONE', ( #146, #1111 ) ) ;
#2328 = ORIENTED_EDGE ( 'NONE', *, *, #1555, .T. ) ;
#2329 = EDGE_CURVE ( 'NONE', #1992, #1777, #2763, .T. ) ;
#2330 = ORIENTED_EDGE ( 'NONE', *, *, #599, .F. ) ;
#2331 = DIRECTION ( 'NONE',  ( -0.0000000000000000000, 1.000000000000000000, -0.0000000000000000000 ) ) ;
#2332 = CARTESIAN_POINT ( 'NONE',  ( 94.69801024487377106, 8.934133474745236114, -63.06982352212503429 ) ) ;
#2333 = DIRECTION ( 'NONE',  ( -0.0000000000000000000, -1.000000000000000000, -0.0000000000000000000 ) ) ;
#2334 = VERTEX_POINT ( 'NONE', #2551 ) ;
#2335 = DIRECTION ( 'NONE',  ( 0.0000000000000000000, 0.0000000000000000000, -1.000000000000000000 ) ) ;
#2336 = AXIS2_PLACEMENT_3D ( 'NONE', #2446, #2461, #2473 ) ;
#2337 = ORIENTED_EDGE ( 'NONE', *, *, #1629, .F. ) ;
#2338 = CARTESIAN_POINT ( 'NONE',  ( 94.69801024487377106, 8.934133474745236114, -61.21982352212503287 ) ) ;
#2339 = ADVANCED_FACE ( 'NONE', ( #119 ), #1590, .F. ) ;
#2340 = AXIS2_PLACEMENT_3D ( 'NONE', #1802, #2025, #2232 ) ;
#2341 = ORIENTED_EDGE ( 'NONE', *, *, #1221, .F. ) ;
#2342 = DIRECTION ( 'NONE',  ( -0.0000000000000000000, 1.000000000000000000, -0.0000000000000000000 ) ) ;
#2343 = CARTESIAN_POINT ( 'NONE',  ( 123.8568393781439596, 12.71448716445003413, -81.41588844694685179 ) ) ;
#2344 = EDGE_LOOP ( 'NONE', ( #1675, #1795 ) ) ;
#2345 = CIRCLE ( 'NONE', #1475, 5.049999999999957190 ) ;
#2346 = DIRECTION ( 'NONE',  ( -0.0000000000000000000, 1.000000000000000000, -0.0000000000000000000 ) ) ;
#2347 = ORIENTED_EDGE ( 'NONE', *, *, #526, .F. ) ;
#2348 = EDGE_CURVE ( 'NONE', #1345, #1359, #1346, .T. ) ;
#2349 = VECTOR ( 'NONE', #890, 1000.000000000000000 ) ;
#2350 = VECTOR ( 'NONE', #2358, 1000.000000000000114 ) ;
#2351 = EDGE_CURVE ( 'NONE', #574, #1272, #1146, .T. ) ;
#2352 = DIRECTION ( 'NONE',  ( -0.0000000000000000000, 1.000000000000000000, -0.0000000000000000000 ) ) ;
#2353 = ADVANCED_FACE ( 'NONE', ( #765 ), #2454, .F. ) ;
#2354 = CARTESIAN_POINT ( 'NONE',  ( 115.3476096591112139, 3.129999999999999893, -51.35606460200842349 ) ) ;
#2355 = FACE_OUTER_BOUND ( 'NONE', #845, .T. ) ;
#2356 = AXIS2_PLACEMENT_3D ( 'NONE', #35, #2660, #2428 ) ;
#2357 = CYLINDRICAL_SURFACE ( 'NONE', #2816, 1.250000000000001110 ) ;
#2358 = DIRECTION ( 'NONE',  ( -0.3670970799491343750, -0.0000000000000000000, 0.9301826346975193838 ) ) ;
#2359 = ORIENTED_EDGE ( 'NONE', *, *, #2649, .T. ) ;
#2360 = FACE_OUTER_BOUND ( 'NONE', #1066, .T. ) ;
#2361 = DIRECTION ( 'NONE',  ( 0.0000000000000000000, 0.0000000000000000000, 1.000000000000000000 ) ) ;
#2362 = ORIENTED_EDGE ( 'NONE', *, *, #1659, .F. ) ;
#2363 = DIRECTION ( 'NONE',  ( -0.0000000000000000000, 1.000000000000000000, -0.0000000000000000000 ) ) ;
#2364 = ORIENTED_EDGE ( 'NONE', *, *, #2518, .T. ) ;
#2365 = CARTESIAN_POINT ( 'NONE',  ( 110.2353500103694159, 8.934133474745236114, -28.17238704017772122 ) ) ;
#2366 = EDGE_LOOP ( 'NONE', ( #3, #2562 ) ) ;
#2367 = CARTESIAN_POINT ( 'NONE',  ( 112.9200857148800168, -49.49999999999998579, -35.88962596569083274 ) ) ;
#2368 = VERTEX_POINT ( 'NONE', #2579 ) ;
#2369 = ADVANCED_FACE ( 'NONE', ( #2247 ), #705, .F. ) ;
#2370 = EDGE_CURVE ( 'NONE', #1622, #1024, #51, .T. ) ;
#2371 = PRODUCT_RELATED_PRODUCT_CATEGORY ( 'part', '', ( #1063 ) ) ;
#2372 = EDGE_LOOP ( 'NONE', ( #1194, #696, #2438, #1326 ) ) ;
#2373 = PLANE ( 'NONE',  #305 ) ;
#2374 = DIRECTION ( 'NONE',  ( 0.0000000000000000000, -1.000000000000000000, 0.0000000000000000000 ) ) ;
#2375 = DIRECTION ( 'NONE',  ( 0.0000000000000000000, 1.000000000000000000, 0.0000000000000000000 ) ) ;
#2376 = ORIENTED_EDGE ( 'NONE', *, *, #246, .F. ) ;
#2377 = AXIS2_PLACEMENT_3D ( 'NONE', #1558, #673, #1547 ) ;
#2378 = ORIENTED_EDGE ( 'NONE', *, *, #1077, .T. ) ;
#2379 = DIRECTION ( 'NONE',  ( 0.0000000000000000000, -1.000000000000000000, 0.0000000000000000000 ) ) ;
#2380 = DIRECTION ( 'NONE',  ( 0.0000000000000000000, -1.000000000000000000, 0.0000000000000000000 ) ) ;
#2381 = FACE_BOUND ( 'NONE', #1646, .T. ) ;
#2382 = ADVANCED_FACE ( 'NONE', ( #191 ), #1724, .F. ) ;
#2383 = LINE ( 'NONE', #1954, #363 ) ;
#2384 = EDGE_CURVE ( 'NONE', #693, #2802, #1760, .T. ) ;
#2385 = VECTOR ( 'NONE', #2566, 1000.000000000000000 ) ;
#2386 = B_SPLINE_CURVE_WITH_KNOTS ( 'NONE', 3,
 ( #464, #1769, #1995, #877 ),
 .UNSPECIFIED., .F., .F.,
 ( 4, 4 ),
 ( 2.828431393251925333E-07, 0.002828714303815087639 ),
 .UNSPECIFIED. ) ;
#2387 = CARTESIAN_POINT ( 'NONE',  ( 127.5368130371616360, -29.50000000000000355, -43.64741225490364940 ) ) ;
#2388 = DIRECTION ( 'NONE',  ( 0.0000000000000000000, 0.0000000000000000000, -1.000000000000000000 ) ) ;
#2389 = CYLINDRICAL_SURFACE ( 'NONE', #707, 1.250000000000042633 ) ;
#2390 = CARTESIAN_POINT ( 'NONE',  ( 103.1584062810608060, -29.50000000000000355, -59.06471694911319048 ) ) ;
#2391 = CARTESIAN_POINT ( 'NONE',  ( -1.151856388048599911E-12, 6.500000000000000000, -7.494005416219806648E-13 ) ) ;
#2392 = EDGE_LOOP ( 'NONE', ( #1634, #2782, #2755, #1207, #1034, #2167 ) ) ;
#2393 = LINE ( 'NONE', #1319, #1733 ) ;
#2394 = ORIENTED_EDGE ( 'NONE', *, *, #1348, .T. ) ;
#2395 = PLANE ( 'NONE',  #2750 ) ;
#2396 = VECTOR ( 'NONE', #903, 1000.000000000000000 ) ;
#2397 = ORIENTED_EDGE ( 'NONE', *, *, #874, .T. ) ;
#2398 = CARTESIAN_POINT ( 'NONE',  ( 117.7751336033424110, -5.065866525254772768, -65.57250323832603556 ) ) ;
#2399 = ADVANCED_FACE ( 'NONE', ( #2287, #2381 ), #1469, .T. ) ;
#2400 = DIRECTION ( 'NONE',  ( 0.0000000000000000000, 0.0000000000000000000, -1.000000000000000000 ) ) ;
#2401 = ORIENTED_EDGE ( 'NONE', *, *, #1116, .F. ) ;
#2402 = EDGE_CURVE ( 'NONE', #787, #626, #1076, .T. ) ;
#2403 = EDGE_LOOP ( 'NONE', ( #2098, #2430, #761, #557, #1887, #1056 ) ) ;
#2404 = ORIENTED_EDGE ( 'NONE', *, *, #37, .T. ) ;
#2405 = EDGE_CURVE ( 'NONE', #1436, #787, #2175, .T. ) ;
#2406 = DIRECTION ( 'NONE',  ( 0.0000000000000000000, 0.0000000000000000000, -1.000000000000000000 ) ) ;
#2407 = CARTESIAN_POINT ( 'NONE',  ( 115.3476096591112139, -7.000000000000000000, -51.35606460200842349 ) ) ;
#2408 = VERTEX_POINT ( 'NONE', #1928 ) ;
#2409 = DIRECTION ( 'NONE',  ( -0.0000000000000000000, 1.000000000000000000, -0.0000000000000000000 ) ) ;
#2410 = CARTESIAN_POINT ( 'NONE',  ( 112.9200857148800168, -29.50000000000000355, -35.88962596569083274 ) ) ;
#2411 = AXIS2_PLACEMENT_3D ( 'NONE', #1926, #2170, #398 ) ;
#2412 = ORIENTED_EDGE ( 'NONE', *, *, #1929, .F. ) ;
#2413 = LINE ( 'NONE', #71, #2246 ) ;
#2414 = CARTESIAN_POINT ( 'NONE',  ( 112.9200857148800168, -33.50000000000000000, -38.38962596569083985 ) ) ;
#2415 = ORIENTED_EDGE ( 'NONE', *, *, #2644, .T. ) ;
#2416 = AXIS2_PLACEMENT_3D ( 'NONE', #1143, #2211, #499 ) ;
#2417 = FACE_OUTER_BOUND ( 'NONE', #1139, .T. ) ;
#2418 = DIRECTION ( 'NONE',  ( 0.0000000000000000000, 0.0000000000000000000, 1.000000000000000000 ) ) ;
#2419 = CARTESIAN_POINT ( 'NONE',  ( 0.0000000000000000000, 12.93413347474523611, 0.0000000000000000000 ) ) ;
#2420 = DIRECTION ( 'NONE',  ( 0.0000000000000000000, 0.0000000000000000000, -1.000000000000000000 ) ) ;
#2421 = FACE_OUTER_BOUND ( 'NONE', #2788, .T. ) ;
#2422 = DIRECTION ( 'NONE',  ( 0.0000000000000000000, 1.000000000000000000, -0.0000000000000000000 ) ) ;
#2423 = CARTESIAN_POINT ( 'NONE',  ( 94.69801024487377106, 0.0000000000000000000, -64.91982352212504281 ) ) ;
#2424 = EDGE_CURVE ( 'NONE', #1324, #794, #430, .T. ) ;
#2425 = CYLINDRICAL_SURFACE ( 'NONE', #1231, 1.250000000000042633 ) ;
#2426 = B_SPLINE_CURVE_WITH_KNOTS ( 'NONE', 3,
 ( #1449, #2509, #1407, #1627, #1891 ),
 .UNSPECIFIED., .F., .F.,
 ( 4, 1, 4 ),
 ( 1.707624214248312924E-06, 0.01253289676955730847, 0.02506408591490037058 ),
 .UNSPECIFIED. ) ;
#2427 = LINE ( 'NONE', #2273, #1352 ) ;
#2428 = DIRECTION ( 'NONE',  ( 0.0000000000000000000, 0.0000000000000000000, -1.000000000000000000 ) ) ;
#2429 = AXIS2_PLACEMENT_3D ( 'NONE', #2825, #1500, #199 ) ;
#2430 = ORIENTED_EDGE ( 'NONE', *, *, #2384, .T. ) ;
#2431 = ADVANCED_FACE ( 'NONE', ( #671 ), #2214, .F. ) ;
#2432 = ORIENTED_EDGE ( 'NONE', *, *, #2544, .T. ) ;
#2433 = CARTESIAN_POINT ( 'NONE',  ( 107.9511686732786160, 0.0000000000000000000, 31.66694147014124283 ) ) ;
#2434 = ORIENTED_EDGE ( 'NONE', *, *, #680, .T. ) ;
#2435 = DIRECTION ( 'NONE',  ( -0.9301826346975193838, 0.0000000000000000000, -0.3670970799491343750 ) ) ;
#2436 = AXIS2_PLACEMENT_3D ( 'NONE', #30, #1549, #1996 ) ;
#2437 = DIRECTION ( 'NONE',  ( -0.0000000000000000000, 1.000000000000000000, -0.0000000000000000000 ) ) ;
#2438 = ORIENTED_EDGE ( 'NONE', *, *, #89, .T. ) ;
#2439 = VERTEX_POINT ( 'NONE', #220 ) ;
#2440 = DIRECTION ( 'NONE',  ( -0.9135454576425999784, 0.0000000000000000000, 0.4067366430758022622 ) ) ;
#2441 = CARTESIAN_POINT ( 'NONE',  ( 117.7751336033424110, -34.50000000000000000, -65.57250323832603556 ) ) ;
#2442 = CARTESIAN_POINT ( 'NONE',  ( 112.9200857148800168, -29.50000000000000355, -37.13962596569083274 ) ) ;
#2443 = EDGE_LOOP ( 'NONE', ( #308, #1824, #1910, #1090 ) ) ;
#2444 = EDGE_CURVE ( 'NONE', #203, #2823, #2696, .T. ) ;
#2445 = ORIENTED_EDGE ( 'NONE', *, *, #503, .F. ) ;
#2446 = CARTESIAN_POINT ( 'NONE',  ( 74.41719144519167628, 6.934133474745236114, -100.4344642909484264 ) ) ;
#2447 = VERTEX_POINT ( 'NONE', #1302 ) ;
#2448 = DIRECTION ( 'NONE',  ( -0.0000000000000000000, 1.000000000000000000, -0.0000000000000000000 ) ) ;
#2449 = DIRECTION ( 'NONE',  ( 0.0000000000000000000, 0.0000000000000000000, 1.000000000000000000 ) ) ;
#2450 = EDGE_LOOP ( 'NONE', ( #1544, #968 ) ) ;
#2451 = CARTESIAN_POINT ( 'NONE',  ( 127.5368130371616360, 0.0000000000000000000, -43.64741225490364940 ) ) ;
#2452 = DIRECTION ( 'NONE',  ( -0.0000000000000000000, 1.000000000000000000, -0.0000000000000000000 ) ) ;
#2453 = AXIS2_PLACEMENT_3D ( 'NONE', #1560, #68, #2505 ) ;
#2454 = CYLINDRICAL_SURFACE ( 'NONE', #1203, 3.049999999999990052 ) ;
#2455 = CARTESIAN_POINT ( 'NONE',  ( 127.5368130371616360, -33.50000000000000000, -43.64741225490364940 ) ) ;
#2456 = CIRCLE ( 'NONE', #2416, 3.000000000000009770 ) ;
#2457 = VECTOR ( 'NONE', #1482, 1000.000000000000000 ) ;
#2458 = EDGE_CURVE ( 'NONE', #824, #1021, #2315, .T. ) ;
#2459 = CIRCLE ( 'NONE', #825, 3.000000000000009770 ) ;
#2460 = EDGE_CURVE ( 'NONE', #2310, #1109, #1654, .T. ) ;
#2461 = DIRECTION ( 'NONE',  ( 0.0000000000000000000, 1.000000000000000000, 0.0000000000000000000 ) ) ;
#2462 = ORIENTED_EDGE ( 'NONE', *, *, #2384, .F. ) ;
#2463 = LINE ( 'NONE', #570, #1880 ) ;
#2464 = VERTEX_POINT ( 'NONE', #1752 ) ;
#2465 = CIRCLE ( 'NONE', #1541, 1.250000000000001110 ) ;
#2466 = DIRECTION ( 'NONE',  ( 0.0000000000000000000, 0.0000000000000000000, 1.000000000000000000 ) ) ;
#2467 = AXIS2_PLACEMENT_3D ( 'NONE', #1856, #2574, #815 ) ;
#2468 = ORIENTED_EDGE ( 'NONE', *, *, #1719, .F. ) ;
#2469 = CARTESIAN_POINT ( 'NONE',  ( 117.7751336033424110, 8.934133474745236114, -62.52250323832607393 ) ) ;
#2470 = EDGE_LOOP ( 'NONE', ( #2189, #1818 ) ) ;
#2471 = CARTESIAN_POINT ( 'NONE',  ( 112.9200857148800168, -29.50000000000000355, -37.13962596569083274 ) ) ;
#2472 = AXIS2_PLACEMENT_3D ( 'NONE', #933, #84, #310 ) ;
#2473 = DIRECTION ( 'NONE',  ( 0.0000000000000000000, -0.0000000000000000000, 1.000000000000000000 ) ) ;
#2474 = ORIENTED_EDGE ( 'NONE', *, *, #2460, .F. ) ;
#2475 = SURFACE_STYLE_USAGE ( .BOTH. , #507 ) ;
#2476 = DIRECTION ( 'NONE',  ( 0.0000000000000000000, 0.0000000000000000000, -1.000000000000000000 ) ) ;
#2477 = ORIENTED_EDGE ( 'NONE', *, *, #2704, .T. ) ;
#2478 = DIRECTION ( 'NONE',  ( 0.0000000000000000000, 0.0000000000000000000, 1.000000000000000000 ) ) ;
#2479 = ORIENTED_EDGE ( 'NONE', *, *, #1242, .F. ) ;
#2480 = EDGE_CURVE ( 'NONE', #1306, #2191, #1624, .T. ) ;
#2481 = CARTESIAN_POINT ( 'NONE',  ( 74.41719144519167628, 6.934133474745236114, -105.6844642909484406 ) ) ;
#2482 = ORIENTED_EDGE ( 'NONE', *, *, #601, .F. ) ;
#2483 = VECTOR ( 'NONE', #2448, 1000.000000000000000 ) ;
#2484 = AXIS2_PLACEMENT_3D ( 'NONE', #2493, #1176, #2051 ) ;
#2485 = ORIENTED_EDGE ( 'NONE', *, *, #2108, .T. ) ;
#2486 = CARTESIAN_POINT ( 'NONE',  ( 108.5521299082973172, 0.1541785503622317421, -28.94870366828091335 ) ) ;
#2487 = DIRECTION ( 'NONE',  ( 0.0000000000000000000, 0.0000000000000000000, -1.000000000000000000 ) ) ;
#2488 = DIRECTION ( 'NONE',  ( -0.0000000000000000000, -1.000000000000000000, -0.0000000000000000000 ) ) ;
#2489 = CYLINDRICAL_SURFACE ( 'NONE', #2154, 1.850000000000004530 ) ;
#2490 = AXIS2_PLACEMENT_3D ( 'NONE', #258, #469, #496 ) ;
#2491 = FACE_OUTER_BOUND ( 'NONE', #497, .T. ) ;
#2492 = DIRECTION ( 'NONE',  ( 0.0000000000000000000, 0.0000000000000000000, 1.000000000000000000 ) ) ;
#2493 = CARTESIAN_POINT ( 'NONE',  ( 103.1584062810608060, -34.50000000000000000, -59.06471694911319048 ) ) ;
#2494 = VECTOR ( 'NONE', #438, 1000.000000000000114 ) ;
#2495 = CARTESIAN_POINT ( 'NONE',  ( 127.5368130371616360, -33.50000000000000000, -40.64741225490368493 ) ) ;
#2496 = EDGE_CURVE ( 'NONE', #2464, #758, #777, .T. ) ;
#2497 = FACE_OUTER_BOUND ( 'NONE', #1134, .T. ) ;
#2498 = CARTESIAN_POINT ( 'NONE',  ( 103.1584062810608060, -34.50000000000000000, -59.06471694911319048 ) ) ;
#2499 = ORIENTED_EDGE ( 'NONE', *, *, #498, .F. ) ;
#2500 = FACE_OUTER_BOUND ( 'NONE', #1604, .T. ) ;
#2501 = CARTESIAN_POINT ( 'NONE',  ( 120.2772830588665727, 8.934133474745236114, -74.45844952824748475 ) ) ;
#2502 = EDGE_CURVE ( 'NONE', #2512, #669, #129, .T. ) ;
#2503 = CARTESIAN_POINT ( 'NONE',  ( 103.1584062810608060, 8.934133474745236114, -62.11471694911318764 ) ) ;
#2504 = ORIENTED_EDGE ( 'NONE', *, *, #920, .F. ) ;
#2505 = DIRECTION ( 'NONE',  ( -0.4067366430758020956, 0.0000000000000000000, -0.9135454576425999784 ) ) ;
#2506 = VERTEX_POINT ( 'NONE', #1542 ) ;
#2507 = CARTESIAN_POINT ( 'NONE',  ( 92.85236109869050836, 0.3528770730929381427, -62.89220131478420939 ) ) ;
#2508 = AXIS2_PLACEMENT_3D ( 'NONE', #80, #1168, #2476 ) ;
#2509 = CARTESIAN_POINT ( 'NONE',  ( 93.67877130177600975, 12.44494125855717215, -50.85320568888471371 ) ) ;
#2510 = ORIENTED_EDGE ( 'NONE', *, *, #263, .T. ) ;
#2511 = CARTESIAN_POINT ( 'NONE',  ( 117.7751336033424110, -34.50000000000000000, -62.57250323832607108 ) ) ;
#2512 = VERTEX_POINT ( 'NONE', #243 ) ;
#2513 = ORIENTED_EDGE ( 'NONE', *, *, #944, .T. ) ;
#2514 = CARTESIAN_POINT ( 'NONE',  ( 108.3909510707313189, 0.5566502378279382102, -27.97734456035515294 ) ) ;
#2515 = DIRECTION ( 'NONE',  ( 0.0000000000000000000, 0.0000000000000000000, 1.000000000000000000 ) ) ;
#2516 = ORIENTED_EDGE ( 'NONE', *, *, #1679, .T. ) ;
#2517 = CARTESIAN_POINT ( 'NONE',  ( 103.1584062810608060, 0.0000000000000000000, -59.06471694911319048 ) ) ;
#2518 = EDGE_CURVE ( 'NONE', #1021, #717, #1217, .T. ) ;
#2519 = VERTEX_POINT ( 'NONE', #1095 ) ;
#2520 = CARTESIAN_POINT ( 'NONE',  ( 106.8383799400784255, 8.934133474745236114, -21.29624075707002717 ) ) ;
#2521 = FACE_OUTER_BOUND ( 'NONE', #1201, .T. ) ;
#2522 = AXIS2_PLACEMENT_3D ( 'NONE', #2667, #1568, #1344 ) ;
#2523 = LINE ( 'NONE', #284, #868 ) ;
#2524 = CARTESIAN_POINT ( 'NONE',  ( 115.3179025799882851, 6.499999999999999112, 57.38029858700158314 ) ) ;
#2525 = LINE ( 'NONE', #2129, #2385 ) ;
#2526 = DIRECTION ( 'NONE',  ( -0.0000000000000000000, -1.000000000000000000, -0.0000000000000000000 ) ) ;
#2527 = FACE_OUTER_BOUND ( 'NONE', #594, .T. ) ;
#2528 = VERTEX_POINT ( 'NONE', #909 ) ;
#2529 = CIRCLE ( 'NONE', #1048, 107.0000000000000426 ) ;
#2530 = DIRECTION ( 'NONE',  ( 0.0000000000000000000, 0.0000000000000000000, -1.000000000000000000 ) ) ;
#2531 = EDGE_CURVE ( 'NONE', #1324, #2191, #1727, .T. ) ;
#2532 = EDGE_LOOP ( 'NONE', ( #2678, #2124, #2130, #1399, #1813, #2003 ) ) ;
#2533 = ORIENTED_EDGE ( 'NONE', *, *, #2567, .F. ) ;
#2534 = ORIENTED_EDGE ( 'NONE', *, *, #975, .F. ) ;
#2535 = DIRECTION ( 'NONE',  ( -0.9135454576425999784, -0.0000000000000000000, 0.4067366430758022067 ) ) ;
#2536 = ORIENTED_EDGE ( 'NONE', *, *, #1785, .F. ) ;
#2537 = PLANE ( 'NONE',  #1912 ) ;
#2538 = ORIENTED_EDGE ( 'NONE', *, *, #2004, .T. ) ;
#2539 = MECHANICAL_DESIGN_GEOMETRIC_PRESENTATION_REPRESENTATION (  '', ( #1952 ), #2695 ) ;
#2540 = VERTEX_POINT ( 'NONE', #1765 ) ;
#2541 = DIRECTION ( 'NONE',  ( 0.0000000000000000000, 1.000000000000000000, 0.0000000000000000000 ) ) ;
#2542 = ORIENTED_EDGE ( 'NONE', *, *, #2583, .T. ) ;
#2543 = ORIENTED_EDGE ( 'NONE', *, *, #799, .T. ) ;
#2544 = EDGE_CURVE ( 'NONE', #1885, #691, #2264, .T. ) ;
#2545 = DIRECTION ( 'NONE',  ( 0.0000000000000000000, 1.000000000000000000, 0.0000000000000000000 ) ) ;
#2546 = ORIENTED_EDGE ( 'NONE', *, *, #2699, .T. ) ;
#2547 = DIRECTION ( 'NONE',  ( 0.0000000000000000000, 0.0000000000000000000, 1.000000000000000000 ) ) ;
#2548 = EDGE_CURVE ( 'NONE', #1129, #135, #2559, .T. ) ;
#2549 = CARTESIAN_POINT ( 'NONE',  ( 88.87118236610973554, 6.434133474745237002, 55.91880671875669861 ) ) ;
#2550 = FACE_OUTER_BOUND ( 'NONE', #1333, .T. ) ;
#2551 = CARTESIAN_POINT ( 'NONE',  ( 117.7751336033424110, 0.0000000000000000000, -59.82250323832607819 ) ) ;
#2552 = CARTESIAN_POINT ( 'NONE',  ( 39.27938755455743092, 12.93413347474527519, -99.52954191263468431 ) ) ;
#2553 = FACE_OUTER_BOUND ( 'NONE', #528, .T. ) ;
#2554 = AXIS2_PLACEMENT_3D ( 'NONE', #1003, #126, #2530 ) ;
#2555 = DIRECTION ( 'NONE',  ( 0.0000000000000000000, -1.000000000000000000, 0.0000000000000000000 ) ) ;
#2556 = CIRCLE ( 'NONE', #1619, 3.049999999999990052 ) ;
#2557 = AXIS2_PLACEMENT_3D ( 'NONE', #1713, #850, #2420 ) ;
#2558 = DIRECTION ( 'NONE',  ( 0.0000000000000000000, 0.0000000000000000000, 1.000000000000000000 ) ) ;
#2559 = CIRCLE ( 'NONE', #2617, 3.049999999999990052 ) ;
#2560 = DIRECTION ( 'NONE',  ( 0.0000000000000000000, 0.0000000000000000000, -1.000000000000000000 ) ) ;
#2561 = CARTESIAN_POINT ( 'NONE',  ( 135.8146228243622033, -7.065866525254767438, -37.71101304630018092 ) ) ;
#2562 = ORIENTED_EDGE ( 'NONE', *, *, #2722, .F. ) ;
#2563 = EDGE_CURVE ( 'NONE', #626, #1569, #2456, .T. ) ;
#2564 = FACE_OUTER_BOUND ( 'NONE', #312, .T. ) ;
#2565 = EDGE_LOOP ( 'NONE', ( #970, #251, #734, #2516 ) ) ;
#2566 = DIRECTION ( 'NONE',  ( -0.0000000000000000000, 1.000000000000000000, -0.0000000000000000000 ) ) ;
#2567 = EDGE_CURVE ( 'NONE', #1372, #2845, #15, .T. ) ;
#2568 = VERTEX_POINT ( 'NONE', #941 ) ;
#2569 = CARTESIAN_POINT ( 'NONE',  ( 112.9200857148800168, -33.50000000000000000, -37.13962596569083274 ) ) ;
#2570 = DIRECTION ( 'NONE',  ( -0.0000000000000000000, 1.000000000000000000, -0.0000000000000000000 ) ) ;
#2571 = VERTEX_POINT ( 'NONE', #1806 ) ;
#2572 = AXIS2_PLACEMENT_3D ( 'NONE', #2080, #2286, #321 ) ;
#2573 = ORIENTED_EDGE ( 'NONE', *, *, #1338, .F. ) ;
#2574 = DIRECTION ( 'NONE',  ( -0.0000000000000000000, 1.000000000000000000, -0.0000000000000000000 ) ) ;
#2575 = AXIS2_PLACEMENT_3D ( 'NONE', #2243, #1799, #492 ) ;
#2576 = EDGE_LOOP ( 'NONE', ( #1669, #556 ) ) ;
#2577 = DIRECTION ( 'NONE',  ( -0.0000000000000000000, 1.000000000000000000, -0.0000000000000000000 ) ) ;
#2578 = ORIENTED_EDGE ( 'NONE', *, *, #263, .F. ) ;
#2579 = CARTESIAN_POINT ( 'NONE',  ( 123.8568393781439596, 8.934133474745236114, -81.41588844694685179 ) ) ;
#2580 = ADVANCED_FACE ( 'NONE', ( #1721 ), #1144, .F. ) ;
#2581 = DIRECTION ( 'NONE',  ( 0.0000000000000000000, 0.0000000000000000000, 1.000000000000000000 ) ) ;
#2582 = ORIENTED_EDGE ( 'NONE', *, *, #1061, .T. ) ;
#2583 = EDGE_CURVE ( 'NONE', #2813, #548, #1239, .T. ) ;
#2584 = CIRCLE ( 'NONE', #2819, 5.749999999999949374 ) ;
#2585 = DIRECTION ( 'NONE',  ( 0.0000000000000000000, 0.0000000000000000000, -1.000000000000000000 ) ) ;
#2586 = B_SPLINE_CURVE_WITH_KNOTS ( 'NONE', 3,
 ( #2002, #679, #17, #25 ),
 .UNSPECIFIED., .F., .F.,
 ( 4, 4 ),
 ( 2.847459772348812008E-07, 0.0003129985890961516754 ),
 .UNSPECIFIED. ) ;
#2587 = UNCERTAINTY_MEASURE_WITH_UNIT (LENGTH_MEASURE( 1.000000000000000082E-05 ), #706, 'distance_accuracy_value', 'NONE');
#2588 = LINE ( 'NONE', #2633, #1347 ) ;
#2589 = DIRECTION ( 'NONE',  ( 0.0000000000000000000, 0.0000000000000000000, -1.000000000000000000 ) ) ;
#2590 = FACE_BOUND ( 'NONE', #1142, .T. ) ;
#2591 = AXIS2_PLACEMENT_3D ( 'NONE', #544, #1204, #2742 ) ;
#2592 = VECTOR ( 'NONE', #2221, 1000.000000000000000 ) ;
#2593 = CARTESIAN_POINT ( 'NONE',  ( 143.3801982457824238, 12.93413347474523611, -37.56570648010208657 ) ) ;
#2594 = ADVANCED_FACE ( 'NONE', ( #1551 ), #2619, .F. ) ;
#2595 = VERTEX_POINT ( 'NONE', #1563 ) ;
#2596 = FACE_OUTER_BOUND ( 'NONE', #1409, .T. ) ;
#2597 = CARTESIAN_POINT ( 'NONE',  ( 19.19363759028055938, 6.500000000000000000, -18.07421238847832612 ) ) ;
#2598 = DIRECTION ( 'NONE',  ( 0.0000000000000000000, -1.000000000000000000, 0.0000000000000000000 ) ) ;
#2599 = ORIENTED_EDGE ( 'NONE', *, *, #1759, .T. ) ;
#2600 = ADVANCED_FACE ( 'NONE', ( #150 ), #359, .F. ) ;
#2601 = ORIENTED_EDGE ( 'NONE', *, *, #1100, .T. ) ;
#2602 = EDGE_CURVE ( 'NONE', #2226, #960, #562, .T. ) ;
#2603 = ORIENTED_EDGE ( 'NONE', *, *, #23, .F. ) ;
#2604 = ORIENTED_EDGE ( 'NONE', *, *, #1365, .T. ) ;
#2605 = EDGE_CURVE ( 'NONE', #548, #133, #1074, .T. ) ;
#2606 = DIRECTION ( 'NONE',  ( 0.0000000000000000000, 0.0000000000000000000, 1.000000000000000000 ) ) ;
#2607 = DIRECTION ( 'NONE',  ( 0.0000000000000000000, 0.0000000000000000000, 1.000000000000000000 ) ) ;
#2608 = ORIENTED_EDGE ( 'NONE', *, *, #1611, .F. ) ;
#2609 = CARTESIAN_POINT ( 'NONE',  ( 103.1584062810608060, -29.50000000000000355, -59.06471694911319048 ) ) ;
#2610 = CARTESIAN_POINT ( 'NONE',  ( 103.1584062810608060, -33.50000000000000000, -56.06471694911318338 ) ) ;
#2611 = ORIENTED_EDGE ( 'NONE', *, *, #896, .F. ) ;
#2612 = AXIS2_PLACEMENT_3D ( 'NONE', #1464, #2379, #1932 ) ;
#2613 = ORIENTED_EDGE ( 'NONE', *, *, #2759, .F. ) ;
#2614 = CARTESIAN_POINT ( 'NONE',  ( 0.0000000000000000000, 10.93413347474516506, 0.0000000000000000000 ) ) ;
#2615 = ADVANCED_FACE ( 'NONE', ( #977 ), #1406, .T. ) ;
#2616 = CARTESIAN_POINT ( 'NONE',  ( 0.0000000000000000000, 12.93413347474523611, 0.0000000000000000000 ) ) ;
#2617 = AXIS2_PLACEMENT_3D ( 'NONE', #928, #690, #24 ) ;
#2618 = ORIENTED_EDGE ( 'NONE', *, *, #1964, .F. ) ;
#2619 = CYLINDRICAL_SURFACE ( 'NONE', #2714, 2.999999999999968026 ) ;
#2620 = CARTESIAN_POINT ( 'NONE',  ( 0.0000000000000000000, 0.0000000000000000000, 0.0000000000000000000 ) ) ;
#2621 = ORIENTED_EDGE ( 'NONE', *, *, #663, .F. ) ;
#2622 = DIRECTION ( 'NONE',  ( 0.0000000000000000000, 0.0000000000000000000, 1.000000000000000000 ) ) ;
#2623 = FACE_OUTER_BOUND ( 'NONE', #1990, .T. ) ;
#2624 = EDGE_CURVE ( 'NONE', #2506, #1615, #1039, .T. ) ;
#2625 = ADVANCED_FACE ( 'NONE', ( #2655, #862 ), #287, .F. ) ;
#2626 = DIRECTION ( 'NONE',  ( -0.0000000000000000000, -1.000000000000000000, -0.0000000000000000000 ) ) ;
#2627 = DIRECTION ( 'NONE',  ( 0.0000000000000000000, 0.0000000000000000000, -1.000000000000000000 ) ) ;
#2628 = CYLINDRICAL_SURFACE ( 'NONE', #1141, 3.000000000000009770 ) ;
#2629 = AXIS2_PLACEMENT_3D ( 'NONE', #2391, #2835, #1510 ) ;
#2630 = ADVANCED_FACE ( 'NONE', ( #500 ), #1756, .T. ) ;
#2631 = DIRECTION ( 'NONE',  ( 0.0000000000000000000, 0.0000000000000000000, 1.000000000000000000 ) ) ;
#2632 = CYLINDRICAL_SURFACE ( 'NONE', #1199, 1.850000000000004530 ) ;
#2633 = CARTESIAN_POINT ( 'NONE',  ( 106.8383799400784255, 12.93413347474523611, -21.29624075707002717 ) ) ;
#2634 = AXIS2_PLACEMENT_3D ( 'NONE', #2730, #1600, #2268 ) ;
#2635 = VERTEX_POINT ( 'NONE', #1817 ) ;
#2636 = VECTOR ( 'NONE', #1843, 1000.000000000000000 ) ;
#2637 = ORIENTED_EDGE ( 'NONE', *, *, #148, .F. ) ;
#2638 = CARTESIAN_POINT ( 'NONE',  ( 127.5368130371616360, -33.50000000000000000, -40.64741225490368493 ) ) ;
#2639 = CARTESIAN_POINT ( 'NONE',  ( 135.8146228243622033, 8.934133474745236114, -39.56101304630018234 ) ) ;
#2640 = DIRECTION ( 'NONE',  ( 0.4067366430758014850, 0.0000000000000000000, 0.9135454576426003115 ) ) ;
#2641 = CARTESIAN_POINT ( 'NONE',  ( 127.5368130371616360, 8.934133474745236114, -43.64741225490364940 ) ) ;
#2642 = EDGE_LOOP ( 'NONE', ( #1445, #2533, #2359, #1892 ) ) ;
#2643 = CARTESIAN_POINT ( 'NONE',  ( 117.7751336033424110, -29.50000000000000355, -68.62250323832599008 ) ) ;
#2644 = EDGE_CURVE ( 'NONE', #1109, #2310, #592, .T. ) ;
#2645 = VERTEX_POINT ( 'NONE', #1847 ) ;
#2646 = ADVANCED_FACE ( 'NONE', ( #1441 ), #82, .F. ) ;
#2647 = DIRECTION ( 'NONE',  ( 0.0000000000000000000, -0.0000000000000000000, 1.000000000000000000 ) ) ;
#2648 = ORIENTED_EDGE ( 'NONE', *, *, #1888, .T. ) ;
#2649 = EDGE_CURVE ( 'NONE', #1372, #2334, #2413, .T. ) ;
#2650 = CARTESIAN_POINT ( 'NONE',  ( 103.1584062810608060, -29.50000000000000355, -59.06471694911319048 ) ) ;
#2651 = DIRECTION ( 'NONE',  ( -0.0000000000000000000, -1.000000000000000000, -0.0000000000000000000 ) ) ;
#2652 = ORIENTED_EDGE ( 'NONE', *, *, #902, .F. ) ;
#2653 = AXIS2_PLACEMENT_3D ( 'NONE', #384, #1677, #2139 ) ;
#2654 = VERTEX_POINT ( 'NONE', #2260 ) ;
#2655 = FACE_BOUND ( 'NONE', #1209, .T. ) ;
#2656 = DIRECTION ( 'NONE',  ( -0.3670970799491343750, 0.0000000000000000000, 0.9301826346975193838 ) ) ;
#2657 = ORIENTED_EDGE ( 'NONE', *, *, #2807, .T. ) ;
#2658 = FACE_OUTER_BOUND ( 'NONE', #1430, .T. ) ;
#2659 = PLANE ( 'NONE',  #2453 ) ;
#2660 = DIRECTION ( 'NONE',  ( 0.0000000000000000000, -1.000000000000000000, 0.0000000000000000000 ) ) ;
#2661 = EDGE_CURVE ( 'NONE', #1256, #1758, #1966, .T. ) ;
#2662 = FACE_BOUND ( 'NONE', #2344, .T. ) ;
#2663 = DIRECTION ( 'NONE',  ( 0.0000000000000000000, 0.0000000000000000000, -1.000000000000000000 ) ) ;
#2664 = CARTESIAN_POINT ( 'NONE',  ( 115.3179025799882851, 12.93413347474523611, 51.28029858700160304 ) ) ;
#2665 = EDGE_CURVE ( 'NONE', #50, #257, #1376, .T. ) ;
#2666 = FACE_BOUND ( 'NONE', #118, .T. ) ;
#2667 = CARTESIAN_POINT ( 'NONE',  ( 115.3179025799882851, 12.93413347474523611, 54.33029858700159309 ) ) ;
#2668 = AXIS2_PLACEMENT_3D ( 'NONE', #90, #2710, #1385 ) ;
#2669 = CIRCLE ( 'NONE', #2288, 5.250000000000004441 ) ;
#2670 = CARTESIAN_POINT ( 'NONE',  ( 94.25675922687292996, 0.07967854741374674754, -61.26987580471740102 ) ) ;
#2671 = AXIS2_PLACEMENT_3D ( 'NONE', #1350, #39, #494 ) ;
#2672 = ORIENTED_EDGE ( 'NONE', *, *, #640, .F. ) ;
#2673 = CONICAL_SURFACE ( 'NONE', #686, 150.0000000000000568, 0.7853981633974482790 ) ;
#2674 = DIRECTION ( 'NONE',  ( 0.0000000000000000000, 0.0000000000000000000, 1.000000000000000000 ) ) ;
#2675 = EDGE_LOOP ( 'NONE', ( #584, #582 ) ) ;
#2676 = LINE ( 'NONE', #971, #2636 ) ;
#2677 = PLANE ( 'NONE',  #672 ) ;
#2678 = ORIENTED_EDGE ( 'NONE', *, *, #1491, .F. ) ;
#2679 =( NAMED_UNIT ( * ) PLANE_ANGLE_UNIT ( ) SI_UNIT ( $, .RADIAN. ) );
#2680 = DIRECTION ( 'NONE',  ( -0.6855580112566723727, -0.0000000000000000000, -0.7280180033500519565 ) ) ;
#2681 = ORIENTED_EDGE ( 'NONE', *, *, #2424, .T. ) ;
#2682 = DIRECTION ( 'NONE',  ( 0.0000000000000000000, 0.0000000000000000000, -1.000000000000000000 ) ) ;
#2683 = DIRECTION ( 'NONE',  ( 0.0000000000000000000, -1.000000000000000000, 0.0000000000000000000 ) ) ;
#2684 = ORIENTED_EDGE ( 'NONE', *, *, #738, .F. ) ;
#2685 = EDGE_CURVE ( 'NONE', #517, #2171, #1307, .T. ) ;
#2686 = DIRECTION ( 'NONE',  ( 0.0000000000000000000, 0.0000000000000000000, -1.000000000000000000 ) ) ;
#2687 = VERTEX_POINT ( 'NONE', #1612 ) ;
#2688 = ORIENTED_EDGE ( 'NONE', *, *, #1647, .T. ) ;
#2689 = DIRECTION ( 'NONE',  ( 0.0000000000000000000, 1.000000000000000000, 0.0000000000000000000 ) ) ;
#2690 = CARTESIAN_POINT ( 'NONE',  ( 127.5368130371616360, -29.50000000000000355, -43.64741225490364940 ) ) ;
#2691 = ORIENTED_EDGE ( 'NONE', *, *, #1611, .T. ) ;
#2692 = DIRECTION ( 'NONE',  ( -0.0000000000000000000, -1.000000000000000000, -0.0000000000000000000 ) ) ;
#2693 = CIRCLE ( 'NONE', #1228, 1.850000000000004530 ) ;
#2694 = CARTESIAN_POINT ( 'NONE',  ( 127.5368130371616360, 0.0000000000000000000, -37.89741225490364229 ) ) ;
#2695 =( GEOMETRIC_REPRESENTATION_CONTEXT ( 3 ) GLOBAL_UNCERTAINTY_ASSIGNED_CONTEXT ( ( #1870 ) ) GLOBAL_UNIT_ASSIGNED_CONTEXT ( ( #866, #214, #1962 ) ) REPRESENTATION_CONTEXT ( 'NONE', 'WORKASPACE' ) );
#2696 = CIRCLE ( 'NONE', #2557, 2.999999999999968026 ) ;
#2697 = FACE_OUTER_BOUND ( 'NONE', #1368, .T. ) ;
#2698 = FACE_BOUND ( 'NONE', #1683, .T. ) ;
#2699 = EDGE_CURVE ( 'NONE', #2540, #320, #2827, .T. ) ;
#2700 = DIRECTION ( 'NONE',  ( -0.0000000000000000000, 1.000000000000000000, -0.0000000000000000000 ) ) ;
#2701 = DIRECTION ( 'NONE',  ( 0.0000000000000000000, 0.0000000000000000000, 1.000000000000000000 ) ) ;
#2702 = VECTOR ( 'NONE', #883, 1000.000000000000000 ) ;
#2703 = CARTESIAN_POINT ( 'NONE',  ( 103.1584062810608060, -34.50000000000000000, -64.81471694911320469 ) ) ;
#2704 = EDGE_CURVE ( 'NONE', #1615, #1529, #1110, .T. ) ;
#2705 = DIRECTION ( 'NONE',  ( -0.0000000000000000000, 1.000000000000000000, -0.0000000000000000000 ) ) ;
#2706 = LINE ( 'NONE', #381, #1125 ) ;
#2707 = ORIENTED_EDGE ( 'NONE', *, *, #668, .T. ) ;
#2708 = LINE ( 'NONE', #1370, #97 ) ;
#2709 = AXIS2_PLACEMENT_3D ( 'NONE', #1357, #930, #511 ) ;
#2710 = DIRECTION ( 'NONE',  ( -0.0000000000000000000, 1.000000000000000000, -0.0000000000000000000 ) ) ;
#2711 = VERTEX_POINT ( 'NONE', #2102 ) ;
#2712 = CARTESIAN_POINT ( 'NONE',  ( 74.41719144519167628, -2.065866525254762998, -100.4344642909484264 ) ) ;
#2713 = ORIENTED_EDGE ( 'NONE', *, *, #503, .T. ) ;
#2714 = AXIS2_PLACEMENT_3D ( 'NONE', #1331, #2001, #1339 ) ;
#2715 = ORIENTED_EDGE ( 'NONE', *, *, #763, .T. ) ;
#2716 = EDGE_CURVE ( 'NONE', #2006, #1720, #1652, .T. ) ;
#2717 = DIRECTION ( 'NONE',  ( -0.0000000000000000000, 1.000000000000000000, -0.0000000000000000000 ) ) ;
#2718 = CARTESIAN_POINT ( 'NONE',  ( 94.14885390328878145, 0.1540236329456740050, -61.29943262057405917 ) ) ;
#2719 = ORIENTED_EDGE ( 'NONE', *, *, #2685, .F. ) ;
#2720 = DIRECTION ( 'NONE',  ( -0.0000000000000000000, 1.000000000000000000, -0.0000000000000000000 ) ) ;
#2721 = VERTEX_POINT ( 'NONE', #2308 ) ;
#2722 = EDGE_CURVE ( 'NONE', #1202, #2746, #1621, .T. ) ;
#2723 = STYLED_ITEM ( 'NONE', ( #1412 ), #1351 ) ;
#2724 = DIRECTION ( 'NONE',  ( -0.0000000000000000000, -1.000000000000000000, -0.0000000000000000000 ) ) ;
#2725 = CARTESIAN_POINT ( 'NONE',  ( 115.3476096591112139, -7.000000000000000000, -51.35606460200842349 ) ) ;
#2726 = ORIENTED_EDGE ( 'NONE', *, *, #2040, .F. ) ;
#2727 = CIRCLE ( 'NONE', #946, 3.000000000000002665 ) ;
#2728 = AXIS2_PLACEMENT_3D ( 'NONE', #211, #650, #2181 ) ;
#2729 = ORIENTED_EDGE ( 'NONE', *, *, #498, .T. ) ;
#2730 = CARTESIAN_POINT ( 'NONE',  ( 0.0000000000000000000, 0.0000000000000000000, 0.0000000000000000000 ) ) ;
#2731 = CARTESIAN_POINT ( 'NONE',  ( 92.85271564810835798, 0.1541785503622377373, -63.24528083954833590 ) ) ;
#2732 = CIRCLE ( 'NONE', #1380, 5.750000000000005329 ) ;
#2733 = AXIS2_PLACEMENT_3D ( 'NONE', #9, #943, #300 ) ;
#2734 = DIRECTION ( 'NONE',  ( -0.0000000000000000000, 1.000000000000000000, -0.0000000000000000000 ) ) ;
#2735 = VECTOR ( 'NONE', #1661, 1000.000000000000000 ) ;
#2736 = CARTESIAN_POINT ( 'NONE',  ( 117.7751336033424110, -29.50000000000000355, -62.52250323832607393 ) ) ;
#2737 = CARTESIAN_POINT ( 'NONE',  ( 135.8146228243622033, -7.065866525254767438, -39.56101304630018234 ) ) ;
#2738 = LINE ( 'NONE', #2495, #400 ) ;
#2739 = CARTESIAN_POINT ( 'NONE',  ( 108.4349344916295479, 0.3528770730929159383, -28.61564134554687655 ) ) ;
#2740 = EDGE_CURVE ( 'NONE', #394, #608, #2727, .T. ) ;
#2741 = CYLINDRICAL_SURFACE ( 'NONE', #117, 3.000000000000002665 ) ;
#2742 = DIRECTION ( 'NONE',  ( 0.0000000000000000000, 0.0000000000000000000, 1.000000000000000000 ) ) ;
#2743 = ORIENTED_EDGE ( 'NONE', *, *, #2299, .T. ) ;
#2744 = CYLINDRICAL_SURFACE ( 'NONE', #269, 5.750000000000005329 ) ;
#2745 = CARTESIAN_POINT ( 'NONE',  ( 127.5368130371616360, -34.50000000000000000, -49.39741225490365650 ) ) ;
#2746 = VERTEX_POINT ( 'NONE', #764 ) ;
#2747 = EDGE_LOOP ( 'NONE', ( #1293, #1052 ) ) ;
#2748 = ORIENTED_EDGE ( 'NONE', *, *, #2348, .F. ) ;
#2749 = CARTESIAN_POINT ( 'NONE',  ( 88.87118236610973554, 7.500000000000047962, 55.91880671875669861 ) ) ;
#2750 = AXIS2_PLACEMENT_3D ( 'NONE', #2616, #1770, #2647 ) ;
#2751 = ORIENTED_EDGE ( 'NONE', *, *, #1100, .F. ) ;
#2752 = PLANE ( 'NONE',  #1398 ) ;
#2753 = ORIENTED_EDGE ( 'NONE', *, *, #854, .T. ) ;
#2754 = DIRECTION ( 'NONE',  ( 0.0000000000000000000, 1.000000000000000000, 0.0000000000000000000 ) ) ;
#2755 = ORIENTED_EDGE ( 'NONE', *, *, #460, .T. ) ;
#2756 = EDGE_CURVE ( 'NONE', #177, #1462, #2790, .T. ) ;
#2757 = DIRECTION ( 'NONE',  ( 0.0000000000000000000, 0.0000000000000000000, -1.000000000000000000 ) ) ;
#2758 = ORIENTED_EDGE ( 'NONE', *, *, #2405, .F. ) ;
#2759 = EDGE_CURVE ( 'NONE', #1791, #482, #2345, .T. ) ;
#2760 = EDGE_LOOP ( 'NONE', ( #520, #1711, #2432, #2330 ) ) ;
#2761 = CIRCLE ( 'NONE', #2022, 12.49999999999999645 ) ;
#2762 = DIRECTION ( 'NONE',  ( 0.0000000000000000000, 0.0000000000000000000, 1.000000000000000000 ) ) ;
#2763 = CIRCLE ( 'NONE', #178, 112.4999999999999858 ) ;
#2764 = AXIS2_PLACEMENT_3D ( 'NONE', #829, #1309, #2388 ) ;
#2765 = LINE ( 'NONE', #657, #265 ) ;
#2766 = PLANE ( 'NONE',  #692 ) ;
#2767 = LINE ( 'NONE', #2593, #2111 ) ;
#2768 = DIRECTION ( 'NONE',  ( 0.0000000000000000000, -1.000000000000000000, 0.0000000000000000000 ) ) ;
#2769 = CIRCLE ( 'NONE', #1180, 3.049999999999990052 ) ;
#2770 = FACE_OUTER_BOUND ( 'NONE', #2274, .T. ) ;
#2771 = EDGE_CURVE ( 'NONE', #177, #2064, #2693, .T. ) ;
#2772 = ORIENTED_EDGE ( 'NONE', *, *, #1390, .T. ) ;
#2773 = VECTOR ( 'NONE', #2042, 1000.000000000000000 ) ;
#2774 = DIRECTION ( 'NONE',  ( -0.0000000000000000000, 1.000000000000000000, 0.0000000000000000000 ) ) ;
#2775 = DIRECTION ( 'NONE',  ( -0.6855580112566723727, 0.0000000000000000000, -0.7280180033500519565 ) ) ;
#2776 = ORIENTED_EDGE ( 'NONE', *, *, #55, .T. ) ;
#2777 = CARTESIAN_POINT ( 'NONE',  ( 112.9200857148800168, -5.065866525254772768, -34.08962596569084269 ) ) ;
#2778 = EDGE_CURVE ( 'NONE', #320, #1024, #14, .T. ) ;
#2779 = VERTEX_POINT ( 'NONE', #2177 ) ;
#2780 = ORIENTED_EDGE ( 'NONE', *, *, #206, .F. ) ;
#2781 = DIRECTION ( 'NONE',  ( 0.0000000000000000000, 0.0000000000000000000, 1.000000000000000000 ) ) ;
#2782 = ORIENTED_EDGE ( 'NONE', *, *, #1043, .T. ) ;
#2783 = CARTESIAN_POINT ( 'NONE',  ( 110.2353500103694159, 8.934133474745236114, -28.17238704017772122 ) ) ;
#2784 = CARTESIAN_POINT ( 'NONE',  ( 127.5368130371616360, -34.50000000000000000, -43.64741225490364940 ) ) ;
#2785 = ADVANCED_FACE ( 'NONE', ( #222 ), #2207, .F. ) ;
#2786 = CARTESIAN_POINT ( 'NONE',  ( 143.9002247066447637, -6.500000000000000000, 42.34058725829364533 ) ) ;
#2787 = VERTEX_POINT ( 'NONE', #858 ) ;
#2788 = EDGE_LOOP ( 'NONE', ( #314, #559, #1467, #2713 ) ) ;
#2789 = EDGE_CURVE ( 'NONE', #660, #589, #736, .T. ) ;
#2790 = LINE ( 'NONE', #1924, #667 ) ;
#2791 = DIRECTION ( 'NONE',  ( 0.0000000000000000000, -1.000000000000000000, 0.0000000000000000000 ) ) ;
#2792 = PLANE ( 'NONE',  #2049 ) ;
#2793 = AXIS2_PLACEMENT_3D ( 'NONE', #1377, #489, #1839 ) ;
#2794 = CIRCLE ( 'NONE', #27, 5.750000000000005329 ) ;
#2795 = DIRECTION ( 'NONE',  ( -0.0000000000000000000, 1.000000000000000000, -0.0000000000000000000 ) ) ;
#2796 = AXIS2_PLACEMENT_3D ( 'NONE', #1837, #2056, #1394 ) ;
#2797 = CARTESIAN_POINT ( 'NONE',  ( 55.06456199237018723, -2.065866525254762998, -139.5273952046279646 ) ) ;
#2798 = CIRCLE ( 'NONE', #2508, 3.049999999999990052 ) ;
#2799 = DIRECTION ( 'NONE',  ( 0.0000000000000000000, 1.000000000000000000, -0.0000000000000000000 ) ) ;
#2800 = FACE_OUTER_BOUND ( 'NONE', #859, .T. ) ;
#2801 = CARTESIAN_POINT ( 'NONE',  ( 74.41719144519167628, 6.934133474745236114, -97.43446429094842642 ) ) ;
#2802 = VERTEX_POINT ( 'NONE', #1976 ) ;
#2803 = CIRCLE ( 'NONE', #819, 12.49999999999999645 ) ;
#2804 = ORIENTED_EDGE ( 'NONE', *, *, #1679, .F. ) ;
#2805 = CARTESIAN_POINT ( 'NONE',  ( 115.3476096591112139, 3.130000000000000782, -56.40606460200837802 ) ) ;
#2806 = EDGE_LOOP ( 'NONE', ( #2657, #7 ) ) ;
#2807 = EDGE_CURVE ( 'NONE', #1272, #574, #2072, .T. ) ;
#2808 = B_SPLINE_CURVE_WITH_KNOTS ( 'NONE', 3,
 ( #694, #26, #1557, #1778 ),
 .UNSPECIFIED., .F., .F.,
 ( 4, 4 ),
 ( 0.07898593894049321662, 0.08039651561332249174 ),
 .UNSPECIFIED. ) ;
#2809 = ORIENTED_EDGE ( 'NONE', *, *, #1779, .T. ) ;
#2810 = DIRECTION ( 'NONE',  ( 0.0000000000000000000, 0.0000000000000000000, -1.000000000000000000 ) ) ;
#2811 = CARTESIAN_POINT ( 'NONE',  ( 74.41719144519167628, 0.0000000000000000000, -100.4344642909484264 ) ) ;
#2812 = DIRECTION ( 'NONE',  ( -0.4067366430758020401, -0.0000000000000000000, -0.9135454576425999784 ) ) ;
#2813 = VERTEX_POINT ( 'NONE', #656 ) ;
#2814 = ADVANCED_FACE ( 'NONE', ( #391 ), #2281, .F. ) ;
#2815 = CARTESIAN_POINT ( 'NONE',  ( 127.5368130371616360, -34.50000000000000000, -43.64741225490364940 ) ) ;
#2816 = AXIS2_PLACEMENT_3D ( 'NONE', #2199, #1340, #2674 ) ;
#2817 = VERTEX_POINT ( 'NONE', #881 ) ;
#2818 = DIRECTION ( 'NONE',  ( -0.0000000000000000000, 1.000000000000000000, -0.0000000000000000000 ) ) ;
#2819 = AXIS2_PLACEMENT_3D ( 'NONE', #2089, #2526, #774 ) ;
#2820 = ORIENTED_EDGE ( 'NONE', *, *, #1579, .T. ) ;
#2821 = DIRECTION ( 'NONE',  ( 0.0000000000000000000, 0.0000000000000000000, -1.000000000000000000 ) ) ;
#2822 = CARTESIAN_POINT ( 'NONE',  ( 103.1584062810608060, -34.50000000000000000, -59.06471694911319048 ) ) ;
#2823 = VERTEX_POINT ( 'NONE', #2638 ) ;
#2824 = CARTESIAN_POINT ( 'NONE',  ( 115.3476096591112139, -7.000000000000000000, -48.30606460200843344 ) ) ;
#2825 = CARTESIAN_POINT ( 'NONE',  ( 0.0000000000000000000, 10.93413347474516506, 0.0000000000000000000 ) ) ;
#2826 = EDGE_LOOP ( 'NONE', ( #701, #361, #1161, #116 ) ) ;
#2827 = CIRCLE ( 'NONE', #505, 1.850000000000004530 ) ;
#2828 = EDGE_CURVE ( 'NONE', #2687, #894, #2761, .T. ) ;
#2829 = FACE_OUTER_BOUND ( 'NONE', #134, .T. ) ;
#2830 = CONICAL_SURFACE ( 'NONE', #1358, 112.4999999999999858, 0.7853981633974445042 ) ;
#2831 = CARTESIAN_POINT ( 'NONE',  ( 94.69801024487377106, 0.0000000000000000000, -63.06982352212503429 ) ) ;
#2832 = DIRECTION ( 'NONE',  ( -0.0000000000000000000, 1.000000000000000000, -0.0000000000000000000 ) ) ;
#2833 = DIRECTION ( 'NONE',  ( 0.0000000000000000000, 0.0000000000000000000, 1.000000000000000000 ) ) ;
#2834 = ADVANCED_FACE ( 'NONE', ( #326 ), #294, .F. ) ;
#2835 = DIRECTION ( 'NONE',  ( 0.0000000000000000000, -1.000000000000000000, 0.0000000000000000000 ) ) ;
#2836 = AXIS2_PLACEMENT_3D ( 'NONE', #1503, #2, #456 ) ;
#2837 = CIRCLE ( 'NONE', #2116, 2.999999999999960920 ) ;
#2838 = VECTOR ( 'NONE', #1554, 1000.000000000000000 ) ;
#2839 = DIRECTION ( 'NONE',  ( 0.0000000000000000000, 0.0000000000000000000, -1.000000000000000000 ) ) ;
#2840 = ORIENTED_EDGE ( 'NONE', *, *, #2649, .F. ) ;
#2841 = CYLINDRICAL_SURFACE ( 'NONE', #1263, 3.049999999999990052 ) ;
#2842 = ADVANCED_FACE ( 'NONE', ( #906 ), #2105, .F. ) ;
#2843 = CARTESIAN_POINT ( 'NONE',  ( 117.7751336033424110, -34.50000000000000000, -65.57250323832603556 ) ) ;
#2844 = EDGE_CURVE ( 'NONE', #1735, #1460, #1894, .T. ) ;
#2845 = VERTEX_POINT ( 'NONE', #1814 ) ;
ENDSEC;
END-ISO-10303-21;
