ISO-10303-21;
HEADER;
FILE_DESCRIPTION (( 'STEP AP203' ),
    '1' );
FILE_NAME ('Ring right.STEP',
    '2019-12-12T17:20:42',
    ( '' ),
    ( '' ),
    'SwSTEP 2.0',
    'SolidWorks 2018',
    '' );
FILE_SCHEMA (( 'CONFIG_CONTROL_DESIGN' ));
ENDSEC;

DATA;
#1 = ORIENTED_EDGE ( 'NONE', *, *, #1552, .F. ) ;
#2 = DIRECTION ( 'NONE',  ( 0.0000000000000000000, 0.0000000000000000000, -1.000000000000000000 ) ) ;
#3 = DIRECTION ( 'NONE',  ( 0.0000000000000000000, 0.0000000000000000000, 1.000000000000000000 ) ) ;
#4 = ORIENTED_EDGE ( 'NONE', *, *, #2049, .T. ) ;
#5 = PLANE ( 'NONE',  #663 ) ;
#6 = AXIS2_PLACEMENT_3D ( 'NONE', #1199, #608, #1844 ) ;
#7 = ORIENTED_EDGE ( 'NONE', *, *, #1125, .F. ) ;
#8 = AXIS2_PLACEMENT_3D ( 'NONE', #1977, #2417, #20 ) ;
#9 = ORIENTED_EDGE ( 'NONE', *, *, #2182, .F. ) ;
#10 = CIRCLE ( 'NONE', #437, 5.250000000000004441 ) ;
#11 = DIRECTION ( 'NONE',  ( 0.0000000000000000000, 0.0000000000000000000, -1.000000000000000000 ) ) ;
#12 = DIRECTION ( 'NONE',  ( 0.0000000000000000000, -1.000000000000000000, 0.0000000000000000000 ) ) ;
#13 = DIRECTION ( 'NONE',  ( 0.0000000000000000000, 0.0000000000000000000, -1.000000000000000000 ) ) ;
#14 = ORIENTED_EDGE ( 'NONE', *, *, #2145, .T. ) ;
#15 = EDGE_CURVE ( 'NONE', #66, #1669, #10, .T. ) ;
#16 = DIRECTION ( 'NONE',  ( 0.0000000000000000000, 1.000000000000000000, 0.0000000000000000000 ) ) ;
#17 = PLANE ( 'NONE',  #1366 ) ;
#18 = DIRECTION ( 'NONE',  ( -0.0000000000000000000, -1.000000000000000000, -0.0000000000000000000 ) ) ;
#19 = AXIS2_PLACEMENT_3D ( 'NONE', #477, #710, #73 ) ;
#20 = DIRECTION ( 'NONE',  ( 0.0000000000000000000, 0.0000000000000000000, 1.000000000000000000 ) ) ;
#21 = CARTESIAN_POINT ( 'NONE',  ( 74.41719144519167628, -2.000000000000000000, -100.4344642909484264 ) ) ;
#22 = VECTOR ( 'NONE', #1304, 1000.000000000000227 ) ;
#23 = VERTEX_POINT ( 'NONE', #428 ) ;
#24 = DIRECTION ( 'NONE',  ( 0.0000000000000000000, -1.000000000000000000, 0.0000000000000000000 ) ) ;
#25 = VECTOR ( 'NONE', #1367, 1000.000000000000000 ) ;
#26 = ORIENTED_EDGE ( 'NONE', *, *, #634, .T. ) ;
#27 = EDGE_LOOP ( 'NONE', ( #1790, #770, #1087, #1875, #514, #2151, #1667, #2777, #2620, #1971 ) ) ;
#28 = EDGE_LOOP ( 'NONE', ( #2234, #927, #1385, #1380 ) ) ;
#29 = FACE_OUTER_BOUND ( 'NONE', #2751, .T. ) ;
#30 = ORIENTED_EDGE ( 'NONE', *, *, #2182, .T. ) ;
#31 = EDGE_CURVE ( 'NONE', #439, #980, #2082, .T. ) ;
#32 = DIRECTION ( 'NONE',  ( 0.0000000000000000000, 0.0000000000000000000, 1.000000000000000000 ) ) ;
#33 = VERTEX_POINT ( 'NONE', #2041 ) ;
#34 = EDGE_CURVE ( 'NONE', #1502, #2282, #2319, .T. ) ;
#35 = CARTESIAN_POINT ( 'NONE',  ( 110.8828637891791402, 8.934133474745236114, -42.13428797168180751 ) ) ;
#36 = VERTEX_POINT ( 'NONE', #1299 ) ;
#37 = UNCERTAINTY_MEASURE_WITH_UNIT (LENGTH_MEASURE( 1.000000000000000082E-05 ), #1644, 'distance_accuracy_value', 'NONE');
#38 = DIRECTION ( 'NONE',  ( 0.0000000000000000000, 0.0000000000000000000, -1.000000000000000000 ) ) ;
#39 = AXIS2_PLACEMENT_3D ( 'NONE', #978, #1066, #1332 ) ;
#40 = DIRECTION ( 'NONE',  ( 0.0000000000000000000, -1.000000000000000000, 0.0000000000000000000 ) ) ;
#41 = ADVANCED_FACE ( 'NONE', ( #2353 ), #2384, .F. ) ;
#42 = ORIENTED_EDGE ( 'NONE', *, *, #1845, .F. ) ;
#43 = FACE_BOUND ( 'NONE', #2120, .T. ) ;
#44 = EDGE_CURVE ( 'NONE', #1931, #1792, #246, .T. ) ;
#45 = VECTOR ( 'NONE', #1467, 1000.000000000000000 ) ;
#46 = DIRECTION ( 'NONE',  ( 0.0000000000000000000, -1.000000000000000000, 0.0000000000000000000 ) ) ;
#47 = DIRECTION ( 'NONE',  ( 0.0000000000000000000, 0.0000000000000000000, -1.000000000000000000 ) ) ;
#48 = AXIS2_PLACEMENT_3D ( 'NONE', #2156, #2337, #1044 ) ;
#49 = FACE_OUTER_BOUND ( 'NONE', #454, .T. ) ;
#50 = ADVANCED_FACE ( 'NONE', ( #572 ), #153, .F. ) ;
#51 = ORIENTED_EDGE ( 'NONE', *, *, #2579, .T. ) ;
#52 = DIRECTION ( 'NONE',  ( -0.0000000000000000000, 1.000000000000000000, -0.0000000000000000000 ) ) ;
#53 = AXIS2_PLACEMENT_3D ( 'NONE', #2470, #83, #1600 ) ;
#54 = ORIENTED_EDGE ( 'NONE', *, *, #1375, .F. ) ;
#55 = LINE ( 'NONE', #309, #920 ) ;
#56 = VERTEX_POINT ( 'NONE', #511 ) ;
#57 = CARTESIAN_POINT ( 'NONE',  ( 132.5493340922647292, -49.49999999999998579, -21.84317286238449896 ) ) ;
#58 = ORIENTED_EDGE ( 'NONE', *, *, #93, .F. ) ;
#59 = CIRCLE ( 'NONE', #876, 3.049999999999990052 ) ;
#60 = ORIENTED_EDGE ( 'NONE', *, *, #554, .F. ) ;
#61 = CARTESIAN_POINT ( 'NONE',  ( 120.4265030515405215, 6.434133474745237002, 89.42850419624247138 ) ) ;
#62 = CARTESIAN_POINT ( 'NONE',  ( 126.3376770098042243, -34.50000000000000000, -46.27539269332215355 ) ) ;
#63 = LINE ( 'NONE', #1569, #894 ) ;
#64 = DIRECTION ( 'NONE',  ( -0.0000000000000000000, 1.000000000000000000, -0.0000000000000000000 ) ) ;
#65 = ORIENTED_EDGE ( 'NONE', *, *, #1962, .F. ) ;
#66 = VERTEX_POINT ( 'NONE', #2663 ) ;
#67 = CARTESIAN_POINT ( 'NONE',  ( 110.8828637891791402, -49.49999999999998579, -42.13428797168180751 ) ) ;
#68 = DIRECTION ( 'NONE',  ( -0.0000000000000000000, 1.000000000000000000, -0.0000000000000000000 ) ) ;
#69 = VERTEX_POINT ( 'NONE', #1604 ) ;
#70 = ADVANCED_FACE ( 'NONE', ( #347 ), #1269, .F. ) ;
#71 = CARTESIAN_POINT ( 'NONE',  ( 117.0945208716396593, -29.50000000000000355, -18.95206814074418489 ) ) ;
#72 = EDGE_CURVE ( 'NONE', #2497, #1947, #2211, .T. ) ;
#73 = DIRECTION ( 'NONE',  ( 0.0000000000000000000, 0.0000000000000000000, 1.000000000000000000 ) ) ;
#74 = CARTESIAN_POINT ( 'NONE',  ( 132.5493340922647292, 0.0000000000000000000, -17.34317286238453448 ) ) ;
#75 = AXIS2_PLACEMENT_3D ( 'NONE', #1751, #1973, #2180 ) ;
#76 = EDGE_LOOP ( 'NONE', ( #1218, #2044, #1524, #2380 ) ) ;
#77 = DIRECTION ( 'NONE',  ( -0.0000000000000000000, 1.000000000000000000, -0.0000000000000000000 ) ) ;
#78 = DIRECTION ( 'NONE',  ( -0.0000000000000000000, 1.000000000000000000, 0.0000000000000000000 ) ) ;
#79 = CARTESIAN_POINT ( 'NONE',  ( 132.5493340922647292, -33.50000000000000000, -20.09317286238457356 ) ) ;
#80 = LINE ( 'NONE', #564, #1743 ) ;
#81 = AXIS2_PLACEMENT_3D ( 'NONE', #1102, #1312, #2420 ) ;
#82 = DIRECTION ( 'NONE',  ( 0.0000000000000000000, 1.000000000000000000, 0.0000000000000000000 ) ) ;
#83 = DIRECTION ( 'NONE',  ( -0.0000000000000000000, -1.000000000000000000, -0.0000000000000000000 ) ) ;
#84 = ORIENTED_EDGE ( 'NONE', *, *, #1608, .F. ) ;
#85 = CARTESIAN_POINT ( 'NONE',  ( 117.0945208716396593, -33.50000000000000000, -21.95206814074419555 ) ) ;
#86 = ADVANCED_FACE ( 'NONE', ( #1435 ), #1807, .T. ) ;
#87 = FACE_BOUND ( 'NONE', #1188, .T. ) ;
#88 = DIRECTION ( 'NONE',  ( -0.0000000000000000000, 1.000000000000000000, -0.0000000000000000000 ) ) ;
#89 = FACE_OUTER_BOUND ( 'NONE', #1100, .T. ) ;
#90 = EDGE_CURVE ( 'NONE', #146, #1891, #1806, .T. ) ;
#91 = DIRECTION ( 'NONE',  ( 0.0000000000000000000, -1.000000000000000000, 0.0000000000000000000 ) ) ;
#92 = CARTESIAN_POINT ( 'NONE',  ( 132.5493340922647292, -29.50000000000000355, -23.09317286238453804 ) ) ;
#93 = EDGE_CURVE ( 'NONE', #293, #1870, #783, .T. ) ;
#94 = DIRECTION ( 'NONE',  ( 0.0000000000000000000, 0.0000000000000000000, 1.000000000000000000 ) ) ;
#95 = LINE ( 'NONE', #2583, #22 ) ;
#96 = ORIENTED_EDGE ( 'NONE', *, *, #706, .F. ) ;
#97 = FACE_OUTER_BOUND ( 'NONE', #180, .T. ) ;
#98 = DIRECTION ( 'NONE',  ( -0.2846294063122479234, 0.0000000000000000000, 0.9586376276061446822 ) ) ;
#99 = DIRECTION ( 'NONE',  ( -0.0000000000000000000, 1.000000000000000000, -0.0000000000000000000 ) ) ;
#100 = AXIS2_PLACEMENT_3D ( 'NONE', #577, #2079, #1919 ) ;
#101 = ORIENTED_EDGE ( 'NONE', *, *, #1984, .F. ) ;
#102 = CIRCLE ( 'NONE', #772, 112.4999999999999858 ) ;
#103 = ADVANCED_FACE ( 'NONE', ( #43, #2507 ), #552, .T. ) ;
#104 = ORIENTED_EDGE ( 'NONE', *, *, #1908, .T. ) ;
#105 = DIRECTION ( 'NONE',  ( 0.0000000000000000000, 1.000000000000000000, 0.0000000000000000000 ) ) ;
#106 = ORIENTED_EDGE ( 'NONE', *, *, #2001, .F. ) ;
#107 = DIRECTION ( 'NONE',  ( 0.0000000000000000000, 0.0000000000000000000, 1.000000000000000000 ) ) ;
#108 = CARTESIAN_POINT ( 'NONE',  ( 110.8828637891791402, -29.50000000000000355, -42.13428797168180751 ) ) ;
#109 = CARTESIAN_POINT ( 'NONE',  ( 132.5493340922647292, -33.50000000000000000, -26.09317286238450251 ) ) ;
#110 = DIRECTION ( 'NONE',  ( 0.0000000000000000000, 0.0000000000000000000, 1.000000000000000000 ) ) ;
#111 = EDGE_CURVE ( 'NONE', #658, #2158, #1634, .T. ) ;
#112 = VERTEX_POINT ( 'NONE', #2685 ) ;
#113 = CARTESIAN_POINT ( 'NONE',  ( 110.8828637891791402, -5.065866525254772768, -45.18428797168179756 ) ) ;
#114 = ORIENTED_EDGE ( 'NONE', *, *, #219, .T. ) ;
#115 = EDGE_CURVE ( 'NONE', #199, #1058, #494, .T. ) ;
#116 = CARTESIAN_POINT ( 'NONE',  ( 126.3376770098042243, -5.065866525254772768, -43.22539269332219192 ) ) ;
#117 = ORIENTED_EDGE ( 'NONE', *, *, #2557, .F. ) ;
#118 = CARTESIAN_POINT ( 'NONE',  ( 130.2956167473106746, 8.934133474745236114, -52.83638033058964822 ) ) ;
#119 = AXIS2_PLACEMENT_3D ( 'NONE', #1142, #1546, #253 ) ;
#120 = DIRECTION ( 'NONE',  ( 0.0000000000000000000, 1.000000000000000000, 0.0000000000000000000 ) ) ;
#121 = CARTESIAN_POINT ( 'NONE',  ( 96.18592533248005338, 12.93413347474523611, -50.61956934592035395 ) ) ;
#122 = EDGE_LOOP ( 'NONE', ( #245, #131 ) ) ;
#123 = DIRECTION ( 'NONE',  ( 0.0000000000000000000, 0.0000000000000000000, -1.000000000000000000 ) ) ;
#124 = CARTESIAN_POINT ( 'NONE',  ( 132.5493340922647292, 0.0000000000000000000, -23.09317286238453804 ) ) ;
#125 = CARTESIAN_POINT ( 'NONE',  ( 117.0945208716396593, -33.50000000000000000, -18.95206814074418489 ) ) ;
#126 = FACE_BOUND ( 'NONE', #402, .T. ) ;
#127 = LINE ( 'NONE', #1912, #1750 ) ;
#128 = EDGE_CURVE ( 'NONE', #1891, #1913, #2574, .T. ) ;
#129 = DIRECTION ( 'NONE',  ( -0.0000000000000000000, 1.000000000000000000, -0.0000000000000000000 ) ) ;
#130 = ADVANCED_FACE ( 'NONE', ( #2012 ), #1076, .F. ) ;
#131 = ORIENTED_EDGE ( 'NONE', *, *, #1144, .T. ) ;
#132 = LINE ( 'NONE', #2723, #2366 ) ;
#133 = EDGE_LOOP ( 'NONE', ( #2046, #639, #2768, #2198 ) ) ;
#134 = DIRECTION ( 'NONE',  ( 0.0000000000000000000, 0.0000000000000000000, -1.000000000000000000 ) ) ;
#135 = AXIS2_PLACEMENT_3D ( 'NONE', #1987, #505, #257 ) ;
#136 = VERTEX_POINT ( 'NONE', #2283 ) ;
#137 = LINE ( 'NONE', #1865, #800 ) ;
#138 = CARTESIAN_POINT ( 'NONE',  ( 132.5493340922647292, -5.065866525254772768, -23.09317286238453804 ) ) ;
#139 = VERTEX_POINT ( 'NONE', #340 ) ;
#140 = CARTESIAN_POINT ( 'NONE',  ( 143.9002247066447637, -6.500000000000000000, 42.34058725829364533 ) ) ;
#141 = CIRCLE ( 'NONE', #824, 3.000000000000009770 ) ;
#142 = AXIS2_PLACEMENT_3D ( 'NONE', #646, #190, #1251 ) ;
#143 = ORIENTED_EDGE ( 'NONE', *, *, #2606, .F. ) ;
#144 = DIRECTION ( 'NONE',  ( 0.0000000000000000000, 0.0000000000000000000, 1.000000000000000000 ) ) ;
#145 = CARTESIAN_POINT ( 'NONE',  ( 0.0000000000000000000, 12.93413347474523611, 0.0000000000000000000 ) ) ;
#146 = VERTEX_POINT ( 'NONE', #1837 ) ;
#147 = CARTESIAN_POINT ( 'NONE',  ( 110.8828637891791402, -33.50000000000000000, -42.13428797168180751 ) ) ;
#148 = CARTESIAN_POINT ( 'NONE',  ( 117.0945208716396593, -33.50000000000000000, -21.95206814074419555 ) ) ;
#149 = CARTESIAN_POINT ( 'NONE',  ( 117.0945208716396593, -34.50000000000000000, -24.70206814074418844 ) ) ;
#150 = EDGE_CURVE ( 'NONE', #1318, #897, #1008, .T. ) ;
#151 = ORIENTED_EDGE ( 'NONE', *, *, #843, .F. ) ;
#152 = EDGE_CURVE ( 'NONE', #2199, #2519, #1950, .T. ) ;
#153 = CYLINDRICAL_SURFACE ( 'NONE', #2229, 1.250000000000001110 ) ;
#154 = DIRECTION ( 'NONE',  ( -0.0000000000000000000, 1.000000000000000000, -0.0000000000000000000 ) ) ;
#155 = ORIENTED_EDGE ( 'NONE', *, *, #1434, .T. ) ;
#156 = AXIS2_PLACEMENT_3D ( 'NONE', #1707, #1496, #1264 ) ;
#157 = DIRECTION ( 'NONE',  ( 0.0000000000000000000, -1.000000000000000000, 0.0000000000000000000 ) ) ;
#158 = CIRCLE ( 'NONE', #81, 1.850000000000004530 ) ;
#159 = CARTESIAN_POINT ( 'NONE',  ( 132.5493340922647292, -34.50000000000000000, -23.09317286238453804 ) ) ;
#160 = CIRCLE ( 'NONE', #752, 3.049999999999990052 ) ;
#161 = CARTESIAN_POINT ( 'NONE',  ( 110.8828637891791402, -33.50000000000000000, -42.13428797168180751 ) ) ;
#162 = EDGE_CURVE ( 'NONE', #1456, #1765, #1842, .T. ) ;
#163 = LINE ( 'NONE', #1048, #795 ) ;
#164 = PERSON_AND_ORGANIZATION_ROLE ( 'classification_officer' ) ;
#165 = DIRECTION ( 'NONE',  ( 0.0000000000000000000, 0.0000000000000000000, -1.000000000000000000 ) ) ;
#166 = ORIENTED_EDGE ( 'NONE', *, *, #766, .T. ) ;
#167 = EDGE_CURVE ( 'NONE', #2199, #2228, #2443, .T. ) ;
#168 = CYLINDRICAL_SURFACE ( 'NONE', #1800, 3.049999999999990052 ) ;
#169 = ORIENTED_EDGE ( 'NONE', *, *, #162, .F. ) ;
#170 = FACE_OUTER_BOUND ( 'NONE', #1479, .T. ) ;
#171 = AXIS2_PLACEMENT_3D ( 'NONE', #1521, #1741, #2177 ) ;
#172 = EDGE_LOOP ( 'NONE', ( #907, #2494, #2604, #557 ) ) ;
#173 = ORIENTED_EDGE ( 'NONE', *, *, #1447, .F. ) ;
#174 = CYLINDRICAL_SURFACE ( 'NONE', #2459, 3.049999999999990052 ) ;
#175 = ORIENTED_EDGE ( 'NONE', *, *, #2609, .F. ) ;
#176 = CARTESIAN_POINT ( 'NONE',  ( 126.3376770098042243, -33.50000000000000000, -43.27539269332218907 ) ) ;
#177 = CARTESIAN_POINT ( 'NONE',  ( 113.1365811341331522, 8.934133474745236114, -8.691080503476650065 ) ) ;
#178 = ORIENTED_EDGE ( 'NONE', *, *, #451, .F. ) ;
#179 = CARTESIAN_POINT ( 'NONE',  ( 117.0945208716396593, -29.50000000000000355, -18.95206814074418489 ) ) ;
#180 = EDGE_LOOP ( 'NONE', ( #2159, #2172, #1938, #117, #2704, #1233, #1282, #1590 ) ) ;
#181 = EDGE_CURVE ( 'NONE', #1765, #1456, #2155, .T. ) ;
#182 = CARTESIAN_POINT ( 'NONE',  ( 74.41719144519167628, -2.000000000000000000, -100.4344642909484264 ) ) ;
#183 = AXIS2_PLACEMENT_3D ( 'NONE', #526, #2453, #781 ) ;
#184 = CARTESIAN_POINT ( 'NONE',  ( 111.3326613348309735, 0.6274665015853417849, -10.97832633983340500 ) ) ;
#185 = DIRECTION ( 'NONE',  ( 0.0000000000000000000, -1.000000000000000000, 0.0000000000000000000 ) ) ;
#186 = AXIS2_PLACEMENT_3D ( 'NONE', #193, #1047, #2322 ) ;
#187 = CARTESIAN_POINT ( 'NONE',  ( 115.3179025799882851, 12.93413347474523611, 54.33029858700159309 ) ) ;
#188 = CARTESIAN_POINT ( 'NONE',  ( 74.41719144519167628, -2.000000000000000000, -112.9344642909484264 ) ) ;
#189 = VECTOR ( 'NONE', #2314, 1000.000000000000000 ) ;
#190 = DIRECTION ( 'NONE',  ( -0.0000000000000000000, 1.000000000000000000, -0.0000000000000000000 ) ) ;
#191 = DIRECTION ( 'NONE',  ( 0.0000000000000000000, 0.0000000000000000000, -1.000000000000000000 ) ) ;
#192 = FACE_BOUND ( 'NONE', #1428, .T. ) ;
#193 = CARTESIAN_POINT ( 'NONE',  ( 115.3179025799882851, 6.499999999999999112, 54.33029858700159309 ) ) ;
#194 = CARTESIAN_POINT ( 'NONE',  ( 38.54519339465910832, 12.93413347474523611, -97.66917664323950987 ) ) ;
#195 = DIRECTION ( 'NONE',  ( 0.0000000000000000000, -1.000000000000000000, 0.0000000000000000000 ) ) ;
#196 = DIRECTION ( 'NONE',  ( -0.0000000000000000000, 1.000000000000000000, -0.0000000000000000000 ) ) ;
#197 = DIRECTION ( 'NONE',  ( 0.0000000000000000000, 1.000000000000000000, 0.0000000000000000000 ) ) ;
#198 = DIRECTION ( 'NONE',  ( 0.0000000000000000000, 0.0000000000000000000, -1.000000000000000000 ) ) ;
#199 = VERTEX_POINT ( 'NONE', #353 ) ;
#200 = CIRCLE ( 'NONE', #2430, 3.049999999999990052 ) ;
#201 = VERTEX_POINT ( 'NONE', #1856 ) ;
#202 = CARTESIAN_POINT ( 'NONE',  ( 110.8828637891791402, -34.50000000000000000, -36.38428797168180751 ) ) ;
#203 = CYLINDRICAL_SURFACE ( 'NONE', #1238, 5.250000000000004441 ) ;
#204 = DIRECTION ( 'NONE',  ( 0.0000000000000000000, -1.000000000000000000, 0.0000000000000000000 ) ) ;
#205 = ORIENTED_EDGE ( 'NONE', *, *, #2506, .F. ) ;
#206 = DIRECTION ( 'NONE',  ( -0.0000000000000000000, -1.000000000000000000, -0.0000000000000000000 ) ) ;
#207 = EDGE_CURVE ( 'NONE', #1940, #476, #217, .T. ) ;
#208 = CYLINDRICAL_SURFACE ( 'NONE', #1570, 5.049999999999957190 ) ;
#209 = DIRECTION ( 'NONE',  ( 0.0000000000000000000, 1.000000000000000000, -0.0000000000000000000 ) ) ;
#210 = AXIS2_PLACEMENT_3D ( 'NONE', #182, #393, #539 ) ;
#211 = PERSON_AND_ORGANIZATION ( #2746, #1621 ) ;
#212 = PLANE ( 'NONE',  #2717 ) ;
#213 = CARTESIAN_POINT ( 'NONE',  ( 143.9002247066447637, 2.000000000001385114, 42.34058725829364533 ) ) ;
#214 = CC_DESIGN_PERSON_AND_ORGANIZATION_ASSIGNMENT ( #211, #1459, ( #1560 ) ) ;
#215 = DIRECTION ( 'NONE',  ( -0.0000000000000000000, 1.000000000000000000, -0.0000000000000000000 ) ) ;
#216 = ORIENTED_EDGE ( 'NONE', *, *, #2606, .T. ) ;
#217 = LINE ( 'NONE', #1439, #1878 ) ;
#218 = DIRECTION ( 'NONE',  ( 0.0000000000000000000, 0.0000000000000000000, 1.000000000000000000 ) ) ;
#219 = EDGE_CURVE ( 'NONE', #139, #1091, #80, .T. ) ;
#220 = DIRECTION ( 'NONE',  ( 0.0000000000000000000, 0.0000000000000000000, 1.000000000000000000 ) ) ;
#221 = ORIENTED_EDGE ( 'NONE', *, *, #599, .F. ) ;
#222 = AXIS2_PLACEMENT_3D ( 'NONE', #159, #2503, #2731 ) ;
#223 = CONICAL_SURFACE ( 'NONE', #1494, 105.0000000000000000, 0.7853981633974412846 ) ;
#224 = DIRECTION ( 'NONE',  ( 0.0000000000000000000, 1.000000000000000000, 0.0000000000000000000 ) ) ;
#225 = CARTESIAN_POINT ( 'NONE',  ( 89.81505964605396741, 12.26725490243005012, 56.92114297837223802 ) ) ;
#226 = CARTESIAN_POINT ( 'NONE',  ( 140.1825042702270139, 8.934133474745236114, -19.63801376634729223 ) ) ;
#227 = DIRECTION ( 'NONE',  ( -0.0000000000000000000, 1.000000000000000000, -0.0000000000000000000 ) ) ;
#228 = ORIENTED_EDGE ( 'NONE', *, *, #2525, .T. ) ;
#229 = ORIENTED_EDGE ( 'NONE', *, *, #2287, .T. ) ;
#230 = ORIENTED_EDGE ( 'NONE', *, *, #684, .F. ) ;
#231 = EDGE_CURVE ( 'NONE', #2519, #2431, #676, .T. ) ;
#232 = CYLINDRICAL_SURFACE ( 'NONE', #788, 1.249999999999997558 ) ;
#233 = ORIENTED_EDGE ( 'NONE', *, *, #44, .T. ) ;
#234 = DIRECTION ( 'NONE',  ( -0.0000000000000000000, 1.000000000000000000, -0.0000000000000000000 ) ) ;
#235 = VERTEX_POINT ( 'NONE', #2499 ) ;
#236 = DIRECTION ( 'NONE',  ( 0.0000000000000000000, 0.0000000000000000000, -1.000000000000000000 ) ) ;
#237 = AXIS2_PLACEMENT_3D ( 'NONE', #2638, #88, #289 ) ;
#238 = ORIENTED_EDGE ( 'NONE', *, *, #1755, .F. ) ;
#239 = DIRECTION ( 'NONE',  ( 0.0000000000000000000, 0.0000000000000000000, 1.000000000000000000 ) ) ;
#240 = CARTESIAN_POINT ( 'NONE',  ( 110.8828637891791402, -33.50000000000000000, -42.13428797168180751 ) ) ;
#241 = DIRECTION ( 'NONE',  ( -0.0000000000000000000, -1.000000000000000000, -0.0000000000000000000 ) ) ;
#242 = AXIS2_PLACEMENT_3D ( 'NONE', #844, #2542, #1026 ) ;
#243 = CARTESIAN_POINT ( 'NONE',  ( 110.8828637891791402, -33.50000000000000000, -42.13428797168180751 ) ) ;
#244 = ORIENTED_EDGE ( 'NONE', *, *, #1776, .F. ) ;
#245 = ORIENTED_EDGE ( 'NONE', *, *, #1125, .T. ) ;
#246 = LINE ( 'NONE', #2029, #1500 ) ;
#247 = DIRECTION ( 'NONE',  ( 0.0000000000000000000, 0.0000000000000000000, -1.000000000000000000 ) ) ;
#248 = EDGE_CURVE ( 'NONE', #436, #337, #1562, .T. ) ;
#249 = CARTESIAN_POINT ( 'NONE',  ( 111.3438542149632866, 0.7026963546279426653, -10.06004714496439512 ) ) ;
#250 = ADVANCED_FACE ( 'NONE', ( #2656 ), #367, .F. ) ;
#251 = CARTESIAN_POINT ( 'NONE',  ( 117.0945208716396593, -34.50000000000000000, -15.95206814074417601 ) ) ;
#252 = AXIS2_PLACEMENT_3D ( 'NONE', #940, #105, #1043 ) ;
#253 = DIRECTION ( 'NONE',  ( 0.0000000000000000000, -0.0000000000000000000, -1.000000000000000000 ) ) ;
#254 = AXIS2_PLACEMENT_3D ( 'NONE', #1869, #812, #1877 ) ;
#255 = FACE_BOUND ( 'NONE', #1577, .T. ) ;
#256 = VERTEX_POINT ( 'NONE', #1876 ) ;
#257 = DIRECTION ( 'NONE',  ( 0.0000000000000000000, 0.0000000000000000000, 1.000000000000000000 ) ) ;
#258 = LINE ( 'NONE', #1764, #1281 ) ;
#259 = VECTOR ( 'NONE', #1081, 1000.000000000000000 ) ;
#260 = VERTEX_POINT ( 'NONE', #149 ) ;
#261 = FACE_OUTER_BOUND ( 'NONE', #1745, .T. ) ;
#262 = DIRECTION ( 'NONE',  ( 0.0000000000000000000, -1.000000000000000000, 0.0000000000000000000 ) ) ;
#263 = VERTEX_POINT ( 'NONE', #1653 ) ;
#264 = DIRECTION ( 'NONE',  ( 0.0000000000000000000, 0.0000000000000000000, 1.000000000000000000 ) ) ;
#265 = ADVANCED_FACE ( 'NONE', ( #2038 ), #2595, .T. ) ;
#266 = EDGE_LOOP ( 'NONE', ( #1466, #4, #51, #2403 ) ) ;
#267 = EDGE_CURVE ( 'NONE', #668, #1038, #1945, .T. ) ;
#268 = ORIENTED_EDGE ( 'NONE', *, *, #2307, .T. ) ;
#269 = CARTESIAN_POINT ( 'NONE',  ( 38.54519339465908701, 7.500000000000103917, -97.66917664323948145 ) ) ;
#270 = PERSON_AND_ORGANIZATION ( #2746, #1621 ) ;
#271 = DIRECTION ( 'NONE',  ( 0.0000000000000000000, 0.0000000000000000000, 1.000000000000000000 ) ) ;
#272 = AXIS2_PLACEMENT_3D ( 'NONE', #885, #2184, #1101 ) ;
#273 = LINE ( 'NONE', #2236, #1941 ) ;
#274 = CARTESIAN_POINT ( 'NONE',  ( 117.0945208716396593, 0.0000000000000000000, -24.70206814074418844 ) ) ;
#275 = DIRECTION ( 'NONE',  ( 0.0000000000000000000, 0.0000000000000000000, -1.000000000000000000 ) ) ;
#276 = AXIS2_PLACEMENT_3D ( 'NONE', #375, #2149, #2134 ) ;
#277 = CARTESIAN_POINT ( 'NONE',  ( 103.2496936112167845, 8.934133474745236114, -45.58944706771902844 ) ) ;
#278 = ORIENTED_EDGE ( 'NONE', *, *, #684, .T. ) ;
#279 = DIRECTION ( 'NONE',  ( -0.0000000000000000000, -1.000000000000000000, -0.0000000000000000000 ) ) ;
#280 = ORIENTED_EDGE ( 'NONE', *, *, #2557, .T. ) ;
#281 = ADVANCED_FACE ( 'NONE', ( #1828 ), #2139, .F. ) ;
#282 = DIRECTION ( 'NONE',  ( 0.0000000000000000000, 1.000000000000000000, 0.0000000000000000000 ) ) ;
#283 = EDGE_CURVE ( 'NONE', #1054, #1761, #1762, .T. ) ;
#284 = LINE ( 'NONE', #1050, #189 ) ;
#285 = CARTESIAN_POINT ( 'NONE',  ( 121.7160989407219347, 3.129999999999999893, -35.66373041703315749 ) ) ;
#286 = CYLINDRICAL_SURFACE ( 'NONE', #1172, 3.049999999999990052 ) ;
#287 = AXIS2_PLACEMENT_3D ( 'NONE', #1408, #2712, #1643 ) ;
#288 = PLANE ( 'NONE',  #2294 ) ;
#289 = DIRECTION ( 'NONE',  ( 0.0000000000000000000, 0.0000000000000000000, 1.000000000000000000 ) ) ;
#290 = AXIS2_PLACEMENT_3D ( 'NONE', #1107, #1115, #697 ) ;
#291 = LINE ( 'NONE', #1914, #620 ) ;
#292 = FACE_OUTER_BOUND ( 'NONE', #266, .T. ) ;
#293 = VERTEX_POINT ( 'NONE', #372 ) ;
#294 = VECTOR ( 'NONE', #1106, 1000.000000000000000 ) ;
#295 = ORIENTED_EDGE ( 'NONE', *, *, #2349, .T. ) ;
#296 = FACE_OUTER_BOUND ( 'NONE', #1759, .T. ) ;
#297 = ORIENTED_EDGE ( 'NONE', *, *, #1499, .T. ) ;
#298 = ORIENTED_EDGE ( 'NONE', *, *, #2579, .F. ) ;
#299 = DIRECTION ( 'NONE',  ( -0.0000000000000000000, -1.000000000000000000, -0.0000000000000000000 ) ) ;
#300 = CARTESIAN_POINT ( 'NONE',  ( 0.0000000000000000000, 0.0000000000000000000, 0.0000000000000000000 ) ) ;
#301 = EDGE_CURVE ( 'NONE', #2473, #293, #2347, .T. ) ;
#302 = VERTEX_POINT ( 'NONE', #2548 ) ;
#303 = EDGE_CURVE ( 'NONE', #136, #569, #768, .T. ) ;
#304 = CIRCLE ( 'NONE', #1104, 148.0000000000000284 ) ;
#305 = DIRECTION ( 'NONE',  ( 0.0000000000000000000, 0.0000000000000000000, -1.000000000000000000 ) ) ;
#306 = AXIS2_PLACEMENT_3D ( 'NONE', #2210, #748, #32 ) ;
#307 = ADVANCED_FACE ( 'NONE', ( #966, #29 ), #2110, .T. ) ;
#308 = ORIENTED_EDGE ( 'NONE', *, *, #150, .F. ) ;
#309 = CARTESIAN_POINT ( 'NONE',  ( 117.0945208716396593, -49.49999999999998579, -20.20206814074418489 ) ) ;
#310 = ORIENTED_EDGE ( 'NONE', *, *, #517, .F. ) ;
#311 = DIRECTION ( 'NONE',  ( 0.0000000000000000000, 1.000000000000000000, 0.0000000000000000000 ) ) ;
#312 = ORIENTED_EDGE ( 'NONE', *, *, #1996, .T. ) ;
#313 = DIRECTION ( 'NONE',  ( -0.9659258262890680902, 0.0000000000000000000, 0.2588190451025216832 ) ) ;
#314 = DIRECTION ( 'NONE',  ( -0.0000000000000000000, -1.000000000000000000, -0.0000000000000000000 ) ) ;
#315 = DIRECTION ( 'NONE',  ( -0.0000000000000000000, 1.000000000000000000, -0.0000000000000000000 ) ) ;
#316 = VECTOR ( 'NONE', #582, 1000.000000000000000 ) ;
#317 = EDGE_CURVE ( 'NONE', #637, #2788, #1969, .T. ) ;
#318 = ADVANCED_FACE ( 'NONE', ( #1256 ), #1457, .T. ) ;
#319 = CARTESIAN_POINT ( 'NONE',  ( 74.41719144519167628, -2.065866525254762998, -103.4344642909484406 ) ) ;
#320 = DIRECTION ( 'NONE',  ( -0.0000000000000000000, 1.000000000000000000, -0.0000000000000000000 ) ) ;
#321 = AXIS2_PLACEMENT_3D ( 'NONE', #2295, #1000, #575 ) ;
#322 = CARTESIAN_POINT ( 'NONE',  ( 98.63866932354534356, 12.93413347474523611, -41.46580415330542735 ) ) ;
#323 = CIRCLE ( 'NONE', #2467, 3.000000000000009770 ) ;
#324 = EDGE_LOOP ( 'NONE', ( #2117, #2703 ) ) ;
#325 = FACE_OUTER_BOUND ( 'NONE', #2153, .T. ) ;
#326 = DIRECTION ( 'NONE',  ( 0.0000000000000000000, 0.0000000000000000000, 1.000000000000000000 ) ) ;
#327 = CARTESIAN_POINT ( 'NONE',  ( 147.2462725489637876, 8.934133474745236114, -14.60789148814597915 ) ) ;
#328 = AXIS2_PLACEMENT_3D ( 'NONE', #1892, #1757, #567 ) ;
#329 = ORIENTED_EDGE ( 'NONE', *, *, #248, .T. ) ;
#330 = VERTEX_POINT ( 'NONE', #1706 ) ;
#331 = LINE ( 'NONE', #1019, #1934 ) ;
#332 = ORIENTED_EDGE ( 'NONE', *, *, #181, .T. ) ;
#333 = VECTOR ( 'NONE', #1682, 1000.000000000000000 ) ;
#334 = DIRECTION ( 'NONE',  ( -0.0000000000000000000, -1.000000000000000000, -0.0000000000000000000 ) ) ;
#335 = DIRECTION ( 'NONE',  ( 0.0000000000000000000, 0.0000000000000000000, 1.000000000000000000 ) ) ;
#336 = CARTESIAN_POINT ( 'NONE',  ( 126.3376770098042243, -5.065866525254772768, -46.27539269332215355 ) ) ;
#337 = VERTEX_POINT ( 'NONE', #1925 ) ;
#338 = ADVANCED_FACE ( 'NONE', ( #2002 ), #174, .F. ) ;
#339 = CALENDAR_DATE ( 2019, 12, 12 ) ;
#340 = CARTESIAN_POINT ( 'NONE',  ( 74.41719144519167628, -2.000000000000000000, -97.43446429094842642 ) ) ;
#341 = CARTESIAN_POINT ( 'NONE',  ( 130.2956167473106746, 0.0000000000000000000, -54.68638033058964965 ) ) ;
#342 = ORIENTED_EDGE ( 'NONE', *, *, #2688, .F. ) ;
#343 = VERTEX_POINT ( 'NONE', #176 ) ;
#344 = EDGE_CURVE ( 'NONE', #2537, #2616, #898, .T. ) ;
#345 = DIRECTION ( 'NONE',  ( -0.0000000000000000000, 1.000000000000000000, -0.0000000000000000000 ) ) ;
#346 = ORIENTED_EDGE ( 'NONE', *, *, #2688, .T. ) ;
#347 = FACE_OUTER_BOUND ( 'NONE', #961, .T. ) ;
#348 = AXIS2_PLACEMENT_3D ( 'NONE', #1393, #99, #1007 ) ;
#349 = ORIENTED_EDGE ( 'NONE', *, *, #2627, .T. ) ;
#350 = DIRECTION ( 'NONE',  ( 0.0000000000000000000, 0.0000000000000000000, 1.000000000000000000 ) ) ;
#351 = CARTESIAN_POINT ( 'NONE',  ( 132.5493340922647292, -33.50000000000000000, -23.09317286238453804 ) ) ;
#352 = ORIENTED_EDGE ( 'NONE', *, *, #2563, .T. ) ;
#353 = CARTESIAN_POINT ( 'NONE',  ( 130.2956167473106746, 0.0000000000000000000, -52.83638033058964822 ) ) ;
#354 = LINE ( 'NONE', #1421, #429 ) ;
#355 = EDGE_CURVE ( 'NONE', #569, #2786, #1063, .T. ) ;
#356 = CIRCLE ( 'NONE', #2547, 5.750000000000001776 ) ;
#357 = AXIS2_PLACEMENT_3D ( 'NONE', #2091, #1639, #2083 ) ;
#358 = CARTESIAN_POINT ( 'NONE',  ( 111.8699697764060090, 3.540775340403649841E-15, -11.88948536422012481 ) ) ;
#359 = ADVANCED_FACE ( 'NONE', ( #840 ), #404, .T. ) ;
#360 = ORIENTED_EDGE ( 'NONE', *, *, #355, .T. ) ;
#361 =( NAMED_UNIT ( * ) PLANE_ANGLE_UNIT ( ) SI_UNIT ( $, .RADIAN. ) );
#362 = CARTESIAN_POINT ( 'NONE',  ( 110.8828637891791402, -34.50000000000000000, -36.38428797168180751 ) ) ;
#363 = FACE_OUTER_BOUND ( 'NONE', #1095, .T. ) ;
#364 = AXIS2_PLACEMENT_3D ( 'NONE', #21, #1565, #1657 ) ;
#365 = VERTEX_POINT ( 'NONE', #654 ) ;
#366 = EDGE_LOOP ( 'NONE', ( #26, #166 ) ) ;
#367 = CYLINDRICAL_SURFACE ( 'NONE', #1257, 1.850000000000004530 ) ;
#368 = FACE_OUTER_BOUND ( 'NONE', #122, .T. ) ;
#369 = CARTESIAN_POINT ( 'NONE',  ( 105.8741089673957134, 2.166667023930984648, 31.05024100488115124 ) ) ;
#370 = DIRECTION ( 'NONE',  ( -0.0000000000000000000, 1.000000000000000000, -0.0000000000000000000 ) ) ;
#371 = EDGE_LOOP ( 'NONE', ( #230, #2273 ) ) ;
#372 = CARTESIAN_POINT ( 'NONE',  ( 110.8828637891791402, 0.0000000000000000000, -36.38428797168180751 ) ) ;
#373 = DATE_TIME_ROLE ( 'creation_date' ) ;
#374 = EDGE_CURVE ( 'NONE', #1460, #778, #1387, .T. ) ;
#375 = CARTESIAN_POINT ( 'NONE',  ( 74.41719144519167628, 6.934133474745236114, -100.4344642909484264 ) ) ;
#376 = DIRECTION ( 'NONE',  ( 0.0000000000000000000, 0.0000000000000000000, 1.000000000000000000 ) ) ;
#377 = EDGE_LOOP ( 'NONE', ( #1753, #1823, #2422, #104 ) ) ;
#378 = DIRECTION ( 'NONE',  ( 0.0000000000000000000, 0.0000000000000000000, -1.000000000000000000 ) ) ;
#379 = ADVANCED_FACE ( 'NONE', ( #478 ), #929, .F. ) ;
#380 = EDGE_CURVE ( 'NONE', #406, #69, #2271, .T. ) ;
#381 = ORIENTED_EDGE ( 'NONE', *, *, #1025, .T. ) ;
#382 = DIRECTION ( 'NONE',  ( 0.0000000000000000000, 0.0000000000000000000, -1.000000000000000000 ) ) ;
#383 = DIRECTION ( 'NONE',  ( -0.0000000000000000000, 1.000000000000000000, -0.0000000000000000000 ) ) ;
#384 = PLANE ( 'NONE',  #2651 ) ;
#385 = CARTESIAN_POINT ( 'NONE',  ( 115.3179025799882851, -15.06586652525476389, 57.38029858700158314 ) ) ;
#386 = CARTESIAN_POINT ( 'NONE',  ( 126.3376770098042243, -33.50000000000000000, -46.27539269332215355 ) ) ;
#387 = VERTEX_POINT ( 'NONE', #2118 ) ;
#388 = LINE ( 'NONE', #912, #1140 ) ;
#389 = CARTESIAN_POINT ( 'NONE',  ( 101.6341364093243129, 0.7233111346132677921, -46.52477448663655224 ) ) ;
#390 = EDGE_CURVE ( 'NONE', #528, #655, #2558, .T. ) ;
#391 = LINE ( 'NONE', #194, #2336 ) ;
#392 = CARTESIAN_POINT ( 'NONE',  ( 110.8828637891791402, -33.50000000000000000, -43.38428797168181461 ) ) ;
#393 = DIRECTION ( 'NONE',  ( 0.0000000000000000000, -1.000000000000000000, 0.0000000000000000000 ) ) ;
#394 = EDGE_LOOP ( 'NONE', ( #2063, #2096, #1733, #759 ) ) ;
#395 = DIRECTION ( 'NONE',  ( 0.0000000000000000000, 1.000000000000000000, 0.0000000000000000000 ) ) ;
#396 = EDGE_CURVE ( 'NONE', #1685, #1023, #2527, .T. ) ;
#397 = CYLINDRICAL_SURFACE ( 'NONE', #1423, 3.049999999999990052 ) ;
#398 = EDGE_LOOP ( 'NONE', ( #1841, #1516 ) ) ;
#399 = CARTESIAN_POINT ( 'NONE',  ( 111.6915652953389042, 0.1951162162695233571, -11.72190280161760434 ) ) ;
#400 = PLANE ( 'NONE',  #1778 ) ;
#401 = AXIS2_PLACEMENT_3D ( 'NONE', #1918, #2783, #1501 ) ;
#402 = EDGE_LOOP ( 'NONE', ( #2270, #839 ) ) ;
#403 = ORIENTED_EDGE ( 'NONE', *, *, #855, .T. ) ;
#404 = CYLINDRICAL_SURFACE ( 'NONE', #640, 5.049999999999988276 ) ;
#405 = DIRECTION ( 'NONE',  ( 0.0000000000000000000, 0.0000000000000000000, 1.000000000000000000 ) ) ;
#406 = VERTEX_POINT ( 'NONE', #2402 ) ;
#407 = DIRECTION ( 'NONE',  ( 0.0000000000000000000, 0.0000000000000000000, 1.000000000000000000 ) ) ;
#408 = CARTESIAN_POINT ( 'NONE',  ( 117.0945208716396593, -33.50000000000000000, -18.95206814074418489 ) ) ;
#409 = CARTESIAN_POINT ( 'NONE',  ( 74.41719144519167628, 12.93413347474523611, -100.4344642909484264 ) ) ;
#410 = COORDINATED_UNIVERSAL_TIME_OFFSET ( 0, 0, .AHEAD. ) ;
#411 = ORIENTED_EDGE ( 'NONE', *, *, #610, .F. ) ;
#412 = CARTESIAN_POINT ( 'NONE',  ( 102.2373784014306892, 0.4381029022528434846, -45.88466452068495727 ) ) ;
#413 = ORIENTED_EDGE ( 'NONE', *, *, #2803, .T. ) ;
#414 = DIRECTION ( 'NONE',  ( 0.0000000000000000000, -1.000000000000000000, 0.0000000000000000000 ) ) ;
#415 = DIRECTION ( 'NONE',  ( 0.0000000000000000000, 0.0000000000000000000, 1.000000000000000000 ) ) ;
#416 = CARTESIAN_POINT ( 'NONE',  ( 130.2956167473106746, -7.065866525254767438, -54.68638033058964965 ) ) ;
#417 = ORIENTED_EDGE ( 'NONE', *, *, #162, .T. ) ;
#418 = EDGE_CURVE ( 'NONE', #1103, #2140, #2623, .T. ) ;
#419 = DIRECTION ( 'NONE',  ( 0.0000000000000000000, 0.0000000000000000000, 1.000000000000000000 ) ) ;
#420 = EDGE_LOOP ( 'NONE', ( #1952, #1455 ) ) ;
#421 = AXIS2_PLACEMENT_3D ( 'NONE', #696, #2190, #11 ) ;
#422 = CARTESIAN_POINT ( 'NONE',  ( 110.8828637891791402, -29.50000000000000355, -40.88428797168180751 ) ) ;
#423 = PLANE ( 'NONE',  #486 ) ;
#424 = ORIENTED_EDGE ( 'NONE', *, *, #72, .F. ) ;
#425 = AXIS2_PLACEMENT_3D ( 'NONE', #2680, #1833, #777 ) ;
#426 = DIRECTION ( 'NONE',  ( 0.0000000000000000000, 0.0000000000000000000, 1.000000000000000000 ) ) ;
#427 = DIRECTION ( 'NONE',  ( 0.0000000000000000000, -0.0000000000000000000, -1.000000000000000000 ) ) ;
#428 = CARTESIAN_POINT ( 'NONE',  ( 126.3376770098042243, -34.50000000000000000, -49.27539269332212513 ) ) ;
#429 = VECTOR ( 'NONE', #383, 1000.000000000000000 ) ;
#430 = LINE ( 'NONE', #1182, #1279 ) ;
#431 = CARTESIAN_POINT ( 'NONE',  ( 130.2956167473106746, 8.934133474745236114, -54.68638033058964965 ) ) ;
#432 = LINE ( 'NONE', #1511, #1991 ) ;
#433 = EDGE_CURVE ( 'NONE', #1318, #387, #2068, .T. ) ;
#434 = ORIENTED_EDGE ( 'NONE', *, *, #2284, .T. ) ;
#435 = CIRCLE ( 'NONE', #2629, 106.0000000000000284 ) ;
#436 = VERTEX_POINT ( 'NONE', #213 ) ;
#437 = AXIS2_PLACEMENT_3D ( 'NONE', #1738, #1508, #2221 ) ;
#438 = CIRCLE ( 'NONE', #2732, 5.750000000000005329 ) ;
#439 = VERTEX_POINT ( 'NONE', #1981 ) ;
#440 = EDGE_LOOP ( 'NONE', ( #2437, #1245 ) ) ;
#441 = CARTESIAN_POINT ( 'NONE',  ( 74.41719144519167628, -2.065866525254762998, -100.4344642909484264 ) ) ;
#442 = VECTOR ( 'NONE', #792, 1000.000000000000000 ) ;
#443 = CARTESIAN_POINT ( 'NONE',  ( 130.2956167473106746, 0.0000000000000000000, -56.53638033058965817 ) ) ;
#444 = AXIS2_PLACEMENT_3D ( 'NONE', #1678, #195, #1711 ) ;
#445 = APPROVAL_PERSON_ORGANIZATION ( #2625, #1053, #2326 ) ;
#446 = VERTEX_POINT ( 'NONE', #673 ) ;
#447 = DIRECTION ( 'NONE',  ( 0.0000000000000000000, 0.0000000000000000000, 1.000000000000000000 ) ) ;
#448 = FACE_BOUND ( 'NONE', #590, .T. ) ;
#449 = CARTESIAN_POINT ( 'NONE',  ( 117.0945208716396593, -34.50000000000000000, -13.20206814074418489 ) ) ;
#450 = EDGE_LOOP ( 'NONE', ( #1112, #151 ) ) ;
#451 = EDGE_CURVE ( 'NONE', #446, #2418, #1122, .T. ) ;
#452 = DIRECTION ( 'NONE',  ( 0.0000000000000000000, 0.0000000000000000000, 1.000000000000000000 ) ) ;
#453 = CARTESIAN_POINT ( 'NONE',  ( 74.41719144519167628, -2.000000000000000000, -100.4344642909484264 ) ) ;
#454 = EDGE_LOOP ( 'NONE', ( #1039, #228, #1061, #84 ) ) ;
#455 = DIRECTION ( 'NONE',  ( 0.0000000000000000000, -1.000000000000000000, 0.0000000000000000000 ) ) ;
#456 = DIRECTION ( 'NONE',  ( 0.0000000000000000000, 0.0000000000000000000, -1.000000000000000000 ) ) ;
#457 = EDGE_CURVE ( 'NONE', #56, #658, #102, .T. ) ;
#458 = AXIS2_PLACEMENT_3D ( 'NONE', #161, #1793, #1818 ) ;
#459 = CARTESIAN_POINT ( 'NONE',  ( 126.3376770098042243, -33.50000000000000000, -49.27539269332212513 ) ) ;
#460 = CARTESIAN_POINT ( 'NONE',  ( 0.0000000000000000000, 12.93413347474523611, 0.0000000000000000000 ) ) ;
#461 = CARTESIAN_POINT ( 'NONE',  ( 126.3376770098042243, -34.50000000000000000, -46.27539269332215355 ) ) ;
#462 = DIRECTION ( 'NONE',  ( 0.0000000000000000000, 0.0000000000000000000, 1.000000000000000000 ) ) ;
#463 = VERTEX_POINT ( 'NONE', #1110 ) ;
#464 = CIRCLE ( 'NONE', #645, 1.850000000000004530 ) ;
#465 = DIRECTION ( 'NONE',  ( 0.2595768345858120441, -0.7071067811865502373, -0.6577384487365826038 ) ) ;
#466 = ORIENTED_EDGE ( 'NONE', *, *, #1202, .F. ) ;
#467 = ORIENTED_EDGE ( 'NONE', *, *, #474, .T. ) ;
#468 = FACE_BOUND ( 'NONE', #1261, .T. ) ;
#469 = CIRCLE ( 'NONE', #2185, 2.999999999999964473 ) ;
#470 = DIRECTION ( 'NONE',  ( 0.0000000000000000000, 0.0000000000000000000, -1.000000000000000000 ) ) ;
#471 = ADVANCED_FACE ( 'NONE', ( #1383 ), #2305, .F. ) ;
#472 = CARTESIAN_POINT ( 'NONE',  ( 74.41719144519167628, 6.934133474745236114, -95.18446429094842642 ) ) ;
#473 = ORIENTED_EDGE ( 'NONE', *, *, #1415, .T. ) ;
#474 = EDGE_CURVE ( 'NONE', #569, #2802, #2170, .T. ) ;
#475 = FACE_OUTER_BOUND ( 'NONE', #1997, .T. ) ;
#476 = VERTEX_POINT ( 'NONE', #2193 ) ;
#477 = CARTESIAN_POINT ( 'NONE',  ( 110.8828637891791402, -34.50000000000000000, -42.13428797168180751 ) ) ;
#478 = FACE_OUTER_BOUND ( 'NONE', #1620, .T. ) ;
#479 = DIRECTION ( 'NONE',  ( -0.0000000000000000000, 1.000000000000000000, -0.0000000000000000000 ) ) ;
#480 = EDGE_CURVE ( 'NONE', #491, #735, #141, .T. ) ;
#481 = ORIENTED_EDGE ( 'NONE', *, *, #1109, .F. ) ;
#482 = ORIENTED_EDGE ( 'NONE', *, *, #1361, .F. ) ;
#483 = CARTESIAN_POINT ( 'NONE',  ( 98.63866932354534356, 12.93413347474523611, -41.46580415330542735 ) ) ;
#484 = ORIENTED_EDGE ( 'NONE', *, *, #1709, .F. ) ;
#485 = CARTESIAN_POINT ( 'NONE',  ( 74.41719144519167628, 6.934133474745236114, -100.4344642909484264 ) ) ;
#486 = AXIS2_PLACEMENT_3D ( 'NONE', #1943, #12, #903 ) ;
#487 = CARTESIAN_POINT ( 'NONE',  ( 117.0945208716396593, -34.50000000000000000, -18.95206814074418489 ) ) ;
#488 = DIRECTION ( 'NONE',  ( -0.0000000000000000000, 1.000000000000000000, -0.0000000000000000000 ) ) ;
#489 = ORIENTED_EDGE ( 'NONE', *, *, #675, .T. ) ;
#490 = ADVANCED_FACE ( 'NONE', ( #2033 ), #1655, .F. ) ;
#491 = VERTEX_POINT ( 'NONE', #2796 ) ;
#492 = DIRECTION ( 'NONE',  ( 0.2588190451025222383, 0.0000000000000000000, 0.9659258262890679791 ) ) ;
#493 = EDGE_CURVE ( 'NONE', #2138, #1470, #1965, .T. ) ;
#494 = LINE ( 'NONE', #953, #1368 ) ;
#495 = DIRECTION ( 'NONE',  ( 0.0000000000000000000, -1.000000000000000000, 0.0000000000000000000 ) ) ;
#496 = CARTESIAN_POINT ( 'NONE',  ( 74.41719144519167628, 6.934133474745236114, -105.6844642909484406 ) ) ;
#497 = VERTEX_POINT ( 'NONE', #2173 ) ;
#498 = DIRECTION ( 'NONE',  ( -0.0000000000000000000, 1.000000000000000000, -0.0000000000000000000 ) ) ;
#499 = EDGE_CURVE ( 'NONE', #1792, #924, #1452, .T. ) ;
#500 = CARTESIAN_POINT ( 'NONE',  ( 110.8828637891791402, -34.50000000000000000, -39.13428797168180040 ) ) ;
#501 = AXIS2_PLACEMENT_3D ( 'NONE', #1822, #787, #2051 ) ;
#502 = DIRECTION ( 'NONE',  ( -0.0000000000000000000, 1.000000000000000000, -0.0000000000000000000 ) ) ;
#503 = ADVANCED_FACE ( 'NONE', ( #2196 ), #232, .F. ) ;
#504 = CARTESIAN_POINT ( 'NONE',  ( 141.9829435731390959, 1.062973360872072104E-15, 41.77132670034317385 ) ) ;
#505 = DIRECTION ( 'NONE',  ( 0.0000000000000000000, 1.000000000000000000, 0.0000000000000000000 ) ) ;
#506 = CIRCLE ( 'NONE', #621, 5.049999999999957190 ) ;
#507 = ORIENTED_EDGE ( 'NONE', *, *, #649, .T. ) ;
#508 = EDGE_LOOP ( 'NONE', ( #1069, #1727, #434, #2468 ) ) ;
#509 = CARTESIAN_POINT ( 'NONE',  ( 103.2496936112167845, 0.0000000000000000000, -45.58944706771902844 ) ) ;
#510 = CIRCLE ( 'NONE', #960, 1.249999999999997558 ) ;
#511 = CARTESIAN_POINT ( 'NONE',  ( 107.9511686732786160, 0.0000000000000000000, 31.66694147014124283 ) ) ;
#512 = DIRECTION ( 'NONE',  ( 0.9659258262890678681, 0.0000000000000000000, -0.2588190451025221828 ) ) ;
#513 = ORIENTED_EDGE ( 'NONE', *, *, #1164, .T. ) ;
#514 = ORIENTED_EDGE ( 'NONE', *, *, #1130, .F. ) ;
#515 = LINE ( 'NONE', #61, #1581 ) ;
#516 = EDGE_LOOP ( 'NONE', ( #2206, #2215 ) ) ;
#517 = EDGE_CURVE ( 'NONE', #2788, #980, #1356, .T. ) ;
#518 = ORIENTED_EDGE ( 'NONE', *, *, #1451, .T. ) ;
#519 = CARTESIAN_POINT ( 'NONE',  ( 0.0000000000000000000, -94.06586652525631109, 0.0000000000000000000 ) ) ;
#520 = LOCAL_TIME ( 17, 20, 42.00000000000000000, #410 ) ;
#521 = ORIENTED_EDGE ( 'NONE', *, *, #806, .F. ) ;
#522 = CARTESIAN_POINT ( 'NONE',  ( 103.2496936112167845, -7.065866525254767438, -49.28944706771903839 ) ) ;
#523 = AXIS2_PLACEMENT_3D ( 'NONE', #995, #1204, #2708 ) ;
#524 = ADVANCED_FACE ( 'NONE', ( #2653 ), #2730, .F. ) ;
#525 = CYLINDRICAL_SURFACE ( 'NONE', #1720, 150.0000000000000568 ) ;
#526 = CARTESIAN_POINT ( 'NONE',  ( 126.3376770098042243, -33.50000000000000000, -46.27539269332215355 ) ) ;
#527 = PLANE ( 'NONE',  #2536 ) ;
#528 = VERTEX_POINT ( 'NONE', #269 ) ;
#529 = DIRECTION ( 'NONE',  ( -0.0000000000000000000, 1.000000000000000000, -0.0000000000000000000 ) ) ;
#530 = ORIENTED_EDGE ( 'NONE', *, *, #1591, .F. ) ;
#531 = DIRECTION ( 'NONE',  ( 0.0000000000000000000, -1.000000000000000000, 0.0000000000000000000 ) ) ;
#532 = CARTESIAN_POINT ( 'NONE',  ( 100.7613450380927276, -6.500000000000000000, 29.53220862235707145 ) ) ;
#533 = CLOSED_SHELL ( 'NONE', ( #1391, #791, #1830, #2008, #2047, #338, #359, #2201, #2286, #2335, #774, #41, #2255, #805, #2718, #318, #2705, #2275, #1801, #70, #818, #524, #2018, #1227, #2415, #281, #734, #1535, #2683, #471, #746, #535, #1177, #503, #50, #130, #968, #1169, #757, #2318, #2502, #2637, #1005, #1208, #2213, #1642, #977, #1362, #2666, #952, #602, #1156, #265, #1554, #2226, #923, #2463, #307, #103, #2747, #2477, #1424, #939, #1137, #1862, #1445, #1197, #490, #1909, #1566, #1339, #1404, #611, #2034, #1990, #717, #2439, #1352, #2647, #379, #2076, #250, #1583, #2487, #86, #1659, #549 ) ) ;
#534 = EDGE_CURVE ( 'NONE', #1265, #668, #515, .T. ) ;
#535 = ADVANCED_FACE ( 'NONE', ( #1731 ), #208, .F. ) ;
#536 = CYLINDRICAL_SURFACE ( 'NONE', #1073, 3.049999999999962519 ) ;
#537 = CARTESIAN_POINT ( 'NONE',  ( 89.10722611643312518, 7.166721248515925069, 56.16946982383615250 ) ) ;
#538 = CARTESIAN_POINT ( 'NONE',  ( 126.3376770098042243, 8.934133474745236114, -46.27539269332215355 ) ) ;
#539 = DIRECTION ( 'NONE',  ( 0.0000000000000000000, 0.0000000000000000000, -1.000000000000000000 ) ) ;
#540 = CARTESIAN_POINT ( 'NONE',  ( 113.1365811341331522, 0.0000000000000000000, -10.54108050347665326 ) ) ;
#541 = AXIS2_PLACEMENT_3D ( 'NONE', #2361, #2770, #376 ) ;
#542 = EDGE_LOOP ( 'NONE', ( #1713, #9 ) ) ;
#543 = LINE ( 'NONE', #1975, #1113 ) ;
#544 = ORIENTED_EDGE ( 'NONE', *, *, #2360, .F. ) ;
#545 = DIRECTION ( 'NONE',  ( -0.0000000000000000000, 1.000000000000000000, -0.0000000000000000000 ) ) ;
#546 = ORIENTED_EDGE ( 'NONE', *, *, #231, .T. ) ;
#547 = CIRCLE ( 'NONE', #1437, 2.999999999999968026 ) ;
#548 = DIRECTION ( 'NONE',  ( 0.0000000000000000000, 0.0000000000000000000, 1.000000000000000000 ) ) ;
#549 = ADVANCED_FACE ( 'NONE', ( #804 ), #1937, .F. ) ;
#550 = ORIENTED_EDGE ( 'NONE', *, *, #1180, .F. ) ;
#551 = ORIENTED_EDGE ( 'NONE', *, *, #111, .F. ) ;
#552 = PLANE ( 'NONE',  #2645 ) ;
#553 = DIRECTION ( 'NONE',  ( 0.0000000000000000000, 1.000000000000000000, 0.0000000000000000000 ) ) ;
#554 = EDGE_CURVE ( 'NONE', #497, #700, #2101, .T. ) ;
#555 = VECTOR ( 'NONE', #680, 1000.000000000000114 ) ;
#556 = APPROVAL_PERSON_ORGANIZATION ( #899, #949, #842 ) ;
#557 = ORIENTED_EDGE ( 'NONE', *, *, #1606, .T. ) ;
#558 = EDGE_LOOP ( 'NONE', ( #2764, #2301, #2677, #278 ) ) ;
#559 = EDGE_CURVE ( 'NONE', #2786, #1836, #63, .T. ) ;
#560 = LOCAL_TIME ( 17, 20, 42.00000000000000000, #1031 ) ;
#561 = ORIENTED_EDGE ( 'NONE', *, *, #2126, .T. ) ;
#562 = DIRECTION ( 'NONE',  ( -0.0000000000000000000, 1.000000000000000000, -0.0000000000000000000 ) ) ;
#563 = AXIS2_PLACEMENT_3D ( 'NONE', #2598, #2385, #2586 ) ;
#564 = CARTESIAN_POINT ( 'NONE',  ( 74.41719144519167628, -2.065866525254762998, -97.43446429094842642 ) ) ;
#565 = DIRECTION ( 'NONE',  ( 0.0000000000000000000, 0.0000000000000000000, 1.000000000000000000 ) ) ;
#566 = ORIENTED_EDGE ( 'NONE', *, *, #2455, .T. ) ;
#567 = DIRECTION ( 'NONE',  ( 0.0000000000000000000, 0.0000000000000000000, 1.000000000000000000 ) ) ;
#568 = CARTESIAN_POINT ( 'NONE',  ( 130.2956167473106746, -7.065866525254767438, -54.68638033058964965 ) ) ;
#569 = VERTEX_POINT ( 'NONE', #1795 ) ;
#570 = CC_DESIGN_PERSON_AND_ORGANIZATION_ASSIGNMENT ( #270, #1015, ( #2619 ) ) ;
#571 = CARTESIAN_POINT ( 'NONE',  ( 126.3376770098042243, -33.50000000000000000, -49.27539269332212513 ) ) ;
#572 = FACE_OUTER_BOUND ( 'NONE', #1509, .T. ) ;
#573 = CARTESIAN_POINT ( 'NONE',  ( 117.0945208716396593, 0.0000000000000000000, -18.95206814074418489 ) ) ;
#574 = VERTEX_POINT ( 'NONE', #1769 ) ;
#575 = DIRECTION ( 'NONE',  ( 0.0000000000000000000, 0.0000000000000000000, 1.000000000000000000 ) ) ;
#576 = CARTESIAN_POINT ( 'NONE',  ( 74.41719144519167628, 0.0000000000000000000, -112.9344642909484264 ) ) ;
#577 = CARTESIAN_POINT ( 'NONE',  ( 117.0945208716396593, -33.50000000000000000, -18.95206814074418489 ) ) ;
#578 = CIRCLE ( 'NONE', #328, 3.049999999999990052 ) ;
#579 = EDGE_CURVE ( 'NONE', #1900, #852, #1319, .T. ) ;
#580 = CYLINDRICAL_SURFACE ( 'NONE', #2756, 5.750000000000001776 ) ;
#581 = AXIS2_PLACEMENT_3D ( 'NONE', #460, #224, #1970 ) ;
#582 = DIRECTION ( 'NONE',  ( -0.0000000000000000000, 1.000000000000000000, -0.0000000000000000000 ) ) ;
#583 = CIRCLE ( 'NONE', #501, 3.049999999999990052 ) ;
#584 = LINE ( 'NONE', #449, #760 ) ;
#585 = CARTESIAN_POINT ( 'NONE',  ( 119.9621862332141831, 11.60087309790791643, 88.93542994512239375 ) ) ;
#586 = DIRECTION ( 'NONE',  ( 1.000000000000000000, 0.0000000000000000000, 0.0000000000000000000 ) ) ;
#587 = AXIS2_PLACEMENT_3D ( 'NONE', #2621, #2610, #2220 ) ;
#588 = VERTEX_POINT ( 'NONE', #918 ) ;
#589 = ORIENTED_EDGE ( 'NONE', *, *, #656, .F. ) ;
#590 = EDGE_LOOP ( 'NONE', ( #1358, #1531 ) ) ;
#591 = DIRECTION ( 'NONE',  ( 0.9659258262890678681, -0.0000000000000000000, -0.2588190451025221828 ) ) ;
#592 = VERTEX_POINT ( 'NONE', #2015 ) ;
#593 = FACE_OUTER_BOUND ( 'NONE', #1674, .T. ) ;
#594 = DIRECTION ( 'NONE',  ( 0.0000000000000000000, 1.000000000000000000, 0.0000000000000000000 ) ) ;
#595 = ORIENTED_EDGE ( 'NONE', *, *, #231, .F. ) ;
#596 = ORIENTED_EDGE ( 'NONE', *, *, #1624, .F. ) ;
#597 = DIRECTION ( 'NONE',  ( -0.0000000000000000000, 1.000000000000000000, -0.0000000000000000000 ) ) ;
#598 = MECHANICAL_CONTEXT ( 'NONE', #1654, 'mechanical' ) ;
#599 = EDGE_CURVE ( 'NONE', #1004, #1819, #2230, .T. ) ;
#600 = ORIENTED_EDGE ( 'NONE', *, *, #2714, .F. ) ;
#601 = CIRCLE ( 'NONE', #2023, 1.850000000000004530 ) ;
#602 = ADVANCED_FACE ( 'NONE', ( #296 ), #1027, .T. ) ;
#603 = EDGE_CURVE ( 'NONE', #1273, #655, #1513, .T. ) ;
#604 = DIRECTION ( 'NONE',  ( 0.0000000000000000000, 0.0000000000000000000, -1.000000000000000000 ) ) ;
#605 = CARTESIAN_POINT ( 'NONE',  ( 126.3376770098042243, 0.0000000000000000000, -46.27539269332215355 ) ) ;
#606 = VERTEX_POINT ( 'NONE', #2411 ) ;
#607 = AXIS2_PLACEMENT_3D ( 'NONE', #2754, #2515, #1671 ) ;
#608 = DIRECTION ( 'NONE',  ( -0.0000000000000000000, 1.000000000000000000, -0.0000000000000000000 ) ) ;
#609 = ORIENTED_EDGE ( 'NONE', *, *, #2224, .T. ) ;
#610 = EDGE_CURVE ( 'NONE', #2695, #668, #2373, .T. ) ;
#611 = ADVANCED_FACE ( 'NONE', ( #2432 ), #836, .F. ) ;
#612 = DIRECTION ( 'NONE',  ( -0.9659258262890676461, -0.0000000000000000000, 0.2588190451025227934 ) ) ;
#613 = APPROVAL_STATUS ( 'not_yet_approved' ) ;
#614 = FACE_OUTER_BOUND ( 'NONE', #904, .T. ) ;
#615 = PLANE ( 'NONE',  #242 ) ;
#616 = FACE_OUTER_BOUND ( 'NONE', #2476, .T. ) ;
#617 = EDGE_CURVE ( 'NONE', #302, #2636, #1153, .T. ) ;
#618 = CIRCLE ( 'NONE', #2635, 3.049999999999990052 ) ;
#619 = CARTESIAN_POINT ( 'NONE',  ( 132.5493340922647292, -34.50000000000000000, -23.09317286238453804 ) ) ;
#620 = VECTOR ( 'NONE', #1114, 1000.000000000000000 ) ;
#621 = AXIS2_PLACEMENT_3D ( 'NONE', #1029, #2752, #1301 ) ;
#622 = ORIENTED_EDGE ( 'NONE', *, *, #2112, .T. ) ;
#623 = VERTEX_POINT ( 'NONE', #2423 ) ;
#624 = CARTESIAN_POINT ( 'NONE',  ( 121.7160989407219347, -7.000000000000000000, -32.61373041703316744 ) ) ;
#625 = PLANE ( 'NONE',  #1879 ) ;
#626 = CIRCLE ( 'NONE', #222, 2.999999999999964473 ) ;
#627 = EDGE_LOOP ( 'NONE', ( #221, #1386, #1248, #96 ) ) ;
#628 = ORIENTED_EDGE ( 'NONE', *, *, #1608, .T. ) ;
#629 = CIRCLE ( 'NONE', #607, 112.4999999999999858 ) ;
#630 = CARTESIAN_POINT ( 'NONE',  ( 74.41719144519167628, -2.000000000000000000, -100.4344642909484264 ) ) ;
#631 = EDGE_LOOP ( 'NONE', ( #1412, #2141, #2137, #2406 ) ) ;
#632 = B_SPLINE_CURVE_WITH_KNOTS ( 'NONE', 3,
 ( #322, #1884, #826, #2323, #1444 ),
 .UNSPECIFIED., .F., .F.,
 ( 4, 1, 4 ),
 ( 1.473418422763327525E-06, 0.01452479835344157484, 0.02904812328846038613 ),
 .UNSPECIFIED. ) ;
#633 = DIRECTION ( 'NONE',  ( -0.0000000000000000000, 1.000000000000000000, -0.0000000000000000000 ) ) ;
#634 = EDGE_CURVE ( 'NONE', #708, #1148, #2592, .T. ) ;
#635 = DIRECTION ( 'NONE',  ( 0.0000000000000000000, 1.000000000000000000, 0.0000000000000000000 ) ) ;
#636 = DIRECTION ( 'NONE',  ( -0.0000000000000000000, 1.000000000000000000, -0.0000000000000000000 ) ) ;
#637 = VERTEX_POINT ( 'NONE', #933 ) ;
#638 = CARTESIAN_POINT ( 'NONE',  ( 110.8828637891791402, -33.50000000000000000, -42.13428797168180751 ) ) ;
#639 = ORIENTED_EDGE ( 'NONE', *, *, #1645, .F. ) ;
#640 = AXIS2_PLACEMENT_3D ( 'NONE', #624, #1277, #1495 ) ;
#641 = ORIENTED_EDGE ( 'NONE', *, *, #2766, .T. ) ;
#642 = CARTESIAN_POINT ( 'NONE',  ( 111.2801538055369832, 0.7235219869678983784, -10.52295381563229171 ) ) ;
#643 = CARTESIAN_POINT ( 'NONE',  ( 117.0945208716396593, 0.0000000000000000000, -13.20206814074418489 ) ) ;
#644 = VERTEX_POINT ( 'NONE', #740 ) ;
#645 = AXIS2_PLACEMENT_3D ( 'NONE', #2571, #16, #3 ) ;
#646 = CARTESIAN_POINT ( 'NONE',  ( 117.0945208716396593, -49.49999999999998579, -18.95206814074418489 ) ) ;
#647 = CYLINDRICAL_SURFACE ( 'NONE', #849, 5.750000000000001776 ) ;
#648 = CIRCLE ( 'NONE', #587, 3.049999999999990052 ) ;
#649 = EDGE_CURVE ( 'NONE', #365, #2473, #438, .T. ) ;
#650 = DIRECTION ( 'NONE',  ( 0.0000000000000000000, 0.0000000000000000000, -1.000000000000000000 ) ) ;
#651 = CARTESIAN_POINT ( 'NONE',  ( 117.0945208716396593, -34.50000000000000000, -24.70206814074418844 ) ) ;
#652 = FACE_OUTER_BOUND ( 'NONE', #2345, .T. ) ;
#653 = ORIENTED_EDGE ( 'NONE', *, *, #1979, .T. ) ;
#654 = CARTESIAN_POINT ( 'NONE',  ( 110.8828637891791402, -34.50000000000000000, -47.88428797168181461 ) ) ;
#655 = VERTEX_POINT ( 'NONE', #1561 ) ;
#656 = EDGE_CURVE ( 'NONE', #1023, #1685, #959, .T. ) ;
#657 = VECTOR ( 'NONE', #1611, 1000.000000000000000 ) ;
#658 = VERTEX_POINT ( 'NONE', #1377 ) ;
#659 = ORIENTED_EDGE ( 'NONE', *, *, #2392, .F. ) ;
#660 = CYLINDRICAL_SURFACE ( 'NONE', #732, 5.250000000000004441 ) ;
#661 = CARTESIAN_POINT ( 'NONE',  ( 102.3552283605664854, 0.3590668315754708129, -45.81490592475491752 ) ) ;
#662 = DIRECTION ( 'NONE',  ( 0.0000000000000000000, -1.000000000000000000, 0.0000000000000000000 ) ) ;
#663 = AXIS2_PLACEMENT_3D ( 'NONE', #2551, #204, #427 ) ;
#664 = ORIENTED_EDGE ( 'NONE', *, *, #374, .F. ) ;
#665 = VECTOR ( 'NONE', #1832, 1000.000000000000000 ) ;
#666 = ORIENTED_EDGE ( 'NONE', *, *, #1871, .F. ) ;
#667 = CARTESIAN_POINT ( 'NONE',  ( 126.3376770098042243, -33.50000000000000000, -46.27539269332215355 ) ) ;
#668 = VERTEX_POINT ( 'NONE', #970 ) ;
#669 = AXIS2_PLACEMENT_3D ( 'NONE', #2676, #773, #2048 ) ;
#670 = CALENDAR_DATE ( 2019, 12, 12 ) ;
#671 = VECTOR ( 'NONE', #68, 1000.000000000000000 ) ;
#672 = CARTESIAN_POINT ( 'NONE',  ( 101.4181813712413600, 0.3724741102893382450, -47.82254225290931515 ) ) ;
#673 = CARTESIAN_POINT ( 'NONE',  ( 110.8828637891791402, -33.50000000000000000, -40.88428797168180751 ) ) ;
#674 = ORIENTED_EDGE ( 'NONE', *, *, #2112, .F. ) ;
#675 = EDGE_CURVE ( 'NONE', #2365, #1460, #1864, .T. ) ;
#676 = LINE ( 'NONE', #2505, #1589 ) ;
#677 = AXIS2_PLACEMENT_3D ( 'NONE', #1210, #594, #1431 ) ;
#678 = PLANE ( 'NONE',  #861 ) ;
#679 = DIRECTION ( 'NONE',  ( 0.0000000000000000000, 0.0000000000000000000, 1.000000000000000000 ) ) ;
#680 = DIRECTION ( 'NONE',  ( 0.2595768345858131543, 0.7071067811865474617, -0.6577384487365851573 ) ) ;
#681 = FACE_OUTER_BOUND ( 'NONE', #1187, .T. ) ;
#682 = VECTOR ( 'NONE', #1557, 999.9999999999998863 ) ;
#683 = CARTESIAN_POINT ( 'NONE',  ( 103.2496936112167845, 0.0000000000000000000, -49.28944706771903839 ) ) ;
#684 = EDGE_CURVE ( 'NONE', #2084, #112, #730, .T. ) ;
#685 = B_SPLINE_CURVE_WITH_KNOTS ( 'NONE', 3,
 ( #2737, #1663, #1558, #504 ),
 .UNSPECIFIED., .F., .F.,
 ( 4, 4 ),
 ( 2.828431393251925863E-07, 0.002828714303815087639 ),
 .UNSPECIFIED. ) ;
#686 = VERTEX_POINT ( 'NONE', #1602 ) ;
#687 = DIRECTION ( 'NONE',  ( -0.0000000000000000000, 1.000000000000000000, -0.0000000000000000000 ) ) ;
#688 = CARTESIAN_POINT ( 'NONE',  ( -8.465450562766818621E-12, 6.500000000000000000, -6.744604874597825983E-12 ) ) ;
#689 = FACE_OUTER_BOUND ( 'NONE', #2464, .T. ) ;
#690 = DIRECTION ( 'NONE',  ( -0.9301826346975193838, 0.0000000000000000000, -0.3670970799491343750 ) ) ;
#691 = AXIS2_PLACEMENT_3D ( 'NONE', #819, #2313, #811 ) ;
#692 = LINE ( 'NONE', #85, #1252 ) ;
#693 = ORIENTED_EDGE ( 'NONE', *, *, #219, .F. ) ;
#694 = ORIENTED_EDGE ( 'NONE', *, *, #937, .F. ) ;
#695 = VECTOR ( 'NONE', #874, 1000.000000000000000 ) ;
#696 = CARTESIAN_POINT ( 'NONE',  ( 121.7160989407219347, 8.934133474745236114, -32.61373041703316744 ) ) ;
#697 = DIRECTION ( 'NONE',  ( 0.0000000000000000000, 0.0000000000000000000, 1.000000000000000000 ) ) ;
#698 = DIRECTION ( 'NONE',  ( 0.0000000000000000000, -1.000000000000000000, 0.0000000000000000000 ) ) ;
#699 = ORIENTED_EDGE ( 'NONE', *, *, #457, .F. ) ;
#700 = VERTEX_POINT ( 'NONE', #1811 ) ;
#701 = DIRECTION ( 'NONE',  ( -0.0000000000000000000, -1.000000000000000000, -0.0000000000000000000 ) ) ;
#702 = CARTESIAN_POINT ( 'NONE',  ( 110.8828637891791402, -29.50000000000000355, -42.13428797168180751 ) ) ;
#703 = EDGE_LOOP ( 'NONE', ( #776, #727 ) ) ;
#704 = CARTESIAN_POINT ( 'NONE',  ( 132.5493340922647292, -33.50000000000000000, -23.09317286238453804 ) ) ;
#705 = DIRECTION ( 'NONE',  ( -0.0000000000000000000, -1.000000000000000000, -0.0000000000000000000 ) ) ;
#706 = EDGE_CURVE ( 'NONE', #1819, #2497, #1223, .T. ) ;
#707 = DIRECTION ( 'NONE',  ( 0.0000000000000000000, 0.0000000000000000000, -1.000000000000000000 ) ) ;
#708 = VERTEX_POINT ( 'NONE', #1609 ) ;
#709 = CARTESIAN_POINT ( 'NONE',  ( 132.5493340922647292, -29.50000000000000355, -24.34317286238457712 ) ) ;
#710 = DIRECTION ( 'NONE',  ( -0.0000000000000000000, 1.000000000000000000, -0.0000000000000000000 ) ) ;
#711 = EDGE_CURVE ( 'NONE', #700, #497, #1899, .T. ) ;
#712 = VECTOR ( 'NONE', #1234, 1000.000000000000114 ) ;
#713 = DIRECTION ( 'NONE',  ( 0.0000000000000000000, 0.0000000000000000000, -1.000000000000000000 ) ) ;
#714 = CARTESIAN_POINT ( 'NONE',  ( 0.0000000000000000000, 0.0000000000000000000, 0.0000000000000000000 ) ) ;
#715 = AXIS2_PLACEMENT_3D ( 'NONE', #2568, #2535, #415 ) ;
#716 = CARTESIAN_POINT ( 'NONE',  ( 126.3376770098042243, -29.50000000000000355, -43.22539269332219192 ) ) ;
#717 = ADVANCED_FACE ( 'NONE', ( #363 ), #798, .F. ) ;
#718 = DIRECTION ( 'NONE',  ( 0.0000000000000000000, 0.0000000000000000000, 1.000000000000000000 ) ) ;
#719 = CC_DESIGN_APPROVAL ( #2483, ( #1560 ) ) ;
#720 = FACE_OUTER_BOUND ( 'NONE', #2500, .T. ) ;
#721 = ORIENTED_EDGE ( 'NONE', *, *, #617, .F. ) ;
#722 = CYLINDRICAL_SURFACE ( 'NONE', #998, 2.999999999999968026 ) ;
#723 = CARTESIAN_POINT ( 'NONE',  ( 132.5493340922647292, -34.50000000000000000, -23.09317286238453804 ) ) ;
#724 = ORIENTED_EDGE ( 'NONE', *, *, #451, .T. ) ;
#725 = EDGE_CURVE ( 'NONE', #1694, #2259, #1791, .T. ) ;
#726 = LINE ( 'NONE', #1957, #294 ) ;
#727 = ORIENTED_EDGE ( 'NONE', *, *, #2642, .T. ) ;
#728 = DIRECTION ( 'NONE',  ( -0.0000000000000000000, 1.000000000000000000, -0.0000000000000000000 ) ) ;
#729 = CARTESIAN_POINT ( 'NONE',  ( 117.0945208716396593, -5.065866525254772768, -18.95206814074418489 ) ) ;
#730 = CIRCLE ( 'NONE', #2017, 5.750000000000001776 ) ;
#731 = DIRECTION ( 'NONE',  ( 0.0000000000000000000, 0.0000000000000000000, 1.000000000000000000 ) ) ;
#732 = AXIS2_PLACEMENT_3D ( 'NONE', #1756, #2168, #679 ) ;
#733 = DATE_AND_TIME ( #2776, #2232 ) ;
#734 = ADVANCED_FACE ( 'NONE', ( #593 ), #2804, .F. ) ;
#735 = VERTEX_POINT ( 'NONE', #2681 ) ;
#736 = DIRECTION ( 'NONE',  ( 0.0000000000000000000, -0.0000000000000000000, 1.000000000000000000 ) ) ;
#737 = PERSON_AND_ORGANIZATION ( #2746, #1621 ) ;
#738 = ORIENTED_EDGE ( 'NONE', *, *, #115, .T. ) ;
#739 = AXIS2_PLACEMENT_3D ( 'NONE', #125, #2075, #2735 ) ;
#740 = CARTESIAN_POINT ( 'NONE',  ( 147.2462725489637876, 12.93413347474523611, -14.60789148814597915 ) ) ;
#741 = DIRECTION ( 'NONE',  ( 0.0000000000000000000, -1.000000000000000000, 0.0000000000000000000 ) ) ;
#742 = ORIENTED_EDGE ( 'NONE', *, *, #2265, .T. ) ;
#743 = CARTESIAN_POINT ( 'NONE',  ( 147.2462725489637876, 8.934133474745236114, -14.60789148814597915 ) ) ;
#744 = EDGE_CURVE ( 'NONE', #1062, #2537, #692, .T. ) ;
#745 = EDGE_LOOP ( 'NONE', ( #544, #1734, #349, #2772 ) ) ;
#746 = ADVANCED_FACE ( 'NONE', ( #2523 ), #2266, .T. ) ;
#747 = ORIENTED_EDGE ( 'NONE', *, *, #617, .T. ) ;
#748 = DIRECTION ( 'NONE',  ( 0.0000000000000000000, 1.000000000000000000, 0.0000000000000000000 ) ) ;
#749 = EDGE_CURVE ( 'NONE', #2267, #686, #1758, .T. ) ;
#750 = FACE_OUTER_BOUND ( 'NONE', #2613, .T. ) ;
#751 = DIRECTION ( 'NONE',  ( -0.0000000000000000000, 1.000000000000000000, 0.0000000000000000000 ) ) ;
#752 = AXIS2_PLACEMENT_3D ( 'NONE', #2148, #1289, #378 ) ;
#753 = CARTESIAN_POINT ( 'NONE',  ( 121.7160989407219347, -7.000000000000000000, -32.61373041703316744 ) ) ;
#754 = LINE ( 'NONE', #109, #2332 ) ;
#755 = DIRECTION ( 'NONE',  ( 0.0000000000000000000, 0.0000000000000000000, -1.000000000000000000 ) ) ;
#756 = VECTOR ( 'NONE', #2269, 1000.000000000000000 ) ;
#757 = ADVANCED_FACE ( 'NONE', ( #1690 ), #2493, .T. ) ;
#758 = CARTESIAN_POINT ( 'NONE',  ( 74.41719144519167628, 0.0000000000000000000, -100.4344642909484264 ) ) ;
#759 = ORIENTED_EDGE ( 'NONE', *, *, #433, .T. ) ;
#760 = VECTOR ( 'NONE', #479, 1000.000000000000000 ) ;
#761 = CARTESIAN_POINT ( 'NONE',  ( 103.2496936112167845, 0.0000000000000000000, -47.43944706771903697 ) ) ;
#762 = EDGE_CURVE ( 'NONE', #1929, #343, #547, .T. ) ;
#763 = EDGE_LOOP ( 'NONE', ( #848, #2181 ) ) ;
#764 = VECTOR ( 'NONE', #1183, 1000.000000000000000 ) ;
#765 = EDGE_LOOP ( 'NONE', ( #229, #1419, #482, #2778 ) ) ;
#766 = EDGE_CURVE ( 'NONE', #1148, #708, #2399, .T. ) ;
#767 = ORIENTED_EDGE ( 'NONE', *, *, #93, .T. ) ;
#768 = LINE ( 'NONE', #1474, #1517 ) ;
#769 = EDGE_LOOP ( 'NONE', ( #2689, #1767, #2530, #1438 ) ) ;
#770 = ORIENTED_EDGE ( 'NONE', *, *, #1568, .T. ) ;
#771 = CARTESIAN_POINT ( 'NONE',  ( 110.8828637891791402, -49.49999999999998579, -42.13428797168180751 ) ) ;
#772 = AXIS2_PLACEMENT_3D ( 'NONE', #1507, #1744, #1523 ) ;
#773 = DIRECTION ( 'NONE',  ( 0.0000000000000000000, -1.000000000000000000, 0.0000000000000000000 ) ) ;
#774 = ADVANCED_FACE ( 'NONE', ( #170 ), #1650, .F. ) ;
#775 = DIRECTION ( 'NONE',  ( 0.0000000000000000000, 0.0000000000000000000, 1.000000000000000000 ) ) ;
#776 = ORIENTED_EDGE ( 'NONE', *, *, #762, .T. ) ;
#777 = DIRECTION ( 'NONE',  ( 0.0000000000000000000, -0.0000000000000000000, -1.000000000000000000 ) ) ;
#778 = VERTEX_POINT ( 'NONE', #1237 ) ;
#779 = CARTESIAN_POINT ( 'NONE',  ( 106.1564955063357729, 12.93413347474523611, -13.40889487666008684 ) ) ;
#780 = CARTESIAN_POINT ( 'NONE',  ( 115.3179025799882851, -15.06586652525476389, 54.33029858700159309 ) ) ;
#781 = DIRECTION ( 'NONE',  ( 0.0000000000000000000, 0.0000000000000000000, -1.000000000000000000 ) ) ;
#782 = CARTESIAN_POINT ( 'NONE',  ( 113.1365811341331522, 0.0000000000000000000, -10.54108050347665326 ) ) ;
#783 = CIRCLE ( 'NONE', #1646, 5.750000000000005329 ) ;
#784 = EDGE_CURVE ( 'NONE', #2782, #832, #626, .T. ) ;
#785 = CARTESIAN_POINT ( 'NONE',  ( 126.3376770098042243, -29.50000000000000355, -46.27539269332215355 ) ) ;
#786 = CARTESIAN_POINT ( 'NONE',  ( 100.7613450380927276, 6.500000000000000000, 29.53220862235707145 ) ) ;
#787 = DIRECTION ( 'NONE',  ( -0.0000000000000000000, 1.000000000000000000, 0.0000000000000000000 ) ) ;
#788 = AXIS2_PLACEMENT_3D ( 'NONE', #2386, #2187, #426 ) ;
#789 = CARTESIAN_POINT ( 'NONE',  ( 89.57920493900704173, 6.500000000000000000, 56.67068062495261671 ) ) ;
#790 = VECTOR ( 'NONE', #1365, 1000.000000000000114 ) ;
#791 = ADVANCED_FACE ( 'NONE', ( #261 ), #1354, .F. ) ;
#792 = DIRECTION ( 'NONE',  ( 0.0000000000000000000, 1.000000000000000000, 0.0000000000000000000 ) ) ;
#793 = CARTESIAN_POINT ( 'NONE',  ( 74.41719144519167628, 0.0000000000000000000, -100.4344642909484264 ) ) ;
#794 = AXIS2_PLACEMENT_3D ( 'NONE', #1814, #879, #891 ) ;
#795 = VECTOR ( 'NONE', #2354, 1000.000000000000114 ) ;
#796 = ORIENTED_EDGE ( 'NONE', *, *, #987, .F. ) ;
#797 = CYLINDRICAL_SURFACE ( 'NONE', #2510, 1.250000000000039302 ) ;
#798 = PLANE ( 'NONE',  #1932 ) ;
#799 = ORIENTED_EDGE ( 'NONE', *, *, #1109, .T. ) ;
#800 = VECTOR ( 'NONE', #1923, 1000.000000000000000 ) ;
#801 = ORIENTED_EDGE ( 'NONE', *, *, #534, .F. ) ;
#802 = DIRECTION ( 'NONE',  ( 8.881784197001252323E-16, 0.0000000000000000000, 1.000000000000000000 ) ) ;
#803 = EDGE_CURVE ( 'NONE', #2652, #2401, #510, .T. ) ;
#804 = FACE_OUTER_BOUND ( 'NONE', #1079, .T. ) ;
#805 = ADVANCED_FACE ( 'NONE', ( #2771 ), #1998, .T. ) ;
#806 = EDGE_CURVE ( 'NONE', #1947, #2497, #2618, .T. ) ;
#807 = DATE_AND_TIME ( #1291, #2006 ) ;
#808 = EDGE_LOOP ( 'NONE', ( #2660, #566, #403, #1601 ) ) ;
#809 = DIRECTION ( 'NONE',  ( 0.0000000000000000000, 0.0000000000000000000, 1.000000000000000000 ) ) ;
#810 = AXIS2_PLACEMENT_3D ( 'NONE', #1813, #531, #2425 ) ;
#811 = DIRECTION ( 'NONE',  ( 0.0000000000000000000, 0.0000000000000000000, -1.000000000000000000 ) ) ;
#812 = DIRECTION ( 'NONE',  ( 0.0000000000000000000, -1.000000000000000000, 0.0000000000000000000 ) ) ;
#813 = ORIENTED_EDGE ( 'NONE', *, *, #2509, .T. ) ;
#814 = CC_DESIGN_PERSON_AND_ORGANIZATION_ASSIGNMENT ( #737, #2304, ( #1560 ) ) ;
#815 = CARTESIAN_POINT ( 'NONE',  ( 110.8828637891791402, -5.065866525254772768, -42.13428797168180751 ) ) ;
#816 = VECTOR ( 'NONE', #77, 1000.000000000000000 ) ;
#817 = CARTESIAN_POINT ( 'NONE',  ( 74.41719144519167628, 12.93413347474523611, -105.6844642909484406 ) ) ;
#818 = ADVANCED_FACE ( 'NONE', ( #2457 ), #203, .F. ) ;
#819 = CARTESIAN_POINT ( 'NONE',  ( 121.7160989407219347, 3.129999999999999893, -32.61373041703316744 ) ) ;
#820 = APPLICATION_PROTOCOL_DEFINITION ( 'international standard', 'config_control_design', 1994, #1675 ) ;
#821 = EDGE_CURVE ( 'NONE', #1798, #1595, #331, .T. ) ;
#822 = FACE_OUTER_BOUND ( 'NONE', #808, .T. ) ;
#823 = DIRECTION ( 'NONE',  ( 0.0000000000000000000, 0.0000000000000000000, 1.000000000000000000 ) ) ;
#824 = AXIS2_PLACEMENT_3D ( 'NONE', #896, #24, #2 ) ;
#825 = DIRECTION ( 'NONE',  ( 0.0000000000000000000, 0.0000000000000000000, 1.000000000000000000 ) ) ;
#826 = CARTESIAN_POINT ( 'NONE',  ( 102.3975824149405440, 11.61078284194189258, -27.43734951498275265 ) ) ;
#827 = FACE_BOUND ( 'NONE', #2308, .T. ) ;
#828 = DIRECTION ( 'NONE',  ( -0.0000000000000000000, 1.000000000000000000, -0.0000000000000000000 ) ) ;
#829 = APPLICATION_PROTOCOL_DEFINITION ( 'international standard', 'config_control_design', 1994, #1654 ) ;
#830 = PLANE ( 'NONE',  #2419 ) ;
#831 = AXIS2_PLACEMENT_3D ( 'NONE', #2686, #553, #1200 ) ;
#832 = VERTEX_POINT ( 'NONE', #2289 ) ;
#833 = VECTOR ( 'NONE', #1158, 1000.000000000000000 ) ;
#834 = ORIENTED_EDGE ( 'NONE', *, *, #1979, .F. ) ;
#835 = DIRECTION ( 'NONE',  ( 0.0000000000000000000, -1.000000000000000000, 0.0000000000000000000 ) ) ;
#836 = CYLINDRICAL_SURFACE ( 'NONE', #922, 3.049999999999990052 ) ;
#837 = CARTESIAN_POINT ( 'NONE',  ( 140.1825042702270139, 8.934133474745236114, -17.78801376634729081 ) ) ;
#838 = ORIENTED_EDGE ( 'NONE', *, *, #1361, .T. ) ;
#839 = ORIENTED_EDGE ( 'NONE', *, *, #579, .F. ) ;
#840 = FACE_OUTER_BOUND ( 'NONE', #1266, .T. ) ;
#841 = ORIENTED_EDGE ( 'NONE', *, *, #1359, .F. ) ;
#842 = APPROVAL_ROLE ( '' ) ;
#843 = EDGE_CURVE ( 'NONE', #592, #1321, #2370, .T. ) ;
#844 = CARTESIAN_POINT ( 'NONE',  ( 126.3376770098042243, -33.50000000000000000, -46.27539269332215355 ) ) ;
#845 = EDGE_CURVE ( 'NONE', #2636, #655, #2589, .T. ) ;
#846 = CARTESIAN_POINT ( 'NONE',  ( 111.2856282392459519, 0.7031711277260468407, -10.67994714682467716 ) ) ;
#847 = CARTESIAN_POINT ( 'NONE',  ( 119.0334049005352455, 12.93413347474523611, 87.94912459931182980 ) ) ;
#848 = ORIENTED_EDGE ( 'NONE', *, *, #1375, .T. ) ;
#849 = AXIS2_PLACEMENT_3D ( 'NONE', #2560, #888, #1525 ) ;
#850 = CARTESIAN_POINT ( 'NONE',  ( 140.1825042702270139, 0.0000000000000000000, -15.93801376634728584 ) ) ;
#851 = ORIENTED_EDGE ( 'NONE', *, *, #418, .T. ) ;
#852 = VERTEX_POINT ( 'NONE', #2755 ) ;
#853 = CARTESIAN_POINT ( 'NONE',  ( 102.7079819586696914, 0.09743481535723440279, -45.66631744192411446 ) ) ;
#854 = CIRCLE ( 'NONE', #1350, 5.749999999999970690 ) ;
#855 = EDGE_CURVE ( 'NONE', #201, #1058, #2028, .T. ) ;
#856 = CIRCLE ( 'NONE', #946, 12.49999999999999645 ) ;
#857 = CARTESIAN_POINT ( 'NONE',  ( 111.8699697764060090, 3.540775340403649841E-15, -11.88948536422012481 ) ) ;
#858 = FACE_BOUND ( 'NONE', #542, .T. ) ;
#859 = DIRECTION ( 'NONE',  ( 0.7280180033500519565, 0.0000000000000000000, -0.6855580112566723727 ) ) ;
#860 = PLANE ( 'NONE',  #1345 ) ;
#861 = AXIS2_PLACEMENT_3D ( 'NONE', #753, #741, #1013 ) ;
#862 = ORIENTED_EDGE ( 'NONE', *, *, #1709, .T. ) ;
#863 = LINE ( 'NONE', #651, #259 ) ;
#864 = EDGE_LOOP ( 'NONE', ( #484, #988, #2383, #989 ) ) ;
#865 = CARTESIAN_POINT ( 'NONE',  ( 132.5493340922647292, -49.49999999999998579, -23.09317286238453804 ) ) ;
#866 = CARTESIAN_POINT ( 'NONE',  ( 113.1365811341331522, -7.065866525254767438, -8.691080503476650065 ) ) ;
#867 = SECURITY_CLASSIFICATION ( '', '', #2119 ) ;
#868 = ORIENTED_EDGE ( 'NONE', *, *, #649, .F. ) ;
#869 = EDGE_LOOP ( 'NONE', ( #2106, #801, #1559, #2792, #1826, #2081 ) ) ;
#870 = ORIENTED_EDGE ( 'NONE', *, *, #1307, .F. ) ;
#871 = CARTESIAN_POINT ( 'NONE',  ( 102.5897863500898524, 0.1891697215329878889, -45.70632144719521506 ) ) ;
#872 = CIRCLE ( 'NONE', #1522, 107.0000000000000426 ) ;
#873 = DIRECTION ( 'NONE',  ( 0.0000000000000000000, 0.0000000000000000000, -1.000000000000000000 ) ) ;
#874 = DIRECTION ( 'NONE',  ( -0.0000000000000000000, 1.000000000000000000, -0.0000000000000000000 ) ) ;
#875 = EDGE_CURVE ( 'NONE', #1661, #1075, #1247, .T. ) ;
#876 = AXIS2_PLACEMENT_3D ( 'NONE', #71, #82, #718 ) ;
#877 = ORIENTED_EDGE ( 'NONE', *, *, #656, .T. ) ;
#878 = CARTESIAN_POINT ( 'NONE',  ( 101.9077387144286035, 0.6266628796289468450, -46.15709767940708730 ) ) ;
#879 = DIRECTION ( 'NONE',  ( 0.0000000000000000000, 1.000000000000000000, 0.0000000000000000000 ) ) ;
#880 = ORIENTED_EDGE ( 'NONE', *, *, #152, .T. ) ;
#881 = AXIS2_PLACEMENT_3D ( 'NONE', #714, #1162, #1542 ) ;
#882 = CARTESIAN_POINT ( 'NONE',  ( 110.8828637891791402, -34.50000000000000000, -45.13428797168182172 ) ) ;
#883 = VERTEX_POINT ( 'NONE', #1060 ) ;
#884 = LINE ( 'NONE', #1699, #45 ) ;
#885 = CARTESIAN_POINT ( 'NONE',  ( 132.5493340922647292, -29.50000000000000355, -23.09317286238453804 ) ) ;
#886 = CARTESIAN_POINT ( 'NONE',  ( 121.7160989407219347, -7.000000000000000000, -37.66373041703315039 ) ) ;
#887 = LINE ( 'NONE', #866, #1308 ) ;
#888 = DIRECTION ( 'NONE',  ( -0.0000000000000000000, 1.000000000000000000, -0.0000000000000000000 ) ) ;
#889 = ORIENTED_EDGE ( 'NONE', *, *, #2145, .F. ) ;
#890 = FACE_OUTER_BOUND ( 'NONE', #958, .T. ) ;
#891 = DIRECTION ( 'NONE',  ( 0.0000000000000000000, 0.0000000000000000000, 1.000000000000000000 ) ) ;
#892 = AXIS2_PLACEMENT_3D ( 'NONE', #1461, #2124, #382 ) ;
#893 = ORIENTED_EDGE ( 'NONE', *, *, #15, .F. ) ;
#894 = VECTOR ( 'NONE', #950, 1000.000000000000114 ) ;
#895 = VERTEX_POINT ( 'NONE', #2300 ) ;
#896 = CARTESIAN_POINT ( 'NONE',  ( 110.8828637891791402, -33.50000000000000000, -42.13428797168180751 ) ) ;
#897 = VERTEX_POINT ( 'NONE', #1463 ) ;
#898 = CIRCLE ( 'NONE', #2040, 3.000000000000009770 ) ;
#899 = PERSON_AND_ORGANIZATION ( #2746, #1621 ) ;
#900 = ORIENTED_EDGE ( 'NONE', *, *, #34, .F. ) ;
#901 = EDGE_CURVE ( 'NONE', #1933, #69, #137, .T. ) ;
#902 = CARTESIAN_POINT ( 'NONE',  ( 117.0945208716396593, -5.065866525254772768, -18.95206814074418489 ) ) ;
#903 = DIRECTION ( 'NONE',  ( 0.0000000000000000000, 0.0000000000000000000, -1.000000000000000000 ) ) ;
#904 = EDGE_LOOP ( 'NONE', ( #550, #7, #1135, #653 ) ) ;
#905 = EDGE_CURVE ( 'NONE', #606, #463, #990, .T. ) ;
#906 = CARTESIAN_POINT ( 'NONE',  ( 112.0378579233297671, 0.09743481535722745002, -9.047679187547535307 ) ) ;
#907 = ORIENTED_EDGE ( 'NONE', *, *, #1290, .T. ) ;
#908 = AXIS2_PLACEMENT_3D ( 'NONE', #2241, #2000, #1146 ) ;
#909 = CARTESIAN_POINT ( 'NONE',  ( 90.28678715892846185, 12.93413347474523611, 57.42208690493892931 ) ) ;
#910 = ORIENTED_EDGE ( 'NONE', *, *, #2089, .T. ) ;
#911 = CARTESIAN_POINT ( 'NONE',  ( 121.7160989407219347, 0.0000000000000000000, -32.61373041703316744 ) ) ;
#912 = CARTESIAN_POINT ( 'NONE',  ( 147.2462725489637876, 12.93413347474523611, -14.60789148814597915 ) ) ;
#913 = CARTESIAN_POINT ( 'NONE',  ( 111.5125803996572245, 0.5712408077657818994, -9.644000536613223318 ) ) ;
#914 = CIRCLE ( 'NONE', #1782, 2.999999999999968026 ) ;
#915 = DIRECTION ( 'NONE',  ( -0.0000000000000000000, 1.000000000000000000, -0.0000000000000000000 ) ) ;
#916 = EDGE_CURVE ( 'NONE', #1321, #592, #2428, .T. ) ;
#917 = ORIENTED_EDGE ( 'NONE', *, *, #267, .T. ) ;
#918 = CARTESIAN_POINT ( 'NONE',  ( 126.3376770098042243, 8.934133474745236114, -49.32539269332211518 ) ) ;
#919 = DIRECTION ( 'NONE',  ( -0.0000000000000000000, 1.000000000000000000, -0.0000000000000000000 ) ) ;
#920 = VECTOR ( 'NONE', #215, 1000.000000000000000 ) ;
#921 = ORIENTED_EDGE ( 'NONE', *, *, #1410, .F. ) ;
#922 = AXIS2_PLACEMENT_3D ( 'NONE', #2644, #728, #1336 ) ;
#923 = ADVANCED_FACE ( 'NONE', ( #1449, #890 ), #1935, .T. ) ;
#924 = VERTEX_POINT ( 'NONE', #2143 ) ;
#925 = FACE_BOUND ( 'NONE', #1221, .T. ) ;
#926 = CARTESIAN_POINT ( 'NONE',  ( 132.5493340922647292, -49.49999999999998579, -24.34317286238457712 ) ) ;
#927 = ORIENTED_EDGE ( 'NONE', *, *, #803, .F. ) ;
#928 = VERTEX_POINT ( 'NONE', #177 ) ;
#929 = CYLINDRICAL_SURFACE ( 'NONE', #2272, 1.850000000000004530 ) ;
#930 = AXIS2_PLACEMENT_3D ( 'NONE', #1052, #2135, #2561 ) ;
#931 = CARTESIAN_POINT ( 'NONE',  ( 19.19363759028055938, 6.500000000000000000, -18.07421238847832612 ) ) ;
#932 = ORIENTED_EDGE ( 'NONE', *, *, #744, .F. ) ;
#933 = CARTESIAN_POINT ( 'NONE',  ( 74.41719144519167628, -2.000000000000000000, -112.9344642909484264 ) ) ;
#934 = COORDINATED_UNIVERSAL_TIME_OFFSET ( 0, 0, .AHEAD. ) ;
#935 = DIRECTION ( 'NONE',  ( -0.2588190451025221828, 0.0000000000000000000, -0.9659258262890678681 ) ) ;
#936 = DIRECTION ( 'NONE',  ( -0.0000000000000000000, 1.000000000000000000, -0.0000000000000000000 ) ) ;
#937 = EDGE_CURVE ( 'NONE', #2285, #1028, #435, .T. ) ;
#938 = CARTESIAN_POINT ( 'NONE',  ( 115.3179025799882851, 6.499999999999999112, 51.28029858700160304 ) ) ;
#939 = ADVANCED_FACE ( 'NONE', ( #1090, #2061 ), #860, .T. ) ;
#940 = CARTESIAN_POINT ( 'NONE',  ( 130.2956167473106746, 0.0000000000000000000, -54.68638033058964965 ) ) ;
#941 = ORIENTED_EDGE ( 'NONE', *, *, #2541, .T. ) ;
#942 = DIRECTION ( 'NONE',  ( 0.0000000000000000000, 0.0000000000000000000, -1.000000000000000000 ) ) ;
#943 = EDGE_CURVE ( 'NONE', #1940, #1798, #2728, .T. ) ;
#944 = ORIENTED_EDGE ( 'NONE', *, *, #1515, .F. ) ;
#945 = CARTESIAN_POINT ( 'NONE',  ( 132.5493340922647292, 8.934133474745236114, -23.09317286238453804 ) ) ;
#946 = AXIS2_PLACEMENT_3D ( 'NONE', #630, #662, #13 ) ;
#947 = ORIENTED_EDGE ( 'NONE', *, *, #1688, .T. ) ;
#948 = CIRCLE ( 'NONE', #1207, 5.250000000000004441 ) ;
#949 = APPROVAL ( #2086, 'UNSPECIFIED' ) ;
#950 = DIRECTION ( 'NONE',  ( 0.9659258262890678681, -0.0000000000000000000, -0.2588190451025221828 ) ) ;
#951 = CARTESIAN_POINT ( 'NONE',  ( 117.0945208716396593, -33.50000000000000000, -15.95206814074417601 ) ) ;
#952 = ADVANCED_FACE ( 'NONE', ( #1486, #2649 ), #400, .T. ) ;
#953 = CARTESIAN_POINT ( 'NONE',  ( 130.2956167473106746, -7.065866525254767438, -52.83638033058964822 ) ) ;
#954 = FACE_BOUND ( 'NONE', #984, .T. ) ;
#955 = ORIENTED_EDGE ( 'NONE', *, *, #1250, .F. ) ;
#956 = EDGE_CURVE ( 'NONE', #260, #895, #1788, .T. ) ;
#957 = CIRCLE ( 'NONE', #272, 1.250000000000039302 ) ;
#958 = EDGE_LOOP ( 'NONE', ( #1905, #1493 ) ) ;
#959 = CIRCLE ( 'NONE', #2212, 5.750000000000001776 ) ;
#960 = AXIS2_PLACEMENT_3D ( 'NONE', #1454, #1679, #2102 ) ;
#961 = EDGE_LOOP ( 'NONE', ( #1592, #2570, #1259, #2441 ) ) ;
#962 = CARTESIAN_POINT ( 'NONE',  ( 126.3376770098042243, -29.50000000000000355, -45.02539269332211092 ) ) ;
#963 = ORIENTED_EDGE ( 'NONE', *, *, #1529, .T. ) ;
#964 = DIRECTION ( 'NONE',  ( -0.0000000000000000000, 1.000000000000000000, -0.0000000000000000000 ) ) ;
#965 = DIRECTION ( 'NONE',  ( 0.0000000000000000000, 0.0000000000000000000, 1.000000000000000000 ) ) ;
#966 = FACE_BOUND ( 'NONE', #1999, .T. ) ;
#967 = CIRCLE ( 'NONE', #1334, 1.850000000000004530 ) ;
#968 = ADVANCED_FACE ( 'NONE', ( #925, #2098, #2554 ), #2388, .T. ) ;
#969 = DIRECTION ( 'NONE',  ( 0.0000000000000000000, 0.0000000000000000000, 1.000000000000000000 ) ) ;
#970 = CARTESIAN_POINT ( 'NONE',  ( 120.4265030515405215, 10.93413347471922670, 89.42850419624247138 ) ) ;
#971 = ORIENTED_EDGE ( 'NONE', *, *, #1705, .T. ) ;
#972 = EDGE_LOOP ( 'NONE', ( #1579, #2524, #114, #2491 ) ) ;
#973 = EDGE_CURVE ( 'NONE', #852, #1900, #957, .T. ) ;
#974 = DIRECTION ( 'NONE',  ( 0.2588190451025216832, 0.0000000000000000000, 0.9659258262890680902 ) ) ;
#975 = AXIS2_PLACEMENT_3D ( 'NONE', #1953, #2569, #218 ) ;
#976 = DIRECTION ( 'NONE',  ( -0.2588190451025221828, -0.0000000000000000000, -0.9659258262890678681 ) ) ;
#977 = ADVANCED_FACE ( 'NONE', ( #1422 ), #1860, .F. ) ;
#978 = CARTESIAN_POINT ( 'NONE',  ( 103.2496936112167845, -7.065866525254767438, -47.43944706771903697 ) ) ;
#979 = DIRECTION ( 'NONE',  ( -0.0000000000000000000, 1.000000000000000000, -0.0000000000000000000 ) ) ;
#980 = VERTEX_POINT ( 'NONE', #1310 ) ;
#981 = DIRECTION ( 'NONE',  ( -0.0000000000000000000, -1.000000000000000000, -0.0000000000000000000 ) ) ;
#982 = CIRCLE ( 'NONE', #2237, 3.049999999999990052 ) ;
#983 = DIRECTION ( 'NONE',  ( 0.0000000000000000000, 1.000000000000000000, 0.0000000000000000000 ) ) ;
#984 = EDGE_LOOP ( 'NONE', ( #666, #889 ) ) ;
#985 = CYLINDRICAL_SURFACE ( 'NONE', #1766, 3.000000000000009770 ) ;
#986 = CARTESIAN_POINT ( 'NONE',  ( 126.3376770098042243, -49.49999999999998579, -47.52539269332219618 ) ) ;
#987 = EDGE_CURVE ( 'NONE', #735, #491, #2227, .T. ) ;
#988 = ORIENTED_EDGE ( 'NONE', *, *, #762, .F. ) ;
#989 = ORIENTED_EDGE ( 'NONE', *, *, #2478, .T. ) ;
#990 = LINE ( 'NONE', #1723, #1021 ) ;
#991 = VERTEX_POINT ( 'NONE', #683 ) ;
#992 = CARTESIAN_POINT ( 'NONE',  ( 110.8828637891791402, -29.50000000000000355, -43.38428797168181461 ) ) ;
#993 = EDGE_CURVE ( 'NONE', #1215, #623, #1284, .T. ) ;
#994 = ORIENTED_EDGE ( 'NONE', *, *, #1303, .F. ) ;
#995 = CARTESIAN_POINT ( 'NONE',  ( 0.0000000000000000000, 12.93413347474523611, 0.0000000000000000000 ) ) ;
#996 = DIRECTION ( 'NONE',  ( 0.0000000000000000000, 0.0000000000000000000, 1.000000000000000000 ) ) ;
#997 = DIRECTION ( 'NONE',  ( -0.0000000000000000000, 1.000000000000000000, -0.0000000000000000000 ) ) ;
#998 = AXIS2_PLACEMENT_3D ( 'NONE', #2591, #206, #1721 ) ;
#999 = CIRCLE ( 'NONE', #254, 3.000000000000002665 ) ;
#1000 = DIRECTION ( 'NONE',  ( 0.0000000000000000000, 1.000000000000000000, 0.0000000000000000000 ) ) ;
#1001 = DIRECTION ( 'NONE',  ( 0.0000000000000000000, -1.000000000000000000, 0.0000000000000000000 ) ) ;
#1002 = EDGE_LOOP ( 'NONE', ( #2631, #2239, #518, #1784, #2699, #1425, #2587, #173, #699, #947, #694 ) ) ;
#1003 = EDGE_LOOP ( 'NONE', ( #2469, #2398, #1978, #2248, #2037, #2176, #1414, #2590, #216, #2488, #1514, #310, #870, #1198, #308, #1724 ) ) ;
#1004 = VERTEX_POINT ( 'NONE', #1976 ) ;
#1005 = ADVANCED_FACE ( 'NONE', ( #2518 ), #660, .F. ) ;
#1006 = DIRECTION ( 'NONE',  ( -0.0000000000000000000, 1.000000000000000000, -0.0000000000000000000 ) ) ;
#1007 = DIRECTION ( 'NONE',  ( 0.0000000000000000000, 0.0000000000000000000, 1.000000000000000000 ) ) ;
#1008 = LINE ( 'NONE', #2701, #712 ) ;
#1009 = EDGE_CURVE ( 'NONE', #387, #2695, #726, .T. ) ;
#1010 = ORIENTED_EDGE ( 'NONE', *, *, #2284, .F. ) ;
#1011 = AXIS2_PLACEMENT_3D ( 'NONE', #785, #311, #1599 ) ;
#1012 = DIRECTION ( 'NONE',  ( 0.0000000000000000000, 0.0000000000000000000, 1.000000000000000000 ) ) ;
#1013 = DIRECTION ( 'NONE',  ( 0.0000000000000000000, -0.0000000000000000000, -1.000000000000000000 ) ) ;
#1014 = DIRECTION ( 'NONE',  ( -0.0000000000000000000, 1.000000000000000000, -0.0000000000000000000 ) ) ;
#1015 = PERSON_AND_ORGANIZATION_ROLE ( 'creator' ) ;
#1016 = AXIS2_PLACEMENT_3D ( 'NONE', #568, #1411, #2687 ) ;
#1017 = CIRCLE ( 'NONE', #1036, 12.49999999999999645 ) ;
#1018 = VERTEX_POINT ( 'NONE', #909 ) ;
#1019 = CARTESIAN_POINT ( 'NONE',  ( 117.0945208716396593, -5.065866525254772768, -22.00206814074417494 ) ) ;
#1020 = VERTEX_POINT ( 'NONE', #443 ) ;
#1021 = VECTOR ( 'NONE', #196, 1000.000000000000000 ) ;
#1022 = B_SPLINE_CURVE_WITH_KNOTS ( 'NONE', 3,
 ( #1034, #369, #1141, #1152 ),
 .UNSPECIFIED., .F., .F.,
 ( 4, 4 ),
 ( 2.828434730177600662E-07, 0.009192697232750663902 ),
 .UNSPECIFIED. ) ;
#1023 = VERTEX_POINT ( 'NONE', #274 ) ;
#1024 = DIRECTION ( 'NONE',  ( 0.0000000000000000000, 0.0000000000000000000, 1.000000000000000000 ) ) ;
#1025 = EDGE_CURVE ( 'NONE', #2519, #2199, #1893, .T. ) ;
#1026 = DIRECTION ( 'NONE',  ( 0.0000000000000000000, -0.0000000000000000000, -1.000000000000000000 ) ) ;
#1027 = CYLINDRICAL_SURFACE ( 'NONE', #19, 5.750000000000005329 ) ;
#1028 = VERTEX_POINT ( 'NONE', #1747 ) ;
#1029 = CARTESIAN_POINT ( 'NONE',  ( 121.7160989407219347, 8.934133474745236114, -32.61373041703316744 ) ) ;
#1030 = AXIS2_PLACEMENT_3D ( 'NONE', #1622, #120, #326 ) ;
#1031 = COORDINATED_UNIVERSAL_TIME_OFFSET ( 0, 0, .AHEAD. ) ;
#1032 = ORIENTED_EDGE ( 'NONE', *, *, #749, .T. ) ;
#1033 = VERTEX_POINT ( 'NONE', #1799 ) ;
#1034 = CARTESIAN_POINT ( 'NONE',  ( 107.9511686732786160, 0.0000000000000000000, 31.66694147014124283 ) ) ;
#1035 = LINE ( 'NONE', #327, #2113 ) ;
#1036 = AXIS2_PLACEMENT_3D ( 'NONE', #1179, #1638, #1405 ) ;
#1037 = CARTESIAN_POINT ( 'NONE',  ( 134.8229583840427210, 8.934133474745236114, -60.97233115002124748 ) ) ;
#1038 = VERTEX_POINT ( 'NONE', #847 ) ;
#1039 = ORIENTED_EDGE ( 'NONE', *, *, #1434, .F. ) ;
#1040 = EDGE_CURVE ( 'NONE', #1761, #1470, #1059, .T. ) ;
#1041 = VERTEX_POINT ( 'NONE', #779 ) ;
#1042 = DIRECTION ( 'NONE',  ( -0.0000000000000000000, 1.000000000000000000, -0.0000000000000000000 ) ) ;
#1043 = DIRECTION ( 'NONE',  ( 0.0000000000000000000, 0.0000000000000000000, 1.000000000000000000 ) ) ;
#1044 = DIRECTION ( 'NONE',  ( 0.0000000000000000000, 0.0000000000000000000, 1.000000000000000000 ) ) ;
#1045 = EDGE_CURVE ( 'NONE', #1337, #1913, #1510, .T. ) ;
#1046 = CYLINDRICAL_SURFACE ( 'NONE', #364, 12.49999999999999645 ) ;
#1047 = DIRECTION ( 'NONE',  ( -0.0000000000000000000, 1.000000000000000000, -0.0000000000000000000 ) ) ;
#1048 = CARTESIAN_POINT ( 'NONE',  ( 88.87118236610973554, 12.93413347474523611, 55.91880671875669861 ) ) ;
#1049 = CARTESIAN_POINT ( 'NONE',  ( 126.3376770098042243, -34.50000000000000000, -46.27539269332215355 ) ) ;
#1050 = CARTESIAN_POINT ( 'NONE',  ( 0.1050155580828709273, 0.0000000000000000000, -0.3536945348220917884 ) ) ;
#1051 = DIRECTION ( 'NONE',  ( 0.0000000000000000000, 1.000000000000000000, 0.0000000000000000000 ) ) ;
#1052 = CARTESIAN_POINT ( 'NONE',  ( 126.3376770098042243, -49.49999999999998579, -46.27539269332215355 ) ) ;
#1053 = APPROVAL ( #2521, 'UNSPECIFIED' ) ;
#1054 = VERTEX_POINT ( 'NONE', #2710 ) ;
#1055 = FACE_OUTER_BOUND ( 'NONE', #1689, .T. ) ;
#1056 = ORIENTED_EDGE ( 'NONE', *, *, #2050, .F. ) ;
#1057 = CARTESIAN_POINT ( 'NONE',  ( 132.5493340922647292, -33.50000000000000000, -23.09317286238453804 ) ) ;
#1058 = VERTEX_POINT ( 'NONE', #118 ) ;
#1059 = CIRCLE ( 'NONE', #2251, 3.049999999999990052 ) ;
#1060 = CARTESIAN_POINT ( 'NONE',  ( 132.5493340922647292, -33.50000000000000000, -26.09317286238450251 ) ) ;
#1061 = ORIENTED_EDGE ( 'NONE', *, *, #784, .T. ) ;
#1062 = VERTEX_POINT ( 'NONE', #148 ) ;
#1063 = LINE ( 'NONE', #2769, #1191 ) ;
#1064 = VERTEX_POINT ( 'NONE', #2480 ) ;
#1065 = CARTESIAN_POINT ( 'NONE',  ( 126.3376770098042243, -34.50000000000000000, -46.27539269332215355 ) ) ;
#1066 = DIRECTION ( 'NONE',  ( -0.0000000000000000000, 1.000000000000000000, -0.0000000000000000000 ) ) ;
#1067 = EDGE_CURVE ( 'NONE', #2593, #1041, #632, .T. ) ;
#1068 = EDGE_LOOP ( 'NONE', ( #1630, #1482, #2433, #1212 ) ) ;
#1069 = ORIENTED_EDGE ( 'NONE', *, *, #2766, .F. ) ;
#1070 = AXIS2_PLACEMENT_3D ( 'NONE', #2281, #545, #2485 ) ;
#1071 = CARTESIAN_POINT ( 'NONE',  ( 102.8269784290749840, 0.0000000000000000000, -45.63838852486517084 ) ) ;
#1072 = CARTESIAN_POINT ( 'NONE',  ( 101.4950070567258109, 0.1951162162695241620, -48.07465346696410791 ) ) ;
#1073 = AXIS2_PLACEMENT_3D ( 'NONE', #336, #529, #969 ) ;
#1074 = DIRECTION ( 'NONE',  ( 0.0000000000000000000, -1.000000000000000000, 0.0000000000000000000 ) ) ;
#1075 = VERTEX_POINT ( 'NONE', #2107 ) ;
#1076 = CYLINDRICAL_SURFACE ( 'NONE', #6, 1.250000000000042633 ) ;
#1077 = DIRECTION ( 'NONE',  ( 0.0000000000000000000, -1.000000000000000000, 0.0000000000000000000 ) ) ;
#1078 = ORIENTED_EDGE ( 'NONE', *, *, #2360, .T. ) ;
#1079 = EDGE_LOOP ( 'NONE', ( #1619, #2340, #1703, #2465 ) ) ;
#1080 = EDGE_CURVE ( 'NONE', #436, #1576, #685, .T. ) ;
#1081 = DIRECTION ( 'NONE',  ( -0.0000000000000000000, 1.000000000000000000, -0.0000000000000000000 ) ) ;
#1082 = DIRECTION ( 'NONE',  ( 0.0000000000000000000, 0.0000000000000000000, -1.000000000000000000 ) ) ;
#1083 = LINE ( 'NONE', #1773, #790 ) ;
#1084 = EDGE_CURVE ( 'NONE', #2059, #112, #2800, .T. ) ;
#1085 = AXIS2_PLACEMENT_3D ( 'NONE', #2672, #1390, #2258 ) ;
#1086 = FACE_BOUND ( 'NONE', #366, .T. ) ;
#1087 = ORIENTED_EDGE ( 'NONE', *, *, #1468, .T. ) ;
#1088 = ORIENTED_EDGE ( 'NONE', *, *, #2669, .F. ) ;
#1089 = CARTESIAN_POINT ( 'NONE',  ( 132.5493340922647292, -34.50000000000000000, -23.09317286238453804 ) ) ;
#1090 = FACE_OUTER_BOUND ( 'NONE', #2654, .T. ) ;
#1091 = VERTEX_POINT ( 'NONE', #1549 ) ;
#1092 = ORIENTED_EDGE ( 'NONE', *, *, #1984, .T. ) ;
#1093 = ORIENTED_EDGE ( 'NONE', *, *, #1529, .F. ) ;
#1094 = DATE_AND_TIME ( #670, #2071 ) ;
#1095 = EDGE_LOOP ( 'NONE', ( #1994, #2562, #1617, #2617, #467, #1770 ) ) ;
#1096 = CARTESIAN_POINT ( 'NONE',  ( 103.2496936112167845, 8.934133474745236114, -47.43944706771903697 ) ) ;
#1097 = EDGE_CURVE ( 'NONE', #1798, #1940, #59, .T. ) ;
#1098 = FACE_OUTER_BOUND ( 'NONE', #869, .T. ) ;
#1099 = AXIS2_PLACEMENT_3D ( 'NONE', #1672, #370, #809 ) ;
#1100 = EDGE_LOOP ( 'NONE', ( #955, #1584, #233, #1159 ) ) ;
#1101 = DIRECTION ( 'NONE',  ( 0.0000000000000000000, 0.0000000000000000000, 1.000000000000000000 ) ) ;
#1102 = CARTESIAN_POINT ( 'NONE',  ( 113.1365811341331522, 8.934133474745236114, -10.54108050347665326 ) ) ;
#1103 = VERTEX_POINT ( 'NONE', #1341 ) ;
#1104 = AXIS2_PLACEMENT_3D ( 'NONE', #300, #2262, #1605 ) ;
#1105 = ORIENTED_EDGE ( 'NONE', *, *, #301, .F. ) ;
#1106 = DIRECTION ( 'NONE',  ( -0.0000000000000000000, 1.000000000000000000, -0.0000000000000000000 ) ) ;
#1107 = CARTESIAN_POINT ( 'NONE',  ( 113.1365811341331522, -7.065866525254767438, -10.54108050347665326 ) ) ;
#1108 = VECTOR ( 'NONE', #1534, 1000.000000000000000 ) ;
#1109 = EDGE_CURVE ( 'NONE', #1669, #330, #1578, .T. ) ;
#1110 = CARTESIAN_POINT ( 'NONE',  ( 110.8828637891791402, 8.934133474745236114, -39.08428797168181745 ) ) ;
#1111 = AXIS2_PLACEMENT_3D ( 'NONE', #1572, #282, #2445 ) ;
#1112 = ORIENTED_EDGE ( 'NONE', *, *, #916, .F. ) ;
#1113 = VECTOR ( 'NONE', #2188, 1000.000000000000227 ) ;
#1114 = DIRECTION ( 'NONE',  ( -0.0000000000000000000, 1.000000000000000000, -0.0000000000000000000 ) ) ;
#1115 = DIRECTION ( 'NONE',  ( -0.0000000000000000000, 1.000000000000000000, -0.0000000000000000000 ) ) ;
#1116 = AXIS2_PLACEMENT_3D ( 'NONE', #386, #1888, #165 ) ;
#1117 = ORIENTED_EDGE ( 'NONE', *, *, #1343, .F. ) ;
#1118 = DIRECTION ( 'NONE',  ( -0.0000000000000000000, 1.000000000000000000, 0.0000000000000000000 ) ) ;
#1119 = VECTOR ( 'NONE', #687, 1000.000000000000000 ) ;
#1120 = ORIENTED_EDGE ( 'NONE', *, *, #559, .T. ) ;
#1121 = ORIENTED_EDGE ( 'NONE', *, *, #1164, .F. ) ;
#1122 = CIRCLE ( 'NONE', #2414, 1.250000000000001110 ) ;
#1123 = CARTESIAN_POINT ( 'NONE',  ( 111.7542819660301348, 0.3590668315754478312, -9.304775112537267745 ) ) ;
#1124 = ORIENTED_EDGE ( 'NONE', *, *, #1447, .T. ) ;
#1125 = EDGE_CURVE ( 'NONE', #1694, #2622, #2302, .T. ) ;
#1126 = ORIENTED_EDGE ( 'NONE', *, *, #344, .T. ) ;
#1127 = PLANE ( 'NONE',  #2702 ) ;
#1128 = ORIENTED_EDGE ( 'NONE', *, *, #603, .T. ) ;
#1129 = CARTESIAN_POINT ( 'NONE',  ( 121.7160989407219347, 35.50000000000001421, -32.61373041703316744 ) ) ;
#1130 = EDGE_CURVE ( 'NONE', #2802, #2593, #2696, .T. ) ;
#1131 = ORIENTED_EDGE ( 'NONE', *, *, #207, .F. ) ;
#1132 = AXIS2_PLACEMENT_3D ( 'NONE', #453, #1360, #2607 ) ;
#1133 = DIRECTION ( 'NONE',  ( 0.0000000000000000000, -0.0000000000000000000, -1.000000000000000000 ) ) ;
#1134 = CARTESIAN_POINT ( 'NONE',  ( 126.3376770098042243, -34.50000000000000000, -46.27539269332215355 ) ) ;
#1135 = ORIENTED_EDGE ( 'NONE', *, *, #725, .T. ) ;
#1136 = DIRECTION ( 'NONE',  ( 0.0000000000000000000, -1.000000000000000000, 0.0000000000000000000 ) ) ;
#1137 = ADVANCED_FACE ( 'NONE', ( #475 ), #1573, .F. ) ;
#1138 = CYLINDRICAL_SURFACE ( 'NONE', #2080, 3.000000000000002665 ) ;
#1139 = CARTESIAN_POINT ( 'NONE',  ( 117.0945208716396593, -49.49999999999998579, -17.70206814074418844 ) ) ;
#1140 = VECTOR ( 'NONE', #591, 1000.000000000000114 ) ;
#1141 = CARTESIAN_POINT ( 'NONE',  ( 103.7970489400292138, 4.333333712505567092, 30.43354044416926030 ) ) ;
#1142 = CARTESIAN_POINT ( 'NONE',  ( 117.0945208716396593, -34.50000000000000000, -18.95206814074418489 ) ) ;
#1143 = DIRECTION ( 'NONE',  ( -0.0000000000000000000, 1.000000000000000000, -0.0000000000000000000 ) ) ;
#1144 = EDGE_CURVE ( 'NONE', #2622, #1694, #1149, .T. ) ;
#1145 = ORIENTED_EDGE ( 'NONE', *, *, #1484, .F. ) ;
#1146 = DIRECTION ( 'NONE',  ( 0.0000000000000000000, 0.0000000000000000000, 1.000000000000000000 ) ) ;
#1147 = FACE_OUTER_BOUND ( 'NONE', #765, .T. ) ;
#1148 = VERTEX_POINT ( 'NONE', #2484 ) ;
#1149 = CIRCLE ( 'NONE', #2394, 3.049999999999962519 ) ;
#1150 = CARTESIAN_POINT ( 'NONE',  ( 74.41719144519167628, 6.934133474745236114, -100.4344642909484264 ) ) ;
#1151 = ORIENTED_EDGE ( 'NONE', *, *, #987, .T. ) ;
#1152 = CARTESIAN_POINT ( 'NONE',  ( 101.7199885281745537, 6.500000000000000000, 29.81683976929886271 ) ) ;
#1153 = LINE ( 'NONE', #1777, #2460 ) ;
#1154 = AXIS2_PLACEMENT_3D ( 'NONE', #1775, #1547, #462 ) ;
#1155 = CARTESIAN_POINT ( 'NONE',  ( 113.1365811341331522, 0.0000000000000000000, -8.691080503476650065 ) ) ;
#1156 = ADVANCED_FACE ( 'NONE', ( #1729, #1381 ), #1625, .T. ) ;
#1157 = ORIENTED_EDGE ( 'NONE', *, *, #2209, .T. ) ;
#1158 = DIRECTION ( 'NONE',  ( -0.0000000000000000000, 1.000000000000000000, -0.0000000000000000000 ) ) ;
#1159 = ORIENTED_EDGE ( 'NONE', *, *, #499, .T. ) ;
#1160 = DIRECTION ( 'NONE',  ( 0.0000000000000000000, 0.0000000000000000000, 1.000000000000000000 ) ) ;
#1161 = VECTOR ( 'NONE', #1789, 1000.000000000000000 ) ;
#1162 = DIRECTION ( 'NONE',  ( 0.0000000000000000000, 1.000000000000000000, 0.0000000000000000000 ) ) ;
#1163 = DIRECTION ( 'NONE',  ( 0.0000000000000000000, 0.0000000000000000000, -1.000000000000000000 ) ) ;
#1164 = EDGE_CURVE ( 'NONE', #623, #1215, #506, .T. ) ;
#1165 = ORIENTED_EDGE ( 'NONE', *, *, #1217, .F. ) ;
#1166 = DIRECTION ( 'NONE',  ( -0.0000000000000000000, -1.000000000000000000, -0.0000000000000000000 ) ) ;
#1167 = AXIS2_PLACEMENT_3D ( 'NONE', #532, #98, #2261 ) ;
#1168 = EDGE_LOOP ( 'NONE', ( #664, #2456, #941, #742 ) ) ;
#1169 = ADVANCED_FACE ( 'NONE', ( #1317 ), #2724, .F. ) ;
#1170 = DIRECTION ( 'NONE',  ( 0.0000000000000000000, 0.0000000000000000000, 1.000000000000000000 ) ) ;
#1171 = EDGE_LOOP ( 'NONE', ( #424, #521 ) ) ;
#1172 = AXIS2_PLACEMENT_3D ( 'NONE', #2761, #1469, #2099 ) ;
#1173 = DIRECTION ( 'NONE',  ( 0.0000000000000000000, -1.000000000000000000, 0.0000000000000000000 ) ) ;
#1174 = CIRCLE ( 'NONE', #2447, 3.049999999999990052 ) ;
#1175 = DIRECTION ( 'NONE',  ( 0.0000000000000000000, 0.0000000000000000000, -1.000000000000000000 ) ) ;
#1176 = EDGE_CURVE ( 'NONE', #2401, #2298, #55, .T. ) ;
#1177 = ADVANCED_FACE ( 'NONE', ( #689 ), #797, .F. ) ;
#1178 = ORIENTED_EDGE ( 'NONE', *, *, #1394, .F. ) ;
#1179 = CARTESIAN_POINT ( 'NONE',  ( 74.41719144519167628, -2.000000000000000000, -100.4344642909484264 ) ) ;
#1180 = EDGE_CURVE ( 'NONE', #2622, #588, #2223, .T. ) ;
#1181 = CIRCLE ( 'NONE', #210, 3.000000000000002665 ) ;
#1182 = CARTESIAN_POINT ( 'NONE',  ( 110.8828637891791402, -33.50000000000000000, -45.13428797168182172 ) ) ;
#1183 = DIRECTION ( 'NONE',  ( -0.0000000000000000000, 1.000000000000000000, -0.0000000000000000000 ) ) ;
#1184 = ORIENTED_EDGE ( 'NONE', *, *, #1272, .T. ) ;
#1185 = VECTOR ( 'NONE', #562, 1000.000000000000000 ) ;
#1186 = DIRECTION ( 'NONE',  ( -0.0000000000000000000, 1.000000000000000000, 0.0000000000000000000 ) ) ;
#1187 = EDGE_LOOP ( 'NONE', ( #65, #2416, #2458, #932 ) ) ;
#1188 = EDGE_LOOP ( 'NONE', ( #2056, #851 ) ) ;
#1189 = DIRECTION ( 'NONE',  ( -0.0000000000000000000, 1.000000000000000000, -0.0000000000000000000 ) ) ;
#1190 = PLANE ( 'NONE',  #831 ) ;
#1191 = VECTOR ( 'NONE', #2559, 1000.000000000000227 ) ;
#1192 = DIRECTION ( 'NONE',  ( 0.0000000000000000000, 1.000000000000000000, 0.0000000000000000000 ) ) ;
#1193 = FACE_OUTER_BOUND ( 'NONE', #2504, .T. ) ;
#1194 = ORIENTED_EDGE ( 'NONE', *, *, #1829, .T. ) ;
#1195 = CARTESIAN_POINT ( 'NONE',  ( 117.0945208716396593, -29.50000000000000355, -18.95206814074418489 ) ) ;
#1196 = DIRECTION ( 'NONE',  ( 0.0000000000000000000, 0.0000000000000000000, 1.000000000000000000 ) ) ;
#1197 = ADVANCED_FACE ( 'NONE', ( #1349, #1086 ), #5, .T. ) ;
#1198 = ORIENTED_EDGE ( 'NONE', *, *, #2543, .T. ) ;
#1199 = CARTESIAN_POINT ( 'NONE',  ( 126.3376770098042243, -49.49999999999998579, -46.27539269332215355 ) ) ;
#1200 = DIRECTION ( 'NONE',  ( 0.0000000000000000000, -0.0000000000000000000, 1.000000000000000000 ) ) ;
#1201 = EDGE_LOOP ( 'NONE', ( #1687, #1093, #1430, #2671, #2482 ) ) ;
#1202 = EDGE_CURVE ( 'NONE', #365, #1870, #1686, .T. ) ;
#1203 = EDGE_LOOP ( 'NONE', ( #893, #2648, #473, #481 ) ) ;
#1204 = DIRECTION ( 'NONE',  ( 0.0000000000000000000, -1.000000000000000000, 0.0000000000000000000 ) ) ;
#1205 = AXIS2_PLACEMENT_3D ( 'NONE', #902, #2596, #2397 ) ;
#1206 = DIRECTION ( 'NONE',  ( 0.0000000000000000000, 1.000000000000000000, -0.0000000000000000000 ) ) ;
#1207 = AXIS2_PLACEMENT_3D ( 'NONE', #1232, #1882, #2321 ) ;
#1208 = ADVANCED_FACE ( 'NONE', ( #97 ), #17, .T. ) ;
#1209 = CIRCLE ( 'NONE', #1402, 3.000000000000009770 ) ;
#1210 = CARTESIAN_POINT ( 'NONE',  ( 0.0000000000000000000, 10.93413347474516506, 0.0000000000000000000 ) ) ;
#1211 = DIRECTION ( 'NONE',  ( 0.0000000000000000000, 1.000000000000000000, 0.0000000000000000000 ) ) ;
#1212 = ORIENTED_EDGE ( 'NONE', *, *, #72, .T. ) ;
#1213 = CARTESIAN_POINT ( 'NONE',  ( 110.8828637891791402, -49.49999999999998579, -43.38428797168181461 ) ) ;
#1214 = CARTESIAN_POINT ( 'NONE',  ( 115.3179025799882851, 12.93413347474523611, 54.33029858700159309 ) ) ;
#1215 = VERTEX_POINT ( 'NONE', #1948 ) ;
#1216 = LINE ( 'NONE', #522, #2057 ) ;
#1217 = EDGE_CURVE ( 'NONE', #895, #1685, #584, .T. ) ;
#1218 = ORIENTED_EDGE ( 'NONE', *, *, #1728, .F. ) ;
#1219 = VERTEX_POINT ( 'NONE', #1518 ) ;
#1220 = VECTOR ( 'NONE', #2024, 1000.000000000000227 ) ;
#1221 = EDGE_LOOP ( 'NONE', ( #1708, #2352 ) ) ;
#1222 = EDGE_CURVE ( 'NONE', #2202, #2616, #1480, .T. ) ;
#1223 = LINE ( 'NONE', #2249, #1825 ) ;
#1224 = ORIENTED_EDGE ( 'NONE', *, *, #1222, .F. ) ;
#1225 = ORIENTED_EDGE ( 'NONE', *, *, #303, .T. ) ;
#1226 = AXIS2_PLACEMENT_3D ( 'NONE', #145, #1873, #1163 ) ;
#1227 = ADVANCED_FACE ( 'NONE', ( #1647 ), #1725, .F. ) ;
#1228 = COORDINATED_UNIVERSAL_TIME_OFFSET ( 0, 0, .AHEAD. ) ;
#1229 = DIRECTION ( 'NONE',  ( 0.0000000000000000000, 0.0000000000000000000, 1.000000000000000000 ) ) ;
#1230 = CC_DESIGN_SECURITY_CLASSIFICATION ( #867, ( #1560 ) ) ;
#1231 = CARTESIAN_POINT ( 'NONE',  ( 126.3376770098042243, -33.50000000000000000, -46.27539269332215355 ) ) ;
#1232 = CARTESIAN_POINT ( 'NONE',  ( 74.41719144519167628, 12.93413347474523611, -100.4344642909484264 ) ) ;
#1233 = ORIENTED_EDGE ( 'NONE', *, *, #433, .F. ) ;
#1234 = DIRECTION ( 'NONE',  ( -0.3670970799491343750, 0.0000000000000000000, 0.9301826346975193838 ) ) ;
#1235 = VECTOR ( 'NONE', #2065, 1000.000000000000000 ) ;
#1236 = EDGE_CURVE ( 'NONE', #1075, #574, #1614, .T. ) ;
#1237 = CARTESIAN_POINT ( 'NONE',  ( 132.5493340922647292, 8.934133474745236114, -26.14317286238452809 ) ) ;
#1238 = AXIS2_PLACEMENT_3D ( 'NONE', #1890, #2722, #823 ) ;
#1239 = DIRECTION ( 'NONE',  ( -0.0000000000000000000, -1.000000000000000000, -0.0000000000000000000 ) ) ;
#1240 = CIRCLE ( 'NONE', #276, 3.000000000000002665 ) ;
#1241 = DIRECTION ( 'NONE',  ( -0.0000000000000000000, 1.000000000000000000, -0.0000000000000000000 ) ) ;
#1242 = APPROVAL_ROLE ( '' ) ;
#1243 = CIRCLE ( 'NONE', #2603, 1.249999999999997558 ) ;
#1244 = DIRECTION ( 'NONE',  ( 0.0000000000000000000, 0.0000000000000000000, 1.000000000000000000 ) ) ;
#1245 = ORIENTED_EDGE ( 'NONE', *, *, #855, .F. ) ;
#1246 = FACE_OUTER_BOUND ( 'NONE', #1526, .T. ) ;
#1247 = B_SPLINE_CURVE_WITH_KNOTS ( 'NONE', 3,
 ( #2801, #853, #871, #661, #412, #2377, #878, #1712, #389, #2780, #2356, #1260, #1472, #672, #1072, #2787 ),
 .UNSPECIFIED., .F., .F.,
 ( 4, 2, 2, 2, 2, 2, 2, 4 ),
 ( 3.172184239747176860E-07, 0.0004639578291508886579, 0.0009275984398778026581, 0.001391239050604716442, 0.001854879661331630550, 0.002318520272058544659, 0.002782160882785458117, 0.003709442104239267252 ),
 .UNSPECIFIED. ) ;
#1248 = ORIENTED_EDGE ( 'NONE', *, *, #806, .T. ) ;
#1249 = DIRECTION ( 'NONE',  ( 0.0000000000000000000, 0.0000000000000000000, -1.000000000000000000 ) ) ;
#1250 = EDGE_CURVE ( 'NONE', #991, #924, #1216, .T. ) ;
#1251 = DIRECTION ( 'NONE',  ( 0.0000000000000000000, 0.0000000000000000000, 1.000000000000000000 ) ) ;
#1252 = VECTOR ( 'NONE', #2039, 1000.000000000000000 ) ;
#1253 = ORIENTED_EDGE ( 'NONE', *, *, #1359, .T. ) ;
#1254 = CARTESIAN_POINT ( 'NONE',  ( 117.0945208716396593, 8.934133474745236114, -22.00206814074417494 ) ) ;
#1255 = EDGE_LOOP ( 'NONE', ( #530, #1902 ) ) ;
#1256 = FACE_OUTER_BOUND ( 'NONE', #1794, .T. ) ;
#1257 = AXIS2_PLACEMENT_3D ( 'NONE', #2719, #1014, #1432 ) ;
#1258 = APPROVAL_DATE_TIME ( #733, #949 ) ;
#1259 = ORIENTED_EDGE ( 'NONE', *, *, #1845, .T. ) ;
#1260 = CARTESIAN_POINT ( 'NONE',  ( 101.4028104530392511, 0.6274665015853874150, -47.25415496382320413 ) ) ;
#1261 = EDGE_LOOP ( 'NONE', ( #106, #1117 ) ) ;
#1262 = AXIS2_PLACEMENT_3D ( 'NONE', #2630, #1370, #1787 ) ;
#1263 = CARTESIAN_POINT ( 'NONE',  ( 38.54519339465910832, -2.065866525254762998, -97.66917664323952408 ) ) ;
#1264 = DIRECTION ( 'NONE',  ( 0.0000000000000000000, 0.0000000000000000000, 1.000000000000000000 ) ) ;
#1265 = VERTEX_POINT ( 'NONE', #1582 ) ;
#1266 = EDGE_LOOP ( 'NONE', ( #1859, #2203, #14, #595 ) ) ;
#1267 = CARTESIAN_POINT ( 'NONE',  ( 132.5493340922647292, -29.50000000000000355, -20.04317286238454798 ) ) ;
#1268 = EDGE_CURVE ( 'NONE', #2059, #1033, #2299, .T. ) ;
#1269 = CYLINDRICAL_SURFACE ( 'NONE', #237, 3.049999999999962519 ) ;
#1270 = CARTESIAN_POINT ( 'NONE',  ( 117.0945208716396593, -33.50000000000000000, -18.95206814074418489 ) ) ;
#1271 = CARTESIAN_POINT ( 'NONE',  ( 121.7160989407219347, 0.0000000000000000000, -27.56373041703320936 ) ) ;
#1272 = EDGE_CURVE ( 'NONE', #302, #2285, #2179, .T. ) ;
#1273 = VERTEX_POINT ( 'NONE', #2451 ) ;
#1274 = CYLINDRICAL_SURFACE ( 'NONE', #739, 3.000000000000009770 ) ;
#1275 = AXIS2_PLACEMENT_3D ( 'NONE', #2679, #1192, #1395 ) ;
#1276 = CARTESIAN_POINT ( 'NONE',  ( 121.7160989407219347, -7.000000000000000000, -29.56373041703317384 ) ) ;
#1277 = DIRECTION ( 'NONE',  ( -0.0000000000000000000, 1.000000000000000000, -0.0000000000000000000 ) ) ;
#1278 = CARTESIAN_POINT ( 'NONE',  ( 74.41719144519167628, -2.000000000000000000, -103.4344642909484406 ) ) ;
#1279 = VECTOR ( 'NONE', #1849, 1000.000000000000000 ) ;
#1280 = EDGE_LOOP ( 'NONE', ( #2225, #2078 ) ) ;
#1281 = VECTOR ( 'NONE', #465, 1000.000000000000114 ) ;
#1282 = ORIENTED_EDGE ( 'NONE', *, *, #150, .T. ) ;
#1283 = VERTEX_POINT ( 'NONE', #882 ) ;
#1284 = CIRCLE ( 'NONE', #421, 5.049999999999957190 ) ;
#1285 = DIRECTION ( 'NONE',  ( 0.0000000000000000000, -0.0000000000000000000, -1.000000000000000000 ) ) ;
#1286 = EDGE_LOOP ( 'NONE', ( #2789, #641, #1827, #1010 ) ) ;
#1287 = VECTOR ( 'NONE', #2205, 1000.000000000000114 ) ;
#1288 = ORIENTED_EDGE ( 'NONE', *, *, #1848, .T. ) ;
#1289 = DIRECTION ( 'NONE',  ( 0.0000000000000000000, -1.000000000000000000, 0.0000000000000000000 ) ) ;
#1290 = EDGE_CURVE ( 'NONE', #235, #2802, #543, .T. ) ;
#1291 = CALENDAR_DATE ( 2019, 12, 12 ) ;
#1292 = ORIENTED_EDGE ( 'NONE', *, *, #2509, .F. ) ;
#1293 = AXIS2_PLACEMENT_3D ( 'NONE', #1961, #2219, #942 ) ;
#1294 = FACE_OUTER_BOUND ( 'NONE', #2003, .T. ) ;
#1295 = DIRECTION ( 'NONE',  ( 0.0000000000000000000, -0.0000000000000000000, -1.000000000000000000 ) ) ;
#1296 = CARTESIAN_POINT ( 'NONE',  ( 0.0000000000000000000, -148.0000000000000284, 0.0000000000000000000 ) ) ;
#1297 = ORIENTED_EDGE ( 'NONE', *, *, #1683, .T. ) ;
#1298 = DIRECTION ( 'NONE',  ( -0.0000000000000000000, 1.000000000000000000, -0.0000000000000000000 ) ) ;
#1299 = CARTESIAN_POINT ( 'NONE',  ( 113.1365811341331522, 8.934133474745236114, -12.39108050347665824 ) ) ;
#1300 = EDGE_LOOP ( 'NONE', ( #2174, #346 ) ) ;
#1301 = DIRECTION ( 'NONE',  ( 0.0000000000000000000, 0.0000000000000000000, -1.000000000000000000 ) ) ;
#1302 = ORIENTED_EDGE ( 'NONE', *, *, #1045, .F. ) ;
#1303 = EDGE_CURVE ( 'NONE', #2298, #2668, #2765, .T. ) ;
#1304 = DIRECTION ( 'NONE',  ( 0.2588190451025216832, -0.0000000000000000000, 0.9659258262890680902 ) ) ;
#1305 = CARTESIAN_POINT ( 'NONE',  ( 74.41719144519167628, -2.065866525254762998, -100.4344642909484264 ) ) ;
#1306 = FACE_OUTER_BOUND ( 'NONE', #703, .T. ) ;
#1307 = EDGE_CURVE ( 'NONE', #574, #2788, #2195, .T. ) ;
#1308 = VECTOR ( 'NONE', #234, 1000.000000000000000 ) ;
#1309 = LINE ( 'NONE', #496, #1680 ) ;
#1310 = CARTESIAN_POINT ( 'NONE',  ( 74.41719144519167628, 0.0000000000000000000, -87.93446429094844063 ) ) ;
#1311 = AXIS2_PLACEMENT_3D ( 'NONE', #1896, #1042, #1917 ) ;
#1312 = DIRECTION ( 'NONE',  ( 0.0000000000000000000, 1.000000000000000000, 0.0000000000000000000 ) ) ;
#1313 = CIRCLE ( 'NONE', #8, 148.0000000000001421 ) ;
#1314 = ORIENTED_EDGE ( 'NONE', *, *, #784, .F. ) ;
#1315 = DIRECTION ( 'NONE',  ( 0.0000000000000000000, 0.0000000000000000000, -1.000000000000000000 ) ) ;
#1316 = DIRECTION ( 'NONE',  ( 0.0000000000000000000, 0.0000000000000000000, -1.000000000000000000 ) ) ;
#1317 = FACE_OUTER_BOUND ( 'NONE', #2263, .T. ) ;
#1318 = VERTEX_POINT ( 'NONE', #2452 ) ;
#1319 = CIRCLE ( 'NONE', #135, 1.250000000000039302 ) ;
#1320 = ORIENTED_EDGE ( 'NONE', *, *, #2409, .T. ) ;
#1321 = VERTEX_POINT ( 'NONE', #962 ) ;
#1322 = EDGE_CURVE ( 'NONE', #1470, #1761, #2341, .T. ) ;
#1323 = DIRECTION ( 'NONE',  ( 0.0000000000000000000, -1.000000000000000000, 0.0000000000000000000 ) ) ;
#1324 = CARTESIAN_POINT ( 'NONE',  ( 141.9829435731390959, 1.062973360872072104E-15, 41.77132670034317385 ) ) ;
#1325 = ORIENTED_EDGE ( 'NONE', *, *, #2478, .F. ) ;
#1326 = EDGE_LOOP ( 'NONE', ( #971, #622 ) ) ;
#1327 = CARTESIAN_POINT ( 'NONE',  ( 132.5493340922647292, -33.50000000000000000, -23.09317286238453804 ) ) ;
#1328 = EDGE_CURVE ( 'NONE', #1502, #36, #132, .T. ) ;
#1329 = CIRCLE ( 'NONE', #2316, 3.049999999999990052 ) ;
#1330 = DIRECTION ( 'NONE',  ( 0.0000000000000000000, 0.0000000000000000000, 1.000000000000000000 ) ) ;
#1331 = ORIENTED_EDGE ( 'NONE', *, *, #1499, .F. ) ;
#1332 = DIRECTION ( 'NONE',  ( 0.0000000000000000000, 0.0000000000000000000, 1.000000000000000000 ) ) ;
#1333 = ORIENTED_EDGE ( 'NONE', *, *, #380, .T. ) ;
#1334 = AXIS2_PLACEMENT_3D ( 'NONE', #341, #1857, #2511 ) ;
#1335 = CARTESIAN_POINT ( 'NONE',  ( 121.7160989407219347, 0.0000000000000000000, -32.61373041703316744 ) ) ;
#1336 = DIRECTION ( 'NONE',  ( 0.0000000000000000000, 0.0000000000000000000, 1.000000000000000000 ) ) ;
#1337 = VERTEX_POINT ( 'NONE', #1276 ) ;
#1338 = CARTESIAN_POINT ( 'NONE',  ( 111.4454847808138283, 0.6266628796289021031, -9.775929523272193222 ) ) ;
#1339 = ADVANCED_FACE ( 'NONE', ( #325 ), #1416, .T. ) ;
#1340 = DIRECTION ( 'NONE',  ( 0.0000000000000000000, 0.0000000000000000000, -1.000000000000000000 ) ) ;
#1341 = CARTESIAN_POINT ( 'NONE',  ( 126.3376770098042243, -33.50000000000000000, -47.52539269332219618 ) ) ;
#1342 = VECTOR ( 'NONE', #1239, 1000.000000000000000 ) ;
#1343 = EDGE_CURVE ( 'NONE', #146, #1337, #2553, .T. ) ;
#1344 = CARTESIAN_POINT ( 'NONE',  ( 111.9395992639419575, 0.1891697215329763426, -9.124593153643415278 ) ) ;
#1345 = AXIS2_PLACEMENT_3D ( 'NONE', #2555, #1077, #1285 ) ;
#1346 = DIRECTION ( 'NONE',  ( 0.0000000000000000000, 1.000000000000000000, 0.0000000000000000000 ) ) ;
#1347 = FACE_BOUND ( 'NONE', #2100, .T. ) ;
#1348 = EDGE_LOOP ( 'NONE', ( #1936, #244, #628, #2601 ) ) ;
#1349 = FACE_OUTER_BOUND ( 'NONE', #1458, .T. ) ;
#1350 = AXIS2_PLACEMENT_3D ( 'NONE', #605, #2105, #825 ) ;
#1351 = CIRCLE ( 'NONE', #563, 150.0000000000014211 ) ;
#1352 = ADVANCED_FACE ( 'NONE', ( #1147 ), #288, .F. ) ;
#1353 = EDGE_LOOP ( 'NONE', ( #2192, #2372, #877, #1165 ) ) ;
#1354 = CYLINDRICAL_SURFACE ( 'NONE', #357, 1.850000000000004530 ) ;
#1355 = ORIENTED_EDGE ( 'NONE', *, *, #167, .F. ) ;
#1356 = CIRCLE ( 'NONE', #1293, 12.49999999999999645 ) ;
#1357 = DIRECTION ( 'NONE',  ( 0.0000000000000000000, -1.000000000000000000, 0.0000000000000000000 ) ) ;
#1358 = ORIENTED_EDGE ( 'NONE', *, *, #1552, .T. ) ;
#1359 = EDGE_CURVE ( 'NONE', #735, #2634, #1785, .T. ) ;
#1360 = DIRECTION ( 'NONE',  ( -0.0000000000000000000, 1.000000000000000000, -0.0000000000000000000 ) ) ;
#1361 = EDGE_CURVE ( 'NONE', #1836, #136, #2396, .T. ) ;
#1362 = ADVANCED_FACE ( 'NONE', ( #1821 ), #1754, .F. ) ;
#1363 = ORIENTED_EDGE ( 'NONE', *, *, #2164, .F. ) ;
#1364 = CARTESIAN_POINT ( 'NONE',  ( 140.1825042702270139, 8.934133474745236114, -17.78801376634729081 ) ) ;
#1365 = DIRECTION ( 'NONE',  ( -0.2595768345858149306, 0.7071067811865425767, 0.6577384487365897092 ) ) ;
#1366 = AXIS2_PLACEMENT_3D ( 'NONE', #1771, #690, #1989 ) ;
#1367 = DIRECTION ( 'NONE',  ( -0.0000000000000000000, -1.000000000000000000, -0.0000000000000000000 ) ) ;
#1368 = VECTOR ( 'NONE', #2481, 1000.000000000000000 ) ;
#1369 = DIRECTION ( 'NONE',  ( 0.0000000000000000000, -1.000000000000000000, 0.0000000000000000000 ) ) ;
#1370 = DIRECTION ( 'NONE',  ( 0.0000000000000000000, -1.000000000000000000, 0.0000000000000000000 ) ) ;
#1371 = FACE_OUTER_BOUND ( 'NONE', #972, .T. ) ;
#1372 = CARTESIAN_POINT ( 'NONE',  ( 74.41719144519167628, -2.000000000000000000, -87.93446429094844063 ) ) ;
#1373 = DIRECTION ( 'NONE',  ( 0.0000000000000000000, 0.0000000000000000000, -1.000000000000000000 ) ) ;
#1374 = FACE_BOUND ( 'NONE', #2552, .T. ) ;
#1375 = EDGE_CURVE ( 'NONE', #606, #2407, #200, .T. ) ;
#1376 = DIRECTION ( 'NONE',  ( 0.0000000000000000000, 0.0000000000000000000, 1.000000000000000000 ) ) ;
#1377 = CARTESIAN_POINT ( 'NONE',  ( 112.1408739344684307, 0.0000000000000000000, -8.981892518487059718 ) ) ;
#1378 = FACE_BOUND ( 'NONE', #516, .T. ) ;
#1379 = AXIS2_PLACEMENT_3D ( 'NONE', #1327, #701, #456 ) ;
#1380 = ORIENTED_EDGE ( 'NONE', *, *, #2050, .T. ) ;
#1381 = FACE_OUTER_BOUND ( 'NONE', #2288, .T. ) ;
#1382 = ORIENTED_EDGE ( 'NONE', *, *, #1911, .F. ) ;
#1383 = FACE_OUTER_BOUND ( 'NONE', #1002, .T. ) ;
#1384 = AXIS2_PLACEMENT_3D ( 'NONE', #1596, #979, #2474 ) ;
#1385 = ORIENTED_EDGE ( 'NONE', *, *, #2597, .T. ) ;
#1386 = ORIENTED_EDGE ( 'NONE', *, *, #2013, .T. ) ;
#1387 = LINE ( 'NONE', #2147, #695 ) ;
#1388 = ORIENTED_EDGE ( 'NONE', *, *, #711, .T. ) ;
#1389 = EDGE_LOOP ( 'NONE', ( #2565, #862, #2736, #2538 ) ) ;
#1390 = DIRECTION ( 'NONE',  ( 0.0000000000000000000, -1.000000000000000000, 0.0000000000000000000 ) ) ;
#1391 = ADVANCED_FACE ( 'NONE', ( #1246 ), #168, .F. ) ;
#1392 = DIRECTION ( 'NONE',  ( -0.0000000000000000000, 1.000000000000000000, -0.0000000000000000000 ) ) ;
#1393 = CARTESIAN_POINT ( 'NONE',  ( 110.8828637891791402, -34.50000000000000000, -42.13428797168180751 ) ) ;
#1394 = EDGE_CURVE ( 'NONE', #2267, #139, #1181, .T. ) ;
#1395 = DIRECTION ( 'NONE',  ( 0.0000000000000000000, 0.0000000000000000000, 1.000000000000000000 ) ) ;
#1396 = EDGE_LOOP ( 'NONE', ( #1618, #1388 ) ) ;
#1397 = EDGE_LOOP ( 'NONE', ( #2128, #1967 ) ) ;
#1398 = DIRECTION ( 'NONE',  ( 0.0000000000000000000, 1.000000000000000000, 0.0000000000000000000 ) ) ;
#1399 = AXIS2_PLACEMENT_3D ( 'NONE', #2085, #828, #2094 ) ;
#1400 = ORIENTED_EDGE ( 'NONE', *, *, #1545, .F. ) ;
#1401 = DIRECTION ( 'NONE',  ( 0.0000000000000000000, 0.0000000000000000000, 1.000000000000000000 ) ) ;
#1402 = AXIS2_PLACEMENT_3D ( 'NONE', #1442, #1357, #2016 ) ;
#1403 = PRODUCT_DEFINITION_SHAPE ( 'NONE', 'NONE',  #2619 ) ;
#1404 = ADVANCED_FACE ( 'NONE', ( #1055, #468 ), #678, .T. ) ;
#1405 = DIRECTION ( 'NONE',  ( 0.0000000000000000000, 0.0000000000000000000, -1.000000000000000000 ) ) ;
#1406 = DIRECTION ( 'NONE',  ( 0.0000000000000000000, 0.0000000000000000000, 1.000000000000000000 ) ) ;
#1407 = FACE_OUTER_BOUND ( 'NONE', #2027, .T. ) ;
#1408 = CARTESIAN_POINT ( 'NONE',  ( 121.7160989407219347, -7.000000000000000000, -32.61373041703316744 ) ) ;
#1409 = DIRECTION ( 'NONE',  ( 0.0000000000000000000, 1.000000000000000000, 0.0000000000000000000 ) ) ;
#1410 = EDGE_CURVE ( 'NONE', #2418, #446, #1995, .T. ) ;
#1411 = DIRECTION ( 'NONE',  ( -0.0000000000000000000, 1.000000000000000000, -0.0000000000000000000 ) ) ;
#1412 = ORIENTED_EDGE ( 'NONE', *, *, #766, .F. ) ;
#1413 = FACE_OUTER_BOUND ( 'NONE', #2278, .T. ) ;
#1414 = ORIENTED_EDGE ( 'NONE', *, *, #2753, .T. ) ;
#1415 = EDGE_CURVE ( 'NONE', #2280, #330, #1930, .T. ) ;
#1416 = CYLINDRICAL_SURFACE ( 'NONE', #1311, 5.049999999999988276 ) ;
#1417 = PLANE ( 'NONE',  #425 ) ;
#1418 = FACE_BOUND ( 'NONE', #1433, .T. ) ;
#1419 = ORIENTED_EDGE ( 'NONE', *, *, #1606, .F. ) ;
#1420 = CARTESIAN_POINT ( 'NONE',  ( 110.8828637891791402, -34.50000000000000000, -42.13428797168180751 ) ) ;
#1421 = CARTESIAN_POINT ( 'NONE',  ( 132.5493340922647292, -34.50000000000000000, -17.34317286238453448 ) ) ;
#1422 = FACE_OUTER_BOUND ( 'NONE', #377, .T. ) ;
#1423 = AXIS2_PLACEMENT_3D ( 'NONE', #815, #2743, #1715 ) ;
#1424 = ADVANCED_FACE ( 'NONE', ( #2129 ), #722, .F. ) ;
#1425 = ORIENTED_EDGE ( 'NONE', *, *, #875, .F. ) ;
#1426 = CARTESIAN_POINT ( 'NONE',  ( 132.5493340922647292, -34.50000000000000000, -20.09317286238457356 ) ) ;
#1427 = ORIENTED_EDGE ( 'NONE', *, *, #1415, .F. ) ;
#1428 = EDGE_LOOP ( 'NONE', ( #609, #1450 ) ) ;
#1429 = CIRCLE ( 'NONE', #2435, 1.850000000000004530 ) ;
#1430 = ORIENTED_EDGE ( 'NONE', *, *, #31, .T. ) ;
#1431 = DIRECTION ( 'NONE',  ( 0.0000000000000000000, 0.0000000000000000000, 1.000000000000000000 ) ) ;
#1432 = DIRECTION ( 'NONE',  ( 0.0000000000000000000, 0.0000000000000000000, 1.000000000000000000 ) ) ;
#1433 = EDGE_LOOP ( 'NONE', ( #1556, #2395 ) ) ;
#1434 = EDGE_CURVE ( 'NONE', #2207, #883, #2690, .T. ) ;
#1435 = FACE_OUTER_BOUND ( 'NONE', #1543, .T. ) ;
#1436 = DIRECTION ( 'NONE',  ( 0.0000000000000000000, 1.000000000000000000, 0.0000000000000000000 ) ) ;
#1437 = AXIS2_PLACEMENT_3D ( 'NONE', #1231, #1906, #2516 ) ;
#1438 = ORIENTED_EDGE ( 'NONE', *, *, #128, .F. ) ;
#1439 = CARTESIAN_POINT ( 'NONE',  ( 117.0945208716396593, -5.065866525254772768, -15.90206814074419661 ) ) ;
#1440 = AXIS2_PLACEMENT_3D ( 'NONE', #729, #919, #94 ) ;
#1441 = VECTOR ( 'NONE', #345, 1000.000000000000000 ) ;
#1442 = CARTESIAN_POINT ( 'NONE',  ( 110.8828637891791402, -34.50000000000000000, -42.13428797168180751 ) ) ;
#1443 = FACE_OUTER_BOUND ( 'NONE', #2007, .T. ) ;
#1444 = CARTESIAN_POINT ( 'NONE',  ( 106.1564955063357729, 12.93413347474523611, -13.40889487666008684 ) ) ;
#1445 = ADVANCED_FACE ( 'NONE', ( #1855 ), #985, .F. ) ;
#1446 = CARTESIAN_POINT ( 'NONE',  ( 120.4265030515405215, 10.93413347471922670, 89.42850419624247138 ) ) ;
#1447 = EDGE_CURVE ( 'NONE', #658, #2282, #2381, .T. ) ;
#1448 = ORIENTED_EDGE ( 'NONE', *, *, #2475, .F. ) ;
#1449 = FACE_BOUND ( 'NONE', #1585, .T. ) ;
#1450 = ORIENTED_EDGE ( 'NONE', *, *, #599, .T. ) ;
#1451 = EDGE_CURVE ( 'NONE', #528, #897, #258, .T. ) ;
#1452 = CIRCLE ( 'NONE', #1874, 1.850000000000004530 ) ;
#1453 = PLANE ( 'NONE',  #2350 ) ;
#1454 = CARTESIAN_POINT ( 'NONE',  ( 117.0945208716396593, -33.50000000000000000, -18.95206814074418489 ) ) ;
#1455 = ORIENTED_EDGE ( 'NONE', *, *, #2349, .F. ) ;
#1456 = VERTEX_POINT ( 'NONE', #422 ) ;
#1457 = CYLINDRICAL_SURFACE ( 'NONE', #2600, 5.749999999999970690 ) ;
#1458 = EDGE_LOOP ( 'NONE', ( #2233, #155 ) ) ;
#1459 = PERSON_AND_ORGANIZATION_ROLE ( 'creator' ) ;
#1460 = VERTEX_POINT ( 'NONE', #2343 ) ;
#1461 = CARTESIAN_POINT ( 'NONE',  ( 103.2496936112167845, 8.934133474745236114, -47.43944706771903697 ) ) ;
#1462 = CARTESIAN_POINT ( 'NONE',  ( 126.3376770098042243, -34.50000000000000000, -52.02539269332212513 ) ) ;
#1463 = CARTESIAN_POINT ( 'NONE',  ( 41.29842149427761910, 0.0000000000000000000, -104.6455464034709308 ) ) ;
#1464 = EDGE_CURVE ( 'NONE', #1038, #1018, #163, .T. ) ;
#1465 = DIRECTION ( 'NONE',  ( 0.0000000000000000000, 0.0000000000000000000, 1.000000000000000000 ) ) ;
#1466 = ORIENTED_EDGE ( 'NONE', *, *, #1503, .F. ) ;
#1467 = DIRECTION ( 'NONE',  ( -0.0000000000000000000, 1.000000000000000000, -0.0000000000000000000 ) ) ;
#1468 = EDGE_CURVE ( 'NONE', #1219, #1273, #391, .T. ) ;
#1469 = DIRECTION ( 'NONE',  ( -0.0000000000000000000, 1.000000000000000000, -0.0000000000000000000 ) ) ;
#1470 = VERTEX_POINT ( 'NONE', #2602 ) ;
#1471 = DIRECTION ( 'NONE',  ( -0.3670970799491343750, -0.0000000000000000000, 0.9301826346975193838 ) ) ;
#1472 = CARTESIAN_POINT ( 'NONE',  ( 101.3947537527599394, 0.5720416130738752436, -47.40239476641490057 ) ) ;
#1473 = AXIS2_PLACEMENT_3D ( 'NONE', #240, #1323, #1527 ) ;
#1474 = CARTESIAN_POINT ( 'NONE',  ( 96.18592533248005338, 8.934133474745236114, -50.61956934592035395 ) ) ;
#1475 = CC_DESIGN_PERSON_AND_ORGANIZATION_ASSIGNMENT ( #2175, #164, ( #867 ) ) ;
#1476 = FACE_BOUND ( 'NONE', #420, .T. ) ;
#1477 = CARTESIAN_POINT ( 'NONE',  ( 121.7160989407219347, 3.129999999999999893, -29.56373041703317384 ) ) ;
#1478 = CARTESIAN_POINT ( 'NONE',  ( 117.0945208716396593, -29.50000000000000355, -18.95206814074418489 ) ) ;
#1479 = EDGE_LOOP ( 'NONE', ( #796, #1253, #1194, #1382 ) ) ;
#1480 = LINE ( 'NONE', #951, #2165 ) ;
#1481 = FACE_OUTER_BOUND ( 'NONE', #1397, .T. ) ;
#1482 = ORIENTED_EDGE ( 'NONE', *, *, #2224, .F. ) ;
#1483 = CARTESIAN_POINT ( 'NONE',  ( 117.0945208716396593, -34.50000000000000000, -18.95206814074418489 ) ) ;
#1484 = EDGE_CURVE ( 'NONE', #256, #406, #291, .T. ) ;
#1485 = DIRECTION ( 'NONE',  ( 0.0000000000000000000, -0.0000000000000000000, 1.000000000000000000 ) ) ;
#1486 = FACE_BOUND ( 'NONE', #2567, .T. ) ;
#1487 = EDGE_LOOP ( 'NONE', ( #2387, #1550, #1528, #1964 ) ) ;
#1488 = DIRECTION ( 'NONE',  ( -0.0000000000000000000, 1.000000000000000000, -0.0000000000000000000 ) ) ;
#1489 = AXIS2_PLACEMENT_3D ( 'NONE', #837, #2532, #1244 ) ;
#1490 = ORIENTED_EDGE ( 'NONE', *, *, #744, .T. ) ;
#1491 = ORIENTED_EDGE ( 'NONE', *, *, #905, .T. ) ;
#1492 = APPROVAL_DATE_TIME ( #1094, #1053 ) ;
#1493 = ORIENTED_EDGE ( 'NONE', *, *, #1268, .T. ) ;
#1494 = AXIS2_PLACEMENT_3D ( 'NONE', #1629, #1211, #335 ) ;
#1495 = DIRECTION ( 'NONE',  ( 0.0000000000000000000, 0.0000000000000000000, 1.000000000000000000 ) ) ;
#1496 = DIRECTION ( 'NONE',  ( 0.0000000000000000000, 1.000000000000000000, 0.0000000000000000000 ) ) ;
#1497 = ORIENTED_EDGE ( 'NONE', *, *, #2307, .F. ) ;
#1498 = EDGE_LOOP ( 'NONE', ( #1224, #659, #1490, #1126 ) ) ;
#1499 = EDGE_CURVE ( 'NONE', #623, #497, #432, .T. ) ;
#1500 = VECTOR ( 'NONE', #1189, 1000.000000000000000 ) ;
#1501 = DIRECTION ( 'NONE',  ( 0.0000000000000000000, 0.0000000000000000000, -1.000000000000000000 ) ) ;
#1502 = VERTEX_POINT ( 'NONE', #2200 ) ;
#1503 = EDGE_CURVE ( 'NONE', #2407, #606, #1958, .T. ) ;
#1504 = AXIS2_PLACEMENT_3D ( 'NONE', #771, #2250, #271 ) ;
#1505 = LINE ( 'NONE', #2410, #1722 ) ;
#1506 = DIRECTION ( 'NONE',  ( -0.0000000000000000000, 1.000000000000000000, -0.0000000000000000000 ) ) ;
#1507 = CARTESIAN_POINT ( 'NONE',  ( 0.0000000000000000000, 0.0000000000000000000, 0.0000000000000000000 ) ) ;
#1508 = DIRECTION ( 'NONE',  ( 0.0000000000000000000, 1.000000000000000000, 0.0000000000000000000 ) ) ;
#1509 = EDGE_LOOP ( 'NONE', ( #2011, #178, #1656, #417 ) ) ;
#1510 = LINE ( 'NONE', #1867, #1963 ) ;
#1511 = CARTESIAN_POINT ( 'NONE',  ( 121.7160989407219347, 35.50000000000001421, -37.66373041703312197 ) ) ;
#1512 = ORIENTED_EDGE ( 'NONE', *, *, #2087, .F. ) ;
#1513 = LINE ( 'NONE', #519, #1287 ) ;
#1514 = ORIENTED_EDGE ( 'NONE', *, *, #2379, .F. ) ;
#1515 = EDGE_CURVE ( 'NONE', #463, #1064, #982, .T. ) ;
#1516 = ORIENTED_EDGE ( 'NONE', *, *, #1829, .F. ) ;
#1517 = VECTOR ( 'NONE', #612, 1000.000000000000227 ) ;
#1518 = CARTESIAN_POINT ( 'NONE',  ( 54.33036783247197121, 12.93413347474519171, -137.6670299352330460 ) ) ;
#1519 = CALENDAR_DATE ( 2019, 12, 12 ) ;
#1520 = AXIS2_PLACEMENT_3D ( 'NONE', #431, #209, #2763 ) ;
#1521 = CARTESIAN_POINT ( 'NONE',  ( 117.0945208716396593, -34.50000000000000000, -18.95206814074418489 ) ) ;
#1522 = AXIS2_PLACEMENT_3D ( 'NONE', #2466, #2054, #565 ) ;
#1523 = DIRECTION ( 'NONE',  ( 0.0000000000000000000, 0.0000000000000000000, 1.000000000000000000 ) ) ;
#1524 = ORIENTED_EDGE ( 'NONE', *, *, #517, .T. ) ;
#1525 = DIRECTION ( 'NONE',  ( 0.0000000000000000000, 0.0000000000000000000, 1.000000000000000000 ) ) ;
#1526 = EDGE_LOOP ( 'NONE', ( #674, #2576, #2413, #2692 ) ) ;
#1527 = DIRECTION ( 'NONE',  ( 0.0000000000000000000, 0.0000000000000000000, -1.000000000000000000 ) ) ;
#1528 = ORIENTED_EDGE ( 'NONE', *, *, #2247, .T. ) ;
#1529 = EDGE_CURVE ( 'NONE', #439, #637, #856, .T. ) ;
#1530 = DIRECTION ( 'NONE',  ( 0.0000000000000000000, 1.000000000000000000, -0.0000000000000000000 ) ) ;
#1531 = ORIENTED_EDGE ( 'NONE', *, *, #2424, .T. ) ;
#1532 = AXIS2_PLACEMENT_3D ( 'NONE', #667, #2599, #1737 ) ;
#1533 = FACE_OUTER_BOUND ( 'NONE', #1286, .T. ) ;
#1534 = DIRECTION ( 'NONE',  ( -0.0000000000000000000, 1.000000000000000000, -0.0000000000000000000 ) ) ;
#1535 = ADVANCED_FACE ( 'NONE', ( #954, #1476, #2582, #1889, #1924, #1378, #192, #2421 ), #384, .F. ) ;
#1536 = FACE_OUTER_BOUND ( 'NONE', #2526, .T. ) ;
#1537 = ORIENTED_EDGE ( 'NONE', *, *, #480, .F. ) ;
#1538 = CARTESIAN_POINT ( 'NONE',  ( 121.7160989407219347, -7.000000000000000000, -32.61373041703316744 ) ) ;
#1539 = CIRCLE ( 'NONE', #1275, 1.850000000000004530 ) ;
#1540 = ORIENTED_EDGE ( 'NONE', *, *, #845, .F. ) ;
#1541 = EDGE_LOOP ( 'NONE', ( #1863, #2131, #297, #2740 ) ) ;
#1542 = DIRECTION ( 'NONE',  ( 0.0000000000000000000, 0.0000000000000000000, 1.000000000000000000 ) ) ;
#1543 = EDGE_LOOP ( 'NONE', ( #1320, #1710, #329, #238, #1730 ) ) ;
#1544 = ORIENTED_EDGE ( 'NONE', *, *, #344, .F. ) ;
#1545 = EDGE_CURVE ( 'NONE', #832, #2782, #2646, .T. ) ;
#1546 = DIRECTION ( 'NONE',  ( 0.0000000000000000000, -1.000000000000000000, 0.0000000000000000000 ) ) ;
#1547 = DIRECTION ( 'NONE',  ( -0.0000000000000000000, -1.000000000000000000, -0.0000000000000000000 ) ) ;
#1548 = ORIENTED_EDGE ( 'NONE', *, *, #15, .T. ) ;
#1549 = CARTESIAN_POINT ( 'NONE',  ( 74.41719144519167628, 6.934133474745236114, -97.43446429094842642 ) ) ;
#1550 = ORIENTED_EDGE ( 'NONE', *, *, #2750, .F. ) ;
#1551 = CARTESIAN_POINT ( 'NONE',  ( 110.8828637891791402, 8.934133474745236114, -42.13428797168180751 ) ) ;
#1552 = EDGE_CURVE ( 'NONE', #1091, #686, #2514, .T. ) ;
#1553 = ORIENTED_EDGE ( 'NONE', *, *, #44, .F. ) ;
#1554 = ADVANCED_FACE ( 'NONE', ( #827, #1851 ), #2216, .T. ) ;
#1555 = AXIS2_PLACEMENT_3D ( 'NONE', #723, #1781, #38 ) ;
#1556 = ORIENTED_EDGE ( 'NONE', *, *, #803, .T. ) ;
#1557 = DIRECTION ( 'NONE',  ( -0.6855580112566723727, -0.0000000000000000000, -0.7280180033500519565 ) ) ;
#1558 = CARTESIAN_POINT ( 'NONE',  ( 142.6220372975472799, 0.6666666528562088523, 41.96108022359098300 ) ) ;
#1559 = ORIENTED_EDGE ( 'NONE', *, *, #1848, .F. ) ;
#1560 = PRODUCT_DEFINITION_FORMATION_WITH_SPECIFIED_SOURCE ( 'ANY', '', #1665, .NOT_KNOWN. ) ;
#1561 = CARTESIAN_POINT ( 'NONE',  ( 38.54519339465910832, 10.93413347474516506, -97.66917664323953829 ) ) ;
#1562 = LINE ( 'NONE', #140, #442 ) ;
#1563 = DIRECTION ( 'NONE',  ( 0.0000000000000000000, 0.0000000000000000000, 1.000000000000000000 ) ) ;
#1564 = EDGE_LOOP ( 'NONE', ( #1292, #1088, #2264, #1700, #1128, #1540 ) ) ;
#1565 = DIRECTION ( 'NONE',  ( -0.0000000000000000000, 1.000000000000000000, -0.0000000000000000000 ) ) ;
#1566 = ADVANCED_FACE ( 'NONE', ( #1681 ), #2393, .T. ) ;
#1567 = ORIENTED_EDGE ( 'NONE', *, *, #1268, .F. ) ;
#1568 = EDGE_CURVE ( 'NONE', #1038, #1219, #1313, .T. ) ;
#1569 = CARTESIAN_POINT ( 'NONE',  ( 147.2462725489637876, 8.934133474745236114, -14.60789148814597915 ) ) ;
#1570 = AXIS2_PLACEMENT_3D ( 'NONE', #1129, #2009, #1580 ) ;
#1571 = CYLINDRICAL_SURFACE ( 'NONE', #290, 1.850000000000004530 ) ;
#1572 = CARTESIAN_POINT ( 'NONE',  ( 113.1365811341331522, 0.0000000000000000000, -10.54108050347665326 ) ) ;
#1573 = CYLINDRICAL_SURFACE ( 'NONE', #458, 3.000000000000009770 ) ;
#1574 = CARTESIAN_POINT ( 'NONE',  ( 115.3179025799882851, 6.499999999999999112, 54.33029858700159309 ) ) ;
#1575 = AXIS2_PLACEMENT_3D ( 'NONE', #2633, #1143, #452 ) ;
#1576 = VERTEX_POINT ( 'NONE', #1324 ) ;
#1577 = EDGE_LOOP ( 'NONE', ( #1704, #1178 ) ) ;
#1578 = LINE ( 'NONE', #472, #833 ) ;
#1579 = ORIENTED_EDGE ( 'NONE', *, *, #749, .F. ) ;
#1580 = DIRECTION ( 'NONE',  ( 0.0000000000000000000, 0.0000000000000000000, -1.000000000000000000 ) ) ;
#1581 = VECTOR ( 'NONE', #498, 1000.000000000000000 ) ;
#1582 = CARTESIAN_POINT ( 'NONE',  ( 120.4265030515405215, 6.500000000000000000, 89.42850419624247138 ) ) ;
#1583 = ADVANCED_FACE ( 'NONE', ( #2093 ), #1571, .F. ) ;
#1584 = ORIENTED_EDGE ( 'NONE', *, *, #1760, .F. ) ;
#1585 = EDGE_LOOP ( 'NONE', ( #1400, #1314 ) ) ;
#1586 = CARTESIAN_POINT ( 'NONE',  ( 110.8828637891791402, 0.0000000000000000000, -42.13428797168180751 ) ) ;
#1587 = CARTESIAN_POINT ( 'NONE',  ( 126.3376770098042243, -33.50000000000000000, -46.27539269332215355 ) ) ;
#1588 = CARTESIAN_POINT ( 'NONE',  ( 132.5493340922647292, -49.49999999999998579, -23.09317286238453804 ) ) ;
#1589 = VECTOR ( 'NONE', #2739, 1000.000000000000000 ) ;
#1590 = ORIENTED_EDGE ( 'NONE', *, *, #1451, .F. ) ;
#1591 = EDGE_CURVE ( 'NONE', #928, #36, #1956, .T. ) ;
#1592 = ORIENTED_EDGE ( 'NONE', *, *, #1144, .F. ) ;
#1593 = CIRCLE ( 'NONE', #669, 5.749999999999970690 ) ;
#1594 = EDGE_CURVE ( 'NONE', #1913, #1891, #160, .T. ) ;
#1595 = VERTEX_POINT ( 'NONE', #1254 ) ;
#1596 = CARTESIAN_POINT ( 'NONE',  ( 132.5493340922647292, -5.065866525254772768, -23.09317286238453804 ) ) ;
#1597 = AXIS2_PLACEMENT_3D ( 'NONE', #409, #395, #419 ) ;
#1598 = EDGE_LOOP ( 'NONE', ( #58, #2064 ) ) ;
#1599 = DIRECTION ( 'NONE',  ( 0.0000000000000000000, 0.0000000000000000000, 1.000000000000000000 ) ) ;
#1600 = DIRECTION ( 'NONE',  ( 0.0000000000000000000, 0.0000000000000000000, 1.000000000000000000 ) ) ;
#1601 = ORIENTED_EDGE ( 'NONE', *, *, #115, .F. ) ;
#1602 = CARTESIAN_POINT ( 'NONE',  ( 74.41719144519167628, 6.934133474745236114, -103.4344642909484406 ) ) ;
#1603 = DIRECTION ( 'NONE',  ( 0.0000000000000000000, 1.000000000000000000, 0.0000000000000000000 ) ) ;
#1604 = CARTESIAN_POINT ( 'NONE',  ( 126.3376770098042243, 0.0000000000000000000, -52.02539269332212513 ) ) ;
#1605 = DIRECTION ( 'NONE',  ( 0.0000000000000000000, 0.0000000000000000000, 1.000000000000000000 ) ) ;
#1606 = EDGE_CURVE ( 'NONE', #136, #235, #127, .T. ) ;
#1607 = FACE_OUTER_BOUND ( 'NONE', #2069, .T. ) ;
#1608 = EDGE_CURVE ( 'NONE', #883, #832, #754, .T. ) ;
#1609 = CARTESIAN_POINT ( 'NONE',  ( 132.5493340922647292, -33.50000000000000000, -21.84317286238449896 ) ) ;
#1610 = CIRCLE ( 'NONE', #53, 5.750000000000005329 ) ;
#1611 = DIRECTION ( 'NONE',  ( -0.0000000000000000000, -1.000000000000000000, -0.0000000000000000000 ) ) ;
#1612 = AXIS2_PLACEMENT_3D ( 'NONE', #1763, #1603, #1330 ) ;
#1613 = ORIENTED_EDGE ( 'NONE', *, *, #943, .T. ) ;
#1614 = CIRCLE ( 'NONE', #1894, 112.4999999999999858 ) ;
#1615 = DIRECTION ( 'NONE',  ( 0.0000000000000000000, 1.000000000000000000, 0.0000000000000000000 ) ) ;
#1616 = DIRECTION ( 'NONE',  ( -0.0000000000000000000, 1.000000000000000000, -0.0000000000000000000 ) ) ;
#1617 = ORIENTED_EDGE ( 'NONE', *, *, #2563, .F. ) ;
#1618 = ORIENTED_EDGE ( 'NONE', *, *, #554, .T. ) ;
#1619 = ORIENTED_EDGE ( 'NONE', *, *, #493, .F. ) ;
#1620 = EDGE_LOOP ( 'NONE', ( #2655, #2243, #738, #1649 ) ) ;
#1621 = ORGANIZATION ( 'UNSPECIFIED', 'UNSPECIFIED', '' ) ;
#1622 = CARTESIAN_POINT ( 'NONE',  ( 110.8828637891791402, -29.50000000000000355, -42.13428797168180751 ) ) ;
#1623 = ORIENTED_EDGE ( 'NONE', *, *, #1742, .T. ) ;
#1624 = EDGE_CURVE ( 'NONE', #66, #2280, #1309, .T. ) ;
#1625 = PLANE ( 'NONE',  #1714 ) ;
#1626 = CARTESIAN_POINT ( 'NONE',  ( 117.0945208716396593, -29.50000000000000355, -22.00206814074417494 ) ) ;
#1627 = DIRECTION ( 'NONE',  ( 0.0000000000000000000, -1.000000000000000000, 0.0000000000000000000 ) ) ;
#1628 = AXIS2_PLACEMENT_3D ( 'NONE', #2658, #2045, #305 ) ;
#1629 = CARTESIAN_POINT ( 'NONE',  ( 0.0000000000000000000, 10.93413347474516506, 0.0000000000000000000 ) ) ;
#1630 = ORIENTED_EDGE ( 'NONE', *, *, #2013, .F. ) ;
#1631 = CARTESIAN_POINT ( 'NONE',  ( 110.8828637891791402, -29.50000000000000355, -42.13428797168180751 ) ) ;
#1632 = CARTESIAN_POINT ( 'NONE',  ( 121.7160989407219347, -7.000000000000000000, -37.66373041703315039 ) ) ;
#1633 = DIRECTION ( 'NONE',  ( 0.0000000000000000000, 0.0000000000000000000, -1.000000000000000000 ) ) ;
#1634 = CIRCLE ( 'NONE', #1111, 1.850000000000004530 ) ;
#1635 = AXIS2_PLACEMENT_3D ( 'NONE', #2522, #635, #1485 ) ;
#1636 = ORIENTED_EDGE ( 'NONE', *, *, #2049, .F. ) ;
#1637 = DIRECTION ( 'NONE',  ( 0.0000000000000000000, -0.0000000000000000000, -1.000000000000000000 ) ) ;
#1638 = DIRECTION ( 'NONE',  ( 0.0000000000000000000, -1.000000000000000000, 0.0000000000000000000 ) ) ;
#1639 = DIRECTION ( 'NONE',  ( -0.0000000000000000000, 1.000000000000000000, -0.0000000000000000000 ) ) ;
#1640 = FACE_OUTER_BOUND ( 'NONE', #172, .T. ) ;
#1641 = CARTESIAN_POINT ( 'NONE',  ( 110.8828637891791402, -33.50000000000000000, -39.13428797168180040 ) ) ;
#1642 = ADVANCED_FACE ( 'NONE', ( #652 ), #286, .F. ) ;
#1643 = DIRECTION ( 'NONE',  ( 0.0000000000000000000, 0.0000000000000000000, -1.000000000000000000 ) ) ;
#1644 =( LENGTH_UNIT ( ) NAMED_UNIT ( * ) SI_UNIT ( .MILLI., .METRE. ) );
#1645 = EDGE_CURVE ( 'NONE', #895, #260, #2760, .T. ) ;
#1646 = AXIS2_PLACEMENT_3D ( 'NONE', #1586, #299, #1401 ) ;
#1647 = FACE_OUTER_BOUND ( 'NONE', #2169, .T. ) ;
#1648 = CARTESIAN_POINT ( 'NONE',  ( 140.1825042702270139, 8.934133474745236114, -15.93801376634728584 ) ) ;
#1649 = ORIENTED_EDGE ( 'NONE', *, *, #2727, .T. ) ;
#1650 = CYLINDRICAL_SURFACE ( 'NONE', #2581, 3.000000000000009770 ) ;
#1651 = AXIS2_PLACEMENT_3D ( 'NONE', #702, #1988, #2412 ) ;
#1652 = ORIENTED_EDGE ( 'NONE', *, *, #1328, .T. ) ;
#1653 = CARTESIAN_POINT ( 'NONE',  ( 132.5493340922647292, 8.934133474745236114, -20.04317286238454798 ) ) ;
#1654 = APPLICATION_CONTEXT ( 'configuration controlled 3d designs of mechanical parts and assemblies' ) ;
#1655 = CYLINDRICAL_SURFACE ( 'NONE', #1379, 2.999999999999964473 ) ;
#1656 = ORIENTED_EDGE ( 'NONE', *, *, #2194, .T. ) ;
#1657 = DIRECTION ( 'NONE',  ( 0.0000000000000000000, 0.0000000000000000000, 1.000000000000000000 ) ) ;
#1658 = ORIENTED_EDGE ( 'NONE', *, *, #1594, .F. ) ;
#1659 = ADVANCED_FACE ( 'NONE', ( #616 ), #1453, .F. ) ;
#1660 = PERSON_AND_ORGANIZATION ( #2746, #1621 ) ;
#1661 = VERTEX_POINT ( 'NONE', #1071 ) ;
#1662 = CIRCLE ( 'NONE', #2584, 2.999999999999968026 ) ;
#1663 = CARTESIAN_POINT ( 'NONE',  ( 143.2611310085395075, 1.333333319707261877, 42.15083374285545403 ) ) ;
#1664 = EDGE_LOOP ( 'NONE', ( #2109, #2700, #1658, #1302 ) ) ;
#1665 = PRODUCT ( 'Ring right', 'Ring right', '', ( #598 ) ) ;
#1666 = CARTESIAN_POINT ( 'NONE',  ( 119.4978208533276955, 12.26754077415956168, 88.44230412478493975 ) ) ;
#1667 = ORIENTED_EDGE ( 'NONE', *, *, #2287, .F. ) ;
#1668 = EDGE_CURVE ( 'NONE', #2282, #1661, #629, .T. ) ;
#1669 = VERTEX_POINT ( 'NONE', #2331 ) ;
#1670 = EDGE_LOOP ( 'NONE', ( #1121, #2279 ) ) ;
#1671 = DIRECTION ( 'NONE',  ( 0.0000000000000000000, 0.0000000000000000000, 1.000000000000000000 ) ) ;
#1672 = CARTESIAN_POINT ( 'NONE',  ( 117.0945208716396593, -34.50000000000000000, -18.95206814074418489 ) ) ;
#1673 = AXIS2_PLACEMENT_3D ( 'NONE', #1692, #2364, #2160 ) ;
#1674 = EDGE_LOOP ( 'NONE', ( #513, #1623, #60, #1331 ) ) ;
#1675 = APPLICATION_CONTEXT ( 'configuration controlled 3d designs of mechanical parts and assemblies' ) ;
#1676 = DIRECTION ( 'NONE',  ( -0.2588190451025228489, 0.0000000000000000000, -0.9659258262890677571 ) ) ;
#1677 = CIRCLE ( 'NONE', #186, 3.049999999999990052 ) ;
#1678 = CARTESIAN_POINT ( 'NONE',  ( 117.0945208716396593, -34.50000000000000000, -18.95206814074418489 ) ) ;
#1679 = DIRECTION ( 'NONE',  ( -0.0000000000000000000, 1.000000000000000000, -0.0000000000000000000 ) ) ;
#1680 = VECTOR ( 'NONE', #502, 1000.000000000000000 ) ;
#1681 = FACE_OUTER_BOUND ( 'NONE', #1201, .T. ) ;
#1682 = DIRECTION ( 'NONE',  ( -0.0000000000000000000, 1.000000000000000000, -0.0000000000000000000 ) ) ;
#1683 = EDGE_CURVE ( 'NONE', #924, #1792, #2257, .T. ) ;
#1684 = DIRECTION ( 'NONE',  ( -0.9659258262890676461, 0.0000000000000000000, 0.2588190451025227934 ) ) ;
#1685 = VERTEX_POINT ( 'NONE', #643 ) ;
#1686 = LINE ( 'NONE', #2371, #2260 ) ;
#1687 = ORIENTED_EDGE ( 'NONE', *, *, #317, .F. ) ;
#1688 = EDGE_CURVE ( 'NONE', #56, #1028, #1022, .T. ) ;
#1689 = EDGE_LOOP ( 'NONE', ( #381, #880 ) ) ;
#1690 = FACE_OUTER_BOUND ( 'NONE', #2324, .T. ) ;
#1691 = CARTESIAN_POINT ( 'NONE',  ( 111.5355301604791975, 0.3724741102893198708, -11.50949920727029685 ) ) ;
#1692 = CARTESIAN_POINT ( 'NONE',  ( 126.3376770098042243, -29.50000000000000355, -46.27539269332215355 ) ) ;
#1693 = ORIENTED_EDGE ( 'NONE', *, *, #1464, .T. ) ;
#1694 = VERTEX_POINT ( 'NONE', #716 ) ;
#1695 = CARTESIAN_POINT ( 'NONE',  ( 90.28678715892846185, 12.93413347474523611, 57.42208690493892931 ) ) ;
#1696 = VECTOR ( 'NONE', #1698, 1000.000000000000000 ) ;
#1697 = AXIS2_PLACEMENT_3D ( 'NONE', #487, #40, #247 ) ;
#1698 = DIRECTION ( 'NONE',  ( -0.0000000000000000000, 1.000000000000000000, -0.0000000000000000000 ) ) ;
#1699 = CARTESIAN_POINT ( 'NONE',  ( 130.2956167473106746, -7.065866525254767438, -56.53638033058965817 ) ) ;
#1700 = ORIENTED_EDGE ( 'NONE', *, *, #2773, .F. ) ;
#1701 = ORIENTED_EDGE ( 'NONE', *, *, #634, .F. ) ;
#1702 = DIRECTION ( 'NONE',  ( 0.0000000000000000000, 0.0000000000000000000, 1.000000000000000000 ) ) ;
#1703 = ORIENTED_EDGE ( 'NONE', *, *, #283, .T. ) ;
#1704 = ORIENTED_EDGE ( 'NONE', *, *, #2803, .F. ) ;
#1705 = EDGE_CURVE ( 'NONE', #1054, #2138, #2715, .T. ) ;
#1706 = CARTESIAN_POINT ( 'NONE',  ( 74.41719144519167628, 12.93413347474523611, -95.18446429094842642 ) ) ;
#1707 = CARTESIAN_POINT ( 'NONE',  ( 113.1365811341331522, 8.934133474745236114, -10.54108050347665326 ) ) ;
#1708 = ORIENTED_EDGE ( 'NONE', *, *, #1040, .F. ) ;
#1709 = EDGE_CURVE ( 'NONE', #343, #1739, #2136, .T. ) ;
#1710 = ORIENTED_EDGE ( 'NONE', *, *, #1080, .F. ) ;
#1711 = DIRECTION ( 'NONE',  ( 0.0000000000000000000, 0.0000000000000000000, -1.000000000000000000 ) ) ;
#1712 = CARTESIAN_POINT ( 'NONE',  ( 101.7176933681475361, 0.7026963546279919592, -46.39147848328840240 ) ) ;
#1713 = ORIENTED_EDGE ( 'NONE', *, *, #1908, .F. ) ;
#1714 = AXIS2_PLACEMENT_3D ( 'NONE', #2667, #91, #1637 ) ;
#1715 = DIRECTION ( 'NONE',  ( 0.0000000000000000000, 0.0000000000000000000, 1.000000000000000000 ) ) ;
#1716 = CARTESIAN_POINT ( 'NONE',  ( 117.0945208716396593, -33.50000000000000000, -18.95206814074418489 ) ) ;
#1717 = DIRECTION ( 'NONE',  ( -0.0000000000000000000, 1.000000000000000000, -0.0000000000000000000 ) ) ;
#1718 = CIRCLE ( 'NONE', #1985, 12.49999999999999645 ) ;
#1719 = CARTESIAN_POINT ( 'NONE',  ( 121.7160989407219347, 0.0000000000000000000, -37.66373041703312197 ) ) ;
#1720 = AXIS2_PLACEMENT_3D ( 'NONE', #2004, #1808, #275 ) ;
#1721 = DIRECTION ( 'NONE',  ( 0.0000000000000000000, 0.0000000000000000000, -1.000000000000000000 ) ) ;
#1722 = VECTOR ( 'NONE', #1506, 1000.000000000000000 ) ;
#1723 = CARTESIAN_POINT ( 'NONE',  ( 110.8828637891791402, -5.065866525254772768, -39.08428797168181745 ) ) ;
#1724 = ORIENTED_EDGE ( 'NONE', *, *, #2694, .T. ) ;
#1725 = CYLINDRICAL_SURFACE ( 'NONE', #1504, 1.250000000000001110 ) ;
#1726 = CARTESIAN_POINT ( 'NONE',  ( 110.8828637891791402, -34.50000000000000000, -42.13428797168180751 ) ) ;
#1727 = ORIENTED_EDGE ( 'NONE', *, *, #2442, .F. ) ;
#1728 = EDGE_CURVE ( 'NONE', #637, #439, #1017, .T. ) ;
#1729 = FACE_BOUND ( 'NONE', #398, .T. ) ;
#1730 = ORIENTED_EDGE ( 'NONE', *, *, #1688, .F. ) ;
#1731 = FACE_OUTER_BOUND ( 'NONE', #1541, .T. ) ;
#1732 = AXIS2_PLACEMENT_3D ( 'NONE', #2471, #1834, #123 ) ;
#1733 = ORIENTED_EDGE ( 'NONE', *, *, #2694, .F. ) ;
#1734 = ORIENTED_EDGE ( 'NONE', *, *, #374, .T. ) ;
#1735 = DIRECTION ( 'NONE',  ( 0.0000000000000000000, -0.0000000000000000000, -1.000000000000000000 ) ) ;
#1736 = AXIS2_PLACEMENT_3D ( 'NONE', #35, #751, #1992 ) ;
#1737 = DIRECTION ( 'NONE',  ( 0.0000000000000000000, 0.0000000000000000000, -1.000000000000000000 ) ) ;
#1738 = CARTESIAN_POINT ( 'NONE',  ( 74.41719144519167628, 6.934133474745236114, -100.4344642909484264 ) ) ;
#1739 = VERTEX_POINT ( 'NONE', #1803 ) ;
#1740 = CARTESIAN_POINT ( 'NONE',  ( 132.5493340922647292, -5.065866525254772768, -20.04317286238454798 ) ) ;
#1741 = DIRECTION ( 'NONE',  ( 0.0000000000000000000, -1.000000000000000000, 0.0000000000000000000 ) ) ;
#1742 = EDGE_CURVE ( 'NONE', #1215, #700, #2775, .T. ) ;
#1743 = VECTOR ( 'NONE', #1006, 1000.000000000000000 ) ;
#1744 = DIRECTION ( 'NONE',  ( 0.0000000000000000000, 1.000000000000000000, 0.0000000000000000000 ) ) ;
#1745 = EDGE_LOOP ( 'NONE', ( #900, #1652, #1866, #2757, #551, #1124 ) ) ;
#1746 = AXIS2_PLACEMENT_3D ( 'NONE', #865, #2133, #1465 ) ;
#1747 = CARTESIAN_POINT ( 'NONE',  ( 101.7199885281745537, 6.500000000000000000, 29.81683976929886271 ) ) ;
#1748 = AXIS2_PLACEMENT_3D ( 'NONE', #1574, #129, #144 ) ;
#1749 = CIRCLE ( 'NONE', #1839, 5.049999999999957190 ) ;
#1750 = VECTOR ( 'NONE', #1901, 1000.000000000000000 ) ;
#1751 = CARTESIAN_POINT ( 'NONE',  ( 0.0000000000000000000, 0.0000000000000000000, 0.0000000000000000000 ) ) ;
#1752 = CARTESIAN_POINT ( 'NONE',  ( 126.3376770098042243, 8.934133474745236114, -43.22539269332219192 ) ) ;
#1753 = ORIENTED_EDGE ( 'NONE', *, *, #821, .F. ) ;
#1754 = CYLINDRICAL_SURFACE ( 'NONE', #2043, 3.049999999999990052 ) ;
#1755 = EDGE_CURVE ( 'NONE', #1028, #337, #2798, .T. ) ;
#1756 = CARTESIAN_POINT ( 'NONE',  ( 74.41719144519167628, 6.934133474745236114, -100.4344642909484264 ) ) ;
#1757 = DIRECTION ( 'NONE',  ( 0.0000000000000000000, 1.000000000000000000, 0.0000000000000000000 ) ) ;
#1758 = LINE ( 'NONE', #319, #1185 ) ;
#1759 = EDGE_LOOP ( 'NONE', ( #466, #2427, #2529, #767 ) ) ;
#1760 = EDGE_CURVE ( 'NONE', #1931, #991, #1539, .T. ) ;
#1761 = VERTEX_POINT ( 'NONE', #1820 ) ;
#1762 = LINE ( 'NONE', #385, #2404 ) ;
#1763 = CARTESIAN_POINT ( 'NONE',  ( 117.0945208716396593, -29.50000000000000355, -18.95206814074418489 ) ) ;
#1764 = CARTESIAN_POINT ( 'NONE',  ( 0.0000000000000000000, 112.5000000000008242, 0.0000000000000000000 ) ) ;
#1765 = VERTEX_POINT ( 'NONE', #992 ) ;
#1766 = AXIS2_PLACEMENT_3D ( 'NONE', #1921, #18, #236 ) ;
#1767 = ORIENTED_EDGE ( 'NONE', *, *, #1343, .T. ) ;
#1768 = CARTESIAN_POINT ( 'NONE',  ( 117.0945208716396593, 8.934133474745236114, -18.95206814074418489 ) ) ;
#1769 = CARTESIAN_POINT ( 'NONE',  ( 66.97547230067253565, 0.0000000000000000000, -90.39101786185362641 ) ) ;
#1770 = ORIENTED_EDGE ( 'NONE', *, *, #1130, .T. ) ;
#1771 = CARTESIAN_POINT ( 'NONE',  ( 38.54519339465910832, -2.065866525254762998, -97.66917664323950987 ) ) ;
#1772 = ORIENTED_EDGE ( 'NONE', *, *, #875, .T. ) ;
#1773 = CARTESIAN_POINT ( 'NONE',  ( 0.0000000000000000000, 160.9341334747433052, 0.0000000000000000000 ) ) ;
#1774 = VECTOR ( 'NONE', #964, 1000.000000000000000 ) ;
#1775 = CARTESIAN_POINT ( 'NONE',  ( 0.0000000000000000000, 7.500000000000049738, 0.0000000000000000000 ) ) ;
#1776 = EDGE_CURVE ( 'NONE', #883, #2207, #469, .T. ) ;
#1777 = CARTESIAN_POINT ( 'NONE',  ( 88.87118236610973554, 6.434133474745237002, 55.91880671875669861 ) ) ;
#1778 = AXIS2_PLACEMENT_3D ( 'NONE', #1049, #185, #1735 ) ;
#1779 = CIRCLE ( 'NONE', #881, 112.4999999999999858 ) ;
#1780 = LINE ( 'NONE', #2716, #2218 ) ;
#1781 = DIRECTION ( 'NONE',  ( 0.0000000000000000000, -1.000000000000000000, 0.0000000000000000000 ) ) ;
#1782 = AXIS2_PLACEMENT_3D ( 'NONE', #62, #1858, #2546 ) ;
#1783 = FACE_BOUND ( 'NONE', #440, .T. ) ;
#1784 = ORIENTED_EDGE ( 'NONE', *, *, #2543, .F. ) ;
#1785 = LINE ( 'NONE', #1641, #657 ) ;
#1786 = EDGE_LOOP ( 'NONE', ( #724, #2749 ) ) ;
#1787 = DIRECTION ( 'NONE',  ( 0.0000000000000000000, 0.0000000000000000000, -1.000000000000000000 ) ) ;
#1788 = CIRCLE ( 'NONE', #171, 5.750000000000001776 ) ;
#1789 = DIRECTION ( 'NONE',  ( -0.0000000000000000000, 1.000000000000000000, -0.0000000000000000000 ) ) ;
#1790 = ORIENTED_EDGE ( 'NONE', *, *, #1464, .F. ) ;
#1791 = LINE ( 'NONE', #116, #764 ) ;
#1792 = VERTEX_POINT ( 'NONE', #277 ) ;
#1793 = DIRECTION ( 'NONE',  ( -0.0000000000000000000, -1.000000000000000000, -0.0000000000000000000 ) ) ;
#1794 = EDGE_LOOP ( 'NONE', ( #342, #2594, #295, #1145 ) ) ;
#1795 = CARTESIAN_POINT ( 'NONE',  ( 96.18592533248005338, 8.934133474745236114, -50.61956934592035395 ) ) ;
#1796 = EDGE_CURVE ( 'NONE', #1033, #2059, #2585, .T. ) ;
#1797 = FACE_OUTER_BOUND ( 'NONE', #2097, .T. ) ;
#1798 = VERTEX_POINT ( 'NONE', #1626 ) ;
#1799 = CARTESIAN_POINT ( 'NONE',  ( 132.5493340922647292, -34.50000000000000000, -17.34317286238453448 ) ) ;
#1800 = AXIS2_PLACEMENT_3D ( 'NONE', #780, #997, #1012 ) ;
#1801 = ADVANCED_FACE ( 'NONE', ( #292 ), #397, .F. ) ;
#1802 = CARTESIAN_POINT ( 'NONE',  ( 108.6092394974010915, 12.93413347474523611, -4.255129684045098060 ) ) ;
#1803 = CARTESIAN_POINT ( 'NONE',  ( 126.3376770098042243, -34.50000000000000000, -43.27539269332218907 ) ) ;
#1804 = ORIENTED_EDGE ( 'NONE', *, *, #2194, .F. ) ;
#1805 = DIRECTION ( 'NONE',  ( 0.0000000000000000000, 0.0000000000000000000, -1.000000000000000000 ) ) ;
#1806 = LINE ( 'NONE', #2252, #1774 ) ;
#1807 = PLANE ( 'NONE',  #1167 ) ;
#1808 = DIRECTION ( 'NONE',  ( -0.0000000000000000000, -1.000000000000000000, -0.0000000000000000000 ) ) ;
#1809 = CIRCLE ( 'NONE', #100, 3.000000000000009770 ) ;
#1810 = EDGE_CURVE ( 'NONE', #1020, #199, #2130, .T. ) ;
#1811 = CARTESIAN_POINT ( 'NONE',  ( 121.7160989407219347, 3.130000000000000782, -27.56373041703320581 ) ) ;
#1812 = CYLINDRICAL_SURFACE ( 'NONE', #1016, 1.850000000000004530 ) ;
#1813 = CARTESIAN_POINT ( 'NONE',  ( 121.7160989407219347, -7.000000000000000000, -32.61373041703316744 ) ) ;
#1814 = CARTESIAN_POINT ( 'NONE',  ( 74.41719144519167628, 6.934133474745236114, -100.4344642909484264 ) ) ;
#1815 = AXIS2_PLACEMENT_3D ( 'NONE', #1538, #1627, #755 ) ;
#1816 = CARTESIAN_POINT ( 'NONE',  ( 117.0945208716396593, -29.50000000000000355, -15.90206814074419661 ) ) ;
#1817 = AXIS2_PLACEMENT_3D ( 'NONE', #761, #1409, #1838 ) ;
#1818 = DIRECTION ( 'NONE',  ( 0.0000000000000000000, 0.0000000000000000000, -1.000000000000000000 ) ) ;
#1819 = VERTEX_POINT ( 'NONE', #850 ) ;
#1820 = CARTESIAN_POINT ( 'NONE',  ( 115.3179025799882851, 12.93413347474523611, 57.38029858700158314 ) ) ;
#1821 = FACE_OUTER_BOUND ( 'NONE', #1168, .T. ) ;
#1822 = CARTESIAN_POINT ( 'NONE',  ( 117.0945208716396593, 8.934133474745236114, -18.95206814074418489 ) ) ;
#1823 = ORIENTED_EDGE ( 'NONE', *, *, #943, .F. ) ;
#1824 = DIRECTION ( 'NONE',  ( -0.0000000000000000000, 1.000000000000000000, -0.0000000000000000000 ) ) ;
#1825 = VECTOR ( 'NONE', #1824, 1000.000000000000000 ) ;
#1826 = ORIENTED_EDGE ( 'NONE', *, *, #2492, .T. ) ;
#1827 = ORIENTED_EDGE ( 'NONE', *, *, #843, .T. ) ;
#1828 = FACE_OUTER_BOUND ( 'NONE', #631, .T. ) ;
#1829 = EDGE_CURVE ( 'NONE', #2634, #1283, #2026, .T. ) ;
#1830 = ADVANCED_FACE ( 'NONE', ( #2691 ), #2058, .F. ) ;
#1831 = DIRECTION ( 'NONE',  ( 0.0000000000000000000, 1.000000000000000000, 0.0000000000000000000 ) ) ;
#1832 = DIRECTION ( 'NONE',  ( -0.0000000000000000000, -1.000000000000000000, -0.0000000000000000000 ) ) ;
#1833 = DIRECTION ( 'NONE',  ( 0.0000000000000000000, -1.000000000000000000, 0.0000000000000000000 ) ) ;
#1834 = DIRECTION ( 'NONE',  ( -0.0000000000000000000, -1.000000000000000000, -0.0000000000000000000 ) ) ;
#1835 = EDGE_CURVE ( 'NONE', #260, #1023, #863, .T. ) ;
#1836 = VERTEX_POINT ( 'NONE', #2767 ) ;
#1837 = CARTESIAN_POINT ( 'NONE',  ( 121.7160989407219347, -7.000000000000000000, -35.66373041703315749 ) ) ;
#1838 = DIRECTION ( 'NONE',  ( 0.0000000000000000000, 0.0000000000000000000, 1.000000000000000000 ) ) ;
#1839 = AXIS2_PLACEMENT_3D ( 'NONE', #911, #495, #707 ) ;
#1840 = DIRECTION ( 'NONE',  ( -0.0000000000000000000, -1.000000000000000000, -0.0000000000000000000 ) ) ;
#1841 = ORIENTED_EDGE ( 'NONE', *, *, #2209, .F. ) ;
#1842 = CIRCLE ( 'NONE', #1030, 1.250000000000001110 ) ;
#1843 = DIRECTION ( 'NONE',  ( 0.0000000000000000000, 0.0000000000000000000, 1.000000000000000000 ) ) ;
#1844 = DIRECTION ( 'NONE',  ( 0.0000000000000000000, 0.0000000000000000000, 1.000000000000000000 ) ) ;
#1845 = EDGE_CURVE ( 'NONE', #588, #2259, #2490, .T. ) ;
#1846 = MANIFOLD_SOLID_BREP ( 'Cut-Extrude19', #533 ) ;
#1847 = VECTOR ( 'NONE', #2191, 1000.000000000000000 ) ;
#1848 = EDGE_CURVE ( 'NONE', #337, #1265, #1351, .T. ) ;
#1849 = DIRECTION ( 'NONE',  ( -0.0000000000000000000, -1.000000000000000000, -0.0000000000000000000 ) ) ;
#1850 = DIRECTION ( 'NONE',  ( -0.0000000000000000000, 1.000000000000000000, -0.0000000000000000000 ) ) ;
#1851 = FACE_OUTER_BOUND ( 'NONE', #1280, .T. ) ;
#1852 = CIRCLE ( 'NONE', #2501, 3.049999999999962519 ) ;
#1853 = AXIS2_PLACEMENT_3D ( 'NONE', #704, #1136, #713 ) ;
#1854 = ORIENTED_EDGE ( 'NONE', *, *, #2753, .F. ) ;
#1855 = FACE_OUTER_BOUND ( 'NONE', #1498, .T. ) ;
#1856 = CARTESIAN_POINT ( 'NONE',  ( 130.2956167473106746, 8.934133474745236114, -56.53638033058965817 ) ) ;
#1857 = DIRECTION ( 'NONE',  ( 0.0000000000000000000, 1.000000000000000000, 0.0000000000000000000 ) ) ;
#1858 = DIRECTION ( 'NONE',  ( 0.0000000000000000000, -1.000000000000000000, 0.0000000000000000000 ) ) ;
#1859 = ORIENTED_EDGE ( 'NONE', *, *, #152, .F. ) ;
#1860 = CYLINDRICAL_SURFACE ( 'NONE', #1205, 3.049999999999990052 ) ;
#1861 = CC_DESIGN_APPROVAL ( #1053, ( #2619 ) ) ;
#1862 = ADVANCED_FACE ( 'NONE', ( #1481, #1418 ), #212, .T. ) ;
#1863 = ORIENTED_EDGE ( 'NONE', *, *, #1742, .F. ) ;
#1864 = CIRCLE ( 'NONE', #2363, 3.049999999999990052 ) ;
#1865 = CARTESIAN_POINT ( 'NONE',  ( 126.3376770098042243, -34.50000000000000000, -52.02539269332212513 ) ) ;
#1866 = ORIENTED_EDGE ( 'NONE', *, *, #2032, .T. ) ;
#1867 = CARTESIAN_POINT ( 'NONE',  ( 121.7160989407219347, -7.000000000000000000, -29.56373041703317384 ) ) ;
#1868 = CIRCLE ( 'NONE', #1817, 1.850000000000004530 ) ;
#1869 = CARTESIAN_POINT ( 'NONE',  ( 74.41719144519167628, -2.000000000000000000, -100.4344642909484264 ) ) ;
#1870 = VERTEX_POINT ( 'NONE', #2186 ) ;
#1871 = EDGE_CURVE ( 'NONE', #2431, #2228, #2339, .T. ) ;
#1872 = LINE ( 'NONE', #926, #1161 ) ;
#1873 = DIRECTION ( 'NONE',  ( -0.0000000000000000000, -1.000000000000000000, -0.0000000000000000000 ) ) ;
#1874 = AXIS2_PLACEMENT_3D ( 'NONE', #1096, #1530, #1082 ) ;
#1875 = ORIENTED_EDGE ( 'NONE', *, *, #2773, .T. ) ;
#1876 = CARTESIAN_POINT ( 'NONE',  ( 126.3376770098042243, -34.50000000000000000, -40.52539269332218197 ) ) ;
#1877 = DIRECTION ( 'NONE',  ( 0.0000000000000000000, 0.0000000000000000000, -1.000000000000000000 ) ) ;
#1878 = VECTOR ( 'NONE', #597, 1000.000000000000000 ) ;
#1879 = AXIS2_PLACEMENT_3D ( 'NONE', #688, #1186, #239 ) ;
#1880 = EDGE_LOOP ( 'NONE', ( #834, #42 ) ) ;
#1881 = CARTESIAN_POINT ( 'NONE',  ( 132.5493340922647292, -33.50000000000000000, -23.09317286238453804 ) ) ;
#1882 = DIRECTION ( 'NONE',  ( 0.0000000000000000000, 1.000000000000000000, 0.0000000000000000000 ) ) ;
#1883 = CIRCLE ( 'NONE', #1116, 1.250000000000042633 ) ;
#1884 = CARTESIAN_POINT ( 'NONE',  ( 99.89164035401037722, 12.27704011908123150, -36.78965260719786556 ) ) ;
#1885 = CARTESIAN_POINT ( 'NONE',  ( 119.0334049005352455, 12.93413347474523611, 87.94912459931182980 ) ) ;
#1886 = CIRCLE ( 'NONE', #1697, 3.000000000000009770 ) ;
#1887 = EDGE_CURVE ( 'NONE', #1870, #293, #1610, .T. ) ;
#1888 = DIRECTION ( 'NONE',  ( -0.0000000000000000000, 1.000000000000000000, -0.0000000000000000000 ) ) ;
#1889 = FACE_BOUND ( 'NONE', #2794, .T. ) ;
#1890 = CARTESIAN_POINT ( 'NONE',  ( 74.41719144519167628, 6.934133474745236114, -100.4344642909484264 ) ) ;
#1891 = VERTEX_POINT ( 'NONE', #285 ) ;
#1892 = CARTESIAN_POINT ( 'NONE',  ( 132.5493340922647292, -29.50000000000000355, -23.09317286238453804 ) ) ;
#1893 = CIRCLE ( 'NONE', #1815, 5.049999999999984723 ) ;
#1894 = AXIS2_PLACEMENT_3D ( 'NONE', #2461, #2010, #731 ) ;
#1895 = ORIENTED_EDGE ( 'NONE', *, *, #1594, .T. ) ;
#1896 = CARTESIAN_POINT ( 'NONE',  ( 121.7160989407219347, -7.000000000000000000, -32.61373041703316744 ) ) ;
#1897 = DIRECTION ( 'NONE',  ( 0.0000000000000000000, 0.0000000000000000000, 1.000000000000000000 ) ) ;
#1898 = CARTESIAN_POINT ( 'NONE',  ( 96.18592533248005338, 8.934133474745236114, -50.61956934592035395 ) ) ;
#1899 = CIRCLE ( 'NONE', #1070, 5.049999999999957190 ) ;
#1900 = VERTEX_POINT ( 'NONE', #709 ) ;
#1901 = DIRECTION ( 'NONE',  ( -0.0000000000000000000, 1.000000000000000000, -0.0000000000000000000 ) ) ;
#1902 = ORIENTED_EDGE ( 'NONE', *, *, #2032, .F. ) ;
#1903 = VECTOR ( 'NONE', #633, 1000.000000000000000 ) ;
#1904 = DIRECTION ( 'NONE',  ( 0.0000000000000000000, 0.0000000000000000000, -1.000000000000000000 ) ) ;
#1905 = ORIENTED_EDGE ( 'NONE', *, *, #1796, .T. ) ;
#1906 = DIRECTION ( 'NONE',  ( 0.0000000000000000000, -1.000000000000000000, 0.0000000000000000000 ) ) ;
#1907 = LINE ( 'NONE', #1139, #671 ) ;
#1908 = EDGE_CURVE ( 'NONE', #476, #1595, #583, .T. ) ;
#1909 = ADVANCED_FACE ( 'NONE', ( #1536, #255 ), #1417, .T. ) ;
#1910 = ORIENTED_EDGE ( 'NONE', *, *, #2152, .T. ) ;
#1911 = EDGE_CURVE ( 'NONE', #491, #1283, #430, .T. ) ;
#1912 = CARTESIAN_POINT ( 'NONE',  ( 134.8229583840427210, 8.934133474745236114, -60.97233115002124748 ) ) ;
#1913 = VERTEX_POINT ( 'NONE', #1477 ) ;
#1914 = CARTESIAN_POINT ( 'NONE',  ( 126.3376770098042243, -34.50000000000000000, -40.52539269332218197 ) ) ;
#1915 = DIRECTION ( 'NONE',  ( -0.0000000000000000000, 1.000000000000000000, -0.0000000000000000000 ) ) ;
#1916 = AXIS2_PLACEMENT_3D ( 'NONE', #758, #2472, #2684 ) ;
#1917 = DIRECTION ( 'NONE',  ( 0.0000000000000000000, 0.0000000000000000000, 1.000000000000000000 ) ) ;
#1918 = CARTESIAN_POINT ( 'NONE',  ( 126.3376770098042243, 8.934133474745236114, -46.27539269332215355 ) ) ;
#1919 = DIRECTION ( 'NONE',  ( 0.0000000000000000000, 0.0000000000000000000, -1.000000000000000000 ) ) ;
#1920 =( GEOMETRIC_REPRESENTATION_CONTEXT ( 3 ) GLOBAL_UNCERTAINTY_ASSIGNED_CONTEXT ( ( #37 ) ) GLOBAL_UNIT_ASSIGNED_CONTEXT ( ( #1644, #361, #2748 ) ) REPRESENTATION_CONTEXT ( 'NONE', 'WORKASPACE' ) );
#1921 = CARTESIAN_POINT ( 'NONE',  ( 117.0945208716396593, -33.50000000000000000, -18.95206814074418489 ) ) ;
#1922 = LINE ( 'NONE', #79, #1342 ) ;
#1923 = DIRECTION ( 'NONE',  ( -0.0000000000000000000, 1.000000000000000000, -0.0000000000000000000 ) ) ;
#1924 = FACE_BOUND ( 'NONE', #371, .T. ) ;
#1925 = CARTESIAN_POINT ( 'NONE',  ( 143.9002247066447637, 6.500000000000000000, 42.34058725829364533 ) ) ;
#1926 = EDGE_CURVE ( 'NONE', #2473, #365, #2611, .T. ) ;
#1927 = DIRECTION ( 'NONE',  ( -0.0000000000000000000, 1.000000000000000000, -0.0000000000000000000 ) ) ;
#1928 = FACE_BOUND ( 'NONE', #2446, .T. ) ;
#1929 = VERTEX_POINT ( 'NONE', #571 ) ;
#1930 = CIRCLE ( 'NONE', #1597, 5.250000000000004441 ) ;
#1931 = VERTEX_POINT ( 'NONE', #509 ) ;
#1932 = AXIS2_PLACEMENT_3D ( 'NONE', #2479, #313, #974 ) ;
#1933 = VERTEX_POINT ( 'NONE', #1462 ) ;
#1934 = VECTOR ( 'NONE', #2114, 1000.000000000000000 ) ;
#1935 = PLANE ( 'NONE',  #1966 ) ;
#1936 = ORIENTED_EDGE ( 'NONE', *, *, #2525, .F. ) ;
#1937 = CYLINDRICAL_SURFACE ( 'NONE', #908, 3.049999999999990052 ) ;
#1938 = ORIENTED_EDGE ( 'NONE', *, *, #1468, .F. ) ;
#1939 = ORIENTED_EDGE ( 'NONE', *, *, #534, .T. ) ;
#1940 = VERTEX_POINT ( 'NONE', #1816 ) ;
#1941 = VECTOR ( 'NONE', #2650, 1000.000000000000000 ) ;
#1942 = CARTESIAN_POINT ( 'NONE',  ( 0.0000000000000000000, 6.500000000000000000, 0.0000000000000000000 ) ) ;
#1943 = CARTESIAN_POINT ( 'NONE',  ( 0.0000000000000000000, 8.934133474745236114, 0.0000000000000000000 ) ) ;
#1944 = EDGE_CURVE ( 'NONE', #1041, #33, #95, .T. ) ;
#1945 = B_SPLINE_CURVE_WITH_KNOTS ( 'NONE', 3,
 ( #1446, #585, #1666, #1885 ),
 .UNSPECIFIED., .F., .F.,
 ( 4, 4 ),
 ( 2.850878141378863016E-07, 0.002851475444534125672 ),
 .UNSPECIFIED. ) ;
#1946 = CARTESIAN_POINT ( 'NONE',  ( 88.87118236610973554, 10.93413347474518993, 55.91880671875669861 ) ) ;
#1947 = VERTEX_POINT ( 'NONE', #226 ) ;
#1948 = CARTESIAN_POINT ( 'NONE',  ( 121.7160989407219347, 8.934133474745236114, -27.56373041703320581 ) ) ;
#1949 = AXIS2_PLACEMENT_3D ( 'NONE', #540, #2235, #2675 ) ;
#1950 = CIRCLE ( 'NONE', #287, 5.049999999999984723 ) ;
#1951 = DIRECTION ( 'NONE',  ( 0.0000000000000000000, 1.000000000000000000, 0.0000000000000000000 ) ) ;
#1952 = ORIENTED_EDGE ( 'NONE', *, *, #380, .F. ) ;
#1953 = CARTESIAN_POINT ( 'NONE',  ( 117.0945208716396593, 0.0000000000000000000, -18.95206814074418489 ) ) ;
#1954 = CIRCLE ( 'NONE', #1575, 150.0000000000000568 ) ;
#1955 = LINE ( 'NONE', #459, #2162 ) ;
#1956 = CIRCLE ( 'NONE', #156, 1.850000000000004530 ) ;
#1957 = CARTESIAN_POINT ( 'NONE',  ( 55.06456199237018723, -2.065866525254762998, -139.5273952046279646 ) ) ;
#1958 = CIRCLE ( 'NONE', #1651, 3.049999999999990052 ) ;
#1959 = B_SPLINE_CURVE_WITH_KNOTS ( 'NONE', 3,
 ( #1695, #225, #2154, #1946 ),
 .UNSPECIFIED., .F., .F.,
 ( 4, 4 ),
 ( 2.873766870026097309E-07, 0.002874967923742557680 ),
 .UNSPECIFIED. ) ;
#1960 = ORIENTED_EDGE ( 'NONE', *, *, #845, .T. ) ;
#1961 = CARTESIAN_POINT ( 'NONE',  ( 74.41719144519167628, 0.0000000000000000000, -100.4344642909484264 ) ) ;
#1962 = EDGE_CURVE ( 'NONE', #2202, #1062, #323, .T. ) ;
#1963 = VECTOR ( 'NONE', #2697, 1000.000000000000000 ) ;
#1964 = ORIENTED_EDGE ( 'NONE', *, *, #1591, .T. ) ;
#1965 = LINE ( 'NONE', #2588, #1119 ) ;
#1966 = AXIS2_PLACEMENT_3D ( 'NONE', #2575, #2545, #1295 ) ;
#1967 = ORIENTED_EDGE ( 'NONE', *, *, #1962, .T. ) ;
#1968 = ORIENTED_EDGE ( 'NONE', *, *, #2126, .F. ) ;
#1969 = LINE ( 'NONE', #188, #1903 ) ;
#1970 = DIRECTION ( 'NONE',  ( 0.0000000000000000000, -0.0000000000000000000, 1.000000000000000000 ) ) ;
#1971 = ORIENTED_EDGE ( 'NONE', *, *, #2669, .T. ) ;
#1972 = AXIS2_PLACEMENT_3D ( 'NONE', #782, #2253, #110 ) ;
#1973 = DIRECTION ( 'NONE',  ( -0.0000000000000000000, -1.000000000000000000, -0.0000000000000000000 ) ) ;
#1974 = DIRECTION ( 'NONE',  ( -0.0000000000000000000, 1.000000000000000000, 0.0000000000000000000 ) ) ;
#1975 = CARTESIAN_POINT ( 'NONE',  ( 96.18592533248005338, 12.93413347474523611, -50.61956934592035395 ) ) ;
#1976 = CARTESIAN_POINT ( 'NONE',  ( 140.1825042702270139, 0.0000000000000000000, -19.63801376634729223 ) ) ;
#1977 = CARTESIAN_POINT ( 'NONE',  ( 0.0000000000000000000, 12.93413347474523611, 0.0000000000000000000 ) ) ;
#1978 = ORIENTED_EDGE ( 'NONE', *, *, #111, .T. ) ;
#1979 = EDGE_CURVE ( 'NONE', #2259, #588, #1852, .T. ) ;
#1980 = DIRECTION ( 'NONE',  ( 0.0000000000000000000, -0.0000000000000000000, -1.000000000000000000 ) ) ;
#1981 = CARTESIAN_POINT ( 'NONE',  ( 74.41719144519167628, -2.000000000000000000, -87.93446429094844063 ) ) ;
#1982 = ORIENTED_EDGE ( 'NONE', *, *, #559, .F. ) ;
#1983 = CARTESIAN_POINT ( 'NONE',  ( 111.6662102509687600, 0.4381029022528061256, -9.409647642689758840 ) ) ;
#1984 = EDGE_CURVE ( 'NONE', #1669, #66, #2550, .T. ) ;
#1985 = AXIS2_PLACEMENT_3D ( 'NONE', #793, #1001, #1633 ) ;
#1986 = DIRECTION ( 'NONE',  ( 0.0000000000000000000, -1.000000000000000000, 0.0000000000000000000 ) ) ;
#1987 = CARTESIAN_POINT ( 'NONE',  ( 132.5493340922647292, -29.50000000000000355, -23.09317286238453804 ) ) ;
#1988 = DIRECTION ( 'NONE',  ( 0.0000000000000000000, 1.000000000000000000, 0.0000000000000000000 ) ) ;
#1989 = DIRECTION ( 'NONE',  ( -0.3670970799491343750, 0.0000000000000000000, 0.9301826346975193838 ) ) ;
#1990 = ADVANCED_FACE ( 'NONE', ( #2055, #1993, #1347, #1783, #2222, #858, #1413, #2486, #1928, #2333 ), #423, .F. ) ;
#1991 = VECTOR ( 'NONE', #705, 1000.000000000000000 ) ;
#1992 = DIRECTION ( 'NONE',  ( 0.0000000000000000000, 0.0000000000000000000, -1.000000000000000000 ) ) ;
#1993 = FACE_BOUND ( 'NONE', #1171, .T. ) ;
#1994 = ORIENTED_EDGE ( 'NONE', *, *, #1067, .T. ) ;
#1995 = CIRCLE ( 'NONE', #2334, 1.250000000000001110 ) ;
#1996 = EDGE_CURVE ( 'NONE', #112, #2084, #356, .T. ) ;
#1997 = EDGE_LOOP ( 'NONE', ( #841, #1537, #2713, #1157 ) ) ;
#1998 = CYLINDRICAL_SURFACE ( 'NONE', #1099, 5.750000000000001776 ) ;
#1999 = EDGE_LOOP ( 'NONE', ( #1056, #994 ) ) ;
#2000 = DIRECTION ( 'NONE',  ( -0.0000000000000000000, 1.000000000000000000, -0.0000000000000000000 ) ) ;
#2001 = EDGE_CURVE ( 'NONE', #1337, #146, #618, .T. ) ;
#2002 = FACE_OUTER_BOUND ( 'NONE', #1664, .T. ) ;
#2003 = EDGE_LOOP ( 'NONE', ( #910, #600, #1982, #352 ) ) ;
#2004 = CARTESIAN_POINT ( 'NONE',  ( 0.0000000000000000000, 12.93413347474523611, 0.0000000000000000000 ) ) ;
#2005 = AXIS2_PLACEMENT_3D ( 'NONE', #619, #835, #2528 ) ;
#2006 = LOCAL_TIME ( 17, 20, 42.00000000000000000, #934 ) ;
#2007 = EDGE_LOOP ( 'NONE', ( #2539, #2103, #30, #1131 ) ) ;
#2008 = ADVANCED_FACE ( 'NONE', ( #720 ), #2759, .F. ) ;
#2009 = DIRECTION ( 'NONE',  ( -0.0000000000000000000, -1.000000000000000000, -0.0000000000000000000 ) ) ;
#2010 = DIRECTION ( 'NONE',  ( 0.0000000000000000000, 1.000000000000000000, 0.0000000000000000000 ) ) ;
#2011 = ORIENTED_EDGE ( 'NONE', *, *, #2327, .F. ) ;
#2012 = FACE_OUTER_BOUND ( 'NONE', #508, .T. ) ;
#2013 = EDGE_CURVE ( 'NONE', #1004, #1947, #2391, .T. ) ;
#2014 = ORIENTED_EDGE ( 'NONE', *, *, #1926, .T. ) ;
#2015 = CARTESIAN_POINT ( 'NONE',  ( 126.3376770098042243, -29.50000000000000355, -47.52539269332219618 ) ) ;
#2016 = DIRECTION ( 'NONE',  ( 0.0000000000000000000, 0.0000000000000000000, -1.000000000000000000 ) ) ;
#2017 = AXIS2_PLACEMENT_3D ( 'NONE', #2449, #1166, #2073 ) ;
#2018 = ADVANCED_FACE ( 'NONE', ( #1533 ), #2580, .F. ) ;
#2019 = LINE ( 'NONE', #2709, #316 ) ;
#2020 = DIRECTION ( 'NONE',  ( 0.0000000000000000000, 0.0000000000000000000, 1.000000000000000000 ) ) ;
#2021 = DIRECTION ( 'NONE',  ( 0.0000000000000000000, 0.0000000000000000000, -1.000000000000000000 ) ) ;
#2022 = FACE_OUTER_BOUND ( 'NONE', #558, .T. ) ;
#2023 = AXIS2_PLACEMENT_3D ( 'NONE', #2429, #2245, #965 ) ;
#2024 = DIRECTION ( 'NONE',  ( 0.2588190451025216832, -0.0000000000000000000, 0.9659258262890680902 ) ) ;
#2025 = CARTESIAN_POINT ( 'NONE',  ( 121.7160989407219347, 3.130000000000000782, -32.61373041703316744 ) ) ;
#2026 = CIRCLE ( 'NONE', #2197, 3.000000000000009770 ) ;
#2027 = EDGE_LOOP ( 'NONE', ( #1288, #561, #2733, #2799 ) ) ;
#2028 = CIRCLE ( 'NONE', #1520, 1.850000000000004530 ) ;
#2029 = CARTESIAN_POINT ( 'NONE',  ( 103.2496936112167845, -7.065866525254767438, -45.58944706771902844 ) ) ;
#2030 = CARTESIAN_POINT ( 'NONE',  ( 0.0000000000000000000, 12.93413347474523611, 0.0000000000000000000 ) ) ;
#2031 = ORIENTED_EDGE ( 'NONE', *, *, #1097, .T. ) ;
#2032 = EDGE_CURVE ( 'NONE', #36, #928, #158, .T. ) ;
#2033 = FACE_OUTER_BOUND ( 'NONE', #1348, .T. ) ;
#2034 = ADVANCED_FACE ( 'NONE', ( #1374, #2189 ), #1127, .F. ) ;
#2035 = ORIENTED_EDGE ( 'NONE', *, *, #1250, .T. ) ;
#2036 = CARTESIAN_POINT ( 'NONE',  ( 121.7160989407219347, 35.50000000000001421, -27.56373041703320936 ) ) ;
#2037 = ORIENTED_EDGE ( 'NONE', *, *, #34, .T. ) ;
#2038 = FACE_OUTER_BOUND ( 'NONE', #133, .T. ) ;
#2039 = DIRECTION ( 'NONE',  ( -0.0000000000000000000, -1.000000000000000000, -0.0000000000000000000 ) ) ;
#2040 = AXIS2_PLACEMENT_3D ( 'NONE', #1483, #1074, #1249 ) ;
#2041 = CARTESIAN_POINT ( 'NONE',  ( 108.6092394974010915, 12.93413347474523611, -4.255129684045098060 ) ) ;
#2042 = DIRECTION ( 'NONE',  ( -0.0000000000000000000, -1.000000000000000000, -0.0000000000000000000 ) ) ;
#2043 = AXIS2_PLACEMENT_3D ( 'NONE', #138, #2698, #548 ) ;
#2044 = ORIENTED_EDGE ( 'NONE', *, *, #317, .T. ) ;
#2045 = DIRECTION ( 'NONE',  ( -0.0000000000000000000, 1.000000000000000000, -0.0000000000000000000 ) ) ;
#2046 = ORIENTED_EDGE ( 'NONE', *, *, #1835, .F. ) ;
#2047 = ADVANCED_FACE ( 'NONE', ( #822 ), #1812, .F. ) ;
#2048 = DIRECTION ( 'NONE',  ( 0.0000000000000000000, 0.0000000000000000000, -1.000000000000000000 ) ) ;
#2049 = EDGE_CURVE ( 'NONE', #2407, #1064, #2254, .T. ) ;
#2050 = EDGE_CURVE ( 'NONE', #2668, #2298, #1243, .T. ) ;
#2051 = DIRECTION ( 'NONE',  ( 0.0000000000000000000, 0.0000000000000000000, -1.000000000000000000 ) ) ;
#2052 = CYLINDRICAL_SURFACE ( 'NONE', #142, 1.249999999999997558 ) ;
#2053 = AXIS2_PLACEMENT_3D ( 'NONE', #187, #2125, #405 ) ;
#2054 = DIRECTION ( 'NONE',  ( -0.0000000000000000000, -1.000000000000000000, -0.0000000000000000000 ) ) ;
#2055 = FACE_BOUND ( 'NONE', #1255, .T. ) ;
#2056 = ORIENTED_EDGE ( 'NONE', *, *, #2442, .T. ) ;
#2057 = VECTOR ( 'NONE', #64, 1000.000000000000000 ) ;
#2058 = CYLINDRICAL_SURFACE ( 'NONE', #715, 1.850000000000004530 ) ;
#2059 = VERTEX_POINT ( 'NONE', #2734 ) ;
#2060 = ORIENTED_EDGE ( 'NONE', *, *, #1202, .T. ) ;
#2061 = FACE_BOUND ( 'NONE', #1786, .T. ) ;
#2062 = DIRECTION ( 'NONE',  ( 0.0000000000000000000, 1.000000000000000000, 0.0000000000000000000 ) ) ;
#2063 = ORIENTED_EDGE ( 'NONE', *, *, #2492, .F. ) ;
#2064 = ORIENTED_EDGE ( 'NONE', *, *, #1887, .F. ) ;
#2065 = DIRECTION ( 'NONE',  ( -0.0000000000000000000, 1.000000000000000000, -0.0000000000000000000 ) ) ;
#2066 = CARTESIAN_POINT ( 'NONE',  ( 108.6092394974010915, 8.934133474745236114, -4.255129684045098060 ) ) ;
#2067 = CARTESIAN_POINT ( 'NONE',  ( 110.8828637891791402, -29.50000000000000355, -45.18428797168179756 ) ) ;
#2068 = LINE ( 'NONE', #1296, #555 ) ;
#2069 = EDGE_LOOP ( 'NONE', ( #1567, #2376, #312, #1512 ) ) ;
#2070 = EDGE_CURVE ( 'NONE', #1929, #23, #1955, .T. ) ;
#2071 = LOCAL_TIME ( 17, 20, 42.00000000000000000, #1228 ) ;
#2072 = ORIENTED_EDGE ( 'NONE', *, *, #1515, .T. ) ;
#2073 = DIRECTION ( 'NONE',  ( 0.0000000000000000000, 0.0000000000000000000, 1.000000000000000000 ) ) ;
#2074 = AXIS2_PLACEMENT_3D ( 'NONE', #2025, #2436, #47 ) ;
#2075 = DIRECTION ( 'NONE',  ( -0.0000000000000000000, -1.000000000000000000, -0.0000000000000000000 ) ) ;
#2076 = ADVANCED_FACE ( 'NONE', ( #89 ), #2721, .F. ) ;
#2077 = CARTESIAN_POINT ( 'NONE',  ( 55.06456199237020144, 10.93413347474524322, -139.5273952046279931 ) ) ;
#2078 = ORIENTED_EDGE ( 'NONE', *, *, #956, .T. ) ;
#2079 = DIRECTION ( 'NONE',  ( 0.0000000000000000000, -1.000000000000000000, 0.0000000000000000000 ) ) ;
#2080 = AXIS2_PLACEMENT_3D ( 'NONE', #441, #320, #2389 ) ;
#2081 = ORIENTED_EDGE ( 'NONE', *, *, #1009, .T. ) ;
#2082 = LINE ( 'NONE', #1372, #816 ) ;
#2083 = DIRECTION ( 'NONE',  ( 0.0000000000000000000, 0.0000000000000000000, 1.000000000000000000 ) ) ;
#2084 = VERTEX_POINT ( 'NONE', #74 ) ;
#2085 = CARTESIAN_POINT ( 'NONE',  ( 117.0945208716396593, -34.50000000000000000, -18.95206814074418489 ) ) ;
#2086 = APPROVAL_STATUS ( 'not_yet_approved' ) ;
#2087 = EDGE_CURVE ( 'NONE', #1033, #2084, #354, .T. ) ;
#2088 = CYLINDRICAL_SURFACE ( 'NONE', #1440, 3.049999999999990052 ) ;
#2089 = EDGE_CURVE ( 'NONE', #33, #644, #388, .T. ) ;
#2090 = CIRCLE ( 'NONE', #1154, 105.0000000000000000 ) ;
#2091 = CARTESIAN_POINT ( 'NONE',  ( 113.1365811341331522, -7.065866525254767438, -10.54108050347665326 ) ) ;
#2092 = DIRECTION ( 'NONE',  ( -0.2588190451025221828, -0.0000000000000000000, -0.9659258262890678681 ) ) ;
#2093 = FACE_OUTER_BOUND ( 'NONE', #1487, .T. ) ;
#2094 = DIRECTION ( 'NONE',  ( 0.0000000000000000000, 0.0000000000000000000, 1.000000000000000000 ) ) ;
#2095 = CARTESIAN_POINT ( 'NONE',  ( 0.0000000000000000000, 0.0000000000000000000, 0.0000000000000000000 ) ) ;
#2096 = ORIENTED_EDGE ( 'NONE', *, *, #1080, .T. ) ;
#2097 = EDGE_LOOP ( 'NONE', ( #868, #2060, #2517, #1105 ) ) ;
#2098 = FACE_OUTER_BOUND ( 'NONE', #27, .T. ) ;
#2099 = DIRECTION ( 'NONE',  ( 0.0000000000000000000, 0.0000000000000000000, 1.000000000000000000 ) ) ;
#2100 = EDGE_LOOP ( 'NONE', ( #2556, #2711 ) ) ;
#2101 = CIRCLE ( 'NONE', #2074, 5.049999999999957190 ) ;
#2102 = DIRECTION ( 'NONE',  ( 0.0000000000000000000, 0.0000000000000000000, -1.000000000000000000 ) ) ;
#2103 = ORIENTED_EDGE ( 'NONE', *, *, #821, .T. ) ;
#2104 = CARTESIAN_POINT ( 'NONE',  ( 117.0945208716396593, -29.50000000000000355, -20.20206814074418489 ) ) ;
#2105 = DIRECTION ( 'NONE',  ( -0.0000000000000000000, -1.000000000000000000, -0.0000000000000000000 ) ) ;
#2106 = ORIENTED_EDGE ( 'NONE', *, *, #610, .T. ) ;
#2107 = CARTESIAN_POINT ( 'NONE',  ( 101.6077918890813265, 8.778077958665096298E-15, -48.29188987216318907 ) ) ;
#2108 = CIRCLE ( 'NONE', #1972, 1.850000000000004530 ) ;
#2109 = ORIENTED_EDGE ( 'NONE', *, *, #2001, .T. ) ;
#2110 = PLANE ( 'NONE',  #2329 ) ;
#2111 = PERSON_AND_ORGANIZATION_ROLE ( 'design_owner' ) ;
#2112 = EDGE_CURVE ( 'NONE', #2138, #1054, #1677, .T. ) ;
#2113 = VECTOR ( 'NONE', #2296, 1000.000000000000000 ) ;
#2114 = DIRECTION ( 'NONE',  ( -0.0000000000000000000, 1.000000000000000000, -0.0000000000000000000 ) ) ;
#2115 = AXIS2_PLACEMENT_3D ( 'NONE', #1478, #1951, #2344 ) ;
#2116 = DIRECTION ( 'NONE',  ( 0.0000000000000000000, -1.000000000000000000, 0.0000000000000000000 ) ) ;
#2117 = ORIENTED_EDGE ( 'NONE', *, *, #2265, .F. ) ;
#2118 = CARTESIAN_POINT ( 'NONE',  ( 55.06456199237020144, 2.000000000000066613, -139.5273952046279931 ) ) ;
#2119 = SECURITY_CLASSIFICATION_LEVEL ( 'unclassified' ) ;
#2120 = EDGE_LOOP ( 'NONE', ( #169, #2508 ) ) ;
#2121 = DIRECTION ( 'NONE',  ( 0.0000000000000000000, 0.0000000000000000000, -1.000000000000000000 ) ) ;
#2122 = DIRECTION ( 'NONE',  ( -0.0000000000000000000, 1.000000000000000000, -0.0000000000000000000 ) ) ;
#2123 = CC_DESIGN_PERSON_AND_ORGANIZATION_ASSIGNMENT ( #1660, #2111, ( #1665 ) ) ;
#2124 = DIRECTION ( 'NONE',  ( 0.0000000000000000000, 1.000000000000000000, -0.0000000000000000000 ) ) ;
#2125 = DIRECTION ( 'NONE',  ( 0.0000000000000000000, 1.000000000000000000, 0.0000000000000000000 ) ) ;
#2126 = EDGE_CURVE ( 'NONE', #1265, #2285, #2512, .T. ) ;
#2127 = EDGE_CURVE ( 'NONE', #256, #1933, #2362, .T. ) ;
#2128 = ORIENTED_EDGE ( 'NONE', *, *, #2392, .T. ) ;
#2129 = FACE_OUTER_BOUND ( 'NONE', #864, .T. ) ;
#2130 = CIRCLE ( 'NONE', #252, 1.850000000000004530 ) ;
#2131 = ORIENTED_EDGE ( 'NONE', *, *, #993, .T. ) ;
#2132 = ORIENTED_EDGE ( 'NONE', *, *, #901, .F. ) ;
#2133 = DIRECTION ( 'NONE',  ( -0.0000000000000000000, 1.000000000000000000, -0.0000000000000000000 ) ) ;
#2134 = DIRECTION ( 'NONE',  ( 0.0000000000000000000, 0.0000000000000000000, 1.000000000000000000 ) ) ;
#2135 = DIRECTION ( 'NONE',  ( -0.0000000000000000000, 1.000000000000000000, -0.0000000000000000000 ) ) ;
#2136 = LINE ( 'NONE', #2643, #25 ) ;
#2137 = ORIENTED_EDGE ( 'NONE', *, *, #579, .T. ) ;
#2138 = VERTEX_POINT ( 'NONE', #938 ) ;
#2139 = CYLINDRICAL_SURFACE ( 'NONE', #1746, 1.250000000000039302 ) ;
#2140 = VERTEX_POINT ( 'NONE', #2626 ) ;
#2141 = ORIENTED_EDGE ( 'NONE', *, *, #2609, .T. ) ;
#2142 = CARTESIAN_POINT ( 'NONE',  ( 88.87118236610973554, 6.434133474745237002, 55.91880671875669861 ) ) ;
#2143 = CARTESIAN_POINT ( 'NONE',  ( 103.2496936112167845, 8.934133474745236114, -49.28944706771903839 ) ) ;
#2144 = APPROVAL_PERSON_ORGANIZATION ( #2706, #2483, #1242 ) ;
#2145 = EDGE_CURVE ( 'NONE', #2228, #2431, #1749, .T. ) ;
#2146 = ORIENTED_EDGE ( 'NONE', *, *, #2178, .T. ) ;
#2147 = CARTESIAN_POINT ( 'NONE',  ( 132.5493340922647292, -5.065866525254772768, -26.14317286238452809 ) ) ;
#2148 = CARTESIAN_POINT ( 'NONE',  ( 121.7160989407219347, 3.129999999999999893, -32.61373041703316744 ) ) ;
#2149 = DIRECTION ( 'NONE',  ( -0.0000000000000000000, -1.000000000000000000, -0.0000000000000000000 ) ) ;
#2150 = CARTESIAN_POINT ( 'NONE',  ( 126.3376770098042243, -5.065866525254772768, -49.32539269332211518 ) ) ;
#2151 = ORIENTED_EDGE ( 'NONE', *, *, #1290, .F. ) ;
#2152 = EDGE_CURVE ( 'NONE', #528, #302, #2090, .T. ) ;
#2153 = EDGE_LOOP ( 'NONE', ( #1355, #2317, #546, #2496 ) ) ;
#2154 = CARTESIAN_POINT ( 'NONE',  ( 89.34319410311391607, 11.60058400427237579, 56.42005247285660374 ) ) ;
#2155 = CIRCLE ( 'NONE', #321, 1.250000000000001110 ) ;
#2156 = CARTESIAN_POINT ( 'NONE',  ( 126.3376770098042243, 0.0000000000000000000, -46.27539269332215355 ) ) ;
#2157 = AXIS2_PLACEMENT_3D ( 'NONE', #2095, #1024, #586 ) ;
#2158 = VERTEX_POINT ( 'NONE', #1155 ) ;
#2159 = ORIENTED_EDGE ( 'NONE', *, *, #390, .T. ) ;
#2160 = DIRECTION ( 'NONE',  ( 0.0000000000000000000, 0.0000000000000000000, 1.000000000000000000 ) ) ;
#2161 = CARTESIAN_POINT ( 'NONE',  ( 0.0000000000000000000, 0.0000000000000000000, 0.0000000000000000000 ) ) ;
#2162 = VECTOR ( 'NONE', #1840, 1000.000000000000000 ) ;
#2163 = DIRECTION ( 'NONE',  ( -0.0000000000000000000, 1.000000000000000000, -0.0000000000000000000 ) ) ;
#2164 = EDGE_CURVE ( 'NONE', #2616, #2537, #1886, .T. ) ;
#2165 = VECTOR ( 'NONE', #279, 1000.000000000000000 ) ;
#2166 = AXIS2_PLACEMENT_3D ( 'NONE', #1305, #227, #447 ) ;
#2167 = VECTOR ( 'NONE', #915, 1000.000000000000000 ) ;
#2168 = DIRECTION ( 'NONE',  ( -0.0000000000000000000, 1.000000000000000000, -0.0000000000000000000 ) ) ;
#2169 = EDGE_LOOP ( 'NONE', ( #921, #2661, #332, #1804 ) ) ;
#2170 = LINE ( 'NONE', #2605, #2342 ) ;
#2171 = AXIS2_PLACEMENT_3D ( 'NONE', #408, #1927, #2121 ) ;
#2172 = ORIENTED_EDGE ( 'NONE', *, *, #603, .F. ) ;
#2173 = CARTESIAN_POINT ( 'NONE',  ( 121.7160989407219347, 3.130000000000000782, -37.66373041703312197 ) ) ;
#2174 = ORIENTED_EDGE ( 'NONE', *, *, #2127, .T. ) ;
#2175 = PERSON_AND_ORGANIZATION ( #2746, #1621 ) ;
#2176 = ORIENTED_EDGE ( 'NONE', *, *, #1668, .T. ) ;
#2177 = DIRECTION ( 'NONE',  ( 0.0000000000000000000, 0.0000000000000000000, -1.000000000000000000 ) ) ;
#2178 = EDGE_CURVE ( 'NONE', #708, #852, #2330, .T. ) ;
#2179 = B_SPLINE_CURVE_WITH_KNOTS ( 'NONE', 3,
 ( #2231, #537, #2628, #2268 ),
 .UNSPECIFIED., .F., .F.,
 ( 4, 4 ),
 ( 2.875612892250084586E-07, 0.001437858545390513108 ),
 .UNSPECIFIED. ) ;
#2180 = DIRECTION ( 'NONE',  ( 0.0000000000000000000, 0.0000000000000000000, -1.000000000000000000 ) ) ;
#2181 = ORIENTED_EDGE ( 'NONE', *, *, #1503, .T. ) ;
#2182 = EDGE_CURVE ( 'NONE', #1595, #476, #1174, .T. ) ;
#2183 = ORIENTED_EDGE ( 'NONE', *, *, #1568, .F. ) ;
#2184 = DIRECTION ( 'NONE',  ( 0.0000000000000000000, 1.000000000000000000, 0.0000000000000000000 ) ) ;
#2185 = AXIS2_PLACEMENT_3D ( 'NONE', #1057, #157, #1904 ) ;
#2186 = CARTESIAN_POINT ( 'NONE',  ( 110.8828637891791402, 0.0000000000000000000, -47.88428797168181461 ) ) ;
#2187 = DIRECTION ( 'NONE',  ( -0.0000000000000000000, 1.000000000000000000, -0.0000000000000000000 ) ) ;
#2188 = DIRECTION ( 'NONE',  ( -0.9659258262890676461, -0.0000000000000000000, 0.2588190451025227934 ) ) ;
#2189 = FACE_OUTER_BOUND ( 'NONE', #1396, .T. ) ;
#2190 = DIRECTION ( 'NONE',  ( -0.0000000000000000000, 1.000000000000000000, 0.0000000000000000000 ) ) ;
#2191 = DIRECTION ( 'NONE',  ( -0.0000000000000000000, 1.000000000000000000, -0.0000000000000000000 ) ) ;
#2192 = ORIENTED_EDGE ( 'NONE', *, *, #956, .F. ) ;
#2193 = CARTESIAN_POINT ( 'NONE',  ( 117.0945208716396593, 8.934133474745236114, -15.90206814074419661 ) ) ;
#2194 = EDGE_CURVE ( 'NONE', #446, #1456, #1505, .T. ) ;
#2195 = CIRCLE ( 'NONE', #1916, 12.49999999999999645 ) ;
#2196 = FACE_OUTER_BOUND ( 'NONE', #28, .T. ) ;
#2197 = AXIS2_PLACEMENT_3D ( 'NONE', #1726, #2368, #873 ) ;
#2198 = ORIENTED_EDGE ( 'NONE', *, *, #396, .T. ) ;
#2199 = VERTEX_POINT ( 'NONE', #886 ) ;
#2200 = CARTESIAN_POINT ( 'NONE',  ( 113.1365811341331522, 0.0000000000000000000, -12.39108050347665824 ) ) ;
#2201 = ADVANCED_FACE ( 'NONE', ( #2450 ), #1046, .T. ) ;
#2202 = VERTEX_POINT ( 'NONE', #2531 ) ;
#2203 = ORIENTED_EDGE ( 'NONE', *, *, #167, .T. ) ;
#2204 = CC_DESIGN_DATE_AND_TIME_ASSIGNMENT ( #2781, #2338, ( #867 ) ) ;
#2205 = DIRECTION ( 'NONE',  ( -0.2595768345858112669, -0.7071067811865524577, 0.6577384487365804944 ) ) ;
#2206 = ORIENTED_EDGE ( 'NONE', *, *, #2790, .T. ) ;
#2207 = VERTEX_POINT ( 'NONE', #2640 ) ;
#2208 = ORIENTED_EDGE ( 'NONE', *, *, #2597, .F. ) ;
#2209 = EDGE_CURVE ( 'NONE', #1283, #2634, #1209, .T. ) ;
#2210 = CARTESIAN_POINT ( 'NONE',  ( 140.1825042702270139, 0.0000000000000000000, -17.78801376634729081 ) ) ;
#2211 = CIRCLE ( 'NONE', #2382, 1.850000000000004530 ) ;
#2212 = AXIS2_PLACEMENT_3D ( 'NONE', #573, #981, #107 ) ;
#2213 = ADVANCED_FACE ( 'NONE', ( #614 ), #536, .F. ) ;
#2214 = PLANE ( 'NONE',  #2741 ) ;
#2215 = ORIENTED_EDGE ( 'NONE', *, *, #1810, .T. ) ;
#2216 = PLANE ( 'NONE',  #119 ) ;
#2217 = AXIS2_PLACEMENT_3D ( 'NONE', #461, #1986, #2513 ) ;
#2218 = VECTOR ( 'NONE', #2092, 1000.000000000000227 ) ;
#2219 = DIRECTION ( 'NONE',  ( 0.0000000000000000000, -1.000000000000000000, 0.0000000000000000000 ) ) ;
#2220 = DIRECTION ( 'NONE',  ( 0.0000000000000000000, 0.0000000000000000000, -1.000000000000000000 ) ) ;
#2221 = DIRECTION ( 'NONE',  ( 0.0000000000000000000, 0.0000000000000000000, 1.000000000000000000 ) ) ;
#2222 = FACE_BOUND ( 'NONE', #1880, .T. ) ;
#2223 = LINE ( 'NONE', #2150, #2614 ) ;
#2224 = EDGE_CURVE ( 'NONE', #1819, #1004, #464, .T. ) ;
#2225 = ORIENTED_EDGE ( 'NONE', *, *, #1645, .T. ) ;
#2226 = ADVANCED_FACE ( 'NONE', ( #2022 ), #580, .T. ) ;
#2227 = CIRCLE ( 'NONE', #1473, 3.000000000000009770 ) ;
#2228 = VERTEX_POINT ( 'NONE', #1719 ) ;
#2229 = AXIS2_PLACEMENT_3D ( 'NONE', #67, #1392, #1170 ) ;
#2230 = CIRCLE ( 'NONE', #306, 1.850000000000004530 ) ;
#2231 = CARTESIAN_POINT ( 'NONE',  ( 88.87118236610973554, 7.500000000000047962, 55.91880671875669861 ) ) ;
#2232 = LOCAL_TIME ( 17, 20, 42.00000000000000000, #2374 ) ;
#2233 = ORIENTED_EDGE ( 'NONE', *, *, #1776, .T. ) ;
#2234 = ORIENTED_EDGE ( 'NONE', *, *, #1176, .F. ) ;
#2235 = DIRECTION ( 'NONE',  ( 0.0000000000000000000, 1.000000000000000000, 0.0000000000000000000 ) ) ;
#2236 = CARTESIAN_POINT ( 'NONE',  ( 108.6092394974010915, 8.934133474745236114, -4.255129684045098060 ) ) ;
#2237 = AXIS2_PLACEMENT_3D ( 'NONE', #1551, #1974, #1316 ) ;
#2238 = SHAPE_DEFINITION_REPRESENTATION ( #1403, #2665 ) ;
#2239 = ORIENTED_EDGE ( 'NONE', *, *, #2152, .F. ) ;
#2240 = FACE_OUTER_BOUND ( 'NONE', #2346, .T. ) ;
#2241 = CARTESIAN_POINT ( 'NONE',  ( 115.3179025799882851, -15.06586652525476389, 54.33029858700159309 ) ) ;
#2242 = DIRECTION ( 'NONE',  ( 0.0000000000000000000, 0.0000000000000000000, -1.000000000000000000 ) ) ;
#2243 = ORIENTED_EDGE ( 'NONE', *, *, #2790, .F. ) ;
#2244 = DIRECTION ( 'NONE',  ( 0.0000000000000000000, -0.0000000000000000000, 1.000000000000000000 ) ) ;
#2245 = DIRECTION ( 'NONE',  ( 0.0000000000000000000, 1.000000000000000000, 0.0000000000000000000 ) ) ;
#2246 = ORIENTED_EDGE ( 'NONE', *, *, #1728, .T. ) ;
#2247 = EDGE_CURVE ( 'NONE', #2158, #928, #887, .T. ) ;
#2248 = ORIENTED_EDGE ( 'NONE', *, *, #2750, .T. ) ;
#2249 = CARTESIAN_POINT ( 'NONE',  ( 140.1825042702270139, -7.065866525254767438, -15.93801376634728584 ) ) ;
#2250 = DIRECTION ( 'NONE',  ( -0.0000000000000000000, 1.000000000000000000, -0.0000000000000000000 ) ) ;
#2251 = AXIS2_PLACEMENT_3D ( 'NONE', #1214, #2062, #996 ) ;
#2252 = CARTESIAN_POINT ( 'NONE',  ( 121.7160989407219347, -7.000000000000000000, -35.66373041703315749 ) ) ;
#2253 = DIRECTION ( 'NONE',  ( 0.0000000000000000000, 1.000000000000000000, 0.0000000000000000000 ) ) ;
#2254 = LINE ( 'NONE', #113, #2641 ) ;
#2255 = ADVANCED_FACE ( 'NONE', ( #1607 ), #647, .T. ) ;
#2256 = CARTESIAN_POINT ( 'NONE',  ( 126.3376770098042243, -29.50000000000000355, -46.27539269332215355 ) ) ;
#2257 = CIRCLE ( 'NONE', #892, 1.850000000000004530 ) ;
#2258 = DIRECTION ( 'NONE',  ( 0.0000000000000000000, 0.0000000000000000000, -1.000000000000000000 ) ) ;
#2259 = VERTEX_POINT ( 'NONE', #1752 ) ;
#2260 = VECTOR ( 'NONE', #636, 1000.000000000000000 ) ;
#2261 = DIRECTION ( 'NONE',  ( 0.9586376276061446822, 0.0000000000000000000, 0.2846294063122479234 ) ) ;
#2262 = DIRECTION ( 'NONE',  ( -0.0000000000000000000, -1.000000000000000000, -0.0000000000000000000 ) ) ;
#2263 = EDGE_LOOP ( 'NONE', ( #747, #1960, #2303, #1910 ) ) ;
#2264 = ORIENTED_EDGE ( 'NONE', *, *, #1067, .F. ) ;
#2265 = EDGE_CURVE ( 'NONE', #263, #778, #648, .T. ) ;
#2266 = CONICAL_SURFACE ( 'NONE', #2310, 150.0000000000000568, 0.7853981633974482790 ) ;
#2267 = VERTEX_POINT ( 'NONE', #1278 ) ;
#2268 = CARTESIAN_POINT ( 'NONE',  ( 89.57920493900704173, 6.500000000000000000, 56.67068062495261671 ) ) ;
#2269 = DIRECTION ( 'NONE',  ( 0.9586376276061446822, 0.0000000000000000000, 0.2846294063122479234 ) ) ;
#2270 = ORIENTED_EDGE ( 'NONE', *, *, #973, .F. ) ;
#2271 = CIRCLE ( 'NONE', #48, 5.749999999999970690 ) ;
#2272 = AXIS2_PLACEMENT_3D ( 'NONE', #416, #1241, #1897 ) ;
#2273 = ORIENTED_EDGE ( 'NONE', *, *, #1996, .F. ) ;
#2274 = EDGE_LOOP ( 'NONE', ( #413, #1032, #1, #693 ) ) ;
#2275 = ADVANCED_FACE ( 'NONE', ( #1443 ), #2088, .F. ) ;
#2276 = CYLINDRICAL_SURFACE ( 'NONE', #2678, 5.749999999999970690 ) ;
#2277 = DIRECTION ( 'NONE',  ( 0.0000000000000000000, 1.000000000000000000, 0.0000000000000000000 ) ) ;
#2278 = EDGE_LOOP ( 'NONE', ( #360, #1120, #838, #1225 ) ) ;
#2279 = ORIENTED_EDGE ( 'NONE', *, *, #993, .F. ) ;
#2280 = VERTEX_POINT ( 'NONE', #817 ) ;
#2281 = CARTESIAN_POINT ( 'NONE',  ( 121.7160989407219347, 3.130000000000000782, -32.61373041703316744 ) ) ;
#2282 = VERTEX_POINT ( 'NONE', #358 ) ;
#2283 = CARTESIAN_POINT ( 'NONE',  ( 134.8229583840427210, 8.934133474745236114, -60.97233115002124748 ) ) ;
#2284 = EDGE_CURVE ( 'NONE', #2140, #1321, #2019, .T. ) ;
#2285 = VERTEX_POINT ( 'NONE', #789 ) ;
#2286 = ADVANCED_FACE ( 'NONE', ( #49 ), #2328, .F. ) ;
#2287 = EDGE_CURVE ( 'NONE', #644, #235, #1780, .T. ) ;
#2288 = EDGE_LOOP ( 'NONE', ( #2014, #507 ) ) ;
#2289 = CARTESIAN_POINT ( 'NONE',  ( 132.5493340922647292, -34.50000000000000000, -26.09317286238450251 ) ) ;
#2290 = DIRECTION ( 'NONE',  ( 0.0000000000000000000, 0.0000000000000000000, -1.000000000000000000 ) ) ;
#2291 = CARTESIAN_POINT ( 'NONE',  ( 121.7160989407219347, -7.000000000000000000, -32.61373041703316744 ) ) ;
#2292 = CARTESIAN_POINT ( 'NONE',  ( 117.0945208716396593, -33.50000000000000000, -20.20206814074418489 ) ) ;
#2293 = FACE_OUTER_BOUND ( 'NONE', #2729, .T. ) ;
#2294 = AXIS2_PLACEMENT_3D ( 'NONE', #2462, #2673, #935 ) ;
#2295 = CARTESIAN_POINT ( 'NONE',  ( 110.8828637891791402, -29.50000000000000355, -42.13428797168180751 ) ) ;
#2296 = DIRECTION ( 'NONE',  ( -0.0000000000000000000, 1.000000000000000000, -0.0000000000000000000 ) ) ;
#2297 = AXIS2_PLACEMENT_3D ( 'NONE', #2030, #314, #802 ) ;
#2298 = VERTEX_POINT ( 'NONE', #2104 ) ;
#2299 = CIRCLE ( 'NONE', #1085, 5.750000000000001776 ) ;
#2300 = CARTESIAN_POINT ( 'NONE',  ( 117.0945208716396593, -34.50000000000000000, -13.20206814074418489 ) ) ;
#2301 = ORIENTED_EDGE ( 'NONE', *, *, #1796, .F. ) ;
#2302 = CIRCLE ( 'NONE', #1011, 3.049999999999962519 ) ;
#2303 = ORIENTED_EDGE ( 'NONE', *, *, #390, .F. ) ;
#2304 = PERSON_AND_ORGANIZATION_ROLE ( 'design_supplier' ) ;
#2305 = CONICAL_SURFACE ( 'NONE', #75, 112.4999999999999858, 0.7853981633974445042 ) ;
#2306 = ORIENTED_EDGE ( 'NONE', *, *, #1484, .T. ) ;
#2307 = EDGE_CURVE ( 'NONE', #330, #2280, #948, .T. ) ;
#2308 = EDGE_LOOP ( 'NONE', ( #1544, #1363 ) ) ;
#2309 = VECTOR ( 'NONE', #1616, 1000.000000000000000 ) ;
#2310 = AXIS2_PLACEMENT_3D ( 'NONE', #2693, #1850, #1843 ) ;
#2311 = DIRECTION ( 'NONE',  ( -0.0000000000000000000, -1.000000000000000000, -0.0000000000000000000 ) ) ;
#2312 = CIRCLE ( 'NONE', #1736, 3.049999999999990052 ) ;
#2313 = DIRECTION ( 'NONE',  ( 0.0000000000000000000, -1.000000000000000000, 0.0000000000000000000 ) ) ;
#2314 = DIRECTION ( 'NONE',  ( 0.9586376276061446822, -0.0000000000000000000, 0.2846294063122479234 ) ) ;
#2315 = DESIGN_CONTEXT ( 'detailed design', #1675, 'design' ) ;
#2316 = AXIS2_PLACEMENT_3D ( 'NONE', #945, #78, #1373 ) ;
#2317 = ORIENTED_EDGE ( 'NONE', *, *, #1025, .F. ) ;
#2318 = ADVANCED_FACE ( 'NONE', ( #2578 ), #223, .F. ) ;
#2319 = CIRCLE ( 'NONE', #1949, 1.850000000000004530 ) ;
#2320 = DIRECTION ( 'NONE',  ( -0.0000000000000000000, -1.000000000000000000, -0.0000000000000000000 ) ) ;
#2321 = DIRECTION ( 'NONE',  ( 0.0000000000000000000, 0.0000000000000000000, 1.000000000000000000 ) ) ;
#2322 = DIRECTION ( 'NONE',  ( 0.0000000000000000000, 0.0000000000000000000, 1.000000000000000000 ) ) ;
#2323 = CARTESIAN_POINT ( 'NONE',  ( 104.9035244758707250, 12.27704011908123505, -18.08504642276764685 ) ) ;
#2324 = EDGE_LOOP ( 'NONE', ( #2351, #411, #280, #2183 ) ) ;
#2325 = DIRECTION ( 'NONE',  ( -0.0000000000000000000, 1.000000000000000000, -0.0000000000000000000 ) ) ;
#2326 = APPROVAL_ROLE ( '' ) ;
#2327 = EDGE_CURVE ( 'NONE', #2418, #1765, #2448, .T. ) ;
#2328 = CYLINDRICAL_SURFACE ( 'NONE', #2795, 2.999999999999964473 ) ;
#2329 = AXIS2_PLACEMENT_3D ( 'NONE', #179, #1051, #2369 ) ;
#2330 = LINE ( 'NONE', #57, #1108 ) ;
#2331 = CARTESIAN_POINT ( 'NONE',  ( 74.41719144519167628, 6.934133474745236114, -95.18446429094842642 ) ) ;
#2332 = VECTOR ( 'NONE', #2042, 1000.000000000000000 ) ;
#2333 = FACE_BOUND ( 'NONE', #1670, .T. ) ;
#2334 = AXIS2_PLACEMENT_3D ( 'NONE', #638, #1488, #191 ) ;
#2335 = ADVANCED_FACE ( 'NONE', ( #681 ), #1274, .F. ) ;
#2336 = VECTOR ( 'NONE', #1471, 1000.000000000000114 ) ;
#2337 = DIRECTION ( 'NONE',  ( -0.0000000000000000000, -1.000000000000000000, -0.0000000000000000000 ) ) ;
#2338 = DATE_TIME_ROLE ( 'classification_date' ) ;
#2339 = CIRCLE ( 'NONE', #2566, 5.049999999999957190 ) ;
#2340 = ORIENTED_EDGE ( 'NONE', *, *, #1705, .F. ) ;
#2341 = CIRCLE ( 'NONE', #2053, 3.049999999999990052 ) ;
#2342 = VECTOR ( 'NONE', #2163, 1000.000000000000000 ) ;
#2343 = CARTESIAN_POINT ( 'NONE',  ( 132.5493340922647292, -29.50000000000000355, -26.14317286238452809 ) ) ;
#2344 = DIRECTION ( 'NONE',  ( 0.0000000000000000000, 0.0000000000000000000, 1.000000000000000000 ) ) ;
#2345 = EDGE_LOOP ( 'NONE', ( #1636, #54, #1491, #2072 ) ) ;
#2346 = EDGE_LOOP ( 'NONE', ( #2132, #2707, #2306, #1333 ) ) ;
#2347 = LINE ( 'NONE', #202, #333 ) ;
#2348 = DIRECTION ( 'NONE',  ( -0.0000000000000000000, 1.000000000000000000, -0.0000000000000000000 ) ) ;
#2349 = EDGE_CURVE ( 'NONE', #69, #406, #854, .T. ) ;
#2350 = AXIS2_PLACEMENT_3D ( 'NONE', #2142, #859, #2355 ) ;
#2351 = ORIENTED_EDGE ( 'NONE', *, *, #267, .F. ) ;
#2352 = ORIENTED_EDGE ( 'NONE', *, *, #1322, .F. ) ;
#2353 = FACE_OUTER_BOUND ( 'NONE', #1389, .T. ) ;
#2354 = DIRECTION ( 'NONE',  ( -0.6855580112566723727, -0.0000000000000000000, -0.7280180033500519565 ) ) ;
#2355 = DIRECTION ( 'NONE',  ( -0.6855580112566723727, 0.0000000000000000000, -0.7280180033500519565 ) ) ;
#2356 = CARTESIAN_POINT ( 'NONE',  ( 101.4573197042634689, 0.7031711277261003534, -46.95705061105834943 ) ) ;
#2357 = DIRECTION ( 'NONE',  ( 0.0000000000000000000, -0.0000000000000000000, 1.000000000000000000 ) ) ;
#2358 = DIRECTION ( 'NONE',  ( 0.0000000000000000000, 0.0000000000000000000, 1.000000000000000000 ) ) ;
#2359 = LINE ( 'NONE', #1740, #1847 ) ;
#2360 = EDGE_CURVE ( 'NONE', #1460, #2365, #578, .T. ) ;
#2361 = CARTESIAN_POINT ( 'NONE',  ( 103.2496936112167845, -7.065866525254767438, -47.43944706771903697 ) ) ;
#2362 = CIRCLE ( 'NONE', #2367, 5.749999999999970690 ) ;
#2363 = AXIS2_PLACEMENT_3D ( 'NONE', #92, #1398, #1406 ) ;
#2364 = DIRECTION ( 'NONE',  ( 0.0000000000000000000, 1.000000000000000000, 0.0000000000000000000 ) ) ;
#2365 = VERTEX_POINT ( 'NONE', #1267 ) ;
#2366 = VECTOR ( 'NONE', #2325, 1000.000000000000000 ) ;
#2367 = AXIS2_PLACEMENT_3D ( 'NONE', #1134, #698, #1340 ) ;
#2368 = DIRECTION ( 'NONE',  ( 0.0000000000000000000, -1.000000000000000000, 0.0000000000000000000 ) ) ;
#2369 = DIRECTION ( 'NONE',  ( 0.0000000000000000000, -0.0000000000000000000, 1.000000000000000000 ) ) ;
#2370 = CIRCLE ( 'NONE', #2533, 1.250000000000042633 ) ;
#2371 = CARTESIAN_POINT ( 'NONE',  ( 110.8828637891791402, -34.50000000000000000, -47.88428797168181461 ) ) ;
#2372 = ORIENTED_EDGE ( 'NONE', *, *, #1835, .T. ) ;
#2373 = CIRCLE ( 'NONE', #2674, 150.0000000000000568 ) ;
#2374 = COORDINATED_UNIVERSAL_TIME_OFFSET ( 0, 0, .AHEAD. ) ;
#2375 = ORIENTED_EDGE ( 'NONE', *, *, #128, .T. ) ;
#2376 = ORIENTED_EDGE ( 'NONE', *, *, #1084, .T. ) ;
#2377 = CARTESIAN_POINT ( 'NONE',  ( 102.0147646201949385, 0.5712408077658283068, -46.05486003915783755 ) ) ;
#2378 = CYLINDRICAL_SURFACE ( 'NONE', #1384, 3.049999999999990052 ) ;
#2379 = EDGE_CURVE ( 'NONE', #980, #574, #1718, .T. ) ;
#2380 = ORIENTED_EDGE ( 'NONE', *, *, #31, .F. ) ;
#2381 = B_SPLINE_CURVE_WITH_KNOTS ( 'NONE', 3,
 ( #2426, #906, #1344, #1123, #1983, #913, #1338, #249, #2779, #642, #846, #184, #2762, #1691, #399, #857 ),
 .UNSPECIFIED., .F., .F.,
 ( 4, 2, 2, 2, 2, 2, 2, 4 ),
 ( 3.172184236020571235E-07, 0.0004639578291504958514, 0.0009275984398773895771, 0.001391239050604283411, 0.001854879661331177137, 0.002318520272058071079, 0.002782160882784965022, 0.003709442104238738595 ),
 .UNSPECIFIED. ) ;
#2382 = AXIS2_PLACEMENT_3D ( 'NONE', #1364, #2277, #2020 ) ;
#2383 = ORIENTED_EDGE ( 'NONE', *, *, #2070, .T. ) ;
#2384 = CYLINDRICAL_SURFACE ( 'NONE', #183, 2.999999999999968026 ) ;
#2385 = DIRECTION ( 'NONE',  ( 0.0000000000000000000, -1.000000000000000000, 0.0000000000000000000 ) ) ;
#2386 = CARTESIAN_POINT ( 'NONE',  ( 117.0945208716396593, -49.49999999999998579, -18.95206814074418489 ) ) ;
#2387 = ORIENTED_EDGE ( 'NONE', *, *, #1328, .F. ) ;
#2388 = PLANE ( 'NONE',  #581 ) ;
#2389 = DIRECTION ( 'NONE',  ( 0.0000000000000000000, 0.0000000000000000000, 1.000000000000000000 ) ) ;
#2390 = DIRECTION ( 'NONE',  ( 0.0000000000000000000, -1.000000000000000000, 0.0000000000000000000 ) ) ;
#2391 = LINE ( 'NONE', #2791, #2682 ) ;
#2392 = EDGE_CURVE ( 'NONE', #1062, #2202, #1809, .T. ) ;
#2393 = CYLINDRICAL_SURFACE ( 'NONE', #1132, 12.49999999999999645 ) ;
#2394 = AXIS2_PLACEMENT_3D ( 'NONE', #2256, #1831, #775 ) ;
#2395 = ORIENTED_EDGE ( 'NONE', *, *, #2475, .T. ) ;
#2396 = LINE ( 'NONE', #1037, #2489 ) ;
#2397 = DIRECTION ( 'NONE',  ( 0.0000000000000000000, 0.0000000000000000000, 1.000000000000000000 ) ) ;
#2398 = ORIENTED_EDGE ( 'NONE', *, *, #457, .T. ) ;
#2399 = CIRCLE ( 'NONE', #2444, 1.250000000000039302 ) ;
#2400 = CC_DESIGN_APPROVAL ( #949, ( #867 ) ) ;
#2401 = VERTEX_POINT ( 'NONE', #2292 ) ;
#2402 = CARTESIAN_POINT ( 'NONE',  ( 126.3376770098042243, 0.0000000000000000000, -40.52539269332218197 ) ) ;
#2403 = ORIENTED_EDGE ( 'NONE', *, *, #905, .F. ) ;
#2404 = VECTOR ( 'NONE', #2348, 1000.000000000000000 ) ;
#2405 = ORIENTED_EDGE ( 'NONE', *, *, #1303, .T. ) ;
#2406 = ORIENTED_EDGE ( 'NONE', *, *, #2178, .F. ) ;
#2407 = VERTEX_POINT ( 'NONE', #2067 ) ;
#2408 = CARTESIAN_POINT ( 'NONE',  ( 121.7160989407219347, -7.000000000000000000, -27.56373041703317739 ) ) ;
#2409 = EDGE_CURVE ( 'NONE', #56, #1576, #284, .T. ) ;
#2410 = CARTESIAN_POINT ( 'NONE',  ( 110.8828637891791402, -49.49999999999998579, -40.88428797168180751 ) ) ;
#2411 = CARTESIAN_POINT ( 'NONE',  ( 110.8828637891791402, -29.50000000000000355, -39.08428797168181745 ) ) ;
#2412 = DIRECTION ( 'NONE',  ( 0.0000000000000000000, 0.0000000000000000000, 1.000000000000000000 ) ) ;
#2413 = ORIENTED_EDGE ( 'NONE', *, *, #1322, .T. ) ;
#2414 = AXIS2_PLACEMENT_3D ( 'NONE', #243, #2577, #1315 ) ;
#2415 = ADVANCED_FACE ( 'NONE', ( #750 ), #2052, .F. ) ;
#2416 = ORIENTED_EDGE ( 'NONE', *, *, #1222, .T. ) ;
#2417 = DIRECTION ( 'NONE',  ( 0.0000000000000000000, 1.000000000000000000, 0.0000000000000000000 ) ) ;
#2418 = VERTEX_POINT ( 'NONE', #392 ) ;
#2419 = AXIS2_PLACEMENT_3D ( 'NONE', #1898, #1676, #1684 ) ;
#2420 = DIRECTION ( 'NONE',  ( 0.0000000000000000000, 0.0000000000000000000, 1.000000000000000000 ) ) ;
#2421 = FACE_OUTER_BOUND ( 'NONE', #1003, .T. ) ;
#2422 = ORIENTED_EDGE ( 'NONE', *, *, #207, .T. ) ;
#2423 = CARTESIAN_POINT ( 'NONE',  ( 121.7160989407219347, 8.934133474745236114, -37.66373041703312197 ) ) ;
#2424 = EDGE_CURVE ( 'NONE', #686, #1091, #1240, .T. ) ;
#2425 = DIRECTION ( 'NONE',  ( 0.0000000000000000000, 0.0000000000000000000, -1.000000000000000000 ) ) ;
#2426 = CARTESIAN_POINT ( 'NONE',  ( 112.1408739344684307, 0.0000000000000000000, -8.981892518487059718 ) ) ;
#2427 = ORIENTED_EDGE ( 'NONE', *, *, #1926, .F. ) ;
#2428 = CIRCLE ( 'NONE', #1673, 1.250000000000042633 ) ;
#2429 = CARTESIAN_POINT ( 'NONE',  ( 103.2496936112167845, 0.0000000000000000000, -47.43944706771903697 ) ) ;
#2430 = AXIS2_PLACEMENT_3D ( 'NONE', #1631, #983, #1196 ) ;
#2431 = VERTEX_POINT ( 'NONE', #1271 ) ;
#2432 = FACE_OUTER_BOUND ( 'NONE', #769, .T. ) ;
#2433 = ORIENTED_EDGE ( 'NONE', *, *, #706, .T. ) ;
#2434 = CARTESIAN_POINT ( 'NONE',  ( 132.5493340922647292, -34.50000000000000000, -28.84317286238453804 ) ) ;
#2435 = AXIS2_PLACEMENT_3D ( 'NONE', #2664, #1206, #1175 ) ;
#2436 = DIRECTION ( 'NONE',  ( -0.0000000000000000000, 1.000000000000000000, -0.0000000000000000000 ) ) ;
#2437 = ORIENTED_EDGE ( 'NONE', *, *, #2727, .F. ) ;
#2438 = DIRECTION ( 'NONE',  ( -0.0000000000000000000, 1.000000000000000000, 0.0000000000000000000 ) ) ;
#2439 = ADVANCED_FACE ( 'NONE', ( #1640 ), #830, .F. ) ;
#2440 = CARTESIAN_POINT ( 'NONE',  ( 117.0945208716396593, -33.50000000000000000, -17.70206814074418844 ) ) ;
#2441 = ORIENTED_EDGE ( 'NONE', *, *, #725, .F. ) ;
#2442 = EDGE_CURVE ( 'NONE', #2140, #1103, #1883, .T. ) ;
#2443 = LINE ( 'NONE', #1632, #1235 ) ;
#2444 = AXIS2_PLACEMENT_3D ( 'NONE', #1881, #154, #604 ) ;
#2445 = DIRECTION ( 'NONE',  ( 0.0000000000000000000, 0.0000000000000000000, 1.000000000000000000 ) ) ;
#2446 = EDGE_LOOP ( 'NONE', ( #944, #298 ) ) ;
#2447 = AXIS2_PLACEMENT_3D ( 'NONE', #1768, #1118, #470 ) ;
#2448 = LINE ( 'NONE', #1213, #1441 ) ;
#2449 = CARTESIAN_POINT ( 'NONE',  ( 132.5493340922647292, 0.0000000000000000000, -23.09317286238453804 ) ) ;
#2450 = FACE_OUTER_BOUND ( 'NONE', #76, .T. ) ;
#2451 = CARTESIAN_POINT ( 'NONE',  ( 39.27938755455743092, 12.93413347474527519, -99.52954191263468431 ) ) ;
#2452 = CARTESIAN_POINT ( 'NONE',  ( 54.33036783247190016, 0.0000000000000000000, -137.6670299352329039 ) ) ;
#2453 = DIRECTION ( 'NONE',  ( -0.0000000000000000000, -1.000000000000000000, -0.0000000000000000000 ) ) ;
#2454 = CARTESIAN_POINT ( 'NONE',  ( 88.87118236610973554, 10.93413347474518993, 55.91880671875669861 ) ) ;
#2455 = EDGE_CURVE ( 'NONE', #1020, #201, #884, .T. ) ;
#2456 = ORIENTED_EDGE ( 'NONE', *, *, #675, .F. ) ;
#2457 = FACE_OUTER_BOUND ( 'NONE', #1203, .T. ) ;
#2458 = ORIENTED_EDGE ( 'NONE', *, *, #2164, .T. ) ;
#2459 = AXIS2_PLACEMENT_3D ( 'NONE', #2520, #2758, #2358 ) ;
#2460 = VECTOR ( 'NONE', #488, 1000.000000000000000 ) ;
#2461 = CARTESIAN_POINT ( 'NONE',  ( 0.0000000000000000000, 0.0000000000000000000, 0.0000000000000000000 ) ) ;
#2462 = CARTESIAN_POINT ( 'NONE',  ( 134.8229583840427210, 8.934133474745236114, -60.97233115002124748 ) ) ;
#2463 = ADVANCED_FACE ( 'NONE', ( #126, #2293 ), #2549, .T. ) ;
#2464 = EDGE_LOOP ( 'NONE', ( #175, #1701, #2146, #2797 ) ) ;
#2465 = ORIENTED_EDGE ( 'NONE', *, *, #1040, .T. ) ;
#2466 = CARTESIAN_POINT ( 'NONE',  ( 0.0000000000000000000, 12.93413347474523611, 0.0000000000000000000 ) ) ;
#2467 = AXIS2_PLACEMENT_3D ( 'NONE', #1716, #414, #650 ) ;
#2468 = ORIENTED_EDGE ( 'NONE', *, *, #916, .T. ) ;
#2469 = ORIENTED_EDGE ( 'NONE', *, *, #2409, .F. ) ;
#2470 = CARTESIAN_POINT ( 'NONE',  ( 110.8828637891791402, 0.0000000000000000000, -42.13428797168180751 ) ) ;
#2471 = CARTESIAN_POINT ( 'NONE',  ( 121.7160989407219347, 35.50000000000001421, -32.61373041703316744 ) ) ;
#2472 = DIRECTION ( 'NONE',  ( 0.0000000000000000000, -1.000000000000000000, 0.0000000000000000000 ) ) ;
#2473 = VERTEX_POINT ( 'NONE', #362 ) ;
#2474 = DIRECTION ( 'NONE',  ( 0.0000000000000000000, 0.0000000000000000000, 1.000000000000000000 ) ) ;
#2475 = EDGE_CURVE ( 'NONE', #2401, #2652, #2720, .T. ) ;
#2476 = EDGE_LOOP ( 'NONE', ( #917, #1693, #813, #721, #1184, #1968, #1939 ) ) ;
#2477 = ADVANCED_FACE ( 'NONE', ( #1306, #87 ), #615, .T. ) ;
#2478 = EDGE_CURVE ( 'NONE', #23, #1739, #914, .T. ) ;
#2479 = CARTESIAN_POINT ( 'NONE',  ( 108.6092394974010915, 8.934133474745236114, -4.255129684045098060 ) ) ;
#2480 = CARTESIAN_POINT ( 'NONE',  ( 110.8828637891791402, 8.934133474745236114, -45.18428797168179756 ) ) ;
#2481 = DIRECTION ( 'NONE',  ( -0.0000000000000000000, 1.000000000000000000, -0.0000000000000000000 ) ) ;
#2482 = ORIENTED_EDGE ( 'NONE', *, *, #1307, .T. ) ;
#2483 = APPROVAL ( #613, 'UNSPECIFIED' ) ;
#2484 = CARTESIAN_POINT ( 'NONE',  ( 132.5493340922647292, -33.50000000000000000, -24.34317286238457712 ) ) ;
#2485 = DIRECTION ( 'NONE',  ( 0.0000000000000000000, 0.0000000000000000000, -1.000000000000000000 ) ) ;
#2486 = FACE_BOUND ( 'NONE', #324, .T. ) ;
#2487 = ADVANCED_FACE ( 'NONE', ( #2544, #1407 ), #625, .F. ) ;
#2488 = ORIENTED_EDGE ( 'NONE', *, *, #1236, .T. ) ;
#2489 = VECTOR ( 'NONE', #976, 1000.000000000000227 ) ;
#2490 = CIRCLE ( 'NONE', #401, 3.049999999999962519 ) ;
#2491 = ORIENTED_EDGE ( 'NONE', *, *, #2424, .F. ) ;
#2492 = EDGE_CURVE ( 'NONE', #436, #387, #1954, .T. ) ;
#2493 = CONICAL_SURFACE ( 'NONE', #523, 148.0000000000001421, 0.7853981633974552734 ) ;
#2494 = ORIENTED_EDGE ( 'NONE', *, *, #474, .F. ) ;
#2495 = CARTESIAN_POINT ( 'NONE',  ( 126.3376770098042243, -29.50000000000000355, -46.27539269332215355 ) ) ;
#2496 = ORIENTED_EDGE ( 'NONE', *, *, #1871, .T. ) ;
#2497 = VERTEX_POINT ( 'NONE', #1648 ) ;
#2498 = LINE ( 'NONE', #986, #2309 ) ;
#2499 = CARTESIAN_POINT ( 'NONE',  ( 134.8229583840427210, 12.93413347474523611, -60.97233115002124748 ) ) ;
#2500 = EDGE_LOOP ( 'NONE', ( #143, #2035, #1297, #1553, #1854, #1772 ) ) ;
#2501 = AXIS2_PLACEMENT_3D ( 'NONE', #538, #2438, #2242 ) ;
#2502 = ADVANCED_FACE ( 'NONE', ( #1371 ), #1138, .F. ) ;
#2503 = DIRECTION ( 'NONE',  ( 0.0000000000000000000, -1.000000000000000000, 0.0000000000000000000 ) ) ;
#2504 = EDGE_LOOP ( 'NONE', ( #1092, #1548 ) ) ;
#2505 = CARTESIAN_POINT ( 'NONE',  ( 121.7160989407219347, -7.000000000000000000, -27.56373041703317739 ) ) ;
#2506 = EDGE_CURVE ( 'NONE', #1739, #23, #2793, .T. ) ;
#2507 = FACE_OUTER_BOUND ( 'NONE', #763, .T. ) ;
#2508 = ORIENTED_EDGE ( 'NONE', *, *, #181, .F. ) ;
#2509 = EDGE_CURVE ( 'NONE', #1018, #2636, #1959, .T. ) ;
#2510 = AXIS2_PLACEMENT_3D ( 'NONE', #1588, #936, #1229 ) ;
#2511 = DIRECTION ( 'NONE',  ( 0.0000000000000000000, 0.0000000000000000000, 1.000000000000000000 ) ) ;
#2512 = LINE ( 'NONE', #931, #682 ) ;
#2513 = DIRECTION ( 'NONE',  ( 0.0000000000000000000, 0.0000000000000000000, -1.000000000000000000 ) ) ;
#2514 = CIRCLE ( 'NONE', #2612, 3.000000000000002665 ) ;
#2515 = DIRECTION ( 'NONE',  ( 0.0000000000000000000, 1.000000000000000000, 0.0000000000000000000 ) ) ;
#2516 = DIRECTION ( 'NONE',  ( 0.0000000000000000000, 0.0000000000000000000, -1.000000000000000000 ) ) ;
#2517 = ORIENTED_EDGE ( 'NONE', *, *, #1887, .T. ) ;
#2518 = FACE_OUTER_BOUND ( 'NONE', #2726, .T. ) ;
#2519 = VERTEX_POINT ( 'NONE', #2408 ) ;
#2520 = CARTESIAN_POINT ( 'NONE',  ( 121.7160989407219347, -7.000000000000000000, -32.61373041703316744 ) ) ;
#2521 = APPROVAL_STATUS ( 'not_yet_approved' ) ;
#2522 = CARTESIAN_POINT ( 'NONE',  ( 132.5493340922647292, -29.50000000000000355, -23.09317286238453804 ) ) ;
#2523 = FACE_OUTER_BOUND ( 'NONE', #394, .T. ) ;
#2524 = ORIENTED_EDGE ( 'NONE', *, *, #1394, .T. ) ;
#2525 = EDGE_CURVE ( 'NONE', #2207, #2782, #1922, .T. ) ;
#2526 = EDGE_LOOP ( 'NONE', ( #963, #2246 ) ) ;
#2527 = CIRCLE ( 'NONE', #975, 5.750000000000001776 ) ;
#2528 = DIRECTION ( 'NONE',  ( 0.0000000000000000000, 0.0000000000000000000, -1.000000000000000000 ) ) ;
#2529 = ORIENTED_EDGE ( 'NONE', *, *, #301, .T. ) ;
#2530 = ORIENTED_EDGE ( 'NONE', *, *, #1045, .T. ) ;
#2531 = CARTESIAN_POINT ( 'NONE',  ( 117.0945208716396593, -33.50000000000000000, -15.95206814074417601 ) ) ;
#2532 = DIRECTION ( 'NONE',  ( 0.0000000000000000000, 1.000000000000000000, 0.0000000000000000000 ) ) ;
#2533 = AXIS2_PLACEMENT_3D ( 'NONE', #2495, #1436, #350 ) ;
#2534 = CYLINDRICAL_SURFACE ( 'NONE', #348, 5.750000000000005329 ) ;
#2535 = DIRECTION ( 'NONE',  ( -0.0000000000000000000, 1.000000000000000000, -0.0000000000000000000 ) ) ;
#2536 = AXIS2_PLACEMENT_3D ( 'NONE', #743, #492, #512 ) ;
#2537 = VERTEX_POINT ( 'NONE', #2540 ) ;
#2538 = ORIENTED_EDGE ( 'NONE', *, *, #2070, .F. ) ;
#2539 = ORIENTED_EDGE ( 'NONE', *, *, #1097, .F. ) ;
#2540 = CARTESIAN_POINT ( 'NONE',  ( 117.0945208716396593, -34.50000000000000000, -21.95206814074419555 ) ) ;
#2541 = EDGE_CURVE ( 'NONE', #2365, #263, #2359, .T. ) ;
#2542 = DIRECTION ( 'NONE',  ( 0.0000000000000000000, -1.000000000000000000, 0.0000000000000000000 ) ) ;
#2543 = EDGE_CURVE ( 'NONE', #574, #897, #1779, .T. ) ;
#2544 = FACE_BOUND ( 'NONE', #1326, .T. ) ;
#2545 = DIRECTION ( 'NONE',  ( 0.0000000000000000000, -1.000000000000000000, 0.0000000000000000000 ) ) ;
#2546 = DIRECTION ( 'NONE',  ( 0.0000000000000000000, 0.0000000000000000000, -1.000000000000000000 ) ) ;
#2547 = AXIS2_PLACEMENT_3D ( 'NONE', #124, #334, #2744 ) ;
#2548 = CARTESIAN_POINT ( 'NONE',  ( 88.87118236610973554, 7.500000000000047962, 55.91880671875669861 ) ) ;
#2549 = PLANE ( 'NONE',  #1635 ) ;
#2550 = CIRCLE ( 'NONE', #794, 5.250000000000004441 ) ;
#2551 = CARTESIAN_POINT ( 'NONE',  ( 132.5493340922647292, -33.50000000000000000, -23.09317286238453804 ) ) ;
#2552 = EDGE_LOOP ( 'NONE', ( #1895, #2375 ) ) ;
#2553 = CIRCLE ( 'NONE', #810, 3.049999999999990052 ) ;
#2554 = FACE_BOUND ( 'NONE', #2725, .T. ) ;
#2555 = CARTESIAN_POINT ( 'NONE',  ( 110.8828637891791402, -33.50000000000000000, -42.13428797168180751 ) ) ;
#2556 = ORIENTED_EDGE ( 'NONE', *, *, #499, .F. ) ;
#2557 = EDGE_CURVE ( 'NONE', #2695, #1219, #1083, .T. ) ;
#2558 = LINE ( 'NONE', #1263, #1696 ) ;
#2559 = DIRECTION ( 'NONE',  ( 0.2588190451025216832, -0.0000000000000000000, 0.9659258262890680902 ) ) ;
#2560 = CARTESIAN_POINT ( 'NONE',  ( 132.5493340922647292, -34.50000000000000000, -23.09317286238453804 ) ) ;
#2561 = DIRECTION ( 'NONE',  ( 0.0000000000000000000, 0.0000000000000000000, 1.000000000000000000 ) ) ;
#2562 = ORIENTED_EDGE ( 'NONE', *, *, #1944, .T. ) ;
#2563 = EDGE_CURVE ( 'NONE', #2786, #33, #273, .T. ) ;
#2564 = APPROVAL_DATE_TIME ( #2738, #2483 ) ;
#2565 = ORIENTED_EDGE ( 'NONE', *, *, #2642, .F. ) ;
#2566 = AXIS2_PLACEMENT_3D ( 'NONE', #1335, #46, #1805 ) ;
#2567 = EDGE_LOOP ( 'NONE', ( #1325, #205 ) ) ;
#2568 = CARTESIAN_POINT ( 'NONE',  ( 140.1825042702270139, -7.065866525254767438, -17.78801376634729081 ) ) ;
#2569 = DIRECTION ( 'NONE',  ( -0.0000000000000000000, -1.000000000000000000, -0.0000000000000000000 ) ) ;
#2570 = ORIENTED_EDGE ( 'NONE', *, *, #1180, .T. ) ;
#2571 = CARTESIAN_POINT ( 'NONE',  ( 140.1825042702270139, 0.0000000000000000000, -17.78801376634729081 ) ) ;
#2572 = CC_DESIGN_DATE_AND_TIME_ASSIGNMENT ( #807, #373, ( #2619 ) ) ;
#2573 = DIRECTION ( 'NONE',  ( -0.0000000000000000000, 1.000000000000000000, -0.0000000000000000000 ) ) ;
#2574 = CIRCLE ( 'NONE', #691, 3.049999999999990052 ) ;
#2575 = CARTESIAN_POINT ( 'NONE',  ( 132.5493340922647292, -34.50000000000000000, -23.09317286238453804 ) ) ;
#2576 = ORIENTED_EDGE ( 'NONE', *, *, #493, .T. ) ;
#2577 = DIRECTION ( 'NONE',  ( -0.0000000000000000000, 1.000000000000000000, -0.0000000000000000000 ) ) ;
#2578 = FACE_OUTER_BOUND ( 'NONE', #1564, .T. ) ;
#2579 = EDGE_CURVE ( 'NONE', #1064, #463, #2312, .T. ) ;
#2580 = CYLINDRICAL_SURFACE ( 'NONE', #930, 1.250000000000042633 ) ;
#2581 = AXIS2_PLACEMENT_3D ( 'NONE', #147, #2320, #134 ) ;
#2582 = FACE_BOUND ( 'NONE', #1598, .T. ) ;
#2583 = CARTESIAN_POINT ( 'NONE',  ( 108.6092394974010915, 12.93413347474523611, -4.255129684045098060 ) ) ;
#2584 = AXIS2_PLACEMENT_3D ( 'NONE', #1587, #262, #2021 ) ;
#2585 = CIRCLE ( 'NONE', #2005, 5.750000000000001776 ) ;
#2586 = DIRECTION ( 'NONE',  ( 0.0000000000000000000, 0.0000000000000000000, 1.000000000000000000 ) ) ;
#2587 = ORIENTED_EDGE ( 'NONE', *, *, #1668, .F. ) ;
#2588 = CARTESIAN_POINT ( 'NONE',  ( 115.3179025799882851, -15.06586652525476389, 51.28029858700160304 ) ) ;
#2589 = CIRCLE ( 'NONE', #677, 105.0000000000000000 ) ;
#2590 = ORIENTED_EDGE ( 'NONE', *, *, #1760, .T. ) ;
#2591 = CARTESIAN_POINT ( 'NONE',  ( 126.3376770098042243, -33.50000000000000000, -46.27539269332215355 ) ) ;
#2592 = CIRCLE ( 'NONE', #1628, 1.250000000000039302 ) ;
#2593 = VERTEX_POINT ( 'NONE', #483 ) ;
#2594 = ORIENTED_EDGE ( 'NONE', *, *, #901, .T. ) ;
#2595 = CYLINDRICAL_SURFACE ( 'NONE', #1399, 5.750000000000001776 ) ;
#2596 = DIRECTION ( 'NONE',  ( -0.0000000000000000000, 1.000000000000000000, -0.0000000000000000000 ) ) ;
#2597 = EDGE_CURVE ( 'NONE', #2652, #2668, #1907, .T. ) ;
#2598 = CARTESIAN_POINT ( 'NONE',  ( -1.151856388048599911E-12, 6.500000000000000000, -7.494005416219806648E-13 ) ) ;
#2599 = DIRECTION ( 'NONE',  ( -0.0000000000000000000, 1.000000000000000000, -0.0000000000000000000 ) ) ;
#2600 = AXIS2_PLACEMENT_3D ( 'NONE', #1065, #1717, #407 ) ;
#2601 = ORIENTED_EDGE ( 'NONE', *, *, #1545, .T. ) ;
#2602 = CARTESIAN_POINT ( 'NONE',  ( 115.3179025799882851, 12.93413347474523611, 51.28029858700160304 ) ) ;
#2603 = AXIS2_PLACEMENT_3D ( 'NONE', #1195, #2657, #1376 ) ;
#2604 = ORIENTED_EDGE ( 'NONE', *, *, #303, .F. ) ;
#2605 = CARTESIAN_POINT ( 'NONE',  ( 96.18592533248005338, 8.934133474745236114, -50.61956934592035395 ) ) ;
#2606 = EDGE_CURVE ( 'NONE', #991, #1075, #601, .T. ) ;
#2607 = DIRECTION ( 'NONE',  ( 0.0000000000000000000, 0.0000000000000000000, 1.000000000000000000 ) ) ;
#2608 = CARTESIAN_POINT ( 'NONE',  ( 0.0000000000000000000, 10.93413347474534625, 0.0000000000000000000 ) ) ;
#2609 = EDGE_CURVE ( 'NONE', #1148, #1900, #1872, .T. ) ;
#2610 = DIRECTION ( 'NONE',  ( -0.0000000000000000000, 1.000000000000000000, 0.0000000000000000000 ) ) ;
#2611 = CIRCLE ( 'NONE', #1262, 5.750000000000005329 ) ;
#2612 = AXIS2_PLACEMENT_3D ( 'NONE', #485, #241, #264 ) ;
#2613 = EDGE_LOOP ( 'NONE', ( #1448, #2774, #2405, #2208 ) ) ;
#2614 = VECTOR ( 'NONE', #2573, 1000.000000000000000 ) ;
#2616 = VERTEX_POINT ( 'NONE', #251 ) ;
#2615 = CARTESIAN_POINT ( 'NONE',  ( 121.7160989407219347, 3.129999999999999893, -32.61373041703316744 ) ) ;
#2617 = ORIENTED_EDGE ( 'NONE', *, *, #355, .F. ) ;
#2618 = CIRCLE ( 'NONE', #1489, 1.850000000000004530 ) ;
#2619 = PRODUCT_DEFINITION ( 'UNKNOWN', '', #1560, #2315 ) ;
#2620 = ORIENTED_EDGE ( 'NONE', *, *, #1944, .F. ) ;
#2621 = CARTESIAN_POINT ( 'NONE',  ( 132.5493340922647292, 8.934133474745236114, -23.09317286238453804 ) ) ;
#2622 = VERTEX_POINT ( 'NONE', #2632 ) ;
#2623 = CIRCLE ( 'NONE', #1532, 1.250000000000042633 ) ;
#2624 = CARTESIAN_POINT ( 'NONE',  ( 126.3376770098042243, -34.50000000000000000, -46.27539269332215355 ) ) ;
#2625 = PERSON_AND_ORGANIZATION ( #2746, #1621 ) ;
#2626 = CARTESIAN_POINT ( 'NONE',  ( 126.3376770098042243, -33.50000000000000000, -45.02539269332211092 ) ) ;
#2627 = EDGE_CURVE ( 'NONE', #778, #263, #1329, .T. ) ;
#2628 = CARTESIAN_POINT ( 'NONE',  ( 89.34323329386108981, 6.833387375487312454, 56.42009409088024086 ) ) ;
#2629 = AXIS2_PLACEMENT_3D ( 'NONE', #1942, #1915, #1702 ) ;
#2630 = CARTESIAN_POINT ( 'NONE',  ( 110.8828637891791402, -34.50000000000000000, -42.13428797168180751 ) ) ;
#2631 = ORIENTED_EDGE ( 'NONE', *, *, #1272, .F. ) ;
#2632 = CARTESIAN_POINT ( 'NONE',  ( 126.3376770098042243, -29.50000000000000355, -49.32539269332211518 ) ) ;
#2633 = CARTESIAN_POINT ( 'NONE',  ( 0.0000000000000000000, 2.000000000000029310, 0.0000000000000000000 ) ) ;
#2634 = VERTEX_POINT ( 'NONE', #500 ) ;
#2635 = AXIS2_PLACEMENT_3D ( 'NONE', #2291, #2116, #198 ) ;
#2636 = VERTEX_POINT ( 'NONE', #2454 ) ;
#2637 = ADVANCED_FACE ( 'NONE', ( #1193, #448 ), #2214, .T. ) ;
#2638 = CARTESIAN_POINT ( 'NONE',  ( 126.3376770098042243, -5.065866525254772768, -46.27539269332215355 ) ) ;
#2639 = CARTESIAN_POINT ( 'NONE',  ( 117.0945208716396593, -29.50000000000000355, -17.70206814074418844 ) ) ;
#2640 = CARTESIAN_POINT ( 'NONE',  ( 132.5493340922647292, -33.50000000000000000, -20.09317286238457356 ) ) ;
#2641 = VECTOR ( 'NONE', #315, 1000.000000000000000 ) ;
#2642 = EDGE_CURVE ( 'NONE', #343, #1929, #1662, .T. ) ;
#2643 = CARTESIAN_POINT ( 'NONE',  ( 126.3376770098042243, -33.50000000000000000, -43.27539269332218907 ) ) ;
#2644 = CARTESIAN_POINT ( 'NONE',  ( 121.7160989407219347, -7.000000000000000000, -32.61373041703316744 ) ) ;
#2645 = AXIS2_PLACEMENT_3D ( 'NONE', #108, #1615, #2244 ) ;
#2646 = CIRCLE ( 'NONE', #1555, 2.999999999999964473 ) ;
#2647 = ADVANCED_FACE ( 'NONE', ( #1294 ), #527, .F. ) ;
#2648 = ORIENTED_EDGE ( 'NONE', *, *, #1624, .T. ) ;
#2649 = FACE_OUTER_BOUND ( 'NONE', #1300, .T. ) ;
#2650 = DIRECTION ( 'NONE',  ( -0.0000000000000000000, 1.000000000000000000, -0.0000000000000000000 ) ) ;
#2651 = AXIS2_PLACEMENT_3D ( 'NONE', #2161, #197, #2357 ) ;
#2652 = VERTEX_POINT ( 'NONE', #2440 ) ;
#2653 = FACE_OUTER_BOUND ( 'NONE', #2274, .T. ) ;
#2654 = EDGE_LOOP ( 'NONE', ( #2785, #1151 ) ) ;
#2655 = ORIENTED_EDGE ( 'NONE', *, *, #2455, .F. ) ;
#2656 = FACE_OUTER_BOUND ( 'NONE', #1068, .T. ) ;
#2657 = DIRECTION ( 'NONE',  ( 0.0000000000000000000, 1.000000000000000000, 0.0000000000000000000 ) ) ;
#2658 = CARTESIAN_POINT ( 'NONE',  ( 132.5493340922647292, -33.50000000000000000, -23.09317286238453804 ) ) ;
#2659 = FACE_BOUND ( 'NONE', #450, .T. ) ;
#2660 = ORIENTED_EDGE ( 'NONE', *, *, #1810, .F. ) ;
#2661 = ORIENTED_EDGE ( 'NONE', *, *, #2327, .T. ) ;
#2662 = CIRCLE ( 'NONE', #2297, 107.0000000000000426 ) ;
#2663 = CARTESIAN_POINT ( 'NONE',  ( 74.41719144519167628, 6.934133474745236114, -105.6844642909484406 ) ) ;
#2664 = CARTESIAN_POINT ( 'NONE',  ( 130.2956167473106746, 8.934133474745236114, -54.68638033058964965 ) ) ;
#2665 = ADVANCED_BREP_SHAPE_REPRESENTATION ( 'Ring right', ( #1846, #2157 ), #1920 ) ;
#2666 = ADVANCED_FACE ( 'NONE', ( #2240 ), #2276, .T. ) ;
#2667 = CARTESIAN_POINT ( 'NONE',  ( 110.8828637891791402, -34.50000000000000000, -42.13428797168180751 ) ) ;
#2668 = VERTEX_POINT ( 'NONE', #2639 ) ;
#2669 = EDGE_CURVE ( 'NONE', #1041, #1018, #2662, .T. ) ;
#2670 = DIRECTION ( 'NONE',  ( 0.0000000000000000000, 0.0000000000000000000, -1.000000000000000000 ) ) ;
#2671 = ORIENTED_EDGE ( 'NONE', *, *, #2379, .T. ) ;
#2672 = CARTESIAN_POINT ( 'NONE',  ( 132.5493340922647292, -34.50000000000000000, -23.09317286238453804 ) ) ;
#2673 = DIRECTION ( 'NONE',  ( 0.9659258262890679791, 0.0000000000000000000, -0.2588190451025222383 ) ) ;
#2674 = AXIS2_PLACEMENT_3D ( 'NONE', #2608, #1369, #1160 ) ;
#2675 = DIRECTION ( 'NONE',  ( 0.0000000000000000000, 0.0000000000000000000, 1.000000000000000000 ) ) ;
#2676 = CARTESIAN_POINT ( 'NONE',  ( 126.3376770098042243, -34.50000000000000000, -46.27539269332215355 ) ) ;
#2677 = ORIENTED_EDGE ( 'NONE', *, *, #2087, .T. ) ;
#2678 = AXIS2_PLACEMENT_3D ( 'NONE', #2624, #52, #1563 ) ;
#2679 = CARTESIAN_POINT ( 'NONE',  ( 103.2496936112167845, 0.0000000000000000000, -47.43944706771903697 ) ) ;
#2680 = CARTESIAN_POINT ( 'NONE',  ( 74.41719144519167628, -2.000000000000000000, -100.4344642909484264 ) ) ;
#2681 = CARTESIAN_POINT ( 'NONE',  ( 110.8828637891791402, -33.50000000000000000, -39.13428797168180040 ) ) ;
#2682 = VECTOR ( 'NONE', #2122, 1000.000000000000000 ) ;
#2683 = ADVANCED_FACE ( 'NONE', ( #1098 ), #525, .T. ) ;
#2684 = DIRECTION ( 'NONE',  ( 0.0000000000000000000, 0.0000000000000000000, -1.000000000000000000 ) ) ;
#2685 = CARTESIAN_POINT ( 'NONE',  ( 132.5493340922647292, 0.0000000000000000000, -28.84317286238453804 ) ) ;
#2686 = CARTESIAN_POINT ( 'NONE',  ( 126.3376770098042243, -29.50000000000000355, -46.27539269332215355 ) ) ;
#2687 = DIRECTION ( 'NONE',  ( 0.0000000000000000000, 0.0000000000000000000, 1.000000000000000000 ) ) ;
#2688 = EDGE_CURVE ( 'NONE', #1933, #256, #1593, .T. ) ;
#2689 = ORIENTED_EDGE ( 'NONE', *, *, #90, .F. ) ;
#2690 = CIRCLE ( 'NONE', #1853, 2.999999999999964473 ) ;
#2691 = FACE_OUTER_BOUND ( 'NONE', #627, .T. ) ;
#2692 = ORIENTED_EDGE ( 'NONE', *, *, #283, .F. ) ;
#2693 = CARTESIAN_POINT ( 'NONE',  ( 0.0000000000000000000, 2.000000000000029310, 0.0000000000000000000 ) ) ;
#2694 = EDGE_CURVE ( 'NONE', #1318, #1576, #304, .T. ) ;
#2695 = VERTEX_POINT ( 'NONE', #2077 ) ;
#2696 = LINE ( 'NONE', #1802, #1220 ) ;
#2697 = DIRECTION ( 'NONE',  ( -0.0000000000000000000, 1.000000000000000000, -0.0000000000000000000 ) ) ;
#2698 = DIRECTION ( 'NONE',  ( -0.0000000000000000000, 1.000000000000000000, -0.0000000000000000000 ) ) ;
#2699 = ORIENTED_EDGE ( 'NONE', *, *, #1236, .F. ) ;
#2700 = ORIENTED_EDGE ( 'NONE', *, *, #90, .T. ) ;
#2701 = CARTESIAN_POINT ( 'NONE',  ( 0.0000000000000000000, 0.0000000000000000000, 0.0000000000000000000 ) ) ;
#2702 = AXIS2_PLACEMENT_3D ( 'NONE', #2615, #2390, #1133 ) ;
#2703 = ORIENTED_EDGE ( 'NONE', *, *, #2627, .F. ) ;
#2704 = ORIENTED_EDGE ( 'NONE', *, *, #1009, .F. ) ;
#2705 = ADVANCED_FACE ( 'NONE', ( #2742 ), #2378, .F. ) ;
#2706 = PERSON_AND_ORGANIZATION ( #2746, #1621 ) ;
#2707 = ORIENTED_EDGE ( 'NONE', *, *, #2127, .F. ) ;
#2708 = DIRECTION ( 'NONE',  ( 0.0000000000000000000, 0.0000000000000000000, -1.000000000000000000 ) ) ;
#2709 = CARTESIAN_POINT ( 'NONE',  ( 126.3376770098042243, -49.49999999999998579, -45.02539269332211092 ) ) ;
#2710 = CARTESIAN_POINT ( 'NONE',  ( 115.3179025799882851, 6.499999999999999112, 57.38029858700158314 ) ) ;
#2711 = ORIENTED_EDGE ( 'NONE', *, *, #1683, .F. ) ;
#2712 = DIRECTION ( 'NONE',  ( 0.0000000000000000000, -1.000000000000000000, 0.0000000000000000000 ) ) ;
#2713 = ORIENTED_EDGE ( 'NONE', *, *, #1911, .T. ) ;
#2714 = EDGE_CURVE ( 'NONE', #1836, #644, #1035, .T. ) ;
#2715 = CIRCLE ( 'NONE', #1748, 3.049999999999990052 ) ;
#2716 = CARTESIAN_POINT ( 'NONE',  ( 134.8229583840427210, 12.93413347474523611, -60.97233115002124748 ) ) ;
#2717 = AXIS2_PLACEMENT_3D ( 'NONE', #1270, #455, #1980 ) ;
#2718 = ADVANCED_FACE ( 'NONE', ( #1797 ), #2534, .T. ) ;
#2719 = CARTESIAN_POINT ( 'NONE',  ( 140.1825042702270139, -7.065866525254767438, -17.78801376634729081 ) ) ;
#2720 = CIRCLE ( 'NONE', #2171, 1.249999999999997558 ) ;
#2721 = CYLINDRICAL_SURFACE ( 'NONE', #39, 1.850000000000004530 ) ;
#2722 = DIRECTION ( 'NONE',  ( -0.0000000000000000000, 1.000000000000000000, -0.0000000000000000000 ) ) ;
#2723 = CARTESIAN_POINT ( 'NONE',  ( 113.1365811341331522, -7.065866525254767438, -12.39108050347665824 ) ) ;
#2724 = CYLINDRICAL_SURFACE ( 'NONE', #1226, 105.0000000000000000 ) ;
#2725 = EDGE_LOOP ( 'NONE', ( #1497, #1427 ) ) ;
#2726 = EDGE_LOOP ( 'NONE', ( #596, #101, #799, #268 ) ) ;
#2727 = EDGE_CURVE ( 'NONE', #1058, #201, #1429, .T. ) ;
#2728 = CIRCLE ( 'NONE', #2115, 3.049999999999990052 ) ;
#2729 = EDGE_LOOP ( 'NONE', ( #489, #1078 ) ) ;
#2730 = CYLINDRICAL_SURFACE ( 'NONE', #2166, 3.000000000000002665 ) ;
#2731 = DIRECTION ( 'NONE',  ( 0.0000000000000000000, 0.0000000000000000000, -1.000000000000000000 ) ) ;
#2732 = AXIS2_PLACEMENT_3D ( 'NONE', #1420, #1173, #2670 ) ;
#2733 = ORIENTED_EDGE ( 'NONE', *, *, #937, .T. ) ;
#2734 = CARTESIAN_POINT ( 'NONE',  ( 132.5493340922647292, -34.50000000000000000, -28.84317286238453804 ) ) ;
#2735 = DIRECTION ( 'NONE',  ( 0.0000000000000000000, 0.0000000000000000000, -1.000000000000000000 ) ) ;
#2736 = ORIENTED_EDGE ( 'NONE', *, *, #2506, .T. ) ;
#2737 = CARTESIAN_POINT ( 'NONE',  ( 143.9002247066447637, 2.000000000001385114, 42.34058725829364533 ) ) ;
#2738 = DATE_AND_TIME ( #339, #520 ) ;
#2739 = DIRECTION ( 'NONE',  ( -0.0000000000000000000, 1.000000000000000000, -0.0000000000000000000 ) ) ;
#2740 = ORIENTED_EDGE ( 'NONE', *, *, #711, .F. ) ;
#2741 = AXIS2_PLACEMENT_3D ( 'NONE', #1150, #1346, #736 ) ;
#2742 = FACE_OUTER_BOUND ( 'NONE', #745, .T. ) ;
#2743 = DIRECTION ( 'NONE',  ( -0.0000000000000000000, 1.000000000000000000, -0.0000000000000000000 ) ) ;
#2744 = DIRECTION ( 'NONE',  ( 0.0000000000000000000, 0.0000000000000000000, 1.000000000000000000 ) ) ;
#2745 = ORIENTED_EDGE ( 'NONE', *, *, #396, .F. ) ;
#2746 = PERSON ( 'UNSPECIFIED', 'UNSPECIFIED', 'UNSPECIFIED', ('UNSPECIFIED'), ('UNSPECIFIED'), ('UNSPECIFIED') ) ;
#2747 = ADVANCED_FACE ( 'NONE', ( #2659, #368 ), #1190, .T. ) ;
#2748 =( NAMED_UNIT ( * ) SI_UNIT ( $, .STERADIAN. ) SOLID_ANGLE_UNIT ( ) );
#2749 = ORIENTED_EDGE ( 'NONE', *, *, #1410, .T. ) ;
#2750 = EDGE_CURVE ( 'NONE', #2158, #1502, #2108, .T. ) ;
#2751 = EDGE_LOOP ( 'NONE', ( #1613, #2031 ) ) ;
#2752 = DIRECTION ( 'NONE',  ( -0.0000000000000000000, 1.000000000000000000, 0.0000000000000000000 ) ) ;
#2753 = EDGE_CURVE ( 'NONE', #1661, #1931, #1868, .T. ) ;
#2754 = CARTESIAN_POINT ( 'NONE',  ( 0.0000000000000000000, 0.0000000000000000000, 0.0000000000000000000 ) ) ;
#2755 = CARTESIAN_POINT ( 'NONE',  ( 132.5493340922647292, -29.50000000000000355, -21.84317286238449896 ) ) ;
#2756 = AXIS2_PLACEMENT_3D ( 'NONE', #1089, #1298, #220 ) ;
#2757 = ORIENTED_EDGE ( 'NONE', *, *, #2247, .F. ) ;
#2758 = DIRECTION ( 'NONE',  ( -0.0000000000000000000, 1.000000000000000000, -0.0000000000000000000 ) ) ;
#2759 = CYLINDRICAL_SURFACE ( 'NONE', #541, 1.850000000000004530 ) ;
#2760 = CIRCLE ( 'NONE', #444, 5.750000000000001776 ) ;
#2761 = CARTESIAN_POINT ( 'NONE',  ( 110.8828637891791402, -5.065866525254772768, -42.13428797168180751 ) ) ;
#2762 = CARTESIAN_POINT ( 'NONE',  ( 111.3741873820753625, 0.5720416130738429361, -11.12085892169478818 ) ) ;
#2763 = DIRECTION ( 'NONE',  ( 0.0000000000000000000, 0.0000000000000000000, -1.000000000000000000 ) ) ;
#2764 = ORIENTED_EDGE ( 'NONE', *, *, #1084, .F. ) ;
#2765 = CIRCLE ( 'NONE', #1612, 1.249999999999997558 ) ;
#2766 = EDGE_CURVE ( 'NONE', #1103, #592, #2498, .T. ) ;
#2767 = CARTESIAN_POINT ( 'NONE',  ( 147.2462725489637876, 8.934133474745236114, -14.60789148814597915 ) ) ;
#2768 = ORIENTED_EDGE ( 'NONE', *, *, #1217, .T. ) ;
#2769 = CARTESIAN_POINT ( 'NONE',  ( 108.6092394974010915, 8.934133474745236114, -4.255129684045098060 ) ) ;
#2770 = DIRECTION ( 'NONE',  ( -0.0000000000000000000, 1.000000000000000000, -0.0000000000000000000 ) ) ;
#2771 = FACE_OUTER_BOUND ( 'NONE', #1353, .T. ) ;
#2772 = ORIENTED_EDGE ( 'NONE', *, *, #2541, .F. ) ;
#2773 = EDGE_CURVE ( 'NONE', #1273, #2593, #872, .T. ) ;
#2774 = ORIENTED_EDGE ( 'NONE', *, *, #1176, .T. ) ;
#2775 = LINE ( 'NONE', #2036, #665 ) ;
#2776 = CALENDAR_DATE ( 2019, 12, 12 ) ;
#2777 = ORIENTED_EDGE ( 'NONE', *, *, #2089, .F. ) ;
#2778 = ORIENTED_EDGE ( 'NONE', *, *, #2714, .T. ) ;
#2779 = CARTESIAN_POINT ( 'NONE',  ( 111.3091941827671150, 0.7233111346132160557, -10.21350160741023316 ) ) ;
#2780 = CARTESIAN_POINT ( 'NONE',  ( 101.5041830558003824, 0.7235219869679502258, -46.80711495237085984 ) ) ;
#2781 = DATE_AND_TIME ( #1519, #560 ) ;
#2782 = VERTEX_POINT ( 'NONE', #1426 ) ;
#2783 = DIRECTION ( 'NONE',  ( -0.0000000000000000000, 1.000000000000000000, 0.0000000000000000000 ) ) ;
#2784 = PRODUCT_RELATED_PRODUCT_CATEGORY ( 'detail', '', ( #1665 ) ) ;
#2785 = ORIENTED_EDGE ( 'NONE', *, *, #480, .T. ) ;
#2786 = VERTEX_POINT ( 'NONE', #2066 ) ;
#2787 = CARTESIAN_POINT ( 'NONE',  ( 101.6077918890813265, 8.778077958665096298E-15, -48.29188987216318907 ) ) ;
#2788 = VERTEX_POINT ( 'NONE', #576 ) ;
#2789 = ORIENTED_EDGE ( 'NONE', *, *, #418, .F. ) ;
#2790 = EDGE_CURVE ( 'NONE', #199, #1020, #967, .T. ) ;
#2791 = CARTESIAN_POINT ( 'NONE',  ( 140.1825042702270139, -7.065866525254767438, -19.63801376634729223 ) ) ;
#2792 = ORIENTED_EDGE ( 'NONE', *, *, #248, .F. ) ;
#2793 = CIRCLE ( 'NONE', #2217, 2.999999999999968026 ) ;
#2794 = EDGE_LOOP ( 'NONE', ( #2745, #589 ) ) ;
#2795 = AXIS2_PLACEMENT_3D ( 'NONE', #351, #2311, #2290 ) ;
#2796 = CARTESIAN_POINT ( 'NONE',  ( 110.8828637891791402, -33.50000000000000000, -45.13428797168182172 ) ) ;
#2797 = ORIENTED_EDGE ( 'NONE', *, *, #973, .T. ) ;
#2798 = LINE ( 'NONE', #786, #756 ) ;
#2799 = ORIENTED_EDGE ( 'NONE', *, *, #1755, .T. ) ;
#2800 = LINE ( 'NONE', #2434, #2167 ) ;
#2801 = CARTESIAN_POINT ( 'NONE',  ( 102.8269784290749840, 0.0000000000000000000, -45.63838852486517084 ) ) ;
#2802 = VERTEX_POINT ( 'NONE', #121 ) ;
#2803 = EDGE_CURVE ( 'NONE', #139, #2267, #999, .T. ) ;
#2804 = CYLINDRICAL_SURFACE ( 'NONE', #1732, 5.049999999999957190 ) ;
ENDSEC;
END-ISO-10303-21;
