ISO-10303-21;
HEADER;
FILE_DESCRIPTION (( 'STEP AP203' ),
    '1' );
FILE_NAME ('RS6P_M-Solidworks .STEP',
    '2019-12-12T17:22:41',
    ( '' ),
    ( '' ),
    'SwSTEP 2.0',
    'SolidWorks 2018',
    '' );
FILE_SCHEMA (( 'CONFIG_CONTROL_DESIGN' ));
ENDSEC;

DATA;
#1 = ORIENTED_EDGE ( 'NONE', *, *, #3920, .T. ) ;
#2 = CARTESIAN_POINT ( 'NONE',  ( 12.28075878282404076, 2.959388774366205066, 0.3894160270736798934 ) ) ;
#3 = CARTESIAN_POINT ( 'NONE',  ( 12.19930645237593048, -2.636124107875982947, 1.399371838978492599 ) ) ;
#4 = CARTESIAN_POINT ( 'NONE',  ( 11.99649394609294362, 1.580922476174959845, 2.531860945173574962 ) ) ;
#5 = ORIENTED_EDGE ( 'NONE', *, *, #1621, .F. ) ;
#6 = CARTESIAN_POINT ( 'NONE',  ( -11.88384728840994065, -0.2443317485919301313, -2.974881405472745932 ) ) ;
#7 = CARTESIAN_POINT ( 'NONE',  ( 11.95549630149445264, -1.267644525561427038, 2.701938065047962301 ) ) ;
#8 = CARTESIAN_POINT ( 'NONE',  ( -12.19646472232027001, -2.624169193248620413, -1.421666418151769307 ) ) ;
#9 = ORIENTED_EDGE ( 'NONE', *, *, #295, .F. ) ;
#10 = CARTESIAN_POINT ( 'NONE',  ( 12.26071603751457140, -2.883031028375073301, 0.7731483828613846532 ) ) ;
#11 = ORIENTED_EDGE ( 'NONE', *, *, #1005, .F. ) ;
#12 = EDGE_CURVE ( 'NONE', #2723, #3624, #3853, .T. ) ;
#13 = CARTESIAN_POINT ( 'NONE',  ( -12.08500591814743075, -0.2076729801638574902, 3.181628129500702507 ) ) ;
#14 = CARTESIAN_POINT ( 'NONE',  ( 12.26483532822673794, -2.065525896551522855, 2.396690284299313412 ) ) ;
#15 = CARTESIAN_POINT ( 'NONE',  ( -12.19714255935738656, -1.632672079670957066, -2.720277702816208620 ) ) ;
#16 = EDGE_LOOP ( 'NONE', ( #3744, #632, #1175, #2483 ) ) ;
#17 = CARTESIAN_POINT ( 'NONE',  ( 0.0000000000000000000, 77.50000000000000000, 0.0000000000000000000 ) ) ;
#18 = CARTESIAN_POINT ( 'NONE',  ( -12.06445697425027674, 1.995248979704073777, 2.219519408333939126 ) ) ;
#19 = AXIS2_PLACEMENT_3D ( 'NONE', #3850, #1663, #3869 ) ;
#20 = CARTESIAN_POINT ( 'NONE',  ( -12.08541205997104484, 0.2069999208242861155, -3.180067558959327911 ) ) ;
#21 = ADVANCED_FACE ( 'NONE', ( #3250 ), #2201, .F. ) ;
#22 = CARTESIAN_POINT ( 'NONE',  ( 12.24488916117779880, -1.948053788170075240, 2.496763357754215651 ) ) ;
#23 = CARTESIAN_POINT ( 'NONE',  ( -12.22633688069195301, -2.747385702093071647, 1.166068444480057309 ) ) ;
#24 = CARTESIAN_POINT ( 'NONE',  ( 12.07207230883201987, 2.036604559635426082, 2.181657517283117187 ) ) ;
#25 = CARTESIAN_POINT ( 'NONE',  ( 12.25716566741677305, -2.869310078128096908, -0.8226017383631228919 ) ) ;
#26 = CARTESIAN_POINT ( 'NONE',  ( -11.90886968812514368, -0.7732868654142344145, -2.882685235631633258 ) ) ;
#27 = CARTESIAN_POINT ( 'NONE',  ( -12.24594145388349808, -2.825517719538228167, -0.9623349198134693028 ) ) ;
#28 = CARTESIAN_POINT ( 'NONE',  ( -12.36401582569095936, -2.574450088542758142, -1.817028408127905337 ) ) ;
#29 = CARTESIAN_POINT ( 'NONE',  ( 12.06258155507898522, -1.985032137654852757, -2.228821958774751533 ) ) ;
#30 = CARTESIAN_POINT ( 'NONE',  ( -12.15538905984874063, -1.297781228718016822, 2.901215923493399185 ) ) ;
#31 = CARTESIAN_POINT ( 'NONE',  ( 12.48705284597212817, -3.095741477431407596, -0.4941634006183003858 ) ) ;
#32 = CARTESIAN_POINT ( 'NONE',  ( -12.09950849819336938, 2.179529127578685888, -2.039421536084082387 ) ) ;
#33 = CARTESIAN_POINT ( 'NONE',  ( -12.12610059134354756, -1.014862306963811855, 3.022328990365693802 ) ) ;
#34 = DIRECTION ( 'NONE',  ( 0.0000000000000000000, 0.0000000000000000000, 1.000000000000000000 ) ) ;
#35 = CARTESIAN_POINT ( 'NONE',  ( -12.08299203164981428, 2.094586577960753981, -2.126155637150267452 ) ) ;
#36 = CARTESIAN_POINT ( 'NONE',  ( -11.99737343283620739, 1.586651397654888163, 2.528019664083165363 ) ) ;
#37 = CARTESIAN_POINT ( 'NONE',  ( -12.45486926932033711, 2.967892336834367484, -1.027719927545788448 ) ) ;
#38 = CARTESIAN_POINT ( 'NONE',  ( 12.31878941685048368, -2.355735057697536661, 2.102133020697251276 ) ) ;
#39 = CARTESIAN_POINT ( 'NONE',  ( 12.09311103762001061, 2.146882738356046705, 2.073274476058451832 ) ) ;
#40 = CARTESIAN_POINT ( 'NONE',  ( 12.26521166027005805, -2.900305072300712883, -0.7043224796072099503 ) ) ;
#41 = CARTESIAN_POINT ( 'NONE',  ( 11.91264453895954212, 0.8253168010613699535, 2.868531250165396784 ) ) ;
#42 = CARTESIAN_POINT ( 'NONE',  ( 0.0000000000000000000, -76.99200000000000443, -2.753999999999992454 ) ) ;
#43 = CARTESIAN_POINT ( 'NONE',  ( 11.89458993748219306, 0.5381979045019482655, 2.935675585865885395 ) ) ;
#44 = CARTESIAN_POINT ( 'NONE',  ( -12.28224668726859825, -2.965207999004350725, -0.3919137969606362737 ) ) ;
#45 = CARTESIAN_POINT ( 'NONE',  ( -12.44585327508934824, -2.931004810721780096, -1.128354580001150520 ) ) ;
#46 = CARTESIAN_POINT ( 'NONE',  ( 12.18744184030951416, -2.585981591113095668, -1.490751100473125978 ) ) ;
#47 = CARTESIAN_POINT ( 'NONE',  ( -12.20087798457016071, -1.659867217786520355, 2.703580891718964097 ) ) ;
#48 = CARTESIAN_POINT ( 'NONE',  ( 12.18852750139578589, -1.569686839106381848, 2.758723546581155706 ) ) ;
#49 = CARTESIAN_POINT ( 'NONE',  ( 12.07263937918336261, -2.039720747846041959, 2.178848605238349556 ) ) ;
#50 = CARTESIAN_POINT ( 'NONE',  ( -12.27683739626847981, 2.944584430279355569, -0.4871047167115173937 ) ) ;
#51 = EDGE_CURVE ( 'NONE', #475, #247, #3740, .T. ) ;
#52 = CARTESIAN_POINT ( 'NONE',  ( -11.88127114305555487, 0.04913560664469986128, -2.984197146877404450 ) ) ;
#53 = CARTESIAN_POINT ( 'NONE',  ( -11.97196915282461838, 1.401588960511060744, 2.634941699056561948 ) ) ;
#54 = CARTESIAN_POINT ( 'NONE',  ( -11.89846357929420684, -0.6109507335706199083, 2.921402026489118953 ) ) ;
#55 = CARTESIAN_POINT ( 'NONE',  ( -12.49516764164065918, 3.127234927179322721, 0.2086028248482841296 ) ) ;
#56 = CARTESIAN_POINT ( 'NONE',  ( 12.43452076646666349, -2.884095203254887885, 1.246309684760565473 ) ) ;
#57 = CIRCLE ( 'NONE', #2917, 0.1270000000000003904 ) ;
#58 = CARTESIAN_POINT ( 'NONE',  ( -11.95439691843164454, 1.258346365951469314, -2.706363072625065591 ) ) ;
#59 = CARTESIAN_POINT ( 'NONE',  ( 12.03955490250185889, 1.854237042918909228, 2.339225657810244385 ) ) ;
#60 = CARTESIAN_POINT ( 'NONE',  ( 12.27974667431231559, -2.955567801218592194, 0.4152962416032871529 ) ) ;
#61 = CARTESIAN_POINT ( 'NONE',  ( -12.03955490250636728, -1.854237042951067505, 2.339225657783789991 ) ) ;
#62 = CARTESIAN_POINT ( 'NONE',  ( 12.11210020332796056, -2.241876879863213823, -1.970155496754922186 ) ) ;
#63 = CARTESIAN_POINT ( 'NONE',  ( -12.29888870811652701, -2.252993721882740719, 2.215568442166399699 ) ) ;
#64 = CARTESIAN_POINT ( 'NONE',  ( 12.15395690006926088, -1.283979817258371181, 2.907124362768763959 ) ) ;
#65 = CARTESIAN_POINT ( 'NONE',  ( -12.27340557640886942, 2.931578795764527179, -0.5600851608028722950 ) ) ;
#66 = VECTOR ( 'NONE', #2443, 1000.000000000000000 ) ;
#67 = DIRECTION ( 'NONE',  ( -0.0000000000000000000, 1.000000000000000000, -0.0000000000000000000 ) ) ;
#68 = CARTESIAN_POINT ( 'NONE',  ( 0.0000000000000000000, -77.50000000000000000, 0.0000000000000000000 ) ) ;
#69 = ORIENTED_EDGE ( 'NONE', *, *, #139, .F. ) ;
#70 = CARTESIAN_POINT ( 'NONE',  ( -12.39459767114639455, 2.712864005007078028, -1.595020223867493314 ) ) ;
#71 = ADVANCED_FACE ( 'NONE', ( #1099 ), #580, .T. ) ;
#72 = CARTESIAN_POINT ( 'NONE',  ( 12.27493764593706160, -2.122747218322255325, 2.344404882850598781 ) ) ;
#73 = ORIENTED_EDGE ( 'NONE', *, *, #4563, .T. ) ;
#74 = CARTESIAN_POINT ( 'NONE',  ( 12.11823565562251481, 2.271826014506889369, 1.935745213050847013 ) ) ;
#75 = CARTESIAN_POINT ( 'NONE',  ( 11.88816661655174833, -0.3887034688264472404, 2.959182362133651711 ) ) ;
#76 = ORIENTED_EDGE ( 'NONE', *, *, #139, .T. ) ;
#77 = CARTESIAN_POINT ( 'NONE',  ( -12.20788185148328964, -2.671932371173295184, 1.330077061923020443 ) ) ;
#78 = CARTESIAN_POINT ( 'NONE',  ( 12.07198554884296193, -2.036137841445248231, -2.182093005723738433 ) ) ;
#79 = EDGE_CURVE ( 'NONE', #944, #1575, #2323, .T. ) ;
#80 = CARTESIAN_POINT ( 'NONE',  ( -12.39440482859570913, -2.712126460256663929, -1.597110569663169777 ) ) ;
#81 = CARTESIAN_POINT ( 'NONE',  ( 12.14038501881825560, -1.153373444486557098, 2.963301532812543382 ) ) ;
#82 = CARTESIAN_POINT ( 'NONE',  ( -12.02081103956239261, 1.740367001599589569, -2.425021953623899051 ) ) ;
#83 = CARTESIAN_POINT ( 'NONE',  ( -11.88296225868609746, 0.1971548229225142390, -2.978083208164393536 ) ) ;
#84 = CARTESIAN_POINT ( 'NONE',  ( -12.03947452829049602, 1.853324428427927550, 2.339359453866519001 ) ) ;
#85 = CARTESIAN_POINT ( 'NONE',  ( -11.92393428482139228, -0.9652770434019215529, 2.825774281053676340 ) ) ;
#86 = CARTESIAN_POINT ( 'NONE',  ( -12.40039780433251160, 2.738390199390819735, -1.549410511439591520 ) ) ;
#87 = CARTESIAN_POINT ( 'NONE',  ( 12.11526667616628750, -0.8620167796081467104, 3.064403387016858993 ) ) ;
#88 = CARTESIAN_POINT ( 'NONE',  ( 12.12290412016774788, 2.294251737172740668, 1.908962228705148645 ) ) ;
#89 = CARTESIAN_POINT ( 'NONE',  ( 11.93934665312455934, -1.121271357917442923, 2.765970531077519556 ) ) ;
#90 = CARTESIAN_POINT ( 'NONE',  ( -12.26698421483857082, -2.907117606206206073, 0.6769651470533465387 ) ) ;
#91 = CARTESIAN_POINT ( 'NONE',  ( 12.20371288467796766, -2.654579879112467733, -1.364207772619611125 ) ) ;
#92 = CARTESIAN_POINT ( 'NONE',  ( -12.49678909792204529, -3.133491583620647614, -0.05503987697976757409 ) ) ;
#93 = CARTESIAN_POINT ( 'NONE',  ( 12.13352486138008146, -1.081336759471299258, 2.991265111468059956 ) ) ;
#94 = CARTESIAN_POINT ( 'NONE',  ( -12.04003105378739136, 1.856954860916975480, -2.336952490844043329 ) ) ;
#95 = CARTESIAN_POINT ( 'NONE',  ( -12.08644160275910195, 0.2586631237461495259, -3.176152345005660571 ) ) ;
#96 = CARTESIAN_POINT ( 'NONE',  ( -12.23791019473408070, 2.793772405580205120, 1.050926170502102019 ) ) ;
#97 = CARTESIAN_POINT ( 'NONE',  ( -11.93701433336821083, 1.098517991242597747, 2.775085237020820550 ) ) ;
#98 = CARTESIAN_POINT ( 'NONE',  ( -12.46599076503675896, 3.012591577464355019, -0.8783935569501692964 ) ) ;
#99 = CARTESIAN_POINT ( 'NONE',  ( 12.10557185616218767, 0.7171449087252609322, 3.102446799662528232 ) ) ;
#100 = CARTESIAN_POINT ( 'NONE',  ( -12.26819443364854934, 2.084719290007865045, 2.379439810195072447 ) ) ;
#101 = CARTESIAN_POINT ( 'NONE',  ( 11.93026797282923290, 1.031386869259300676, 2.801358878452448131 ) ) ;
#102 = CARTESIAN_POINT ( 'NONE',  ( 11.99610814932334790, -1.578256356092731405, 2.533516011588762495 ) ) ;
#103 = CARTESIAN_POINT ( 'NONE',  ( -12.26082942569534140, -2.883468780429709888, 0.7715065644090566277 ) ) ;
#104 = CARTESIAN_POINT ( 'NONE',  ( -12.31840426371113040, -2.353785796498074845, -2.104385560100462627 ) ) ;
#105 = CARTESIAN_POINT ( 'NONE',  ( 12.12289710503071483, -0.9601438083031178516, 3.034076544561977951 ) ) ;
#106 = CARTESIAN_POINT ( 'NONE',  ( -12.28713766984825462, 2.983301334378228198, 0.09769151848720888931 ) ) ;
#107 = CARTESIAN_POINT ( 'NONE',  ( -12.38313420895399730, -2.662337396226001740, 1.683912241506754448 ) ) ;
#108 = AXIS2_PLACEMENT_3D ( 'NONE', #275, #3967, #291 ) ;
#109 = CARTESIAN_POINT ( 'NONE',  ( -12.45603181811750204, -2.973460587082194184, 1.027209442936850126 ) ) ;
#110 = CARTESIAN_POINT ( 'NONE',  ( -12.24412362663154674, 2.818397869225852670, -0.9838834073691948845 ) ) ;
#111 = CARTESIAN_POINT ( 'NONE',  ( -11.88116354288939114, 0.09498784482683417241, 2.984585639522116640 ) ) ;
#112 = CIRCLE ( 'NONE', #600, 12.24279999999999902 ) ;
#113 = CARTESIAN_POINT ( 'NONE',  ( -12.30540774241396562, 2.287120849369769449, 2.179099888369070648 ) ) ;
#114 = CARTESIAN_POINT ( 'NONE',  ( 12.15538905984873885, 1.297781228718015045, 2.901215923493388527 ) ) ;
#115 = CARTESIAN_POINT ( 'NONE',  ( -12.21908196681460090, 1.784594460727133569, 2.620097751539480324 ) ) ;
#116 = CARTESIAN_POINT ( 'NONE',  ( 0.0000000000000000000, -76.99200000000000443, -2.753999999999992454 ) ) ;
#117 = CARTESIAN_POINT ( 'NONE',  ( 11.95163140368762633, -1.234141582117687985, 2.717404334403543231 ) ) ;
#118 = CARTESIAN_POINT ( 'NONE',  ( 12.10942624404913204, 2.228720372637484015, 1.984992727778238875 ) ) ;
#119 = LINE ( 'NONE', #4756, #688 ) ;
#120 = CARTESIAN_POINT ( 'NONE',  ( 12.10679826407065818, 0.7368822309521523284, -3.097658691198304837 ) ) ;
#121 = CARTESIAN_POINT ( 'NONE',  ( -12.25018364353087819, -2.842130604711321062, 0.9120402789213767347 ) ) ;
#122 = ORIENTED_EDGE ( 'NONE', *, *, #651, .F. ) ;
#123 = CYLINDRICAL_SURFACE ( 'NONE', #3259, 2.499999999999998668 ) ;
#124 = CARTESIAN_POINT ( 'NONE',  ( -12.42722592789994351, -2.853538142634618247, 1.317058747260190454 ) ) ;
#125 = CARTESIAN_POINT ( 'NONE',  ( 12.44844640504021172, 2.941595529707341949, 1.098546782297358693 ) ) ;
#126 = CARTESIAN_POINT ( 'NONE',  ( -12.22383898494875787, 2.737286059296859086, 1.189580854463682114 ) ) ;
#127 = ORIENTED_EDGE ( 'NONE', *, *, #12, .F. ) ;
#128 = ORIENTED_EDGE ( 'NONE', *, *, #2208, .F. ) ;
#129 = CARTESIAN_POINT ( 'NONE',  ( -12.49147284686191917, -3.113173286939983075, -0.4190084252543510024 ) ) ;
#130 = CARTESIAN_POINT ( 'NONE',  ( -12.17588601374023227, 2.536119628229117851, 1.574075152130416821 ) ) ;
#131 = CARTESIAN_POINT ( 'NONE',  ( 12.22401078030738120, -2.738024591659801388, -1.188622559333881723 ) ) ;
#132 = CARTESIAN_POINT ( 'NONE',  ( -12.34511890368575671, 2.485996951928759913, 1.942839505669291311 ) ) ;
#133 = CARTESIAN_POINT ( 'NONE',  ( 12.09849819715832275, 0.5905817329709661667, 3.129916982424583605 ) ) ;
#134 = ORIENTED_EDGE ( 'NONE', *, *, #1432, .F. ) ;
#135 = CARTESIAN_POINT ( 'NONE',  ( 11.89565287384798076, -0.5590933798102523111, 2.931766889434800571 ) ) ;
#136 = CARTESIAN_POINT ( 'NONE',  ( -12.18002360822664087, -1.504062981185476655, 2.795924930547533993 ) ) ;
#137 = DIRECTION ( 'NONE',  ( -0.0000000000000000000, -1.000000000000000000, -0.0000000000000000000 ) ) ;
#138 = CARTESIAN_POINT ( 'NONE',  ( -12.12259240065462684, -2.292766354134714746, 1.910774513422992538 ) ) ;
#139 = EDGE_CURVE ( 'NONE', #765, #247, #3796, .T. ) ;
#140 = CARTESIAN_POINT ( 'NONE',  ( -12.45431952381585461, -2.965530884147614010, -1.029834417453630024 ) ) ;
#141 = CARTESIAN_POINT ( 'NONE',  ( 12.49680507195482804, 3.133553159304390157, 0.02375005567448121302 ) ) ;
#142 = CARTESIAN_POINT ( 'NONE',  ( -12.27453469185615553, 2.935863207932764674, 0.5371728228831912366 ) ) ;
#143 = CARTESIAN_POINT ( 'NONE',  ( -12.41155394608341744, -2.786895506702407488, 1.457896268644329085 ) ) ;
#144 = CARTESIAN_POINT ( 'NONE',  ( 12.08369213283577537, -0.05158923598386129517, -3.186596167060459006 ) ) ;
#145 = CARTESIAN_POINT ( 'NONE',  ( -12.10973410869851108, 2.230291932675669386, 1.983367079246979303 ) ) ;
#146 = ADVANCED_FACE ( 'NONE', ( #1735, #3064 ), #2661, .T. ) ;
#147 = CARTESIAN_POINT ( 'NONE',  ( 12.19546821371712397, -2.619982164053727303, -1.429521951357668463 ) ) ;
#148 = CARTESIAN_POINT ( 'NONE',  ( -12.28850630752065598, 2.197326938905427074, 2.272218486059188081 ) ) ;
#149 = CARTESIAN_POINT ( 'NONE',  ( -12.21134680214921886, 2.686232057440836929, 1.300768223748644870 ) ) ;
#150 = CARTESIAN_POINT ( 'NONE',  ( 12.32077684540311857, 2.365536800248173144, 2.090112305807816817 ) ) ;
#151 = CARTESIAN_POINT ( 'NONE',  ( -12.09707295841367625, 0.5616485238269424141, 3.135419854242621263 ) ) ;
#152 = APPROVAL ( #3641, 'UNSPECIFIED' ) ;
#153 = CARTESIAN_POINT ( 'NONE',  ( -12.26207520774085680, -2.888249410358643576, -0.7522359653941181890 ) ) ;
#154 = CARTESIAN_POINT ( 'NONE',  ( 12.20364075143579541, 2.654348310567104186, 1.365296905300782404 ) ) ;
#155 = CARTESIAN_POINT ( 'NONE',  ( 0.0000000000000000000, -67.34000000000000341, -2.499999999999996891 ) ) ;
#156 = CARTESIAN_POINT ( 'NONE',  ( -11.96186217075780789, -1.321664466798885051, 2.676345060714484525 ) ) ;
#157 = CARTESIAN_POINT ( 'NONE',  ( -12.11176087379115707, -0.8119016189531399474, -3.078199351647251003 ) ) ;
#158 = CARTESIAN_POINT ( 'NONE',  ( 12.49412271064295332, 3.123198943761182900, -0.2638150691097945755 ) ) ;
#159 = ADVANCED_FACE ( 'NONE', ( #3908 ), #995, .F. ) ;
#160 = CARTESIAN_POINT ( 'NONE',  ( -12.18673600022835579, 2.582951961005369057, 1.495987013332219950 ) ) ;
#161 = DIRECTION ( 'NONE',  ( -0.0000000000000000000, -1.000000000000000000, -0.0000000000000000000 ) ) ;
#162 = CARTESIAN_POINT ( 'NONE',  ( -11.98678757842395193, 1.512211543987135753, -2.573139096125730330 ) ) ;
#163 = CARTESIAN_POINT ( 'NONE',  ( 12.28063113063592837, -2.958898880833772171, 0.3908509607202245717 ) ) ;
#164 = CARTESIAN_POINT ( 'NONE',  ( 12.44844640504021172, 2.941595529707341949, 1.098546782297358693 ) ) ;
#165 = CARTESIAN_POINT ( 'NONE',  ( -12.15786349863384075, 1.319251069078407168, 2.890743353013707218 ) ) ;
#166 = CARTESIAN_POINT ( 'NONE',  ( -11.88648316417238782, -0.3413729259880583511, -2.965313122838186377 ) ) ;
#167 = CARTESIAN_POINT ( 'NONE',  ( 12.28481251604815583, 2.974601882448644652, 0.2441107642461302907 ) ) ;
#168 = CARTESIAN_POINT ( 'NONE',  ( 12.11438431102776647, 2.253029793984777207, 1.957357271724446068 ) ) ;
#169 = EDGE_CURVE ( 'NONE', #4538, #3460, #1851, .T. ) ;
#170 = CARTESIAN_POINT ( 'NONE',  ( 12.19714255935738834, 1.632672079670948406, -2.720277702816194410 ) ) ;
#171 = CARTESIAN_POINT ( 'NONE',  ( -11.91833448853506461, -0.8958545679707686782, 2.846982357739371139 ) ) ;
#172 = APPROVAL_PERSON_ORGANIZATION ( #347, #1695, #1718 ) ;
#173 = CARTESIAN_POINT ( 'NONE',  ( -12.21890378384062892, -1.783045433962330506, -2.620808652634524893 ) ) ;
#174 = CARTESIAN_POINT ( 'NONE',  ( 12.47874950733705113, 3.063214455973534811, 0.6733719517165912549 ) ) ;
#175 = CARTESIAN_POINT ( 'NONE',  ( -11.96745275679111842, 1.366781593413938456, 2.653587398084040760 ) ) ;
#176 = CIRCLE ( 'NONE', #2421, 0.2540000000000007807 ) ;
#177 = AXIS2_PLACEMENT_3D ( 'NONE', #811, #1886, #4109 ) ;
#178 = CARTESIAN_POINT ( 'NONE',  ( 11.95399201975262393, -1.254835588464658258, -2.707992686468756904 ) ) ;
#179 = CARTESIAN_POINT ( 'NONE',  ( -12.34615975344733485, -2.492631512767560231, 1.942331978045814811 ) ) ;
#180 = CARTESIAN_POINT ( 'NONE',  ( -12.10060240827600708, 2.184865419938054387, -2.033271770427294456 ) ) ;
#181 = CARTESIAN_POINT ( 'NONE',  ( 12.28745839334779255, -2.984498484913297389, 0.04888161089562867434 ) ) ;
#182 = CARTESIAN_POINT ( 'NONE',  ( -12.08265435578734248, 2.092820141271907630, 2.127896842804185340 ) ) ;
#183 = CARTESIAN_POINT ( 'NONE',  ( 12.46621740913153253, 3.013498060462945105, 0.8751779123700471619 ) ) ;
#184 = TOROIDAL_SURFACE ( 'NONE', #1497, 12.62380000000000102, 0.1270000000000000018 ) ;
#185 = CARTESIAN_POINT ( 'NONE',  ( -12.14747543622125647, -2.409270856601456234, -1.761605908582142721 ) ) ;
#186 = CARTESIAN_POINT ( 'NONE',  ( 11.98758414839160658, 1.517950727784366016, 2.569760437577876200 ) ) ;
#187 = ORIENTED_EDGE ( 'NONE', *, *, #3464, .T. ) ;
#188 = CARTESIAN_POINT ( 'NONE',  ( 0.0000000000000000000, -77.24599999999999511, 0.0000000000000000000 ) ) ;
#189 = ORIENTED_EDGE ( 'NONE', *, *, #206, .F. ) ;
#190 = CARTESIAN_POINT ( 'NONE',  ( -11.88655669012415217, -0.3919486375369400366, 2.965312505095859308 ) ) ;
#191 = EDGE_LOOP ( 'NONE', ( #1101, #1979 ) ) ;
#192 = CARTESIAN_POINT ( 'NONE',  ( -12.18407944956411093, 2.571448293972272925, -1.514940554211706258 ) ) ;
#193 = CARTESIAN_POINT ( 'NONE',  ( -11.88160815296319761, 0.09838181751108832085, -2.982979707345239095 ) ) ;
#194 = CARTESIAN_POINT ( 'NONE',  ( 12.45270052848706044, 2.958952089464711221, 1.049224703425828187 ) ) ;
#195 = CARTESIAN_POINT ( 'NONE',  ( -11.89458993748217353, -0.5381979045019427144, 2.935675585865885839 ) ) ;
#196 = CARTESIAN_POINT ( 'NONE',  ( -12.28746378586879473, -2.984518620977377967, 0.02224155326447815190 ) ) ;
#197 = CARTESIAN_POINT ( 'NONE',  ( -12.08360715976052546, -0.002787689604891174788, 3.186918299640601582 ) ) ;
#198 = EDGE_LOOP ( 'NONE', ( #3408, #2835, #4599, #3061 ) ) ;
#199 = CARTESIAN_POINT ( 'NONE',  ( -11.94439668415765254, 1.169054489481211823, -2.746122234263232542 ) ) ;
#200 = CARTESIAN_POINT ( 'NONE',  ( 12.46585229574882803, 3.012010439712818233, -0.8793079024772152419 ) ) ;
#201 = CARTESIAN_POINT ( 'NONE',  ( 12.00996191091502574, -1.670627687113459992, -2.473137675226566579 ) ) ;
#202 = CARTESIAN_POINT ( 'NONE',  ( -12.40882865441627381, 2.775064089485224095, -1.480378579653528703 ) ) ;
#203 = CARTESIAN_POINT ( 'NONE',  ( 12.05984499862250203, 1.970105531943262545, 2.242381643112026701 ) ) ;
#204 = DIRECTION ( 'NONE',  ( 0.0000000000000000000, 0.0000000000000000000, 1.000000000000000000 ) ) ;
#205 = CARTESIAN_POINT ( 'NONE',  ( 12.06310067132096364, -1.987870033777841217, -2.226254758289231805 ) ) ;
#206 = EDGE_CURVE ( 'NONE', #1922, #2141, #2778, .T. ) ;
#207 = CARTESIAN_POINT ( 'NONE',  ( -12.29837384587081495, -2.250272736911953952, -2.218420693228668750 ) ) ;
#208 = CARTESIAN_POINT ( 'NONE',  ( 12.35764182530238386, 2.544691048074532613, -1.859883876259960322 ) ) ;
#209 = B_SPLINE_CURVE_WITH_KNOTS ( 'NONE', 3,
 ( #248, #1722, #607, #1017, #2472, #3582, #1029, #3596, #3984, #4320, #669, #1417, #2125, #1405, #1773, #2143, #4692, #4286, #3257, #4270, #2100, #2456, #2571, #2949, #2898, #1833, #4407, #4383, #3271, #1819, #3644, #4726 ),
 .UNSPECIFIED., .F., .F.,
 ( 4, 2, 2, 2, 2, 2, 2, 2, 2, 2, 2, 2, 2, 2, 2, 4 ),
 ( 0.0000000000000000000, 0.03125000000000003469, 0.06250000000000005551, 0.09375000000000006939, 0.1250000000000000833, 0.1562500000000001110, 0.1875000000000001388, 0.2500000000000001110, 0.2656250000000001110, 0.2812500000000001665, 0.3125000000000001110, 0.3437500000000001110, 0.3750000000000000555, 0.4375000000000000555, 0.4687500000000000000, 0.5000000000000000000 ),
 .UNSPECIFIED. ) ;
#210 = CARTESIAN_POINT ( 'NONE',  ( -12.00256271860485668, -1.622131381011501894, 2.505653742523626271 ) ) ;
#211 = CARTESIAN_POINT ( 'NONE',  ( -12.09017092990430697, 2.131774597328111476, -2.088738585816416915 ) ) ;
#212 = CARTESIAN_POINT ( 'NONE',  ( 12.33901482920033743, 2.455755778749101559, 1.979685485675914958 ) ) ;
#213 = CC_DESIGN_APPROVAL ( #4723, ( #3115 ) ) ;
#214 = CARTESIAN_POINT ( 'NONE',  ( -12.03335217402334401, -1.817291885184767697, -2.367928771091057705 ) ) ;
#215 = CARTESIAN_POINT ( 'NONE',  ( -12.34518110987203166, 2.485665772890731429, -1.941206859298716614 ) ) ;
#216 = CARTESIAN_POINT ( 'NONE',  ( 12.25192680619212737, 2.848915868539697804, 0.8896710097938119732 ) ) ;
#217 = CARTESIAN_POINT ( 'NONE',  ( 12.13231677969837641, 2.338957878690183012, 1.853944293016084766 ) ) ;
#218 = CARTESIAN_POINT ( 'NONE',  ( 11.92409538698076332, 0.9628494416113644316, 2.825019831928829550 ) ) ;
#219 = CARTESIAN_POINT ( 'NONE',  ( 11.93721312845132054, -1.100478267298326429, -2.774309626993640254 ) ) ;
#220 = CARTESIAN_POINT ( 'NONE',  ( 12.08908556447597960, -0.3614854575597713504, -3.166077915437401025 ) ) ;
#221 = CARTESIAN_POINT ( 'NONE',  ( -11.88823984254260502, 0.3929441280575337037, -2.958923284827679190 ) ) ;
#222 = CARTESIAN_POINT ( 'NONE',  ( 12.11005494674630611, 0.7869192329724876700, -3.084902390242304282 ) ) ;
#223 = CARTESIAN_POINT ( 'NONE',  ( 12.01439298279067458, -1.699717581978248404, 2.453680298591676578 ) ) ;
#224 = CARTESIAN_POINT ( 'NONE',  ( -11.91231676275556595, 0.8210185050463965073, 2.869765531932126912 ) ) ;
#225 = CARTESIAN_POINT ( 'NONE',  ( -12.26051197583243457, 2.882240396394506909, 0.7760907459606910530 ) ) ;
#226 = APPLICATION_CONTEXT ( 'configuration controlled 3d designs of mechanical parts and assemblies' ) ;
#227 = CARTESIAN_POINT ( 'NONE',  ( -12.09565240300122468, 2.159811796010940643, -2.059757495975290897 ) ) ;
#228 = CARTESIAN_POINT ( 'NONE',  ( 12.36465677682549646, 2.577531091236043626, 1.813053918206755322 ) ) ;
#229 = CARTESIAN_POINT ( 'NONE',  ( -11.99580393516433752, -1.575749905371184090, -2.534728114427804879 ) ) ;
#230 = CARTESIAN_POINT ( 'NONE',  ( 12.15689896988381413, 2.452006982941480562, -1.701618500449163296 ) ) ;
#231 = CARTESIAN_POINT ( 'NONE',  ( 12.17569708993423205, 2.535714293139747610, 1.576957305930341668 ) ) ;
#232 = EDGE_CURVE ( 'NONE', #1799, #1922, #2831, .T. ) ;
#233 = CARTESIAN_POINT ( 'NONE',  ( 11.97582661608441157, 1.431170541411130870, 2.618993458802755470 ) ) ;
#234 = CARTESIAN_POINT ( 'NONE',  ( -12.24545063579950011, -1.951459284541979811, 2.494007245515446058 ) ) ;
#235 = CARTESIAN_POINT ( 'NONE',  ( -2.856403312780321156E-15, 76.99200000000000443, 4.572000000000034703 ) ) ;
#236 = CIRCLE ( 'NONE', #3801, 2.499999999999998668 ) ;
#237 = CARTESIAN_POINT ( 'NONE',  ( 12.02898804835560220, 1.790546217199411760, -2.387840602426938741 ) ) ;
#238 = CARTESIAN_POINT ( 'NONE',  ( 12.46027997129472986, 2.989637667508654228, -0.9550240051970222410 ) ) ;
#239 = CARTESIAN_POINT ( 'NONE',  ( -11.88576729123361453, 0.3152018971599851449, 2.967911942225322619 ) ) ;
#240 = ORIENTED_EDGE ( 'NONE', *, *, #3464, .F. ) ;
#241 = CARTESIAN_POINT ( 'NONE',  ( -12.24983970438779046, 2.840787705444498545, 0.9162631054462281321 ) ) ;
#242 = ORIENTED_EDGE ( 'NONE', *, *, #4437, .F. ) ;
#243 = DATE_TIME_ROLE ( 'creation_date' ) ;
#244 = CARTESIAN_POINT ( 'NONE',  ( 11.96332630409354714, -1.333239600126193247, 2.670358453346812766 ) ) ;
#245 = CARTESIAN_POINT ( 'NONE',  ( 12.21134680214923485, -2.686232057440833820, 1.300768223748649755 ) ) ;
#246 = ORIENTED_EDGE ( 'NONE', *, *, #2366, .F. ) ;
#247 = VERTEX_POINT ( 'NONE', #3687 ) ;
#248 = CARTESIAN_POINT ( 'NONE',  ( 12.08360682715019863, 2.541098841762901017E-17, -3.186919560774800431 ) ) ;
#249 = CARTESIAN_POINT ( 'NONE',  ( 12.28580123405432190, 2.978304290259282894, -0.1983401223217166609 ) ) ;
#250 = PLANE ( 'NONE',  #1223 ) ;
#251 = CARTESIAN_POINT ( 'NONE',  ( -12.31897117196661995, 2.360725744647429902, 2.106063777909102264 ) ) ;
#252 = CARTESIAN_POINT ( 'NONE',  ( 11.91993985023759173, -0.9159012914863624566, -2.840906499837948296 ) ) ;
#253 = CARTESIAN_POINT ( 'NONE',  ( 11.88118748239987887, 0.002212604427201936112, 2.984499212629857734 ) ) ;
#254 = CARTESIAN_POINT ( 'NONE',  ( -2.856403312780321156E-15, 77.50000000000000000, 0.0000000000000000000 ) ) ;
#255 = CARTESIAN_POINT ( 'NONE',  ( 12.45431952381585639, 2.965530884147608681, -1.029834417453628248 ) ) ;
#256 = CARTESIAN_POINT ( 'NONE',  ( 11.89955451094933458, -0.6312985408663916997, 2.917380947591432072 ) ) ;
#257 = CARTESIAN_POINT ( 'NONE',  ( -11.94678223713263421, -1.191575745778530537, 2.736741445525785021 ) ) ;
#258 = DIRECTION ( 'NONE',  ( 0.0000000000000000000, 0.7071067811865813235, 0.7071067811865137109 ) ) ;
#259 = CARTESIAN_POINT ( 'NONE',  ( 12.09713658217442855, -0.5646273833679945620, -3.135188687915174910 ) ) ;
#260 = EDGE_CURVE ( 'NONE', #3460, #358, #2426, .T. ) ;
#261 = CARTESIAN_POINT ( 'NONE',  ( 0.0000000000000000000, 76.73799999999998533, 0.0000000000000000000 ) ) ;
#262 = CARTESIAN_POINT ( 'NONE',  ( 11.98399287687115233, 1.492432593220683668, -2.585005132990207954 ) ) ;
#263 = PLANE ( 'NONE',  #4471 ) ;
#264 = ADVANCED_FACE ( 'NONE', ( #3291, #1336 ), #3956, .T. ) ;
#265 = AXIS2_PLACEMENT_3D ( 'NONE', #3120, #137, #933 ) ;
#266 = CARTESIAN_POINT ( 'NONE',  ( 11.93234858157393852, 1.051523250756605021, -2.793233681808481528 ) ) ;
#267 = CARTESIAN_POINT ( 'NONE',  ( 12.27826284047954353, 2.141498754204587129, -2.327127972688582069 ) ) ;
#268 = CARTESIAN_POINT ( 'NONE',  ( 12.07258248304990644, 2.039647194031406485, -2.179318712644424227 ) ) ;
#269 = CARTESIAN_POINT ( 'NONE',  ( -12.26075406311643690, -2.883174071833143337, 0.7726059361419271854 ) ) ;
#270 = DIRECTION ( 'NONE',  ( 0.0000000000000000000, 0.0000000000000000000, 1.000000000000000000 ) ) ;
#271 = CARTESIAN_POINT ( 'NONE',  ( 11.88118726154839955, 2.264365315854195201E-14, 2.984500000031062861 ) ) ;
#272 = CARTESIAN_POINT ( 'NONE',  ( 12.13368690449042830, -1.083095296250720097, -2.990607901038242478 ) ) ;
#273 = CARTESIAN_POINT ( 'NONE',  ( -11.95163140368761034, 1.234141582117692426, 2.717404334403541011 ) ) ;
#274 = CARTESIAN_POINT ( 'NONE',  ( -12.28713766984825462, 2.983301334378228198, 0.09769151848720888931 ) ) ;
#275 = CARTESIAN_POINT ( 'NONE',  ( 0.0000000000000000000, -77.50000000000000000, 0.0000000000000000000 ) ) ;
#276 = CARTESIAN_POINT ( 'NONE',  ( -12.47992545473400483, 3.067831217680086819, -0.6497216060828981954 ) ) ;
#277 = CARTESIAN_POINT ( 'NONE',  ( 12.23736551233371550, 2.791603649613934035, -1.056686301550303630 ) ) ;
#278 = CARTESIAN_POINT ( 'NONE',  ( -11.90376774580709451, -0.7008109786906554506, -2.901782455568556518 ) ) ;
#279 = DIRECTION ( 'NONE',  ( 0.0000000000000000000, 0.0000000000000000000, 1.000000000000000000 ) ) ;
#280 = CARTESIAN_POINT ( 'NONE',  ( 12.13200305269115553, -2.337629047321931886, -1.856091263790861312 ) ) ;
#281 = CARTESIAN_POINT ( 'NONE',  ( 12.09077955792302816, -0.4125661355403296149, -3.159608140475578253 ) ) ;
#282 = CARTESIAN_POINT ( 'NONE',  ( 11.95115530562430095, 1.230660263721439218, -2.719388230171182030 ) ) ;
#283 = CARTESIAN_POINT ( 'NONE',  ( 11.88160815296321893, -0.09838181751109235929, -2.982979707345238651 ) ) ;
#284 = CARTESIAN_POINT ( 'NONE',  ( 12.11205147383845926, 2.241837678285947266, -1.970723949679139775 ) ) ;
#285 = CARTESIAN_POINT ( 'NONE',  ( -12.28072431804489462, -2.959256417815228524, 0.3904180220036533311 ) ) ;
#286 = CYLINDRICAL_SURFACE ( 'NONE', #861, 3.810000000000000053 ) ;
#287 = DIRECTION ( 'NONE',  ( 0.0000000000000000000, 0.0000000000000000000, -1.000000000000000000 ) ) ;
#288 = CARTESIAN_POINT ( 'NONE',  ( 12.14786689402263420, -1.227170140713621072, -2.932481493016447782 ) ) ;
#289 = TOROIDAL_SURFACE ( 'NONE', #4204, 12.62380000000000102, 0.1270000000000000018 ) ;
#290 = CARTESIAN_POINT ( 'NONE',  ( -12.02117927116951002, -1.742669209541242159, 2.423364719267224299 ) ) ;
#291 = DIRECTION ( 'NONE',  ( 0.0000000000000000000, 0.0000000000000000000, -1.000000000000000000 ) ) ;
#292 = CARTESIAN_POINT ( 'NONE',  ( -12.47568396939981383, 3.051108363061115991, -0.7266200596442228266 ) ) ;
#293 = CARTESIAN_POINT ( 'NONE',  ( 12.09894056764098025, 2.176668169397939945, -2.042475157514930029 ) ) ;
#294 = CIRCLE ( 'NONE', #689, 0.2540000000000007807 ) ;
#295 = EDGE_CURVE ( 'NONE', #4028, #4707, #753, .T. ) ;
#296 = CARTESIAN_POINT ( 'NONE',  ( -12.18790706259590806, 1.573416352518407280, -2.763861758585495210 ) ) ;
#297 = CARTESIAN_POINT ( 'NONE',  ( 12.27873838777079385, -2.143888683930112116, -2.324419816135552264 ) ) ;
#298 = ORIENTED_EDGE ( 'NONE', *, *, #2393, .F. ) ;
#299 = CARTESIAN_POINT ( 'NONE',  ( 11.91993985023759173, -0.9159012914863624566, -2.840906499837948296 ) ) ;
#300 = CARTESIAN_POINT ( 'NONE',  ( 12.00490294917044842, 1.637400422808132472, -2.495347182564053856 ) ) ;
#301 = ORIENTED_EDGE ( 'NONE', *, *, #4674, .F. ) ;
#302 = B_SPLINE_CURVE_WITH_KNOTS ( 'NONE', 3,
 ( #3921, #2085, #624, #642, #310, #3612, #296, #2146, #1358, #4678, #2477, #2492, #2865, #1747, #3225, #2883, #3200, #4636, #1009, #3210, #1049, #1020, #3953, #658, #251, #3571, #1372, #4304, #3244, #610, #1761, #4325 ),
 .UNSPECIFIED., .F., .F.,
 ( 4, 2, 2, 2, 2, 2, 2, 2, 2, 2, 2, 2, 2, 2, 2, 4 ),
 ( 0.0000000000000000000, 0.03124999999999997918, 0.06249999999999995837, 0.09374999999999994449, 0.1249999999999999167, 0.1562499999999998890, 0.1874999999999998890, 0.2499999999999998890, 0.2656249999999998890, 0.2812499999999998890, 0.3124999999999998335, 0.3437499999999998335, 0.3749999999999997780, 0.4374999999999998890, 0.4687499999999998890, 0.5000000000000000000 ),
 .UNSPECIFIED. ) ;
#303 = CARTESIAN_POINT ( 'NONE',  ( -12.25524699994635824, -2.861841345577881945, -0.8471796495709064123 ) ) ;
#304 = CARTESIAN_POINT ( 'NONE',  ( -12.17531862125450104, 2.533638487136788076, -1.578074275652344038 ) ) ;
#305 = CARTESIAN_POINT ( 'NONE',  ( 12.00529280370983187, -1.639900560034532662, 2.493617584401698561 ) ) ;
#306 = CARTESIAN_POINT ( 'NONE',  ( 12.15546345642089676, -1.297851684615987100, -2.900834038356201461 ) ) ;
#307 = CARTESIAN_POINT ( 'NONE',  ( -11.97598891359684181, -1.432528425803790695, 2.618339683851452104 ) ) ;
#308 = ORIENTED_EDGE ( 'NONE', *, *, #2632, .F. ) ;
#309 = CARTESIAN_POINT ( 'NONE',  ( -11.88118725755051663, -0.0004425346083369110259, 2.984500000000001041 ) ) ;
#310 = CARTESIAN_POINT ( 'NONE',  ( -12.12601287544484663, 1.013916832123290757, -3.022683798450602755 ) ) ;
#311 = CARTESIAN_POINT ( 'NONE',  ( 12.41694902318270799, -2.809958046577362367, -1.410651065902857049 ) ) ;
#312 = CARTESIAN_POINT ( 'NONE',  ( 12.20355007018985738, 2.653977326030960704, -1.366085777556558245 ) ) ;
#313 = CARTESIAN_POINT ( 'NONE',  ( 11.88456360368893883, -0.2709033651664079501, -2.972281369106863469 ) ) ;
#314 = CARTESIAN_POINT ( 'NONE',  ( -12.28711212802102004, -2.983205938040171201, -0.1005859519525853507 ) ) ;
#315 = CARTESIAN_POINT ( 'NONE',  ( -12.42468714333354463, -2.842831936509410795, 1.340791309884809879 ) ) ;
#316 = SECURITY_CLASSIFICATION_LEVEL ( 'unclassified' ) ;
#317 = CARTESIAN_POINT ( 'NONE',  ( 12.26959474175466802, -2.917082426706306020, -0.6326043997719141831 ) ) ;
#318 = CARTESIAN_POINT ( 'NONE',  ( 12.16600928040328355, -1.390669078663227864, -2.856353829012427514 ) ) ;
#319 = CARTESIAN_POINT ( 'NONE',  ( -12.05984499862248605, -1.970105531943263877, 2.242381643112024481 ) ) ;
#320 = CARTESIAN_POINT ( 'NONE',  ( -12.20943025167265539, -1.719165439904843717, -2.664590633954655452 ) ) ;
#321 = EDGE_CURVE ( 'NONE', #1799, #474, #1919, .T. ) ;
#322 = CARTESIAN_POINT ( 'NONE',  ( 0.0000000000000000000, -72.67400000000000659, 0.0000000000000000000 ) ) ;
#323 = CARTESIAN_POINT ( 'NONE',  ( 12.18856690699636935, 1.571959601710660737, 2.758879916510094343 ) ) ;
#324 = DIRECTION ( 'NONE',  ( -1.000000000000000000, 0.0000000000000000000, 0.0000000000000000000 ) ) ;
#325 = CARTESIAN_POINT ( 'NONE',  ( -12.21923226345833413, 1.785590710761934208, -2.619397345406588862 ) ) ;
#326 = CARTESIAN_POINT ( 'NONE',  ( 12.28548079105688906, -2.180912236884996247, -2.288516027176642709 ) ) ;
#327 = CARTESIAN_POINT ( 'NONE',  ( -12.10557185616218234, -0.7171449087252639298, 3.102446799662545995 ) ) ;
#328 = CARTESIAN_POINT ( 'NONE',  ( 12.04452771210209505, 1.882860030013328245, -2.315625990893116715 ) ) ;
#329 = CARTESIAN_POINT ( 'NONE',  ( 12.01454076172746355, -1.700666449486943232, -2.453024379274137523 ) ) ;
#330 = CARTESIAN_POINT ( 'NONE',  ( 11.98399287687115233, 1.492432593220683668, -2.585005132990207954 ) ) ;
#331 = B_SPLINE_CURVE_WITH_KNOTS ( 'NONE', 3,
 ( #1065, #4367, #2177, #4728, #1450, #1406, #4712, #323, #2899, #4384, #1774, #2541, #687, #4396, #4016, #2572, #1030, #342, #2211, #2916, #1821, #1834, #4757, #708, #3284, #1077, #2192, #4745, #2880, #361, #2932, #2863, #3241, #3597, #3258, #3968 ),
 .UNSPECIFIED., .F., .F.,
 ( 4, 2, 2, 2, 2, 2, 2, 2, 2, 2, 2, 2, 2, 2, 2, 2, 2, 4 ),
 ( 0.5000000000000000000, 0.5312500000000000000, 0.5625000000000000000, 0.5781250000000000000, 0.5937500000000000000, 0.6250000000000000000, 0.6562500000000000000, 0.6875000000000000000, 0.7187500000000001110, 0.7343750000000001110, 0.7500000000000001110, 0.7812500000000002220, 0.8125000000000002220, 0.8750000000000002220, 0.8906250000000002220, 0.9062500000000002220, 0.9375000000000002220, 1.000000000000000000 ),
 .UNSPECIFIED. ) ;
#332 = DIRECTION ( 'NONE',  ( 0.0000000000000000000, -0.7071067811865741071, -0.7071067811865209274 ) ) ;
#333 = CARTESIAN_POINT ( 'NONE',  ( -12.46027997129473164, -2.989637667508667995, -0.9550240051970093624 ) ) ;
#334 = CARTESIAN_POINT ( 'NONE',  ( 12.18458449435815538, -2.573650745634754156, 1.511342405050714710 ) ) ;
#335 = CARTESIAN_POINT ( 'NONE',  ( 12.44161313152045345, -2.913562706366335853, 1.174142235747744456 ) ) ;
#336 = CARTESIAN_POINT ( 'NONE',  ( -11.98464383015775248, -1.496745915441454189, 2.582168968988226343 ) ) ;
#337 = CARTESIAN_POINT ( 'NONE',  ( -12.30506998725490142, -2.285361991388941139, -2.181003193794920136 ) ) ;
#338 = CARTESIAN_POINT ( 'NONE',  ( -12.28490125327423321, 2.974937418635331454, -0.2436860220551921585 ) ) ;
#339 = DIRECTION ( 'NONE',  ( 0.0000000000000000000, 0.0000000000000000000, 1.000000000000000000 ) ) ;
#340 = DIRECTION ( 'NONE',  ( 0.0000000000000000000, 0.0000000000000000000, 1.000000000000000000 ) ) ;
#341 = CARTESIAN_POINT ( 'NONE',  ( -12.09291420496901281, 2.146101219379874081, -2.074572701216137904 ) ) ;
#342 = CARTESIAN_POINT ( 'NONE',  ( 12.48639826640544470, 3.093248184820620139, 0.5199775121220790997 ) ) ;
#343 = CARTESIAN_POINT ( 'NONE',  ( -12.28577998453016740, -2.978224343119782347, 0.1950030344266458493 ) ) ;
#344 = CARTESIAN_POINT ( 'NONE',  ( -12.14297960440540258, 1.179481313292082723, -2.952653794282110500 ) ) ;
#345 = CARTESIAN_POINT ( 'NONE',  ( 12.21905020272467901, 2.717821364247340998, 1.233404783596851351 ) ) ;
#346 = CARTESIAN_POINT ( 'NONE',  ( 12.37666769735210792, -2.632673652061100711, -1.729165762006595219 ) ) ;
#347 = PERSON_AND_ORGANIZATION ( #2827, #1435 ) ;
#348 = CARTESIAN_POINT ( 'NONE',  ( 12.21160156362377158, 2.687402923182207637, -1.299699786496280929 ) ) ;
#349 = CARTESIAN_POINT ( 'NONE',  ( 11.94682728303726371, -1.191355290891096042, -2.736514788907570939 ) ) ;
#350 = CARTESIAN_POINT ( 'NONE',  ( -11.93702545367672485, -1.099301271030780347, -2.775093328789973945 ) ) ;
#351 = CARTESIAN_POINT ( 'NONE',  ( 11.89565287384798076, -0.5590933798102523111, 2.931766889434800571 ) ) ;
#352 = CARTESIAN_POINT ( 'NONE',  ( -12.16951012670127064, -2.508231797294401932, -1.618231508490339365 ) ) ;
#353 = CARTESIAN_POINT ( 'NONE',  ( -12.49644742291901345, -3.132174926400729031, -0.1074080542190930521 ) ) ;
#354 = LINE ( 'NONE', #4228, #821 ) ;
#355 = CARTESIAN_POINT ( 'NONE',  ( 12.07037591787181974, -2.027522711948271272, 2.190207321174171717 ) ) ;
#356 = CARTESIAN_POINT ( 'NONE',  ( 12.41673572166222428, -2.809047006494977072, 1.412529672580273177 ) ) ;
#357 = ORIENTED_EDGE ( 'NONE', *, *, #4743, .F. ) ;
#358 = VERTEX_POINT ( 'NONE', #4656 ) ;
#359 = CARTESIAN_POINT ( 'NONE',  ( -12.48593017177607756, 3.091361393546924852, 0.5217580859651033132 ) ) ;
#360 = CARTESIAN_POINT ( 'NONE',  ( 0.0000000000000000000, -67.34000000000000341, -2.499999999999996891 ) ) ;
#361 = CARTESIAN_POINT ( 'NONE',  ( 12.23823691991012730, 1.908429206700122949, -2.529851823164876112 ) ) ;
#362 = ORIENTED_EDGE ( 'NONE', *, *, #4261, .T. ) ;
#363 = AXIS2_PLACEMENT_3D ( 'NONE', #3324, #2191, #3689 ) ;
#364 = CARTESIAN_POINT ( 'NONE',  ( 12.48372596116586486, -3.082743159864537397, -0.5720779347735325260 ) ) ;
#365 = ORIENTED_EDGE ( 'NONE', *, *, #1249, .F. ) ;
#366 = CARTESIAN_POINT ( 'NONE',  ( 12.08473573024802583, 2.103631105527725698, -2.117081443294035470 ) ) ;
#367 = CARTESIAN_POINT ( 'NONE',  ( 12.28063113063592837, -2.958898880833772171, 0.3908509607202245717 ) ) ;
#368 = CARTESIAN_POINT ( 'NONE',  ( -12.05942743790040517, -1.967786041929018959, -2.244417249110048473 ) ) ;
#369 = CARTESIAN_POINT ( 'NONE',  ( 11.97861005478749163, -1.452740775639787651, 2.607520337973608715 ) ) ;
#370 = CARTESIAN_POINT ( 'NONE',  ( -12.13898182205785936, -2.370265459359617743, -1.814241949630623019 ) ) ;
#371 = CARTESIAN_POINT ( 'NONE',  ( 12.08529127754709442, -2.106524135211876647, 2.114202812376703378 ) ) ;
#372 = CARTESIAN_POINT ( 'NONE',  ( -12.39492025025770872, -2.714685974061616047, 1.595135676471213237 ) ) ;
#373 = CARTESIAN_POINT ( 'NONE',  ( 12.47857877392975290, -3.062542368365722023, 0.6765595222368924189 ) ) ;
#374 = CARTESIAN_POINT ( 'NONE',  ( -12.04938666306000350, 1.910916802335123510, 2.292617500889508886 ) ) ;
#375 = CARTESIAN_POINT ( 'NONE',  ( -12.11184217579274502, 0.8142008455161640068, -3.077898810474622326 ) ) ;
#376 = CARTESIAN_POINT ( 'NONE',  ( 12.14762549994508944, -1.224857289372735192, 2.933481166315116795 ) ) ;
#377 = CARTESIAN_POINT ( 'NONE',  ( 12.06508180036942335, 1.998669000133600493, -2.216432677966771347 ) ) ;
#378 = CARTESIAN_POINT ( 'NONE',  ( 12.18673600022837000, -2.582951961005367281, 1.495987013332223059 ) ) ;
#379 = CARTESIAN_POINT ( 'NONE',  ( 11.92393428482141005, 0.9652770434019297685, 2.825774281053673231 ) ) ;
#380 = CARTESIAN_POINT ( 'NONE',  ( -11.89204181785381209, -0.4862186387112598096, -2.945031310903426292 ) ) ;
#381 = CARTESIAN_POINT ( 'NONE',  ( -12.22374310131980124, -2.736899107313467638, -1.190458834311786784 ) ) ;
#382 = CARTESIAN_POINT ( 'NONE',  ( 12.28747948076221519, -2.984580079315505952, 0.1933570723880811415 ) ) ;
#383 = CARTESIAN_POINT ( 'NONE',  ( -12.09364965050255769, 0.4851770146008009266, 3.148597199006593073 ) ) ;
#384 = CARTESIAN_POINT ( 'NONE',  ( 12.44609998766246051, -2.932016690896595890, 1.125618846685716434 ) ) ;
#385 = CARTESIAN_POINT ( 'NONE',  ( 12.11895750300595509, -2.275417119789245657, 1.931856205067054910 ) ) ;
#386 = CARTESIAN_POINT ( 'NONE',  ( -12.12713587968764450, -1.009679180566023904, -3.017061093354596935 ) ) ;
#387 = EDGE_CURVE ( 'NONE', #2486, #2425, #2715, .T. ) ;
#388 = CARTESIAN_POINT ( 'NONE',  ( -12.07510765452354207, -2.052862721228341680, -2.166365973847483861 ) ) ;
#389 = CARTESIAN_POINT ( 'NONE',  ( -12.28884973636035483, 2.199181584149770607, -2.270359185553972647 ) ) ;
#390 = CARTESIAN_POINT ( 'NONE',  ( -12.21895600594960563, 2.717437112213083594, 1.234250022927008361 ) ) ;
#391 = CARTESIAN_POINT ( 'NONE',  ( 12.18852750139578589, -1.569686839106381848, 2.758723546581155706 ) ) ;
#392 = CARTESIAN_POINT ( 'NONE',  ( -12.22394144373624769, -2.737701142144441935, 1.188626426411351744 ) ) ;
#393 = CARTESIAN_POINT ( 'NONE',  ( 12.04771632207888388, 1.901276259583995376, 2.300529208352792843 ) ) ;
#394 = CARTESIAN_POINT ( 'NONE',  ( 12.22401078030738120, -2.738024591659801388, -1.188622559333881723 ) ) ;
#395 = CARTESIAN_POINT ( 'NONE',  ( -12.15689896988379815, -2.452006982941479674, -1.701618500449163296 ) ) ;
#396 = CARTESIAN_POINT ( 'NONE',  ( -12.10084065300318557, -2.186018310282450194, -2.031933921193980197 ) ) ;
#397 = CARTESIAN_POINT ( 'NONE',  ( 12.01392913968150467, -1.696288687521375182, -2.455599378327218307 ) ) ;
#398 = CARTESIAN_POINT ( 'NONE',  ( -12.24545063579950011, -1.951459284541979811, 2.494007245515446058 ) ) ;
#399 = CARTESIAN_POINT ( 'NONE',  ( 12.48593017177607223, -3.091361393546907976, 0.5217580859650988723 ) ) ;
#400 = CARTESIAN_POINT ( 'NONE',  ( -12.18696852097106209, 2.583837812063857875, -1.493711330754518896 ) ) ;
#401 = CARTESIAN_POINT ( 'NONE',  ( -2.856403312780321156E-15, -76.99200000000000443, 0.0000000000000000000 ) ) ;
#402 = CARTESIAN_POINT ( 'NONE',  ( -12.06783781227207086, 2.013724720856102213, 2.202795948214344879 ) ) ;
#403 = CIRCLE ( 'NONE', #4293, 5.080000000000000071 ) ;
#404 = CARTESIAN_POINT ( 'NONE',  ( -12.46943263744090835, 3.026321239820109810, -0.8281553991060194297 ) ) ;
#405 = CARTESIAN_POINT ( 'NONE',  ( 12.28511019153334516, -2.178894269445707188, 2.290505542511442894 ) ) ;
#406 = CARTESIAN_POINT ( 'NONE',  ( 12.10362222592481807, 2.199953566473943134, 2.016875048082852118 ) ) ;
#407 = CARTESIAN_POINT ( 'NONE',  ( 12.27086692898211062, -2.921922472575630980, -0.6084540561428690708 ) ) ;
#408 = CARTESIAN_POINT ( 'NONE',  ( 11.98464383015777024, 1.496745915441453967, 2.582168968988226343 ) ) ;
#409 = CONICAL_SURFACE ( 'NONE', #1012, 2.753999999999992454, 0.7853981633974107535 ) ;
#410 = CARTESIAN_POINT ( 'NONE',  ( -12.42715711225787523, -2.853486066077762562, -1.321019178492973234 ) ) ;
#411 = ORIENTED_EDGE ( 'NONE', *, *, #1249, .T. ) ;
#412 = CARTESIAN_POINT ( 'NONE',  ( 12.23767232362975221, -2.792794607219265313, -1.052684652214542327 ) ) ;
#413 = ORIENTED_EDGE ( 'NONE', *, *, #4285, .F. ) ;
#414 = EDGE_CURVE ( 'NONE', #1221, #3579, #2451, .T. ) ;
#415 = CARTESIAN_POINT ( 'NONE',  ( -12.09070508438234093, 0.4081137152948466906, 3.159884789339447941 ) ) ;
#416 = CARTESIAN_POINT ( 'NONE',  ( 12.08907108244798323, 0.3609819958137984175, 3.166133046245990901 ) ) ;
#417 = CARTESIAN_POINT ( 'NONE',  ( -12.27787492512365830, 2.948505295878579346, -0.4627762455312079415 ) ) ;
#418 = CARTESIAN_POINT ( 'NONE',  ( -12.34875728892214575, -2.502648448742018417, 1.917980360389829553 ) ) ;
#419 = ORIENTED_EDGE ( 'NONE', *, *, #4014, .T. ) ;
#420 = DIRECTION ( 'NONE',  ( 0.0000000000000000000, 0.0000000000000000000, 1.000000000000000000 ) ) ;
#421 = CARTESIAN_POINT ( 'NONE',  ( -11.88118726654881030, 0.02454949064108330817, -2.984499994374381515 ) ) ;
#422 = CARTESIAN_POINT ( 'NONE',  ( -12.01394274752973779, 1.696727496312541383, 2.455646949739634710 ) ) ;
#423 = CARTESIAN_POINT ( 'NONE',  ( -12.06416871881630293, -1.993662626124041326, -2.220936946707489756 ) ) ;
#424 = CARTESIAN_POINT ( 'NONE',  ( -12.43452076646666171, 2.884095203254892326, 1.246309684760570802 ) ) ;
#425 = CARTESIAN_POINT ( 'NONE',  ( 12.34511890368575848, -2.485996951928731935, 1.942839505669274880 ) ) ;
#426 = CARTESIAN_POINT ( 'NONE',  ( 12.20788185146400906, 2.671932371082071267, 1.330077062104919383 ) ) ;
#427 = CARTESIAN_POINT ( 'NONE',  ( 12.22383898494877208, -2.737286059296861307, 1.189580854463676562 ) ) ;
#428 = CARTESIAN_POINT ( 'NONE',  ( -12.28234120042831634, -2.965332070428369438, 0.3411537548479563475 ) ) ;
#429 = CARTESIAN_POINT ( 'NONE',  ( -12.41680151960981071, -2.809698472505998357, -1.414757196788780647 ) ) ;
#430 = CARTESIAN_POINT ( 'NONE',  ( 12.08742512817119241, -2.117604777832216456, -2.103111134000218208 ) ) ;
#431 = ADVANCED_FACE ( 'NONE', ( #1683 ), #123, .F. ) ;
#432 = CARTESIAN_POINT ( 'NONE',  ( -12.32077684540311857, -2.365536800248183802, 2.090112305807827919 ) ) ;
#433 = CARTESIAN_POINT ( 'NONE',  ( 12.09364965050256124, -0.4851770146008157480, 3.148597199006572200 ) ) ;
#434 = CARTESIAN_POINT ( 'NONE',  ( -12.04986144569183359, 1.913652517571300171, -2.290365745911575601 ) ) ;
#435 = CARTESIAN_POINT ( 'NONE',  ( -12.08920443401675904, -0.4140842459948632093, 3.165905066091719622 ) ) ;
#436 = CARTESIAN_POINT ( 'NONE',  ( -12.07828638095705998, 2.069792834437516049, 2.150261952336531390 ) ) ;
#437 = CARTESIAN_POINT ( 'NONE',  ( -11.93247555448620822, 1.052836030191265815, 2.792736318530355977 ) ) ;
#438 = CARTESIAN_POINT ( 'NONE',  ( -12.47570578689336429, 3.051213783385288814, 0.7275603097287991483 ) ) ;
#439 = CARTESIAN_POINT ( 'NONE',  ( 12.47570578689336429, -3.051213783385281264, 0.7275603097287911547 ) ) ;
#440 = CARTESIAN_POINT ( 'NONE',  ( -12.24365357496880513, -2.816469473254552991, -0.9875925582929598878 ) ) ;
#441 = CARTESIAN_POINT ( 'NONE',  ( 12.09024286496314815, 2.132144855620091928, 2.088360753203661879 ) ) ;
#442 = CARTESIAN_POINT ( 'NONE',  ( 11.97861005478749163, -1.452740775639787651, 2.607520337973608715 ) ) ;
#443 = CARTESIAN_POINT ( 'NONE',  ( 11.88816661655174833, -0.3887034688264472404, 2.959182362133651711 ) ) ;
#444 = CARTESIAN_POINT ( 'NONE',  ( -12.16677044315587075, -2.495998981010735918, 1.636273032378569470 ) ) ;
#445 = CARTESIAN_POINT ( 'NONE',  ( -12.38554173821474080, -2.672602488886890892, -1.663992745615559654 ) ) ;
#446 = CARTESIAN_POINT ( 'NONE',  ( 12.04796105441661247, -1.902679951946303571, -2.299365104574958352 ) ) ;
#447 = CARTESIAN_POINT ( 'NONE',  ( -12.38254511778225186, -2.659147237779925899, -1.686143578780892049 ) ) ;
#448 = CARTESIAN_POINT ( 'NONE',  ( 12.23834183112231599, -1.907892794285623417, 2.528634362973481320 ) ) ;
#449 = CARTESIAN_POINT ( 'NONE',  ( 12.20339136376921019, -2.653219773770530754, 1.366680830156259852 ) ) ;
#450 = CARTESIAN_POINT ( 'NONE',  ( -12.11911850162250559, 2.276194202034194092, -1.930938710173019768 ) ) ;
#451 = CARTESIAN_POINT ( 'NONE',  ( 0.0000000000000000000, 76.99200000000000443, 0.0000000000000000000 ) ) ;
#452 = CARTESIAN_POINT ( 'NONE',  ( -12.11005494674630079, -0.7869192329724846724, -3.084902390242325598 ) ) ;
#453 = CARTESIAN_POINT ( 'NONE',  ( -12.26689795083939316, 2.906788403716111802, 0.6783859583718923059 ) ) ;
#454 = CARTESIAN_POINT ( 'NONE',  ( -12.48372596116586308, 3.082743159864539173, -0.5720779347735462927 ) ) ;
#455 = CARTESIAN_POINT ( 'NONE',  ( 12.10117747628260787, 0.6414590908910577927, 3.119542054985864343 ) ) ;
#456 = CARTESIAN_POINT ( 'NONE',  ( 12.05924035052775523, 1.966507114453994953, 2.245145178320672841 ) ) ;
#457 = CARTESIAN_POINT ( 'NONE',  ( 12.09927266486595698, -2.178343374549591704, 2.040692741945566269 ) ) ;
#458 = CC_DESIGN_PERSON_AND_ORGANIZATION_ASSIGNMENT ( #2016, #1442, ( #546 ) ) ;
#459 = CARTESIAN_POINT ( 'NONE',  ( 11.88822098350414436, 0.3924534397067084845, 2.958992104657272471 ) ) ;
#460 = CARTESIAN_POINT ( 'NONE',  ( -12.23339397542455309, -2.775736900136901220, 1.096878527994141539 ) ) ;
#461 = CARTESIAN_POINT ( 'NONE',  ( 12.04944684479707817, -1.911195202718587449, -2.292292254661446815 ) ) ;
#462 = CARTESIAN_POINT ( 'NONE',  ( -12.43220050089131767, -2.874410634566112677, 1.269243360289565414 ) ) ;
#463 = CARTESIAN_POINT ( 'NONE',  ( 12.10259260209375043, 0.6667612998233527488, 3.114048557211333002 ) ) ;
#464 = CARTESIAN_POINT ( 'NONE',  ( -12.11261062953155587, 2.244575634025329780, -1.967604550473461389 ) ) ;
#465 = CIRCLE ( 'NONE', #3074, 15.87500000000000000 ) ;
#466 = CARTESIAN_POINT ( 'NONE',  ( -12.11532497029947208, -0.8617803231523194496, -3.064141607878178242 ) ) ;
#467 = CARTESIAN_POINT ( 'NONE',  ( -12.22408205605704623, 2.738308716959498845, -1.187898308295982197 ) ) ;
#468 = VERTEX_POINT ( 'NONE', #2694 ) ;
#469 = CARTESIAN_POINT ( 'NONE',  ( -12.44161313152045523, 2.913562706366368271, 1.174142235747734908 ) ) ;
#470 = CARTESIAN_POINT ( 'NONE',  ( 12.12699020818499385, -1.008840986469266898, 3.017689200209609179 ) ) ;
#471 = CIRCLE ( 'NONE', #4406, 2.499999999999993339 ) ;
#472 = CARTESIAN_POINT ( 'NONE',  ( 11.91833448853607358, 0.8958545679887973678, 2.846982357733863545 ) ) ;
#473 = CARTESIAN_POINT ( 'NONE',  ( 11.95420002095233158, -1.256506330431238494, 2.707135643854121643 ) ) ;
#474 = VERTEX_POINT ( 'NONE', #2068 ) ;
#475 = VERTEX_POINT ( 'NONE', #116 ) ;
#476 = CARTESIAN_POINT ( 'NONE',  ( 12.09464630741507030, 0.5104983901716617645, -3.144773962744974671 ) ) ;
#477 = CARTESIAN_POINT ( 'NONE',  ( -12.20101558739672498, -2.643290639755480065, 1.385789555998863332 ) ) ;
#478 = CARTESIAN_POINT ( 'NONE',  ( -12.46621740913153964, -3.013498060462981520, 0.8751779123700610397 ) ) ;
#479 = CARTESIAN_POINT ( 'NONE',  ( 12.08826488180459080, -0.3309417785922709743, 3.169206441057011325 ) ) ;
#480 = CARTESIAN_POINT ( 'NONE',  ( -12.28063113063591771, 2.958898880833772171, 0.3908509607202245717 ) ) ;
#481 = CARTESIAN_POINT ( 'NONE',  ( -12.49682078440472743, -3.133612778746676764, 0.1020908329530629960 ) ) ;
#482 = CARTESIAN_POINT ( 'NONE',  ( -12.21934892938543271, 2.719044171133099042, 1.230697403395891731 ) ) ;
#483 = CARTESIAN_POINT ( 'NONE',  ( -11.88822098350412837, -0.3924534397067056535, 2.958992104657273359 ) ) ;
#484 = CARTESIAN_POINT ( 'NONE',  ( -12.15918186388282152, 1.330945459689259591, 2.885193255655363220 ) ) ;
#485 = CARTESIAN_POINT ( 'NONE',  ( -12.20067477844441051, 2.641862151186141983, 1.388508529578770023 ) ) ;
#486 = CARTESIAN_POINT ( 'NONE',  ( 12.30563517024878450, 2.288306084222722969, 2.177819565907966659 ) ) ;
#487 = CARTESIAN_POINT ( 'NONE',  ( 3.061616997868379197E-16, -67.34000000000000341, 2.499999999999996891 ) ) ;
#488 = CARTESIAN_POINT ( 'NONE',  ( 11.91231676275557660, -0.8210185050463916223, 2.869765531932127800 ) ) ;
#489 = CARTESIAN_POINT ( 'NONE',  ( 12.18816393487052352, 1.566958515408439112, -2.760329510145673737 ) ) ;
#490 = CARTESIAN_POINT ( 'NONE',  ( -12.26975252247592962, -2.917683683275471562, 0.6298067479650097944 ) ) ;
#491 = CARTESIAN_POINT ( 'NONE',  ( -12.48383685367245022, -3.083189439229165885, 0.5713461405205622068 ) ) ;
#492 = CARTESIAN_POINT ( 'NONE',  ( 12.35836444081013852, 2.548213275479750184, 1.855429470979046425 ) ) ;
#493 = CARTESIAN_POINT ( 'NONE',  ( -12.19930645237591627, 2.636124107875983835, 1.399371838978489269 ) ) ;
#494 = DIRECTION ( 'NONE',  ( 0.0000000000000000000, -1.000000000000000000, 0.0000000000000000000 ) ) ;
#495 = CARTESIAN_POINT ( 'NONE',  ( 11.99558741807642903, -1.574643764249203270, -2.535762313945422175 ) ) ;
#496 = CARTESIAN_POINT ( 'NONE',  ( -12.14885298931702273, 2.415579958392246152, 1.752940248260532963 ) ) ;
#497 = CARTESIAN_POINT ( 'NONE',  ( -12.20096111272224526, 2.643079605936153875, -1.386351235643295654 ) ) ;
#498 = CARTESIAN_POINT ( 'NONE',  ( -12.25481952403836772, 2.007233470517742369, 2.447384421511061614 ) ) ;
#499 = CARTESIAN_POINT ( 'NONE',  ( 12.08826488180459080, -0.3309417785922709743, 3.169206441057011325 ) ) ;
#500 = CARTESIAN_POINT ( 'NONE',  ( -12.26483532822673261, 2.065525896551536622, 2.396690284299344054 ) ) ;
#501 = CARTESIAN_POINT ( 'NONE',  ( 11.90883867721873557, -0.7739395800163670902, 2.882819643280049249 ) ) ;
#502 = EDGE_CURVE ( 'NONE', #4485, #3138, #698, .T. ) ;
#503 = CARTESIAN_POINT ( 'NONE',  ( -12.18882597843587234, -1.571487227133323783, 2.757300987265634440 ) ) ;
#504 = CARTESIAN_POINT ( 'NONE',  ( -11.91255438567030644, -0.8242015095831222160, 2.868872065905726298 ) ) ;
#505 = CARTESIAN_POINT ( 'NONE',  ( -12.46585229574882803, -3.012010439712843990, -0.8793079024772180174 ) ) ;
#506 = CARTESIAN_POINT ( 'NONE',  ( 12.24545063579950011, 1.951459284541967154, 2.494007245515423410 ) ) ;
#507 = CARTESIAN_POINT ( 'NONE',  ( -12.23760809208030231, 2.792567403879605337, 1.054124330366464690 ) ) ;
#508 = AXIS2_PLACEMENT_3D ( 'NONE', #4687, #4670, #2123 ) ;
#509 = PLANE ( 'NONE',  #4138 ) ;
#510 = DIRECTION ( 'NONE',  ( 0.0000000000000000000, 0.0000000000000000000, 1.000000000000000000 ) ) ;
#511 = CARTESIAN_POINT ( 'NONE',  ( -12.13594376225905691, 1.107266291746104026, -2.981438303126619616 ) ) ;
#512 = CARTESIAN_POINT ( 'NONE',  ( -12.16976368290350230, 2.509347666740756377, 1.616500389903191781 ) ) ;
#513 = DATE_AND_TIME ( #4642, #1840 ) ;
#514 = CARTESIAN_POINT ( 'NONE',  ( -12.20048561498834339, 1.657067962674360295, 2.705348210711485901 ) ) ;
#515 = CARTESIAN_POINT ( 'NONE',  ( 12.09163356736247152, -0.4338886456830363114, 3.156330765027286933 ) ) ;
#516 = ADVANCED_FACE ( 'NONE', ( #3008 ), #2084, .F. ) ;
#517 = CARTESIAN_POINT ( 'NONE',  ( 12.23101929732709614, 2.766227351132919843, 1.120639254220410219 ) ) ;
#518 = VECTOR ( 'NONE', #4335, 1000.000000000000000 ) ;
#519 = CARTESIAN_POINT ( 'NONE',  ( -2.856403312780321156E-15, -77.50000000000000000, 0.0000000000000000000 ) ) ;
#520 = CARTESIAN_POINT ( 'NONE',  ( -12.47874950733705113, -3.063214455973546357, 0.6733719517165835944 ) ) ;
#521 = VECTOR ( 'NONE', #4291, 999.9999999999998863 ) ;
#522 = CARTESIAN_POINT ( 'NONE',  ( -11.93042842306850204, 1.031582333414355235, -2.800657221005834696 ) ) ;
#523 = CARTESIAN_POINT ( 'NONE',  ( 12.47860978880727245, 3.062664267731627366, -0.6759703608952838394 ) ) ;
#524 = CARTESIAN_POINT ( 'NONE',  ( -12.15093192675263900, 2.425562910247542892, 1.741641411596490441 ) ) ;
#525 = ORIENTED_EDGE ( 'NONE', *, *, #79, .F. ) ;
#526 = VERTEX_POINT ( 'NONE', #3538 ) ;
#527 = DIRECTION ( 'NONE',  ( 0.0000000000000000000, 0.0000000000000000000, -1.000000000000000000 ) ) ;
#528 = DIRECTION ( 'NONE',  ( 0.0000000000000000000, 1.000000000000000000, 0.0000000000000000000 ) ) ;
#529 = CARTESIAN_POINT ( 'NONE',  ( -12.06791749850673767, 2.014138426303180740, -2.202387102982310108 ) ) ;
#530 = CARTESIAN_POINT ( 'NONE',  ( 12.49511419527679834, 3.127028510566155717, -0.2117922652080792278 ) ) ;
#531 = EDGE_LOOP ( 'NONE', ( #5, #1862 ) ) ;
#532 = CARTESIAN_POINT ( 'NONE',  ( -12.13352486138007791, 1.081336759471307696, 2.991265111468074167 ) ) ;
#533 = CARTESIAN_POINT ( 'NONE',  ( -12.09894056764096248, -2.176668169397939057, -2.042475157514931805 ) ) ;
#534 = CARTESIAN_POINT ( 'NONE',  ( 12.28577998453018161, 2.978224343119781459, 0.1950030344266450721 ) ) ;
#535 = CARTESIAN_POINT ( 'NONE',  ( 12.18234129758021922, 1.522588668735284534, -2.785892818375974134 ) ) ;
#536 = DIRECTION ( 'NONE',  ( 0.0000000000000000000, 0.0000000000000000000, 1.000000000000000000 ) ) ;
#537 = AXIS2_PLACEMENT_3D ( 'NONE', #597, #3417, #980 ) ;
#538 = CARTESIAN_POINT ( 'NONE',  ( -12.22858614217152429, -1.846014589643699244, -2.575218970175741973 ) ) ;
#539 = CARTESIAN_POINT ( 'NONE',  ( 12.44172968256414613, 2.913995344838747670, 1.172168879746700920 ) ) ;
#540 = CARTESIAN_POINT ( 'NONE',  ( 12.00212567888921811, -1.619191147265543362, 2.507549976949799753 ) ) ;
#541 = CARTESIAN_POINT ( 'NONE',  ( -11.97038033367269172, -1.389353842377372805, 2.641502658322382402 ) ) ;
#542 = CARTESIAN_POINT ( 'NONE',  ( 11.89181920250871549, -0.4885240848131174318, -2.945903898873832638 ) ) ;
#543 = CARTESIAN_POINT ( 'NONE',  ( -12.07198554853132322, 2.036137839766049673, -2.182093007290581976 ) ) ;
#544 = CARTESIAN_POINT ( 'NONE',  ( 12.28586031457219363, -2.978525315649609873, -0.1949595042853368709 ) ) ;
#545 = CARTESIAN_POINT ( 'NONE',  ( 12.35836444081013852, 2.548213275479750184, 1.855429470979046425 ) ) ;
#546 = SECURITY_CLASSIFICATION ( '', '', #316 ) ;
#547 = CARTESIAN_POINT ( 'NONE',  ( -12.02533672603533255, -1.768107058687809818, -2.404410246887021874 ) ) ;
#548 = CARTESIAN_POINT ( 'NONE',  ( -12.23857112562624394, 1.909317514084596157, -2.527526265925504223 ) ) ;
#549 = CARTESIAN_POINT ( 'NONE',  ( 11.98464383015777024, 1.496745915441453967, 2.582168968988226343 ) ) ;
#550 = DIRECTION ( 'NONE',  ( -0.0000000000000000000, -1.000000000000000000, -0.0000000000000000000 ) ) ;
#551 = CARTESIAN_POINT ( 'NONE',  ( -12.19714255935738656, -1.632672079670957066, -2.720277702816208620 ) ) ;
#552 = CARTESIAN_POINT ( 'NONE',  ( 12.43220050089131590, 2.874410634566109124, 1.269243360289556755 ) ) ;
#553 = CARTESIAN_POINT ( 'NONE',  ( -12.05329906057380995, -1.933453191580608133, 2.274059103072199495 ) ) ;
#554 = CARTESIAN_POINT ( 'NONE',  ( -12.45456340624717484, 2.966557805965344574, 1.027751419480454009 ) ) ;
#555 = CARTESIAN_POINT ( 'NONE',  ( 11.88792768337024874, -0.3937070842253653224, -2.960070622424995523 ) ) ;
#556 = CARTESIAN_POINT ( 'NONE',  ( -11.93701055048455473, 1.099223760640222203, -2.775155720605287701 ) ) ;
#557 = CARTESIAN_POINT ( 'NONE',  ( 12.34875728892214575, 2.502648448742001985, 1.917980360389818451 ) ) ;
#558 = CARTESIAN_POINT ( 'NONE',  ( -12.14275707426177853, 1.177263020355725498, 2.953568634618075617 ) ) ;
#559 = CARTESIAN_POINT ( 'NONE',  ( -12.27536492754432729, 2.125134484757080777, -2.342166768606053662 ) ) ;
#560 = CARTESIAN_POINT ( 'NONE',  ( 11.97884144482853408, 1.453999501091320701, 2.606478493194073653 ) ) ;
#561 = CARTESIAN_POINT ( 'NONE',  ( 0.0000000000000000000, 77.24599999999999511, 12.24279999999999902 ) ) ;
#562 = EDGE_CURVE ( 'NONE', #579, #765, #4487, .T. ) ;
#563 = CARTESIAN_POINT ( 'NONE',  ( 11.93042842306851803, -1.031582333414357233, -2.800657221005834252 ) ) ;
#564 = CARTESIAN_POINT ( 'NONE',  ( 1.530416611958464487E-15, -72.67400000000000659, 12.49680000000000035 ) ) ;
#565 = CARTESIAN_POINT ( 'NONE',  ( -12.09696098791034835, -0.5609909124924373769, -3.135866038713447157 ) ) ;
#566 = CARTESIAN_POINT ( 'NONE',  ( 12.23021215840413412, 1.856399025557149640, -2.567486027117317438 ) ) ;
#567 = B_SPLINE_CURVE_WITH_KNOTS ( 'NONE', 3,
 ( #2734, #253, #997, #2462, #2419 ),
 .UNSPECIFIED., .F., .F.,
 ( 4, 1, 4 ),
 ( 0.5000000000000000000, 0.5000708918284690885, 0.5001417836569382880 ),
 .UNSPECIFIED. ) ;
#568 = CARTESIAN_POINT ( 'NONE',  ( -12.01490501466363092, -1.703001636570931066, 2.451407021213603432 ) ) ;
#569 = CARTESIAN_POINT ( 'NONE',  ( -12.28096138819929095, -2.960155457301372639, -0.3927429820580854436 ) ) ;
#570 = FACE_OUTER_BOUND ( 'NONE', #3683, .T. ) ;
#571 = CARTESIAN_POINT ( 'NONE',  ( 0.0000000000000000000, 0.0000000000000000000, 0.0000000000000000000 ) ) ;
#572 = CARTESIAN_POINT ( 'NONE',  ( -12.01109111652137251, 1.677964417712866751, -2.468157011040042370 ) ) ;
#573 = CARTESIAN_POINT ( 'NONE',  ( 12.47590633795252124, 3.052006092476650334, 0.7241038810913068557 ) ) ;
#574 = CIRCLE ( 'NONE', #4714, 4.572000000000034703 ) ;
#575 = CARTESIAN_POINT ( 'NONE',  ( -11.96163281840180481, -1.321798619976118472, -2.677593778844299166 ) ) ;
#576 = CARTESIAN_POINT ( 'NONE',  ( -12.35797295509087945, 2.546376849204102566, -1.858032564942221354 ) ) ;
#577 = CARTESIAN_POINT ( 'NONE',  ( 11.91994634970759037, 0.9150872064593423838, -2.840855037302647101 ) ) ;
#578 = CARTESIAN_POINT ( 'NONE',  ( 12.26075406311644933, 2.883174071833144225, 0.7726059361419241878 ) ) ;
#579 = VERTEX_POINT ( 'NONE', #487 ) ;
#580 = TOROIDAL_SURFACE ( 'NONE', #2113, 12.24279999999999902, 0.2540000000000000036 ) ;
#581 = CARTESIAN_POINT ( 'NONE',  ( 11.94447319617427361, 1.169760269606607395, 2.745819935667781486 ) ) ;
#582 = CARTESIAN_POINT ( 'NONE',  ( 11.96220934797018742, -1.324527636802322217, -2.674930395988734944 ) ) ;
#583 = EDGE_LOOP ( 'NONE', ( #1982, #830, #2603 ) ) ;
#584 = CARTESIAN_POINT ( 'NONE',  ( -11.89449037656511976, 0.5377732094864493551, -2.936054851917246911 ) ) ;
#585 = CARTESIAN_POINT ( 'NONE',  ( 12.11532497029947564, 0.8617803231523151197, -3.064141607878165363 ) ) ;
#586 = CARTESIAN_POINT ( 'NONE',  ( 12.23736551233371550, 2.791603649613934035, -1.056686301550303630 ) ) ;
#587 = ORIENTED_EDGE ( 'NONE', *, *, #1005, .T. ) ;
#588 = CARTESIAN_POINT ( 'NONE',  ( -11.89106185652378223, 0.4621015699850765102, 2.948611711476818886 ) ) ;
#589 = DIRECTION ( 'NONE',  ( 1.000000000000000000, -0.0000000000000000000, 1.224646799147353207E-16 ) ) ;
#590 = ORIENTED_EDGE ( 'NONE', *, *, #4261, .F. ) ;
#591 = CARTESIAN_POINT ( 'NONE',  ( -12.06721626984031737, 2.010322498098154664, -2.205866344549821001 ) ) ;
#592 = CARTESIAN_POINT ( 'NONE',  ( -12.13831860126429341, 2.367760755133212491, 1.819438612771239860 ) ) ;
#593 = CARTESIAN_POINT ( 'NONE',  ( 12.45224846732759438, 2.957112330936281896, -1.054574649723393653 ) ) ;
#594 = CARTESIAN_POINT ( 'NONE',  ( -12.13152919469298396, -2.335399535616773381, -1.858901527944595733 ) ) ;
#595 = CARTESIAN_POINT ( 'NONE',  ( 12.02373794815104979, 1.758216515659991153, -2.411652026328807708 ) ) ;
#596 = CARTESIAN_POINT ( 'NONE',  ( 12.28232264950282016, 2.965263274358891810, 0.3418512080532512543 ) ) ;
#597 = CARTESIAN_POINT ( 'NONE',  ( 0.0000000000000000000, -72.80100000000000193, 0.0000000000000000000 ) ) ;
#598 = CARTESIAN_POINT ( 'NONE',  ( 11.99610114709486020, -1.579685934191168872, -2.534019361681204785 ) ) ;
#599 = CARTESIAN_POINT ( 'NONE',  ( -12.28541668595214098, -2.180775925125460368, 2.289092394252524532 ) ) ;
#600 = AXIS2_PLACEMENT_3D ( 'NONE', #605, #2846, #2814 ) ;
#601 = CARTESIAN_POINT ( 'NONE',  ( 12.04272838957255054, 1.872388349468493862, -2.324101437350825083 ) ) ;
#602 = CARTESIAN_POINT ( 'NONE',  ( 12.46932249598012632, 3.025865504300103481, -0.8286438140314218437 ) ) ;
#603 = CARTESIAN_POINT ( 'NONE',  ( 12.15999770727524698, 2.465903083027975118, -1.681416526425098867 ) ) ;
#604 = CARTESIAN_POINT ( 'NONE',  ( -11.95956469842653647, -1.302129148891370436, 2.685571504113107633 ) ) ;
#605 = CARTESIAN_POINT ( 'NONE',  ( 0.0000000000000000000, 77.50000000000000000, 0.0000000000000000000 ) ) ;
#606 = CARTESIAN_POINT ( 'NONE',  ( 11.96754142399170284, -1.366861089677332775, 2.653128575074548579 ) ) ;
#607 = CARTESIAN_POINT ( 'NONE',  ( 12.08922496757921827, -0.4140846616045392725, -3.165822164560208041 ) ) ;
#608 = CARTESIAN_POINT ( 'NONE',  ( 12.09235659723507794, 2.143247790658930896, -2.077516056706278480 ) ) ;
#609 = CARTESIAN_POINT ( 'NONE',  ( 12.20364075143579541, 2.654348310567104186, 1.365296905300782404 ) ) ;
#610 = CARTESIAN_POINT ( 'NONE',  ( -12.08899904882943588, 0.4089728936920912217, 3.166689590212474315 ) ) ;
#611 = CARTESIAN_POINT ( 'NONE',  ( 11.96760726555944743, -1.368003812645767869, -2.652954761314562315 ) ) ;
#612 = CARTESIAN_POINT ( 'NONE',  ( 11.88255678795455772, 0.1968054057220568753, -2.979567515765963570 ) ) ;
#613 = CARTESIAN_POINT ( 'NONE',  ( 12.44134711184174513, 2.912464378790821318, -1.176953706302200642 ) ) ;
#614 = CARTESIAN_POINT ( 'NONE',  ( -12.23736551233369774, -2.791603649613934479, -1.056686301550301188 ) ) ;
#615 = CARTESIAN_POINT ( 'NONE',  ( -12.08360682715019685, 1.185846126156020475E-17, -3.186919560774812865 ) ) ;
#616 = CARTESIAN_POINT ( 'NONE',  ( 11.89211718836352460, -0.4879237226788576964, 2.944758063380141344 ) ) ;
#617 = ADVANCED_FACE ( 'NONE', ( #1447 ), #3679, .T. ) ;
#618 = CARTESIAN_POINT ( 'NONE',  ( 12.28884973636035483, -2.199181584149766611, -2.270359185553958881 ) ) ;
#619 = CARTESIAN_POINT ( 'NONE',  ( 0.0000000000000000000, 76.73799999999998533, 0.0000000000000000000 ) ) ;
#620 = CARTESIAN_POINT ( 'NONE',  ( 11.93702545367674261, 1.099301271030779015, -2.775093328789975278 ) ) ;
#621 = CARTESIAN_POINT ( 'NONE',  ( 12.25003733732673972, 2.841537114821655052, 0.9129652196498099226 ) ) ;
#622 = CALENDAR_DATE ( 2019, 12, 12 ) ;
#623 = AXIS2_PLACEMENT_3D ( 'NONE', #4652, #1408, #279 ) ;
#624 = CARTESIAN_POINT ( 'NONE',  ( -12.08922496759346998, 0.4140846618197933093, -3.165822164505039726 ) ) ;
#625 = CARTESIAN_POINT ( 'NONE',  ( 12.08360682715020040, 0.0000000000000000000, -3.186919560774800431 ) ) ;
#626 = CARTESIAN_POINT ( 'NONE',  ( -12.13581411164117085, -1.109606593406548214, 2.982233145234105098 ) ) ;
#627 = LINE ( 'NONE', #2277, #4419 ) ;
#628 = CARTESIAN_POINT ( 'NONE',  ( 12.15487618138222814, 1.295717178128118929, -2.903562462621134266 ) ) ;
#629 = CARTESIAN_POINT ( 'NONE',  ( 11.99282109517126216, 1.555020762695307646, -2.547497245923939779 ) ) ;
#630 = CARTESIAN_POINT ( 'NONE',  ( -12.26207520774085680, -2.888249410358643576, -0.7522359653941181890 ) ) ;
#631 = ORIENTED_EDGE ( 'NONE', *, *, #295, .T. ) ;
#632 = ORIENTED_EDGE ( 'NONE', *, *, #4674, .T. ) ;
#633 = CARTESIAN_POINT ( 'NONE',  ( 11.97196915282471963, -1.401588960510597115, 2.634941699056831510 ) ) ;
#634 = CC_DESIGN_PERSON_AND_ORGANIZATION_ASSIGNMENT ( #3961, #2077, ( #699 ) ) ;
#635 = CARTESIAN_POINT ( 'NONE',  ( 12.25515470524151773, -2.009212423771943090, -2.445706616509992326 ) ) ;
#636 = ORIENTED_EDGE ( 'NONE', *, *, #2539, .F. ) ;
#637 = VERTEX_POINT ( 'NONE', #4128 ) ;
#638 = CARTESIAN_POINT ( 'NONE',  ( -12.26952400662183251, 2.916803205670540411, -0.6325368504145902904 ) ) ;
#639 = DIRECTION ( 'NONE',  ( -0.0000000000000000000, 1.000000000000000000, -0.0000000000000000000 ) ) ;
#640 = CARTESIAN_POINT ( 'NONE',  ( 12.01895912936127786, 1.728323084742588556, -2.433164661301907117 ) ) ;
#641 = VERTEX_POINT ( 'NONE', #1947 ) ;
#642 = CARTESIAN_POINT ( 'NONE',  ( -12.11032552469377244, 0.8155767571136989247, -3.084121589741092961 ) ) ;
#643 = CARTESIAN_POINT ( 'NONE',  ( 11.88657422616993031, -0.3442928919511822339, -2.964982127231877040 ) ) ;
#644 = CARTESIAN_POINT ( 'NONE',  ( 11.91994634970759037, 0.9150872064593423838, -2.840855037302647101 ) ) ;
#645 = CARTESIAN_POINT ( 'NONE',  ( -12.24409806338755757, -2.818221731252747553, 0.9825824178044493262 ) ) ;
#646 = CARTESIAN_POINT ( 'NONE',  ( -12.28746378586879473, -2.984518620977377967, 0.02224155326447815190 ) ) ;
#647 = CARTESIAN_POINT ( 'NONE',  ( -12.11911850162250559, 2.276194202034194092, -1.930938710173019768 ) ) ;
#648 = CARTESIAN_POINT ( 'NONE',  ( 11.92586717324758361, -0.9841598700487727003, 2.818310932002808133 ) ) ;
#649 = CARTESIAN_POINT ( 'NONE',  ( 12.08644160275910728, -0.2586631237461495259, -3.176152345005637923 ) ) ;
#650 = CARTESIAN_POINT ( 'NONE',  ( -12.03333021385405566, 1.817151738583571818, 2.368026275021389626 ) ) ;
#651 = EDGE_CURVE ( 'NONE', #4210, #765, #471, .T. ) ;
#652 = CARTESIAN_POINT ( 'NONE',  ( -12.27340557640886942, 2.931578795764527179, -0.5600851608028722950 ) ) ;
#653 = CARTESIAN_POINT ( 'NONE',  ( 1.944126793646423238E-15, -72.80100000000000193, 15.87500000000000000 ) ) ;
#654 = CARTESIAN_POINT ( 'NONE',  ( -12.48989407275940344, 3.106801996950923961, -0.4162122008282603813 ) ) ;
#655 = CARTESIAN_POINT ( 'NONE',  ( -12.06973311474806998, 2.024061223600423176, -2.193402308279568391 ) ) ;
#656 = CARTESIAN_POINT ( 'NONE',  ( -11.88118748239986644, -0.002212604427190776202, 2.984499212629857734 ) ) ;
#657 = CARTESIAN_POINT ( 'NONE',  ( -11.93950295444415310, -1.122756139730852309, -2.765357040129566624 ) ) ;
#658 = CARTESIAN_POINT ( 'NONE',  ( -12.34561327265187636, 2.490031878310595026, 1.945789117095128695 ) ) ;
#659 = CARTESIAN_POINT ( 'NONE',  ( 12.24515683313774161, -1.949683520220862887, -2.495453042610971117 ) ) ;
#660 = AXIS2_PLACEMENT_3D ( 'NONE', #3962, #3944, #4661 ) ;
#661 = CARTESIAN_POINT ( 'NONE',  ( 11.99228248045835699, 1.551229658525867139, -2.549807612844197546 ) ) ;
#662 = CARTESIAN_POINT ( 'NONE',  ( 11.92397620232168265, -0.9623521027766515079, -2.825512394160812679 ) ) ;
#663 = CARTESIAN_POINT ( 'NONE',  ( 11.89204181785382808, 0.4862186387112558128, -2.945031310903425403 ) ) ;
#664 = CARTESIAN_POINT ( 'NONE',  ( -12.20880041979086705, -2.676066747304825189, -1.324897843605582937 ) ) ;
#665 = CARTESIAN_POINT ( 'NONE',  ( 12.01394274753068281, -1.696727496312951722, 2.455646949739299423 ) ) ;
#666 = ADVANCED_FACE ( 'NONE', ( #3570 ), #2033, .F. ) ;
#667 = CARTESIAN_POINT ( 'NONE',  ( 12.37666769735210792, -2.632673652061100711, -1.729165762006595219 ) ) ;
#668 = CARTESIAN_POINT ( 'NONE',  ( -12.01490501466363092, -1.703001636570931066, 2.451407021213603432 ) ) ;
#669 = CARTESIAN_POINT ( 'NONE',  ( 12.34555021685165066, -2.489767937189626412, -1.946350665479371855 ) ) ;
#670 = CARTESIAN_POINT ( 'NONE',  ( -12.48900098655460411, 3.103329769265799065, -0.4421997312525295376 ) ) ;
#671 = CARTESIAN_POINT ( 'NONE',  ( 11.98678757839620523, -1.512211543778750000, -2.573139096248194591 ) ) ;
#672 = DIRECTION ( 'NONE',  ( 0.0000000000000000000, 0.0000000000000000000, 1.000000000000000000 ) ) ;
#673 = CARTESIAN_POINT ( 'NONE',  ( 12.49151816558137007, -3.113108233430005534, -0.3642258416055066950 ) ) ;
#674 = CARTESIAN_POINT ( 'NONE',  ( 12.11980550364126152, 2.279333154137148210, -1.926684114985248053 ) ) ;
#675 = CARTESIAN_POINT ( 'NONE',  ( 11.93956545553567850, -1.123384146894932378, -2.765113797504356263 ) ) ;
#676 = CARTESIAN_POINT ( 'NONE',  ( 11.88285278341130535, 0.1956679038973372642, -2.978479874614401002 ) ) ;
#677 = CARTESIAN_POINT ( 'NONE',  ( -12.19242247794583278, -2.607162856056360667, -1.453376513244173607 ) ) ;
#678 = CARTESIAN_POINT ( 'NONE',  ( -12.42722592789994351, -2.853538142634618247, 1.317058747260190454 ) ) ;
#679 = CARTESIAN_POINT ( 'NONE',  ( -12.46932249598012632, -3.025865504300105258, -0.8286438140314237311 ) ) ;
#680 = DATE_TIME_ROLE ( 'classification_date' ) ;
#681 = CARTESIAN_POINT ( 'NONE',  ( 12.10973410870660416, -2.230291932718185599, 1.983367079199904293 ) ) ;
#682 = CARTESIAN_POINT ( 'NONE',  ( 12.27536492754433084, -2.125134484757059461, -2.342166768606045224 ) ) ;
#683 = CIRCLE ( 'NONE', #1163, 4.572000000000034703 ) ;
#684 = CARTESIAN_POINT ( 'NONE',  ( -12.20632006335068631, -1.697683028690466278, -2.678798984826681107 ) ) ;
#685 = CARTESIAN_POINT ( 'NONE',  ( -12.49516764164065918, 3.127234927179322721, 0.2086028248482841296 ) ) ;
#686 = CARTESIAN_POINT ( 'NONE',  ( 1.944126793646423238E-15, -77.24599999999999511, 15.87500000000000000 ) ) ;
#687 = CARTESIAN_POINT ( 'NONE',  ( 12.34615975346086358, 2.492631512814359684, 1.942331977951232913 ) ) ;
#688 = VECTOR ( 'NONE', #2915, 1000.000000000000000 ) ;
#689 = AXIS2_PLACEMENT_3D ( 'NONE', #561, #2054, #1078 ) ;
#690 = CARTESIAN_POINT ( 'NONE',  ( -12.08360682715019685, 3.388131789017201356E-18, -3.186919560774812421 ) ) ;
#691 = CARTESIAN_POINT ( 'NONE',  ( 12.47992545473400483, -3.067831217680057510, -0.6497216060828937545 ) ) ;
#692 = CARTESIAN_POINT ( 'NONE',  ( -12.11560003668714991, -0.8665297147802333289, 3.063085391806419810 ) ) ;
#693 = CARTESIAN_POINT ( 'NONE',  ( -2.296494796210147234E-15, 76.99200000000000443, -4.572000000000034703 ) ) ;
#694 = ORIENTED_EDGE ( 'NONE', *, *, #3854, .F. ) ;
#695 = CARTESIAN_POINT ( 'NONE',  ( 12.12208735628587242, 2.290295955072868761, -1.913587273422137303 ) ) ;
#696 = CARTESIAN_POINT ( 'NONE',  ( 12.06310067132096364, -1.987870033777841217, -2.226254758289231805 ) ) ;
#697 = CARTESIAN_POINT ( 'NONE',  ( 11.90886968812515612, 0.7732868654142328602, -2.882685235631634146 ) ) ;
#698 = CIRCLE ( 'NONE', #537, 15.62099999999999866 ) ;
#699 = PRODUCT ( 'RS6P_M-Solidworks ', 'RS6P_M-Solidworks ', '', ( #1337 ) ) ;
#700 = CARTESIAN_POINT ( 'NONE',  ( -12.14747543622125647, -2.409270856601456234, -1.761605908582142721 ) ) ;
#701 = CARTESIAN_POINT ( 'NONE',  ( -12.45833546424964489, -2.981794312619908016, -0.9800567252742021784 ) ) ;
#702 = ORIENTED_EDGE ( 'NONE', *, *, #4169, .T. ) ;
#703 = CARTESIAN_POINT ( 'NONE',  ( 12.28238475514776873, -2.965729470518636113, 0.3888994112558554761 ) ) ;
#704 = CARTESIAN_POINT ( 'NONE',  ( 12.42458842478324499, -2.842414966903838547, 1.341707272243636062 ) ) ;
#705 = VERTEX_POINT ( 'NONE', #4510 ) ;
#706 = CARTESIAN_POINT ( 'NONE',  ( -15.87500000000000000, 0.0000000000000000000, 0.0000000000000000000 ) ) ;
#707 = CARTESIAN_POINT ( 'NONE',  ( 0.0000000000000000000, -73.05500000000000682, 0.0000000000000000000 ) ) ;
#708 = CARTESIAN_POINT ( 'NONE',  ( 12.47087072139377284, 3.032277236493857941, -0.8305693195713301780 ) ) ;
#709 = CARTESIAN_POINT ( 'NONE',  ( -12.00154551915381873, -1.614823033252220874, -2.509930186196853708 ) ) ;
#710 = CARTESIAN_POINT ( 'NONE',  ( -12.14786689402262709, 1.227170140713621072, -2.932481493016461993 ) ) ;
#711 = CARTESIAN_POINT ( 'NONE',  ( 12.39165937868499690, -2.699855805532189734, -1.617689289873780023 ) ) ;
#712 = CARTESIAN_POINT ( 'NONE',  ( -12.14189603778294746, -2.383620292144251085, 1.796158414551183302 ) ) ;
#713 = CARTESIAN_POINT ( 'NONE',  ( 12.06416871883228659, 1.993662626212752809, -2.220936946627812603 ) ) ;
#714 = CARTESIAN_POINT ( 'NONE',  ( 11.95439691843166052, -1.258346365951471757, -2.706363072625064259 ) ) ;
#715 = CARTESIAN_POINT ( 'NONE',  ( -12.13152919469298396, -2.335399535616773381, -1.858901527944595733 ) ) ;
#716 = CARTESIAN_POINT ( 'NONE',  ( -12.17563722741141241, -2.535035605939215397, -1.575820454812849380 ) ) ;
#717 = CARTESIAN_POINT ( 'NONE',  ( -12.45431952381585461, -2.965530884147614010, -1.029834417453630024 ) ) ;
#718 = CARTESIAN_POINT ( 'NONE',  ( 12.11486765036952029, -2.255466825978758472, 1.954768361255832865 ) ) ;
#719 = CARTESIAN_POINT ( 'NONE',  ( 12.48250735304855041, -3.077969737782824566, -0.5980721577022788393 ) ) ;
#720 = CARTESIAN_POINT ( 'NONE',  ( -12.23836416542659578, -1.908039939229510429, -2.528530245974673907 ) ) ;
#721 = AXIS2_PLACEMENT_3D ( 'NONE', #4322, #324, #672 ) ;
#722 = CARTESIAN_POINT ( 'NONE',  ( 0.0000000000000000000, 76.99200000000000443, 0.0000000000000000000 ) ) ;
#723 = CARTESIAN_POINT ( 'NONE',  ( 1.530416611958464487E-15, 77.50000000000000000, 12.49680000000000035 ) ) ;
#724 = CARTESIAN_POINT ( 'NONE',  ( 11.89956911373862702, 0.6301677885830893056, -2.917315358884196907 ) ) ;
#725 = CARTESIAN_POINT ( 'NONE',  ( -12.00473907852311406, -1.636219124083492904, -2.496034844766299887 ) ) ;
#726 = DIRECTION ( 'NONE',  ( 0.0000000000000000000, 1.000000000000000000, 0.0000000000000000000 ) ) ;
#727 = CARTESIAN_POINT ( 'NONE',  ( 12.48705284597212817, -3.095741477431407596, -0.4941634006183003858 ) ) ;
#728 = CARTESIAN_POINT ( 'NONE',  ( -12.15134225465432927, -2.427018015733701795, 1.737580491297580743 ) ) ;
#729 = CARTESIAN_POINT ( 'NONE',  ( 12.28747990599484297, 2.984576569826132619, 0.09591710803193791157 ) ) ;
#730 = CARTESIAN_POINT ( 'NONE',  ( 12.26954280721514401, -2.916885165576274641, 0.6335873421370937786 ) ) ;
#731 = CARTESIAN_POINT ( 'NONE',  ( -11.98399287687113102, -1.492432593220684556, -2.585005132990207066 ) ) ;
#732 = CARTESIAN_POINT ( 'NONE',  ( 11.94413352496367686, -1.166602001730301152, 2.747158933229856270 ) ) ;
#733 = CARTESIAN_POINT ( 'NONE',  ( -12.16028603362681260, -2.467166103551665213, -1.679422286250551233 ) ) ;
#734 = CARTESIAN_POINT ( 'NONE',  ( 12.10346109157689121, -2.199119498613421708, 2.017706100908332356 ) ) ;
#735 = CARTESIAN_POINT ( 'NONE',  ( -12.32579759727076940, -2.390732233987637567, 2.060370784972031633 ) ) ;
#736 = CARTESIAN_POINT ( 'NONE',  ( 12.37647437505286518, -2.631794134505944349, 1.730544675180454961 ) ) ;
#737 = DIRECTION ( 'NONE',  ( 0.0000000000000000000, 0.0000000000000000000, 1.000000000000000000 ) ) ;
#738 = CARTESIAN_POINT ( 'NONE',  ( -11.88118694532689368, 0.09750972237665352094, 2.984500000000000597 ) ) ;
#739 = CARTESIAN_POINT ( 'NONE',  ( -12.16600928040327645, 1.390669078663262503, -2.856353829012446166 ) ) ;
#740 = CARTESIAN_POINT ( 'NONE',  ( 12.38253106395969638, -2.659174638576382588, 1.686701274833640740 ) ) ;
#741 = CARTESIAN_POINT ( 'NONE',  ( 12.19646472232027712, 2.624169193249583643, -1.421666418149973188 ) ) ;
#742 = CARTESIAN_POINT ( 'NONE',  ( 12.17510404857424078, -2.532701959019493021, 1.579569191736101441 ) ) ;
#743 = CARTESIAN_POINT ( 'NONE',  ( 11.95176703293761733, 1.236057614520773562, 2.716943041248555790 ) ) ;
#744 = CARTESIAN_POINT ( 'NONE',  ( -11.88152277545322377, -0.09805151702721552620, -2.983289149909422289 ) ) ;
#745 = CARTESIAN_POINT ( 'NONE',  ( 11.95420002095233158, -1.256506330431238494, 2.707135643854121643 ) ) ;
#746 = VECTOR ( 'NONE', #4456, 1000.000000000000000 ) ;
#747 = CARTESIAN_POINT ( 'NONE',  ( 12.28231356954412057, -2.965228382921777150, -0.3421015122538257902 ) ) ;
#748 = EDGE_CURVE ( 'NONE', #1575, #944, #4650, .T. ) ;
#749 = CARTESIAN_POINT ( 'NONE',  ( -12.09831888490130147, 0.5870121949773141612, 3.130609900342337770 ) ) ;
#750 = CARTESIAN_POINT ( 'NONE',  ( 12.46595531802839041, -3.012449793291063660, 0.8788956726138608122 ) ) ;
#751 = CARTESIAN_POINT ( 'NONE',  ( -12.15095732694117814, 2.425268931503424152, -1.740018247816045749 ) ) ;
#752 = ORIENTED_EDGE ( 'NONE', *, *, #2853, .T. ) ;
#753 = CIRCLE ( 'NONE', #2507, 12.24279999999999902 ) ;
#754 = CARTESIAN_POINT ( 'NONE',  ( -12.12103473117541519, -0.9361831207667746790, -3.041478157898981127 ) ) ;
#755 = DIRECTION ( 'NONE',  ( -0.0000000000000000000, 1.000000000000000000, -0.0000000000000000000 ) ) ;
#756 = CARTESIAN_POINT ( 'NONE',  ( -11.88254047653441603, 0.1962986535282689182, 2.979631469224362394 ) ) ;
#757 = ORIENTED_EDGE ( 'NONE', *, *, #321, .T. ) ;
#758 = AXIS2_PLACEMENT_3D ( 'NONE', #4281, #2467, #287 ) ;
#759 = CARTESIAN_POINT ( 'NONE',  ( -12.31897294572911505, 2.356660474443416309, -2.101054591983044784 ) ) ;
#760 = CARTESIAN_POINT ( 'NONE',  ( 12.29866369362850875, -2.251808513050569616, 2.216819489384013853 ) ) ;
#761 = EDGE_LOOP ( 'NONE', ( #1345, #187 ) ) ;
#762 = CARTESIAN_POINT ( 'NONE',  ( -12.17569708993422495, -2.535714293139745834, 1.576957305930343445 ) ) ;
#763 = CARTESIAN_POINT ( 'NONE',  ( 12.10969980961845849, 2.230058998749760768, 1.983461706517594569 ) ) ;
#764 = CARTESIAN_POINT ( 'NONE',  ( 12.21915106850889465, -2.718291203079716833, -1.233088431553177378 ) ) ;
#765 = VERTEX_POINT ( 'NONE', #3585 ) ;
#766 = CARTESIAN_POINT ( 'NONE',  ( -11.99580393516433752, -1.575749905371184090, -2.534728114427804879 ) ) ;
#767 = CARTESIAN_POINT ( 'NONE',  ( 11.90278434634794635, 0.6830368674852131949, 2.905392588993277236 ) ) ;
#768 = CARTESIAN_POINT ( 'NONE',  ( -12.11980550368074638, -2.279333154328544886, -1.926684114758180577 ) ) ;
#769 = CARTESIAN_POINT ( 'NONE',  ( 12.10349748379602630, -2.199330876551746083, -2.017553728740941743 ) ) ;
#770 = MANIFOLD_SOLID_BREP ( 'TTN105795-1-solid1', #3976 ) ;
#771 = CARTESIAN_POINT ( 'NONE',  ( -12.08490973423926640, 0.2024167537372449643, 3.181992840923613119 ) ) ;
#772 = CARTESIAN_POINT ( 'NONE',  ( 12.45456340624717662, -2.966557805965334804, 1.027751419480452455 ) ) ;
#773 = CARTESIAN_POINT ( 'NONE',  ( -12.26054988300448301, 2.882386745692710139, -0.7755544943942772607 ) ) ;
#774 = CARTESIAN_POINT ( 'NONE',  ( -12.08360682715019685, 1.185846126156020475E-17, -3.186919560774812865 ) ) ;
#775 = CARTESIAN_POINT ( 'NONE',  ( -2.856403312780321156E-15, 76.99200000000000443, 0.0000000000000000000 ) ) ;
#776 = CARTESIAN_POINT ( 'NONE',  ( -12.10679826407065995, -0.7368822309521553260, -3.097658691198309722 ) ) ;
#777 = DIRECTION ( 'NONE',  ( 0.0000000000000000000, 0.0000000000000000000, -1.000000000000000000 ) ) ;
#778 = CARTESIAN_POINT ( 'NONE',  ( -12.48985600890510739, 3.106654075109291924, 0.4173598834199742091 ) ) ;
#779 = CARTESIAN_POINT ( 'NONE',  ( 12.15012180635156369, -1.248561198312108989, 2.923126845874147062 ) ) ;
#780 = CARTESIAN_POINT ( 'NONE',  ( 12.08119816334060914, 2.085269296140270345, 2.135477524833973018 ) ) ;
#781 = CARTESIAN_POINT ( 'NONE',  ( 12.21153737561869512, -2.687017553549104321, -1.299142158581313211 ) ) ;
#782 = CARTESIAN_POINT ( 'NONE',  ( 12.01490501466365046, 1.703001636570933952, 2.451407021213600768 ) ) ;
#783 = CARTESIAN_POINT ( 'NONE',  ( 11.89846357929422282, 0.6109507335706270137, 2.921402026489118064 ) ) ;
#784 = CARTESIAN_POINT ( 'NONE',  ( -12.12208735631125478, -2.290295955195214450, -1.913587273275582756 ) ) ;
#785 = CARTESIAN_POINT ( 'NONE',  ( 12.21692739407543193, -2.709277568041315032, -1.253489291777331260 ) ) ;
#786 = CARTESIAN_POINT ( 'NONE',  ( -12.31405199671581308, -2.331438778019968794, 2.129373392780640639 ) ) ;
#787 = CARTESIAN_POINT ( 'NONE',  ( 12.08500591814743785, 0.2076729801638397266, 3.181628129500687407 ) ) ;
#788 = CARTESIAN_POINT ( 'NONE',  ( 12.13831860126430584, -2.367760755133211159, 1.819438612771242969 ) ) ;
#789 = CARTESIAN_POINT ( 'NONE',  ( -12.27979043126456560, 2.955732681893683100, -0.4141130871851471662 ) ) ;
#790 = EDGE_CURVE ( 'NONE', #2093, #4647, #4709, .T. ) ;
#791 = CARTESIAN_POINT ( 'NONE',  ( 0.0000000000000000000, -67.34000000000000341, 0.0000000000000000000 ) ) ;
#792 = CARTESIAN_POINT ( 'NONE',  ( -11.90890328613358662, 0.7748254977835743462, 2.882582023089669043 ) ) ;
#793 = CARTESIAN_POINT ( 'NONE',  ( -11.90883867721872136, 0.7739395800163697547, 2.882819643280049693 ) ) ;
#794 = B_SPLINE_SURFACE_WITH_KNOTS ( 'NONE', 1, 3, ( 
 ( #690, #1467, #4017, #4005, #3302, #4760, #20, #2561, #3632, #1094, #1066, #1109, #3673, #4730, #4351, #375, #1823, #1856, #4032, #1808, #2901, #3286, #344, #710, #2918, #3327, #1481, #739, #4386, #4746, #3659, #325, #4048, #1837, #4397, #2213, #2575, #2953, #4409, #3273, #2227, #2593, #389, #1790, #2969, #759, #1124, #3691, #3988, #2165, #4715, #4369, #2523, #1873, #1890, #70, #2313, #86, #1213, #4429, #1183, #3045, #3381, #2659, #836, #796, #37, #98, #404, #4447, #1199, #2641, #1929, #2998, #454, #3032, #2244, #2298, #3396, #2611, #1550, #4125, #4096, #2983, #1533, #3365, #2264, #55, #4112, #4476, #2625, #778, #3754, #1164, #1568, #3738, #1945, #3347, #438, #3017, #4460, #2677, #2281, #4494, #469, #424, #853, #3414, #1498, #816, #1140, #4062, #3707, #1516, #4078, #3719, #1908, #3805, #3427, #884, #132, #3444, #1611, #113, #1260, #148, #3095, #1246, #3818, #4508, #4176, #1991, #498, #4539, #2690, #2359, #2333, #2727, #514, #899, #3457, #1232, #1631, #484, #3768, #3785, #1586, #4146, #1959, #3062, #868, #1600, #4163, #1975, #4524, #2346, #2707, #3079, #1524, #749, #1848, #3713, #383, #2618, #415, #4404, #3321, #771, #2568, #2222, #13, #2978, #1509, #1134, #1882, #3359, #3310, #1491, #4421, #4055, #4087, #3667, #4438, #1866, #1543, #2237, #30, #1897, #1474, #2254, #2604, #4106, #1151, #4467, #2943, #47, #1920, #2990, #4453, #2273, #398, #1105, #806, #4043, #2963, #63, #3337, #786, #3700, #2633, #432, #735, #3009, #3375, #2583, #1176, #3727, #4069, #1117, #4753, #372, #3684, #2669, #2339, #124, #462, #3749, #2698, #1951, #4530, #4514, #4157, #3390, #1224, #3776, #478, #3449, #3053, #3071, #491, #3040, #2352, #894, #1252, #1594, #827, #1605, #1191, #3812, #1966, #4502, #92, #876, #844, #3437, #858, #1240, #3797, #1559, #1622, #1983, #505, #4170, #4182, #4119, #140, #2716, #3088, #1996, #1936, #2290, #4488, #80, #2649, #447, #3025, #3405, #2306, #1207, #3761, #1578, #4134, #2324, #3421, #104, #2683, #207, #3495, #2010, #3157, #4219, #2029, #2382, #1317, #538, #1639, #3513, #173, #2406, #2781, #4200, #3122, #551, #2367, #4564, #2750, #2763, #1301, #935, #1668, #954, #3103, #1286, #907, #921, #157, #3825, #3469, #3859, #3481, #3840, #565, #3873, #4263, #4579, #3173, #1702, #4235, #2395, #1653 ),
 ( #1267, #4596, #2422, #193, #3141, #2045, #1689, #4247, #2058, #4615, #221, #2797, #584, #969, #3528, #1331, #3890, #4549, #2735, #522, #2315, #1420, #1938, #1527, #1545, #1178, #3702, #3027, #4121, #4490, #2275, #4057, #82, #1868, #94, #434, #2993, #3340, #3730, #4072, #3011, #4089, #809, #4108, #32, #464, #450, #3751, #4470, #751, #4423, #2292, #2651, #4455, #829, #400, #3392, #2240, #1193, #1561, #3323, #1119, #1511, #3686, #2606, #1493, #4441, #2980, #773, #1899, #1137, #2620, #1884, #65, #2257, #50, #417, #789, #3361, #1154, #3715, #2635, #1998, #3423, #896, #3451, #106, #3778, #3799, #847, #2685, #480, #1242, #4532, #4172, #142, #1625, #1581, #4516, #2700, #2341, #2720, #4566, #507, #4184, #2369, #126, #4136, #3827, #1953, #1226, #2737, #1607, #1254, #493, #4551, #160, #3764, #3815, #524, #4504, #3090, #909, #878, #2326, #3073, #3439, #1596, #4159, #3106, #3471, #1968, #3055, #1269, #1986, #1641, #4202, #2012, #860, #2354, #2384, #175, #2752, #3042, #3407, #1209, #3497, #2813, #3906, #1717, #2060, #3842, #4628, #1655, #2094, #224, #2783, #3144, #3531, #3862, #2800, #1320, #588, #972, #4582, #4641, #239, #3543, #3177, #2452, #4222, #1334, #1704, #4250, #4266, #195, #2075, #2031, #3893, #2437, #3191, #1350, #1303, #4278, #2397, #257, #4237, #604, #987, #1692, #541, #2408, #3124, #4617, #2765, #923, #210, #568, #937, #3483, #1670, #553, #1288, #2047, #4598, #3159, #958, #3516, #3876, #2424, #4660, #2465, #1025, #4330, #3960, #4685, #1414, #1363, #4310, #2482, #2120, #4344, #1733, #2497, #4669, #4357, #3977, #2529, #1002, #3203, #3215, #1396, #3618, #4720, #1783, #3265, #269, #3251, #3591, #1038, #2157, #285, #1767, #1424, #4297, #3555, #2858, #3577, #2170, #2513, #646, #3604, #314, #3232, #2828, #2107, #2135, #3926, #2845, #630, #1014, #1379, #303, #3942, #1754, #4702, #2892, #614, #2871, #3993, #664, #677, #1055, #1798, #3651, #4751, #2550, #1458, #395, #3695, #700, #1084, #715, #1863, #1844, #1828, #2598, #2232, #4391, #368, #3639, #1504, #2218, #4066, #1440, #2974, #3333, #4021, #1100, #1129, #2202, #766, #2565, #731, #1813, #2580, #2938, #350, #4401, #1113, #1877, #3663, #4739, #1471, #2184, #26, #4415, #3307, #3278, #1486, #4039, #4435, #380, #2926, #4010, #6, #2960, #744, #3317, #2250 ) ),
 .UNSPECIFIED., .F., .T., .F.,
 ( 2, 2 ),
 ( 4, 2, 2, 2, 2, 2, 2, 2, 2, 2, 2, 2, 2, 2, 2, 2, 2, 2, 2, 2, 2, 2, 2, 2, 2, 2, 2, 2, 2, 2, 2, 2, 2, 2, 2, 2, 2, 2, 2, 2, 2, 2, 2, 2, 2, 2, 2, 2, 2, 2, 2, 2, 2, 2, 2, 2, 2, 2, 2, 2, 2, 2, 2, 2, 2, 2, 2, 2, 2, 2, 2, 2, 2, 2, 2, 2, 2, 2, 2, 2, 2, 2, 2, 2, 2, 2, 2, 2, 2, 2, 2, 2, 2, 2, 2, 2, 2, 2, 2, 2, 2, 2, 2, 2, 2, 2, 2, 2, 2, 2, 2, 2, 2, 2, 2, 2, 2, 2, 2, 2, 2, 2, 2, 2, 2, 2, 2, 2, 2, 2, 2, 2, 2, 2, 2, 2, 2, 2, 2, 2, 2, 2, 2, 2, 2, 2, 2, 2, 2, 2, 2, 2, 2, 2, 2, 2, 2, 2, 2, 2, 2, 2, 2, 2, 4 ),
 ( 0.0000000000000000000, 1.000000000000000000 ),
 ( 0.0008783373133435384839, 0.0009551401256500080235, 0.001031942937956477563, 0.001108745750262947211, 0.001185548562569416643, 0.001339154187182355505, 0.001492759811795294584, 0.001646365436408233664, 0.001799971061021172526, 0.001953576685634111389, 0.002030379497940580820, 0.002107182310247050685, 0.002183985122553520550, 0.002260787934859989981, 0.002414393559472928844, 0.002721604808698806569, 0.002875210433311745431, 0.003028816057924684727, 0.003105618870231154592, 0.003182421682537624023, 0.003259224494844093455, 0.003336027307150562886, 0.003489632931763501748, 0.003643238556376441045, 0.003796844180989380341, 0.003950449805602319203, 0.004104055430215258066, 0.004142456836368492781, 0.004180858242521727497, 0.004257661054828196928, 0.004334463867134666359, 0.004411266679441135791, 0.004564872304054074653, 0.004872083553279952378, 0.005025689177892891241, 0.005102491990199360672, 0.005179294802505830971, 0.005256097614812301269, 0.005332900427118770700, 0.005409703239425240132, 0.005486506051731709563, 0.005640111676344648425, 0.005793717300957587288, 0.005947322925570526150, 0.006100928550183465013, 0.006177731362489934444, 0.006254534174796403875, 0.006331336987102873307, 0.006408139799409342738, 0.006561745424022281600, 0.006715351048635220463, 0.006868956673248159325, 0.007022562297861099055, 0.007099365110167569354, 0.007176167922474038785, 0.007252970734780508216, 0.007291372140933742932, 0.007329773547086977648, 0.007483379171699916510, 0.007636984796312855373, 0.007944196045538733097, 0.008097801670151671960, 0.008251407294764610822, 0.008328210107071080254, 0.008405012919377549685, 0.008481815731684019116, 0.008558618543990488547, 0.008712224168603427410, 0.008865829793216366272, 0.009019435417829305135, 0.009173041042442243997, 0.009326646667055182860, 0.009365048073208417576, 0.009403449479361652291, 0.009480252291668123457, 0.009557055103974594623, 0.009633857916281064054, 0.009787463540894002917, 0.009941069165506941779, 0.01009467479011988064, 0.01017147760242635007, 0.01024828041473281950, 0.01032508322703928894, 0.01040188603934575837, 0.01070909728857163609, 0.01101630853779751382, 0.01116991416241045268, 0.01124671697471692211, 0.01132351978702339154, 0.01140032259932986097, 0.01147712541163633040, 0.01163073103624926927, 0.01193794228547514873, 0.01209154791008808932, 0.01216835072239455875, 0.01224515353470102819, 0.01232195634700749762, 0.01239875915931396705, 0.01255236478392690591, 0.01270597040853984477, 0.01285957603315278364, 0.01301318165776572250, 0.01316678728237866136, 0.01332039290699160022, 0.01335879431314483494, 0.01339719571929806965, 0.01347399853160453909, 0.01355080134391100852, 0.01362760415621747795, 0.01378120978083041681, 0.01408842103005629454, 0.01424202665466923340, 0.01431882946697570283, 0.01439563227928217226, 0.01447243509158864169, 0.01454923790389511112, 0.01462604071620158055, 0.01470284352850804999, 0.01485644915312098885, 0.01501005477773392771, 0.01516366040234686657, 0.01531726602695980544, 0.01539406883926627487, 0.01547087165157274430, 0.01554767446387921373, 0.01562447727618568490, 0.01577808290079862549, 0.01593168852541156436, 0.01623889977463744208, 0.01639250539925038094, 0.01646930821155685037, 0.01654611102386331981, 0.01662291383616978924, 0.01669971664847625867, 0.01685332227308919753, 0.01716053352231507526, 0.01731413914692801412, 0.01739094195923448355, 0.01746774477154095298, 0.01754454758384742241, 0.01762135039615389184, 0.01777495602076683071, 0.01792856164537976957, 0.01808216726999270843, 0.01823577289460565076, 0.01838937851921858962, 0.01854298414383152849, 0.01858138554998476494, 0.01861978695613799792, 0.01869658976844446735, 0.01877339258075093678, 0.01885019539305740621, 0.01900380101767034507, 0.01931101226689622280, 0.01946461789150916166, 0.01954142070381563109, 0.01961822351612210052, 0.01969502632842856996, 0.01977182914073503939, 0.01984863195304150882, 0.01992543476534797825, 0.02007904038996091711, 0.02023264601457385597, 0.02038625163918679484, 0.02053985726379973370 ),
 .UNSPECIFIED. ) ;
#795 = CARTESIAN_POINT ( 'NONE',  ( -12.04563709279453043, -1.889284922011339019, -2.310383291921492166 ) ) ;
#796 = CARTESIAN_POINT ( 'NONE',  ( -12.44639361608690464, 2.933420025699823519, -1.125422848780291751 ) ) ;
#797 = CARTESIAN_POINT ( 'NONE',  ( -12.22383898494875787, 2.737286059296859086, 1.189580854463682114 ) ) ;
#798 = ADVANCED_FACE ( 'NONE', ( #4541, #1044 ), #263, .T. ) ;
#799 = CARTESIAN_POINT ( 'NONE',  ( 12.32542795076579978, -2.389042056677144199, 2.062881664778759561 ) ) ;
#800 = CARTESIAN_POINT ( 'NONE',  ( -11.98430239953474086, 1.496531403272305383, -2.584006549274545428 ) ) ;
#801 = CARTESIAN_POINT ( 'NONE',  ( 12.25731110796747814, 2.869872852006813080, 0.8205812926977947841 ) ) ;
#802 = CARTESIAN_POINT ( 'NONE',  ( 11.91264453895954212, 0.8253168010613699535, 2.868531250165396784 ) ) ;
#803 = CARTESIAN_POINT ( 'NONE',  ( -12.12936841189894643, -2.325004182587874890, 1.871266826207028222 ) ) ;
#804 = CARTESIAN_POINT ( 'NONE',  ( -12.39440482859570913, -2.712126460256663929, -1.597110569663169777 ) ) ;
#805 = CARTESIAN_POINT ( 'NONE',  ( 12.10060240808050303, -2.184865418955378225, -2.033271771483130763 ) ) ;
#806 = CARTESIAN_POINT ( 'NONE',  ( -12.26530834777296342, -2.068484468614977700, 2.394468058688595580 ) ) ;
#807 = CARTESIAN_POINT ( 'NONE',  ( 12.08902207351399127, -0.3566675068985757369, 3.166317509804284835 ) ) ;
#808 = CARTESIAN_POINT ( 'NONE',  ( 12.20067477844442827, -2.641862151186141539, 1.388508529578773132 ) ) ;
#809 = CARTESIAN_POINT ( 'NONE',  ( -12.08299203164981428, 2.094586577960753981, -2.126155637150267452 ) ) ;
#810 = DATE_AND_TIME ( #3665, #1721 ) ;
#811 = CARTESIAN_POINT ( 'NONE',  ( 0.0000000000000000000, -67.34000000000000341, 0.0000000000000000000 ) ) ;
#812 = CARTESIAN_POINT ( 'NONE',  ( -12.08392061173858067, 2.099380101125854381, 2.121300515711399104 ) ) ;
#813 = CARTESIAN_POINT ( 'NONE',  ( -11.88816661655172879, 0.3887034688264476290, 2.959182362133652155 ) ) ;
#814 = VECTOR ( 'NONE', #3656, 1000.000000000000000 ) ;
#815 = CARTESIAN_POINT ( 'NONE',  ( 12.20894545244516571, -2.676313975805341805, -1.321052516670210064 ) ) ;
#816 = CARTESIAN_POINT ( 'NONE',  ( -12.41939128463586606, 2.820371396262865815, 1.388991019031290186 ) ) ;
#817 = CARTESIAN_POINT ( 'NONE',  ( 12.37647437505286518, -2.631794134505944349, 1.730544675180454961 ) ) ;
#818 = CARTESIAN_POINT ( 'NONE',  ( -12.23834183112231777, 1.907892794285643845, 2.528634362973487981 ) ) ;
#819 = CARTESIAN_POINT ( 'NONE',  ( 12.09574910309189022, 2.160303324500013833, 2.059242250748100300 ) ) ;
#820 = CARTESIAN_POINT ( 'NONE',  ( 11.89846357929422282, 0.6109507335706270137, 2.921402026489118064 ) ) ;
#821 = VECTOR ( 'NONE', #2040, 999.9999999999998863 ) ;
#822 = CARTESIAN_POINT ( 'NONE',  ( 11.88121164393854734, 0.1002980541083423188, 2.984411998413198486 ) ) ;
#823 = CARTESIAN_POINT ( 'NONE',  ( -12.16495075878910015, -2.487937163126616280, 1.648492773470023876 ) ) ;
#824 = ORIENTED_EDGE ( 'NONE', *, *, #562, .F. ) ;
#825 = CARTESIAN_POINT ( 'NONE',  ( 12.17869693191493319, -2.548246137301868330, -1.553795906646212144 ) ) ;
#826 = EDGE_CURVE ( 'NONE', #1746, #1043, #1797, .T. ) ;
#827 = CARTESIAN_POINT ( 'NONE',  ( -12.49509258372492049, -3.126944571196562439, 0.2082288439687532133 ) ) ;
#828 = CARTESIAN_POINT ( 'NONE',  ( 12.12708212573395450, 1.013478993797541694, 3.017428490743397251 ) ) ;
#829 = CARTESIAN_POINT ( 'NONE',  ( -12.18407944956411093, 2.571448293972272925, -1.514940554211706258 ) ) ;
#830 = ORIENTED_EDGE ( 'NONE', *, *, #1965, .T. ) ;
#831 = DIRECTION ( 'NONE',  ( 0.0000000000000000000, 0.0000000000000000000, 1.000000000000000000 ) ) ;
#832 = CARTESIAN_POINT ( 'NONE',  ( -12.08498096843698733, 0.1810548506244011868, -3.181705056282721600 ) ) ;
#833 = CARTESIAN_POINT ( 'NONE',  ( -11.89219788395596566, 0.4896823059355690511, -2.944459777283114477 ) ) ;
#834 = CARTESIAN_POINT ( 'NONE',  ( -12.20070485006041849, 2.642003750210113466, -1.388375946690960872 ) ) ;
#835 = CARTESIAN_POINT ( 'NONE',  ( -11.94413352496366265, 1.166602001730308924, 2.747158933229852273 ) ) ;
#836 = CARTESIAN_POINT ( 'NONE',  ( -12.43227101874830431, 2.874750235815008548, -1.269239230932694751 ) ) ;
#837 = CARTESIAN_POINT ( 'NONE',  ( 12.23890781276636552, 1.911399318337498654, 2.525894551522428699 ) ) ;
#838 = ORIENTED_EDGE ( 'NONE', *, *, #1649, .T. ) ;
#839 = CARTESIAN_POINT ( 'NONE',  ( -12.37647437505286518, 2.631794134505957228, 1.730544675180466729 ) ) ;
#840 = CARTESIAN_POINT ( 'NONE',  ( 12.01148800195357147, 1.680520783675888863, 2.466398153258740678 ) ) ;
#841 = CARTESIAN_POINT ( 'NONE',  ( 11.94413352496367686, -1.166602001730301152, 2.747158933229856270 ) ) ;
#842 = CARTESIAN_POINT ( 'NONE',  ( -12.27696041355038581, -2.945058453800558862, 0.4860632301300076841 ) ) ;
#843 = CARTESIAN_POINT ( 'NONE',  ( 12.05906123267488539, -1.965512039245735476, -2.246018949213140825 ) ) ;
#844 = CARTESIAN_POINT ( 'NONE',  ( -12.49511419527679656, -3.127028510566141506, -0.2117922652080838908 ) ) ;
#845 = CARTESIAN_POINT ( 'NONE',  ( 12.18292473797849240, 1.526606233329409035, 2.783259271133866175 ) ) ;
#846 = CARTESIAN_POINT ( 'NONE',  ( 12.05280447448407521, -1.930387411253753793, 2.276277255079322437 ) ) ;
#847 = CARTESIAN_POINT ( 'NONE',  ( -12.28296246060821240, 2.967663658414713801, 0.3175147021399123415 ) ) ;
#848 = CARTESIAN_POINT ( 'NONE',  ( -12.45853998971546517, 2.982644915243829686, 0.9784073759634210887 ) ) ;
#849 = CARTESIAN_POINT ( 'NONE',  ( -12.08530071956806395, -0.2054387512017634976, -3.180491128759501240 ) ) ;
#850 = CARTESIAN_POINT ( 'NONE',  ( -12.12391664029907901, 2.299074146586209899, 1.903070091591001711 ) ) ;
#851 = CARTESIAN_POINT ( 'NONE',  ( -11.93934665312454690, 1.121271357917451139, 2.765970531077517336 ) ) ;
#852 = CARTESIAN_POINT ( 'NONE',  ( -12.19546821371711509, 2.619982164053726414, -1.429521951357669352 ) ) ;
#853 = CARTESIAN_POINT ( 'NONE',  ( -12.43209629651541981, 2.873974824194803546, 1.270262521096837904 ) ) ;
#854 = CARTESIAN_POINT ( 'NONE',  ( 12.13352486138008146, -1.081336759471299258, 2.991265111468059956 ) ) ;
#855 = CARTESIAN_POINT ( 'NONE',  ( 11.88123652981123790, 0.1977147042046039360, 2.984325287772157775 ) ) ;
#856 = CARTESIAN_POINT ( 'NONE',  ( 11.89955451094933458, -0.6312985408663916997, 2.917380947591432072 ) ) ;
#857 = CARTESIAN_POINT ( 'NONE',  ( -12.11823565566532679, -2.271826014712841513, 1.935745212809354632 ) ) ;
#858 = CARTESIAN_POINT ( 'NONE',  ( -12.49019189306030242, -3.107973399817970162, -0.4193802284723330276 ) ) ;
#859 = CARTESIAN_POINT ( 'NONE',  ( 12.09707295841367980, -0.5616485238269187663, 3.135419854242611049 ) ) ;
#860 = CARTESIAN_POINT ( 'NONE',  ( -11.99610814932333192, 1.578256356092734514, 2.533516011588761163 ) ) ;
#861 = AXIS2_PLACEMENT_3D ( 'NONE', #1628, #3498, #2703 ) ;
#862 = CARTESIAN_POINT ( 'NONE',  ( -12.27822831475194043, -2.142161781330980563, -2.328233364617285694 ) ) ;
#863 = CARTESIAN_POINT ( 'NONE',  ( -12.08704068705812773, 0.2844311607965053779, -3.173872218238636744 ) ) ;
#864 = CARTESIAN_POINT ( 'NONE',  ( -12.20383606385441411, 2.655170904282892597, 1.363778276680593704 ) ) ;
#865 = CARTESIAN_POINT ( 'NONE',  ( -11.92384390703707453, 0.9608596237732799361, 2.826018431364477834 ) ) ;
#866 = CARTESIAN_POINT ( 'NONE',  ( -12.20365732168906447, 2.654344998646076981, -1.364657054020671056 ) ) ;
#867 = CARTESIAN_POINT ( 'NONE',  ( 12.27086692898211062, -2.921922472575630980, -0.6084540561428690708 ) ) ;
#868 = CARTESIAN_POINT ( 'NONE',  ( -12.14038501881825560, 1.153373444486554211, 2.963301532812554040 ) ) ;
#869 = CARTESIAN_POINT ( 'NONE',  ( -12.19930645237591627, 2.636124107875983835, 1.399371838978489269 ) ) ;
#870 = CARTESIAN_POINT ( 'NONE',  ( 12.09364965050256124, -0.4851770146008157480, 3.148597199006572200 ) ) ;
#871 = CARTESIAN_POINT ( 'NONE',  ( 11.94667433897794950, 1.189947073182361814, 2.737121941730314312 ) ) ;
#872 = CARTESIAN_POINT ( 'NONE',  ( 11.89106185652379999, -0.4621015699850882230, 2.948611711476817110 ) ) ;
#873 = CARTESIAN_POINT ( 'NONE',  ( -12.08750003728864364, -2.117992470608625055, 2.102720594218642880 ) ) ;
#874 = LOCAL_TIME ( 17, 22, 41.00000000000000000, #3110 ) ;
#875 = CARTESIAN_POINT ( 'NONE',  ( -12.08500591814743075, -0.2076729801638574902, 3.181628129500702507 ) ) ;
#876 = CARTESIAN_POINT ( 'NONE',  ( -12.49644742291901345, -3.132174926400729031, -0.1074080542190930521 ) ) ;
#877 = CARTESIAN_POINT ( 'NONE',  ( 12.49353546676708504, 3.120924127878680121, 0.2868136420419781785 ) ) ;
#878 = CARTESIAN_POINT ( 'NONE',  ( -12.09927266486594100, 2.178343374549595257, 2.040692741945563160 ) ) ;
#879 = CYLINDRICAL_SURFACE ( 'NONE', #1347, 2.499999999999993339 ) ;
#880 = CARTESIAN_POINT ( 'NONE',  ( 11.93240101474282255, -1.052815410651290362, -2.793067316744402007 ) ) ;
#881 = CARTESIAN_POINT ( 'NONE',  ( -12.28614492477776032, 2.979605005700217912, -0.1966837317067479940 ) ) ;
#882 = CARTESIAN_POINT ( 'NONE',  ( 12.27340557640888896, -2.931578795764528067, -0.5600851608028682982 ) ) ;
#883 = ORIENTED_EDGE ( 'NONE', *, *, #2948, .F. ) ;
#884 = CARTESIAN_POINT ( 'NONE',  ( -12.35794712215985136, 2.546685508033158740, 1.859765817547841760 ) ) ;
#885 = CARTESIAN_POINT ( 'NONE',  ( 12.09076037758346800, 0.4120509442390912214, 3.159681627914374680 ) ) ;
#886 = VECTOR ( 'NONE', #2099, 1000.000000000000000 ) ;
#887 = CARTESIAN_POINT ( 'NONE',  ( 12.25003733732673972, 2.841537114821655052, 0.9129652196498099226 ) ) ;
#888 = ORIENTED_EDGE ( 'NONE', *, *, #1062, .T. ) ;
#889 = EDGE_LOOP ( 'NONE', ( #1574, #994, #4205, #3185 ) ) ;
#890 = CARTESIAN_POINT ( 'NONE',  ( 12.12713587968764450, 1.009679180566029455, -3.017061093354597379 ) ) ;
#891 = CARTESIAN_POINT ( 'NONE',  ( -11.92013533405320302, -0.9172988211518449120, 2.840137139420548795 ) ) ;
#892 = EDGE_LOOP ( 'NONE', ( #2096, #3467 ) ) ;
#893 = AXIS2_PLACEMENT_3D ( 'NONE', #4623, #4592, #3771 ) ;
#894 = CARTESIAN_POINT ( 'NONE',  ( -12.49157634614664936, -3.113336280171615122, 0.3650367906917003080 ) ) ;
#895 = CARTESIAN_POINT ( 'NONE',  ( 12.44625136252010655, 2.932603845007981658, 1.123139478519603829 ) ) ;
#896 = CARTESIAN_POINT ( 'NONE',  ( -12.28745920363840582, 2.984501512217202723, -0.04869652692791579668 ) ) ;
#897 = CARTESIAN_POINT ( 'NONE',  ( -12.14786689402262709, 1.227170140713621072, -2.932481493016461993 ) ) ;
#898 = CARTESIAN_POINT ( 'NONE',  ( -12.26071603751312722, 2.883031028374764659, 0.7731483828625378418 ) ) ;
#899 = CARTESIAN_POINT ( 'NONE',  ( -12.18852750139578234, 1.569686839106390952, 2.758723546581171693 ) ) ;
#900 = CARTESIAN_POINT ( 'NONE',  ( 12.09707295841367980, -0.5616485238269187663, 3.135419854242611049 ) ) ;
#901 = CC_DESIGN_PERSON_AND_ORGANIZATION_ASSIGNMENT ( #1725, #4643, ( #3995 ) ) ;
#902 = CARTESIAN_POINT ( 'NONE',  ( -12.26044158658769057, -2.881952685353981636, -0.7760118872832459935 ) ) ;
#903 = CARTESIAN_POINT ( 'NONE',  ( 12.24612296634676589, 2.826190042778599754, 0.9594209229501995395 ) ) ;
#904 = CARTESIAN_POINT ( 'NONE',  ( 12.08360682715020040, 0.0000000000000000000, -3.186919560774800431 ) ) ;
#905 = CARTESIAN_POINT ( 'NONE',  ( -12.17431947503332523, -1.458732437309308017, 2.820658901540058050 ) ) ;
#906 = CARTESIAN_POINT ( 'NONE',  ( -11.96736723654105639, -1.366160124999100445, 2.653945985384731809 ) ) ;
#907 = CARTESIAN_POINT ( 'NONE',  ( -12.11718610342011537, -0.8867110247063226813, -3.056775012754024079 ) ) ;
#908 = CARTESIAN_POINT ( 'NONE',  ( 12.36465677682549646, 2.577531091236043626, 1.813053918206755322 ) ) ;
#909 = CARTESIAN_POINT ( 'NONE',  ( -12.11243017505244524, 2.243694230912061993, 1.968614481987634335 ) ) ;
#910 = CARTESIAN_POINT ( 'NONE',  ( 11.97574671238510824, -1.430563472357949228, -2.619324655280184100 ) ) ;
#911 = CARTESIAN_POINT ( 'NONE',  ( -12.47108300870192465, -3.033109473158287717, 0.8271221141404917487 ) ) ;
#912 = CARTESIAN_POINT ( 'NONE',  ( -11.95399201977065395, 1.254835588608614882, -2.707992686402050264 ) ) ;
#913 = CARTESIAN_POINT ( 'NONE',  ( 12.28713766984827060, -2.983301334378227754, 0.09769151848721165099 ) ) ;
#914 = CARTESIAN_POINT ( 'NONE',  ( 12.39440482859571269, 2.712126460256696348, -1.597110569663134250 ) ) ;
#915 = CARTESIAN_POINT ( 'NONE',  ( -12.05286744661356479, -1.931015028212505591, -2.276134933344975853 ) ) ;
#916 = CARTESIAN_POINT ( 'NONE',  ( 12.05329906057382416, 1.933453191580609243, 2.274059103072197274 ) ) ;
#917 = EDGE_CURVE ( 'NONE', #4491, #4203, #302, .T. ) ;
#918 = CARTESIAN_POINT ( 'NONE',  ( 12.10230184569624079, 0.6616357662930971717, -3.115178214835585990 ) ) ;
#919 = CARTESIAN_POINT ( 'NONE',  ( -12.11438431102775226, -2.253029793984777651, 1.957357271724445846 ) ) ;
#920 = CARTESIAN_POINT ( 'NONE',  ( -12.45475992967933720, -2.967318305570936676, 1.024492312402960126 ) ) ;
#921 = CARTESIAN_POINT ( 'NONE',  ( -12.11532497029947208, -0.8617803231523194496, -3.064141607878178242 ) ) ;
#922 = CARTESIAN_POINT ( 'NONE',  ( 12.46066264943341118, 2.991178965246823029, 0.9500117084155336178 ) ) ;
#923 = CARTESIAN_POINT ( 'NONE',  ( -11.99649394609293118, -1.580922476174959623, 2.531860945173575406 ) ) ;
#924 = AXIS2_PLACEMENT_3D ( 'NONE', #2386, #3146, #527 ) ;
#925 = CARTESIAN_POINT ( 'NONE',  ( -12.16466122631955038, -1.391344800775416335, -2.863186786772166759 ) ) ;
#926 = CARTESIAN_POINT ( 'NONE',  ( -12.05410999419341422, 1.937700776164522409, -2.269957172219903452 ) ) ;
#927 = CARTESIAN_POINT ( 'NONE',  ( 12.49019189306030242, 3.107973399817952842, -0.4193802284723409102 ) ) ;
#928 = CARTESIAN_POINT ( 'NONE',  ( -11.89819796947523400, -0.6062302745926123615, -2.922383025338898044 ) ) ;
#929 = CARTESIAN_POINT ( 'NONE',  ( 11.95956469842655423, 1.302129148891370214, 2.685571504113108077 ) ) ;
#930 = VECTOR ( 'NONE', #2225, 1000.000000000000000 ) ;
#931 = CARTESIAN_POINT ( 'NONE',  ( 11.94437087530793384, -1.168804851831590552, -2.746222754922571063 ) ) ;
#932 = CARTESIAN_POINT ( 'NONE',  ( -12.26530834777296342, -2.068484468614977700, 2.394468058688595580 ) ) ;
#933 = DIRECTION ( 'NONE',  ( 0.0000000000000000000, 0.0000000000000000000, 1.000000000000000000 ) ) ;
#934 = CIRCLE ( 'NONE', #1463, 3.810000000000000053 ) ;
#935 = CARTESIAN_POINT ( 'NONE',  ( -12.13579305909177819, -1.106455939745932149, -2.982091023686709086 ) ) ;
#936 = CARTESIAN_POINT ( 'NONE',  ( 12.41692436771176311, 2.809911393181785400, 1.411469635289037017 ) ) ;
#937 = CARTESIAN_POINT ( 'NONE',  ( -12.02117927116951002, -1.742669209541242159, 2.423364719267224299 ) ) ;
#938 = ORIENTED_EDGE ( 'NONE', *, *, #3824, .T. ) ;
#939 = ORIENTED_EDGE ( 'NONE', *, *, #206, .T. ) ;
#940 = CARTESIAN_POINT ( 'NONE',  ( 0.0000000000000000000, -76.73799999999998533, -2.499999999999993339 ) ) ;
#941 = CARTESIAN_POINT ( 'NONE',  ( -11.98251352286442462, 1.481269088472518147, -2.591146833599800914 ) ) ;
#942 = DIRECTION ( 'NONE',  ( -0.0000000000000000000, 1.000000000000000000, -0.0000000000000000000 ) ) ;
#943 = CARTESIAN_POINT ( 'NONE',  ( 12.42722592789994174, 2.853538142634621799, 1.317058747260182239 ) ) ;
#944 = VERTEX_POINT ( 'NONE', #3598 ) ;
#945 = CARTESIAN_POINT ( 'NONE',  ( -11.93702545367672485, -1.099301271030780347, -2.775093328789973945 ) ) ;
#946 = CARTESIAN_POINT ( 'NONE',  ( -12.44639361608690464, 2.933420025699823519, -1.125422848780291751 ) ) ;
#947 = CARTESIAN_POINT ( 'NONE',  ( 12.21655394682246332, 2.707624354681422485, 1.255629954895480793 ) ) ;
#948 = EDGE_LOOP ( 'NONE', ( #3681, #2714, #2886, #4655 ) ) ;
#949 = DIRECTION ( 'NONE',  ( 0.0000000000000000000, 0.0000000000000000000, -1.000000000000000000 ) ) ;
#950 = CARTESIAN_POINT ( 'NONE',  ( 12.11261062953157541, -2.244575634025330668, -1.967604550473461389 ) ) ;
#951 = CARTESIAN_POINT ( 'NONE',  ( -11.95407305404863685, -1.255535941200881522, 2.707667750953800745 ) ) ;
#952 = DIRECTION ( 'NONE',  ( 0.0000000000000000000, 0.0000000000000000000, -1.000000000000000000 ) ) ;
#953 = AXIS2_PLACEMENT_3D ( 'NONE', #1173, #2616, #1540 ) ;
#954 = CARTESIAN_POINT ( 'NONE',  ( -12.12713587968764450, -1.009679180566023904, -3.017061093354596935 ) ) ;
#955 = CARTESIAN_POINT ( 'NONE',  ( 12.21572208301581597, 1.761846515525615997, -2.635595625721744995 ) ) ;
#956 = CARTESIAN_POINT ( 'NONE',  ( 12.26675133963645870, 2.906223441334460311, -0.6808189812120526430 ) ) ;
#957 = B_SPLINE_CURVE_WITH_KNOTS ( 'NONE', 1,
 ( #4366, #2540 ),
 .UNSPECIFIED., .F., .F.,
 ( 2, 2 ),
 ( 0.0000000000000000000, 1.000000000000000000 ),
 .UNSPECIFIED. ) ;
#958 = CARTESIAN_POINT ( 'NONE',  ( -12.09949628292417501, -2.179472238592766953, 2.039493740115631670 ) ) ;
#959 = CARTESIAN_POINT ( 'NONE',  ( -12.28580123405430946, -2.978304290259281562, -0.1983401223217131082 ) ) ;
#960 = DIRECTION ( 'NONE',  ( -0.0000000000000000000, 1.000000000000000000, -0.0000000000000000000 ) ) ;
#961 = CARTESIAN_POINT ( 'NONE',  ( -11.96729908588231694, 1.365620184899966283, -2.654225145280429743 ) ) ;
#962 = CARTESIAN_POINT ( 'NONE',  ( 12.48608104557699505, 3.091956075226919065, 0.5200522630154478243 ) ) ;
#963 = CARTESIAN_POINT ( 'NONE',  ( -12.12289710503071483, 0.9601438083031135218, 3.034076544561993938 ) ) ;
#964 = CARTESIAN_POINT ( 'NONE',  ( -11.91798819370383278, -0.8916574299295855210, -2.848296415753481359 ) ) ;
#965 = CARTESIAN_POINT ( 'NONE',  ( -12.40039780433251160, 2.738390199390819735, -1.549410511439591520 ) ) ;
#966 = CARTESIAN_POINT ( 'NONE',  ( 12.25155053851862519, 2.847447876274638467, -0.8943649468258221269 ) ) ;
#967 = CARTESIAN_POINT ( 'NONE',  ( 11.92013533405245695, 0.9172988211519546020, 2.840137139420514156 ) ) ;
#968 = CARTESIAN_POINT ( 'NONE',  ( 12.13594376225905691, -1.107266291746094256, -2.981438303126600520 ) ) ;
#969 = CARTESIAN_POINT ( 'NONE',  ( -11.89967930089863835, 0.6334044331864894239, -2.916919086970834130 ) ) ;
#970 = CARTESIAN_POINT ( 'NONE',  ( 12.10230184569624079, 0.6616357662930971717, -3.115178214835585990 ) ) ;
#971 = CARTESIAN_POINT ( 'NONE',  ( 12.18677890883868287, 2.583135345589093745, -1.495668906685796218 ) ) ;
#972 = CARTESIAN_POINT ( 'NONE',  ( -11.88907954597076433, 0.4132525209047841486, 2.955854074312983748 ) ) ;
#973 = DIRECTION ( 'NONE',  ( 1.224646799147346798E-16, 0.0000000000000000000, -1.000000000000000000 ) ) ;
#974 = CARTESIAN_POINT ( 'NONE',  ( -12.06258155517337016, 1.985032138170313099, -2.228821958307297457 ) ) ;
#975 = CARTESIAN_POINT ( 'NONE',  ( -11.90399020998069624, -0.7018354653451179814, -2.900908600791201497 ) ) ;
#976 = CARTESIAN_POINT ( 'NONE',  ( -12.26861948730508267, 2.087136056330306744, -2.377247390336721278 ) ) ;
#977 = CARTESIAN_POINT ( 'NONE',  ( 12.26044158658770122, 2.881952685353982968, -0.7760118872832443282 ) ) ;
#978 = CARTESIAN_POINT ( 'NONE',  ( 12.11932095734627524, 2.277026910783548797, 1.929504805654401967 ) ) ;
#979 = AXIS2_PLACEMENT_3D ( 'NONE', #1388, #3935, #4290 ) ;
#980 = DIRECTION ( 'NONE',  ( 0.0000000000000000000, 0.0000000000000000000, -1.000000000000000000 ) ) ;
#981 = CARTESIAN_POINT ( 'NONE',  ( 12.04003105378740734, -1.856954860916977035, -2.336952490844041996 ) ) ;
#982 = CARTESIAN_POINT ( 'NONE',  ( 0.0000000000000000000, 76.99200000000000443, 2.753999999999992454 ) ) ;
#983 = CARTESIAN_POINT ( 'NONE',  ( 0.0000000000000000000, 77.50000000000000000, 0.0000000000000000000 ) ) ;
#984 = CARTESIAN_POINT ( 'NONE',  ( 11.89945555222410256, 0.6295434071132681719, -2.917745679597311348 ) ) ;
#985 = CARTESIAN_POINT ( 'NONE',  ( 12.30506998725490142, 2.285361991388933145, -2.181003193794913475 ) ) ;
#986 = CARTESIAN_POINT ( 'NONE',  ( 12.24963860504760405, 2.839977558227873899, -0.9178076951116234117 ) ) ;
#987 = CARTESIAN_POINT ( 'NONE',  ( -11.96221733628048511, -1.324044410871309196, 2.674835235517436960 ) ) ;
#988 = APPROVAL_DATE_TIME ( #4073, #4723 ) ;
#989 = APPLICATION_CONTEXT ( 'configuration controlled 3d designs of mechanical parts and assemblies' ) ;
#990 = CARTESIAN_POINT ( 'NONE',  ( -11.88792768337022565, 0.3937070842253325709, -2.960070622424993303 ) ) ;
#991 = CARTESIAN_POINT ( 'NONE',  ( -11.95549630149443487, 1.267644525561432811, 2.701938065047960080 ) ) ;
#992 = CIRCLE ( 'NONE', #508, 12.49680000000000035 ) ;
#993 = CARTESIAN_POINT ( 'NONE',  ( 12.03335217402335466, 1.817291885184766809, -2.367928771091060369 ) ) ;
#994 = ORIENTED_EDGE ( 'NONE', *, *, #4169, .F. ) ;
#995 = CONICAL_SURFACE ( 'NONE', #2028, 4.572000000000034703, 0.7853981633974473908 ) ;
#996 = ADVANCED_FACE ( 'NONE', ( #2891 ), #3620, .F. ) ;
#997 = CARTESIAN_POINT ( 'NONE',  ( 11.88118731517342574, 0.001327586715173904430, 2.984499803146037689 ) ) ;
#998 = VERTEX_POINT ( 'NONE', #4272 ) ;
#999 = DIRECTION ( 'NONE',  ( 0.0000000000000000000, 1.000000000000000000, 0.0000000000000000000 ) ) ;
#1000 = CARTESIAN_POINT ( 'NONE',  ( 12.41680151960981426, 2.809698472506056088, -1.414757196788719362 ) ) ;
#1001 = ORIENTED_EDGE ( 'NONE', *, *, #2732, .T. ) ;
#1002 = CARTESIAN_POINT ( 'NONE',  ( -12.23331099651710652, -2.775403168856162228, 1.097717703534872413 ) ) ;
#1003 = EDGE_LOOP ( 'NONE', ( #2083, #1170, #2032, #2263, #4090 ) ) ;
#1004 = CARTESIAN_POINT ( 'NONE',  ( 12.29894095355709283, -2.253268654082828615, -2.215277708746906438 ) ) ;
#1005 = EDGE_CURVE ( 'NONE', #4431, #1043, #3518, .T. ) ;
#1006 = DIRECTION ( 'NONE',  ( 0.0000000000000000000, 1.000000000000000000, 0.0000000000000000000 ) ) ;
#1007 = CARTESIAN_POINT ( 'NONE',  ( 12.25524699994636535, 2.861841345577879281, -0.8471796495709126296 ) ) ;
#1008 = CARTESIAN_POINT ( 'NONE',  ( 12.28580123405432190, 2.978304290259282894, -0.1983401223217166609 ) ) ;
#1009 = CARTESIAN_POINT ( 'NONE',  ( -12.48628162203237402, 3.092790312301248346, 0.5227685836836263311 ) ) ;
#1010 = CARTESIAN_POINT ( 'NONE',  ( 12.08498096843698910, -0.1810548506243955802, -3.181705056282716271 ) ) ;
#1011 = DIRECTION ( 'NONE',  ( -0.0000000000000000000, -1.000000000000000000, -0.0000000000000000000 ) ) ;
#1012 = AXIS2_PLACEMENT_3D ( 'NONE', #4634, #3565, #2837 ) ;
#1013 = CARTESIAN_POINT ( 'NONE',  ( 12.18696852097107630, -2.583837812063858763, -1.493711330754518229 ) ) ;
#1014 = CARTESIAN_POINT ( 'NONE',  ( -12.26044158658769057, -2.881952685353981636, -0.7760118872832459935 ) ) ;
#1015 = CARTESIAN_POINT ( 'NONE',  ( 11.89452971190683606, -0.5384937258013157146, 2.935910277547287617 ) ) ;
#1016 = CARTESIAN_POINT ( 'NONE',  ( 12.26861948730507912, -2.087136056330300082, -2.377247390336719057 ) ) ;
#1017 = CARTESIAN_POINT ( 'NONE',  ( 12.11032552470802592, -0.8155767573289525174, -3.084121589685913989 ) ) ;
#1018 = CARTESIAN_POINT ( 'NONE',  ( 11.97826777798137066, 1.450173015395012976, -2.608944768728965080 ) ) ;
#1019 = CARTESIAN_POINT ( 'NONE',  ( -11.89180255829995581, -0.4876834275211658354, -2.945963871719251781 ) ) ;
#1020 = CARTESIAN_POINT ( 'NONE',  ( -12.41787690426679980, 2.814946372580687584, 1.415667130294563814 ) ) ;
#1021 = CARTESIAN_POINT ( 'NONE',  ( 12.11184217579274858, -0.8142008455161696689, -3.077898810474605007 ) ) ;
#1022 = CARTESIAN_POINT ( 'NONE',  ( 11.97792405649829917, 1.447521356780655744, -2.610362832892582308 ) ) ;
#1023 = CARTESIAN_POINT ( 'NONE',  ( 12.04003105378740734, -1.856954860916977035, -2.336952490844041996 ) ) ;
#1024 = CARTESIAN_POINT ( 'NONE',  ( 11.91237408036967338, 0.8207932946671036012, -2.869520379889691331 ) ) ;
#1025 = CARTESIAN_POINT ( 'NONE',  ( -12.12259240065462684, -2.292766354134714746, 1.910774513422992538 ) ) ;
#1026 = CARTESIAN_POINT ( 'NONE',  ( -11.89181920250870483, 0.4885240848130021352, -2.945903898873866833 ) ) ;
#1027 = CARTESIAN_POINT ( 'NONE',  ( 12.39605764426377910, -2.719305178119545641, -1.583634308329045171 ) ) ;
#1028 = CARTESIAN_POINT ( 'NONE',  ( -11.99610814932333192, 1.578256356092734514, 2.533516011588761163 ) ) ;
#1029 = CARTESIAN_POINT ( 'NONE',  ( 12.18790706257796508, -1.573416352405293539, -2.763861758668255231 ) ) ;
#1030 = CARTESIAN_POINT ( 'NONE',  ( 12.47108300870336883, 3.033109473162788561, 0.8271221141115512321 ) ) ;
#1031 = LOCAL_TIME ( 17, 22, 41.00000000000000000, #3556 ) ;
#1032 = EDGE_CURVE ( 'NONE', #2729, #4659, #2538, .T. ) ;
#1033 = CARTESIAN_POINT ( 'NONE',  ( 12.40039780433251515, -2.738390199390788649, -1.549410511439579530 ) ) ;
#1034 = CIRCLE ( 'NONE', #3472, 2.499999999999993339 ) ;
#1035 = CARTESIAN_POINT ( 'NONE',  ( 12.00154551916804557, 1.614823033351783454, -2.509930186132665053 ) ) ;
#1036 = CARTESIAN_POINT ( 'NONE',  ( 12.03355566731174342, -1.818508697458526058, -2.366988559579676910 ) ) ;
#1037 = CARTESIAN_POINT ( 'NONE',  ( 12.15063174410132696, 2.423663308555069840, -1.741751971721662962 ) ) ;
#1038 = CARTESIAN_POINT ( 'NONE',  ( -12.27471280579072932, -2.936550243629147072, 0.5350566664346608770 ) ) ;
#1039 = FACE_OUTER_BOUND ( 'NONE', #1227, .T. ) ;
#1040 = CARTESIAN_POINT ( 'NONE',  ( 12.01983798459585273, -1.734231034589828413, 2.429411465153977545 ) ) ;
#1041 = CARTESIAN_POINT ( 'NONE',  ( 12.43227101874830076, -2.874750235815009880, -1.269239230932689200 ) ) ;
#1042 = CARTESIAN_POINT ( 'NONE',  ( 12.23836416542659578, 1.908039939229492665, -2.528530245974693891 ) ) ;
#1043 = VERTEX_POINT ( 'NONE', #2445 ) ;
#1044 = FACE_OUTER_BOUND ( 'NONE', #3190, .T. ) ;
#1045 = DIRECTION ( 'NONE',  ( 0.0000000000000000000, 0.0000000000000000000, 1.000000000000000000 ) ) ;
#1046 = CARTESIAN_POINT ( 'NONE',  ( -12.06310067132095298, 1.987870033777837886, -2.226254758289234026 ) ) ;
#1047 = CARTESIAN_POINT ( 'NONE',  ( -11.88777366462426954, -0.3888992687265077630, -2.960627012557927262 ) ) ;
#1048 = ORIENTED_EDGE ( 'NONE', *, *, #2142, .T. ) ;
#1049 = CARTESIAN_POINT ( 'NONE',  ( -12.45589287203571516, 2.972889036003413921, 1.028840606551353565 ) ) ;
#1050 = CARTESIAN_POINT ( 'NONE',  ( 12.25851020987168027, -2.028901732686716475, -2.428835618292950915 ) ) ;
#1051 = CARTESIAN_POINT ( 'NONE',  ( 12.06579535054768115, 2.002571593358792867, -2.212905251131053408 ) ) ;
#1052 = CARTESIAN_POINT ( 'NONE',  ( 11.99610114709486020, -1.579685934191168872, -2.534019361681204785 ) ) ;
#1053 = CARTESIAN_POINT ( 'NONE',  ( 11.88152277545323621, 0.09805151702721245921, -2.983289149909421845 ) ) ;
#1054 = ORIENTED_EDGE ( 'NONE', *, *, #826, .T. ) ;
#1055 = CARTESIAN_POINT ( 'NONE',  ( -12.18677890883865977, -2.583135345589089304, -1.495668906685803545 ) ) ;
#1056 = CARTESIAN_POINT ( 'NONE',  ( 11.94658801428246342, -1.189178531957492124, 2.737462275135174927 ) ) ;
#1057 = CARTESIAN_POINT ( 'NONE',  ( -12.46585229574882803, -3.012010439712843990, -0.8793079024772180174 ) ) ;
#1058 = CARTESIAN_POINT ( 'NONE',  ( 12.12269077531667349, -2.293200056059645497, 1.910132525267708381 ) ) ;
#1059 = CARTESIAN_POINT ( 'NONE',  ( 12.23857112562624216, -1.909317514084588829, -2.527526265925493121 ) ) ;
#1060 = CARTESIAN_POINT ( 'NONE',  ( -11.99649394609293118, -1.580922476174959623, 2.531860945173575406 ) ) ;
#1061 = CARTESIAN_POINT ( 'NONE',  ( -12.26488367307682736, -2.066049152845455872, -2.396641726831696850 ) ) ;
#1062 = EDGE_CURVE ( 'NONE', #3624, #2723, #4600, .T. ) ;
#1063 = CARTESIAN_POINT ( 'NONE',  ( -12.26669649524786720, 2.905994971598667043, -0.6804682473632925888 ) ) ;
#1064 = CARTESIAN_POINT ( 'NONE',  ( -12.48705284597212639, 3.095741477431419586, -0.4941634006183067140 ) ) ;
#1065 = CARTESIAN_POINT ( 'NONE',  ( 12.08360715976053257, 0.002787689604891174788, 3.186918299640582486 ) ) ;
#1066 = CARTESIAN_POINT ( 'NONE',  ( -12.09077955792302461, 0.4125661355403297259, -3.159608140475584914 ) ) ;
#1067 = CARTESIAN_POINT ( 'NONE',  ( 12.47568396939981206, -3.051108363061106221, -0.7266200596442302651 ) ) ;
#1068 = CARTESIAN_POINT ( 'NONE',  ( 12.08336236217249571, 2.096462450241850295, -2.124183130576027700 ) ) ;
#1069 = CARTESIAN_POINT ( 'NONE',  ( 12.08299203164982849, -2.094586577960754425, -2.126155637150266564 ) ) ;
#1070 = CARTESIAN_POINT ( 'NONE',  ( 12.02373794815104979, 1.758216515659991153, -2.411652026328807708 ) ) ;
#1071 = CARTESIAN_POINT ( 'NONE',  ( 12.21572208301581597, 1.761846515525615997, -2.635595625721744995 ) ) ;
#1072 = CARTESIAN_POINT ( 'NONE',  ( 11.93247555448622244, -1.052836030191261152, 2.792736318530356865 ) ) ;
#1073 = CARTESIAN_POINT ( 'NONE',  ( 12.27687692606509628, -2.944742601723858932, -0.4880071916831784096 ) ) ;
#1074 = CARTESIAN_POINT ( 'NONE',  ( 12.48244217282946877, -3.077714148882307654, 0.5994251194281199346 ) ) ;
#1075 = CARTESIAN_POINT ( 'NONE',  ( -12.11273278738437575, -2.244960776674615133, 1.966606691987075717 ) ) ;
#1076 = DIRECTION ( 'NONE',  ( 0.0000000000000000000, 0.0000000000000000000, -1.000000000000000000 ) ) ;
#1077 = CARTESIAN_POINT ( 'NONE',  ( 12.39884040754517436, 2.735800233227316358, -1.608505157830015575 ) ) ;
#1078 = DIRECTION ( 'NONE',  ( 0.0000000000000000000, 0.0000000000000000000, 1.000000000000000000 ) ) ;
#1079 = CARTESIAN_POINT ( 'NONE',  ( -12.23293483446051866, -2.773945016897183535, -1.102198618280826770 ) ) ;
#1080 = CARTESIAN_POINT ( 'NONE',  ( 12.42732851213260581, -2.854031443278546298, -1.316720939079232489 ) ) ;
#1081 = CARTESIAN_POINT ( 'NONE',  ( -12.23331099651710652, -2.775403168856162228, 1.097717703534872413 ) ) ;
#1082 = CARTESIAN_POINT ( 'NONE',  ( 12.23756988734137785, 2.792420917118868307, -1.054525629349009286 ) ) ;
#1083 = CARTESIAN_POINT ( 'NONE',  ( 12.23760809208031475, -2.792567403879603116, 1.054124330366469131 ) ) ;
#1084 = CARTESIAN_POINT ( 'NONE',  ( -12.13795423450138067, -2.365468429201888156, -1.820491067898315274 ) ) ;
#1085 = CARTESIAN_POINT ( 'NONE',  ( 11.93701433336822859, -1.098517991242590863, 2.775085237020825435 ) ) ;
#1086 = CARTESIAN_POINT ( 'NONE',  ( 12.08160407034226935, -2.087247299268460754, 2.133239648667973665 ) ) ;
#1087 = CARTESIAN_POINT ( 'NONE',  ( 12.41267010008480831, -2.791604551864378170, 1.447677664829228439 ) ) ;
#1088 = CIRCLE ( 'NONE', #924, 4.572000000000034703 ) ;
#1089 = DIRECTION ( 'NONE',  ( -0.0000000000000000000, -1.000000000000000000, -0.0000000000000000000 ) ) ;
#1090 = CARTESIAN_POINT ( 'NONE',  ( -12.07967952151824953, 2.077186136885453394, -2.143159233503895145 ) ) ;
#1091 = CARTESIAN_POINT ( 'NONE',  ( 11.91237408036967338, 0.8207932946671036012, -2.869520379889691331 ) ) ;
#1092 = CIRCLE ( 'NONE', #1688, 15.87500000000000000 ) ;
#1093 = AXIS2_PLACEMENT_3D ( 'NONE', #2434, #1346, #3888 ) ;
#1094 = CARTESIAN_POINT ( 'NONE',  ( -12.08908556447596894, 0.3614854575597712949, -3.166077915437412571 ) ) ;
#1095 = CARTESIAN_POINT ( 'NONE',  ( 12.48989407275940167, -3.106801996950898204, -0.4162122008282687080 ) ) ;
#1096 = ORIENTED_EDGE ( 'NONE', *, *, #232, .T. ) ;
#1097 = CARTESIAN_POINT ( 'NONE',  ( 12.13222772114495385, 2.338733301495394379, -1.854850487732267128 ) ) ;
#1098 = CARTESIAN_POINT ( 'NONE',  ( 12.24592973499349036, -2.825465713201674944, 0.9624730254232307658 ) ) ;
#1099 = FACE_OUTER_BOUND ( 'NONE', #3568, .T. ) ;
#1100 = CARTESIAN_POINT ( 'NONE',  ( -12.01108938236923152, -1.678051549014607291, -2.468193813794966829 ) ) ;
#1101 = ORIENTED_EDGE ( 'NONE', *, *, #4591, .F. ) ;
#1102 = CARTESIAN_POINT ( 'NONE',  ( 12.13945510215990353, -2.372458930997679794, 1.811359177016353961 ) ) ;
#1103 = ADVANCED_FACE ( 'NONE', ( #1155 ), #794, .T. ) ;
#1104 = ORIENTED_EDGE ( 'NONE', *, *, #169, .T. ) ;
#1105 = CARTESIAN_POINT ( 'NONE',  ( -12.25865088670264313, -2.030001861694035181, 2.428293998304181134 ) ) ;
#1106 = CARTESIAN_POINT ( 'NONE',  ( 12.30540774241396562, -2.287120849369775222, 2.179099888369069316 ) ) ;
#1107 = ORIENTED_EDGE ( 'NONE', *, *, #12, .T. ) ;
#1108 = CARTESIAN_POINT ( 'NONE',  ( -12.48699175492465940, 3.095503276779997925, 0.4957123158011207398 ) ) ;
#1109 = CARTESIAN_POINT ( 'NONE',  ( -12.09480503241243632, 0.5141350186373984110, -3.144163665651928063 ) ) ;
#1110 = CARTESIAN_POINT ( 'NONE',  ( 12.27832070595133906, -2.141575980993065897, 2.326625980901655844 ) ) ;
#1111 = CARTESIAN_POINT ( 'NONE',  ( 12.09853152251018038, 2.174390949303818488, -2.044360739565163509 ) ) ;
#1112 = CARTESIAN_POINT ( 'NONE',  ( 12.26952400662184495, -2.916803205670541299, -0.6325368504145854054 ) ) ;
#1113 = CARTESIAN_POINT ( 'NONE',  ( -11.92607016451970026, -0.9848044157793299780, -2.817445303743070895 ) ) ;
#1114 = CARTESIAN_POINT ( 'NONE',  ( 11.91981936984614876, -0.9144785261383165942, 2.841364921379988306 ) ) ;
#1115 = CARTESIAN_POINT ( 'NONE',  ( -12.19528313691615651, -2.619183091413280096, -1.430823530612371108 ) ) ;
#1116 = CARTESIAN_POINT ( 'NONE',  ( 12.26540304366377043, -2.901080402063067165, -0.7036919075677741109 ) ) ;
#1117 = CARTESIAN_POINT ( 'NONE',  ( -12.36465677682549646, -2.577531091236052063, 1.813053918206760651 ) ) ;
#1118 = CARTESIAN_POINT ( 'NONE',  ( 12.48895648411597925, -3.103156655130489661, 0.4434631314732015439 ) ) ;
#1119 = CARTESIAN_POINT ( 'NONE',  ( -12.20894545244515328, 2.676313975805340917, -1.321052516670213395 ) ) ;
#1120 = CARTESIAN_POINT ( 'NONE',  ( -12.35836444081014029, -2.548213275479717321, 1.855429470979057083 ) ) ;
#1121 = EDGE_CURVE ( 'NONE', #4210, #475, #3400, .T. ) ;
#1122 = CARTESIAN_POINT ( 'NONE',  ( -2.856403312780321156E-15, -77.50000000000000000, -5.080000000000028493 ) ) ;
#1123 = DIRECTION ( 'NONE',  ( -0.0000000000000000000, -1.000000000000000000, -0.0000000000000000000 ) ) ;
#1124 = CARTESIAN_POINT ( 'NONE',  ( -12.32559169231271134, 2.389857943201174617, -2.061901942069918725 ) ) ;
#1125 = CARTESIAN_POINT ( 'NONE',  ( 12.26483532822673794, -2.065525896551522855, 2.396690284299313412 ) ) ;
#1126 = CARTESIAN_POINT ( 'NONE',  ( -12.01454076172744756, 1.700666449486941456, -2.453024379274139744 ) ) ;
#1127 = CARTESIAN_POINT ( 'NONE',  ( 12.12936841188760795, 2.325004182532502295, 1.871266826275752804 ) ) ;
#1128 = CARTESIAN_POINT ( 'NONE',  ( 12.27453469185616974, -2.935863207932762897, 0.5371728228831935681 ) ) ;
#1129 = CARTESIAN_POINT ( 'NONE',  ( -12.00490294917043954, -1.637400422808136247, -2.495347182564051636 ) ) ;
#1130 = PRODUCT_RELATED_PRODUCT_CATEGORY ( 'detail', '', ( #699 ) ) ;
#1131 = CARTESIAN_POINT ( 'NONE',  ( 11.90432183883260642, 0.7069176026048624717, 2.899673897650780763 ) ) ;
#1132 = CARTESIAN_POINT ( 'NONE',  ( -12.26701522694201607, -2.907271627874653319, -0.6817005168378118540 ) ) ;
#1133 = CARTESIAN_POINT ( 'NONE',  ( 12.12256376310994810, -2.292619030680524528, -1.910920134113402113 ) ) ;
#1134 = CARTESIAN_POINT ( 'NONE',  ( -12.09379183642874089, -0.4885860309360971487, 3.148051029080152663 ) ) ;
#1135 = CARTESIAN_POINT ( 'NONE',  ( 12.40853744186681062, -2.773785840071249620, 1.482682189049170596 ) ) ;
#1136 = CARTESIAN_POINT ( 'NONE',  ( 12.09927266486595698, -2.178343374549591704, 2.040692741945566269 ) ) ;
#1137 = CARTESIAN_POINT ( 'NONE',  ( -12.26669649524786720, 2.905994971598667043, -0.6804682473632925888 ) ) ;
#1138 = CARTESIAN_POINT ( 'NONE',  ( 0.0000000000000000000, 77.50000000000000000, 12.24279999999999902 ) ) ;
#1139 = CARTESIAN_POINT ( 'NONE',  ( -12.01346799032859813, -1.693681884175187058, -2.457753359228733725 ) ) ;
#1140 = CARTESIAN_POINT ( 'NONE',  ( -12.41673572166221540, 2.809047006494992171, 1.412529672580276063 ) ) ;
#1141 = CARTESIAN_POINT ( 'NONE',  ( 12.48365570521417212, -3.082468095806530251, 0.5736058223364247644 ) ) ;
#1142 = APPROVAL_DATE_TIME ( #4529, #1695 ) ;
#1143 = CARTESIAN_POINT ( 'NONE',  ( 12.06992144698855896, 2.025010105967624874, 2.192419719226951447 ) ) ;
#1144 = CARTESIAN_POINT ( 'NONE',  ( 12.27781485744804790, -2.948278424259206609, 0.4642267802168013602 ) ) ;
#1145 = CARTESIAN_POINT ( 'NONE',  ( 12.03388671440878710, 1.820491489274140395, 2.365460484727744728 ) ) ;
#1146 = CARTESIAN_POINT ( 'NONE',  ( 11.89985499950576830, 0.6350495472403772101, 2.916257452302216890 ) ) ;
#1147 = CARTESIAN_POINT ( 'NONE',  ( -12.09853152245464969, -2.174390949020075237, -2.044360739866953658 ) ) ;
#1148 = FACE_OUTER_BOUND ( 'NONE', #1451, .T. ) ;
#1149 = CARTESIAN_POINT ( 'NONE',  ( 12.16952157681627966, -2.508138570034717407, -1.617604603112586359 ) ) ;
#1150 = EDGE_CURVE ( 'NONE', #1234, #4210, #1789, .T. ) ;
#1151 = CARTESIAN_POINT ( 'NONE',  ( -12.18292473797849063, -1.526606233329395934, 2.783259271133879942 ) ) ;
#1152 = CARTESIAN_POINT ( 'NONE',  ( 12.18268940574973058, -1.525284652325479051, 2.784371777586263530 ) ) ;
#1153 = CARTESIAN_POINT ( 'NONE',  ( 12.06931299078476805, -2.021787497652375531, 2.195498267037069517 ) ) ;
#1154 = CARTESIAN_POINT ( 'NONE',  ( -12.28226544355417182, 2.965046073720459585, -0.3410917670000300772 ) ) ;
#1155 = FACE_OUTER_BOUND ( 'NONE', #3404, .T. ) ;
#1156 = CARTESIAN_POINT ( 'NONE',  ( 0.0000000000000000000, -73.05500000000000682, -15.62099999999999866 ) ) ;
#1157 = CARTESIAN_POINT ( 'NONE',  ( -12.08369213283577182, 0.05158923598385974085, -3.186596167060470997 ) ) ;
#1158 = CARTESIAN_POINT ( 'NONE',  ( -11.88160815296319761, 0.09838181751108832085, -2.982979707345239095 ) ) ;
#1159 = CARTESIAN_POINT ( 'NONE',  ( -12.05400970813673212, 1.937264370009601500, 2.270530390446521718 ) ) ;
#1160 = CARTESIAN_POINT ( 'NONE',  ( -11.89955451094931682, 0.6312985408663993603, 2.917380947591430296 ) ) ;
#1161 = CARTESIAN_POINT ( 'NONE',  ( -12.06508180036101763, -1.998669000087094139, -2.216432678008750212 ) ) ;
#1162 = ORIENTED_EDGE ( 'NONE', *, *, #2393, .T. ) ;
#1163 = AXIS2_PLACEMENT_3D ( 'NONE', #2981, #2260, #2951 ) ;
#1164 = CARTESIAN_POINT ( 'NONE',  ( -12.48699175492465940, 3.095503276779997925, 0.4957123158011207398 ) ) ;
#1165 = CARTESIAN_POINT ( 'NONE',  ( 12.30540774241396562, -2.287120849369775222, 2.179099888369069316 ) ) ;
#1166 = ORIENTED_EDGE ( 'NONE', *, *, #748, .T. ) ;
#1167 = CARTESIAN_POINT ( 'NONE',  ( -12.03355566731172566, 1.818508697458524948, -2.366988559579678242 ) ) ;
#1168 = CARTESIAN_POINT ( 'NONE',  ( 12.23091402052695109, 2.765803861112727802, 1.121659856291933544 ) ) ;
#1169 = CARTESIAN_POINT ( 'NONE',  ( 11.94678223713265020, 1.191575745778532092, 2.736741445525784577 ) ) ;
#1170 = ORIENTED_EDGE ( 'NONE', *, *, #3854, .T. ) ;
#1171 = CARTESIAN_POINT ( 'NONE',  ( -12.23091402051958632, -2.765803861083028004, 1.121659856363542707 ) ) ;
#1172 = CARTESIAN_POINT ( 'NONE',  ( -12.35443174346518802, -2.529579896489648760, -1.881084378769329657 ) ) ;
#1173 = CARTESIAN_POINT ( 'NONE',  ( 0.0000000000000000000, -76.99200000000000443, 0.0000000000000000000 ) ) ;
#1174 = CARTESIAN_POINT ( 'NONE',  ( 12.09565240280751652, -2.159811795024657144, -2.059757497009460092 ) ) ;
#1175 = ORIENTED_EDGE ( 'NONE', *, *, #387, .F. ) ;
#1176 = CARTESIAN_POINT ( 'NONE',  ( -12.34552679239334338, -2.487195392972743946, 1.938661856228486080 ) ) ;
#1177 = CARTESIAN_POINT ( 'NONE',  ( 12.10713554287697491, 0.7422181491650045038, 3.096340246034975152 ) ) ;
#1178 = CARTESIAN_POINT ( 'NONE',  ( -11.95184018324928665, 1.236124719474405609, -2.716585411829243846 ) ) ;
#1179 = CARTESIAN_POINT ( 'NONE',  ( -12.18816393487052530, -1.566958515408421349, -2.760329510145684839 ) ) ;
#1180 = CARTESIAN_POINT ( 'NONE',  ( 0.0000000000000000000, -72.80100000000000193, -15.62099999999999866 ) ) ;
#1181 = CARTESIAN_POINT ( 'NONE',  ( -2.856403312780321156E-15, -65.83784845243110340, 0.0000000000000000000 ) ) ;
#1182 = CARTESIAN_POINT ( 'NONE',  ( -11.90432183883258865, -0.7069176026048681338, 2.899673897650779875 ) ) ;
#1183 = CARTESIAN_POINT ( 'NONE',  ( -12.41157079864381885, 2.786892029397827653, -1.457213020341026732 ) ) ;
#1184 = CARTESIAN_POINT ( 'NONE',  ( 12.32579759727077118, 2.390732233987617583, 2.060370784972028968 ) ) ;
#1185 = CARTESIAN_POINT ( 'NONE',  ( -12.18852750139578234, 1.569686839106390952, 2.758723546581171693 ) ) ;
#1186 = CARTESIAN_POINT ( 'NONE',  ( 12.18761964761808336, 2.586738526932787163, 1.489421244532924904 ) ) ;
#1187 = CARTESIAN_POINT ( 'NONE',  ( 12.05937990290316542, -1.967287672163655410, 2.244462722414084510 ) ) ;
#1188 = CARTESIAN_POINT ( 'NONE',  ( -12.08119816334032670, -2.085269296138860806, 2.135477524835384777 ) ) ;
#1189 = CARTESIAN_POINT ( 'NONE',  ( -12.37647200664080671, -2.631671569425240609, -1.730157343638831113 ) ) ;
#1190 = CARTESIAN_POINT ( 'NONE',  ( 12.16451996933554014, -2.486025590830215570, -1.651373984537375827 ) ) ;
#1191 = CARTESIAN_POINT ( 'NONE',  ( -12.49615994948196551, -3.131065165694114860, 0.1292014981445323007 ) ) ;
#1192 = CARTESIAN_POINT ( 'NONE',  ( 12.15538905984873885, 1.297781228718015045, 2.901215923493388527 ) ) ;
#1193 = CARTESIAN_POINT ( 'NONE',  ( -12.19546821371711509, 2.619982164053726414, -1.429521951357669352 ) ) ;
#1194 = EDGE_CURVE ( 'NONE', #4659, #2729, #1092, .T. ) ;
#1195 = CARTESIAN_POINT ( 'NONE',  ( -12.27453469185615553, 2.935863207932764674, 0.5371728228831912366 ) ) ;
#1196 = DIRECTION ( 'NONE',  ( 0.0000000000000000000, -1.000000000000000000, 0.0000000000000000000 ) ) ;
#1197 = CARTESIAN_POINT ( 'NONE',  ( -12.27455958728815055, 2.935969298591848631, -0.5381844372879638350 ) ) ;
#1198 = CARTESIAN_POINT ( 'NONE',  ( 12.26054988300451143, -2.882386745692710139, -0.7755544943942738190 ) ) ;
#1199 = CARTESIAN_POINT ( 'NONE',  ( -12.47568396939981383, 3.051108363061115991, -0.7266200596442228266 ) ) ;
#1200 = CARTESIAN_POINT ( 'NONE',  ( 12.27869123043936028, 2.143871489918076190, 2.324867240345954045 ) ) ;
#1201 = CARTESIAN_POINT ( 'NONE',  ( -12.32542795076579800, 2.389042056677150860, 2.062881664778768886 ) ) ;
#1202 = CARTESIAN_POINT ( 'NONE',  ( -12.24568993797930716, -2.824487632686850880, -0.9644237202344440041 ) ) ;
#1203 = CARTESIAN_POINT ( 'NONE',  ( 12.11232950475446835, 2.243000994748083343, 1.968877220481384471 ) ) ;
#1204 = CARTESIAN_POINT ( 'NONE',  ( 11.88655998673884895, 0.3438133752873953064, 2.965033756366271422 ) ) ;
#1205 = CARTESIAN_POINT ( 'NONE',  ( -12.05924035057729604, -1.966507114728706762, 2.245145178080055537 ) ) ;
#1206 = CARTESIAN_POINT ( 'NONE',  ( 12.02287062006397989, -1.752878266962370368, -2.415626175131516007 ) ) ;
#1207 = CARTESIAN_POINT ( 'NONE',  ( -12.36401582569095936, -2.574450088542758142, -1.817028408127905337 ) ) ;
#1208 = CARTESIAN_POINT ( 'NONE',  ( 12.09070508438234093, -0.4081137152948467461, 3.159884789339424405 ) ) ;
#1209 = CARTESIAN_POINT ( 'NONE',  ( -11.95163140368761034, 1.234141582117692426, 2.717404334403541011 ) ) ;
#1210 = CARTESIAN_POINT ( 'NONE',  ( -12.08360715976052546, -0.002787689604891174788, 3.186918299640601582 ) ) ;
#1211 = CARTESIAN_POINT ( 'NONE',  ( -12.11176087379115707, -0.8119016189531399474, -3.078199351647251003 ) ) ;
#1212 = CARTESIAN_POINT ( 'NONE',  ( -12.13277794946307608, 2.341315762135971035, 1.851572313500731370 ) ) ;
#1213 = CARTESIAN_POINT ( 'NONE',  ( -12.40324217299559351, 2.750813256713108057, -1.526477289106628277 ) ) ;
#1214 = CARTESIAN_POINT ( 'NONE',  ( 12.09723783930892793, 0.5650732858992323360, 3.134783698671473662 ) ) ;
#1215 = DIRECTION ( 'NONE',  ( -0.0000000000000000000, -1.000000000000000000, -0.0000000000000000000 ) ) ;
#1216 = CARTESIAN_POINT ( 'NONE',  ( 12.04953187930495417, -1.911767685070656864, 2.291936983882934875 ) ) ;
#1217 = CARTESIAN_POINT ( 'NONE',  ( 12.07300369679911256, 2.041907080352001636, 2.177201572394128704 ) ) ;
#1218 = FACE_OUTER_BOUND ( 'NONE', #4152, .T. ) ;
#1219 = CARTESIAN_POINT ( 'NONE',  ( 12.08899295105693028, 0.3584196805515309503, -3.166431360360268510 ) ) ;
#1220 = CARTESIAN_POINT ( 'NONE',  ( -12.22420622598936824, -2.738811857672923455, 1.186741835323622984 ) ) ;
#1221 = VERTEX_POINT ( 'NONE', #1281 ) ;
#1222 = EDGE_LOOP ( 'NONE', ( #1977, #2335, #4424, #2378, #2481 ) ) ;
#1223 = AXIS2_PLACEMENT_3D ( 'NONE', #4649, #1822, #1407 ) ;
#1224 = CARTESIAN_POINT ( 'NONE',  ( -12.45874098972300636, -2.983431747031351833, 0.9748858156505489925 ) ) ;
#1225 = CARTESIAN_POINT ( 'NONE',  ( 12.49511419527679834, 3.127028510566155717, -0.2117922652080792278 ) ) ;
#1226 = CARTESIAN_POINT ( 'NONE',  ( -12.20873572406310537, 2.675446265588839356, 1.322811802250477342 ) ) ;
#1227 = EDGE_LOOP ( 'NONE', ( #4084, #4379, #2197, #1454 ) ) ;
#1228 = CARTESIAN_POINT ( 'NONE',  ( -12.27974667431230316, 2.955567801218592638, 0.4152962416032849324 ) ) ;
#1229 = ORIENTED_EDGE ( 'NONE', *, *, #1965, .F. ) ;
#1230 = CARTESIAN_POINT ( 'NONE',  ( -12.18856690699636403, -1.571959601710660737, 2.758879916510112995 ) ) ;
#1231 = CARTESIAN_POINT ( 'NONE',  ( -12.23346037150491838, 2.776048672623611324, 1.096943689336802308 ) ) ;
#1232 = CARTESIAN_POINT ( 'NONE',  ( -12.17134202108027274, 1.435033023422300547, 2.833563271965021002 ) ) ;
#1233 = CARTESIAN_POINT ( 'NONE',  ( 12.12708212573395450, 1.013478993797541694, 3.017428490743397251 ) ) ;
#1234 = VERTEX_POINT ( 'NONE', #155 ) ;
#1235 = CARTESIAN_POINT ( 'NONE',  ( 11.91255438566835245, 0.8242015095470743846, 2.868872065916739267 ) ) ;
#1236 = CARTESIAN_POINT ( 'NONE',  ( 11.88822098350414436, 0.3924534397067084845, 2.958992104657272471 ) ) ;
#1237 = CARTESIAN_POINT ( 'NONE',  ( 11.88118726654882629, -0.02454949064108721130, -2.984499994374381515 ) ) ;
#1238 = CARTESIAN_POINT ( 'NONE',  ( -12.13197974566379855, -2.337354216214506675, 1.855886739731125168 ) ) ;
#1239 = CARTESIAN_POINT ( 'NONE',  ( -12.45874098972300636, -2.983431747031351833, 0.9748858156505489925 ) ) ;
#1240 = CARTESIAN_POINT ( 'NONE',  ( -12.48629577477026587, -3.092847249692455947, -0.5224258954226352891 ) ) ;
#1241 = CARTESIAN_POINT ( 'NONE',  ( 12.49019189306030242, 3.107973399817952842, -0.4193802284723409102 ) ) ;
#1242 = CARTESIAN_POINT ( 'NONE',  ( -12.27974667431230316, 2.955567801218592638, 0.4152962416032849324 ) ) ;
#1243 = CARTESIAN_POINT ( 'NONE',  ( 11.96178844656147788, -1.321060463579301958, -2.676644443655245897 ) ) ;
#1244 = CARTESIAN_POINT ( 'NONE',  ( -12.12712475738181972, 1.010407993712309160, -3.017148841736599696 ) ) ;
#1245 = CARTESIAN_POINT ( 'NONE',  ( -12.23322054897573707, 2.775043418257480798, -1.098626743670452210 ) ) ;
#1246 = CARTESIAN_POINT ( 'NONE',  ( -12.27832070595133906, 2.141575980993066342, 2.326625980901667390 ) ) ;
#1247 = CARTESIAN_POINT ( 'NONE',  ( 12.18292473797849240, 1.526606233329409035, 2.783259271133866175 ) ) ;
#1248 = CARTESIAN_POINT ( 'NONE',  ( 12.26691513877499240, 2.906850004215347560, 0.6781118857582911774 ) ) ;
#1249 = EDGE_CURVE ( 'NONE', #3184, #4538, #574, .T. ) ;
#1250 = CARTESIAN_POINT ( 'NONE',  ( 12.09696098791035013, 0.5609909124924442603, -3.135866038713426729 ) ) ;
#1251 = CARTESIAN_POINT ( 'NONE',  ( -12.44172968256414258, -2.913995344838769430, 1.172168879746704917 ) ) ;
#1252 = CARTESIAN_POINT ( 'NONE',  ( -12.49353546676708682, -3.120924127878691667, 0.2868136420419856725 ) ) ;
#1253 = CARTESIAN_POINT ( 'NONE',  ( 12.25865088670265024, 2.030001861694020082, 2.428293998304164703 ) ) ;
#1254 = CARTESIAN_POINT ( 'NONE',  ( -12.20067477844441051, 2.641862151186141983, 1.388508529578770023 ) ) ;
#1255 = CARTESIAN_POINT ( 'NONE',  ( -12.41692436771176666, -2.809911393181758754, 1.411469635289042124 ) ) ;
#1256 = AXIS2_PLACEMENT_3D ( 'NONE', #4233, #2350, #2713 ) ;
#1257 = DIRECTION ( 'NONE',  ( 1.224646799147354193E-16, 0.0000000000000000000, -1.000000000000000000 ) ) ;
#1258 = CARTESIAN_POINT ( 'NONE',  ( -12.47087072139461839, -3.032277236497169071, -0.8305693195544540108 ) ) ;
#1259 = CARTESIAN_POINT ( 'NONE',  ( -12.09043863534247798, 2.133247781023578149, 2.087440916586535078 ) ) ;
#1260 = CARTESIAN_POINT ( 'NONE',  ( -12.29866369362850165, 2.251808513050577609, 2.216819489384028063 ) ) ;
#1261 = CARTESIAN_POINT ( 'NONE',  ( 12.42715711225787345, 2.853486066077743466, -1.321019178493003210 ) ) ;
#1262 = CARTESIAN_POINT ( 'NONE',  ( 11.96221733628050643, 1.324044410871307864, 2.674835235517436960 ) ) ;
#1263 = CARTESIAN_POINT ( 'NONE',  ( 12.09066229217402366, 0.4092127757029475621, -3.160056637885146014 ) ) ;
#1264 = CARTESIAN_POINT ( 'NONE',  ( -11.90260209856424645, -0.6813635436715668181, 2.906095323207599002 ) ) ;
#1265 = CARTESIAN_POINT ( 'NONE',  ( -12.46964029616553837, -3.027147881777535243, 0.8250068589919318240 ) ) ;
#1266 = APPROVAL_PERSON_ORGANIZATION ( #2821, #4723, #2048 ) ;
#1267 = CARTESIAN_POINT ( 'NONE',  ( -11.88118726637538103, 3.388131789017201356E-18, -2.984499999999999709 ) ) ;
#1268 = CARTESIAN_POINT ( 'NONE',  ( 12.43463674886073278, 2.884578801455807806, 1.245155414614064648 ) ) ;
#1269 = CARTESIAN_POINT ( 'NONE',  ( -12.03976786575688784, 1.855402640352787680, 2.338179580348684006 ) ) ;
#1270 = CARTESIAN_POINT ( 'NONE',  ( -12.28618380935679077, -2.979734867002165277, 0.1703847390752052104 ) ) ;
#1271 = CYLINDRICAL_SURFACE ( 'NONE', #2738, 3.810000000000000053 ) ;
#1272 = CARTESIAN_POINT ( 'NONE',  ( 11.91998059026527379, -0.9164188508656515575, -2.840753335970244375 ) ) ;
#1273 = CARTESIAN_POINT ( 'NONE',  ( -12.49550849881389603, -3.128567461684879092, 0.2080351405233332451 ) ) ;
#1274 = CARTESIAN_POINT ( 'NONE',  ( -11.95147146619188661, 1.232862843693833366, -2.718062050308169830 ) ) ;
#1275 = CARTESIAN_POINT ( 'NONE',  ( 12.27453469185616974, -2.935863207932762897, 0.5371728228831935681 ) ) ;
#1276 = CARTESIAN_POINT ( 'NONE',  ( 12.38254511778225364, 2.659147237779912132, -1.686143578780880725 ) ) ;
#1277 = CYLINDRICAL_SURFACE ( 'NONE', #1597, 12.49680000000000035 ) ;
#1278 = CARTESIAN_POINT ( 'NONE',  ( -12.01108938236923152, -1.678051549014607291, -2.468193813794966829 ) ) ;
#1279 = CARTESIAN_POINT ( 'NONE',  ( 12.02117927116952600, 1.742669209541243713, 2.423364719267223855 ) ) ;
#1280 = EDGE_LOOP ( 'NONE', ( #4034, #752, #1107 ) ) ;
#1281 = CARTESIAN_POINT ( 'NONE',  ( 11.88118726637539879, -1.694065894508600678E-18, -2.984499999999999709 ) ) ;
#1282 = ORIENTED_EDGE ( 'NONE', *, *, #1403, .F. ) ;
#1283 = CARTESIAN_POINT ( 'NONE',  ( 12.10090734127421719, 0.6365029116801221853, -3.120589588717967544 ) ) ;
#1284 = CARTESIAN_POINT ( 'NONE',  ( -15.87500000000000000, 0.0000000000000000000, -2.984499999999999709 ) ) ;
#1285 = AXIS2_PLACEMENT_3D ( 'NONE', #4585, #942, #1673 ) ;
#1286 = CARTESIAN_POINT ( 'NONE',  ( -12.12103473117541519, -0.9361831207667746790, -3.041478157898981127 ) ) ;
#1287 = CARTESIAN_POINT ( 'NONE',  ( 12.31405199671581663, 2.331438778019954139, 2.129373392780628649 ) ) ;
#1288 = CARTESIAN_POINT ( 'NONE',  ( -12.05984499862248605, -1.970105531943263877, 2.242381643112024481 ) ) ;
#1289 = CARTESIAN_POINT ( 'NONE',  ( -12.44609998766246228, 2.932016690896613209, 1.125618846685721097 ) ) ;
#1290 = CARTESIAN_POINT ( 'NONE',  ( 11.90884840374603826, -0.7740519456330166026, -2.882786809584074295 ) ) ;
#1291 = VERTEX_POINT ( 'NONE', #3525 ) ;
#1292 = CARTESIAN_POINT ( 'NONE',  ( -12.10661016866248296, 2.214786332041441597, -2.000495675409506013 ) ) ;
#1293 = CARTESIAN_POINT ( 'NONE',  ( 12.26671794726385123, -2.906095378039703192, 0.6813487767660049155 ) ) ;
#1294 = CARTESIAN_POINT ( 'NONE',  ( 12.49410863250082571, 3.123141219794841827, 0.2606672372496821599 ) ) ;
#1295 = CARTESIAN_POINT ( 'NONE',  ( -12.09831888490130147, 0.5870121949773141612, 3.130609900342337770 ) ) ;
#1296 = CARTESIAN_POINT ( 'NONE',  ( -12.39018159116449347, 2.693291212984360250, -1.628968858167026301 ) ) ;
#1297 = CARTESIAN_POINT ( 'NONE',  ( 12.13231677969837641, 2.338957878690183012, 1.853944293016084766 ) ) ;
#1298 = CARTESIAN_POINT ( 'NONE',  ( 12.07967952151826907, -2.077186136885454726, -2.143159233503893368 ) ) ;
#1299 = CARTESIAN_POINT ( 'NONE',  ( -12.32077684540311857, -2.365536800248183802, 2.090112305807827919 ) ) ;
#1300 = CARTESIAN_POINT ( 'NONE',  ( -11.95155476213986567, -1.233595356037047175, 2.717729393894962264 ) ) ;
#1301 = CARTESIAN_POINT ( 'NONE',  ( -12.14039632858322371, -1.154195838033309274, -2.963310173394807734 ) ) ;
#1302 = CARTESIAN_POINT ( 'NONE',  ( 12.20943025167265361, 1.719165439904847048, -2.664590633954656340 ) ) ;
#1303 = CARTESIAN_POINT ( 'NONE',  ( -11.91264453895952435, -0.8253168010613696204, 2.868531250165396784 ) ) ;
#1304 = CARTESIAN_POINT ( 'NONE',  ( -2.358706853606836731E-15, 76.73799999999999955, -4.064000000000000057 ) ) ;
#1305 = CARTESIAN_POINT ( 'NONE',  ( -11.96178844657956475, 1.321060463722002920, -2.676644443584820898 ) ) ;
#1306 = DIRECTION ( 'NONE',  ( -0.0000000000000000000, 1.000000000000000000, -0.0000000000000000000 ) ) ;
#1307 = CARTESIAN_POINT ( 'NONE',  ( 12.27683739626849402, -2.944584430279356013, -0.4871047167115158949 ) ) ;
#1308 = CARTESIAN_POINT ( 'NONE',  ( -12.17510404857421946, 2.532701959019496574, 1.579569191736096334 ) ) ;
#1309 = CARTESIAN_POINT ( 'NONE',  ( 12.49680507195482804, 3.133553159304390157, 0.02375005567448121302 ) ) ;
#1310 = CARTESIAN_POINT ( 'NONE',  ( -12.13576891284702874, 1.105410314898598756, 2.982149774371138928 ) ) ;
#1311 = CARTESIAN_POINT ( 'NONE',  ( -11.88118726637538103, 3.388131789017201356E-18, -2.984499999999999709 ) ) ;
#1312 = CARTESIAN_POINT ( 'NONE',  ( 12.21905020272467901, 2.717821364247340998, 1.233404783596851351 ) ) ;
#1313 = CARTESIAN_POINT ( 'NONE',  ( 12.22633688069196189, 2.747385702093072091, 1.166068444480054200 ) ) ;
#1314 = EDGE_CURVE ( 'NONE', #705, #1740, #2420, .T. ) ;
#1315 = CARTESIAN_POINT ( 'NONE',  ( 12.00212537793809275, 1.619266364249490664, 2.507575565525639316 ) ) ;
#1316 = CARTESIAN_POINT ( 'NONE',  ( -11.88123652980788414, -0.1977147045830040251, 2.984325287771822488 ) ) ;
#1317 = CARTESIAN_POINT ( 'NONE',  ( -12.23021215840413234, -1.856399025557145199, -2.567486027117328096 ) ) ;
#1318 = CARTESIAN_POINT ( 'NONE',  ( 12.14039632858322371, 1.154195838033309496, -2.963310173394800184 ) ) ;
#1319 = CARTESIAN_POINT ( 'NONE',  ( 12.26044158658770122, 2.881952685353982968, -0.7760118872832443282 ) ) ;
#1320 = CARTESIAN_POINT ( 'NONE',  ( -11.89213235202503149, 0.4864417277231828374, 2.944693592247549674 ) ) ;
#1321 = CARTESIAN_POINT ( 'NONE',  ( -12.07693159953481121, 2.062625528030158861, -2.157174995472727286 ) ) ;
#1322 = CARTESIAN_POINT ( 'NONE',  ( 12.28490125327424387, -2.974937418635333675, -0.2436860220551782807 ) ) ;
#1323 = CARTESIAN_POINT ( 'NONE',  ( 12.49353546676708504, 3.120924127878680121, 0.2868136420419781785 ) ) ;
#1324 = CARTESIAN_POINT ( 'NONE',  ( -12.09235659723506551, -2.143247790658937113, -2.077516056706273151 ) ) ;
#1325 = CARTESIAN_POINT ( 'NONE',  ( 12.01108938236924928, 1.678051549014603516, -2.468193813794969049 ) ) ;
#1326 = CARTESIAN_POINT ( 'NONE',  ( 12.27471280579074886, 2.936550243629149293, 0.5350566664346541046 ) ) ;
#1327 = CIRCLE ( 'NONE', #4385, 0.2540000000000007807 ) ;
#1328 = CARTESIAN_POINT ( 'NONE',  ( 11.90260209856129769, 0.6813635436165114134, 2.906095323220506010 ) ) ;
#1329 = DIRECTION ( 'NONE',  ( 8.659560562354608686E-17, -0.7071067811865741071, 0.7071067811865209274 ) ) ;
#1330 = FACE_OUTER_BOUND ( 'NONE', #1508, .T. ) ;
#1331 = CARTESIAN_POINT ( 'NONE',  ( -11.90894962818938829, 0.7754767387440498760, -2.882403783554606580 ) ) ;
#1332 = CARTESIAN_POINT ( 'NONE',  ( 12.44585327508934647, 2.931004810721771658, -1.128354580001148966 ) ) ;
#1333 = CARTESIAN_POINT ( 'NONE',  ( 12.17511786697300202, 2.532675861428974162, -1.579046918161970403 ) ) ;
#1334 = CARTESIAN_POINT ( 'NONE',  ( -11.88655998673882941, -0.3438133752873908100, 2.965033756366272311 ) ) ;
#1335 = ORIENTED_EDGE ( 'NONE', *, *, #4563, .F. ) ;
#1336 = FACE_OUTER_BOUND ( 'NONE', #3354, .T. ) ;
#1337 = MECHANICAL_CONTEXT ( 'NONE', #226, 'mechanical' ) ;
#1338 = CARTESIAN_POINT ( 'NONE',  ( -12.16451996933598423, 2.486025590832178889, -1.651373984534434625 ) ) ;
#1339 = EDGE_LOOP ( 'NONE', ( #362, #1390 ) ) ;
#1340 = VERTEX_POINT ( 'NONE', #1726 ) ;
#1341 = CARTESIAN_POINT ( 'NONE',  ( -11.98399287687113102, -1.492432593220684556, -2.585005132990207066 ) ) ;
#1342 = CARTESIAN_POINT ( 'NONE',  ( -12.41694902318270799, 2.809958046577357482, -1.410651065902856161 ) ) ;
#1343 = CARTESIAN_POINT ( 'NONE',  ( 12.24568993797932137, 2.824487632686853100, -0.9644237202344434490 ) ) ;
#1344 = CARTESIAN_POINT ( 'NONE',  ( -2.856403312780321156E-15, 76.99200000000000443, 0.0000000000000000000 ) ) ;
#1345 = ORIENTED_EDGE ( 'NONE', *, *, #917, .T. ) ;
#1346 = DIRECTION ( 'NONE',  ( -0.0000000000000000000, -1.000000000000000000, -0.0000000000000000000 ) ) ;
#1347 = AXIS2_PLACEMENT_3D ( 'NONE', #3299, #1089, #4744 ) ;
#1348 = DIRECTION ( 'NONE',  ( -0.0000000000000000000, 1.000000000000000000, -0.0000000000000000000 ) ) ;
#1349 = CARTESIAN_POINT ( 'NONE',  ( 12.22372590673720794, 1.814628404201501288, -2.598190669689744325 ) ) ;
#1350 = CARTESIAN_POINT ( 'NONE',  ( -11.90914606189135405, -0.7782249337375974907, 2.881667963078225370 ) ) ;
#1351 = DIRECTION ( 'NONE',  ( 0.0000000000000000000, 0.0000000000000000000, 1.000000000000000000 ) ) ;
#1352 = CARTESIAN_POINT ( 'NONE',  ( 11.88254047653927792, -0.1962986535898168516, 2.979631469218394724 ) ) ;
#1353 = CARTESIAN_POINT ( 'NONE',  ( -2.856403312780321156E-15, 76.73799999999999955, 0.0000000000000000000 ) ) ;
#1354 = CARTESIAN_POINT ( 'NONE',  ( -12.00212567888919857, 1.619191147265549580, 2.507549976949794868 ) ) ;
#1355 = DIRECTION ( 'NONE',  ( 0.0000000000000000000, 1.000000000000000000, 0.0000000000000000000 ) ) ;
#1356 = CARTESIAN_POINT ( 'NONE',  ( 12.02054874512518978, 1.738322174236685447, -2.426031116463371884 ) ) ;
#1357 = CARTESIAN_POINT ( 'NONE',  ( 12.22394144373625835, 2.737701142144442379, 1.188626426411350856 ) ) ;
#1358 = CARTESIAN_POINT ( 'NONE',  ( -12.26537526274089096, 2.073358387138859893, -2.398491247036061758 ) ) ;
#1359 = CARTESIAN_POINT ( 'NONE',  ( 11.98430239953475684, -1.496531403272305161, -2.584006549274546760 ) ) ;
#1360 = CARTESIAN_POINT ( 'NONE',  ( 0.0000000000000000000, -72.67400000000000659, 0.0000000000000000000 ) ) ;
#1361 = CARTESIAN_POINT ( 'NONE',  ( 11.91427080275767736, 0.8453684395838144683, -2.862369093283868349 ) ) ;
#1362 = CARTESIAN_POINT ( 'NONE',  ( 12.20632006335068809, 1.697683028690437856, -2.678798984826674889 ) ) ;
#1363 = CARTESIAN_POINT ( 'NONE',  ( -12.15134225465432927, -2.427018015733701795, 1.737580491297580743 ) ) ;
#1364 = CARTESIAN_POINT ( 'NONE',  ( -11.88118759341396213, -0.002655104640752505886, 2.984498818967658007 ) ) ;
#1365 = CARTESIAN_POINT ( 'NONE',  ( 11.90890328613506099, -0.7748254977849544645, 2.882582023089297785 ) ) ;
#1366 = CARTESIAN_POINT ( 'NONE',  ( 12.10241391011281742, -0.6650340355654974500, -3.114755066330947120 ) ) ;
#1367 = CARTESIAN_POINT ( 'NONE',  ( -12.47855965303111070, 3.062456315720680333, -0.6754377823746527953 ) ) ;
#1368 = CARTESIAN_POINT ( 'NONE',  ( 12.21898253985359872, 2.717771764496998088, -1.237113665101558846 ) ) ;
#1369 = CARTESIAN_POINT ( 'NONE',  ( 12.25192680619212737, 2.848915868539697804, 0.8896710097938119732 ) ) ;
#1370 = CARTESIAN_POINT ( 'NONE',  ( 12.28096138819930516, 2.960155457301369974, -0.3927429820580953801 ) ) ;
#1371 = EDGE_CURVE ( 'NONE', #2595, #4028, #294, .T. ) ;
#1372 = CARTESIAN_POINT ( 'NONE',  ( -12.18406831465859064, 1.581109733893979241, 2.783115543556955895 ) ) ;
#1373 = CARTESIAN_POINT ( 'NONE',  ( 12.15715821071637670, -2.453276287416525481, -1.700308460775328046 ) ) ;
#1374 = CARTESIAN_POINT ( 'NONE',  ( -2.856403312780321156E-15, 76.73799999999999955, 4.064000000000000057 ) ) ;
#1375 = CARTESIAN_POINT ( 'NONE',  ( 11.89180255828551047, 0.4876834273158583977, -2.945963871760090669 ) ) ;
#1376 = CARTESIAN_POINT ( 'NONE',  ( 12.19267149273605000, -2.608149958240397748, -1.450998553056413565 ) ) ;
#1377 = CARTESIAN_POINT ( 'NONE',  ( 12.05942743790041938, 1.967786041929019625, -2.244417249110046697 ) ) ;
#1378 = B_SPLINE_CURVE_WITH_KNOTS ( 'NONE', 3,
 ( #3537, #2475, #2128, #1047, #1019, #2491, #278, #2864, #1386, #3611, #4337, #2145, #1431, #4004, #657, #4694, #2506, #2881, #3986, #1788, #4350, #4729, #2164, #1807, #2522, #2542, #709, #725, #3345, #1139, #3705, #1872, #2262, #2624, #4408, #4427, #795, #1835, #2560, #1480, #2591, #423, #1161, #3718, #1532, #2212, #388, #4095, #4758, #2573, #4474, #4249, #4040, #1147, #396, #1521, #2551, #1487, #1814, #4053, #768, #784, #2185, #3318, #1845, #370, #2940, #4402, #4023, #733, #1879, #352, #716, #2566, #2219, #3334, #1115, #8, #4067, #2251, #2581, #381, #2961, #4417, #2234, #27, #2600, #3294, #1132, #44, #1460, #1829, #4393, #428, #3037, #842, #2302, #490, #90, #103, #1949, #121, #2666, #3724, #460, #1171, #1220, #3420, #77, #4451, #477, #3746, #1963, #1577, #1915, #3004, #3388, #444, #823, #2646, #3434, #2338, #4131, #1238, #803, #2319, #3050, #3401, #857, #1538, #3775, #3370, #2682, #3759, #4512, #2696, #3023, #3070, #4102, #873, #1188, #1555, #4499, #1934, #4117, #4465, #2287, #2270, #4484, #1205, #3793, #4083, #1593, #1894, #4154, #61, #2630, #3823, #4180, #3140, #2364, #2026, #2381, #4577, #2761, #1638, #2748, #2405, #3086, #1981, #906, #156, #951, #1300, #3100, #2394, #3857, #3466, #3154, #891, #171, #504, #3480, #1264, #3510, #190, #1316, #4528 ),
 .UNSPECIFIED., .F., .F.,
 ( 4, 2, 2, 1, 2, 2, 1, 2, 2, 2, 1, 2, 2, 2, 1, 2, 2, 2, 1, 1, 2, 2, 1, 1, 1, 2, 2, 2, 1, 2, 2, 2, 1, 2, 2, 1, 1, 2, 2, 2, 1, 2, 2, 2, 1, 2, 2, 1, 2, 2, 2, 2, 2, 2, 2, 2, 2, 2, 2, 1, 2, 2, 1, 1, 2, 2, 2, 1, 2, 2, 2, 1, 1, 2, 2, 1, 1, 2, 2, 2, 1, 2, 2, 2, 1, 1, 2, 2, 2, 1, 2, 2, 2, 1, 1, 2, 2, 2, 1, 2, 2, 2, 2, 2, 1, 2, 2, 2, 2, 4 ),
 ( 0.0000000000000000000, 0.01562500000000240086, 0.03125000000000479478, 0.03906250000000599520, 0.04296875000000658501, 0.04687500000000718176, 0.05468750000000838218, 0.05859375000000895117, 0.06250000000000952016, 0.07031250000001069977, 0.07421875000001125489, 0.07617187500001150469, 0.07812500000001176836, 0.08593750000001275369, 0.08984375000001325329, 0.09179687500001353084, 0.09375000000001382228, 0.1015625000000150158, 0.1054687500000156125, 0.1074218750000159178, 0.1083984375000160982, 0.1093750000000162786, 0.1132812500000170697, 0.1152343750000174305, 0.1162109375000176525, 0.1166992187500177636, 0.1171875000000178746, 0.1210937500000177774, 0.1230468750000177081, 0.1240234375000176803, 0.1250000000000176525, 0.1289062500000174027, 0.1308593750000172640, 0.1318359375000172917, 0.1328125000000172917, 0.1367187500000174027, 0.1386718750000174305, 0.1396484375000174583, 0.1406250000000174860, 0.1484375000000176248, 0.1523437500000176525, 0.1542968750000176525, 0.1562500000000176525, 0.1640625000000176525, 0.1679687500000176248, 0.1699218750000175970, 0.1718750000000175415, 0.1796875000000172640, 0.1835937500000170974, 0.1875000000000169587, 0.1953125000000166533, 0.2031250000000163480, 0.2187500000000157929, 0.2500000000000145994, 0.2656250000000139888, 0.2734375000000137113, 0.2812500000000133782, 0.2890625000000131006, 0.2968750000000128231, 0.3046875000000124900, 0.3085937500000123790, 0.3125000000000122680, 0.3203125000000120459, 0.3242187500000118794, 0.3261718750000118239, 0.3281250000000117129, 0.3359375000000113798, 0.3398437500000112688, 0.3417968750000112133, 0.3437500000000111577, 0.3515625000000108247, 0.3554687500000106581, 0.3574218750000105471, 0.3583984375000105471, 0.3593750000000105471, 0.3632812500000102141, 0.3652343750000099920, 0.3662109375000099365, 0.3671875000000098255, 0.3710937500000094924, 0.3730468750000093814, 0.3740234375000092704, 0.3750000000000092149, 0.3789062500000089928, 0.3808593750000088263, 0.3818359375000087708, 0.3823242187500087153, 0.3828125000000087153, 0.3867187500000083267, 0.3886718750000081601, 0.3896484375000081046, 0.3906250000000079936, 0.3984375000000075495, 0.4023437500000073275, 0.4042968750000071609, 0.4052734375000071054, 0.4062500000000069944, 0.4140625000000064393, 0.4179687500000061617, 0.4199218750000059952, 0.4218750000000058842, 0.4296875000000052180, 0.4335937500000049405, 0.4375000000000046629, 0.4453125000000040523, 0.4492187500000037192, 0.4531250000000034417, 0.4609375000000028866, 0.4687500000000022760, 0.5000000000000000000 ),
 .UNSPECIFIED. ) ;
#1379 = CARTESIAN_POINT ( 'NONE',  ( -12.25702951770877647, -2.868756579797970385, -0.8234580085558378393 ) ) ;
#1380 = CIRCLE ( 'NONE', #2149, 12.62380000000000102 ) ;
#1381 = DIRECTION ( 'NONE',  ( 0.0000000000000000000, -1.000000000000000000, 0.0000000000000000000 ) ) ;
#1382 = CARTESIAN_POINT ( 'NONE',  ( 12.39018159116449347, -2.693291212984348704, -1.628968858167024303 ) ) ;
#1383 = CARTESIAN_POINT ( 'NONE',  ( -11.95420002095231560, 1.256506330431244933, 2.707135643854119422 ) ) ;
#1384 = TOROIDAL_SURFACE ( 'NONE', #1411, 15.62099999999999866, 0.2540000000000000036 ) ;
#1385 = CARTESIAN_POINT ( 'NONE',  ( 11.91798819370385054, 0.8916574299295844108, -2.848296415753481359 ) ) ;
#1386 = CARTESIAN_POINT ( 'NONE',  ( -11.91233087558091164, -0.8202225935370187626, -2.869684671711739909 ) ) ;
#1387 = LINE ( 'NONE', #235, #521 ) ;
#1388 = CARTESIAN_POINT ( 'NONE',  ( 0.0000000000000000000, 76.99200000000000443, 0.0000000000000000000 ) ) ;
#1389 = CARTESIAN_POINT ( 'NONE',  ( 12.49224917221250131, -3.115942234726491122, -0.3382270126822757295 ) ) ;
#1390 = ORIENTED_EDGE ( 'NONE', *, *, #4743, .T. ) ;
#1391 = CARTESIAN_POINT ( 'NONE',  ( -2.856403312780321156E-15, 76.73799999999999955, 0.0000000000000000000 ) ) ;
#1392 = CARTESIAN_POINT ( 'NONE',  ( 12.08530071956806928, 0.2054387512017533113, -3.180491128759493691 ) ) ;
#1393 = CARTESIAN_POINT ( 'NONE',  ( 11.89819796947524999, 0.6062302745926094749, -2.922383025338898488 ) ) ;
#1394 = ORIENTED_EDGE ( 'NONE', *, *, #1803, .T. ) ;
#1395 = CARTESIAN_POINT ( 'NONE',  ( -12.25192680619211139, -2.848915868539697804, 0.8896710097938145267 ) ) ;
#1396 = CARTESIAN_POINT ( 'NONE',  ( -12.24409806338755757, -2.818221731252747553, 0.9825824178044493262 ) ) ;
#1397 = ORIENTED_EDGE ( 'NONE', *, *, #3039, .T. ) ;
#1398 = CARTESIAN_POINT ( 'NONE',  ( 11.98401729073463784, -1.492590352196192738, 2.584913104232944292 ) ) ;
#1399 = ADVANCED_FACE ( 'NONE', ( #2531, #3285 ), #250, .T. ) ;
#1400 = CARTESIAN_POINT ( 'NONE',  ( 12.40882865441627025, -2.775064089485216101, -1.480378579653519378 ) ) ;
#1401 = CARTESIAN_POINT ( 'NONE',  ( -12.25821191934359611, -2.027441946513307336, -2.430510618877534501 ) ) ;
#1402 = ORIENTED_EDGE ( 'NONE', *, *, #790, .F. ) ;
#1403 = EDGE_CURVE ( 'NONE', #2093, #2729, #2193, .T. ) ;
#1404 = CARTESIAN_POINT ( 'NONE',  ( -12.27460377090933719, 2.936125189702775362, -0.5357419802326569558 ) ) ;
#1405 = CARTESIAN_POINT ( 'NONE',  ( 12.47467977667010075, -3.050936035576129690, -0.8373741576193490799 ) ) ;
#1406 = CARTESIAN_POINT ( 'NONE',  ( 12.15517609831535317, 1.298450262268828981, 2.902309204459067260 ) ) ;
#1407 = DIRECTION ( 'NONE',  ( 0.0000000000000000000, -0.0000000000000000000, 1.000000000000000000 ) ) ;
#1408 = DIRECTION ( 'NONE',  ( -0.0000000000000000000, -1.000000000000000000, -0.0000000000000000000 ) ) ;
#1409 = CARTESIAN_POINT ( 'NONE',  ( 12.47855965303110537, -3.062456315720662570, -0.6754377823746459120 ) ) ;
#1410 = CARTESIAN_POINT ( 'NONE',  ( -12.39436118895222627, 2.711933918203962790, 1.597450251450354797 ) ) ;
#1411 = AXIS2_PLACEMENT_3D ( 'NONE', #1902, #1196, #1513 ) ;
#1412 = CARTESIAN_POINT ( 'NONE',  ( 12.15715821071637670, -2.453276287416525481, -1.700308460775328046 ) ) ;
#1413 = CARTESIAN_POINT ( 'NONE',  ( 11.88648316417240380, 0.3413729259880529665, -2.965313122838187709 ) ) ;
#1414 = CARTESIAN_POINT ( 'NONE',  ( -12.14189603778294746, -2.383620292144251085, 1.796158414551183302 ) ) ;
#1415 = CARTESIAN_POINT ( 'NONE',  ( 11.95928961895757858, -1.299821941989639296, 2.686690360819514733 ) ) ;
#1416 = CARTESIAN_POINT ( 'NONE',  ( 12.26524844068764430, -2.067897219063835834, -2.394576307835335705 ) ) ;
#1417 = CARTESIAN_POINT ( 'NONE',  ( 12.39539696370508537, -2.718688491714425393, -1.598444613362799860 ) ) ;
#1418 = CARTESIAN_POINT ( 'NONE',  ( -12.49151816558137185, 3.113108233430007754, -0.3642258416055197956 ) ) ;
#1419 = CARTESIAN_POINT ( 'NONE',  ( 11.89819796947524999, 0.6062302745926094749, -2.922383025338898488 ) ) ;
#1420 = CARTESIAN_POINT ( 'NONE',  ( -11.93721312845130278, 1.100478267298325541, -2.774309626993641142 ) ) ;
#1421 = CARTESIAN_POINT ( 'NONE',  ( 12.16600928040328355, -1.390669078663227864, -2.856353829012427514 ) ) ;
#1422 = CARTESIAN_POINT ( 'NONE',  ( 12.04563709278588313, 1.889284921961344788, -2.310383291962521124 ) ) ;
#1423 = CARTESIAN_POINT ( 'NONE',  ( 12.08360682679743903, 0.05155078170193645032, -3.186919572789136179 ) ) ;
#1424 = CARTESIAN_POINT ( 'NONE',  ( -12.28424895174862286, -2.972490237369775024, 0.2685964607359515588 ) ) ;
#1425 = CARTESIAN_POINT ( 'NONE',  ( 12.16053397285038251, -2.468273950637728031, 1.677792926060631906 ) ) ;
#1426 = CARTESIAN_POINT ( 'NONE',  ( 12.40714580365319364, -2.767761262567724589, 1.494282287297036715 ) ) ;
#1427 = CARTESIAN_POINT ( 'NONE',  ( -12.24495210918813726, -1.948437229285472361, -2.496455339079629798 ) ) ;
#1428 = CARTESIAN_POINT ( 'NONE',  ( -12.27683739626847981, 2.944584430279355569, -0.4871047167115173937 ) ) ;
#1429 = DIRECTION ( 'NONE',  ( 0.0000000000000000000, 0.0000000000000000000, -1.000000000000000000 ) ) ;
#1430 = CARTESIAN_POINT ( 'NONE',  ( 11.88384728840995486, 0.2443317485919253573, -2.974881405472746376 ) ) ;
#1431 = CARTESIAN_POINT ( 'NONE',  ( -11.93234858156469613, -1.051523250657200093, -2.793233681846075456 ) ) ;
#1432 = EDGE_CURVE ( 'NONE', #3297, #526, #1378, .T. ) ;
#1433 = DIRECTION ( 'NONE',  ( 0.0000000000000000000, 0.0000000000000000000, 1.000000000000000000 ) ) ;
#1434 = CARTESIAN_POINT ( 'NONE',  ( 12.14786689402263420, -1.227170140713621072, -2.932481493016447782 ) ) ;
#1435 = ORGANIZATION ( 'UNSPECIFIED', 'UNSPECIFIED', '' ) ;
#1436 = CARTESIAN_POINT ( 'NONE',  ( -11.93264747489353361, 1.054603735151072197, -2.792070036909886532 ) ) ;
#1437 = CARTESIAN_POINT ( 'NONE',  ( 12.09359928846593846, 2.149404013475665121, -2.070721848151946709 ) ) ;
#1438 = CARTESIAN_POINT ( 'NONE',  ( 12.11261062953157541, -2.244575634025330668, -1.967604550473461389 ) ) ;
#1439 = CARTESIAN_POINT ( 'NONE',  ( 12.04031993478904816, 1.858646168328473181, 2.335598524623933692 ) ) ;
#1440 = CARTESIAN_POINT ( 'NONE',  ( -12.02373794815103736, -1.758216515659989820, -2.411652026328807263 ) ) ;
#1441 = FACE_OUTER_BOUND ( 'NONE', #3919, .T. ) ;
#1442 = PERSON_AND_ORGANIZATION_ROLE ( 'classification_officer' ) ;
#1443 = CARTESIAN_POINT ( 'NONE',  ( 12.25731548543777016, -2.869891178825186184, 0.8206278370368214059 ) ) ;
#1444 = CARTESIAN_POINT ( 'NONE',  ( 12.32542795076579978, -2.389042056677144199, 2.062881664778759561 ) ) ;
#1445 = CARTESIAN_POINT ( 'NONE',  ( 12.20473820808909515, -2.658833389408318038, 1.355727343689974385 ) ) ;
#1446 = EDGE_LOOP ( 'NONE', ( #3631, #4371 ) ) ;
#1447 = FACE_OUTER_BOUND ( 'NONE', #1567, .T. ) ;
#1448 = CARTESIAN_POINT ( 'NONE',  ( -12.27826284047954530, -2.141498754204597343, -2.327127972688582513 ) ) ;
#1449 = DIRECTION ( 'NONE',  ( -0.0000000000000000000, 1.000000000000000000, -0.0000000000000000000 ) ) ;
#1450 = CARTESIAN_POINT ( 'NONE',  ( 12.12610059135602469, 1.014862307058416624, 3.022328990314194996 ) ) ;
#1451 = EDGE_LOOP ( 'NONE', ( #4268, #636, #2959, #2607, #2945 ) ) ;
#1452 = DIRECTION ( 'NONE',  ( -0.0000000000000000000, 1.000000000000000000, -0.0000000000000000000 ) ) ;
#1453 = CARTESIAN_POINT ( 'NONE',  ( 12.45486926932033889, -2.967892336834364375, -1.027719927545786449 ) ) ;
#1454 = ORIENTED_EDGE ( 'NONE', *, *, #2793, .F. ) ;
#1455 = CARTESIAN_POINT ( 'NONE',  ( 12.26088189380774196, 2.883780947993154431, -0.7752549192438066283 ) ) ;
#1456 = CARTESIAN_POINT ( 'NONE',  ( 12.20873572406312135, -2.675446265588837136, 1.322811802250483559 ) ) ;
#1457 = ORIENTED_EDGE ( 'NONE', *, *, #3607, .F. ) ;
#1458 = CARTESIAN_POINT ( 'NONE',  ( -12.15999770727522922, -2.465903083027975118, -1.681416526425098201 ) ) ;
#1459 = CARTESIAN_POINT ( 'NONE',  ( 11.89213235202504926, -0.4864417277231817271, 2.944693592247550562 ) ) ;
#1460 = CARTESIAN_POINT ( 'NONE',  ( -12.28741583917430269, -2.984344076189659134, -0.1988950878843257497 ) ) ;
#1461 = CARTESIAN_POINT ( 'NONE',  ( 12.10479391077215716, -2.205763044412350826, 2.010441212950333956 ) ) ;
#1462 = CARTESIAN_POINT ( 'NONE',  ( 12.48372596116586486, -3.082743159864537397, -0.5720779347735325260 ) ) ;
#1463 = AXIS2_PLACEMENT_3D ( 'NONE', #2009, #4547, #1995 ) ;
#1464 = CARTESIAN_POINT ( 'NONE',  ( -12.48365570521416679, 3.082468095806513375, 0.5736058223364375319 ) ) ;
#1465 = DIRECTION ( 'NONE',  ( 0.0000000000000000000, 0.0000000000000000000, 1.000000000000000000 ) ) ;
#1466 = CARTESIAN_POINT ( 'NONE',  ( 11.88118726602854558, 0.04909898128217345115, -2.984500011251235208 ) ) ;
#1467 = CARTESIAN_POINT ( 'NONE',  ( -12.08360682732657843, 0.02577539085096774985, -3.186919554767641660 ) ) ;
#1468 = CARTESIAN_POINT ( 'NONE',  ( 12.41939128463586783, -2.820371396262855601, 1.388991019031284635 ) ) ;
#1469 = CARTESIAN_POINT ( 'NONE',  ( 12.28234120042831101, 2.965332070428337019, 0.3411537548482879156 ) ) ;
#1470 = CARTESIAN_POINT ( 'NONE',  ( 12.19546821371712397, -2.619982164053727303, -1.429521951357668463 ) ) ;
#1471 = CARTESIAN_POINT ( 'NONE',  ( -11.91420403656156246, -0.8445382701755246302, -2.862621679521270224 ) ) ;
#1472 = CARTESIAN_POINT ( 'NONE',  ( 11.90883867721873557, -0.7739395800163670902, 2.882819643280049249 ) ) ;
#1473 = CARTESIAN_POINT ( 'NONE',  ( 12.16170658963392093, -2.473510289686593033, 1.670075831402984434 ) ) ;
#1474 = CARTESIAN_POINT ( 'NONE',  ( -12.16601740481029204, -1.390161722424242408, 2.856252214414557677 ) ) ;
#1475 = CARTESIAN_POINT ( 'NONE',  ( 12.28850630752065953, -2.197326938905410643, 2.272218486059180975 ) ) ;
#1476 = CARTESIAN_POINT ( 'NONE',  ( 12.28497028972283189, 2.178341115579472298, -2.291483083014624444 ) ) ;
#1477 = CARTESIAN_POINT ( 'NONE',  ( -12.48244217282947055, 3.077714148882310763, 0.5994251194281199346 ) ) ;
#1478 = CARTESIAN_POINT ( 'NONE',  ( 0.0000000000000000000, 67.34000000000000341, 2.499999999999996891 ) ) ;
#1479 = CARTESIAN_POINT ( 'NONE',  ( -11.98401729073132316, 1.492590352162987966, 2.584913104252122729 ) ) ;
#1480 = CARTESIAN_POINT ( 'NONE',  ( -12.05970745631001328, -1.969062401988233235, -2.242839048302963878 ) ) ;
#1481 = CARTESIAN_POINT ( 'NONE',  ( -12.15806375065176859, 1.321182988375908307, -2.889918383215762443 ) ) ;
#1482 = CARTESIAN_POINT ( 'NONE',  ( 12.25814787435912123, -2.026782988954745512, 2.430662593385509496 ) ) ;
#1483 = CARTESIAN_POINT ( 'NONE',  ( 12.15743373411299011, 2.454385344555076731, -1.698046047226681399 ) ) ;
#1484 = CARTESIAN_POINT ( 'NONE',  ( 12.26054988300451143, -2.882386745692710139, -0.7755544943942738190 ) ) ;
#1485 = CARTESIAN_POINT ( 'NONE',  ( 11.97598891359685780, 1.432528425803793803, 2.618339683851450328 ) ) ;
#1486 = CARTESIAN_POINT ( 'NONE',  ( -11.89956911373860393, -0.6301677885830916370, -2.917315358884196463 ) ) ;
#1487 = CARTESIAN_POINT ( 'NONE',  ( -12.10459424728187372, -2.204770554886212430, -2.011534612365206254 ) ) ;
#1488 = CARTESIAN_POINT ( 'NONE',  ( -12.49019189306030242, -3.107973399817970162, -0.4193802284723330276 ) ) ;
#1489 = CARTESIAN_POINT ( 'NONE',  ( 12.06783781262349464, -2.013724722772078479, 2.202795946476377775 ) ) ;
#1490 = EDGE_CURVE ( 'NONE', #2425, #2486, #934, .T. ) ;
#1491 = CARTESIAN_POINT ( 'NONE',  ( -12.10117747628260432, -0.6414590908910544620, 3.119542054985886548 ) ) ;
#1492 = CARTESIAN_POINT ( 'NONE',  ( 12.49224917221250131, -3.115942234726491122, -0.3382270126822757295 ) ) ;
#1493 = CARTESIAN_POINT ( 'NONE',  ( -12.23789680176343531, 2.793903994848165429, -1.053940781412965766 ) ) ;
#1494 = PERSON_AND_ORGANIZATION ( #2827, #1435 ) ;
#1495 = CARTESIAN_POINT ( 'NONE',  ( 0.0000000000000000000, -72.80100000000000193, -15.87500000000000000 ) ) ;
#1496 = FACE_OUTER_BOUND ( 'NONE', #583, .T. ) ;
#1497 = AXIS2_PLACEMENT_3D ( 'NONE', #1748, #4624, #4274 ) ;
#1498 = CARTESIAN_POINT ( 'NONE',  ( -12.42458842478324321, 2.842414966903856310, 1.341707272243642057 ) ) ;
#1499 = CARTESIAN_POINT ( 'NONE',  ( 12.15786349863384430, -1.319251069078399397, 2.890743353013696559 ) ) ;
#1500 = CARTESIAN_POINT ( 'NONE',  ( 12.20378495454692036, 2.654864243418680658, 1.363485954731721739 ) ) ;
#1501 = CARTESIAN_POINT ( 'NONE',  ( 12.28745920363842004, -2.984501512217203167, -0.04869652692791513054 ) ) ;
#1502 = CARTESIAN_POINT ( 'NONE',  ( 11.90914606189136471, 0.7782249337375802822, 2.881667963078231587 ) ) ;
#1503 = LINE ( 'NONE', #723, #4137 ) ;
#1504 = CARTESIAN_POINT ( 'NONE',  ( -12.03982975928832388, -1.855767844672192357, -2.337891125708777551 ) ) ;
#1505 = CARTESIAN_POINT ( 'NONE',  ( -12.23991520324908855, -2.801690664709906020, 1.028771768236715678 ) ) ;
#1506 = ORIENTED_EDGE ( 'NONE', *, *, #917, .F. ) ;
#1507 = CARTESIAN_POINT ( 'NONE',  ( 12.06721626993185481, -2.010322498596758045, -2.205866344095542164 ) ) ;
#1508 = EDGE_LOOP ( 'NONE', ( #2601, #3913, #1620, #2536 ) ) ;
#1509 = CARTESIAN_POINT ( 'NONE',  ( -12.09076037758346089, -0.4120509442390648536, 3.159681627914407986 ) ) ;
#1510 = CARTESIAN_POINT ( 'NONE',  ( 12.11172933455251588, -0.8125869274277967014, 3.078342875307423121 ) ) ;
#1511 = CARTESIAN_POINT ( 'NONE',  ( -12.21153737561867914, 2.687017553549102988, -1.299142158581315432 ) ) ;
#1512 = ORIENTED_EDGE ( 'NONE', *, *, #4501, .T. ) ;
#1513 = DIRECTION ( 'NONE',  ( 0.0000000000000000000, 0.0000000000000000000, -1.000000000000000000 ) ) ;
#1514 = CARTESIAN_POINT ( 'NONE',  ( 0.0000000000000000000, -73.05500000000000682, 0.0000000000000000000 ) ) ;
#1515 = CARTESIAN_POINT ( 'NONE',  ( -11.89211718836697074, 0.4879237227175291514, 2.944758063373727364 ) ) ;
#1516 = CARTESIAN_POINT ( 'NONE',  ( -12.40853744186681062, 2.773785840071269604, 1.482682189049184363 ) ) ;
#1517 = CARTESIAN_POINT ( 'NONE',  ( 12.41130030960394670, -2.785710615437489324, 1.459374056277741971 ) ) ;
#1518 = ORIENTED_EDGE ( 'NONE', *, *, #3282, .T. ) ;
#1519 = CARTESIAN_POINT ( 'NONE',  ( 12.16677044314132061, 2.495998980944962309, 1.636273032478532174 ) ) ;
#1520 = CARTESIAN_POINT ( 'NONE',  ( 12.27677105749927833, -2.944333532627680494, 0.4886182339614045245 ) ) ;
#1521 = CARTESIAN_POINT ( 'NONE',  ( -12.10291430384134692, -2.196388136643955935, -2.020678974792472271 ) ) ;
#1522 = CARTESIAN_POINT ( 'NONE',  ( -12.45224846732759438, -2.957112330936298328, -1.054574649723393209 ) ) ;
#1523 = CARTESIAN_POINT ( 'NONE',  ( 12.24412362661890619, -2.818397869176422876, -0.9838834075102560472 ) ) ;
#1524 = CARTESIAN_POINT ( 'NONE',  ( -12.10228699411950259, 0.6628229836771386552, 3.115248252005672569 ) ) ;
#1525 = CARTESIAN_POINT ( 'NONE',  ( 12.09379183642874445, 0.4885860309361048648, 3.148051029080131791 ) ) ;
#1526 = CARTESIAN_POINT ( 'NONE',  ( 12.18673600022837000, -2.582951961005367281, 1.495987013332223059 ) ) ;
#1527 = CARTESIAN_POINT ( 'NONE',  ( -11.94437087530791075, 1.168804851831590774, -2.746222754922571063 ) ) ;
#1528 = EDGE_CURVE ( 'NONE', #2595, #641, #3056, .T. ) ;
#1529 = DIRECTION ( 'NONE',  ( 0.0000000000000000000, 0.0000000000000000000, 1.000000000000000000 ) ) ;
#1530 = CARTESIAN_POINT ( 'NONE',  ( -11.92586717326068069, 0.9841598701912804836, 2.818310931952823672 ) ) ;
#1531 = CARTESIAN_POINT ( 'NONE',  ( -11.89213235202503149, 0.4864417277231828374, 2.944693592247549674 ) ) ;
#1532 = CARTESIAN_POINT ( 'NONE',  ( -12.06768184004350175, -2.012876815764024663, -2.203569818110699963 ) ) ;
#1533 = CARTESIAN_POINT ( 'NONE',  ( -12.49680041165706612, 3.133535196203364404, -0.05199930112526261750 ) ) ;
#1534 = CARTESIAN_POINT ( 'NONE',  ( -12.21645688196428559, 2.707227216516248980, 1.256487739225397693 ) ) ;
#1535 = CARTESIAN_POINT ( 'NONE',  ( 12.40853744186681062, -2.773785840071249620, 1.482682189049170596 ) ) ;
#1536 = CARTESIAN_POINT ( 'NONE',  ( 12.01864664714140041, 1.726473908475556485, 2.434632131082353990 ) ) ;
#1537 = CARTESIAN_POINT ( 'NONE',  ( 11.89227712065503439, 0.4896427862227888950, 2.944163231184333096 ) ) ;
#1538 = CARTESIAN_POINT ( 'NONE',  ( -12.11232950478656889, -2.243000994905380630, 1.968877220302738706 ) ) ;
#1539 = CARTESIAN_POINT ( 'NONE',  ( -12.34474832921329579, -2.483590156704480023, -1.943963342101058034 ) ) ;
#1540 = DIRECTION ( 'NONE',  ( 0.0000000000000000000, 0.0000000000000000000, -1.000000000000000000 ) ) ;
#1541 = CARTESIAN_POINT ( 'NONE',  ( 12.07693159984915177, -2.062625529704627869, -2.157174993871799895 ) ) ;
#1542 = ADVANCED_FACE ( 'NONE', ( #3002 ), #3849, .F. ) ;
#1543 = CARTESIAN_POINT ( 'NONE',  ( -12.13581411164117085, -1.109606593406548214, 2.982233145234105098 ) ) ;
#1544 = CARTESIAN_POINT ( 'NONE',  ( 12.25481952403836949, -2.007233470517726381, 2.447384421511047403 ) ) ;
#1545 = CARTESIAN_POINT ( 'NONE',  ( -11.94682728303725128, 1.191355290891096042, -2.736514788907570939 ) ) ;
#1546 = CARTESIAN_POINT ( 'NONE',  ( -2.856403312780321156E-15, -77.50000000000000000, 0.0000000000000000000 ) ) ;
#1547 = CARTESIAN_POINT ( 'NONE',  ( 11.98251352284018623, -1.481269088288887925, -2.591146833704086827 ) ) ;
#1548 = CARTESIAN_POINT ( 'NONE',  ( -11.93713636802400480, 1.099721593894976701, 2.774611395715404161 ) ) ;
#1549 = CARTESIAN_POINT ( 'NONE',  ( 12.20096111272226125, -2.643079605936154763, -1.386351235643294988 ) ) ;
#1550 = CARTESIAN_POINT ( 'NONE',  ( -12.49224917221250131, 3.115942234726501781, -0.3382270126822772283 ) ) ;
#1551 = CARTESIAN_POINT ( 'NONE',  ( 12.32912477609636603, 2.407257640159360612, 2.040370136725645267 ) ) ;
#1552 = CARTESIAN_POINT ( 'NONE',  ( 12.12657564590848125, 2.311748325366916657, 1.887615004058612156 ) ) ;
#1553 = CARTESIAN_POINT ( 'NONE',  ( 12.01439298279067458, -1.699717581978248404, 2.453680298591676578 ) ) ;
#1554 = CARTESIAN_POINT ( 'NONE',  ( 12.10777211421146937, 2.220553503618859725, 1.994124661624259165 ) ) ;
#1555 = CARTESIAN_POINT ( 'NONE',  ( -12.07702613752864629, -2.063128181942206485, 2.156694687492599183 ) ) ;
#1556 = CIRCLE ( 'NONE', #4534, 4.064000000000000057 ) ;
#1557 = CARTESIAN_POINT ( 'NONE',  ( 12.16636063780624255, -2.494186398063614973, -1.639035676921427598 ) ) ;
#1558 = EDGE_CURVE ( 'NONE', #3297, #1221, #3512, .T. ) ;
#1559 = CARTESIAN_POINT ( 'NONE',  ( -12.47573974817118803, -3.051348241632268365, -0.7269945815284042379 ) ) ;
#1560 = CARTESIAN_POINT ( 'NONE',  ( 12.17151735471000507, 1.435951888461909132, 2.832723333884199945 ) ) ;
#1561 = CARTESIAN_POINT ( 'NONE',  ( -12.20096111272224526, 2.643079605936153875, -1.386351235643295654 ) ) ;
#1562 = VECTOR ( 'NONE', #3837, 1000.000000000000000 ) ;
#1563 = DIRECTION ( 'NONE',  ( 0.0000000000000000000, -1.000000000000000000, 0.0000000000000000000 ) ) ;
#1564 = CARTESIAN_POINT ( 'NONE',  ( -12.08403488437478401, 0.1032945993076096886, -3.185296156385605038 ) ) ;
#1565 = CARTESIAN_POINT ( 'NONE',  ( -12.28747948076215657, 2.984580079315342971, 0.1933570723935808533 ) ) ;
#1566 = CARTESIAN_POINT ( 'NONE',  ( -11.91231676275556595, 0.8210185050463965073, 2.869765531932126912 ) ) ;
#1567 = EDGE_LOOP ( 'NONE', ( #4382, #4316, #2658, #2272 ) ) ;
#1568 = CARTESIAN_POINT ( 'NONE',  ( -12.48593017177607756, 3.091361393546924852, 0.5217580859651033132 ) ) ;
#1569 = CARTESIAN_POINT ( 'NONE',  ( 12.20705015064357291, 1.703133925199225462, 2.675596222006074054 ) ) ;
#1570 = ORIENTED_EDGE ( 'NONE', *, *, #3342, .F. ) ;
#1571 = CARTESIAN_POINT ( 'NONE',  ( -12.28850630752065598, 2.197326938905427074, 2.272218486059188081 ) ) ;
#1572 = CARTESIAN_POINT ( 'NONE',  ( 12.05196549599672906, 1.925574535585172775, 2.280268881075499632 ) ) ;
#1573 = CARTESIAN_POINT ( 'NONE',  ( 11.90432183883260642, 0.7069176026048624717, 2.899673897650780763 ) ) ;
#1574 = ORIENTED_EDGE ( 'NONE', *, *, #1649, .F. ) ;
#1575 = VERTEX_POINT ( 'NONE', #564 ) ;
#1576 = CARTESIAN_POINT ( 'NONE',  ( -12.21960272216482046, -1.788042507447928031, 2.617670292285577016 ) ) ;
#1577 = CARTESIAN_POINT ( 'NONE',  ( -12.18761964766467365, -2.586738527123884968, 1.489421244201040162 ) ) ;
#1578 = CARTESIAN_POINT ( 'NONE',  ( -12.35443174346518802, -2.529579896489648760, -1.881084378769329657 ) ) ;
#1579 = CARTESIAN_POINT ( 'NONE',  ( 12.18882597843587057, 1.571487227133310682, 2.757300987265631331 ) ) ;
#1580 = CARTESIAN_POINT ( 'NONE',  ( 12.03976786575690205, -1.855402640352778798, 2.338179580348692443 ) ) ;
#1581 = CARTESIAN_POINT ( 'NONE',  ( -12.26954280721512802, 2.916885165576278194, 0.6335873421370854519 ) ) ;
#1582 = CARTESIAN_POINT ( 'NONE',  ( -12.49640529212773288, -3.132011488332050231, 0.1027632941666873634 ) ) ;
#1583 = CARTESIAN_POINT ( 'NONE',  ( -15.87500000000000000, 0.0000000000000000000, 0.0000000000000000000 ) ) ;
#1584 = CARTESIAN_POINT ( 'NONE',  ( -12.22633360780264766, 2.747373177253190413, 1.166106228007336654 ) ) ;
#1585 = CARTESIAN_POINT ( 'NONE',  ( -11.90245755938280325, 0.6790795920196988078, 2.906627332528228358 ) ) ;
#1586 = CARTESIAN_POINT ( 'NONE',  ( -12.15395690006925555, 1.283979817258382949, 2.907124362768779058 ) ) ;
#1587 = CARTESIAN_POINT ( 'NONE',  ( -12.20473820808908272, 2.658833389408318926, 1.355727343689972608 ) ) ;
#1588 = CARTESIAN_POINT ( 'NONE',  ( 12.17151735471000507, 1.435951888461909132, 2.832723333884199945 ) ) ;
#1589 = CARTESIAN_POINT ( 'NONE',  ( -12.24488916117779524, 1.948053788170085232, 2.496763357754218315 ) ) ;
#1590 = CARTESIAN_POINT ( 'NONE',  ( -2.856403312780321156E-15, -76.99200000000000443, 0.0000000000000000000 ) ) ;
#1591 = CARTESIAN_POINT ( 'NONE',  ( 11.88256292038159856, 0.1977958709697673623, 2.979544657909743766 ) ) ;
#1592 = CARTESIAN_POINT ( 'NONE',  ( 11.88160815296321893, -0.09838181751109235929, -2.982979707345238651 ) ) ;
#1593 = CARTESIAN_POINT ( 'NONE',  ( -12.04971542534589624, -1.912730534195330234, 2.291011185883125023 ) ) ;
#1594 = CARTESIAN_POINT ( 'NONE',  ( -12.49410863250082748, -3.123141219794865364, 0.2606672372496907641 ) ) ;
#1595 = CARTESIAN_POINT ( 'NONE',  ( 12.47573974817118625, 3.051348241632263036, -0.7269945815284144519 ) ) ;
#1596 = CARTESIAN_POINT ( 'NONE',  ( -12.07263937918334662, 2.039720747846041959, 2.178848605238348224 ) ) ;
#1597 = AXIS2_PLACEMENT_3D ( 'NONE', #4216, #550, #3493 ) ;
#1598 = CARTESIAN_POINT ( 'NONE',  ( -12.19287879520108753, 2.609030424811077165, 1.449399974598637675 ) ) ;
#1599 = CARTESIAN_POINT ( 'NONE',  ( -11.91981936984613100, 0.9144785261383229225, 2.841364921379985642 ) ) ;
#1600 = CARTESIAN_POINT ( 'NONE',  ( -12.13576891284702874, 1.105410314898598756, 2.982149774371138928 ) ) ;
#1601 = CARTESIAN_POINT ( 'NONE',  ( 12.09488561906561443, 0.5140935254733121074, 3.143847006726516735 ) ) ;
#1602 = DIRECTION ( 'NONE',  ( 0.0000000000000000000, -1.000000000000000000, 0.0000000000000000000 ) ) ;
#1603 = CARTESIAN_POINT ( 'NONE',  ( 11.88651179878215913, -0.3397040872517783638, 2.965206503584747022 ) ) ;
#1604 = CARTESIAN_POINT ( 'NONE',  ( 12.16542292851161911, 1.387803786003095174, -2.859197852105369364 ) ) ;
#1605 = CARTESIAN_POINT ( 'NONE',  ( -12.49550328850741110, -3.128530524405424895, 0.1819408469814957352 ) ) ;
#1606 = CARTESIAN_POINT ( 'NONE',  ( 12.49678909792204173, 3.133491583620618304, -0.05503987697976425036 ) ) ;
#1607 = CARTESIAN_POINT ( 'NONE',  ( -12.20339136376919598, 2.653219773770532530, 1.366680830156256743 ) ) ;
#1608 = CARTESIAN_POINT ( 'NONE',  ( 12.08360682732658020, -0.02577539085096873170, -3.186919554767632334 ) ) ;
#1609 = CARTESIAN_POINT ( 'NONE',  ( -12.28238475514379680, 2.965729470490012787, 0.3888994114006838476 ) ) ;
#1610 = FACE_OUTER_BOUND ( 'NONE', #1974, .T. ) ;
#1611 = CARTESIAN_POINT ( 'NONE',  ( -12.31878941685048368, 2.355735057697541990, 2.102133020697267707 ) ) ;
#1612 = CARTESIAN_POINT ( 'NONE',  ( 12.22598387305908219, 1.829690915244546412, 2.587726060219218471 ) ) ;
#1613 = CARTESIAN_POINT ( 'NONE',  ( 12.10942624404913204, 2.228720372637484015, 1.984992727778238875 ) ) ;
#1614 = LINE ( 'NONE', #1478, #930 ) ;
#1615 = CARTESIAN_POINT ( 'NONE',  ( 11.88127114305556731, -0.04913560664470133232, -2.984197146877404894 ) ) ;
#1616 = ADVANCED_FACE ( 'NONE', ( #3903, #4256 ), #1277, .T. ) ;
#1617 = DIRECTION ( 'NONE',  ( 0.0000000000000000000, 0.0000000000000000000, -1.000000000000000000 ) ) ;
#1618 = CARTESIAN_POINT ( 'NONE',  ( -12.44625136252011011, -2.932603845007987875, 1.123139478519611378 ) ) ;
#1619 = EDGE_LOOP ( 'NONE', ( #702, #938 ) ) ;
#1620 = ORIENTED_EDGE ( 'NONE', *, *, #2948, .T. ) ;
#1621 = EDGE_CURVE ( 'NONE', #1931, #3187, #3969, .T. ) ;
#1622 = CARTESIAN_POINT ( 'NONE',  ( -12.47098394910571706, -3.032476661755432623, -0.8032553233147249339 ) ) ;
#1623 = CARTESIAN_POINT ( 'NONE',  ( 12.34552679239334338, 2.487195392972730623, 1.938661856228479641 ) ) ;
#1624 = CARTESIAN_POINT ( 'NONE',  ( 12.06268273798668034, -1.985568210982699311, 2.228307924973368159 ) ) ;
#1625 = CARTESIAN_POINT ( 'NONE',  ( -12.27334148806173530, 2.931335362896426489, 0.5613521881607429487 ) ) ;
#1626 = ORIENTED_EDGE ( 'NONE', *, *, #3607, .T. ) ;
#1627 = EDGE_LOOP ( 'NONE', ( #419, #3193 ) ) ;
#1628 = CARTESIAN_POINT ( 'NONE',  ( -2.856403312780321156E-15, 76.73799999999999955, 0.0000000000000000000 ) ) ;
#1629 = CARTESIAN_POINT ( 'NONE',  ( -12.18748585591017353, -1.570309731895277006, -2.765718251084249513 ) ) ;
#1630 = CARTESIAN_POINT ( 'NONE',  ( -12.26959474175122011, 2.917082426699789011, -0.6326043998046123606 ) ) ;
#1631 = CARTESIAN_POINT ( 'NONE',  ( -12.16583270575134890, 1.389182331614805532, 2.857106468248227227 ) ) ;
#1632 = CARTESIAN_POINT ( 'NONE',  ( 12.41155394608342277, 2.786895506702408376, 1.457896268644314430 ) ) ;
#1633 = AXIS2_PLACEMENT_3D ( 'NONE', #3204, #3160, #3558 ) ;
#1634 = CARTESIAN_POINT ( 'NONE',  ( -12.25702951770877647, -2.868756579797970385, -0.8234580085558378393 ) ) ;
#1635 = ADVANCED_FACE ( 'NONE', ( #1441 ), #2137, .F. ) ;
#1636 = CARTESIAN_POINT ( 'NONE',  ( 12.14189603778296345, 2.383620292144251085, 1.796158414551182636 ) ) ;
#1637 = CARTESIAN_POINT ( 'NONE',  ( 11.88186121403148476, -0.1230351297437780184, -2.982065383430445138 ) ) ;
#1638 = CARTESIAN_POINT ( 'NONE',  ( -11.98697138592308242, -1.513534384129602062, 2.572363359348892597 ) ) ;
#1639 = CARTESIAN_POINT ( 'NONE',  ( -12.22534260475455525, -1.825126806943637048, -2.590573302095997121 ) ) ;
#1640 = CARTESIAN_POINT ( 'NONE',  ( 12.46964029616553660, 3.027147881777530802, 0.8250068589919272721 ) ) ;
#1641 = CARTESIAN_POINT ( 'NONE',  ( -12.02064278740259518, 1.739309217119261008, 2.425776648604204055 ) ) ;
#1642 = CARTESIAN_POINT ( 'NONE',  ( 11.93701055048140880, -1.099223760592971555, -2.775155720624914668 ) ) ;
#1643 = CARTESIAN_POINT ( 'NONE',  ( -12.23823691990697071, -1.908429206681374168, -2.529851823180555126 ) ) ;
#1644 = CARTESIAN_POINT ( 'NONE',  ( -12.15036515152358021, 1.250846655600101887, -2.922115097711203369 ) ) ;
#1645 = CARTESIAN_POINT ( 'NONE',  ( -12.10949908971390343, 2.229069956693252585, -1.984572915605349319 ) ) ;
#1646 = CARTESIAN_POINT ( 'NONE',  ( 12.45270052848706044, 2.958952089464711221, 1.049224703425828187 ) ) ;
#1647 = CARTESIAN_POINT ( 'NONE',  ( -12.15999770727522922, -2.465903083027975118, -1.681416526425098201 ) ) ;
#1648 = CARTESIAN_POINT ( 'NONE',  ( 12.28707070298727011, 2.983050273229477245, 0.09623620728159819337 ) ) ;
#1649 = EDGE_CURVE ( 'NONE', #468, #3187, #2079, .T. ) ;
#1650 = CARTESIAN_POINT ( 'NONE',  ( -12.25865088670264313, -2.030001861694035181, 2.428293998304181134 ) ) ;
#1651 = CARTESIAN_POINT ( 'NONE',  ( -11.89449037656511976, 0.5377732094864493551, -2.936054851917246911 ) ) ;
#1652 = CARTESIAN_POINT ( 'NONE',  ( -12.47590633795251946, -3.052006092476673871, 0.7241038810913132950 ) ) ;
#1653 = CARTESIAN_POINT ( 'NONE',  ( -12.08360682715019685, 3.388131789017201356E-18, -3.186919560774812421 ) ) ;
#1654 = CARTESIAN_POINT ( 'NONE',  ( 12.49157634614665291, 3.113336280171596915, 0.3650367906916977545 ) ) ;
#1655 = CARTESIAN_POINT ( 'NONE',  ( -11.92384390703707453, 0.9608596237732799361, 2.826018431364477834 ) ) ;
#1656 = AXIS2_PLACEMENT_3D ( 'NONE', #3484, #2399, #1257 ) ;
#1657 = CARTESIAN_POINT ( 'NONE',  ( -12.43452076646666171, 2.884095203254892326, 1.246309684760570802 ) ) ;
#1658 = DIRECTION ( 'NONE',  ( 0.0000000000000000000, 0.0000000000000000000, -1.000000000000000000 ) ) ;
#1659 = CARTESIAN_POINT ( 'NONE',  ( -11.97842826372586700, 1.450782187551867608, -2.608180312494979614 ) ) ;
#1660 = CARTESIAN_POINT ( 'NONE',  ( 12.25713081420193440, -2.869175037334442457, 0.8230719617781416808 ) ) ;
#1661 = CARTESIAN_POINT ( 'NONE',  ( -12.07263937918334662, 2.039720747846041959, 2.178848605238348224 ) ) ;
#1662 = CARTESIAN_POINT ( 'NONE',  ( 12.46403940926529152, 3.004749887245384166, -0.9046384307950730008 ) ) ;
#1663 = DIRECTION ( 'NONE',  ( 0.0000000000000000000, 1.000000000000000000, 0.0000000000000000000 ) ) ;
#1664 = CARTESIAN_POINT ( 'NONE',  ( -12.25851020987167850, 2.028901732686717807, -2.428835618292960685 ) ) ;
#1665 = CARTESIAN_POINT ( 'NONE',  ( 12.17569708993423205, 2.535714293139747610, 1.576957305930341668 ) ) ;
#1666 = CARTESIAN_POINT ( 'NONE',  ( 11.94682728303726371, -1.191355290891096042, -2.736514788907570939 ) ) ;
#1667 = CARTESIAN_POINT ( 'NONE',  ( -12.32579759727076940, -2.390732233987637567, 2.060370784972031633 ) ) ;
#1668 = CARTESIAN_POINT ( 'NONE',  ( -12.12925439437387709, -1.033981482531896701, -3.008534612133332509 ) ) ;
#1669 = CARTESIAN_POINT ( 'NONE',  ( 12.12713587968764450, 1.009679180566029455, -3.017061093354597379 ) ) ;
#1670 = CARTESIAN_POINT ( 'NONE',  ( -12.04031993478903217, -1.858646168328472070, 2.335598524623934136 ) ) ;
#1671 = CYLINDRICAL_SURFACE ( 'NONE', #2982, 2.984499999999999709 ) ;
#1672 = CARTESIAN_POINT ( 'NONE',  ( -12.15769874789500449, 2.455676848778534538, -1.696701466224123100 ) ) ;
#1673 = DIRECTION ( 'NONE',  ( 0.0000000000000000000, 0.0000000000000000000, 1.000000000000000000 ) ) ;
#1674 = CARTESIAN_POINT ( 'NONE',  ( -12.03976786575688784, 1.855402640352787680, 2.338179580348684006 ) ) ;
#1675 = CARTESIAN_POINT ( 'NONE',  ( 12.49678909792204173, 3.133491583620618304, -0.05503987697976425036 ) ) ;
#1676 = VECTOR ( 'NONE', #2907, 1000.000000000000000 ) ;
#1677 = CARTESIAN_POINT ( 'NONE',  ( -12.12699020818498852, 1.008840986469291989, 3.017689200209614508 ) ) ;
#1678 = CARTESIAN_POINT ( 'NONE',  ( -12.02373794815103736, -1.758216515659989820, -2.411652026328807263 ) ) ;
#1679 = CARTESIAN_POINT ( 'NONE',  ( -12.28884973636035483, 2.199181584149770607, -2.270359185553972647 ) ) ;
#1680 = CARTESIAN_POINT ( 'NONE',  ( 12.09286283472237677, 2.145839363196520466, 2.074844968486741159 ) ) ;
#1681 = CARTESIAN_POINT ( 'NONE',  ( 12.23775693116924579, 2.793126632426145672, 1.051802441109235264 ) ) ;
#1682 = ORIENTED_EDGE ( 'NONE', *, *, #2470, .T. ) ;
#1683 = FACE_OUTER_BOUND ( 'NONE', #4428, .T. ) ;
#1684 = CARTESIAN_POINT ( 'NONE',  ( 12.05978609507577914, -1.969546212496162463, -2.242483016733903156 ) ) ;
#1685 = CARTESIAN_POINT ( 'NONE',  ( -12.33573336056894298, -2.439769226946546965, 2.000027623170688607 ) ) ;
#1686 = CARTESIAN_POINT ( 'NONE',  ( 12.12301963804428695, -0.9616376206787372594, -3.033587031216560703 ) ) ;
#1687 = ORIENTED_EDGE ( 'NONE', *, *, #4194, .T. ) ;
#1688 = AXIS2_PLACEMENT_3D ( 'NONE', #188, #3491, #2731 ) ;
#1689 = CARTESIAN_POINT ( 'NONE',  ( -11.88296225868609746, 0.1971548229225142390, -2.978083208164393536 ) ) ;
#1690 = CARTESIAN_POINT ( 'NONE',  ( 12.42715711225787345, 2.853486066077743466, -1.321019178493003210 ) ) ;
#1691 = CARTESIAN_POINT ( 'NONE',  ( 12.24568993797932137, 2.824487632686853100, -0.9644237202344434490 ) ) ;
#1692 = CARTESIAN_POINT ( 'NONE',  ( -11.96762515330473420, -1.367656756425839948, 2.652800809293728967 ) ) ;
#1693 = CARTESIAN_POINT ( 'NONE',  ( -12.04740696156752300, 1.899497281798237180, -2.301998343525707647 ) ) ;
#1694 = CARTESIAN_POINT ( 'NONE',  ( 12.47860978880727245, 3.062664267731627366, -0.6759703608952838394 ) ) ;
#1695 = APPROVAL ( #3909, 'UNSPECIFIED' ) ;
#1696 = CARTESIAN_POINT ( 'NONE',  ( -12.05942743790040517, -1.967786041929018959, -2.244417249110048473 ) ) ;
#1697 = CARTESIAN_POINT ( 'NONE',  ( -12.36427948320463344, 2.575782776842961308, -1.815629516835580715 ) ) ;
#1698 = CARTESIAN_POINT ( 'NONE',  ( 12.26675133963645870, 2.906223441334460311, -0.6808189812120526430 ) ) ;
#1699 = DIRECTION ( 'NONE',  ( 0.0000000000000000000, 1.000000000000000000, 0.0000000000000000000 ) ) ;
#1700 = CARTESIAN_POINT ( 'NONE',  ( 11.90902256748222321, 0.7764956446221324970, 2.882134767858126612 ) ) ;
#1701 = CARTESIAN_POINT ( 'NONE',  ( 12.14058720076938869, -1.155431608635516527, -2.962473318114208887 ) ) ;
#1702 = CARTESIAN_POINT ( 'NONE',  ( -12.08530071956806395, -0.2054387512017634976, -3.180491128759501240 ) ) ;
#1703 = CARTESIAN_POINT ( 'NONE',  ( 12.45833546424964311, 2.981794312619913789, -0.9800567252742046209 ) ) ;
#1704 = CARTESIAN_POINT ( 'NONE',  ( -11.88822098350412837, -0.3924534397067056535, 2.958992104657273359 ) ) ;
#1705 = CARTESIAN_POINT ( 'NONE',  ( 1.514863597609293001E-15, 77.50000000000000000, -12.24279999999999902 ) ) ;
#1706 = CARTESIAN_POINT ( 'NONE',  ( -12.05171668611182234, 1.924162029607831448, -2.281461820105788796 ) ) ;
#1707 = CARTESIAN_POINT ( 'NONE',  ( -11.89204181785381209, -0.4862186387112598096, -2.945031310903426292 ) ) ;
#1708 = CARTESIAN_POINT ( 'NONE',  ( -12.25515470524151951, 2.009212423771950196, -2.445706616510002096 ) ) ;
#1709 = CARTESIAN_POINT ( 'NONE',  ( 12.03982975928833632, 1.855767844672191247, -2.337891125708777995 ) ) ;
#1710 = EDGE_CURVE ( 'NONE', #3579, #1740, #567, .T. ) ;
#1711 = DIRECTION ( 'NONE',  ( 8.659560562354518706E-17, 0.7071067811865813235, -0.7071067811865137109 ) ) ;
#1712 = CARTESIAN_POINT ( 'NONE',  ( -12.23890781276636197, -1.911399318337516195, 2.525894551522431808 ) ) ;
#1713 = CARTESIAN_POINT ( 'NONE',  ( -12.20880041979086705, -2.676066747304825189, -1.324897843605582937 ) ) ;
#1714 = CARTESIAN_POINT ( 'NONE',  ( -12.49509258372492049, -3.126944571196562439, 0.2082288439687532133 ) ) ;
#1715 = CARTESIAN_POINT ( 'NONE',  ( -2.856403312780321156E-15, 76.99200000000000443, 0.0000000000000000000 ) ) ;
#1716 = CARTESIAN_POINT ( 'NONE',  ( 12.34474832921328691, 2.483590156704452490, -1.943963342101062031 ) ) ;
#1717 = CARTESIAN_POINT ( 'NONE',  ( -11.93934665312454690, 1.121271357917451139, 2.765970531077517336 ) ) ;
#1718 = APPROVAL_ROLE ( '' ) ;
#1719 = CARTESIAN_POINT ( 'NONE',  ( 11.94654774088646576, -1.189385359629567374, 2.737665095776671276 ) ) ;
#1720 = CARTESIAN_POINT ( 'NONE',  ( 12.08429225683964248, -0.1291789961718418089, -3.184319819723200329 ) ) ;
#1721 = LOCAL_TIME ( 17, 22, 41.00000000000000000, #3326 ) ;
#1722 = CARTESIAN_POINT ( 'NONE',  ( 12.08361635648378929, -0.2075303001313663354, -3.186883429106531107 ) ) ;
#1723 = CARTESIAN_POINT ( 'NONE',  ( -12.43227101874830431, 2.874750235815008548, -1.269239230932694751 ) ) ;
#1724 = CARTESIAN_POINT ( 'NONE',  ( 12.14747543622127246, 2.409270856601458011, -1.761605908582141167 ) ) ;
#1725 = PERSON_AND_ORGANIZATION ( #2827, #1435 ) ;
#1726 = CARTESIAN_POINT ( 'NONE',  ( 12.08360682715019863, 2.541098841762901017E-17, -3.186919560774800431 ) ) ;
#1727 = DIRECTION ( 'NONE',  ( -0.0000000000000000000, -1.000000000000000000, -0.0000000000000000000 ) ) ;
#1728 = CARTESIAN_POINT ( 'NONE',  ( 12.08403488437478401, -0.1032945993076081342, -3.185296156385603261 ) ) ;
#1729 = FACE_OUTER_BOUND ( 'NONE', #4259, .T. ) ;
#1730 = CARTESIAN_POINT ( 'NONE',  ( 11.91974673988279854, 0.9135566709900295734, -2.841638956344382461 ) ) ;
#1731 = CARTESIAN_POINT ( 'NONE',  ( 12.25821191934359611, 2.027441946513293569, -2.430510618877515849 ) ) ;
#1732 = CARTESIAN_POINT ( 'NONE',  ( 12.14747543622127246, 2.409270856601458011, -1.761605908582141167 ) ) ;
#1733 = CARTESIAN_POINT ( 'NONE',  ( -12.20892120999242003, -2.676269541286190989, 1.321819094014409002 ) ) ;
#1734 = EDGE_LOOP ( 'NONE', ( #3068, #76, #3239, #1855 ) ) ;
#1735 = FACE_OUTER_BOUND ( 'NONE', #4605, .T. ) ;
#1736 = CARTESIAN_POINT ( 'NONE',  ( -11.91998059026713896, 0.9164188508990883664, -2.840753335960063630 ) ) ;
#1737 = CARTESIAN_POINT ( 'NONE',  ( 12.31897294572911505, -2.356660474443396769, -2.101054591983038566 ) ) ;
#1738 = CARTESIAN_POINT ( 'NONE',  ( 12.21645688196429980, -2.707227216516247648, 1.256487739225401024 ) ) ;
#1739 = ORIENTED_EDGE ( 'NONE', *, *, #260, .T. ) ;
#1740 = VERTEX_POINT ( 'NONE', #3922 ) ;
#1741 = EDGE_CURVE ( 'NONE', #1043, #1746, #2027, .T. ) ;
#1742 = CARTESIAN_POINT ( 'NONE',  ( -12.21915106850888577, 2.718291203079712837, -1.233088431553186037 ) ) ;
#1743 = CARTESIAN_POINT ( 'NONE',  ( -2.389812882305179705E-15, 76.99200000000000443, -3.810000000000000053 ) ) ;
#1744 = CARTESIAN_POINT ( 'NONE',  ( -12.48250735304855041, 3.077969737782823234, -0.5980721577022903857 ) ) ;
#1745 = CARTESIAN_POINT ( 'NONE',  ( 12.26957330254430723, 2.917001267301321032, -0.6330356018154725817 ) ) ;
#1746 = VERTEX_POINT ( 'NONE', #982 ) ;
#1747 = CARTESIAN_POINT ( 'NONE',  ( -12.47467977665389149, 3.050936035523111656, -0.8373741577844477924 ) ) ;
#1748 = CARTESIAN_POINT ( 'NONE',  ( 0.0000000000000000000, -72.67400000000000659, 0.0000000000000000000 ) ) ;
#1749 = CARTESIAN_POINT ( 'NONE',  ( -12.15031933817277299, -1.251078119094742425, 2.922357126999144850 ) ) ;
#1750 = AXIS2_PLACEMENT_3D ( 'NONE', #3170, #2104, #2087 ) ;
#1751 = CARTESIAN_POINT ( 'NONE',  ( 12.09950849819337648, -2.179529127578685443, -2.039421536084082831 ) ) ;
#1752 = CARTESIAN_POINT ( 'NONE',  ( 11.90719233806134802, 0.7494926636358619776, -2.888962525756312072 ) ) ;
#1753 = B_SPLINE_CURVE_WITH_KNOTS ( 'NONE', 1,
 ( #2355, #2371 ),
 .UNSPECIFIED., .F., .F.,
 ( 2, 2 ),
 ( 0.0000000000000000000, 1.000000000000000000 ),
 .UNSPECIFIED. ) ;
#1754 = CARTESIAN_POINT ( 'NONE',  ( -12.24963860504759339, -2.839977558227876120, -0.9178076951116198590 ) ) ;
#1755 = APPROVAL_STATUS ( 'not_yet_approved' ) ;
#1756 = CARTESIAN_POINT ( 'NONE',  ( 12.08498096843698910, -0.1810548506243955802, -3.181705056282716271 ) ) ;
#1757 = CARTESIAN_POINT ( 'NONE',  ( -11.96221733628048511, -1.324044410871309196, 2.674835235517436960 ) ) ;
#1758 = DIRECTION ( 'NONE',  ( -0.0000000000000000000, 1.000000000000000000, -0.0000000000000000000 ) ) ;
#1759 = CARTESIAN_POINT ( 'NONE',  ( 12.01421778466384893, 1.698242228285854472, -2.454346046276139948 ) ) ;
#1760 = CARTESIAN_POINT ( 'NONE',  ( 12.27713053606404081, 2.945748720151011746, -0.4892436270053186487 ) ) ;
#1761 = CARTESIAN_POINT ( 'NONE',  ( -12.08356773435345488, 0.2015491428162729803, 3.187067786099404110 ) ) ;
#1762 = ADVANCED_FACE ( 'NONE', ( #3731 ), #184, .F. ) ;
#1763 = CARTESIAN_POINT ( 'NONE',  ( 12.49517428234832828, -3.127260573051947823, -0.2081823614561492120 ) ) ;
#1764 = CARTESIAN_POINT ( 'NONE',  ( -12.15538905984874063, -1.297781228718016822, 2.901215923493399185 ) ) ;
#1765 = CARTESIAN_POINT ( 'NONE',  ( 12.13200305269115553, -2.337629047321931886, -1.856091263790861312 ) ) ;
#1766 = CARTESIAN_POINT ( 'NONE',  ( 12.15689896988381413, 2.452006982941480562, -1.701618500449163296 ) ) ;
#1767 = CARTESIAN_POINT ( 'NONE',  ( -12.28232264950279706, -2.965263274358892254, 0.3418512080532555286 ) ) ;
#1768 = CARTESIAN_POINT ( 'NONE',  ( 11.99283699810358428, -1.555113213746723400, 2.547440580054110448 ) ) ;
#1769 = CARTESIAN_POINT ( 'NONE',  ( 12.41694902318270799, -2.809958046577362367, -1.410651065902857049 ) ) ;
#1770 = CARTESIAN_POINT ( 'NONE',  ( 12.36401582569095581, 2.574450088542762138, -1.817028408127900674 ) ) ;
#1771 = CARTESIAN_POINT ( 'NONE',  ( -12.05329906057380995, -1.933453191580608133, 2.274059103072199495 ) ) ;
#1772 = CARTESIAN_POINT ( 'NONE',  ( -12.23021215840413234, -1.856399025557145199, -2.567486027117328096 ) ) ;
#1773 = CARTESIAN_POINT ( 'NONE',  ( 12.49680330478260615, -3.133540012630737337, -0.4178804415641046432 ) ) ;
#1774 = CARTESIAN_POINT ( 'NONE',  ( 12.26507876962063293, 2.071748655608265377, 2.400087091558592345 ) ) ;
#1775 = CARTESIAN_POINT ( 'NONE',  ( 12.28618380935680321, 2.979734867002164389, 0.1703847390752017410 ) ) ;
#1776 = AXIS2_PLACEMENT_3D ( 'NONE', #983, #1011, #952 ) ;
#1777 = DIRECTION ( 'NONE',  ( 0.0000000000000000000, 0.0000000000000000000, -1.000000000000000000 ) ) ;
#1778 = CARTESIAN_POINT ( 'NONE',  ( 12.20047849346298818, -1.658568928000721199, -2.705885699823914248 ) ) ;
#1779 = DIRECTION ( 'NONE',  ( 0.0000000000000000000, 1.000000000000000000, 0.0000000000000000000 ) ) ;
#1780 = CARTESIAN_POINT ( 'NONE',  ( 12.17531862125451525, -2.533638487136788076, -1.578074275652338265 ) ) ;
#1781 = CARTESIAN_POINT ( 'NONE',  ( 11.88118726637539879, -3.388131789017201356E-18, -2.984499999999999709 ) ) ;
#1782 = CARTESIAN_POINT ( 'NONE',  ( -12.25003733732672728, -2.841537114821653276, 0.9129652196498126981 ) ) ;
#1783 = CARTESIAN_POINT ( 'NONE',  ( -12.25192680619211139, -2.848915868539697804, 0.8896710097938145267 ) ) ;
#1784 = CARTESIAN_POINT ( 'NONE',  ( -11.90884840374326892, 0.7740519455831259554, -2.882786809597469802 ) ) ;
#1785 = CARTESIAN_POINT ( 'NONE',  ( 12.44639361608690997, -2.933420025699779110, -1.125422848780277985 ) ) ;
#1786 = CARTESIAN_POINT ( 'NONE',  ( -11.97861005478747032, 1.452740775639791870, 2.607520337973607383 ) ) ;
#1787 = FACE_BOUND ( 'NONE', #3675, .T. ) ;
#1788 = CARTESIAN_POINT ( 'NONE',  ( -11.96703932518119373, -1.362866282712380972, -2.655182194710650201 ) ) ;
#1789 = LINE ( 'NONE', #3292, #1676 ) ;
#1790 = CARTESIAN_POINT ( 'NONE',  ( -12.29894095355709283, 2.253268654082819733, -2.215277708746895780 ) ) ;
#1791 = CARTESIAN_POINT ( 'NONE',  ( 12.39605764426377910, -2.719305178119545641, -1.583634308329045171 ) ) ;
#1792 = EDGE_LOOP ( 'NONE', ( #4027, #365, #1394, #4323 ) ) ;
#1793 = CARTESIAN_POINT ( 'NONE',  ( -11.90257574497740123, 0.6809447479077584964, -2.906188226012048847 ) ) ;
#1794 = CARTESIAN_POINT ( 'NONE',  ( 12.11425315973120220, 2.252471588012156190, -1.958220261725861056 ) ) ;
#1795 = CARTESIAN_POINT ( 'NONE',  ( 12.07305006417053228, -2.041923456601730802, -2.176782566664463570 ) ) ;
#1796 = CARTESIAN_POINT ( 'NONE',  ( 11.91420403656158378, 0.8445382701755230759, -2.862621679521271112 ) ) ;
#1797 = CIRCLE ( 'NONE', #979, 2.753999999999992454 ) ;
#1798 = CARTESIAN_POINT ( 'NONE',  ( -12.17806428926510165, -2.545491168984680641, -1.558303011602294452 ) ) ;
#1799 = VERTEX_POINT ( 'NONE', #1374 ) ;
#1800 = CARTESIAN_POINT ( 'NONE',  ( 12.16976368292240984, -2.509347666825423318, 1.616500389776331259 ) ) ;
#1801 = CARTESIAN_POINT ( 'NONE',  ( 12.40013434765358191, -2.737311241544888585, 1.552044349980946425 ) ) ;
#1802 = CARTESIAN_POINT ( 'NONE',  ( -12.09286283472236434, -2.145839363196512473, 2.074844968486749153 ) ) ;
#1803 = EDGE_CURVE ( 'NONE', #3184, #358, #1387, .T. ) ;
#1804 = CARTESIAN_POINT ( 'NONE',  ( -12.22401078030736876, 2.738024591659800500, -1.188622559333885942 ) ) ;
#1805 = CARTESIAN_POINT ( 'NONE',  ( -12.49517428234832828, 3.127260573051955372, -0.2081823614561552627 ) ) ;
#1806 = CARTESIAN_POINT ( 'NONE',  ( 12.28744807942637962, 2.984459973887177764, -0.05154397835078468326 ) ) ;
#1807 = CARTESIAN_POINT ( 'NONE',  ( -11.98346413685433909, -1.488559316900254448, -2.587237846450042955 ) ) ;
#1808 = CARTESIAN_POINT ( 'NONE',  ( -12.13368690449042475, 1.083095296250725870, -2.990607901038252248 ) ) ;
#1809 = CARTESIAN_POINT ( 'NONE',  ( 12.22560936789710695, -1.827273744542958767, -2.589495694190760311 ) ) ;
#1810 = CARTESIAN_POINT ( 'NONE',  ( 12.16144699396412676, 2.472352335494875319, -1.671789583440422833 ) ) ;
#1811 = CARTESIAN_POINT ( 'NONE',  ( 12.04986144569184781, -1.913652517571301725, -2.290365745911573825 ) ) ;
#1812 = CARTESIAN_POINT ( 'NONE',  ( -12.27691940392496228, -2.944899930725083159, 0.4870207576222093659 ) ) ;
#1813 = CARTESIAN_POINT ( 'NONE',  ( -11.97826777798135289, -1.450173015395013199, -2.608944768728964192 ) ) ;
#1814 = CARTESIAN_POINT ( 'NONE',  ( -12.10910311457102395, -2.227182399664861645, -1.986859318524357931 ) ) ;
#1815 = CARTESIAN_POINT ( 'NONE',  ( 12.07828638138301258, -2.069792836692233795, 2.150261950157656976 ) ) ;
#1816 = CARTESIAN_POINT ( 'NONE',  ( 12.29866369362850875, -2.251808513050569616, 2.216819489384013853 ) ) ;
#1817 = CARTESIAN_POINT ( 'NONE',  ( 12.33821382612424955, 2.452019746713243187, -1.984978938167467399 ) ) ;
#1818 = CARTESIAN_POINT ( 'NONE',  ( -12.49149144026155156, 3.113004578787411436, 0.3651492756411141016 ) ) ;
#1819 = CARTESIAN_POINT ( 'NONE',  ( 12.08899904882800946, -0.4089728936364916412, 3.166689590218004557 ) ) ;
#1820 = CARTESIAN_POINT ( 'NONE',  ( -2.856403312780321156E-15, 76.99200000000000443, 0.0000000000000000000 ) ) ;
#1821 = CARTESIAN_POINT ( 'NONE',  ( 12.49682078440472743, 3.133612778746672323, 0.1020908329560985539 ) ) ;
#1822 = DIRECTION ( 'NONE',  ( 0.0000000000000000000, 1.000000000000000000, 0.0000000000000000000 ) ) ;
#1823 = CARTESIAN_POINT ( 'NONE',  ( -12.11537887242492495, 0.8635390944003474845, -3.063959902402252133 ) ) ;
#1824 = CARTESIAN_POINT ( 'NONE',  ( 12.39459767114639455, -2.712864005007067369, -1.595020223867493758 ) ) ;
#1825 = CARTESIAN_POINT ( 'NONE',  ( 12.28224668728988611, 2.965207999111389991, -0.3919137964252437101 ) ) ;
#1826 = CARTESIAN_POINT ( 'NONE',  ( 12.28066855686035197, -2.959039767382790398, -0.3897761740399774966 ) ) ;
#1827 = CARTESIAN_POINT ( 'NONE',  ( 11.93251999612898828, 1.056832730011171506, 2.792814394030885161 ) ) ;
#1828 = CARTESIAN_POINT ( 'NONE',  ( -12.09894056764096248, -2.176668169397939057, -2.042475157514931805 ) ) ;
#1829 = CARTESIAN_POINT ( 'NONE',  ( -12.28747990599482875, -2.984576569826133063, 0.09591710803125123863 ) ) ;
#1830 = CARTESIAN_POINT ( 'NONE',  ( 12.09414159357018015, -2.152170259017116560, 2.067846688467472660 ) ) ;
#1831 = ADVANCED_FACE ( 'NONE', ( #1330 ), #4595, .T. ) ;
#1832 = CARTESIAN_POINT ( 'NONE',  ( 12.49418807244891561, -3.123451755783531070, 0.2607679672418449779 ) ) ;
#1833 = CARTESIAN_POINT ( 'NONE',  ( 12.23773396479029074, -1.925010901888781323, 2.549128905391202959 ) ) ;
#1834 = CARTESIAN_POINT ( 'NONE',  ( 12.49675767302223761, 3.133372344736054416, -0.2117214315429988281 ) ) ;
#1835 = CARTESIAN_POINT ( 'NONE',  ( -12.04919464357660353, -1.909817494166390128, -2.293531979948417288 ) ) ;
#1836 = AXIS2_PLACEMENT_3D ( 'NONE', #2440, #3949, #1045 ) ;
#1837 = CARTESIAN_POINT ( 'NONE',  ( -12.23857112562624394, 1.909317514084596157, -2.527526265925504223 ) ) ;
#1838 = CARTESIAN_POINT ( 'NONE',  ( 12.20048561498834694, -1.657067962674341643, 2.705348210711468138 ) ) ;
#1839 = CARTESIAN_POINT ( 'NONE',  ( -12.21905020272466480, -2.717821364247341442, 1.233404783596851795 ) ) ;
#1840 = LOCAL_TIME ( 17, 22, 41.00000000000000000, #2076 ) ;
#1841 = CARTESIAN_POINT ( 'NONE',  ( 12.08989250182171382, 2.130438305450685466, -2.090308955061069618 ) ) ;
#1842 = CARTESIAN_POINT ( 'NONE',  ( 12.28713766984827060, -2.983301334378227754, 0.09769151848721165099 ) ) ;
#1843 = CARTESIAN_POINT ( 'NONE',  ( 11.94678223713265020, 1.191575745778532092, 2.736741445525784577 ) ) ;
#1844 = CARTESIAN_POINT ( 'NONE',  ( -12.11205147383844505, -2.241837678285946378, -1.970723949679141551 ) ) ;
#1845 = CARTESIAN_POINT ( 'NONE',  ( -12.13222772113134340, -2.338733301430159006, -1.854850487811537496 ) ) ;
#1846 = CIRCLE ( 'NONE', #363, 0.2540000000000007807 ) ;
#1847 = CARTESIAN_POINT ( 'NONE',  ( 12.17588601376788837, -2.536119628346858779, 1.574075151940657280 ) ) ;
#1848 = CARTESIAN_POINT ( 'NONE',  ( -12.09707295841367625, 0.5616485238269424141, 3.135419854242621263 ) ) ;
#1849 = CARTESIAN_POINT ( 'NONE',  ( 12.27493764593706160, -2.122747218322255325, 2.344404882850598781 ) ) ;
#1850 = EDGE_LOOP ( 'NONE', ( #1229, #4544, #3914 ) ) ;
#1851 = LINE ( 'NONE', #693, #4260 ) ;
#1852 = PLANE ( 'NONE',  #3889 ) ;
#1853 = DIRECTION ( 'NONE',  ( 0.0000000000000000000, -1.000000000000000000, 0.0000000000000000000 ) ) ;
#1854 = CARTESIAN_POINT ( 'NONE',  ( -12.00713915989452296, 1.652108937625354379, 2.485536496664292105 ) ) ;
#1855 = ORIENTED_EDGE ( 'NONE', *, *, #1121, .F. ) ;
#1856 = CARTESIAN_POINT ( 'NONE',  ( -12.12301963804427807, 0.9616376206787434766, -3.033587031216573138 ) ) ;
#1857 = CARTESIAN_POINT ( 'NONE',  ( 12.21908196681459735, -1.784594460727118470, 2.620097751539477215 ) ) ;
#1858 = ORIENTED_EDGE ( 'NONE', *, *, #2977, .T. ) ;
#1859 = CARTESIAN_POINT ( 'NONE',  ( -12.18728569637108983, -2.585573126670977384, 1.493819450300809315 ) ) ;
#1860 = CARTESIAN_POINT ( 'NONE',  ( 12.01010028597354129, 1.671501474752064009, 2.472519519572379032 ) ) ;
#1861 = CARTESIAN_POINT ( 'NONE',  ( 12.13831860126430584, -2.367760755133211159, 1.819438612771242969 ) ) ;
#1862 = ORIENTED_EDGE ( 'NONE', *, *, #3374, .F. ) ;
#1863 = CARTESIAN_POINT ( 'NONE',  ( -12.11857844421595232, -2.273586829701715661, -1.934013668089749727 ) ) ;
#1864 = CARTESIAN_POINT ( 'NONE',  ( -12.47860978880727423, -3.062664267731635359, -0.6759703608952861709 ) ) ;
#1865 = CARTESIAN_POINT ( 'NONE',  ( 12.07544006243143109, -2.054635949172998632, 2.164685986041328114 ) ) ;
#1866 = CARTESIAN_POINT ( 'NONE',  ( -12.12708212573395805, -1.013478993797528149, 3.017428490743404801 ) ) ;
#1867 = CARTESIAN_POINT ( 'NONE',  ( 12.49149144026155156, -3.113004578787395005, 0.3651492756411014451 ) ) ;
#1868 = CARTESIAN_POINT ( 'NONE',  ( -12.03355566731172566, 1.818508697458524948, -2.366988559579678242 ) ) ;
#1869 = AXIS2_PLACEMENT_3D ( 'NONE', #2005, #3546, #4284 ) ;
#1870 = CARTESIAN_POINT ( 'NONE',  ( -2.856403312780321156E-15, 76.73799999999999955, 0.0000000000000000000 ) ) ;
#1871 = CARTESIAN_POINT ( 'NONE',  ( -11.99283699810028736, 1.555113213714349740, 2.547440580073874639 ) ) ;
#1872 = CARTESIAN_POINT ( 'NONE',  ( -12.02898804833502133, -1.790546217076770752, -2.387840602518900734 ) ) ;
#1873 = CARTESIAN_POINT ( 'NONE',  ( -12.39018159116449347, 2.693291212984360250, -1.628968858167026301 ) ) ;
#1874 = CARTESIAN_POINT ( 'NONE',  ( 12.15525111988580420, -1.295769517567078477, 2.901708503214903256 ) ) ;
#1875 = CARTESIAN_POINT ( 'NONE',  ( 12.10071842445564627, 2.185448773314510262, 2.032645889884848067 ) ) ;
#1876 = CARTESIAN_POINT ( 'NONE',  ( 12.28223916592581944, -2.964947348983635322, 0.3419565484376155817 ) ) ;
#1877 = CARTESIAN_POINT ( 'NONE',  ( -11.92398713831124013, -0.9616579526231618935, -2.825430219182449854 ) ) ;
#1878 = CARTESIAN_POINT ( 'NONE',  ( 11.88655998673884895, 0.3438133752873953064, 2.965033756366271422 ) ) ;
#1879 = CARTESIAN_POINT ( 'NONE',  ( -12.16144699396397755, -2.472352335495265230, -1.671789583439841964 ) ) ;
#1880 = CARTESIAN_POINT ( 'NONE',  ( 12.22408205605174025, -2.738308716941462606, -1.187898308339301545 ) ) ;
#1881 = ADVANCED_FACE ( 'NONE', ( #1039 ), #2385, .T. ) ;
#1882 = CARTESIAN_POINT ( 'NONE',  ( -12.09488561906560555, -0.5140935254733058901, 3.143847006726542492 ) ) ;
#1883 = CARTESIAN_POINT ( 'NONE',  ( 12.10523950173377372, -0.7129900232606214416, 3.103765287960096320 ) ) ;
#1884 = CARTESIAN_POINT ( 'NONE',  ( -12.27086692898209819, 2.921922472575630092, -0.6084540561428742889 ) ) ;
#1885 = CARTESIAN_POINT ( 'NONE',  ( -12.14039632858322371, -1.154195838033309274, -2.963310173394807734 ) ) ;
#1886 = DIRECTION ( 'NONE',  ( -0.0000000000000000000, -1.000000000000000000, -0.0000000000000000000 ) ) ;
#1887 = CARTESIAN_POINT ( 'NONE',  ( 0.0000000000000000000, -77.50000000000000000, 15.62099999999999866 ) ) ;
#1888 = CARTESIAN_POINT ( 'NONE',  ( -12.10524730687272310, -0.7118254255192874025, -3.103712762336937381 ) ) ;
#1889 = CARTESIAN_POINT ( 'NONE',  ( -11.97039115609728022, 1.389316612501926951, 2.641438968550415378 ) ) ;
#1890 = CARTESIAN_POINT ( 'NONE',  ( -12.39165937868500045, 2.699855805532207054, -1.617689289873780023 ) ) ;
#1891 = CARTESIAN_POINT ( 'NONE',  ( 12.48985600890510739, -3.106654075109280821, 0.4173598834199700458 ) ) ;
#1892 = CARTESIAN_POINT ( 'NONE',  ( 12.23787943100076703, 2.793617794439389179, 1.050503432906280121 ) ) ;
#1893 = CARTESIAN_POINT ( 'NONE',  ( 12.27683739626849402, -2.944584430279356013, -0.4871047167115158949 ) ) ;
#1894 = CARTESIAN_POINT ( 'NONE',  ( -12.04824228295771071, -1.904294555328494454, 2.298027979993064296 ) ) ;
#1895 = CARTESIAN_POINT ( 'NONE',  ( 12.15182827314612624, -2.429240928856571280, -1.734469549768787644 ) ) ;
#1896 = EDGE_CURVE ( 'NONE', #4538, #3184, #4368, .T. ) ;
#1897 = CARTESIAN_POINT ( 'NONE',  ( -12.16331957401583530, -1.367152102738326880, 2.867716655492549727 ) ) ;
#1898 = CARTESIAN_POINT ( 'NONE',  ( 12.16601740481030269, 1.390161722424229307, 2.856252214414538582 ) ) ;
#1899 = CARTESIAN_POINT ( 'NONE',  ( -12.26521166027004917, 2.900305072300712439, -0.7043224796072129479 ) ) ;
#1900 = FACE_OUTER_BOUND ( 'NONE', #3907, .T. ) ;
#1901 = CARTESIAN_POINT ( 'NONE',  ( -12.16542292851161555, -1.387803786003075412, -2.859197852105380910 ) ) ;
#1902 = CARTESIAN_POINT ( 'NONE',  ( 0.0000000000000000000, -73.05500000000000682, 0.0000000000000000000 ) ) ;
#1903 = CARTESIAN_POINT ( 'NONE',  ( -12.09713658217443211, 0.5646273833679961163, -3.135188687915173134 ) ) ;
#1904 = CARTESIAN_POINT ( 'NONE',  ( -11.88253838861829159, 0.1724437230312442226, -2.979616698630182192 ) ) ;
#1905 = CARTESIAN_POINT ( 'NONE',  ( -12.00529280370847118, 1.639900560022760523, 2.493617584409463017 ) ) ;
#1906 = CARTESIAN_POINT ( 'NONE',  ( -11.89458993748217353, -0.5381979045019427144, 2.935675585865885839 ) ) ;
#1907 = LINE ( 'NONE', #360, #4475 ) ;
#1908 = CARTESIAN_POINT ( 'NONE',  ( -12.39436118895222627, 2.711933918203962790, 1.597450251450354797 ) ) ;
#1909 = ADVANCED_FACE ( 'NONE', ( #2941 ), #1914, .T. ) ;
#1910 = CARTESIAN_POINT ( 'NONE',  ( 12.46595531802839041, -3.012449793291063660, 0.8788956726138608122 ) ) ;
#1911 = CARTESIAN_POINT ( 'NONE',  ( -11.94682728303725128, 1.191355290891096042, -2.736514788907570939 ) ) ;
#1912 = CARTESIAN_POINT ( 'NONE',  ( 12.15812272828015850, 2.457580004095614168, 1.693945926845577432 ) ) ;
#1913 = CARTESIAN_POINT ( 'NONE',  ( 12.06931299078476805, -2.021787497652375531, 2.195498267037069517 ) ) ;
#1914 = TOROIDAL_SURFACE ( 'NONE', #3706, 12.24279999999999902, 0.2540000000000000036 ) ;
#1915 = CARTESIAN_POINT ( 'NONE',  ( -12.17896866923417498, -2.549422958812473272, 1.551860408405329350 ) ) ;
#1916 = CARTESIAN_POINT ( 'NONE',  ( -12.32504243395842458, -2.387120369458967328, -2.065185454729794756 ) ) ;
#1917 = ORIENTED_EDGE ( 'NONE', *, *, #3139, .T. ) ;
#1918 = CARTESIAN_POINT ( 'NONE',  ( 12.13243364050335771, -2.339481246656812896, -1.853169748737711675 ) ) ;
#1919 = CIRCLE ( 'NONE', #2276, 4.064000000000000057 ) ;
#1920 = CARTESIAN_POINT ( 'NONE',  ( -12.20705015064356758, -1.703133925199224796, 2.675596222006105585 ) ) ;
#1921 = CARTESIAN_POINT ( 'NONE',  ( 12.13581411164117263, 1.109606593406589070, 2.982233145234080229 ) ) ;
#1922 = VERTEX_POINT ( 'NONE', #4060 ) ;
#1923 = CARTESIAN_POINT ( 'NONE',  ( -12.27677105749926412, 2.944333532627680494, 0.4886182339614030257 ) ) ;
#1924 = CARTESIAN_POINT ( 'NONE',  ( -12.46939408444509745, 3.026167582442183424, 0.8287280211889505033 ) ) ;
#1925 = CARTESIAN_POINT ( 'NONE',  ( -2.234282738813462470E-15, 77.50000000000000000, -5.080000000000028493 ) ) ;
#1926 = CARTESIAN_POINT ( 'NONE',  ( -12.11537887242492495, 0.8635390944003474845, -3.063959902402252133 ) ) ;
#1927 = CARTESIAN_POINT ( 'NONE',  ( -12.09696098791034835, -0.5609909124924373769, -3.135866038713447157 ) ) ;
#1928 = CARTESIAN_POINT ( 'NONE',  ( -12.02935939062720649, 1.792807339031835090, 2.386141523401872799 ) ) ;
#1929 = CARTESIAN_POINT ( 'NONE',  ( -12.47992545473400483, 3.067831217680086819, -0.6497216060828981954 ) ) ;
#1930 = CARTESIAN_POINT ( 'NONE',  ( 12.33573336056894654, 2.439769226946530534, 2.000027623170667734 ) ) ;
#1931 = VERTEX_POINT ( 'NONE', #1122 ) ;
#1932 = CARTESIAN_POINT ( 'NONE',  ( 12.06682883467460421, 2.008212395363914826, 2.207787560852926489 ) ) ;
#1933 = CARTESIAN_POINT ( 'NONE',  ( 11.93251999612898828, 1.056832730011171506, 2.792814394030885161 ) ) ;
#1934 = CARTESIAN_POINT ( 'NONE',  ( -12.06992144698819303, -2.025010105965701968, 2.192419719228723363 ) ) ;
#1935 = CARTESIAN_POINT ( 'NONE',  ( 12.09017092979728858, -2.131774596775243502, -2.088738586380054052 ) ) ;
#1936 = CARTESIAN_POINT ( 'NONE',  ( -12.42715711225787523, -2.853486066077762562, -1.321019178492973234 ) ) ;
#1937 = CARTESIAN_POINT ( 'NONE',  ( 12.24488916117779880, -1.948053788170075240, 2.496763357754215651 ) ) ;
#1938 = CARTESIAN_POINT ( 'NONE',  ( -11.93956545553566961, 1.123384146894931046, -2.765113797504356263 ) ) ;
#1939 = AXIS2_PLACEMENT_3D ( 'NONE', #706, #3283, #3312 ) ;
#1940 = CARTESIAN_POINT ( 'NONE',  ( -2.234282738813462470E-15, -77.50000000000000000, 5.080000000000028493 ) ) ;
#1941 = CARTESIAN_POINT ( 'NONE',  ( -12.08360682732657843, 0.02577539085096774985, -3.186919554767641660 ) ) ;
#1942 = CARTESIAN_POINT ( 'NONE',  ( -12.10230184569623546, -0.6616357662931043881, -3.115178214835598869 ) ) ;
#1943 = CARTESIAN_POINT ( 'NONE',  ( -12.25709069900309700, 2.868995414901781782, -0.8226272664573035520 ) ) ;
#1944 = CARTESIAN_POINT ( 'NONE',  ( -11.88651179878214315, 0.3397040872517846921, 2.965206503584745690 ) ) ;
#1945 = CARTESIAN_POINT ( 'NONE',  ( -12.48244217282947055, 3.077714148882310763, 0.5994251194281199346 ) ) ;
#1946 = CARTESIAN_POINT ( 'NONE',  ( 12.18882597843587057, 1.571487227133310682, 2.757300987265631331 ) ) ;
#1947 = CARTESIAN_POINT ( 'NONE',  ( 0.0000000000000000000, 77.24599999999999511, -12.49680000000000035 ) ) ;
#1948 = CARTESIAN_POINT ( 'NONE',  ( 11.95549630149445264, -1.267644525561427038, 2.701938065047962301 ) ) ;
#1949 = CARTESIAN_POINT ( 'NONE',  ( -12.25731110796781032, -2.869872852008053865, 0.8205812926937102736 ) ) ;
#1950 = CARTESIAN_POINT ( 'NONE',  ( -12.37339551419939454, -2.617651159114013470, -1.752020278564643929 ) ) ;
#1951 = CARTESIAN_POINT ( 'NONE',  ( -12.44172968256414258, -2.913995344838769430, 1.172168879746704917 ) ) ;
#1952 = CARTESIAN_POINT ( 'NONE',  ( 12.20087798457017314, 1.659867217786514804, 2.703580891718932122 ) ) ;
#1953 = CARTESIAN_POINT ( 'NONE',  ( -12.21134680214921886, 2.686232057440836929, 1.300768223748644870 ) ) ;
#1954 = CARTESIAN_POINT ( 'NONE',  ( -12.28223916592580700, 2.964947348983633546, 0.3419565484376227427 ) ) ;
#1955 = CARTESIAN_POINT ( 'NONE',  ( -12.49025635430664316, -3.108222228934453657, 0.4177409093271142737 ) ) ;
#1956 = CARTESIAN_POINT ( 'NONE',  ( -12.08360682715019685, 3.388131789017201356E-18, -3.186919560774812421 ) ) ;
#1957 = CARTESIAN_POINT ( 'NONE',  ( -12.11961325082114271, 2.278397111063015235, 1.927765381341205009 ) ) ;
#1958 = CARTESIAN_POINT ( 'NONE',  ( -12.19267149273603046, 2.608149958240396415, -1.450998553056413343 ) ) ;
#1959 = CARTESIAN_POINT ( 'NONE',  ( -12.14762549994508767, 1.224857289372747182, 2.933481166315130562 ) ) ;
#1960 = CARTESIAN_POINT ( 'NONE',  ( 12.25865088670265024, 2.030001861694020082, 2.428293998304164703 ) ) ;
#1961 = DIRECTION ( 'NONE',  ( 0.0000000000000000000, 0.0000000000000000000, -1.000000000000000000 ) ) ;
#1962 = CARTESIAN_POINT ( 'NONE',  ( 12.07263937918336261, -2.039720747846041959, 2.178848605238349556 ) ) ;
#1963 = CARTESIAN_POINT ( 'NONE',  ( -12.19306522689907446, -2.609876264036841143, 1.448403159304576526 ) ) ;
#1964 = CALENDAR_DATE ( 2019, 12, 12 ) ;
#1965 = EDGE_CURVE ( 'NONE', #3852, #579, #119, .T. ) ;
#1966 = CARTESIAN_POINT ( 'NONE',  ( -12.49672742671666903, -3.133253841337900081, 0.05006948448215995523 ) ) ;
#1967 = CARTESIAN_POINT ( 'NONE',  ( 12.48608104557699505, 3.091956075226919065, 0.5200522630154478243 ) ) ;
#1968 = CARTESIAN_POINT ( 'NONE',  ( -12.05280447448405923, 1.930387411253758900, 2.276277255079318440 ) ) ;
#1969 = CARTESIAN_POINT ( 'NONE',  ( -12.27781485744803547, 2.948278424259207942, 0.4642267802167969748 ) ) ;
#1970 = DIRECTION ( 'NONE',  ( 0.0000000000000000000, 0.0000000000000000000, -1.000000000000000000 ) ) ;
#1971 = CARTESIAN_POINT ( 'NONE',  ( -12.19527945049555129, 2.619187226174676475, 1.430994196867159562 ) ) ;
#1972 = CARTESIAN_POINT ( 'NONE',  ( -11.89227712065501485, -0.4896427862227858419, 2.944163231184334428 ) ) ;
#1973 = CARTESIAN_POINT ( 'NONE',  ( 12.21915106850889465, -2.718291203079716833, -1.233088431553177378 ) ) ;
#1974 = EDGE_LOOP ( 'NONE', ( #298, #2836, #1626, #3972 ) ) ;
#1975 = CARTESIAN_POINT ( 'NONE',  ( -12.12699020818498852, 1.008840986469291989, 3.017689200209614508 ) ) ;
#1976 = CARTESIAN_POINT ( 'NONE',  ( 12.10713554287697491, 0.7422181491650045038, 3.096340246034975152 ) ) ;
#1977 = ORIENTED_EDGE ( 'NONE', *, *, #1432, .T. ) ;
#1978 = CARTESIAN_POINT ( 'NONE',  ( 11.89582918234058262, 0.5624931474442376178, 2.931117982712795111 ) ) ;
#1979 = ORIENTED_EDGE ( 'NONE', *, *, #260, .F. ) ;
#1980 = ORIENTED_EDGE ( 'NONE', *, *, #4285, .T. ) ;
#1981 = CARTESIAN_POINT ( 'NONE',  ( -11.97463897040819703, -1.422136386363451299, 2.623914967512464447 ) ) ;
#1982 = ORIENTED_EDGE ( 'NONE', *, *, #2697, .F. ) ;
#1983 = CARTESIAN_POINT ( 'NONE',  ( -12.46932249598012632, -3.025865504300105258, -0.8286438140314237311 ) ) ;
#1984 = CARTESIAN_POINT ( 'NONE',  ( 12.32912477609636603, 2.407257640159360612, 2.040370136725645267 ) ) ;
#1985 = CARTESIAN_POINT ( 'NONE',  ( 12.02064278740260761, -1.739309217119257234, 2.425776648604206720 ) ) ;
#1986 = CARTESIAN_POINT ( 'NONE',  ( -12.03333021385405566, 1.817151738583571818, 2.368026275021389626 ) ) ;
#1987 = CARTESIAN_POINT ( 'NONE',  ( -12.28682947021954774, -2.982148958526723348, 0.1209951691151560094 ) ) ;
#1988 = CARTESIAN_POINT ( 'NONE',  ( 11.88118726637539879, -0.09826818530373725158, -2.984499999999998376 ) ) ;
#1989 = DIRECTION ( 'NONE',  ( 0.0000000000000000000, 0.0000000000000000000, 1.000000000000000000 ) ) ;
#1990 = CARTESIAN_POINT ( 'NONE',  ( -12.20923564205808809, 2.677576928068134965, 1.319174092772596563 ) ) ;
#1991 = CARTESIAN_POINT ( 'NONE',  ( -12.25814787435911946, 2.026782988954759723, 2.430662593385513048 ) ) ;
#1992 = CARTESIAN_POINT ( 'NONE',  ( 12.08363162003343305, 0.1053065248505140189, 3.186825590602791358 ) ) ;
#1993 = CARTESIAN_POINT ( 'NONE',  ( 12.11438431102776647, 2.253029793984777207, 1.957357271724446068 ) ) ;
#1994 = EDGE_CURVE ( 'NONE', #2722, #4214, #465, .T. ) ;
#1995 = DIRECTION ( 'NONE',  ( 0.0000000000000000000, 0.0000000000000000000, 1.000000000000000000 ) ) ;
#1996 = CARTESIAN_POINT ( 'NONE',  ( -12.44134711184174513, -2.912464378790832420, -1.176953706302209968 ) ) ;
#1997 = CARTESIAN_POINT ( 'NONE',  ( 12.32077684540311857, 2.365536800248173144, 2.090112305807816817 ) ) ;
#1998 = CARTESIAN_POINT ( 'NONE',  ( -12.28586031457218297, 2.978525315649609428, -0.1949595042853428384 ) ) ;
#1999 = AXIS2_PLACEMENT_3D ( 'NONE', #619, #1758, #2851 ) ;
#2000 = CARTESIAN_POINT ( 'NONE',  ( -12.34544707997636692, -2.502887505904738852, -1.961825982139104863 ) ) ;
#2001 = CARTESIAN_POINT ( 'NONE',  ( -12.20047849346298285, 1.658568928000712761, -2.705885699823904922 ) ) ;
#2002 = CARTESIAN_POINT ( 'NONE',  ( -12.26959595620178156, 2.917088927409558163, 0.6326962555046451442 ) ) ;
#2003 = CARTESIAN_POINT ( 'NONE',  ( 12.28226544355418604, -2.965046073720460029, -0.3410917670000248036 ) ) ;
#2004 = CARTESIAN_POINT ( 'NONE',  ( 12.44172968256414613, 2.913995344838747670, 1.172168879746700920 ) ) ;
#2005 = CARTESIAN_POINT ( 'NONE',  ( -2.856403312780321156E-15, 76.99200000000000443, 0.0000000000000000000 ) ) ;
#2006 = CARTESIAN_POINT ( 'NONE',  ( -11.88812454118070150, -0.3897502569569987196, -2.959343295591467804 ) ) ;
#2007 = CARTESIAN_POINT ( 'NONE',  ( 12.28072431804490527, 2.959256417815229412, 0.3904180220036536086 ) ) ;
#2008 = CARTESIAN_POINT ( 'NONE',  ( 12.10524730687272488, 0.7118254255192946189, -3.103712762336928943 ) ) ;
#2009 = CARTESIAN_POINT ( 'NONE',  ( -2.856403312780321156E-15, 76.99200000000000443, 0.0000000000000000000 ) ) ;
#2010 = CARTESIAN_POINT ( 'NONE',  ( -12.27826284047954530, -2.141498754204597343, -2.327127972688582513 ) ) ;
#2011 = CARTESIAN_POINT ( 'NONE',  ( 12.48995078394619007, 3.107029466011486107, 0.4168975812372163192 ) ) ;
#2012 = CARTESIAN_POINT ( 'NONE',  ( -12.00212567888919857, 1.619191147265549580, 2.507549976949794868 ) ) ;
#2013 = CARTESIAN_POINT ( 'NONE',  ( 11.94439668415913047, -1.169054489503451588, -2.746122234253995931 ) ) ;
#2014 = CARTESIAN_POINT ( 'NONE',  ( 3.061616997868379197E-16, 67.34000000000000341, -2.499999999999996891 ) ) ;
#2015 = CARTESIAN_POINT ( 'NONE',  ( -12.04944684487390383, 1.911195203153807975, -2.292292254298895049 ) ) ;
#2016 = PERSON_AND_ORGANIZATION ( #2827, #1435 ) ;
#2017 = CARTESIAN_POINT ( 'NONE',  ( 12.26954280721514401, -2.916885165576274641, 0.6335873421370937786 ) ) ;
#2018 = CARTESIAN_POINT ( 'NONE',  ( -12.11243017505244524, 2.243694230912061993, 1.968614481987634335 ) ) ;
#2019 = CARTESIAN_POINT ( 'NONE',  ( 12.49644742291901167, 3.132174926400714376, -0.1074080542190933296 ) ) ;
#2020 = CARTESIAN_POINT ( 'NONE',  ( -12.15012180635156547, 1.248561198312126530, 2.923126845874139956 ) ) ;
#2021 = CARTESIAN_POINT ( 'NONE',  ( -11.93249929624309758, -1.053831924203196602, -2.792681299439254250 ) ) ;
#2022 = CARTESIAN_POINT ( 'NONE',  ( 12.00256271860487267, 1.622131381011504558, 2.505653742523625382 ) ) ;
#2023 = FACE_OUTER_BOUND ( 'NONE', #2546, .T. ) ;
#2024 = CARTESIAN_POINT ( 'NONE',  ( 12.20943025167265361, 1.719165439904847048, -2.664590633954656340 ) ) ;
#2025 = CARTESIAN_POINT ( 'NONE',  ( -12.31909718478294202, -2.357064849526551598, 2.099989055132946092 ) ) ;
#2026 = CARTESIAN_POINT ( 'NONE',  ( -12.01010028597462309, -1.671501474760421990, 2.472519519566737767 ) ) ;
#2027 = CIRCLE ( 'NONE', #1093, 2.753999999999992454 ) ;
#2028 = AXIS2_PLACEMENT_3D ( 'NONE', #3156, #2071, #3511 ) ;
#2029 = CARTESIAN_POINT ( 'NONE',  ( -12.24495210918813726, -1.948437229285472361, -2.496455339079629798 ) ) ;
#2030 = CARTESIAN_POINT ( 'NONE',  ( 12.32579759727077118, 2.390732233987617583, 2.060370784972028968 ) ) ;
#2031 = CARTESIAN_POINT ( 'NONE',  ( -11.89846357929420684, -0.6109507335706199083, 2.921402026489118953 ) ) ;
#2032 = ORIENTED_EDGE ( 'NONE', *, *, #1558, .T. ) ;
#2033 = CONICAL_SURFACE ( 'NONE', #2608, 4.572000000000034703, 0.7853981633974473908 ) ;
#2034 = CARTESIAN_POINT ( 'NONE',  ( 11.94658686973893502, -1.189150234163276920, -2.737468505987686651 ) ) ;
#2035 = CARTESIAN_POINT ( 'NONE',  ( -12.01392913974849286, 1.696288687948251717, -2.455599378032866653 ) ) ;
#2036 = CARTESIAN_POINT ( 'NONE',  ( -12.06268273798666257, 1.985568210982696202, 2.228307924973370824 ) ) ;
#2037 = CARTESIAN_POINT ( 'NONE',  ( 12.45874098972300992, 2.983431747031316750, 0.9748858156505416650 ) ) ;
#2038 = EDGE_LOOP ( 'NONE', ( #4545, #838, #2777, #128 ) ) ;
#2039 = CARTESIAN_POINT ( 'NONE',  ( -12.26957330254429834, -2.917001267301321477, -0.6330356018154715825 ) ) ;
#2040 = DIRECTION ( 'NONE',  ( 0.0000000000000000000, -0.7071067811865482389, -0.7071067811865469066 ) ) ;
#2041 = CARTESIAN_POINT ( 'NONE',  ( -12.37666769735210259, 2.632673652061090053, -1.729165762006602547 ) ) ;
#2042 = CARTESIAN_POINT ( 'NONE',  ( 12.22394144373625835, 2.737701142144442379, 1.188626426411350856 ) ) ;
#2043 = CARTESIAN_POINT ( 'NONE',  ( 12.09950849819337648, -2.179529127578685443, -2.039421536084082831 ) ) ;
#2044 = CARTESIAN_POINT ( 'NONE',  ( -12.30563517024879339, -2.288306084222732739, 2.177819565907921362 ) ) ;
#2045 = CARTESIAN_POINT ( 'NONE',  ( -11.88253838861829159, 0.1724437230312442226, -2.979616698630182192 ) ) ;
#2046 = CARTESIAN_POINT ( 'NONE',  ( 12.38254511778225364, 2.659147237779912132, -1.686143578780880725 ) ) ;
#2047 = CARTESIAN_POINT ( 'NONE',  ( -12.07300369679909835, -2.041907080351996306, 2.177201572394132256 ) ) ;
#2048 = APPROVAL_ROLE ( '' ) ;
#2049 = CARTESIAN_POINT ( 'NONE',  ( -11.92381105003009267, 0.9604799473004025367, -2.826149959857835903 ) ) ;
#2050 = CARTESIAN_POINT ( 'NONE',  ( 12.38313420895399908, 2.662337396225976871, 1.683912241506739349 ) ) ;
#2051 = CARTESIAN_POINT ( 'NONE',  ( -11.99282109517124795, -1.555020762695306979, -2.547497245923939779 ) ) ;
#2052 = CARTESIAN_POINT ( 'NONE',  ( 12.23991520324910276, 2.801690664709906020, 1.028771768236713680 ) ) ;
#2053 = CARTESIAN_POINT ( 'NONE',  ( 12.12259240065464283, 2.292766354134714302, 1.910774513422991427 ) ) ;
#2054 = DIRECTION ( 'NONE',  ( -1.000000000000000000, 0.0000000000000000000, 0.0000000000000000000 ) ) ;
#2055 = EDGE_CURVE ( 'NONE', #4214, #2722, #2772, .T. ) ;
#2056 = CARTESIAN_POINT ( 'NONE',  ( 12.08369213283577537, -0.05158923598386129517, -3.186596167060459006 ) ) ;
#2057 = CARTESIAN_POINT ( 'NONE',  ( -12.49353546676708682, -3.120924127878691667, 0.2868136420419856725 ) ) ;
#2058 = CARTESIAN_POINT ( 'NONE',  ( -11.88456360368892106, 0.2709033651664047304, -2.972281369106863913 ) ) ;
#2059 = CARTESIAN_POINT ( 'NONE',  ( 12.33821382612424955, 2.452019746713243187, -1.984978938167467399 ) ) ;
#2060 = CARTESIAN_POINT ( 'NONE',  ( -11.93701433336821083, 1.098517991242597747, 2.775085237020820550 ) ) ;
#2061 =( NAMED_UNIT ( * ) SI_UNIT ( $, .STERADIAN. ) SOLID_ANGLE_UNIT ( ) );
#2062 = CARTESIAN_POINT ( 'NONE',  ( -12.17869693191297564, 2.548246137293281866, -1.553795906660292436 ) ) ;
#2063 = CARTESIAN_POINT ( 'NONE',  ( 12.47573974817118625, 3.051348241632263036, -0.7269945815284144519 ) ) ;
#2064 = CARTESIAN_POINT ( 'NONE',  ( -12.00184486143094453, -1.616939733924502853, -2.508653079487045190 ) ) ;
#2065 = CARTESIAN_POINT ( 'NONE',  ( 12.15063174410132696, 2.423663308555069840, -1.741751971721662962 ) ) ;
#2066 = CARTESIAN_POINT ( 'NONE',  ( 12.13871965718972845, 2.368902197269273646, 1.815526309834823770 ) ) ;
#2067 = CARTESIAN_POINT ( 'NONE',  ( 12.28424895174863529, 2.972490237369775024, 0.2685964607359475620 ) ) ;
#2068 = CARTESIAN_POINT ( 'NONE',  ( -2.358706853606836731E-15, 76.73799999999999955, -4.064000000000000057 ) ) ;
#2069 = CARTESIAN_POINT ( 'NONE',  ( 11.90257574497742077, -0.6809447479077594956, -2.906188226012048847 ) ) ;
#2070 = CARTESIAN_POINT ( 'NONE',  ( -12.21898253985358629, -2.717771764497004305, -1.237113665101547744 ) ) ;
#2071 = DIRECTION ( 'NONE',  ( 0.0000000000000000000, -1.000000000000000000, 0.0000000000000000000 ) ) ;
#2072 = CARTESIAN_POINT ( 'NONE',  ( 12.01939993906032633, 1.731481599661206960, -2.431379179424247639 ) ) ;
#2073 = CARTESIAN_POINT ( 'NONE',  ( 12.09464630741507030, 0.5104983901716617645, -3.144773962744974671 ) ) ;
#2074 = CARTESIAN_POINT ( 'NONE',  ( 12.16612153374765626, 2.493153372682209490, -1.640739410474785887 ) ) ;
#2075 = CARTESIAN_POINT ( 'NONE',  ( -11.89582918234056486, -0.5624931474442355084, 2.931117982712796000 ) ) ;
#2076 = COORDINATED_UNIVERSAL_TIME_OFFSET ( 0, 0, .AHEAD. ) ;
#2077 = PERSON_AND_ORGANIZATION_ROLE ( 'design_owner' ) ;
#2078 = CARTESIAN_POINT ( 'NONE',  ( -12.08821723224767730, 2.121698853059621026, -2.098972555946665874 ) ) ;
#2079 = LINE ( 'NONE', #3901, #4082 ) ;
#2080 = CARTESIAN_POINT ( 'NONE',  ( -12.22560936789709807, 1.827273744542951439, -2.589495694190774966 ) ) ;
#2081 = PRODUCT_DEFINITION_SHAPE ( 'NONE', 'NONE',  #3115 ) ;
#2082 = CARTESIAN_POINT ( 'NONE',  ( 12.23293483446053109, 2.773945016897184868, -1.102198618280822995 ) ) ;
#2083 = ORIENTED_EDGE ( 'NONE', *, *, #1314, .F. ) ;
#2084 = CONICAL_SURFACE ( 'NONE', #893, 2.499999999999996891, 1.029744258676653645 ) ;
#2085 = CARTESIAN_POINT ( 'NONE',  ( -12.08361635648364540, 0.2075303000892379235, -3.186883429107064458 ) ) ;
#2086 = CARTESIAN_POINT ( 'NONE',  ( 12.05316074030267792, -1.932405385674384357, -2.274566321665480118 ) ) ;
#2087 = DIRECTION ( 'NONE',  ( 0.0000000000000000000, 0.0000000000000000000, -1.000000000000000000 ) ) ;
#2088 = EDGE_LOOP ( 'NONE', ( #242, #4548, #3982, #1335 ) ) ;
#2089 = AXIS2_PLACEMENT_3D ( 'NONE', #2621, #1563, #2636 ) ;
#2090 = CARTESIAN_POINT ( 'NONE',  ( 12.01346799034232760, 1.693681884260160864, -2.457753359171975127 ) ) ;
#2091 = CARTESIAN_POINT ( 'NONE',  ( 12.22858614217152429, 1.846014589643691250, -2.575218970175729538 ) ) ;
#2093 = VERTEX_POINT ( 'NONE', #1887 ) ;
#2092 = CARTESIAN_POINT ( 'NONE',  ( 11.90245755938282457, -0.6790795920196930346, 2.906627332528230578 ) ) ;
#2094 = CARTESIAN_POINT ( 'NONE',  ( -11.91981936984613100, 0.9144785261383229225, 2.841364921379985642 ) ) ;
#2095 = PERSON_AND_ORGANIZATION_ROLE ( 'creator' ) ;
#2096 = ORIENTED_EDGE ( 'NONE', *, *, #3494, .F. ) ;
#2097 = CARTESIAN_POINT ( 'NONE',  ( 11.97039115609318394, -1.389316612467408341, 2.641438968568664780 ) ) ;
#2098 = CARTESIAN_POINT ( 'NONE',  ( 12.18847873086589928, -1.571262003112479766, -2.759263198878390000 ) ) ;
#2099 = DIRECTION ( 'NONE',  ( -0.0000000000000000000, 1.000000000000000000, -0.0000000000000000000 ) ) ;
#2100 = CARTESIAN_POINT ( 'NONE',  ( 12.45589287203113926, -2.972889035981972849, 1.028840606597927865 ) ) ;
#2101 = CARTESIAN_POINT ( 'NONE',  ( 12.05942743790041938, 1.967786041929019625, -2.244417249110046697 ) ) ;
#2102 = CARTESIAN_POINT ( 'NONE',  ( 12.18728569637110049, 2.585573126670976052, 1.493819450300809981 ) ) ;
#2103 = ADVANCED_FACE ( 'NONE', ( #2652 ), #2317, .F. ) ;
#2104 = DIRECTION ( 'NONE',  ( 0.0000000000000000000, -1.000000000000000000, 0.0000000000000000000 ) ) ;
#2105 = CARTESIAN_POINT ( 'NONE',  ( 11.93694204486167543, 1.097805823642463707, -2.775369871142908007 ) ) ;
#2106 = CARTESIAN_POINT ( 'NONE',  ( 12.40014454708210856, 2.737353805399052931, -1.551949753468912618 ) ) ;
#2107 = CARTESIAN_POINT ( 'NONE',  ( -12.28096138819929095, -2.960155457301372639, -0.3927429820580854436 ) ) ;
#2108 = DIRECTION ( 'NONE',  ( 0.0000000000000000000, 1.000000000000000000, 0.0000000000000000000 ) ) ;
#2109 = CARTESIAN_POINT ( 'NONE',  ( -11.88118726637537925, 0.09826818530403978735, -2.984499999999998820 ) ) ;
#2110 = CARTESIAN_POINT ( 'NONE',  ( 12.32559169231271312, -2.389857943201176838, -2.061901942069908955 ) ) ;
#2111 = CARTESIAN_POINT ( 'NONE',  ( -2.856403312780321156E-15, 76.99200000000000443, 3.810000000000000053 ) ) ;
#2112 = CARTESIAN_POINT ( 'NONE',  ( 12.26207520774087278, 2.888249410358642688, -0.7522359653941198543 ) ) ;
#2113 = AXIS2_PLACEMENT_3D ( 'NONE', #4187, #4513, #3794 ) ;
#2114 = DIRECTION ( 'NONE',  ( 0.0000000000000000000, -0.0000000000000000000, 1.000000000000000000 ) ) ;
#2115 = CARTESIAN_POINT ( 'NONE',  ( 12.18696852097107630, -2.583837812063858763, -1.493711330754518229 ) ) ;
#2116 = CARTESIAN_POINT ( 'NONE',  ( 12.10241391011281742, -0.6650340355654974500, -3.114755066330947120 ) ) ;
#2117 = DIRECTION ( 'NONE',  ( 0.0000000000000000000, 0.0000000000000000000, 1.000000000000000000 ) ) ;
#2118 = CARTESIAN_POINT ( 'NONE',  ( 12.08899295105693028, 0.3584196805515309503, -3.166431360360268510 ) ) ;
#2119 = CARTESIAN_POINT ( 'NONE',  ( 11.90246523377332366, 0.6779703835690072955, -2.906578143108998535 ) ) ;
#2120 = CARTESIAN_POINT ( 'NONE',  ( -12.18728569637108983, -2.585573126670977384, 1.493819450300809315 ) ) ;
#2121 = CARTESIAN_POINT ( 'NONE',  ( -12.41267010008481009, 2.791604551864391492, 1.447677664829240207 ) ) ;
#2122 = APPROVAL_ROLE ( '' ) ;
#2123 = DIRECTION ( 'NONE',  ( 0.0000000000000000000, 0.0000000000000000000, 1.000000000000000000 ) ) ;
#2124 = CARTESIAN_POINT ( 'NONE',  ( 12.40039780433251515, -2.738390199390788649, -1.549410511439579530 ) ) ;
#2125 = CARTESIAN_POINT ( 'NONE',  ( 12.41812793845670271, -2.815992230876834590, -1.413263576513153374 ) ) ;
#2126 = CARTESIAN_POINT ( 'NONE',  ( 12.18677890883868287, 2.583135345589093745, -1.495668906685796218 ) ) ;
#2127 = FACE_OUTER_BOUND ( 'NONE', #1627, .T. ) ;
#2128 = CARTESIAN_POINT ( 'NONE',  ( -11.88255678795806070, -0.1968054058534806361, -2.979567515753005491 ) ) ;
#2129 = CARTESIAN_POINT ( 'NONE',  ( 0.0000000000000000000, -72.67400000000000659, 0.0000000000000000000 ) ) ;
#2130 = CARTESIAN_POINT ( 'NONE',  ( 12.36427948320463166, -2.575782776842950650, -1.815629516835577384 ) ) ;
#2131 = FACE_BOUND ( 'NONE', #531, .T. ) ;
#2132 = CARTESIAN_POINT ( 'NONE',  ( 11.88118726637539879, -1.694065894508600678E-18, -2.984499999999999709 ) ) ;
#2133 = CARTESIAN_POINT ( 'NONE',  ( 12.18407944956412337, -2.571448293972276478, -1.514940554211701373 ) ) ;
#2134 = CARTESIAN_POINT ( 'NONE',  ( 12.13795423450139666, 2.365468429201889045, -1.820491067898315052 ) ) ;
#2135 = CARTESIAN_POINT ( 'NONE',  ( -12.27713053606402482, -2.945748720151012634, -0.4892436270053167058 ) ) ;
#2136 = CARTESIAN_POINT ( 'NONE',  ( -12.15715821071635894, 2.453276287416521928, -1.700308460775332264 ) ) ;
#2137 = CONICAL_SURFACE ( 'NONE', #1256, 2.753999999999992454, 0.7853981633974107535 ) ;
#2138 = CARTESIAN_POINT ( 'NONE',  ( -11.90248580232464448, 0.6794991225321869166, -2.906526646450737328 ) ) ;
#2139 = CARTESIAN_POINT ( 'NONE',  ( 12.08541205997104484, -0.2069999208242861155, -3.180067558959318585 ) ) ;
#2140 = EDGE_LOOP ( 'NONE', ( #4375, #1506, #1518, #694, #2955 ) ) ;
#2141 = VERTEX_POINT ( 'NONE', #3765 ) ;
#2142 = EDGE_CURVE ( 'NONE', #2595, #1575, #1503, .T. ) ;
#2143 = CARTESIAN_POINT ( 'NONE',  ( 12.49679917331597245, -3.133532005549676480, 0.1045936335349971075 ) ) ;
#2144 = CARTESIAN_POINT ( 'NONE',  ( 11.88812454118071393, 0.3897502569569946673, -2.959343295591468692 ) ) ;
#2145 = CARTESIAN_POINT ( 'NONE',  ( -11.92569409626498711, -0.9822543292232163159, -2.818975123699876573 ) ) ;
#2146 = CARTESIAN_POINT ( 'NONE',  ( -12.23805495099052898, 1.913083880497981726, -2.532591835172560479 ) ) ;
#2147 = CARTESIAN_POINT ( 'NONE',  ( 12.23857112562624216, -1.909317514084588829, -2.527526265925493121 ) ) ;
#2148 = CARTESIAN_POINT ( 'NONE',  ( -2.856403312780321156E-15, 76.73799999999999955, 4.064000000000000057 ) ) ;
#2149 = AXIS2_PLACEMENT_3D ( 'NONE', #3844, #494, #1658 ) ;
#2150 = CARTESIAN_POINT ( 'NONE',  ( -11.91242707954909363, 0.8224684172110636737, -2.869350215571896179 ) ) ;
#2151 = CARTESIAN_POINT ( 'NONE',  ( 12.26698421483866852, 2.907117606206579108, 0.6769651470517431546 ) ) ;
#2152 = CARTESIAN_POINT ( 'NONE',  ( 11.89967930089865433, -0.6334044331864912003, -2.916919086970833686 ) ) ;
#2153 = CARTESIAN_POINT ( 'NONE',  ( 12.00184486143096407, 1.616939733924502409, -2.508653079487046078 ) ) ;
#2154 = CARTESIAN_POINT ( 'NONE',  ( -12.26971068056732861, -2.917525288107627457, 0.6306022325237460313 ) ) ;
#2155 = ORIENTED_EDGE ( 'NONE', *, *, #1741, .F. ) ;
#2156 = B_SPLINE_CURVE_WITH_KNOTS ( 'NONE', 3,
 ( #1210, #4059, #435, #2241, #33, #4536, #3108, #1230, #4174, #3474, #4520, #3830, #179, #2753, #3091, #109, #911, #2686, #1955, #1273, #481, #4553, #129, #1258, #2356, #3816, #2000, #862, #3128, #1643, #4568, #1629, #925, #3057, #2372, #2740 ),
 .UNSPECIFIED., .F., .F.,
 ( 4, 2, 2, 2, 2, 2, 2, 2, 2, 2, 2, 2, 2, 2, 2, 2, 2, 4 ),
 ( 0.5000000000000000000, 0.5312500000000000000, 0.5624999999999998890, 0.5781249999999998890, 0.5937499999999997780, 0.6249999999999997780, 0.6562499999999997780, 0.6874999999999997780, 0.7187499999999997780, 0.7343749999999997780, 0.7499999999999997780, 0.7812499999999997780, 0.8124999999999997780, 0.8749999999999998890, 0.8906249999999998890, 0.9062500000000000000, 0.9375000000000000000, 1.000000000000000000 ),
 .UNSPECIFIED. ) ;
#2157 = CARTESIAN_POINT ( 'NONE',  ( -12.27691940392496228, -2.944899930725083159, 0.4870207576222093659 ) ) ;
#2158 = CARTESIAN_POINT ( 'NONE',  ( 12.03428973125339851, -1.822674473452836619, 2.363526970005162209 ) ) ;
#2159 = CARTESIAN_POINT ( 'NONE',  ( 12.46599076503676073, -3.012591577464335924, -0.8783935569501664098 ) ) ;
#2160 = CARTESIAN_POINT ( 'NONE',  ( -12.23789680176343531, 2.793903994848165429, -1.053940781412965766 ) ) ;
#2161 = CARTESIAN_POINT ( 'NONE',  ( 0.0000000000000000000, 77.50000000000000000, -12.49680000000000035 ) ) ;
#2162 = PLANE ( 'NONE',  #2887 ) ;
#2163 = CARTESIAN_POINT ( 'NONE',  ( 12.28707070298727011, 2.983050273229477245, 0.09623620728159819337 ) ) ;
#2164 = CARTESIAN_POINT ( 'NONE',  ( -11.97792405648144509, -1.447521356656843450, -2.610362832958790236 ) ) ;
#2165 = CARTESIAN_POINT ( 'NONE',  ( -12.35797295509087945, 2.546376849204102566, -1.858032564942221354 ) ) ;
#2166 = CARTESIAN_POINT ( 'NONE',  ( 12.31897294572911505, -2.356660474443396769, -2.101054591983038566 ) ) ;
#2167 = CARTESIAN_POINT ( 'NONE',  ( 12.24594145388835642, 2.825517719558929386, -0.9623349197526882559 ) ) ;
#2168 = CARTESIAN_POINT ( 'NONE',  ( 11.95184018324930619, -1.236124719474409828, -2.716585411829242069 ) ) ;
#2169 = CARTESIAN_POINT ( 'NONE',  ( -12.19242247794583278, -2.607162856056360667, -1.453376513244173607 ) ) ;
#2170 = CARTESIAN_POINT ( 'NONE',  ( -12.28707070298725590, -2.983050273229476801, 0.09623620728160131588 ) ) ;
#2171 = CARTESIAN_POINT ( 'NONE',  ( -12.41939128463586606, 2.820371396262865815, 1.388991019031290186 ) ) ;
#2172 = CARTESIAN_POINT ( 'NONE',  ( 12.13277794945251031, -2.341315762081405349, 1.851572313567236172 ) ) ;
#2173 = ADVANCED_FACE ( 'NONE', ( #4703 ), #3990, .T. ) ;
#2174 = CARTESIAN_POINT ( 'NONE',  ( 12.31878941685048368, -2.355735057697536661, 2.102133020697251276 ) ) ;
#2175 = CARTESIAN_POINT ( 'NONE',  ( -12.28226544355417182, 2.965046073720459585, -0.3410917670000300772 ) ) ;
#2176 = CARTESIAN_POINT ( 'NONE',  ( -2.856403312780321156E-15, 76.73799999999999955, 3.810000000000000053 ) ) ;
#2177 = CARTESIAN_POINT ( 'NONE',  ( 12.08920443402243805, 0.4140842461026474908, 3.165905066069725660 ) ) ;
#2178 = CARTESIAN_POINT ( 'NONE',  ( -12.23736551233369774, -2.791603649613934479, -1.056686301550301188 ) ) ;
#2179 = CARTESIAN_POINT ( 'NONE',  ( 12.32559169231271312, -2.389857943201176838, -2.061901942069908955 ) ) ;
#2180 = CARTESIAN_POINT ( 'NONE',  ( -12.10713554287697313, -0.7422181491650168272, 3.096340246034990695 ) ) ;
#2181 = CARTESIAN_POINT ( 'NONE',  ( 12.17563722741063259, 2.535035605941428738, -1.575820454809289117 ) ) ;
#2182 = CARTESIAN_POINT ( 'NONE',  ( 12.15095732694118702, -2.425268931503425485, -1.740018247816044861 ) ) ;
#2183 = CARTESIAN_POINT ( 'NONE',  ( 12.05984499862250203, 1.970105531943262545, 2.242381643112026701 ) ) ;
#2184 = CARTESIAN_POINT ( 'NONE',  ( -11.91237408036965384, -0.8207932946671090413, -2.869520379889690442 ) ) ;
#2185 = CARTESIAN_POINT ( 'NONE',  ( -12.12358687510374722, -2.297484272659619187, -1.904950873830488112 ) ) ;
#2186 = CARTESIAN_POINT ( 'NONE',  ( 12.15339747239213075, -2.436242006513152702, 1.724204791093577382 ) ) ;
#2187 = CC_DESIGN_PERSON_AND_ORGANIZATION_ASSIGNMENT ( #1494, #2438, ( #3115 ) ) ;
#2188 = CARTESIAN_POINT ( 'NONE',  ( 12.49679958756152942, -3.133532017728411390, 0.05219693815561622652 ) ) ;
#2189 = CARTESIAN_POINT ( 'NONE',  ( 12.22858614217152429, 1.846014589643691250, -2.575218970175729538 ) ) ;
#2190 = LINE ( 'NONE', #3532, #3223 ) ;
#2191 = DIRECTION ( 'NONE',  ( 1.000000000000000000, 0.0000000000000000000, -1.224646799147353207E-16 ) ) ;
#2192 = CARTESIAN_POINT ( 'NONE',  ( 12.34544707998632163, 2.502887505969562554, -1.961825982084850484 ) ) ;
#2193 = CIRCLE ( 'NONE', #721, 0.2540000000000007807 ) ;
#2194 = CARTESIAN_POINT ( 'NONE',  ( 0.0000000000000000000, -77.24599999999999511, 0.0000000000000000000 ) ) ;
#2195 = ADVANCED_FACE ( 'NONE', ( #1218 ), #2476, .F. ) ;
#2196 = CARTESIAN_POINT ( 'NONE',  ( 12.47417383731680296, -3.045134333682995020, -0.7520921720065798510 ) ) ;
#2197 = ORIENTED_EDGE ( 'NONE', *, *, #414, .F. ) ;
#2198 = CARTESIAN_POINT ( 'NONE',  ( -11.93956545553566961, 1.123384146894931046, -2.765113797504356263 ) ) ;
#2199 = CARTESIAN_POINT ( 'NONE',  ( 12.05970745635548624, 1.969062402243044962, -2.242839048078562936 ) ) ;
#2200 = CARTESIAN_POINT ( 'NONE',  ( 12.28298420466596674, -2.967745287428107837, -0.3167442729884414332 ) ) ;
#2201 = CYLINDRICAL_SURFACE ( 'NONE', #1285, 4.064000000000000057 ) ;
#2202 = CARTESIAN_POINT ( 'NONE',  ( -12.00184486143094453, -1.616939733924502853, -2.508653079487045190 ) ) ;
#2203 = EDGE_LOOP ( 'NONE', ( #189, #1457 ) ) ;
#2204 = CARTESIAN_POINT ( 'NONE',  ( 12.23346037150111698, -2.776048672608311563, 1.096943689373621522 ) ) ;
#2205 = ORIENTED_EDGE ( 'NONE', *, *, #3947, .T. ) ;
#2206 = CARTESIAN_POINT ( 'NONE',  ( 12.49647504687721877, -3.132281430477069417, -0.1040751685097995871 ) ) ;
#2207 = CARTESIAN_POINT ( 'NONE',  ( 12.32504243395842281, 2.387120369458959335, -2.065185454729785874 ) ) ;
#2208 = EDGE_CURVE ( 'NONE', #2478, #1931, #354, .T. ) ;
#2209 = CARTESIAN_POINT ( 'NONE',  ( 1.530416611958464487E-15, 77.24599999999999511, 12.49680000000000035 ) ) ;
#2210 = CARTESIAN_POINT ( 'NONE',  ( -12.09950849819336938, 2.179529127578685888, -2.039421536084082387 ) ) ;
#2211 = CARTESIAN_POINT ( 'NONE',  ( 12.49025635430686165, 3.108222228934420794, 0.4177409093183926392 ) ) ;
#2212 = CARTESIAN_POINT ( 'NONE',  ( -12.07016712350164234, -2.026392380539216109, -2.191246382656539371 ) ) ;
#2213 = CARTESIAN_POINT ( 'NONE',  ( -12.25515470524151951, 2.009212423771950196, -2.445706616510002096 ) ) ;
#2214 = CARTESIAN_POINT ( 'NONE',  ( 12.49222705770166364, -3.115856529497169181, 0.3390496951192053521 ) ) ;
#2215 = CARTESIAN_POINT ( 'NONE',  ( 12.23307935366693933, 2.774526315334659099, -1.100802724510719255 ) ) ;
#2216 = CARTESIAN_POINT ( 'NONE',  ( 12.20067477844442827, -2.641862151186141539, 1.388508529578773132 ) ) ;
#2217 = CARTESIAN_POINT ( 'NONE',  ( 11.96762515330474841, 1.367656756425842612, 2.652800809293728967 ) ) ;
#2218 = CARTESIAN_POINT ( 'NONE',  ( -12.03335217402334401, -1.817291885184767697, -2.367928771091057705 ) ) ;
#2219 = CARTESIAN_POINT ( 'NONE',  ( -12.18857426462506410, -2.590742999491151721, -1.481980546973556079 ) ) ;
#2220 = CARTESIAN_POINT ( 'NONE',  ( -12.49511419527679656, -3.127028510566141506, -0.2117922652080838908 ) ) ;
#2221 = CARTESIAN_POINT ( 'NONE',  ( 12.24620713604198130, -2.826560833773382075, 0.9592517516303937786 ) ) ;
#2222 = CARTESIAN_POINT ( 'NONE',  ( -12.08363162003342595, -0.1053065248505099527, 3.186825590602813563 ) ) ;
#2223 = CARTESIAN_POINT ( 'NONE',  ( 12.48699175492466118, -3.095503276779998814, 0.4957123158011152442 ) ) ;
#2224 = CARTESIAN_POINT ( 'NONE',  ( 12.20873572406312135, -2.675446265588837136, 1.322811802250483559 ) ) ;
#2225 = DIRECTION ( 'NONE',  ( 0.0000000000000000000, 0.5150380749100549327, 0.8571673007021118895 ) ) ;
#2226 = CARTESIAN_POINT ( 'NONE',  ( -12.04298760551891689, 1.873921279851311184, 2.322893266666118173 ) ) ;
#2227 = CARTESIAN_POINT ( 'NONE',  ( -12.27873838777079563, 2.143888683930108563, -2.324419816135554928 ) ) ;
#2228 = CARTESIAN_POINT ( 'NONE',  ( 12.48895648411597925, -3.103156655130489661, 0.4434631314732015439 ) ) ;
#2229 = CARTESIAN_POINT ( 'NONE',  ( -12.21655394682244911, -2.707624354681421153, 1.255629954895482570 ) ) ;
#2230 = CARTESIAN_POINT ( 'NONE',  ( 12.17452252758344144, 2.530112951461500614, 1.583307506326117275 ) ) ;
#2231 = CARTESIAN_POINT ( 'NONE',  ( 12.24623047437548706, -2.826736772611174064, -0.9624435337227820186 ) ) ;
#2232 = CARTESIAN_POINT ( 'NONE',  ( -12.07917757189043506, -2.074737300365709469, -2.145937834588599102 ) ) ;
#2233 = CARTESIAN_POINT ( 'NONE',  ( 11.89227712065503439, 0.4896427862227888950, 2.944163231184333096 ) ) ;
#2234 = CARTESIAN_POINT ( 'NONE',  ( -12.23756988733651951, -2.792420917096183341, -1.054525629409080345 ) ) ;
#2235 = CARTESIAN_POINT ( 'NONE',  ( 12.01827165663530650, -1.724105506744599170, -2.436310943685773722 ) ) ;
#2236 = EDGE_CURVE ( 'NONE', #4431, #3346, #236, .T. ) ;
#2237 = CARTESIAN_POINT ( 'NONE',  ( -12.15031933817277299, -1.251078119094742425, 2.922357126999144850 ) ) ;
#2238 = CARTESIAN_POINT ( 'NONE',  ( 12.49680041165706434, -3.133535196203364848, -0.05199930112526279791 ) ) ;
#2239 = CARTESIAN_POINT ( 'NONE',  ( 12.19241244937392743, -2.607122316576536480, 1.453465101388428327 ) ) ;
#2240 = CARTESIAN_POINT ( 'NONE',  ( -12.19267149273603046, 2.608149958240396415, -1.450998553056413343 ) ) ;
#2241 = CARTESIAN_POINT ( 'NONE',  ( -12.11047123942416803, -0.8179565778671608056, 3.083553971318762077 ) ) ;
#2242 = CARTESIAN_POINT ( 'NONE',  ( -12.00209973914927453, 1.618555597901800258, 2.507524731790256478 ) ) ;
#2243 = AXIS2_PLACEMENT_3D ( 'NONE', #2878, #1355, #3608 ) ;
#2244 = CARTESIAN_POINT ( 'NONE',  ( -12.48705284597212639, 3.095741477431419586, -0.4941634006183067140 ) ) ;
#2245 = ADVANCED_FACE ( 'NONE', ( #4024 ), #409, .F. ) ;
#2246 = CARTESIAN_POINT ( 'NONE',  ( 12.17134202108027630, -1.435033023422302101, 2.833563271965004127 ) ) ;
#2247 = CARTESIAN_POINT ( 'NONE',  ( -12.02081103956239261, 1.740367001599589569, -2.425021953623899051 ) ) ;
#2248 = CARTESIAN_POINT ( 'NONE',  ( 12.10792479338975269, 2.221298219635385429, 1.993268095006573759 ) ) ;
#2249 = CARTESIAN_POINT ( 'NONE',  ( 12.26051197583244701, -2.882240396394508242, 0.7760907459606910530 ) ) ;
#2250 = CARTESIAN_POINT ( 'NONE',  ( -11.88118726637538103, 3.388131789017201356E-18, -2.984499999999999709 ) ) ;
#2251 = CARTESIAN_POINT ( 'NONE',  ( -12.21160156362371474, -2.687402923188328518, -1.299699786483584640 ) ) ;
#2252 = FACE_OUTER_BOUND ( 'NONE', #16, .T. ) ;
#2253 = CARTESIAN_POINT ( 'NONE',  ( 12.04740696157637103, -1.899497281851107111, -2.301998343482308584 ) ) ;
#2254 = CARTESIAN_POINT ( 'NONE',  ( -12.17151735471000507, -1.435951888461896031, 2.832723333884219041 ) ) ;
#2255 = CARTESIAN_POINT ( 'NONE',  ( 12.08363162003343305, 0.1053065248505140189, 3.186825590602791358 ) ) ;
#2256 = CARTESIAN_POINT ( 'NONE',  ( 12.07931513012395897, -2.075264145748594302, 2.145022383295874580 ) ) ;
#2257 = CARTESIAN_POINT ( 'NONE',  ( -12.27460377090933719, 2.936125189702775362, -0.5357419802326569558 ) ) ;
#2258 = CYLINDRICAL_SURFACE ( 'NONE', #108, 2.499999999999993339 ) ;
#2259 = CARTESIAN_POINT ( 'NONE',  ( -11.88118726637538103, 3.388131789017201356E-18, -2.984499999999999709 ) ) ;
#2260 = DIRECTION ( 'NONE',  ( 0.0000000000000000000, -1.000000000000000000, 0.0000000000000000000 ) ) ;
#2261 = CARTESIAN_POINT ( 'NONE',  ( -11.89582918234056486, -0.5624931474442355084, 2.931117982712796000 ) ) ;
#2262 = CARTESIAN_POINT ( 'NONE',  ( -12.03395464953979577, -1.820668479723290600, -2.365076566736023178 ) ) ;
#2263 = ORIENTED_EDGE ( 'NONE', *, *, #414, .T. ) ;
#2264 = CARTESIAN_POINT ( 'NONE',  ( -12.49647339990186623, 3.132275086438057965, 0.1043173098303713103 ) ) ;
#2265 = CARTESIAN_POINT ( 'NONE',  ( 12.44161313152045345, -2.913562706366335853, 1.174142235747744456 ) ) ;
#2266 = EDGE_LOOP ( 'NONE', ( #2328, #1402, #2840, #4151 ) ) ;
#2267 = CARTESIAN_POINT ( 'NONE',  ( 12.04971542531804118, 1.912730534037593966, 2.291011186014707324 ) ) ;
#2268 = CARTESIAN_POINT ( 'NONE',  ( 12.22622284118676994, -2.746925104247004423, 1.167149400301652706 ) ) ;
#2269 = CARTESIAN_POINT ( 'NONE',  ( -12.45270052848705689, -2.958952089464724100, 1.049224703425836180 ) ) ;
#2270 = CARTESIAN_POINT ( 'NONE',  ( -12.06688679990226909, -2.008529709087915283, 2.207500911112994846 ) ) ;
#2271 = CARTESIAN_POINT ( 'NONE',  ( 12.12692574043019711, -2.313421112188907003, -1.885588075343673342 ) ) ;
#2272 = ORIENTED_EDGE ( 'NONE', *, *, #3139, .F. ) ;
#2273 = CARTESIAN_POINT ( 'NONE',  ( -12.23890781276636197, -1.911399318337516195, 2.525894551522431808 ) ) ;
#2274 = CARTESIAN_POINT ( 'NONE',  ( 12.20048561498834694, -1.657067962674341643, 2.705348210711468138 ) ) ;
#2275 = CARTESIAN_POINT ( 'NONE',  ( -11.99610114709484243, 1.579685934191161989, -2.534019361681208338 ) ) ;
#2276 = AXIS2_PLACEMENT_3D ( 'NONE', #4327, #999, #3923 ) ;
#2277 = CARTESIAN_POINT ( 'NONE',  ( 3.061616997868381662E-16, 77.50000000000000000, -2.499999999999998668 ) ) ;
#2278 = CARTESIAN_POINT ( 'NONE',  ( -12.10535970085409119, 0.7149483173334382213, -3.103296399655295357 ) ) ;
#2279 = CARTESIAN_POINT ( 'NONE',  ( -11.88456360368892106, 0.2709033651664047304, -2.972281369106863913 ) ) ;
#2280 = CARTESIAN_POINT ( 'NONE',  ( -12.06264603204265917, 1.985290921088301852, 2.228431029586859236 ) ) ;
#2281 = CARTESIAN_POINT ( 'NONE',  ( -12.45456340624717484, 2.966557805965344574, 1.027751419480454009 ) ) ;
#2282 = CARTESIAN_POINT ( 'NONE',  ( 12.39436118895222272, -2.711933918203947247, 1.597450251450339476 ) ) ;
#2283 = CARTESIAN_POINT ( 'NONE',  ( -12.29866369362850165, 2.251808513050577609, 2.216819489384028063 ) ) ;
#2284 = CARTESIAN_POINT ( 'NONE',  ( 12.13197974564496562, 2.337354216123131323, 1.855886739845752587 ) ) ;
#2285 = CARTESIAN_POINT ( 'NONE',  ( 11.93247555448622244, -1.052836030191261152, 2.792736318530356865 ) ) ;
#2286 = CC_DESIGN_DATE_AND_TIME_ASSIGNMENT ( #3839, #680, ( #546 ) ) ;
#2287 = CARTESIAN_POINT ( 'NONE',  ( -12.06682883467452427, -2.008212395363558667, 2.207787560853251119 ) ) ;
#2288 = CARTESIAN_POINT ( 'NONE',  ( -12.31840426371113040, -2.353785796498074845, -2.104385560100462627 ) ) ;
#2289 = CARTESIAN_POINT ( 'NONE',  ( 12.11794324734166395, -2.270408727405350380, -1.937401441853593198 ) ) ;
#2290 = CARTESIAN_POINT ( 'NONE',  ( -12.41680151960981071, -2.809698472505998357, -1.414757196788780647 ) ) ;
#2291 = CARTESIAN_POINT ( 'NONE',  ( 12.15918186388282507, -1.330945459689249599, 2.885193255655350342 ) ) ;
#2292 = CARTESIAN_POINT ( 'NONE',  ( -12.16933890264778739, 2.507461382680693518, -1.619336515495238604 ) ) ;
#2293 = CARTESIAN_POINT ( 'NONE',  ( -11.88118726637538103, -3.654958372055275750E-16, -2.984500000000000153 ) ) ;
#2294 = CARTESIAN_POINT ( 'NONE',  ( -12.12301963804427807, 0.9616376206787434766, -3.033587031216573138 ) ) ;
#2295 = CARTESIAN_POINT ( 'NONE',  ( -11.96754142399992915, 1.366861089746458813, 2.653128575038843362 ) ) ;
#2296 = CARTESIAN_POINT ( 'NONE',  ( -11.91264453895952435, -0.8253168010613696204, 2.868531250165396784 ) ) ;
#2297 = CARTESIAN_POINT ( 'NONE',  ( 12.24623047437548706, -2.826736772611174064, -0.9624435337227820186 ) ) ;
#2298 = CARTESIAN_POINT ( 'NONE',  ( -12.48900098655460411, 3.103329769265799065, -0.4421997312525295376 ) ) ;
#2299 = CARTESIAN_POINT ( 'NONE',  ( 12.08358269948763208, -0.09973114564073166932, 3.187011008678374058 ) ) ;
#2300 = CARTESIAN_POINT ( 'NONE',  ( 12.06272473014595903, 1.985819082445081429, 2.228117181037387873 ) ) ;
#2301 = CARTESIAN_POINT ( 'NONE',  ( 11.94658801428246342, -1.189178531957492124, 2.737462275135174927 ) ) ;
#2302 = CARTESIAN_POINT ( 'NONE',  ( -12.27467096388213186, -2.936391848461292309, 0.5358521509933951155 ) ) ;
#2303 = CARTESIAN_POINT ( 'NONE',  ( -12.40014454708210856, -2.737353805399061368, -1.551949753468914617 ) ) ;
#2304 = CARTESIAN_POINT ( 'NONE',  ( 12.06677623457408366, -2.007925703315243116, -2.208048288951971028 ) ) ;
#2305 = EDGE_CURVE ( 'NONE', #4647, #2093, #3341, .T. ) ;
#2306 = CARTESIAN_POINT ( 'NONE',  ( -12.36716735621220131, -2.589040102497426776, -1.795456263318548462 ) ) ;
#2307 = CARTESIAN_POINT ( 'NONE',  ( 12.09163356736247152, -0.4338886456830363114, 3.156330765027286933 ) ) ;
#2308 = CARTESIAN_POINT ( 'NONE',  ( -12.08360682715019685, 3.388131789017201356E-18, -3.186919560774812421 ) ) ;
#2309 = CARTESIAN_POINT ( 'NONE',  ( -12.10090734127421364, -0.6365029116801256270, -3.120589588717977758 ) ) ;
#2310 = CARTESIAN_POINT ( 'NONE',  ( -12.21687776331026853, 2.708956045966649739, 1.252755743036940483 ) ) ;
#2311 = CARTESIAN_POINT ( 'NONE',  ( -11.88246834770637683, 0.1927896352890017539, 2.979886204415608475 ) ) ;
#2312 = LOCAL_TIME ( 17, 22, 41.00000000000000000, #4251 ) ;
#2313 = CARTESIAN_POINT ( 'NONE',  ( -12.39605764426377732, 2.719305178119550526, -1.583634308329047169 ) ) ;
#2314 = CARTESIAN_POINT ( 'NONE',  ( 12.28541668595214276, 2.180775925125464365, 2.289092394252496998 ) ) ;
#2315 = CARTESIAN_POINT ( 'NONE',  ( -11.93264747489353361, 1.054603735151072197, -2.792070036909886532 ) ) ;
#2316 = CARTESIAN_POINT ( 'NONE',  ( 12.02064278740260761, -1.739309217119257234, 2.425776648604206720 ) ) ;
#2317 = CONICAL_SURFACE ( 'NONE', #3955, 4.572000000000034703, 0.7853981633974473908 ) ;
#2318 = CARTESIAN_POINT ( 'NONE',  ( 12.08631216792941210, 0.2565326673913954636, -3.176648598454121064 ) ) ;
#2319 = CARTESIAN_POINT ( 'NONE',  ( -12.12761458192652064, -2.316688551861731948, 1.881552055508117105 ) ) ;
#2320 = CARTESIAN_POINT ( 'NONE',  ( -12.40853744186681062, 2.773785840071269604, 1.482682189049184363 ) ) ;
#2321 = CARTESIAN_POINT ( 'NONE',  ( -12.24963860504759339, -2.839977558227876120, -0.9178076951116198590 ) ) ;
#2322 = ORIENTED_EDGE ( 'NONE', *, *, #2877, .T. ) ;
#2323 = CIRCLE ( 'NONE', #3670, 12.49680000000000035 ) ;
#2324 = CARTESIAN_POINT ( 'NONE',  ( -12.33821382612424777, -2.452019746713263171, -1.984978938167473839 ) ) ;
#2325 = CARTESIAN_POINT ( 'NONE',  ( 12.11204195613194123, 0.8170862740217268438, 3.077113083998019416 ) ) ;
#2326 = CARTESIAN_POINT ( 'NONE',  ( -12.09264158958354862, 2.144710523936565139, 2.076016554512008394 ) ) ;
#2327 = ORIENTED_EDGE ( 'NONE', *, *, #1121, .T. ) ;
#2328 = ORIENTED_EDGE ( 'NONE', *, *, #4194, .F. ) ;
#2329 = CARTESIAN_POINT ( 'NONE',  ( -2.856403312780321156E-15, 76.99200000000000443, 0.0000000000000000000 ) ) ;
#2330 = CARTESIAN_POINT ( 'NONE',  ( -12.11718610342011537, -0.8867110247063226813, -3.056775012754024079 ) ) ;
#2331 = CARTESIAN_POINT ( 'NONE',  ( -12.16170658963722317, 2.473510289701426057, 1.670075831380740894 ) ) ;
#2332 = CARTESIAN_POINT ( 'NONE',  ( -11.93026909443701378, 1.029907434187536497, 2.801272688227497198 ) ) ;
#2333 = CARTESIAN_POINT ( 'NONE',  ( -12.21908196681460090, 1.784594460727133569, 2.620097751539480324 ) ) ;
#2334 = CARTESIAN_POINT ( 'NONE',  ( 12.11560003668715524, 0.8665297147802263344, 3.063085391806403823 ) ) ;
#2335 = ORIENTED_EDGE ( 'NONE', *, *, #3699, .T. ) ;
#2336 = CARTESIAN_POINT ( 'NONE',  ( 11.96736723654151291, 1.366160124995646097, 2.653945985386586326 ) ) ;
#2337 = CARTESIAN_POINT ( 'NONE',  ( 12.06268273798668034, -1.985568210982699311, 2.228307924973368159 ) ) ;
#2338 = CARTESIAN_POINT ( 'NONE',  ( -12.14281024546706789, -2.387859429373475617, 1.790519092272650381 ) ) ;
#2339 = CARTESIAN_POINT ( 'NONE',  ( -12.42468714333354463, -2.842831936509410795, 1.340791309884809879 ) ) ;
#2340 = CARTESIAN_POINT ( 'NONE',  ( 12.30563517024878450, 2.288306084222722969, 2.177819565907966659 ) ) ;
#2341 = CARTESIAN_POINT ( 'NONE',  ( -12.25713081420192196, 2.869175037334442901, 0.8230719617781377950 ) ) ;
#2342 = AXIS2_PLACEMENT_3D ( 'NONE', #1820, #4075, #34 ) ;
#2343 = CARTESIAN_POINT ( 'NONE',  ( -12.26954280721512802, 2.916885165576278194, 0.6335873421370854519 ) ) ;
#2344 = DIRECTION ( 'NONE',  ( -0.0000000000000000000, 1.000000000000000000, -0.0000000000000000000 ) ) ;
#2345 = CARTESIAN_POINT ( 'NONE',  ( -12.26540304365775214, 2.901080402049035722, -0.7036919076252949878 ) ) ;
#2346 = CARTESIAN_POINT ( 'NONE',  ( -12.11526667616628394, 0.8620167796081510403, 3.064403387016870539 ) ) ;
#2347 = CARTESIAN_POINT ( 'NONE',  ( 12.08902207351399127, -0.3566675068985757369, 3.166317509804284835 ) ) ;
#2348 = CARTESIAN_POINT ( 'NONE',  ( 11.91981936984614876, -0.9144785261383165942, 2.841364921379988306 ) ) ;
#2349 = CARTESIAN_POINT ( 'NONE',  ( 11.88397455500116351, -0.2463608785727058326, -2.974416671930293798 ) ) ;
#2350 = DIRECTION ( 'NONE',  ( -0.0000000000000000000, -1.000000000000000000, -0.0000000000000000000 ) ) ;
#2351 = CARTESIAN_POINT ( 'NONE',  ( -12.08826488180458725, 0.3309417785922695865, 3.169206441057026424 ) ) ;
#2352 = CARTESIAN_POINT ( 'NONE',  ( -12.48995078394619185, -3.107029466011504315, 0.4168975812372283096 ) ) ;
#2353 = CARTESIAN_POINT ( 'NONE',  ( 12.31909718478294558, 2.357064849526529393, 2.099989055132930549 ) ) ;
#2354 = CARTESIAN_POINT ( 'NONE',  ( -11.98435035308102314, 1.495031155449138449, 2.583501173393204287 ) ) ;
#2355 = CARTESIAN_POINT ( 'NONE',  ( 12.08360715976053257, 0.002787689604891174788, 3.186918299640582486 ) ) ;
#2356 = CARTESIAN_POINT ( 'NONE',  ( -12.45550546419202576, -2.971307295183647668, -1.033210716695304399 ) ) ;
#2357 = CARTESIAN_POINT ( 'NONE',  ( -12.22413884618465474, 2.738502119149050174, 1.186770174344822015 ) ) ;
#2358 = CARTESIAN_POINT ( 'NONE',  ( 12.18840403722542831, -2.589972637330207217, -1.483048600090479674 ) ) ;
#2359 = CARTESIAN_POINT ( 'NONE',  ( -12.22543824922846056, 1.826163138672747266, 2.590301575308266102 ) ) ;
#2360 = CARTESIAN_POINT ( 'NONE',  ( 12.31909718478294558, 2.357064849526529393, 2.099989055132930549 ) ) ;
#2361 = CARTESIAN_POINT ( 'NONE',  ( -12.26675133963644271, -2.906223441334461199, -0.6808189812120503115 ) ) ;
#2362 = ADVANCED_FACE ( 'NONE', ( #2375 ), #2258, .F. ) ;
#2363 = CARTESIAN_POINT ( 'NONE',  ( 12.12909028086603413, 2.323731661321459363, 1.872994384552856939 ) ) ;
#2364 = CARTESIAN_POINT ( 'NONE',  ( -12.01148800195564093, -1.680520783691754394, 2.466398153247940872 ) ) ;
#2365 = CARTESIAN_POINT ( 'NONE',  ( -12.46621740913153964, -3.013498060462981520, 0.8751779123700610397 ) ) ;
#2366 = EDGE_CURVE ( 'NONE', #3346, #4431, #3181, .T. ) ;
#2367 = CARTESIAN_POINT ( 'NONE',  ( -12.18816393487052530, -1.566958515408421349, -2.760329510145684839 ) ) ;
#2368 = CARTESIAN_POINT ( 'NONE',  ( 12.49672742671666548, 3.133253841337890755, 0.05006948448216421571 ) ) ;
#2369 = CARTESIAN_POINT ( 'NONE',  ( -12.22622284118675395, 2.746925104247004867, 1.167149400301651818 ) ) ;
#2370 = FACE_OUTER_BOUND ( 'NONE', #2665, .T. ) ;
#2371 = CARTESIAN_POINT ( 'NONE',  ( 11.88118759341397990, 0.002655104640755226800, 2.984498818967658007 ) ) ;
#2372 = CARTESIAN_POINT ( 'NONE',  ( -12.08358798358084130, -0.4103761952472705921, -3.186991008540909220 ) ) ;
#2373 = CARTESIAN_POINT ( 'NONE',  ( -12.21692739408450024, 2.709277568074936582, -1.253489291704877218 ) ) ;
#2374 = CARTESIAN_POINT ( 'NONE',  ( 12.34552679239334338, 2.487195392972730623, 1.938661856228479641 ) ) ;
#2375 = FACE_OUTER_BOUND ( 'NONE', #198, .T. ) ;
#2376 = CARTESIAN_POINT ( 'NONE',  ( -12.07258248304989046, -2.039647194031407373, -2.179318712644421563 ) ) ;
#2377 = CARTESIAN_POINT ( 'NONE',  ( 12.28424895174863529, 2.972490237369775024, 0.2685964607359475620 ) ) ;
#2378 = ORIENTED_EDGE ( 'NONE', *, *, #4042, .T. ) ;
#2379 = ORIENTED_EDGE ( 'NONE', *, *, #1371, .F. ) ;
#2380 = CARTESIAN_POINT ( 'NONE',  ( 11.89449037656513575, -0.5377732094864493551, -2.936054851917246467 ) ) ;
#2381 = CARTESIAN_POINT ( 'NONE',  ( -12.00955992772130010, -1.667979026859914615, 2.474899733910827404 ) ) ;
#2382 = CARTESIAN_POINT ( 'NONE',  ( -12.23836416542659578, -1.908039939229510429, -2.528530245974673907 ) ) ;
#2383 = CARTESIAN_POINT ( 'NONE',  ( 12.43939893973873900, 2.904361324660829524, 1.196645052721447833 ) ) ;
#2384 = CARTESIAN_POINT ( 'NONE',  ( -11.97861005478747032, 1.452740775639791870, 2.607520337973607383 ) ) ;
#2385 = B_SPLINE_SURFACE_WITH_KNOTS ( 'NONE', 1, 3, ( 
 ( #625, #3586, #2056, #1728, #3226, #1010, #3573, #3937, #2447, #220, #281, #2796, #4305, #2116, #2854, #1021, #3872, #1686, #4246, #4614, #968, #1701, #2493, #1434, #4018, #3989, #2867, #1421, #3260, #4339, #1778, #4006, #1809, #2147, #659, #4370, #1050, #3647, #3634, #3274, #297, #326, #2902, #4353, #2562, #2166, #2179, #4734, #4696, #2545, #2130, #346, #2921, #3245, #711, #1824, #1791, #1033, #4716, #3613, #2508, #311, #3287, #1080, #2885, #3599, #1453, #2524, #4387, #2196, #1067, #1409, #691, #4747, #364, #2934, #727, #3303, #1095, #673, #1389, #3954, #1763, #4326, #4679, #3971, #4761, #4033, #2999, #2214, #4079, #1891, #2228, #3348, #4430, #1141, #4448, #2954, #439, #3366, #1910, #3708, #3018, #2577, #2265, #56, #2612, #3674, #3314, #1468, #3720, #2626, #1517, #1535, #4461, #4410, #2282, #740, #817, #2594, #425, #799, #38, #1165, #760, #4097, #405, #1110, #72, #3328, #1125, #1482, #2642, #22, #4049, #3382, #1857, #3660, #1838, #391, #2970, #2246, #4398, #3692, #1499, #1874, #2984, #779, #376, #4063, #4477, #2678, #854, #470, #2708, #87, #3063, #3046, #2728, #4525, #900, #4113, #870, #515, #3428, #2347, #499, #3415, #2299, #1992, #2660, #4126, #885, #4509, #1601, #1214, #133, #455, #3096, #99, #1976, #3081, #2334, #1233, #3769, #4164, #114, #3397, #3445, #1588, #4147, #3755, #1247, #1946, #3033, #3806, #1569, #3786, #1612, #837, #4495, #1960, #3739, #1200, #2314, #2692, #486, #4177, #4540, #2360, #150, #1184, #1551, #1930, #212, #2374, #557, #545, #228, #2050, #3180, #1632, #3149, #2805, #943, #4604, #2789, #2755, #2004, #4255, #164, #1646, #3162, #2037, #3868, #183, #2411, #573, #4189, #4241, #962, #4556, #3502, #1323, #1294, #2743, #3487, #3133, #4209, #3833, #1309, #1675, #2019, #530, #3520, #927, #3880, #1694, #2063, #3113, #2403, #200, #1662, #4619, #4227, #2429, #593, #4572, #3459, #1261, #3819, #2771, #914, #3477, #1276, #2390, #3848, #3912, #1770, #4689, #2535, #3655, #1817, #2207, #2570, #3623, #2586, #1476, #4045, #2965, #3255, #4706, #1042, #3997, #2189, #2910, #4381, #4742, #1071, #2024, #4677, #4559, #170, #489, #535, #1604, #4195, #4179, #3809, #3419, #890, #3447, #2712, #3119, #3084, #2733, #4546, #120, #2008, #918, #1283, #1250, #476, #1263, #1219, #2318, #3822, #3774, #3098, #904 ),
 ( #3433, #1237, #1615, #1592, #1637, #4153, #3836, #2349, #4498, #3792, #3465, #4167, #2380, #4612, #2069, #4576, #2418, #252, #3539, #563, #2809, #219, #2780, #931, #1666, #2759, #4593, #582, #611, #1359, #598, #2446, #3855, #3186, #981, #4273, #2086, #1684, #205, #3153, #4215, #1298, #4232, #3492, #2043, #950, #3509, #280, #2461, #3572, #1373, #3936, #4653, #3211, #2842, #2115, #2358, #3784, #147, #1549, #2689, #815, #3060, #1973, #131, #2676, #2297, #2657, #1198, #4144, #3078, #4507, #867, #882, #3443, #1307, #4188, #4240, #4603, #2003, #2769, #1322, #544, #4555, #3131, #181, #913, #3111, #2787, #3879, #3476, #163, #4254, #3094, #2742, #1275, #3832, #2017, #1293, #3846, #1660, #4226, #3930, #2455, #3195, #3911, #4672, #2803, #1738, #245, #2224, #1445, #449, #808, #3729, #2239, #1526, #4469, #2992, #2585, #788, #385, #3339, #1136, #4071, #4440, #2256, #49, #1153, #1624, #3763, #846, #3105, #1580, #2718, #1985, #223, #540, #3293, #4392, #369, #4358, #3680, #7, #745, #2939, #4052, #1056, #732, #3308, #1085, #1072, #3640, #2450, #1114, #3664, #1472, #2092, #256, #351, #3619, #1459, #4022, #3357, #443, #3387, #3369, #2645, #3022, #822, #3745, #1878, #459, #4416, #2233, #43, #2599, #783, #1146, #767, #1131, #1502, #41, #379, #1827, #1843, #743, #4390, #4750, #2217, #2958, #1485, #2615, #408, #2925, #4, #2988, #782, #3353, #1145, #1439, #4374, #2183, #1217, #2629, #4464, #3773, #1554, #118, #4481, #168, #978, #2053, #4732, #217, #2066, #3209, #2820, #3918, #231, #2102, #609, #3549, #4609, #345, #1357, #1313, #2792, #3567, #1681, #4622, #4289, #4245, #621, #1369, #3934, #578, #3167, #3524, #1326, #3884, #3886, #596, #2067, #3242, #2474, #1775, #3224, #2163, #2900, #4648, #1806, #2458, #1008, #3569, #1370, #1760, #2996, #956, #3515, #1319, #3875, #4221, #4277, #986, #1691, #2799, #586, #3143, #3542, #3175, #4581, #971, #3530, #1333, #3892, #2074, #603, #1766, #1037, #1732, #2134, #4719, #3264, #284, #3603, #4684, #2857, #268, #1377, #4296, #4309, #2496, #2528, #1070, #2511, #4356, #3941, #4343, #300, #2153, #2890, #629, #330, #2906, #4658, #3214, #3231, #4668, #3277, #3616, #644, #4700, #1796, #1024, #697, #1752, #2870, #2119, #3589, #1393, #3958, #663, #3248, #1413, #3975, #676, #1053, #3638, #1781 ) ),
 .UNSPECIFIED., .F., .T., .F.,
 ( 2, 2 ),
 ( 4, 2, 2, 2, 2, 2, 2, 2, 2, 2, 2, 2, 2, 2, 2, 2, 2, 2, 2, 2, 2, 2, 2, 2, 2, 2, 2, 2, 2, 2, 2, 2, 2, 2, 2, 2, 2, 2, 2, 2, 2, 2, 2, 2, 2, 2, 2, 2, 2, 2, 2, 2, 2, 2, 2, 2, 2, 2, 2, 2, 2, 2, 2, 2, 2, 2, 2, 2, 2, 2, 2, 2, 2, 2, 2, 2, 2, 2, 2, 2, 2, 2, 2, 2, 2, 2, 2, 2, 2, 2, 2, 2, 2, 2, 2, 2, 2, 2, 2, 2, 2, 2, 2, 2, 2, 2, 2, 2, 2, 2, 2, 2, 2, 2, 2, 2, 2, 2, 2, 2, 2, 2, 2, 2, 2, 2, 2, 2, 2, 2, 2, 2, 2, 2, 2, 2, 2, 2, 2, 2, 2, 2, 2, 2, 2, 2, 2, 2, 2, 2, 2, 2, 2, 2, 2, 2, 2, 2, 2, 2, 2, 2, 2, 2, 4 ),
 ( 0.0000000000000000000, 1.000000000000000000 ),
 ( 0.0008783373133435350144, 0.0009551401256500042288, 0.001031942937956473443, 0.001108745750262942874, 0.001185548562569412089, 0.001339154187182350735, 0.001492759811795289163, 0.001646365436408227592, 0.001799971061021166238, 0.001953576685634104883, 0.002030379497940573881, 0.002107182310247043312, 0.002183985122553512744, 0.002260787934859981741, 0.002414393559472920170, 0.002721604808698797461, 0.002875210433311735890, 0.003028816057924674753, 0.003105618870231144184, 0.003182421682537613181, 0.003259224494844082179, 0.003336027307150551610, 0.003489632931763490039, 0.003643238556376428468, 0.003796844180989366897, 0.003950449805602305325, 0.004104055430215244188, 0.004142456836368478904, 0.004180858242521713619, 0.004257661054828183050, 0.004334463867134652482, 0.004411266679441121913, 0.004564872304054059908, 0.004872083553279936766, 0.005025689177892875628, 0.005102491990199345059, 0.005179294802505814491, 0.005256097614812283922, 0.005332900427118753353, 0.005409703239425222784, 0.005486506051731691348, 0.005640111676344629343, 0.005793717300957568206, 0.005947322925570507068, 0.006100928550183445064, 0.006177731362489913627, 0.006254534174796383059, 0.006331336987102852490, 0.006408139799409321921, 0.006561745424022260784, 0.006715351048635199646, 0.006868956673248138509, 0.007022562297861076504, 0.007099365110167545068, 0.007176167922474014499, 0.007252970734780483930, 0.007291372140933718646, 0.007329773547086953361, 0.007483379171699892224, 0.007636984796312831086, 0.007944196045538708811, 0.008097801670151647674, 0.008251407294764584802, 0.008328210107071052498, 0.008405012919377521929, 0.008481815731683991361, 0.008558618543990460792, 0.008712224168603399654, 0.008865829793216338517, 0.009019435417829277379, 0.009173041042442216242, 0.009326646667055155104, 0.009365048073208389820, 0.009403449479361624536, 0.009480252291668093967, 0.009557055103974563398, 0.009633857916281032829, 0.009787463540893971692, 0.009941069165506910554, 0.01009467479011984768, 0.01017147760242631538, 0.01024828041473278481, 0.01032508322703925424, 0.01040188603934572367, 0.01070909728857160140, 0.01101630853779747912, 0.01116991416241041798, 0.01124671697471688742, 0.01132351978702335511, 0.01140032259932982281, 0.01147712541163629224, 0.01163073103624923110, 0.01193794228547510883, 0.01209154791008804769, 0.01216835072239451712, 0.01224515353470098655, 0.01232195634700745598, 0.01239875915931392542, 0.01255236478392686428, 0.01270597040853980314, 0.01285957603315274200, 0.01301318165776568087, 0.01316678728237861799, 0.01332039290699155512, 0.01335879431314478984, 0.01339719571929802455, 0.01347399853160449398, 0.01355080134391096341, 0.01362760415621743285, 0.01378120978083037171, 0.01408842103005624943, 0.01424202665466918830, 0.01431882946697565773, 0.01439563227928212716, 0.01447243509158859659, 0.01454923790389506602, 0.01462604071620153545, 0.01470284352850800488, 0.01485644915312094375, 0.01501005477773388087, 0.01516366040234681800, 0.01531726602695975686, 0.01539406883926622630, 0.01547087165157269573, 0.01554767446387916516, 0.01562447727618563459, 0.01577808290079857345, 0.01593168852541151231, 0.01623889977463739004, 0.01639250539925032890, 0.01646930821155679833, 0.01654611102386326776, 0.01662291383616973720, 0.01669971664847620663, 0.01685332227308914202, 0.01716053352231501627, 0.01731413914692795514, 0.01739094195923442457, 0.01746774477154089400, 0.01754454758384736343, 0.01762135039615383286, 0.01777495602076677172, 0.01792856164537971059, 0.01808216726999264945, 0.01823577289460558831, 0.01838937851921852717, 0.01854298414383146604, 0.01858138554998470249, 0.01861978695613793547, 0.01869658976844440490, 0.01877339258075087433, 0.01885019539305734376, 0.01900380101767028262, 0.01931101226689616035, 0.01946461789150909921, 0.01954142070381556864, 0.01961822351612203807, 0.01969502632842850751, 0.01977182914073497694, 0.01984863195304144637, 0.01992543476534791580, 0.02007904038996085466, 0.02023264601457379352, 0.02038625163918673239, 0.02053985726379966778 ),
 .UNSPECIFIED. ) ;
#2386 = CARTESIAN_POINT ( 'NONE',  ( -2.856403312780321156E-15, -76.99200000000000443, 0.0000000000000000000 ) ) ;
#2387 = CARTESIAN_POINT ( 'NONE',  ( -12.18847873086590283, 1.571262003112476657, -2.759263198878404211 ) ) ;
#2388 = CARTESIAN_POINT ( 'NONE',  ( -12.02287062018384134, 1.752878267713308791, -2.415626174586615438 ) ) ;
#2389 = CARTESIAN_POINT ( 'NONE',  ( -12.09264158958354862, 2.144710523936565139, 2.076016554512008394 ) ) ;
#2390 = CARTESIAN_POINT ( 'NONE',  ( 12.37647200664080849, 2.631671569425226398, -1.730157343638826450 ) ) ;
#2391 = CARTESIAN_POINT ( 'NONE',  ( -11.88152277545322377, -0.09805151702721552620, -2.983289149909422289 ) ) ;
#2392 = CARTESIAN_POINT ( 'NONE',  ( 12.10777211421146937, 2.220553503618859725, 1.994124661624259165 ) ) ;
#2393 = EDGE_CURVE ( 'NONE', #474, #1799, #2882, .T. ) ;
#2394 = CARTESIAN_POINT ( 'NONE',  ( -11.94447319617382242, -1.169760269606658909, 2.745819935667759282 ) ) ;
#2395 = CARTESIAN_POINT ( 'NONE',  ( -12.08360682679743370, -0.05155078170193542336, -3.186919572789153943 ) ) ;
#2396 = CARTESIAN_POINT ( 'NONE',  ( 12.29888870811653234, 2.252993721882736722, 2.215568442166382379 ) ) ;
#2397 = CARTESIAN_POINT ( 'NONE',  ( -11.93251999612897940, -1.056832730011158850, 2.792814394030891378 ) ) ;
#2398 = CARTESIAN_POINT ( 'NONE',  ( -12.28738744131140059, -2.984233538836060795, 0.04688928402091166459 ) ) ;
#2399 = DIRECTION ( 'NONE',  ( 1.000000000000000000, -0.0000000000000000000, 1.224646799147353207E-16 ) ) ;
#2400 = CARTESIAN_POINT ( 'NONE',  ( -12.14297960440540258, 1.179481313292082723, -2.952653794282110500 ) ) ;
#2401 = CARTESIAN_POINT ( 'NONE',  ( -11.94658686974941730, 1.189150234248077531, -2.737468505951078601 ) ) ;
#2402 = CARTESIAN_POINT ( 'NONE',  ( -12.06931299078475561, 2.021787497652365762, 2.195498267037077067 ) ) ;
#2403 = CARTESIAN_POINT ( 'NONE',  ( 12.46932249598012632, 3.025865504300103481, -0.8286438140314218437 ) ) ;
#2404 = CARTESIAN_POINT ( 'NONE',  ( 12.11273278738439707, 2.244960776674616465, 1.966606691987074162 ) ) ;
#2405 = CARTESIAN_POINT ( 'NONE',  ( -11.97853269742718929, -1.451564355228820880, 2.607745535608055221 ) ) ;
#2406 = CARTESIAN_POINT ( 'NONE',  ( -12.21572208301581419, -1.761846515525647083, -2.635595625721752100 ) ) ;
#2407 = CARTESIAN_POINT ( 'NONE',  ( 12.37339551419939099, 2.617651159113974835, -1.752020278564652589 ) ) ;
#2408 = CARTESIAN_POINT ( 'NONE',  ( -11.97598891359684181, -1.432528425803790695, 2.618339683851452104 ) ) ;
#2409 = CARTESIAN_POINT ( 'NONE',  ( -12.28482635835909242, -2.974656861012513254, -0.2470586592294230222 ) ) ;
#2410 = CARTESIAN_POINT ( 'NONE',  ( -12.11794324739278572, 2.270408727654993353, -1.937401441561344306 ) ) ;
#2411 = CARTESIAN_POINT ( 'NONE',  ( 12.46964029616553660, 3.027147881777530802, 0.8250068589919272721 ) ) ;
#2412 = CARTESIAN_POINT ( 'NONE',  ( -12.15918186388282152, 1.330945459689259591, 2.885193255655363220 ) ) ;
#2413 = CARTESIAN_POINT ( 'NONE',  ( -12.03982975928832388, -1.855767844672192357, -2.337891125708777551 ) ) ;
#2414 = CARTESIAN_POINT ( 'NONE',  ( -12.29894095355709283, 2.253268654082819733, -2.215277708746895780 ) ) ;
#2415 = CARTESIAN_POINT ( 'NONE',  ( 12.22633688069196189, 2.747385702093072091, 1.166068444480054200 ) ) ;
#2416 = FACE_OUTER_BOUND ( 'NONE', #1446, .T. ) ;
#2417 = CARTESIAN_POINT ( 'NONE',  ( 0.0000000000000000000, -76.73799999999998533, 0.0000000000000000000 ) ) ;
#2418 = CARTESIAN_POINT ( 'NONE',  ( 11.91242707954910784, -0.8224684172110667824, -2.869350215571895735 ) ) ;
#2419 = CARTESIAN_POINT ( 'NONE',  ( 11.88118726154839955, 2.264365315854195201E-14, 2.984500000031062861 ) ) ;
#2420 = LINE ( 'NONE', #2459, #66 ) ;
#2421 = AXIS2_PLACEMENT_3D ( 'NONE', #1156, #3411, #831 ) ;
#2422 = CARTESIAN_POINT ( 'NONE',  ( -11.88127114305555487, 0.04913560664469986128, -2.984197146877404450 ) ) ;
#2423 = CARTESIAN_POINT ( 'NONE',  ( 12.11176087379115707, 0.8119016189531442773, -3.078199351647237236 ) ) ;
#2424 = CARTESIAN_POINT ( 'NONE',  ( -12.11273278738437575, -2.244960776674615133, 1.966606691987075717 ) ) ;
#2425 = VERTEX_POINT ( 'NONE', #1743 ) ;
#2426 = CIRCLE ( 'NONE', #3199, 5.080000000000000071 ) ;
#2427 = CARTESIAN_POINT ( 'NONE',  ( 0.0000000000000000000, -77.24599999999999511, 0.0000000000000000000 ) ) ;
#2428 = CARTESIAN_POINT ( 'NONE',  ( -12.16952157681527780, 2.508138570030148173, -1.617604603119653595 ) ) ;
#2429 = CARTESIAN_POINT ( 'NONE',  ( 12.45431952381585639, 2.965530884147608681, -1.029834417453628248 ) ) ;
#2430 = ORIENTED_EDGE ( 'NONE', *, *, #2366, .T. ) ;
#2431 = EDGE_LOOP ( 'NONE', ( #2205, #1048, #1166, #4434 ) ) ;
#2432 = CARTESIAN_POINT ( 'NONE',  ( -11.91237408036965384, -0.8207932946671090413, -2.869520379889690442 ) ) ;
#2433 = CARTESIAN_POINT ( 'NONE',  ( 12.16612153374765626, 2.493153372682209490, -1.640739410474785887 ) ) ;
#2434 = CARTESIAN_POINT ( 'NONE',  ( 0.0000000000000000000, 76.99200000000000443, 0.0000000000000000000 ) ) ;
#2435 = DIRECTION ( 'NONE',  ( 0.0000000000000000000, -0.0000000000000000000, 1.000000000000000000 ) ) ;
#2436 = CARTESIAN_POINT ( 'NONE',  ( 12.46403940926529152, 3.004749887245384166, -0.9046384307950730008 ) ) ;
#2437 = CARTESIAN_POINT ( 'NONE',  ( -11.90278434634792681, -0.6830368674852140831, 2.905392588993277236 ) ) ;
#2438 = PERSON_AND_ORGANIZATION_ROLE ( 'creator' ) ;
#2439 = CARTESIAN_POINT ( 'NONE',  ( 12.03947452829144282, -1.853324428429276027, 2.339359453865455407 ) ) ;
#2440 = CARTESIAN_POINT ( 'NONE',  ( 0.0000000000000000000, -77.50000000000000000, 0.0000000000000000000 ) ) ;
#2441 = CARTESIAN_POINT ( 'NONE',  ( -12.32559169231271134, 2.389857943201174617, -2.061901942069918725 ) ) ;
#2442 = CARTESIAN_POINT ( 'NONE',  ( 12.19242247794584877, 2.607162856056361111, -1.453376513244172052 ) ) ;
#2443 = DIRECTION ( 'NONE',  ( 1.000000000000000000, -0.0000000000000000000, -0.0000000000000000000 ) ) ;
#2444 = EDGE_CURVE ( 'NONE', #4214, #2729, #3121, .T. ) ;
#2445 = CARTESIAN_POINT ( 'NONE',  ( 3.372677284851802032E-16, 76.99200000000000443, -2.753999999999992454 ) ) ;
#2446 = CARTESIAN_POINT ( 'NONE',  ( 12.01454076172746355, -1.700666449486943232, -2.453024379274137523 ) ) ;
#2447 = CARTESIAN_POINT ( 'NONE',  ( 12.08704068705813306, -0.2844311607965053779, -3.173872218238624310 ) ) ;
#2448 = DIRECTION ( 'NONE',  ( 0.0000000000000000000, 1.000000000000000000, 0.0000000000000000000 ) ) ;
#2449 = CARTESIAN_POINT ( 'NONE',  ( 12.20017621793852847, 1.654436350151673230, -2.706642522739415302 ) ) ;
#2450 = CARTESIAN_POINT ( 'NONE',  ( 11.92384390703708519, -0.9608596237732743850, 2.826018431364479166 ) ) ;
#2451 = B_SPLINE_CURVE_WITH_KNOTS ( 'NONE', 3,
 ( #2132, #3587, #612, #3553, #1375, #984, #4682, #3904, #2494, #1361, #1730, #4294, #266, #2105, #3212, #4275, #282, #2463, #3939, #4626, #4666, #2855, #1022, #2868, #661, #3246, #1035, #3601, #3973, #2090, #2072, #237, #2811, #4639, #601, #328, #1422, #3305, #4717, #2199, #4748, #713, #377, #1051, #4698, #3636, #2904, #3677, #4036, #1068, #366, #1841, #1437, #1111, #3614, #2923, #2888, #3991, #2509, #1794, #674, #695, #3275, #2936, #1097, #4050, #4007, #2956, #1483, #3289, #1810, #4372, #2181, #4736, #4354, #2548, #4399, #741, #312, #348, #2526, #3262, #4388, #2215, #1082, #2167, #3649, #1455, #4019, #1825, #2563, #729, #3661, #1469, #2, #2578, #3315, #4341, #2151, #2972, #801, #3331, #4100, #1892, #4064, #1168, #2643, #2663, #426, #1500, #3000, #3693, #3742, #1186, #2613, #2230, #3020, #1519, #4479, #1912, #4432, #2627, #4462, #2284, #1127, #3398, #1552, #88, #74, #1203, #763, #2248, #3385, #406, #1875, #819, #39, #441, #4115, #2986, #780, #3351, #24, #1143, #3709, #3757, #1932, #4080, #2300, #456, #4449, #1572, #2267, #3367, #393, #59, #2596, #3722, #1536, #3035, #840, #1860, #4413, #1315, #2794, #3527, #3431, #2679, #233, #3048, #2336, #3887, #2779, #4611, #871, #581, #3168, #101, #218, #967, #472, #1235, #1700, #1328, #3788, #4231, #855, #2808 ),
 .UNSPECIFIED., .F., .F.,
 ( 4, 2, 2, 1, 2, 2, 1, 2, 2, 2, 1, 2, 2, 2, 1, 2, 2, 2, 1, 1, 2, 2, 1, 1, 1, 2, 2, 2, 1, 2, 2, 2, 1, 2, 2, 1, 1, 2, 2, 2, 1, 2, 2, 2, 1, 2, 2, 1, 2, 2, 2, 2, 2, 2, 2, 2, 2, 2, 2, 1, 2, 2, 1, 1, 2, 2, 2, 1, 2, 2, 2, 1, 1, 2, 2, 1, 1, 2, 2, 2, 1, 2, 2, 2, 1, 1, 2, 2, 2, 1, 2, 2, 2, 1, 1, 2, 2, 2, 1, 2, 2, 2, 2, 2, 1, 2, 2, 2, 2, 4 ),
 ( 0.0000000000000000000, 0.01562499999999894529, 0.03124999999999789058, 0.03906249999999736322, 0.04296874999999709260, 0.04687499999999682199, 0.05468749999999627381, 0.05859374999999600320, 0.06249999999999573258, 0.07031249999999525380, 0.07421874999999499012, 0.07617187499999486522, 0.07812499999999475420, 0.08593749999999443501, 0.08984374999999429623, 0.09179687499999419908, 0.09374999999999411582, 0.1015624999999936301, 0.1054687499999933664, 0.1074218749999931999, 0.1083984374999931444, 0.1093749999999930750, 0.1132812499999929362, 0.1152343749999928529, 0.1162109374999927974, 0.1166992187499927280, 0.1171874999999926725, 0.1210937499999931027, 0.1230468749999933248, 0.1240234374999934497, 0.1249999999999935607, 0.1289062499999938660, 0.1308593749999940881, 0.1318359374999941436, 0.1328124999999942268, 0.1367187499999946709, 0.1386718749999948652, 0.1396484374999948930, 0.1406249999999949485, 0.1484374999999952816, 0.1523437499999954203, 0.1542968749999954758, 0.1562499999999955036, 0.1640624999999955591, 0.1679687499999955591, 0.1699218749999955869, 0.1718749999999955869, 0.1796874999999956979, 0.1835937499999957256, 0.1874999999999957812, 0.1953124999999959199, 0.2031249999999960587, 0.2187499999999962808, 0.2499999999999967248, 0.2656249999999969469, 0.2734374999999970024, 0.2812499999999971134, 0.2890624999999971689, 0.2968749999999972800, 0.3046874999999973355, 0.3085937499999974465, 0.3124999999999975020, 0.3203124999999975575, 0.3242187499999976685, 0.3261718749999976685, 0.3281249999999977240, 0.3359374999999979461, 0.3398437499999981126, 0.3417968749999981681, 0.3437499999999982792, 0.3515624999999983902, 0.3554687499999985012, 0.3574218749999985012, 0.3583984374999985567, 0.3593749999999986122, 0.3632812499999986677, 0.3652343749999987232, 0.3662109374999986677, 0.3671874999999985567, 0.3710937499999982792, 0.3730468749999981126, 0.3740234374999981126, 0.3749999999999981126, 0.3789062499999978906, 0.3808593749999977796, 0.3818359374999977240, 0.3823242187499977240, 0.3828124999999977240, 0.3867187499999976685, 0.3886718749999976130, 0.3896484374999976130, 0.3906249999999976130, 0.3984374999999974465, 0.4023437499999974465, 0.4042968749999973910, 0.4052734374999973910, 0.4062499999999973910, 0.4140624999999975020, 0.4179687499999976130, 0.4199218749999976130, 0.4218749999999976685, 0.4296874999999978351, 0.4335937499999979461, 0.4374999999999980016, 0.4453124999999982236, 0.4492187499999983902, 0.4531249999999985012, 0.4609374999999987232, 0.4687499999999990008, 0.5000000000000000000 ),
 .UNSPECIFIED. ) ;
#2452 = CARTESIAN_POINT ( 'NONE',  ( -11.88121164393853135, -0.1002980541083405147, 2.984411998413198930 ) ) ;
#2453 = ADVANCED_FACE ( 'NONE', ( #4312 ), #4198, .T. ) ;
#2454 = CARTESIAN_POINT ( 'NONE',  ( 12.20047849346298818, -1.658568928000721199, -2.705885699823914248 ) ) ;
#2455 = CARTESIAN_POINT ( 'NONE',  ( 12.23760809208031475, -2.792567403879603116, 1.054124330366469131 ) ) ;
#2456 = CARTESIAN_POINT ( 'NONE',  ( 12.41787690427136859, -2.814946372602100677, 1.415667130247988625 ) ) ;
#2457 = CARTESIAN_POINT ( 'NONE',  ( 11.99282109517126216, 1.555020762695307646, -2.547497245923939779 ) ) ;
#2458 = CARTESIAN_POINT ( 'NONE',  ( 12.28711212802103603, 2.983205938040169869, -0.1005859519525891949 ) ) ;
#2459 = CARTESIAN_POINT ( 'NONE',  ( -15.87500000000000000, 3.654958372055275750E-16, 2.984499999999999709 ) ) ;
#2460 = DIRECTION ( 'NONE',  ( 0.0000000000000000000, 0.0000000000000000000, -1.000000000000000000 ) ) ;
#2461 = CARTESIAN_POINT ( 'NONE',  ( 12.13837976539837449, -2.367445327260796262, -1.817909665146513642 ) ) ;
#2462 = CARTESIAN_POINT ( 'NONE',  ( 11.88118725755049709, 0.0004425346083468979373, 2.984500000000001041 ) ) ;
#2463 = CARTESIAN_POINT ( 'NONE',  ( 11.95889319904205728, 1.296505872353155953, -2.688289785017214495 ) ) ;
#2464 = CARTESIAN_POINT ( 'NONE',  ( 12.18234129758021922, 1.522588668735284534, -2.785892818375974134 ) ) ;
#2465 = CARTESIAN_POINT ( 'NONE',  ( -12.11932095734625392, -2.277026910783549685, 1.929504805654402189 ) ) ;
#2466 = DIRECTION ( 'NONE',  ( 0.0000000000000000000, 1.000000000000000000, 0.0000000000000000000 ) ) ;
#2467 = DIRECTION ( 'NONE',  ( -0.0000000000000000000, 1.000000000000000000, -0.0000000000000000000 ) ) ;
#2468 = CARTESIAN_POINT ( 'NONE',  ( 12.09480503241242921, -0.5141350186373984110, -3.144163665651924067 ) ) ;
#2469 = CYLINDRICAL_SURFACE ( 'NONE', #2089, 15.87500000000000000 ) ;
#2470 = EDGE_CURVE ( 'NONE', #3978, #3624, #4533, .T. ) ;
#2471 = CARTESIAN_POINT ( 'NONE',  ( -12.27787492512365830, 2.948505295878579346, -0.4627762455312079415 ) ) ;
#2472 = CARTESIAN_POINT ( 'NONE',  ( 12.12601287544129391, -1.013916832075199226, -3.022683798465266136 ) ) ;
#2473 = CARTESIAN_POINT ( 'NONE',  ( 12.11205147383845926, 2.241837678285947266, -1.970723949679139775 ) ) ;
#2474 = CARTESIAN_POINT ( 'NONE',  ( 12.28577998453018161, 2.978224343119781459, 0.1950030344266450721 ) ) ;
#2475 = CARTESIAN_POINT ( 'NONE',  ( -11.88118726637538280, -0.09742606932839341372, -2.984499999999999709 ) ) ;
#2476 = CONICAL_SURFACE ( 'NONE', #19, 4.572000000000034703, 0.7853981633974473908 ) ;
#2477 = CARTESIAN_POINT ( 'NONE',  ( -12.34555021686433207, 2.489767937236329498, -1.946350665390860657 ) ) ;
#2478 = VERTEX_POINT ( 'NONE', #4301 ) ;
#2479 = DIRECTION ( 'NONE',  ( 0.0000000000000000000, 1.000000000000000000, 0.0000000000000000000 ) ) ;
#2480 = CARTESIAN_POINT ( 'NONE',  ( 11.93721312845132054, -1.100478267298326429, -2.774309626993640254 ) ) ;
#2481 = ORIENTED_EDGE ( 'NONE', *, *, #1558, .F. ) ;
#2482 = CARTESIAN_POINT ( 'NONE',  ( -12.17569708993422495, -2.535714293139745834, 1.576957305930343445 ) ) ;
#2483 = ORIENTED_EDGE ( 'NONE', *, *, #2732, .F. ) ;
#2484 = CARTESIAN_POINT ( 'NONE',  ( 11.97847503529157898, -1.451647967574497544, 2.608069089325607326 ) ) ;
#2485 = CARTESIAN_POINT ( 'NONE',  ( 12.11537887242492673, -0.8635390944003537017, -3.063959902402233482 ) ) ;
#2486 = VERTEX_POINT ( 'NONE', #2111 ) ;
#2487 = CARTESIAN_POINT ( 'NONE',  ( -12.28296246060821240, 2.967663658414713801, 0.3175147021399123415 ) ) ;
#2488 = CARTESIAN_POINT ( 'NONE',  ( -12.09076037758346089, -0.4120509442390648536, 3.159681627914407986 ) ) ;
#2489 = CARTESIAN_POINT ( 'NONE',  ( 3.061616997868379197E-16, 67.34000000000000341, -2.499999999999996891 ) ) ;
#2490 = CARTESIAN_POINT ( 'NONE',  ( 12.07258248304990644, 2.039647194031406485, -2.179318712644424227 ) ) ;
#2491 = CARTESIAN_POINT ( 'NONE',  ( -11.89945555221685503, -0.6295434070106183944, -2.917745679617731458 ) ) ;
#2492 = CARTESIAN_POINT ( 'NONE',  ( -12.39539696369240040, 2.718688491667721419, -1.598444613451322160 ) ) ;
#2493 = CARTESIAN_POINT ( 'NONE',  ( 12.14297960440540258, -1.179481313292082723, -2.952653794282103838 ) ) ;
#2494 = CARTESIAN_POINT ( 'NONE',  ( 11.91233087558725856, 0.8202225936250145955, -2.869684671686363320 ) ) ;
#2495 = CARTESIAN_POINT ( 'NONE',  ( 11.88118726654882629, -0.02454949064108721130, -2.984499994374381515 ) ) ;
#2496 = CARTESIAN_POINT ( 'NONE',  ( 12.03335217402335466, 1.817291885184766809, -2.367928771091060369 ) ) ;
#2497 = CARTESIAN_POINT ( 'NONE',  ( -12.21655394682244911, -2.707624354681421153, 1.255629954895482570 ) ) ;
#2498 = CARTESIAN_POINT ( 'NONE',  ( -12.15095732694117814, 2.425268931503424152, -1.740018247816045749 ) ) ;
#2499 = CARTESIAN_POINT ( 'NONE',  ( -12.41130030960394315, 2.785710615437497317, 1.459374056277750631 ) ) ;
#2500 = CARTESIAN_POINT ( 'NONE',  ( 12.00209973915134221, -1.618555597920865230, 2.507524731777929006 ) ) ;
#2501 = CARTESIAN_POINT ( 'NONE',  ( 12.25851020987168027, -2.028901732686716475, -2.428835618292950915 ) ) ;
#2502 = CARTESIAN_POINT ( 'NONE',  ( -11.95956469842653647, -1.302129148891370436, 2.685571504113107633 ) ) ;
#2503 = CARTESIAN_POINT ( 'NONE',  ( -12.22372590673720438, -1.814628404201506173, -2.598190669689757204 ) ) ;
#2504 = CARTESIAN_POINT ( 'NONE',  ( -12.09488561906560555, -0.5140935254733058901, 3.143847006726542492 ) ) ;
#2505 = DIRECTION ( 'NONE',  ( -0.0000000000000000000, 1.000000000000000000, -0.0000000000000000000 ) ) ;
#2506 = CARTESIAN_POINT ( 'NONE',  ( -11.95115530560871875, -1.230660263586847103, -2.719388230232091530 ) ) ;
#2507 = AXIS2_PLACEMENT_3D ( 'NONE', #4307, #1779, #3540 ) ;
#2508 = CARTESIAN_POINT ( 'NONE',  ( 12.41157079864381885, -2.786892029397822768, -1.457213020341021181 ) ) ;
#2509 = CARTESIAN_POINT ( 'NONE',  ( 12.10910311454094668, 2.227182399512737998, -1.986859318691845955 ) ) ;
#2510 = CARTESIAN_POINT ( 'NONE',  ( 11.89449037656513575, -0.5377732094864493551, -2.936054851917246467 ) ) ;
#2511 = CARTESIAN_POINT ( 'NONE',  ( 12.02054874512518978, 1.738322174236685447, -2.426031116463371884 ) ) ;
#2512 = B_SPLINE_CURVE_WITH_KNOTS ( 'NONE', 1,
 ( #3927, #1364 ),
 .UNSPECIFIED., .F., .F.,
 ( 2, 2 ),
 ( 0.0000000000000000000, 1.000000000000000000 ),
 .UNSPECIFIED. ) ;
#2513 = CARTESIAN_POINT ( 'NONE',  ( -12.28738744131140059, -2.984233538836060795, 0.04688928402091166459 ) ) ;
#2514 = CARTESIAN_POINT ( 'NONE',  ( -12.47098394910571706, -3.032476661755432623, -0.8032553233147249339 ) ) ;
#2515 = CARTESIAN_POINT ( 'NONE',  ( 12.09907363903959521, -2.177125418514049837, 2.041448453246112571 ) ) ;
#2516 = CARTESIAN_POINT ( 'NONE',  ( 12.39165937868499690, -2.699855805532189734, -1.617689289873780023 ) ) ;
#2517 = CARTESIAN_POINT ( 'NONE',  ( -12.09364965050255769, 0.4851770146008009266, 3.148597199006593073 ) ) ;
#2518 = CARTESIAN_POINT ( 'NONE',  ( -11.98758414839159236, -1.517950727784364684, 2.569760437577876644 ) ) ;
#2519 = CARTESIAN_POINT ( 'NONE',  ( -12.25716566741675884, 2.869310078128095576, -0.8226017383631257784 ) ) ;
#2520 = CARTESIAN_POINT ( 'NONE',  ( -12.45486926932033711, 2.967892336834367484, -1.027719927545788448 ) ) ;
#2521 = CARTESIAN_POINT ( 'NONE',  ( -11.88118731517343640, -0.001327586715148142919, 2.984499803146037689 ) ) ;
#2522 = CARTESIAN_POINT ( 'NONE',  ( -11.99228248043308653, -1.551229658345938622, -2.549807612953661096 ) ) ;
#2523 = CARTESIAN_POINT ( 'NONE',  ( -12.38274929231064192, 2.660157933041429779, -1.685104968146045490 ) ) ;
#2524 = CARTESIAN_POINT ( 'NONE',  ( 12.46599076503676073, -3.012591577464335924, -0.8783935569501664098 ) ) ;
#2525 = CIRCLE ( 'NONE', #177, 2.499999999999996891 ) ;
#2526 = CARTESIAN_POINT ( 'NONE',  ( 12.21897667104332541, 2.717526138280508263, -1.234042401040804204 ) ) ;
#2527 = CARTESIAN_POINT ( 'NONE',  ( 11.93264747489354605, -1.054603735151075306, -2.792070036909885644 ) ) ;
#2528 = CARTESIAN_POINT ( 'NONE',  ( 12.02533672603534853, 1.768107058687810040, -2.404410246887021874 ) ) ;
#2529 = CARTESIAN_POINT ( 'NONE',  ( -12.23101929732707660, -2.766227351132917622, 1.120639254220415770 ) ) ;
#2530 = CARTESIAN_POINT ( 'NONE',  ( -12.46403940926529685, -3.004749887245397932, -0.9046384307950694481 ) ) ;
#2531 = FACE_BOUND ( 'NONE', #4496, .T. ) ;
#2532 = CARTESIAN_POINT ( 'NONE',  ( -12.09070508438234093, 0.4081137152948466906, 3.159884789339447941 ) ) ;
#2533 = CARTESIAN_POINT ( 'NONE',  ( 12.24989519045678321, -2.841006482780874531, 0.9156350746970030041 ) ) ;
#2534 = CARTESIAN_POINT ( 'NONE',  ( 12.49151816558137007, -3.113108233430005534, -0.3642258416055066950 ) ) ;
#2535 = CARTESIAN_POINT ( 'NONE',  ( 12.35443174346518980, 2.529579896489641655, -1.881084378769323662 ) ) ;
#2536 = ORIENTED_EDGE ( 'NONE', *, *, #1194, .T. ) ;
#2537 = CARTESIAN_POINT ( 'NONE',  ( -12.10777211421145161, -2.220553503618861502, 1.994124661624256500 ) ) ;
#2538 = CIRCLE ( 'NONE', #4324, 15.87500000000000000 ) ;
#2539 = EDGE_CURVE ( 'NONE', #1340, #3243, #209, .T. ) ;
#2540 = CARTESIAN_POINT ( 'NONE',  ( 11.88118726637539879, -1.694065894508600678E-18, -2.984499999999999709 ) ) ;
#2541 = CARTESIAN_POINT ( 'NONE',  ( 12.31922662444804217, 2.362020991399936154, 2.104573744860287032 ) ) ;
#2542 = CARTESIAN_POINT ( 'NONE',  ( -11.99681870797731520, -1.582842609342532736, -2.530406790119117399 ) ) ;
#2543 = ORIENTED_EDGE ( 'NONE', *, *, #3526, .F. ) ;
#2544 = CARTESIAN_POINT ( 'NONE',  ( 0.0000000000000000000, 67.34000000000000341, 0.0000000000000000000 ) ) ;
#2545 = CARTESIAN_POINT ( 'NONE',  ( 12.35797295509087768, -2.546376849204101678, -1.858032564942219134 ) ) ;
#2546 = EDGE_LOOP ( 'NONE', ( #631, #73 ) ) ;
#2547 = CARTESIAN_POINT ( 'NONE',  ( -11.93721312845130278, 1.100478267298325541, -2.774309626993641142 ) ) ;
#2548 = CARTESIAN_POINT ( 'NONE',  ( 12.19262384341026006, 2.607930096211455773, -1.451232805367138834 ) ) ;
#2549 = CARTESIAN_POINT ( 'NONE',  ( 11.88127114305556731, -0.04913560664470133232, -2.984197146877404894 ) ) ;
#2550 = CARTESIAN_POINT ( 'NONE',  ( -12.16612153374764382, -2.493153372682209490, -1.640739410474783888 ) ) ;
#2551 = CARTESIAN_POINT ( 'NONE',  ( -12.10424440890892051, -2.203026016496025807, -2.013440025578192571 ) ) ;
#2552 = CARTESIAN_POINT ( 'NONE',  ( -12.49678909792204529, -3.133491583620647614, -0.05503987697976757409 ) ) ;
#2553 = CARTESIAN_POINT ( 'NONE',  ( 12.09043863530895280, -2.133247780846633468, 2.087440916763945609 ) ) ;
#2554 = CARTESIAN_POINT ( 'NONE',  ( 12.49517428234832828, -3.127260573051947823, -0.2081823614561492120 ) ) ;
#2555 = CARTESIAN_POINT ( 'NONE',  ( -11.94678223713263421, -1.191575745778530537, 2.736741445525785021 ) ) ;
#2556 = CARTESIAN_POINT ( 'NONE',  ( -12.48895648411598103, 3.103156655130518082, 0.4434631314732075946 ) ) ;
#2557 = DIRECTION ( 'NONE',  ( -0.0000000000000000000, 1.000000000000000000, -0.0000000000000000000 ) ) ;
#2558 = DIRECTION ( 'NONE',  ( 0.0000000000000000000, 0.0000000000000000000, -1.000000000000000000 ) ) ;
#2559 = CARTESIAN_POINT ( 'NONE',  ( 11.88285278341130535, 0.1956679038973372642, -2.978479874614401002 ) ) ;
#2560 = CARTESIAN_POINT ( 'NONE',  ( -12.05378621873637002, -1.936000829488298214, -2.271604844238464871 ) ) ;
#2561 = CARTESIAN_POINT ( 'NONE',  ( -12.08644160275910195, 0.2586631237461495259, -3.176152345005660571 ) ) ;
#2562 = CARTESIAN_POINT ( 'NONE',  ( 12.30564759362929195, -2.288365814009750032, -2.177742464738396944 ) ) ;
#2563 = CARTESIAN_POINT ( 'NONE',  ( 12.28741583917430980, 2.984344076189656914, -0.1988950878857111693 ) ) ;
#2564 = CARTESIAN_POINT ( 'NONE',  ( 12.28713928923417775, -2.983307376689181556, -0.09746475695230792657 ) ) ;
#2565 = CARTESIAN_POINT ( 'NONE',  ( -11.99282109517124795, -1.555020762695306979, -2.547497245923939779 ) ) ;
#2566 = CARTESIAN_POINT ( 'NONE',  ( -12.18434277025709989, -2.572612017466421541, -1.513109877829064809 ) ) ;
#2567 = CARTESIAN_POINT ( 'NONE',  ( 12.18740315194192192, -2.585723381545621091, 1.490581979658589518 ) ) ;
#2568 = CARTESIAN_POINT ( 'NONE',  ( -12.08358269948762498, 0.09973114564072760313, 3.187011008678390045 ) ) ;
#2569 = CARTESIAN_POINT ( 'NONE',  ( 12.48365570521417212, -3.082468095806530251, 0.5736058223364247644 ) ) ;
#2570 = CARTESIAN_POINT ( 'NONE',  ( 12.31840426371113040, 2.353785796498082394, -2.104385560100459962 ) ) ;
#2571 = CARTESIAN_POINT ( 'NONE',  ( 12.39498397551682274, -2.716817306343932703, 1.601447661568982106 ) ) ;
#2572 = CARTESIAN_POINT ( 'NONE',  ( 12.45603181811592819, 2.973460587075611450, 1.027209442952939256 ) ) ;
#2573 = CARTESIAN_POINT ( 'NONE',  ( -12.08336236224210047, -2.096462450607193162, -2.124183130214650994 ) ) ;
#2574 = AXIS2_PLACEMENT_3D ( 'NONE', #3441, #528, #510 ) ;
#2575 = CARTESIAN_POINT ( 'NONE',  ( -12.25851020987167850, 2.028901732686717807, -2.428835618292960685 ) ) ;
#2576 = ADVANCED_FACE ( 'NONE', ( #3672 ), #2766, .F. ) ;
#2577 = CARTESIAN_POINT ( 'NONE',  ( 12.44609998766246051, -2.932016690896595890, 1.125618846685716434 ) ) ;
#2578 = CARTESIAN_POINT ( 'NONE',  ( 12.27696041355037870, 2.945058453800477150, 0.4860632301305023439 ) ) ;
#2579 = CARTESIAN_POINT ( 'NONE',  ( 12.19241244937392743, -2.607122316576536480, 1.453465101388428327 ) ) ;
#2580 = CARTESIAN_POINT ( 'NONE',  ( -11.96163281840180481, -1.321798619976118472, -2.677593778844299166 ) ) ;
#2581 = CARTESIAN_POINT ( 'NONE',  ( -12.21897667104327745, -2.717526138285071724, -1.234042401030714275 ) ) ;
#2582 = CARTESIAN_POINT ( 'NONE',  ( 12.26959595620102839, -2.917088927403387544, 0.6326962555359159079 ) ) ;
#2583 = CARTESIAN_POINT ( 'NONE',  ( -12.33901482920034098, -2.455755778749115770, 1.979685485675924950 ) ) ;
#2584 = CARTESIAN_POINT ( 'NONE',  ( 12.25814787435912123, -2.026782988954745512, 2.430662593385509496 ) ) ;
#2585 = CARTESIAN_POINT ( 'NONE',  ( 12.15093192675265144, -2.425562910247538451, 1.741641411596495326 ) ) ;
#2586 = CARTESIAN_POINT ( 'NONE',  ( 12.29837384587081495, 2.250272736911964166, -2.218420693228670082 ) ) ;
#2587 = VECTOR ( 'NONE', #258, 1000.000000000000000 ) ;
#2588 = CARTESIAN_POINT ( 'NONE',  ( -12.18234129758021744, -1.522588668735294526, -2.785892818375987900 ) ) ;
#2589 = CARTESIAN_POINT ( 'NONE',  ( 0.0000000000000000000, 77.24599999999999511, 0.0000000000000000000 ) ) ;
#2590 = CARTESIAN_POINT ( 'NONE',  ( -11.88118726154840310, -1.975649257651049234E-14, 2.984500000031062861 ) ) ;
#2591 = CARTESIAN_POINT ( 'NONE',  ( -12.06280917506864370, -1.986194484439138375, -2.227633087271428725 ) ) ;
#2592 = CIRCLE ( 'NONE', #4047, 3.810000000000000053 ) ;
#2593 = CARTESIAN_POINT ( 'NONE',  ( -12.28548079105688373, 2.180912236884999800, -2.288516027176650258 ) ) ;
#2594 = CARTESIAN_POINT ( 'NONE',  ( 12.35794712215985136, -2.546685508033184941, 1.859765817547855526 ) ) ;
#2595 = VERTEX_POINT ( 'NONE', #2209 ) ;
#2596 = CARTESIAN_POINT ( 'NONE',  ( 12.03275463565814185, 1.813664481914831539, 2.370699405133024129 ) ) ;
#2597 = CARTESIAN_POINT ( 'NONE',  ( 12.27979043126457448, -2.955732681893683544, -0.4141130871851449458 ) ) ;
#2598 = CARTESIAN_POINT ( 'NONE',  ( -12.09235659723506551, -2.143247790658937113, -2.077516056706273151 ) ) ;
#2599 = CARTESIAN_POINT ( 'NONE',  ( 11.89582918234058262, 0.5624931474442376178, 2.931117982712795111 ) ) ;
#2600 = CARTESIAN_POINT ( 'NONE',  ( -12.24965720695030313, -2.840076442414114055, -0.9185309876058118661 ) ) ;
#2601 = ORIENTED_EDGE ( 'NONE', *, *, #2444, .F. ) ;
#2602 = CARTESIAN_POINT ( 'NONE',  ( 12.20070485005956051, -2.642003750206602941, -1.388375946697540053 ) ) ;
#2603 = ORIENTED_EDGE ( 'NONE', *, *, #3436, .T. ) ;
#2604 = CARTESIAN_POINT ( 'NONE',  ( -12.17431947503332523, -1.458732437309308017, 2.820658901540058050 ) ) ;
#2605 = CARTESIAN_POINT ( 'NONE',  ( 12.48989407275940167, -3.106801996950898204, -0.4162122008282687080 ) ) ;
#2606 = CARTESIAN_POINT ( 'NONE',  ( -12.22401078030736876, 2.738024591659800500, -1.188622559333885942 ) ) ;
#2607 = ORIENTED_EDGE ( 'NONE', *, *, #4042, .F. ) ;
#2608 = AXIS2_PLACEMENT_3D ( 'NONE', #1590, #3871, #1961 ) ;
#2609 = DIRECTION ( 'NONE',  ( 0.0000000000000000000, -1.000000000000000000, 0.0000000000000000000 ) ) ;
#2610 = CARTESIAN_POINT ( 'NONE',  ( -12.01983798459466435, 1.734231034590536513, 2.429411465153468619 ) ) ;
#2611 = CARTESIAN_POINT ( 'NONE',  ( -12.49151816558137185, 3.113108233430007754, -0.3642258416055197956 ) ) ;
#2612 = CARTESIAN_POINT ( 'NONE',  ( 12.43209629651542159, -2.873974824194779121, 1.270262521096829911 ) ) ;
#2613 = CARTESIAN_POINT ( 'NONE',  ( 12.17896866918757937, 2.549422958613365431, 1.551860408732425700 ) ) ;
#2614 = CARTESIAN_POINT ( 'NONE',  ( 12.28226544355418604, -2.965046073720460029, -0.3410917670000248036 ) ) ;
#2615 = CARTESIAN_POINT ( 'NONE',  ( 11.97884144482853408, 1.453999501091320701, 2.606478493194073653 ) ) ;
#2616 = DIRECTION ( 'NONE',  ( -0.0000000000000000000, 1.000000000000000000, -0.0000000000000000000 ) ) ;
#2617 = CARTESIAN_POINT ( 'NONE',  ( 12.14240231462367348, -2.385976857544971352, -1.793026394155033287 ) ) ;
#2618 = CARTESIAN_POINT ( 'NONE',  ( -12.09163356736246442, 0.4338886456830233773, 3.156330765027315799 ) ) ;
#2619 = CARTESIAN_POINT ( 'NONE',  ( 12.12699020818499385, -1.008840986469266898, 3.017689200209609179 ) ) ;
#2620 = CARTESIAN_POINT ( 'NONE',  ( -12.26952400662183251, 2.916803205670540411, -0.6325368504145902904 ) ) ;
#2621 = CARTESIAN_POINT ( 'NONE',  ( 0.0000000000000000000, -72.80100000000000193, 0.0000000000000000000 ) ) ;
#2622 = CARTESIAN_POINT ( 'NONE',  ( -12.09066229217402366, -0.4092127757029425661, -3.160056637885146458 ) ) ;
#2623 = DIRECTION ( 'NONE',  ( 0.0000000000000000000, -0.0000000000000000000, 1.000000000000000000 ) ) ;
#2624 = CARTESIAN_POINT ( 'NONE',  ( -12.04005097408703939, -1.856741241682070331, -2.336677695167329372 ) ) ;
#2625 = CARTESIAN_POINT ( 'NONE',  ( -12.49149144026155156, 3.113004578787411436, 0.3651492756411141016 ) ) ;
#2626 = CARTESIAN_POINT ( 'NONE',  ( 12.41267010008480831, -2.791604551864378170, 1.447677664829228439 ) ) ;
#2627 = CARTESIAN_POINT ( 'NONE',  ( 12.14281024543014809, 2.387859429201173889, 1.790519092502433685 ) ) ;
#2628 = CARTESIAN_POINT ( 'NONE',  ( 12.27334148806175129, -2.931335362896425600, 0.5613521881607476116 ) ) ;
#2629 = CARTESIAN_POINT ( 'NONE',  ( 12.07961649027560647, 2.077056308232835935, 2.143698992197228925 ) ) ;
#2630 = CARTESIAN_POINT ( 'NONE',  ( -12.03275463566491155, -1.813664481964449404, 2.370699405095066492 ) ) ;
#2631 = CARTESIAN_POINT ( 'NONE',  ( 12.09302555224609321, -2.146445343657655602, -2.073726564406979556 ) ) ;
#2632 = EDGE_CURVE ( 'NONE', #4485, #4214, #1846, .T. ) ;
#2633 = CARTESIAN_POINT ( 'NONE',  ( -12.31909718478294202, -2.357064849526551598, 2.099989055132946092 ) ) ;
#2634 = CARTESIAN_POINT ( 'NONE',  ( 12.09723783930892793, 0.5650732858992323360, 3.134783698671473662 ) ) ;
#2635 = CARTESIAN_POINT ( 'NONE',  ( -12.28490125327423321, 2.974937418635331454, -0.2436860220551921585 ) ) ;
#2636 = DIRECTION ( 'NONE',  ( 0.0000000000000000000, 0.0000000000000000000, -1.000000000000000000 ) ) ;
#2637 = CARTESIAN_POINT ( 'NONE',  ( -12.11184217579274502, 0.8142008455161640068, -3.077898810474622326 ) ) ;
#2638 = CARTESIAN_POINT ( 'NONE',  ( -12.07544006193627162, 2.054635946529443480, 2.164685988550682172 ) ) ;
#2639 = CARTESIAN_POINT ( 'NONE',  ( -11.89985499950575232, -0.6350495472403717701, 2.916257452302219111 ) ) ;
#2640 = AXIS2_PLACEMENT_3D ( 'NONE', #401, #3028, #4443 ) ;
#2641 = CARTESIAN_POINT ( 'NONE',  ( -12.47855965303111070, 3.062456315720680333, -0.6754377823746527953 ) ) ;
#2642 = CARTESIAN_POINT ( 'NONE',  ( 12.25481952403836949, -2.007233470517726381, 2.447384421511047403 ) ) ;
#2643 = CARTESIAN_POINT ( 'NONE',  ( 12.22420622597467954, 2.738811857613530520, 1.186741835466829320 ) ) ;
#2644 = CARTESIAN_POINT ( 'NONE',  ( 11.98435035308103735, -1.495031155449134452, 2.583501173393206951 ) ) ;
#2645 = CARTESIAN_POINT ( 'NONE',  ( 11.88246834770638394, -0.1927896352889922060, 2.979886204415610695 ) ) ;
#2646 = CARTESIAN_POINT ( 'NONE',  ( -12.15812272830476992, -2.457580004201952217, 1.693945926686360570 ) ) ;
#2647 = CIRCLE ( 'NONE', #660, 2.753999999999992454 ) ;
#2648 = CARTESIAN_POINT ( 'NONE',  ( 12.06791749866243713, -2.014138427150307109, -2.202387102208451797 ) ) ;
#2649 = CARTESIAN_POINT ( 'NONE',  ( -12.38554173821474080, -2.672602488886890892, -1.663992745615559654 ) ) ;
#2650 = CARTESIAN_POINT ( 'NONE',  ( 12.08358269948763208, -0.09973114564073166932, 3.187011008678374058 ) ) ;
#2651 = CARTESIAN_POINT ( 'NONE',  ( -12.17531862125450104, 2.533638487136788076, -1.578074275652344038 ) ) ;
#2652 = FACE_OUTER_BOUND ( 'NONE', #1792, .T. ) ;
#2653 = DIRECTION ( 'NONE',  ( 0.0000000000000000000, 0.0000000000000000000, 1.000000000000000000 ) ) ;
#2654 = CARTESIAN_POINT ( 'NONE',  ( -12.08394805228979685, -0.1029478049812188739, -3.185626586461255627 ) ) ;
#2655 = CARTESIAN_POINT ( 'NONE',  ( -12.20908975240433136, 2.676917486261888079, -1.319837093436317721 ) ) ;
#2656 = CARTESIAN_POINT ( 'NONE',  ( -11.93251999612897940, -1.056832730011158850, 2.792814394030891378 ) ) ;
#2657 = CARTESIAN_POINT ( 'NONE',  ( 12.25716566741677305, -2.869310078128096908, -0.8226017383631228919 ) ) ;
#2658 = ORIENTED_EDGE ( 'NONE', *, *, #1994, .F. ) ;
#2659 = CARTESIAN_POINT ( 'NONE',  ( -12.42732851213260226, 2.854031443278566282, -1.316720939079235153 ) ) ;
#2660 = CARTESIAN_POINT ( 'NONE',  ( 12.08500591814743785, 0.2076729801638397266, 3.181628129500687407 ) ) ;
#2661 = CYLINDRICAL_SURFACE ( 'NONE', #1776, 12.49680000000000035 ) ;
#2662 = CARTESIAN_POINT ( 'NONE',  ( -11.96220934797016433, 1.324527636802318664, -2.674930395988736720 ) ) ;
#2663 = CARTESIAN_POINT ( 'NONE',  ( 12.21704120087412981, 2.709743929031005916, 1.252488172423984025 ) ) ;
#2664 = CARTESIAN_POINT ( 'NONE',  ( 11.92384390703708519, -0.9608596237732743850, 2.826018431364479166 ) ) ;
#2665 = EDGE_LOOP ( 'NONE', ( #824, #2543, #3126, #3019 ) ) ;
#2666 = CARTESIAN_POINT ( 'NONE',  ( -12.24437718352455029, -2.819398002343736387, 0.9810525616749891098 ) ) ;
#2667 = CARTESIAN_POINT ( 'NONE',  ( 12.06678885152302350, -2.007995872361561407, -2.207986570676759630 ) ) ;
#2668 = ORIENTED_EDGE ( 'NONE', *, *, #79, .T. ) ;
#2669 = CARTESIAN_POINT ( 'NONE',  ( -12.41692436771176666, -2.809911393181758754, 1.411469635289042124 ) ) ;
#2670 = CARTESIAN_POINT ( 'NONE',  ( 12.10117747628260787, 0.6414590908910577927, 3.119542054985864343 ) ) ;
#2671 = AXIS2_PLACEMENT_3D ( 'NONE', #519, #3810, #1617 ) ;
#2672 = DIRECTION ( 'NONE',  ( 0.0000000000000000000, 0.0000000000000000000, -1.000000000000000000 ) ) ;
#2673 = CARTESIAN_POINT ( 'NONE',  ( -12.08908556447596894, 0.3614854575597712949, -3.166077915437412571 ) ) ;
#2674 = CARTESIAN_POINT ( 'NONE',  ( -12.25521536058340466, 2.861718063866706796, -0.8475675094131673859 ) ) ;
#2675 = CARTESIAN_POINT ( 'NONE',  ( -11.89106185652378223, 0.4621015699850765102, 2.948611711476818886 ) ) ;
#2676 = CARTESIAN_POINT ( 'NONE',  ( 12.23789680176344419, -2.793903994848168537, -1.053940781412958883 ) ) ;
#2677 = CARTESIAN_POINT ( 'NONE',  ( -12.45853998971546517, 2.982644915243829686, 0.9784073759634210887 ) ) ;
#2678 = CARTESIAN_POINT ( 'NONE',  ( 12.13576891284703940, -1.105410314898595203, 2.982149774371116280 ) ) ;
#2679 = CARTESIAN_POINT ( 'NONE',  ( 11.97853269742743620, 1.451564355235804626, 2.607745535604176101 ) ) ;
#2680 = CARTESIAN_POINT ( 'NONE',  ( 11.96203573122344999, -1.323111600748196004, 2.675635230784984220 ) ) ;
#2681 = CC_DESIGN_DATE_AND_TIME_ASSIGNMENT ( #513, #243, ( #3115 ) ) ;
#2682 = CARTESIAN_POINT ( 'NONE',  ( -12.10674062846004517, -2.215433171642417154, 1.999779334639230521 ) ) ;
#2683 = CARTESIAN_POINT ( 'NONE',  ( -12.30506998725490142, -2.285361991388941139, -2.181003193794920136 ) ) ;
#2684 = CARTESIAN_POINT ( 'NONE',  ( 12.11526667616628750, -0.8620167796081467104, 3.064403387016858993 ) ) ;
#2685 = CARTESIAN_POINT ( 'NONE',  ( -12.28223916592580700, 2.964947348983633546, 0.3419565484376227427 ) ) ;
#2686 = CARTESIAN_POINT ( 'NONE',  ( -12.48639826640616413, -3.093248184822890323, 0.5199775121076134488 ) ) ;
#2687 = CARTESIAN_POINT ( 'NONE',  ( -12.12269077531029993, 2.293200056027772327, 1.910132525306062368 ) ) ;
#2688 = CARTESIAN_POINT ( 'NONE',  ( -11.88655998673882941, -0.3438133752873908100, 2.965033756366272311 ) ) ;
#2689 = CARTESIAN_POINT ( 'NONE',  ( 12.20365732168908224, -2.654344998646079645, -1.364657054020669502 ) ) ;
#2690 = CARTESIAN_POINT ( 'NONE',  ( -12.23834183112231777, 1.907892794285643845, 2.528634362973487981 ) ) ;
#2691 = CARTESIAN_POINT ( 'NONE',  ( -12.20339136376919598, 2.653219773770532530, 1.366680830156256743 ) ) ;
#2692 = CARTESIAN_POINT ( 'NONE',  ( 12.29888870811653234, 2.252993721882736722, 2.215568442166382379 ) ) ;
#2693 = CARTESIAN_POINT ( 'NONE',  ( -12.17134202108027274, 1.435033023422300547, 2.833563271965021002 ) ) ;
#2694 = CARTESIAN_POINT ( 'NONE',  ( -2.265388767511804655E-15, -76.99200000000000443, 4.572000000000034703 ) ) ;
#2695 = CARTESIAN_POINT ( 'NONE',  ( 11.93701433336822859, -1.098517991242590863, 2.775085237020825435 ) ) ;
#2696 = CARTESIAN_POINT ( 'NONE',  ( -12.09574910309935092, -2.160303324537893310, 2.059242250708362310 ) ) ;
#2697 = EDGE_CURVE ( 'NONE', #3852, #1234, #1907, .T. ) ;
#2698 = CARTESIAN_POINT ( 'NONE',  ( -12.43939893973873367, -2.904361324660833521, 1.196645052721464042 ) ) ;
#2699 = CARTESIAN_POINT ( 'NONE',  ( 12.34875728892214575, 2.502648448742001985, 1.917980360389818451 ) ) ;
#2700 = CARTESIAN_POINT ( 'NONE',  ( -12.26051197583243457, 2.882240396394506909, 0.7760907459606910530 ) ) ;
#2701 = CARTESIAN_POINT ( 'NONE',  ( -12.39492025025770872, -2.714685974061616047, 1.595135676471213237 ) ) ;
#2702 = CARTESIAN_POINT ( 'NONE',  ( -12.26671794726383702, 2.906095378039705412, 0.6813487767659999195 ) ) ;
#2703 = DIRECTION ( 'NONE',  ( 0.0000000000000000000, 0.0000000000000000000, 1.000000000000000000 ) ) ;
#2704 = DIRECTION ( 'NONE',  ( -0.0000000000000000000, 1.000000000000000000, -0.0000000000000000000 ) ) ;
#2705 = CARTESIAN_POINT ( 'NONE',  ( -12.13945510217576285, 2.372458931075871913, 1.811359176913915903 ) ) ;
#2706 = VECTOR ( 'NONE', #2344, 1000.000000000000000 ) ;
#2707 = CARTESIAN_POINT ( 'NONE',  ( -12.11172933455251233, 0.8125869274277860432, 3.078342875307434223 ) ) ;
#2708 = CARTESIAN_POINT ( 'NONE',  ( 12.12289710503071483, -0.9601438083031178516, 3.034076544561977951 ) ) ;
#2709 = CARTESIAN_POINT ( 'NONE',  ( -12.30540774241396562, 2.287120849369769449, 2.179099888369070648 ) ) ;
#2710 = CARTESIAN_POINT ( 'NONE',  ( 11.90278434634794635, 0.6830368674852131949, 2.905392588993277236 ) ) ;
#2711 = VECTOR ( 'NONE', #2557, 1000.000000000000000 ) ;
#2712 = CARTESIAN_POINT ( 'NONE',  ( 12.12103473117542052, 0.9361831207667558052, -3.041478157898980239 ) ) ;
#2713 = DIRECTION ( 'NONE',  ( 0.0000000000000000000, 0.0000000000000000000, -1.000000000000000000 ) ) ;
#2714 = ORIENTED_EDGE ( 'NONE', *, *, #3342, .T. ) ;
#2715 = CIRCLE ( 'NONE', #4651, 3.810000000000000053 ) ;
#2716 = CARTESIAN_POINT ( 'NONE',  ( -12.45224846732759438, -2.957112330936298328, -1.054574649723393209 ) ) ;
#2717 = CARTESIAN_POINT ( 'NONE',  ( 12.21960272216482579, 1.788042507447927365, 2.617670292285576128 ) ) ;
#2718 = CARTESIAN_POINT ( 'NONE',  ( 12.03333021385407342, -1.817151738583570264, 2.368026275021390958 ) ) ;
#2719 = ADVANCED_FACE ( 'NONE', ( #4759 ), #289, .F. ) ;
#2720 = CARTESIAN_POINT ( 'NONE',  ( -12.24983970438779046, 2.840787705444498545, 0.9162631054462281321 ) ) ;
#2721 = CARTESIAN_POINT ( 'NONE',  ( -12.49615994948196551, -3.131065165694114860, 0.1292014981445323007 ) ) ;
#2722 = VERTEX_POINT ( 'NONE', #3915 ) ;
#2723 = VERTEX_POINT ( 'NONE', #4001 ) ;
#2724 = CARTESIAN_POINT ( 'NONE',  ( 11.96729908587019331, -1.365620184805878434, -2.654225145330852520 ) ) ;
#2725 = CARTESIAN_POINT ( 'NONE',  ( 12.08403488437478401, -0.1032945993076081342, -3.185296156385603261 ) ) ;
#2726 = CARTESIAN_POINT ( 'NONE',  ( -12.08529127754114540, 2.106524135180677604, 2.114202812408001453 ) ) ;
#2727 = CARTESIAN_POINT ( 'NONE',  ( -12.20660566509061340, 1.700046868318778603, 2.677621065894370211 ) ) ;
#2728 = CARTESIAN_POINT ( 'NONE',  ( 12.10228699411950970, -0.6628229836771041272, 3.115248252005647256 ) ) ;
#2729 = VERTEX_POINT ( 'NONE', #686 ) ;
#2730 = CARTESIAN_POINT ( 'NONE',  ( 12.04031993478904816, 1.858646168328473181, 2.335598524623933692 ) ) ;
#2731 = DIRECTION ( 'NONE',  ( 0.0000000000000000000, 0.0000000000000000000, 1.000000000000000000 ) ) ;
#2732 = EDGE_CURVE ( 'NONE', #998, #2486, #3452, .T. ) ;
#2733 = CARTESIAN_POINT ( 'NONE',  ( 12.11176087379115707, 0.8119016189531442773, -3.078199351647237236 ) ) ;
#2734 = CARTESIAN_POINT ( 'NONE',  ( 11.88118759341397990, 0.002655104640755226800, 2.984498818967658007 ) ) ;
#2735 = CARTESIAN_POINT ( 'NONE',  ( -11.92397620232166666, 0.9623521027766502867, -2.825512394160812679 ) ) ;
#2736 = CARTESIAN_POINT ( 'NONE',  ( 12.20705015064357291, 1.703133925199225462, 2.675596222006074054 ) ) ;
#2737 = CARTESIAN_POINT ( 'NONE',  ( -12.20473820808908272, 2.658833389408318926, 1.355727343689972608 ) ) ;
#2738 = AXIS2_PLACEMENT_3D ( 'NONE', #1353, #2704, #1989 ) ;
#2739 = CARTESIAN_POINT ( 'NONE',  ( 11.91234736133361061, -0.8214660601454862876, -2.869650943595240644 ) ) ;
#2740 = CARTESIAN_POINT ( 'NONE',  ( -12.08360682715019685, 1.185846126156020475E-17, -3.186919560774812865 ) ) ;
#2741 = CARTESIAN_POINT ( 'NONE',  ( -12.13753427376165028, 2.363442031854249503, -1.822779947252685995 ) ) ;
#2742 = CARTESIAN_POINT ( 'NONE',  ( 12.27677105749927833, -2.944333532627680494, 0.4886182339614045245 ) ) ;
#2743 = CARTESIAN_POINT ( 'NONE',  ( 12.49509258372491871, 3.126944571196557998, 0.2082288439687444703 ) ) ;
#2744 = CARTESIAN_POINT ( 'NONE',  ( -12.15395690006925555, 1.283979817258382949, 2.907124362768779058 ) ) ;
#2745 = CARTESIAN_POINT ( 'NONE',  ( -11.88384728840994065, -0.2443317485919301313, -2.974881405472745932 ) ) ;
#2746 = CARTESIAN_POINT ( 'NONE',  ( 11.97598891359685780, 1.432528425803793803, 2.618339683851450328 ) ) ;
#2747 = CARTESIAN_POINT ( 'NONE',  ( -12.20087798457016071, -1.659867217786520355, 2.703580891718964097 ) ) ;
#2748 = CARTESIAN_POINT ( 'NONE',  ( -11.98265590833499594, -1.482317097944114703, 2.590550775768544867 ) ) ;
#2749 = CARTESIAN_POINT ( 'NONE',  ( -12.44844640504021172, -2.941595529707328627, 1.098546782297362689 ) ) ;
#2750 = CARTESIAN_POINT ( 'NONE',  ( -12.16542292851161555, -1.387803786003075412, -2.859197852105380910 ) ) ;
#2751 = CARTESIAN_POINT ( 'NONE',  ( 12.48383685367245022, 3.083189439229149453, 0.5713461405205484400 ) ) ;
#2752 = CARTESIAN_POINT ( 'NONE',  ( -11.96203573122343400, 1.323111600748201333, 2.675635230784980223 ) ) ;
#2753 = CARTESIAN_POINT ( 'NONE',  ( -12.39547208828932234, -2.718968206364510642, 1.597681407234368578 ) ) ;
#2754 = CARTESIAN_POINT ( 'NONE',  ( -12.11210020336588578, 2.241876880051790533, -1.970155496541004414 ) ) ;
#2755 = CARTESIAN_POINT ( 'NONE',  ( 12.43939893973873900, 2.904361324660829524, 1.196645052721447833 ) ) ;
#2756 = CARTESIAN_POINT ( 'NONE',  ( -11.90719233806133026, -0.7494926636358644201, -2.888962525756311184 ) ) ;
#2757 = CARTESIAN_POINT ( 'NONE',  ( -12.24515683313773984, 1.949683520220848898, -2.495453042610967120 ) ) ;
#2758 = CARTESIAN_POINT ( 'NONE',  ( 12.15134225465434348, 2.427018015733701350, 1.737580491297585183 ) ) ;
#2759 = CARTESIAN_POINT ( 'NONE',  ( 11.95184018324930619, -1.236124719474409828, -2.716585411829242069 ) ) ;
#2760 = CARTESIAN_POINT ( 'NONE',  ( -12.31573430793196522, -2.340013466760410665, 2.119622098224905660 ) ) ;
#2761 = CARTESIAN_POINT ( 'NONE',  ( -11.99585869667294880, -1.576526506193068222, 2.534600908057092816 ) ) ;
#2762 = AXIS2_PLACEMENT_3D ( 'NONE', #3501, #1306, #3865 ) ;
#2763 = CARTESIAN_POINT ( 'NONE',  ( -12.15487618138222992, -1.295717178128119373, -2.903562462621132934 ) ) ;
#2764 = CARTESIAN_POINT ( 'NONE',  ( 12.39492025025770516, 2.714685974061614271, 1.595135676471208575 ) ) ;
#2765 = CARTESIAN_POINT ( 'NONE',  ( -11.98758414839159236, -1.517950727784364684, 2.569760437577876644 ) ) ;
#2766 = CONICAL_SURFACE ( 'NONE', #3409, 2.499999999999996891, 1.029744258676653645 ) ;
#2767 = DIRECTION ( 'NONE',  ( 0.0000000000000000000, -0.0000000000000000000, -1.000000000000000000 ) ) ;
#2768 = CARTESIAN_POINT ( 'NONE',  ( -12.18744184030754418, 2.585981591104800081, -1.490751100487515579 ) ) ;
#2769 = CARTESIAN_POINT ( 'NONE',  ( 12.28298420466596674, -2.967745287428107837, -0.3167442729884414332 ) ) ;
#2770 = CARTESIAN_POINT ( 'NONE',  ( -12.05280447448405923, 1.930387411253758900, 2.276277255079318440 ) ) ;
#2771 = CARTESIAN_POINT ( 'NONE',  ( 12.40014454708210856, 2.737353805399052931, -1.551949753468912618 ) ) ;
#2772 = CIRCLE ( 'NONE', #3552, 15.87500000000000000 ) ;
#2773 = AXIS2_PLACEMENT_3D ( 'NONE', #2832, #2108, #3578 ) ;
#2774 = CARTESIAN_POINT ( 'NONE',  ( -12.02054874512517202, -1.738322174236685003, -2.426031116463374104 ) ) ;
#2775 = CARTESIAN_POINT ( 'NONE',  ( -12.42732851213260226, 2.854031443278566282, -1.316720939079235153 ) ) ;
#2776 = CARTESIAN_POINT ( 'NONE',  ( 12.12259240065464283, 2.292766354134714302, 1.910774513422991427 ) ) ;
#2777 = ORIENTED_EDGE ( 'NONE', *, *, #3374, .T. ) ;
#2778 = CIRCLE ( 'NONE', #1869, 4.064000000000000057 ) ;
#2779 = CARTESIAN_POINT ( 'NONE',  ( 11.95407305404931897, 1.255535941195546235, 2.707667750956275654 ) ) ;
#2780 = CARTESIAN_POINT ( 'NONE',  ( 11.93956545553567850, -1.123384146894932378, -2.765113797504356263 ) ) ;
#2781 = CARTESIAN_POINT ( 'NONE',  ( -12.20943025167265539, -1.719165439904843717, -2.664590633954655452 ) ) ;
#2782 = CARTESIAN_POINT ( 'NONE',  ( 12.28497028972283189, 2.178341115579472298, -2.291483083014624444 ) ) ;
#2783 = CARTESIAN_POINT ( 'NONE',  ( -11.90883867721872136, 0.7739395800163697547, 2.882819643280049693 ) ) ;
#2784 = CARTESIAN_POINT ( 'NONE',  ( 1.928573779297251751E-15, -77.50000000000000000, -15.62099999999999866 ) ) ;
#2785 = ORIENTED_EDGE ( 'NONE', *, *, #321, .F. ) ;
#2786 = CARTESIAN_POINT ( 'NONE',  ( -12.01827165673996411, 1.724105507407190929, -2.436310943219638148 ) ) ;
#2787 = CARTESIAN_POINT ( 'NONE',  ( 12.28489062525125064, -2.974897649073156458, 0.2442050962980879258 ) ) ;
#2788 = CARTESIAN_POINT ( 'NONE',  ( -12.16914881880340005, 2.506623695752433267, 1.620627845975511461 ) ) ;
#2789 = CARTESIAN_POINT ( 'NONE',  ( 12.43463674886073278, 2.884578801455807806, 1.245155414614064648 ) ) ;
#2790 = CARTESIAN_POINT ( 'NONE',  ( -12.01421778466383472, -1.698242228285858024, -2.454346046276137283 ) ) ;
#2791 = CARTESIAN_POINT ( 'NONE',  ( 12.25738851486381797, 2.870173447999666116, 0.8195903378349982393 ) ) ;
#2792 = CARTESIAN_POINT ( 'NONE',  ( 12.23101929732709614, 2.766227351132919843, 1.120639254220410219 ) ) ;
#2793 = EDGE_CURVE ( 'NONE', #1340, #1221, #957, .T. ) ;
#2794 = CARTESIAN_POINT ( 'NONE',  ( 11.99585869667338045, 1.576526506205124356, 2.534600908049592594 ) ) ;
#2795 = CARTESIAN_POINT ( 'NONE',  ( -12.34552679239334338, -2.487195392972743946, 1.938661856228486080 ) ) ;
#2796 = CARTESIAN_POINT ( 'NONE',  ( 12.09480503241242921, -0.5141350186373984110, -3.144163665651924067 ) ) ;
#2797 = CARTESIAN_POINT ( 'NONE',  ( -11.89219788395596566, 0.4896823059355690511, -2.944459777283114477 ) ) ;
#2798 = CARTESIAN_POINT ( 'NONE',  ( 12.10679826407065818, 0.7368822309521523284, -3.097658691198304837 ) ) ;
#2799 = CARTESIAN_POINT ( 'NONE',  ( 12.24365357496881934, 2.816469473254552547, -0.9875925582929611091 ) ) ;
#2800 = CARTESIAN_POINT ( 'NONE',  ( -11.89442781860317133, 0.5349360271194688599, 2.936271335543856331 ) ) ;
#2801 = CARTESIAN_POINT ( 'NONE',  ( 0.0000000000000000000, 76.99200000000000443, 2.753999999999992454 ) ) ;
#2802 = CARTESIAN_POINT ( 'NONE',  ( -12.12256376313972339, 2.292619030822678816, -1.910920133940382737 ) ) ;
#2803 = CARTESIAN_POINT ( 'NONE',  ( 12.21895600594962161, -2.717437112213083150, 1.234250022927010582 ) ) ;
#2804 = CARTESIAN_POINT ( 'NONE',  ( -12.18673600022835579, 2.582951961005369057, 1.495987013332219950 ) ) ;
#2805 = CARTESIAN_POINT ( 'NONE',  ( 12.42468714333354463, 2.842831936509397917, 1.340791309884803884 ) ) ;
#2806 = CARTESIAN_POINT ( 'NONE',  ( -11.90886968812514368, -0.7732868654142344145, -2.882685235631633258 ) ) ;
#2807 = CARTESIAN_POINT ( 'NONE',  ( 12.28744807942637962, 2.984459973887177764, -0.05154397835078468326 ) ) ;
#2808 = CARTESIAN_POINT ( 'NONE',  ( 11.88118759341397990, 0.002655104640755226800, 2.984498818967658007 ) ) ;
#2809 = CARTESIAN_POINT ( 'NONE',  ( 11.93264747489354605, -1.054603735151075306, -2.792070036909885644 ) ) ;
#2810 = CARTESIAN_POINT ( 'NONE',  ( -12.27869123043935851, -2.143871489918081519, 2.324867240345963815 ) ) ;
#2811 = CARTESIAN_POINT ( 'NONE',  ( 12.03395464955780980, 1.820668479829322450, -2.365076566653876888 ) ) ;
#2812 = CARTESIAN_POINT ( 'NONE',  ( 12.38554173821474080, 2.672602488886874905, -1.663992745615557656 ) ) ;
#2813 = CARTESIAN_POINT ( 'NONE',  ( -11.94658801428244033, 1.189178531957495011, 2.737462275135172263 ) ) ;
#2814 = DIRECTION ( 'NONE',  ( 0.0000000000000000000, 0.0000000000000000000, 1.000000000000000000 ) ) ;
#2815 = CARTESIAN_POINT ( 'NONE',  ( 11.88814658149071413, -0.3904197302948496651, 2.959263767424535008 ) ) ;
#2816 = CARTESIAN_POINT ( 'NONE',  ( -12.09723783930892260, -0.5650732858992113528, 3.134783698671495422 ) ) ;
#2817 = CARTESIAN_POINT ( 'NONE',  ( 0.0000000000000000000, 67.34000000000000341, 0.0000000000000000000 ) ) ;
#2818 = CARTESIAN_POINT ( 'NONE',  ( -12.33869575723207568, 2.454360591028413641, -1.981978071756854920 ) ) ;
#2819 = CARTESIAN_POINT ( 'NONE',  ( 12.28482635835910841, 2.974656861012513254, -0.2470586592294260198 ) ) ;
#2820 = CARTESIAN_POINT ( 'NONE',  ( 12.15134225465434348, 2.427018015733701350, 1.737580491297585183 ) ) ;
#2821 = PERSON_AND_ORGANIZATION ( #2827, #1435 ) ;
#2822 = ADVANCED_FACE ( 'NONE', ( #1729 ), #3395, .F. ) ;
#2823 = CIRCLE ( 'NONE', #758, 15.62099999999999866 ) ;
#2824 = AXIS2_PLACEMENT_3D ( 'NONE', #3453, #161, #3424 ) ;
#2825 = DIRECTION ( 'NONE',  ( 0.0000000000000000000, 1.000000000000000000, 0.0000000000000000000 ) ) ;
#2826 = CARTESIAN_POINT ( 'NONE',  ( 12.37647200664080849, 2.631671569425226398, -1.730157343638826450 ) ) ;
#2827 = PERSON ( 'UNSPECIFIED', 'UNSPECIFIED', 'UNSPECIFIED', ('UNSPECIFIED'), ('UNSPECIFIED'), ('UNSPECIFIED') ) ;
#2828 = CARTESIAN_POINT ( 'NONE',  ( -12.28482635835909242, -2.974656861012513254, -0.2470586592294230222 ) ) ;
#2829 = ORIENTED_EDGE ( 'NONE', *, *, #748, .F. ) ;
#2830 = CARTESIAN_POINT ( 'NONE',  ( -12.25713081420192196, 2.869175037334442901, 0.8230719617781377950 ) ) ;
#2831 = LINE ( 'NONE', #2148, #886 ) ;
#2832 = CARTESIAN_POINT ( 'NONE',  ( -2.856403312780321156E-15, 77.50000000000000000, 0.0000000000000000000 ) ) ;
#2833 = CARTESIAN_POINT ( 'NONE',  ( 11.88649486502491115, -0.3417669563298397772, 2.965267230537657728 ) ) ;
#2834 = CARTESIAN_POINT ( 'NONE',  ( 12.15806375065177036, -1.321182988375905198, -2.889918383215752673 ) ) ;
#2835 = ORIENTED_EDGE ( 'NONE', *, *, #562, .T. ) ;
#2836 = ORIENTED_EDGE ( 'NONE', *, *, #4105, .T. ) ;
#2837 = DIRECTION ( 'NONE',  ( 0.0000000000000000000, 0.0000000000000000000, -1.000000000000000000 ) ) ;
#2838 = CARTESIAN_POINT ( 'NONE',  ( -12.49647504687721877, 3.132281430477089401, -0.1040751685097987961 ) ) ;
#2839 = CARTESIAN_POINT ( 'NONE',  ( 11.95126274599801519, 1.234091731987849050, -2.719140538202569513 ) ) ;
#2840 = ORIENTED_EDGE ( 'NONE', *, *, #1403, .T. ) ;
#2841 = DIRECTION ( 'NONE',  ( 0.0000000000000000000, 1.000000000000000000, 0.0000000000000000000 ) ) ;
#2842 = CARTESIAN_POINT ( 'NONE',  ( 12.18407944956412337, -2.571448293972276478, -1.514940554211701373 ) ) ;
#2843 = DIRECTION ( 'NONE',  ( 0.0000000000000000000, 0.0000000000000000000, 1.000000000000000000 ) ) ;
#2844 = CARTESIAN_POINT ( 'NONE',  ( 12.23836416542659578, 1.908039939229492665, -2.528530245974693891 ) ) ;
#2845 = CARTESIAN_POINT ( 'NONE',  ( -12.26675133963644271, -2.906223441334461199, -0.6808189812120503115 ) ) ;
#2846 = DIRECTION ( 'NONE',  ( 0.0000000000000000000, 1.000000000000000000, 0.0000000000000000000 ) ) ;
#2847 = CARTESIAN_POINT ( 'NONE',  ( 11.91258950215293133, -0.8245286835089161714, 2.868736928547761966 ) ) ;
#2848 = ADVANCED_FACE ( 'NONE', ( #3725, #2023 ), #1852, .T. ) ;
#2849 = CARTESIAN_POINT ( 'NONE',  ( 12.34518110987202988, -2.485665772890705227, -1.941206859298707288 ) ) ;
#2850 = CARTESIAN_POINT ( 'NONE',  ( -12.28585378510688741, 2.978500889517180727, 0.1953532616331138672 ) ) ;
#2851 = DIRECTION ( 'NONE',  ( 0.0000000000000000000, 0.0000000000000000000, 1.000000000000000000 ) ) ;
#2852 = CARTESIAN_POINT ( 'NONE',  ( 12.20880041979088126, 2.676066747304854054, -1.324897843605527203 ) ) ;
#2853 = EDGE_CURVE ( 'NONE', #3978, #2723, #1614, .T. ) ;
#2854 = CARTESIAN_POINT ( 'NONE',  ( 12.10535970085409119, -0.7149483173334326702, -3.103296399655290916 ) ) ;
#2855 = CARTESIAN_POINT ( 'NONE',  ( 11.97142247519399838, 1.397346598624062075, -2.637194006902782828 ) ) ;
#2856 = CARTESIAN_POINT ( 'NONE',  ( 11.88296225868610989, -0.1971548229225173476, -2.978083208164393536 ) ) ;
#2857 = CARTESIAN_POINT ( 'NONE',  ( 12.07917757189044927, 2.074737300365704584, -2.145937834588604431 ) ) ;
#2858 = CARTESIAN_POINT ( 'NONE',  ( -12.28618380935679077, -2.979734867002165277, 0.1703847390752052104 ) ) ;
#2859 = CC_DESIGN_PERSON_AND_ORGANIZATION_ASSIGNMENT ( #2994, #2095, ( #3995 ) ) ;
#2860 = CARTESIAN_POINT ( 'NONE',  ( 12.28548079105688906, -2.180912236884996247, -2.288516027176642709 ) ) ;
#2861 = CARTESIAN_POINT ( 'NONE',  ( -12.26054988300448301, 2.882386745692710139, -0.7755544943942772607 ) ) ;
#2862 = CARTESIAN_POINT ( 'NONE',  ( -12.47417383731680474, 3.045134333683007899, -0.7520921720065854021 ) ) ;
#2863 = CARTESIAN_POINT ( 'NONE',  ( 12.18748585589621669, 1.570309731809035991, -2.765718251148558515 ) ) ;
#2864 = CARTESIAN_POINT ( 'NONE',  ( -11.90880848434502681, -0.7724235652767295068, -2.882918148996100438 ) ) ;
#2865 = CARTESIAN_POINT ( 'NONE',  ( -12.41812793846480822, 2.815992230903365368, -1.413263576430616508 ) ) ;
#2866 = ADVANCED_FACE ( 'NONE', ( #4306 ), #4077, .F. ) ;
#2867 = CARTESIAN_POINT ( 'NONE',  ( 12.15806375065177036, -1.321182988375905198, -2.889918383215752673 ) ) ;
#2868 = CARTESIAN_POINT ( 'NONE',  ( 11.98346413687960599, 1.488559317082824629, -2.587237846345002090 ) ) ;
#2869 = CARTESIAN_POINT ( 'NONE',  ( 11.93042842306851803, -1.031582333414357233, -2.800657221005834252 ) ) ;
#2870 = CARTESIAN_POINT ( 'NONE',  ( 11.90399020998070867, 0.7018354653451157610, -2.900908600791201497 ) ) ;
#2871 = CARTESIAN_POINT ( 'NONE',  ( -12.23293483446051866, -2.773945016897183535, -1.102198618280826770 ) ) ;
#2872 = LINE ( 'NONE', #2801, #2587 ) ;
#2873 = CARTESIAN_POINT ( 'NONE',  ( 12.00713915989490665, -1.652108937628895990, 2.485536496661934880 ) ) ;
#2874 = CARTESIAN_POINT ( 'NONE',  ( 12.36427948320463166, -2.575782776842950650, -1.815629516835577384 ) ) ;
#2875 = CONICAL_SURFACE ( 'NONE', #3229, 2.499999999999996891, 1.029744258676653645 ) ;
#2876 = CARTESIAN_POINT ( 'NONE',  ( -12.21890378384062892, -1.783045433962330506, -2.620808652634524893 ) ) ;
#2877 = EDGE_CURVE ( 'NONE', #2723, #3346, #3564, .T. ) ;
#2878 = CARTESIAN_POINT ( 'NONE',  ( -2.856403312780321156E-15, 76.73799999999999955, 0.0000000000000000000 ) ) ;
#2879 = CARTESIAN_POINT ( 'NONE',  ( -12.48599764075763296, 3.091624819991476425, -0.5201419165132084022 ) ) ;
#2880 = CARTESIAN_POINT ( 'NONE',  ( 12.26492710862160429, 2.067449969098628326, -2.397114134792260209 ) ) ;
#2881 = CARTESIAN_POINT ( 'NONE',  ( -11.95889319902647330, -1.296505872220101718, -2.688289785081384053 ) ) ;
#2882 = CIRCLE ( 'NONE', #2243, 4.064000000000000057 ) ;
#2883 = CARTESIAN_POINT ( 'NONE',  ( -12.49679917331596712, 3.133532005549675148, 0.1045936335467118200 ) ) ;
#2884 = CARTESIAN_POINT ( 'NONE',  ( -12.24592973499347082, 2.825465713201675833, 0.9624730254232265469 ) ) ;
#2885 = CARTESIAN_POINT ( 'NONE',  ( 12.43227101874830076, -2.874750235815009880, -1.269239230932689200 ) ) ;
#2886 = ORIENTED_EDGE ( 'NONE', *, *, #2236, .T. ) ;
#2887 = AXIS2_PLACEMENT_3D ( 'NONE', #68, #3380, #2623 ) ;
#2888 = CARTESIAN_POINT ( 'NONE',  ( 12.10424440892628617, 2.203026016583294222, -2.013440025482582385 ) ) ;
#2889 = CARTESIAN_POINT ( 'NONE',  ( 11.90257574497742077, -0.6809447479077594956, -2.906188226012048847 ) ) ;
#2890 = CARTESIAN_POINT ( 'NONE',  ( 11.99580393516434995, 1.575749905371186754, -2.534728114427803103 ) ) ;
#2891 = FACE_OUTER_BOUND ( 'NONE', #1850, .T. ) ;
#2892 = CARTESIAN_POINT ( 'NONE',  ( -12.24365357496880513, -2.816469473254552991, -0.9875925582929598878 ) ) ;
#2893 = EDGE_LOOP ( 'NONE', ( #4038, #1682, #888 ) ) ;
#2894 = CARTESIAN_POINT ( 'NONE',  ( 12.05400970822137907, -1.937264370493461341, 2.270530390033161705 ) ) ;
#2895 = CARTESIAN_POINT ( 'NONE',  ( 12.17149916221150185, -1.436316275236420248, -2.832887727486805396 ) ) ;
#2896 = ORIENTED_EDGE ( 'NONE', *, *, #2539, .T. ) ;
#2897 = CARTESIAN_POINT ( 'NONE',  ( -12.49679958756153120, 3.133532017728411834, 0.05219693815562218009 ) ) ;
#2898 = CARTESIAN_POINT ( 'NONE',  ( 12.31897117193976499, -2.360725744486303679, 2.106063778055586422 ) ) ;
#2899 = CARTESIAN_POINT ( 'NONE',  ( 12.20082155968083271, 1.660999494787535946, 2.704339076815803544 ) ) ;
#2900 = CARTESIAN_POINT ( 'NONE',  ( 12.28738744131141480, 2.984233538836061239, 0.04688928402090859066 ) ) ;
#2901 = CARTESIAN_POINT ( 'NONE',  ( -12.13594376225905691, 1.107266291746104026, -2.981438303126619616 ) ) ;
#2902 = CARTESIAN_POINT ( 'NONE',  ( 12.28884973636035483, -2.199181584149766611, -2.270359185553958881 ) ) ;
#2903 = CARTESIAN_POINT ( 'NONE',  ( -11.92397620232166666, 0.9623521027766502867, -2.825512394160812679 ) ) ;
#2904 = CARTESIAN_POINT ( 'NONE',  ( 12.07510765430077981, 2.052862720034737798, -2.166365974978550657 ) ) ;
#2905 = CARTESIAN_POINT ( 'NONE',  ( 12.02081103956240682, -1.740367001599591568, -2.425021953623897719 ) ) ;
#2906 = CARTESIAN_POINT ( 'NONE',  ( 11.97826777798137066, 1.450173015395012976, -2.608944768728965080 ) ) ;
#2907 = DIRECTION ( 'NONE',  ( -0.0000000000000000000, -1.000000000000000000, -0.0000000000000000000 ) ) ;
#2908 = CARTESIAN_POINT ( 'NONE',  ( 12.20383606386544528, -2.655170904337154525, 1.363778276578967663 ) ) ;
#2909 = CARTESIAN_POINT ( 'NONE',  ( 12.49222705770166364, -3.115856529497169181, 0.3390496951192053521 ) ) ;
#2910 = CARTESIAN_POINT ( 'NONE',  ( 12.22534260475455881, 1.825126806943644819, -2.590573302095978026 ) ) ;
#2911 = CARTESIAN_POINT ( 'NONE',  ( -12.10942624404911960, -2.228720372637485792, 1.984992727778236210 ) ) ;
#2912 = CARTESIAN_POINT ( 'NONE',  ( -12.28497028972283189, -2.178341115579509157, -2.291483083014630662 ) ) ;
#2913 = CARTESIAN_POINT ( 'NONE',  ( -12.28586031457218297, 2.978525315649609428, -0.1949595042853428384 ) ) ;
#2914 = DIRECTION ( 'NONE',  ( 0.0000000000000000000, 1.000000000000000000, 0.0000000000000000000 ) ) ;
#2915 = DIRECTION ( 'NONE',  ( 1.049727191138618079E-16, -0.5150380749100549327, 0.8571673007021118895 ) ) ;
#2916 = CARTESIAN_POINT ( 'NONE',  ( 12.49550849881368286, 3.128567461684884421, 0.2080351405320430558 ) ) ;
#2917 = AXIS2_PLACEMENT_3D ( 'NONE', #4238, #3075, #4535 ) ;
#2918 = CARTESIAN_POINT ( 'NONE',  ( -12.15036515152358021, 1.250846655600101887, -2.922115097711203369 ) ) ;
#2919 = CARTESIAN_POINT ( 'NONE',  ( -12.22622284118675395, 2.746925104247004867, 1.167149400301651818 ) ) ;
#2920 = ADVANCED_FACE ( 'NONE', ( #2370 ), #879, .F. ) ;
#2921 = CARTESIAN_POINT ( 'NONE',  ( 12.38274929231063304, -2.660157933041406242, -1.685104968146012183 ) ) ;
#2922 = CARTESIAN_POINT ( 'NONE',  ( -12.23101929732707660, -2.766227351132917622, 1.120639254220415770 ) ) ;
#2923 = CARTESIAN_POINT ( 'NONE',  ( 12.10291430387258238, 2.196388136801651125, -2.020678974620937041 ) ) ;
#2924 = CARTESIAN_POINT ( 'NONE',  ( 11.98430239953475684, -1.496531403272305161, -2.584006549274546760 ) ) ;
#2925 = CARTESIAN_POINT ( 'NONE',  ( 11.98758414839160658, 1.517950727784366016, 2.569760437577876200 ) ) ;
#2926 = CARTESIAN_POINT ( 'NONE',  ( -11.88812454118070150, -0.3897502569569987196, -2.959343295591467804 ) ) ;
#2927 = CARTESIAN_POINT ( 'NONE',  ( -12.48629577477026587, -3.092847249692455947, -0.5224258954226352891 ) ) ;
#2928 = CARTESIAN_POINT ( 'NONE',  ( 12.10138406379370579, -2.188745171863024197, 2.028996480768826327 ) ) ;
#2929 = CC_DESIGN_APPROVAL ( #1695, ( #3995 ) ) ;
#2930 = CARTESIAN_POINT ( 'NONE',  ( 12.47568396939981206, -3.051108363061106221, -0.7266200596442302651 ) ) ;
#2931 = DIRECTION ( 'NONE',  ( 0.0000000000000000000, -0.0000000000000000000, 1.000000000000000000 ) ) ;
#2932 = CARTESIAN_POINT ( 'NONE',  ( 12.22512132306824562, 1.825604100668329455, -2.592280569183021743 ) ) ;
#2933 = DIRECTION ( 'NONE',  ( 0.0000000000000000000, 0.0000000000000000000, 1.000000000000000000 ) ) ;
#2934 = CARTESIAN_POINT ( 'NONE',  ( 12.48599764075763119, -3.091624819991478201, -0.5201419165132056266 ) ) ;
#2935 = FACE_BOUND ( 'NONE', #1339, .T. ) ;
#2936 = CARTESIAN_POINT ( 'NONE',  ( 12.12415708174316897, 2.300213167804723735, -1.901658486802787706 ) ) ;
#2937 = CARTESIAN_POINT ( 'NONE',  ( 12.26669649524787964, -2.905994971598667931, -0.6804682473632884809 ) ) ;
#2938 = CARTESIAN_POINT ( 'NONE',  ( -11.95126274599800098, -1.234091731987855711, -2.719140538202567292 ) ) ;
#2939 = CARTESIAN_POINT ( 'NONE',  ( 11.95163140368762633, -1.234141582117687985, 2.717404334403543231 ) ) ;
#2940 = CARTESIAN_POINT ( 'NONE',  ( -12.14848327232209968, -2.413894462302406563, -1.755264014977225395 ) ) ;
#2941 = FACE_OUTER_BOUND ( 'NONE', #2088, .T. ) ;
#2942 = CARTESIAN_POINT ( 'NONE',  ( 12.06264603208078690, -1.985290921302167222, 2.228431029396119367 ) ) ;
#2943 = CARTESIAN_POINT ( 'NONE',  ( -12.19181639081535096, -1.593750920260365911, 2.744050864473890350 ) ) ;
#2944 = CARTESIAN_POINT ( 'NONE',  ( 12.47417383731680296, -3.045134333682995020, -0.7520921720065798510 ) ) ;
#2945 = ORIENTED_EDGE ( 'NONE', *, *, #1710, .F. ) ;
#2946 = ORIENTED_EDGE ( 'NONE', *, *, #1032, .F. ) ;
#2947 = CARTESIAN_POINT ( 'NONE',  ( -12.13579305909177819, -1.106455939745932149, -2.982091023686709086 ) ) ;
#2948 = EDGE_CURVE ( 'NONE', #2722, #4659, #3790, .T. ) ;
#2949 = CARTESIAN_POINT ( 'NONE',  ( 12.34561327266023056, -2.490031878352783057, 1.945789117036861970 ) ) ;
#2950 = DIRECTION ( 'NONE',  ( 0.0000000000000000000, 1.000000000000000000, 0.0000000000000000000 ) ) ;
#2951 = DIRECTION ( 'NONE',  ( 0.0000000000000000000, 0.0000000000000000000, -1.000000000000000000 ) ) ;
#2952 = ORIENTED_EDGE ( 'NONE', *, *, #3947, .F. ) ;
#2953 = CARTESIAN_POINT ( 'NONE',  ( -12.26524844068764608, 2.067897219063834502, -2.394576307835346807 ) ) ;
#2954 = CARTESIAN_POINT ( 'NONE',  ( 12.47857877392975290, -3.062542368365722023, 0.6765595222368924189 ) ) ;
#2955 = ORIENTED_EDGE ( 'NONE', *, *, #3699, .F. ) ;
#2956 = CARTESIAN_POINT ( 'NONE',  ( 12.15307657219069881, 2.434791622900123187, -1.726257529096120402 ) ) ;
#2957 = CARTESIAN_POINT ( 'NONE',  ( 12.20894545244516571, -2.676313975805341805, -1.321052516670210064 ) ) ;
#2958 = CARTESIAN_POINT ( 'NONE',  ( 11.97038033367270415, 1.389353842377375692, 2.641502658322380626 ) ) ;
#2959 = ORIENTED_EDGE ( 'NONE', *, *, #2793, .T. ) ;
#2960 = CARTESIAN_POINT ( 'NONE',  ( -11.88285278341128048, -0.1956679038973402895, -2.978479874614400558 ) ) ;
#2961 = CARTESIAN_POINT ( 'NONE',  ( -12.22588642755547284, -2.745567741486581781, -1.170354088556484706 ) ) ;
#2962 = CARTESIAN_POINT ( 'NONE',  ( 12.28744836407837404, -2.984459578845925165, -0.09852670479192941755 ) ) ;
#2963 = CARTESIAN_POINT ( 'NONE',  ( -12.28541668595214098, -2.180775925125460368, 2.289092394252524532 ) ) ;
#2964 = CARTESIAN_POINT ( 'NONE',  ( 12.46943263744091901, -3.026321239820136011, -0.8281553991060148778 ) ) ;
#2965 = CARTESIAN_POINT ( 'NONE',  ( 12.26488367307682914, 2.066049152845437220, -2.396641726831687969 ) ) ;
#2966 = CARTESIAN_POINT ( 'NONE',  ( -12.12302624824563324, -0.9607828836064273847, -3.033532078306402813 ) ) ;
#2967 = CARTESIAN_POINT ( 'NONE',  ( 0.0000000000000000000, 77.50000000000000000, 2.499999999999998668 ) ) ;
#2968 = CARTESIAN_POINT ( 'NONE',  ( -11.89963734802435802, 0.6326360036518083874, 2.917073248552195075 ) ) ;
#2969 = CARTESIAN_POINT ( 'NONE',  ( -12.30564759362929195, 2.288365814009758026, -2.177742464738412487 ) ) ;
#2970 = CARTESIAN_POINT ( 'NONE',  ( 12.18268940574973058, -1.525284652325479051, 2.784371777586263530 ) ) ;
#2971 = CARTESIAN_POINT ( 'NONE',  ( -11.96760726555942789, 1.368003812645764317, -2.652954761314564092 ) ) ;
#2972 = CARTESIAN_POINT ( 'NONE',  ( 12.26082942569544265, 2.883468780430134437, 0.7715065644074664553 ) ) ;
#2973 = CARTESIAN_POINT ( 'NONE',  ( 12.28585378510690163, -2.978500889517181616, 0.1953532616331201954 ) ) ;
#2974 = CARTESIAN_POINT ( 'NONE',  ( -12.02054874512517202, -1.738322174236685003, -2.426031116463374104 ) ) ;
#2975 = CARTESIAN_POINT ( 'NONE',  ( -12.36716735621220131, -2.589040102497426776, -1.795456263318548462 ) ) ;
#2976 = CARTESIAN_POINT ( 'NONE',  ( 12.01109111648450245, -1.677964417476516701, -2.468157011200199591 ) ) ;
#2977 = EDGE_CURVE ( 'NONE', #1291, #998, #2592, .T. ) ;
#2978 = CARTESIAN_POINT ( 'NONE',  ( -12.08907108244798145, -0.3609819958137895357, 3.166133046246007776 ) ) ;
#2979 = CARTESIAN_POINT ( 'NONE',  ( 12.46939408444509745, -3.026167582442163440, 0.8287280211889468395 ) ) ;
#2980 = CARTESIAN_POINT ( 'NONE',  ( -12.25716566741675884, 2.869310078128095576, -0.8226017383631257784 ) ) ;
#2981 = CARTESIAN_POINT ( 'NONE',  ( -2.856403312780321156E-15, -76.99200000000000443, 0.0000000000000000000 ) ) ;
#2982 = AXIS2_PLACEMENT_3D ( 'NONE', #1583, #4160, #1970 ) ;
#2983 = CARTESIAN_POINT ( 'NONE',  ( -12.49647504687721877, 3.132281430477089401, -0.1040751685097987961 ) ) ;
#2984 = CARTESIAN_POINT ( 'NONE',  ( 12.15395690006926088, -1.283979817258371181, 2.907124362768763959 ) ) ;
#2985 = UNCERTAINTY_MEASURE_WITH_UNIT (LENGTH_MEASURE( 1.000000000000000082E-05 ), #3943, 'distance_accuracy_value', 'NONE');
#2986 = CARTESIAN_POINT ( 'NONE',  ( 12.08750003728859035, 2.117992470608280886, 2.102720594218987937 ) ) ;
#2987 = CARTESIAN_POINT ( 'NONE',  ( 12.28586031457219363, -2.978525315649609873, -0.1949595042853368709 ) ) ;
#2988 = CARTESIAN_POINT ( 'NONE',  ( 12.00256271860487267, 1.622131381011504558, 2.505653742523625382 ) ) ;
#2989 = CARTESIAN_POINT ( 'NONE',  ( 12.23322054896943278, -2.775043418229940162, -1.098626743739539835 ) ) ;
#2990 = CARTESIAN_POINT ( 'NONE',  ( -12.21960272216482046, -1.788042507447928031, 2.617670292285577016 ) ) ;
#2991 = CARTESIAN_POINT ( 'NONE',  ( 12.08490973423926107, -0.2024167537372395798, 3.181992840923602461 ) ) ;
#2992 = CARTESIAN_POINT ( 'NONE',  ( 12.16914881880341426, -2.506623695752431935, 1.620627845975515013 ) ) ;
#2993 = CARTESIAN_POINT ( 'NONE',  ( -12.05316074030266194, 1.932405385674381915, -2.274566321665481894 ) ) ;
#2994 = PERSON_AND_ORGANIZATION ( #2827, #1435 ) ;
#2995 = CARTESIAN_POINT ( 'NONE',  ( -12.04508753060172843, 1.886117176729008360, 2.312988692331995555 ) ) ;
#2996 = CARTESIAN_POINT ( 'NONE',  ( 12.26957330254430723, 2.917001267301321032, -0.6330356018154725817 ) ) ;
#2997 = CIRCLE ( 'NONE', #2574, 3.810000000000000053 ) ;
#2998 = CARTESIAN_POINT ( 'NONE',  ( -12.48250735304855041, 3.077969737782823234, -0.5980721577022903857 ) ) ;
#2999 = CARTESIAN_POINT ( 'NONE',  ( 12.49418807244891561, -3.123451755783531070, 0.2607679672418449779 ) ) ;
#3000 = CARTESIAN_POINT ( 'NONE',  ( 12.20101558738984338, 2.643290639721626256, 1.385789556063171446 ) ) ;
#3001 = CARTESIAN_POINT ( 'NONE',  ( 12.21895600594962161, -2.717437112213083150, 1.234250022927010582 ) ) ;
#3002 = FACE_OUTER_BOUND ( 'NONE', #948, .T. ) ;
#3003 = CARTESIAN_POINT ( 'NONE',  ( -12.43463674886073456, -2.884578801455831343, 1.245155414614082190 ) ) ;
#3004 = CARTESIAN_POINT ( 'NONE',  ( -12.17452252762420706, -2.530112951640092867, 1.583307506042608503 ) ) ;
#3005 = CARTESIAN_POINT ( 'NONE',  ( -12.38254511778225186, -2.659147237779925899, -1.686143578780892049 ) ) ;
#3006 = ORIENTED_EDGE ( 'NONE', *, *, #2305, .F. ) ;
#3007 = CARTESIAN_POINT ( 'NONE',  ( 12.24989585260409974, -2.841004880250100229, -0.9155186293562896926 ) ) ;
#3008 = FACE_OUTER_BOUND ( 'NONE', #1280, .T. ) ;
#3009 = CARTESIAN_POINT ( 'NONE',  ( -12.32912477609636248, -2.407257640159344181, 2.040370136725657702 ) ) ;
#3010 = CARTESIAN_POINT ( 'NONE',  ( 12.10228699411950970, -0.6628229836771041272, 3.115248252005647256 ) ) ;
#3011 = CARTESIAN_POINT ( 'NONE',  ( -12.07305006417051629, 2.041923456601729026, -2.176782566664465346 ) ) ;
#3012 = ORIENTED_EDGE ( 'NONE', *, *, #826, .F. ) ;
#3013 = AXIS2_PLACEMENT_3D ( 'NONE', #1391, #2825, #2435 ) ;
#3014 = CARTESIAN_POINT ( 'NONE',  ( 12.08360715976053257, 0.002787689604891174788, 3.186918299640582486 ) ) ;
#3015 = CARTESIAN_POINT ( 'NONE',  ( 0.0000000000000000000, -76.73799999999998533, 0.0000000000000000000 ) ) ;
#3016 = CARTESIAN_POINT ( 'NONE',  ( -11.90278434634792681, -0.6830368674852140831, 2.905392588993277236 ) ) ;
#3017 = CARTESIAN_POINT ( 'NONE',  ( -12.46939408444509745, 3.026167582442183424, 0.8287280211889505033 ) ) ;
#3018 = CARTESIAN_POINT ( 'NONE',  ( 12.45456340624717662, -2.966557805965334804, 1.027751419480452455 ) ) ;
#3019 = ORIENTED_EDGE ( 'NONE', *, *, #651, .T. ) ;
#3020 = CARTESIAN_POINT ( 'NONE',  ( 12.16989540739595377, 2.509783253967023509, 1.615050577474738791 ) ) ;
#3021 = CARTESIAN_POINT ( 'NONE',  ( 11.88576729123362874, -0.3152018971599816477, 2.967911942225322175 ) ) ;
#3022 = CARTESIAN_POINT ( 'NONE',  ( 11.88116354288941068, -0.09498784482683185482, 2.984585639522117084 ) ) ;
#3023 = CARTESIAN_POINT ( 'NONE',  ( -12.09311103762653516, -2.146882738389472856, 2.073274476023950541 ) ) ;
#3024 = CARTESIAN_POINT ( 'NONE',  ( 12.05410999405464523, -1.937700775386388852, -2.269957172884125907 ) ) ;
#3025 = CARTESIAN_POINT ( 'NONE',  ( -12.37647200664080671, -2.631671569425240609, -1.730157343638831113 ) ) ;
#3026 = CARTESIAN_POINT ( 'NONE',  ( 12.09488561906561443, 0.5140935254733121074, 3.143847006726516735 ) ) ;
#3027 = CARTESIAN_POINT ( 'NONE',  ( -11.96220934797016433, 1.324527636802318664, -2.674930395988736720 ) ) ;
#3028 = DIRECTION ( 'NONE',  ( 0.0000000000000000000, -1.000000000000000000, 0.0000000000000000000 ) ) ;
#3029 = CARTESIAN_POINT ( 'NONE',  ( -11.88823984254260502, 0.3929441280575337037, -2.958923284827679190 ) ) ;
#3030 = CARTESIAN_POINT ( 'NONE',  ( -12.09414159361907259, 2.152170259270235420, 2.067846688203957672 ) ) ;
#3031 = CARTESIAN_POINT ( 'NONE',  ( -11.95035886410367532, 1.222912610302556713, 2.722476201618968528 ) ) ;
#3032 = CARTESIAN_POINT ( 'NONE',  ( -12.48599764075763296, 3.091624819991476425, -0.5201419165132084022 ) ) ;
#3033 = CARTESIAN_POINT ( 'NONE',  ( 12.19181639081535096, 1.593750920260368575, 2.744050864473876139 ) ) ;
#3034 = CARTESIAN_POINT ( 'NONE',  ( -12.38253106395968928, 2.659174638576367045, 1.686701274833647624 ) ) ;
#3035 = CARTESIAN_POINT ( 'NONE',  ( 12.01359087256436098, 1.694133616733201952, 2.457105048663941638 ) ) ;
#3036 = CARTESIAN_POINT ( 'NONE',  ( 12.09264158958356106, -2.144710523936560254, 2.076016554512012391 ) ) ;
#3037 = CARTESIAN_POINT ( 'NONE',  ( -12.28075878282405142, -2.959388774366270347, 0.3894160270731825135 ) ) ;
#3038 = CARTESIAN_POINT ( 'NONE',  ( 12.03241047555447096, -1.811594315481701578, -2.372284433450688290 ) ) ;
#3039 = EDGE_CURVE ( 'NONE', #641, #944, #3507, .T. ) ;
#3040 = CARTESIAN_POINT ( 'NONE',  ( -12.48608104557699683, -3.091956075226928835, 0.5200522630154260639 ) ) ;
#3041 = CARTESIAN_POINT ( 'NONE',  ( 12.18002360822663732, 1.504062981185483983, 2.795924930547524223 ) ) ;
#3042 = CARTESIAN_POINT ( 'NONE',  ( -11.95549630149443487, 1.267644525561432811, 2.701938065047960080 ) ) ;
#3043 = CARTESIAN_POINT ( 'NONE',  ( -12.08631216792941032, -0.2565326673913826960, -3.176648598454138384 ) ) ;
#3044 = CARTESIAN_POINT ( 'NONE',  ( -12.10138406383466148, 2.188745172070784673, 2.028996480544079883 ) ) ;
#3045 = CARTESIAN_POINT ( 'NONE',  ( -12.41694902318270799, 2.809958046577357482, -1.410651065902856161 ) ) ;
#3046 = CARTESIAN_POINT ( 'NONE',  ( 12.10523950173377372, -0.7129900232606214416, 3.103765287960096320 ) ) ;
#3047 = CARTESIAN_POINT ( 'NONE',  ( -12.25481952403836772, 2.007233470517742369, 2.447384421511061614 ) ) ;
#3048 = CARTESIAN_POINT ( 'NONE',  ( 11.97463897040809933, 1.422136386364319716, 2.623914967511997265 ) ) ;
#3049 = CARTESIAN_POINT ( 'NONE',  ( 11.93026909443702976, -1.029907434187530724, 2.801272688227499419 ) ) ;
#3050 = CARTESIAN_POINT ( 'NONE',  ( -12.12657564590235282, -2.311748325338177867, 1.887615004093676108 ) ) ;
#3051 = LINE ( 'NONE', #1304, #2706 ) ;
#3052 = CARTESIAN_POINT ( 'NONE',  ( -12.08363162003342595, -0.1053065248505099527, 3.186825590602813563 ) ) ;
#3053 = CARTESIAN_POINT ( 'NONE',  ( -12.47590633795251946, -3.052006092476673871, 0.7241038810913132950 ) ) ;
#3054 = CARTESIAN_POINT ( 'NONE',  ( 12.14762549994508944, -1.224857289372735192, 2.933481166315116795 ) ) ;
#3055 = CARTESIAN_POINT ( 'NONE',  ( -12.04953187930493819, 1.911767685070659306, 2.291936983882933099 ) ) ;
#3056 = CIRCLE ( 'NONE', #265, 12.49680000000000035 ) ;
#3057 = CARTESIAN_POINT ( 'NONE',  ( -12.10634638590958190, -0.8214192526439065833, -3.103809235866416216 ) ) ;
#3058 = CARTESIAN_POINT ( 'NONE',  ( -12.27687692606245129, 2.944742601707245111, -0.4880071917833760931 ) ) ;
#3059 = CARTESIAN_POINT ( 'NONE',  ( -11.89120166061040962, -0.4653484505116596281, 2.948100231938539650 ) ) ;
#3060 = CARTESIAN_POINT ( 'NONE',  ( 12.21153737561869512, -2.687017553549104321, -1.299142158581313211 ) ) ;
#3061 = ORIENTED_EDGE ( 'NONE', *, *, #1150, .F. ) ;
#3062 = CARTESIAN_POINT ( 'NONE',  ( -12.14275707426177853, 1.177263020355725498, 2.953568634618075617 ) ) ;
#3063 = CARTESIAN_POINT ( 'NONE',  ( 12.11172933455251588, -0.8125869274277967014, 3.078342875307423121 ) ) ;
#3064 = FACE_BOUND ( 'NONE', #761, .T. ) ;
#3065 = CARTESIAN_POINT ( 'NONE',  ( -12.16583270575134890, 1.389182331614805532, 2.857106468248227227 ) ) ;
#3066 = CARTESIAN_POINT ( 'NONE',  ( 0.0000000000000000000, -73.05500000000000682, 0.0000000000000000000 ) ) ;
#3067 = CARTESIAN_POINT ( 'NONE',  ( 11.89213235202504926, -0.4864417277231817271, 2.944693592247550562 ) ) ;
#3068 = ORIENTED_EDGE ( 'NONE', *, *, #3791, .F. ) ;
#3069 = ORIENTED_EDGE ( 'NONE', *, *, #1490, .T. ) ;
#3070 = CARTESIAN_POINT ( 'NONE',  ( -12.09024286496733502, -2.132144855641710190, 2.088360753181613294 ) ) ;
#3071 = CARTESIAN_POINT ( 'NONE',  ( -12.47874950733705113, -3.063214455973546357, 0.6733719517165835944 ) ) ;
#3072 = CARTESIAN_POINT ( 'NONE',  ( 12.45475992967933720, 2.967318305570943782, 1.024492312402950578 ) ) ;
#3073 = CARTESIAN_POINT ( 'NONE',  ( -12.08265435578734248, 2.092820141271907630, 2.127896842804185340 ) ) ;
#3074 = AXIS2_PLACEMENT_3D ( 'NONE', #1514, #1853, #1076 ) ;
#3075 = DIRECTION ( 'NONE',  ( 1.000000000000000000, 0.0000000000000000000, -1.224646799147353207E-16 ) ) ;
#3076 = CARTESIAN_POINT ( 'NONE',  ( 12.08360682715020040, 0.0000000000000000000, -3.186919560774800431 ) ) ;
#3077 = CARTESIAN_POINT ( 'NONE',  ( -12.16053397285468840, 2.468273950657418059, 1.677792926031552279 ) ) ;
#3078 = CARTESIAN_POINT ( 'NONE',  ( 12.26669649524787964, -2.905994971598667931, -0.6804682473632884809 ) ) ;
#3079 = CARTESIAN_POINT ( 'NONE',  ( -12.10523950173377017, 0.7129900232606315447, 3.103765287960113195 ) ) ;
#3080 = CARTESIAN_POINT ( 'NONE',  ( -12.19241244937392388, 2.607122316576538257, 1.453465101388426106 ) ) ;
#3081 = CARTESIAN_POINT ( 'NONE',  ( 12.11204195613194123, 0.8170862740217268438, 3.077113083998019416 ) ) ;
#3082 = CARTESIAN_POINT ( 'NONE',  ( -12.22543824922846056, 1.826163138672747266, 2.590301575308266102 ) ) ;
#3083 = CARTESIAN_POINT ( 'NONE',  ( 12.26075406311644933, 2.883174071833144225, 0.7726059361419241878 ) ) ;
#3084 = CARTESIAN_POINT ( 'NONE',  ( 12.11532497029947564, 0.8617803231523151197, -3.064141607878165363 ) ) ;
#3085 = CARTESIAN_POINT ( 'NONE',  ( -12.20705015064356758, -1.703133925199224796, 2.675596222006105585 ) ) ;
#3086 = CARTESIAN_POINT ( 'NONE',  ( -11.97582661608426768, -1.431170541407229546, 2.618993458804879548 ) ) ;
#3087 = CARTESIAN_POINT ( 'NONE',  ( -12.12909028086601815, -2.323731661321459807, 1.872994384552855829 ) ) ;
#3088 = CARTESIAN_POINT ( 'NONE',  ( -12.44585327508934824, -2.931004810721780096, -1.128354580001150520 ) ) ;
#3089 = CARTESIAN_POINT ( 'NONE',  ( 12.38313420895399908, 2.662337396225976871, 1.683912241506739349 ) ) ;
#3090 = CARTESIAN_POINT ( 'NONE',  ( -12.11895750300594443, 2.275417119789249210, 1.931856205067051357 ) ) ;
#3091 = CARTESIAN_POINT ( 'NONE',  ( -12.41800387048196264, -2.815479539034469791, 1.414591024398695440 ) ) ;
#3092 = CARTESIAN_POINT ( 'NONE',  ( -12.25731548543670968, 2.869891178824705680, 0.8206278370385773346 ) ) ;
#3093 = ADVANCED_FACE ( 'NONE', ( #1787, #4193 ), #4711, .T. ) ;
#3094 = CARTESIAN_POINT ( 'NONE',  ( 12.27781485744804790, -2.948278424259206609, 0.4642267802168013602 ) ) ;
#3095 = CARTESIAN_POINT ( 'NONE',  ( -12.28511019153334161, 2.178894269445735166, 2.290505542511448667 ) ) ;
#3096 = CARTESIAN_POINT ( 'NONE',  ( 12.10259260209375043, 0.6667612998233527488, 3.114048557211333002 ) ) ;
#3097 = CARTESIAN_POINT ( 'NONE',  ( 12.24409806338757534, 2.818221731252749329, 0.9825824178044461066 ) ) ;
#3098 = CARTESIAN_POINT ( 'NONE',  ( 12.08360682679743903, 0.05155078170193645032, -3.186919572789136179 ) ) ;
#3099 = CARTESIAN_POINT ( 'NONE',  ( -12.17151735471000507, -1.435951888461896031, 2.832723333884219041 ) ) ;
#3100 = CARTESIAN_POINT ( 'NONE',  ( -11.94667433897754627, -1.189947073185511073, 2.737121941728953622 ) ) ;
#3101 = CARTESIAN_POINT ( 'NONE',  ( -12.13871965718971069, -2.368902197269273646, 1.815526309834823104 ) ) ;
#3102 = CARTESIAN_POINT ( 'NONE',  ( -12.08358269948762498, 0.09973114564072760313, 3.187011008678390045 ) ) ;
#3103 = CARTESIAN_POINT ( 'NONE',  ( -12.12302624824563324, -0.9607828836064273847, -3.033532078306402813 ) ) ;
#3104 = CARTESIAN_POINT ( 'NONE',  ( 12.28541668595214276, 2.180775925125464365, 2.289092394252496998 ) ) ;
#3105 = CARTESIAN_POINT ( 'NONE',  ( 12.04953187930495417, -1.911767685070656864, 2.291936983882934875 ) ) ;
#3106 = CARTESIAN_POINT ( 'NONE',  ( -12.06268273798666257, 1.985568210982696202, 2.228307924973370824 ) ) ;
#3107 = CARTESIAN_POINT ( 'NONE',  ( 11.88253534977437020, -0.1968584903976258460, -2.979642611567888455 ) ) ;
#3108 = CARTESIAN_POINT ( 'NONE',  ( -12.16577617626359675, -1.390835816784124157, 2.857703915577478604 ) ) ;
#3109 = CARTESIAN_POINT ( 'NONE',  ( -11.97457866179844110, 1.421675871714309425, -2.624164591039055860 ) ) ;
#3110 = COORDINATED_UNIVERSAL_TIME_OFFSET ( 0, 0, .AHEAD. ) ;
#3111 = CARTESIAN_POINT ( 'NONE',  ( 12.28585378510690163, -2.978500889517181616, 0.1953532616331201954 ) ) ;
#3112 = CARTESIAN_POINT ( 'NONE',  ( -12.11895750300594443, 2.275417119789249210, 1.931856205067051357 ) ) ;
#3113 = CARTESIAN_POINT ( 'NONE',  ( 12.47098394910571884, 3.032476661755414860, -0.8032553233147244898 ) ) ;
#3114 = CARTESIAN_POINT ( 'NONE',  ( -12.11172933455251233, 0.8125869274277860432, 3.078342875307434223 ) ) ;
#3115 = PRODUCT_DEFINITION ( 'UNKNOWN', '', #3995, #4156 ) ;
#3116 = CARTESIAN_POINT ( 'NONE',  ( -12.07917757189043506, -2.074737300365709469, -2.145937834588599102 ) ) ;
#3117 = CARTESIAN_POINT ( 'NONE',  ( 12.28618380935680321, 2.979734867002164389, 0.1703847390752017410 ) ) ;
#3118 = CIRCLE ( 'NONE', #2824, 2.499999999999996891 ) ;
#3119 = CARTESIAN_POINT ( 'NONE',  ( 12.11718610342011360, 0.8867110247063137995, -3.056775012754014753 ) ) ;
#3120 = CARTESIAN_POINT ( 'NONE',  ( 0.0000000000000000000, 77.24599999999999511, 0.0000000000000000000 ) ) ;
#3121 = LINE ( 'NONE', #653, #4645 ) ;
#3122 = CARTESIAN_POINT ( 'NONE',  ( -12.20017621793852491, -1.654436350151644808, -2.706642522739429957 ) ) ;
#3123 = CARTESIAN_POINT ( 'NONE',  ( 12.23890781276636552, 1.911399318337498654, 2.525894551522428699 ) ) ;
#3124 = CARTESIAN_POINT ( 'NONE',  ( -11.97884144482852342, -1.453999501091319146, 2.606478493194073653 ) ) ;
#3125 = VERTEX_POINT ( 'NONE', #3362 ) ;
#3126 = ORIENTED_EDGE ( 'NONE', *, *, #1150, .T. ) ;
#3127 = CARTESIAN_POINT ( 'NONE',  ( 0.0000000000000000000, -72.80100000000000193, 0.0000000000000000000 ) ) ;
#3128 = CARTESIAN_POINT ( 'NONE',  ( -12.26492710862475555, -2.067449969117405306, -2.397114134776607841 ) ) ;
#3129 = CARTESIAN_POINT ( 'NONE',  ( -12.14058720076938158, 1.155431608635506757, -2.962473318114227094 ) ) ;
#3130 = CARTESIAN_POINT ( 'NONE',  ( -12.17420149294336440, 2.528712829090592251, -1.585549914607280009 ) ) ;
#3131 = CARTESIAN_POINT ( 'NONE',  ( 12.28745920363842004, -2.984501512217203167, -0.04869652692791513054 ) ) ;
#3132 = CARTESIAN_POINT ( 'NONE',  ( -12.07931513012394653, 2.075264145748600075, 2.145022383295871027 ) ) ;
#3133 = CARTESIAN_POINT ( 'NONE',  ( 12.49615994948196906, 3.131065165694115304, 0.1292014981445389343 ) ) ;
#3134 = ORIENTED_EDGE ( 'NONE', *, *, #3218, .T. ) ;
#3135 = CARTESIAN_POINT ( 'NONE',  ( -12.10523950173377017, 0.7129900232606315447, 3.103765287960113195 ) ) ;
#3136 = CARTESIAN_POINT ( 'NONE',  ( -11.88285278341128048, -0.1956679038973402895, -2.978479874614400558 ) ) ;
#3137 = CARTESIAN_POINT ( 'NONE',  ( 11.95176703293761733, 1.236057614520773562, 2.716943041248555790 ) ) ;
#3138 = VERTEX_POINT ( 'NONE', #1180 ) ;
#3139 = EDGE_CURVE ( 'NONE', #3138, #2722, #176, .T. ) ;
#3140 = CARTESIAN_POINT ( 'NONE',  ( -12.01359087256780001, -1.694133616759478489, 2.457105048645885415 ) ) ;
#3141 = CARTESIAN_POINT ( 'NONE',  ( -11.88186121403147055, 0.1230351297437763392, -2.982065383430446026 ) ) ;
#3142 = CARTESIAN_POINT ( 'NONE',  ( 12.49509258372491871, 3.126944571196557998, 0.2082288439687444703 ) ) ;
#3143 = CARTESIAN_POINT ( 'NONE',  ( 12.23293483446053109, 2.773945016897184868, -1.102198618280822995 ) ) ;
#3144 = CARTESIAN_POINT ( 'NONE',  ( -11.90245755938280325, 0.6790795920196988078, 2.906627332528228358 ) ) ;
#3145 = AXIS2_PLACEMENT_3D ( 'NONE', #3207, #1006, #3240 ) ;
#3146 = DIRECTION ( 'NONE',  ( 0.0000000000000000000, -1.000000000000000000, 0.0000000000000000000 ) ) ;
#3147 = CARTESIAN_POINT ( 'NONE',  ( -12.15546345642089499, 1.297851684615991319, -2.900834038356218780 ) ) ;
#3148 = CARTESIAN_POINT ( 'NONE',  ( -11.93240101474750148, 1.052815410722588885, -2.793067316717530613 ) ) ;
#3149 = CARTESIAN_POINT ( 'NONE',  ( 12.41692436771176311, 2.809911393181785400, 1.411469635289037017 ) ) ;
#3150 = CARTESIAN_POINT ( 'NONE',  ( 12.07961649027560647, 2.077056308232835935, 2.143698992197228925 ) ) ;
#3151 = CARTESIAN_POINT ( 'NONE',  ( -12.17806428926510165, -2.545491168984680641, -1.558303011602294452 ) ) ;
#3152 = CARTESIAN_POINT ( 'NONE',  ( 3.061616997868375253E-16, -77.50000000000000000, 2.499999999999993339 ) ) ;
#3153 = CARTESIAN_POINT ( 'NONE',  ( 12.06973311474808597, -2.024061223600424064, -2.193402308279566171 ) ) ;
#3154 = CARTESIAN_POINT ( 'NONE',  ( -11.92409538698194460, -0.9628494416111977872, 2.825019831928885505 ) ) ;
#3155 = CARTESIAN_POINT ( 'NONE',  ( -12.40013434765359257, 2.737311241544910789, 1.552044349980958637 ) ) ;
#3156 = CARTESIAN_POINT ( 'NONE',  ( -2.856403312780321156E-15, -76.99200000000000443, 0.0000000000000000000 ) ) ;
#3157 = CARTESIAN_POINT ( 'NONE',  ( -12.26488367307682736, -2.066049152845455872, -2.396641726831696850 ) ) ;
#3158 = CARTESIAN_POINT ( 'NONE',  ( 12.45224846732759438, 2.957112330936281896, -1.054574649723393653 ) ) ;
#3159 = CARTESIAN_POINT ( 'NONE',  ( -12.09286283472236434, -2.145839363196512473, 2.074844968486749153 ) ) ;
#3160 = DIRECTION ( 'NONE',  ( -0.0000000000000000000, 1.000000000000000000, -0.0000000000000000000 ) ) ;
#3161 = CARTESIAN_POINT ( 'NONE',  ( -12.08110738177829724, 2.084792559708884330, -2.135944574644120575 ) ) ;
#3162 = CARTESIAN_POINT ( 'NONE',  ( 12.45475992967933720, 2.967318305570943782, 1.024492312402950578 ) ) ;
#3163 = CARTESIAN_POINT ( 'NONE',  ( -12.15525111988580420, 1.295769517567070706, 2.901708503214909030 ) ) ;
#3164 = CARTESIAN_POINT ( 'NONE',  ( -11.95126274599800098, -1.234091731987855711, -2.719140538202567292 ) ) ;
#3165 = CARTESIAN_POINT ( 'NONE',  ( -12.39459767114639455, 2.712864005007078028, -1.595020223867493314 ) ) ;
#3166 = CARTESIAN_POINT ( 'NONE',  ( 11.91420403656158378, 0.8445382701755230759, -2.862621679521271112 ) ) ;
#3167 = CARTESIAN_POINT ( 'NONE',  ( 12.26691513877499240, 2.906850004215347560, 0.6781118857582911774 ) ) ;
#3168 = CARTESIAN_POINT ( 'NONE',  ( 11.93713807804574323, 1.100463682355022232, 2.774657413746892676 ) ) ;
#3169 = CARTESIAN_POINT ( 'NONE',  ( -12.29888870811652701, -2.252993721882740719, 2.215568442166399699 ) ) ;
#3170 = CARTESIAN_POINT ( 'NONE',  ( 0.0000000000000000000, -72.80100000000000193, 0.0000000000000000000 ) ) ;
#3171 = DIRECTION ( 'NONE',  ( 0.0000000000000000000, 0.0000000000000000000, -1.000000000000000000 ) ) ;
#3172 = AXIS2_PLACEMENT_3D ( 'NONE', #722, #1449, #339 ) ;
#3173 = CARTESIAN_POINT ( 'NONE',  ( -12.08631216792941032, -0.2565326673913826960, -3.176648598454138384 ) ) ;
#3174 = CARTESIAN_POINT ( 'NONE',  ( 12.10524730687272488, 0.7118254255192946189, -3.103712762336928943 ) ) ;
#3175 = CARTESIAN_POINT ( 'NONE',  ( 12.20880041979088126, 2.676066747304854054, -1.324897843605527203 ) ) ;
#3176 = B_SPLINE_CURVE_WITH_KNOTS ( 'NONE', 3,
 ( #4140, #656, #2521, #309, #4349 ),
 .UNSPECIFIED., .F., .F.,
 ( 4, 1, 4 ),
 ( 0.5000000000000000000, 0.5000708918283328641, 0.5001417836566657282 ),
 .UNSPECIFIED. ) ;
#3177 = CARTESIAN_POINT ( 'NONE',  ( -11.88116354288939114, 0.09498784482683417241, 2.984585639522116640 ) ) ;
#3178 = CARTESIAN_POINT ( 'NONE',  ( -12.44161313152045523, 2.913562706366368271, 1.174142235747734908 ) ) ;
#3179 = CARTESIAN_POINT ( 'NONE',  ( -12.09302555241464994, 2.146445344523154830, -2.073726563514089349 ) ) ;
#3180 = CARTESIAN_POINT ( 'NONE',  ( 12.39492025025770516, 2.714685974061614271, 1.595135676471208575 ) ) ;
#3181 = CIRCLE ( 'NONE', #1999, 2.499999999999998668 ) ;
#3182 = CARTESIAN_POINT ( 'NONE',  ( -12.11857844421595232, -2.273586829701715661, -1.934013668089749727 ) ) ;
#3183 = CARTESIAN_POINT ( 'NONE',  ( 11.93249929624310468, 1.053831924203193049, -2.792681299439255138 ) ) ;
#3184 = VERTEX_POINT ( 'NONE', #3752 ) ;
#3185 = ORIENTED_EDGE ( 'NONE', *, *, #1621, .T. ) ;
#3186 = CARTESIAN_POINT ( 'NONE',  ( 12.03355566731174342, -1.818508697458526058, -2.366988559579676910 ) ) ;
#3187 = VERTEX_POINT ( 'NONE', #1940 ) ;
#3188 = CARTESIAN_POINT ( 'NONE',  ( 0.0000000000000000000, 77.50000000000000000, 0.0000000000000000000 ) ) ;
#3189 = CARTESIAN_POINT ( 'NONE',  ( 12.32504243395842281, 2.387120369458959335, -2.065185454729785874 ) ) ;
#3190 = EDGE_LOOP ( 'NONE', ( #411, #4713 ) ) ;
#3191 = CARTESIAN_POINT ( 'NONE',  ( -11.90432183883258865, -0.7069176026048681338, 2.899673897650779875 ) ) ;
#3192 = CARTESIAN_POINT ( 'NONE',  ( 1.499310583260121514E-15, 77.24599999999999511, -12.24279999999999902 ) ) ;
#3193 = ORIENTED_EDGE ( 'NONE', *, *, #502, .T. ) ;
#3194 = CARTESIAN_POINT ( 'NONE',  ( 12.04298760551970560, -1.873921279853638877, 2.322893266664244560 ) ) ;
#3195 = CARTESIAN_POINT ( 'NONE',  ( 12.23319639788808999, -2.774991107049207262, 1.099565720365148769 ) ) ;
#3196 = CARTESIAN_POINT ( 'NONE',  ( -12.09849819715832275, -0.5905817329709694974, 3.129916982424596927 ) ) ;
#3197 = CARTESIAN_POINT ( 'NONE',  ( -12.26524844068764608, 2.067897219063834502, -2.394576307835346807 ) ) ;
#3198 = CARTESIAN_POINT ( 'NONE',  ( 12.05286744661358078, 1.931015028212502704, -2.276134933344977185 ) ) ;
#3199 = AXIS2_PLACEMENT_3D ( 'NONE', #254, #2448, #2117 ) ;
#3200 = CARTESIAN_POINT ( 'NONE',  ( -12.49550546631439119, 3.128552553491671162, 0.2081789190921781441 ) ) ;
#3201 = CARTESIAN_POINT ( 'NONE',  ( 3.372677284851802032E-16, -76.99200000000000443, 2.753999999999992454 ) ) ;
#3202 = CARTESIAN_POINT ( 'NONE',  ( 12.36401582569095581, 2.574450088542762138, -1.817028408127900674 ) ) ;
#3203 = CARTESIAN_POINT ( 'NONE',  ( -12.23775693116923335, -2.793126632426143896, 1.051802441109236597 ) ) ;
#3204 = CARTESIAN_POINT ( 'NONE',  ( -2.856403312780321156E-15, 76.73799999999999955, 0.0000000000000000000 ) ) ;
#3205 = CARTESIAN_POINT ( 'NONE',  ( -11.91234736133176675, 0.8214660601126370087, -2.869650943605241977 ) ) ;
#3206 = CARTESIAN_POINT ( 'NONE',  ( 12.27873838777079385, -2.143888683930112116, -2.324419816135552264 ) ) ;
#3207 = CARTESIAN_POINT ( 'NONE',  ( 0.0000000000000000000, -77.24599999999999511, 0.0000000000000000000 ) ) ;
#3208 = CARTESIAN_POINT ( 'NONE',  ( 12.25702951770879423, 2.868756579797968609, -0.8234580085558432794 ) ) ;
#3209 = CARTESIAN_POINT ( 'NONE',  ( 12.14189603778296345, 2.383620292144251085, 1.796158414551182636 ) ) ;
#3210 = CARTESIAN_POINT ( 'NONE',  ( -12.47089987552392110, 3.032390041527883717, 0.8298725937258709662 ) ) ;
#3211 = CARTESIAN_POINT ( 'NONE',  ( 12.18262641732613538, -2.565195919207238884, -1.525503692354717389 ) ) ;
#3212 = CARTESIAN_POINT ( 'NONE',  ( 11.93950295443898568, 1.122756139685373356, -2.765357040148445744 ) ) ;
#3213 = CARTESIAN_POINT ( 'NONE',  ( 12.13579305909177819, 1.106455939745937478, -2.982091023686692211 ) ) ;
#3214 = CARTESIAN_POINT ( 'NONE',  ( 11.95126274599801519, 1.234091731987849050, -2.719140538202569513 ) ) ;
#3215 = CARTESIAN_POINT ( 'NONE',  ( -12.23991520324908855, -2.801690664709906020, 1.028771768236715678 ) ) ;
#3216 = CARTESIAN_POINT ( 'NONE',  ( 11.90251206287107522, -0.6799307013241606690, 2.906428721515827540 ) ) ;
#3217 = CARTESIAN_POINT ( 'NONE',  ( 12.21923226345833413, -1.785590710761929767, -2.619397345406576427 ) ) ;
#3218 = EDGE_CURVE ( 'NONE', #3125, #944, #3228, .T. ) ;
#3219 = CARTESIAN_POINT ( 'NONE',  ( -12.28489062525123998, 2.974897649073153350, 0.2442050962980809869 ) ) ;
#3220 = DIRECTION ( 'NONE',  ( 0.0000000000000000000, -1.000000000000000000, 0.0000000000000000000 ) ) ;
#3221 = CARTESIAN_POINT ( 'NONE',  ( -12.48372596116586308, 3.082743159864539173, -0.5720779347735462927 ) ) ;
#3222 = CARTESIAN_POINT ( 'NONE',  ( 11.99580393516434995, 1.575749905371186754, -2.534728114427803103 ) ) ;
#3223 = VECTOR ( 'NONE', #960, 1000.000000000000000 ) ;
#3224 = CARTESIAN_POINT ( 'NONE',  ( 12.28682947021956373, 2.982148958526724236, 0.1209951691151540526 ) ) ;
#3225 = CARTESIAN_POINT ( 'NONE',  ( -12.49680330478261148, 3.133540012630739113, -0.4178804416109492825 ) ) ;
#3226 = CARTESIAN_POINT ( 'NONE',  ( 12.08429225683964248, -0.1291789961718418089, -3.184319819723200329 ) ) ;
#3227 = CARTESIAN_POINT ( 'NONE',  ( -12.10259260209374510, -0.6667612998233491961, 3.114048557211346324 ) ) ;
#3228 = CIRCLE ( 'NONE', #4681, 0.1270000000000003904 ) ;
#3229 = AXIS2_PLACEMENT_3D ( 'NONE', #791, #4472, #3485 ) ;
#3230 = CARTESIAN_POINT ( 'NONE',  ( 11.88823984254261568, -0.3929441280575364237, -2.958923284827679190 ) ) ;
#3231 = CARTESIAN_POINT ( 'NONE',  ( 11.93702545367674261, 1.099301271030779015, -2.775093328789975278 ) ) ;
#3232 = CARTESIAN_POINT ( 'NONE',  ( -12.28580123405430946, -2.978304290259281562, -0.1983401223217131082 ) ) ;
#3233 = CARTESIAN_POINT ( 'NONE',  ( -12.13200305269113777, 2.337629047321931441, -1.856091263790862422 ) ) ;
#3234 = CARTESIAN_POINT ( 'NONE',  ( 11.93713636801797939, -1.099721593829994681, 2.774611395741364284 ) ) ;
#3235 = CARTESIAN_POINT ( 'NONE',  ( 12.33869575723207745, -2.454360591028411420, -1.981978071756848925 ) ) ;
#3236 = CARTESIAN_POINT ( 'NONE',  ( -12.02064278740259518, 1.739309217119261008, 2.425776648604204055 ) ) ;
#3237 = EDGE_LOOP ( 'NONE', ( #3295, #587, #3012, #3521 ) ) ;
#3238 = CARTESIAN_POINT ( 'NONE',  ( -11.96762515330473420, -1.367656756425839948, 2.652800809293728967 ) ) ;
#3239 = ORIENTED_EDGE ( 'NONE', *, *, #51, .F. ) ;
#3240 = DIRECTION ( 'NONE',  ( 0.0000000000000000000, 0.0000000000000000000, 1.000000000000000000 ) ) ;
#3241 = CARTESIAN_POINT ( 'NONE',  ( 12.16466122632338731, 1.391344800826523231, -2.863186786756321212 ) ) ;
#3242 = CARTESIAN_POINT ( 'NONE',  ( 12.28481251604815583, 2.974601882448644652, 0.2441107642461302907 ) ) ;
#3243 = VERTEX_POINT ( 'NONE', #3014 ) ;
#3244 = CARTESIAN_POINT ( 'NONE',  ( -12.11028412711862856, 0.8155920220624205408, 3.084289111581091536 ) ) ;
#3245 = CARTESIAN_POINT ( 'NONE',  ( 12.39018159116449347, -2.693291212984348704, -1.628968858167024303 ) ) ;
#3246 = CARTESIAN_POINT ( 'NONE',  ( 11.99681870799942196, 1.582842609498475772, -2.530406790020920837 ) ) ;
#3247 = CARTESIAN_POINT ( 'NONE',  ( 11.94437087530793384, -1.168804851831590552, -2.746222754922571063 ) ) ;
#3248 = CARTESIAN_POINT ( 'NONE',  ( 11.88812454118071393, 0.3897502569569946673, -2.959343295591468692 ) ) ;
#3249 = CARTESIAN_POINT ( 'NONE',  ( -12.25738851486380909, -2.870173447999662120, 0.8195903378350007928 ) ) ;
#3250 = FACE_OUTER_BOUND ( 'NONE', #4262, .T. ) ;
#3251 = CARTESIAN_POINT ( 'NONE',  ( -12.26691513877497997, -2.906850004215346672, 0.6781118857582969506 ) ) ;
#3252 = CARTESIAN_POINT ( 'NONE',  ( -12.18262641732612117, 2.565195919207237107, -1.525503692354719831 ) ) ;
#3253 = CARTESIAN_POINT ( 'NONE',  ( 11.89963734802542916, -0.6326360036541642806, 2.917073248551648401 ) ) ;
#3254 = CARTESIAN_POINT ( 'NONE',  ( 12.41958510490189127, -2.821196116803849296, -1.387254668255982315 ) ) ;
#3255 = CARTESIAN_POINT ( 'NONE',  ( 12.25821191934359611, 2.027441946513293569, -2.430510618877515849 ) ) ;
#3256 = CARTESIAN_POINT ( 'NONE',  ( -12.21572208301581419, -1.761846515525647083, -2.635595625721752100 ) ) ;
#3257 = CARTESIAN_POINT ( 'NONE',  ( 12.48628162203107550, -3.092790312296155086, 0.5227685837094599997 ) ) ;
#3258 = CARTESIAN_POINT ( 'NONE',  ( 12.08358798358057840, 0.4103761952268433766, -3.186991008541911974 ) ) ;
#3259 = AXIS2_PLACEMENT_3D ( 'NONE', #3188, #1348, #204 ) ;
#3260 = CARTESIAN_POINT ( 'NONE',  ( 12.17149916221150185, -1.436316275236420248, -2.832887727486805396 ) ) ;
#3261 = CARTESIAN_POINT ( 'NONE',  ( -12.10117747628260432, -0.6414590908910544620, 3.119542054985886548 ) ) ;
#3262 = CARTESIAN_POINT ( 'NONE',  ( 12.22374310131983144, 2.736899107310669432, -1.190458834318256054 ) ) ;
#3263 = CARTESIAN_POINT ( 'NONE',  ( 11.96760726555944743, -1.368003812645767869, -2.652954761314562315 ) ) ;
#3264 = CARTESIAN_POINT ( 'NONE',  ( 12.11857844421596120, 2.273586829701714329, -1.934013668089751725 ) ) ;
#3265 = CARTESIAN_POINT ( 'NONE',  ( -12.25738851486380909, -2.870173447999662120, 0.8195903378350007928 ) ) ;
#3266 = CARTESIAN_POINT ( 'NONE',  ( -12.49672742671666903, -3.133253841337900081, 0.05006948448215995523 ) ) ;
#3267 = CARTESIAN_POINT ( 'NONE',  ( 12.06571266996902914, -2.002120771768709950, 2.213314816555596032 ) ) ;
#3268 = CARTESIAN_POINT ( 'NONE',  ( 12.14058720076938869, -1.155431608635516527, -2.962473318114208887 ) ) ;
#3269 = CARTESIAN_POINT ( 'NONE',  ( -12.26521166027004917, 2.900305072300712439, -0.7043224796072129479 ) ) ;
#3270 = CARTESIAN_POINT ( 'NONE',  ( -12.49418807244892093, 3.123451755783506645, 0.2607679672418506955 ) ) ;
#3271 = CARTESIAN_POINT ( 'NONE',  ( 12.11028412712006919, -0.8155920221179913110, 3.084289111575523545 ) ) ;
#3272 = CARTESIAN_POINT ( 'NONE',  ( 11.89431772378321028, 0.5343096923571760692, -2.936689180276917277 ) ) ;
#3273 = CARTESIAN_POINT ( 'NONE',  ( -12.27536492754432729, 2.125134484757080777, -2.342166768606053662 ) ) ;
#3274 = CARTESIAN_POINT ( 'NONE',  ( 12.27536492754433084, -2.125134484757059461, -2.342166768606045224 ) ) ;
#3275 = CARTESIAN_POINT ( 'NONE',  ( 12.12358687508964472, 2.297484272591981291, -1.904950873912187426 ) ) ;
#3276 = CARTESIAN_POINT ( 'NONE',  ( 11.88118726637539879, -3.388131789017201356E-18, -2.984499999999999709 ) ) ;
#3277 = CARTESIAN_POINT ( 'NONE',  ( 11.92607016451971980, 0.9848044157793288678, -2.817445303743071339 ) ) ;
#3278 = CARTESIAN_POINT ( 'NONE',  ( -11.90246523377331123, -0.6779703835690105151, -2.906578143108998091 ) ) ;
#3279 = CARTESIAN_POINT ( 'NONE',  ( 12.11961325083129815, -2.278397111114483398, 1.927765381280286849 ) ) ;
#3280 = CARTESIAN_POINT ( 'NONE',  ( 12.47570578689336429, -3.051213783385281264, 0.7275603097287911547 ) ) ;
#3281 = PERSON_AND_ORGANIZATION ( #2827, #1435 ) ;
#3282 = EDGE_CURVE ( 'NONE', #4491, #3297, #3959, .T. ) ;
#3283 = DIRECTION ( 'NONE',  ( 1.000000000000000000, -0.0000000000000000000, -0.0000000000000000000 ) ) ;
#3284 = CARTESIAN_POINT ( 'NONE',  ( 12.45550546419809557, 2.971307295216034650, -1.033210716633693904 ) ) ;
#3285 = FACE_OUTER_BOUND ( 'NONE', #3416, .T. ) ;
#3286 = CARTESIAN_POINT ( 'NONE',  ( -12.14058720076938158, 1.155431608635506757, -2.962473318114227094 ) ) ;
#3287 = CARTESIAN_POINT ( 'NONE',  ( 12.41958510490189127, -2.821196116803849296, -1.387254668255982315 ) ) ;
#3288 = EDGE_LOOP ( 'NONE', ( #3800, #3517, #3456, #883 ) ) ;
#3289 = CARTESIAN_POINT ( 'NONE',  ( 12.16028603363320215, 2.467166103578684933, -1.679422286210728199 ) ) ;
#3290 = CARTESIAN_POINT ( 'NONE',  ( 12.21645688196429980, -2.707227216516247648, 1.256487739225401024 ) ) ;
#3291 = FACE_BOUND ( 'NONE', #892, .T. ) ;
#3292 = CARTESIAN_POINT ( 'NONE',  ( 0.0000000000000000000, -77.50000000000000000, -2.499999999999993339 ) ) ;
#3293 = CARTESIAN_POINT ( 'NONE',  ( 11.99610814932334790, -1.578256356092731405, 2.533516011588762495 ) ) ;
#3294 = CARTESIAN_POINT ( 'NONE',  ( -12.26088189379684223, -2.883780947950556950, -0.7752549193834600283 ) ) ;
#3295 = ORIENTED_EDGE ( 'NONE', *, *, #2236, .F. ) ;
#3296 = CARTESIAN_POINT ( 'NONE',  ( 12.22633360780482370, -2.747373177261896338, 1.166106227986377641 ) ) ;
#3297 = VERTEX_POINT ( 'NONE', #3703 ) ;
#3298 = CARTESIAN_POINT ( 'NONE',  ( 12.41939128463586783, -2.820371396262855601, 1.388991019031284635 ) ) ;
#3299 = CARTESIAN_POINT ( 'NONE',  ( 0.0000000000000000000, -77.50000000000000000, 0.0000000000000000000 ) ) ;
#3300 = DIRECTION ( 'NONE',  ( 0.0000000000000000000, -1.000000000000000000, 0.0000000000000000000 ) ) ;
#3301 = CARTESIAN_POINT ( 'NONE',  ( 11.88648316417240380, 0.3413729259880529665, -2.965313122838187709 ) ) ;
#3302 = CARTESIAN_POINT ( 'NONE',  ( -12.08429225683964425, 0.1291789961718361746, -3.184319819723206546 ) ) ;
#3303 = CARTESIAN_POINT ( 'NONE',  ( 12.48900098655460233, -3.103329769265783078, -0.4421997312525307589 ) ) ;
#3304 = CARTESIAN_POINT ( 'NONE',  ( -12.15752918407123850, -2.454941450442653217, 1.697896453204765121 ) ) ;
#3305 = CARTESIAN_POINT ( 'NONE',  ( 12.04919464361125492, 1.909817494366356394, -2.293531979784302344 ) ) ;
#3306 = CARTESIAN_POINT ( 'NONE',  ( 12.24983970438780823, -2.840787705444497657, 0.9162631054462304636 ) ) ;
#3307 = CARTESIAN_POINT ( 'NONE',  ( -11.90399020998069624, -0.7018354653451179814, -2.900908600791201497 ) ) ;
#3308 = CARTESIAN_POINT ( 'NONE',  ( 11.93934665312455934, -1.121271357917442923, 2.765970531077519556 ) ) ;
#3309 = CARTESIAN_POINT ( 'NONE',  ( 12.04508753058303050, -1.886117176620319302, 2.312988692421433790 ) ) ;
#3310 = CARTESIAN_POINT ( 'NONE',  ( -12.09849819715832275, -0.5905817329709694974, 3.129916982424596927 ) ) ;
#3311 = CARTESIAN_POINT ( 'NONE',  ( 12.48900098655460233, -3.103329769265783078, -0.4421997312525307589 ) ) ;
#3312 = DIRECTION ( 'NONE',  ( 0.0000000000000000000, 0.0000000000000000000, -1.000000000000000000 ) ) ;
#3313 = CARTESIAN_POINT ( 'NONE',  ( -11.94654774089710969, 1.189385359721968127, 2.737665095738237131 ) ) ;
#3314 = CARTESIAN_POINT ( 'NONE',  ( 12.42458842478324499, -2.842414966903838547, 1.341707272243636062 ) ) ;
#3315 = CARTESIAN_POINT ( 'NONE',  ( 12.27467096388209100, 2.936391848461079146, 0.5358521509944661476 ) ) ;
#3316 = CARTESIAN_POINT ( 'NONE',  ( 12.16914881880341426, -2.506623695752431935, 1.620627845975515013 ) ) ;
#3317 = CARTESIAN_POINT ( 'NONE',  ( -11.88118726602852604, -0.04909898128216654695, -2.984500011251235652 ) ) ;
#3318 = CARTESIAN_POINT ( 'NONE',  ( -12.12415708174485829, -2.300213167812880322, -1.901658486792877412 ) ) ;
#3319 = CARTESIAN_POINT ( 'NONE',  ( 12.27455958728467422, -2.935969298584793830, -0.5381844373233490852 ) ) ;
#3320 = ADVANCED_FACE ( 'NONE', ( #570 ), #1384, .T. ) ;
#3321 = CARTESIAN_POINT ( 'NONE',  ( -12.08826488180458725, 0.3309417785922695865, 3.169206441057026424 ) ) ;
#3322 = CARTESIAN_POINT ( 'NONE',  ( 12.47992545473400483, -3.067831217680057510, -0.6497216060828937545 ) ) ;
#3323 = CARTESIAN_POINT ( 'NONE',  ( -12.20365732168906447, 2.654344998646076981, -1.364657054020671056 ) ) ;
#3324 = CARTESIAN_POINT ( 'NONE',  ( 1.913020764948080264E-15, -73.05500000000000682, 15.62099999999999866 ) ) ;
#3325 = CARTESIAN_POINT ( 'NONE',  ( -12.08160407007913228, 2.087247297884984309, 2.133239650023520895 ) ) ;
#3326 = COORDINATED_UNIVERSAL_TIME_OFFSET ( 0, 0, .AHEAD. ) ;
#3327 = CARTESIAN_POINT ( 'NONE',  ( -12.15546345642089499, 1.297851684615991319, -2.900834038356218780 ) ) ;
#3328 = CARTESIAN_POINT ( 'NONE',  ( 12.26819443364855289, -2.084719290007865933, 2.379439810195052019 ) ) ;
#3329 = CIRCLE ( 'NONE', #3355, 12.62380000000000102 ) ;
#3330 = CARTESIAN_POINT ( 'NONE',  ( -11.99610114709484243, 1.579685934191161989, -2.534019361681208338 ) ) ;
#3331 = CARTESIAN_POINT ( 'NONE',  ( 12.25018364353123523, 2.842130604712560960, 0.9120402789172872282 ) ) ;
#3332 = CARTESIAN_POINT ( 'NONE',  ( 12.28296246060822661, -2.967663658414712469, 0.3175147021399138403 ) ) ;
#3333 = CARTESIAN_POINT ( 'NONE',  ( -12.01895912936126010, -1.728323084742587001, -2.433164661301908449 ) ) ;
#3334 = CARTESIAN_POINT ( 'NONE',  ( -12.19262384341070060, -2.607930096210305582, -1.451232805369211842 ) ) ;
#3335 = VECTOR ( 'NONE', #755, 1000.000000000000000 ) ;
#3336 = CARTESIAN_POINT ( 'NONE',  ( 12.05171668599100343, -1.924162028926080126, -2.281461820679129282 ) ) ;
#3337 = CARTESIAN_POINT ( 'NONE',  ( -12.30563517024879339, -2.288306084222732739, 2.177819565907921362 ) ) ;
#3338 = CARTESIAN_POINT ( 'NONE',  ( 12.43452076646666349, -2.884095203254887885, 1.246309684760565473 ) ) ;
#3339 = CARTESIAN_POINT ( 'NONE',  ( 12.11243017505245767, -2.243694230912060217, 1.968614481987637888 ) ) ;
#3340 = CARTESIAN_POINT ( 'NONE',  ( -12.05978609507576849, 1.969546212496160020, -2.242483016733905821 ) ) ;
#3341 = CIRCLE ( 'NONE', #1836, 15.62099999999999866 ) ;
#3342 = EDGE_CURVE ( 'NONE', #3624, #4431, #627, .T. ) ;
#3343 = CARTESIAN_POINT ( 'NONE',  ( 0.0000000000000000000, -72.67400000000000659, -12.62380000000000102 ) ) ;
#3344 = CARTESIAN_POINT ( 'NONE',  ( -12.07037591736305870, 2.027522709200325401, 2.190207323718759369 ) ) ;
#3345 = CARTESIAN_POINT ( 'NONE',  ( -12.00662820963014887, -1.648737011345417836, -2.487774782917202998 ) ) ;
#3346 = VERTEX_POINT ( 'NONE', #3734 ) ;
#3347 = CARTESIAN_POINT ( 'NONE',  ( -12.47857877392974935, 3.062542368365757550, 0.6765595222368849804 ) ) ;
#3348 = CARTESIAN_POINT ( 'NONE',  ( 12.48699175492466118, -3.095503276779998814, 0.4957123158011152442 ) ) ;
#3349 = ORIENTED_EDGE ( 'NONE', *, *, #4105, .F. ) ;
#3350 = CARTESIAN_POINT ( 'NONE',  ( -11.94437087530791075, 1.168804851831590774, -2.746222754922571063 ) ) ;
#3351 = CARTESIAN_POINT ( 'NONE',  ( 12.07702613752906373, 2.063128181944366091, 2.156694687490533724 ) ) ;
#3352 = CARTESIAN_POINT ( 'NONE',  ( 12.27460377090935317, -2.936125189702776694, -0.5357419802326505165 ) ) ;
#3353 = CARTESIAN_POINT ( 'NONE',  ( 12.02117927116952600, 1.742669209541243713, 2.423364719267223855 ) ) ;
#3354 = EDGE_LOOP ( 'NONE', ( #757, #1162 ) ) ;
#3355 = AXIS2_PLACEMENT_3D ( 'NONE', #4267, #1381, #4280 ) ;
#3356 = CARTESIAN_POINT ( 'NONE',  ( -12.48995078394619185, -3.107029466011504315, 0.4168975812372283096 ) ) ;
#3357 = CARTESIAN_POINT ( 'NONE',  ( 11.88907954597078387, -0.4132525209047893666, 2.955854074312983748 ) ) ;
#3358 = CARTESIAN_POINT ( 'NONE',  ( 12.19294381984567366, -2.609363627642447891, -1.449340212176848830 ) ) ;
#3359 = CARTESIAN_POINT ( 'NONE',  ( -12.09723783930892260, -0.5650732858992113528, 3.134783698671495422 ) ) ;
#3360 = CARTESIAN_POINT ( 'NONE',  ( 12.09076037758346800, 0.4120509442390912214, 3.159681627914374680 ) ) ;
#3361 = CARTESIAN_POINT ( 'NONE',  ( -12.28066855686034309, 2.959039767382789954, -0.3897761740399787178 ) ) ;
#3362 = CARTESIAN_POINT ( 'NONE',  ( 0.0000000000000000000, -72.80100000000000193, -12.62380000000000102 ) ) ;
#3363 = CARTESIAN_POINT ( 'NONE',  ( -12.09464630741507030, -0.5104983901716945160, -3.144773962744990214 ) ) ;
#3364 = CARTESIAN_POINT ( 'NONE',  ( -11.91990728708961811, 0.9154554614770954446, 2.841028055687345510 ) ) ;
#3365 = CARTESIAN_POINT ( 'NONE',  ( -12.49679958756153120, 3.133532017728411834, 0.05219693815562218009 ) ) ;
#3366 = CARTESIAN_POINT ( 'NONE',  ( 12.46939408444509745, -3.026167582442163440, 0.8287280211889468395 ) ) ;
#3367 = CARTESIAN_POINT ( 'NONE',  ( 12.04824228294224575, 1.904294555240571674, 2.298027980065814546 ) ) ;
#3368 = CARTESIAN_POINT ( 'NONE',  ( 11.92393428482141005, 0.9652770434019297685, 2.825774281053673231 ) ) ;
#3369 = CARTESIAN_POINT ( 'NONE',  ( 11.88576729123362874, -0.3152018971599816477, 2.967911942225322175 ) ) ;
#3370 = CARTESIAN_POINT ( 'NONE',  ( -12.10792479340121375, -2.221298219692221299, 1.993268094943348556 ) ) ;
#3371 = CARTESIAN_POINT ( 'NONE',  ( -12.35764182530238031, -2.544691048074536610, -1.859883876259972091 ) ) ;
#3372 = CARTESIAN_POINT ( 'NONE',  ( 12.17420149294504483, -2.528712829098155535, -1.585549914595308474 ) ) ;
#3373 = ADVANCED_FACE ( 'NONE', ( #4362 ), #2469, .T. ) ;
#3374 = EDGE_CURVE ( 'NONE', #3187, #1931, #403, .T. ) ;
#3375 = CARTESIAN_POINT ( 'NONE',  ( -12.33573336056894298, -2.439769226946546965, 2.000027623170688607 ) ) ;
#3376 = CARTESIAN_POINT ( 'NONE',  ( 12.09849819715832275, 0.5905817329709661667, 3.129916982424583605 ) ) ;
#3377 = DIRECTION ( 'NONE',  ( -0.0000000000000000000, 1.000000000000000000, -0.0000000000000000000 ) ) ;
#3378 = CARTESIAN_POINT ( 'NONE',  ( -12.09077955792302461, 0.4125661355403297259, -3.159608140475584914 ) ) ;
#3379 = CARTESIAN_POINT ( 'NONE',  ( -11.88657422616990722, 0.3442928919511809016, -2.964982127231877040 ) ) ;
#3380 = DIRECTION ( 'NONE',  ( 0.0000000000000000000, 1.000000000000000000, 0.0000000000000000000 ) ) ;
#3381 = CARTESIAN_POINT ( 'NONE',  ( -12.41958510490188949, 2.821196116803859955, -1.387254668255984313 ) ) ;
#3382 = CARTESIAN_POINT ( 'NONE',  ( 12.22543824922846589, -1.826163138672739938, 2.590301575308256332 ) ) ;
#3383 = CARTESIAN_POINT ( 'NONE',  ( -12.20048561498834339, 1.657067962674360295, 2.705348210711485901 ) ) ;
#3384 = CARTESIAN_POINT ( 'NONE',  ( -11.95184018324928665, 1.236124719474405609, -2.716585411829243846 ) ) ;
#3385 = CARTESIAN_POINT ( 'NONE',  ( 12.10674062846130461, 2.215433171648550026, 1.999779334632456385 ) ) ;
#3386 = CARTESIAN_POINT ( 'NONE',  ( 11.90914606189136471, 0.7782249337375802822, 2.881667963078231587 ) ) ;
#3387 = CARTESIAN_POINT ( 'NONE',  ( 11.88651179878215913, -0.3397040872517783638, 2.965206503584747022 ) ) ;
#3388 = CARTESIAN_POINT ( 'NONE',  ( -12.16989540742214793, -2.509783254083749693, 1.615050577293719147 ) ) ;
#3389 = CARTESIAN_POINT ( 'NONE',  ( 12.25709069900597292, -2.868995414909559560, -0.8226272664304459248 ) ) ;
#3390 = CARTESIAN_POINT ( 'NONE',  ( -12.45475992967933720, -2.967318305570936676, 1.024492312402960126 ) ) ;
#3391 = CARTESIAN_POINT ( 'NONE',  ( 12.15031933817277832, 1.251078119094742647, 2.922357126999123977 ) ) ;
#3392 = CARTESIAN_POINT ( 'NONE',  ( -12.18840403722541055, 2.589972637330205885, -1.483048600090483227 ) ) ;
#3393 = CARTESIAN_POINT ( 'NONE',  ( -12.36465677682549646, -2.577531091236052063, 1.813053918206760651 ) ) ;
#3394 = CARTESIAN_POINT ( 'NONE',  ( -12.19294381984440356, 2.609363627637453664, -1.449340212186224441 ) ) ;
#3395 = CONICAL_SURFACE ( 'NONE', #3172, 2.753999999999992454, 0.7853981633974005394 ) ;
#3396 = CARTESIAN_POINT ( 'NONE',  ( -12.48989407275940344, 3.106801996950923961, -0.4162122008282603813 ) ) ;
#3397 = CARTESIAN_POINT ( 'NONE',  ( 12.16331957401584063, 1.367152102738327990, 2.867716655492530187 ) ) ;
#3398 = CARTESIAN_POINT ( 'NONE',  ( 12.12761458192057518, 2.316688551832461140, 1.881552055544084112 ) ) ;
#3399 = CARTESIAN_POINT ( 'NONE',  ( 11.88907954597078387, -0.4132525209047893666, 2.955854074312983748 ) ) ;
#3400 = LINE ( 'NONE', #42, #4482 ) ;
#3401 = CARTESIAN_POINT ( 'NONE',  ( -12.12290412019220476, -2.294251737287698045, 1.908962228564891950 ) ) ;
#3402 = EDGE_LOOP ( 'NONE', ( #413, #590, #3134, #2829 ) ) ;
#3403 = CARTESIAN_POINT ( 'NONE',  ( 12.25521536058665184, -2.861718063877773055, -0.8475675093769687862 ) ) ;
#3404 = EDGE_LOOP ( 'NONE', ( #240, #1512, #134, #4086 ) ) ;
#3405 = CARTESIAN_POINT ( 'NONE',  ( -12.37339551419939454, -2.617651159114013470, -1.752020278564643929 ) ) ;
#3406 = CARTESIAN_POINT ( 'NONE',  ( 12.09473838401523871, -0.5107326193278297621, 3.144413338791062440 ) ) ;
#3407 = CARTESIAN_POINT ( 'NONE',  ( -11.95420002095231560, 1.256506330431244933, 2.707135643854119422 ) ) ;
#3408 = ORIENTED_EDGE ( 'NONE', *, *, #3436, .F. ) ;
#3409 = AXIS2_PLACEMENT_3D ( 'NONE', #2817, #639, #737 ) ;
#3410 = ORIENTED_EDGE ( 'NONE', *, *, #1803, .F. ) ;
#3411 = DIRECTION ( 'NONE',  ( -1.000000000000000000, -0.0000000000000000000, -0.0000000000000000000 ) ) ;
#3412 = CARTESIAN_POINT ( 'NONE',  ( -12.09907363908724953, 2.177125418757608788, 2.041448452986347473 ) ) ;
#3413 = CARTESIAN_POINT ( 'NONE',  ( -11.88907954597076433, 0.4132525209047841486, 2.955854074312983748 ) ) ;
#3414 = CARTESIAN_POINT ( 'NONE',  ( -12.42713012629622149, 2.853134702640168996, 1.317961313772110454 ) ) ;
#3415 = CARTESIAN_POINT ( 'NONE',  ( 12.08490973423926107, -0.2024167537372395798, 3.181992840923602461 ) ) ;
#3416 = EDGE_LOOP ( 'NONE', ( #4098, #3069 ) ) ;
#3417 = DIRECTION ( 'NONE',  ( -0.0000000000000000000, 1.000000000000000000, -0.0000000000000000000 ) ) ;
#3418 = CARTESIAN_POINT ( 'NONE',  ( 12.05280447448407521, -1.930387411253753793, 2.276277255079322437 ) ) ;
#3419 = CARTESIAN_POINT ( 'NONE',  ( 12.12925439437388064, 1.033981482531894036, -3.008534612133320962 ) ) ;
#3420 = CARTESIAN_POINT ( 'NONE',  ( -12.21704120089984258, -2.709743929145139507, 1.252488172177737669 ) ) ;
#3421 = CARTESIAN_POINT ( 'NONE',  ( -12.32504243395842458, -2.387120369458967328, -2.065185454729794756 ) ) ;
#3422 = CARTESIAN_POINT ( 'NONE',  ( 12.10557185616218767, 0.7171449087252609322, 3.102446799662528232 ) ) ;
#3423 = CARTESIAN_POINT ( 'NONE',  ( -12.28713928923415999, 2.983307376689182000, -0.09746475695230900904 ) ) ;
#3424 = DIRECTION ( 'NONE',  ( 0.0000000000000000000, 0.0000000000000000000, -1.000000000000000000 ) ) ;
#3425 = CARTESIAN_POINT ( 'NONE',  ( 11.97842826371032210, -1.450782187433434567, -2.608180312560723468 ) ) ;
#3426 = CARTESIAN_POINT ( 'NONE',  ( -12.20371288468252224, 2.654579879130922304, -1.364207772583905243 ) ) ;
#3427 = CARTESIAN_POINT ( 'NONE',  ( -12.37647437505286518, 2.631794134505957228, 1.730544675180466729 ) ) ;
#3428 = CARTESIAN_POINT ( 'NONE',  ( 12.09070508438234093, -0.4081137152948467461, 3.159884789339424405 ) ) ;
#3429 = CARTESIAN_POINT ( 'NONE',  ( -12.27832070595133906, 2.141575980993066342, 2.326625980901667390 ) ) ;
#3430 = DIRECTION ( 'NONE',  ( 8.659560562354926695E-17, 0.7071067811865482389, -0.7071067811865469066 ) ) ;
#3431 = CARTESIAN_POINT ( 'NONE',  ( 11.98265590833537786, 1.482317097954914287, 2.590550775762406222 ) ) ;
#3432 = CARTESIAN_POINT ( 'NONE',  ( 11.88116354288941068, -0.09498784482683185482, 2.984585639522117084 ) ) ;
#3433 = CARTESIAN_POINT ( 'NONE',  ( 11.88118726637539879, -3.388131789017201356E-18, -2.984499999999999709 ) ) ;
#3434 = CARTESIAN_POINT ( 'NONE',  ( -12.15224619845004383, -2.431136592503412963, 1.731813851299752072 ) ) ;
#3435 = CARTESIAN_POINT ( 'NONE',  ( -12.08907108244798145, -0.3609819958137895357, 3.166133046246007776 ) ) ;
#3436 = EDGE_CURVE ( 'NONE', #579, #1234, #2525, .T. ) ;
#3437 = CARTESIAN_POINT ( 'NONE',  ( -12.49412271064295332, -3.123198943761194890, -0.2638150691097939649 ) ) ;
#3438 = CARTESIAN_POINT ( 'NONE',  ( 12.49615994948196906, 3.131065165694115304, 0.1292014981445389343 ) ) ;
#3439 = CARTESIAN_POINT ( 'NONE',  ( -12.07931513012394653, 2.075264145748600075, 2.145022383295871027 ) ) ;
#3440 = DIRECTION ( 'NONE',  ( 0.0000000000000000000, -1.000000000000000000, 0.0000000000000000000 ) ) ;
#3441 = CARTESIAN_POINT ( 'NONE',  ( -2.856403312780321156E-15, 76.73799999999999955, 0.0000000000000000000 ) ) ;
#3442 = CARTESIAN_POINT ( 'NONE',  ( -12.24989585261146630, 2.841004880275613154, -0.9155186292728016983 ) ) ;
#3443 = CARTESIAN_POINT ( 'NONE',  ( 12.27460377090935317, -2.936125189702776694, -0.5357419802326505165 ) ) ;
#3444 = CARTESIAN_POINT ( 'NONE',  ( -12.32542795076579800, 2.389042056677150860, 2.062881664778768886 ) ) ;
#3445 = CARTESIAN_POINT ( 'NONE',  ( 12.16601740481030269, 1.390161722424229307, 2.856252214414538582 ) ) ;
#3446 = CARTESIAN_POINT ( 'NONE',  ( 12.11932095734627524, 2.277026910783548797, 1.929504805654401967 ) ) ;
#3447 = CARTESIAN_POINT ( 'NONE',  ( 12.12302624824563324, 0.9607828836064218336, -3.033532078306393043 ) ) ;
#3448 = ADVANCED_FACE ( 'NONE', ( #3964 ), #3843, .F. ) ;
#3449 = CARTESIAN_POINT ( 'NONE',  ( -12.46964029616553837, -3.027147881777535243, 0.8250068589919318240 ) ) ;
#3450 = CARTESIAN_POINT ( 'NONE',  ( 12.47590633795252124, 3.052006092476650334, 0.7241038810913068557 ) ) ;
#3451 = CARTESIAN_POINT ( 'NONE',  ( -12.28745839334777479, 2.984498484913297833, 0.04888161089563186623 ) ) ;
#3452 = LINE ( 'NONE', #2176, #2711 ) ;
#3453 = CARTESIAN_POINT ( 'NONE',  ( 0.0000000000000000000, -67.34000000000000341, 0.0000000000000000000 ) ) ;
#3454 = CARTESIAN_POINT ( 'NONE',  ( -12.17149916221150008, 1.436316275236422024, -2.832887727486818275 ) ) ;
#3455 = CARTESIAN_POINT ( 'NONE',  ( -12.28744836407838470, 2.984459578846009542, -0.09852670479088984634 ) ) ;
#3456 = ORIENTED_EDGE ( 'NONE', *, *, #1032, .T. ) ;
#3457 = CARTESIAN_POINT ( 'NONE',  ( -12.18268940574972703, 1.525284652325480605, 2.784371777586274188 ) ) ;
#3458 = CARTESIAN_POINT ( 'NONE',  ( -12.20873572406310537, 2.675446265588839356, 1.322811802250477342 ) ) ;
#3459 = CARTESIAN_POINT ( 'NONE',  ( 12.44134711184174513, 2.912464378790821318, -1.176953706302200642 ) ) ;
#3460 = VERTEX_POINT ( 'NONE', #1925 ) ;
#3461 = CARTESIAN_POINT ( 'NONE',  ( 12.27691940392497294, 2.944899930725080051, 0.4870207576222253532 ) ) ;
#3462 = ORIENTED_EDGE ( 'NONE', *, *, #4014, .F. ) ;
#3463 = ORIENTED_EDGE ( 'NONE', *, *, #4527, .T. ) ;
#3464 = EDGE_CURVE ( 'NONE', #4203, #4491, #2156, .T. ) ;
#3465 = CARTESIAN_POINT ( 'NONE',  ( 11.88823984254261568, -0.3929441280575364237, -2.958923284827679190 ) ) ;
#3466 = CARTESIAN_POINT ( 'NONE',  ( -11.93026797283074991, -1.031386869259091510, 2.801358878452526735 ) ) ;
#3467 = ORIENTED_EDGE ( 'NONE', *, *, #2977, .F. ) ;
#3468 = CARTESIAN_POINT ( 'NONE',  ( -12.18696852097106209, 2.583837812063857875, -1.493711330754518896 ) ) ;
#3469 = CARTESIAN_POINT ( 'NONE',  ( -12.10679826407065995, -0.7368822309521553260, -3.097658691198309722 ) ) ;
#3470 = CARTESIAN_POINT ( 'NONE',  ( 12.42722592789994174, 2.853538142634621799, 1.317058747260182239 ) ) ;
#3471 = CARTESIAN_POINT ( 'NONE',  ( -12.05937990290314943, 1.967287672163655854, 2.244462722414084066 ) ) ;
#3472 = AXIS2_PLACEMENT_3D ( 'NONE', #3015, #1123, #777 ) ;
#3473 = CARTESIAN_POINT ( 'NONE',  ( 11.92381105002544217, -0.9604799472285108219, -2.826149959882267471 ) ) ;
#3474 = CARTESIAN_POINT ( 'NONE',  ( -12.23833618986216543, -1.914765659471689530, 2.531221617754011000 ) ) ;
#3475 = CARTESIAN_POINT ( 'NONE',  ( -12.15182827314447067, 2.429240928849428549, -1.734469549778790531 ) ) ;
#3476 = CARTESIAN_POINT ( 'NONE',  ( 12.28223916592581944, -2.964947348983635322, 0.3419565484376155817 ) ) ;
#3477 = CARTESIAN_POINT ( 'NONE',  ( 12.38554173821474080, 2.672602488886874905, -1.663992745615557656 ) ) ;
#3478 = CARTESIAN_POINT ( 'NONE',  ( -11.97826777798135289, -1.450173015395013199, -2.608944768728964192 ) ) ;
#3479 = CARTESIAN_POINT ( 'NONE',  ( 12.28682947021956373, 2.982148958526724236, 0.1209951691151540526 ) ) ;
#3480 = CARTESIAN_POINT ( 'NONE',  ( -11.90902256748515953, -0.7764956446767330434, 2.882134767843414380 ) ) ;
#3481 = CARTESIAN_POINT ( 'NONE',  ( -12.10230184569623546, -0.6616357662931043881, -3.115178214835598869 ) ) ;
#3482 = CARTESIAN_POINT ( 'NONE',  ( 12.22598387305908219, 1.829690915244546412, 2.587726060219218471 ) ) ;
#3483 = CARTESIAN_POINT ( 'NONE',  ( -12.03388671440876934, -1.820491489274139063, 2.365460484727746948 ) ) ;
#3484 = CARTESIAN_POINT ( 'NONE',  ( 1.913020764948080264E-15, -77.24599999999999511, -15.62099999999999866 ) ) ;
#3485 = DIRECTION ( 'NONE',  ( 0.0000000000000000000, 0.0000000000000000000, -1.000000000000000000 ) ) ;
#3486 = CARTESIAN_POINT ( 'NONE',  ( -12.03241047567479782, 1.811594316221981193, -2.372284432885421790 ) ) ;
#3487 = CARTESIAN_POINT ( 'NONE',  ( 12.49550328850740755, 3.128530524405424451, 0.1819408469814829954 ) ) ;
#3488 = CARTESIAN_POINT ( 'NONE',  ( -12.10228699411950259, 0.6628229836771386552, 3.115248252005672569 ) ) ;
#3489 = CARTESIAN_POINT ( 'NONE',  ( -12.31897294572911505, 2.356660474443416309, -2.101054591983044784 ) ) ;
#3490 = CARTESIAN_POINT ( 'NONE',  ( 11.97038033367270415, 1.389353842377375692, 2.641502658322380626 ) ) ;
#3491 = DIRECTION ( 'NONE',  ( 0.0000000000000000000, 1.000000000000000000, 0.0000000000000000000 ) ) ;
#3492 = CARTESIAN_POINT ( 'NONE',  ( 12.09291420496902525, -2.146101219379873193, -2.074572701216140125 ) ) ;
#3493 = DIRECTION ( 'NONE',  ( 0.0000000000000000000, 0.0000000000000000000, -1.000000000000000000 ) ) ;
#3494 = EDGE_CURVE ( 'NONE', #998, #1291, #2997, .T. ) ;
#3495 = CARTESIAN_POINT ( 'NONE',  ( -12.28497028972283189, -2.178341115579509157, -2.291483083014630662 ) ) ;
#3496 = CARTESIAN_POINT ( 'NONE',  ( 12.12925439437388064, 1.033981482531894036, -3.008534612133320962 ) ) ;
#3497 = CARTESIAN_POINT ( 'NONE',  ( -11.95035886410367532, 1.222912610302556713, 2.722476201618968528 ) ) ;
#3498 = DIRECTION ( 'NONE',  ( -0.0000000000000000000, 1.000000000000000000, -0.0000000000000000000 ) ) ;
#3499 = CARTESIAN_POINT ( 'NONE',  ( -12.15806375065176859, 1.321182988375908307, -2.889918383215762443 ) ) ;
#3500 = CARTESIAN_POINT ( 'NONE',  ( -11.99558741810427165, 1.574643764455262440, -2.535762313817474745 ) ) ;
#3501 = CARTESIAN_POINT ( 'NONE',  ( 0.0000000000000000000, 67.34000000000000341, 0.0000000000000000000 ) ) ;
#3502 = CARTESIAN_POINT ( 'NONE',  ( 12.49157634614665291, 3.113336280171596915, 0.3650367906916977545 ) ) ;
#3503 = AXIS2_PLACEMENT_3D ( 'NONE', #571, #270, #4601 ) ;
#3504 = CARTESIAN_POINT ( 'NONE',  ( -12.11205147383844505, -2.241837678285946378, -1.970723949679141551 ) ) ;
#3505 = CARTESIAN_POINT ( 'NONE',  ( -12.30564759362929195, 2.288365814009758026, -2.177742464738412487 ) ) ;
#3506 = CARTESIAN_POINT ( 'NONE',  ( 12.23331099651712428, 2.775403168856161340, 1.097717703534870859 ) ) ;
#3507 = LINE ( 'NONE', #2161, #746 ) ;
#3508 = DIRECTION ( 'NONE',  ( -0.0000000000000000000, -1.000000000000000000, -0.0000000000000000000 ) ) ;
#3509 = CARTESIAN_POINT ( 'NONE',  ( 12.11911850162252335, -2.276194202034197200, -1.930938710173016881 ) ) ;
#3510 = CARTESIAN_POINT ( 'NONE',  ( -11.89979380349069515, -0.6354152662500466286, 2.916496879477233239 ) ) ;
#3511 = DIRECTION ( 'NONE',  ( 0.0000000000000000000, 0.0000000000000000000, -1.000000000000000000 ) ) ;
#3512 = LINE ( 'NONE', #1284, #1562 ) ;
#3513 = CARTESIAN_POINT ( 'NONE',  ( -12.22372590673720438, -1.814628404201506173, -2.598190669689757204 ) ) ;
#3514 = CARTESIAN_POINT ( 'NONE',  ( 12.21890378384062714, 1.783045433962340498, -2.620808652634518676 ) ) ;
#3515 = CARTESIAN_POINT ( 'NONE',  ( 12.26207520774087278, 2.888249410358642688, -0.7522359653941198543 ) ) ;
#3516 = CARTESIAN_POINT ( 'NONE',  ( -12.10777211421145161, -2.220553503618861502, 1.994124661624256500 ) ) ;
#3517 = ORIENTED_EDGE ( 'NONE', *, *, #2444, .T. ) ;
#3518 = LINE ( 'NONE', #4695, #3626 ) ;
#3519 = CARTESIAN_POINT ( 'NONE',  ( -12.06677623452857517, 2.007925703067123369, -2.208048289177478196 ) ) ;
#3520 = CARTESIAN_POINT ( 'NONE',  ( 12.49412271064295332, 3.123198943761182900, -0.2638150691097945755 ) ) ;
#3521 = ORIENTED_EDGE ( 'NONE', *, *, #4527, .F. ) ;
#3522 = CARTESIAN_POINT ( 'NONE',  ( -11.89431772378319607, -0.5343096923571777346, -2.936689180276914612 ) ) ;
#3523 = CARTESIAN_POINT ( 'NONE',  ( 12.15999770727524698, 2.465903083027975118, -1.681416526425098867 ) ) ;
#3524 = CARTESIAN_POINT ( 'NONE',  ( 12.26971068056733927, 2.917525288107626125, 0.6306022325237460313 ) ) ;
#3525 = CARTESIAN_POINT ( 'NONE',  ( -2.389812882305179705E-15, 76.73799999999999955, -3.810000000000000053 ) ) ;
#3526 = EDGE_CURVE ( 'NONE', #1234, #579, #3118, .T. ) ;
#3527 = CARTESIAN_POINT ( 'NONE',  ( 11.98697138592351408, 1.513534384141837830, 2.572363359341692579 ) ) ;
#3528 = CARTESIAN_POINT ( 'NONE',  ( -11.90257574497740123, 0.6809447479077584964, -2.906188226012048847 ) ) ;
#3529 = CARTESIAN_POINT ( 'NONE',  ( 12.10090734127421719, 0.6365029116801221853, -3.120589588717967544 ) ) ;
#3530 = CARTESIAN_POINT ( 'NONE',  ( 12.17806428926511586, 2.545491168984681085, -1.558303011602294674 ) ) ;
#3531 = CARTESIAN_POINT ( 'NONE',  ( -11.89955451094931682, 0.6312985408663993603, 2.917380947591430296 ) ) ;
#3532 = CARTESIAN_POINT ( 'NONE',  ( -2.389812882305179705E-15, 76.73799999999999955, -3.810000000000000053 ) ) ;
#3533 = CARTESIAN_POINT ( 'NONE',  ( -12.16636063780578247, 2.494186398061503773, -1.639035676924620377 ) ) ;
#3534 = CARTESIAN_POINT ( 'NONE',  ( -12.00490294917043954, -1.637400422808136247, -2.495347182564051636 ) ) ;
#3535 = CARTESIAN_POINT ( 'NONE',  ( -12.41157079864381885, 2.786892029397827653, -1.457213020341026732 ) ) ;
#3536 = CARTESIAN_POINT ( 'NONE',  ( 12.00184486143096407, 1.616939733924502409, -2.508653079487046078 ) ) ;
#3537 = CARTESIAN_POINT ( 'NONE',  ( -11.88118726637538103, -3.654958372055275750E-16, -2.984500000000000153 ) ) ;
#3538 = CARTESIAN_POINT ( 'NONE',  ( -11.88118759341396213, -0.002655104640752505886, 2.984498818967658007 ) ) ;
#3539 = CARTESIAN_POINT ( 'NONE',  ( 11.92397620232168265, -0.9623521027766515079, -2.825512394160812679 ) ) ;
#3540 = DIRECTION ( 'NONE',  ( 0.0000000000000000000, 0.0000000000000000000, 1.000000000000000000 ) ) ;
#3541 = CARTESIAN_POINT ( 'NONE',  ( 12.24495210918813726, 1.948437229285458594, -2.496455339079620472 ) ) ;
#3542 = CARTESIAN_POINT ( 'NONE',  ( 12.21898253985359872, 2.717771764496998088, -1.237113665101558846 ) ) ;
#3543 = CARTESIAN_POINT ( 'NONE',  ( -11.88246834770637683, 0.1927896352890017539, 2.979886204415608475 ) ) ;
#3544 = CARTESIAN_POINT ( 'NONE',  ( 0.0000000000000000000, -77.24599999999999511, -15.87500000000000000 ) ) ;
#3545 = CARTESIAN_POINT ( 'NONE',  ( -2.856403312780321156E-15, 65.83784845243110340, 0.0000000000000000000 ) ) ;
#3546 = DIRECTION ( 'NONE',  ( 0.0000000000000000000, 1.000000000000000000, 0.0000000000000000000 ) ) ;
#3547 = DIRECTION ( 'NONE',  ( 0.0000000000000000000, 0.0000000000000000000, 1.000000000000000000 ) ) ;
#3548 = CARTESIAN_POINT ( 'NONE',  ( 12.02533672603534853, 1.768107058687810040, -2.404410246887021874 ) ) ;
#3549 = CARTESIAN_POINT ( 'NONE',  ( 12.20892120999243424, 2.676269541286191433, 1.321819094014406781 ) ) ;
#3550 = DIRECTION ( 'NONE',  ( 0.0000000000000000000, 0.0000000000000000000, 1.000000000000000000 ) ) ;
#3551 = DIRECTION ( 'NONE',  ( -0.0000000000000000000, 1.000000000000000000, -0.0000000000000000000 ) ) ;
#3552 = AXIS2_PLACEMENT_3D ( 'NONE', #707, #3300, #2558 ) ;
#3553 = CARTESIAN_POINT ( 'NONE',  ( 11.88777366462780805, 0.3888992688579215318, -2.960627012544970071 ) ) ;
#3554 = CARTESIAN_POINT ( 'NONE',  ( 12.26488367307682914, 2.066049152845437220, -2.396641726831687969 ) ) ;
#3555 = CARTESIAN_POINT ( 'NONE',  ( -12.28577998453016740, -2.978224343119782347, 0.1950030344266458493 ) ) ;
#3556 = COORDINATED_UNIVERSAL_TIME_OFFSET ( 0, 0, .AHEAD. ) ;
#3557 = CARTESIAN_POINT ( 'NONE',  ( -12.41673572166221540, 2.809047006494992171, 1.412529672580276063 ) ) ;
#3558 = DIRECTION ( 'NONE',  ( 0.0000000000000000000, 0.0000000000000000000, 1.000000000000000000 ) ) ;
#3559 = CARTESIAN_POINT ( 'NONE',  ( 11.88118694532527009, -0.09750972219089665272, 2.984500000000001041 ) ) ;
#3560 = CARTESIAN_POINT ( 'NONE',  ( -12.20894545244515328, 2.676313975805340917, -1.321052516670213395 ) ) ;
#3561 = ADVANCED_FACE ( 'NONE', ( #1496 ), #2875, .F. ) ;
#3562 = CARTESIAN_POINT ( 'NONE',  ( 12.30564759362929195, -2.288365814009750032, -2.177742464738396944 ) ) ;
#3563 = CARTESIAN_POINT ( 'NONE',  ( -12.01439298279066215, 1.699717581978252179, 2.453680298591673914 ) ) ;
#3564 = LINE ( 'NONE', #2967, #3335 ) ;
#3565 = DIRECTION ( 'NONE',  ( -0.0000000000000000000, -1.000000000000000000, -0.0000000000000000000 ) ) ;
#3566 = CARTESIAN_POINT ( 'NONE',  ( 11.92398713831125612, 0.9616579526231577857, -2.825430219182451630 ) ) ;
#3567 = CARTESIAN_POINT ( 'NONE',  ( 12.23331099651712428, 2.775403168856161340, 1.097717703534870859 ) ) ;
#3568 = EDGE_LOOP ( 'NONE', ( #2952, #3574, #9, #2379 ) ) ;
#3569 = CARTESIAN_POINT ( 'NONE',  ( 12.28482635835910841, 2.974656861012513254, -0.2470586592294260198 ) ) ;
#3570 = FACE_OUTER_BOUND ( 'NONE', #2038, .T. ) ;
#3571 = CARTESIAN_POINT ( 'NONE',  ( -12.23773396473657193, 1.925010901566571953, 2.549128905684197921 ) ) ;
#3572 = CARTESIAN_POINT ( 'NONE',  ( 12.15095732694118702, -2.425268931503425485, -1.740018247816044861 ) ) ;
#3573 = CARTESIAN_POINT ( 'NONE',  ( 12.08541205997104484, -0.2069999208242861155, -3.180067558959318585 ) ) ;
#3574 = ORIENTED_EDGE ( 'NONE', *, *, #4437, .T. ) ;
#3575 = CARTESIAN_POINT ( 'NONE',  ( 12.18840403722542831, -2.589972637330207217, -1.483048600090479674 ) ) ;
#3576 = EDGE_LOOP ( 'NONE', ( #357, #1980, #525, #3737 ) ) ;
#3577 = CARTESIAN_POINT ( 'NONE',  ( -12.28682947021954774, -2.982148958526723348, 0.1209951691151560094 ) ) ;
#3578 = DIRECTION ( 'NONE',  ( 0.0000000000000000000, 0.0000000000000000000, 1.000000000000000000 ) ) ;
#3579 = VERTEX_POINT ( 'NONE', #4207 ) ;
#3580 = CARTESIAN_POINT ( 'NONE',  ( 11.93253438061609195, -1.053435025073888642, 2.792513317651574845 ) ) ;
#3581 = CARTESIAN_POINT ( 'NONE',  ( 12.35797295509087768, -2.546376849204101678, -1.858032564942219134 ) ) ;
#3582 = CARTESIAN_POINT ( 'NONE',  ( 12.16483362298673754, -1.392734621930504568, -2.862451488833285485 ) ) ;
#3583 = CARTESIAN_POINT ( 'NONE',  ( 11.96163281840182258, 1.321798619976115585, -2.677593778844298278 ) ) ;
#3584 = CARTESIAN_POINT ( 'NONE',  ( -12.28424895174862286, -2.972490237369775024, 0.2685964607359515588 ) ) ;
#3585 = CARTESIAN_POINT ( 'NONE',  ( 3.061616997868375253E-16, -76.73799999999998533, 2.499999999999993339 ) ) ;
#3586 = CARTESIAN_POINT ( 'NONE',  ( 12.08360682732658020, -0.02577539085096873170, -3.186919554767632334 ) ) ;
#3587 = CARTESIAN_POINT ( 'NONE',  ( 11.88118726637540057, 0.09742606932661330987, -2.984500000000000597 ) ) ;
#3588 = CARTESIAN_POINT ( 'NONE',  ( 12.05316074030267792, -1.932405385674384357, -2.274566321665480118 ) ) ;
#3589 = CARTESIAN_POINT ( 'NONE',  ( 11.89956911373862702, 0.6301677885830893056, -2.917315358884196907 ) ) ;
#3590 = CARTESIAN_POINT ( 'NONE',  ( -12.24612296634674991, -2.826190042778598865, 0.9594209229502045355 ) ) ;
#3591 = CARTESIAN_POINT ( 'NONE',  ( -12.26971068056732861, -2.917525288107627457, 0.6306022325237460313 ) ) ;
#3592 = CARTESIAN_POINT ( 'NONE',  ( 11.93966393569581541, -1.124312629414464526, 2.764726609707168770 ) ) ;
#3593 = CC_DESIGN_SECURITY_CLASSIFICATION ( #546, ( #3995 ) ) ;
#3594 = CARTESIAN_POINT ( 'NONE',  ( 12.40324217299558995, -2.750813256713116495, -1.526477289106620727 ) ) ;
#3595 = CARTESIAN_POINT ( 'NONE',  ( -12.21153737561867914, 2.687017553549102988, -1.299142158581315432 ) ) ;
#3596 = CARTESIAN_POINT ( 'NONE',  ( 12.23805495100847551, -1.913083880611094356, -2.532591835089790244 ) ) ;
#3597 = CARTESIAN_POINT ( 'NONE',  ( 12.10634638590190448, 0.8214192525416893487, -3.103809235898089547 ) ) ;
#3598 = CARTESIAN_POINT ( 'NONE',  ( 0.0000000000000000000, -72.67400000000000659, -12.49680000000000035 ) ) ;
#3599 = CARTESIAN_POINT ( 'NONE',  ( 12.44639361608690997, -2.933420025699779110, -1.125422848780277985 ) ) ;
#3600 = CARTESIAN_POINT ( 'NONE',  ( -12.16601740481029204, -1.390161722424242408, 2.856252214414557677 ) ) ;
#3601 = CARTESIAN_POINT ( 'NONE',  ( 12.00473907853102595, 1.636219124138468262, -2.496034844730127489 ) ) ;
#3602 = CARTESIAN_POINT ( 'NONE',  ( 12.07967952151826907, -2.077186136885454726, -2.143159233503893368 ) ) ;
#3603 = CARTESIAN_POINT ( 'NONE',  ( 12.09894056764098025, 2.176668169397939945, -2.042475157514930029 ) ) ;
#3604 = CARTESIAN_POINT ( 'NONE',  ( -12.28744807942636719, -2.984459973887178652, -0.05154397835077999257 ) ) ;
#3605 = CARTESIAN_POINT ( 'NONE',  ( 11.95145416170190700, -1.233304854425152586, 2.718199236488051174 ) ) ;
#3606 = CARTESIAN_POINT ( 'NONE',  ( 12.24515683313774161, -1.949683520220862887, -2.495453042610971117 ) ) ;
#3607 = EDGE_CURVE ( 'NONE', #2141, #1922, #1556, .T. ) ;
#3608 = DIRECTION ( 'NONE',  ( 0.0000000000000000000, 0.0000000000000000000, 1.000000000000000000 ) ) ;
#3609 = CARTESIAN_POINT ( 'NONE',  ( 11.90246523377332366, 0.6779703835690072955, -2.906578143108998535 ) ) ;
#3610 = APPROVAL_DATE_TIME ( #810, #152 ) ;
#3611 = CARTESIAN_POINT ( 'NONE',  ( -11.91427080276100803, -0.8453684396207904461, -2.862369093272627563 ) ) ;
#3612 = CARTESIAN_POINT ( 'NONE',  ( -12.16483362298317772, 1.392734621882413482, -2.862451488847968406 ) ) ;
#3613 = CARTESIAN_POINT ( 'NONE',  ( 12.40882865441627025, -2.775064089485216101, -1.480378579653519378 ) ) ;
#3614 = CARTESIAN_POINT ( 'NONE',  ( 12.10084065305177070, 2.186018310528875741, -2.031933920928183035 ) ) ;
#3615 = CARTESIAN_POINT ( 'NONE',  ( 12.08394805228979862, 0.1029478049812302537, -3.185626586461236531 ) ) ;
#3616 = CARTESIAN_POINT ( 'NONE',  ( 11.92398713831125612, 0.9616579526231577857, -2.825430219182451630 ) ) ;
#3617 = CARTESIAN_POINT ( 'NONE',  ( -12.26075406311643690, -2.883174071833143337, 0.7726059361419271854 ) ) ;
#3618 = CARTESIAN_POINT ( 'NONE',  ( -12.24612296634674991, -2.826190042778598865, 0.9594209229502045355 ) ) ;
#3619 = CARTESIAN_POINT ( 'NONE',  ( 11.89442781860318910, -0.5349360271194600891, 2.936271335543857219 ) ) ;
#3620 = CONICAL_SURFACE ( 'NONE', #4074, 2.499999999999996891, 1.029744258676653645 ) ;
#3621 = CARTESIAN_POINT ( 'NONE',  ( 12.05997010787001145, -1.970521742376063257, 2.241557843751240231 ) ) ;
#3622 = CARTESIAN_POINT ( 'NONE',  ( 12.38274929231063304, -2.660157933041406242, -1.685104968146012183 ) ) ;
#3623 = CARTESIAN_POINT ( 'NONE',  ( 12.30506998725490142, 2.285361991388933145, -2.181003193794913475 ) ) ;
#3624 = VERTEX_POINT ( 'NONE', #2014 ) ;
#3625 = CARTESIAN_POINT ( 'NONE',  ( -12.07961649027559226, -2.077056308232831938, 2.143698992197232478 ) ) ;
#3626 = VECTOR ( 'NONE', #1711, 1000.000000000000000 ) ;
#3627 = CARTESIAN_POINT ( 'NONE',  ( -12.27086692898209819, 2.921922472575630092, -0.6084540561428742889 ) ) ;
#3628 = DIRECTION ( 'NONE',  ( 0.0000000000000000000, -1.000000000000000000, 0.0000000000000000000 ) ) ;
#3629 = CARTESIAN_POINT ( 'NONE',  ( -12.49419888154134206, 3.123493511273424783, -0.2602136875104948954 ) ) ;
#3630 = CARTESIAN_POINT ( 'NONE',  ( 11.90719233806134802, 0.7494926636358619776, -2.888962525756312072 ) ) ;
#3631 = ORIENTED_EDGE ( 'NONE', *, *, #790, .T. ) ;
#3632 = CARTESIAN_POINT ( 'NONE',  ( -12.08704068705812773, 0.2844311607965053779, -3.173872218238636744 ) ) ;
#3633 = ADVANCED_FACE ( 'NONE', ( #2252 ), #1271, .T. ) ;
#3634 = CARTESIAN_POINT ( 'NONE',  ( 12.26861948730507912, -2.087136056330300082, -2.377247390336719057 ) ) ;
#3635 = CARTESIAN_POINT ( 'NONE',  ( -11.93042842306850204, 1.031582333414355235, -2.800657221005834696 ) ) ;
#3636 = CARTESIAN_POINT ( 'NONE',  ( 12.07016712327887653, 2.026392379331903637, -2.191246383773020945 ) ) ;
#3637 = CARTESIAN_POINT ( 'NONE',  ( 12.09291420496902525, -2.146101219379873193, -2.074572701216140125 ) ) ;
#3638 = CARTESIAN_POINT ( 'NONE',  ( 11.88118726602854558, 0.04909898128217345115, -2.984500011251235208 ) ) ;
#3639 = CARTESIAN_POINT ( 'NONE',  ( -12.05286744661356479, -1.931015028212505591, -2.276134933344975853 ) ) ;
#3640 = CARTESIAN_POINT ( 'NONE',  ( 11.93026909443702976, -1.029907434187530724, 2.801272688227499419 ) ) ;
#3641 = APPROVAL_STATUS ( 'not_yet_approved' ) ;
#3642 = CARTESIAN_POINT ( 'NONE',  ( 12.20923564207419076, -2.677576928142575419, 1.319174092621453909 ) ) ;
#3643 = CARTESIAN_POINT ( 'NONE',  ( 12.35794712215985136, -2.546685508033184941, 1.859765817547855526 ) ) ;
#3644 = CARTESIAN_POINT ( 'NONE',  ( 12.08356773435360765, -0.2015491427837946825, 3.187067786098860545 ) ) ;
#3645 = CARTESIAN_POINT ( 'NONE',  ( 11.88152277545323621, 0.09805151702721245921, -2.983289149909421845 ) ) ;
#3646 = AXIS2_PLACEMENT_3D ( 'NONE', #451, #3377, #420 ) ;
#3647 = CARTESIAN_POINT ( 'NONE',  ( 12.26524844068764430, -2.067897219063835834, -2.394576307835335705 ) ) ;
#3648 = CARTESIAN_POINT ( 'NONE',  ( -12.23775693116923335, -2.793126632426143896, 1.051802441109236597 ) ) ;
#3649 = CARTESIAN_POINT ( 'NONE',  ( 12.24965720694487459, 2.840076442392810208, -0.9185309876756475589 ) ) ;
#3650 = CARTESIAN_POINT ( 'NONE',  ( 12.28490125327424387, -2.974937418635333675, -0.2436860220551782807 ) ) ;
#3651 = CARTESIAN_POINT ( 'NONE',  ( -12.17511786697298959, -2.532675861428972386, -1.579046918161971957 ) ) ;
#3652 = CARTESIAN_POINT ( 'NONE',  ( 12.12391664030188210, -2.299074146600328383, 1.903070091573795253 ) ) ;
#3653 = ADVANCED_FACE ( 'NONE', ( #4590 ), #1671, .F. ) ;
#3654 = CARTESIAN_POINT ( 'NONE',  ( 12.41130030960394670, -2.785710615437489324, 1.459374056277741971 ) ) ;
#3655 = CARTESIAN_POINT ( 'NONE',  ( 12.34474832921328691, 2.483590156704452490, -1.943963342101062031 ) ) ;
#3656 = DIRECTION ( 'NONE',  ( 0.0000000000000000000, -1.000000000000000000, 0.0000000000000000000 ) ) ;
#3657 = CARTESIAN_POINT ( 'NONE',  ( -12.11261062953155587, 2.244575634025329780, -1.967604550473461389 ) ) ;
#3658 = CARTESIAN_POINT ( 'NONE',  ( 11.90399020998070867, 0.7018354653451157610, -2.900908600791201497 ) ) ;
#3659 = CARTESIAN_POINT ( 'NONE',  ( -12.20047849346298285, 1.658568928000712761, -2.705885699823904922 ) ) ;
#3660 = CARTESIAN_POINT ( 'NONE',  ( 12.20660566509062050, -1.700046868318765947, 2.677621065894355556 ) ) ;
#3661 = CARTESIAN_POINT ( 'NONE',  ( 12.28613815214346516, 2.979579608241740285, 0.1967366198285693257 ) ) ;
#3662 = CARTESIAN_POINT ( 'NONE',  ( 12.20473820808909515, -2.658833389408318038, 1.355727343689974385 ) ) ;
#3663 = CARTESIAN_POINT ( 'NONE',  ( -11.91994634970757083, -0.9150872064593428279, -2.840855037302647101 ) ) ;
#3664 = CARTESIAN_POINT ( 'NONE',  ( 11.91231676275557660, -0.8210185050463916223, 2.869765531932127800 ) ) ;
#3665 = CALENDAR_DATE ( 2019, 12, 12 ) ;
#3666 = CARTESIAN_POINT ( 'NONE',  ( 12.15771026476306638, -2.455626845119092128, 1.696249449717324387 ) ) ;
#3667 = CARTESIAN_POINT ( 'NONE',  ( -12.11204195613193946, -0.8170862740217438303, 3.077113083998038956 ) ) ;
#3668 = CARTESIAN_POINT ( 'NONE',  ( 12.43209629651542159, -2.873974824194779121, 1.270262521096829911 ) ) ;
#3669 = CALENDAR_DATE ( 2019, 12, 12 ) ;
#3670 = AXIS2_PLACEMENT_3D ( 'NONE', #1360, #4292, #3171 ) ;
#3671 = CARTESIAN_POINT ( 'NONE',  ( -11.95145416171774677, 1.233304854560899999, 2.718199236426430243 ) ) ;
#3672 = FACE_OUTER_BOUND ( 'NONE', #2893, .T. ) ;
#3673 = CARTESIAN_POINT ( 'NONE',  ( -12.09713658217443211, 0.5646273833679961163, -3.135188687915173134 ) ) ;
#3674 = CARTESIAN_POINT ( 'NONE',  ( 12.42713012629622327, -2.853134702640164999, 1.317961313772096243 ) ) ;
#3675 = EDGE_LOOP ( 'NONE', ( #4377, #1 ) ) ;
#3676 = CARTESIAN_POINT ( 'NONE',  ( -12.05316074030266194, 1.932405385674381915, -2.274566321665481894 ) ) ;
#3677 = CARTESIAN_POINT ( 'NONE',  ( 12.07788107129823985, 2.067643610237342777, -2.152323448025372787 ) ) ;
#3678 = CARTESIAN_POINT ( 'NONE',  ( 12.15093192675265144, -2.425562910247538451, 1.741641411596495326 ) ) ;
#3679 = TOROIDAL_SURFACE ( 'NONE', #3733, 15.62099999999999866, 0.2540000000000000036 ) ;
#3680 = CARTESIAN_POINT ( 'NONE',  ( 11.96203573122344999, -1.323111600748196004, 2.675635230784984220 ) ) ;
#3681 = ORIENTED_EDGE ( 'NONE', *, *, #1062, .F. ) ;
#3682 = CARTESIAN_POINT ( 'NONE',  ( 12.26050924965776723, -2.882217459908869461, -0.7750308536073670096 ) ) ;
#3683 = EDGE_LOOP ( 'NONE', ( #308, #3462, #1917, #4145 ) ) ;
#3684 = CARTESIAN_POINT ( 'NONE',  ( -12.41155394608341744, -2.786895506702407488, 1.457896268644329085 ) ) ;
#3685 = CARTESIAN_POINT ( 'NONE',  ( 12.47855965303110537, -3.062456315720662570, -0.6754377823746459120 ) ) ;
#3686 = CARTESIAN_POINT ( 'NONE',  ( -12.21915106850888577, 2.718291203079712837, -1.233088431553186037 ) ) ;
#3687 = CARTESIAN_POINT ( 'NONE',  ( 3.372677284851802032E-16, -76.99200000000000443, 2.753999999999992454 ) ) ;
#3688 = ORIENTED_EDGE ( 'NONE', *, *, #1741, .T. ) ;
#3689 = DIRECTION ( 'NONE',  ( -1.224646799147354193E-16, 0.0000000000000000000, -1.000000000000000000 ) ) ;
#3690 = CARTESIAN_POINT ( 'NONE',  ( -11.96332630410694975, 1.333239600239153999, 2.670358453289955580 ) ) ;
#3691 = CARTESIAN_POINT ( 'NONE',  ( -12.33869575723207568, 2.454360591028413641, -1.981978071756854920 ) ) ;
#3692 = CARTESIAN_POINT ( 'NONE',  ( 12.15918186388282507, -1.330945459689249599, 2.885193255655350342 ) ) ;
#3693 = CARTESIAN_POINT ( 'NONE',  ( 12.19947002630078536, 2.636809995606395063, 1.398071402160243837 ) ) ;
#3694 = CARTESIAN_POINT ( 'NONE',  ( 12.20365732168908224, -2.654344998646079645, -1.364657054020669502 ) ) ;
#3695 = CARTESIAN_POINT ( 'NONE',  ( -12.15063174410131452, -2.423663308555069840, -1.741751971721664294 ) ) ;
#3696 = CARTESIAN_POINT ( 'NONE',  ( -12.08902207351398062, 0.3566675068985757924, 3.166317509804299490 ) ) ;
#3697 = CARTESIAN_POINT ( 'NONE',  ( 12.03922628405902095, -1.852303028462861878, -2.340760722216105538 ) ) ;
#3698 = ADVANCED_FACE ( 'NONE', ( #1148 ), #3931, .T. ) ;
#3699 = EDGE_CURVE ( 'NONE', #526, #705, #3176, .T. ) ;
#3700 = CARTESIAN_POINT ( 'NONE',  ( -12.31573430793196522, -2.340013466760410665, 2.119622098224905660 ) ) ;
#3701 = CARTESIAN_POINT ( 'NONE',  ( 12.11560003668715524, 0.8665297147802263344, 3.063085391806403823 ) ) ;
#3702 = CARTESIAN_POINT ( 'NONE',  ( -11.95439691843164454, 1.258346365951469314, -2.706363072625065591 ) ) ;
#3703 = CARTESIAN_POINT ( 'NONE',  ( -11.88118726637538103, -3.654958372055275750E-16, -2.984500000000000153 ) ) ;
#3704 = CARTESIAN_POINT ( 'NONE',  ( -11.88649486502730745, 0.3417669563555677525, 2.965267230535173049 ) ) ;
#3705 = CARTESIAN_POINT ( 'NONE',  ( -12.01939993903974369, -1.731481599536331739, -2.431379179513175615 ) ) ;
#3706 = AXIS2_PLACEMENT_3D ( 'NONE', #2589, #2950, #1465 ) ;
#3707 = CARTESIAN_POINT ( 'NONE',  ( -12.41130030960394315, 2.785710615437497317, 1.459374056277750631 ) ) ;
#3708 = CARTESIAN_POINT ( 'NONE',  ( 12.45853998971546517, -2.982644915243812367, 0.9784073759634226430 ) ) ;
#3709 = CARTESIAN_POINT ( 'NONE',  ( 12.06798270005506701, 2.014492728691922085, 2.202063132641995491 ) ) ;
#3710 = CARTESIAN_POINT ( 'NONE',  ( 12.25713081420193440, -2.869175037334442457, 0.8230719617781416808 ) ) ;
#3711 = CARTESIAN_POINT ( 'NONE',  ( -12.49157634614664936, -3.113336280171615122, 0.3650367906917003080 ) ) ;
#3712 = CARTESIAN_POINT ( 'NONE',  ( 12.15769874789607030, -2.455676848782856414, -1.696701466217636067 ) ) ;
#3713 = CARTESIAN_POINT ( 'NONE',  ( -12.09473838401523516, 0.5107326193278345361, 3.144413338791083756 ) ) ;
#3714 = CARTESIAN_POINT ( 'NONE',  ( 12.15012180635156369, -1.248561198312108989, 2.923126845874147062 ) ) ;
#3715 = CARTESIAN_POINT ( 'NONE',  ( -12.28298420466595431, 2.967745287428107837, -0.3167442729884426544 ) ) ;
#3716 = CARTESIAN_POINT ( 'NONE',  ( -11.97847503528917557, 1.451647967550453444, 2.608069089338600488 ) ) ;
#3717 = CARTESIAN_POINT ( 'NONE',  ( -11.89565287384796655, 0.5590933798102588614, 2.931766889434799683 ) ) ;
#3718 = CARTESIAN_POINT ( 'NONE',  ( -12.06579535052910046, -2.002571593257235882, -2.212905251223052705 ) ) ;
#3719 = CARTESIAN_POINT ( 'NONE',  ( -12.40013434765359257, 2.737311241544910789, 1.552044349980958637 ) ) ;
#3720 = CARTESIAN_POINT ( 'NONE',  ( 12.41673572166222428, -2.809047006494977072, 1.412529672580273177 ) ) ;
#3721 = APPROVAL_PERSON_ORGANIZATION ( #3281, #152, #2122 ) ;
#3722 = CARTESIAN_POINT ( 'NONE',  ( 12.02323572789634376, 1.755148024250710481, 2.413976849740525843 ) ) ;
#3723 = CARTESIAN_POINT ( 'NONE',  ( 11.90245755938282457, -0.6790795920196930346, 2.906627332528230578 ) ) ;
#3724 = CARTESIAN_POINT ( 'NONE',  ( -12.23787943100027853, -2.793617794437311286, 1.050503432911776391 ) ) ;
#3725 = FACE_BOUND ( 'NONE', #191, .T. ) ;
#3726 = CARTESIAN_POINT ( 'NONE',  ( 12.10661016869067730, -2.214786332181041484, -2.000495675255495431 ) ) ;
#3727 = CARTESIAN_POINT ( 'NONE',  ( -12.34875728892214575, -2.502648448742018417, 1.917980360389829553 ) ) ;
#3728 = CARTESIAN_POINT ( 'NONE',  ( 12.22543824922846589, -1.826163138672739938, 2.590301575308256332 ) ) ;
#3729 = CARTESIAN_POINT ( 'NONE',  ( 12.19930645237593048, -2.636124107875982947, 1.399371838978492599 ) ) ;
#3730 = CARTESIAN_POINT ( 'NONE',  ( -12.06310067132095298, 1.987870033777837886, -2.226254758289234026 ) ) ;
#3731 = FACE_OUTER_BOUND ( 'NONE', #3576, .T. ) ;
#3732 = CARTESIAN_POINT ( 'NONE',  ( -12.15487618138222992, -1.295717178128119373, -2.903562462621132934 ) ) ;
#3733 = AXIS2_PLACEMENT_3D ( 'NONE', #3066, #1602, #949 ) ;
#3734 = CARTESIAN_POINT ( 'NONE',  ( 0.0000000000000000000, 76.73799999999998533, 2.499999999999998668 ) ) ;
#3735 = CARTESIAN_POINT ( 'NONE',  ( -11.88814658149429349, 0.3904197303347164971, 2.959263767419268110 ) ) ;
#3736 = CARTESIAN_POINT ( 'NONE',  ( -11.90914606189135405, -0.7782249337375974907, 2.881667963078225370 ) ) ;
#3737 = ORIENTED_EDGE ( 'NONE', *, *, #3218, .F. ) ;
#3738 = CARTESIAN_POINT ( 'NONE',  ( -12.48365570521416679, 3.082468095806513375, 0.5736058223364375319 ) ) ;
#3739 = CARTESIAN_POINT ( 'NONE',  ( 12.26530834777296519, 2.068484468614983030, 2.394468058688577816 ) ) ;
#3740 = CIRCLE ( 'NONE', #953, 2.753999999999992454 ) ;
#3741 = CARTESIAN_POINT ( 'NONE',  ( -12.18268940574972703, 1.525284652325480605, 2.784371777586274188 ) ) ;
#3742 = CARTESIAN_POINT ( 'NONE',  ( 12.19306522686802197, 2.609876263916397043, 1.448403159529654483 ) ) ;
#3743 = CARTESIAN_POINT ( 'NONE',  ( 12.03333021385407342, -1.817151738583570264, 2.368026275021390958 ) ) ;
#3744 = ORIENTED_EDGE ( 'NONE', *, *, #3494, .T. ) ;
#3745 = CARTESIAN_POINT ( 'NONE',  ( 11.88256292038159856, 0.1977958709697673623, 2.979544657909743766 ) ) ;
#3746 = CARTESIAN_POINT ( 'NONE',  ( -12.19947002629300847, -2.636809995576284038, 1.398071402216513492 ) ) ;
#3747 = CARTESIAN_POINT ( 'NONE',  ( 12.10949908968979472, -2.229069956572617528, -1.984572915740710153 ) ) ;
#3748 = EDGE_LOOP ( 'NONE', ( #301, #1858, #1001, #3858 ) ) ;
#3749 = CARTESIAN_POINT ( 'NONE',  ( -12.43463674886073456, -2.884578801455831343, 1.245155414614082190 ) ) ;
#3750 = CARTESIAN_POINT ( 'NONE',  ( 12.16331957401584063, 1.367152102738327990, 2.867716655492530187 ) ) ;
#3751 = CARTESIAN_POINT ( 'NONE',  ( -12.13200305269113777, 2.337629047321931441, -1.856091263790862422 ) ) ;
#3752 = CARTESIAN_POINT ( 'NONE',  ( -2.856403312780321156E-15, 76.99200000000000443, 4.572000000000034703 ) ) ;
#3753 = CARTESIAN_POINT ( 'NONE',  ( -12.18740315191698009, 2.585723381445289792, 1.490581979833223603 ) ) ;
#3754 = CARTESIAN_POINT ( 'NONE',  ( -12.48895648411598103, 3.103156655130518082, 0.4434631314732075946 ) ) ;
#3755 = CARTESIAN_POINT ( 'NONE',  ( 12.18002360822663732, 1.504062981185483983, 2.795924930547524223 ) ) ;
#3756 = CARTESIAN_POINT ( 'NONE',  ( -12.35794712215985136, 2.546685508033158740, 1.859765817547841760 ) ) ;
#3757 = CARTESIAN_POINT ( 'NONE',  ( 12.06727407820153530, 2.010637182928627809, 2.205579528689685542 ) ) ;
#3758 = CARTESIAN_POINT ( 'NONE',  ( 11.96745275679112908, -1.366781593413934459, 2.653587398084043869 ) ) ;
#3759 = CARTESIAN_POINT ( 'NONE',  ( -12.10362222592979187, -2.199953566498515034, 2.016875048055714714 ) ) ;
#3760 = EDGE_CURVE ( 'NONE', #3243, #1340, #331, .T. ) ;
#3761 = CARTESIAN_POINT ( 'NONE',  ( -12.35764182530238031, -2.544691048074536610, -1.859883876259972091 ) ) ;
#3762 = CARTESIAN_POINT ( 'NONE',  ( 12.17431947503333234, 1.458732437309300689, 2.820658901540033625 ) ) ;
#3763 = CARTESIAN_POINT ( 'NONE',  ( 12.05937990290316542, -1.967287672163655410, 2.244462722414084510 ) ) ;
#3764 = CARTESIAN_POINT ( 'NONE',  ( -12.17510404857421946, 2.532701959019496574, 1.579569191736096334 ) ) ;
#3765 = CARTESIAN_POINT ( 'NONE',  ( -2.358706853606836731E-15, 76.99200000000000443, -4.064000000000000057 ) ) ;
#3766 = CARTESIAN_POINT ( 'NONE',  ( -12.08360682679743370, -0.05155078170193542336, -3.186919572789153943 ) ) ;
#3767 = CARTESIAN_POINT ( 'NONE',  ( -12.15339747240570745, 2.436242006576581076, 1.724204791003394632 ) ) ;
#3768 = CARTESIAN_POINT ( 'NONE',  ( -12.15786349863384075, 1.319251069078407168, 2.890743353013707218 ) ) ;
#3769 = CARTESIAN_POINT ( 'NONE',  ( 12.13581411164117263, 1.109606593406589070, 2.982233145234080229 ) ) ;
#3770 = CARTESIAN_POINT ( 'NONE',  ( -12.27493764593705805, 2.122747218322256213, 2.344404882850628535 ) ) ;
#3771 = DIRECTION ( 'NONE',  ( 0.0000000000000000000, 0.0000000000000000000, 1.000000000000000000 ) ) ;
#3772 = CARTESIAN_POINT ( 'NONE',  ( 11.89442781860318910, -0.5349360271194600891, 2.936271335543857219 ) ) ;
#3773 = CARTESIAN_POINT ( 'NONE',  ( 12.09949628292417501, 2.179472238592734090, 2.039493740115668974 ) ) ;
#3774 = CARTESIAN_POINT ( 'NONE',  ( 12.08394805228979862, 0.1029478049812302537, -3.185626586461236531 ) ) ;
#3775 = CARTESIAN_POINT ( 'NONE',  ( -12.10969980963909443, -2.230058998851511376, 1.983461706403306657 ) ) ;
#3776 = CARTESIAN_POINT ( 'NONE',  ( -12.46066264943340585, -2.991178965246825694, 0.9500117084155436098 ) ) ;
#3777 = CARTESIAN_POINT ( 'NONE',  ( 12.48629577477026054, 3.092847249692472378, -0.5224258954226406182 ) ) ;
#3778 = CARTESIAN_POINT ( 'NONE',  ( -12.28585378510688741, 2.978500889517180727, 0.1953532616331138672 ) ) ;
#3779 = CARTESIAN_POINT ( 'NONE',  ( -12.28744807942636719, -2.984459973887178652, -0.05154397835077999257 ) ) ;
#3780 = DIRECTION ( 'NONE',  ( 0.0000000000000000000, 1.000000000000000000, 0.0000000000000000000 ) ) ;
#3781 = CARTESIAN_POINT ( 'NONE',  ( -12.24620713604769762, 2.826560833792562732, 0.9592517515738562262 ) ) ;
#3782 = CARTESIAN_POINT ( 'NONE',  ( -11.94658801428244033, 1.189178531957495011, 2.737462275135172263 ) ) ;
#3783 = CIRCLE ( 'NONE', #2773, 5.080000000000000071 ) ;
#3784 = CARTESIAN_POINT ( 'NONE',  ( 12.19267149273605000, -2.608149958240397748, -1.450998553056413565 ) ) ;
#3785 = CARTESIAN_POINT ( 'NONE',  ( -12.15525111988580420, 1.295769517567070706, 2.901708503214909030 ) ) ;
#3786 = CARTESIAN_POINT ( 'NONE',  ( 12.21960272216482579, 1.788042507447927365, 2.617670292285576128 ) ) ;
#3787 = CARTESIAN_POINT ( 'NONE',  ( -12.25814787435911946, 2.026782988954759723, 2.430662593385513048 ) ) ;
#3788 = CARTESIAN_POINT ( 'NONE',  ( 11.89979380349063831, 0.6354152662480578861, 2.916496879477631143 ) ) ;
#3789 = CARTESIAN_POINT ( 'NONE',  ( 11.89120166061042383, 0.4653484505116652348, 2.948100231938539206 ) ) ;
#3790 = LINE ( 'NONE', #1495, #814 ) ;
#3791 = EDGE_CURVE ( 'NONE', #765, #4210, #1034, .T. ) ;
#3792 = CARTESIAN_POINT ( 'NONE',  ( 11.88657422616993031, -0.3442928919511822339, -2.964982127231877040 ) ) ;
#3793 = CARTESIAN_POINT ( 'NONE',  ( -12.05433663806994993, -1.938978975168970553, 2.268864803615759485 ) ) ;
#3794 = DIRECTION ( 'NONE',  ( 0.0000000000000000000, 0.0000000000000000000, 1.000000000000000000 ) ) ;
#3795 = ORIENTED_EDGE ( 'NONE', *, *, #3920, .F. ) ;
#3796 = LINE ( 'NONE', #3201, #4425 ) ;
#3797 = CARTESIAN_POINT ( 'NONE',  ( -12.47860978880727423, -3.062664267731635359, -0.6759703608952861709 ) ) ;
#3798 = CARTESIAN_POINT ( 'NONE',  ( 12.47098394910571884, 3.032476661755414860, -0.8032553233147244898 ) ) ;
#3799 = CARTESIAN_POINT ( 'NONE',  ( -12.28489062525123998, 2.974897649073153350, 0.2442050962980809869 ) ) ;
#3800 = ORIENTED_EDGE ( 'NONE', *, *, #1994, .T. ) ;
#3801 = AXIS2_PLACEMENT_3D ( 'NONE', #261, #2505, #3547 ) ;
#3802 = ORIENTED_EDGE ( 'NONE', *, *, #1528, .T. ) ;
#3803 = DIRECTION ( 'NONE',  ( 0.0000000000000000000, 0.0000000000000000000, 1.000000000000000000 ) ) ;
#3804 = CARTESIAN_POINT ( 'NONE',  ( -12.23078139822452037, 2.765271859526150067, -1.122969717076108154 ) ) ;
#3805 = CARTESIAN_POINT ( 'NONE',  ( -12.38253106395968928, 2.659174638576367045, 1.686701274833647624 ) ) ;
#3806 = CARTESIAN_POINT ( 'NONE',  ( 12.20087798457017314, 1.659867217786514804, 2.703580891718932122 ) ) ;
#3807 = CARTESIAN_POINT ( 'NONE',  ( -12.20660566509061340, 1.700046868318778603, 2.677621065894370211 ) ) ;
#3808 = CARTESIAN_POINT ( 'NONE',  ( 12.26971068056733927, 2.917525288107626125, 0.6306022325237460313 ) ) ;
#3809 = CARTESIAN_POINT ( 'NONE',  ( 12.13579305909177819, 1.106455939745937478, -2.982091023686692211 ) ) ;
#3810 = DIRECTION ( 'NONE',  ( 0.0000000000000000000, -1.000000000000000000, 0.0000000000000000000 ) ) ;
#3811 = CARTESIAN_POINT ( 'NONE',  ( -12.13231677969836575, -2.338957878690181236, 1.853944293016086764 ) ) ;
#3812 = CARTESIAN_POINT ( 'NONE',  ( -12.49640529212773288, -3.132011488332050231, 0.1027632941666873634 ) ) ;
#3813 = CARTESIAN_POINT ( 'NONE',  ( 12.49550328850740755, 3.128530524405424451, 0.1819408469814829954 ) ) ;
#3814 = ADVANCED_FACE ( 'NONE', ( #2131, #2416 ), #2162, .F. ) ;
#3815 = CARTESIAN_POINT ( 'NONE',  ( -12.16914881880340005, 2.506623695752433267, 1.620627845975511461 ) ) ;
#3816 = CARTESIAN_POINT ( 'NONE',  ( -12.39884040755731220, -2.735800233292132067, -1.608505157706784594 ) ) ;
#3817 = CARTESIAN_POINT ( 'NONE',  ( -12.28231356954231046, 2.965228382915054084, -0.3421015123219158238 ) ) ;
#3818 = CARTESIAN_POINT ( 'NONE',  ( -12.27493764593705805, 2.122747218322256213, 2.344404882850628535 ) ) ;
#3819 = CARTESIAN_POINT ( 'NONE',  ( 12.41680151960981426, 2.809698472506056088, -1.414757196788719362 ) ) ;
#3820 = CARTESIAN_POINT ( 'NONE',  ( 12.07300369679911256, 2.041907080352001636, 2.177201572394128704 ) ) ;
#3821 = ADVANCED_BREP_SHAPE_REPRESENTATION ( 'RS6P_M-Solidworks ', ( #770, #3503 ), #4633 ) ;
#3822 = CARTESIAN_POINT ( 'NONE',  ( 12.08530071956806928, 0.2054387512017533113, -3.180491128759493691 ) ) ;
#3823 = CARTESIAN_POINT ( 'NONE',  ( -12.02323572790311701, -1.755148024301232734, 2.413976849703792560 ) ) ;
#3824 = EDGE_CURVE ( 'NONE', #468, #2478, #683, .T. ) ;
#3825 = CARTESIAN_POINT ( 'NONE',  ( -12.11005494674630079, -0.7869192329724846724, -3.084902390242325598 ) ) ;
#3826 = CARTESIAN_POINT ( 'NONE',  ( 12.49410863250082571, 3.123141219794841827, 0.2606672372496821599 ) ) ;
#3827 = CARTESIAN_POINT ( 'NONE',  ( -12.21645688196428559, 2.707227216516248980, 1.256487739225397693 ) ) ;
#3828 = CARTESIAN_POINT ( 'NONE',  ( -12.46595531802839041, 3.012449793291074318, 0.8788956726138686948 ) ) ;
#3829 = CARTESIAN_POINT ( 'NONE',  ( 11.88118726637539879, -1.694065894508600678E-18, -2.984499999999999709 ) ) ;
#3830 = CARTESIAN_POINT ( 'NONE',  ( -12.31922662446500283, -2.362020991479464982, 2.104573744767741950 ) ) ;
#3831 = CARTESIAN_POINT ( 'NONE',  ( -12.12692574041687088, 2.313421112125379153, -1.885588075420990162 ) ) ;
#3832 = CARTESIAN_POINT ( 'NONE',  ( 12.27334148806175129, -2.931335362896425600, 0.5613521881607476116 ) ) ;
#3833 = CARTESIAN_POINT ( 'NONE',  ( 12.49672742671666548, 3.133253841337890755, 0.05006948448216421571 ) ) ;
#3834 = CARTESIAN_POINT ( 'NONE',  ( -11.90246523377331123, -0.6779703835690105151, -2.906578143108998091 ) ) ;
#3835 = CARTESIAN_POINT ( 'NONE',  ( 12.15752918407125094, 2.454941450442653661, 1.697896453204763567 ) ) ;
#3836 = CARTESIAN_POINT ( 'NONE',  ( 11.88296225868610989, -0.1971548229225173476, -2.978083208164393536 ) ) ;
#3837 = DIRECTION ( 'NONE',  ( 1.000000000000000000, -0.0000000000000000000, -0.0000000000000000000 ) ) ;
#3838 = CARTESIAN_POINT ( 'NONE',  ( -12.46066264943340585, -2.991178965246825694, 0.9500117084155436098 ) ) ;
#3839 = DATE_AND_TIME ( #622, #1031 ) ;
#3840 = CARTESIAN_POINT ( 'NONE',  ( -12.10090734127421364, -0.6365029116801256270, -3.120589588717977758 ) ) ;
#3841 = CARTESIAN_POINT ( 'NONE',  ( 12.33573336056894654, 2.439769226946530534, 2.000027623170667734 ) ) ;
#3842 = CARTESIAN_POINT ( 'NONE',  ( -11.93247555448620822, 1.052836030191265815, 2.792736318530355977 ) ) ;
#3843 = CONICAL_SURFACE ( 'NONE', #3646, 2.753999999999992454, 0.7853981633974005394 ) ;
#3844 = CARTESIAN_POINT ( 'NONE',  ( 0.0000000000000000000, -72.80100000000000193, 0.0000000000000000000 ) ) ;
#3845 = CARTESIAN_POINT ( 'NONE',  ( -12.00178961597286253, 1.616996636399985698, -2.509029175011081580 ) ) ;
#3846 = CARTESIAN_POINT ( 'NONE',  ( 12.26051197583244701, -2.882240396394508242, 0.7760907459606910530 ) ) ;
#3847 = CARTESIAN_POINT ( 'NONE',  ( -12.15093192675263900, 2.425562910247542892, 1.741641411596490441 ) ) ;
#3848 = CARTESIAN_POINT ( 'NONE',  ( 12.37339551419939099, 2.617651159113974835, -1.752020278564652589 ) ) ;
#3849 = CYLINDRICAL_SURFACE ( 'NONE', #4625, 2.499999999999998668 ) ;
#3850 = CARTESIAN_POINT ( 'NONE',  ( -2.856403312780321156E-15, 76.99200000000000443, 0.0000000000000000000 ) ) ;
#3851 = CARTESIAN_POINT ( 'NONE',  ( 12.13871965718972845, 2.368902197269273646, 1.815526309834823770 ) ) ;
#3852 = VERTEX_POINT ( 'NONE', #1181 ) ;
#3853 = CIRCLE ( 'NONE', #2762, 2.499999999999996891 ) ;
#3854 = EDGE_CURVE ( 'NONE', #705, #3297, #3861, .T. ) ;
#3855 = CARTESIAN_POINT ( 'NONE',  ( 12.02081103956240682, -1.740367001599591568, -2.425021953623897719 ) ) ;
#3856 = CARTESIAN_POINT ( 'NONE',  ( -12.31405199671581308, -2.331438778019968794, 2.129373392780640639 ) ) ;
#3857 = CARTESIAN_POINT ( 'NONE',  ( -11.93713807804660121, -1.100463682354901662, 2.774657413746941970 ) ) ;
#3858 = ORIENTED_EDGE ( 'NONE', *, *, #1490, .F. ) ;
#3859 = CARTESIAN_POINT ( 'NONE',  ( -12.10524730687272310, -0.7118254255192874025, -3.103712762336937381 ) ) ;
#3860 = CARTESIAN_POINT ( 'NONE',  ( 12.36716735621220131, 2.589040102497437434, -1.795456263318534473 ) ) ;
#3861 = B_SPLINE_CURVE_WITH_KNOTS ( 'NONE', 3,
 ( #2590, #738, #756, #3704, #3735, #1515, #4061, #2968, #4473, #792, #4076, #3364, #1530, #4046, #1548, #4111, #3313, #3671, #4426, #3690, #2295, #1889, #53, #3716, #1479, #1871, #36, #2242, #1905, #1854, #422, #2610, #1928, #4093, #84, #2226, #2995, #374, #1159, #4459, #2280, #18, #4446, #402, #3344, #2638, #436, #3325, #812, #2726, #1259, #3030, #3412, #3044, #4175, #4161, #4142, #145, #4537, #1957, #2687, #850, #1212, #2705, #496, #3767, #4124, #3077, #2331, #512, #130, #4522, #3753, #1598, #1971, #864, #1990, #2310, #482, #2357, #1584, #1231, #96, #3781, #4492, #3092, #898, #453, #2002, #1609, #1565, #3455, #881, #3817, #4506, #3058, #1197, #1630, #2345, #4186, #1943, #2674, #3442, #110, #4554, #1245, #3804, #467, #2373, #2655, #3426, #834, #3394, #2768, #2062, #3130, #2428, #3533, #1338, #1672, #3475, #4253, #2741, #4269, #3878, #3831, #2802, #2410, #2754, #1645, #4225, #1292, #4618, #180, #227, #3179, #211, #2078, #4208, #3161, #1321, #543, #4570, #529, #591, #3519, #4602, #974, #3896, #926, #1706, #2015, #4631, #1693, #3864, #3486, #2388, #2786, #2035, #572, #4239, #3845, #3500, #162, #941, #1659, #4584, #3109, #961, #1305, #912, #1274, #2401, #199, #556, #3148, #2049, #1736, #3205, #1784, #2138, #4313, #1026, #990, #3928, #2109, #4298 ),
 .UNSPECIFIED., .F., .F.,
 ( 4, 2, 2, 2, 2, 2, 1, 2, 2, 2, 1, 2, 2, 2, 1, 2, 2, 2, 1, 2, 2, 1, 1, 2, 2, 2, 1, 2, 2, 2, 1, 2, 2, 1, 2, 2, 2, 1, 2, 2, 2, 2, 2, 2, 2, 2, 2, 2, 2, 2, 2, 2, 2, 2, 1, 2, 2, 1, 2, 2, 1, 2, 2, 2, 1, 2, 2, 2, 1, 2, 2, 1, 1, 2, 2, 2, 1, 2, 2, 2, 1, 1, 2, 2, 2, 1, 2, 2, 2, 1, 2, 2, 2, 1, 2, 2, 2, 2, 2, 2, 2, 2, 2, 2, 4 ),
 ( 0.5001417836566657282, 0.5157623529173941401, 0.5235726375477584016, 0.5313829221781226630, 0.5391932068084868135, 0.5470034914388510749, 0.5548137760692153364, 0.5587189183843974671, 0.5626240606995794868, 0.5704343453299437483, 0.5743394876451257680, 0.5762920588027168334, 0.5782446299603078987, 0.5860549145906722712, 0.5899600569058544020, 0.5919126280634454673, 0.5938651992210365327, 0.6016754838514007941, 0.6055806261665829249, 0.6075331973241739902, 0.6094857684817650556, 0.6133909107969471863, 0.6153434819545382517, 0.6163197675333338399, 0.6172960531121293171, 0.6212011954273112257, 0.6231537665849021801, 0.6241300521636976573, 0.6251063377424931344, 0.6290114800576750431, 0.6309640512152661085, 0.6319403367940616967, 0.6329166223728571739, 0.6368217646880391936, 0.6387743358456302589, 0.6407269070032213243, 0.6485371916335853637, 0.6524423339487674944, 0.6543949051063585598, 0.6563474762639496252, 0.6641577608943138866, 0.6680629032094960174, 0.6719680455246781481, 0.6797783301550422985, 0.6836834724702243182, 0.6875886147854064490, 0.6953988994157707104, 0.7032091840461348609, 0.7110194686764990113, 0.7188297533068632728, 0.7500708918283200966, 0.7656914610890486195, 0.7735017457194127699, 0.7813120303497769203, 0.7891223149801411818, 0.7930274572953233125, 0.7969325996105054433, 0.8047428842408697047, 0.8086480265560518355, 0.8125531688712339662, 0.8203634535015981166, 0.8242685958167801363, 0.8281737381319622671, 0.8359840227623265285, 0.8398891650775087703, 0.8418417362350998356, 0.8437943073926910120, 0.8516045920230552735, 0.8555097343382374042, 0.8574623054958283586, 0.8594148766534195349, 0.8633200189686016657, 0.8652725901261927310, 0.8662488757049883192, 0.8672251612837839074, 0.8711303035989663712, 0.8730828747565577697, 0.8740591603353532468, 0.8750354459141488350, 0.8789405882293312988, 0.8808931593869224752, 0.8818694449657180634, 0.8823575877551158575, 0.8828457305445136516, 0.8867508728596964485, 0.8887034440172878469, 0.8896797295960834351, 0.8906560151748792453, 0.8984662998052450611, 0.9023714421204278580, 0.9043240132780193674, 0.9062765844356107658, 0.9140868690659764706, 0.9179920113811592675, 0.9199445825387507769, 0.9218971536963421753, 0.9297074383267078801, 0.9336125806418908990, 0.9375177229570736959, 0.9453280075874395116, 0.9531382922178053274, 0.9609485768481711432, 0.9687588614785369590, 0.9843794307392683685, 1.000000000000000000 ),
 .UNSPECIFIED. ) ;
#3862 = CARTESIAN_POINT ( 'NONE',  ( -11.89565287384796655, 0.5590933798102588614, 2.931766889434799683 ) ) ;
#3863 = CARTESIAN_POINT ( 'NONE',  ( -12.21923226345833413, 1.785590710761934208, -2.619397345406588862 ) ) ;
#3864 = CARTESIAN_POINT ( 'NONE',  ( -12.03922628413969775, 1.852303028945555541, -2.340760721819852286 ) ) ;
#3865 = DIRECTION ( 'NONE',  ( 0.0000000000000000000, 0.0000000000000000000, 1.000000000000000000 ) ) ;
#3866 = CARTESIAN_POINT ( 'NONE',  ( -12.17511786697298959, -2.532675861428972386, -1.579046918161971957 ) ) ;
#3867 = CARTESIAN_POINT ( 'NONE',  ( -12.04953187930493819, 1.911767685070659306, 2.291936983882933099 ) ) ;
#3868 = CARTESIAN_POINT ( 'NONE',  ( 12.46066264943341118, 2.991178965246823029, 0.9500117084155336178 ) ) ;
#3869 = DIRECTION ( 'NONE',  ( 0.0000000000000000000, 0.0000000000000000000, 1.000000000000000000 ) ) ;
#3870 = CARTESIAN_POINT ( 'NONE',  ( 12.23775693116924579, 2.793126632426145672, 1.051802441109235264 ) ) ;
#3871 = DIRECTION ( 'NONE',  ( 0.0000000000000000000, -1.000000000000000000, 0.0000000000000000000 ) ) ;
#3872 = CARTESIAN_POINT ( 'NONE',  ( 12.11537887242492673, -0.8635390944003537017, -3.063959902402233482 ) ) ;
#3873 = CARTESIAN_POINT ( 'NONE',  ( -12.09464630741507030, -0.5104983901716945160, -3.144773962744990214 ) ) ;
#3874 = CARTESIAN_POINT ( 'NONE',  ( 12.12302624824563324, 0.9607828836064218336, -3.033532078306393043 ) ) ;
#3875 = CARTESIAN_POINT ( 'NONE',  ( 12.25702951770879423, 2.868756579797968609, -0.8234580085558432794 ) ) ;
#3876 = CARTESIAN_POINT ( 'NONE',  ( -12.10942624404911960, -2.228720372637485792, 1.984992727778236210 ) ) ;
#3877 = CARTESIAN_POINT ( 'NONE',  ( -2.265388767511804655E-15, 76.99200000000000443, -4.572000000000034703 ) ) ;
#3878 = CARTESIAN_POINT ( 'NONE',  ( -12.12898153113007638, 2.323182489752788182, -1.873561779179298448 ) ) ;
#3879 = CARTESIAN_POINT ( 'NONE',  ( 12.28296246060822661, -2.967663658414712469, 0.3175147021399138403 ) ) ;
#3880 = CARTESIAN_POINT ( 'NONE',  ( 12.48629577477026054, 3.092847249692472378, -0.5224258954226406182 ) ) ;
#3881 = CARTESIAN_POINT ( 'NONE',  ( -12.15063174410131452, -2.423663308555069840, -1.741751971721664294 ) ) ;
#3882 = CARTESIAN_POINT ( 'NONE',  ( -12.40324217299559351, 2.750813256713108057, -1.526477289106628277 ) ) ;
#3883 = CARTESIAN_POINT ( 'NONE',  ( 12.16914649006599802, 2.506506959974440729, -1.620265116084290025 ) ) ;
#3884 = CARTESIAN_POINT ( 'NONE',  ( 12.27691940392497294, 2.944899930725080051, 0.4870207576222253532 ) ) ;
#3885 = CARTESIAN_POINT ( 'NONE',  ( -12.28481251604814517, -2.974601882448644208, 0.2441107642461323168 ) ) ;
#3886 = CARTESIAN_POINT ( 'NONE',  ( 12.28072431804490527, 2.959256417815229412, 0.3904180220036536086 ) ) ;
#3887 = CARTESIAN_POINT ( 'NONE',  ( 11.96186217075849001, 1.321664466793608828, 2.676345060717089996 ) ) ;
#3888 = DIRECTION ( 'NONE',  ( 0.0000000000000000000, 0.0000000000000000000, 1.000000000000000000 ) ) ;
#3889 = AXIS2_PLACEMENT_3D ( 'NONE', #17, #2914, #2931 ) ;
#3890 = CARTESIAN_POINT ( 'NONE',  ( -11.91242707954909363, 0.8224684172110636737, -2.869350215571896179 ) ) ;
#3891 = CARTESIAN_POINT ( 'NONE',  ( 12.09696098791035013, 0.5609909124924442603, -3.135866038713426729 ) ) ;
#3892 = CARTESIAN_POINT ( 'NONE',  ( 12.16914649006599802, 2.506506959974440729, -1.620265116084290025 ) ) ;
#3893 = CARTESIAN_POINT ( 'NONE',  ( -11.89985499950575232, -0.6350495472403717701, 2.916257452302219111 ) ) ;
#3894 = CARTESIAN_POINT ( 'NONE',  ( -12.16914649006597671, -2.506506959974441617, -1.620265116084290691 ) ) ;
#3895 = APPLICATION_PROTOCOL_DEFINITION ( 'international standard', 'config_control_design', 1994, #226 ) ;
#3896 = CARTESIAN_POINT ( 'NONE',  ( -12.05906123281481435, 1.965512040022096230, -2.246018948533802462 ) ) ;
#3897 = CARTESIAN_POINT ( 'NONE',  ( -11.89956911373860393, -0.6301677885830916370, -2.917315358884196463 ) ) ;
#3898 = CARTESIAN_POINT ( 'NONE',  ( -12.41958510490188949, 2.821196116803859955, -1.387254668255984313 ) ) ;
#3899 = CARTESIAN_POINT ( 'NONE',  ( 12.13795423450139666, 2.365468429201889045, -1.820491067898315052 ) ) ;
#3900 = TOROIDAL_SURFACE ( 'NONE', #4483, 15.62099999999999866, 0.2540000000000000036 ) ;
#3901 = CARTESIAN_POINT ( 'NONE',  ( -2.296494796210147234E-15, -76.99200000000000443, 4.572000000000034703 ) ) ;
#3902 = CARTESIAN_POINT ( 'NONE',  ( -12.49410863250082748, -3.123141219794865364, 0.2606672372496907641 ) ) ;
#3903 = FACE_BOUND ( 'NONE', #4318, .T. ) ;
#3904 = CARTESIAN_POINT ( 'NONE',  ( 11.90880848435499040, 0.7724235654156819120, -2.882918148958645066 ) ) ;
#3905 = CARTESIAN_POINT ( 'NONE',  ( 12.35443174346518980, 2.529579896489641655, -1.881084378769323662 ) ) ;
#3906 = CARTESIAN_POINT ( 'NONE',  ( -11.94413352496366265, 1.166602001730308924, 2.747158933229852273 ) ) ;
#3907 = EDGE_LOOP ( 'NONE', ( #3006, #1687, #2946, #1282 ) ) ;
#3908 = FACE_OUTER_BOUND ( 'NONE', #889, .T. ) ;
#3909 = APPROVAL_STATUS ( 'not_yet_approved' ) ;
#3910 = CARTESIAN_POINT ( 'NONE',  ( 12.39459767114639455, -2.712864005007067369, -1.595020223867493758 ) ) ;
#3911 = CARTESIAN_POINT ( 'NONE',  ( 12.22622284118676994, -2.746925104247004423, 1.167149400301652706 ) ) ;
#3912 = CARTESIAN_POINT ( 'NONE',  ( 12.36716735621220131, 2.589040102497437434, -1.795456263318534473 ) ) ;
#3913 = ORIENTED_EDGE ( 'NONE', *, *, #2055, .T. ) ;
#3914 = ORIENTED_EDGE ( 'NONE', *, *, #3526, .T. ) ;
#3915 = CARTESIAN_POINT ( 'NONE',  ( 0.0000000000000000000, -73.05500000000000682, -15.87500000000000000 ) ) ;
#3916 = CARTESIAN_POINT ( 'NONE',  ( -12.38274929231064192, 2.660157933041429779, -1.685104968146045490 ) ) ;
#3917 = CARTESIAN_POINT ( 'NONE',  ( 12.17511786697300202, 2.532675861428974162, -1.579046918161970403 ) ) ;
#3918 = CARTESIAN_POINT ( 'NONE',  ( 12.15752918407125094, 2.454941450442653661, 1.697896453204763567 ) ) ;
#3919 = EDGE_LOOP ( 'NONE', ( #69, #122, #2327, #3795 ) ) ;
#3920 = EDGE_CURVE ( 'NONE', #247, #475, #2647, .T. ) ;
#3921 = CARTESIAN_POINT ( 'NONE',  ( -12.08360682715019685, 1.185846126156020475E-17, -3.186919560774812865 ) ) ;
#3922 = CARTESIAN_POINT ( 'NONE',  ( 11.88118726154839955, 2.264365315854195201E-14, 2.984500000031062861 ) ) ;
#3923 = DIRECTION ( 'NONE',  ( 0.0000000000000000000, 0.0000000000000000000, 1.000000000000000000 ) ) ;
#3924 = CARTESIAN_POINT ( 'NONE',  ( 12.19714255935738834, 1.632672079670948406, -2.720277702816194410 ) ) ;
#3925 = CARTESIAN_POINT ( 'NONE',  ( -12.18677890883865977, -2.583135345589089304, -1.495668906685803545 ) ) ;
#3926 = CARTESIAN_POINT ( 'NONE',  ( -12.26957330254429834, -2.917001267301321477, -0.6330356018154715825 ) ) ;
#3927 = CARTESIAN_POINT ( 'NONE',  ( -12.08360715976052546, -0.002787689604891174788, 3.186918299640601582 ) ) ;
#3928 = CARTESIAN_POINT ( 'NONE',  ( -11.88253534977434711, 0.1968584903979747336, -2.979642611567859589 ) ) ;
#3929 = CARTESIAN_POINT ( 'NONE',  ( 12.13594376225905691, -1.107266291746094256, -2.981438303126600520 ) ) ;
#3930 = CARTESIAN_POINT ( 'NONE',  ( 12.24592973499349036, -2.825465713201674944, 0.9624730254232307658 ) ) ;
#3931 = B_SPLINE_SURFACE_WITH_KNOTS ( 'NONE', 1, 3, ( 
 ( #3076, #1608, #144, #2725, #1720, #1756, #2139, #649, #3945, #4644, #4314, #2468, #259, #1366, #4283, #4299, #2485, #4705, #4671, #272, #3929, #3268, #4334, #288, #4688, #306, #2834, #318, #2895, #2098, #2454, #3217, #4662, #1059, #3606, #635, #2501, #1416, #1016, #682, #3206, #2860, #618, #1004, #3562, #1737, #2110, #3235, #2849, #3581, #2874, #667, #3622, #1382, #2516, #3910, #1027, #2124, #3594, #1400, #3963, #1769, #3254, #3980, #1041, #1785, #4346, #2159, #2964, #2944, #2930, #3685, #3322, #719, #1462, #4724, #31, #3311, #2605, #2534, #1492, #4422, #2554, #2206, #2238, #2188, #4056, #4741, #1832, #2909, #1867, #4754, #1118, #2223, #399, #2569, #1074, #373, #3280, #2979, #750, #3996, #772, #384, #335, #3338, #3668, #4013, #704, #3298, #356, #1087, #3654, #1135, #1426, #1801, #4026, #4395, #736, #3643, #4361, #1444, #2174, #1106, #1816, #1475, #4044, #4380, #1849, #4405, #14, #2584, #1544, #1937, #448, #3728, #4439, #4107, #2274, #48, #1152, #4070, #4088, #2291, #4503, #4468, #64, #3714, #3054, #4120, #81, #4489, #93, #2619, #105, #2684, #1510, #1883, #3010, #4454, #859, #3406, #433, #2307, #1208, #807, #479, #2991, #2650, #2255, #787, #416, #3360, #1525, #3026, #2634, #3376, #2670, #463, #3422, #1177, #2325, #3701, #828, #1921, #3391, #1192, #3750, #1898, #1560, #3762, #3041, #845, #1579, #4135, #1952, #2736, #2717, #3482, #3123, #506, #1253, #4515, #4580, #3104, #2396, #2340, #1287, #4220, #2353, #1997, #2030, #1984, #3841, #4531, #1623, #2699, #492, #908, #3089, #2764, #4565, #936, #4158, #3470, #552, #1268, #2383, #539, #895, #125, #194, #3072, #4171, #922, #4550, #1640, #3450, #174, #2751, #1967, #2011, #1654, #877, #3826, #3142, #3813, #3438, #4183, #2368, #141, #1606, #4201, #1225, #158, #1241, #3777, #523, #1595, #3798, #602, #4597, #2436, #238, #1703, #255, #3158, #1332, #613, #1690, #1000, #2106, #4657, #2812, #2046, #2826, #2407, #3860, #3202, #208, #3905, #1716, #2059, #3189, #4264, #985, #4276, #2782, #267, #3554, #1731, #3541, #2844, #566, #2091, #4640, #1349, #3514, #955, #1302, #1362, #2449, #3924, #4295, #2464, #4248, #628, #1318, #3213, #3496, #1669, #3874, #4616, #4236, #585, #2423, #222, #2798, #3174, #970, #3529, #3891, #2073, #4627, #2118, #4718, #1392, #3615, #1423, #4699 ),
 ( #3276, #2495, #2549, #283, #4342, #4308, #2856, #4683, #313, #643, #3230, #3974, #2510, #2152, #2889, #4355, #4667, #299, #662, #2869, #2527, #2480, #675, #3247, #349, #2168, #714, #3940, #3263, #2924, #1052, #329, #2905, #1036, #1023, #1811, #3588, #3957, #696, #3992, #1795, #3602, #1069, #3637, #1751, #1438, #4008, #1765, #4373, #2182, #1412, #4328, #1780, #4737, #2133, #1013, #3575, #1376, #1470, #4749, #3694, #2957, #781, #764, #394, #4389, #2231, #25, #1484, #40, #2937, #1112, #407, #4037, #3352, #1893, #4450, #2597, #1826, #2614, #2200, #3650, #2987, #2564, #1501, #4065, #1842, #2973, #4051, #3332, #1876, #367, #60, #1144, #1520, #1128, #2628, #730, #4433, #2249, #3710, #3306, #1098, #1083, #4081, #2268, #427, #3001, #3290, #4400, #1456, #3662, #4020, #2216, #3, #2579, #378, #742, #3316, #3678, #1861, #4414, #4150, #457, #3036, #4511, #4463, #1962, #1913, #2337, #1187, #3418, #1216, #4497, #3743, #2316, #1553, #4480, #102, #2644, #442, #3758, #2680, #1948, #473, #117, #4101, #2301, #841, #89, #2695, #2285, #3049, #2664, #2348, #488, #501, #3723, #856, #135, #3772, #3067, #872, #3399, #75, #1603, #3021, #4116, #3432, #4129, #1591, #1204, #1236, #3789, #1537, #4166, #1978, #820, #4526, #2710, #1573, #3386, #802, #3368, #1933, #1169, #3137, #929, #1262, #4543, #3490, #2746, #560, #549, #186, #4178, #2022, #4575, #1279, #4589, #2730, #916, #203, #3820, #3150, #1680, #4244, #2392, #1613, #2404, #1993, #3446, #2776, #2363, #1297, #3851, #1636, #2758, #3835, #1665, #4230, #154, #4608, #947, #1312, #2042, #2415, #517, #3506, #3870, #2052, #3097, #903, #887, #216, #2791, #3083, #1248, #3808, #4192, #3461, #2007, #4558, #2377, #167, #534, #3117, #3479, #1648, #4213, #4288, #2807, #3933, #249, #2819, #4302, #4258, #1745, #1698, #2112, #977, #3208, #1007, #966, #4635, #1343, #4676, #277, #2082, #1368, #2852, #2442, #2126, #4621, #3917, #3883, #2433, #3523, #230, #2065, #1724, #3899, #4271, #4665, #2473, #293, #608, #3952, #2490, #2101, #3198, #1709, #993, #3548, #595, #1356, #640, #1759, #1325, #4646, #3536, #3222, #2457, #262, #1018, #3583, #2839, #620, #3183, #4321, #3566, #577, #1385, #3166, #1091, #3985, #3630, #3658, #3609, #724, #1419, #3272, #4336, #2144, #3301, #1430, #2559, #3645, #1466, #4003 ) ),
 .UNSPECIFIED., .F., .T., .F.,
 ( 2, 2 ),
 ( 4, 2, 2, 2, 2, 2, 2, 2, 2, 2, 2, 2, 2, 2, 2, 2, 2, 2, 2, 2, 2, 2, 2, 2, 2, 2, 2, 2, 2, 2, 2, 2, 2, 2, 2, 2, 2, 2, 2, 2, 2, 2, 2, 2, 2, 2, 2, 2, 2, 2, 2, 2, 2, 2, 2, 2, 2, 2, 2, 2, 2, 2, 2, 2, 2, 2, 2, 2, 2, 2, 2, 2, 2, 2, 2, 2, 2, 2, 2, 2, 2, 2, 2, 2, 2, 2, 2, 2, 2, 2, 2, 2, 2, 2, 2, 2, 2, 2, 2, 2, 2, 2, 2, 2, 2, 2, 2, 2, 2, 2, 2, 2, 2, 2, 2, 2, 2, 2, 2, 2, 2, 2, 2, 2, 2, 2, 2, 2, 2, 2, 2, 2, 2, 2, 2, 2, 2, 2, 2, 2, 2, 2, 2, 2, 2, 2, 2, 2, 2, 2, 2, 2, 2, 2, 2, 2, 2, 2, 2, 2, 2, 2, 2, 2, 4 ),
 ( 0.0000000000000000000, 1.000000000000000000 ),
 ( 0.0008783373133435350144, 0.0009551401256500042288, 0.001031942937956473443, 0.001108745750262942874, 0.001185548562569412089, 0.001339154187182350735, 0.001492759811795289163, 0.001646365436408227592, 0.001799971061021166238, 0.001953576685634104883, 0.002030379497940573881, 0.002107182310247043312, 0.002183985122553512744, 0.002260787934859981741, 0.002414393559472920170, 0.002721604808698797461, 0.002875210433311735890, 0.003028816057924674753, 0.003105618870231144184, 0.003182421682537613181, 0.003259224494844082179, 0.003336027307150551610, 0.003489632931763490039, 0.003643238556376428468, 0.003796844180989366897, 0.003950449805602305325, 0.004104055430215244188, 0.004142456836368478904, 0.004180858242521713619, 0.004257661054828183050, 0.004334463867134652482, 0.004411266679441121913, 0.004564872304054059908, 0.004872083553279936766, 0.005025689177892875628, 0.005102491990199345059, 0.005179294802505814491, 0.005256097614812283922, 0.005332900427118753353, 0.005409703239425222784, 0.005486506051731691348, 0.005640111676344629343, 0.005793717300957568206, 0.005947322925570507068, 0.006100928550183445064, 0.006177731362489913627, 0.006254534174796383059, 0.006331336987102852490, 0.006408139799409321921, 0.006561745424022260784, 0.006715351048635199646, 0.006868956673248138509, 0.007022562297861076504, 0.007099365110167545068, 0.007176167922474014499, 0.007252970734780483930, 0.007291372140933718646, 0.007329773547086953361, 0.007483379171699892224, 0.007636984796312831086, 0.007944196045538708811, 0.008097801670151647674, 0.008251407294764584802, 0.008328210107071052498, 0.008405012919377521929, 0.008481815731683991361, 0.008558618543990460792, 0.008712224168603399654, 0.008865829793216338517, 0.009019435417829277379, 0.009173041042442216242, 0.009326646667055155104, 0.009365048073208389820, 0.009403449479361624536, 0.009480252291668093967, 0.009557055103974563398, 0.009633857916281032829, 0.009787463540893971692, 0.009941069165506910554, 0.01009467479011984768, 0.01017147760242631538, 0.01024828041473278481, 0.01032508322703925424, 0.01040188603934572367, 0.01070909728857160140, 0.01101630853779747912, 0.01116991416241041798, 0.01124671697471688742, 0.01132351978702335511, 0.01140032259932982281, 0.01147712541163629224, 0.01163073103624923110, 0.01193794228547510883, 0.01209154791008804769, 0.01216835072239451712, 0.01224515353470098655, 0.01232195634700745598, 0.01239875915931392542, 0.01255236478392686428, 0.01270597040853980314, 0.01285957603315274200, 0.01301318165776568087, 0.01316678728237861799, 0.01332039290699155512, 0.01335879431314478984, 0.01339719571929802455, 0.01347399853160449398, 0.01355080134391096341, 0.01362760415621743285, 0.01378120978083037171, 0.01408842103005624943, 0.01424202665466918830, 0.01431882946697565773, 0.01439563227928212716, 0.01447243509158859659, 0.01454923790389506602, 0.01462604071620153545, 0.01470284352850800488, 0.01485644915312094375, 0.01501005477773388087, 0.01516366040234681800, 0.01531726602695975686, 0.01539406883926622630, 0.01547087165157269573, 0.01554767446387916516, 0.01562447727618563459, 0.01577808290079857345, 0.01593168852541151231, 0.01623889977463739004, 0.01639250539925032890, 0.01646930821155679833, 0.01654611102386326776, 0.01662291383616973720, 0.01669971664847620663, 0.01685332227308914202, 0.01716053352231501627, 0.01731413914692795514, 0.01739094195923442457, 0.01746774477154089400, 0.01754454758384736343, 0.01762135039615383286, 0.01777495602076677172, 0.01792856164537971059, 0.01808216726999264945, 0.01823577289460558831, 0.01838937851921852717, 0.01854298414383146604, 0.01858138554998470249, 0.01861978695613793547, 0.01869658976844440490, 0.01877339258075087433, 0.01885019539305734376, 0.01900380101767028262, 0.01931101226689616035, 0.01946461789150909921, 0.01954142070381556864, 0.01961822351612203807, 0.01969502632842850751, 0.01977182914073497694, 0.01984863195304144637, 0.01992543476534791580, 0.02007904038996085466, 0.02023264601457379352, 0.02038625163918673239, 0.02053985726379966778 ),
 .UNSPECIFIED. ) ;
#3932 = CARTESIAN_POINT ( 'NONE',  ( -12.28713928923415999, 2.983307376689182000, -0.09746475695230900904 ) ) ;
#3933 = CARTESIAN_POINT ( 'NONE',  ( 12.28711212802103603, 2.983205938040169869, -0.1005859519525891949 ) ) ;
#3934 = CARTESIAN_POINT ( 'NONE',  ( 12.25738851486381797, 2.870173447999666116, 0.8195903378349982393 ) ) ;
#3935 = DIRECTION ( 'NONE',  ( -0.0000000000000000000, -1.000000000000000000, -0.0000000000000000000 ) ) ;
#3936 = CARTESIAN_POINT ( 'NONE',  ( 12.16933890264780516, -2.507461382680693518, -1.619336515495238604 ) ) ;
#3937 = CARTESIAN_POINT ( 'NONE',  ( 12.08644160275910728, -0.2586631237461495259, -3.176152345005637923 ) ) ;
#3938 = CARTESIAN_POINT ( 'NONE',  ( -12.12708212573395805, -1.013478993797528149, 3.017428490743404801 ) ) ;
#3939 = CARTESIAN_POINT ( 'NONE',  ( 11.96287878367383328, 1.329585394915375751, -2.672175332728345065 ) ) ;
#3940 = CARTESIAN_POINT ( 'NONE',  ( 11.96220934797018742, -1.324527636802322217, -2.674930395988734944 ) ) ;
#3941 = CARTESIAN_POINT ( 'NONE',  ( 12.01421778466384893, 1.698242228285854472, -2.454346046276139948 ) ) ;
#3942 = CARTESIAN_POINT ( 'NONE',  ( -12.25155053851860920, -2.847447876274639800, -0.8943649468258164648 ) ) ;
#3943 =( LENGTH_UNIT ( ) NAMED_UNIT ( * ) SI_UNIT ( .MILLI., .METRE. ) );
#3944 = DIRECTION ( 'NONE',  ( -0.0000000000000000000, 1.000000000000000000, -0.0000000000000000000 ) ) ;
#3945 = CARTESIAN_POINT ( 'NONE',  ( 12.08704068705813306, -0.2844311607965053779, -3.173872218238624310 ) ) ;
#3946 = CARTESIAN_POINT ( 'NONE',  ( -11.95176703293760490, -1.236057614520766457, 2.716943041248560231 ) ) ;
#3947 = EDGE_CURVE ( 'NONE', #641, #2595, #992, .T. ) ;
#3948 = CARTESIAN_POINT ( 'NONE',  ( -12.28298420466595431, 2.967745287428107837, -0.3167442729884426544 ) ) ;
#3949 = DIRECTION ( 'NONE',  ( -0.0000000000000000000, -1.000000000000000000, -0.0000000000000000000 ) ) ;
#3950 = CARTESIAN_POINT ( 'NONE',  ( -12.46599076503675896, 3.012591577464355019, -0.8783935569501692964 ) ) ;
#3951 = CARTESIAN_POINT ( 'NONE',  ( -12.05978609507576849, 1.969546212496160020, -2.242483016733905821 ) ) ;
#3952 = CARTESIAN_POINT ( 'NONE',  ( 12.07917757189044927, 2.074737300365704584, -2.145937834588604431 ) ) ;
#3953 = CARTESIAN_POINT ( 'NONE',  ( -12.39498397552517517, 2.716817306386121622, 1.601447661510720266 ) ) ;
#3954 = CARTESIAN_POINT ( 'NONE',  ( 12.49419888154134028, -3.123493511273445655, -0.2602136875104984481 ) ) ;
#3955 = AXIS2_PLACEMENT_3D ( 'NONE', #775, #4444, #340 ) ;
#3956 = PLANE ( 'NONE',  #3013 ) ;
#3957 = CARTESIAN_POINT ( 'NONE',  ( 12.05978609507577914, -1.969546212496162463, -2.242483016733903156 ) ) ;
#3958 = CARTESIAN_POINT ( 'NONE',  ( 11.89431772378321028, 0.5343096923571760692, -2.936689180276917277 ) ) ;
#3959 = B_SPLINE_CURVE_WITH_KNOTS ( 'NONE', 1,
 ( #774, #2293 ),
 .UNSPECIFIED., .F., .F.,
 ( 2, 2 ),
 ( 0.0000000000000000000, 1.000000000000000000 ),
 .UNSPECIFIED. ) ;
#3960 = CARTESIAN_POINT ( 'NONE',  ( -12.13231677969836575, -2.338957878690181236, 1.853944293016086764 ) ) ;
#3961 = PERSON_AND_ORGANIZATION ( #2827, #1435 ) ;
#3962 = CARTESIAN_POINT ( 'NONE',  ( 0.0000000000000000000, -76.99200000000000443, 0.0000000000000000000 ) ) ;
#3963 = CARTESIAN_POINT ( 'NONE',  ( 12.41157079864381885, -2.786892029397822768, -1.457213020341021181 ) ) ;
#3964 = FACE_OUTER_BOUND ( 'NONE', #3237, .T. ) ;
#3965 = CARTESIAN_POINT ( 'NONE',  ( -12.03388671440876934, -1.820491489274139063, 2.365460484727746948 ) ) ;
#3966 = CARTESIAN_POINT ( 'NONE',  ( -12.29837384587081495, -2.250272736911953952, -2.218420693228668750 ) ) ;
#3967 = DIRECTION ( 'NONE',  ( -0.0000000000000000000, -1.000000000000000000, -0.0000000000000000000 ) ) ;
#3968 = CARTESIAN_POINT ( 'NONE',  ( 12.08360682715019863, 2.541098841762901017E-17, -3.186919560774800431 ) ) ;
#3969 = CIRCLE ( 'NONE', #2671, 5.080000000000000071 ) ;
#3970 = CARTESIAN_POINT ( 'NONE',  ( 0.0000000000000000000, -67.34000000000000341, 0.0000000000000000000 ) ) ;
#3971 = CARTESIAN_POINT ( 'NONE',  ( 12.49679958756152942, -3.133532017728411390, 0.05219693815561622652 ) ) ;
#3972 = ORIENTED_EDGE ( 'NONE', *, *, #232, .F. ) ;
#3973 = CARTESIAN_POINT ( 'NONE',  ( 12.00662820962672761, 1.648737011324169721, -2.487774782931396089 ) ) ;
#3974 = CARTESIAN_POINT ( 'NONE',  ( 11.89219788395598343, -0.4896823059355721042, -2.944459777283114477 ) ) ;
#3975 = CARTESIAN_POINT ( 'NONE',  ( 11.88384728840995486, 0.2443317485919253573, -2.974881405472746376 ) ) ;
#3976 = CLOSED_SHELL ( 'NONE', ( #1881, #1103, #2866, #3448, #1542, #2576, #3633, #4637, #2245, #666, #2195, #2362, #3561, #617, #4733, #71, #1762, #3373, #1616, #146, #2848, #1831, #4282, #3814, #2719, #1909, #2453, #3320, #798, #3093, #996, #2920, #2103, #159, #1635, #21, #264, #4333, #516, #431, #2822, #1399, #3653, #2173, #3698 ) ) ;
#3977 = CARTESIAN_POINT ( 'NONE',  ( -12.22633688069195301, -2.747385702093071647, 1.166068444480057309 ) ) ;
#3978 = VERTEX_POINT ( 'NONE', #3545 ) ;
#3979 = CARTESIAN_POINT ( 'NONE',  ( 12.02935939062841264, -1.792807339031348590, 2.386141523402240505 ) ) ;
#3980 = CARTESIAN_POINT ( 'NONE',  ( 12.42732851213260581, -2.854031443278546298, -1.316720939079232489 ) ) ;
#3981 = CARTESIAN_POINT ( 'NONE',  ( -12.00256271860485668, -1.622131381011501894, 2.505653742523626271 ) ) ;
#3982 = ORIENTED_EDGE ( 'NONE', *, *, #1371, .T. ) ;
#3983 = CARTESIAN_POINT ( 'NONE',  ( -12.49647339990186623, 3.132275086438057965, 0.1043173098303713103 ) ) ;
#3984 = CARTESIAN_POINT ( 'NONE',  ( 12.26537526272988465, -2.073358387085550536, -2.398491247096106616 ) ) ;
#3985 = CARTESIAN_POINT ( 'NONE',  ( 11.90886968812515612, 0.7732868654142328602, -2.882685235631634146 ) ) ;
#3986 = CARTESIAN_POINT ( 'NONE',  ( -11.96287878366019974, -1.329585394799823073, -2.672175332786268509 ) ) ;
#3987 = AXIS2_PLACEMENT_3D ( 'NONE', #2129, #3551, #2460 ) ;
#3988 = CARTESIAN_POINT ( 'NONE',  ( -12.34518110987203166, 2.485665772890731429, -1.941206859298716614 ) ) ;
#3989 = CARTESIAN_POINT ( 'NONE',  ( 12.15546345642089676, -1.297851684615987100, -2.900834038356201461 ) ) ;
#3990 = B_SPLINE_SURFACE_WITH_KNOTS ( 'NONE', 1, 3, ( 
 ( #2308, #1941, #1157, #1564, #4123, #832, #4521, #95, #863, #2673, #3378, #4092, #1903, #4457, #2278, #2637, #1926, #2294, #1244, #4224, #511, #3129, #2400, #897, #1644, #3147, #3499, #4569, #3454, #2387, #2001, #3863, #2080, #548, #2757, #1708, #1664, #3197, #976, #559, #4229, #4607, #1679, #2414, #3505, #3489, #2441, #2818, #215, #576, #1697, #2041, #3916, #1296, #4287, #3165, #4588, #965, #3882, #202, #3535, #1342, #3898, #2775, #1723, #946, #2520, #3950, #4693, #2862, #292, #1367, #276, #1744, #3221, #2879, #1064, #670, #654, #1418, #4727, #3629, #1805, #2838, #4664, #2897, #3983, #685, #3270, #4000, #1818, #4365, #2556, #1108, #359, #1464, #1477, #4029, #4058, #1924, #3828, #848, #554, #1289, #3178, #1657, #4629, #4279, #4311, #2171, #3557, #2121, #2499, #2320, #4168, #3155, #1410, #3034, #839, #3756, #4478, #1201, #4165, #2709, #2283, #1571, #4127, #3429, #3770, #100, #500, #3787, #3047, #1589, #818, #3082, #115, #3807, #3383, #1185, #3741, #2693, #3065, #2412, #165, #3163, #2744, #2020, #4190, #558, #4211, #1310, #532, #1677, #963, #4573, #3114, #3135, #3488, #1295, #151, #4708, #2517, #4721, #2532, #3696, #2351, #4500, #3102, #3052, #875, #3435, #2488, #4691, #2504, #2816, #3196, #3261, #3227, #327, #2180, #4735, #692, #3938, #626, #1749, #1764, #4680, #3600, #3099, #905, #136, #4196, #503, #4560, #2747, #3085, #1576, #4130, #1712, #234, #1650, #932, #2810, #599, #3169, #2044, #3856, #2760, #2025, #1299, #1667, #4594, #1685, #4613, #2795, #418, #1120, #3393, #107, #2701, #143, #1255, #315, #678, #4181, #3003, #4562, #1251, #1618, #2749, #2269, #920, #1239, #3838, #2365, #1265, #1652, #520, #4218, #4578, #3356, #3711, #2057, #3902, #1714, #4638, #2721, #1582, #3266, #4011, #2552, #353, #2220, #4359, #1488, #2927, #1864, #4418, #2514, #679, #1057, #2530, #333, #701, #717, #1522, #45, #4132, #410, #429, #2303, #804, #445, #3005, #1189, #1950, #2975, #28, #3371, #1172, #1539, #4103, #1916, #2288, #337, #3966, #2912, #1448, #1061, #1401, #1427, #720, #1772, #4710, #4690, #2503, #2876, #3256, #320, #684, #3998, #15, #1179, #2588, #1901, #3732, #1885, #2947, #4442, #386, #2966, #754, #2330, #466, #1211, #452, #776, #1888, #1942, #2309, #1927, #3363, #2622, #4445, #3043, #849, #2654, #3766, #1956 ),
 ( #2259, #421, #52, #1158, #4110, #1904, #83, #4458, #2279, #3379, #3029, #833, #1651, #4217, #1793, #4340, #2150, #4697, #2903, #3635, #1436, #2547, #2198, #3350, #1911, #3384, #58, #2662, #2971, #800, #3330, #1126, #2247, #1167, #4099, #4114, #3676, #3951, #1046, #655, #4002, #1090, #35, #341, #2210, #3657, #647, #3233, #4331, #2498, #2136, #4686, #304, #3252, #192, #3468, #4199, #1958, #852, #497, #866, #3560, #3595, #1742, #1804, #2160, #4364, #2519, #2861, #3269, #1063, #638, #3627, #652, #1404, #1428, #2471, #3999, #4300, #2175, #3948, #338, #2913, #3932, #4319, #4675, #274, #2850, #3219, #2487, #1954, #4505, #1228, #1969, #1923, #1195, #4518, #2343, #2702, #225, #2830, #241, #2884, #4352, #4731, #2919, #797, #390, #1534, #149, #3458, #1587, #2691, #485, #869, #3080, #2804, #1308, #2788, #3847, #592, #3112, #2018, #4571, #2389, #182, #3132, #1661, #2402, #2036, #4586, #2770, #3867, #1674, #650, #3236, #3563, #1354, #1028, #4663, #1786, #4315, #4632, #991, #1383, #273, #3031, #3782, #835, #851, #97, #437, #2332, #865, #1599, #1566, #793, #1585, #1160, #3717, #4143, #1531, #2675, #3413, #813, #1944, #4493, #2311, #111, #4094, #4162, #2688, #483, #3059, #1972, #1906, #2261, #54, #2639, #3016, #1182, #3736, #2296, #85, #2656, #2555, #3946, #2502, #1757, #3238, #4317, #307, #4725, #336, #2518, #1060, #3981, #668, #290, #3965, #4673, #1771, #319, #4347, #3625, #1802, #4363, #2537, #2911, #1075, #919, #4155, #138, #3087, #3811, #3101, #712, #728, #3304, #762, #1859, #4035, #4411, #2229, #1839, #392, #23, #2922, #1081, #3648, #1505, #645, #3590, #1782, #1395, #3249, #3617, #4009, #2154, #4701, #1812, #4738, #4376, #3584, #3885, #343, #1270, #1987, #4583, #2398, #196, #3779, #4517, #959, #2409, #569, #4542, #2039, #2361, #153, #902, #1634, #4191, #4523, #2321, #1202, #440, #2178, #1079, #2070, #1713, #2169, #3925, #3151, #3866, #3894, #4139, #1647, #4587, #3881, #185, #4257, #594, #3182, #3504, #533, #1324, #3116, #2376, #1696, #915, #2413, #214, #547, #1678, #2774, #4243, #2790, #1278, #3534, #2064, #229, #2051, #1341, #3478, #575, #3164, #945, #2021, #4212, #4557, #4620, #964, #4606, #2432, #2806, #2756, #975, #3834, #3897, #928, #3522, #1707, #2006, #166, #2745, #3136, #2391, #4574, #1311 ) ),
 .UNSPECIFIED., .F., .T., .F.,
 ( 2, 2 ),
 ( 4, 2, 2, 2, 2, 2, 2, 2, 2, 2, 2, 2, 2, 2, 2, 2, 2, 2, 2, 2, 2, 2, 2, 2, 2, 2, 2, 2, 2, 2, 2, 2, 2, 2, 2, 2, 2, 2, 2, 2, 2, 2, 2, 2, 2, 2, 2, 2, 2, 2, 2, 2, 2, 2, 2, 2, 2, 2, 2, 2, 2, 2, 2, 2, 2, 2, 2, 2, 2, 2, 2, 2, 2, 2, 2, 2, 2, 2, 2, 2, 2, 2, 2, 2, 2, 2, 2, 2, 2, 2, 2, 2, 2, 2, 2, 2, 2, 2, 2, 2, 2, 2, 2, 2, 2, 2, 2, 2, 2, 2, 2, 2, 2, 2, 2, 2, 2, 2, 2, 2, 2, 2, 2, 2, 2, 2, 2, 2, 2, 2, 2, 2, 2, 2, 2, 2, 2, 2, 2, 2, 2, 2, 2, 2, 2, 2, 2, 2, 2, 2, 2, 2, 2, 2, 2, 2, 2, 2, 2, 2, 2, 2, 2, 2, 4 ),
 ( 0.0000000000000000000, 1.000000000000000000 ),
 ( 0.0008783373133435384839, 0.0009551401256500080235, 0.001031942937956477563, 0.001108745750262947211, 0.001185548562569416643, 0.001339154187182355505, 0.001492759811795294584, 0.001646365436408233664, 0.001799971061021172526, 0.001953576685634111389, 0.002030379497940580820, 0.002107182310247050685, 0.002183985122553520550, 0.002260787934859989981, 0.002414393559472928844, 0.002721604808698806569, 0.002875210433311745431, 0.003028816057924684727, 0.003105618870231154592, 0.003182421682537624023, 0.003259224494844093455, 0.003336027307150562886, 0.003489632931763501748, 0.003643238556376441045, 0.003796844180989380341, 0.003950449805602319203, 0.004104055430215258066, 0.004142456836368492781, 0.004180858242521727497, 0.004257661054828196928, 0.004334463867134666359, 0.004411266679441135791, 0.004564872304054074653, 0.004872083553279952378, 0.005025689177892891241, 0.005102491990199360672, 0.005179294802505830971, 0.005256097614812301269, 0.005332900427118770700, 0.005409703239425240132, 0.005486506051731709563, 0.005640111676344648425, 0.005793717300957587288, 0.005947322925570526150, 0.006100928550183465013, 0.006177731362489934444, 0.006254534174796403875, 0.006331336987102873307, 0.006408139799409342738, 0.006561745424022281600, 0.006715351048635220463, 0.006868956673248159325, 0.007022562297861099055, 0.007099365110167569354, 0.007176167922474038785, 0.007252970734780508216, 0.007291372140933742932, 0.007329773547086977648, 0.007483379171699916510, 0.007636984796312855373, 0.007944196045538733097, 0.008097801670151671960, 0.008251407294764610822, 0.008328210107071080254, 0.008405012919377549685, 0.008481815731684019116, 0.008558618543990488547, 0.008712224168603427410, 0.008865829793216366272, 0.009019435417829305135, 0.009173041042442243997, 0.009326646667055182860, 0.009365048073208417576, 0.009403449479361652291, 0.009480252291668123457, 0.009557055103974594623, 0.009633857916281064054, 0.009787463540894002917, 0.009941069165506941779, 0.01009467479011988064, 0.01017147760242635007, 0.01024828041473281950, 0.01032508322703928894, 0.01040188603934575837, 0.01070909728857163609, 0.01101630853779751382, 0.01116991416241045268, 0.01124671697471692211, 0.01132351978702339154, 0.01140032259932986097, 0.01147712541163633040, 0.01163073103624926927, 0.01193794228547514873, 0.01209154791008808932, 0.01216835072239455875, 0.01224515353470102819, 0.01232195634700749762, 0.01239875915931396705, 0.01255236478392690591, 0.01270597040853984477, 0.01285957603315278364, 0.01301318165776572250, 0.01316678728237866136, 0.01332039290699160022, 0.01335879431314483494, 0.01339719571929806965, 0.01347399853160453909, 0.01355080134391100852, 0.01362760415621747795, 0.01378120978083041681, 0.01408842103005629454, 0.01424202665466923340, 0.01431882946697570283, 0.01439563227928217226, 0.01447243509158864169, 0.01454923790389511112, 0.01462604071620158055, 0.01470284352850804999, 0.01485644915312098885, 0.01501005477773392771, 0.01516366040234686657, 0.01531726602695980544, 0.01539406883926627487, 0.01547087165157274430, 0.01554767446387921373, 0.01562447727618568490, 0.01577808290079862549, 0.01593168852541156436, 0.01623889977463744208, 0.01639250539925038094, 0.01646930821155685037, 0.01654611102386331981, 0.01662291383616978924, 0.01669971664847625867, 0.01685332227308919753, 0.01716053352231507526, 0.01731413914692801412, 0.01739094195923448355, 0.01746774477154095298, 0.01754454758384742241, 0.01762135039615389184, 0.01777495602076683071, 0.01792856164537976957, 0.01808216726999270843, 0.01823577289460565076, 0.01838937851921858962, 0.01854298414383152849, 0.01858138554998476494, 0.01861978695613799792, 0.01869658976844446735, 0.01877339258075093678, 0.01885019539305740621, 0.01900380101767034507, 0.01931101226689622280, 0.01946461789150916166, 0.01954142070381563109, 0.01961822351612210052, 0.01969502632842856996, 0.01977182914073503939, 0.01984863195304150882, 0.01992543476534797825, 0.02007904038996091711, 0.02023264601457385597, 0.02038625163918679484, 0.02053985726379973370 ),
 .UNSPECIFIED. ) ;
#3991 = CARTESIAN_POINT ( 'NONE',  ( 12.10459424728941791, 2.204770554924245562, -2.011534612323332638 ) ) ;
#3992 = CARTESIAN_POINT ( 'NONE',  ( 12.06973311474808597, -2.024061223600424064, -2.193402308279566171 ) ) ;
#3993 = CARTESIAN_POINT ( 'NONE',  ( -12.21898253985358629, -2.717771764497004305, -1.237113665101547744 ) ) ;
#3994 = CARTESIAN_POINT ( 'NONE',  ( 12.08392061187237410, -2.099380101824824596, 2.121300515017741972 ) ) ;
#3995 = PRODUCT_DEFINITION_FORMATION_WITH_SPECIFIED_SOURCE ( 'ANY', '', #699, .NOT_KNOWN. ) ;
#3996 = CARTESIAN_POINT ( 'NONE',  ( 12.45853998971546517, -2.982644915243812367, 0.9784073759634226430 ) ) ;
#3997 = CARTESIAN_POINT ( 'NONE',  ( 12.23021215840413412, 1.856399025557149640, -2.567486027117317438 ) ) ;
#3998 = CARTESIAN_POINT ( 'NONE',  ( -12.20017621793852491, -1.654436350151644808, -2.706642522739429957 ) ) ;
#3999 = CARTESIAN_POINT ( 'NONE',  ( -12.27979043126456560, 2.955732681893683100, -0.4141130871851471662 ) ) ;
#4000 = CARTESIAN_POINT ( 'NONE',  ( -12.49222705770166364, 3.115856529497181615, 0.3390496951192031871 ) ) ;
#4001 = CARTESIAN_POINT ( 'NONE',  ( 0.0000000000000000000, 67.34000000000000341, 2.499999999999996891 ) ) ;
#4002 = CARTESIAN_POINT ( 'NONE',  ( -12.07305006417051629, 2.041923456601729026, -2.176782566664465346 ) ) ;
#4003 = CARTESIAN_POINT ( 'NONE',  ( 11.88118726637539879, -3.388131789017201356E-18, -2.984499999999999709 ) ) ;
#4004 = CARTESIAN_POINT ( 'NONE',  ( -11.93694204485579036, -1.097805823579633078, -2.775369871167933322 ) ) ;
#4005 = CARTESIAN_POINT ( 'NONE',  ( -12.08403488437478401, 0.1032945993076096886, -3.185296156385605038 ) ) ;
#4006 = CARTESIAN_POINT ( 'NONE',  ( 12.21923226345833413, -1.785590710761929767, -2.619397345406576427 ) ) ;
#4007 = CARTESIAN_POINT ( 'NONE',  ( 12.14848327234250647, 2.413894462392972784, -1.755264014852676135 ) ) ;
#4008 = CARTESIAN_POINT ( 'NONE',  ( 12.11911850162252335, -2.276194202034197200, -1.930938710173016881 ) ) ;
#4009 = CARTESIAN_POINT ( 'NONE',  ( -12.26691513877497997, -2.906850004215346672, 0.6781118857582969506 ) ) ;
#4010 = CARTESIAN_POINT ( 'NONE',  ( -11.88648316417238782, -0.3413729259880583511, -2.965313122838186377 ) ) ;
#4011 = CARTESIAN_POINT ( 'NONE',  ( -12.49680507195482804, -3.133553159304396818, 0.02375005567449191973 ) ) ;
#4012 = CARTESIAN_POINT ( 'NONE',  ( 12.26689795084078938, -2.906788403716367597, 0.6783859583707919638 ) ) ;
#4013 = CARTESIAN_POINT ( 'NONE',  ( 12.42713012629622327, -2.853134702640164999, 1.317961313772096243 ) ) ;
#4014 = EDGE_CURVE ( 'NONE', #3138, #4485, #2823, .T. ) ;
#4015 = DIRECTION ( 'NONE',  ( 0.0000000000000000000, -0.5150380749100549327, -0.8571673007021118895 ) ) ;
#4016 = CARTESIAN_POINT ( 'NONE',  ( 12.41800387048354359, 2.815479539041024548, 1.414591024382573448 ) ) ;
#4017 = CARTESIAN_POINT ( 'NONE',  ( -12.08369213283577182, 0.05158923598385974085, -3.186596167060470997 ) ) ;
#4018 = CARTESIAN_POINT ( 'NONE',  ( 12.15036515152358021, -1.250846655600106327, -2.922115097711194487 ) ) ;
#4019 = CARTESIAN_POINT ( 'NONE',  ( 12.26701522693138635, 2.907271627821132132, -0.6817005171055102730 ) ) ;
#4020 = CARTESIAN_POINT ( 'NONE',  ( 12.20339136376921019, -2.653219773770530754, 1.366680830156259852 ) ) ;
#4021 = CARTESIAN_POINT ( 'NONE',  ( -12.01421778466383472, -1.698242228285858024, -2.454346046276137283 ) ) ;
#4022 = CARTESIAN_POINT ( 'NONE',  ( 11.89106185652379999, -0.4621015699850882230, 2.948611711476817110 ) ) ;
#4023 = CARTESIAN_POINT ( 'NONE',  ( -12.15743373410150774, -2.454385344505852551, -1.698046047297959049 ) ) ;
#4024 = FACE_OUTER_BOUND ( 'NONE', #1734, .T. ) ;
#4025 = CARTESIAN_POINT ( 'NONE',  ( 12.19527945049118856, -2.619187226152762449, 1.430994196908227156 ) ) ;
#4026 = CARTESIAN_POINT ( 'NONE',  ( 12.39436118895222272, -2.711933918203947247, 1.597450251450339476 ) ) ;
#4027 = ORIENTED_EDGE ( 'NONE', *, *, #169, .F. ) ;
#4028 = VERTEX_POINT ( 'NONE', #1138 ) ;
#4029 = CARTESIAN_POINT ( 'NONE',  ( -12.47857877392974935, 3.062542368365757550, 0.6765595222368849804 ) ) ;
#4030 = CARTESIAN_POINT ( 'NONE',  ( 12.00178961595417704, -1.616996636264710352, -2.509029175101557207 ) ) ;
#4031 = ORIENTED_EDGE ( 'NONE', *, *, #2142, .F. ) ;
#4032 = CARTESIAN_POINT ( 'NONE',  ( -12.12712475738181972, 1.010407993712309160, -3.017148841736599696 ) ) ;
#4033 = CARTESIAN_POINT ( 'NONE',  ( 12.49516764164065741, -3.127234927179321833, 0.2086028248482904024 ) ) ;
#4034 = ORIENTED_EDGE ( 'NONE', *, *, #2470, .F. ) ;
#4035 = CARTESIAN_POINT ( 'NONE',  ( -12.20364075143577587, -2.654348310567103741, 1.365296905300783736 ) ) ;
#4036 = CARTESIAN_POINT ( 'NONE',  ( 12.08110921552549222, 2.084646552441647760, -2.135780309135514532 ) ) ;
#4037 = CARTESIAN_POINT ( 'NONE',  ( 12.27340557640888896, -2.931578795764528067, -0.5600851608028682982 ) ) ;
#4038 = ORIENTED_EDGE ( 'NONE', *, *, #2853, .F. ) ;
#4039 = CARTESIAN_POINT ( 'NONE',  ( -11.89819796947523400, -0.6062302745926123615, -2.922383025338898044 ) ) ;
#4040 = CARTESIAN_POINT ( 'NONE',  ( -12.09359928841041132, -2.149404013188264795, -2.070721848450268077 ) ) ;
#4041 = CARTESIAN_POINT ( 'NONE',  ( 12.06445697426986818, -1.995248979813390777, 2.219519408235457902 ) ) ;
#4042 = EDGE_CURVE ( 'NONE', #1740, #1221, #4329, .T. ) ;
#4043 = CARTESIAN_POINT ( 'NONE',  ( -12.27869123043935851, -2.143871489918081519, 2.324867240345963815 ) ) ;
#4044 = CARTESIAN_POINT ( 'NONE',  ( 12.28511019153334516, -2.178894269445707188, 2.290505542511442894 ) ) ;
#4045 = CARTESIAN_POINT ( 'NONE',  ( 12.27826284047954353, 2.141498754204587129, -2.327127972688582069 ) ) ;
#4046 = CARTESIAN_POINT ( 'NONE',  ( -11.93253438062609106, 1.053435025182015039, 2.792513317610580525 ) ) ;
#4047 = AXIS2_PLACEMENT_3D ( 'NONE', #1870, #4122, #2653 ) ;
#4048 = CARTESIAN_POINT ( 'NONE',  ( -12.22560936789709807, 1.827273744542951439, -2.589495694190774966 ) ) ;
#4049 = CARTESIAN_POINT ( 'NONE',  ( 12.23834183112231599, -1.907892794285623417, 2.528634362973481320 ) ) ;
#4050 = CARTESIAN_POINT ( 'NONE',  ( 12.13898182207826970, 2.370265459453227308, -1.814241949508323071 ) ) ;
#4051 = CARTESIAN_POINT ( 'NONE',  ( 12.28489062525125064, -2.974897649073156458, 0.2442050962980879258 ) ) ;
#4052 = CARTESIAN_POINT ( 'NONE',  ( 11.95035886410369486, -1.222912610302550940, 2.722476201618971636 ) ) ;
#4053 = CARTESIAN_POINT ( 'NONE',  ( -12.11425315978385875, -2.252471588271749425, -1.958220261426822928 ) ) ;
#4054 = CARTESIAN_POINT ( 'NONE',  ( 12.28614492477413656, -2.979605005686593255, -0.1966837318447639815 ) ) ;
#4055 = CARTESIAN_POINT ( 'NONE',  ( -12.10557185616218234, -0.7171449087252639298, 3.102446799662545995 ) ) ;
#4056 = CARTESIAN_POINT ( 'NONE',  ( 12.49647339990187156, -3.132275086438058853, 0.1043173098303586122 ) ) ;
#4057 = CARTESIAN_POINT ( 'NONE',  ( -12.01454076172744756, 1.700666449486941456, -2.453024379274139744 ) ) ;
#4058 = CARTESIAN_POINT ( 'NONE',  ( -12.47570578689336429, 3.051213783385288814, 0.7275603097287991483 ) ) ;
#4059 = CARTESIAN_POINT ( 'NONE',  ( -12.08364658516759249, -0.2071245220260556630, 3.186768813181797722 ) ) ;
#4060 = CARTESIAN_POINT ( 'NONE',  ( -2.856403312780321156E-15, 76.99200000000000443, 4.064000000000000057 ) ) ;
#4061 = CARTESIAN_POINT ( 'NONE',  ( -11.89452971190729258, 0.5384937257946640354, 2.935910277548543945 ) ) ;
#4062 = CARTESIAN_POINT ( 'NONE',  ( -12.41267010008481009, 2.791604551864391492, 1.447677664829240207 ) ) ;
#4063 = CARTESIAN_POINT ( 'NONE',  ( 12.14275707426178386, -1.177263020355737488, 2.953568634618062294 ) ) ;
#4064 = CARTESIAN_POINT ( 'NONE',  ( 12.23339397542486751, 2.775736900138285890, 1.096878527990667429 ) ) ;
#4065 = CARTESIAN_POINT ( 'NONE',  ( 12.28745839334779255, -2.984498484913297389, 0.04888161089562867434 ) ) ;
#4066 = CARTESIAN_POINT ( 'NONE',  ( -12.02533672603533255, -1.768107058687809818, -2.404410246887021874 ) ) ;
#4067 = CARTESIAN_POINT ( 'NONE',  ( -12.20355007018981830, -2.653977326034762552, -1.366085777549473246 ) ) ;
#4068 = CARTESIAN_POINT ( 'NONE',  ( 12.08821723218978050, -2.121698852758845177, -2.098972556250080501 ) ) ;
#4069 = CARTESIAN_POINT ( 'NONE',  ( -12.35836444081014029, -2.548213275479717321, 1.855429470979057083 ) ) ;
#4070 = CARTESIAN_POINT ( 'NONE',  ( 12.17134202108027630, -1.435033023422302101, 2.833563271965004127 ) ) ;
#4071 = CARTESIAN_POINT ( 'NONE',  ( 12.09264158958356106, -2.144710523936560254, 2.076016554512012391 ) ) ;
#4072 = CARTESIAN_POINT ( 'NONE',  ( -12.06973311474806998, 2.024061223600423176, -2.193402308279568391 ) ) ;
#4073 = DATE_AND_TIME ( #1964, #2312 ) ;
#4074 = AXIS2_PLACEMENT_3D ( 'NONE', #3970, #1727, #1777 ) ;
#4075 = DIRECTION ( 'NONE',  ( 0.0000000000000000000, 1.000000000000000000, 0.0000000000000000000 ) ) ;
#4076 = CARTESIAN_POINT ( 'NONE',  ( -11.91258950214541024, 0.8245286834255393105, 2.868736928573166534 ) ) ;
#4077 = CYLINDRICAL_SURFACE ( 'NONE', #1939, 2.984499999999999709 ) ;
#4078 = CARTESIAN_POINT ( 'NONE',  ( -12.40714580365319364, 2.767761262567736136, 1.494282287297041156 ) ) ;
#4079 = CARTESIAN_POINT ( 'NONE',  ( 12.49149144026155156, -3.113004578787395005, 0.3651492756411014451 ) ) ;
#4080 = CARTESIAN_POINT ( 'NONE',  ( 12.06688679990641688, 2.008529709110451034, 2.207500911092538765 ) ) ;
#4081 = CARTESIAN_POINT ( 'NONE',  ( 12.23319639788808999, -2.774991107049207262, 1.099565720365148769 ) ) ;
#4082 = VECTOR ( 'NONE', #4654, 999.9999999999998863 ) ;
#4083 = CARTESIAN_POINT ( 'NONE',  ( -12.05196549604007039, -1.925574535829587708, 2.280268880869674941 ) ) ;
#4084 = ORIENTED_EDGE ( 'NONE', *, *, #3760, .F. ) ;
#4085 = CARTESIAN_POINT ( 'NONE',  ( 12.23078139822677457, -2.765271859533592558, -1.122969717058242889 ) ) ;
#4086 = ORIENTED_EDGE ( 'NONE', *, *, #3282, .F. ) ;
#4087 = CARTESIAN_POINT ( 'NONE',  ( -12.10713554287697313, -0.7422181491650168272, 3.096340246034990695 ) ) ;
#4088 = CARTESIAN_POINT ( 'NONE',  ( 12.16583270575135600, -1.389182331614775778, 2.857106468248193476 ) ) ;
#4089 = CARTESIAN_POINT ( 'NONE',  ( -12.07967952151824953, 2.077186136885453394, -2.143159233503895145 ) ) ;
#4090 = ORIENTED_EDGE ( 'NONE', *, *, #1710, .T. ) ;
#4091 = DIRECTION ( 'NONE',  ( -1.000000000000000000, -0.0000000000000000000, -0.0000000000000000000 ) ) ;
#4092 = CARTESIAN_POINT ( 'NONE',  ( -12.09480503241243632, 0.5141350186373984110, -3.144163665651928063 ) ) ;
#4093 = CARTESIAN_POINT ( 'NONE',  ( -12.03428973125226165, 1.822674473452747357, 2.363526970005211503 ) ) ;
#4094 = CARTESIAN_POINT ( 'NONE',  ( -11.88121164393853135, -0.1002980541083405147, 2.984411998413198930 ) ) ;
#4095 = CARTESIAN_POINT ( 'NONE',  ( -12.07788107149316481, -2.067643611273213278, -2.152323447026729397 ) ) ;
#4096 = CARTESIAN_POINT ( 'NONE',  ( -12.49517428234832828, 3.127260573051955372, -0.2081823614561552627 ) ) ;
#4097 = CARTESIAN_POINT ( 'NONE',  ( 12.28850630752065953, -2.197326938905410643, 2.272218486059180975 ) ) ;
#4098 = ORIENTED_EDGE ( 'NONE', *, *, #387, .T. ) ;
#4099 = CARTESIAN_POINT ( 'NONE',  ( -12.04003105378739136, 1.856954860916975480, -2.336952490844043329 ) ) ;
#4100 = CARTESIAN_POINT ( 'NONE',  ( 12.24437718352516491, 2.819398002346202858, 0.9810525616679285354 ) ) ;
#4101 = CARTESIAN_POINT ( 'NONE',  ( 11.95035886410369486, -1.222912610302550940, 2.722476201618971636 ) ) ;
#4102 = CARTESIAN_POINT ( 'NONE',  ( -12.08827961493089376, -2.122021382093633335, 2.098646605507014762 ) ) ;
#4103 = CARTESIAN_POINT ( 'NONE',  ( -12.33821382612424777, -2.452019746713263171, -1.984978938167473839 ) ) ;
#4104 = CARTESIAN_POINT ( 'NONE',  ( 12.10774346906034538, -2.220401372280891739, -1.994266851542032315 ) ) ;
#4105 = EDGE_CURVE ( 'NONE', #474, #2141, #3051, .T. ) ;
#4106 = CARTESIAN_POINT ( 'NONE',  ( -12.18002360822664087, -1.504062981185476655, 2.795924930547533993 ) ) ;
#4107 = CARTESIAN_POINT ( 'NONE',  ( 12.20660566509062050, -1.700046868318765947, 2.677621065894355556 ) ) ;
#4108 = CARTESIAN_POINT ( 'NONE',  ( -12.09291420496901281, 2.146101219379874081, -2.074572701216137904 ) ) ;
#4109 = DIRECTION ( 'NONE',  ( 0.0000000000000000000, 0.0000000000000000000, -1.000000000000000000 ) ) ;
#4110 = CARTESIAN_POINT ( 'NONE',  ( -11.88186121403147055, 0.1230351297437763392, -2.982065383430446026 ) ) ;
#4111 = CARTESIAN_POINT ( 'NONE',  ( -11.93966393569060358, 1.124312629368944494, 2.764726609726103845 ) ) ;
#4112 = CARTESIAN_POINT ( 'NONE',  ( -12.49418807244892093, 3.123451755783506645, 0.2607679672418506955 ) ) ;
#4113 = CARTESIAN_POINT ( 'NONE',  ( 12.09473838401523871, -0.5107326193278297621, 3.144413338791062440 ) ) ;
#4114 = CARTESIAN_POINT ( 'NONE',  ( -12.04986144569183359, 1.913652517571300171, -2.290365745911575601 ) ) ;
#4115 = CARTESIAN_POINT ( 'NONE',  ( 12.08827961492857384, 2.122021382081560326, 2.098646605519197905 ) ) ;
#4116 = CARTESIAN_POINT ( 'NONE',  ( 11.88246834770638394, -0.1927896352889922060, 2.979886204415610695 ) ) ;
#4117 = CARTESIAN_POINT ( 'NONE',  ( -12.06798270005483786, -2.014492728690796319, 2.202063132643024002 ) ) ;
#4118 = CARTESIAN_POINT ( 'NONE',  ( 12.20908975239720995, -2.676917486234065446, -1.319837093492535196 ) ) ;
#4119 = CARTESIAN_POINT ( 'NONE',  ( -12.45833546424964489, -2.981794312619908016, -0.9800567252742021784 ) ) ;
#4120 = CARTESIAN_POINT ( 'NONE',  ( 12.14275707426178386, -1.177263020355737488, 2.953568634618062294 ) ) ;
#4121 = CARTESIAN_POINT ( 'NONE',  ( -11.96760726555942789, 1.368003812645764317, -2.652954761314564092 ) ) ;
#4122 = DIRECTION ( 'NONE',  ( 0.0000000000000000000, 1.000000000000000000, 0.0000000000000000000 ) ) ;
#4123 = CARTESIAN_POINT ( 'NONE',  ( -12.08429225683964425, 0.1291789961718361746, -3.184319819723206546 ) ) ;
#4124 = CARTESIAN_POINT ( 'NONE',  ( -12.15771026477148453, 2.455626845157946381, 1.696249449660966135 ) ) ;
#4125 = CARTESIAN_POINT ( 'NONE',  ( -12.49419888154134206, 3.123493511273424783, -0.2602136875104948954 ) ) ;
#4126 = CARTESIAN_POINT ( 'NONE',  ( 12.08907108244798323, 0.3609819958137984175, 3.166133046245990901 ) ) ;
#4127 = CARTESIAN_POINT ( 'NONE',  ( -12.28511019153334161, 2.178894269445735166, 2.290505542511448667 ) ) ;
#4128 = CARTESIAN_POINT ( 'NONE',  ( 1.545969626307635777E-15, -72.80100000000000193, 12.62380000000000102 ) ) ;
#4129 = CARTESIAN_POINT ( 'NONE',  ( 11.88121164393854734, 0.1002980541083423188, 2.984411998413198486 ) ) ;
#4130 = CARTESIAN_POINT ( 'NONE',  ( -12.22598387305907863, -1.829690915244528870, 2.587726060219242008 ) ) ;
#4131 = CARTESIAN_POINT ( 'NONE',  ( -12.13793697942535132, -2.365317595458095834, 1.820346501448901311 ) ) ;
#4132 = CARTESIAN_POINT ( 'NONE',  ( -12.44134711184174513, -2.912464378790832420, -1.176953706302209968 ) ) ;
#4133 = CYLINDRICAL_SURFACE ( 'NONE', #1633, 4.064000000000000057 ) ;
#4134 = CARTESIAN_POINT ( 'NONE',  ( -12.34474832921329579, -2.483590156704480023, -1.943963342101058034 ) ) ;
#4135 = CARTESIAN_POINT ( 'NONE',  ( 12.19181639081535096, 1.593750920260368575, 2.744050864473876139 ) ) ;
#4136 = CARTESIAN_POINT ( 'NONE',  ( -12.21895600594960563, 2.717437112213083594, 1.234250022927008361 ) ) ;
#4137 = VECTOR ( 'NONE', #4141, 1000.000000000000000 ) ;
#4138 = AXIS2_PLACEMENT_3D ( 'NONE', #3127, #3440, #2767 ) ;
#4139 = CARTESIAN_POINT ( 'NONE',  ( -12.16612153374764382, -2.493153372682209490, -1.640739410474783888 ) ) ;
#4140 = CARTESIAN_POINT ( 'NONE',  ( -11.88118759341396213, -0.002655104640752505886, 2.984498818967658007 ) ) ;
#4141 = DIRECTION ( 'NONE',  ( -0.0000000000000000000, -1.000000000000000000, -0.0000000000000000000 ) ) ;
#4142 = CARTESIAN_POINT ( 'NONE',  ( -12.10524063443191700, 2.207987454582346132, 2.008002944975901816 ) ) ;
#4143 = CARTESIAN_POINT ( 'NONE',  ( -11.89442781860317133, 0.5349360271194688599, 2.936271335543856331 ) ) ;
#4144 = CARTESIAN_POINT ( 'NONE',  ( 12.26521166027005805, -2.900305072300712883, -0.7043224796072099503 ) ) ;
#4145 = ORIENTED_EDGE ( 'NONE', *, *, #2055, .F. ) ;
#4146 = CARTESIAN_POINT ( 'NONE',  ( -12.15012180635156547, 1.248561198312126530, 2.923126845874139956 ) ) ;
#4147 = CARTESIAN_POINT ( 'NONE',  ( 12.17431947503333234, 1.458732437309300689, 2.820658901540033625 ) ) ;
#4148 = VECTOR ( 'NONE', #1215, 1000.000000000000000 ) ;
#4149 = DIRECTION ( 'NONE',  ( 0.0000000000000000000, 0.0000000000000000000, -1.000000000000000000 ) ) ;
#4150 = CARTESIAN_POINT ( 'NONE',  ( 12.11243017505245767, -2.243694230912060217, 1.968614481987637888 ) ) ;
#4151 = ORIENTED_EDGE ( 'NONE', *, *, #1194, .F. ) ;
#4152 = EDGE_LOOP ( 'NONE', ( #4610, #1104, #1739, #3410 ) ) ;
#4153 = CARTESIAN_POINT ( 'NONE',  ( 11.88253838861831291, -0.1724437230312466374, -2.979616698630182192 ) ) ;
#4154 = CARTESIAN_POINT ( 'NONE',  ( -12.04771632207830123, -1.901276259579973926, 2.300529208356100419 ) ) ;
#4155 = CARTESIAN_POINT ( 'NONE',  ( -12.11932095734625392, -2.277026910783549685, 1.929504805654402189 ) ) ;
#4156 = DESIGN_CONTEXT ( 'detailed design', #989, 'design' ) ;
#4157 = CARTESIAN_POINT ( 'NONE',  ( -12.45270052848705689, -2.958952089464724100, 1.049224703425836180 ) ) ;
#4158 = CARTESIAN_POINT ( 'NONE',  ( 12.42468714333354463, 2.842831936509397917, 1.340791309884803884 ) ) ;
#4159 = CARTESIAN_POINT ( 'NONE',  ( -12.06931299078475561, 2.021787497652365762, 2.195498267037077067 ) ) ;
#4160 = DIRECTION ( 'NONE',  ( 1.000000000000000000, -0.0000000000000000000, -0.0000000000000000000 ) ) ;
#4161 = CARTESIAN_POINT ( 'NONE',  ( -12.10479391078474798, 2.205763044475702817, 2.010441212880712314 ) ) ;
#4162 = CARTESIAN_POINT ( 'NONE',  ( -11.88256292038158080, -0.1977958709697662520, 2.979544657909741989 ) ) ;
#4163 = CARTESIAN_POINT ( 'NONE',  ( -12.13352486138007791, 1.081336759471307696, 2.991265111468074167 ) ) ;
#4164 = CARTESIAN_POINT ( 'NONE',  ( 12.15031933817277832, 1.251078119094742647, 2.922357126999123977 ) ) ;
#4165 = CARTESIAN_POINT ( 'NONE',  ( -12.31878941685048368, 2.355735057697541990, 2.102133020697267707 ) ) ;
#4166 = CARTESIAN_POINT ( 'NONE',  ( 11.89458993748219306, 0.5381979045019482655, 2.935675585865885395 ) ) ;
#4167 = CARTESIAN_POINT ( 'NONE',  ( 11.89219788395598343, -0.4896823059355721042, -2.944459777283114477 ) ) ;
#4168 = CARTESIAN_POINT ( 'NONE',  ( -12.40714580365319364, 2.767761262567736136, 1.494282287297041156 ) ) ;
#4169 = EDGE_CURVE ( 'NONE', #2478, #468, #1088, .T. ) ;
#4170 = CARTESIAN_POINT ( 'NONE',  ( -12.46403940926529685, -3.004749887245397932, -0.9046384307950694481 ) ) ;
#4171 = CARTESIAN_POINT ( 'NONE',  ( 12.45874098972300992, 2.983431747031316750, 0.9748858156505416650 ) ) ;
#4172 = CARTESIAN_POINT ( 'NONE',  ( -12.27677105749926412, 2.944333532627680494, 0.4886182339614030257 ) ) ;
#4173 = CARTESIAN_POINT ( 'NONE',  ( 11.90248580232741560, -0.6794991225824446035, -2.906526646438988060 ) ) ;
#4174 = CARTESIAN_POINT ( 'NONE',  ( -12.20082155967521054, -1.660999494749519911, 2.704339076841756118 ) ) ;
#4175 = CARTESIAN_POINT ( 'NONE',  ( -12.10346109160205152, 2.199119498740449430, 2.017706100769768529 ) ) ;
#4176 = CARTESIAN_POINT ( 'NONE',  ( -12.26483532822673261, 2.065525896551536622, 2.396690284299344054 ) ) ;
#4177 = CARTESIAN_POINT ( 'NONE',  ( 12.31405199671581663, 2.331438778019954139, 2.129373392780628649 ) ) ;
#4178 = CARTESIAN_POINT ( 'NONE',  ( 11.99649394609294362, 1.580922476174959845, 2.531860945173574962 ) ) ;
#4179 = CARTESIAN_POINT ( 'NONE',  ( 12.14039632858322371, 1.154195838033309496, -2.963310173394800184 ) ) ;
#4180 = CARTESIAN_POINT ( 'NONE',  ( -12.01864664714731035, -1.726473908520227862, 2.434632131050859627 ) ) ;
#4181 = CARTESIAN_POINT ( 'NONE',  ( -12.43220050089131767, -2.874410634566112677, 1.269243360289565414 ) ) ;
#4182 = CARTESIAN_POINT ( 'NONE',  ( -12.46027997129473164, -2.989637667508667995, -0.9550240051970093624 ) ) ;
#4183 = CARTESIAN_POINT ( 'NONE',  ( 12.49640529212773643, 3.132011488332059557, 0.1027632941666775518 ) ) ;
#4184 = CARTESIAN_POINT ( 'NONE',  ( -12.23319639788807933, 2.774991107049213479, 1.099565720365138777 ) ) ;
#4185 = CARTESIAN_POINT ( 'NONE',  ( 11.95147146617537004, -1.232862843561391308, -2.718062050368009519 ) ) ;
#4186 = CARTESIAN_POINT ( 'NONE',  ( -12.26050924965311317, 2.882217459896931899, -0.7750308536514773916 ) ) ;
#4187 = CARTESIAN_POINT ( 'NONE',  ( 0.0000000000000000000, 77.24599999999999511, 0.0000000000000000000 ) ) ;
#4188 = CARTESIAN_POINT ( 'NONE',  ( 12.27787492512367606, -2.948505295878579791, -0.4627762455312061096 ) ) ;
#4189 = CARTESIAN_POINT ( 'NONE',  ( 12.47874950733705113, 3.063214455973534811, 0.6733719517165912549 ) ) ;
#4190 = CARTESIAN_POINT ( 'NONE',  ( -12.14762549994508767, 1.224857289372747182, 2.933481166315130562 ) ) ;
#4191 = CARTESIAN_POINT ( 'NONE',  ( -12.25524699994635824, -2.861841345577881945, -0.8471796495709064123 ) ) ;
#4192 = CARTESIAN_POINT ( 'NONE',  ( 12.27471280579074886, 2.936550243629149293, 0.5350566664346541046 ) ) ;
#4193 = FACE_OUTER_BOUND ( 'NONE', #1619, .T. ) ;
#4194 = EDGE_CURVE ( 'NONE', #4647, #4659, #4755, .T. ) ;
#4195 = CARTESIAN_POINT ( 'NONE',  ( 12.15487618138222814, 1.295717178128118929, -2.903562462621134266 ) ) ;
#4196 = CARTESIAN_POINT ( 'NONE',  ( -12.18292473797849063, -1.526606233329395934, 2.783259271133879942 ) ) ;
#4197 = CARTESIAN_POINT ( 'NONE',  ( 0.0000000000000000000, 77.50000000000000000, 0.0000000000000000000 ) ) ;
#4198 = TOROIDAL_SURFACE ( 'NONE', #3145, 15.62099999999999866, 0.2540000000000000036 ) ;
#4199 = CARTESIAN_POINT ( 'NONE',  ( -12.18840403722541055, 2.589972637330205885, -1.483048600090483227 ) ) ;
#4200 = CARTESIAN_POINT ( 'NONE',  ( -12.20632006335068631, -1.697683028690466278, -2.678798984826681107 ) ) ;
#4201 = CARTESIAN_POINT ( 'NONE',  ( 12.49644742291901167, 3.132174926400714376, -0.1074080542190933296 ) ) ;
#4202 = CARTESIAN_POINT ( 'NONE',  ( -12.01439298279066215, 1.699717581978252179, 2.453680298591673914 ) ) ;
#4203 = VERTEX_POINT ( 'NONE', #197 ) ;
#4204 = AXIS2_PLACEMENT_3D ( 'NONE', #322, #3628, #1429 ) ;
#4205 = ORIENTED_EDGE ( 'NONE', *, *, #2208, .T. ) ;
#4206 = CARTESIAN_POINT ( 'NONE',  ( 1.944126793646423238E-15, -73.05500000000000682, 15.87500000000000000 ) ) ;
#4207 = CARTESIAN_POINT ( 'NONE',  ( 11.88118759341397990, 0.002655104640755226800, 2.984498818967658007 ) ) ;
#4208 = CARTESIAN_POINT ( 'NONE',  ( -12.08742512821742920, 2.117604778073270744, -2.103111133759180351 ) ) ;
#4209 = CARTESIAN_POINT ( 'NONE',  ( 12.49640529212773643, 3.132011488332059557, 0.1027632941666775518 ) ) ;
#4210 = VERTEX_POINT ( 'NONE', #940 ) ;
#4211 = CARTESIAN_POINT ( 'NONE',  ( -12.14038501881825560, 1.153373444486554211, 2.963301532812554040 ) ) ;
#4212 = CARTESIAN_POINT ( 'NONE',  ( -11.92607016451970026, -0.9848044157793299780, -2.817445303743070895 ) ) ;
#4213 = CARTESIAN_POINT ( 'NONE',  ( 12.28738744131141480, 2.984233538836061239, 0.04688928402090859066 ) ) ;
#4214 = VERTEX_POINT ( 'NONE', #4206 ) ;
#4215 = CARTESIAN_POINT ( 'NONE',  ( 12.07305006417053228, -2.041923456601730802, -2.176782566664463570 ) ) ;
#4216 = CARTESIAN_POINT ( 'NONE',  ( 0.0000000000000000000, 77.50000000000000000, 0.0000000000000000000 ) ) ;
#4217 = CARTESIAN_POINT ( 'NONE',  ( -11.89967930089863835, 0.6334044331864894239, -2.916919086970834130 ) ) ;
#4218 = CARTESIAN_POINT ( 'NONE',  ( -12.48383685367245022, -3.083189439229165885, 0.5713461405205622068 ) ) ;
#4219 = CARTESIAN_POINT ( 'NONE',  ( -12.25821191934359611, -2.027441946513307336, -2.430510618877534501 ) ) ;
#4220 = CARTESIAN_POINT ( 'NONE',  ( 12.31573430793196522, 2.340013466760405336, 2.119622098224893225 ) ) ;
#4221 = CARTESIAN_POINT ( 'NONE',  ( 12.25524699994636535, 2.861841345577879281, -0.8471796495709126296 ) ) ;
#4222 = CARTESIAN_POINT ( 'NONE',  ( -11.88256292038158080, -0.1977958709697662520, 2.979544657909741989 ) ) ;
#4223 = CARTESIAN_POINT ( 'NONE',  ( 11.89970423551729795, -0.6338738208297085563, -2.916827995867665280 ) ) ;
#4224 = CARTESIAN_POINT ( 'NONE',  ( -12.13368690449042475, 1.083095296250725870, -2.990607901038252248 ) ) ;
#4225 = CARTESIAN_POINT ( 'NONE',  ( -12.10774346907343180, 2.220401372346745283, -1.994266851468848412 ) ) ;
#4226 = CARTESIAN_POINT ( 'NONE',  ( 12.24983970438780823, -2.840787705444497657, 0.9162631054462304636 ) ) ;
#4227 = CARTESIAN_POINT ( 'NONE',  ( 12.45833546424964311, 2.981794312619913789, -0.9800567252742046209 ) ) ;
#4228 = CARTESIAN_POINT ( 'NONE',  ( -2.856403312780321156E-15, -76.99200000000000443, -4.572000000000034703 ) ) ;
#4229 = CARTESIAN_POINT ( 'NONE',  ( -12.27873838777079563, 2.143888683930108563, -2.324419816135554928 ) ) ;
#4230 = CARTESIAN_POINT ( 'NONE',  ( 12.18728569637110049, 2.585573126670976052, 1.493819450300809981 ) ) ;
#4231 = CARTESIAN_POINT ( 'NONE',  ( 11.88655669012446126, 0.3919486375449253157, 2.965312505094257034 ) ) ;
#4232 = CARTESIAN_POINT ( 'NONE',  ( 12.08299203164982849, -2.094586577960754425, -2.126155637150266564 ) ) ;
#4233 = CARTESIAN_POINT ( 'NONE',  ( 0.0000000000000000000, -76.99200000000000443, 0.0000000000000000000 ) ) ;
#4234 = AXIS2_PLACEMENT_3D ( 'NONE', #2544, #1452, #1433 ) ;
#4235 = CARTESIAN_POINT ( 'NONE',  ( -12.08394805228979685, -0.1029478049812188739, -3.185626586461255627 ) ) ;
#4236 = CARTESIAN_POINT ( 'NONE',  ( 12.11718610342011360, 0.8867110247063137995, -3.056775012754014753 ) ) ;
#4237 = CARTESIAN_POINT ( 'NONE',  ( -11.95176703293760490, -1.236057614520766457, 2.716943041248560231 ) ) ;
#4238 = CARTESIAN_POINT ( 'NONE',  ( 1.545969626307635777E-15, -72.67400000000000659, 12.62380000000000102 ) ) ;
#4239 = CARTESIAN_POINT ( 'NONE',  ( -12.00996191091072696, 1.670627687082390844, -2.473137675247344625 ) ) ;
#4240 = CARTESIAN_POINT ( 'NONE',  ( 12.27979043126457448, -2.955732681893683544, -0.4141130871851449458 ) ) ;
#4241 = CARTESIAN_POINT ( 'NONE',  ( 12.48383685367245022, 3.083189439229149453, 0.5713461405205484400 ) ) ;
#4242 = CC_DESIGN_APPROVAL ( #152, ( #546 ) ) ;
#4243 = CARTESIAN_POINT ( 'NONE',  ( -12.01895912936126010, -1.728323084742587001, -2.433164661301908449 ) ) ;
#4244 = CARTESIAN_POINT ( 'NONE',  ( 12.09949628292417501, 2.179472238592734090, 2.039493740115668974 ) ) ;
#4245 = CARTESIAN_POINT ( 'NONE',  ( 12.24612296634676589, 2.826190042778599754, 0.9594209229501995395 ) ) ;
#4246 = CARTESIAN_POINT ( 'NONE',  ( 12.12712475738182683, -1.010407993712278740, -3.017148841736580600 ) ) ;
#4247 = CARTESIAN_POINT ( 'NONE',  ( -11.88397455500114752, 0.2463608785727040007, -2.974416671930294687 ) ) ;
#4248 = CARTESIAN_POINT ( 'NONE',  ( 12.16542292851161911, 1.387803786003095174, -2.859197852105369364 ) ) ;
#4249 = CARTESIAN_POINT ( 'NONE',  ( -12.08989250178469632, -2.130438305255292430, -2.090308955256209522 ) ) ;
#4250 = CARTESIAN_POINT ( 'NONE',  ( -11.89120166061040962, -0.4653484505116596281, 2.948100231938539650 ) ) ;
#4251 = COORDINATED_UNIVERSAL_TIME_OFFSET ( 0, 0, .AHEAD. ) ;
#4252 =( NAMED_UNIT ( * ) PLANE_ANGLE_UNIT ( ) SI_UNIT ( $, .RADIAN. ) );
#4253 = CARTESIAN_POINT ( 'NONE',  ( -12.14240231462203035, 2.385976857537652762, -1.793026394164770609 ) ) ;
#4254 = CARTESIAN_POINT ( 'NONE',  ( 12.27974667431231559, -2.955567801218592194, 0.4152962416032871529 ) ) ;
#4255 = CARTESIAN_POINT ( 'NONE',  ( 12.44625136252010655, 2.932603845007981658, 1.123139478519603829 ) ) ;
#4256 = FACE_OUTER_BOUND ( 'NONE', #2431, .T. ) ;
#4257 = CARTESIAN_POINT ( 'NONE',  ( -12.13795423450138067, -2.365468429201888156, -1.820491067898315274 ) ) ;
#4258 = CARTESIAN_POINT ( 'NONE',  ( 12.27713053606404081, 2.945748720151011746, -0.4892436270053186487 ) ) ;
#4259 = EDGE_LOOP ( 'NONE', ( #11, #246, #3463, #2155 ) ) ;
#4260 = VECTOR ( 'NONE', #3430, 999.9999999999998863 ) ;
#4261 = EDGE_CURVE ( 'NONE', #3125, #637, #1380, .T. ) ;
#4262 = EDGE_LOOP ( 'NONE', ( #3349, #2785, #1096, #939 ) ) ;
#4263 = CARTESIAN_POINT ( 'NONE',  ( -12.09066229217402366, -0.4092127757029425661, -3.160056637885146458 ) ) ;
#4264 = CARTESIAN_POINT ( 'NONE',  ( 12.31840426371113040, 2.353785796498082394, -2.104385560100459962 ) ) ;
#4265 = ORIENTED_EDGE ( 'NONE', *, *, #3760, .T. ) ;
#4266 = CARTESIAN_POINT ( 'NONE',  ( -11.89227712065501485, -0.4896427862227858419, 2.944163231184334428 ) ) ;
#4267 = CARTESIAN_POINT ( 'NONE',  ( 0.0000000000000000000, -72.80100000000000193, 0.0000000000000000000 ) ) ;
#4268 = ORIENTED_EDGE ( 'NONE', *, *, #4348, .F. ) ;
#4269 = CARTESIAN_POINT ( 'NONE',  ( -12.13243364050253703, 2.339481246653036361, -1.853169748742466094 ) ) ;
#4270 = CARTESIAN_POINT ( 'NONE',  ( 12.47089987552650747, -3.032390041538028935, 0.8298725936742109566 ) ) ;
#4271 = CARTESIAN_POINT ( 'NONE',  ( 12.13152919469299995, 2.335399535616772049, -1.858901527944597065 ) ) ;
#4272 = CARTESIAN_POINT ( 'NONE',  ( -2.856403312780321156E-15, 76.73799999999999955, 3.810000000000000053 ) ) ;
#4273 = CARTESIAN_POINT ( 'NONE',  ( 12.04986144569184781, -1.913652517571301725, -2.290365745911573825 ) ) ;
#4274 = DIRECTION ( 'NONE',  ( 0.0000000000000000000, 0.0000000000000000000, -1.000000000000000000 ) ) ;
#4275 = CARTESIAN_POINT ( 'NONE',  ( 11.94630774447352906, 1.187181994678661479, -2.738613115485628580 ) ) ;
#4276 = CARTESIAN_POINT ( 'NONE',  ( 12.29837384587081495, 2.250272736911964166, -2.218420693228670082 ) ) ;
#4277 = CARTESIAN_POINT ( 'NONE',  ( 12.25155053851862519, 2.847447876274638467, -0.8943649468258221269 ) ) ;
#4278 = CARTESIAN_POINT ( 'NONE',  ( -11.92393428482139228, -0.9652770434019215529, 2.825774281053676340 ) ) ;
#4279 = CARTESIAN_POINT ( 'NONE',  ( -12.42713012629622149, 2.853134702640168996, 1.317961313772110454 ) ) ;
#4280 = DIRECTION ( 'NONE',  ( 0.0000000000000000000, 0.0000000000000000000, -1.000000000000000000 ) ) ;
#4281 = CARTESIAN_POINT ( 'NONE',  ( 0.0000000000000000000, -72.80100000000000193, 0.0000000000000000000 ) ) ;
#4282 = ADVANCED_FACE ( 'NONE', ( #2127, #2935 ), #509, .F. ) ;
#4283 = CARTESIAN_POINT ( 'NONE',  ( 12.10535970085409119, -0.7149483173334326702, -3.103296399655290916 ) ) ;
#4284 = DIRECTION ( 'NONE',  ( 0.0000000000000000000, 0.0000000000000000000, 1.000000000000000000 ) ) ;
#4285 = EDGE_CURVE ( 'NONE', #637, #1575, #57, .T. ) ;
#4286 = CARTESIAN_POINT ( 'NONE',  ( 12.49025599225405969, -3.108223989695840128, 0.4177326525497454535 ) ) ;
#4287 = CARTESIAN_POINT ( 'NONE',  ( -12.39165937868500045, 2.699855805532207054, -1.617689289873780023 ) ) ;
#4288 = CARTESIAN_POINT ( 'NONE',  ( 12.28746378586880894, 2.984518620977377523, 0.02224155326447515083 ) ) ;
#4289 = CARTESIAN_POINT ( 'NONE',  ( 12.24409806338757534, 2.818221731252749329, 0.9825824178044461066 ) ) ;
#4290 = DIRECTION ( 'NONE',  ( 0.0000000000000000000, 0.0000000000000000000, 1.000000000000000000 ) ) ;
#4291 = DIRECTION ( 'NONE',  ( 0.0000000000000000000, 0.7071067811865482389, 0.7071067811865469066 ) ) ;
#4292 = DIRECTION ( 'NONE',  ( -0.0000000000000000000, 1.000000000000000000, -0.0000000000000000000 ) ) ;
#4293 = AXIS2_PLACEMENT_3D ( 'NONE', #1546, #2609, #2672 ) ;
#4294 = CARTESIAN_POINT ( 'NONE',  ( 11.92569409627674304, 0.9822543293509400364, -2.818975123655216741 ) ) ;
#4295 = CARTESIAN_POINT ( 'NONE',  ( 12.18816393487052352, 1.566958515408439112, -2.760329510145673737 ) ) ;
#4296 = CARTESIAN_POINT ( 'NONE',  ( 12.05286744661358078, 1.931015028212502704, -2.276134933344977185 ) ) ;
#4297 = CARTESIAN_POINT ( 'NONE',  ( -12.28481251604814517, -2.974601882448644208, 0.2441107642461323168 ) ) ;
#4298 = CARTESIAN_POINT ( 'NONE',  ( -11.88118726637538103, -3.654958372055275750E-16, -2.984500000000000153 ) ) ;
#4299 = CARTESIAN_POINT ( 'NONE',  ( 12.11184217579274858, -0.8142008455161696689, -3.077898810474605007 ) ) ;
#4300 = CARTESIAN_POINT ( 'NONE',  ( -12.28066855686034309, 2.959039767382789954, -0.3897761740399787178 ) ) ;
#4301 = CARTESIAN_POINT ( 'NONE',  ( -2.856403312780321156E-15, -76.99200000000000443, -4.572000000000034703 ) ) ;
#4302 = CARTESIAN_POINT ( 'NONE',  ( 12.28096138819930516, 2.960155457301369974, -0.3927429820580953801 ) ) ;
#4303 = FACE_OUTER_BOUND ( 'NONE', #3748, .T. ) ;
#4304 = CARTESIAN_POINT ( 'NONE',  ( -12.12575277332585522, 1.011035365349364890, 3.023729578921427574 ) ) ;
#4305 = CARTESIAN_POINT ( 'NONE',  ( 12.09713658217442855, -0.5646273833679945620, -3.135188687915174910 ) ) ;
#4306 = FACE_OUTER_BOUND ( 'NONE', #1222, .T. ) ;
#4307 = CARTESIAN_POINT ( 'NONE',  ( 0.0000000000000000000, 77.50000000000000000, 0.0000000000000000000 ) ) ;
#4308 = CARTESIAN_POINT ( 'NONE',  ( 11.88253838861831291, -0.1724437230312466374, -2.979616698630182192 ) ) ;
#4309 = CARTESIAN_POINT ( 'NONE',  ( 12.03982975928833632, 1.855767844672191247, -2.337891125708777995 ) ) ;
#4310 = CARTESIAN_POINT ( 'NONE',  ( -12.15752918407123850, -2.454941450442653217, 1.697896453204765121 ) ) ;
#4311 = CARTESIAN_POINT ( 'NONE',  ( -12.42458842478324321, 2.842414966903856310, 1.341707272243642057 ) ) ;
#4312 = FACE_OUTER_BOUND ( 'NONE', #2266, .T. ) ;
#4313 = CARTESIAN_POINT ( 'NONE',  ( -11.89970423551731038, 0.6338738208302405752, -2.916827995867554701 ) ) ;
#4314 = CARTESIAN_POINT ( 'NONE',  ( 12.09077955792302816, -0.4125661355403296149, -3.159608140475578253 ) ) ;
#4315 = CARTESIAN_POINT ( 'NONE',  ( -11.96745275679111842, 1.366781593413938456, 2.653587398084040760 ) ) ;
#4316 = ORIENTED_EDGE ( 'NONE', *, *, #2632, .T. ) ;
#4317 = CARTESIAN_POINT ( 'NONE',  ( -11.97038033367269172, -1.389353842377372805, 2.641502658322382402 ) ) ;
#4318 = EDGE_LOOP ( 'NONE', ( #2896, #4265 ) ) ;
#4319 = CARTESIAN_POINT ( 'NONE',  ( -12.28745920363840582, 2.984501512217202723, -0.04869652692791579668 ) ) ;
#4320 = CARTESIAN_POINT ( 'NONE',  ( 12.31905168812198426, -2.361062827836022393, -2.105506139473775740 ) ) ;
#4321 = CARTESIAN_POINT ( 'NONE',  ( 11.92607016451971980, 0.9848044157793288678, -2.817445303743071339 ) ) ;
#4322 = CARTESIAN_POINT ( 'NONE',  ( 0.0000000000000000000, -77.24599999999999511, 15.62099999999999866 ) ) ;
#4323 = ORIENTED_EDGE ( 'NONE', *, *, #4591, .T. ) ;
#4324 = AXIS2_PLACEMENT_3D ( 'NONE', #2194, #726, #2933 ) ;
#4325 = CARTESIAN_POINT ( 'NONE',  ( -12.08360715976052546, -0.002787689604891174788, 3.186918299640601582 ) ) ;
#4326 = CARTESIAN_POINT ( 'NONE',  ( 12.49647504687721877, -3.132281430477069417, -0.1040751685097995871 ) ) ;
#4327 = CARTESIAN_POINT ( 'NONE',  ( -2.856403312780321156E-15, 76.73799999999999955, 0.0000000000000000000 ) ) ;
#4328 = CARTESIAN_POINT ( 'NONE',  ( 12.16933890264780516, -2.507461382680693518, -1.619336515495238604 ) ) ;
#4329 = B_SPLINE_CURVE_WITH_KNOTS ( 'NONE', 3,
 ( #271, #3559, #1352, #2833, #2815, #616, #1015, #3253, #3216, #1365, #2847, #4345, #648, #3580, #3234, #3592, #1719, #3605, #1415, #244, #606, #2097, #633, #2484, #1398, #1768, #4332, #2500, #305, #2873, #665, #1040, #3979, #2158, #2439, #3194, #3309, #4420, #2894, #3621, #2942, #4041, #3267, #1489, #355, #1865, #1815, #1086, #3994, #371, #2553, #1830, #2515, #2928, #734, #1461, #4740, #681, #718, #3279, #1058, #3652, #2172, #1102, #4378, #2186, #3666, #1425, #1473, #1800, #1847, #334, #2567, #4403, #4025, #2908, #3642, #4394, #4360, #4722, #3296, #2204, #4752, #2221, #2533, #1443, #10, #4012, #2582, #703, #382, #2962, #4054, #747, #4704, #1073, #3319, #317, #1116, #3682, #3389, #3403, #3007, #1523, #412, #2989, #4085, #1880, #785, #4118, #91, #2602, #3358, #46, #825, #3372, #1149, #1557, #1190, #3712, #1895, #2617, #4452, #1918, #4466, #2271, #1133, #2289, #62, #3747, #4104, #3726, #769, #805, #1174, #2631, #1935, #4068, #430, #4486, #1541, #78, #4436, #2648, #1507, #2304, #2667, #29, #843, #3024, #3336, #461, #446, #2253, #3697, #3038, #1206, #2235, #397, #2976, #201, #4030, #495, #671, #1547, #3425, #910, #4567, #2724, #1243, #178, #4185, #2034, #2013, #1642, #880, #3473, #1272, #2739, #1290, #4173, #4223, #542, #555, #3107, #1988, #3829 ),
 .UNSPECIFIED., .F., .F.,
 ( 4, 2, 2, 2, 2, 2, 1, 2, 2, 2, 1, 2, 2, 2, 1, 2, 2, 2, 1, 2, 2, 1, 1, 2, 2, 2, 1, 2, 2, 2, 1, 2, 2, 1, 2, 2, 2, 1, 2, 2, 2, 2, 2, 2, 2, 2, 2, 2, 2, 2, 2, 2, 2, 2, 1, 2, 2, 1, 2, 2, 1, 2, 2, 2, 1, 2, 2, 2, 1, 2, 2, 1, 1, 2, 2, 2, 1, 2, 2, 2, 1, 1, 2, 2, 2, 1, 2, 2, 2, 1, 2, 2, 2, 1, 2, 2, 2, 2, 2, 2, 2, 2, 2, 2, 4 ),
 ( 0.5001417836569382880, 0.5157623529176598165, 0.5235726375480205252, 0.5313829221783812340, 0.5391932068087420538, 0.5470034914391027625, 0.5548137760694635823, 0.5587189183846439366, 0.5626240606998242910, 0.5704343453301851108, 0.5743394876453654652, 0.5762920588029556423, 0.5782446299605458195, 0.5860549145909065283, 0.5899600569060868827, 0.5919126280636770598, 0.5938651992212672370, 0.6016754838516281678, 0.6055806261668086332, 0.6075331973243988104, 0.6094857684819890986, 0.6133909107971695640, 0.6153434819547598522, 0.6163197675335549963, 0.6172960531123500294, 0.6212011954275301617, 0.6231537665851203389, 0.6241300521639153720, 0.6251063377427104051, 0.6290114800578905374, 0.6309640512154806036, 0.6319403367942755256, 0.6329166223730706697, 0.6368217646882508021, 0.6387743358458408682, 0.6407269070034310454, 0.6485371916337915321, 0.6524423339489717755, 0.6543949051065618416, 0.6563474762641519078, 0.6641577608945126165, 0.6680629032096928599, 0.6719680455248731032, 0.6797783301552337010, 0.6836834724704139443, 0.6875886147855941877, 0.6953988994159546744, 0.7032091840463152721, 0.7110194686766757588, 0.7188297533070362455, 0.7500708918284783033, 0.7656914610891993878, 0.7735017457195598745, 0.7813120303499203612, 0.7891223149802808479, 0.7930274572954612022, 0.7969325996106414456, 0.8047428842410019323, 0.8086480265561822867, 0.8125531688713625300, 0.8203634535017232388, 0.8242685958169035931, 0.8281737381320838365, 0.8359840227624444342, 0.8398891650776247886, 0.8418417362352149658, 0.8437943073928051430, 0.8516045920231656297, 0.8555097343383459840, 0.8574623054959361612, 0.8594148766535263384, 0.8633200189687066928, 0.8652725901262967589, 0.8662488757050917920, 0.8672251612838868251, 0.8711303035990671795, 0.8730828747566572456, 0.8740591603354522787, 0.8750354459142473118, 0.8789405882294273331, 0.8808931593870172883, 0.8818694449658124324, 0.8823575877552098934, 0.8828457305446073544, 0.8867508728597870427, 0.8887034440173768868, 0.8896797295961718088, 0.8906560151749667309, 0.8984662998053263294, 0.9023714421205060177, 0.9043240132780958618, 0.9062765844356858169, 0.9140868690660453044, 0.9179920113812251037, 0.9199445825388148368, 0.9218971536964047919, 0.9297074383267642794, 0.9336125806419440787, 0.9375177229571238779, 0.9453280075874833654, 0.9531382922178428529, 0.9609485768482024515, 0.9687588614785619390, 0.9843794307392809140, 1.000000000000000000 ),
 .UNSPECIFIED. ) ;
#4330 = CARTESIAN_POINT ( 'NONE',  ( -12.12909028086601815, -2.323731661321459807, 1.872994384552855829 ) ) ;
#4331 = CARTESIAN_POINT ( 'NONE',  ( -12.13837976539836205, 2.367445327260793153, -1.817909665146518750 ) ) ;
#4332 = CARTESIAN_POINT ( 'NONE',  ( 11.99737343283915258, -1.586651397683202624, 2.528019664065286776 ) ) ;
#4333 = ADVANCED_FACE ( 'NONE', ( #4303 ), #286, .T. ) ;
#4334 = CARTESIAN_POINT ( 'NONE',  ( 12.14297960440540258, -1.179481313292082723, -2.952653794282103838 ) ) ;
#4335 = DIRECTION ( 'NONE',  ( 1.049727191138618079E-16, 0.5150380749100549327, -0.8571673007021118895 ) ) ;
#4336 = CARTESIAN_POINT ( 'NONE',  ( 11.89204181785382808, 0.4862186387112558128, -2.945031310903425403 ) ) ;
#4337 = CARTESIAN_POINT ( 'NONE',  ( -11.91974673987606970, -0.9135566709160815035, -2.841638956366862256 ) ) ;
#4338 = CARTESIAN_POINT ( 'NONE',  ( -2.856403312780321156E-15, 76.99200000000000443, 0.0000000000000000000 ) ) ;
#4339 = CARTESIAN_POINT ( 'NONE',  ( 12.18847873086589928, -1.571262003112479766, -2.759263198878390000 ) ) ;
#4340 = CARTESIAN_POINT ( 'NONE',  ( -11.90894962818938829, 0.7754767387440498760, -2.882403783554606580 ) ) ;
#4341 = CARTESIAN_POINT ( 'NONE',  ( 12.26975252247599890, 2.917683683275685613, 0.6298067479639323230 ) ) ;
#4342 = CARTESIAN_POINT ( 'NONE',  ( 11.88186121403148476, -0.1230351297437780184, -2.982065383430445138 ) ) ;
#4343 = CARTESIAN_POINT ( 'NONE',  ( 12.01108938236924928, 1.678051549014603516, -2.468193813794969049 ) ) ;
#4344 = CARTESIAN_POINT ( 'NONE',  ( -12.20364075143577587, -2.654348310567103741, 1.365296905300783736 ) ) ;
#4345 = CARTESIAN_POINT ( 'NONE',  ( 11.91990728708206859, -0.9154554613940540930, 2.841028055712648381 ) ) ;
#4346 = CARTESIAN_POINT ( 'NONE',  ( 12.45486926932033889, -2.967892336834364375, -1.027719927545786449 ) ) ;
#4347 = CARTESIAN_POINT ( 'NONE',  ( -12.07300369679909835, -2.041907080351996306, 2.177201572394132256 ) ) ;
#4348 = EDGE_CURVE ( 'NONE', #3243, #3579, #1753, .T. ) ;
#4349 = CARTESIAN_POINT ( 'NONE',  ( -11.88118726154840310, -1.975649257651049234E-14, 2.984500000031062861 ) ) ;
#4350 = CARTESIAN_POINT ( 'NONE',  ( -11.96985189883680079, -1.385094324333419946, -2.643654800529388282 ) ) ;
#4351 = CARTESIAN_POINT ( 'NONE',  ( -12.10535970085409119, 0.7149483173334382213, -3.103296399655295357 ) ) ;
#4352 = CARTESIAN_POINT ( 'NONE',  ( -12.23760809208030231, 2.792567403879605337, 1.054124330366464690 ) ) ;
#4353 = CARTESIAN_POINT ( 'NONE',  ( 12.29894095355709283, -2.253268654082828615, -2.215277708746906438 ) ) ;
#4354 = CARTESIAN_POINT ( 'NONE',  ( 12.18857426462437488, 2.590742999492968934, -1.481980546970358859 ) ) ;
#4355 = CARTESIAN_POINT ( 'NONE',  ( 11.90894962818939717, -0.7754767387440553161, -2.882403783554605248 ) ) ;
#4356 = CARTESIAN_POINT ( 'NONE',  ( 12.01895912936127786, 1.728323084742588556, -2.433164661301907117 ) ) ;
#4357 = CARTESIAN_POINT ( 'NONE',  ( -12.22394144373624769, -2.737701142144441935, 1.188626426411351744 ) ) ;
#4358 = CARTESIAN_POINT ( 'NONE',  ( 11.96745275679112908, -1.366781593413934459, 2.653587398084043869 ) ) ;
#4359 = CARTESIAN_POINT ( 'NONE',  ( -12.49412271064295332, -3.123198943761194890, -0.2638150691097939649 ) ) ;
#4360 = CARTESIAN_POINT ( 'NONE',  ( 12.21934892939996509, -2.719044171195626358, 1.230697403257203559 ) ) ;
#4361 = CARTESIAN_POINT ( 'NONE',  ( 12.34511890368575848, -2.485996951928731935, 1.942839505669274880 ) ) ;
#4362 = FACE_OUTER_BOUND ( 'NONE', #3288, .T. ) ;
#4363 = CARTESIAN_POINT ( 'NONE',  ( -12.09949628292417501, -2.179472238592766953, 2.039493740115631670 ) ) ;
#4364 = CARTESIAN_POINT ( 'NONE',  ( -12.24623047437546930, 2.826736772611172732, -0.9624435337227839060 ) ) ;
#4365 = CARTESIAN_POINT ( 'NONE',  ( -12.48985600890510739, 3.106654075109291924, 0.4173598834199742091 ) ) ;
#4366 = CARTESIAN_POINT ( 'NONE',  ( 12.08360682715019863, 2.541098841762901017E-17, -3.186919560774800431 ) ) ;
#4367 = CARTESIAN_POINT ( 'NONE',  ( 12.08364658516746104, 0.2071245219935771709, 3.186768813182305315 ) ) ;
#4368 = CIRCLE ( 'NONE', #2342, 4.572000000000034703 ) ;
#4369 = CARTESIAN_POINT ( 'NONE',  ( -12.37666769735210259, 2.632673652061090053, -1.729165762006602547 ) ) ;
#4370 = CARTESIAN_POINT ( 'NONE',  ( 12.25515470524151773, -2.009212423771943090, -2.445706616509992326 ) ) ;
#4371 = ORIENTED_EDGE ( 'NONE', *, *, #2305, .T. ) ;
#4372 = CARTESIAN_POINT ( 'NONE',  ( 12.16951012670074839, 2.508231797295956245, -1.618231508488019221 ) ) ;
#4373 = CARTESIAN_POINT ( 'NONE',  ( 12.13837976539837449, -2.367445327260796262, -1.817909665146513642 ) ) ;
#4374 = CARTESIAN_POINT ( 'NONE',  ( 12.05329906057382416, 1.933453191580609243, 2.274059103072197274 ) ) ;
#4375 = ORIENTED_EDGE ( 'NONE', *, *, #4501, .F. ) ;
#4376 = CARTESIAN_POINT ( 'NONE',  ( -12.28232264950279706, -2.965263274358892254, 0.3418512080532555286 ) ) ;
#4377 = ORIENTED_EDGE ( 'NONE', *, *, #51, .T. ) ;
#4378 = CARTESIAN_POINT ( 'NONE',  ( 12.14885298930133750, -2.415579958317423337, 1.752940248363645814 ) ) ;
#4379 = ORIENTED_EDGE ( 'NONE', *, *, #4348, .T. ) ;
#4380 = CARTESIAN_POINT ( 'NONE',  ( 12.27832070595133906, -2.141575980993065897, 2.326625980901655844 ) ) ;
#4381 = CARTESIAN_POINT ( 'NONE',  ( 12.22372590673720794, 1.814628404201501288, -2.598190669689744325 ) ) ;
#4382 = ORIENTED_EDGE ( 'NONE', *, *, #502, .F. ) ;
#4383 = CARTESIAN_POINT ( 'NONE',  ( 12.12575277334528323, -1.011035365552795051, 3.023729578841246379 ) ) ;
#4384 = CARTESIAN_POINT ( 'NONE',  ( 12.23833618985092819, 1.914765659395657460, 2.531221617805868629 ) ) ;
#4385 = AXIS2_PLACEMENT_3D ( 'NONE', #3192, #589, #973 ) ;
#4386 = CARTESIAN_POINT ( 'NONE',  ( -12.17149916221150008, 1.436316275236422024, -2.832887727486818275 ) ) ;
#4387 = CARTESIAN_POINT ( 'NONE',  ( 12.46943263744091901, -3.026321239820136011, -0.8281553991060148778 ) ) ;
#4388 = CARTESIAN_POINT ( 'NONE',  ( 12.22588642755385635, 2.745567741478355028, -1.170354088576242013 ) ) ;
#4389 = CARTESIAN_POINT ( 'NONE',  ( 12.23789680176344419, -2.793903994848168537, -1.053940781412958883 ) ) ;
#4390 = CARTESIAN_POINT ( 'NONE',  ( 11.95956469842655423, 1.302129148891370214, 2.685571504113108077 ) ) ;
#4391 = CARTESIAN_POINT ( 'NONE',  ( -12.07258248304989046, -2.039647194031407373, -2.179318712644421563 ) ) ;
#4392 = CARTESIAN_POINT ( 'NONE',  ( 11.98435035308103735, -1.495031155449134452, 2.583501173393206951 ) ) ;
#4393 = CARTESIAN_POINT ( 'NONE',  ( -12.28613815214341187, -2.979579608241673228, 0.1967366198292446744 ) ) ;
#4394 = CARTESIAN_POINT ( 'NONE',  ( 12.21687776332616693, -2.708956046036512522, 1.252755742885855561 ) ) ;
#4395 = CARTESIAN_POINT ( 'NONE',  ( 12.38253106395969638, -2.659174638576382588, 1.686701274833640740 ) ) ;
#4396 = CARTESIAN_POINT ( 'NONE',  ( 12.39547208827579006, 2.718968206317683656, 1.597681407328933378 ) ) ;
#4397 = CARTESIAN_POINT ( 'NONE',  ( -12.24515683313773984, 1.949683520220848898, -2.495453042610967120 ) ) ;
#4398 = CARTESIAN_POINT ( 'NONE',  ( 12.16583270575135600, -1.389182331614775778, 2.857106468248193476 ) ) ;
#4399 = CARTESIAN_POINT ( 'NONE',  ( 12.19528313691592203, 2.619183091413914699, -1.430823530611206262 ) ) ;
#4400 = CARTESIAN_POINT ( 'NONE',  ( 12.21134680214923485, -2.686232057440833820, 1.300768223748649755 ) ) ;
#4401 = CARTESIAN_POINT ( 'NONE',  ( -11.93249929624309758, -1.053831924203196602, -2.792681299439254250 ) ) ;
#4402 = CARTESIAN_POINT ( 'NONE',  ( -12.15307657217284287, -2.434791622822494173, -1.726257529206264740 ) ) ;
#4403 = CARTESIAN_POINT ( 'NONE',  ( 12.19287879521679230, -2.609030424872449849, 1.449399974487555864 ) ) ;
#4404 = CARTESIAN_POINT ( 'NONE',  ( -12.08902207351398062, 0.3566675068985757924, 3.166317509804299490 ) ) ;
#4405 = CARTESIAN_POINT ( 'NONE',  ( 12.26819443364855289, -2.084719290007865933, 2.379439810195052019 ) ) ;
#4406 = AXIS2_PLACEMENT_3D ( 'NONE', #2417, #3508, #4149 ) ;
#4407 = CARTESIAN_POINT ( 'NONE',  ( 12.18406831461973638, -1.581109733487119140, 2.783115543717273876 ) ) ;
#4408 = CARTESIAN_POINT ( 'NONE',  ( -12.04272838956621072, -1.872388349431830967, -2.324101437380394319 ) ) ;
#4409 = CARTESIAN_POINT ( 'NONE',  ( -12.26861948730508267, 2.087136056330306744, -2.377247390336721278 ) ) ;
#4410 = CARTESIAN_POINT ( 'NONE',  ( 12.40013434765358191, -2.737311241544888585, 1.552044349980946425 ) ) ;
#4411 = CARTESIAN_POINT ( 'NONE',  ( -12.20892120999242003, -2.676269541286190989, 1.321819094014409002 ) ) ;
#4412 = SHAPE_DEFINITION_REPRESENTATION ( #2081, #3821 ) ;
#4413 = CARTESIAN_POINT ( 'NONE',  ( 12.00955992772127878, 1.667979026858935176, 2.474899733911484212 ) ) ;
#4414 = CARTESIAN_POINT ( 'NONE',  ( 12.11895750300595509, -2.275417119789245657, 1.931856205067054910 ) ) ;
#4415 = CARTESIAN_POINT ( 'NONE',  ( -11.90719233806133026, -0.7494926636358644201, -2.888962525756311184 ) ) ;
#4416 = CARTESIAN_POINT ( 'NONE',  ( 11.89120166061042383, 0.4653484505116652348, 2.948100231938539206 ) ) ;
#4417 = CARTESIAN_POINT ( 'NONE',  ( -12.23307935366369392, -2.774526315318206038, -1.100802724550232314 ) ) ;
#4418 = CARTESIAN_POINT ( 'NONE',  ( -12.47573974817118803, -3.051348241632268365, -0.7269945815284042379 ) ) ;
#4419 = VECTOR ( 'NONE', #67, 1000.000000000000000 ) ;
#4420 = CARTESIAN_POINT ( 'NONE',  ( 12.04938666311086060, -1.910916802630354905, 2.292617500646685347 ) ) ;
#4421 = CARTESIAN_POINT ( 'NONE',  ( -12.10259260209374510, -0.6667612998233491961, 3.114048557211346324 ) ) ;
#4422 = CARTESIAN_POINT ( 'NONE',  ( 12.49419888154134028, -3.123493511273445655, -0.2602136875104984481 ) ) ;
#4423 = CARTESIAN_POINT ( 'NONE',  ( -12.15715821071635894, 2.453276287416521928, -1.700308460775332264 ) ) ;
#4424 = ORIENTED_EDGE ( 'NONE', *, *, #1314, .T. ) ;
#4425 = VECTOR ( 'NONE', #1329, 1000.000000000000114 ) ;
#4426 = CARTESIAN_POINT ( 'NONE',  ( -11.95928961897314302, 1.299821942121641705, 2.686690360755644491 ) ) ;
#4427 = CARTESIAN_POINT ( 'NONE',  ( -12.04452771209875728, -1.882860029994143369, -2.315625990908749543 ) ) ;
#4428 = EDGE_LOOP ( 'NONE', ( #1570, #127, #2322, #2430 ) ) ;
#4429 = CARTESIAN_POINT ( 'NONE',  ( -12.40882865441627381, 2.775064089485224095, -1.480378579653528703 ) ) ;
#4430 = CARTESIAN_POINT ( 'NONE',  ( 12.48593017177607223, -3.091361393546907976, 0.5217580859650988723 ) ) ;
#4431 = VERTEX_POINT ( 'NONE', #4552 ) ;
#4432 = CARTESIAN_POINT ( 'NONE',  ( 12.15224619841312048, 2.431136592336761382, 1.731813851533696491 ) ) ;
#4433 = CARTESIAN_POINT ( 'NONE',  ( 12.26671794726385123, -2.906095378039703192, 0.6813487767660049155 ) ) ;
#4434 = ORIENTED_EDGE ( 'NONE', *, *, #3039, .F. ) ;
#4435 = CARTESIAN_POINT ( 'NONE',  ( -11.89431772378319607, -0.5343096923571777346, -2.936689180276914612 ) ) ;
#4436 = CARTESIAN_POINT ( 'NONE',  ( 12.06984192889122909, -2.024579966649643570, -2.192816543983311828 ) ) ;
#4437 = EDGE_CURVE ( 'NONE', #641, #4707, #1327, .T. ) ;
#4438 = CARTESIAN_POINT ( 'NONE',  ( -12.11560003668714991, -0.8665297147802333289, 3.063085391806419810 ) ) ;
#4439 = CARTESIAN_POINT ( 'NONE',  ( 12.21908196681459735, -1.784594460727118470, 2.620097751539477215 ) ) ;
#4440 = CARTESIAN_POINT ( 'NONE',  ( 12.08265435578736025, -2.092820141271904522, 2.127896842804189337 ) ) ;
#4441 = CARTESIAN_POINT ( 'NONE',  ( -12.24623047437546930, 2.826736772611172732, -0.9624435337227839060 ) ) ;
#4442 = CARTESIAN_POINT ( 'NONE',  ( -12.12925439437387709, -1.033981482531896701, -3.008534612133332509 ) ) ;
#4443 = DIRECTION ( 'NONE',  ( 0.0000000000000000000, -0.0000000000000000000, -1.000000000000000000 ) ) ;
#4444 = DIRECTION ( 'NONE',  ( 0.0000000000000000000, 1.000000000000000000, 0.0000000000000000000 ) ) ;
#4445 = CARTESIAN_POINT ( 'NONE',  ( -12.08899295105692850, -0.3584196805515714734, -3.166431360360277836 ) ) ;
#4446 = CARTESIAN_POINT ( 'NONE',  ( -12.06571267002230385, 2.002120772059194476, 2.213314816291986453 ) ) ;
#4447 = CARTESIAN_POINT ( 'NONE',  ( -12.47417383731680474, 3.045134333683007899, -0.7520921720065854021 ) ) ;
#4448 = CARTESIAN_POINT ( 'NONE',  ( 12.48244217282946877, -3.077714148882307654, 0.5994251194281199346 ) ) ;
#4449 = CARTESIAN_POINT ( 'NONE',  ( 12.05433663802040911, 1.938978974891356621, 2.268864803853007484 ) ) ;
#4450 = CARTESIAN_POINT ( 'NONE',  ( 12.27787492512367606, -2.948505295878579791, -0.4627762455312061096 ) ) ;
#4451 = CARTESIAN_POINT ( 'NONE',  ( -12.20378495455931400, -2.654864243478552321, 1.363485954615414553 ) ) ;
#4452 = CARTESIAN_POINT ( 'NONE',  ( 12.13753427376305538, -2.363442031860639947, -1.822779947244462129 ) ) ;
#4453 = CARTESIAN_POINT ( 'NONE',  ( -12.22598387305907863, -1.829690915244528870, 2.587726060219242008 ) ) ;
#4454 = CARTESIAN_POINT ( 'NONE',  ( 12.09831888490130325, -0.5870121949773109415, 3.130609900342321339 ) ) ;
#4455 = CARTESIAN_POINT ( 'NONE',  ( -12.18262641732612117, 2.565195919207237107, -1.525503692354719831 ) ) ;
#4456 = DIRECTION ( 'NONE',  ( -0.0000000000000000000, -1.000000000000000000, -0.0000000000000000000 ) ) ;
#4457 = CARTESIAN_POINT ( 'NONE',  ( -12.10241391011281742, 0.6650340355654958957, -3.114755066330959998 ) ) ;
#4458 = CARTESIAN_POINT ( 'NONE',  ( -11.88397455500114752, 0.2463608785727040007, -2.974416671930294687 ) ) ;
#4459 = CARTESIAN_POINT ( 'NONE',  ( -12.05997010780853529, 1.970521742029507140, 2.241557844056911275 ) ) ;
#4460 = CARTESIAN_POINT ( 'NONE',  ( -12.46595531802839041, 3.012449793291074318, 0.8788956726138686948 ) ) ;
#4461 = CARTESIAN_POINT ( 'NONE',  ( 12.40714580365319364, -2.767761262567724589, 1.494282287297036715 ) ) ;
#4462 = CARTESIAN_POINT ( 'NONE',  ( 12.13793697939306071, 2.365317595304219367, 1.820346501647594373 ) ) ;
#4463 = CARTESIAN_POINT ( 'NONE',  ( 12.07931513012395897, -2.075264145748594302, 2.145022383295874580 ) ) ;
#4464 = CARTESIAN_POINT ( 'NONE',  ( 12.09286283472237677, 2.145839363196520466, 2.074844968486741159 ) ) ;
#4465 = CARTESIAN_POINT ( 'NONE',  ( -12.06727407820139497, -2.010637182927949684, 2.205579528690305491 ) ) ;
#4466 = CARTESIAN_POINT ( 'NONE',  ( 12.12898153113043875, -2.323182489754430424, -1.873561779177273401 ) ) ;
#4467 = CARTESIAN_POINT ( 'NONE',  ( -12.18882597843587234, -1.571487227133323783, 2.757300987265634440 ) ) ;
#4468 = CARTESIAN_POINT ( 'NONE',  ( 12.15525111988580420, -1.295769517567078477, 2.901708503214903256 ) ) ;
#4469 = CARTESIAN_POINT ( 'NONE',  ( 12.17510404857424078, -2.532701959019493021, 1.579569191736101441 ) ) ;
#4470 = CARTESIAN_POINT ( 'NONE',  ( -12.13837976539836205, 2.367445327260793153, -1.817909665146518750 ) ) ;
#4471 = AXIS2_PLACEMENT_3D ( 'NONE', #4338, #2841, #2114 ) ;
#4472 = DIRECTION ( 'NONE',  ( -0.0000000000000000000, -1.000000000000000000, -0.0000000000000000000 ) ) ;
#4473 = CARTESIAN_POINT ( 'NONE',  ( -11.90251206286961683, 0.6799307013228454988, 2.906428721516134850 ) ) ;
#4474 = CARTESIAN_POINT ( 'NONE',  ( -12.08473573025725933, -2.103631105576580396, -2.117081443245242056 ) ) ;
#4475 = VECTOR ( 'NONE', #4015, 1000.000000000000000 ) ;
#4476 = CARTESIAN_POINT ( 'NONE',  ( -12.49222705770166364, 3.115856529497181615, 0.3390496951192031871 ) ) ;
#4477 = CARTESIAN_POINT ( 'NONE',  ( 12.14038501881825560, -1.153373444486557098, 2.963301532812543382 ) ) ;
#4478 = CARTESIAN_POINT ( 'NONE',  ( -12.34511890368575671, 2.485996951928759913, 1.942839505669291311 ) ) ;
#4479 = CARTESIAN_POINT ( 'NONE',  ( 12.16495075879526766, 2.487937163153202569, 1.648492773430217051 ) ) ;
#4480 = CARTESIAN_POINT ( 'NONE',  ( 12.00212567888921811, -1.619191147265543362, 2.507549976949799753 ) ) ;
#4481 = CARTESIAN_POINT ( 'NONE',  ( 12.11273278738439707, 2.244960776674616465, 1.966606691987074162 ) ) ;
#4482 = VECTOR ( 'NONE', #332, 1000.000000000000114 ) ;
#4483 = AXIS2_PLACEMENT_3D ( 'NONE', #2427, #2466, #1351 ) ;
#4484 = CARTESIAN_POINT ( 'NONE',  ( -12.06272473017898150, -1.985819082625337240, 2.228117180873754766 ) ) ;
#4485 = VERTEX_POINT ( 'NONE', #4519 ) ;
#4486 = CARTESIAN_POINT ( 'NONE',  ( 12.08110738199025569, -2.084792560813395923, -2.135944573539593883 ) ) ;
#4487 = LINE ( 'NONE', #3152, #4148 ) ;
#4488 = CARTESIAN_POINT ( 'NONE',  ( -12.40014454708210856, -2.737353805399061368, -1.551949753468914617 ) ) ;
#4489 = CARTESIAN_POINT ( 'NONE',  ( 12.13576891284703940, -1.105410314898595203, 2.982149774371116280 ) ) ;
#4490 = CARTESIAN_POINT ( 'NONE',  ( -11.98430239953474086, 1.496531403272305383, -2.584006549274545428 ) ) ;
#4491 = VERTEX_POINT ( 'NONE', #615 ) ;
#4492 = CARTESIAN_POINT ( 'NONE',  ( -12.24989519045730724, 2.841006482779586673, 0.9156350747010680857 ) ) ;
#4493 = CARTESIAN_POINT ( 'NONE',  ( -11.88576729123361453, 0.3152018971599851449, 2.967911942225322619 ) ) ;
#4494 = CARTESIAN_POINT ( 'NONE',  ( -12.44609998766246228, 2.932016690896613209, 1.125618846685721097 ) ) ;
#4495 = CARTESIAN_POINT ( 'NONE',  ( 12.24545063579950011, 1.951459284541967154, 2.494007245515423410 ) ) ;
#4496 = EDGE_LOOP ( 'NONE', ( #1054, #3688 ) ) ;
#4497 = CARTESIAN_POINT ( 'NONE',  ( 12.03976786575690205, -1.855402640352778798, 2.338179580348692443 ) ) ;
#4498 = CARTESIAN_POINT ( 'NONE',  ( 11.88456360368893883, -0.2709033651664079501, -2.972281369106863469 ) ) ;
#4499 = CARTESIAN_POINT ( 'NONE',  ( -12.07207230883160243, -2.036604559633242495, 2.181657517285154668 ) ) ;
#4500 = CARTESIAN_POINT ( 'NONE',  ( -12.08490973423926640, 0.2024167537372449643, 3.181992840923613119 ) ) ;
#4501 = EDGE_CURVE ( 'NONE', #4203, #526, #2512, .T. ) ;
#4502 = CARTESIAN_POINT ( 'NONE',  ( -12.49680507195482804, -3.133553159304396818, 0.02375005567449191973 ) ) ;
#4503 = CARTESIAN_POINT ( 'NONE',  ( 12.15786349863384430, -1.319251069078399397, 2.890743353013696559 ) ) ;
#4504 = CARTESIAN_POINT ( 'NONE',  ( -12.13831860126429341, 2.367760755133212491, 1.819438612771239860 ) ) ;
#4505 = CARTESIAN_POINT ( 'NONE',  ( -12.28063113063591771, 2.958898880833772171, 0.3908509607202245717 ) ) ;
#4506 = CARTESIAN_POINT ( 'NONE',  ( -12.28071539348161600, 2.959225557274362206, -0.3906969550893507059 ) ) ;
#4507 = CARTESIAN_POINT ( 'NONE',  ( 12.26952400662184495, -2.916803205670541299, -0.6325368504145854054 ) ) ;
#4508 = CARTESIAN_POINT ( 'NONE',  ( -12.26819443364854934, 2.084719290007865045, 2.379439810195072447 ) ) ;
#4509 = CARTESIAN_POINT ( 'NONE',  ( 12.09379183642874445, 0.4885860309361048648, 3.148051029080131791 ) ) ;
#4510 = CARTESIAN_POINT ( 'NONE',  ( -11.88118726154840310, -1.975649257651049234E-14, 2.984500000031062861 ) ) ;
#4511 = CARTESIAN_POINT ( 'NONE',  ( 12.08265435578736025, -2.092820141271904522, 2.127896842804189337 ) ) ;
#4512 = CARTESIAN_POINT ( 'NONE',  ( -12.10071842446310519, -2.185448773351904350, 2.032645889844643339 ) ) ;
#4513 = DIRECTION ( 'NONE',  ( 0.0000000000000000000, 1.000000000000000000, 0.0000000000000000000 ) ) ;
#4514 = CARTESIAN_POINT ( 'NONE',  ( -12.44844640504021172, -2.941595529707328627, 1.098546782297362689 ) ) ;
#4515 = CARTESIAN_POINT ( 'NONE',  ( 12.26530834777296519, 2.068484468614983030, 2.394468058688577816 ) ) ;
#4516 = CARTESIAN_POINT ( 'NONE',  ( -12.26671794726383702, 2.906095378039705412, 0.6813487767659999195 ) ) ;
#4517 = CARTESIAN_POINT ( 'NONE',  ( -12.28711212802102004, -2.983205938040171201, -0.1005859519525853507 ) ) ;
#4518 = CARTESIAN_POINT ( 'NONE',  ( -12.27334148806173530, 2.931335362896426489, 0.5613521881607429487 ) ) ;
#4519 = CARTESIAN_POINT ( 'NONE',  ( 1.928573779297251751E-15, -72.80100000000000193, 15.62099999999999866 ) ) ;
#4520 = CARTESIAN_POINT ( 'NONE',  ( -12.26507876960366161, -2.071748655528736549, 2.400087091651180948 ) ) ;
#4521 = CARTESIAN_POINT ( 'NONE',  ( -12.08541205997104484, 0.2069999208242861155, -3.180067558959327911 ) ) ;
#4522 = CARTESIAN_POINT ( 'NONE',  ( -12.18458449433085100, 2.573650745523103467, 1.511342405240855946 ) ) ;
#4523 = CARTESIAN_POINT ( 'NONE',  ( -12.25155053851860920, -2.847447876274639800, -0.8943649468258164648 ) ) ;
#4524 = CARTESIAN_POINT ( 'NONE',  ( -12.12289710503071483, 0.9601438083031135218, 3.034076544561993938 ) ) ;
#4525 = CARTESIAN_POINT ( 'NONE',  ( 12.09831888490130325, -0.5870121949773109415, 3.130609900342321339 ) ) ;
#4526 = CARTESIAN_POINT ( 'NONE',  ( 11.89985499950576830, 0.6350495472403772101, 2.916257452302216890 ) ) ;
#4527 = EDGE_CURVE ( 'NONE', #3346, #1746, #2872, .T. ) ;
#4528 = CARTESIAN_POINT ( 'NONE',  ( -11.88118759341396213, -0.002655104640752505886, 2.984498818967658007 ) ) ;
#4529 = DATE_AND_TIME ( #3669, #874 ) ;
#4530 = CARTESIAN_POINT ( 'NONE',  ( -12.44625136252011011, -2.932603845007987875, 1.123139478519611378 ) ) ;
#4531 = CARTESIAN_POINT ( 'NONE',  ( 12.33901482920033743, 2.455755778749101559, 1.979685485675914958 ) ) ;
#4532 = CARTESIAN_POINT ( 'NONE',  ( -12.27781485744803547, 2.948278424259207942, 0.4642267802167969748 ) ) ;
#4533 = LINE ( 'NONE', #2489, #518 ) ;
#4534 = AXIS2_PLACEMENT_3D ( 'NONE', #2329, #3780, #3803 ) ;
#4535 = DIRECTION ( 'NONE',  ( -1.224646799147354193E-16, 0.0000000000000000000, -1.000000000000000000 ) ) ;
#4536 = CARTESIAN_POINT ( 'NONE',  ( -12.15517609832158286, -1.298450262316110715, 2.902309204433350498 ) ) ;
#4537 = CARTESIAN_POINT ( 'NONE',  ( -12.11486765035636459, 2.255466825911124129, 1.954768361334016991 ) ) ;
#4538 = VERTEX_POINT ( 'NONE', #3877 ) ;
#4539 = CARTESIAN_POINT ( 'NONE',  ( -12.24488916117779524, 1.948053788170085232, 2.496763357754218315 ) ) ;
#4540 = CARTESIAN_POINT ( 'NONE',  ( 12.31573430793196522, 2.340013466760405336, 2.119622098224893225 ) ) ;
#4541 = FACE_BOUND ( 'NONE', #2203, .T. ) ;
#4542 = CARTESIAN_POINT ( 'NONE',  ( -12.27713053606402482, -2.945748720151012634, -0.4892436270053167058 ) ) ;
#4543 = CARTESIAN_POINT ( 'NONE',  ( 11.96762515330474841, 1.367656756425842612, 2.652800809293728967 ) ) ;
#4544 = ORIENTED_EDGE ( 'NONE', *, *, #2697, .T. ) ;
#4545 = ORIENTED_EDGE ( 'NONE', *, *, #3824, .F. ) ;
#4546 = CARTESIAN_POINT ( 'NONE',  ( 12.11005494674630611, 0.7869192329724876700, -3.084902390242304282 ) ) ;
#4547 = DIRECTION ( 'NONE',  ( 0.0000000000000000000, 1.000000000000000000, 0.0000000000000000000 ) ) ;
#4548 = ORIENTED_EDGE ( 'NONE', *, *, #1528, .F. ) ;
#4549 = CARTESIAN_POINT ( 'NONE',  ( -11.91993985023757041, 0.9159012914863582377, -2.840906499837949184 ) ) ;
#4550 = CARTESIAN_POINT ( 'NONE',  ( 12.46621740913153253, 3.013498060462945105, 0.8751779123700471619 ) ) ;
#4551 = CARTESIAN_POINT ( 'NONE',  ( -12.19241244937392388, 2.607122316576538257, 1.453465101388426106 ) ) ;
#4552 = CARTESIAN_POINT ( 'NONE',  ( 3.061616997868381662E-16, 76.73799999999998533, -2.499999999999998668 ) ) ;
#4553 = CARTESIAN_POINT ( 'NONE',  ( -12.49675767302223761, -3.133372344736086390, -0.2117214315369102262 ) ) ;
#4554 = CARTESIAN_POINT ( 'NONE',  ( -12.23767232363965718, 2.792794607260693507, -1.052684652105124741 ) ) ;
#4555 = CARTESIAN_POINT ( 'NONE',  ( 12.28713928923417775, -2.983307376689181556, -0.09746475695230792657 ) ) ;
#4556 = CARTESIAN_POINT ( 'NONE',  ( 12.48995078394619007, 3.107029466011486107, 0.4168975812372163192 ) ) ;
#4557 = CARTESIAN_POINT ( 'NONE',  ( -11.92398713831124013, -0.9616579526231618935, -2.825430219182449854 ) ) ;
#4558 = CARTESIAN_POINT ( 'NONE',  ( 12.28232264950282016, 2.965263274358891810, 0.3418512080532512543 ) ) ;
#4559 = CARTESIAN_POINT ( 'NONE',  ( 12.20017621793852847, 1.654436350151673230, -2.706642522739415302 ) ) ;
#4560 = CARTESIAN_POINT ( 'NONE',  ( -12.19181639081535096, -1.593750920260365911, 2.744050864473890350 ) ) ;
#4561 = DIRECTION ( 'NONE',  ( -0.0000000000000000000, 1.000000000000000000, -0.0000000000000000000 ) ) ;
#4562 = CARTESIAN_POINT ( 'NONE',  ( -12.43939893973873367, -2.904361324660833521, 1.196645052721464042 ) ) ;
#4563 = EDGE_CURVE ( 'NONE', #4707, #4028, #112, .T. ) ;
#4564 = CARTESIAN_POINT ( 'NONE',  ( -12.18234129758021744, -1.522588668735294526, -2.785892818375987900 ) ) ;
#4565 = CARTESIAN_POINT ( 'NONE',  ( 12.41155394608342277, 2.786895506702408376, 1.457896268644314430 ) ) ;
#4566 = CARTESIAN_POINT ( 'NONE',  ( -12.24592973499347082, 2.825465713201675833, 0.9624730254232265469 ) ) ;
#4567 = CARTESIAN_POINT ( 'NONE',  ( 11.97457866180125130, -1.421675871735931684, -2.624164591027469573 ) ) ;
#4568 = CARTESIAN_POINT ( 'NONE',  ( -12.22512132306126631, -1.825604100625229709, -2.592280569215180019 ) ) ;
#4569 = CARTESIAN_POINT ( 'NONE',  ( -12.16600928040327645, 1.390669078663262503, -2.856353829012446166 ) ) ;
#4570 = CARTESIAN_POINT ( 'NONE',  ( -12.06984192862000960, 2.024579965179546193, -2.192816545337546330 ) ) ;
#4571 = CARTESIAN_POINT ( 'NONE',  ( -12.09927266486594100, 2.178343374549595257, 2.040692741945563160 ) ) ;
#4572 = CARTESIAN_POINT ( 'NONE',  ( 12.44585327508934647, 2.931004810721771658, -1.128354580001148966 ) ) ;
#4573 = CARTESIAN_POINT ( 'NONE',  ( -12.11526667616628394, 0.8620167796081510403, 3.064403387016870539 ) ) ;
#4574 = CARTESIAN_POINT ( 'NONE',  ( -11.88118726602852604, -0.04909898128216654695, -2.984500011251235652 ) ) ;
#4575 = CARTESIAN_POINT ( 'NONE',  ( 12.01490501466365046, 1.703001636570933952, 2.451407021213600768 ) ) ;
#4576 = CARTESIAN_POINT ( 'NONE',  ( 11.90894962818939717, -0.7754767387440553161, -2.882403783554605248 ) ) ;
#4577 = CARTESIAN_POINT ( 'NONE',  ( -12.00212537793779433, -1.619266364241629841, 2.507575565530913320 ) ) ;
#4578 = CARTESIAN_POINT ( 'NONE',  ( -12.48608104557699683, -3.091956075226928835, 0.5200522630154260639 ) ) ;
#4579 = CARTESIAN_POINT ( 'NONE',  ( -12.08899295105692850, -0.3584196805515714734, -3.166431360360277836 ) ) ;
#4580 = CARTESIAN_POINT ( 'NONE',  ( 12.27869123043936028, 2.143871489918076190, 2.324867240345954045 ) ) ;
#4581 = CARTESIAN_POINT ( 'NONE',  ( 12.19242247794584877, 2.607162856056361111, -1.453376513244172052 ) ) ;
#4582 = CARTESIAN_POINT ( 'NONE',  ( -11.88816661655172879, 0.3887034688264476290, 2.959182362133652155 ) ) ;
#4583 = CARTESIAN_POINT ( 'NONE',  ( -12.28707070298725590, -2.983050273229476801, 0.09623620728160131588 ) ) ;
#4584 = CARTESIAN_POINT ( 'NONE',  ( -11.97574671239370048, 1.430563472423777016, -2.619324655244364752 ) ) ;
#4585 = CARTESIAN_POINT ( 'NONE',  ( -2.856403312780321156E-15, 76.73799999999999955, 0.0000000000000000000 ) ) ;
#4586 = CARTESIAN_POINT ( 'NONE',  ( -12.05937990290314943, 1.967287672163655854, 2.244462722414084066 ) ) ;
#4587 = CARTESIAN_POINT ( 'NONE',  ( -12.15689896988379815, -2.452006982941479674, -1.701618500449163296 ) ) ;
#4588 = CARTESIAN_POINT ( 'NONE',  ( -12.39605764426377732, 2.719305178119550526, -1.583634308329047169 ) ) ;
#4589 = CARTESIAN_POINT ( 'NONE',  ( 12.03388671440878710, 1.820491489274140395, 2.365460484727744728 ) ) ;
#4590 = FACE_OUTER_BOUND ( 'NONE', #1003, .T. ) ;
#4591 = EDGE_CURVE ( 'NONE', #358, #3460, #3783, .T. ) ;
#4592 = DIRECTION ( 'NONE',  ( -0.0000000000000000000, 1.000000000000000000, -0.0000000000000000000 ) ) ;
#4593 = CARTESIAN_POINT ( 'NONE',  ( 11.95439691843166052, -1.258346365951471757, -2.706363072625064259 ) ) ;
#4594 = CARTESIAN_POINT ( 'NONE',  ( -12.32912477609636248, -2.407257640159344181, 2.040370136725657702 ) ) ;
#4595 = CYLINDRICAL_SURFACE ( 'NONE', #1750, 15.87500000000000000 ) ;
#4596 = CARTESIAN_POINT ( 'NONE',  ( -11.88118726654881030, 0.02454949064108330817, -2.984499994374381515 ) ) ;
#4597 = CARTESIAN_POINT ( 'NONE',  ( 12.46585229574882803, 3.012010439712818233, -0.8793079024772152419 ) ) ;
#4598 = CARTESIAN_POINT ( 'NONE',  ( -12.07961649027559226, -2.077056308232831938, 2.143698992197232478 ) ) ;
#4599 = ORIENTED_EDGE ( 'NONE', *, *, #3791, .T. ) ;
#4600 = CIRCLE ( 'NONE', #4234, 2.499999999999996891 ) ;
#4601 = DIRECTION ( 'NONE',  ( 1.000000000000000000, 0.0000000000000000000, 0.0000000000000000000 ) ) ;
#4602 = CARTESIAN_POINT ( 'NONE',  ( -12.06678885151407066, 2.007995872312716923, -2.207986570721048203 ) ) ;
#4603 = CARTESIAN_POINT ( 'NONE',  ( 12.28066855686035197, -2.959039767382790398, -0.3897761740399774966 ) ) ;
#4604 = CARTESIAN_POINT ( 'NONE',  ( 12.43220050089131590, 2.874410634566109124, 1.269243360289556755 ) ) ;
#4605 = EDGE_LOOP ( 'NONE', ( #4031, #3802, #1397, #2668 ) ) ;
#4606 = CARTESIAN_POINT ( 'NONE',  ( -11.91420403656156246, -0.8445382701755246302, -2.862621679521270224 ) ) ;
#4607 = CARTESIAN_POINT ( 'NONE',  ( -12.28548079105688373, 2.180912236884999800, -2.288516027176650258 ) ) ;
#4608 = CARTESIAN_POINT ( 'NONE',  ( 12.20892120999243424, 2.676269541286191433, 1.321819094014406781 ) ) ;
#4609 = CARTESIAN_POINT ( 'NONE',  ( 12.21655394682246332, 2.707624354681422485, 1.255629954895480793 ) ) ;
#4610 = ORIENTED_EDGE ( 'NONE', *, *, #1896, .F. ) ;
#4611 = CARTESIAN_POINT ( 'NONE',  ( 11.95155476214049095, 1.233595356032132662, 2.717729393897184043 ) ) ;
#4612 = CARTESIAN_POINT ( 'NONE',  ( 11.89967930089865433, -0.6334044331864912003, -2.916919086970833686 ) ) ;
#4613 = CARTESIAN_POINT ( 'NONE',  ( -12.33901482920034098, -2.455755778749115770, 1.979685485675924950 ) ) ;
#4614 = CARTESIAN_POINT ( 'NONE',  ( 12.13368690449042830, -1.083095296250720097, -2.990607901038242478 ) ) ;
#4615 = CARTESIAN_POINT ( 'NONE',  ( -11.88657422616990722, 0.3442928919511809016, -2.964982127231877040 ) ) ;
#4616 = CARTESIAN_POINT ( 'NONE',  ( 12.12103473117542052, 0.9361831207667558052, -3.041478157898980239 ) ) ;
#4617 = CARTESIAN_POINT ( 'NONE',  ( -11.98464383015775248, -1.496745915441454189, 2.582168968988226343 ) ) ;
#4618 = CARTESIAN_POINT ( 'NONE',  ( -12.10349748392804159, 2.199330877205856183, -2.017553728019266579 ) ) ;
#4619 = CARTESIAN_POINT ( 'NONE',  ( 12.46027997129472986, 2.989637667508654228, -0.9550240051970222410 ) ) ;
#4620 = CARTESIAN_POINT ( 'NONE',  ( -11.91994634970757083, -0.9150872064593428279, -2.840855037302647101 ) ) ;
#4621 = CARTESIAN_POINT ( 'NONE',  ( 12.17806428926511586, 2.545491168984681085, -1.558303011602294674 ) ) ;
#4622 = CARTESIAN_POINT ( 'NONE',  ( 12.23991520324910276, 2.801690664709906020, 1.028771768236713680 ) ) ;
#4623 = CARTESIAN_POINT ( 'NONE',  ( 0.0000000000000000000, 67.34000000000000341, 0.0000000000000000000 ) ) ;
#4624 = DIRECTION ( 'NONE',  ( 0.0000000000000000000, -1.000000000000000000, 0.0000000000000000000 ) ) ;
#4625 = AXIS2_PLACEMENT_3D ( 'NONE', #4197, #4561, #536 ) ;
#4626 = CARTESIAN_POINT ( 'NONE',  ( 11.96703932518996183, 1.362866282786263872, -2.655182194672639273 ) ) ;
#4627 = CARTESIAN_POINT ( 'NONE',  ( 12.09066229217402366, 0.4092127757029475621, -3.160056637885146014 ) ) ;
#4628 = CARTESIAN_POINT ( 'NONE',  ( -11.93026909443701378, 1.029907434187536497, 2.801272688227497198 ) ) ;
#4629 = CARTESIAN_POINT ( 'NONE',  ( -12.43209629651541981, 2.873974824194803546, 1.270262521096837904 ) ) ;
#4630 = APPLICATION_PROTOCOL_DEFINITION ( 'international standard', 'config_control_design', 1994, #989 ) ;
#4631 = CARTESIAN_POINT ( 'NONE',  ( -12.04796105445831600, 1.902679952183402134, -2.299365104379075486 ) ) ;
#4632 = CARTESIAN_POINT ( 'NONE',  ( -11.96203573122343400, 1.323111600748201333, 2.675635230784980223 ) ) ;
#4633 =( GEOMETRIC_REPRESENTATION_CONTEXT ( 3 ) GLOBAL_UNCERTAINTY_ASSIGNED_CONTEXT ( ( #2985 ) ) GLOBAL_UNIT_ASSIGNED_CONTEXT ( ( #3943, #4252, #2061 ) ) REPRESENTATION_CONTEXT ( 'NONE', 'WORKASPACE' ) );
#4634 = CARTESIAN_POINT ( 'NONE',  ( 0.0000000000000000000, -76.99200000000000443, 0.0000000000000000000 ) ) ;
#4635 = CARTESIAN_POINT ( 'NONE',  ( 12.24963860504760405, 2.839977558227873899, -0.9178076951116234117 ) ) ;
#4636 = CARTESIAN_POINT ( 'NONE',  ( -12.49025599225377547, 3.108223989693575273, 0.4177326525613266894 ) ) ;
#4637 = ADVANCED_FACE ( 'NONE', ( #1610 ), #4133, .F. ) ;
#4638 = CARTESIAN_POINT ( 'NONE',  ( -12.49550328850741110, -3.128530524405424895, 0.1819408469814957352 ) ) ;
#4639 = CARTESIAN_POINT ( 'NONE',  ( 12.04005097409755187, 1.856741241743229187, -2.336677695118536402 ) ) ;
#4640 = CARTESIAN_POINT ( 'NONE',  ( 12.22534260475455881, 1.825126806943644819, -2.590573302095978026 ) ) ;
#4641 = CARTESIAN_POINT ( 'NONE',  ( -11.88651179878214315, 0.3397040872517846921, 2.965206503584745690 ) ) ;
#4642 = CALENDAR_DATE ( 2019, 12, 12 ) ;
#4643 = PERSON_AND_ORGANIZATION_ROLE ( 'design_supplier' ) ;
#4644 = CARTESIAN_POINT ( 'NONE',  ( 12.08908556447597960, -0.3614854575597713504, -3.166077915437401025 ) ) ;
#4645 = VECTOR ( 'NONE', #3220, 1000.000000000000000 ) ;
#4646 = CARTESIAN_POINT ( 'NONE',  ( 12.00490294917044842, 1.637400422808132472, -2.495347182564053856 ) ) ;
#4647 = VERTEX_POINT ( 'NONE', #2784 ) ;
#4648 = CARTESIAN_POINT ( 'NONE',  ( 12.28746378586880894, 2.984518620977377523, 0.02224155326447515083 ) ) ;
#4649 = CARTESIAN_POINT ( 'NONE',  ( -2.856403312780321156E-15, 76.99200000000000443, 0.0000000000000000000 ) ) ;
#4650 = CIRCLE ( 'NONE', #3987, 12.49680000000000035 ) ;
#4651 = AXIS2_PLACEMENT_3D ( 'NONE', #1715, #2479, #2843 ) ;
#4652 = CARTESIAN_POINT ( 'NONE',  ( 0.0000000000000000000, -77.50000000000000000, 0.0000000000000000000 ) ) ;
#4653 = CARTESIAN_POINT ( 'NONE',  ( 12.17531862125451525, -2.533638487136788076, -1.578074275652338265 ) ) ;
#4654 = DIRECTION ( 'NONE',  ( 8.659560562354926695E-17, -0.7071067811865482389, 0.7071067811865469066 ) ) ;
#4655 = ORIENTED_EDGE ( 'NONE', *, *, #2877, .F. ) ;
#4656 = CARTESIAN_POINT ( 'NONE',  ( -2.856403312780321156E-15, 77.50000000000000000, 5.080000000000028493 ) ) ;
#4657 = CARTESIAN_POINT ( 'NONE',  ( 12.39440482859571269, 2.712126460256696348, -1.597110569663134250 ) ) ;
#4658 = CARTESIAN_POINT ( 'NONE',  ( 11.96163281840182258, 1.321798619976115585, -2.677593778844298278 ) ) ;
#4659 = VERTEX_POINT ( 'NONE', #3544 ) ;
#4660 = CARTESIAN_POINT ( 'NONE',  ( -12.11438431102775226, -2.253029793984777651, 1.957357271724445846 ) ) ;
#4661 = DIRECTION ( 'NONE',  ( 0.0000000000000000000, 0.0000000000000000000, -1.000000000000000000 ) ) ;
#4662 = CARTESIAN_POINT ( 'NONE',  ( 12.22560936789710695, -1.827273744542958767, -2.589495694190760311 ) ) ;
#4663 = CARTESIAN_POINT ( 'NONE',  ( -11.98435035308102314, 1.495031155449138449, 2.583501173393204287 ) ) ;
#4664 = CARTESIAN_POINT ( 'NONE',  ( -12.49680041165706612, 3.133535196203364404, -0.05199930112526261750 ) ) ;
#4665 = CARTESIAN_POINT ( 'NONE',  ( 12.11857844421596120, 2.273586829701714329, -1.934013668089751725 ) ) ;
#4666 = CARTESIAN_POINT ( 'NONE',  ( 11.96985189884168754, 1.385094324374271268, -2.643654800507897473 ) ) ;
#4667 = CARTESIAN_POINT ( 'NONE',  ( 11.91242707954910784, -0.8224684172110667824, -2.869350215571895735 ) ) ;
#4668 = CARTESIAN_POINT ( 'NONE',  ( 11.93249929624310468, 1.053831924203193049, -2.792681299439255138 ) ) ;
#4669 = CARTESIAN_POINT ( 'NONE',  ( -12.21905020272466480, -2.717821364247341442, 1.233404783596851795 ) ) ;
#4670 = DIRECTION ( 'NONE',  ( -0.0000000000000000000, -1.000000000000000000, -0.0000000000000000000 ) ) ;
#4671 = CARTESIAN_POINT ( 'NONE',  ( 12.12712475738182683, -1.010407993712278740, -3.017148841736580600 ) ) ;
#4672 = CARTESIAN_POINT ( 'NONE',  ( 12.22383898494877208, -2.737286059296861307, 1.189580854463676562 ) ) ;
#4673 = CARTESIAN_POINT ( 'NONE',  ( -12.04031993478903217, -1.858646168328472070, 2.335598524623934136 ) ) ;
#4674 = EDGE_CURVE ( 'NONE', #1291, #2425, #2190, .T. ) ;
#4675 = CARTESIAN_POINT ( 'NONE',  ( -12.28745839334777479, 2.984498484913297833, 0.04888161089563186623 ) ) ;
#4676 = CARTESIAN_POINT ( 'NONE',  ( 12.24365357496881934, 2.816469473254552547, -0.9875925582929611091 ) ) ;
#4677 = CARTESIAN_POINT ( 'NONE',  ( 12.20632006335068809, 1.697683028690437856, -2.678798984826674889 ) ) ;
#4678 = CARTESIAN_POINT ( 'NONE',  ( -12.31905168811098150, 2.361062827782715257, -2.105506139533833032 ) ) ;
#4679 = CARTESIAN_POINT ( 'NONE',  ( 12.49680041165706434, -3.133535196203364848, -0.05199930112526279791 ) ) ;
#4680 = CARTESIAN_POINT ( 'NONE',  ( -12.16331957401583530, -1.367152102738326880, 2.867716655492549727 ) ) ;
#4681 = AXIS2_PLACEMENT_3D ( 'NONE', #3343, #4091, #1529 ) ;
#4682 = CARTESIAN_POINT ( 'NONE',  ( 11.90376774581976882, 0.7008109788687116870, -2.901782455525344417 ) ) ;
#4683 = CARTESIAN_POINT ( 'NONE',  ( 11.88397455500116351, -0.2463608785727058326, -2.974416671930293798 ) ) ;
#4684 = CARTESIAN_POINT ( 'NONE',  ( 12.09235659723507794, 2.143247790658930896, -2.077516056706278480 ) ) ;
#4685 = CARTESIAN_POINT ( 'NONE',  ( -12.13871965718971069, -2.368902197269273646, 1.815526309834823104 ) ) ;
#4686 = CARTESIAN_POINT ( 'NONE',  ( -12.16933890264778739, 2.507461382680693518, -1.619336515495238604 ) ) ;
#4687 = CARTESIAN_POINT ( 'NONE',  ( 0.0000000000000000000, 77.24599999999999511, 0.0000000000000000000 ) ) ;
#4688 = CARTESIAN_POINT ( 'NONE',  ( 12.15036515152358021, -1.250846655600106327, -2.922115097711194487 ) ) ;
#4689 = CARTESIAN_POINT ( 'NONE',  ( 12.35764182530238386, 2.544691048074532613, -1.859883876259960322 ) ) ;
#4690 = CARTESIAN_POINT ( 'NONE',  ( -12.22534260475455525, -1.825126806943637048, -2.590573302095997121 ) ) ;
#4691 = CARTESIAN_POINT ( 'NONE',  ( -12.09379183642874089, -0.4885860309360971487, 3.148051029080152663 ) ) ;
#4692 = CARTESIAN_POINT ( 'NONE',  ( 12.49550546631409986, -3.128552553489404531, 0.2081789191037582143 ) ) ;
#4693 = CARTESIAN_POINT ( 'NONE',  ( -12.46943263744090835, 3.026321239820109810, -0.8281553991060194297 ) ) ;
#4694 = CARTESIAN_POINT ( 'NONE',  ( -11.94630774446314092, -1.187181994587712897, -2.738613115523382380 ) ) ;
#4695 = CARTESIAN_POINT ( 'NONE',  ( 3.372677284851802032E-16, 76.99200000000000443, -2.753999999999992454 ) ) ;
#4696 = CARTESIAN_POINT ( 'NONE',  ( 12.34518110987202988, -2.485665772890705227, -1.941206859298707288 ) ) ;
#4697 = CARTESIAN_POINT ( 'NONE',  ( -11.91993985023757041, 0.9159012914863582377, -2.840906499837949184 ) ) ;
#4698 = CARTESIAN_POINT ( 'NONE',  ( 12.06768183989499477, 2.012876814951575444, -2.203569818846689898 ) ) ;
#4699 = CARTESIAN_POINT ( 'NONE',  ( 12.08360682715020040, 0.0000000000000000000, -3.186919560774800431 ) ) ;
#4700 = CARTESIAN_POINT ( 'NONE',  ( 11.91798819370385054, 0.8916574299295844108, -2.848296415753481359 ) ) ;
#4701 = CARTESIAN_POINT ( 'NONE',  ( -12.27471280579072932, -2.936550243629147072, 0.5350566664346608770 ) ) ;
#4702 = CARTESIAN_POINT ( 'NONE',  ( -12.24568993797930716, -2.824487632686850880, -0.9644237202344440041 ) ) ;
#4703 = FACE_OUTER_BOUND ( 'NONE', #2140, .T. ) ;
#4704 = CARTESIAN_POINT ( 'NONE',  ( 12.28071539348431074, -2.959225557287810116, -0.3906969549875620729 ) ) ;
#4705 = CARTESIAN_POINT ( 'NONE',  ( 12.12301963804428695, -0.9616376206787372594, -3.033587031216560703 ) ) ;
#4706 = CARTESIAN_POINT ( 'NONE',  ( 12.24495210918813726, 1.948437229285458594, -2.496455339079620472 ) ) ;
#4707 = VERTEX_POINT ( 'NONE', #1705 ) ;
#4708 = CARTESIAN_POINT ( 'NONE',  ( -12.09473838401523516, 0.5107326193278345361, 3.144413338791083756 ) ) ;
#4709 = CIRCLE ( 'NONE', #623, 15.62099999999999866 ) ;
#4710 = CARTESIAN_POINT ( 'NONE',  ( -12.22858614217152429, -1.846014589643699244, -2.575218970175741973 ) ) ;
#4711 = PLANE ( 'NONE',  #2640 ) ;
#4712 = CARTESIAN_POINT ( 'NONE',  ( 12.16577617626360031, 1.390835816784124157, 2.857703915577464393 ) ) ;
#4713 = ORIENTED_EDGE ( 'NONE', *, *, #1896, .T. ) ;
#4714 = AXIS2_PLACEMENT_3D ( 'NONE', #1344, #1699, #3550 ) ;
#4715 = CARTESIAN_POINT ( 'NONE',  ( -12.36427948320463344, 2.575782776842961308, -1.815629516835580715 ) ) ;
#4716 = CARTESIAN_POINT ( 'NONE',  ( 12.40324217299558995, -2.750813256713116495, -1.526477289106620727 ) ) ;
#4717 = CARTESIAN_POINT ( 'NONE',  ( 12.05378621879699708, 1.936000829832760450, -2.271604843944654117 ) ) ;
#4718 = CARTESIAN_POINT ( 'NONE',  ( 12.08631216792941210, 0.2565326673913954636, -3.176648598454121064 ) ) ;
#4719 = CARTESIAN_POINT ( 'NONE',  ( 12.13152919469299995, 2.335399535616772049, -1.858901527944597065 ) ) ;
#4720 = CARTESIAN_POINT ( 'NONE',  ( -12.25003733732672728, -2.841537114821653276, 0.9129652196498126981 ) ) ;
#4721 = CARTESIAN_POINT ( 'NONE',  ( -12.09163356736246442, 0.4338886456830233773, 3.156330765027315799 ) ) ;
#4722 = CARTESIAN_POINT ( 'NONE',  ( 12.22413884619385094, -2.738502119187097961, 1.186770174256457810 ) ) ;
#4723 = APPROVAL ( #1755, 'UNSPECIFIED' ) ;
#4724 = CARTESIAN_POINT ( 'NONE',  ( 12.48599764075763119, -3.091624819991478201, -0.5201419165132056266 ) ) ;
#4725 = CARTESIAN_POINT ( 'NONE',  ( -11.97884144482852342, -1.453999501091319146, 2.606478493194073653 ) ) ;
#4726 = CARTESIAN_POINT ( 'NONE',  ( 12.08360715976053257, 0.002787689604891174788, 3.186918299640582486 ) ) ;
#4727 = CARTESIAN_POINT ( 'NONE',  ( -12.49224917221250131, 3.115942234726501781, -0.3382270126822772283 ) ) ;
#4728 = CARTESIAN_POINT ( 'NONE',  ( 12.11047123941849790, 0.8179565777593768017, 3.083553971340723621 ) ) ;
#4729 = CARTESIAN_POINT ( 'NONE',  ( -11.97142247519818881, -1.397346598655016425, -2.637194006886231623 ) ) ;
#4730 = CARTESIAN_POINT ( 'NONE',  ( -12.10241391011281742, 0.6650340355654958957, -3.114755066330959998 ) ) ;
#4731 = CARTESIAN_POINT ( 'NONE',  ( -12.23319639788807933, 2.774991107049213479, 1.099565720365138777 ) ) ;
#4732 = CARTESIAN_POINT ( 'NONE',  ( 12.12909028086603413, 2.323731661321459363, 1.872994384552856939 ) ) ;
#4733 = ADVANCED_FACE ( 'NONE', ( #1900 ), #3900, .T. ) ;
#4734 = CARTESIAN_POINT ( 'NONE',  ( 12.33869575723207745, -2.454360591028411420, -1.981978071756848925 ) ) ;
#4735 = CARTESIAN_POINT ( 'NONE',  ( -12.11204195613193946, -0.8170862740217438303, 3.077113083998038956 ) ) ;
#4736 = CARTESIAN_POINT ( 'NONE',  ( 12.18434277025631474, 2.572612017468550061, -1.513109877825447036 ) ) ;
#4737 = CARTESIAN_POINT ( 'NONE',  ( 12.18262641732613538, -2.565195919207238884, -1.525503692354717389 ) ) ;
#4738 = CARTESIAN_POINT ( 'NONE',  ( -12.28072431804489462, -2.959256417815228524, 0.3904180220036533311 ) ) ;
#4739 = CARTESIAN_POINT ( 'NONE',  ( -11.91798819370383278, -0.8916574299295855210, -2.848296415753481359 ) ) ;
#4740 = CARTESIAN_POINT ( 'NONE',  ( 12.10524063443130771, -2.207987454578888009, 2.008002944979750737 ) ) ;
#4741 = CARTESIAN_POINT ( 'NONE',  ( 12.49516764164065741, -3.127234927179321833, 0.2086028248482904024 ) ) ;
#4742 = CARTESIAN_POINT ( 'NONE',  ( 12.21890378384062714, 1.783045433962340498, -2.620808652634518676 ) ) ;
#4743 = EDGE_CURVE ( 'NONE', #637, #3125, #3329, .T. ) ;
#4744 = DIRECTION ( 'NONE',  ( 0.0000000000000000000, 0.0000000000000000000, -1.000000000000000000 ) ) ;
#4745 = CARTESIAN_POINT ( 'NONE',  ( 12.27822831474945176, 2.142161781314757096, -2.328233364630846403 ) ) ;
#4746 = CARTESIAN_POINT ( 'NONE',  ( -12.18847873086590283, 1.571262003112476657, -2.759263198878404211 ) ) ;
#4747 = CARTESIAN_POINT ( 'NONE',  ( 12.48250735304855041, -3.077969737782824566, -0.5980721577022788393 ) ) ;
#4748 = CARTESIAN_POINT ( 'NONE',  ( 12.06280917509517181, 1.986194484586844666, -2.227633087139471169 ) ) ;
#4749 = CARTESIAN_POINT ( 'NONE',  ( 12.20096111272226125, -2.643079605936154763, -1.386351235643294988 ) ) ;
#4750 = CARTESIAN_POINT ( 'NONE',  ( 11.96221733628050643, 1.324044410871307864, 2.674835235517436960 ) ) ;
#4751 = CARTESIAN_POINT ( 'NONE',  ( -12.16914649006597671, -2.506506959974441617, -1.620265116084290691 ) ) ;
#4752 = CARTESIAN_POINT ( 'NONE',  ( 12.23791019472830577, -2.793772405558898608, 1.050926170558761141 ) ) ;
#4753 = CARTESIAN_POINT ( 'NONE',  ( -12.38313420895399730, -2.662337396226001740, 1.683912241506754448 ) ) ;
#4754 = CARTESIAN_POINT ( 'NONE',  ( 12.48985600890510739, -3.106654075109280821, 0.4173598834199700458 ) ) ;
#4755 = CIRCLE ( 'NONE', #1656, 0.2540000000000007807 ) ;
#4756 = CARTESIAN_POINT ( 'NONE',  ( 3.061616997868379197E-16, -67.34000000000000341, 2.499999999999996891 ) ) ;
#4757 = CARTESIAN_POINT ( 'NONE',  ( 12.49147284686276294, 3.113173286943294205, -0.4190084252374750018 ) ) ;
#4758 = CARTESIAN_POINT ( 'NONE',  ( -12.08110921565079110, -2.084646553103172817, -2.135780308489028556 ) ) ;
#4759 = FACE_OUTER_BOUND ( 'NONE', #3402, .T. ) ;
#4760 = CARTESIAN_POINT ( 'NONE',  ( -12.08498096843698733, 0.1810548506244011868, -3.181705056282721600 ) ) ;
#4761 = CARTESIAN_POINT ( 'NONE',  ( 12.49647339990187156, -3.132275086438058853, 0.1043173098303586122 ) ) ;
ENDSEC;
END-ISO-10303-21;
