ISO-10303-21;
HEADER;
FILE_DESCRIPTION (( 'STEP AP203' ),
    '1' );
FILE_NAME ('TR50_M-Solidworks.STEP',
    '2019-12-12T17:26:39',
    ( '' ),
    ( '' ),
    'SwSTEP 2.0',
    'SolidWorks 2018',
    '' );
FILE_SCHEMA (( 'CONFIG_CONTROL_DESIGN' ));
ENDSEC;

DATA;
#1 = ORIENTED_EDGE ( 'NONE', *, *, #1062, .T. ) ;
#2 = CARTESIAN_POINT ( 'NONE',  ( -4.663263114393829223E-15, 42.92517997860449697, 0.0000000000000000000 ) ) ;
#3 = CARTESIAN_POINT ( 'NONE',  ( -1.427087658115187369E-15, 48.01361999999997465, 0.0000000000000000000 ) ) ;
#4 = CARTESIAN_POINT ( 'NONE',  ( -0.3421309511129094205, 41.41667976742344592, 6.119657711560182456 ) ) ;
#5 = AXIS2_PLACEMENT_3D ( 'NONE', #1219, #1109, #540 ) ;
#6 = DIRECTION ( 'NONE',  ( 0.0000000000000000000, 0.0000000000000000000, 1.000000000000000000 ) ) ;
#7 = SHAPE_DEFINITION_REPRESENTATION ( #914, #480 ) ;
#8 = LINE ( 'NONE', #1027, #735 ) ;
#9 = CARTESIAN_POINT ( 'NONE',  ( 0.4190450197651122699, 38.26487352167315237, 6.129919028990582497 ) ) ;
#10 = EDGE_LOOP ( 'NONE', ( #271, #657, #962, #964, #550 ) ) ;
#11 = DIRECTION ( 'NONE',  ( 0.0000000000000000000, -0.0000000000000000000, -1.000000000000000000 ) ) ;
#12 = ORIENTED_EDGE ( 'NONE', *, *, #1062, .F. ) ;
#13 = AXIS2_PLACEMENT_3D ( 'NONE', #1222, #837, #368 ) ;
#14 = VERTEX_POINT ( 'NONE', #295 ) ;
#15 = CARTESIAN_POINT ( 'NONE',  ( -0.3421309511136905734, 38.28852023257665849, -6.119657711559951530 ) ) ;
#16 = PERSON_AND_ORGANIZATION_ROLE ( 'creator' ) ;
#17 = CARTESIAN_POINT ( 'NONE',  ( -1.427087658115175142E-15, 50.01259999999996353, 0.0000000000000000000 ) ) ;
#18 = CARTESIAN_POINT ( 'NONE',  ( -6.820982707898661073E-16, 3.469446951953614189E-15, -5.829299999999999926 ) ) ;
#19 = EDGE_CURVE ( 'NONE', #1147, #1106, #106, .T. ) ;
#20 = B_SPLINE_CURVE_WITH_KNOTS ( 'NONE', 3,
 ( #36, #1074, #130, #223, #588, #1171, #418, #326, #991, #1069, #500, #873, #792, #707 ),
 .UNSPECIFIED., .F., .F.,
 ( 4, 2, 2, 2, 2, 2, 4 ),
 ( 0.7499942236947452212, 0.8124956677710588604, 0.8749971118473724996, 0.8906224728664509094, 0.9062478338855293192, 0.9374985559236862498, 1.000000000000000000 ),
 .UNSPECIFIED. ) ;
#21 = CARTESIAN_POINT ( 'NONE',  ( 1.591645120231907740, 38.94795031801948682, 6.142094159009352516 ) ) ;
#22 = FACE_OUTER_BOUND ( 'NONE', #148, .T. ) ;
#23 = FACE_OUTER_BOUND ( 'NONE', #354, .T. ) ;
#24 = LINE ( 'NONE', #463, #315 ) ;
#25 = ORIENTED_EDGE ( 'NONE', *, *, #1029, .F. ) ;
#26 = CARTESIAN_POINT ( 'NONE',  ( 1.723774077266474972E-10, 38.12455260206277785, -6.337299914638308884 ) ) ;
#27 = ORIENTED_EDGE ( 'NONE', *, *, #810, .T. ) ;
#28 = AXIS2_PLACEMENT_3D ( 'NONE', #237, #611, #805 ) ;
#29 = VERTEX_POINT ( 'NONE', #591 ) ;
#30 = CARTESIAN_POINT ( 'NONE',  ( -0.7911732410580880615, 41.41170955086750638, 6.288612846185579031 ) ) ;
#31 = PRODUCT ( 'TR50_M-Solidworks', 'TR50_M-Solidworks', '', ( #655 ) ) ;
#32 = CARTESIAN_POINT ( 'NONE',  ( 0.3432944118721735216, 38.28879571424777595, 6.119594061745694979 ) ) ;
#33 = DIRECTION ( 'NONE',  ( 0.0000000000000000000, 0.5150380749100552658, 0.8571673007021116675 ) ) ;
#34 = EDGE_CURVE ( 'NONE', #1217, #685, #214, .T. ) ;
#35 = PERSON_AND_ORGANIZATION ( #424, #1011 ) ;
#36 = CARTESIAN_POINT ( 'NONE',  ( -1.587499993070370818, 39.85259992880073554, 5.881243687587552671 ) ) ;
#37 = LINE ( 'NONE', #972, #933 ) ;
#38 = CARTESIAN_POINT ( 'NONE',  ( 1.029988656780082890, 38.64304617587860946, 6.026701273820131988 ) ) ;
#39 = CARTESIAN_POINT ( 'NONE',  ( 0.001155691249388866686, 41.44009957933149479, 6.129859402813377045 ) ) ;
#40 = CIRCLE ( 'NONE', #843, 3.008000000000003560 ) ;
#41 = CARTESIAN_POINT ( 'NONE',  ( -1.427087658115175142E-15, 47.59938391803525093, 0.0000000000000000000 ) ) ;
#42 = VERTEX_POINT ( 'NONE', #18 ) ;
#43 = CARTESIAN_POINT ( 'NONE',  ( -1.438933169662171885, 38.80039130502888867, 6.174355272641832038 ) ) ;
#44 = EDGE_LOOP ( 'NONE', ( #1052, #281, #832 ) ) ;
#45 = CARTESIAN_POINT ( 'NONE',  ( 0.7366519199231947868, 38.44157252902446942, 6.076027162632970935 ) ) ;
#46 = DIRECTION ( 'NONE',  ( 0.0000000000000000000, 0.0000000000000000000, 1.000000000000000000 ) ) ;
#47 = AXIS2_PLACEMENT_3D ( 'NONE', #88, #1211, #744 ) ;
#48 = CARTESIAN_POINT ( 'NONE',  ( -1.175338835981442731, 41.15958603958083017, 6.228003947031330867 ) ) ;
#49 = DIRECTION ( 'NONE',  ( 2.934779454923607926E-17, -0.9708610954996428344, 0.2396429286359885169 ) ) ;
#50 = CARTESIAN_POINT ( 'NONE',  ( -2.927345865710861972E-15, 10.54099999999999149, -2.499999999999997335 ) ) ;
#51 = CARTESIAN_POINT ( 'NONE',  ( 0.1596638977576134710, 38.26521581379964232, -6.129828465018181127 ) ) ;
#52 = CARTESIAN_POINT ( 'NONE',  ( -1.743704891827298598, 40.30939747861306444, 6.093351951180714821 ) ) ;
#53 = DIRECTION ( 'NONE',  ( 0.0000000000000000000, 1.000000000000000000, 0.0000000000000000000 ) ) ;
#54 = AXIS2_PLACEMENT_3D ( 'NONE', #299, #192, #672 ) ;
#55 = VECTOR ( 'NONE', #1021, 1000.000000000000000 ) ;
#56 = CONICAL_SURFACE ( 'NONE', #1033, 6.337299999999993716, 0.2419980460221291263 ) ;
#57 = VERTEX_POINT ( 'NONE', #796 ) ;
#58 = ORIENTED_EDGE ( 'NONE', *, *, #1186, .T. ) ;
#59 = CARTESIAN_POINT ( 'NONE',  ( 1.569790603085676084, 40.71693490331534804, 6.140455915690477440 ) ) ;
#60 = CARTESIAN_POINT ( 'NONE',  ( -1.567784026825121875E-15, 38.26509999999996836, 6.129859531901824532 ) ) ;
#61 = VERTEX_POINT ( 'NONE', #411 ) ;
#62 = ADVANCED_FACE ( 'NONE', ( #1122 ), #256, .T. ) ;
#63 = EDGE_CURVE ( 'NONE', #804, #216, #581, .T. ) ;
#64 = DIRECTION ( 'NONE',  ( 0.0000000000000000000, 0.0000000000000000000, 1.000000000000000000 ) ) ;
#65 = ADVANCED_FACE ( 'NONE', ( #857 ), #576, .T. ) ;
#66 = CARTESIAN_POINT ( 'NONE',  ( -5.421010862427522170E-16, 41.44009999999997973, -6.129859531901811209 ) ) ;
#67 = CARTESIAN_POINT ( 'NONE',  ( -1.427087658115162915E-15, 45.99939999999996587, 0.0000000000000000000 ) ) ;
#68 = AXIS2_PLACEMENT_3D ( 'NONE', #994, #241, #1085 ) ;
#69 = VECTOR ( 'NONE', #1075, 1000.000000000000000 ) ;
#70 = CARTESIAN_POINT ( 'NONE',  ( 1.723774077266474972E-10, 38.12455260206277785, -6.337299914638308884 ) ) ;
#71 = CARTESIAN_POINT ( 'NONE',  ( -1.427036060220537195, 40.57842169737969584, -5.933448583327506576 ) ) ;
#72 = LINE ( 'NONE', #937, #785 ) ;
#73 = DIRECTION ( 'NONE',  ( 0.0000000000000000000, 1.000000000000000000, 0.0000000000000000000 ) ) ;
#74 = ORIENTED_EDGE ( 'NONE', *, *, #662, .T. ) ;
#75 = DIRECTION ( 'NONE',  ( 0.0000000000000000000, 0.0000000000000000000, 1.000000000000000000 ) ) ;
#76 = CARTESIAN_POINT ( 'NONE',  ( -2.694173115153207029E-15, 50.01259999999996353, -1.903999999999989035 ) ) ;
#77 = CARTESIAN_POINT ( 'NONE',  ( 0.8310940050013303493, 38.43772597835203442, -6.072646051007503765 ) ) ;
#78 = CARTESIAN_POINT ( 'NONE',  ( 0.7900459242130993820, 41.41245568352526618, -6.288753736215030088 ) ) ;
#79 = DIRECTION ( 'NONE',  ( 0.0000000000000000000, 1.000000000000000000, 0.0000000000000000000 ) ) ;
#80 = DIRECTION ( 'NONE',  ( 0.0000000000000000000, 0.0000000000000000000, -1.000000000000000000 ) ) ;
#81 = EDGE_CURVE ( 'NONE', #253, #413, #456, .T. ) ;
#82 = FACE_BOUND ( 'NONE', #364, .T. ) ;
#83 = CARTESIAN_POINT ( 'NONE',  ( 1.786263249130351394, 39.61593049151381507, -6.080348260572054464 ) ) ;
#84 = ADVANCED_FACE ( 'NONE', ( #610 ), #746, .T. ) ;
#85 = CYLINDRICAL_SURFACE ( 'NONE', #191, 1.587499999999999245 ) ;
#86 = ORIENTED_EDGE ( 'NONE', *, *, #774, .F. ) ;
#87 = VERTEX_POINT ( 'NONE', #132 ) ;
#88 = CARTESIAN_POINT ( 'NONE',  ( -2.927345865710861972E-15, 50.01259999999996353, 0.0000000000000000000 ) ) ;
#89 = ORIENTED_EDGE ( 'NONE', *, *, #513, .F. ) ;
#90 = ORIENTED_EDGE ( 'NONE', *, *, #144, .T. ) ;
#91 = DIRECTION ( 'NONE',  ( 0.0000000000000000000, 0.0000000000000000000, -1.000000000000000000 ) ) ;
#92 = CARTESIAN_POINT ( 'NONE',  ( 0.8909081874054283201, 41.35974239907798733, -6.275123121970678675 ) ) ;
#93 = EDGE_CURVE ( 'NONE', #845, #723, #303, .T. ) ;
#94 = DIRECTION ( 'NONE',  ( 0.0000000000000000000, 0.0000000000000000000, 1.000000000000000000 ) ) ;
#95 = DIRECTION ( 'NONE',  ( 0.0000000000000000000, 0.0000000000000000000, 1.000000000000000000 ) ) ;
#96 = APPROVAL_DATE_TIME ( #492, #1190 ) ;
#97 = LINE ( 'NONE', #695, #1158 ) ;
#98 = EDGE_CURVE ( 'NONE', #246, #701, #572, .T. ) ;
#99 = FACE_OUTER_BOUND ( 'NONE', #440, .T. ) ;
#100 = CARTESIAN_POINT ( 'NONE',  ( -1.322254944200837556, 40.73308558587890360, 5.959795615499500876 ) ) ;
#101 = ORIENTED_EDGE ( 'NONE', *, *, #1121, .F. ) ;
#102 = CARTESIAN_POINT ( 'NONE',  ( 0.8310940050013323477, 41.26747402164791367, 6.072646051007517976 ) ) ;
#103 = CARTESIAN_POINT ( 'NONE',  ( 0.001155691249388866686, 41.44009957933149479, 6.129859402813377045 ) ) ;
#104 = CARTESIAN_POINT ( 'NONE',  ( -1.414652206247663635, 40.68304274611038807, 5.940970328284099544 ) ) ;
#105 = CARTESIAN_POINT ( 'NONE',  ( -1.414515604229842571, 40.58275674550520051, 5.936248890527809685 ) ) ;
#106 = B_SPLINE_CURVE_WITH_KNOTS ( 'NONE', 3,
 ( #864, #1056, #1060, #486, #673, #1160, #948, #1149, #112, #771, #207, #859, #1082, #682 ),
 .UNSPECIFIED., .F., .F.,
 ( 4, 2, 2, 2, 2, 2, 4 ),
 ( 0.0000000000000000000, 0.06253051783912379202, 0.09379577675868534803, 0.1094284062184661399, 0.1250610356782469179, 0.1875915535173701132, 0.2501220713564933362 ),
 .UNSPECIFIED. ) ;
#107 = CC_DESIGN_APPROVAL ( #452, ( #961 ) ) ;
#108 = CARTESIAN_POINT ( 'NONE',  ( 0.4726227472108047722, 41.58055812540366958, 6.337259032821789262 ) ) ;
#109 = CIRCLE ( 'NONE', #28, 5.942367260738118162 ) ;
#110 = FACE_OUTER_BOUND ( 'NONE', #1227, .T. ) ;
#111 = CARTESIAN_POINT ( 'NONE',  ( -0.4700215835016901544, 41.58073738763933846, 6.337340700264349813 ) ) ;
#112 = CARTESIAN_POINT ( 'NONE',  ( 1.076065157111903758, 41.02159687354000539, -6.017314450499823941 ) ) ;
#113 = ORIENTED_EDGE ( 'NONE', *, *, #976, .F. ) ;
#114 = AXIS2_PLACEMENT_3D ( 'NONE', #17, #956, #118 ) ;
#115 = B_SPLINE_CURVE_WITH_KNOTS ( 'NONE', 3,
 ( #433, #737, #635, #71, #1204, #533, #625, #1215, #734, #263, #169, #1018, #257, #273 ),
 .UNSPECIFIED., .F., .F.,
 ( 4, 2, 2, 2, 2, 2, 4 ),
 ( 0.7499942236947426677, 0.8124956677710580832, 0.8749971118473734988, 0.8906224728664520196, 0.9062478338855306514, 0.9374985559236868049, 1.000000000000000000 ),
 .UNSPECIFIED. ) ;
#116 = ORIENTED_EDGE ( 'NONE', *, *, #392, .F. ) ;
#117 = VERTEX_POINT ( 'NONE', #50 ) ;
#118 = DIRECTION ( 'NONE',  ( 0.0000000000000000000, 0.0000000000000000000, 1.000000000000000000 ) ) ;
#119 = CARTESIAN_POINT ( 'NONE',  ( 1.587499999259169625, 40.00575754213694779, 5.881273248478554372 ) ) ;
#120 = EDGE_CURVE ( 'NONE', #804, #61, #777, .T. ) ;
#121 = CARTESIAN_POINT ( 'NONE',  ( 1.414641372052225288, 40.58250419274658327, 5.936216096511069296 ) ) ;
#122 = CARTESIAN_POINT ( 'NONE',  ( -1.029992063861229212E-15, 38.12455178556636071, 6.337299999999998157 ) ) ;
#123 = FACE_OUTER_BOUND ( 'NONE', #177, .T. ) ;
#124 = ORIENTED_EDGE ( 'NONE', *, *, #1186, .F. ) ;
#125 = CARTESIAN_POINT ( 'NONE',  ( -0.4916828617833048920, 38.12480882354132206, 6.337299999999998157 ) ) ;
#126 = ORIENTED_EDGE ( 'NONE', *, *, #260, .T. ) ;
#127 = CARTESIAN_POINT ( 'NONE',  ( 3.847643254597555917E-08, 41.58064751986442786, 6.337299914641070231 ) ) ;
#128 = EDGE_CURVE ( 'NONE', #14, #685, #279, .T. ) ;
#129 = VERTEX_POINT ( 'NONE', #629 ) ;
#130 = CARTESIAN_POINT ( 'NONE',  ( -1.565685628878346725, 39.51811896155272308, 5.891651236165881045 ) ) ;
#131 = CARTESIAN_POINT ( 'NONE',  ( 1.461334153244938427, 40.48144829473876882, 5.923140743299581068 ) ) ;
#132 = CARTESIAN_POINT ( 'NONE',  ( -1.567784026825121875E-15, 38.26509999999996836, 6.129859531901824532 ) ) ;
#133 = AXIS2_PLACEMENT_3D ( 'NONE', #742, #1032, #285 ) ;
#134 = DIRECTION ( 'NONE',  ( 1.000000000000000000, 0.0000000000000000000, 0.0000000000000000000 ) ) ;
#135 = PERSON_AND_ORGANIZATION ( #424, #1011 ) ;
#136 = DIRECTION ( 'NONE',  ( 0.0000000000000000000, -0.6827761641842022833, -0.7306276135090346013 ) ) ;
#137 = LINE ( 'NONE', #896, #69 ) ;
#138 = CARTESIAN_POINT ( 'NONE',  ( 1.587403197729752247, 40.27062078923179911, 5.881251760774483195 ) ) ;
#139 = LINE ( 'NONE', #367, #1120 ) ;
#140 = CARTESIAN_POINT ( 'NONE',  ( 1.211356456964798101, 38.82467097393712407, -5.986543756451594867 ) ) ;
#141 = VECTOR ( 'NONE', #33, 1000.000000000000114 ) ;
#142 = CARTESIAN_POINT ( 'NONE',  ( -0.1217125629172950280, 41.57729876636417288, 6.336203215442457903 ) ) ;
#143 = ADVANCED_FACE ( 'NONE', ( #1086 ), #348, .F. ) ;
#144 = EDGE_CURVE ( 'NONE', #685, #802, #24, .T. ) ;
#145 = ORIENTED_EDGE ( 'NONE', *, *, #370, .T. ) ;
#146 = DIRECTION ( 'NONE',  ( 0.0000000000000000000, -1.000000000000000000, 0.0000000000000000000 ) ) ;
#147 = CARTESIAN_POINT ( 'NONE',  ( -1.786388673717130171, 40.09034081459046917, -6.080311407908360444 ) ) ;
#148 = EDGE_LOOP ( 'NONE', ( #997, #522 ) ) ;
#149 = CARTESIAN_POINT ( 'NONE',  ( -2.927345865710861972E-15, 10.54099999999999149, 0.0000000000000000000 ) ) ;
#150 = PLANE ( 'NONE',  #1176 ) ;
#151 = CARTESIAN_POINT ( 'NONE',  ( -2.927345865710861972E-15, 49.75859999999997285, 1.649999999999998579 ) ) ;
#152 = DIRECTION ( 'NONE',  ( 0.0000000000000000000, 1.000000000000000000, 0.0000000000000000000 ) ) ;
#153 = CARTESIAN_POINT ( 'NONE',  ( 1.786297239884799826, 40.08898062193691203, 6.080338273303966368 ) ) ;
#154 = DIRECTION ( 'NONE',  ( 0.0000000000000000000, 0.0000000000000000000, -1.000000000000000000 ) ) ;
#155 = CARTESIAN_POINT ( 'NONE',  ( -1.587625375680701723, 40.27127790933043627, -5.881216762243279383 ) ) ;
#156 = AXIS2_PLACEMENT_3D ( 'NONE', #1081, #53, #982 ) ;
#157 = CARTESIAN_POINT ( 'NONE',  ( -1.570437345376031635, 38.98871940872982833, -6.140289999294854972 ) ) ;
#158 = CARTESIAN_POINT ( 'NONE',  ( 0.4199712007541505643, 38.26518276191710299, -6.129819905643886457 ) ) ;
#159 = CONICAL_SURFACE ( 'NONE', #1115, 5.942367260738118162, 0.8192407074126367705 ) ;
#160 = CARTESIAN_POINT ( 'NONE',  ( -1.786385968072117691, 39.39694739223223507, -6.080298577049962461 ) ) ;
#161 = ADVANCED_FACE ( 'NONE', ( #99 ), #538, .F. ) ;
#162 = VERTEX_POINT ( 'NONE', #822 ) ;
#163 = VERTEX_POINT ( 'NONE', #824 ) ;
#164 = CARTESIAN_POINT ( 'NONE',  ( 1.723774077266474972E-10, 38.12455260206277785, -6.337299914638308884 ) ) ;
#165 = ADVANCED_FACE ( 'NONE', ( #1084 ), #56, .T. ) ;
#166 = CARTESIAN_POINT ( 'NONE',  ( -6.776263578034402713E-16, 41.58064821443359449, -6.337299999999999045 ) ) ;
#167 = CARTESIAN_POINT ( 'NONE',  ( -5.421010862427522170E-16, 41.44009999999997973, -6.129859531901811209 ) ) ;
#168 = DIRECTION ( 'NONE',  ( 0.0000000000000000000, -1.000000000000000000, 0.0000000000000000000 ) ) ;
#169 = CARTESIAN_POINT ( 'NONE',  ( -0.6363942138437843621, 41.31067289298187006, -6.088799090638265632 ) ) ;
#170 = APPROVAL_PERSON_ORGANIZATION ( #437, #446, #385 ) ;
#171 = FACE_OUTER_BOUND ( 'NONE', #1150, .T. ) ;
#172 = CARTESIAN_POINT ( 'NONE',  ( 1.743835687889282893, 39.39505885528350149, 6.093316239905219867 ) ) ;
#173 = CARTESIAN_POINT ( 'NONE',  ( -0.8300658903489085416, 38.43763283546780940, -6.072782233622224801 ) ) ;
#174 = CIRCLE ( 'NONE', #1220, 6.337299999999993716 ) ;
#175 = ORIENTED_EDGE ( 'NONE', *, *, #1041, .F. ) ;
#176 = CARTESIAN_POINT ( 'NONE',  ( 0.2454775208101162565, 41.58090609828781936, -6.337299999999998157 ) ) ;
#177 = EDGE_LOOP ( 'NONE', ( #936, #643, #627 ) ) ;
#178 = CARTESIAN_POINT ( 'NONE',  ( -2.927345865710861972E-15, 43.91659999999997410, 0.0000000000000000000 ) ) ;
#179 = ORIENTED_EDGE ( 'NONE', *, *, #120, .T. ) ;
#180 = PLANE ( 'NONE',  #830 ) ;
#181 = AXIS2_PLACEMENT_3D ( 'NONE', #395, #1159, #485 ) ;
#182 = CARTESIAN_POINT ( 'NONE',  ( -2.621184165924024101E-15, 0.0000000000000000000, 2.499999999999997780 ) ) ;
#183 = CARTESIAN_POINT ( 'NONE',  ( -1.427087658115162915E-15, 47.59938391803525093, -5.942367260738118162 ) ) ;
#184 = EDGE_CURVE ( 'NONE', #1153, #701, #278, .T. ) ;
#185 = VECTOR ( 'NONE', #557, 1000.000000000000000 ) ;
#186 = ORIENTED_EDGE ( 'NONE', *, *, #827, .F. ) ;
#187 = ORIENTED_EDGE ( 'NONE', *, *, #404, .T. ) ;
#188 = APPROVAL_STATUS ( 'not_yet_approved' ) ;
#189 = ORIENTED_EDGE ( 'NONE', *, *, #649, .F. ) ;
#190 = CARTESIAN_POINT ( 'NONE',  ( -2.927345865710861972E-15, 0.0000000000000000000, 0.0000000000000000000 ) ) ;
#191 = AXIS2_PLACEMENT_3D ( 'NONE', #339, #706, #134 ) ;
#192 = DIRECTION ( 'NONE',  ( 0.0000000000000000000, -1.000000000000000000, 0.0000000000000000000 ) ) ;
#193 = DIRECTION ( 'NONE',  ( 0.0000000000000000000, 0.0000000000000000000, 1.000000000000000000 ) ) ;
#194 =( NAMED_UNIT ( * ) PLANE_ANGLE_UNIT ( ) SI_UNIT ( $, .RADIAN. ) );
#195 = PERSON_AND_ORGANIZATION ( #424, #1011 ) ;
#196 = CYLINDRICAL_SURFACE ( 'NONE', #13, 2.499999999999997780 ) ;
#197 = EDGE_CURVE ( 'NONE', #1217, #14, #549, .T. ) ;
#198 = VECTOR ( 'NONE', #79, 1000.000000000000000 ) ;
#199 = DIRECTION ( 'NONE',  ( 1.000000000000000000, 0.0000000000000000000, 0.0000000000000000000 ) ) ;
#200 = B_SPLINE_CURVE_WITH_KNOTS ( 'NONE', 3,
 ( #417, #697, #888, #1067, #496, #335, #690, #140, #517, #1077, #717, #614, #51, #321 ),
 .UNSPECIFIED., .F., .F.,
 ( 4, 2, 2, 2, 2, 2, 4 ),
 ( 0.2501220713564932252, 0.3125915535173726667, 0.3438262945978114438, 0.3594436651380307768, 0.3750610356782501098, 0.4375305178391251104, 0.5000000000000000000 ),
 .UNSPECIFIED. ) ;
#201 = VERTEX_POINT ( 'NONE', #76 ) ;
#202 = VERTEX_POINT ( 'NONE', #272 ) ;
#203 = CARTESIAN_POINT ( 'NONE',  ( 0.9336065025488708979, 38.31218377855375934, 6.278396547949163242 ) ) ;
#204 = EDGE_LOOP ( 'NONE', ( #116, #911, #924, #567 ) ) ;
#205 = ORIENTED_EDGE ( 'NONE', *, *, #464, .F. ) ;
#206 = CARTESIAN_POINT ( 'NONE',  ( -1.587500003436661311, 39.69940309159959924, -5.881271619816018870 ) ) ;
#207 = CARTESIAN_POINT ( 'NONE',  ( 1.426707938520210384, 40.57912136613035159, -5.933534503113397029 ) ) ;
#208 = EDGE_CURVE ( 'NONE', #553, #162, #468, .T. ) ;
#209 = B_SPLINE_CURVE_WITH_KNOTS ( 'NONE', 3,
 ( #986, #125, #1078, #43, #597, #317, #869, #980, #52, #602, #692, #48, #968, #700, #30, #795, #311, #507, #235, #142, #331, #809, #265 ),
 .UNSPECIFIED., .F., .F.,
 ( 4, 2, 2, 2, 2, 2, 2, 2, 2, 1, 2, 4 ),
 ( 0.0000000000000000000, 0.1249847419833376161, 0.1874771129750064103, 0.2499694839666752322, 0.3124618549583440541, 0.3749542259500128205, 0.4062004114458466764, 0.4374465969416804212, 0.4686927824375142215, 0.4843158751854311772, 0.4921274215593895440, 0.4999389679333480219 ),
 .UNSPECIFIED. ) ;
#210 = CARTESIAN_POINT ( 'NONE',  ( -0.4715805708749490344, 38.12479831462887603, 6.337238489562708743 ) ) ;
#211 = DATE_AND_TIME ( #637, #287 ) ;
#212 = CIRCLE ( 'NONE', #998, 3.008000000000003560 ) ;
#213 = DIRECTION ( 'NONE',  ( 0.0000000000000000000, 0.0000000000000000000, -1.000000000000000000 ) ) ;
#214 = LINE ( 'NONE', #232, #141 ) ;
#215 = AXIS2_PLACEMENT_3D ( 'NONE', #593, #1088, #781 ) ;
#216 = VERTEX_POINT ( 'NONE', #1039 ) ;
#217 = CARTESIAN_POINT ( 'NONE',  ( -6.509922420915117937E-16, 45.99939999999996587, 6.337299999999993716 ) ) ;
#218 = CARTESIAN_POINT ( 'NONE',  ( -1.517883041479706208E-15, 38.26509999999996836, 6.129859531901825420 ) ) ;
#219 = DIRECTION ( 'NONE',  ( 0.0000000000000000000, 1.000000000000000000, 0.0000000000000000000 ) ) ;
#220 = CARTESIAN_POINT ( 'NONE',  ( 1.591645120231907740, 38.94795031801948682, 6.142094159009352516 ) ) ;
#221 = EDGE_CURVE ( 'NONE', #253, #390, #1049, .T. ) ;
#222 = DESIGN_CONTEXT ( 'detailed design', #296, 'design' ) ;
#223 = CARTESIAN_POINT ( 'NONE',  ( -1.427036060217780955, 39.12677830261483791, 5.933448583327739279 ) ) ;
#224 = COORDINATED_UNIVERSAL_TIME_OFFSET ( 0, 0, .AHEAD. ) ;
#225 = DIRECTION ( 'NONE',  ( 0.0000000000000000000, 0.0000000000000000000, -1.000000000000000000 ) ) ;
#226 = CIRCLE ( 'NONE', #396, 1.649999999999998579 ) ;
#227 = CARTESIAN_POINT ( 'NONE',  ( -6.776263578034402713E-16, 41.58064821443359449, -6.337299999999999045 ) ) ;
#228 = CONICAL_SURFACE ( 'NONE', #133, 5.942367260738118162, 0.8192407074126367705 ) ;
#229 = DIRECTION ( 'NONE',  ( 0.0000000000000000000, 1.000000000000000000, 0.0000000000000000000 ) ) ;
#230 = ORIENTED_EDGE ( 'NONE', *, *, #1121, .T. ) ;
#231 = CARTESIAN_POINT ( 'NONE',  ( 1.322455650516701997, 40.73278226830817061, 5.959747338201037969 ) ) ;
#232 = CARTESIAN_POINT ( 'NONE',  ( -2.927345865710861972E-15, 43.91659999999997410, 1.649999999999997913 ) ) ;
#233 = PRODUCT_RELATED_PRODUCT_CATEGORY ( 'detail', '', ( #31 ) ) ;
#234 = ORIENTED_EDGE ( 'NONE', *, *, #752, .T. ) ;
#235 = CARTESIAN_POINT ( 'NONE',  ( -0.2115840946915846787, 41.57133083599426726, 6.334256667741592572 ) ) ;
#236 = VERTEX_POINT ( 'NONE', #564 ) ;
#237 = CARTESIAN_POINT ( 'NONE',  ( -1.427087658115175142E-15, 47.59938391803525093, 0.0000000000000000000 ) ) ;
#238 = DIRECTION ( 'NONE',  ( 0.0000000000000000000, -1.000000000000000000, 0.0000000000000000000 ) ) ;
#239 = DIRECTION ( 'NONE',  ( 0.0000000000000000000, 1.000000000000000000, 0.0000000000000000000 ) ) ;
#240 = DIRECTION ( 'NONE',  ( 0.0000000000000000000, 0.0000000000000000000, -1.000000000000000000 ) ) ;
#241 = DIRECTION ( 'NONE',  ( 0.0000000000000000000, -1.000000000000000000, 0.0000000000000000000 ) ) ;
#242 = CARTESIAN_POINT ( 'NONE',  ( -0.9351572794214085826, 41.39192245072194964, -6.278072950786817152 ) ) ;
#243 = DATE_AND_TIME ( #756, #409 ) ;
#244 = VECTOR ( 'NONE', #912, 1000.000000000000227 ) ;
#245 = DIRECTION ( 'NONE',  ( 0.0000000000000000000, -1.000000000000000000, 0.0000000000000000000 ) ) ;
#246 = VERTEX_POINT ( 'NONE', #644 ) ;
#247 = ORIENTED_EDGE ( 'NONE', *, *, #98, .T. ) ;
#248 = DIRECTION ( 'NONE',  ( 0.0000000000000000000, 0.0000000000000000000, 1.000000000000000000 ) ) ;
#249 = EDGE_CURVE ( 'NONE', #236, #117, #1064, .T. ) ;
#250 = CARTESIAN_POINT ( 'NONE',  ( -1.427087658115175142E-15, 50.01259999999996353, 0.0000000000000000000 ) ) ;
#251 = B_SPLINE_SURFACE_WITH_KNOTS ( 'NONE', 1, 3, ( 
 ( #227, #1073, #1175, #325, #412, #506, #510, #1182, #893, #1092, #1009, #814, #808, #722, #1007, #1013, #632, #166 ),
 ( #66, #439, #904, #545, #1001, #727, #436, #173, #267, #158, #77, #1114, #429, #1110, #355, #638, #1100, #541 ) ),
 .UNSPECIFIED., .F., .T., .F.,
 ( 2, 2 ),
 ( 4, 2, 2, 2, 2, 2, 2, 2, 4 ),
 ( 0.0000000000000000000, 1.000000000000000000 ),
 ( 0.0004924028930195587656, 0.001848931481341780075, 0.003205460069664001384, 0.004561988657986222259, 0.005918517246308444002, 0.007275045834630665745, 0.008631574422952887488, 0.009988103011275107496, 0.01134463159959732924 ),
 .UNSPECIFIED. ) ;
#252 = ADVANCED_FACE ( 'NONE', ( #920 ), #85, .F. ) ;
#253 = VERTEX_POINT ( 'NONE', #601 ) ;
#254 = CARTESIAN_POINT ( 'NONE',  ( -1.415861110706386317, 40.68176498593316381, -5.940711883296773799 ) ) ;
#255 = CARTESIAN_POINT ( 'NONE',  ( 0.5805681494574976842, 41.49639657404336646, 6.311540148765041991 ) ) ;
#256 = B_SPLINE_SURFACE_WITH_KNOTS ( 'NONE', 1, 3, ( 
 ( #122, #975, #872, #703, #314, #878, #780, #323, #509, #987, #966, #970, #783, #403, #220, #504, #407, #1066 ),
 ( #218, #1071, #983, #328, #415, #1076, #612, #494, #1170, #686, #1180, #310, #138, #1188, #400, #1061, #490, #1165 ) ),
 .UNSPECIFIED., .F., .T., .F.,
 ( 2, 2 ),
 ( 4, 2, 2, 2, 2, 2, 2, 2, 4 ),
 ( 0.0000000000000000000, 1.000000000000000000 ),
 ( 0.0004924028930195570308, 0.001848931481341770751, 0.003205460069663984470, 0.004561988657986197973, 0.005918517246308411910, 0.007275045834630625846, 0.008631574422952838915, 0.009988103011275051984, 0.01134463159959726679 ),
 .UNSPECIFIED. ) ;
#257 = CARTESIAN_POINT ( 'NONE',  ( -0.1582869768783619346, 41.44009999999997262, -6.129868948323539790 ) ) ;
#258 = CARTESIAN_POINT ( 'NONE',  ( -0.8309766026951709295, 41.26672395881654865, -6.072571175789135189 ) ) ;
#259 = ADVANCED_FACE ( 'NONE', ( #23 ), #817, .T. ) ;
#260 = EDGE_CURVE ( 'NONE', #1106, #762, #200, .T. ) ;
#261 = PERSON_AND_ORGANIZATION ( #424, #1011 ) ;
#262 = CARTESIAN_POINT ( 'NONE',  ( -2.725279143851548820E-15, 43.91659999999997410, -1.649999999999997913 ) ) ;
#263 = CARTESIAN_POINT ( 'NONE',  ( -0.7367338725421733736, 41.26360609198221141, -6.075962111743008265 ) ) ;
#264 = CIRCLE ( 'NONE', #1072, 6.337299999999993716 ) ;
#265 = CARTESIAN_POINT ( 'NONE',  ( 3.847643254597555917E-08, 41.58064751986442786, 6.337299914641070231 ) ) ;
#266 = FACE_OUTER_BOUND ( 'NONE', #583, .T. ) ;
#267 = CARTESIAN_POINT ( 'NONE',  ( -0.4176598182553774574, 38.26501807941981781, -6.129898899982840099 ) ) ;
#268 = DIRECTION ( 'NONE',  ( 0.0000000000000000000, 0.0000000000000000000, -1.000000000000000000 ) ) ;
#269 = ORIENTED_EDGE ( 'NONE', *, *, #307, .T. ) ;
#270 = AXIS2_PLACEMENT_3D ( 'NONE', #178, #274, #1020 ) ;
#271 = ORIENTED_EDGE ( 'NONE', *, *, #63, .F. ) ;
#272 = CARTESIAN_POINT ( 'NONE',  ( -1.427087658115162915E-15, 45.99939999999996587, 6.337299999999993716 ) ) ;
#273 = CARTESIAN_POINT ( 'NONE',  ( -5.058795052113773885E-16, 41.44009999999997973, -6.129859531901812097 ) ) ;
#274 = DIRECTION ( 'NONE',  ( 0.0000000000000000000, 1.000000000000000000, 0.0000000000000000000 ) ) ;
#275 = EDGE_CURVE ( 'NONE', #57, #117, #562, .T. ) ;
#276 = DIRECTION ( 'NONE',  ( 0.0000000000000000000, -0.9708610954996428344, -0.2396429286359885169 ) ) ;
#277 = LINE ( 'NONE', #1123, #514 ) ;
#278 = LINE ( 'NONE', #356, #198 ) ;
#279 = CIRCLE ( 'NONE', #1151, 1.649999999999997913 ) ;
#280 = EDGE_LOOP ( 'NONE', ( #543, #518, #654, #189 ) ) ;
#281 = ORIENTED_EDGE ( 'NONE', *, *, #197, .T. ) ;
#282 = VERTEX_POINT ( 'NONE', #710 ) ;
#283 = DIRECTION ( 'NONE',  ( 0.0000000000000000000, 0.0000000000000000000, 1.000000000000000000 ) ) ;
#284 = AXIS2_PLACEMENT_3D ( 'NONE', #1126, #362, #560 ) ;
#285 = DIRECTION ( 'NONE',  ( 0.0000000000000000000, 0.0000000000000000000, -1.000000000000000000 ) ) ;
#286 = PERSON_AND_ORGANIZATION_ROLE ( 'classification_officer' ) ;
#287 = LOCAL_TIME ( 17, 26, 39.00000000000000000, #587 ) ;
#288 = EDGE_CURVE ( 'NONE', #163, #201, #516, .T. ) ;
#289 = APPLICATION_PROTOCOL_DEFINITION ( 'international standard', 'config_control_design', 1994, #469 ) ;
#290 = LINE ( 'NONE', #1093, #438 ) ;
#291 = FACE_OUTER_BOUND ( 'NONE', #1132, .T. ) ;
#292 = CARTESIAN_POINT ( 'NONE',  ( 0.9352893996103809338, 41.39273892083942030, 6.278150360066620195 ) ) ;
#293 = DIRECTION ( 'NONE',  ( 0.0000000000000000000, 0.0000000000000000000, -1.000000000000000000 ) ) ;
#294 =( NAMED_UNIT ( * ) SI_UNIT ( $, .STERADIAN. ) SOLID_ANGLE_UNIT ( ) );
#295 = CARTESIAN_POINT ( 'NONE',  ( -2.725279143851548820E-15, 43.91659999999997410, -1.649999999999997913 ) ) ;
#296 = APPLICATION_CONTEXT ( 'configuration controlled 3d designs of mechanical parts and assemblies' ) ;
#297 = CARTESIAN_POINT ( 'NONE',  ( -0.4176598182553729610, 41.44018192058013028, 6.129898899982855198 ) ) ;
#298 = CARTESIAN_POINT ( 'NONE',  ( -1.587500003436663532, 40.00579690839983726, 5.881271619815891860 ) ) ;
#299 = CARTESIAN_POINT ( 'NONE',  ( -2.927345865710861972E-15, 10.54099999999999149, 0.0000000000000000000 ) ) ;
#300 = CYLINDRICAL_SURFACE ( 'NONE', #47, 1.649999999999998579 ) ;
#301 = AXIS2_PLACEMENT_3D ( 'NONE', #327, #146, #702 ) ;
#302 = FACE_OUTER_BOUND ( 'NONE', #738, .T. ) ;
#303 = CIRCLE ( 'NONE', #656, 5.346699999999993125 ) ;
#304 = VERTEX_POINT ( 'NONE', #607 ) ;
#305 = ORIENTED_EDGE ( 'NONE', *, *, #1041, .T. ) ;
#306 = CARTESIAN_POINT ( 'NONE',  ( 0.001155691249388866686, 41.44009957933149479, 6.129859402813377045 ) ) ;
#307 = EDGE_CURVE ( 'NONE', #804, #202, #831, .T. ) ;
#308 = B_SPLINE_CURVE_WITH_KNOTS ( 'NONE', 3,
 ( #930, #1224, #15, #853, #1046, #476, #1148, #388, #573, #674, #767, #757, #206, #770 ),
 .UNSPECIFIED., .F., .F.,
 ( 4, 2, 2, 2, 2, 2, 4 ),
 ( 0.5000000000000000000, 0.5624985559236856947, 0.6249971118473713894, 0.6406217508282925355, 0.6562463898092136816, 0.6874956677710559738, 0.7499942236947426677 ),
 .UNSPECIFIED. ) ;
#309 = DIRECTION ( 'NONE',  ( 0.0000000000000000000, 0.0000000000000000000, 1.000000000000000000 ) ) ;
#310 = CARTESIAN_POINT ( 'NONE',  ( 1.415162599903747376, 40.68159680015088497, 5.940765771637042114 ) ) ;
#311 = CARTESIAN_POINT ( 'NONE',  ( -0.4705183397441390358, 41.52775115030938480, 6.320846426600590817 ) ) ;
#312 = FACE_OUTER_BOUND ( 'NONE', #447, .T. ) ;
#313 = CARTESIAN_POINT ( 'NONE',  ( 0.7342751509454225056, 41.27531391262875360, 6.078539384335535978 ) ) ;
#314 = CARTESIAN_POINT ( 'NONE',  ( -1.786668157690503467, 39.39685484137816474, 6.080242914773937635 ) ) ;
#315 = VECTOR ( 'NONE', #1113, 1000.000000000000000 ) ;
#316 = EDGE_CURVE ( 'NONE', #61, #87, #768, .T. ) ;
#317 = CARTESIAN_POINT ( 'NONE',  ( -1.743447043014184628, 39.39482578827585968, 6.093423993664961458 ) ) ;
#318 = ORIENTED_EDGE ( 'NONE', *, *, #351, .T. ) ;
#319 = CARTESIAN_POINT ( 'NONE',  ( 1.308278646690170355, 38.91580662056139062, 5.964947657871678466 ) ) ;
#320 = ADVANCED_FACE ( 'NONE', ( #110 ), #1014, .T. ) ;
#321 = CARTESIAN_POINT ( 'NONE',  ( 0.001155691249386720182, 38.26510042066845330, -6.129859402813362834 ) ) ;
#322 = DIRECTION ( 'NONE',  ( 0.0000000000000000000, 1.000000000000000000, 0.0000000000000000000 ) ) ;
#323 = CARTESIAN_POINT ( 'NONE',  ( -0.9341323881560112952, 41.39284031067343506, 6.278291151367661804 ) ) ;
#324 = AXIS2_PLACEMENT_3D ( 'NONE', #829, #928, #80 ) ;
#325 = CARTESIAN_POINT ( 'NONE',  ( -1.593369575591818466, 40.75517452907862292, -6.141751408014591185 ) ) ;
#326 = CARTESIAN_POINT ( 'NONE',  ( -0.9343763638676155781, 38.56774267993424132, 6.044509394754754794 ) ) ;
#327 = CARTESIAN_POINT ( 'NONE',  ( -2.927345865710861972E-15, 0.5080000000000015614, 0.0000000000000000000 ) ) ;
#328 = CARTESIAN_POINT ( 'NONE',  ( -1.415861110706388537, 39.02343501406678428, 5.940711883296788010 ) ) ;
#329 = CYLINDRICAL_SURFACE ( 'NONE', #341, 6.337299999999997269 ) ;
#330 = CONICAL_SURFACE ( 'NONE', #270, 1.649999999999997913, 1.029744258676652979 ) ;
#331 = CARTESIAN_POINT ( 'NONE',  ( -0.06125911275135781375, 41.57996067406843821, 6.337076017885547863 ) ) ;
#332 = EDGE_CURVE ( 'NONE', #1068, #659, #881, .T. ) ;
#333 = DIRECTION ( 'NONE',  ( 0.0000000000000000000, 0.0000000000000000000, 1.000000000000000000 ) ) ;
#334 = EDGE_LOOP ( 'NONE', ( #186, #475 ) ) ;
#335 = CARTESIAN_POINT ( 'NONE',  ( 1.322455650517665671, 38.97241773169321277, -5.959747338201015765 ) ) ;
#336 = CARTESIAN_POINT ( 'NONE',  ( -0.4715805708749552516, 41.58040168537107917, -6.337238489562710519 ) ) ;
#337 = ORIENTED_EDGE ( 'NONE', *, *, #365, .F. ) ;
#338 = CARTESIAN_POINT ( 'NONE',  ( -2.927345865710861972E-15, 50.01259999999996353, 0.0000000000000000000 ) ) ;
#339 = CARTESIAN_POINT ( 'NONE',  ( -6.938893903907228378E-15, 39.85259999999997405, -6.337299999999999933 ) ) ;
#340 = CARTESIAN_POINT ( 'NONE',  ( 1.786635192845544395, 40.30995573041119684, -6.080262631512671767 ) ) ;
#341 = AXIS2_PLACEMENT_3D ( 'NONE', #851, #947, #6 ) ;
#342 = CARTESIAN_POINT ( 'NONE',  ( -0.9147261262079376953, 41.41117246099834404, -6.281060256649916518 ) ) ;
#343 = DIRECTION ( 'NONE',  ( 0.0000000000000000000, -0.7071067811865442421, -0.7071067811865506814 ) ) ;
#344 = CARTESIAN_POINT ( 'NONE',  ( -1.592009110771292812, 38.94863458673173540, -6.142018598690796694 ) ) ;
#345 = FACE_OUTER_BOUND ( 'NONE', #891, .T. ) ;
#346 = CARTESIAN_POINT ( 'NONE',  ( 0.8965753549559323243, 41.36979375786803814, 6.277135689582955536 ) ) ;
#347 = ADVANCED_FACE ( 'NONE', ( #575 ), #251, .T. ) ;
#348 = CONICAL_SURFACE ( 'NONE', #617, 1.649999999999998579, 0.7853981633974482790 ) ;
#349 = ORIENTED_EDGE ( 'NONE', *, *, #19, .T. ) ;
#350 = CARTESIAN_POINT ( 'NONE',  ( -1.427087658115175142E-15, 3.469446951953614189E-15, 5.829299999999999926 ) ) ;
#351 = EDGE_CURVE ( 'NONE', #14, #1201, #960, .T. ) ;
#352 = ORIENTED_EDGE ( 'NONE', *, *, #260, .F. ) ;
#353 = DIRECTION ( 'NONE',  ( 0.0000000000000000000, -1.000000000000000000, 0.0000000000000000000 ) ) ;
#354 = EDGE_LOOP ( 'NONE', ( #305, #684, #764, #889 ) ) ;
#355 = CARTESIAN_POINT ( 'NONE',  ( 1.414328765062565774, 40.68367136165504405, -5.941043415450218745 ) ) ;
#356 = CARTESIAN_POINT ( 'NONE',  ( -6.509922420915237252E-16, 50.01259999999996353, -6.337299999999997269 ) ) ;
#357 = DIRECTION ( 'NONE',  ( 0.0000000000000000000, 0.0000000000000000000, 1.000000000000000000 ) ) ;
#358 = CARTESIAN_POINT ( 'NONE',  ( -1.427087658115162915E-15, 45.99939999999996587, 0.0000000000000000000 ) ) ;
#359 = CIRCLE ( 'NONE', #54, 2.499999999999997335 ) ;
#360 = CARTESIAN_POINT ( 'NONE',  ( -1.587500000000006128, 39.85259999999997405, -6.337299999999999933 ) ) ;
#361 = VECTOR ( 'NONE', #1191, 1000.000000000000000 ) ;
#362 = DIRECTION ( 'NONE',  ( 0.0000000000000000000, -1.000000000000000000, 0.0000000000000000000 ) ) ;
#363 = CARTESIAN_POINT ( 'NONE',  ( -1.427087658115187369E-15, 0.5079999999999980087, 0.0000000000000000000 ) ) ;
#364 = EDGE_LOOP ( 'NONE', ( #427, #979 ) ) ;
#365 = EDGE_CURVE ( 'NONE', #413, #1053, #995, .T. ) ;
#366 = ORIENTED_EDGE ( 'NONE', *, *, #1134, .F. ) ;
#367 = CARTESIAN_POINT ( 'NONE',  ( -1.427087658115187369E-15, 48.30229099097084600, -5.768864881975538594 ) ) ;
#368 = DIRECTION ( 'NONE',  ( 0.0000000000000000000, 0.0000000000000000000, -1.000000000000000000 ) ) ;
#369 = CARTESIAN_POINT ( 'NONE',  ( -1.427087658115175142E-15, 48.01361999999997465, -5.499099999999994992 ) ) ;
#370 = EDGE_CURVE ( 'NONE', #818, #1147, #115, .T. ) ;
#371 = CARTESIAN_POINT ( 'NONE',  ( 1.587499510871196451, 39.85259999277418785, -5.881243950452179625 ) ) ;
#372 = DIRECTION ( 'NONE',  ( 0.0000000000000000000, -1.000000000000000000, 0.0000000000000000000 ) ) ;
#373 = FACE_OUTER_BOUND ( 'NONE', #698, .T. ) ;
#374 = ORIENTED_EDGE ( 'NONE', *, *, #98, .F. ) ;
#375 = APPROVAL_ROLE ( '' ) ;
#376 = ORIENTED_EDGE ( 'NONE', *, *, #184, .T. ) ;
#377 = CARTESIAN_POINT ( 'NONE',  ( -0.4190450197651151010, 38.26532647832678435, 6.129800034813067455 ) ) ;
#378 = APPROVAL_STATUS ( 'not_yet_approved' ) ;
#379 = AXIS2_PLACEMENT_3D ( 'NONE', #1137, #353, #293 ) ;
#380 = CARTESIAN_POINT ( 'NONE',  ( 1.587403197729752247, 40.27062078923179911, 5.881251760774483195 ) ) ;
#381 = DIRECTION ( 'NONE',  ( 0.0000000000000000000, 0.0000000000000000000, -1.000000000000000000 ) ) ;
#382 = CARTESIAN_POINT ( 'NONE',  ( -1.592009110771285263, 40.75656541326820559, 6.142018598690795805 ) ) ;
#383 = CALENDAR_DATE ( 2019, 12, 12 ) ;
#384 = AXIS2_PLACEMENT_3D ( 'NONE', #190, #1119, #751 ) ;
#385 = APPROVAL_ROLE ( '' ) ;
#386 = LINE ( 'NONE', #217, #1117 ) ;
#387 = VECTOR ( 'NONE', #754, 1000.000000000000114 ) ;
#388 = CARTESIAN_POINT ( 'NONE',  ( -1.287817301374236223, 38.92224902783934937, -5.968298017643087761 ) ) ;
#389 = CARTESIAN_POINT ( 'NONE',  ( 0.0000000000000000000, 0.0000000000000000000, 0.0000000000000000000 ) ) ;
#390 = VERTEX_POINT ( 'NONE', #1199 ) ;
#391 = ORIENTED_EDGE ( 'NONE', *, *, #713, .F. ) ;
#392 = EDGE_CURVE ( 'NONE', #499, #162, #642, .T. ) ;
#393 = CARTESIAN_POINT ( 'NONE',  ( -1.427087658115175142E-15, 0.5079999999999980087, 6.337299999999999933 ) ) ;
#394 = APPROVAL_DATE_TIME ( #211, #452 ) ;
#395 = CARTESIAN_POINT ( 'NONE',  ( -1.427087658115175142E-15, 3.469446951953614189E-15, 0.0000000000000000000 ) ) ;
#396 = AXIS2_PLACEMENT_3D ( 'NONE', #1184, #1065, #240 ) ;
#397 = FACE_OUTER_BOUND ( 'NONE', #280, .T. ) ;
#398 = ORIENTED_EDGE ( 'NONE', *, *, #862, .T. ) ;
#399 = ORIENTED_EDGE ( 'NONE', *, *, #537, .T. ) ;
#400 = CARTESIAN_POINT ( 'NONE',  ( 1.414328765062556226, 39.02152863834488272, 5.941043415450236509 ) ) ;
#401 = DIRECTION ( 'NONE',  ( 0.0000000000000000000, 1.000000000000000000, 0.0000000000000000000 ) ) ;
#402 = CARTESIAN_POINT ( 'NONE',  ( 0.1586550042746749378, 38.26509999999997547, 6.129850093586311388 ) ) ;
#403 = CARTESIAN_POINT ( 'NONE',  ( 1.786635192845526854, 39.39524426958874415, 6.080262631512676208 ) ) ;
#404 = EDGE_CURVE ( 'NONE', #1053, #390, #40, .T. ) ;
#405 = ADVANCED_FACE ( 'NONE', ( #302 ), #977, .F. ) ;
#406 = CARTESIAN_POINT ( 'NONE',  ( 1.565565855172513565, 40.18775003216758535, 5.891751107410588162 ) ) ;
#407 = CARTESIAN_POINT ( 'NONE',  ( 0.4715805708749472025, 38.12430525650385249, 6.337361510437287571 ) ) ;
#408 = DIRECTION ( 'NONE',  ( 0.0000000000000000000, 1.000000000000000000, 0.0000000000000000000 ) ) ;
#409 = LOCAL_TIME ( 17, 26, 39.00000000000000000, #465 ) ;
#410 = FACE_OUTER_BOUND ( 'NONE', #616, .T. ) ;
#411 = CARTESIAN_POINT ( 'NONE',  ( -2.113055494260404333E-15, 38.12455178556635360, 6.337299999999997269 ) ) ;
#412 = CARTESIAN_POINT ( 'NONE',  ( -1.786668157690512349, 40.30834515862177625, -6.080242914773934082 ) ) ;
#413 = VERTEX_POINT ( 'NONE', #916 ) ;
#414 = ORIENTED_EDGE ( 'NONE', *, *, #1112, .F. ) ;
#415 = CARTESIAN_POINT ( 'NONE',  ( -1.587625375680702167, 39.43392209066950471, 5.881216762243299812 ) ) ;
#416 = ORIENTED_EDGE ( 'NONE', *, *, #731, .F. ) ;
#417 = CARTESIAN_POINT ( 'NONE',  ( 1.587499510871196451, 39.85259999277418785, -5.881243950452179625 ) ) ;
#418 = CARTESIAN_POINT ( 'NONE',  ( -1.030718200463324408, 38.64365934243458156, 6.026535741017048586 ) ) ;
#419 = AXIS2_PLACEMENT_3D ( 'NONE', #1070, #779, #598 ) ;
#420 = CARTESIAN_POINT ( 'NONE',  ( 0.9352893996103838203, 38.31246107916052779, -6.278150360066621083 ) ) ;
#421 = ADVANCED_FACE ( 'NONE', ( #1225 ), #228, .T. ) ;
#422 = FACE_OUTER_BOUND ( 'NONE', #334, .T. ) ;
#423 = CARTESIAN_POINT ( 'NONE',  ( -0.4176598182553774574, 38.26501807941981781, -6.129898899982840099 ) ) ;
#424 = PERSON ( 'UNSPECIFIED', 'UNSPECIFIED', 'UNSPECIFIED', ('UNSPECIFIED'), ('UNSPECIFIED'), ('UNSPECIFIED') ) ;
#425 = EDGE_CURVE ( 'NONE', #1201, #201, #1025, .T. ) ;
#426 = ORIENTED_EDGE ( 'NONE', *, *, #1094, .T. ) ;
#427 = ORIENTED_EDGE ( 'NONE', *, *, #288, .T. ) ;
#428 = CARTESIAN_POINT ( 'NONE',  ( -1.743782176477393309, 39.39608591363124646, -6.093329012304513626 ) ) ;
#429 = CARTESIAN_POINT ( 'NONE',  ( 1.587403197729751136, 39.43457921076813477, -5.881251760774467208 ) ) ;
#430 = CARTESIAN_POINT ( 'NONE',  ( 0.8295985915494816787, 41.26772876706183268, -6.072884180047471325 ) ) ;
#431 = ADVANCED_FACE ( 'NONE', ( #759 ), #330, .F. ) ;
#432 = ORIENTED_EDGE ( 'NONE', *, *, #1155, .T. ) ;
#433 = CARTESIAN_POINT ( 'NONE',  ( -1.587499993070370818, 39.85260007119919834, -5.881243687587536684 ) ) ;
#434 = CARTESIAN_POINT ( 'NONE',  ( 0.4715805708749541414, 41.58089474349610271, -6.337361510437286682 ) ) ;
#435 = AXIS2_PLACEMENT_3D ( 'NONE', #41, #239, #619 ) ;
#436 = CARTESIAN_POINT ( 'NONE',  ( -1.414652206247665855, 39.02215725388955292, -5.940970328284084445 ) ) ;
#437 = PERSON_AND_ORGANIZATION ( #424, #1011 ) ;
#438 = VECTOR ( 'NONE', #551, 1000.000000000000114 ) ;
#439 = CARTESIAN_POINT ( 'NONE',  ( -0.4190450197651186537, 41.43987352167316374, -6.129800034813055909 ) ) ;
#440 = EDGE_LOOP ( 'NONE', ( #1054, #926, #766, #337 ) ) ;
#441 = CARTESIAN_POINT ( 'NONE',  ( -5.058795052113773885E-16, 41.44009999999997973, -6.129859531901812097 ) ) ;
#442 = AXIS2_PLACEMENT_3D ( 'NONE', #149, #245, #154 ) ;
#443 = ORIENTED_EDGE ( 'NONE', *, *, #579, .T. ) ;
#444 = CARTESIAN_POINT ( 'NONE',  ( -2.927345865710861972E-15, 10.54099999999999149, -2.499999999999997335 ) ) ;
#445 = ORIENTED_EDGE ( 'NONE', *, *, #1094, .F. ) ;
#446 = APPROVAL ( #1146, 'UNSPECIFIED' ) ;
#447 = EDGE_LOOP ( 'NONE', ( #175, #791, #1028, #113 ) ) ;
#448 = CARTESIAN_POINT ( 'NONE',  ( 1.743894846906802298, 40.30993203469562047, -6.093299047721303374 ) ) ;
#449 = CARTESIAN_POINT ( 'NONE',  ( -1.427087658115187369E-15, 48.30229099097084600, 5.768864881975542147 ) ) ;
#450 = EDGE_CURVE ( 'NONE', #750, #61, #1037, .T. ) ;
#451 = DIRECTION ( 'NONE',  ( 0.0000000000000000000, -1.000000000000000000, 0.0000000000000000000 ) ) ;
#452 = APPROVAL ( #378, 'UNSPECIFIED' ) ;
#453 = DIRECTION ( 'NONE',  ( -0.0000000000000000000, 1.000000000000000000, -0.0000000000000000000 ) ) ;
#454 = CARTESIAN_POINT ( 'NONE',  ( 0.4926579116846662165, 38.12421966219424263, -6.337299999982109355 ) ) ;
#455 = VECTOR ( 'NONE', #651, 1000.000000000000000 ) ;
#456 = CIRCLE ( 'NONE', #1104, 2.499999999999997780 ) ;
#457 = ORIENTED_EDGE ( 'NONE', *, *, #579, .F. ) ;
#458 = CARTESIAN_POINT ( 'NONE',  ( -0.9403515870764408424, 41.15724816318626011, 6.047905398653723452 ) ) ;
#459 = ORIENTED_EDGE ( 'NONE', *, *, #649, .T. ) ;
#460 = ORIENTED_EDGE ( 'NONE', *, *, #731, .T. ) ;
#461 = DIRECTION ( 'NONE',  ( 0.0000000000000000000, 0.0000000000000000000, 1.000000000000000000 ) ) ;
#462 = CARTESIAN_POINT ( 'NONE',  ( -0.8309766026951710405, 38.43847604118339945, 6.072571175789151177 ) ) ;
#463 = CARTESIAN_POINT ( 'NONE',  ( -2.927345865710861972E-15, 50.01259999999996353, 1.649999999999998579 ) ) ;
#464 = EDGE_CURVE ( 'NONE', #304, #659, #72, .T. ) ;
#465 = COORDINATED_UNIVERSAL_TIME_OFFSET ( 0, 0, .AHEAD. ) ;
#466 = CARTESIAN_POINT ( 'NONE',  ( 1.587596083268749902, 39.43244247051855211, 5.881235833592742601 ) ) ;
#467 = CARTESIAN_POINT ( 'NONE',  ( -2.927345865710861972E-15, 43.91659999999997410, 0.0000000000000000000 ) ) ;
#468 = CIRCLE ( 'NONE', #5, 5.768864881975538594 ) ;
#469 = APPLICATION_CONTEXT ( 'configuration controlled 3d designs of mechanical parts and assemblies' ) ;
#470 = EDGE_LOOP ( 'NONE', ( #906, #554, #821 ) ) ;
#471 = CARTESIAN_POINT ( 'NONE',  ( 1.592583492533038658, 40.75499145209229113, 6.141807119778722956 ) ) ;
#472 = ORIENTED_EDGE ( 'NONE', *, *, #725, .T. ) ;
#473 = CARTESIAN_POINT ( 'NONE',  ( -1.287817301374488244, 40.78295097216025056, 5.968298017642979403 ) ) ;
#474 = CC_DESIGN_PERSON_AND_ORGANIZATION_ASSIGNMENT ( #35, #753, ( #740 ) ) ;
#475 = ORIENTED_EDGE ( 'NONE', *, *, #806, .F. ) ;
#476 = CARTESIAN_POINT ( 'NONE',  ( -1.167829377541649283, 38.77534932100757459, -5.996626110690195688 ) ) ;
#477 = CARTESIAN_POINT ( 'NONE',  ( -1.786385968072103925, 40.30825260776771302, 6.080298577049964237 ) ) ;
#478 = EDGE_CURVE ( 'NONE', #57, #253, #772, .T. ) ;
#479 = VECTOR ( 'NONE', #1135, 1000.000000000000114 ) ;
#480 = ADVANCED_BREP_SHAPE_REPRESENTATION ( 'TR50_M-Solidworks', ( #714, #495 ), #944 ) ;
#481 = VECTOR ( 'NONE', #343, 1000.000000000000000 ) ;
#482 = CARTESIAN_POINT ( 'NONE',  ( 1.211356456964263861, 40.88052902606344929, 5.986543756451608189 ) ) ;
#483 = ORIENTED_EDGE ( 'NONE', *, *, #249, .T. ) ;
#484 = ORIENTED_EDGE ( 'NONE', *, *, #1134, .T. ) ;
#485 = DIRECTION ( 'NONE',  ( 0.0000000000000000000, 0.0000000000000000000, 1.000000000000000000 ) ) ;
#486 = CARTESIAN_POINT ( 'NONE',  ( 0.6364880061634644592, 41.31062398123278001, -6.088840123697092821 ) ) ;
#487 = EDGE_CURVE ( 'NONE', #499, #304, #718, .T. ) ;
#488 = B_SPLINE_CURVE_WITH_KNOTS ( 'NONE', 3,
 ( #823, #454, #636, #1116, #1216, #1127, #83, #1228, #448, #652, #640, #741, #1024, #92, #78, #739, #176, #826 ),
 .UNSPECIFIED., .F., .F.,
 ( 4, 2, 2, 2, 2, 2, 2, 2, 4 ),
 ( 0.4998899922198474233, 0.6249174941648860671, 0.6874312451374047228, 0.7499449961099234896, 0.8124587470824421453, 0.8749724980549609121, 0.9062293735412209061, 0.9374862490274807891, 1.000000000000000000 ),
 .UNSPECIFIED. ) ;
#489 = DIRECTION ( 'NONE',  ( 0.0000000000000000000, -1.000000000000000000, 0.0000000000000000000 ) ) ;
#490 = CARTESIAN_POINT ( 'NONE',  ( 0.4190450197651122699, 38.26487352167315237, 6.129919028990582497 ) ) ;
#491 = DIRECTION ( 'NONE',  ( 0.0000000000000000000, 0.0000000000000000000, 1.000000000000000000 ) ) ;
#492 = DATE_AND_TIME ( #676, #1098 ) ;
#493 = CARTESIAN_POINT ( 'NONE',  ( -2.927345865710861972E-15, 10.54099999999999149, 0.0000000000000000000 ) ) ;
#494 = CARTESIAN_POINT ( 'NONE',  ( -0.8300658903489079865, 41.26756716453213869, 6.072782233622238124 ) ) ;
#495 = AXIS2_PLACEMENT_3D ( 'NONE', #389, #95, #199 ) ;
#496 = CARTESIAN_POINT ( 'NONE',  ( 1.414641372053342838, 39.12269580725545381, -5.936216096511051532 ) ) ;
#497 = VECTOR ( 'NONE', #372, 1000.000000000000000 ) ;
#498 = CARTESIAN_POINT ( 'NONE',  ( -2.927345865710861972E-15, 0.0000000000000000000, 0.0000000000000000000 ) ) ;
#499 = VERTEX_POINT ( 'NONE', #369 ) ;
#500 = CARTESIAN_POINT ( 'NONE',  ( -0.6363942138479975474, 38.39452710701990412, 6.088799090638280731 ) ) ;
#501 = ADVANCED_FACE ( 'NONE', ( #946 ), #696, .F. ) ;
#502 = ORIENTED_EDGE ( 'NONE', *, *, #955, .T. ) ;
#503 = CARTESIAN_POINT ( 'NONE',  ( -1.587499993070370818, 39.85260007119919834, -5.881243687587536684 ) ) ;
#504 = CARTESIAN_POINT ( 'NONE',  ( 0.9336065025488708979, 38.31218377855375934, 6.278396547949163242 ) ) ;
#505 = AXIS2_PLACEMENT_3D ( 'NONE', #788, #238, #225 ) ;
#506 = CARTESIAN_POINT ( 'NONE',  ( -1.786385968072117691, 39.39694739223223507, -6.080298577049962461 ) ) ;
#507 = CARTESIAN_POINT ( 'NONE',  ( -0.2990037395792714547, 41.55943769918395958, 6.330501322596327363 ) ) ;
#508 = DIRECTION ( 'NONE',  ( 8.659560562354977232E-17, 0.7071067811865437980, -0.7071067811865512365 ) ) ;
#509 = CARTESIAN_POINT ( 'NONE',  ( -0.4700215835016901544, 41.58073738763933846, 6.337340700264349813 ) ) ;
#510 = CARTESIAN_POINT ( 'NONE',  ( -1.592009110771292812, 38.94863458673173540, -6.142018598690796694 ) ) ;
#511 = CARTESIAN_POINT ( 'NONE',  ( -6.100991913232067272E-16, 41.58064821443359449, -6.337299999999998157 ) ) ;
#512 = CARTESIAN_POINT ( 'NONE',  ( 1.786418125054515693, 39.39757018465834193, -6.080279097680285183 ) ) ;
#513 = EDGE_CURVE ( 'NONE', #202, #29, #174, .T. ) ;
#514 = VECTOR ( 'NONE', #276, 1000.000000000000000 ) ;
#515 = DIRECTION ( 'NONE',  ( 0.0000000000000000000, 0.0000000000000000000, 1.000000000000000000 ) ) ;
#516 = CIRCLE ( 'NONE', #68, 1.903999999999988813 ) ;
#517 = CARTESIAN_POINT ( 'NONE',  ( 1.168147566576881680, 38.77569716657332322, -5.996555474042357226 ) ) ;
#518 = ORIENTED_EDGE ( 'NONE', *, *, #478, .T. ) ;
#519 = EDGE_LOOP ( 'NONE', ( #126, #1229, #484, #724, #679, #705 ) ) ;
#520 = CARTESIAN_POINT ( 'NONE',  ( -1.593369575591818466, 40.75517452907862292, -6.141751408014591185 ) ) ;
#521 = ADVANCED_FACE ( 'NONE', ( #266 ), #1177, .F. ) ;
#522 = ORIENTED_EDGE ( 'NONE', *, *, #596, .T. ) ;
#523 = ORIENTED_EDGE ( 'NONE', *, *, #1047, .T. ) ;
#524 = DIRECTION ( 'NONE',  ( 0.0000000000000000000, 1.000000000000000000, 0.0000000000000000000 ) ) ;
#525 = CARTESIAN_POINT ( 'NONE',  ( 0.4190450197651177655, 41.44032647832679572, -6.129919028990567398 ) ) ;
#526 = EDGE_CURVE ( 'NONE', #1015, #750, #8, .T. ) ;
#527 = CARTESIAN_POINT ( 'NONE',  ( 0.06178105149503037435, 41.58001255209567404, 6.337070820425360296 ) ) ;
#528 = ADVANCED_FACE ( 'NONE', ( #291 ), #732, .T. ) ;
#529 = CARTESIAN_POINT ( 'NONE',  ( -2.725279143851548820E-15, 50.01259999999996353, -1.649999999999998579 ) ) ;
#530 = CARTESIAN_POINT ( 'NONE',  ( -1.786668157690512349, 40.30834515862177625, -6.080242914773934082 ) ) ;
#531 = PERSON_AND_ORGANIZATION ( #424, #1011 ) ;
#532 = CARTESIAN_POINT ( 'NONE',  ( -0.4919090490473830291, 41.58013144450256249, -6.337299999999997269 ) ) ;
#533 = CARTESIAN_POINT ( 'NONE',  ( -1.077094823248806899, 41.02064391509285457, -6.017092033193906175 ) ) ;
#534 = CIRCLE ( 'NONE', #669, 2.499999999999997780 ) ;
#535 = CARTESIAN_POINT ( 'NONE',  ( -5.421010862427522170E-16, 41.44009999999997973, -6.129859531901811209 ) ) ;
#536 = ADVANCED_FACE ( 'NONE', ( #665 ), #664, .T. ) ;
#537 = EDGE_CURVE ( 'NONE', #1201, #802, #1145, .T. ) ;
#538 = CONICAL_SURFACE ( 'NONE', #379, 2.499999999999997780, 0.7853981633974526089 ) ;
#539 = ORIENTED_EDGE ( 'NONE', *, *, #1029, .T. ) ;
#540 = DIRECTION ( 'NONE',  ( 0.0000000000000000000, 0.0000000000000000000, 1.000000000000000000 ) ) ;
#541 = CARTESIAN_POINT ( 'NONE',  ( -5.421010862427522170E-16, 41.44009999999997973, -6.129859531901811209 ) ) ;
#542 = DIRECTION ( 'NONE',  ( -0.0000000000000000000, -1.000000000000000000, -0.0000000000000000000 ) ) ;
#543 = ORIENTED_EDGE ( 'NONE', *, *, #275, .F. ) ;
#544 = CARTESIAN_POINT ( 'NONE',  ( 0.8910161499260735862, 38.34559221649909233, 6.275107151276499984 ) ) ;
#545 = CARTESIAN_POINT ( 'NONE',  ( -1.415861110706386317, 40.68176498593316381, -5.940711883296773799 ) ) ;
#546 = CARTESIAN_POINT ( 'NONE',  ( -2.621184165924024101E-15, 0.5080000000000015614, 2.499999999999997780 ) ) ;
#547 = CARTESIAN_POINT ( 'NONE',  ( -6.509922420915233308E-16, 0.5079999999999980087, -6.337299999999999933 ) ) ;
#548 = DIRECTION ( 'NONE',  ( 0.0000000000000000000, 1.000000000000000000, 0.0000000000000000000 ) ) ;
#549 = LINE ( 'NONE', #262, #608 ) ;
#550 = ORIENTED_EDGE ( 'NONE', *, *, #1226, .F. ) ;
#551 = DIRECTION ( 'NONE',  ( 2.934779454923603612E-17, -0.9708610954996428344, 0.2396429286359881561 ) ) ;
#552 = AXIS2_PLACEMENT_3D ( 'NONE', #1221, #648, #91 ) ;
#553 = VERTEX_POINT ( 'NONE', #449 ) ;
#554 = ORIENTED_EDGE ( 'NONE', *, *, #1206, .T. ) ;
#555 = DIRECTION ( 'NONE',  ( 0.0000000000000000000, 0.7071067811865437980, 0.7071067811865512365 ) ) ;
#556 = ORIENTED_EDGE ( 'NONE', *, *, #93, .F. ) ;
#557 = DIRECTION ( 'NONE',  ( 0.0000000000000000000, 1.000000000000000000, 0.0000000000000000000 ) ) ;
#558 = DIRECTION ( 'NONE',  ( 0.0000000000000000000, 0.0000000000000000000, 1.000000000000000000 ) ) ;
#559 = EDGE_CURVE ( 'NONE', #762, #818, #308, .T. ) ;
#560 = DIRECTION ( 'NONE',  ( 0.0000000000000000000, 0.0000000000000000000, -1.000000000000000000 ) ) ;
#561 = LINE ( 'NONE', #876, #1036 ) ;
#562 = CIRCLE ( 'NONE', #442, 2.499999999999997335 ) ;
#563 = CARTESIAN_POINT ( 'NONE',  ( 0.4199712007541510639, 41.44001723808284510, 6.129819905643898004 ) ) ;
#564 = CARTESIAN_POINT ( 'NONE',  ( -5.876969846750604377E-15, 12.04315154756889150, 0.0000000000000000000 ) ) ;
#565 = ORIENTED_EDGE ( 'NONE', *, *, #1226, .T. ) ;
#566 = AXIS2_PLACEMENT_3D ( 'NONE', #1010, #1192, #64 ) ;
#567 = ORIENTED_EDGE ( 'NONE', *, *, #810, .F. ) ;
#568 = CARTESIAN_POINT ( 'NONE',  ( 0.8295985915494769047, 38.43747123293810830, 6.072884180047486424 ) ) ;
#569 = CARTESIAN_POINT ( 'NONE',  ( 1.570157364159159075, 38.98786164955188838, 6.140364122560301396 ) ) ;
#570 = AXIS2_PLACEMENT_3D ( 'NONE', #3, #658, #94 ) ;
#571 = APPROVAL_ROLE ( '' ) ;
#572 = B_SPLINE_CURVE_WITH_KNOTS ( 'NONE', 3,
 ( #511, #532, #342, #1000, #709, #897, #147, #910, #428, #157, #903, #726, #892, #1207, #1099, #988, #1089, #70 ),
 .UNSPECIFIED., .F., .F.,
 ( 4, 2, 2, 2, 2, 2, 2, 2, 4 ),
 ( 0.0000000000000000000, 0.1249724980549609676, 0.1874587470824420621, 0.2499449961099231565, 0.3124312451374042787, 0.3749174941648853454, 0.4061606186786258510, 0.4374037431923664121, 0.4998899922198474233 ),
 .UNSPECIFIED. ) ;
#573 = CARTESIAN_POINT ( 'NONE',  ( -1.322254944200557336, 38.97211441412062527, -5.959795615499630550 ) ) ;
#574 = FACE_OUTER_BOUND ( 'NONE', #470, .T. ) ;
#575 = FACE_OUTER_BOUND ( 'NONE', #981, .T. ) ;
#576 = CONICAL_SURFACE ( 'NONE', #1167, 5.499099999999994992, 0.7515556193822487963 ) ;
#577 = ORIENTED_EDGE ( 'NONE', *, *, #537, .F. ) ;
#578 = CARTESIAN_POINT ( 'NONE',  ( -0.9341323881560112952, 41.39284031067343506, 6.278291151367661804 ) ) ;
#579 = EDGE_CURVE ( 'NONE', #845, #162, #139, .T. ) ;
#580 = ORIENTED_EDGE ( 'NONE', *, *, #1155, .F. ) ;
#581 = B_SPLINE_CURVE_WITH_KNOTS ( 'NONE', 1,
 ( #127, #39 ),
 .UNSPECIFIED., .F., .F.,
 ( 2, 2 ),
 ( 0.0000000000000000000, 1.000000000000000000 ),
 .UNSPECIFIED. ) ;
#582 = CC_DESIGN_PERSON_AND_ORGANIZATION_ASSIGNMENT ( #261, #668, ( #989 ) ) ;
#583 = EDGE_LOOP ( 'NONE', ( #1103, #883, #459, #523 ) ) ;
#584 = CARTESIAN_POINT ( 'NONE',  ( 1.288046319883785262, 40.78263184154448595, 5.968244120743142922 ) ) ;
#585 = CARTESIAN_POINT ( 'NONE',  ( 1.168147566576418939, 40.92950283342710094, 5.996555474042412293 ) ) ;
#586 = EDGE_CURVE ( 'NONE', #117, #57, #359, .T. ) ;
#587 = COORDINATED_UNIVERSAL_TIME_OFFSET ( 0, 0, .AHEAD. ) ;
#588 = CARTESIAN_POINT ( 'NONE',  ( -1.308843500137329974, 38.91668201437087760, 5.964810523854115587 ) ) ;
#589 = CONICAL_SURFACE ( 'NONE', #181, 5.829299999999999926, 0.7853981633974533860 ) ;
#590 = CARTESIAN_POINT ( 'NONE',  ( -6.751748978422893005E-16, 47.59938391803525093, 5.942367260738118162 ) ) ;
#591 = CARTESIAN_POINT ( 'NONE',  ( -6.509922420915239225E-16, 45.99939999999996587, -6.337299999999993716 ) ) ;
#592 = EDGE_LOOP ( 'NONE', ( #12, #374, #234, #1124, #699 ) ) ;
#593 = CARTESIAN_POINT ( 'NONE',  ( -6.938893903907228378E-15, 39.85259999999997405, -6.337299999999999933 ) ) ;
#594 = EDGE_LOOP ( 'NONE', ( #631, #1017, #1200, #775, #934 ) ) ;
#595 = CARTESIAN_POINT ( 'NONE',  ( 1.587500000741538742, 39.69929283096843164, 5.881214631980811625 ) ) ;
#596 = EDGE_CURVE ( 'NONE', #723, #845, #919, .T. ) ;
#597 = CARTESIAN_POINT ( 'NONE',  ( -1.570220229895068265, 38.98793271343752309, 6.140344614758608266 ) ) ;
#598 = DIRECTION ( 'NONE',  ( 0.0000000000000000000, 0.0000000000000000000, 1.000000000000000000 ) ) ;
#599 = DIRECTION ( 'NONE',  ( -0.0000000000000000000, -1.000000000000000000, -0.0000000000000000000 ) ) ;
#600 = ADVANCED_FACE ( 'NONE', ( #865 ), #1181, .T. ) ;
#601 = CARTESIAN_POINT ( 'NONE',  ( -2.621184165924024101E-15, 0.5080000000000015614, 2.499999999999997780 ) ) ;
#602 = CARTESIAN_POINT ( 'NONE',  ( -1.570251384820043672, 40.71677690380068526, 6.140338373348086520 ) ) ;
#603 = CARTESIAN_POINT ( 'NONE',  ( -5.058795052113773885E-16, 41.44009999999997973, -6.129859531901812097 ) ) ;
#604 = DIRECTION ( 'NONE',  ( 0.0000000000000000000, 1.000000000000000000, 0.0000000000000000000 ) ) ;
#605 = CC_DESIGN_PERSON_AND_ORGANIZATION_ASSIGNMENT ( #135, #852, ( #31 ) ) ;
#606 = CONICAL_SURFACE ( 'NONE', #932, 2.499999999999997335, 1.029744258676653645 ) ;
#607 = CARTESIAN_POINT ( 'NONE',  ( -7.264998451945672176E-16, 48.01361999999997465, 5.499099999999994992 ) ) ;
#608 = VECTOR ( 'NONE', #1016, 1000.000000000000114 ) ;
#609 = DIRECTION ( 'NONE',  ( 0.0000000000000000000, 0.7071067811865473507, 0.7071067811865476838 ) ) ;
#610 = FACE_OUTER_BOUND ( 'NONE', #984, .T. ) ;
#611 = DIRECTION ( 'NONE',  ( 0.0000000000000000000, 1.000000000000000000, 0.0000000000000000000 ) ) ;
#612 = CARTESIAN_POINT ( 'NONE',  ( -1.414652206247663635, 40.68304274611038807, 5.940970328284099544 ) ) ;
#613 = ORIENTED_EDGE ( 'NONE', *, *, #1047, .F. ) ;
#614 = CARTESIAN_POINT ( 'NONE',  ( 0.3436411751308449669, 38.28889107016738791, -6.119558352581699445 ) ) ;
#615 = CARTESIAN_POINT ( 'NONE',  ( 1.414328765062565774, 40.68367136165504405, -5.941043415450218745 ) ) ;
#616 = EDGE_LOOP ( 'NONE', ( #366, #145, #349, #963, #472, #565 ) ) ;
#617 = AXIS2_PLACEMENT_3D ( 'NONE', #1023, #922, #193 ) ;
#618 = CARTESIAN_POINT ( 'NONE',  ( 1.437949272333612472, 40.90533198398048853, 6.174572555526721906 ) ) ;
#619 = DIRECTION ( 'NONE',  ( 0.0000000000000000000, 0.0000000000000000000, 1.000000000000000000 ) ) ;
#620 = CARTESIAN_POINT ( 'NONE',  ( -2.927345865710861972E-15, 0.0000000000000000000, -3.008000000000004004 ) ) ;
#621 = CARTESIAN_POINT ( 'NONE',  ( -2.927345865710861972E-15, 0.0000000000000000000, 0.0000000000000000000 ) ) ;
#622 = CALENDAR_DATE ( 2019, 12, 12 ) ;
#623 = ADVANCED_FACE ( 'NONE', ( #854 ), #329, .T. ) ;
#624 = CIRCLE ( 'NONE', #1128, 1.649999999999997913 ) ;
#625 = CARTESIAN_POINT ( 'NONE',  ( -1.030718200462254153, 41.06154065756629024, -6.026535741017028158 ) ) ;
#626 = ORIENTED_EDGE ( 'NONE', *, *, #955, .F. ) ;
#627 = ORIENTED_EDGE ( 'NONE', *, *, #895, .T. ) ;
#628 = CARTESIAN_POINT ( 'NONE',  ( -1.414652206247665855, 39.02215725388955292, -5.940970328284084445 ) ) ;
#629 = CARTESIAN_POINT ( 'NONE',  ( -1.587499993070370818, 39.85259992880073554, 5.881243687587552671 ) ) ;
#630 = ADVANCED_FACE ( 'NONE', ( #574 ), #606, .F. ) ;
#631 = ORIENTED_EDGE ( 'NONE', *, *, #120, .F. ) ;
#632 = CARTESIAN_POINT ( 'NONE',  ( 0.4715805708749541414, 41.58089474349610271, -6.337361510437286682 ) ) ;
#633 = CARTESIAN_POINT ( 'NONE',  ( 0.4199712007541505643, 38.26518276191710299, -6.129819905643886457 ) ) ;
#634 = CARTESIAN_POINT ( 'NONE',  ( 0.7901790296757363885, 38.29290546232569881, 6.288736865730915504 ) ) ;
#635 = CARTESIAN_POINT ( 'NONE',  ( -1.565685628879616154, 40.18708103844129198, -5.891651236165645678 ) ) ;
#636 = CARTESIAN_POINT ( 'NONE',  ( 0.9143772594977481738, 38.29292353280524708, -6.281085176698729455 ) ) ;
#637 = CALENDAR_DATE ( 2019, 12, 12 ) ;
#638 = CARTESIAN_POINT ( 'NONE',  ( 0.8295985915494816787, 41.26772876706183268, -6.072884180047471325 ) ) ;
#639 = FACE_OUTER_BOUND ( 'NONE', #592, .T. ) ;
#640 = CARTESIAN_POINT ( 'NONE',  ( 1.439421727100416604, 40.90430436517944202, -6.174293478418007908 ) ) ;
#641 = AXIS2_PLACEMENT_3D ( 'NONE', #836, #453, #838 ) ;
#642 = LINE ( 'NONE', #819, #244 ) ;
#643 = ORIENTED_EDGE ( 'NONE', *, *, #34, .T. ) ;
#644 = CARTESIAN_POINT ( 'NONE',  ( -6.100991913232067272E-16, 41.58064821443359449, -6.337299999999998157 ) ) ;
#645 = CARTESIAN_POINT ( 'NONE',  ( -2.725279143851548820E-15, 49.75859999999997285, -1.649999999999998579 ) ) ;
#646 = ORIENTED_EDGE ( 'NONE', *, *, #752, .F. ) ;
#647 = ORIENTED_EDGE ( 'NONE', *, *, #713, .T. ) ;
#648 = DIRECTION ( 'NONE',  ( 0.0000000000000000000, -1.000000000000000000, 0.0000000000000000000 ) ) ;
#649 = EDGE_CURVE ( 'NONE', #117, #413, #97, .T. ) ;
#650 = CC_DESIGN_PERSON_AND_ORGANIZATION_ASSIGNMENT ( #531, #16, ( #989 ) ) ;
#651 = DIRECTION ( 'NONE',  ( 0.0000000000000000000, 1.000000000000000000, 0.0000000000000000000 ) ) ;
#652 = CARTESIAN_POINT ( 'NONE',  ( 1.570251272002806564, 40.71718852580224990, -6.140339849291976293 ) ) ;
#653 = CIRCLE ( 'NONE', #875, 1.903999999999988813 ) ;
#654 = ORIENTED_EDGE ( 'NONE', *, *, #81, .T. ) ;
#655 = MECHANICAL_CONTEXT ( 'NONE', #469, 'mechanical' ) ;
#656 = AXIS2_PLACEMENT_3D ( 'NONE', #250, #152, #491 ) ;
#657 = ORIENTED_EDGE ( 'NONE', *, *, #959, .F. ) ;
#658 = DIRECTION ( 'NONE',  ( 0.0000000000000000000, 1.000000000000000000, 0.0000000000000000000 ) ) ;
#659 = VERTEX_POINT ( 'NONE', #590 ) ;
#660 = CARTESIAN_POINT ( 'NONE',  ( -1.211063824381506393, 40.88087561791255808, 5.986609809569094942 ) ) ;
#661 = CARTESIAN_POINT ( 'NONE',  ( -1.593369575591811138, 38.95002547092133227, 6.141751408014591185 ) ) ;
#662 = EDGE_CURVE ( 'NONE', #390, #1053, #212, .T. ) ;
#663 = DIRECTION ( 'NONE',  ( 0.0000000000000000000, 1.000000000000000000, 0.0000000000000000000 ) ) ;
#664 = CONICAL_SURFACE ( 'NONE', #552, 6.337299999999993716, 0.2419980460221291263 ) ;
#665 = FACE_OUTER_BOUND ( 'NONE', #949, .T. ) ;
#666 = CARTESIAN_POINT ( 'NONE',  ( -1.786668157690503467, 39.39685484137816474, 6.080242914773937635 ) ) ;
#667 = ORIENTED_EDGE ( 'NONE', *, *, #425, .F. ) ;
#668 = PERSON_AND_ORGANIZATION_ROLE ( 'design_supplier' ) ;
#669 = AXIS2_PLACEMENT_3D ( 'NONE', #816, #542, #283 ) ;
#670 = ORIENTED_EDGE ( 'NONE', *, *, #208, .T. ) ;
#671 = ORIENTED_EDGE ( 'NONE', *, *, #184, .F. ) ;
#672 = DIRECTION ( 'NONE',  ( 0.0000000000000000000, 0.0000000000000000000, -1.000000000000000000 ) ) ;
#673 = CARTESIAN_POINT ( 'NONE',  ( 0.7366519199212941960, 41.26362747097652317, -6.076027162632954948 ) ) ;
#674 = CARTESIAN_POINT ( 'NONE',  ( -1.414515604229518608, 39.12244325449414362, -5.936248890527994426 ) ) ;
#675 = AXIS2_PLACEMENT_3D ( 'NONE', #992, #884, #515 ) ;
#676 = CALENDAR_DATE ( 2019, 12, 12 ) ;
#677 = CARTESIAN_POINT ( 'NONE',  ( 0.9409097198931728467, 41.15680870572123240, 6.047790594207864245 ) ) ;
#678 = CYLINDRICAL_SURFACE ( 'NONE', #909, 1.649999999999998579 ) ;
#679 = ORIENTED_EDGE ( 'NONE', *, *, #683, .T. ) ;
#680 = ORIENTED_EDGE ( 'NONE', *, *, #221, .F. ) ;
#681 = CARTESIAN_POINT ( 'NONE',  ( 0.1596638977570842277, 41.43998418620028446, 6.129828465018042571 ) ) ;
#682 = CARTESIAN_POINT ( 'NONE',  ( 1.587499510871196451, 39.85259999277418785, -5.881243950452179625 ) ) ;
#683 = EDGE_CURVE ( 'NONE', #87, #282, #1058, .T. ) ;
#684 = ORIENTED_EDGE ( 'NONE', *, *, #392, .T. ) ;
#685 = VERTEX_POINT ( 'NONE', #1059 ) ;
#686 = CARTESIAN_POINT ( 'NONE',  ( 0.4199712007541510639, 41.44001723808284510, 6.129819905643898004 ) ) ;
#687 = CARTESIAN_POINT ( 'NONE',  ( -2.927345865710861972E-15, 43.91659999999997410, 0.0000000000000000000 ) ) ;
#688 = CARTESIAN_POINT ( 'NONE',  ( -1.427087658115187369E-15, 48.01361999999997465, 0.0000000000000000000 ) ) ;
#689 = CC_DESIGN_APPROVAL ( #1190, ( #989 ) ) ;
#690 = CARTESIAN_POINT ( 'NONE',  ( 1.288046319884647462, 38.92256815845664875, -5.968244120743126935 ) ) ;
#691 = APPROVAL_PERSON_ORGANIZATION ( #971, #1190, #571 ) ;
#692 = CARTESIAN_POINT ( 'NONE',  ( -1.439644978400764108, 40.90386282996838219, 6.174230854169744376 ) ) ;
#693 = ADVANCED_FACE ( 'NONE', ( #171 ), #589, .T. ) ;
#694 = LINE ( 'NONE', #360, #55 ) ;
#695 = CARTESIAN_POINT ( 'NONE',  ( -2.927345865710861972E-15, 0.0000000000000000000, -2.499999999999997780 ) ) ;
#696 = CONICAL_SURFACE ( 'NONE', #284, 2.499999999999997335, 1.029744258676653645 ) ;
#697 = CARTESIAN_POINT ( 'NONE',  ( 1.587499999259170291, 39.69944245786471981, -5.881273248478533056 ) ) ;
#698 = EDGE_LOOP ( 'NONE', ( #1004, #951, #90, #1213 ) ) ;
#699 = ORIENTED_EDGE ( 'NONE', *, *, #559, .F. ) ;
#700 = CARTESIAN_POINT ( 'NONE',  ( -0.8920167782769619080, 41.35898408393550341, 6.274964357714694962 ) ) ;
#701 = VERTEX_POINT ( 'NONE', #26 ) ;
#702 = DIRECTION ( 'NONE',  ( 0.0000000000000000000, 0.0000000000000000000, -1.000000000000000000 ) ) ;
#703 = CARTESIAN_POINT ( 'NONE',  ( -1.593369575591811138, 38.95002547092133227, 6.141751408014591185 ) ) ;
#704 = AXIS2_PLACEMENT_3D ( 'NONE', #900, #790, #797 ) ;
#705 = ORIENTED_EDGE ( 'NONE', *, *, #849, .F. ) ;
#706 = DIRECTION ( 'NONE',  ( 0.0000000000000000000, 0.0000000000000000000, 1.000000000000000000 ) ) ;
#707 = CARTESIAN_POINT ( 'NONE',  ( -1.567784026825121875E-15, 38.26509999999996836, 6.129859531901824532 ) ) ;
#708 = CARTESIAN_POINT ( 'NONE',  ( -1.427087658115187369E-15, 48.01361999999997465, 5.499099999999994992 ) ) ;
#709 = CARTESIAN_POINT ( 'NONE',  ( -1.570126624584413211, 40.71741683380803067, -6.140368807372324156 ) ) ;
#710 = CARTESIAN_POINT ( 'NONE',  ( 1.587499510871196229, 39.85260000722576024, 5.881243950452199165 ) ) ;
#711 = DIRECTION ( 'NONE',  ( 0.0000000000000000000, 0.0000000000000000000, 1.000000000000000000 ) ) ;
#712 = ADVANCED_FACE ( 'NONE', ( #1210 ), #1197, .T. ) ;
#713 = EDGE_CURVE ( 'NONE', #750, #1153, #945, .T. ) ;
#714 = MANIFOLD_SOLID_BREP ( '0331-001-1-solid1', #1203 ) ;
#715 = CARTESIAN_POINT ( 'NONE',  ( -1.427087658115187369E-15, 50.01259999999996353, -5.346699999999993125 ) ) ;
#716 = CARTESIAN_POINT ( 'NONE',  ( 1.743211668137438553, 40.30944994708229956, 6.093492797250501525 ) ) ;
#717 = CARTESIAN_POINT ( 'NONE',  ( 0.7342751509419159772, 38.42988608736937550, -6.078539384335742035 ) ) ;
#718 = CIRCLE ( 'NONE', #570, 5.499099999999994992 ) ;
#719 = CARTESIAN_POINT ( 'NONE',  ( -0.9341323881560157361, 38.31235968932650593, -6.278291151367660916 ) ) ;
#720 = ORIENTED_EDGE ( 'NONE', *, *, #128, .F. ) ;
#721 = ORIENTED_EDGE ( 'NONE', *, *, #450, .T. ) ;
#722 = CARTESIAN_POINT ( 'NONE',  ( 1.786635192845544395, 40.30995573041119684, -6.080262631512671767 ) ) ;
#723 = VERTEX_POINT ( 'NONE', #958 ) ;
#724 = ORIENTED_EDGE ( 'NONE', *, *, #938, .T. ) ;
#725 = EDGE_CURVE ( 'NONE', #282, #216, #1048, .T. ) ;
#726 = CARTESIAN_POINT ( 'NONE',  ( -1.175704941870258979, 38.54593715241127683, -6.227934294297009288 ) ) ;
#727 = CARTESIAN_POINT ( 'NONE',  ( -1.587374623180889399, 39.43400711403841541, -5.881270602524712565 ) ) ;
#728 = DIRECTION ( 'NONE',  ( 0.0000000000000000000, 1.000000000000000000, 0.0000000000000000000 ) ) ;
#729 = DIRECTION ( 'NONE',  ( 0.0000000000000000000, 1.000000000000000000, 0.0000000000000000000 ) ) ;
#730 = CARTESIAN_POINT ( 'NONE',  ( 1.592583492533051759, 38.95020854790763565, -6.141807119778722068 ) ) ;
#731 = EDGE_CURVE ( 'NONE', #659, #202, #386, .T. ) ;
#732 = CONICAL_SURFACE ( 'NONE', #324, 5.768864881975538594, 0.2419980460221287100 ) ;
#733 = CARTESIAN_POINT ( 'NONE',  ( -2.113055494260404333E-15, 38.12455178556635360, 6.337299999999997269 ) ) ;
#734 = CARTESIAN_POINT ( 'NONE',  ( -0.8852338036043381209, 41.17165536202869447, -6.052854137268285584 ) ) ;
#735 = VECTOR ( 'NONE', #555, 999.9999999999998863 ) ;
#736 = ORIENTED_EDGE ( 'NONE', *, *, #862, .F. ) ;
#737 = CARTESIAN_POINT ( 'NONE',  ( -1.587499996563191296, 40.00580405908696946, -5.881215758613627109 ) ) ;
#738 = EDGE_LOOP ( 'NONE', ( #577, #1183, #868, #626 ) ) ;
#739 = CARTESIAN_POINT ( 'NONE',  ( 0.4740647439091451587, 41.53889020104252694, -6.323095224419715166 ) ) ;
#740 = PRODUCT_DEFINITION ( 'UNKNOWN', '', #989, #222 ) ;
#741 = CARTESIAN_POINT ( 'NONE',  ( 1.174577435657885305, 41.16020951498108360, -6.228150209465428411 ) ) ;
#742 = CARTESIAN_POINT ( 'NONE',  ( -1.427087658115175142E-15, 47.59938391803525093, 0.0000000000000000000 ) ) ;
#743 = LOCAL_TIME ( 17, 26, 39.00000000000000000, #993 ) ;
#744 = DIRECTION ( 'NONE',  ( 0.0000000000000000000, 0.0000000000000000000, 1.000000000000000000 ) ) ;
#745 = AXIS2_PLACEMENT_3D ( 'NONE', #1055, #219, #871 ) ;
#746 = CONICAL_SURFACE ( 'NONE', #505, 5.768864881975538594, 0.2419980460221287100 ) ;
#747 = EDGE_LOOP ( 'NONE', ( #671, #58, #721, #867, #269, #25, #445, #247 ) ) ;
#748 = CARTESIAN_POINT ( 'NONE',  ( -1.427087658115175142E-15, 50.01259999999996353, 6.337299999999997269 ) ) ;
#749 = CARTESIAN_POINT ( 'NONE',  ( 0.001155691249386720182, 38.26510042066845330, -6.129859402813362834 ) ) ;
#750 = VERTEX_POINT ( 'NONE', #393 ) ;
#751 = DIRECTION ( 'NONE',  ( 0.0000000000000000000, 0.0000000000000000000, -1.000000000000000000 ) ) ;
#752 = EDGE_CURVE ( 'NONE', #246, #1147, #1152, .T. ) ;
#753 = PERSON_AND_ORGANIZATION_ROLE ( 'creator' ) ;
#754 = DIRECTION ( 'NONE',  ( 8.659560562354931626E-17, 0.7071067811865473507, -0.7071067811865476838 ) ) ;
#755 = CARTESIAN_POINT ( 'NONE',  ( -2.621184165924024101E-15, 10.54099999999999149, 2.499999999999997335 ) ) ;
#756 = CALENDAR_DATE ( 2019, 12, 12 ) ;
#757 = CARTESIAN_POINT ( 'NONE',  ( -1.565554919530893763, 39.51734530823199520, -5.891755450885094447 ) ) ;
#758 = CIRCLE ( 'NONE', #156, 5.768864881975538594 ) ;
#759 = FACE_OUTER_BOUND ( 'NONE', #44, .T. ) ;
#760 = CARTESIAN_POINT ( 'NONE',  ( -1.167829377541752756, 40.92985067899226692, 5.996626110690171707 ) ) ;
#761 = CC_DESIGN_DATE_AND_TIME_ASSIGNMENT ( #1129, #939, ( #961 ) ) ;
#762 = VERTEX_POINT ( 'NONE', #974 ) ;
#763 = CARTESIAN_POINT ( 'NONE',  ( -1.517883041479706208E-15, 38.26509999999996836, 6.129859531901825420 ) ) ;
#764 = ORIENTED_EDGE ( 'NONE', *, *, #208, .F. ) ;
#765 = CARTESIAN_POINT ( 'NONE',  ( -1.565554919531053191, 40.18785469176721392, 5.891755450884895495 ) ) ;
#766 = ORIENTED_EDGE ( 'NONE', *, *, #404, .F. ) ;
#767 = CARTESIAN_POINT ( 'NONE',  ( -1.461244925813606432, 39.22353725838435423, -5.923165049158540363 ) ) ;
#768 = B_SPLINE_CURVE_WITH_KNOTS ( 'NONE', 1,
 ( #985, #60 ),
 .UNSPECIFIED., .F., .F.,
 ( 2, 2 ),
 ( 0.0000000000000000000, 1.000000000000000000 ),
 .UNSPECIFIED. ) ;
#769 = CC_DESIGN_APPROVAL ( #446, ( #740 ) ) ;
#770 = CARTESIAN_POINT ( 'NONE',  ( -1.587499993070370818, 39.85260007119919834, -5.881243687587536684 ) ) ;
#771 = CARTESIAN_POINT ( 'NONE',  ( 1.308278646691314329, 40.78939337943743482, -5.964947657871659814 ) ) ;
#772 = LINE ( 'NONE', #182, #497 ) ;
#773 = CARTESIAN_POINT ( 'NONE',  ( -1.029992063861229212E-15, 38.12455178556636071, 6.337299999999998157 ) ) ;
#774 = EDGE_CURVE ( 'NONE', #659, #1068, #109, .T. ) ;
#775 = ORIENTED_EDGE ( 'NONE', *, *, #683, .F. ) ;
#776 = EDGE_LOOP ( 'NONE', ( #667, #1161, #502, #414 ) ) ;
#777 = B_SPLINE_CURVE_WITH_KNOTS ( 'NONE', 3,
 ( #885, #1005, #527, #1202, #887, #812, #1194, #255, #346, #1189, #618, #59, #716, #153, #1095, #172, #569, #918, #848, #915, #544, #634, #1214, #927, #733 ),
 .UNSPECIFIED., .F., .F.,
 ( 4, 2, 1, 2, 2, 2, 2, 2, 2, 2, 2, 2, 4 ),
 ( 0.4999389679333480219, 0.5077524215593895995, 0.5155658751854310662, 0.5311927824375141105, 0.5624465969416801991, 0.6249542259500117103, 0.6874618549583431104, 0.7499694839666746216, 0.8124771129750061327, 0.8749847419833376438, 0.9062385564875033994, 0.9374923709916691550, 1.000000000000000000 ),
 .UNSPECIFIED. ) ;
#778 = CARTESIAN_POINT ( 'NONE',  ( 0.9338714402263537107, 38.56738359033511188, 6.044637531646821493 ) ) ;
#779 = DIRECTION ( 'NONE',  ( 0.0000000000000000000, 1.000000000000000000, 0.0000000000000000000 ) ) ;
#780 = CARTESIAN_POINT ( 'NONE',  ( -1.592009110771285263, 40.75656541326820559, 6.142018598690795805 ) ) ;
#781 = DIRECTION ( 'NONE',  ( 1.000000000000000000, 0.0000000000000000000, 0.0000000000000000000 ) ) ;
#782 = CARTESIAN_POINT ( 'NONE',  ( 1.587499510871196229, 39.85260000722576024, 5.881243950452199165 ) ) ;
#783 = CARTESIAN_POINT ( 'NONE',  ( 1.786418125054504591, 40.30762981534159195, 6.080279097680286071 ) ) ;
#784 = LINE ( 'NONE', #708, #844 ) ;
#785 = VECTOR ( 'NONE', #840, 999.9999999999998863 ) ;
#786 = DIRECTION ( 'NONE',  ( 0.0000000000000000000, 0.0000000000000000000, 1.000000000000000000 ) ) ;
#787 = CARTESIAN_POINT ( 'NONE',  ( 1.587499510871196229, 39.85260000722576024, 5.881243950452199165 ) ) ;
#788 = CARTESIAN_POINT ( 'NONE',  ( -1.427087658115187369E-15, 48.30229099097084600, 0.0000000000000000000 ) ) ;
#789 = EDGE_CURVE ( 'NONE', #304, #553, #784, .T. ) ;
#790 = DIRECTION ( 'NONE',  ( 0.0000000000000000000, 1.000000000000000000, 0.0000000000000000000 ) ) ;
#791 = ORIENTED_EDGE ( 'NONE', *, *, #464, .T. ) ;
#792 = CARTESIAN_POINT ( 'NONE',  ( -0.1582869768814230416, 38.26509999999997547, 6.129868948323551336 ) ) ;
#793 = CARTESIAN_POINT ( 'NONE',  ( 1.426707938519100827, 39.12607863386742935, 5.933534503113410352 ) ) ;
#794 = DIRECTION ( 'NONE',  ( 0.0000000000000000000, 0.0000000000000000000, 1.000000000000000000 ) ) ;
#795 = CARTESIAN_POINT ( 'NONE',  ( -0.5804244590505451828, 41.49609308405445773, 6.311554014180067007 ) ) ;
#796 = CARTESIAN_POINT ( 'NONE',  ( -2.621184165924024101E-15, 10.54099999999999149, 2.499999999999997335 ) ) ;
#797 = DIRECTION ( 'NONE',  ( 0.0000000000000000000, 0.0000000000000000000, 1.000000000000000000 ) ) ;
#798 = CIRCLE ( 'NONE', #1043, 6.337299999999999933 ) ;
#799 = CARTESIAN_POINT ( 'NONE',  ( 3.847643254597555917E-08, 41.58064751986442786, 6.337299914641070231 ) ) ;
#800 = VECTOR ( 'NONE', #1118, 1000.000000000000114 ) ;
#801 = DIRECTION ( 'NONE',  ( 0.0000000000000000000, 0.0000000000000000000, 1.000000000000000000 ) ) ;
#802 = VERTEX_POINT ( 'NONE', #151 ) ;
#803 = ORIENTED_EDGE ( 'NONE', *, *, #307, .F. ) ;
#804 = VERTEX_POINT ( 'NONE', #799 ) ;
#805 = DIRECTION ( 'NONE',  ( 0.0000000000000000000, 0.0000000000000000000, 1.000000000000000000 ) ) ;
#806 = EDGE_CURVE ( 'NONE', #42, #1015, #1012, .T. ) ;
#807 = CARTESIAN_POINT ( 'NONE',  ( -0.4700215835016915422, 38.12446261236060252, -6.337340700264351590 ) ) ;
#808 = CARTESIAN_POINT ( 'NONE',  ( 1.786418125054515693, 39.39757018465834193, -6.080279097680285183 ) ) ;
#809 = CARTESIAN_POINT ( 'NONE',  ( -0.03242108352407409300, 41.58063250496015684, 6.337300000196797178 ) ) ;
#810 = EDGE_CURVE ( 'NONE', #162, #553, #758, .T. ) ;
#811 = COORDINATED_UNIVERSAL_TIME_OFFSET ( 0, 0, .AHEAD. ) ;
#812 = CARTESIAN_POINT ( 'NONE',  ( 0.2993253443323356522, 41.55964769254880053, 6.330485766497701228 ) ) ;
#813 = ADVANCED_FACE ( 'NONE', ( #345 ), #828, .F. ) ;
#814 = CARTESIAN_POINT ( 'NONE',  ( 1.592583492533051759, 38.95020854790763565, -6.141807119778722068 ) ) ;
#815 = LINE ( 'NONE', #1179, #1144 ) ;
#816 = CARTESIAN_POINT ( 'NONE',  ( -2.927345865710861972E-15, 0.5080000000000015614, 0.0000000000000000000 ) ) ;
#817 = CONICAL_SURFACE ( 'NONE', #704, 5.499099999999994992, 0.7515556193822487963 ) ;
#818 = VERTEX_POINT ( 'NONE', #503 ) ;
#819 = CARTESIAN_POINT ( 'NONE',  ( -7.536421367960674307E-16, 48.01361999999997465, -5.499099999999994992 ) ) ;
#820 = DIRECTION ( 'NONE',  ( 0.0000000000000000000, 1.000000000000000000, 0.0000000000000000000 ) ) ;
#821 = ORIENTED_EDGE ( 'NONE', *, *, #275, .T. ) ;
#822 = CARTESIAN_POINT ( 'NONE',  ( -7.206054668726955563E-16, 48.30229099097084600, -5.768864881975542147 ) ) ;
#823 = CARTESIAN_POINT ( 'NONE',  ( 1.723774077266474972E-10, 38.12455260206277785, -6.337299914638308884 ) ) ;
#824 = CARTESIAN_POINT ( 'NONE',  ( -2.927345865710861972E-15, 50.01259999999996353, 1.903999999999989035 ) ) ;
#825 = DIRECTION ( 'NONE',  ( 0.0000000000000000000, 1.000000000000000000, 0.0000000000000000000 ) ) ;
#826 = CARTESIAN_POINT ( 'NONE',  ( -6.100991913232067272E-16, 41.58064821443359449, -6.337299999999998157 ) ) ;
#827 = EDGE_CURVE ( 'NONE', #1015, #42, #1063, .T. ) ;
#828 = CONICAL_SURFACE ( 'NONE', #301, 2.499999999999997780, 0.7853981633974526089 ) ;
#829 = CARTESIAN_POINT ( 'NONE',  ( -1.427087658115187369E-15, 48.30229099097084600, 0.0000000000000000000 ) ) ;
#830 = AXIS2_PLACEMENT_3D ( 'NONE', #929, #850, #11 ) ;
#831 = LINE ( 'NONE', #990, #361 ) ;
#832 = ORIENTED_EDGE ( 'NONE', *, *, #128, .T. ) ;
#833 = CARTESIAN_POINT ( 'NONE',  ( -2.725279143851548820E-15, 49.75859999999997285, -1.649999999999998579 ) ) ;
#834 = ORIENTED_EDGE ( 'NONE', *, *, #596, .F. ) ;
#835 = ORIENTED_EDGE ( 'NONE', *, *, #1083, .F. ) ;
#836 = CARTESIAN_POINT ( 'NONE',  ( -2.927345865710861972E-15, 49.75859999999997285, 0.0000000000000000000 ) ) ;
#837 = DIRECTION ( 'NONE',  ( 0.0000000000000000000, -1.000000000000000000, 0.0000000000000000000 ) ) ;
#838 = DIRECTION ( 'NONE',  ( 0.0000000000000000000, 0.0000000000000000000, -1.000000000000000000 ) ) ;
#839 = DIRECTION ( 'NONE',  ( 0.0000000000000000000, 0.0000000000000000000, -1.000000000000000000 ) ) ;
#840 = DIRECTION ( 'NONE',  ( 8.947607682525083739E-17, -0.6827761641842022833, 0.7306276135090346013 ) ) ;
#841 = LOCAL_TIME ( 17, 26, 39.00000000000000000, #224 ) ;
#842 = SECURITY_CLASSIFICATION_LEVEL ( 'unclassified' ) ;
#843 = AXIS2_PLACEMENT_3D ( 'NONE', #621, #729, #75 ) ;
#844 = VECTOR ( 'NONE', #1187, 1000.000000000000227 ) ;
#845 = VERTEX_POINT ( 'NONE', #715 ) ;
#846 = EDGE_LOOP ( 'NONE', ( #1185, #483, #1087 ) ) ;
#847 = EDGE_LOOP ( 'NONE', ( #647, #376, #230, #426, #89, #803, #179, #999 ) ) ;
#848 = CARTESIAN_POINT ( 'NONE',  ( 1.174473373512620267, 38.54490183126212344, 6.228169834003558947 ) ) ;
#849 = EDGE_CURVE ( 'NONE', #1106, #282, #137, .T. ) ;
#850 = DIRECTION ( 'NONE',  ( 0.0000000000000000000, -1.000000000000000000, 0.0000000000000000000 ) ) ;
#851 = CARTESIAN_POINT ( 'NONE',  ( -1.427087658115175142E-15, 50.01259999999996353, 0.0000000000000000000 ) ) ;
#852 = PERSON_AND_ORGANIZATION_ROLE ( 'design_owner' ) ;
#853 = CARTESIAN_POINT ( 'NONE',  ( -0.7334381059021332083, 38.42941074646282829, -6.078665233383121702 ) ) ;
#854 = FACE_OUTER_BOUND ( 'NONE', #747, .T. ) ;
#855 = VECTOR ( 'NONE', #825, 1000.000000000000000 ) ;
#856 = CARTESIAN_POINT ( 'NONE',  ( -1.587499993070370818, 39.85259992880073554, 5.881243687587552671 ) ) ;
#857 = FACE_OUTER_BOUND ( 'NONE', #204, .T. ) ;
#858 = DIRECTION ( 'NONE',  ( 0.0000000000000000000, -0.9708610954996428344, -0.2396429286359881561 ) ) ;
#859 = CARTESIAN_POINT ( 'NONE',  ( 1.565628162362016296, 40.18746907068201324, -5.891668752285402100 ) ) ;
#860 = ORIENTED_EDGE ( 'NONE', *, *, #365, .T. ) ;
#861 = CARTESIAN_POINT ( 'NONE',  ( -1.029992063861229212E-15, 38.12455178556636071, 6.337299999999998157 ) ) ;
#862 = EDGE_CURVE ( 'NONE', #42, #1153, #815, .T. ) ;
#863 = CARTESIAN_POINT ( 'NONE',  ( 0.3436411751346999388, 41.41630892983168621, 6.119558352581492500 ) ) ;
#864 = CARTESIAN_POINT ( 'NONE',  ( -5.058795052113773885E-16, 41.44009999999997973, -6.129859531901812097 ) ) ;
#865 = FACE_OUTER_BOUND ( 'NONE', #594, .T. ) ;
#866 = CARTESIAN_POINT ( 'NONE',  ( 0.6364880061656269516, 38.39457601876812021, 6.088840123697107032 ) ) ;
#867 = ORIENTED_EDGE ( 'NONE', *, *, #959, .T. ) ;
#868 = ORIENTED_EDGE ( 'NONE', *, *, #288, .F. ) ;
#869 = CARTESIAN_POINT ( 'NONE',  ( -1.786422498461354591, 39.61510149336562137, 6.080301469404371772 ) ) ;
#870 = ORIENTED_EDGE ( 'NONE', *, *, #526, .T. ) ;
#871 = DIRECTION ( 'NONE',  ( 0.0000000000000000000, 0.0000000000000000000, 1.000000000000000000 ) ) ;
#872 = CARTESIAN_POINT ( 'NONE',  ( -0.9351572794214042528, 38.31327754927799845, 6.278072950786817152 ) ) ;
#873 = CARTESIAN_POINT ( 'NONE',  ( -0.3428706657689866155, 38.28867302497685898, 6.119605015060381348 ) ) ;
#874 = CARTESIAN_POINT ( 'NONE',  ( 0.8848403190655094175, 38.53328637504208132, 6.052965248464848180 ) ) ;
#875 = AXIS2_PLACEMENT_3D ( 'NONE', #935, #931, #268 ) ;
#876 = CARTESIAN_POINT ( 'NONE',  ( -2.927345865710861972E-15, 49.75859999999997285, 1.649999999999998579 ) ) ;
#877 = CARTESIAN_POINT ( 'NONE',  ( -1.427087658115175142E-15, 3.469446951953614189E-15, 0.0000000000000000000 ) ) ;
#878 = CARTESIAN_POINT ( 'NONE',  ( -1.786385968072103925, 40.30825260776771302, 6.080298577049964237 ) ) ;
#879 = ADVANCED_FACE ( 'NONE', ( #410 ), #1080, .F. ) ;
#880 = CONICAL_SURFACE ( 'NONE', #1196, 1.649999999999997913, 1.029744258676652979 ) ;
#881 = CIRCLE ( 'NONE', #435, 5.942367260738118162 ) ;
#882 = DIRECTION ( 'NONE',  ( 0.0000000000000000000, 0.0000000000000000000, 1.000000000000000000 ) ) ;
#883 = ORIENTED_EDGE ( 'NONE', *, *, #586, .F. ) ;
#884 = DIRECTION ( 'NONE',  ( 0.0000000000000000000, 1.000000000000000000, 0.0000000000000000000 ) ) ;
#885 = CARTESIAN_POINT ( 'NONE',  ( 3.847643254597555917E-08, 41.58064751986442786, 6.337299914641070231 ) ) ;
#886 = EDGE_CURVE ( 'NONE', #802, #1201, #226, .T. ) ;
#887 = CARTESIAN_POINT ( 'NONE',  ( 0.2119727929248652887, 41.57149313332355689, 6.334242844187472521 ) ) ;
#888 = CARTESIAN_POINT ( 'NONE',  ( 1.565565855173058907, 39.51744996783489938, -5.891751107410570398 ) ) ;
#889 = ORIENTED_EDGE ( 'NONE', *, *, #789, .F. ) ;
#890 = DIRECTION ( 'NONE',  ( 0.0000000000000000000, 1.000000000000000000, 0.0000000000000000000 ) ) ;
#891 = EDGE_LOOP ( 'NONE', ( #680, #613, #860, #1091 ) ) ;
#892 = CARTESIAN_POINT ( 'NONE',  ( -1.084895251406452710, 38.47299444390316836, -6.244507680228120527 ) ) ;
#893 = CARTESIAN_POINT ( 'NONE',  ( -0.4700215835016915422, 38.12446261236060252, -6.337340700264351590 ) ) ;
#894 = CARTESIAN_POINT ( 'NONE',  ( -6.776263578034402713E-16, 41.58064821443359449, -6.337299999999999045 ) ) ;
#895 = EDGE_CURVE ( 'NONE', #685, #14, #624, .T. ) ;
#896 = CARTESIAN_POINT ( 'NONE',  ( 1.587499999999992362, 39.85259999999997405, -6.337299999999999933 ) ) ;
#897 = CARTESIAN_POINT ( 'NONE',  ( -1.743387896687499827, 40.31058340136122098, -6.093441174694588014 ) ) ;
#898 = ADVANCED_FACE ( 'NONE', ( #373 ), #678, .F. ) ;
#899 = CC_DESIGN_DATE_AND_TIME_ASSIGNMENT ( #957, #1045, ( #740 ) ) ;
#900 = CARTESIAN_POINT ( 'NONE',  ( -1.427087658115187369E-15, 48.01361999999997465, 0.0000000000000000000 ) ) ;
#901 = CARTESIAN_POINT ( 'NONE',  ( -6.776263578034402713E-16, 41.58064821443359449, -6.337299999999999045 ) ) ;
#902 = CIRCLE ( 'NONE', #566, 5.499099999999994992 ) ;
#903 = CARTESIAN_POINT ( 'NONE',  ( -1.439896082351663775, 38.80164262498117012, -6.174170076998533929 ) ) ;
#904 = CARTESIAN_POINT ( 'NONE',  ( -0.8309766026951709295, 41.26672395881654865, -6.072571175789135189 ) ) ;
#905 = ORIENTED_EDGE ( 'NONE', *, *, #332, .T. ) ;
#906 = ORIENTED_EDGE ( 'NONE', *, *, #249, .F. ) ;
#907 = CARTESIAN_POINT ( 'NONE',  ( 5.829299999999996373, 0.0000000000000000000, 0.0000000000000000000 ) ) ;
#908 = ADVANCED_FACE ( 'NONE', ( #123 ), #880, .F. ) ;
#909 = AXIS2_PLACEMENT_3D ( 'NONE', #338, #401, #882 ) ;
#910 = CARTESIAN_POINT ( 'NONE',  ( -1.786664922387165788, 39.61620389995424318, -6.080230239541645432 ) ) ;
#911 = ORIENTED_EDGE ( 'NONE', *, *, #487, .T. ) ;
#912 = DIRECTION ( 'NONE',  ( 8.361596440022813196E-17, 0.7306276135090417068, -0.6827761641841946227 ) ) ;
#913 = CARTESIAN_POINT ( 'NONE',  ( -0.8300658903489085416, 38.43763283546780940, -6.072782233622224801 ) ) ;
#914 = PRODUCT_DEFINITION_SHAPE ( 'NONE', 'NONE',  #740 ) ;
#915 = CARTESIAN_POINT ( 'NONE',  ( 1.083655262422126064, 38.47206610405157079, 6.244723437563538759 ) ) ;
#916 = CARTESIAN_POINT ( 'NONE',  ( -2.927345865710861972E-15, 0.5080000000000015614, -2.499999999999997780 ) ) ;
#917 = CARTESIAN_POINT ( 'NONE',  ( 0.9336065025488814451, 41.39301622144618875, -6.278396547949159689 ) ) ;
#918 = CARTESIAN_POINT ( 'NONE',  ( 1.439318601560423572, 38.80077221890477546, 6.174317520044648511 ) ) ;
#919 = CIRCLE ( 'NONE', #114, 5.346699999999993125 ) ;
#920 = FACE_OUTER_BOUND ( 'NONE', #519, .T. ) ;
#921 = ORIENTED_EDGE ( 'NONE', *, *, #513, .T. ) ;
#922 = DIRECTION ( 'NONE',  ( 0.0000000000000000000, 1.000000000000000000, 0.0000000000000000000 ) ) ;
#923 = CARTESIAN_POINT ( 'NONE',  ( -2.927345865710861972E-15, 0.5080000000000015614, -2.499999999999997780 ) ) ;
#924 = ORIENTED_EDGE ( 'NONE', *, *, #789, .T. ) ;
#925 = CC_DESIGN_SECURITY_CLASSIFICATION ( #961, ( #989 ) ) ;
#926 = ORIENTED_EDGE ( 'NONE', *, *, #221, .T. ) ;
#927 = CARTESIAN_POINT ( 'NONE',  ( 0.2455902589238979639, 38.12442339788452728, 6.337299999999998157 ) ) ;
#928 = DIRECTION ( 'NONE',  ( 0.0000000000000000000, -1.000000000000000000, 0.0000000000000000000 ) ) ;
#929 = CARTESIAN_POINT ( 'NONE',  ( -1.427087658115175142E-15, 50.01259999999996353, 0.0000000000000000000 ) ) ;
#930 = CARTESIAN_POINT ( 'NONE',  ( 0.001155691249386720182, 38.26510042066845330, -6.129859402813362834 ) ) ;
#931 = DIRECTION ( 'NONE',  ( 0.0000000000000000000, -1.000000000000000000, 0.0000000000000000000 ) ) ;
#932 = AXIS2_PLACEMENT_3D ( 'NONE', #493, #1164, #213 ) ;
#933 = VECTOR ( 'NONE', #136, 999.9999999999998863 ) ;
#934 = ORIENTED_EDGE ( 'NONE', *, *, #316, .F. ) ;
#935 = CARTESIAN_POINT ( 'NONE',  ( -2.927345865710861972E-15, 50.01259999999996353, 0.0000000000000000000 ) ) ;
#936 = ORIENTED_EDGE ( 'NONE', *, *, #197, .F. ) ;
#937 = CARTESIAN_POINT ( 'NONE',  ( -6.993575535930793305E-16, 47.59938391803525093, 5.942367260738118162 ) ) ;
#938 = EDGE_CURVE ( 'NONE', #129, #87, #20, .T. ) ;
#939 = DATE_TIME_ROLE ( 'classification_date' ) ;
#940 = CARTESIAN_POINT ( 'NONE',  ( -1.517883041479706208E-15, 38.26509999999996836, 6.129859531901825420 ) ) ;
#941 = APPLICATION_PROTOCOL_DEFINITION ( 'international standard', 'config_control_design', 1994, #296 ) ;
#942 = CARTESIAN_POINT ( 'NONE',  ( 1.786418125054504591, 40.30762981534159195, 6.080279097680286071 ) ) ;
#943 = CARTESIAN_POINT ( 'NONE',  ( -1.427087658115162915E-15, 45.99939999999996587, 0.0000000000000000000 ) ) ;
#944 =( GEOMETRIC_REPRESENTATION_CONTEXT ( 3 ) GLOBAL_UNCERTAINTY_ASSIGNED_CONTEXT ( ( #1131 ) ) GLOBAL_UNIT_ASSIGNED_CONTEXT ( ( #1140, #194, #294 ) ) REPRESENTATION_CONTEXT ( 'NONE', 'WORKASPACE' ) );
#945 = CIRCLE ( 'NONE', #745, 6.337299999999999933 ) ;
#946 = FACE_OUTER_BOUND ( 'NONE', #846, .T. ) ;
#947 = DIRECTION ( 'NONE',  ( 0.0000000000000000000, 1.000000000000000000, 0.0000000000000000000 ) ) ;
#948 = CARTESIAN_POINT ( 'NONE',  ( 0.9338714402252922264, 41.13781640966562492, -6.044637531646805506 ) ) ;
#949 = EDGE_LOOP ( 'NONE', ( #86, #460, #921, #580 ) ) ;
#950 = CARTESIAN_POINT ( 'NONE',  ( -0.7334381059014249971, 41.27578925353748929, 6.078665233383352628 ) ) ;
#951 = ORIENTED_EDGE ( 'NONE', *, *, #895, .F. ) ;
#952 = ORIENTED_EDGE ( 'NONE', *, *, #332, .F. ) ;
#953 = EDGE_LOOP ( 'NONE', ( #720, #318, #399, #1163 ) ) ;
#954 = CARTESIAN_POINT ( 'NONE',  ( 0.4715805708749472025, 38.12430525650385249, 6.337361510437287571 ) ) ;
#955 = EDGE_CURVE ( 'NONE', #802, #163, #561, .T. ) ;
#956 = DIRECTION ( 'NONE',  ( 0.0000000000000000000, 1.000000000000000000, 0.0000000000000000000 ) ) ;
#957 = DATE_AND_TIME ( #383, #743 ) ;
#958 = CARTESIAN_POINT ( 'NONE',  ( -7.464556104438845434E-16, 50.01259999999996353, 5.346699999999993125 ) ) ;
#959 = EDGE_CURVE ( 'NONE', #61, #804, #209, .T. ) ;
#960 = LINE ( 'NONE', #529, #855 ) ;
#961 = SECURITY_CLASSIFICATION ( '', '', #842 ) ;
#962 = ORIENTED_EDGE ( 'NONE', *, *, #316, .T. ) ;
#963 = ORIENTED_EDGE ( 'NONE', *, *, #849, .T. ) ;
#964 = ORIENTED_EDGE ( 'NONE', *, *, #938, .F. ) ;
#965 = CARTESIAN_POINT ( 'NONE',  ( -1.567784026825121875E-15, 38.26509999999996836, 6.129859531901824532 ) ) ;
#966 = CARTESIAN_POINT ( 'NONE',  ( 0.9352893996103809338, 41.39273892083942030, 6.278150360066620195 ) ) ;
#967 = AXIS2_PLACEMENT_3D ( 'NONE', #978, #408, #801 ) ;
#968 = CARTESIAN_POINT ( 'NONE',  ( -1.084571031845463551, 41.23246574939435050, 6.244563819851555841 ) ) ;
#969 = CARTESIAN_POINT ( 'NONE',  ( 1.565628162361507814, 39.51773092931555453, 5.891668752285422528 ) ) ;
#970 = CARTESIAN_POINT ( 'NONE',  ( 1.592583492533038658, 40.75499145209229113, 6.141807119778722956 ) ) ;
#971 = PERSON_AND_ORGANIZATION ( #424, #1011 ) ;
#972 = CARTESIAN_POINT ( 'NONE',  ( -1.427087658115175142E-15, 47.59938391803525093, -5.942367260738118162 ) ) ;
#973 = LINE ( 'NONE', #1111, #185 ) ;
#974 = CARTESIAN_POINT ( 'NONE',  ( 0.001155691249386720182, 38.26510042066845330, -6.129859402813362834 ) ) ;
#975 = CARTESIAN_POINT ( 'NONE',  ( -0.4715805708749490344, 38.12479831462887603, 6.337238489562708743 ) ) ;
#976 = EDGE_CURVE ( 'NONE', #499, #1068, #37, .T. ) ;
#977 = CONICAL_SURFACE ( 'NONE', #1022, 1.649999999999998579, 0.7853981633974482790 ) ;
#978 = CARTESIAN_POINT ( 'NONE',  ( -1.427087658115175142E-15, 3.469446951953614189E-15, 0.0000000000000000000 ) ) ;
#979 = ORIENTED_EDGE ( 'NONE', *, *, #1112, .T. ) ;
#980 = CARTESIAN_POINT ( 'NONE',  ( -1.786631382810450752, 40.08931123888631021, 6.080240094256695649 ) ) ;
#981 = EDGE_LOOP ( 'NONE', ( #101, #1, #352, #1040, #646 ) ) ;
#982 = DIRECTION ( 'NONE',  ( 0.0000000000000000000, 0.0000000000000000000, 1.000000000000000000 ) ) ;
#983 = CARTESIAN_POINT ( 'NONE',  ( -0.8309766026951710405, 38.43847604118339945, 6.072571175789151177 ) ) ;
#984 = EDGE_LOOP ( 'NONE', ( #835, #556, #443, #27 ) ) ;
#985 = CARTESIAN_POINT ( 'NONE',  ( -2.113055494260404333E-15, 38.12455178556635360, 6.337299999999997269 ) ) ;
#986 = CARTESIAN_POINT ( 'NONE',  ( -2.113055494260404333E-15, 38.12455178556635360, 6.337299999999997269 ) ) ;
#987 = CARTESIAN_POINT ( 'NONE',  ( 0.4726227472108047722, 41.58055812540366958, 6.337259032821789262 ) ) ;
#988 = CARTESIAN_POINT ( 'NONE',  ( -0.4752541698149346239, 38.16702012667923327, -6.323011095689412109 ) ) ;
#989 = PRODUCT_DEFINITION_FORMATION_WITH_SPECIFIED_SOURCE ( 'ANY', '', #31, .NOT_KNOWN. ) ;
#990 = CARTESIAN_POINT ( 'NONE',  ( -1.427087658115175142E-15, 50.01259999999996353, 6.337299999999997269 ) ) ;
#991 = CARTESIAN_POINT ( 'NONE',  ( -0.8852338036068662097, 38.53354463797298024, 6.052854137268299795 ) ) ;
#992 = CARTESIAN_POINT ( 'NONE',  ( -1.427087658115175142E-15, 3.469446951953614189E-15, 0.0000000000000000000 ) ) ;
#993 = COORDINATED_UNIVERSAL_TIME_OFFSET ( 0, 0, .AHEAD. ) ;
#994 = CARTESIAN_POINT ( 'NONE',  ( -2.927345865710861972E-15, 50.01259999999996353, 0.0000000000000000000 ) ) ;
#995 = LINE ( 'NONE', #923, #481 ) ;
#996 = ADVANCED_FACE ( 'NONE', ( #1101, #422 ), #150, .F. ) ;
#997 = ORIENTED_EDGE ( 'NONE', *, *, #93, .T. ) ;
#998 = AXIS2_PLACEMENT_3D ( 'NONE', #498, #1172, #309 ) ;
#999 = ORIENTED_EDGE ( 'NONE', *, *, #450, .F. ) ;
#1000 = CARTESIAN_POINT ( 'NONE',  ( -1.438686179723910108, 40.90507066538225445, -6.174408554847987673 ) ) ;
#1001 = CARTESIAN_POINT ( 'NONE',  ( -1.587625375680701723, 40.27127790933043627, -5.881216762243279383 ) ) ;
#1002 = EDGE_LOOP ( 'NONE', ( #187, #74 ) ) ;
#1003 = CARTESIAN_POINT ( 'NONE',  ( -1.587374623180889399, 39.43400711403841541, -5.881270602524712565 ) ) ;
#1004 = ORIENTED_EDGE ( 'NONE', *, *, #351, .F. ) ;
#1005 = CARTESIAN_POINT ( 'NONE',  ( 0.03242907633843408743, 41.58066252462445789, 6.337299999803150286 ) ) ;
#1006 = ADVANCED_FACE ( 'NONE', ( #639 ), #1166, .T. ) ;
#1007 = CARTESIAN_POINT ( 'NONE',  ( 1.591645120231931276, 40.75724968198045417, -6.142094159009350740 ) ) ;
#1008 = CARTESIAN_POINT ( 'NONE',  ( 0.8310940050013303493, 38.43772597835203442, -6.072646051007503765 ) ) ;
#1009 = CARTESIAN_POINT ( 'NONE',  ( 0.9352893996103838203, 38.31246107916052779, -6.278150360066621083 ) ) ;
#1010 = CARTESIAN_POINT ( 'NONE',  ( -1.427087658115187369E-15, 48.01361999999997465, 0.0000000000000000000 ) ) ;
#1011 = ORGANIZATION ( 'UNSPECIFIED', 'UNSPECIFIED', '' ) ;
#1012 = CIRCLE ( 'NONE', #675, 5.829299999999999926 ) ;
#1013 = CARTESIAN_POINT ( 'NONE',  ( 0.9336065025488814451, 41.39301622144618875, -6.278396547949159689 ) ) ;
#1014 = CONICAL_SURFACE ( 'NONE', #967, 5.829299999999999926, 0.7853981633974533860 ) ;
#1015 = VERTEX_POINT ( 'NONE', #350 ) ;
#1016 = DIRECTION ( 'NONE',  ( 1.049727191138617463E-16, 0.5150380749100552658, -0.8571673007021116675 ) ) ;
#1017 = ORIENTED_EDGE ( 'NONE', *, *, #63, .T. ) ;
#1018 = CARTESIAN_POINT ( 'NONE',  ( -0.3428706657644635669, 41.41652697502408387, -6.119605015060370690 ) ) ;
#1019 = DIRECTION ( 'NONE',  ( 8.659560562354969836E-17, -0.7071067811865442421, 0.7071067811865506814 ) ) ;
#1020 = DIRECTION ( 'NONE',  ( 0.0000000000000000000, 0.0000000000000000000, 1.000000000000000000 ) ) ;
#1021 = DIRECTION ( 'NONE',  ( 0.0000000000000000000, 0.0000000000000000000, 1.000000000000000000 ) ) ;
#1022 = AXIS2_PLACEMENT_3D ( 'NONE', #1209, #524, #357 ) ;
#1023 = CARTESIAN_POINT ( 'NONE',  ( -2.927345865710861972E-15, 49.75859999999997285, 0.0000000000000000000 ) ) ;
#1024 = CARTESIAN_POINT ( 'NONE',  ( 1.083629204435099913, 41.23317893963361769, -6.244728604316797771 ) ) ;
#1025 = LINE ( 'NONE', #645, #387 ) ;
#1026 = EDGE_LOOP ( 'NONE', ( #416, #952, #432, #539 ) ) ;
#1027 = CARTESIAN_POINT ( 'NONE',  ( -1.427087658115175142E-15, 3.469446951953614189E-15, 5.829299999999999926 ) ) ;
#1028 = ORIENTED_EDGE ( 'NONE', *, *, #774, .T. ) ;
#1029 = EDGE_CURVE ( 'NONE', #29, #202, #264, .T. ) ;
#1030 = ORIENTED_EDGE ( 'NONE', *, *, #976, .T. ) ;
#1031 = CARTESIAN_POINT ( 'NONE',  ( -1.427087658115175142E-15, 47.59938391803525093, 0.0000000000000000000 ) ) ;
#1032 = DIRECTION ( 'NONE',  ( 0.0000000000000000000, -1.000000000000000000, 0.0000000000000000000 ) ) ;
#1033 = AXIS2_PLACEMENT_3D ( 'NONE', #943, #168, #381 ) ;
#1034 = PERSON_AND_ORGANIZATION ( #424, #1011 ) ;
#1035 = CARTESIAN_POINT ( 'NONE',  ( -1.415861110706388537, 39.02343501406678428, 5.940711883296788010 ) ) ;
#1036 = VECTOR ( 'NONE', #609, 1000.000000000000114 ) ;
#1037 = LINE ( 'NONE', #748, #455 ) ;
#1038 = CARTESIAN_POINT ( 'NONE',  ( 1.415162599903747376, 40.68159680015088497, 5.940765771637042114 ) ) ;
#1039 = CARTESIAN_POINT ( 'NONE',  ( 0.001155691249388866686, 41.44009957933149479, 6.129859402813377045 ) ) ;
#1040 = ORIENTED_EDGE ( 'NONE', *, *, #19, .F. ) ;
#1041 = EDGE_CURVE ( 'NONE', #304, #499, #902, .T. ) ;
#1042 = CARTESIAN_POINT ( 'NONE',  ( -0.1574262861595532859, 41.44021502616751462, 6.129890355007390212 ) ) ;
#1043 = AXIS2_PLACEMENT_3D ( 'NONE', #363, #663, #461 ) ;
#1044 = CARTESIAN_POINT ( 'NONE',  ( -1.587625375680702167, 39.43392209066950471, 5.881216762243299812 ) ) ;
#1045 = DATE_TIME_ROLE ( 'creation_date' ) ;
#1046 = CARTESIAN_POINT ( 'NONE',  ( -0.9403515870768079932, 38.54795183681404325, -6.047905398653564468 ) ) ;
#1047 = EDGE_CURVE ( 'NONE', #413, #253, #534, .T. ) ;
#1048 = B_SPLINE_CURVE_WITH_KNOTS ( 'NONE', 3,
 ( #782, #119, #406, #131, #121, #231, #584, #482, #585, #677, #313, #863, #681, #306 ),
 .UNSPECIFIED., .F., .F.,
 ( 4, 2, 2, 2, 2, 2, 4 ),
 ( 0.2501220713564939468, 0.3125915535173689475, 0.3438262945978073915, 0.3594436651380266134, 0.3750610356782458910, 0.4375305178391229455, 0.5000000000000000000 ),
 .UNSPECIFIED. ) ;
#1049 = LINE ( 'NONE', #546, #1212 ) ;
#1050 = CARTESIAN_POINT ( 'NONE',  ( -0.9351572794214042528, 38.31327754927799845, 6.278072950786817152 ) ) ;
#1051 = ORIENTED_EDGE ( 'NONE', *, *, #806, .T. ) ;
#1052 = ORIENTED_EDGE ( 'NONE', *, *, #34, .F. ) ;
#1053 = VERTEX_POINT ( 'NONE', #620 ) ;
#1054 = ORIENTED_EDGE ( 'NONE', *, *, #81, .F. ) ;
#1055 = CARTESIAN_POINT ( 'NONE',  ( -1.427087658115187369E-15, 0.5079999999999980087, 0.0000000000000000000 ) ) ;
#1056 = CARTESIAN_POINT ( 'NONE',  ( 0.1586550042731040278, 41.44009999999996552, -6.129850093586297177 ) ) ;
#1057 = AXIS2_PLACEMENT_3D ( 'NONE', #877, #322, #333 ) ;
#1058 = B_SPLINE_CURVE_WITH_KNOTS ( 'NONE', 3,
 ( #965, #402, #32, #866, #45, #874, #778, #38, #1169, #319, #793, #969, #595, #787 ),
 .UNSPECIFIED., .F., .F.,
 ( 4, 2, 2, 2, 2, 2, 4 ),
 ( 0.0000000000000000000, 0.06253051783912398631, 0.09379577675868562558, 0.1094284062184664591, 0.1250610356782472787, 0.1875915535173706405, 0.2501220713564940024 ),
 .UNSPECIFIED. ) ;
#1059 = CARTESIAN_POINT ( 'NONE',  ( -2.927345865710861972E-15, 43.91659999999997410, 1.649999999999997913 ) ) ;
#1060 = CARTESIAN_POINT ( 'NONE',  ( 0.3432944118698526559, 41.41640428575267663, -6.119594061745677216 ) ) ;
#1061 = CARTESIAN_POINT ( 'NONE',  ( 0.8295985915494769047, 38.43747123293810830, 6.072884180047486424 ) ) ;
#1062 = EDGE_CURVE ( 'NONE', #701, #762, #1157, .T. ) ;
#1063 = CIRCLE ( 'NONE', #1057, 5.829299999999999926 ) ;
#1064 = LINE ( 'NONE', #444, #800 ) ;
#1065 = DIRECTION ( 'NONE',  ( -0.0000000000000000000, 1.000000000000000000, -0.0000000000000000000 ) ) ;
#1066 = CARTESIAN_POINT ( 'NONE',  ( -1.029992063861229212E-15, 38.12455178556636071, 6.337299999999998157 ) ) ;
#1067 = CARTESIAN_POINT ( 'NONE',  ( 1.461334153245962053, 39.22375170526356669, -5.923140743299565081 ) ) ;
#1068 = VERTEX_POINT ( 'NONE', #183 ) ;
#1069 = CARTESIAN_POINT ( 'NONE',  ( -0.7367338725458789650, 38.44159390801972620, 6.075962111743022476 ) ) ;
#1070 = CARTESIAN_POINT ( 'NONE',  ( -1.427087658115175142E-15, 50.01259999999996353, 0.0000000000000000000 ) ) ;
#1071 = CARTESIAN_POINT ( 'NONE',  ( -0.4190450197651151010, 38.26532647832678435, 6.129800034813067455 ) ) ;
#1072 = AXIS2_PLACEMENT_3D ( 'NONE', #67, #820, #711 ) ;
#1073 = CARTESIAN_POINT ( 'NONE',  ( -0.4715805708749552516, 41.58040168537107917, -6.337238489562710519 ) ) ;
#1074 = CARTESIAN_POINT ( 'NONE',  ( -1.587499996563189963, 39.69939594091346180, 5.881215758613784317 ) ) ;
#1075 = DIRECTION ( 'NONE',  ( 0.0000000000000000000, 0.0000000000000000000, 1.000000000000000000 ) ) ;
#1076 = CARTESIAN_POINT ( 'NONE',  ( -1.587374623180888955, 40.27119288596153268, 5.881270602524725888 ) ) ;
#1077 = CARTESIAN_POINT ( 'NONE',  ( 0.9409097198913283222, 38.54839129427687539, -6.047790594207994808 ) ) ;
#1078 = CARTESIAN_POINT ( 'NONE',  ( -0.9145398482847922894, 38.29380083315381711, 6.281104185898807479 ) ) ;
#1079 = B_SPLINE_CURVE_WITH_KNOTS ( 'NONE', 3,
 ( #103, #1042, #4, #950, #458, #760, #660, #473, #100, #105, #1130, #765, #298, #856 ),
 .UNSPECIFIED., .F., .F.,
 ( 4, 2, 2, 2, 2, 2, 4 ),
 ( 0.5000000000000000000, 0.5624985559236863608, 0.6249971118473728326, 0.6406217508282943118, 0.6562463898092159020, 0.6874956677710590824, 0.7499942236947452212 ),
 .UNSPECIFIED. ) ;
#1080 = CYLINDRICAL_SURFACE ( 'NONE', #215, 1.587499999999999245 ) ;
#1081 = CARTESIAN_POINT ( 'NONE',  ( -1.427087658115187369E-15, 48.30229099097084600, 0.0000000000000000000 ) ) ;
#1082 = CARTESIAN_POINT ( 'NONE',  ( 1.587500000741537631, 40.00590716902978272, -5.881214631980788532 ) ) ;
#1083 = EDGE_CURVE ( 'NONE', #723, #553, #290, .T. ) ;
#1084 = FACE_OUTER_BOUND ( 'NONE', #1026, .T. ) ;
#1085 = DIRECTION ( 'NONE',  ( 0.0000000000000000000, 0.0000000000000000000, -1.000000000000000000 ) ) ;
#1086 = FACE_OUTER_BOUND ( 'NONE', #776, .T. ) ;
#1087 = ORIENTED_EDGE ( 'NONE', *, *, #586, .T. ) ;
#1088 = DIRECTION ( 'NONE',  ( 0.0000000000000000000, 0.0000000000000000000, 1.000000000000000000 ) ) ;
#1089 = CARTESIAN_POINT ( 'NONE',  ( -0.2462205869335276631, 38.12471919194895520, -6.337300000008936784 ) ) ;
#1090 = ADVANCED_FACE ( 'NONE', ( #312 ), #159, .T. ) ;
#1091 = ORIENTED_EDGE ( 'NONE', *, *, #662, .F. ) ;
#1092 = CARTESIAN_POINT ( 'NONE',  ( 0.4726227472108043282, 38.12464187459625720, -6.337259032821789262 ) ) ;
#1093 = CARTESIAN_POINT ( 'NONE',  ( -7.206054668726960494E-16, 48.30229099097084600, 5.768864881975538594 ) ) ;
#1094 = EDGE_CURVE ( 'NONE', #246, #29, #973, .T. ) ;
#1095 = CARTESIAN_POINT ( 'NONE',  ( 1.786755468360972543, 39.61458827758838197, 6.080203635019745256 ) ) ;
#1096 = CARTESIAN_POINT ( 'NONE',  ( 1.587403197729751136, 39.43457921076813477, -5.881251760774467208 ) ) ;
#1097 = ADVANCED_FACE ( 'NONE', ( #397 ), #196, .F. ) ;
#1098 = LOCAL_TIME ( 17, 26, 39.00000000000000000, #811 ) ;
#1099 = CARTESIAN_POINT ( 'NONE',  ( -0.7914575411928032045, 38.29367323925693256, -6.288577532997704722 ) ) ;
#1100 = CARTESIAN_POINT ( 'NONE',  ( 0.4190450197651177655, 41.44032647832679572, -6.129919028990567398 ) ) ;
#1101 = FACE_BOUND ( 'NONE', #1002, .T. ) ;
#1102 = CARTESIAN_POINT ( 'NONE',  ( 1.415162599903746488, 39.02360319984905601, -5.940765771637027903 ) ) ;
#1103 = ORIENTED_EDGE ( 'NONE', *, *, #478, .F. ) ;
#1104 = AXIS2_PLACEMENT_3D ( 'NONE', #1173, #599, #46 ) ;
#1105 = ADVANCED_FACE ( 'NONE', ( #1174 ), #300, .F. ) ;
#1106 = VERTEX_POINT ( 'NONE', #371 ) ;
#1107 = CARTESIAN_POINT ( 'NONE',  ( 1.587596083268751457, 40.27275752948138177, -5.881235833592723949 ) ) ;
#1108 = ORIENTED_EDGE ( 'NONE', *, *, #526, .F. ) ;
#1109 = DIRECTION ( 'NONE',  ( 0.0000000000000000000, 1.000000000000000000, 0.0000000000000000000 ) ) ;
#1110 = CARTESIAN_POINT ( 'NONE',  ( 1.587596083268751457, 40.27275752948138177, -5.881235833592723949 ) ) ;
#1111 = CARTESIAN_POINT ( 'NONE',  ( -6.509922420915237252E-16, 50.01259999999996353, -6.337299999999997269 ) ) ;
#1112 = EDGE_CURVE ( 'NONE', #201, #163, #653, .T. ) ;
#1113 = DIRECTION ( 'NONE',  ( 0.0000000000000000000, 1.000000000000000000, 0.0000000000000000000 ) ) ;
#1114 = CARTESIAN_POINT ( 'NONE',  ( 1.415162599903746488, 39.02360319984905601, -5.940765771637027903 ) ) ;
#1115 = AXIS2_PLACEMENT_3D ( 'NONE', #1031, #451, #839 ) ;
#1116 = CARTESIAN_POINT ( 'NONE',  ( 1.437680196311520220, 38.79953717734886709, -6.174636289939788192 ) ) ;
#1117 = VECTOR ( 'NONE', #49, 1000.000000000000000 ) ;
#1118 = DIRECTION ( 'NONE',  ( 0.0000000000000000000, -0.5150380749100547106, -0.8571673007021120005 ) ) ;
#1119 = DIRECTION ( 'NONE',  ( 0.0000000000000000000, -1.000000000000000000, 0.0000000000000000000 ) ) ;
#1120 = VECTOR ( 'NONE', #858, 1000.000000000000114 ) ;
#1121 = EDGE_CURVE ( 'NONE', #701, #246, #488, .T. ) ;
#1122 = FACE_OUTER_BOUND ( 'NONE', #10, .T. ) ;
#1123 = CARTESIAN_POINT ( 'NONE',  ( -1.427087658115162915E-15, 45.99939999999996587, -6.337299999999993716 ) ) ;
#1124 = ORIENTED_EDGE ( 'NONE', *, *, #370, .F. ) ;
#1125 = ORIENTED_EDGE ( 'NONE', *, *, #487, .F. ) ;
#1126 = CARTESIAN_POINT ( 'NONE',  ( -2.927345865710861972E-15, 10.54099999999999149, 0.0000000000000000000 ) ) ;
#1127 = CARTESIAN_POINT ( 'NONE',  ( 1.743135585880243754, 39.39545431913014539, -6.093515338983318763 ) ) ;
#1128 = AXIS2_PLACEMENT_3D ( 'NONE', #687, #890, #1168 ) ;
#1129 = DATE_AND_TIME ( #622, #841 ) ;
#1130 = CARTESIAN_POINT ( 'NONE',  ( -1.461244925813903306, 40.48166274161490463, 5.923165049158338746 ) ) ;
#1131 = UNCERTAINTY_MEASURE_WITH_UNIT (LENGTH_MEASURE( 1.000000000000000082E-05 ), #1140, 'distance_accuracy_value', 'NONE');
#1132 = EDGE_LOOP ( 'NONE', ( #834, #1218, #670, #457 ) ) ;
#1133 = ORIENTED_EDGE ( 'NONE', *, *, #827, .T. ) ;
#1134 = EDGE_CURVE ( 'NONE', #818, #129, #694, .T. ) ;
#1135 = DIRECTION ( 'NONE',  ( 1.049727191138617833E-16, -0.5150380749100547106, 0.8571673007021120005 ) ) ;
#1136 = CARTESIAN_POINT ( 'NONE',  ( -0.8300658903489079865, 41.26756716453213869, 6.072782233622238124 ) ) ;
#1137 = CARTESIAN_POINT ( 'NONE',  ( -2.927345865710861972E-15, 0.5080000000000015614, 0.0000000000000000000 ) ) ;
#1138 = CARTESIAN_POINT ( 'NONE',  ( 1.414328765062556226, 39.02152863834488272, 5.941043415450236509 ) ) ;
#1139 = DIRECTION ( 'NONE',  ( 0.0000000000000000000, 0.0000000000000000000, 1.000000000000000000 ) ) ;
#1140 =( LENGTH_UNIT ( ) NAMED_UNIT ( * ) SI_UNIT ( .MILLI., .METRE. ) );
#1141 = CC_DESIGN_PERSON_AND_ORGANIZATION_ASSIGNMENT ( #1034, #286, ( #961 ) ) ;
#1142 = APPROVAL_DATE_TIME ( #243, #446 ) ;
#1143 = CARTESIAN_POINT ( 'NONE',  ( -1.587374623180888955, 40.27119288596153268, 5.881270602524725888 ) ) ;
#1144 = VECTOR ( 'NONE', #508, 999.9999999999998863 ) ;
#1145 = CIRCLE ( 'NONE', #641, 1.649999999999998579 ) ;
#1146 = APPROVAL_STATUS ( 'not_yet_approved' ) ;
#1147 = VERTEX_POINT ( 'NONE', #441 ) ;
#1148 = CARTESIAN_POINT ( 'NONE',  ( -1.211063824381348075, 38.82432438208721237, -5.986609809569151786 ) ) ;
#1149 = CARTESIAN_POINT ( 'NONE',  ( 1.029988656779534661, 41.06215382412183601, -6.026701273820115112 ) ) ;
#1150 = EDGE_LOOP ( 'NONE', ( #736, #1051, #870, #124 ) ) ;
#1151 = AXIS2_PLACEMENT_3D ( 'NONE', #467, #728, #1139 ) ;
#1152 = B_SPLINE_CURVE_WITH_KNOTS ( 'NONE', 1,
 ( #1193, #603 ),
 .UNSPECIFIED., .F., .F.,
 ( 2, 2 ),
 ( 0.0000000000000000000, 1.000000000000000000 ),
 .UNSPECIFIED. ) ;
#1153 = VERTEX_POINT ( 'NONE', #547 ) ;
#1154 = CARTESIAN_POINT ( 'NONE',  ( 1.786635192845526854, 39.39524426958874415, 6.080262631512676208 ) ) ;
#1155 = EDGE_CURVE ( 'NONE', #1068, #29, #277, .T. ) ;
#1156 = APPROVAL_PERSON_ORGANIZATION ( #195, #452, #375 ) ;
#1157 = B_SPLINE_CURVE_WITH_KNOTS ( 'NONE', 1,
 ( #164, #749 ),
 .UNSPECIFIED., .F., .F.,
 ( 2, 2 ),
 ( 0.0000000000000000000, 1.000000000000000000 ),
 .UNSPECIFIED. ) ;
#1158 = VECTOR ( 'NONE', #489, 1000.000000000000000 ) ;
#1159 = DIRECTION ( 'NONE',  ( 0.0000000000000000000, 1.000000000000000000, 0.0000000000000000000 ) ) ;
#1160 = CARTESIAN_POINT ( 'NONE',  ( 0.8848403190642133431, 41.17191362495874785, -6.052965248464832193 ) ) ;
#1161 = ORIENTED_EDGE ( 'NONE', *, *, #886, .F. ) ;
#1162 = CARTESIAN_POINT ( 'NONE',  ( -2.927345865710861972E-15, 43.91659999999997410, 0.0000000000000000000 ) ) ;
#1163 = ORIENTED_EDGE ( 'NONE', *, *, #144, .F. ) ;
#1164 = DIRECTION ( 'NONE',  ( 0.0000000000000000000, -1.000000000000000000, 0.0000000000000000000 ) ) ;
#1165 = CARTESIAN_POINT ( 'NONE',  ( -1.517883041479706208E-15, 38.26509999999996836, 6.129859531901825420 ) ) ;
#1166 = B_SPLINE_SURFACE_WITH_KNOTS ( 'NONE', 1, 3, ( 
 ( #901, #336, #242, #520, #530, #160, #344, #719, #807, #1208, #420, #730, #512, #340, #1205, #917, #434, #894 ),
 ( #167, #1195, #258, #254, #155, #1003, #628, #913, #423, #633, #1008, #1102, #1096, #1107, #615, #430, #525, #535 ) ),
 .UNSPECIFIED., .F., .T., .F.,
 ( 2, 2 ),
 ( 4, 2, 2, 2, 2, 2, 2, 2, 4 ),
 ( 0.0000000000000000000, 1.000000000000000000 ),
 ( 0.0004924028930195587656, 0.001848931481341780075, 0.003205460069664001384, 0.004561988657986222259, 0.005918517246308444002, 0.007275045834630665745, 0.008631574422952887488, 0.009988103011275107496, 0.01134463159959732924 ),
 .UNSPECIFIED. ) ;
#1167 = AXIS2_PLACEMENT_3D ( 'NONE', #688, #604, #794 ) ;
#1168 = DIRECTION ( 'NONE',  ( 0.0000000000000000000, 0.0000000000000000000, 1.000000000000000000 ) ) ;
#1169 = CARTESIAN_POINT ( 'NONE',  ( 1.076065157112180870, 38.68360312646023402, 6.017314450499841705 ) ) ;
#1170 = CARTESIAN_POINT ( 'NONE',  ( -0.4176598182553729610, 41.44018192058013028, 6.129898899982855198 ) ) ;
#1171 = CARTESIAN_POINT ( 'NONE',  ( -1.077094823249504785, 38.68455608490780406, 6.017092033193886635 ) ) ;
#1172 = DIRECTION ( 'NONE',  ( 0.0000000000000000000, 1.000000000000000000, 0.0000000000000000000 ) ) ;
#1173 = CARTESIAN_POINT ( 'NONE',  ( -2.927345865710861972E-15, 0.5080000000000015614, 0.0000000000000000000 ) ) ;
#1174 = FACE_OUTER_BOUND ( 'NONE', #953, .T. ) ;
#1175 = CARTESIAN_POINT ( 'NONE',  ( -0.9351572794214085826, 41.39192245072194964, -6.278072950786817152 ) ) ;
#1176 = AXIS2_PLACEMENT_3D ( 'NONE', #907, #73, #248 ) ;
#1177 = CYLINDRICAL_SURFACE ( 'NONE', #384, 2.499999999999997780 ) ;
#1178 = EDGE_LOOP ( 'NONE', ( #205, #1125, #1030, #905 ) ) ;
#1179 = CARTESIAN_POINT ( 'NONE',  ( -7.132042994882087853E-16, 3.469446951953614189E-15, -5.829299999999999926 ) ) ;
#1180 = CARTESIAN_POINT ( 'NONE',  ( 0.8310940050013323477, 41.26747402164791367, 6.072646051007517976 ) ) ;
#1181 = B_SPLINE_SURFACE_WITH_KNOTS ( 'NONE', 1, 3, ( 
 ( #861, #210, #1050, #661, #666, #477, #382, #578, #111, #108, #292, #471, #942, #1154, #21, #203, #954, #773 ),
 ( #940, #377, #462, #1035, #1044, #1143, #104, #1136, #297, #563, #102, #1038, #380, #466, #1138, #568, #9, #763 ) ),
 .UNSPECIFIED., .F., .T., .F.,
 ( 2, 2 ),
 ( 4, 2, 2, 2, 2, 2, 2, 2, 4 ),
 ( 0.0000000000000000000, 1.000000000000000000 ),
 ( 0.0004924028930195570308, 0.001848931481341770751, 0.003205460069663984470, 0.004561988657986197973, 0.005918517246308411910, 0.007275045834630625846, 0.008631574422952838915, 0.009988103011275051984, 0.01134463159959726679 ),
 .UNSPECIFIED. ) ;
#1182 = CARTESIAN_POINT ( 'NONE',  ( -0.9341323881560157361, 38.31235968932650593, -6.278291151367660916 ) ) ;
#1183 = ORIENTED_EDGE ( 'NONE', *, *, #425, .T. ) ;
#1184 = CARTESIAN_POINT ( 'NONE',  ( -2.927345865710861972E-15, 49.75859999999997285, 0.0000000000000000000 ) ) ;
#1185 = ORIENTED_EDGE ( 'NONE', *, *, #1206, .F. ) ;
#1186 = EDGE_CURVE ( 'NONE', #1153, #750, #798, .T. ) ;
#1187 = DIRECTION ( 'NONE',  ( 0.0000000000000000000, 0.7306276135090417068, 0.6827761641841946227 ) ) ;
#1188 = CARTESIAN_POINT ( 'NONE',  ( 1.587596083268749902, 39.43244247051855211, 5.881235833592742601 ) ) ;
#1189 = CARTESIAN_POINT ( 'NONE',  ( 1.089157422119678253, 41.24314065211044067, 6.245540846324696638 ) ) ;
#1190 = APPROVAL ( #188, 'UNSPECIFIED' ) ;
#1191 = DIRECTION ( 'NONE',  ( 0.0000000000000000000, 1.000000000000000000, 0.0000000000000000000 ) ) ;
#1192 = DIRECTION ( 'NONE',  ( 0.0000000000000000000, 1.000000000000000000, 0.0000000000000000000 ) ) ;
#1193 = CARTESIAN_POINT ( 'NONE',  ( -6.100991913232067272E-16, 41.58064821443359449, -6.337299999999998157 ) ) ;
#1194 = CARTESIAN_POINT ( 'NONE',  ( 0.4707209937450882453, 41.52803470569164546, 6.320829904562089041 ) ) ;
#1195 = CARTESIAN_POINT ( 'NONE',  ( -0.4190450197651186537, 41.43987352167316374, -6.129800034813055909 ) ) ;
#1196 = AXIS2_PLACEMENT_3D ( 'NONE', #1162, #229, #786 ) ;
#1197 = CYLINDRICAL_SURFACE ( 'NONE', #419, 6.337299999999997269 ) ;
#1198 = ADVANCED_FACE ( 'NONE', ( #82, #22 ), #180, .F. ) ;
#1199 = CARTESIAN_POINT ( 'NONE',  ( -2.558972108527337759E-15, 0.0000000000000000000, 3.008000000000004004 ) ) ;
#1200 = ORIENTED_EDGE ( 'NONE', *, *, #725, .F. ) ;
#1201 = VERTEX_POINT ( 'NONE', #833 ) ;
#1202 = CARTESIAN_POINT ( 'NONE',  ( 0.1221797020860571070, 41.57739699511759568, 6.336194094392040732 ) ) ;
#1203 = CLOSED_SHELL ( 'NONE', ( #347, #600, #405, #161, #252, #630, #1097, #431, #1105, #528, #259, #1090, #536, #712, #320, #996, #693, #623, #165, #421, #65, #84, #1198, #898, #908, #521, #501, #879, #62, #1006, #813, #143 ) ) ;
#1204 = CARTESIAN_POINT ( 'NONE',  ( -1.308843500140170812, 40.78851798562619990, -5.964810523853953050 ) ) ;
#1205 = CARTESIAN_POINT ( 'NONE',  ( 1.591645120231931276, 40.75724968198045417, -6.142094159009350740 ) ) ;
#1206 = EDGE_CURVE ( 'NONE', #236, #57, #1223, .T. ) ;
#1207 = CARTESIAN_POINT ( 'NONE',  ( -0.8923197042384578559, 38.34642456186321624, -6.274921467267938979 ) ) ;
#1208 = CARTESIAN_POINT ( 'NONE',  ( 0.4726227472108043282, 38.12464187459625720, -6.337259032821789262 ) ) ;
#1209 = CARTESIAN_POINT ( 'NONE',  ( -2.927345865710861972E-15, 49.75859999999997285, 0.0000000000000000000 ) ) ;
#1210 = FACE_OUTER_BOUND ( 'NONE', #847, .T. ) ;
#1211 = DIRECTION ( 'NONE',  ( 0.0000000000000000000, 1.000000000000000000, 0.0000000000000000000 ) ) ;
#1212 = VECTOR ( 'NONE', #1019, 1000.000000000000000 ) ;
#1213 = ORIENTED_EDGE ( 'NONE', *, *, #886, .T. ) ;
#1214 = CARTESIAN_POINT ( 'NONE',  ( 0.4742246887878160400, 38.16649576861412640, 6.323082645032702231 ) ) ;
#1215 = CARTESIAN_POINT ( 'NONE',  ( -0.9343763638655464554, 41.13745732006723443, -6.044509394754737031 ) ) ;
#1216 = CARTESIAN_POINT ( 'NONE',  ( 1.569611850895685112, 38.98796222161590919, -6.140502381297062051 ) ) ;
#1217 = VERTEX_POINT ( 'NONE', #2 ) ;
#1218 = ORIENTED_EDGE ( 'NONE', *, *, #1083, .T. ) ;
#1219 = CARTESIAN_POINT ( 'NONE',  ( -1.427087658115187369E-15, 48.30229099097084600, 0.0000000000000000000 ) ) ;
#1220 = AXIS2_PLACEMENT_3D ( 'NONE', #358, #548, #558 ) ;
#1221 = CARTESIAN_POINT ( 'NONE',  ( -1.427087658115162915E-15, 45.99939999999996587, 0.0000000000000000000 ) ) ;
#1222 = CARTESIAN_POINT ( 'NONE',  ( -2.927345865710861972E-15, 0.0000000000000000000, 0.0000000000000000000 ) ) ;
#1223 = LINE ( 'NONE', #755, #479 ) ;
#1224 = CARTESIAN_POINT ( 'NONE',  ( -0.1574262861600844166, 38.26498497383244768, -6.129890355007229452 ) ) ;
#1225 = FACE_OUTER_BOUND ( 'NONE', #1178, .T. ) ;
#1226 = EDGE_CURVE ( 'NONE', #216, #129, #1079, .T. ) ;
#1227 = EDGE_LOOP ( 'NONE', ( #1133, #398, #391, #1108 ) ) ;
#1228 = CARTESIAN_POINT ( 'NONE',  ( 1.786788880993129158, 40.09034308353427178, -6.080193817617547403 ) ) ;
#1229 = ORIENTED_EDGE ( 'NONE', *, *, #559, .T. ) ;
ENDSEC;
END-ISO-10303-21;
